# https://github.com/mikedh/trimesh

o Line1789534131.002
v 0.66708484 -0.22673851 0.22000993
v 0.66392484 -0.22570990 0.37216038
v 0.72390136 -0.22892383 0.36118129
v 0.72371718 -0.27697346 0.36126033
v 0.69698325 -0.15423107 0.33942041
v 0.00151133 -0.27976941 0.23604489
v 0.73714027 -0.30323213 0.23604514
v 0.75422481 -0.21920492 0.23604514
v 0.75284466 -0.28604686 0.23604514
v 0.67988876 -0.18579364 0.23597674
v 0.73684046 -0.18903483 0.23604495
v 0.00282318 -0.27905791 0.33881295
v 0.00282318 -0.27905791 0.33881295
v 0.64207849 0.16875467 0.33918748
v 0.71374694 -0.18060963 0.34309149
v 0.68863556 -0.15147917 0.34511975
v 0.73801550 -0.20369121 0.33926374
v 0.75158522 -0.28534216 0.33913824
v 0.75158522 -0.28534216 0.33913824
v 0.75293902 -0.21979548 0.33912665
v 0.75293902 -0.21979548 0.33912665
v 0.73625693 -0.30228481 0.33899445
v 0.73625693 -0.30228481 0.33899445
v 0.76162645 -0.21400744 0.31068001
v 0.76002654 -0.29062971 0.31068066
v 0.70204940 -0.15074021 0.31083656
v 0.74549797 -0.19543350 0.31067986
v 0.74281260 -0.31013119 0.31068063
v 0.76141581 -0.21471794 0.25399655
v 0.75983551 -0.29054520 0.25399664
v 0.74296054 -0.30967617 0.25399664
v 0.64886424 0.17512959 0.25397587
v 0.68435690 -0.17676787 0.25397835
v 0.74560276 -0.19651534 0.25399599
v 0.76090267 -0.29123154 0.28452176
v 0.76251355 -0.21403302 0.28452137
v 0.74659321 -0.19556180 0.28452105
v 0.70297256 -0.15125882 0.28467217
v 0.74384883 -0.31065977 0.28452176
v 0.01434143 -0.27181748 0.22369551
v 0.72839549 -0.29183570 0.22369573
v 0.74001393 -0.27928013 0.22369573
v 0.74108633 -0.22596322 0.22369576
v 0.72699913 -0.20033631 0.22369576
v 0.67291787 -0.19752324 0.22332649
v 0.01422029 -0.27202159 0.35363707
v 0.04130001 -0.26893345 0.36313415
v 0.61907300 0.13529438 0.36379639
v 0.65214828 -0.21386975 0.36771256
v 0.64544037 -0.20189840 0.36477706
v 0.09444261 -0.22388406 0.37676174
v 0.57182750 0.09284292 0.38027302
v 0.63422337 -0.23254620 0.37661705
v 0.60038093 -0.22643495 0.37901518
v 0.02896820 -0.30391362 0.23604489
v 0.00425666 -0.30011162 0.23624878
v 0.75001982 -0.30012813 0.23624903
v 0.75194493 -0.20513783 0.23624884
v 0.75194493 -0.20513783 0.23624884
v 0.00543339 -0.29928026 0.33834571
v 0.00543339 -0.29928026 0.33834571
v 0.03000977 -0.30297777 0.33885676
v 0.03000977 -0.30297777 0.33885676
v -0.00069321 0.19675434 0.33833850
v 0.75078627 -0.20596066 0.33863393
v 0.75078627 -0.20596066 0.33863393
v 0.74901411 -0.29930070 0.33837319
v 0.74901411 -0.29930070 0.33837319
v 0.75637636 -0.30620506 0.31069380
v 0.75856796 -0.19848377 0.31069300
v 0.75856796 -0.19848377 0.31069300
v 0.02389908 -0.31069717 0.31068042
v -0.00145428 -0.30615863 0.31069357
v 0.75860158 -0.19935445 0.25404880
v 0.75860158 -0.19935445 0.25404880
v 0.75643072 -0.30595890 0.25404942
v -0.00229661 -0.30591473 0.25404919
v 0.02300201 -0.31024167 0.25399641
v 0.75740919 -0.30684870 0.28455148
v 0.75961748 -0.19847132 0.28455079
v 0.75961748 -0.19847132 0.28455079
v -0.00329726 -0.30680022 0.28455124
v 0.02209169 -0.31120741 0.28452149
v 0.01347590 -0.29193494 0.22480157
v 0.03798437 -0.29239386 0.22369551
v 0.74100134 -0.29194036 0.22480181
v 0.74257419 -0.21330105 0.22480181
v 0.74257419 -0.21330105 0.22480181
v 0.04227150 0.14776920 0.36289370
v 0.64309320 0.16982026 0.23597430
v 0.57947496 0.19059466 0.34644413
v 0.64926937 0.17488091 0.31067300
v 0.64974508 0.17594002 0.28450862
v 0.63294140 0.16053899 0.22332405
v 0.56251463 0.15548013 0.36379636
v 0.53898451 -0.22826965 0.38249842
v 0.52987590 0.09947436 0.38264746
v 0.09973150 0.09564294 0.38039482
v 0.62787649 -0.27584428 0.37405622
v 0.66287723 -0.27625664 0.37021682
v 0.62740442 -0.31068996 0.33897353
v 0.62740442 -0.31068996 0.33897353
v 0.62656561 -0.31904733 0.28452170
v 0.62670454 -0.31852120 0.31068060
v 0.66121742 -0.31065673 0.33898011
v 0.66121742 -0.31065673 0.33898011
v 0.66019508 -0.31849483 0.31068060
v 0.65982440 -0.31902215 0.28452170
v 0.62876496 -0.30021489 0.22369567
v 0.62868789 -0.31163517 0.23604510
v 0.62808117 -0.31806505 0.25399661
v 0.66027161 -0.31803972 0.25399661
v 0.66077468 -0.31160429 0.23604511
v 0.66140696 -0.30018848 0.22369571
v 0.25123656 -0.31844094 0.28452164
v 0.26193833 -0.29962030 0.22369558
v 0.25631085 -0.31110236 0.23604498
v 0.25241137 -0.31792471 0.31068051
v 0.25237626 -0.31746900 0.25399650
v 0.26366028 -0.27581482 0.36727447
v 0.25647101 -0.31016290 0.33890099
v 0.25647101 -0.31016290 0.33890099
v 0.65829113 0.12534803 0.22332427
v 0.66804299 0.12324506 0.33991471
v 0.67771956 0.12294756 0.28450901
v 0.67711636 0.12272844 0.31067342
v 0.66938117 0.12420960 0.23609569
v 0.67673311 0.12335631 0.25397623
v -0.68902436 -0.22088197 0.37420679
v -0.74023291 -0.22315831 0.36374683
v -0.74135664 -0.27697352 0.36126018
v -0.70631960 -0.15932967 0.34068922
v -0.01915077 -0.27976941 0.23604490
v -0.75477979 -0.30323219 0.23604499
v -0.77186438 -0.21920498 0.23604499
v -0.77048424 -0.28604692 0.23604499
v -0.70444021 -0.17152092 0.23597658
v -0.75675377 -0.20276035 0.23604480
v -0.02046265 -0.27905791 0.33881298
v -0.02046265 -0.27905791 0.33881298
v -0.65971813 0.16875461 0.33918727
v -0.70530024 -0.16879506 0.34716511
v -0.69619253 -0.16703831 0.34684962
v -0.69608447 -0.15565466 0.34784019
v -0.75692478 -0.19602595 0.33926359
v -0.76922479 -0.28534222 0.33913809
v -0.76922479 -0.28534222 0.33913809
v -0.77184847 -0.21213020 0.33912644
v -0.77184847 -0.21213020 0.33912644
v -0.75389645 -0.30228487 0.33899424
v -0.75389645 -0.30228487 0.33899424
v -0.77926591 -0.21400750 0.31067983
v -0.77766600 -0.29062977 0.31068051
v -0.71251032 -0.14905085 0.31210536
v -0.76313743 -0.19543356 0.31067971
v -0.76045212 -0.31013125 0.31068048
v -0.77905533 -0.21471800 0.25399644
v -0.77747503 -0.29054525 0.25399647
v -0.76060000 -0.30967623 0.25399647
v -0.66650376 0.17512953 0.25397575
v -0.71275142 -0.15094756 0.25540823
v -0.76324221 -0.19651540 0.25399581
v -0.77854219 -0.29123160 0.28452158
v -0.78015307 -0.21403308 0.28452120
v -0.76423267 -0.19556186 0.28452087
v -0.71343336 -0.14956945 0.28594098
v -0.76148841 -0.31065983 0.28452158
v -0.03198090 -0.27181748 0.22369555
v -0.05998083 -0.26912060 0.22093164
v -0.74603495 -0.29183576 0.22369557
v -0.75765339 -0.27928019 0.22369557
v -0.75872579 -0.22596328 0.22369561
v -0.74691239 -0.21406184 0.22369561
v -0.69746926 -0.18325052 0.22332636
v -0.03185979 -0.27202159 0.35363713
v -0.05893955 -0.26893345 0.36313415
v -0.63671264 0.13529432 0.36379621
v -0.67724779 -0.20904182 0.36975894
v -0.66479877 -0.19766256 0.36662993
v -0.11208218 -0.22388406 0.37676174
v -0.58946714 0.09284286 0.38027287
v -0.65186289 -0.23254625 0.37661687
v -0.61802039 -0.22643501 0.37901497
v -0.04660771 -0.30391362 0.23604490
v -0.02189616 -0.30011162 0.23624880
v -0.76765940 -0.30012819 0.23624888
v -0.76958445 -0.20513789 0.23624868
v -0.76958445 -0.20513789 0.23624868
v -0.02307295 -0.29928026 0.33834571
v -0.02307295 -0.29928026 0.33834571
v -0.04764926 -0.30297777 0.33885676
v -0.04764926 -0.30297777 0.33885676
v -0.01694641 0.19675435 0.33833856
v -0.76850465 -0.19987050 0.33862088
v -0.76850465 -0.19987050 0.33862088
v -0.76665375 -0.29930076 0.33837301
v -0.76665375 -0.29930076 0.33837301
v -0.77401581 -0.30620512 0.31069363
v -0.77620742 -0.19848382 0.31069285
v -0.77620742 -0.19848382 0.31069285
v -0.04153857 -0.31069717 0.31068045
v -0.01618524 -0.30615863 0.31069360
v -0.77624103 -0.19935451 0.25404865
v -0.77624103 -0.19935451 0.25404865
v -0.77407017 -0.30595896 0.25404925
v -0.01534292 -0.30591473 0.25404922
v -0.04064152 -0.31024167 0.25399644
v -0.77504870 -0.30684876 0.28455133
v -0.77725706 -0.19847138 0.28455061
v -0.77725706 -0.19847138 0.28455061
v -0.01434232 -0.30680022 0.28455127
v -0.03973117 -0.31120741 0.28452155
v -0.03111539 -0.29193494 0.22480159
v -0.05562384 -0.29239386 0.22369555
v -0.75864080 -0.29194042 0.22480168
v -0.76021364 -0.21330111 0.22480168
v -0.76021364 -0.21330111 0.22480168
v -0.05991103 0.14776920 0.36289373
v -0.66073272 0.16982020 0.23597418
v -0.59711459 0.19059460 0.34644404
v -0.66690907 0.17488085 0.31067288
v -0.66738471 0.17593996 0.28450847
v -0.65058091 0.16053893 0.22332396
v -0.58015427 0.15548007 0.36379621
v -0.55662403 -0.22826971 0.38249833
v -0.54751554 0.09947431 0.38264731
v -0.11737110 0.09564294 0.38039482
v -0.64551601 -0.27584434 0.37405607
v -0.68051675 -0.27625670 0.37021667
v -0.64504388 -0.31069002 0.33897332
v -0.64504388 -0.31069002 0.33897332
v -0.64420512 -0.31904739 0.28452158
v -0.64434406 -0.31852126 0.31068045
v -0.67885694 -0.31065679 0.33897993
v -0.67885694 -0.31065679 0.33897993
v -0.67783454 -0.31849489 0.31068048
v -0.67746398 -0.31902221 0.28452155
v -0.64640447 -0.30021495 0.22369557
v -0.64632747 -0.31163523 0.23604498
v -0.64572075 -0.31806511 0.25399647
v -0.67791113 -0.31803977 0.25399647
v -0.67841414 -0.31160435 0.23604496
v -0.67904642 -0.30018854 0.22369558
v -0.26887602 -0.31844094 0.28452155
v -0.27957782 -0.29962030 0.22369554
v -0.27395028 -0.31110236 0.23604493
v -0.27005085 -0.31792471 0.31068042
v -0.27001575 -0.31746900 0.25399641
v -0.28129980 -0.27581485 0.36727441
v -0.27411050 -0.31016290 0.33890099
v -0.27411050 -0.31016290 0.33890099
v -0.67593059 0.12534799 0.22332415
v -0.68568256 0.12324499 0.33991450
v -0.69535914 0.12294750 0.28450883
v -0.69475600 0.12272838 0.31067324
v -0.68702063 0.12420954 0.23609554
v -0.69437256 0.12335625 0.25397608
v -0.00877435 -0.28522271 0.31068042
v -0.00877435 -0.28522271 0.31068042
v -0.00877435 -0.28522271 0.31068042
v -0.00877435 -0.28522271 0.31068042
v -0.00877778 -0.28503367 0.25399641
v -0.00869311 -0.28583702 0.28452149
v -0.00869311 -0.28583702 0.28452149
v -0.00759236 0.20287997 0.31069032
v -0.00759236 0.20287997 0.31069032
v -0.00630848 -0.19570886 0.22086929
v -0.00318976 -0.19377592 0.21786745
v -0.01133099 -0.19570886 0.22086931
v -0.01444972 -0.19377592 0.21786745
v -0.00880954 -0.19698851 0.22523292
v -0.76564178 -0.19009706 0.32525006
v -0.74865964 -0.19009706 0.32525006
v -0.73651984 -0.17767051 0.32722667
v -0.73651984 -0.17350930 0.32788781
v -0.74865964 -0.16108200 0.32986105
v -0.76564178 -0.16108200 0.32986105
v -0.77778241 -0.17350930 0.32788781
v -0.77778241 -0.17767051 0.32722667
v -0.76564178 -0.19654687 0.37253341
v -0.74865964 -0.19654687 0.37253341
v -0.73651984 -0.18450201 0.37721005
v -0.73651895 -0.18046890 0.37877536
v -0.74866042 -0.16842149 0.38344521
v -0.76564178 -0.16842149 0.38344521
v -0.77778241 -0.18046890 0.37877536
v -0.77778241 -0.18450201 0.37721005
v -0.76564172 -0.21138383 0.41439665
v -0.74865958 -0.21153881 0.41439665
v -0.73651972 -0.19978036 0.42086399
v -0.73651972 -0.19576125 0.42302812
v -0.74866036 -0.18333584 0.42948878
v -0.76564172 -0.18302421 0.42948878
v -0.77778241 -0.19520828 0.42302812
v -0.77778241 -0.19927970 0.42086399
v -0.76564172 -0.22509512 0.45131073
v -0.74866036 -0.22547673 0.45131073
v -0.73651972 -0.21262655 0.45413268
v -0.73651889 -0.20816308 0.45507640
v -0.74865958 -0.19412993 0.45789242
v -0.76564172 -0.19353509 0.45789242
v -0.77778241 -0.20703538 0.45507640
v -0.77778241 -0.21156545 0.45413268
v -0.76564172 -0.22433908 0.47060007
v -0.76564172 -0.21757659 0.48873455
v -0.74866036 -0.22478615 0.47060007
v -0.74866036 -0.21804211 0.48873455
v -0.73651889 -0.21259354 0.46876136
v -0.73651889 -0.20753415 0.48188618
v -0.73651972 -0.20832682 0.46814824
v -0.73651972 -0.20382869 0.47959999
v -0.74865958 -0.19482704 0.46632296
v -0.74865958 -0.19201112 0.47279537
v -0.76564172 -0.19417477 0.46632296
v -0.76564172 -0.19133586 0.47279537
v -0.77778241 -0.20707917 0.46814824
v -0.77778241 -0.20253870 0.47959999
v -0.77778241 -0.21140596 0.46876136
v -0.77778241 -0.20630367 0.48188618
v -0.76564178 -0.20489487 0.50355751
v -0.76564178 -0.18798238 0.51413793
v -0.74866042 -0.20532556 0.50355751
v -0.74866042 -0.18832414 0.51413793
v -0.73651978 -0.19776964 0.49299559
v -0.73651978 -0.18394038 0.50121922
v -0.73651972 -0.19506538 0.48947135
v -0.73651978 -0.18232511 0.49690846
v -0.74865958 -0.18626006 0.47897923
v -0.74865964 -0.17683704 0.48407308
v -0.76564172 -0.18561715 0.47897923
v -0.76564178 -0.17628106 0.48013053
v -0.77778247 -0.19383566 0.48947135
v -0.77778247 -0.18127525 0.49517092
v -0.77778247 -0.19660361 0.49299559
v -0.77778247 -0.18295912 0.49948162
v -0.76564178 -0.16818608 0.51954544
v -0.74866042 -0.16840364 0.51954544
v -0.73651978 -0.16653045 0.50568217
v -0.73651895 -0.16579066 0.50105435
v -0.74865964 -0.16303149 0.48727265
v -0.76564178 -0.16261417 0.48093400
v -0.77778247 -0.16098642 0.50061256
v -0.77778247 -0.16177545 0.50523913
v -0.76564178 0.03699669 0.51774633
v -0.74865964 0.03699669 0.51774633
v -0.73651895 0.03676647 0.50409073
v -0.73651895 0.03669333 0.49952776
v -0.74866042 0.03649207 0.48592520
v -0.76018694 0.03649207 0.47412393
v -0.77778247 0.03669332 0.49952776
v -0.77778247 0.03676646 0.50409073
v -0.76564178 0.09141287 0.52483189
v -0.74865964 0.09141287 0.52483189
v -0.73651895 0.09373511 0.51175762
v -0.73651895 0.09451751 0.50739050
v -0.74866042 0.09686671 0.49437336
v -0.76564178 0.09686671 0.49437336
v -0.77778247 0.09451751 0.50739050
v -0.77778247 0.09373511 0.51175762
v -0.76564178 0.11133395 0.53182578
v -0.76564178 0.12810823 0.54051024
v -0.74865964 0.11133315 0.53182578
v -0.74865964 0.12810823 0.54051024
v -0.73651895 0.11528793 0.51939744
v -0.73651895 0.13379492 0.52904755
v -0.73651895 0.11661604 0.51524651
v -0.73651895 0.13570185 0.52521962
v -0.74866042 0.12059548 0.50287789
v -0.74866042 0.14141051 0.51381582
v -0.76564178 0.12059548 0.50287789
v -0.76390120 0.14141051 0.51315856
v -0.77778247 0.11661604 0.51524651
v -0.77778247 0.13570185 0.52521968
v -0.77778247 0.11528793 0.51939744
v -0.77778247 0.13379492 0.52904755
v -0.76564178 0.14158040 0.55034382
v -0.76564178 0.15210694 0.56102175
v -0.74865964 0.14158040 0.55034382
v -0.74865964 0.15210694 0.56102175
v -0.73651895 0.14899579 0.54021508
v -0.73651895 0.16124991 0.55277127
v -0.73651895 0.15148206 0.53683383
v -0.73651895 0.16431329 0.55001742
v -0.74865964 0.15891422 0.52676142
v -0.74865964 0.17346807 0.54181403
v -0.76390120 0.15891422 0.52610332
v -0.76564178 0.17346807 0.54181487
v -0.77778247 0.15148206 0.53683383
v -0.77778247 0.16431329 0.55001748
v -0.77778247 0.14899579 0.54021508
v -0.77778247 0.16124991 0.55277127
v -0.76564178 0.16465813 0.58284033
v -0.74865964 0.16465813 0.58284027
v -0.73651895 0.17678793 0.58046675
v -0.73651895 0.18084961 0.57967443
v -0.74865964 0.19298276 0.57731170
v -0.75888714 0.19298276 0.57731170
v -0.77778247 0.18084961 0.57967443
v -0.77778247 0.17678793 0.58046675
v -0.76564178 0.16169323 0.60023886
v -0.74866042 0.16169323 0.60023797
v -0.73651978 0.17363949 0.60553867
v -0.73651895 0.17764078 0.60730845
v -0.74865964 0.19292237 0.61566592
v -0.75888714 0.19292237 0.61566592
v -0.77778247 0.17764078 0.60730845
v -0.77778247 0.17363949 0.60553867
v -0.76564178 0.14399777 0.62108416
v -0.74865964 0.14399777 0.62108416
v -0.73651895 0.15378843 0.63075531
v -0.73651895 0.15706874 0.63398856
v -0.74865964 0.17020290 0.64671660
v -0.76215461 0.17131265 0.64671660
v -0.77778247 0.15706874 0.63398856
v -0.77778247 0.15378843 0.63075543
v -0.76564178 0.12374972 0.64849282
v -0.74865964 0.12374972 0.64849282
v -0.73651895 0.14172816 0.65294969
v -0.73651978 0.14569563 0.65529979
v -0.74866042 0.15755026 0.66229624
v -0.76564178 0.16426648 0.66229540
v -0.77778247 0.13956256 0.65787381
v -0.77778247 0.13559507 0.65552628
v -0.76564178 0.12055083 0.66758031
v -0.76559886 0.12293217 0.68683261
v -0.74865964 0.12055266 0.66757948
v -0.74861750 0.12280765 0.68659884
v -0.73651895 0.13911636 0.66713435
v -0.73651722 0.14067492 0.68036598
v -0.73651978 0.14328250 0.66785181
v -0.73652908 0.14464259 0.67920685
v -0.74866125 0.15571588 0.66996563
v -0.74870589 0.15657626 0.67586774
v -0.76564088 0.15974729 0.66996390
v -0.76213881 0.16118957 0.67609817
v -0.77778247 0.13714691 0.67042077
v -0.77778497 0.13883001 0.68230242
v -0.77778247 0.13298507 0.66971416
v -0.77777234 0.13486995 0.68348170
v -0.76547185 0.13070132 0.70232767
v -0.76458535 0.14196905 0.71359945
v -0.74849138 0.13019592 0.70139325
v -0.74770239 0.14064763 0.71181041
v -0.73650977 0.14548542 0.69014311
v -0.73606989 0.15232027 0.69676525
v -0.73655763 0.14869341 0.68745828
v -0.73620769 0.15452062 0.69300044
v -0.74883798 0.15865047 0.68003118
v -0.74868229 0.16207133 0.68293220
v -0.76259926 0.16054322 0.67837125
v -0.76308259 0.16477062 0.68212945
v -0.77779332 0.14384894 0.69215030
v -0.77718946 0.15168558 0.69968403
v -0.77774385 0.14065777 0.69485605
v -0.77704814 0.14950711 0.70346654
v -0.75800440 0.16977638 0.72318072
v -0.74180028 0.16548248 0.72026199
v -0.73179016 0.16377753 0.70474333
v -0.73231092 0.16424431 0.70023322
v -0.74543896 0.16871317 0.68881345
v -0.76027355 0.17146529 0.68227423
v -0.77164903 0.17467332 0.70719517
v -0.77112666 0.17421657 0.71170366
v -0.74322858 0.20605122 0.72173477
v -0.72789422 0.19950804 0.71889514
v -0.71954855 0.19339655 0.70337147
v -0.72041997 0.19291961 0.69885564
v -0.73397633 0.19616894 0.68742818
v -0.74479136 0.19920009 0.68029154
v -0.75765619 0.20878813 0.70577294
v -0.75678322 0.20927094 0.71027708
v -0.72351447 0.24405530 0.71147722
v -0.70992616 0.23433372 0.70954395
v -0.70336637 0.22504109 0.69494814
v -0.70439842 0.22424704 0.69053162
v -0.71713373 0.22878659 0.67871887
v -0.72035018 0.24072662 0.67075426
v -0.73728183 0.24776807 0.69540185
v -0.73624650 0.24856791 0.69978661
v -0.68442944 0.27943224 0.69929052
v -0.67508385 0.26560605 0.69915009
v -0.67102125 0.25452483 0.68538589
v -0.67188254 0.25424817 0.68068070
v -0.68109527 0.26453248 0.66731185
v -0.68625614 0.27920067 0.66286415
v -0.69450435 0.28853384 0.68143320
v -0.69364056 0.28855804 0.68606806
v -0.60763213 0.30409050 0.69144816
v -0.60514250 0.28775281 0.69201994
v -0.60300019 0.27561268 0.68006915
v -0.60287401 0.27552748 0.67542738
v -0.60427198 0.28777352 0.65636576
v -0.60676160 0.29974598 0.65690101
v -0.60890648 0.31597361 0.67251838
v -0.60902843 0.31579757 0.67720342
v -0.56113556 0.30494043 0.69868750
v -0.56020376 0.28890884 0.69903040
v -0.55691758 0.27660620 0.68563462
v -0.55603877 0.27634266 0.68096680
v -0.55408069 0.28720158 0.66384393
v -0.55501243 0.30230880 0.66295576
v -0.55829975 0.31545591 0.67978359
v -0.55917653 0.31566373 0.68441946
v -0.47624713 0.30884820 0.72431273
v -0.47590566 0.29289475 0.72456092
v -0.47128540 0.28055465 0.71199036
v -0.46982101 0.28024602 0.70772595
v -0.46568951 0.29074481 0.69197178
v -0.46603093 0.30669993 0.69144416
v -0.47065040 0.31901309 0.70728261
v -0.47211561 0.31932104 0.71150512
v -0.41269410 0.31142628 0.74341363
v -0.41253427 0.29546690 0.74369371
v -0.41036841 0.28300914 0.73048824
v -0.40968204 0.28266245 0.72600413
v -0.40774408 0.29305375 0.70957286
v -0.40790394 0.30901480 0.71064389
v -0.41006979 0.32144317 0.72549117
v -0.41075617 0.32178876 0.72993052
v -0.34921250 0.31166178 0.74516321
v -0.34927732 0.29570153 0.74544502
v -0.35015708 0.28323197 0.73217047
v -0.35043547 0.28288209 0.72766203
v -0.35122192 0.29326233 0.71116519
v -0.35115719 0.30922419 0.71205944
v -0.35027739 0.32166427 0.72715068
v -0.34999898 0.32201427 0.73161281
v -0.29633993 0.31064904 0.73770243
v -0.29655018 0.29468891 0.73795480
v -0.29937634 0.28223783 0.72471649
v -0.30027214 0.28189301 0.72022498
v -0.30279550 0.29228997 0.70378435
v -0.30258694 0.30671665 0.70424182
v -0.29976583 0.32067350 0.71976406
v -0.29886916 0.32101753 0.72421104
v -0.17678115 0.31387466 0.76113093
v -0.17644720 0.29792133 0.76152629
v -0.17194386 0.28550473 0.74885315
v -0.17051649 0.28517073 0.74451638
v -0.16649257 0.29559222 0.72843838
v -0.16682482 0.31154740 0.72913140
v -0.17132396 0.32393625 0.74371308
v -0.17275132 0.32427007 0.74800444
v -0.08841930 0.31767574 0.78843278
v -0.08822500 0.30171967 0.78892565
v -0.08559651 0.28920990 0.77593035
v -0.08476381 0.28884473 0.77146489
v -0.08241289 0.29917881 0.75495029
v -0.08260719 0.31513646 0.75555587
v -0.08523483 0.32761782 0.77045215
v -0.08606838 0.32798192 0.77486807
v -0.74062446 -0.17869903 0.32706353
v -0.77367702 -0.17869903 0.32706353
v -0.74062446 -0.18549949 0.37682313
v -0.77367702 -0.18549949 0.37682313
v -0.74062434 -0.20063800 0.42032817
v -0.77367690 -0.20022127 0.42032817
v -0.74062434 -0.21343160 0.45389969
v -0.77367690 -0.21255118 0.45389969
v -0.74062434 -0.21331455 0.46891368
v -0.74062434 -0.20810492 0.48245135
v -0.77367690 -0.21232364 0.46891368
v -0.77367690 -0.20707618 0.48245135
v -0.74062440 -0.19811064 0.49386782
v -0.74062440 -0.18406349 0.50228656
v -0.77367696 -0.19713929 0.49386782
v -0.77367786 -0.18325146 0.50054902
v -0.74062440 -0.16652137 0.50682700
v -0.77367786 -0.16188474 0.50638360
v -0.74062440 0.03678390 0.50521958
v -0.77367696 0.03678390 0.50521958
v -0.74062440 0.09354185 0.51283843
v -0.77367696 0.09354185 0.51283843
v -0.74062440 0.11495990 0.52042449
v -0.74062440 0.13332313 0.52999467
v -0.77367696 0.11495990 0.52042449
v -0.77367696 0.13332313 0.52999467
v -0.74062440 0.14838165 0.54105193
v -0.74062440 0.16049208 0.55345261
v -0.77367696 0.14838085 0.54105193
v -0.77367696 0.16049208 0.55345261
v -0.74062440 0.17578360 0.58066273
v -0.77367696 0.17578360 0.58066273
v -0.74062440 0.17265040 0.60510040
v -0.77367696 0.17265040 0.60510040
v -0.74062440 0.15297750 0.62995631
v -0.77367696 0.15297750 0.62995631
v -0.74062440 0.14074653 0.65236938
v -0.77367696 0.13461424 0.65494508
v -0.74062440 0.13808700 0.66696030
v -0.74061599 0.13973396 0.68069989
v -0.77367696 0.13195550 0.66953600
v -0.77366778 0.13384959 0.68372631
v -0.74059001 0.14484952 0.69097412
v -0.74009529 0.15214793 0.69802857
v -0.77363911 0.13970810 0.69535643
v -0.77295366 0.14859277 0.70406801
v -0.73556086 0.16470692 0.70650053
v -0.76709864 0.17305750 0.71217972
v -0.72302750 0.19508798 0.70516736
v -0.75287285 0.20781575 0.71071780
v -0.70632878 0.22754252 0.69651813
v -0.73277345 0.24645916 0.70037544
v -0.67302397 0.25829244 0.68670589
v -0.69121131 0.28570715 0.68719399
v -0.60362259 0.27991322 0.68127489
v -0.60846826 0.31224737 0.67851133
v -0.55735770 0.28061634 0.68694473
v -0.55917069 0.31193432 0.68577516
v -0.47173041 0.28448775 0.71299637
v -0.47239569 0.31554100 0.71260268
v -0.41057616 0.28695229 0.73153961
v -0.41088822 0.31801724 0.73109126
v -0.35007209 0.28717691 0.73322946
v -0.34994513 0.31824258 0.73277784
v -0.29910633 0.28618023 0.72577119
v -0.29869843 0.31724587 0.72537268
v -0.17237537 0.28944373 0.74983651
v -0.17302467 0.32049692 0.74916107
v -0.08584969 0.29315725 0.77692801
v -0.08622820 0.32421535 0.77607257
v -0.76564178 -0.19332871 0.24971615
v -0.74865964 -0.19332871 0.24971615
v -0.74866042 -0.16452628 0.24897932
v -0.76564178 -0.16452628 0.24897932
v -0.73651984 -0.18099204 0.24940069
v -0.73651895 -0.17686218 0.24929473
v -0.77778241 -0.17686218 0.24929473
v -0.77778241 -0.18099204 0.24940069
v -0.74062446 -0.18201396 0.24942677
v -0.77367702 -0.18201396 0.24942677
v -0.74865964 -0.21174307 0.15172607
v -0.76564178 -0.21174307 0.15172607
v -0.76564178 -0.18354481 0.15172437
v -0.74866042 -0.18354481 0.15172437
v -0.73651895 -0.19562225 0.15172437
v -0.73651895 -0.19966559 0.15172525
v -0.77562210 -0.19966559 0.15172525
v -0.77562210 -0.19562225 0.15172437
v -0.74062446 -0.20066568 0.15172525
v -0.77151737 -0.20066568 0.15172525
v -0.25392161 0.30852437 0.72196448
v -0.25386778 0.29254735 0.72203076
v -0.25225452 0.28973132 0.68425203
v -0.25230831 0.30570915 0.68726749
v -0.25314106 0.27990878 0.70716072
v -0.25290975 0.27950424 0.70215094
v -0.25303590 0.31831583 0.70207280
v -0.25326723 0.31871879 0.70703459
v -0.25320917 0.28386539 0.70835346
v -0.25331350 0.31496313 0.70832062
v -0.64070091 0.27748340 0.69354499
v -0.63795826 0.26531330 0.67497892
v -0.63758233 0.26549569 0.67969621
v -0.64930400 0.29488027 0.65920175
v -0.65204546 0.30508724 0.67920596
v -0.65242466 0.30543679 0.67449934
v -0.64667615 0.29335460 0.69342721
v -0.64332911 0.27732655 0.65790010
v -0.65053520 0.30178213 0.68045837
v -0.63890645 0.26978597 0.68113673
v 0.76115784 -0.19009700 0.32525027
v 0.74417570 -0.19009700 0.32525027
v 0.73203591 -0.17767045 0.32722688
v 0.73203591 -0.17350924 0.32788802
v 0.74417570 -0.16108194 0.32986126
v 0.76115784 -0.16108194 0.32986126
v 0.77329853 -0.17350924 0.32788802
v 0.77329853 -0.17767045 0.32722688
v 0.76115784 -0.19654681 0.37253362
v 0.74417570 -0.19654681 0.37253362
v 0.73203591 -0.18450195 0.37721023
v 0.73203513 -0.18046884 0.37877554
v 0.74417660 -0.16842143 0.38344539
v 0.76115784 -0.16842143 0.38344539
v 0.77329853 -0.18046884 0.37877554
v 0.77329853 -0.18450195 0.37721023
v 0.76115784 -0.21144174 0.41439683
v 0.74417564 -0.21158203 0.41439683
v 0.73203579 -0.19984303 0.42086417
v 0.73203579 -0.19583806 0.42302832
v 0.74417648 -0.18349433 0.42948896
v 0.76115784 -0.18321207 0.42948896
v 0.77329847 -0.19533722 0.42302832
v 0.77329847 -0.19938952 0.42086417
v 0.76115784 -0.22535194 0.45131094
v 0.74417648 -0.22569765 0.45131094
v 0.73203579 -0.21286945 0.45413289
v 0.73203501 -0.20842835 0.45507661
v 0.74417564 -0.19452836 0.45767543
v 0.76115784 -0.19398957 0.45735410
v 0.77329847 -0.20740697 0.45507661
v 0.77329847 -0.21190828 0.45413289
v 0.76115784 -0.22466126 0.47060028
v 0.76115784 -0.21791694 0.48873473
v 0.74417648 -0.22506621 0.47060028
v 0.74417648 -0.21833862 0.48873473
v 0.73203501 -0.21287858 0.46876157
v 0.73203501 -0.20783287 0.48188636
v 0.73203579 -0.20863083 0.46814844
v 0.73203579 -0.20414557 0.47959069
v 0.74417564 -0.19525872 0.46571374
v 0.74417564 -0.19245256 0.47152296
v 0.76115784 -0.19466789 0.46519772
v 0.76115784 -0.19184098 0.47078318
v 0.77329847 -0.20750073 0.46811524
v 0.77329847 -0.20297711 0.47903985
v 0.77329847 -0.21180286 0.46876157
v 0.77329847 -0.20671830 0.48162434
v 0.76115778 -0.20520084 0.50325913
v 0.76115778 -0.18819954 0.51284659
v 0.74417642 -0.20559098 0.50347722
v 0.74417642 -0.18850909 0.51337642
v 0.73203573 -0.19804780 0.49275032
v 0.73203573 -0.18415572 0.50017804
v 0.73203579 -0.19536383 0.48902372
v 0.73203573 -0.18256411 0.49554783
v 0.74417564 -0.18668708 0.47662941
v 0.74417558 -0.17720793 0.48032087
v 0.76115784 -0.18610474 0.47561518
v 0.76115784 -0.17670439 0.47899443
v 0.77329847 -0.19424997 0.48767934
v 0.77329841 -0.18161316 0.49348379
v 0.77329841 -0.19699152 0.49166489
v 0.77329841 -0.18326694 0.49836481
v 0.76115778 -0.16828984 0.51535947
v 0.74417642 -0.16848694 0.51601857
v 0.73203573 -0.16664761 0.50404656
v 0.73203495 -0.16592932 0.49904326
v 0.74417558 -0.16328473 0.48261378
v 0.76115778 -0.16290671 0.48107484
v 0.77329841 -0.16524410 0.49663932
v 0.77329841 -0.16602290 0.50190217
v 0.76115778 0.03699676 0.51774651
v 0.74417558 0.03699675 0.51774651
v 0.73203495 0.03676653 0.50409097
v 0.73203495 0.03669339 0.49952794
v 0.74417642 0.03649213 0.48416356
v 0.76115778 0.03649214 0.48241681
v 0.77329841 0.03669339 0.49952794
v 0.77329841 0.03676654 0.50409097
v 0.76115778 0.09141294 0.52483207
v 0.74417558 0.09141293 0.52483207
v 0.73203495 0.09373517 0.51175779
v 0.73203495 0.09451757 0.50739068
v 0.74417642 0.09686677 0.49437353
v 0.76115778 0.09686677 0.48973412
v 0.77329841 0.09451757 0.50739068
v 0.77329841 0.09373517 0.51175779
v 0.76115778 0.11133401 0.53182596
v 0.76115778 0.12810829 0.54051042
v 0.74417558 0.11133321 0.53182596
v 0.74417558 0.12810829 0.54051042
v 0.73203495 0.11528799 0.51939762
v 0.73203495 0.13379498 0.52904779
v 0.73203495 0.11661610 0.51524675
v 0.73203495 0.13570191 0.52521980
v 0.74417642 0.12059554 0.50287807
v 0.74417642 0.14141057 0.51381600
v 0.76115778 0.12059554 0.50287807
v 0.76115778 0.14141057 0.51381684
v 0.77329841 0.11661610 0.51524675
v 0.77329841 0.13570191 0.52521992
v 0.77329841 0.11528799 0.51939762
v 0.77329841 0.13379498 0.52904779
v 0.76115778 0.14158046 0.55034399
v 0.76115778 0.15210700 0.56102193
v 0.74417558 0.14158046 0.55034399
v 0.74417558 0.15210700 0.56102193
v 0.73203495 0.14899585 0.54021532
v 0.73203495 0.16124997 0.55277145
v 0.73203495 0.15148212 0.53683401
v 0.73203495 0.16431335 0.55001760
v 0.74417558 0.15891428 0.52676160
v 0.74417558 0.17346813 0.54181421
v 0.76115778 0.15891428 0.52676160
v 0.76115778 0.17346813 0.54181505
v 0.77329841 0.15148212 0.53683401
v 0.77329841 0.16431335 0.55001766
v 0.77329841 0.14899585 0.54021532
v 0.77329841 0.16124997 0.55277145
v 0.76115778 0.16465819 0.58284051
v 0.74417558 0.16465819 0.58284045
v 0.73203495 0.17678799 0.58046693
v 0.73203495 0.18084967 0.57967461
v 0.74417558 0.19298282 0.57731194
v 0.76115778 0.19298282 0.57731194
v 0.77329841 0.17952704 0.57967461
v 0.77329841 0.17546539 0.58046693
v 0.76115778 0.16169329 0.60023904
v 0.74417642 0.16169329 0.60023821
v 0.73203573 0.17233944 0.60553885
v 0.73203495 0.17634073 0.60730863
v 0.74417558 0.19292243 0.61566610
v 0.75817904 0.19292243 0.61566610
v 0.77329841 0.17855422 0.60730863
v 0.77329841 0.17455296 0.60553885
v 0.76115778 0.14399783 0.62108434
v 0.74417558 0.14399783 0.62108434
v 0.73203495 0.15378849 0.63075561
v 0.73203495 0.15706880 0.63398892
v 0.74417558 0.17020296 0.64671684
v 0.75737157 0.17323999 0.64671684
v 0.77329841 0.16100715 0.63398874
v 0.77329841 0.15772682 0.63075561
v 0.76115778 0.12525888 0.64849306
v 0.74417558 0.12525888 0.64849306
v 0.73115835 0.13748913 0.65305615
v 0.73092750 0.13870886 0.65554071
v 0.74417642 0.15704387 0.66233212
v 0.75419894 0.16304326 0.66229552
v 0.76960602 0.14283809 0.65787393
v 0.76960602 0.13887061 0.65552640
v 0.76115778 0.12055089 0.66758043
v 0.76111481 0.12293223 0.68683273
v 0.74417558 0.11920547 0.66803819
v 0.74413362 0.12196420 0.68764824
v 0.73203495 0.13096264 0.66926611
v 0.73203328 0.13294163 0.68382591
v 0.73203573 0.13427067 0.67016572
v 0.73204508 0.13632360 0.68266678
v 0.74417725 0.15333536 0.67058647
v 0.74422196 0.15405856 0.67669702
v 0.75470456 0.16026005 0.66996402
v 0.75876459 0.15753123 0.67609829
v 0.77036670 0.13940158 0.67042089
v 0.77129111 0.13971703 0.68230254
v 0.77036670 0.13523972 0.66971428
v 0.77127853 0.13575697 0.68348182
v 0.76098791 0.13070138 0.70232779
v 0.76010129 0.14196911 0.71359957
v 0.74400738 0.12935048 0.70233542
v 0.74321845 0.14025854 0.71208519
v 0.73202571 0.13959447 0.69360304
v 0.73158583 0.14789258 0.69920451
v 0.73207363 0.14256319 0.69091821
v 0.73172376 0.14972439 0.69571180
v 0.74435392 0.15650596 0.68090159
v 0.74419835 0.16026394 0.68352747
v 0.75686201 0.15913484 0.67837137
v 0.75660446 0.16338263 0.68212957
v 0.77196869 0.14384900 0.69091899
v 0.77137181 0.15168564 0.69968415
v 0.77191904 0.14065783 0.69362486
v 0.77123049 0.14950716 0.70346666
v 0.75352052 0.16977644 0.72134948
v 0.73731622 0.16548254 0.72026211
v 0.72730628 0.16290657 0.70335550
v 0.72782686 0.16272876 0.69915659
v 0.74095491 0.16775559 0.68891347
v 0.75715068 0.17299448 0.68568904
v 0.76607075 0.17467338 0.70719529
v 0.76554826 0.17421663 0.71170378
v 0.73874459 0.20605128 0.72173489
v 0.72341016 0.19950810 0.71889526
v 0.71506462 0.19339661 0.70337159
v 0.71593598 0.19291967 0.69885576
v 0.72949228 0.19616900 0.68742830
v 0.74482575 0.19317921 0.68428088
v 0.75317213 0.20878819 0.70577306
v 0.75229916 0.20927100 0.71027720
v 0.71903041 0.24405536 0.71147734
v 0.70544228 0.23433378 0.70954407
v 0.69888237 0.22504115 0.69494826
v 0.69991437 0.22424710 0.69053173
v 0.71264979 0.22878665 0.67871899
v 0.72174892 0.22633520 0.67388195
v 0.73279777 0.24776813 0.69540197
v 0.73176244 0.24856797 0.69978673
v 0.67994544 0.27943230 0.69929064
v 0.67059979 0.26560611 0.69915021
v 0.66653720 0.25452489 0.68538601
v 0.66739848 0.25424823 0.68068082
v 0.67661127 0.26453254 0.66731197
v 0.68595609 0.27458814 0.66434265
v 0.69002041 0.28853390 0.68143332
v 0.68915662 0.28855810 0.68606818
v 0.60314807 0.30409056 0.69144828
v 0.60065845 0.28775287 0.69202006
v 0.59851608 0.27561274 0.68006927
v 0.59838995 0.27552754 0.67542750
v 0.59978786 0.28777358 0.65636588
v 0.60227749 0.29974604 0.65690112
v 0.60442236 0.31597367 0.67251850
v 0.60454437 0.31579763 0.67720354
v 0.55665156 0.30494049 0.69868762
v 0.55571970 0.28890890 0.69903052
v 0.55243346 0.27660626 0.68563474
v 0.55155465 0.27634272 0.68096692
v 0.54959664 0.28720164 0.66384405
v 0.55052838 0.30230886 0.66295588
v 0.55381563 0.31545597 0.67978371
v 0.55469242 0.31566378 0.68441958
v 0.47176319 0.30884826 0.72431285
v 0.47142175 0.29289481 0.72456104
v 0.46680149 0.28055471 0.71199048
v 0.46533707 0.28024608 0.70772607
v 0.46120554 0.29074487 0.69197190
v 0.46154699 0.30669999 0.69144428
v 0.46616644 0.31901315 0.70728273
v 0.46763167 0.31932110 0.71150524
v 0.40821016 0.31142634 0.74341375
v 0.40805030 0.29546696 0.74369383
v 0.40588447 0.28300920 0.73048836
v 0.40519810 0.28266251 0.72600425
v 0.40326017 0.29305381 0.70957297
v 0.40341997 0.30901486 0.71064401
v 0.40558589 0.32144323 0.72549129
v 0.40627220 0.32178882 0.72993064
v 0.34472856 0.31166184 0.74516321
v 0.34479329 0.29570159 0.74544502
v 0.34567314 0.28323203 0.73217047
v 0.34595153 0.28288215 0.72766203
v 0.34673798 0.29326239 0.71116519
v 0.34667322 0.30922425 0.71205944
v 0.34579343 0.32166433 0.72715068
v 0.34551504 0.32201433 0.73161281
v 0.29185596 0.31064904 0.73770243
v 0.29206625 0.29468891 0.73795480
v 0.29489240 0.28223783 0.72471649
v 0.29578820 0.28189301 0.72022498
v 0.29831156 0.29228997 0.70378435
v 0.29810297 0.30825102 0.70301491
v 0.29528186 0.32067350 0.71976406
v 0.29438522 0.32101753 0.72421104
v 0.17229712 0.31387466 0.76113093
v 0.17196320 0.29792133 0.76152629
v 0.16745986 0.28550473 0.74885315
v 0.16603248 0.28517073 0.74451638
v 0.16200857 0.29559222 0.72843838
v 0.16234080 0.31154740 0.72913140
v 0.16683994 0.32393625 0.74371308
v 0.16826732 0.32427007 0.74800444
v 0.08393531 0.31767574 0.78843278
v 0.08374102 0.30171967 0.78892565
v 0.08111252 0.28920990 0.77593035
v 0.08027981 0.28884473 0.77146489
v 0.07792890 0.29917881 0.75495029
v 0.07812320 0.31513646 0.75555587
v 0.08075083 0.32761782 0.77045215
v 0.08158438 0.32798192 0.77486807
v -0.00224200 0.31874225 0.79600448
v -0.00224200 0.30278379 0.79651505
v -0.00224199 0.29023013 0.78329862
v -0.00224199 0.28985083 0.77875656
v -0.00224199 0.30014431 0.76200134
v -0.00224199 0.31610456 0.76457113
v -0.00224200 0.32862967 0.77770681
v -0.00224200 0.32900727 0.78219915
v 0.73614052 -0.17869897 0.32706374
v 0.76919308 -0.17869897 0.32706374
v 0.73614052 -0.18549943 0.37682334
v 0.76919308 -0.18549943 0.37682334
v 0.73614052 -0.20071004 0.42032835
v 0.76919302 -0.20033255 0.42032835
v 0.73614052 -0.21369711 0.45389986
v 0.76919302 -0.21289960 0.45389986
v 0.73614052 -0.21362641 0.46891386
v 0.73614052 -0.20843162 0.48245150
v 0.76919302 -0.21272880 0.46891386
v 0.76919302 -0.20749982 0.48217285
v 0.73614046 -0.19841456 0.49344641
v 0.73614046 -0.18429896 0.50088764
v 0.76919296 -0.19753467 0.49246523
v 0.76919380 -0.18356341 0.49930206
v 0.73614046 -0.16665134 0.50475055
v 0.76919380 -0.16613629 0.50289381
v 0.73614046 0.03678396 0.50521976
v 0.76919296 0.03678396 0.50521976
v 0.73614046 0.09354191 0.51283861
v 0.76919296 0.09354191 0.51283861
v 0.73614046 0.11495996 0.52042467
v 0.73614046 0.13332319 0.52999485
v 0.76919296 0.11495996 0.52042467
v 0.76919296 0.13332319 0.52999485
v 0.73614046 0.14838171 0.54105211
v 0.73614046 0.16049214 0.55345279
v 0.76919296 0.14838091 0.54105211
v 0.76919296 0.16049214 0.55345279
v 0.73614046 0.17578366 0.58066291
v 0.76919296 0.17446107 0.58066291
v 0.73614046 0.17265046 0.60510064
v 0.76919296 0.17356382 0.60510064
v 0.73614046 0.15297756 0.62995661
v 0.76919296 0.15691590 0.62995649
v 0.73503205 0.13469210 0.65242863
v 0.76550052 0.13788977 0.65494520
v 0.73614046 0.12990057 0.66891796
v 0.73613206 0.13252844 0.68397296
v 0.76761815 0.13333297 0.66953612
v 0.76717392 0.13473664 0.68372643
v 0.73610595 0.13930558 0.69424570
v 0.73561135 0.14809883 0.70021558
v 0.76781443 0.13970816 0.69412530
v 0.76713601 0.14859283 0.70406813
v 0.73107693 0.16412620 0.70501709
v 0.76152018 0.17305756 0.71217984
v 0.71854350 0.19508804 0.70516748
v 0.74838880 0.20781581 0.71071792
v 0.70184472 0.22754258 0.69651825
v 0.72828946 0.24645922 0.70037556
v 0.66853991 0.25829250 0.68670601
v 0.68672737 0.28570721 0.68719411
v 0.59913847 0.27991328 0.68127501
v 0.60398427 0.31224743 0.67851144
v 0.55287364 0.28061640 0.68694485
v 0.55468658 0.31193438 0.68577528
v 0.46724644 0.28448781 0.71299649
v 0.46791178 0.31554106 0.71260280
v 0.40609220 0.28695235 0.73153973
v 0.40640423 0.31801730 0.73109138
v 0.34558815 0.28717697 0.73322946
v 0.34546116 0.31824264 0.73277784
v 0.29462239 0.28618023 0.72577119
v 0.29421446 0.31724587 0.72537268
v 0.16789137 0.28944373 0.74983651
v 0.16854067 0.32049692 0.74916107
v 0.08136570 0.29315725 0.77692801
v 0.08174420 0.32421535 0.77607257
v -0.00224200 0.29418078 0.78431297
v -0.00224200 0.32524323 0.78342557
v 0.76115784 -0.19332865 0.24971635
v 0.74417570 -0.19332865 0.24971635
v 0.74417660 -0.16452622 0.24897951
v 0.76115784 -0.16452622 0.24897951
v 0.73203591 -0.18099198 0.24940089
v 0.73203513 -0.17686212 0.24929493
v 0.77329853 -0.17952031 0.24929493
v 0.77329853 -0.18365018 0.24940089
v 0.73614052 -0.18201390 0.24942696
v 0.76919308 -0.18907933 0.24942696
v 0.74417570 -0.21174301 0.15172625
v 0.76115784 -0.21174301 0.15172625
v 0.76115784 -0.18354475 0.15172455
v 0.74417660 -0.18354475 0.15172455
v 0.73203513 -0.19562219 0.15172455
v 0.73203513 -0.19966553 0.15172543
v 0.77002576 -0.19966553 0.15172543
v 0.77002576 -0.19562219 0.15172455
v 0.73614052 -0.20066562 0.15172543
v 0.76919392 -0.20066562 0.15172543
v 0.24943760 0.30852437 0.72196448
v 0.24938378 0.29254735 0.72203076
v 0.24777052 0.28973132 0.68425203
v 0.24782437 0.30570915 0.68726749
v 0.24865708 0.27990878 0.70716072
v 0.24842578 0.27950424 0.70215094
v 0.24855193 0.31831583 0.70207280
v 0.24878323 0.31871879 0.70703459
v 0.24872518 0.28386539 0.70835346
v 0.24882951 0.31496313 0.70832062
v 0.63621679 0.27748346 0.69354511
v 0.63347414 0.26531336 0.67497903
v 0.63309827 0.26549575 0.67969633
v 0.64481995 0.29362500 0.65976268
v 0.64756146 0.30508730 0.67920608
v 0.64794061 0.30543685 0.67449946
v 0.64219204 0.29335466 0.69342733
v 0.63884506 0.27732661 0.65790022
v 0.64605114 0.30178219 0.68045849
v 0.63442239 0.26978603 0.68113685
v 0.76115778 0.16609970 0.59153980
v 0.74417612 0.16609970 0.59153933
v 0.73203495 0.18151917 0.59349162
v 0.73203537 0.17748770 0.59300292
v 0.74417558 0.19587660 0.59648902
v 0.75966838 0.19587660 0.59648902
v 0.77329841 0.17793313 0.59300292
v 0.77329841 0.18196461 0.59349162
v 0.73614046 0.17714101 0.59288174
v 0.76919296 0.17693642 0.59288174
v -0.76564178 0.16040975 0.57193101
v -0.74865964 0.16040975 0.57193101
v -0.73651895 0.17460866 0.56484592
v -0.73651895 0.17104614 0.56661892
v -0.74865964 0.18525261 0.55956281
v -0.76226446 0.18525261 0.55956328
v -0.77778247 0.17104614 0.56661892
v -0.77778247 0.17460866 0.56484592
v -0.74062440 0.17016506 0.56705761
v -0.77367696 0.17016506 0.56705761
v -0.76564178 0.16512334 0.59153957
v -0.74866012 0.16512334 0.59153915
v -0.73651895 0.18119286 0.59349144
v -0.73651943 0.17716137 0.59300274
v -0.74865964 0.19490024 0.59648878
v -0.75888714 0.19490024 0.59648878
v -0.77778247 0.17716137 0.59300274
v -0.77778247 0.18119286 0.59349144
v -0.74062440 0.17616467 0.59288156
v -0.77367696 0.17616467 0.59288156
v 0.76115778 0.15989228 0.57193119
v 0.74417558 0.15989228 0.57193119
v 0.73203495 0.17409123 0.56484610
v 0.73203495 0.17052871 0.56661910
v 0.74417558 0.18473516 0.55956304
v 0.76115778 0.18473516 0.55956352
v 0.77329841 0.16986740 0.56661910
v 0.77329841 0.17342991 0.56484610
v 0.73614046 0.16964760 0.56705779
v 0.76919296 0.16898631 0.56705779
v 0.76115778 0.06420484 0.51938981
v 0.74417558 0.06420483 0.51938981
v 0.73203495 0.06560548 0.50155980
v 0.73203495 0.06525085 0.50602490
v 0.74417642 0.06667946 0.48736906
v 0.76115778 0.06667946 0.48417598
v 0.77329841 0.06525086 0.50602490
v 0.77329841 0.06560549 0.50155980
v 0.73614046 0.06516292 0.50712973
v 0.76919296 0.06516293 0.50712973
v 0.76115778 -0.06564655 0.51788271
v 0.74417612 -0.06574510 0.51821220
v 0.73203495 -0.06461796 0.50061524
v 0.73203537 -0.06494053 0.50539846
v 0.74417612 -0.06339631 0.48471827
v 0.76115778 -0.06320731 0.48307547
v 0.77329841 -0.06462820 0.50432623
v 0.77329841 -0.06427535 0.49941332
v 0.73614046 -0.06493367 0.50631482
v 0.76919338 -0.06467616 0.50538642
v 0.01587422 -0.30281645 0.16204814
v 0.01262445 -0.28445858 0.08368167
v 0.01262445 -0.28445858 0.08368167
v 0.00530184 -0.32079956 0.00117389
v 0.00530184 -0.32079956 0.00117389
v 0.01267161 -0.29011828 0.12535356
v 0.01267161 -0.29011828 0.12535356
v 0.01120607 -0.27920665 0.04847641
v 0.01120607 -0.27920665 0.04847641
v 0.01186990 -0.31592095 0.02669915
v 0.01200955 -0.28456491 0.03020999
v 0.01200955 -0.28456491 0.03020999
v 0.01187826 -0.31692624 0.01378564
v 0.01057616 -0.29099718 0.01335257
v 0.01057616 -0.29099718 0.01335257
v 0.02022181 -0.31245831 0.16483437
v 0.01643063 -0.29879025 0.08368167
v 0.02428759 -0.31119567 0.12465404
v 0.01594320 -0.29392001 0.04486167
v 0.01531461 -0.29392686 0.02944791
v 0.00509535 -0.29601973 0.00117389
v 0.00490790 -0.27353781 0.08368167
v 0.00496811 -0.28076307 0.12535356
v 0.00529554 -0.32004446 0.03722996
v 0.00529554 -0.32004446 0.03722996
v 0.00486157 -0.26797664 0.05124088
v 0.00490059 -0.27265848 0.03118112
v 0.00536083 -0.32787707 0.02669915
v 0.00536083 -0.32787707 0.02669915
v 0.00536928 -0.32888237 0.01378564
v 0.00536928 -0.32888237 0.01378564
v 0.00496660 -0.28057614 0.01323279
v 0.00523337 -0.31258327 0.17234637
v 0.00521287 -0.31012547 0.00000009
v 0.00521287 -0.31012547 0.00000009
v 0.01771302 -0.31998691 0.16316186
v 0.01649316 -0.30629733 0.08368167
v 0.01465064 -0.32137206 0.11544223
v 0.01600578 -0.30142710 0.04486167
v 0.00529595 -0.32009035 0.17067387
v 0.01655849 -0.32222882 0.14057920
v 0.01616083 -0.28948671 0.14212631
v 0.01616083 -0.28948671 0.14212631
v 0.02403675 -0.31180441 0.14448974
v 0.00551807 -0.32324949 0.14809122
v 0.00550923 -0.32606721 0.11958717
v 0.00237196 -0.31381238 0.08573532
v 0.00182740 -0.30208886 0.04691537
v 0.00120658 -0.30302572 0.03564640
v 0.00120658 -0.30302572 0.03564640
v 0.00120658 -0.30302572 0.03564640
v 0.01331399 -0.30219054 0.02334078
v 0.01331399 -0.30219054 0.02334078
v 0.01298719 -0.30638653 0.00947565
v 0.01298719 -0.30638653 0.00947565
v 0.00293920 -0.31023705 0.03900599
v 0.00293920 -0.31023705 0.03900599
v -0.02053449 -0.30139133 0.16245591
v -0.01761391 -0.28471062 0.08368167
v -0.01761391 -0.28471062 0.08368167
v -0.00968655 -0.32092443 0.00117389
v -0.00968655 -0.32092443 0.00117389
v -0.01756674 -0.29037032 0.12535356
v -0.01756674 -0.29037032 0.12535356
v -0.01628330 -0.27943574 0.04847641
v -0.01628330 -0.27943574 0.04847641
v -0.01633502 -0.31615615 0.02669915
v -0.01699734 -0.28480670 0.03020999
v -0.01699734 -0.28480670 0.03020999
v -0.01632661 -0.31716126 0.01378563
v -0.01545691 -0.29121414 0.01335256
v -0.01545691 -0.29121414 0.01335256
v -0.02474349 -0.31283307 0.16483437
v -0.02118066 -0.29910368 0.08368167
v -0.02882975 -0.31163841 0.12465404
v -0.02077443 -0.29422605 0.04486167
v -0.02014587 -0.29422238 0.02944791
v -0.01761107 -0.30664161 0.00947565
v -0.01761107 -0.30664161 0.00947565
v -0.00989308 -0.29614463 0.00117389
v -0.01008049 -0.27366276 0.08368167
v -0.01002028 -0.28088795 0.12535356
v -0.00969284 -0.32016936 0.03722996
v -0.00969284 -0.32016936 0.03722996
v -0.01012685 -0.26810159 0.05124088
v -0.01008784 -0.27278341 0.03118112
v -0.00962756 -0.32800204 0.02669915
v -0.00962756 -0.32800204 0.02669915
v -0.00961916 -0.32900727 0.01378564
v -0.00961916 -0.32900727 0.01378564
v -0.01002183 -0.28070110 0.01323279
v -0.00975506 -0.31270811 0.17234637
v -0.00977552 -0.31025031 0.00000009
v -0.00977552 -0.31025031 0.00000009
v -0.00226082 -0.31264570 0.17315555
v -0.02210960 -0.32031876 0.16316186
v -0.02111808 -0.30661091 0.08368167
v -0.01902448 -0.32165271 0.11544223
v -0.02071189 -0.30173314 0.04486167
v -0.00969248 -0.32021534 0.17067387
v -0.02091786 -0.32254118 0.14057920
v -0.02559866 -0.30055600 0.14326239
v -0.02856878 -0.31224284 0.14448974
v -0.00985942 -0.32337764 0.14809122
v -0.00980361 -0.32619482 0.11958717
v -0.00687353 -0.31388947 0.08573532
v -0.00652448 -0.30215847 0.04691537
v -0.00588810 -0.30308488 0.03564640
v -0.00588810 -0.30308488 0.03564640
v -0.00588810 -0.30308488 0.03564640
v -0.01800776 -0.30245161 0.02334078
v -0.01800776 -0.30245161 0.02334078
v -0.00750031 -0.31032401 0.03900599
v -0.00750031 -0.31032401 0.03900599
v 0.00523337 -0.30421701 0.16779577
v -0.00975506 -0.30434191 0.16779577
v -0.00226082 -0.30427945 0.16860490
v -0.75922826 -0.28549352 0.16602594
v -0.75395331 -0.29081732 0.16521675
v -0.76450309 -0.28016990 0.16521675
v -0.76027176 -0.29425690 0.03900591
v -0.76027176 -0.29425690 0.03900591
v -0.74726841 -0.29607195 0.02334069
v -0.74726841 -0.29607195 0.02334069
v -0.75631633 -0.28798342 0.03564632
v -0.75631633 -0.28798342 0.03564632
v -0.75631633 -0.28798342 0.03564632
v -0.75521198 -0.28777421 0.04691528
v -0.76322821 -0.29634595 0.08573524
v -0.76981738 -0.30714354 0.11958708
v -0.76779315 -0.30518356 0.14809114
v -0.74667051 -0.31046095 0.14448965
v -0.74475273 -0.29693079 0.14326227
v -0.75935540 -0.31238008 0.14057911
v -0.76568392 -0.30282149 0.17067378
v -0.74484298 -0.29746702 0.04486159
v -0.76007339 -0.31041577 0.11544214
v -0.74799094 -0.30121472 0.08368158
v -0.75694403 -0.31164241 0.16316177
v -0.76562592 -0.29221386 0.17315545
v -0.75860521 -0.29580751 0.00000000
v -0.75860521 -0.29580751 0.00000000
v -0.76035103 -0.29753751 0.17234625
v -0.73761395 -0.27500892 0.01323270
v -0.77192971 -0.30900994 0.01378554
v -0.77192971 -0.30900994 0.01378554
v -0.77121559 -0.30830237 0.02669905
v -0.77121559 -0.30830237 0.02669905
v -0.73198929 -0.26943587 0.03118103
v -0.72866341 -0.26614037 0.05124079
v -0.76565155 -0.30278906 0.03722987
v -0.76565155 -0.30278906 0.03722987
v -0.73774657 -0.27514037 0.12535348
v -0.73261395 -0.27005476 0.08368159
v -0.74858478 -0.28587890 0.00117380
v -0.75050166 -0.29876620 0.00947556
v -0.75050166 -0.29876620 0.00947556
v -0.74245468 -0.27664199 0.02944782
v -0.73951003 -0.29218286 0.04486159
v -0.74605933 -0.31021583 0.12465396
v -0.74265787 -0.29593068 0.08368159
v -0.74980143 -0.30818495 0.16483423
v -0.74116239 -0.28629917 0.01335248
v -0.74116239 -0.28629917 0.01335248
v -0.75882402 -0.30532759 0.01378555
v -0.73555532 -0.28283665 0.03020990
v -0.73555532 -0.28283665 0.03020990
v -0.75810984 -0.30462003 0.02669906
v -0.73227856 -0.27852158 0.04847631
v -0.73227856 -0.27852158 0.04847631
v -0.73907056 -0.28718653 0.12535348
v -0.73907056 -0.28718653 0.12535348
v -0.76618776 -0.30332050 0.00117380
v -0.76618776 -0.30332050 0.00117380
v -0.73505017 -0.28320289 0.08368159
v -0.73505017 -0.28320289 0.08368159
v -0.74646547 -0.29640809 0.15837387
v -0.76762000 -0.28684098 0.03900591
v -0.76762000 -0.28684098 0.03900591
v -0.77203879 -0.27702971 0.00947556
v -0.77203879 -0.27702971 0.00947556
v -0.76931474 -0.27382141 0.02334069
v -0.76931474 -0.27382141 0.02334069
v -0.76131001 -0.28294346 0.03564631
v -0.76131001 -0.28294346 0.03564631
v -0.76131001 -0.28294346 0.03564631
v -0.76109079 -0.28184120 0.04691528
v -0.76973590 -0.28977817 0.08573524
v -0.78059569 -0.29626572 0.11958708
v -0.77861688 -0.29425961 0.14809114
v -0.78369781 -0.27309093 0.14448965
v -0.75990567 -0.26526108 0.14212622
v -0.75990567 -0.26526108 0.14212622
v -0.78573379 -0.28575772 0.14057911
v -0.77623388 -0.29217407 0.17067378
v -0.77068755 -0.27138318 0.04486159
v -0.78377607 -0.28649357 0.11544214
v -0.77446416 -0.27449656 0.08368158
v -0.78497383 -0.28335315 0.16316177
v -0.76915506 -0.28516006 0.00000000
v -0.76915506 -0.28516006 0.00000000
v -0.77090093 -0.28689000 0.17234625
v -0.74816373 -0.26436131 0.01323270
v -0.78247961 -0.29836228 0.01378554
v -0.78247961 -0.29836228 0.01378554
v -0.78176549 -0.29765487 0.02669905
v -0.78176549 -0.29765487 0.02669905
v -0.74253944 -0.25878829 0.03118103
v -0.73921332 -0.25549293 0.05124079
v -0.77620122 -0.29214165 0.03722987
v -0.77620122 -0.29214165 0.03722987
v -0.74829629 -0.26449282 0.12535347
v -0.74316379 -0.25940733 0.08368159
v -0.75913456 -0.27523144 0.00117380
v -0.76491311 -0.26654702 0.02944782
v -0.76535448 -0.26609926 0.04486159
v -0.78344712 -0.27248208 0.12465395
v -0.76913139 -0.26921244 0.08368158
v -0.78145096 -0.27624245 0.16483423
v -0.75948605 -0.26780573 0.01335247
v -0.75948605 -0.26780573 0.01335247
v -0.77867648 -0.28529125 0.01378554
v -0.75597242 -0.26223080 0.03020990
v -0.75597242 -0.26223080 0.03020990
v -0.77796242 -0.28458372 0.02669905
v -0.75162730 -0.25899376 0.04847631
v -0.75162730 -0.25899376 0.04847631
v -0.76035431 -0.26570590 0.12535347
v -0.76035431 -0.26570590 0.12535347
v -0.77673772 -0.29267314 0.00117380
v -0.77673772 -0.29267314 0.00117380
v -0.75633380 -0.26172207 0.08368158
v -0.75633380 -0.26172207 0.08368158
v -0.76862672 -0.27310005 0.15676424
v -0.71392354 0.23596060 0.16400518
v -0.70373753 0.22003946 0.08368159
v -0.70373753 0.22003946 0.08368159
v -0.73509607 0.23981145 0.00117380
v -0.73509607 0.23981145 0.00117380
v -0.70780191 0.22397834 0.12535348
v -0.70780191 0.22397834 0.12535348
v -0.70091447 0.21538924 0.04847632
v -0.70091447 0.21538924 0.04847632
v -0.72703305 0.24120012 0.02669906
v -0.70423874 0.21966770 0.03020991
v -0.70423874 0.21966770 0.03020991
v -0.72775498 0.24189967 0.01378555
v -0.70988390 0.22306791 0.01335248
v -0.70988390 0.22306791 0.01335248
v -0.71876433 0.24485689 0.16483426
v -0.71148601 0.23268253 0.08368159
v -0.71504524 0.24692884 0.12465396
v -0.70829669 0.22896948 0.04486160
v -0.70873538 0.22851923 0.02944783
v -0.71730086 0.22256562 0.00117381
v -0.70115611 0.20691907 0.08368159
v -0.70634475 0.21194755 0.12535348
v -0.73455384 0.23928589 0.03722987
v -0.73455384 0.23928589 0.03722987
v -0.69716242 0.20304871 0.05124079
v -0.70052472 0.20630711 0.03118104
v -0.74017861 0.24473718 0.02669906
v -0.74017861 0.24473718 0.02669906
v -0.74090055 0.24543679 0.01378555
v -0.74090055 0.24543679 0.01378555
v -0.70621052 0.21181752 0.01323271
v -0.72919568 0.23409331 0.17234627
v -0.72743067 0.23238266 0.00000000
v -0.72743067 0.23238266 0.00000000
v -0.72594497 0.24823505 0.16316177
v -0.71687701 0.23790720 0.08368159
v -0.72906044 0.24697393 0.11544215
v -0.71368781 0.23419425 0.04486160
v -0.73458675 0.23931786 0.17067378
v -0.72836438 0.24894604 0.14057911
v -0.70734832 0.22353885 0.14212622
v -0.70734832 0.22353885 0.14212622
v -0.71565893 0.24716723 0.14448965
v -0.73672023 0.24165830 0.14809114
v -0.73876598 0.24359590 0.11958709
v -0.73205957 0.23286989 0.08573524
v -0.72394893 0.22438732 0.04691529
v -0.72505537 0.22458434 0.03564632
v -0.72505537 0.22458434 0.03564632
v -0.72505537 0.22458434 0.03564632
v -0.71609756 0.23277235 0.02334069
v -0.71609756 0.23277235 0.02334069
v -0.71936056 0.23543087 0.00947557
v -0.71936056 0.23543087 0.00947557
v -0.72908017 0.23081383 0.03900591
v -0.72908017 0.23081383 0.03900591
v -0.73938236 0.20718352 0.16561485
v -0.72478220 0.19832443 0.08368159
v -0.72478220 0.19832443 0.08368159
v -0.74552742 0.22904778 0.00117380
v -0.74552742 0.22904778 0.00117380
v -0.72884664 0.20226334 0.12535348
v -0.72884664 0.20226334 0.12535348
v -0.72004595 0.19564840 0.04847632
v -0.72004595 0.19564840 0.04847632
v -0.74666265 0.22094527 0.02669906
v -0.72442648 0.19883706 0.03020990
v -0.72442648 0.19883706 0.03020990
v -0.74738446 0.22164494 0.01378555
v -0.72800192 0.20437282 0.01335248
v -0.72800192 0.20437282 0.01335248
v -0.75005838 0.21256596 0.16483426
v -0.73766187 0.20567273 0.08368159
v -0.75201276 0.20878384 0.12465395
v -0.73385087 0.20260154 0.04486159
v -0.73341444 0.20305410 0.02944782
v -0.74065575 0.21345732 0.00947556
v -0.74065575 0.21345732 0.00947556
v -0.72773239 0.21180207 0.00117380
v -0.71158740 0.19615549 0.08368159
v -0.71677610 0.20118396 0.12535348
v -0.74498513 0.22852230 0.03722987
v -0.74498513 0.22852230 0.03722987
v -0.70759383 0.19228512 0.05124079
v -0.71095601 0.19554359 0.03118103
v -0.75060996 0.23397368 0.02669906
v -0.75060996 0.23397368 0.02669906
v -0.75133184 0.23467317 0.01378555
v -0.75133184 0.23467317 0.01378555
v -0.71664187 0.20105392 0.01323271
v -0.73962703 0.22332960 0.17234627
v -0.73786202 0.22161904 0.00000000
v -0.73786202 0.22161904 0.00000000
v -0.73441139 0.22871140 0.17315545
v -0.75365993 0.21963722 0.16316177
v -0.74305305 0.21089751 0.08368159
v -0.75249711 0.22279081 0.11544214
v -0.73924199 0.20782626 0.04486159
v -0.74501809 0.22855437 0.17067378
v -0.75444642 0.22203320 0.14057911
v -0.73987052 0.20546056 0.14326230
v -0.75227043 0.20938975 0.14448965
v -0.74742243 0.23061520 0.14809114
v -0.74942318 0.23259923 0.11958708
v -0.73849419 0.22623053 0.08573524
v -0.72976151 0.21838957 0.04691529
v -0.72999302 0.21948943 0.03564632
v -0.72999302 0.21948943 0.03564632
v -0.72999302 0.21948943 0.03564632
v -0.73789629 0.21027935 0.02334069
v -0.73789629 0.21027935 0.02334069
v -0.73634562 0.22331691 0.03900591
v -0.73634562 0.22331691 0.03900591
v -0.72313961 0.22832116 0.17234627
v -0.73357090 0.21755747 0.17234627
v -0.72835514 0.22293925 0.17315545
v 0.01682182 0.26072124 0.16400528
v 0.01259262 0.24229968 0.08368167
v 0.01259262 0.24229968 0.08368167
v 0.00474112 0.27853009 0.00117389
v 0.00474112 0.27853009 0.00117389
v 0.01255724 0.24795952 0.12535356
v 0.01255724 0.24795952 0.12535356
v 0.01125104 0.23702770 0.04847641
v 0.01125104 0.23702770 0.04847641
v 0.01137959 0.27374789 0.02669915
v 0.01197628 0.24239710 0.03020999
v 0.01197628 0.24239710 0.03020999
v 0.01137327 0.27475309 0.01378564
v 0.01044924 0.24880776 0.01335257
v 0.01044924 0.24880776 0.01335257
v 0.01978095 0.27040729 0.16483432
v 0.01618952 0.25668541 0.08368167
v 0.02386490 0.26920405 0.12465404
v 0.01577308 0.25180861 0.04486167
v 0.01514443 0.25180623 0.02944791
v 0.00489578 0.25374994 0.00117389
v 0.00503607 0.23126778 0.08368167
v 0.00499097 0.23849297 0.12535356
v 0.00474581 0.27777514 0.03722996
v 0.00474581 0.27777514 0.03722996
v 0.00507086 0.22570649 0.05124088
v 0.00504169 0.23038843 0.03118112
v 0.00469685 0.28560787 0.02669915
v 0.00469685 0.28560787 0.02669915
v 0.00469075 0.28661305 0.01378564
v 0.00469075 0.28661305 0.01378564
v 0.00499214 0.23830613 0.01323279
v 0.00479237 0.27031374 0.17234634
v 0.00480785 0.26785594 0.00000009
v 0.00480785 0.26785594 0.00000009
v 0.01716282 0.27789846 0.16316186
v 0.01614262 0.26419258 0.08368167
v 0.01408064 0.27923879 0.11544223
v 0.01572629 0.25931573 0.04486167
v 0.00474555 0.27782106 0.17067387
v 0.01597571 0.28012347 0.14057920
v 0.01256129 0.24732798 0.14212631
v 0.01256129 0.24732798 0.14212631
v 0.02360522 0.26980907 0.14448974
v 0.00492159 0.28098300 0.14809122
v 0.00487162 0.28380021 0.11958717
v 0.00191332 0.27150100 0.08573532
v 0.00153974 0.25977090 0.04691537
v 0.00090526 0.26069856 0.03564640
v 0.00090526 0.26069856 0.03564640
v 0.00090526 0.26069856 0.03564640
v 0.01302368 0.26003993 0.02334078
v 0.01302368 0.26003993 0.02334078
v 0.01263571 0.26423073 0.00947565
v 0.01263571 0.26423073 0.00947565
v 0.00253268 0.26793438 0.03900599
v 0.00253268 0.26793438 0.03900599
v -0.02154905 0.25873664 0.16561491
v -0.01764627 0.24211115 0.08368167
v -0.01764627 0.24211115 0.08368167
v -0.01024752 0.27843645 0.00117389
v -0.01024752 0.27843645 0.00117389
v -0.01768149 0.24777079 0.12535356
v -0.01768149 0.24777079 0.12535356
v -0.01623881 0.23685610 0.04847641
v -0.01623881 0.23685610 0.04847641
v -0.01682580 0.27357182 0.02669915
v -0.01703107 0.24221611 0.03020999
v -0.01703107 0.24221611 0.03020999
v -0.01683206 0.27457702 0.01378563
v -0.01558416 0.24864522 0.01335256
v -0.01558416 0.24864522 0.01335256
v -0.02518495 0.27012649 0.16483432
v -0.02142237 0.25645059 0.08368167
v -0.02925339 0.26887244 0.12465404
v -0.02094502 0.25157934 0.04486167
v -0.02031649 0.25158498 0.02944791
v -0.01796300 0.26403978 0.00947565
v -0.01796300 0.26403978 0.00947565
v -0.01009283 0.25365636 0.00117389
v -0.00995257 0.23117414 0.08368167
v -0.00999768 0.23839942 0.12535356
v -0.01024280 0.27768150 0.03722996
v -0.01024280 0.27768150 0.03722996
v -0.00991787 0.22561291 0.05124088
v -0.00994698 0.23029485 0.03118112
v -0.01029170 0.28551427 0.02669915
v -0.01029170 0.28551427 0.02669915
v -0.01029790 0.28651953 0.01378564
v -0.01029790 0.28651953 0.01378564
v -0.00999647 0.23821265 0.01323279
v -0.01019634 0.27022010 0.17234634
v -0.01018091 0.26776230 0.00000009
v -0.01018091 0.26776230 0.00000009
v -0.00270191 0.27026695 0.17315555
v -0.02266045 0.27764997 0.16316186
v -0.02146915 0.26395786 0.08368167
v -0.01959501 0.27902865 0.11544223
v -0.02099202 0.25908664 0.04486167
v -0.01024309 0.27772743 0.17067387
v -0.02150119 0.27988940 0.14057920
v -0.02312061 0.25787824 0.14326236
v -0.02900114 0.26948074 0.14448974
v -0.01045610 0.28088704 0.14809122
v -0.01044137 0.28370464 0.11958717
v -0.00733233 0.27144337 0.08573532
v -0.00681231 0.25971863 0.04691537
v -0.00618945 0.26065430 0.03564640
v -0.00618945 0.26065430 0.03564640
v -0.00618945 0.26065430 0.03564640
v -0.01829863 0.25984442 0.02334078
v -0.01829863 0.25984442 0.02334078
v -0.00790701 0.26786920 0.03900599
v -0.00790701 0.26786920 0.03900599
v 0.00491438 0.26194829 0.17234634
v -0.01007426 0.26185480 0.17234634
v -0.00257993 0.26190165 0.17315555
v 0.73659447 0.20789748 0.16400539
v 0.72043476 0.19809452 0.08368175
v 0.72043476 0.19809452 0.08368175
v 0.74095002 0.22897190 0.00117398
v 0.74095002 0.22897190 0.00117398
v 0.72446957 0.20206374 0.12535365
v 0.72446957 0.20206374 0.12535365
v 0.71571860 0.19538318 0.04847649
v 0.71571860 0.19538318 0.04847649
v 0.74214563 0.22087809 0.02669923
v 0.72007522 0.19860454 0.03021008
v 0.72007522 0.19860454 0.03021008
v 0.74286231 0.22158310 0.01378572
v 0.72360900 0.20416671 0.01335265
v 0.72360900 0.20416671 0.01335265
v 0.74560401 0.21252438 0.16483443
v 0.73325917 0.20553872 0.08368176
v 0.74758664 0.20875679 0.12465413
v 0.72947118 0.20243916 0.04486177
v 0.72903141 0.20288856 0.02944800
v 0.72328404 0.21159370 0.00117398
v 0.70725647 0.19582717 0.08368175
v 0.71240732 0.20089422 0.12535365
v 0.74041155 0.22844234 0.03723004
v 0.74041155 0.22844234 0.03723004
v 0.70329198 0.19192700 0.05124096
v 0.70662996 0.19521044 0.03118120
v 0.74599567 0.23393551 0.02669924
v 0.74599567 0.23393551 0.02669924
v 0.74671230 0.23464036 0.01378572
v 0.74671230 0.23464036 0.01378572
v 0.71227428 0.20076312 0.01323288
v 0.73509243 0.22320983 0.17234645
v 0.73334035 0.22148621 0.00000018
v 0.73334035 0.22148621 0.00000018
v 0.74915257 0.21962228 0.16316195
v 0.73861107 0.21080363 0.08368176
v 0.74796620 0.22276700 0.11544232
v 0.73482320 0.20770389 0.04486177
v 0.74044439 0.22847465 0.17067397
v 0.74992117 0.22202411 0.14057929
v 0.72401938 0.20162061 0.14212640
v 0.72401938 0.20162061 0.14212640
v 0.74783960 0.20936476 0.14448983
v 0.74283496 0.23055163 0.14809131
v 0.74482092 0.23255056 0.11958726
v 0.73393789 0.22610217 0.08573541
v 0.72526410 0.21819642 0.04691546
v 0.72548738 0.21929780 0.03564649
v 0.72548738 0.21929780 0.03564649
v 0.72548738 0.21929780 0.03564649
v 0.73345914 0.21014704 0.02334087
v 0.73345914 0.21014704 0.02334087
v 0.73619482 0.21334548 0.00947574
v 0.73619482 0.21334548 0.00947574
v 0.73181120 0.22317258 0.03900608
v 0.73181120 0.22317258 0.03900608
v 0.70843360 0.23403618 0.16561501
v 0.69922861 0.21965179 0.08368175
v 0.69922861 0.21965179 0.08368175
v 0.73043832 0.23965719 0.00117398
v 0.73043832 0.23965719 0.00117398
v 0.70326337 0.22362095 0.12535365
v 0.70326337 0.22362095 0.12535365
v 0.69644019 0.21498054 0.04847648
v 0.69644019 0.21498054 0.04847648
v 0.72236523 0.24098572 0.02669923
v 0.69973251 0.21928376 0.03021008
v 0.69973251 0.21928376 0.03021008
v 0.72308204 0.24169075 0.01378572
v 0.70535186 0.22272605 0.01335265
v 0.70535186 0.22272605 0.01335265
v 0.71406969 0.24458060 0.16483443
v 0.70688221 0.23235214 0.08368175
v 0.71033493 0.24662495 0.12465413
v 0.70372090 0.22861570 0.04486176
v 0.70416310 0.22816876 0.02944800
v 0.71473607 0.23515937 0.00947574
v 0.71473607 0.23515937 0.00947574
v 0.71277276 0.22227904 0.00117398
v 0.69674513 0.20651254 0.08368175
v 0.70189598 0.21157965 0.12535365
v 0.72990033 0.23912767 0.03723004
v 0.72990033 0.23912767 0.03723004
v 0.69278052 0.20261237 0.05124096
v 0.69611821 0.20589586 0.03118120
v 0.73548409 0.24462089 0.02669923
v 0.73548409 0.24462089 0.02669923
v 0.73620090 0.24532589 0.01378572
v 0.73620090 0.24532589 0.01378572
v 0.70176288 0.21144862 0.01323287
v 0.72458097 0.23389518 0.17234645
v 0.72282895 0.23217151 0.00000018
v 0.72282895 0.23217151 0.00000018
v 0.72983661 0.22855261 0.17315564
v 0.72122476 0.24801233 0.16316195
v 0.71223423 0.23761696 0.08368175
v 0.72434959 0.24677435 0.11544231
v 0.70907274 0.23388058 0.04486176
v 0.72993281 0.23915997 0.17067397
v 0.72363874 0.24874127 0.14057929
v 0.70672283 0.23456511 0.14326245
v 0.71094701 0.24686787 0.14448983
v 0.73205063 0.24151447 0.14809131
v 0.73408183 0.24346715 0.11958726
v 0.72745380 0.23269337 0.08573541
v 0.71940681 0.22415045 0.04691546
v 0.72051194 0.22435570 0.03564649
v 0.72051194 0.22435570 0.03564649
v 0.72051194 0.22435570 0.03564649
v 0.71149305 0.23247680 0.02334086
v 0.71149305 0.23247680 0.02334086
v 0.72448996 0.23061496 0.03900608
v 0.72448996 0.23061496 0.03900608
v 0.72917739 0.21729325 0.17234645
v 0.71866605 0.22797865 0.17234645
v 0.72392175 0.22263587 0.17315564
v 0.76862678 -0.27890307 0.15676442
v 0.75633374 -0.26752512 0.08368176
v 0.75633374 -0.26752512 0.08368176
v 0.77673766 -0.29847616 0.00117398
v 0.77673766 -0.29847616 0.00117398
v 0.76035431 -0.27150893 0.12535365
v 0.76035431 -0.27150893 0.12535365
v 0.75162736 -0.26479681 0.04847649
v 0.75162736 -0.26479681 0.04847649
v 0.77796254 -0.29038677 0.02669924
v 0.75597247 -0.26803385 0.03021008
v 0.75597247 -0.26803385 0.03021008
v 0.77867648 -0.29109430 0.01378573
v 0.75948611 -0.27360874 0.01335265
v 0.75948611 -0.27360874 0.01335265
v 0.78145084 -0.28204548 0.16483443
v 0.76913139 -0.27501549 0.08368176
v 0.78344712 -0.27828513 0.12465414
v 0.76535442 -0.27190229 0.04486177
v 0.76491317 -0.27235009 0.02944800
v 0.75913450 -0.28103450 0.00117398
v 0.74316379 -0.26521033 0.08368176
v 0.74829635 -0.27029586 0.12535365
v 0.77620116 -0.29794466 0.03723005
v 0.77620116 -0.29794466 0.03723005
v 0.73921332 -0.26129596 0.05124097
v 0.74253944 -0.26459135 0.03118121
v 0.78176543 -0.30345792 0.02669924
v 0.78176543 -0.30345792 0.02669924
v 0.78247955 -0.30416533 0.01378573
v 0.78247955 -0.30416533 0.01378573
v 0.74816379 -0.27016436 0.01323288
v 0.77090088 -0.29269302 0.17234645
v 0.76915511 -0.29096311 0.00000018
v 0.76915511 -0.29096311 0.00000018
v 0.78497389 -0.28915614 0.16316197
v 0.77446422 -0.28029957 0.08368177
v 0.78377607 -0.29229659 0.11544232
v 0.77068749 -0.27718623 0.04486177
v 0.77623388 -0.29797709 0.17067397
v 0.78573379 -0.29156074 0.14057930
v 0.75990567 -0.27106413 0.14212640
v 0.75990567 -0.27106413 0.14212640
v 0.78369787 -0.27889398 0.14448984
v 0.77861699 -0.30006266 0.14809132
v 0.78059569 -0.30206874 0.11958727
v 0.76973590 -0.29558119 0.08573541
v 0.76109073 -0.28764424 0.04691546
v 0.76130995 -0.28874648 0.03564649
v 0.76130995 -0.28874648 0.03564649
v 0.76130995 -0.28874648 0.03564649
v 0.76931486 -0.27962448 0.02334087
v 0.76931486 -0.27962448 0.02334087
v 0.77203885 -0.28283274 0.00947574
v 0.77203885 -0.28283274 0.00947574
v 0.76761988 -0.29264399 0.03900609
v 0.76761988 -0.29264399 0.03900609
v 0.74646547 -0.30221111 0.15837405
v 0.73505011 -0.28900591 0.08368176
v 0.73505011 -0.28900591 0.08368176
v 0.76618764 -0.30912352 0.00117398
v 0.76618764 -0.30912352 0.00117398
v 0.73907050 -0.29298958 0.12535365
v 0.73907050 -0.29298958 0.12535365
v 0.73227856 -0.28432462 0.04847649
v 0.73227856 -0.28432462 0.04847649
v 0.75810990 -0.31042308 0.02669924
v 0.73555532 -0.28863963 0.03021008
v 0.73555532 -0.28863963 0.03021008
v 0.75882414 -0.31113061 0.01378573
v 0.74116227 -0.29210219 0.01335265
v 0.74116227 -0.29210219 0.01335265
v 0.74980143 -0.31398800 0.16483443
v 0.74265793 -0.30173373 0.08368176
v 0.74605945 -0.31601885 0.12465413
v 0.73951015 -0.29798591 0.04486177
v 0.73995385 -0.29754061 0.02944800
v 0.75050178 -0.30456921 0.00947574
v 0.75050178 -0.30456921 0.00947574
v 0.74858472 -0.29168195 0.00117398
v 0.73261401 -0.27585781 0.08368176
v 0.73774657 -0.28094342 0.12535365
v 0.76565155 -0.30859208 0.03723005
v 0.76565155 -0.30859208 0.03723005
v 0.72866341 -0.27194341 0.05124097
v 0.73198929 -0.27523887 0.03118121
v 0.77121553 -0.31410539 0.02669924
v 0.77121553 -0.31410539 0.02669924
v 0.77192965 -0.31481296 0.01378573
v 0.77192965 -0.31481296 0.01378573
v 0.73761395 -0.28081192 0.01323288
v 0.76035091 -0.30334055 0.17234645
v 0.75860521 -0.30161053 0.00000018
v 0.75860521 -0.30161053 0.00000018
v 0.76562598 -0.29801688 0.17315564
v 0.75694403 -0.31744546 0.16316195
v 0.74799094 -0.30701780 0.08368176
v 0.76007339 -0.31621879 0.11544232
v 0.74484304 -0.30327007 0.04486177
v 0.76568386 -0.30862451 0.17067397
v 0.75935540 -0.31818309 0.14057929
v 0.74475273 -0.30273387 0.14326245
v 0.74667051 -0.31626397 0.14448983
v 0.76779321 -0.31098661 0.14809131
v 0.76981744 -0.31294656 0.11958726
v 0.76322821 -0.30214903 0.08573541
v 0.75521198 -0.29357722 0.04691546
v 0.75631633 -0.29378644 0.03564649
v 0.75631633 -0.29378644 0.03564649
v 0.75631633 -0.29378644 0.03564649
v 0.74726829 -0.30187503 0.02334087
v 0.74726829 -0.30187503 0.02334087
v 0.76027188 -0.30005994 0.03900609
v 0.76027188 -0.30005994 0.03900609
v 0.76450303 -0.28597295 0.16521694
v 0.75395337 -0.29662037 0.16521694
v 0.75922826 -0.29129657 0.16602615
v -0.77774021 -0.26317267 0.11674528
v -0.77774021 -0.26317267 0.11674528
v -0.77774021 -0.26317267 0.11674528
v -0.44747233 -0.27321681 0.11504779
v -0.53111824 -0.27321683 0.12226499
v -0.57834002 -0.27321683 0.13690354
v -0.70567635 -0.27321683 0.13271377
v -0.70567635 -0.30579785 0.13271387
v -0.70567635 -0.30579785 0.13271387
v -0.57834002 -0.30579785 0.13690368
v -0.57834002 -0.30579785 0.13690368
v -0.53111824 -0.30579785 0.12226515
v -0.53111824 -0.30579785 0.12226515
v -0.44747233 -0.30579785 0.11504789
v -0.44747233 -0.30579785 0.11504789
v -0.70287487 -0.18381011 0.22549452
v -0.70287487 -0.18381011 0.22549452
v -0.70287487 -0.18381011 0.22549452
v -0.58283672 -0.19890571 0.22549454
v -0.52410707 -0.19890571 0.22549455
v -0.46827590 -0.19890569 0.22549455
v -0.60293624 -0.27321683 0.14451659
v -0.60293624 -0.30579785 0.14451670
v -0.60293624 -0.30579785 0.14451670
v -0.60556069 -0.19890571 0.22549454
v -0.62108847 -0.27321683 0.13855720
v -0.62108847 -0.30579785 0.13855729
v -0.62108847 -0.30579785 0.13855729
v -0.62502465 -0.19890571 0.22549454
v -0.63583401 -0.27321683 0.12759920
v -0.63583401 -0.30579785 0.12759930
v -0.63583401 -0.30579785 0.12759930
v -0.64236173 -0.19890571 0.22549454
v -0.64415964 -0.27321683 0.12757491
v -0.64415964 -0.30579785 0.12757503
v -0.64415964 -0.30579785 0.12757503
v -0.65364429 -0.19890571 0.22549454
v -0.67618600 -0.27321683 0.13602288
v -0.67618600 -0.30579785 0.13602300
v -0.67618600 -0.30579785 0.13602300
v -0.67950997 -0.18381011 0.22549454
v -0.73571458 -0.27321683 0.11623089
v -0.73571458 -0.30579785 0.11623098
v -0.73571458 -0.30579785 0.11623098
v -0.73905727 -0.19890571 0.22608403
v -0.73905727 -0.19890571 0.22608403
v -0.73905727 -0.19890571 0.22608403
v -0.74986222 -0.30579785 0.11492411
v -0.74986222 -0.30579785 0.11492411
v -0.77774021 -0.27774084 0.11265764
v -0.77774021 -0.27774084 0.11265764
v -0.77774021 -0.27774084 0.11265764
v -0.75672737 -0.27144097 0.11853189
v -0.33483261 -0.27321681 0.11431975
v -0.24989252 -0.27321681 0.12004039
v -0.20226620 -0.27321681 0.13144312
v -0.07553656 -0.27321680 0.13655638
v -0.07553656 -0.30579782 0.13655648
v -0.07553656 -0.30579782 0.13655648
v -0.20226620 -0.30579782 0.13144325
v -0.20226620 -0.30579782 0.13144325
v -0.24989252 -0.30579782 0.12004052
v -0.24989252 -0.30579782 0.12004052
v -0.33483261 -0.30579782 0.11431988
v -0.33483261 -0.30579782 0.11431988
v -0.08144546 -0.19890568 0.22549460
v -0.19898292 -0.19890569 0.22549458
v -0.25771254 -0.19890569 0.22549457
v -0.31354371 -0.19890569 0.22549457
v -0.16917601 -0.27321680 0.14370767
v -0.16917601 -0.30579782 0.14370780
v -0.16917601 -0.30579782 0.14370780
v -0.17625909 -0.19890568 0.22549458
v -0.14960811 -0.27321680 0.14260203
v -0.14960811 -0.30579782 0.14260213
v -0.14960811 -0.30579782 0.14260213
v -0.15679505 -0.19890568 0.22549458
v -0.13021090 -0.27321680 0.12800375
v -0.13021090 -0.30579782 0.12800385
v -0.13021090 -0.30579782 0.12800385
v -0.13945797 -0.19890568 0.22549460
v -0.11986285 -0.27321680 0.12757498
v -0.11986285 -0.30579782 0.12757513
v -0.11986285 -0.30579782 0.12757513
v -0.12817546 -0.19890568 0.22549460
v -0.10340907 -0.27321680 0.13379832
v -0.10340907 -0.30579782 0.13379845
v -0.10340907 -0.30579782 0.13379845
v -0.10481047 -0.19890568 0.22549461
v -0.04529613 -0.30579782 0.12715197
v -0.04529613 -0.30579782 0.12715197
v -0.04276245 -0.19890568 0.22549460
v -0.02466767 -0.30579782 0.11431749
v -0.02466767 -0.30579782 0.11431749
v -0.77774021 -0.23194288 0.13407417
v -0.77774021 -0.17757644 0.12750209
v -0.77774021 -0.16695996 0.12795619
v -0.77774021 -0.15147161 0.14194559
v -0.77774021 -0.14019274 0.14364879
v -0.77774021 -0.11930031 0.13615473
v -0.77774021 -0.08410108 0.12548141
v -0.77774021 -0.04663093 0.12025822
v -0.77774021 0.00043483 0.12011067
v -0.77774021 0.04697029 0.12640213
v -0.77776346 0.08820336 0.14330931
v -0.77774021 0.10591905 0.14255022
v -0.77722743 0.13190153 0.13182925
v -0.77198091 0.17125998 0.13539727
v -0.76286021 0.19367033 0.12702842
v -0.74912658 0.21711592 0.11668601
v -0.71593383 0.14981037 0.66788257
v -0.69696471 0.13669419 0.46870089
v -0.66640231 0.19007008 0.55220777
v -0.27523431 0.16942310 0.17439644
v -0.68112352 0.17613994 0.63329977
v -0.66985431 0.18945982 0.64457262
v -0.63088503 0.21294831 0.62449330
v -0.61169693 0.15662530 0.17425469
v -0.48657265 0.23350847 0.64662582
v -0.65834573 0.12726597 0.17500320
v -0.41534457 0.23350847 0.65565050
v -0.68561581 0.10720152 0.15688923
v -0.71601161 0.16716105 0.62547219
v -0.71395949 0.18328464 0.57086182
v -0.71728578 0.14544179 0.51655025
v -0.24873218 0.23350847 0.63930571
v -0.15076573 0.23350847 0.68910420
v -0.10109248 0.24466893 0.70642418
v -0.69604364 0.09688453 0.44854954
v -0.56813678 0.22994560 0.62295556
v -0.70055810 0.02713366 0.43517256
v -0.69863626 -0.14397310 0.41731266
v -0.16188689 0.31951717 0.72844410
v -0.25390846 0.31154332 0.68581403
v -0.32293725 0.31426290 0.70836872
v -0.42001671 0.31584999 0.70759643
v -0.49053875 0.31533003 0.67970449
v -0.56855896 0.31490737 0.65667928
v -0.62105426 0.30904314 0.65422887
v -0.68658188 0.28437725 0.66308076
v -0.77883908 -0.15236656 0.43136108
v -0.69398412 0.16433017 0.65552026
v -0.32475862 0.26815969 0.70945913
v -0.49053875 0.27921107 0.68702060
v -0.48903224 0.24665451 0.67784101
v -0.73828176 0.14857085 0.68252862
v -0.10548414 0.27925301 0.74686408
v -0.10397603 0.25873664 0.73319650
v -0.15589757 0.27448562 0.72718412
v -0.15434812 0.25009382 0.71492750
v -0.25109147 0.26010332 0.68280411
v -0.24923880 0.23752904 0.67023492
v -0.39841622 0.27848849 0.70983804
v -0.40385219 0.24800411 0.69571519
v -0.57124677 0.24954596 0.64474732
v -0.57400075 0.27847385 0.66475082
v -0.63668695 0.25515780 0.66158319
v -0.63242790 0.22365153 0.64361513
v -0.68317232 0.23700386 0.66968525
v -0.67432478 0.20307013 0.66004581
v -0.71441683 0.18656099 0.68840760
v -0.69599769 0.16907938 0.66963613
v -0.05509593 0.32501939 0.75655377
v -0.05282609 0.23350850 0.71110052
v -0.05483716 0.27895430 0.75508792
v -0.05414590 0.25275189 0.74212879
v -0.19974895 0.23350847 0.66363860
v -0.21114963 0.26937285 0.70223225
v -0.20179345 0.25031102 0.69186980
v -0.70098606 -0.07734589 0.43176058
v -0.70780435 0.16014610 0.67811078
v -0.72548822 0.16602042 0.69134599
v -0.78002295 -0.13124491 0.31516907
v -0.69288942 -0.11222982 0.15702205
v -0.67376295 0.19166061 0.59275842
v -0.71498558 0.18130536 0.59985656
v -0.66117713 0.29773274 0.65763736
v -0.69088951 0.25867736 0.13635058
v -0.57737175 0.26377967 0.13757018
v -0.53061953 0.26377967 0.12299277
v -0.44614124 0.26377967 0.11350168
v -0.60319731 0.26377967 0.14464566
v -0.61990264 0.26377967 0.13984071
v -0.63769850 0.26377967 0.12776190
v -0.64755580 0.26377967 0.12926914
v -0.66751412 0.26377967 0.13628483
v -0.71194145 0.24801642 0.12769497
v -0.19010426 0.26377970 0.13622858
v -0.23983638 0.26377970 0.12137995
v -0.31807613 0.26377970 0.11355348
v -0.16677745 0.26377970 0.14447287
v -0.15046401 0.26377970 0.14298439
v -0.13030103 0.26377970 0.12838608
v -0.12129306 0.26377970 0.12719162
v -0.10367146 0.26377970 0.13425726
v -0.74000761 -0.20016804 0.15903339
v -0.74000761 -0.20016804 0.15903339
v -0.74000761 -0.20016804 0.15903339
v -0.74000761 -0.20016804 0.15903339
v -0.74000761 -0.20016804 0.15903339
v -0.70382532 -0.18507245 0.15903342
v -0.70382532 -0.18507245 0.15903342
v -0.70382532 -0.18507245 0.15903342
v -0.77869067 -0.20016804 0.15903339
v -0.77869067 -0.20016804 0.15903339
v -0.77869067 -0.20488252 0.13647092
v -0.05873346 0.26377970 0.13319691
v -0.08131730 0.26377970 0.13705811
v -0.03316315 0.26377970 0.12014670
v -0.75540689 0.15343888 0.66236091
v -0.75540689 0.15343888 0.66236091
v -0.75087109 0.17290764 0.62973571
v -0.75087109 0.17290764 0.62973571
v -0.75177529 0.17344649 0.56643743
v -0.75177529 0.17344649 0.56643743
v -0.74716678 0.15145703 0.53587515
v -0.74716678 0.15145703 0.53587515
v -0.74917522 0.10046120 0.50272942
v -0.74917522 0.10046120 0.50272942
v -0.74830893 0.04848801 0.49586174
v -0.74830893 0.04848801 0.49586174
v -0.74917510 -0.15087035 0.49487207
v -0.74917510 -0.15087035 0.49487207
v -0.74772158 -0.19213299 0.48401285
v -0.74772158 -0.19213299 0.48401285
v -0.74772158 -0.19213299 0.48401285
v -0.74772158 -0.19213299 0.48401285
v -0.74772540 -0.20993786 0.45373413
v -0.74772540 -0.20993786 0.45373413
v -0.74772540 -0.20993786 0.45373413
v -0.74772540 -0.20993786 0.45373413
v -0.74408129 -0.18693088 0.38637135
v -0.74408129 -0.18693088 0.38637135
v -0.75729683 0.14889523 0.67816735
v -0.75729683 0.14889523 0.67816735
v -0.73577926 0.21011722 0.69319284
v -0.73577926 0.21011722 0.69319284
v -0.68762758 0.27183619 0.67147732
v -0.68762758 0.27183619 0.67147732
v -0.74392232 -0.17572321 0.30392352
v -0.74392232 -0.17572321 0.30392352
v -0.74759230 -0.20846209 0.47039718
v -0.74759230 -0.20846209 0.47039718
v -0.74840203 0.18430850 0.69276709
v -0.74840203 0.18430850 0.69276709
v -0.74852559 -0.06087228 0.49317819
v -0.74852559 -0.06087228 0.49317819
v -0.75229040 0.18752480 0.60243470
v -0.75229040 0.18752480 0.60243470
v -0.15932986 0.30254665 0.74305177
v -0.15932986 0.30254665 0.74305177
v -0.22957946 0.29110175 0.70896376
v -0.22957946 0.29110175 0.70896376
v -0.10604868 0.30731365 0.76329297
v -0.10604868 0.30731365 0.76329297
v -0.32365265 0.29615444 0.72141081
v -0.32365265 0.29615444 0.72141081
v -0.49053875 0.29644734 0.70116467
v -0.49053875 0.29644734 0.70116467
v -0.05509593 0.30800620 0.77382887
v -0.05509593 0.30800620 0.77382887
v -0.39833945 0.29806545 0.72384555
v -0.39833945 0.29806545 0.72384555
v -0.57854238 0.29515243 0.66570592
v -0.57854238 0.29515243 0.66570592
v -0.25196712 0.28734383 0.69916863
v -0.25196712 0.28734383 0.69916863
v -0.63525257 0.28880531 0.66485387
v -0.63525257 0.28880531 0.66485387
v -0.68521497 0.17524523 0.65509564
v -0.70382884 0.20750044 0.68246484
v -0.68952003 0.18368241 0.67041433
v -0.71555504 0.23428044 0.68206084
v -0.71555504 0.23428044 0.68206084
v -0.71759555 0.15910403 0.64667738
v -0.68892214 0.17004612 0.64440382
v -0.67765763 0.18255958 0.64981103
v -0.68258211 0.19343494 0.66520673
v -0.75330701 0.15962850 0.64604831
v -0.75330701 0.15962850 0.64604831
v -0.71048811 0.26534447 0.66708398
v -0.69350067 0.22225213 0.67394221
v -0.70159134 0.25305831 0.67908478
v -0.70159134 0.25305831 0.67908478
v -0.73879513 0.14709610 0.66478068
v -0.73559478 0.16695893 0.62786729
v -0.73520347 0.18474950 0.56837637
v -0.73407218 0.14882100 0.52533555
v -0.73557088 0.10046120 0.49860812
v -0.73470458 0.04848801 0.49290675
v -0.73487011 -0.16984487 0.48977876
v -0.73385623 -0.19216315 0.48357401
v -0.73385623 -0.19216315 0.48357401
v -0.73412094 -0.20447952 0.44867075
v -0.73412094 -0.20447952 0.44867075
v -0.72945443 -0.17656480 0.38640708
v -0.32413730 0.28388643 0.71604735
v -0.39837313 0.28948635 0.72163529
v -0.60974744 0.28401464 0.66660792
v -0.10580128 0.29501680 0.75587559
v -0.15782575 0.29024968 0.73595745
v -0.67644545 0.25981340 0.67407000
v -0.05498253 0.29527491 0.76545889
v -0.75293246 0.14738293 0.68074203
v -0.72813007 0.19979431 0.69574207
v -0.72968790 -0.16541626 0.29969442
v -0.73398665 -0.20583194 0.46547929
v -0.73900399 0.16942048 0.69457454
v -0.73492113 -0.06087228 0.49022317
v -0.73594251 0.18479930 0.60130489
v -0.22150306 0.28157961 0.70589686
v -0.56668594 0.28460041 0.67106849
v -0.25158338 0.27540636 0.69181335
v -0.63588116 0.27406010 0.66919345
v -0.71041641 0.22450984 0.68786097
v -0.73772463 0.15498789 0.64632398
v -0.69804582 0.24152330 0.68195165
v 0.77325633 -0.26317261 0.11674547
v 0.77325633 -0.26317261 0.11674547
v 0.44298863 -0.27321678 0.11504791
v 0.52663437 -0.27321677 0.12226511
v 0.57385615 -0.27321677 0.13690369
v 0.70119241 -0.27321677 0.13271395
v 0.70119241 -0.30579779 0.13271405
v 0.70119241 -0.30579779 0.13271405
v 0.57385615 -0.30579779 0.13690383
v 0.57385615 -0.30579779 0.13690383
v 0.52663437 -0.30579779 0.12226527
v 0.52663437 -0.30579779 0.12226527
v 0.44298863 -0.30579779 0.11504800
v 0.44298863 -0.30579779 0.11504800
v 0.69413993 -0.16564885 0.22549458
v 0.69413993 -0.16564885 0.22549458
v 0.57835284 -0.19890565 0.22549466
v 0.51962325 -0.19890565 0.22549469
v 0.46379212 -0.19890566 0.22549464
v 0.59845236 -0.27321677 0.14451674
v 0.59845236 -0.30579779 0.14451684
v 0.59845236 -0.30579779 0.14451684
v 0.60107681 -0.19890565 0.22549466
v 0.61660460 -0.27321677 0.13855735
v 0.61660460 -0.30579779 0.13855744
v 0.61660460 -0.30579779 0.13855744
v 0.62054083 -0.19890565 0.22549466
v 0.63135013 -0.27321677 0.12759935
v 0.63135013 -0.30579779 0.12759945
v 0.63135013 -0.30579779 0.12759945
v 0.63787791 -0.19890565 0.22549466
v 0.63967577 -0.27321677 0.12757506
v 0.63967577 -0.30579779 0.12757518
v 0.63967577 -0.30579779 0.12757518
v 0.64916036 -0.19890565 0.22549466
v 0.67170206 -0.27321677 0.13602303
v 0.67170206 -0.30579779 0.13602315
v 0.67170206 -0.30579779 0.13602315
v 0.67077491 -0.16564885 0.22549457
v 0.73123071 -0.27321677 0.11623106
v 0.73123071 -0.30579779 0.11623115
v 0.73123071 -0.30579779 0.11623115
v 0.73457333 -0.19890565 0.22608422
v 0.73457333 -0.19890565 0.22608422
v 0.74548712 -0.30579779 0.11492429
v 0.74548712 -0.30579779 0.11492429
v 0.77325633 -0.27757691 0.11265783
v 0.77325633 -0.27757691 0.11265783
v 0.77325633 -0.27757691 0.11265783
v 0.75224349 -0.27144091 0.11853207
v -0.00224191 -0.19890568 0.22549460
v 0.33034885 -0.27321678 0.11431983
v 0.24540874 -0.27321678 0.12004045
v 0.19778244 -0.27321678 0.13144316
v 0.07105278 -0.27321680 0.13655638
v 0.07105278 -0.30579782 0.13655648
v 0.07105278 -0.30579782 0.13655648
v 0.19778244 -0.30579782 0.13144330
v 0.19778244 -0.30579782 0.13144330
v 0.24540874 -0.30579782 0.12004058
v 0.24540874 -0.30579782 0.12004058
v 0.33034885 -0.30579782 0.11431995
v 0.33034885 -0.30579782 0.11431995
v 0.07696165 -0.19890568 0.22549460
v 0.19449906 -0.19890566 0.22549461
v 0.25322875 -0.19890566 0.22549463
v 0.30905992 -0.19890566 0.22549467
v 0.16469221 -0.27321678 0.14370773
v 0.16469221 -0.30579782 0.14370785
v 0.16469221 -0.30579782 0.14370785
v 0.17177522 -0.19890566 0.22549461
v 0.14512429 -0.27321680 0.14260209
v 0.14512429 -0.30579782 0.14260218
v 0.14512429 -0.30579782 0.14260218
v 0.15231121 -0.19890568 0.22549461
v 0.12572712 -0.27321680 0.12800381
v 0.12572712 -0.30579782 0.12800390
v 0.12572712 -0.30579782 0.12800390
v 0.13497414 -0.19890568 0.22549463
v 0.11537906 -0.27321680 0.12757503
v 0.11537906 -0.30579782 0.12757518
v 0.11537906 -0.30579782 0.12757518
v 0.12369165 -0.19890568 0.22549463
v 0.09892526 -0.27321680 0.13379833
v 0.09892526 -0.30579782 0.13379847
v 0.09892526 -0.30579782 0.13379847
v 0.10032664 -0.19890568 0.22549463
v 0.04081235 -0.27321680 0.12715188
v 0.04081236 -0.30579782 0.12715197
v 0.04081236 -0.30579782 0.12715197
v 0.03827863 -0.19890568 0.22549460
v 0.02018390 -0.30579782 0.11431749
v 0.02018390 -0.30579782 0.11431749
v -0.00224189 -0.30579782 0.11265781
v -0.00224189 -0.30579782 0.11265781
v 0.02018389 -0.27321680 0.11431743
v 0.77325633 -0.23194282 0.13407435
v 0.77325633 -0.17757638 0.12750227
v 0.77325633 -0.16695990 0.12795636
v 0.77325633 -0.15147154 0.14194578
v 0.77325633 -0.14019267 0.14364897
v 0.77325633 -0.11930023 0.13615492
v 0.77325633 -0.08410101 0.12548159
v 0.77325633 -0.04663086 0.12025840
v 0.77325633 0.00043490 0.12011087
v 0.77325633 0.04697037 0.12640232
v 0.77327952 0.08820344 0.14330951
v 0.77325633 0.10591911 0.14255041
v 0.77325651 0.13190159 0.13258766
v 0.76857248 0.16391122 0.13602676
v 0.75837633 0.19367039 0.12702860
v 0.74464276 0.21711598 0.11668619
v 0.70866278 0.15570508 0.66788268
v -0.00224198 0.23350847 0.71709949
v 0.68027839 0.13669425 0.46870107
v 0.66191831 0.19007014 0.55220801
v 0.27075052 0.16942313 0.17439652
v 0.67663947 0.17629041 0.63329995
v 0.66537037 0.18945988 0.64457280
v 0.62640098 0.21294837 0.62515885
v 0.60721305 0.15662536 0.17425482
v 0.48208869 0.23350850 0.64662600
v 0.65386179 0.12726603 0.17500332
v 0.41086060 0.23350850 0.65163905
v 0.68113193 0.10720158 0.15688938
v 0.71152768 0.16891417 0.62547243
v 0.70947549 0.17115302 0.57086200
v 0.71280184 0.14099839 0.51655049
v 0.24424824 0.23350847 0.63930571
v 0.14628176 0.23350847 0.68910420
v 0.09660850 0.24466893 0.70642418
v -0.00224192 0.16949385 0.17360367
v 0.69025633 0.09688459 0.44854975
v 0.56365272 0.23199502 0.62310946
v 0.69316384 0.02713372 0.43517277
v 0.69415238 -0.14397305 0.41731286
v 0.15740289 0.31951717 0.72844410
v 0.24942449 0.31154332 0.68581403
v 0.31845328 0.31426290 0.70836872
v 0.41553274 0.31585005 0.70759654
v 0.48605472 0.31533009 0.67970461
v 0.56407490 0.31490743 0.65667940
v 0.61657020 0.30739921 0.65422899
v 0.68759868 0.28148544 0.66008139
v 0.75682113 0.16992518 0.68749297
v 0.77435514 -0.15236649 0.43136129
v 0.69031718 0.16576169 0.65552038
v -0.00224199 0.32684928 0.76086116
v 0.32027465 0.26815969 0.70945913
v 0.48605472 0.27921113 0.68896866
v 0.48454833 0.24665457 0.67213691
v 0.73434767 0.15270127 0.68930465
v 0.10100015 0.27925301 0.74686408
v 0.09949205 0.25873664 0.73319650
v 0.15141357 0.27448562 0.72718412
v 0.14986415 0.25009382 0.71492750
v 0.24660754 0.26010332 0.68280411
v 0.24475482 0.23752904 0.67023492
v 0.39393231 0.27848855 0.70983810
v 0.39936820 0.24800417 0.69170368
v 0.56676272 0.24954602 0.65377206
v 0.56951669 0.27847391 0.66685158
v 0.63220289 0.25515786 0.66347421
v 0.62794384 0.22365159 0.65007526
v 0.67868832 0.23700392 0.66968537
v 0.66984072 0.20307019 0.65906179
v 0.70079181 0.18656106 0.68582011
v 0.69183311 0.16984488 0.66963625
v -0.00224199 0.28138956 0.75624580
v -0.00224199 0.25680444 0.74329579
v 0.05061194 0.32501939 0.75655377
v 0.04834212 0.23350847 0.71110052
v 0.05035317 0.27895430 0.75322473
v 0.04966192 0.25275189 0.74026543
v 0.19526500 0.23350847 0.66363860
v 0.20666568 0.26937285 0.70223225
v 0.19730946 0.25031102 0.69186980
v 0.68953827 -0.07734583 0.43176076
v 0.70258924 0.16088775 0.67811090
v 0.70862606 0.16603693 0.68746329
v 0.77553907 -0.13124484 0.31516925
v 0.68840560 -0.11222976 0.15702221
v 0.66927895 0.19166067 0.59275860
v 0.71050152 0.18130542 0.59985674
v 0.65960935 0.29648650 0.65760291
v 0.63423565 0.30357286 0.65471465
v 0.68640569 0.25867742 0.13635074
v 0.57288787 0.26377973 0.13757033
v 0.52613577 0.26377973 0.12299288
v 0.44165742 0.26377973 0.11350178
v 0.59871337 0.26377973 0.14464581
v 0.61541876 0.26377973 0.13984086
v 0.63321468 0.26377973 0.12776205
v 0.64307186 0.26377973 0.12926929
v 0.66303030 0.26377973 0.13628498
v 0.70745763 0.24665058 0.12769515
v -0.00224191 0.26377970 0.10590185
v 0.18562043 0.26377970 0.13622864
v 0.23535261 0.26377970 0.12138001
v 0.31359231 0.26377970 0.11355354
v 0.16229360 0.26377970 0.14447292
v 0.14598013 0.26377970 0.14298445
v 0.12581718 0.26377970 0.12838614
v 0.11680922 0.26377970 0.12719167
v 0.09918763 0.26377970 0.13425728
v 0.73552373 -0.20016798 0.15903357
v 0.73552373 -0.20016798 0.15903357
v 0.73552373 -0.20016798 0.15903357
v 0.73552373 -0.20016798 0.15903357
v 0.73552373 -0.20016798 0.15903357
v 0.73552373 -0.20016798 0.15903357
v 0.69122931 -0.16629556 0.15903360
v 0.69122931 -0.16629556 0.15903360
v 0.77420673 -0.20488246 0.13647110
v 0.05424963 0.26377970 0.13319691
v 0.07683348 0.26377970 0.13705811
v 0.02867932 0.26377970 0.12014670
v 0.74898109 0.15092736 0.66236103
v 0.74898109 0.15092736 0.66236103
v 0.74638703 0.16775745 0.62973589
v 0.74638703 0.16775745 0.62973589
v 0.74729124 0.17344655 0.56643767
v 0.74729124 0.17344655 0.56643767
v 0.74268273 0.15660316 0.53587538
v 0.74268273 0.15660316 0.53587538
v 0.74469116 0.10046126 0.49640271
v 0.74469116 0.10046126 0.49640271
v 0.74382493 0.04848807 0.48737705
v 0.74382493 0.04848807 0.48737705
v 0.74469104 -0.15087029 0.48854021
v 0.74469104 -0.15087029 0.48854021
v 0.74323764 -0.19213293 0.48171163
v 0.74323764 -0.19213293 0.48171163
v 0.74323764 -0.19213293 0.48171163
v 0.74323764 -0.19213293 0.48171163
v 0.74324146 -0.20763172 0.45291102
v 0.74324146 -0.20763172 0.45291102
v 0.74324146 -0.20763172 0.45291102
v 0.74324146 -0.20763172 0.45291102
v 0.73959747 -0.18693082 0.38637156
v 0.73959747 -0.18693082 0.38637156
v 0.75562391 0.15010339 0.67837096
v 0.75562391 0.15010339 0.67837096
v 0.75562391 0.15010339 0.67837096
v 0.73129520 0.21011728 0.68878305
v 0.73129520 0.21011728 0.68878305
v 0.68314353 0.27183625 0.66727490
v 0.68314353 0.27183625 0.66727490
v 0.73943838 -0.17564936 0.30392373
v 0.73943838 -0.17564936 0.30392373
v 0.74310848 -0.20686230 0.46420589
v 0.74310848 -0.20686230 0.46420589
v 0.74399593 0.18430856 0.69251597
v 0.74399593 0.18430856 0.69251597
v 0.74404159 -0.06087221 0.48771525
v 0.74404159 -0.06087221 0.48771525
v 0.74780640 0.18752486 0.60243488
v 0.74780640 0.18752486 0.60243488
v 0.15484589 0.30254665 0.74305177
v 0.15484589 0.30254665 0.74305177
v 0.22509548 0.29110175 0.70896376
v 0.22509548 0.29110175 0.70896376
v 0.10156470 0.30731365 0.76329297
v 0.10156470 0.30731365 0.76329297
v 0.31916872 0.29615444 0.72141081
v 0.31916872 0.29615444 0.72141081
v 0.48605472 0.29644740 0.69715315
v 0.48605472 0.29644740 0.69715315
v 0.05061194 0.30800620 0.77196551
v 0.05061194 0.30800620 0.77196551
v 0.39385548 0.29806551 0.72384560
v 0.39385548 0.29806551 0.72384560
v 0.57405832 0.29515249 0.66570604
v 0.57405832 0.29515249 0.66570604
v 0.24748313 0.28734383 0.69916863
v 0.24748313 0.28734383 0.69916863
v -0.00224200 0.30760562 0.77705038
v -0.00224200 0.30760562 0.77705038
v 0.64442733 0.28438002 0.66651631
v 0.64442733 0.28438002 0.66651631
v 0.68097696 0.17571515 0.65509576
v 0.69069222 0.20408146 0.67784322
v 0.68575981 0.18379982 0.66943044
v 0.71107104 0.23428050 0.68179071
v 0.71107104 0.23428050 0.68179071
v 0.71054235 0.16230960 0.64667756
v 0.68445912 0.17102607 0.64440400
v 0.67317358 0.18258752 0.64981121
v 0.67809811 0.19343500 0.66422266
v 0.74741861 0.15803848 0.63938606
v 0.74741861 0.15803848 0.63938606
v 0.74617210 0.17519537 0.69295711
v 0.74617210 0.17519537 0.69295711
v 0.68901661 0.22225219 0.67394233
v 0.69710729 0.25305837 0.67285711
v 0.69710729 0.25305837 0.67285711
v 0.72558358 0.15194133 0.66539872
v 0.73111078 0.16826433 0.62786752
v 0.73071948 0.18474956 0.56837654
v 0.72958818 0.14882106 0.52533579
v 0.73108688 0.10046126 0.49505121
v 0.73022053 0.04848807 0.48564926
v 0.73038617 -0.16984481 0.48683709
v 0.72937247 -0.19216309 0.47695521
v 0.72937247 -0.19216309 0.47695521
v 0.72963700 -0.20304967 0.44856808
v 0.72963700 -0.20304967 0.44856808
v 0.72497055 -0.17656474 0.38640726
v 0.31965333 0.28388643 0.71604735
v 0.39388919 0.28948641 0.71762371
v 0.59771982 0.28259781 0.66712690
v 0.10131730 0.29501680 0.75587559
v 0.15334177 0.29024968 0.73595745
v 0.68119118 0.25657186 0.67517978
v 0.05049855 0.29527491 0.76359553
v 0.74538228 0.14557682 0.68355203
v 0.72384915 0.19979437 0.69149608
v 0.72520396 -0.16534239 0.29969460
v 0.72950271 -0.20281212 0.46052605
v 0.73533931 0.16942054 0.69397730
v 0.73043725 -0.06087221 0.48385573
v 0.73145851 0.18479936 0.60130507
v 0.21701911 0.28157961 0.70589686
v 0.56220189 0.28460047 0.67106861
v 0.24709943 0.27540636 0.69181335
v -0.00224199 0.29611713 0.76763332
v 0.63139704 0.27406016 0.66919357
v 0.70764980 0.22646707 0.68462730
v 0.73015657 0.15688299 0.64632416
v 0.69356182 0.23955834 0.68014205
v -0.00224189 -0.27321680 0.11265778
v -0.02466768 -0.27321680 0.11431746
v -0.04529614 -0.27321680 0.12715191
v -0.77722743 0.12123562 0.13350727
v 0.77325651 0.12303342 0.13336318
v -0.44621378 0.28809762 0.70840252
v -0.44527870 0.27885607 0.70020175
v -0.44655469 0.29721928 0.71389842
v -0.44655469 0.29721928 0.71389842
v -0.44858837 0.23350844 0.65331078
v -0.44539592 0.24734583 0.68699772
v -0.36113846 0.27326113 0.71275664
v -0.36668554 0.24391878 0.69693691
v -0.35842916 0.28647321 0.72173888
v -0.35664606 0.29699862 0.72559667
v -0.35664606 0.29699862 0.72559667
v 0.35653347 0.29711059 0.72637886
v 0.35653347 0.29711059 0.72637886
v 0.35932723 0.27363592 0.71340996
v 0.35778233 0.28676271 0.72060693
v 0.36329776 0.24403933 0.69563234
v 0.74219373 0.20962988 0.68764538
v 0.74365595 0.21564063 0.67943174
v 0.76609549 0.09909974 0.49051804
v 0.77217600 0.10022207 0.48241470
v 0.76944539 -0.14303355 0.48535300
v 0.77557012 -0.14391797 0.47819132
v 0.76375857 -0.18595569 0.47864798
v 0.77406093 -0.17907897 0.47166825
v 0.76668933 -0.19896527 0.45271314
v 0.77429810 -0.18587816 0.44976503
v 0.75987646 0.19093752 0.61791873
v 0.76047632 0.19134229 0.62758196
v 0.76426092 0.19590421 0.55553461
v 0.76342407 0.18730976 0.55819685
v 0.76626602 0.15333413 0.52239991
v 0.77141628 0.16110784 0.51775992
v 0.76861075 0.04848807 0.48317722
v 0.77483830 0.04925957 0.47553522
v 0.76688424 -0.17944975 0.37451834
v 0.77332553 -0.17136726 0.37504888
v 0.76600841 0.17319629 0.66833127
v 0.76319513 0.16278522 0.67413396
v 0.76564482 -0.18308336 0.29480890
v 0.77262244 -0.17154735 0.30457035
v 0.77227047 -0.18873709 0.46457190
v 0.76375154 -0.19948281 0.46642206
v 0.75772819 0.17598873 0.68734432
v 0.75869897 0.18439481 0.68078888
v 0.77355167 -0.18732795 0.17605499
v 0.76696131 -0.19641437 0.15598995
v 0.77420256 -0.20014824 0.15901760
v 0.77420256 -0.20014824 0.15901760
v 0.77354255 -0.19843918 0.14968613
v 0.77325633 -0.19221127 0.15006039
v 0.77929518 -0.06096850 0.47741139
v 0.76882806 -0.06087221 0.48351533
v 0.72865728 0.24357778 0.67043168
v 0.71982464 0.24518004 0.67698443
v 0.76566038 0.18008775 0.65078593
v 0.76220784 0.17475674 0.64031178
v 0.70240781 0.26037824 0.66997099
v 0.70942834 0.26399040 0.66359133
v 0.70790234 0.11287840 0.49172554
v 0.71140769 -0.15543057 0.47766722
v 0.72100082 -0.16285652 0.48368031
v 0.71418408 -0.17798291 0.47143329
v 0.72381130 -0.17667791 0.48069457
v 0.71064982 -0.18542999 0.45314336
v 0.71877274 -0.19649105 0.45386696
v 0.71006563 0.04553252 0.47561938
v 0.71969941 0.04848807 0.48102150
v 0.70294300 -0.15803453 0.40324942
v 0.71150419 -0.16795173 0.39754966
v 0.69987634 -0.16383815 0.15376315
v 0.70034429 -0.17743546 0.15464360
v 0.70034429 -0.17743546 0.15464360
v 0.70034429 -0.17743546 0.15464360
v 0.70378521 -0.16560854 0.31736032
v 0.71354696 -0.17351021 0.31769839
v 0.72155741 -0.19729130 0.46695337
v 0.71702322 -0.18980537 0.46732200
v 0.71991459 -0.06087221 0.48136005
v 0.70954284 -0.06089015 0.47780624
v -0.74321958 0.21558188 0.68229324
v -0.74229804 0.21238951 0.68819219
v -0.76731995 0.16711988 0.68095327
v -0.76051125 0.16280857 0.68361283
v -0.77298161 0.10020170 0.49260429
v -0.76593110 0.10942377 0.50493199
v -0.77550325 -0.14415307 0.47715256
v -0.76847228 -0.14287841 0.48680139
v -0.77417436 -0.18020678 0.47495553
v -0.76630446 -0.18264514 0.48306036
v -0.77802065 -0.18627155 0.45464403
v -0.77256128 -0.19608347 0.45268640
v -0.76262787 0.19891661 0.62662477
v -0.76120928 0.18961366 0.61894125
v -0.76721480 0.18733817 0.56053681
v -0.76659462 0.19557559 0.55374545
v -0.76958349 0.16051172 0.51619202
v -0.76368997 0.14793664 0.52020348
v -0.77213374 0.04932779 0.47803530
v -0.76564708 0.04848801 0.48799625
v -0.77817014 -0.15479484 0.37548790
v -0.77172473 -0.16625652 0.37620214
v -0.76716587 0.15951999 0.67269725
v -0.77724186 -0.15523244 0.30506251
v -0.77087870 -0.16755959 0.28970164
v -0.76894620 -0.19875289 0.46966914
v -0.77404585 -0.19125853 0.46818021
v -0.75635770 0.18300557 0.68987483
v -0.77117202 -0.18940604 0.15601620
v -0.77826932 -0.17418227 0.19241812
v -0.77774021 -0.18487632 0.14878638
v -0.77799556 -0.19190483 0.15030043
v -0.76586530 -0.06087228 0.48531190
v -0.77231994 -0.05085861 0.47533638
v -0.76077071 0.19144998 0.61093998
v -0.72914270 0.24391285 0.67378092
v -0.72432646 0.24409401 0.67844248
v -0.76500615 0.17075157 0.64580709
v -0.76920864 0.18169633 0.64967037
v -0.71806577 0.10393322 0.49366278
v -0.72211066 -0.16344710 0.48638192
v -0.71420190 -0.16337103 0.47390768
v -0.72544965 -0.18709819 0.48291099
v -0.71916780 -0.18528104 0.47893712
v -0.72031102 -0.19483262 0.45268023
v -0.71627793 -0.18901998 0.45482216
v -0.72114047 0.04848801 0.48767195
v -0.71563795 0.04743932 0.48226226
v -0.71383974 -0.16610511 0.39790202
v -0.70879456 -0.16022234 0.40106121
v -0.70525333 -0.17467703 0.15411073
v -0.70525333 -0.17467703 0.15411073
v -0.70525333 -0.17467703 0.15411073
v -0.70497563 -0.16660677 0.15358816
v -0.71480975 -0.16647598 0.30469460
v -0.70925662 -0.16059130 0.32514328
v -0.72073928 -0.19403958 0.47025118
v -0.72656509 -0.20178843 0.46894795
v -0.71316859 -0.05200375 0.47634545
v -0.72505894 -0.06086333 0.48641709
v -0.77785137 -0.19905332 0.21772343
v -0.77785137 -0.19905332 0.21772343
v -0.76996836 -0.19890571 0.22549451
v -0.76996836 -0.19890571 0.22549451
v -0.76996836 -0.19890571 0.22549451
v -0.77390364 -0.19903407 0.21873683
v -0.77549651 -0.19894893 0.22321842
v -0.77549651 -0.19894893 0.22321842
v -0.52410707 -0.30579785 0.21772279
v -0.52410707 -0.29802594 0.22608418
v -0.52410707 -0.29802594 0.22608418
v -0.52410707 -0.30352148 0.22321831
v -0.62502465 -0.29802594 0.22608418
v -0.62502465 -0.29802594 0.22608418
v -0.62502465 -0.30579785 0.21772279
v -0.62502465 -0.30352148 0.22321831
v -0.67700920 -0.29802594 0.22608418
v -0.67700920 -0.29802594 0.22608418
v -0.67700920 -0.30579785 0.21772279
v -0.67700920 -0.30352148 0.22321833
v -0.76996836 -0.27453616 0.22549452
v -0.76996836 -0.27453616 0.22549452
v -0.76996836 -0.27453616 0.22549452
v -0.77774021 -0.27762900 0.21772345
v -0.77774021 -0.27762900 0.21772345
v -0.77546385 -0.27676949 0.22321844
v -0.77546385 -0.27676949 0.22321844
v -0.74662843 -0.29802594 0.22608410
v -0.74662843 -0.29802594 0.22608410
v -0.74986222 -0.30579785 0.21772275
v -0.74891511 -0.30352148 0.22321831
v -0.25771254 -0.29802591 0.22608421
v -0.25771254 -0.29802591 0.22608421
v -0.25771251 -0.30579782 0.21772282
v -0.25771251 -0.30352145 0.22321834
v -0.15679504 -0.30579782 0.21772284
v -0.15679504 -0.29802591 0.22608424
v -0.15679504 -0.29802591 0.22608424
v -0.15679504 -0.30352145 0.22321836
v -0.10481047 -0.30579782 0.21772287
v -0.10481047 -0.29802591 0.22608427
v -0.10481047 -0.29802591 0.22608427
v -0.10481047 -0.30352145 0.22321842
v 0.76548448 -0.19890565 0.22549470
v 0.76548448 -0.19890565 0.22549470
v 0.76548448 -0.19890565 0.22549470
v 0.77336702 -0.19905093 0.21772363
v 0.77336702 -0.19905093 0.21772363
v 0.76941976 -0.19903401 0.21873702
v 0.77101251 -0.19894820 0.22321861
v 0.77101251 -0.19894820 0.22321861
v 0.51962325 -0.29802588 0.22608431
v 0.51962325 -0.29802588 0.22608431
v 0.51962325 -0.30579779 0.21772291
v 0.51962325 -0.30352142 0.22321844
v 0.62054083 -0.30579779 0.21772291
v 0.62054083 -0.29802588 0.22608431
v 0.62054083 -0.29802588 0.22608431
v 0.62054083 -0.30352142 0.22321844
v 0.67252532 -0.30579779 0.21772296
v 0.67252532 -0.29802588 0.22608436
v 0.67252532 -0.29802588 0.22608436
v 0.67252532 -0.30352142 0.22321849
v 0.77336702 -0.27746443 0.21772285
v 0.77336702 -0.27746443 0.21772285
v 0.76548448 -0.27439432 0.22549472
v 0.76548448 -0.27439432 0.22549472
v 0.76548448 -0.27439432 0.22549472
v 0.77101251 -0.27661185 0.22321840
v 0.77101251 -0.27661185 0.22321840
v 0.74223128 -0.29802588 0.22608431
v 0.74223128 -0.29802588 0.22608431
v 0.74548712 -0.30579779 0.21772296
v 0.74453351 -0.30352142 0.22321850
v 0.25322878 -0.30579782 0.21772288
v 0.25322875 -0.29802591 0.22608428
v 0.25322875 -0.29802591 0.22608428
v 0.25322878 -0.30352145 0.22321842
v 0.15231122 -0.29802591 0.22608427
v 0.15231122 -0.29802591 0.22608427
v 0.15231122 -0.30579782 0.21772287
v 0.15231122 -0.30352145 0.22321839
v 0.10032664 -0.29802591 0.22608428
v 0.10032664 -0.29802591 0.22608428
v 0.10032666 -0.30579782 0.21772288
v 0.10032664 -0.30352145 0.22321843
v -0.00224190 -0.30579782 0.21772285
v -0.00224190 -0.29802591 0.22608425
v -0.00224190 -0.29802591 0.22608425
v -0.00224190 -0.30352145 0.22321837
v 0.75782534 0.19636603 0.60188836
v 0.76143506 0.19397144 0.59167964
v -0.76220056 0.19245128 0.58895433
v -0.76297703 0.20025416 0.59483511
f 35 29 36
f 119 103 115
f 21 25 24
f 8 30 9
f 32 127 90
f 16 15 5
f 17 27 26
f 64 258 12
f 92 125 93
f 124 92 14
f 28 108 39
f 34 38 37
f 27 38 26
f 90 123 94
f 41 113 114
f 124 48 16
f 18 3 4
f 10 45 123
f 93 128 32
f 46 47 89
f 15 49 2
f 3 15 2
f 46 62 47
f 49 53 2
f 263 77 82
f 39 76 79
f 74 37 80
f 59 29 8
f 66 24 71
f 68 25 19
f 61 259 73
f 65 27 17
f 68 28 69
f 61 72 63
f 57 31 7
f 58 34 74
f 36 75 81
f 56 262 6
f 57 30 76
f 56 78 77
f 39 69 28
f 69 35 25
f 35 76 30
f 24 81 71
f 70 37 27
f 263 73 259
f 73 83 72
f 83 77 78
f 6 84 56
f 84 55 56
f 7 86 57
f 86 9 57
f 8 88 59
f 87 11 58
f 60 46 12
f 20 17 3
f 48 91 95
f 23 107 28
f 11 33 34
f 9 43 8
f 52 95 97
f 95 98 97
f 47 98 89
f 25 36 24
f 53 50 54
f 117 111 119
f 101 120 121
f 52 50 48
f 96 52 97
f 97 51 96
f 10 44 45
f 3 100 4
f 120 99 96
f 53 100 2
f 101 100 99
f 63 118 122
f 72 115 118
f 104 108 107
f 102 107 106
f 105 4 100
f 111 108 103
f 110 112 111
f 117 85 116
f 7 112 113
f 31 108 112
f 113 109 114
f 110 116 109
f 118 103 104
f 122 104 102
f 121 47 62
f 55 119 78
f 78 115 83
f 33 127 128
f 38 128 125
f 26 125 126
f 26 124 5
f 35 30 29
f 119 111 103
f 21 19 25
f 8 29 30
f 32 128 127
f 26 5 17
f 5 15 17
f 92 126 125
f 124 126 92
f 28 107 108
f 34 33 38
f 27 37 38
f 90 127 123
f 41 7 113
f 14 48 124
f 48 50 16
f 18 20 3
f 123 127 10
f 45 1 123
f 93 125 128
f 95 91 89
f 91 64 89
f 64 12 89
f 12 46 89
f 16 50 49
f 16 49 15
f 3 17 15
f 46 60 62
f 263 262 77
f 39 31 76
f 74 34 37
f 59 75 29
f 66 21 24
f 68 69 25
f 61 13 259
f 65 70 27
f 68 23 28
f 61 73 72
f 57 76 31
f 58 11 34
f 36 29 75
f 56 77 262
f 57 9 30
f 56 55 78
f 39 79 69
f 69 79 35
f 35 79 76
f 24 36 81
f 70 80 37
f 263 82 73
f 73 82 83
f 83 82 77
f 6 40 84
f 84 85 55
f 7 41 86
f 86 42 9
f 8 43 88
f 87 44 11
f 20 65 17
f 4 67 18
f 48 14 91
f 23 106 107
f 11 10 33
f 9 42 43
f 52 48 95
f 95 89 98
f 47 51 98
f 25 35 36
f 53 49 50
f 117 110 111
f 101 99 120
f 52 54 50
f 96 54 52
f 97 98 51
f 10 11 44
f 3 2 100
f 99 53 54
f 96 51 120
f 51 47 120
f 99 54 96
f 53 99 100
f 101 105 100
f 63 72 118
f 72 83 115
f 104 103 108
f 102 104 107
f 105 22 4
f 111 112 108
f 110 113 112
f 117 55 85
f 7 31 112
f 31 39 108
f 113 110 109
f 110 117 116
f 118 115 103
f 122 118 104
f 121 120 47
f 55 117 119
f 78 119 115
f 33 10 127
f 38 33 128
f 26 38 125
f 126 124 26
f 124 16 5
f 22 67 4
f 163 164 157
f 248 244 232
f 149 152 153
f 135 136 158
f 160 219 256
f 144 132 142
f 145 154 155
f 193 139 260
f 221 222 254
f 253 141 221
f 143 178 179
f 156 167 237
f 162 165 166
f 155 154 166
f 219 223 252
f 170 243 242
f 253 144 177
f 146 131 130
f 137 252 174
f 222 160 257
f 175 218 176
f 142 129 178
f 130 129 142
f 175 176 191
f 178 129 182
f 264 211 206
f 167 208 205
f 203 209 165
f 188 135 157
f 195 200 152
f 197 147 153
f 190 202 261
f 194 145 155
f 197 198 156
f 190 192 201
f 186 134 159
f 187 203 162
f 164 210 204
f 185 133 262
f 186 205 158
f 185 206 207
f 167 156 198
f 198 153 163
f 163 158 205
f 152 200 210
f 199 155 165
f 264 261 202
f 202 201 212
f 212 207 206
f 133 185 213
f 213 185 184
f 214 169 168
f 134 186 215
f 215 186 136
f 135 188 217
f 216 187 138
f 189 139 175
f 148 130 145
f 177 224 220
f 151 156 236
f 138 162 161
f 136 135 172
f 181 226 224
f 224 226 227
f 176 218 227
f 153 152 164
f 182 183 179
f 246 248 240
f 230 250 249
f 181 177 179
f 225 226 181
f 226 225 180
f 137 174 173
f 130 131 229
f 249 225 228
f 182 129 229
f 230 228 229
f 192 251 247
f 201 247 244
f 233 236 237
f 231 235 236
f 234 229 131
f 240 232 237
f 239 240 241
f 246 245 214
f 134 242 241
f 159 241 237
f 242 243 238
f 239 238 245
f 247 233 232
f 251 231 233
f 250 191 176
f 184 207 248
f 207 212 244
f 161 257 256
f 166 254 257
f 154 255 254
f 154 132 253
f 163 157 158
f 248 232 240
f 149 153 147
f 135 158 157
f 160 256 257
f 144 142 143
f 154 145 132
f 132 145 142
f 193 260 266
f 221 254 255
f 253 221 255
f 143 179 144
f 156 237 236
f 162 166 161
f 155 166 165
f 219 252 256
f 170 242 134
f 141 253 177
f 177 144 179
f 146 130 148
f 252 137 256
f 222 257 254
f 224 218 220
f 220 218 193
f 193 218 139
f 139 218 175
f 142 178 143
f 130 142 145
f 175 191 189
f 264 206 262
f 167 205 159
f 203 165 162
f 188 157 204
f 195 152 149
f 197 153 198
f 190 261 140
f 194 155 199
f 197 156 151
f 190 201 202
f 186 159 205
f 187 162 138
f 164 204 157
f 185 262 206
f 186 158 136
f 185 207 184
f 167 198 208
f 198 163 208
f 163 205 208
f 152 210 164
f 199 165 209
f 264 202 211
f 202 212 211
f 212 206 211
f 133 213 168
f 213 184 214
f 214 168 213
f 134 215 170
f 215 136 171
f 135 217 172
f 216 138 173
f 148 145 194
f 131 146 196
f 177 220 141
f 151 236 235
f 138 161 137
f 136 172 171
f 181 224 177
f 224 227 218
f 176 227 180
f 153 164 163
f 182 179 178
f 246 240 239
f 230 249 228
f 181 179 183
f 225 181 183
f 226 180 227
f 137 173 138
f 130 229 129
f 228 183 182
f 225 249 180
f 180 249 176
f 228 225 183
f 182 229 228
f 230 229 234
f 192 247 201
f 201 244 212
f 233 237 232
f 231 236 233
f 234 131 150
f 240 237 241
f 239 241 242
f 246 214 184
f 134 241 159
f 159 237 167
f 242 238 239
f 239 245 246
f 247 232 244
f 251 233 247
f 250 176 249
f 184 248 246
f 207 244 248
f 161 256 137
f 166 257 161
f 154 254 166
f 255 154 253
f 253 132 144
f 150 131 196
f 64 265 258
f 40 267 268
f 168 269 133
f 133 271 262
f 6 271 267
f 272 623 273
f 274 627 275
f 628 279 278
f 282 275 283
f 278 287 286
f 288 281 289
f 290 283 291
f 286 295 294
f 296 289 297
f 290 299 298
f 302 295 303
f 296 306 304
f 304 307 305
f 310 309 308
f 308 299 310
f 316 319 317
f 302 318 316
f 305 322 320
f 320 323 321
f 324 327 325
f 309 326 324
f 332 335 333
f 332 319 334
f 321 337 336
f 338 327 339
f 333 343 342
f 342 351 350
f 346 568 338
f 343 571 351
f 352 345 353
f 346 355 354
f 358 351 359
f 352 362 360
f 360 363 361
f 364 367 365
f 354 366 364
f 374 373 372
f 372 359 374
f 363 376 361
f 378 377 376
f 380 383 381
f 365 382 380
f 390 389 388
f 388 375 390
f 1075 383 1074
f 389 1078 1079
f 1083 392 393
f 394 1084 1085
f 1089 399 1088
f 1080 381 1075
f 402 411 410
f 414 407 415
f 410 584 402
f 418 411 419
f 414 423 422
f 588 410 418
f 416 426 424
f 424 427 425
f 430 429 428
f 428 419 430
f 436 439 437
f 422 438 436
f 425 442 440
f 440 443 441
f 444 447 445
f 429 446 444
f 454 453 452
f 452 439 454
f 445 459 458
f 462 455 463
f 598 445 458
f 458 467 466
f 470 463 471
f 473 464 465
f 474 467 475
f 470 479 478
f 480 473 481
f 474 483 482
f 478 487 486
f 600 458 466
f 658 481 652
f 654 483 653
f 486 656 657
f 490 499 498
f 502 495 503
f 489 496 488
f 498 507 506
f 510 503 511
f 513 504 505
f 506 515 514
f 518 511 519
f 506 608 498
f 522 515 523
f 518 527 526
f 528 521 529
f 530 523 531
f 526 535 534
f 614 514 522
f 539 646 647
f 542 649 543
f 545 536 537
f 546 618 538
f 538 547 546
f 550 543 551
f 943 544 545
f 944 547 945
f 550 949 948
f 538 650 646
f 552 626 274
f 556 282 290
f 558 290 298
f 312 311 310
f 298 560 558
f 560 309 561
f 561 324 564
f 564 325 565
f 565 338 568
f 354 570 346
f 369 366 368
f 572 364 574
f 574 365 575
f 575 380 578
f 578 381 579
f 1085 582 394
f 403 412 411
f 412 419 411
f 432 431 430
f 418 590 588
f 428 591 590
f 591 444 594
f 594 445 595
f 459 468 467
f 602 466 474
f 604 474 482
f 659 491 653
f 661 482 654
f 490 608 606
f 514 610 506
f 516 523 515
f 616 522 530
f 532 647 531
f 533 648 645
f 944 620 546
f 624 275 627
f 547 946 945
f 625 278 277
f 947 550 948
f 524 531 523
f 525 534 533
f 507 516 515
f 517 510 518
f 499 508 507
f 500 491 492
f 476 483 475
f 468 475 467
f 469 478 477
f 461 470 469
f 446 433 448
f 447 460 459
f 430 420 432
f 448 447 446
f 434 422 436
f 421 414 422
f 1086 403 1084
f 397 1089 1087
f 384 367 369
f 1076 395 1074
f 368 355 356
f 385 382 384
f 347 356 355
f 357 350 358
f 344 569 336
f 326 313 328
f 339 329 340
f 312 299 300
f 328 327 326
f 291 300 299
f 284 291 283
f 627 635 624
f 286 277 278
f 301 294 302
f 301 316 314
f 295 559 303
f 314 317 315
f 315 332 330
f 330 333 331
f 341 333 342
f 345 568 570
f 370 358 372
f 359 571 573
f 372 371 370
f 386 373 388
f 388 387 386
f 387 1079 1077
f 413 406 414
f 1088 583 1091
f 415 585 587
f 415 589 423
f 434 437 435
f 450 437 452
f 450 453 451
f 451 462 461
f 463 597 599
f 477 486 485
f 485 657 655
f 487 603 605
f 493 502 501
f 509 502 510
f 517 526 525
f 511 613 519
f 549 542 550
f 535 615 617
f 628 634 639
f 551 1021 949
f 543 621 551
f 543 651 619
f 618 643 650
f 519 615 527
f 609 511 503
f 607 503 495
f 656 605 660
f 479 601 603
f 471 599 601
f 597 454 596
f 596 439 593
f 593 438 592
f 592 423 589
f 391 1081 1078
f 391 580 581
f 390 577 580
f 375 576 577
f 374 573 576
f 343 567 569
f 335 566 567
f 334 563 566
f 319 562 563
f 562 303 559
f 287 557 295
f 279 555 287
f 629 553 279
f 272 631 622
f 285 294 293
f 280 553 272
f 281 552 554
f 288 555 280
f 289 554 556
f 288 559 557
f 289 558 297
f 273 630 552
f 304 559 296
f 305 562 304
f 560 307 306
f 306 558 560
f 566 305 320
f 320 567 566
f 322 565 323
f 307 564 322
f 336 567 321
f 323 568 337
f 346 339 347
f 340 347 339
f 342 349 341
f 344 573 571
f 345 572 353
f 576 352 360
f 360 577 576
f 362 575 363
f 353 574 362
f 580 361 376
f 376 581 580
f 378 579 379
f 363 578 378
f 392 1081 1072
f 1073 579 1080
f 1082 585 1091
f 1083 582 1090
f 409 400 401
f 400 587 585
f 401 586 409
f 416 587 408
f 409 588 417
f 456 443 457
f 424 589 416
f 425 592 424
f 426 591 427
f 417 590 426
f 596 425 440
f 440 597 596
f 594 443 442
f 427 594 442
f 441 599 597
f 457 595 598
f 464 457 465
f 456 601 599
f 465 598 600
f 472 601 464
f 473 600 602
f 472 605 603
f 481 602 604
f 652 604 661
f 609 488 496
f 497 606 608
f 505 496 497
f 488 660 658
f 611 496 504
f 497 610 505
f 504 613 611
f 505 612 513
f 521 512 513
f 520 613 512
f 521 612 614
f 528 615 520
f 529 614 616
f 529 642 528
f 642 619 651
f 536 621 619
f 537 620 545
f 942 621 544
f 943 620 1020
f 554 274 282
f 280 273 281
f 622 632 623
f 626 636 627
f 629 639 638
f 540 647 644
f 631 638 641
f 622 641 633
f 623 640 630
f 541 648 542
f 630 637 626
f 646 531 647
f 539 548 547
f 535 651 649
f 643 616 650
f 534 649 648
f 530 650 616
f 642 617 528
f 1072 379 1073
f 416 409 417
f 642 537 536
f 276 283 275
f 480 660 605
f 652 606 489
f 495 660 607
f 655 494 493
f 490 661 654
f 483 659 653
f 657 495 494
f 654 491 490
f 489 658 652
f 345 336 337
f 1023 662 663
f 664 1027 1026
f 669 1028 668
f 672 665 664
f 677 668 676
f 671 678 679
f 680 673 672
f 685 676 684
f 679 686 687
f 689 680 688
f 692 685 684
f 686 696 687
f 694 697 696
f 699 700 698
f 698 689 688
f 706 709 708
f 708 692 706
f 695 712 697
f 710 713 712
f 714 717 716
f 716 699 714
f 722 725 724
f 722 709 707
f 711 727 713
f 728 717 715
f 733 723 732
f 1118 732 1119
f 1115 966 1120
f 1121 733 1118
f 735 1102 1103
f 1104 736 1105
f 1109 741 740
f 742 752 743
f 750 753 752
f 754 757 756
f 756 744 754
f 763 764 762
f 762 749 748
f 766 753 751
f 767 768 766
f 770 773 772
f 772 755 770
f 779 780 778
f 778 765 763
f 1094 771 1095
f 1099 781 779
f 1063 782 1062
f 1065 785 784
f 1068 788 1069
f 1095 977 1100
f 801 792 800
f 805 796 804
f 792 984 800
f 808 801 800
f 813 804 812
f 808 984 986
f 814 807 806
f 815 816 814
f 819 820 818
f 818 809 808
f 827 828 826
f 828 812 826
f 815 832 817
f 830 833 832
f 835 836 834
f 834 821 819
f 843 844 842
f 842 829 827
f 849 835 848
f 852 845 843
f 835 996 848
f 857 848 856
f 860 853 852
f 863 854 862
f 864 857 856
f 869 860 868
f 863 870 871
f 873 864 872
f 877 868 876
f 848 998 856
f 871 1058 1052
f 1054 873 872
f 1056 876 1057
f 889 880 888
f 892 885 884
f 879 886 887
f 897 888 896
f 900 893 892
f 903 894 902
f 905 896 904
f 908 901 900
f 1006 896 888
f 912 905 904
f 917 908 916
f 911 918 919
f 920 913 912
f 925 916 924
f 904 1012 912
f 929 1046 928
f 1049 932 933
f 935 926 934
f 936 1016 1018
f 937 928 936
f 940 933 932
f 943 934 942
f 944 937 936
f 949 940 948
f 928 1050 1016
f 1026 950 664
f 672 954 680
f 680 956 688
f 702 701 703
f 958 688 956
f 958 699 698
f 959 714 699
f 962 715 714
f 963 728 715
f 1105 968 1110
f 756 759 758
f 970 754 744
f 972 755 754
f 973 770 755
f 976 771 770
f 784 1070 1065
f 793 802 794
f 801 810 802
f 822 821 823
f 986 818 808
f 989 818 988
f 989 834 819
f 992 835 834
f 849 858 850
f 856 1000 864
f 864 1002 872
f 881 1059 1053
f 872 1061 1054
f 880 1006 888
f 904 1008 1010
f 913 906 905
f 912 1014 920
f 1047 922 921
f 1048 923 1045
f 944 1018 1020
f 665 1024 1027
f 937 946 938
f 668 1025 667
f 947 940 939
f 921 914 913
f 924 915 923
f 897 906 898
f 907 900 899
f 889 898 890
f 890 881 889
f 873 866 865
f 865 858 857
f 867 860 859
f 859 852 851
f 823 836 838
f 837 850 839
f 822 809 820
f 838 837 839
f 824 812 811
f 811 804 803
f 793 1066 1064
f 1069 787 1067
f 774 757 772
f 785 1096 1094
f 758 745 756
f 772 775 774
f 1104 746 1106
f 1107 740 739
f 1121 734 1112
f 718 701 716
f 719 729 730
f 702 689 700
f 718 717 719
f 681 690 682
f 681 674 673
f 1027 1035 1036
f 676 667 675
f 691 684 683
f 704 692 691
f 957 685 693
f 705 706 704
f 722 705 720
f 720 723 722
f 732 721 731
f 1113 966 727
f 760 748 747
f 1108 969 741
f 761 762 760
f 776 763 761
f 777 778 776
f 1097 779 777
f 804 795 803
f 1071 789 1068
f 985 797 805
f 813 985 805
f 825 826 824
f 842 825 840
f 841 842 840
f 852 841 851
f 853 995 845
f 875 868 867
f 1057 875 1055
f 877 1001 869
f 892 883 891
f 899 892 891
f 916 907 915
f 1011 901 909
f 939 932 931
f 925 1013 917
f 1028 1034 1025
f 1021 941 949
f 1019 933 941
f 1051 933 1017
f 1016 1043 927
f 1013 909 917
f 901 1007 893
f 893 1005 885
f 1056 1003 877
f 869 999 861
f 861 997 853
f 995 844 845
f 994 829 844
f 991 828 829
f 990 813 828
f 1098 979 781
f 978 781 979
f 975 780 978
f 974 765 975
f 971 764 974
f 967 725 733
f 964 725 965
f 961 724 964
f 960 709 961
f 960 693 708
f 955 677 685
f 953 669 677
f 951 1029 669
f 1031 662 1022
f 684 675 683
f 951 670 662
f 671 950 663
f 953 678 670
f 679 952 671
f 678 957 686
f 956 679 687
f 663 1030 1023
f 694 957 960
f 960 695 694
f 697 958 696
f 696 956 687
f 695 964 710
f 710 965 711
f 712 963 962
f 962 697 712
f 726 965 967
f 727 963 713
f 1115 729 728
f 737 1116 1114
f 1117 740 1119
f 1102 971 742
f 1110 735 1103
f 742 974 750
f 750 975 751
f 752 973 972
f 972 743 752
f 751 978 766
f 766 979 767
f 768 977 976
f 976 753 768
f 1101 782 1092
f 1093 977 769
f 1062 983 790
f 1063 980 783
f 799 790 798
f 790 985 798
f 984 791 799
f 798 987 806
f 986 799 807
f 833 846 847
f 814 987 990
f 990 815 814
f 817 988 816
f 988 807 816
f 815 994 830
f 830 995 831
f 833 992 832
f 992 817 832
f 995 846 831
f 847 993 833
f 847 854 855
f 846 999 854
f 998 847 855
f 999 862 854
f 863 998 855
f 862 1003 870
f 871 1000 863
f 1052 1002 871
f 878 1007 886
f 887 1004 879
f 886 895 887
f 1060 878 1058
f 1009 886 1007
f 1008 887 895
f 894 1011 902
f 1010 895 903
f 911 902 910
f 1011 910 902
f 911 1010 903
f 1013 918 910
f 919 1012 911
f 1042 919 918
f 1017 1042 1051
f 926 1019 934
f 1018 927 935
f 1019 942 934
f 943 1018 935
f 664 952 672
f 663 670 671
f 1032 1022 1023
f 1036 1026 1027
f 1029 1039 1028
f 930 1047 929
f 1031 1038 1029
f 1022 1041 1031
f 1040 1023 1030
f 1048 931 932
f 1037 1030 1026
f 1046 921 920
f 929 938 930
f 1051 925 1049
f 1043 1014 919
f 1049 924 1048
f 1050 920 1014
f 1015 1042 918
f 769 1092 1093
f 799 806 807
f 1042 927 1043
f 673 666 665
f 870 1060 1058
f 1004 1052 879
f 885 1060 1056
f 884 1055 883
f 880 1061 1004
f 873 1059 874
f 885 1057 884
f 881 1054 880
f 879 1058 878
f 1113 726 1112
f 982 1063 791
f 981 1062 782
f 983 1068 797
f 796 1067 795
f 1064 786 785
f 1065 982 792
f 797 1069 796
f 793 1065 792
f 791 1062 790
f 393 1072 1073
f 393 1080 582
f 1072 581 377
f 1078 583 399
f 1077 398 397
f 383 1076 1074
f 582 1075 394
f 1079 399 398
f 394 1074 395
f 1083 584 401
f 1082 583 392
f 407 1091 585
f 1087 406 405
f 396 1084 395
f 402 1090 1085
f 1089 407 406
f 402 1084 403
f 401 1082 1083
f 783 1092 782
f 783 1100 1093
f 767 1101 1092
f 981 1098 789
f 788 1097 787
f 773 1096 775
f 1095 980 784
f 789 1099 788
f 784 1094 1095
f 970 1103 743
f 734 1111 1102
f 749 1111 1108
f 747 1109 1107
f 737 1106 738
f 744 1110 970
f 748 1108 1109
f 745 1105 744
f 1103 742 743
f 735 1112 734
f 731 1119 732
f 1114 730 729
f 736 1114 1115
f 735 1120 1113
f 967 1112 726
f 969 1118 741
f 736 1120 968
f 741 1119 740
f 1139 1163 1165
f 1168 1226 1227
f 1140 1123 1138
f 1138 1127 1139
f 1150 1131 1146
f 1132 1140 1141
f 1135 1141 1175
f 1134 1150 1152
f 1126 1134 1152
f 1176 1134 1156
f 1136 1142 1153
f 1125 1210 1182
f 1153 1133 1136
f 1148 1130 1133
f 1149 1210 1151
f 1124 1144 1128
f 1130 1143 1124
f 1176 1142 1136
f 1206 1143 1147
f 1202 1144 1143
f 1206 1148 1207
f 1207 1153 1212
f 1201 1153 1142
f 1138 1160 1140
f 1160 1141 1140
f 1139 1162 1159
f 1159 1138 1139
f 1161 1225 1166
f 1154 1157 1137
f 1157 1166 1162
f 1165 1157 1162
f 1122 1165 1163
f 1167 1225 1226
f 1162 1167 1159
f 1168 1228 1169
f 1158 1169 1160
f 1159 1168 1158
f 1171 1160 1169
f 1176 1131 1134
f 1131 1172 1178
f 1161 1154 1216
f 1169 1230 1171
f 1177 1229 1234
f 1145 1234 1204
f 1196 1223 1184
f 1197 1180 1186
f 1195 1184 1180
f 1209 1205 1188
f 1197 1189 1198
f 1198 1192 1199
f 1209 1191 1211
f 1183 1191 1215
f 1191 1200 1215
f 1193 1212 1201
f 1190 1212 1193
f 1187 1207 1190
f 1181 1203 1202
f 1187 1202 1206
f 1200 1201 1215
f 1195 1220 1218
f 1198 1220 1197
f 1196 1222 1224
f 1195 1219 1196
f 1217 1213 1194
f 1225 1217 1222
f 1217 1224 1222
f 1224 1179 1223
f 1226 1222 1219
f 1218 1228 1227
f 1227 1219 1218
f 1230 1220 1232
f 1188 1200 1191
f 1231 1233 1188
f 1214 1201 1155
f 1145 1208 1149
f 1139 1127 1163
f 1168 1167 1226
f 1140 1129 1123
f 1138 1123 1127
f 1132 1129 1140
f 1135 1132 1141
f 1134 1131 1150
f 1126 1156 1134
f 1175 1141 1173
f 1125 1151 1210
f 1153 1148 1133
f 1148 1147 1130
f 1149 1208 1210
f 1124 1143 1144
f 1130 1147 1143
f 1176 1156 1142
f 1164 1128 1144
f 1206 1202 1143
f 1202 1203 1144
f 1206 1147 1148
f 1207 1148 1153
f 1201 1212 1153
f 1138 1158 1160
f 1160 1173 1141
f 1139 1165 1162
f 1159 1158 1138
f 1161 1221 1225
f 1154 1161 1157
f 1157 1161 1166
f 1165 1137 1157
f 1122 1137 1165
f 1167 1166 1225
f 1162 1166 1167
f 1168 1227 1228
f 1158 1168 1169
f 1159 1167 1168
f 1171 1173 1160
f 1176 1174 1131
f 1178 1146 1131
f 1131 1174 1172
f 1216 1213 1221
f 1221 1161 1216
f 1169 1228 1230
f 1177 1170 1229
f 1145 1177 1234
f 1196 1224 1223
f 1197 1195 1180
f 1195 1196 1184
f 1197 1186 1189
f 1198 1189 1192
f 1209 1188 1191
f 1183 1211 1191
f 1232 1198 1199
f 1190 1207 1212
f 1187 1206 1207
f 1181 1185 1203
f 1187 1181 1202
f 1200 1193 1201
f 1179 1213 1237
f 1195 1197 1220
f 1198 1232 1220
f 1196 1219 1222
f 1195 1218 1219
f 1217 1221 1213
f 1225 1221 1217
f 1217 1194 1224
f 1224 1194 1179
f 1226 1225 1222
f 1218 1220 1228
f 1227 1226 1219
f 1230 1228 1220
f 1188 1233 1200
f 1188 1205 1235
f 1235 1231 1188
f 1201 1142 1155
f 1155 1125 1182
f 1182 1214 1155
f 1145 1204 1208
f 1213 1238 1237
f 1154 1238 1216
f 1194 1213 1179
f 1122 1236 1137
f 1137 1236 1154
f 1340 1323 1241
f 1355 1340 1241
f 1283 1298 1264
f 1239 1323 1261
f 1264 1239 1261
f 1331 1268 1272
f 1294 1321 1262
f 1321 1294 1351
f 1276 1321 1335
f 1243 1289 1248
f 1289 1243 1273
f 1289 1278 1245
f 1247 1257 1249
f 1250 1258 1251
f 1259 1249 1257
f 1251 1255 1252
f 1253 1298 1283
f 1260 1253 1283
f 1252 1260 1256
f 1260 1264 1256
f 1282 1258 1259
f 1281 1255 1258
f 1279 1257 1244
f 1282 1257 1280
f 1298 1240 1264
f 1278 1276 1285
f 1291 1275 1297
f 1297 1274 1293
f 1291 1270 1271
f 1288 1265 1270
f 1244 1277 1279
f 1295 1286 1267
f 1269 1286 1289
f 1279 1284 1287
f 1280 1287 1290
f 1282 1292 1281
f 1280 1296 1282
f 1281 1254 1253
f 1331 1242 1299
f 1299 1246 1305
f 1308 1247 1249
f 1256 1261 1316
f 1261 1256 1264
f 1346 1307 1304
f 1300 1346 1332
f 1302 1346 1304
f 1306 1317 1303
f 1318 1309 1310
f 1319 1308 1309
f 1309 1249 1250
f 1315 1310 1311
f 1310 1252 1311
f 1355 1312 1340
f 1312 1320 1340
f 1320 1311 1316
f 1323 1320 1316
f 1316 1252 1256
f 1318 1339 1319
f 1338 1315 1312
f 1317 1336 1303
f 1339 1317 1319
f 1276 1324 1265
f 1270 1324 1329
f 1271 1329 1330
f 1275 1333 1274
f 1271 1334 1275
f 1314 1333 1350
f 1302 1335 1322
f 1348 1334 1330
f 1354 1333 1334
f 1327 1266 1268
f 1329 1348 1330
f 1324 1345 1329
f 1351 1266 1325
f 1301 1303 1336
f 1352 1343 1322
f 1343 1328 1346
f 1341 1336 1344
f 1344 1337 1347
f 1339 1349 1353
f 1337 1353 1347
f 1309 1251 1310
f 1338 1313 1349
f 1331 1327 1268
f 1262 1321 1276
f 1248 1289 1245
f 1289 1286 1278
f 1247 1244 1257
f 1250 1259 1258
f 1259 1250 1249
f 1251 1258 1255
f 1253 1254 1298
f 1260 1255 1253
f 1252 1255 1260
f 1260 1283 1264
f 1282 1281 1258
f 1281 1253 1255
f 1279 1280 1257
f 1282 1259 1257
f 1278 1263 1276
f 1291 1271 1275
f 1297 1275 1274
f 1291 1288 1270
f 1288 1285 1265
f 1285 1276 1265
f 1286 1263 1278
f 1295 1263 1286
f 1269 1267 1286
f 1279 1277 1284
f 1280 1279 1287
f 1269 1289 1273
f 1282 1296 1292
f 1280 1290 1296
f 1281 1292 1254
f 1331 1272 1242
f 1299 1242 1246
f 1308 1306 1247
f 1316 1261 1323
f 1346 1300 1307
f 1302 1343 1346
f 1306 1308 1317
f 1318 1319 1309
f 1319 1317 1308
f 1309 1308 1249
f 1315 1318 1310
f 1310 1251 1252
f 1355 1313 1312
f 1312 1315 1320
f 1320 1315 1311
f 1323 1340 1320
f 1316 1311 1252
f 1318 1338 1339
f 1338 1318 1315
f 1317 1337 1336
f 1339 1337 1317
f 1276 1335 1324
f 1270 1265 1324
f 1271 1270 1329
f 1275 1334 1333
f 1271 1330 1334
f 1302 1342 1335
f 1348 1354 1334
f 1354 1350 1333
f 1327 1325 1266
f 1329 1345 1348
f 1324 1342 1345
f 1351 1294 1266
f 1342 1324 1335
f 1302 1322 1343
f 1352 1326 1343
f 1343 1326 1328
f 1341 1301 1336
f 1344 1336 1337
f 1328 1332 1346
f 1339 1338 1349
f 1337 1339 1353
f 1309 1250 1251
f 1338 1312 1313
f 1373 1399 1397
f 1402 1461 1460
f 1374 1372 1357
f 1372 1373 1361
f 1384 1380 1365
f 1366 1375 1374
f 1369 1409 1375
f 1368 1386 1384
f 1360 1386 1368
f 1410 1390 1368
f 1370 1387 1376
f 1359 1416 1444
f 1387 1370 1367
f 1382 1367 1364
f 1383 1385 1444
f 1358 1362 1378
f 1364 1358 1377
f 1410 1370 1376
f 1440 1381 1377
f 1436 1377 1378
f 1440 1441 1382
f 1441 1446 1387
f 1435 1376 1387
f 1372 1374 1394
f 1394 1374 1375
f 1373 1393 1396
f 1393 1373 1372
f 1395 1400 1459
f 1388 1371 1391
f 1391 1396 1400
f 1399 1396 1391
f 1356 1397 1399
f 1401 1460 1459
f 1396 1393 1401
f 1402 1403 1462
f 1392 1394 1403
f 1393 1392 1402
f 1405 1403 1394
f 1410 1368 1365
f 1365 1412 1406
f 1395 1450 1388
f 1403 1405 1464
f 1411 1468 1463
f 1379 1438 1468
f 1430 1418 1457
f 1431 1420 1414
f 1429 1414 1418
f 1443 1422 1439
f 1431 1432 1423
f 1432 1433 1426
f 1443 1445 1425
f 1417 1449 1425
f 1425 1449 1434
f 1427 1435 1446
f 1424 1427 1446
f 1421 1424 1441
f 1415 1436 1437
f 1421 1440 1436
f 1434 1449 1435
f 1429 1452 1454
f 1432 1431 1454
f 1430 1458 1456
f 1429 1430 1453
f 1451 1428 1447
f 1459 1456 1451
f 1451 1456 1458
f 1458 1457 1413
f 1460 1453 1456
f 1452 1461 1462
f 1461 1452 1453
f 1464 1466 1454
f 1422 1425 1434
f 1465 1422 1467
f 1448 1389 1435
f 1379 1383 1442
f 1373 1397 1361
f 1402 1460 1401
f 1374 1357 1363
f 1372 1361 1357
f 1366 1374 1363
f 1369 1375 1366
f 1368 1384 1365
f 1360 1368 1390
f 1409 1407 1375
f 1359 1444 1385
f 1387 1367 1382
f 1382 1364 1381
f 1383 1444 1442
f 1358 1378 1377
f 1364 1377 1381
f 1410 1376 1390
f 1398 1378 1362
f 1440 1377 1436
f 1436 1378 1437
f 1440 1382 1381
f 1441 1387 1382
f 1435 1387 1446
f 1372 1394 1392
f 1394 1375 1407
f 1373 1396 1399
f 1393 1372 1392
f 1395 1459 1455
f 1388 1391 1395
f 1391 1400 1395
f 1399 1391 1371
f 1356 1399 1371
f 1401 1459 1400
f 1396 1401 1400
f 1402 1462 1461
f 1392 1403 1402
f 1393 1402 1401
f 1405 1394 1407
f 1410 1365 1408
f 1412 1365 1380
f 1365 1406 1408
f 1450 1455 1447
f 1455 1450 1395
f 1403 1464 1462
f 1411 1463 1404
f 1379 1468 1411
f 1430 1457 1458
f 1431 1414 1429
f 1429 1418 1430
f 1431 1423 1420
f 1432 1426 1423
f 1443 1425 1422
f 1417 1425 1445
f 1466 1433 1432
f 1424 1446 1441
f 1421 1441 1440
f 1415 1437 1419
f 1421 1436 1415
f 1434 1435 1427
f 1413 1471 1447
f 1429 1454 1431
f 1432 1454 1466
f 1430 1456 1453
f 1429 1453 1452
f 1451 1447 1455
f 1459 1451 1455
f 1451 1458 1428
f 1458 1413 1428
f 1460 1456 1459
f 1452 1462 1454
f 1461 1453 1460
f 1464 1454 1462
f 1422 1434 1467
f 1422 1469 1439
f 1469 1422 1465
f 1435 1389 1376
f 1389 1416 1359
f 1416 1389 1448
f 1379 1442 1438
f 1471 1450 1447
f 1472 1388 1450
f 1428 1413 1447
f 1356 1371 1470
f 1371 1388 1470
f 1490 1516 1514
f 1519 1578 1577
f 1491 1489 1474
f 1489 1490 1478
f 1501 1497 1482
f 1483 1492 1491
f 1486 1526 1492
f 1485 1503 1501
f 1477 1503 1485
f 1527 1507 1485
f 1487 1504 1493
f 1476 1533 1561
f 1504 1487 1484
f 1499 1484 1481
f 1500 1502 1561
f 1475 1479 1495
f 1481 1475 1494
f 1527 1487 1493
f 1557 1498 1494
f 1553 1494 1495
f 1557 1558 1499
f 1558 1563 1504
f 1552 1493 1504
f 1489 1491 1511
f 1511 1491 1492
f 1490 1510 1513
f 1510 1490 1489
f 1512 1517 1576
f 1505 1488 1508
f 1508 1513 1517
f 1516 1513 1508
f 1473 1514 1516
f 1518 1577 1576
f 1513 1510 1518
f 1519 1520 1579
f 1509 1511 1520
f 1510 1509 1519
f 1522 1520 1511
f 1527 1485 1482
f 1482 1529 1523
f 1512 1567 1505
f 1520 1522 1581
f 1528 1585 1580
f 1496 1555 1585
f 1547 1535 1574
f 1548 1537 1531
f 1546 1531 1535
f 1560 1539 1556
f 1548 1549 1540
f 1549 1550 1543
f 1560 1562 1542
f 1534 1566 1542
f 1542 1566 1551
f 1544 1552 1563
f 1541 1544 1563
f 1538 1541 1558
f 1532 1553 1554
f 1538 1557 1553
f 1551 1566 1552
f 1546 1569 1571
f 1549 1548 1571
f 1547 1575 1573
f 1546 1547 1570
f 1568 1545 1564
f 1576 1573 1568
f 1568 1573 1575
f 1575 1574 1530
f 1577 1570 1573
f 1569 1578 1579
f 1578 1569 1570
f 1581 1583 1571
f 1539 1542 1551
f 1582 1539 1584
f 1565 1506 1552
f 1496 1500 1559
f 1490 1514 1478
f 1519 1577 1518
f 1491 1474 1480
f 1489 1478 1474
f 1483 1491 1480
f 1486 1492 1483
f 1485 1501 1482
f 1477 1485 1507
f 1526 1524 1492
f 1476 1561 1502
f 1504 1484 1499
f 1499 1481 1498
f 1500 1561 1559
f 1475 1495 1494
f 1481 1494 1498
f 1527 1493 1507
f 1515 1495 1479
f 1557 1494 1553
f 1553 1495 1554
f 1557 1499 1498
f 1558 1504 1499
f 1552 1504 1563
f 1489 1511 1509
f 1511 1492 1524
f 1490 1513 1516
f 1510 1489 1509
f 1512 1576 1572
f 1505 1508 1512
f 1508 1517 1512
f 1516 1508 1488
f 1473 1516 1488
f 1518 1576 1517
f 1513 1518 1517
f 1519 1579 1578
f 1509 1520 1519
f 1510 1519 1518
f 1522 1511 1524
f 1527 1482 1525
f 1529 1482 1497
f 1482 1523 1525
f 1567 1572 1564
f 1572 1567 1512
f 1520 1581 1579
f 1528 1580 1521
f 1496 1585 1528
f 1547 1574 1575
f 1548 1531 1546
f 1546 1535 1547
f 1548 1540 1537
f 1549 1543 1540
f 1560 1542 1539
f 1534 1542 1562
f 1583 1550 1549
f 1541 1563 1558
f 1538 1558 1557
f 1532 1554 1536
f 1538 1553 1532
f 1551 1552 1544
f 1530 1588 1564
f 1546 1571 1548
f 1549 1571 1583
f 1547 1573 1570
f 1546 1570 1569
f 1568 1564 1572
f 1576 1568 1572
f 1568 1575 1545
f 1575 1530 1545
f 1577 1573 1576
f 1569 1579 1571
f 1578 1570 1577
f 1581 1571 1579
f 1539 1551 1584
f 1539 1586 1556
f 1586 1539 1582
f 1552 1506 1493
f 1506 1533 1476
f 1533 1506 1565
f 1496 1559 1555
f 1588 1567 1564
f 1589 1505 1567
f 1545 1530 1564
f 1473 1488 1587
f 1488 1505 1587
f 1607 1633 1631
f 1636 1695 1694
f 1608 1606 1591
f 1606 1607 1595
f 1618 1614 1599
f 1600 1609 1608
f 1603 1643 1609
f 1602 1620 1618
f 1594 1620 1602
f 1644 1624 1602
f 1604 1621 1610
f 1593 1650 1678
f 1621 1604 1601
f 1616 1601 1598
f 1617 1619 1678
f 1592 1596 1612
f 1598 1592 1611
f 1644 1604 1610
f 1674 1615 1611
f 1670 1611 1612
f 1674 1675 1616
f 1675 1680 1621
f 1669 1610 1621
f 1606 1608 1628
f 1628 1608 1609
f 1607 1627 1630
f 1627 1607 1606
f 1629 1634 1693
f 1622 1605 1625
f 1625 1630 1634
f 1633 1630 1625
f 1590 1631 1633
f 1635 1694 1693
f 1630 1627 1635
f 1636 1637 1696
f 1626 1628 1637
f 1627 1626 1636
f 1639 1637 1628
f 1644 1602 1599
f 1599 1646 1640
f 1629 1684 1622
f 1637 1639 1698
f 1645 1702 1697
f 1613 1672 1702
f 1664 1652 1691
f 1665 1654 1648
f 1663 1648 1652
f 1677 1656 1673
f 1665 1666 1657
f 1666 1667 1660
f 1677 1679 1659
f 1651 1683 1659
f 1659 1683 1668
f 1661 1669 1680
f 1658 1661 1680
f 1655 1658 1675
f 1649 1670 1671
f 1655 1674 1670
f 1668 1683 1669
f 1663 1686 1688
f 1666 1665 1688
f 1664 1692 1690
f 1663 1664 1687
f 1685 1662 1681
f 1693 1690 1685
f 1685 1690 1692
f 1692 1691 1647
f 1694 1687 1690
f 1686 1695 1696
f 1695 1686 1687
f 1698 1700 1688
f 1656 1659 1668
f 1699 1656 1701
f 1682 1623 1669
f 1613 1617 1676
f 1607 1631 1595
f 1636 1694 1635
f 1608 1591 1597
f 1606 1595 1591
f 1600 1608 1597
f 1603 1609 1600
f 1602 1618 1599
f 1594 1602 1624
f 1643 1641 1609
f 1593 1678 1619
f 1621 1601 1616
f 1616 1598 1615
f 1617 1678 1676
f 1592 1612 1611
f 1598 1611 1615
f 1644 1610 1624
f 1632 1612 1596
f 1674 1611 1670
f 1670 1612 1671
f 1674 1616 1615
f 1675 1621 1616
f 1669 1621 1680
f 1606 1628 1626
f 1628 1609 1641
f 1607 1630 1633
f 1627 1606 1626
f 1629 1693 1689
f 1622 1625 1629
f 1625 1634 1629
f 1633 1625 1605
f 1590 1633 1605
f 1635 1693 1634
f 1630 1635 1634
f 1636 1696 1695
f 1626 1637 1636
f 1627 1636 1635
f 1639 1628 1641
f 1644 1599 1642
f 1646 1599 1614
f 1599 1640 1642
f 1684 1689 1681
f 1689 1684 1629
f 1637 1698 1696
f 1645 1697 1638
f 1613 1702 1645
f 1664 1691 1692
f 1665 1648 1663
f 1663 1652 1664
f 1665 1657 1654
f 1666 1660 1657
f 1677 1659 1656
f 1651 1659 1679
f 1700 1667 1666
f 1658 1680 1675
f 1655 1675 1674
f 1649 1671 1653
f 1655 1670 1649
f 1668 1669 1661
f 1647 1705 1681
f 1663 1688 1665
f 1666 1688 1700
f 1664 1690 1687
f 1663 1687 1686
f 1685 1681 1689
f 1693 1685 1689
f 1685 1692 1662
f 1692 1647 1662
f 1694 1690 1693
f 1686 1696 1688
f 1695 1687 1694
f 1698 1688 1696
f 1656 1668 1701
f 1656 1703 1673
f 1703 1656 1699
f 1669 1623 1610
f 1623 1650 1593
f 1650 1623 1682
f 1613 1676 1672
f 1705 1684 1681
f 1706 1622 1684
f 1662 1647 1681
f 1590 1605 1704
f 1605 1622 1704
f 1724 1748 1750
f 1753 1811 1812
f 1725 1708 1723
f 1723 1712 1724
f 1735 1716 1731
f 1717 1725 1726
f 1720 1726 1760
f 1719 1735 1737
f 1711 1719 1737
f 1761 1719 1741
f 1721 1727 1738
f 1710 1795 1767
f 1738 1718 1721
f 1733 1715 1718
f 1734 1795 1736
f 1709 1729 1713
f 1715 1728 1709
f 1761 1727 1721
f 1791 1728 1732
f 1787 1729 1728
f 1791 1733 1792
f 1792 1738 1797
f 1786 1738 1727
f 1723 1745 1725
f 1745 1726 1725
f 1724 1747 1744
f 1744 1723 1724
f 1746 1810 1751
f 1739 1742 1722
f 1742 1751 1747
f 1750 1742 1747
f 1707 1750 1748
f 1752 1810 1811
f 1747 1752 1744
f 1753 1813 1754
f 1743 1754 1745
f 1744 1753 1743
f 1756 1745 1754
f 1761 1716 1719
f 1716 1757 1763
f 1746 1739 1801
f 1754 1815 1756
f 1762 1814 1819
f 1730 1819 1789
f 1781 1808 1769
f 1782 1765 1771
f 1780 1769 1765
f 1794 1790 1773
f 1782 1774 1783
f 1783 1777 1784
f 1794 1776 1796
f 1768 1776 1800
f 1776 1785 1800
f 1778 1797 1786
f 1775 1797 1778
f 1772 1792 1775
f 1766 1788 1787
f 1772 1787 1791
f 1785 1786 1800
f 1780 1805 1803
f 1783 1805 1782
f 1781 1807 1809
f 1780 1804 1781
f 1802 1798 1779
f 1810 1802 1807
f 1802 1809 1807
f 1809 1764 1808
f 1811 1807 1804
f 1803 1813 1812
f 1812 1804 1803
f 1815 1805 1817
f 1773 1785 1776
f 1816 1818 1773
f 1799 1786 1740
f 1730 1793 1734
f 1724 1712 1748
f 1753 1752 1811
f 1725 1714 1708
f 1723 1708 1712
f 1717 1714 1725
f 1720 1717 1726
f 1719 1716 1735
f 1711 1741 1719
f 1760 1726 1758
f 1710 1736 1795
f 1738 1733 1718
f 1733 1732 1715
f 1734 1793 1795
f 1709 1728 1729
f 1715 1732 1728
f 1761 1741 1727
f 1749 1713 1729
f 1791 1787 1728
f 1787 1788 1729
f 1791 1732 1733
f 1792 1733 1738
f 1786 1797 1738
f 1723 1743 1745
f 1745 1758 1726
f 1724 1750 1747
f 1744 1743 1723
f 1746 1806 1810
f 1739 1746 1742
f 1742 1746 1751
f 1750 1722 1742
f 1707 1722 1750
f 1752 1751 1810
f 1747 1751 1752
f 1753 1812 1813
f 1743 1753 1754
f 1744 1752 1753
f 1756 1758 1745
f 1761 1759 1716
f 1763 1731 1716
f 1716 1759 1757
f 1801 1798 1806
f 1806 1746 1801
f 1754 1813 1815
f 1762 1755 1814
f 1730 1762 1819
f 1781 1809 1808
f 1782 1780 1765
f 1780 1781 1769
f 1782 1771 1774
f 1783 1774 1777
f 1794 1773 1776
f 1768 1796 1776
f 1817 1783 1784
f 1775 1792 1797
f 1772 1791 1792
f 1766 1770 1788
f 1772 1766 1787
f 1785 1778 1786
f 1764 1798 1822
f 1780 1782 1805
f 1783 1817 1805
f 1781 1804 1807
f 1780 1803 1804
f 1802 1806 1798
f 1810 1806 1802
f 1802 1779 1809
f 1809 1779 1764
f 1811 1810 1807
f 1803 1805 1813
f 1812 1811 1804
f 1815 1813 1805
f 1773 1818 1785
f 1773 1790 1820
f 1820 1816 1773
f 1786 1727 1740
f 1740 1710 1767
f 1767 1799 1740
f 1730 1789 1793
f 1798 1823 1822
f 1739 1823 1801
f 1779 1798 1764
f 1707 1821 1722
f 1722 1821 1739
f 1831 2644 1866
f 1876 1865 1872
f 1837 1877 1888
f 1852 2628 1848
f 1867 1830 1832
f 1845 1833 1847
f 1829 1835 1833
f 1828 1837 1835
f 2636 2643 1870
f 1860 2632 2628
f 1836 2623 1834
f 2628 2625 1842
f 1834 2623 2629
f 1838 2623 1836
f 2643 2632 1840
f 1850 2629 1854
f 1834 2629 1846
f 1851 1845 1847
f 1855 1849 1851
f 1846 2629 1850
f 2629 2633 1859
f 1856 2628 1852
f 1857 1855 1858
f 1860 2628 1856
f 1861 1858 1862
f 1831 2633 2644
f 1859 2633 1863
f 2643 1840 1870
f 1832 1861 1862
f 1864 2632 1860
f 1891 1892 2647
f 1824 1874 2639
f 1918 1825 2639
f 2229 2701 2232
f 1913 1880 2473
f 1884 1893 1895
f 1886 1879 1884
f 1888 1878 1886
f 1915 1889 2656
f 1894 1899 2650
f 1885 1883 2648
f 1883 2650 2648
f 1900 1896 2652
f 1890 2647 2652
f 1915 2656 2703
f 1890 1891 2647
f 1899 1903 2650
f 1898 1893 1897
f 1902 1897 1901
f 1903 1906 2654
f 1903 2654 2650
f 1883 1894 2650
f 1907 1901 1905
f 1908 2652 2656
f 1907 1909 1911
f 1910 1882 2654
f 1904 1900 2652
f 1912 1908 2656
f 1911 1880 1881
f 1914 2654 1882
f 2701 2235 2232
f 1889 1912 2656
f 1914 1917 2701
f 1887 2623 1838
f 1919 1996 1920
f 1923 2588 1924
f 2588 1996 1964
f 1996 2575 1964
f 2043 2574 2587
f 2041 2039 2572
f 2571 1931 1930
f 2588 2573 1926
f 2123 2074 2124
f 2483 1949 1975
f 1944 2481 2480
f 2135 2087 2122
f 2100 1983 2101
f 2099 2093 1965
f 2067 2059 2556
f 1999 1938 1946
f 1936 1948 1935
f 2594 2112 2113
f 2614 2601 2113
f 2588 1925 1924
f 2606 2609 2129
f 1944 1942 1937
f 1990 1949 2272
f 1941 1940 1943
f 1935 1943 1936
f 2597 2595 2114
f 2565 2581 2563
f 2132 2114 2595
f 1997 1955 2608
f 1989 2254 2310
f 2122 2092 2137
f 1942 1978 1953
f 1951 1973 1950
f 1950 1992 1990
f 1976 2483 2482
f 2102 2577 2592
f 1967 2481 2477
f 1953 1981 1940
f 2137 2062 2125
f 2126 2077 2123
f 1934 1985 1994
f 2584 2578 1996
f 2035 2592 2568
f 2043 2041 2560
f 2559 1928 2573
f 1954 1993 1997
f 1964 2565 2563
f 2055 2051 2566
f 2019 2063 2579
f 2061 2104 2106
f 2099 1946 1938
f 1988 1971 1989
f 1972 1971 1970
f 1974 1992 1991
f 1980 1978 1979
f 1984 2095 2094
f 1974 2483 1975
f 2482 2121 1976
f 1967 2476 2135
f 1979 1968 1967
f 1995 1934 1994
f 1958 2090 1957
f 1988 2310 2309
f 2466 2084 2126
f 1951 1989 1971
f 1991 1973 1972
f 1990 1975 1949
f 2134 2089 2136
f 2075 1956 1957
f 1987 2272 2254
f 2052 2580 2566
f 2008 1961 2006
f 2037 2071 2589
f 1932 2104 1933
f 1963 2010 1933
f 2031 2018 2015
f 2041 2572 2560
f 2612 2115 2130
f 2063 2576 2579
f 1984 1994 1985
f 1954 2613 1993
f 2067 2582 2558
f 2045 2562 2564
f 1996 1921 1920
f 2043 2560 2574
f 2614 2113 2132
f 1947 1998 1999
f 2039 2037 2569
f 1982 1981 1980
f 1939 1981 1983
f 1998 1936 1940
f 2012 2013 1957
f 2009 2001 1962
f 1958 1957 1960
f 1922 2588 1923
f 2583 2585 2586
f 1843 2625 1844
f 2024 1868 1839
f 2029 2585 1919
f 2043 2587 2069
f 2110 2072 2038
f 2131 2058 2127
f 2045 2564 2047
f 1996 2578 2575
f 2125 2107 2140
f 2023 2129 2064
f 2118 2056 2119
f 2130 2053 2117
f 2114 2050 2116
f 2112 2044 2113
f 2111 2042 2112
f 2110 2040 2111
f 2109 2072 2133
f 2108 2103 2139
f 2127 2034 2108
f 2132 2046 2114
f 2132 2044 2070
f 2128 2068 2131
f 2136 1966 1974
f 2124 1991 1972
f 2088 1962 2091
f 2082 1959 1960
f 2083 2288 1986
f 2082 1961 2088
f 2090 2075 1957
f 2086 1958 1959
f 2078 1986 1956
f 2138 2060 2128
f 2094 2101 2105
f 2067 2556 2582
f 2093 1985 1965
f 2096 2556 2059
f 2057 2577 2033
f 2105 1983 1982
f 2139 2036 2109
f 2140 2097 2138
f 1965 2098 2099
f 2035 2102 2592
f 1938 2100 2099
f 2093 2101 2095
f 2105 2138 2094
f 2098 2109 1946
f 2094 2128 1984
f 2074 2134 2124
f 2089 2120 2136
f 1984 2131 1995
f 2596 2598 2600
f 1969 2108 1934
f 1934 2139 2098
f 1946 2133 1999
f 1947 2111 1948
f 1952 2594 2602
f 1948 2112 2594
f 2599 2612 2130
f 1954 2602 2613
f 2609 2603 2119
f 2609 2119 2129
f 1982 2140 2105
f 1969 2131 2127
f 1999 2110 1947
f 2066 2115 2049
f 2064 2119 2056
f 1991 2136 1974
f 2309 2126 1988
f 1988 2123 1970
f 1980 2125 1982
f 1980 2122 2137
f 1979 2135 2122
f 2484 2085 2121
f 2412 2490 2450
f 1970 2124 1972
f 2679 2687 2186
f 2190 2141 2187
f 2192 2154 2202
f 2207 2691 2666
f 2181 2146 2180
f 2150 2160 2161
f 2152 2145 2150
f 2154 2144 2152
f 2162 2166 2670
f 2668 2203 2153
f 2149 2670 2668
f 2207 2666 2159
f 2157 2666 2671
f 2183 2685 2681
f 2151 2149 2668
f 2166 2170 2670
f 2165 2160 2164
f 2169 2164 2168
f 2173 2177 2674
f 2173 2670 2170
f 2149 2162 2670
f 2169 2172 2174
f 2175 2671 2675
f 2174 2176 2178
f 2177 2148 2674
f 2171 2167 2671
f 2179 2175 2675
f 2147 2176 2146
f 2155 2675 2685
f 2155 2179 2675
f 2678 2142 2237
f 2182 2186 2687
f 2228 2233 2236
f 2230 2195 2197
f 2208 2198 2209
f 2194 2200 2198
f 2193 2202 2200
f 2204 2698 2227
f 2223 2698 2694
f 2201 2689 2199
f 2205 2691 2206
f 2199 2689 2695
f 2694 2691 2205
f 2231 2698 2204
f 2213 2695 2217
f 2199 2695 2210
f 2214 2208 2209
f 2218 2212 2214
f 2210 2695 2213
f 2217 2695 2699
f 2219 2694 2215
f 2221 2216 2218
f 2223 2694 2219
f 2224 2221 2225
f 2226 2699 2196
f 2227 2698 2223
f 2701 1917 2235
f 2195 2225 2197
f 2699 2701 2229
f 2191 2703 2231
f 2217 2699 2222
f 2191 1915 2703
f 2157 2158 2666
f 2238 2239 2321
f 2245 2526 2244
f 2526 2243 2244
f 2527 2508 2369
f 2245 2246 2509
f 2325 2327 2326
f 2248 2475 2507
f 2367 2506 2365
f 2452 2399 2403
f 2491 2489 2289
f 2407 2450 2464
f 2414 2464 2451
f 2428 2306 2259
f 2427 2421 2428
f 2324 2258 2323
f 2268 2256 2255
f 2442 2441 2534
f 2276 2549 2543
f 2286 2321 2526
f 2547 2346 2458
f 2269 2257 2264
f 2312 2272 2270
f 2260 2261 2263
f 2263 2255 2256
f 2538 2443 2536
f 2286 2497 2499
f 2554 2541 2275
f 2544 2448 2446
f 2314 2254 2312
f 2419 2451 2467
f 2301 2262 2274
f 2296 2271 2270
f 2317 2270 2315
f 2491 2269 2264
f 2431 2531 2513
f 2291 2264 2262
f 2304 2274 2260
f 2388 2467 2454
f 2455 2403 2409
f 2253 2308 2287
f 2283 2335 2282
f 2284 2336 2325
f 2365 2506 2505
f 2245 2509 2526
f 2369 2508 2494
f 2322 2318 2275
f 2499 2501 2286
f 2285 2518 2394
f 2381 2510 2500
f 2517 2374 2392
f 2427 2266 2426
f 2313 2294 2293
f 2294 2295 2293
f 2317 2297 2316
f 2301 2303 2302
f 2423 2307 2422
f 2297 2491 2289
f 2450 2489 2299
f 2300 2290 2299
f 2291 2302 2290
f 2320 2253 2292
f 2279 2415 2405
f 2310 2313 2309
f 2466 2409 2418
f 2314 2271 2294
f 2296 2316 2295
f 2298 2315 2269
f 2463 2416 2401
f 2277 2402 2278
f 2312 2254 2272
f 2499 2516 2501
f 2334 2333 2332
f 2242 2243 2526
f 2529 2532 2435
f 2507 2250 2504
f 2342 2345 2356
f 2247 2507 2495
f 2444 2551 2459
f 2510 2390 2514
f 2307 2319 2320
f 2554 2275 2318
f 2285 2394 2433
f 2498 2496 2371
f 2363 2502 2398
f 2369 2494 2367
f 2553 2461 2442
f 2267 2323 2256
f 2326 2335 2283
f 2305 2304 2306
f 2259 2304 2260
f 2323 2259 2260
f 2278 2339 2338
f 2329 2330 2281
f 2321 2240 2526
f 2349 2521 2514
f 2681 2660 2183
f 2353 2184 2350
f 2354 2525 2524
f 2527 2369 2396
f 2439 2397 2462
f 2383 2460 2456
f 2378 2517 2392
f 2511 2515 2321
f 2436 2454 2470
f 2346 2389 2458
f 2380 2446 2448
f 2377 2459 2447
f 2372 2443 2445
f 2368 2441 2442
f 2366 2440 2441
f 2364 2439 2440
f 2397 2438 2462
f 2430 2437 2469
f 2358 2456 2437
f 2461 2370 2395
f 2461 2368 2442
f 2393 2457 2460
f 2465 2289 2449
f 2453 2316 2463
f 2283 2413 2420
f 2408 2280 2411
f 2400 2277 2404
f 2410 2288 2417
f 2326 2283 2420
f 2282 2408 2413
f 2415 2278 2402
f 2279 2487 2411
f 2404 2311 2410
f 2385 2468 2457
f 2429 2422 2434
f 2308 2421 2287
f 2367 2494 2506
f 2306 2434 2305
f 2360 2469 2438
f 2424 2470 2468
f 2287 2426 2253
f 2361 2531 2431
f 2532 2284 2387
f 2258 2428 2259
f 2421 2429 2428
f 2468 2434 2422
f 2438 2426 2266
f 2457 2422 2307
f 2399 2463 2401
f 2416 2449 2406
f 2460 2307 2320
f 2541 2273 2275
f 2318 2535 2554
f 2437 2292 2253
f 2469 2253 2426
f 2462 2266 2324
f 2440 2267 2268
f 2534 2255 2273
f 2541 2534 2273
f 2535 2276 2539
f 2544 2446 2540
f 2540 2447 2459
f 2276 2322 2545
f 2470 2305 2434
f 2292 2460 2320
f 2439 2324 2267
f 2391 2444 2459
f 2389 2448 2458
f 2316 2465 2463
f 2309 2455 2466
f 2313 2452 2455
f 2454 2303 2305
f 2303 2451 2302
f 2302 2464 2290
f 2290 2450 2299
f 2293 2453 2452
f 2448 2550 2458
f 2236 2234 2471
f 2472 2234 1916
f 2473 1916 1913
f 2606 2129 2023
f 2639 2615 2027
f 2638 1871 2644
f 1867 1872 1865
f 1872 1875 1876
f 1875 1826 1876
f 1837 1827 1877
f 1892 1844 2625
f 1867 1865 1830
f 1845 1829 1833
f 1829 1828 1835
f 1828 1827 1837
f 1841 2632 1864
f 1887 2648 2623
f 1892 2625 2647
f 1851 1849 1845
f 1855 1853 1849
f 2629 1859 1854
f 1857 1853 1855
f 1861 1857 1858
f 2628 1842 1848
f 1832 1830 1861
f 1863 2633 1831
f 1866 2644 1871
f 2639 2027 1918
f 2028 2620 2020
f 2027 2029 1918
f 2638 1873 1871
f 1913 1881 1880
f 1884 1879 1893
f 1886 1878 1879
f 1888 1877 1878
f 2184 2663 2350
f 1887 1885 2648
f 1908 1904 2652
f 1898 1895 1893
f 1902 1898 1897
f 1890 2652 1896
f 1907 1902 1901
f 1907 1905 1909
f 1914 2701 2654
f 1911 1909 1880
f 1906 1910 2654
f 1842 2625 1843
f 2039 2569 2572
f 2000 1962 2001
f 2001 2010 2000
f 2123 2077 2074
f 2484 2079 2485
f 2480 1968 1942
f 2135 2081 2087
f 2100 1939 1983
f 2099 2100 2093
f 1999 1998 1938
f 1936 1947 1948
f 2594 2113 2601
f 1935 2594 1952
f 1926 2573 1927
f 1997 1993 1955
f 1953 1941 1942
f 1941 1937 1942
f 1937 1949 1944
f 1949 1937 2272
f 2272 1987 1950
f 1987 1951 1950
f 1950 1990 2272
f 1941 1953 1940
f 1935 1945 1943
f 2596 2600 1955
f 2588 1964 2561
f 1993 2596 1955
f 2597 2114 2116
f 2603 2599 2118
f 2603 2118 2119
f 1989 1987 2254
f 2122 2087 2092
f 1942 1968 1978
f 1951 1971 1973
f 1950 1973 1992
f 2482 2483 1966
f 2067 2558 2057
f 2477 1977 1976
f 1953 1978 1981
f 2137 2092 2062
f 2126 2084 2077
f 1934 1965 1985
f 2571 2570 1931
f 2474 2571 1930
f 1929 2571 2474
f 2069 2587 2562
f 1997 1945 1954
f 1945 1935 1952
f 1945 1952 1954
f 2563 2561 1964
f 1964 2575 2565
f 2580 2065 2048
f 2061 1963 2104
f 2099 2098 1946
f 1988 1970 1971
f 1972 1973 1971
f 1974 1975 1992
f 1980 1981 1978
f 1984 1985 2095
f 1974 1966 2483
f 2482 2120 2484
f 2476 1976 2121
f 1979 1978 1968
f 1995 1969 1934
f 1958 2080 2090
f 1988 1989 2310
f 2466 2418 2084
f 1951 1987 1989
f 1991 1992 1973
f 1990 1992 1975
f 2134 2076 2089
f 2075 2073 1956
f 2069 2562 2045
f 2055 2566 2576
f 2580 2048 2564
f 1960 2005 1961
f 2005 2006 1961
f 2006 2007 2008
f 1927 2573 1928
f 2037 2707 2569
f 2071 2035 2568
f 2106 2591 2096
f 2014 2011 1956
f 1986 2288 2030
f 2288 2337 2032
f 2030 2288 2032
f 2014 1956 2015
f 1956 1986 2031
f 2015 1956 2031
f 2017 2016 2018
f 2016 2015 2018
f 1986 2030 2031
f 1955 2610 2608
f 2063 2055 2576
f 1984 1995 1994
f 2598 2611 2600
f 1928 2559 2571
f 1996 2588 1921
f 2588 1926 1925
f 1952 2602 1954
f 1947 1936 1998
f 1982 1983 1981
f 1939 1940 1981
f 1936 1943 1940
f 1940 1939 1998
f 1939 1938 1998
f 1957 1956 2011
f 2011 2012 1957
f 1962 1961 2009
f 1961 2008 2009
f 1957 2013 1960
f 2013 2004 1960
f 2004 2003 1960
f 2003 2002 1960
f 2002 2005 1960
f 1960 1959 1958
f 2588 1922 1921
f 2584 1919 2585
f 2019 2579 2583
f 2620 1869 2020
f 2025 2020 1869
f 2110 2133 2072
f 2131 2068 2058
f 2052 2065 2580
f 2102 2033 2577
f 2125 2062 2107
f 2118 2054 2056
f 2130 2066 2053
f 2114 2046 2050
f 2112 2042 2044
f 2111 2040 2042
f 2110 2038 2040
f 2109 2036 2072
f 2108 2034 2103
f 2127 2058 2034
f 2132 2070 2046
f 2132 2113 2044
f 2128 2060 2068
f 2136 2120 1966
f 2124 2134 1991
f 2088 1961 1962
f 2479 1959 2082
f 2073 2078 1956
f 2083 2417 2288
f 1963 2061 2000
f 2061 2091 2000
f 2091 1962 2000
f 2082 1960 1961
f 2486 1958 2086
f 2078 2083 1986
f 2138 2097 2060
f 2094 2095 2101
f 2093 2095 1985
f 2057 2558 2577
f 2071 2568 2589
f 2105 2101 1983
f 2139 2103 2036
f 2140 2107 2097
f 1965 1934 2098
f 1938 1939 2100
f 2093 2100 2101
f 2105 2140 2138
f 2098 2139 2109
f 2094 2138 2128
f 2074 2076 2134
f 2089 2079 2120
f 1984 2128 2131
f 1955 2604 2610
f 2132 2595 2614
f 1969 2127 2108
f 1934 2108 2139
f 1946 2109 2133
f 1947 2110 2111
f 1948 2111 2112
f 1993 2613 2596
f 2612 2597 2115
f 2600 2604 1955
f 2599 2130 2117
f 2605 2021 2026
f 1982 2125 2140
f 1969 1995 2131
f 1999 2133 2110
f 2066 2130 2115
f 2064 2129 2119
f 1991 2134 2136
f 2309 2466 2126
f 1988 2126 2123
f 1980 2137 2125
f 1980 1979 2122
f 1979 1967 2135
f 2476 2081 2135
f 1944 2483 1977
f 1970 2123 2124
f 2523 2662 2678
f 2148 2182 2687
f 2187 2185 2190
f 2185 2181 2180
f 2190 2185 2180
f 2192 2143 2154
f 2153 2151 2668
f 2181 2147 2146
f 2150 2145 2160
f 2152 2144 2145
f 2154 2143 2144
f 2148 2687 2674
f 2668 2689 2203
f 2175 2171 2671
f 2165 2161 2160
f 2169 2165 2164
f 2173 2674 2670
f 2169 2168 2172
f 2174 2172 2176
f 2157 2671 2163
f 2147 2178 2176
f 2206 2691 2207
f 2155 2685 2183
f 2678 2188 2142
f 2679 2186 2189
f 2237 2354 2523
f 2237 2523 2678
f 2158 2159 2666
f 2228 2230 2233
f 2230 2228 2195
f 2208 2194 2198
f 2194 2193 2200
f 2193 2192 2202
f 2699 2229 2196
f 2203 2689 2201
f 2215 2694 2211
f 2214 2212 2208
f 2218 2216 2212
f 2222 2699 2226
f 2221 2220 2216
f 2224 2220 2221
f 2694 2205 2211
f 2195 2224 2225
f 2231 2703 2698
f 2167 2163 2671
f 2247 2248 2507
f 2452 2453 2399
f 2491 2299 2489
f 2300 2491 2264
f 2407 2412 2450
f 2414 2407 2464
f 2428 2429 2306
f 2427 2287 2421
f 2492 2425 2386
f 2324 2266 2258
f 2268 2267 2256
f 2442 2534 2542
f 2441 2268 2534
f 2511 2321 2286
f 2276 2318 2322
f 2257 2261 2262
f 2261 2274 2262
f 2262 2264 2257
f 2272 2257 2269
f 2269 2315 2272
f 2315 2270 2272
f 2270 2271 2312
f 2260 2274 2261
f 2263 2265 2255
f 2537 2535 2539
f 2396 2496 2527
f 2540 2459 2551
f 2538 2445 2443
f 2536 2443 2461
f 2547 2458 2550
f 2314 2310 2254
f 2419 2414 2451
f 2301 2291 2262
f 2296 2294 2271
f 2317 2296 2270
f 2431 2513 2359
f 2291 2300 2264
f 2304 2301 2274
f 2388 2419 2467
f 2455 2452 2403
f 2253 2319 2308
f 2321 2515 2520
f 2507 2475 2249
f 2495 2509 2247
f 2286 2526 2497
f 2255 2265 2273
f 2265 2322 2275
f 2273 2265 2275
f 2396 2371 2496
f 2501 2511 2286
f 2361 2502 2531
f 2347 2514 2390
f 2532 2387 2435
f 2427 2258 2266
f 2313 2314 2294
f 2294 2296 2295
f 2317 2298 2297
f 2301 2304 2303
f 2423 2308 2307
f 2297 2298 2491
f 2489 2449 2289
f 2300 2291 2290
f 2291 2301 2302
f 2320 2319 2253
f 2279 2278 2415
f 2310 2314 2313
f 2466 2455 2409
f 2314 2312 2271
f 2296 2317 2316
f 2298 2317 2315
f 2463 2465 2416
f 2277 2400 2402
f 2517 2498 2374
f 2378 2500 2517
f 2381 2500 2379
f 2332 2331 2282
f 2331 2281 2282
f 2282 2334 2332
f 2246 2247 2509
f 2363 2706 2502
f 2529 2435 2425
f 2398 2502 2361
f 2277 2338 2341
f 2342 2343 2345
f 2343 2344 2345
f 2277 2341 2342
f 2337 2288 2357
f 2288 2311 2355
f 2355 2357 2288
f 2311 2277 2356
f 2277 2342 2356
f 2356 2355 2311
f 2276 2545 2549
f 2510 2381 2390
f 2307 2308 2319
f 2552 2537 2539
f 2241 2242 2526
f 2321 2239 2240
f 2553 2442 2542
f 2267 2324 2323
f 2365 2505 2363
f 2305 2303 2304
f 2259 2306 2304
f 2323 2258 2259
f 2260 2263 2256
f 2256 2323 2260
f 2338 2277 2278
f 2278 2340 2339
f 2334 2282 2335
f 2330 2340 2281
f 2340 2278 2281
f 2278 2279 2281
f 2279 2280 2281
f 2281 2331 2328
f 2328 2329 2281
f 2348 2523 2521
f 2238 2520 2525
f 2526 2240 2241
f 2663 2522 2350
f 2353 2156 2184
f 2439 2362 2397
f 2383 2432 2460
f 2498 2371 2375
f 2518 2285 2513
f 2436 2388 2454
f 2380 2376 2446
f 2377 2391 2459
f 2372 2370 2443
f 2368 2366 2441
f 2366 2364 2440
f 2364 2362 2439
f 2397 2360 2438
f 2430 2358 2437
f 2358 2382 2456
f 2461 2443 2370
f 2461 2395 2368
f 2393 2385 2457
f 2465 2297 2289
f 2453 2295 2316
f 2283 2282 2413
f 2408 2281 2280
f 2410 2311 2288
f 2420 2387 2325
f 2387 2284 2325
f 2325 2326 2420
f 2282 2281 2408
f 2411 2280 2279
f 2404 2277 2311
f 2385 2424 2468
f 2429 2423 2422
f 2394 2492 2386
f 2308 2423 2421
f 2394 2518 2492
f 2523 2354 2524
f 2513 2285 2384
f 2513 2384 2359
f 2306 2429 2434
f 2360 2430 2469
f 2424 2436 2470
f 2287 2427 2426
f 2533 2528 2251
f 2284 2251 2252
f 2258 2427 2428
f 2421 2423 2429
f 2468 2470 2434
f 2438 2469 2426
f 2457 2468 2422
f 2399 2453 2463
f 2416 2465 2449
f 2460 2457 2307
f 2318 2276 2535
f 2437 2456 2292
f 2469 2437 2253
f 2462 2438 2266
f 2440 2439 2267
f 2441 2440 2268
f 2536 2461 2553
f 2444 2538 2551
f 2276 2543 2539
f 2448 2544 2550
f 2352 2351 2548
f 2470 2454 2305
f 2292 2456 2460
f 2439 2462 2324
f 2391 2373 2444
f 2389 2380 2448
f 2316 2297 2465
f 2309 2313 2455
f 2313 2293 2452
f 2454 2467 2303
f 2303 2467 2451
f 2302 2451 2464
f 2290 2464 2450
f 2490 2406 2449
f 2293 2295 2453
f 2236 2233 2234
f 2472 2471 2234
f 2473 2472 1916
f 1928 2571 1929
f 2507 2249 2250
f 2121 2478 2476
f 2520 2521 2525
f 2532 2533 2284
f 2529 2493 2528
f 2496 2526 2527
f 2496 2499 2497
f 2500 2516 2517
f 2505 2507 2504
f 2506 2495 2507
f 2508 2495 2494
f 2510 2501 2500
f 2531 2503 2530
f 2510 2515 2511
f 2498 2516 2499
f 2492 2519 2493
f 2508 2526 2509
f 2514 2520 2515
f 2504 2706 2505
f 2529 2533 2532
f 2531 2512 2513
f 2512 2518 2513
f 2492 2529 2425
f 2433 2384 2285
f 2460 2432 2393
f 2535 2553 2554
f 2537 2536 2535
f 2552 2540 2551
f 2534 2541 2542
f 2539 2544 2540
f 2549 2544 2543
f 2552 2538 2537
f 2541 2553 2542
f 2549 2547 2550
f 2534 2268 2255
f 2027 2586 2029
f 2590 2591 2104
f 2555 2591 2590
f 2557 2558 2582
f 2561 2587 2588
f 2563 2562 2561
f 2581 2566 2580
f 2571 2569 2570
f 2571 2560 2572
f 2559 2574 2560
f 2565 2576 2566
f 2593 2568 2592
f 2557 2577 2558
f 2578 2576 2575
f 2581 2564 2563
f 2555 2582 2556
f 2588 2574 2573
f 2584 2579 2578
f 2567 2589 2568
f 2567 2708 2589
f 2593 2577 2557
f 2096 2591 2556
f 2614 2596 2613
f 2595 2598 2596
f 2599 2611 2612
f 2594 2601 2602
f 2603 2600 2599
f 2603 2610 2604
f 2597 2611 2598
f 2601 2613 2602
f 2609 2608 2610
f 1935 1948 2594
f 2585 2583 2584
f 2027 2583 2586
f 2524 2521 2523
f 2525 2521 2524
f 2616 2622 2620
f 2622 2619 2620
f 2658 2664 2663
f 2664 2661 2663
f 2627 2626 2624
f 2630 2623 2626
f 2627 2634 2630
f 2630 2633 2629
f 2642 2634 2631
f 2645 2633 2634
f 2642 2640 2645
f 2640 2644 2645
f 2637 2621 2641
f 2641 2615 2639
f 2650 2649 2648
f 2653 2646 2649
f 2654 2653 2650
f 2657 2651 2653
f 2648 2626 2623
f 2649 2624 2626
f 2701 2657 2654
f 2704 2655 2657
f 2670 2669 2668
f 2673 2667 2669
f 2674 2673 2670
f 2677 2672 2673
f 2674 2688 2677
f 2677 2686 2676
f 2687 2684 2688
f 2684 2686 2688
f 2662 2683 2678
f 2665 2680 2683
f 2693 2692 2690
f 2696 2689 2692
f 2693 2700 2696
f 2700 2695 2696
f 2690 2669 2667
f 2692 2668 2669
f 2702 2700 2697
f 2704 2699 2700
f 1870 2617 2636
f 2251 2504 2250
f 2503 2705 2528
f 2493 2503 2528
f 2519 2530 2493
f 2104 1963 1933
f 1932 2570 2590
f 2557 2555 2593
f 2567 2555 2590
f 2483 1944 1949
f 1944 1977 2481
f 1944 2480 1942
f 1976 1977 2483
f 1967 1968 2481
f 2482 2484 2121
f 1967 2477 2476
f 1932 2590 2104
f 1963 2000 2010
f 2029 2586 2585
f 2484 2485 2085
f 2412 2488 2490
f 2325 2336 2327
f 2491 2298 2269
f 2284 2252 2336
f 2450 2490 2489
f 2326 2327 2335
f 2354 2238 2525
f 2279 2405 2487
f 2028 2616 2620
f 2184 2658 2663
f 2484 2120 2079
f 2480 2481 1968
f 2477 2481 1977
f 2482 1966 2120
f 2476 2477 1976
f 2106 2104 2591
f 2584 1996 1919
f 2620 2619 1869
f 2479 2086 1959
f 2486 2080 1958
f 2476 2478 2081
f 2491 2300 2299
f 2489 2490 2449
f 2238 2321 2520
f 2663 2661 2522
f 2284 2533 2251
f 2490 2488 2406
f 2121 2085 2478
f 2529 2492 2493
f 2496 2497 2526
f 2496 2498 2499
f 2500 2501 2516
f 2505 2506 2507
f 2506 2494 2495
f 2508 2509 2495
f 2510 2511 2501
f 2531 2502 2503
f 2510 2514 2515
f 2498 2517 2516
f 2492 2518 2519
f 2508 2527 2526
f 2514 2521 2520
f 2529 2528 2533
f 2531 2530 2512
f 2512 2519 2518
f 2535 2536 2553
f 2537 2538 2536
f 2552 2539 2540
f 2539 2543 2544
f 2549 2550 2544
f 2552 2551 2538
f 2541 2554 2553
f 2549 2545 2546
f 2555 2556 2591
f 2561 2562 2587
f 2563 2564 2562
f 2581 2565 2566
f 2571 2572 2569
f 2571 2559 2560
f 2559 2573 2574
f 2565 2575 2576
f 2593 2567 2568
f 2578 2579 2576
f 2581 2580 2564
f 2555 2557 2582
f 2588 2587 2574
f 2584 2583 2579
f 2593 2592 2577
f 2614 2595 2596
f 2595 2597 2598
f 2599 2600 2611
f 2603 2604 2600
f 2603 2609 2610
f 2597 2612 2611
f 2601 2614 2613
f 2609 2607 2608
f 2027 2022 2583
f 2627 2630 2626
f 2630 2629 2623
f 2627 2631 2634
f 2630 2634 2633
f 2642 2645 2634
f 2645 2644 2633
f 2642 2635 2640
f 2640 2638 2644
f 2637 2618 2621
f 2641 2621 2615
f 2650 2653 2649
f 2653 2651 2646
f 2654 2657 2653
f 2657 2655 2651
f 2648 2649 2626
f 2649 2646 2624
f 2701 2704 2657
f 2704 2702 2655
f 2670 2673 2669
f 2673 2672 2667
f 2674 2677 2673
f 2677 2676 2672
f 2674 2687 2688
f 2677 2688 2686
f 2687 2679 2684
f 2684 2682 2686
f 2662 2665 2683
f 2665 2659 2680
f 2693 2696 2692
f 2696 2695 2689
f 2693 2697 2700
f 2700 2699 2695
f 2690 2692 2669
f 2692 2689 2668
f 2702 2704 2700
f 2704 2701 2699
f 2251 2528 2504
f 2493 2530 2503
f 2519 2512 2530
f 1932 1931 2570
f 2567 2593 2555
f 2567 2590 2708
f 2705 2502 2706
f 2528 2705 2504
f 2708 2570 2569
f 2708 2590 2570
f 2589 2708 2707
f 2569 2707 2708
f 40 6 267
f 168 270 269
f 133 269 271
f 6 262 271
f 272 622 623
f 274 626 627
f 628 629 279
f 282 274 275
f 278 279 287
f 288 280 281
f 290 282 283
f 286 287 295
f 296 288 289
f 290 291 299
f 302 294 295
f 296 297 306
f 304 306 307
f 310 311 309
f 308 298 299
f 316 318 319
f 302 303 318
f 305 307 322
f 320 322 323
f 324 326 327
f 309 311 326
f 332 334 335
f 332 317 319
f 321 323 337
f 338 325 327
f 333 335 343
f 342 343 351
f 346 570 568
f 343 569 571
f 352 344 345
f 346 347 355
f 358 350 351
f 352 353 362
f 360 362 363
f 364 366 367
f 354 355 366
f 374 375 373
f 372 358 359
f 363 378 376
f 378 379 377
f 380 382 383
f 365 367 382
f 390 391 389
f 388 373 375
f 1075 381 383
f 389 391 1078
f 1083 1082 392
f 394 395 1084
f 1089 398 399
f 1080 579 381
f 402 403 411
f 414 406 407
f 410 586 584
f 418 410 411
f 414 415 423
f 588 586 410
f 416 417 426
f 424 426 427
f 430 431 429
f 428 418 419
f 436 438 439
f 422 423 438
f 425 427 442
f 440 442 443
f 444 446 447
f 429 431 446
f 454 455 453
f 452 437 439
f 445 447 459
f 462 453 455
f 598 595 445
f 458 459 467
f 470 462 463
f 473 472 464
f 474 466 467
f 470 471 479
f 480 472 473
f 474 475 483
f 478 479 487
f 600 598 458
f 658 480 481
f 654 482 483
f 486 487 656
f 490 491 499
f 502 494 495
f 489 497 496
f 498 499 507
f 510 502 503
f 513 512 504
f 506 507 515
f 518 510 511
f 506 610 608
f 522 514 515
f 518 519 527
f 528 520 521
f 530 522 523
f 526 527 535
f 614 612 514
f 539 538 646
f 542 648 649
f 545 544 536
f 546 620 618
f 538 539 547
f 550 542 543
f 943 942 544
f 944 546 547
f 550 551 949
f 538 618 650
f 552 630 626
f 556 554 282
f 558 556 290
f 312 313 311
f 298 308 560
f 560 308 309
f 561 309 324
f 564 324 325
f 565 325 338
f 354 572 570
f 369 367 366
f 572 354 364
f 574 364 365
f 575 365 380
f 578 380 381
f 1085 1090 582
f 403 404 412
f 412 420 419
f 432 433 431
f 418 428 590
f 428 429 591
f 591 429 444
f 594 444 445
f 459 460 468
f 602 600 466
f 604 602 474
f 659 492 491
f 661 604 482
f 490 498 608
f 514 612 610
f 516 524 523
f 616 614 522
f 532 644 647
f 533 534 648
f 944 1020 620
f 624 276 275
f 547 548 946
f 625 628 278
f 947 549 550
f 524 532 531
f 525 526 534
f 507 508 516
f 517 509 510
f 499 500 508
f 500 499 491
f 476 484 483
f 468 476 475
f 469 470 478
f 461 462 470
f 446 431 433
f 447 449 460
f 430 419 420
f 448 449 447
f 434 421 422
f 421 413 414
f 1086 404 403
f 397 398 1089
f 384 382 367
f 1076 396 395
f 368 366 355
f 385 383 382
f 347 348 356
f 357 349 350
f 344 571 569
f 326 311 313
f 339 327 329
f 312 310 299
f 328 329 327
f 291 292 300
f 284 292 291
f 627 636 635
f 286 285 277
f 301 293 294
f 301 302 316
f 295 557 559
f 314 316 317
f 315 317 332
f 330 332 333
f 341 331 333
f 345 337 568
f 370 357 358
f 359 351 571
f 372 373 371
f 386 371 373
f 388 389 387
f 387 389 1079
f 413 405 406
f 1088 399 583
f 415 407 585
f 415 587 589
f 434 436 437
f 450 435 437
f 450 452 453
f 451 453 462
f 463 455 597
f 477 478 486
f 485 486 657
f 487 479 603
f 493 494 502
f 509 501 502
f 517 518 526
f 511 611 613
f 549 541 542
f 535 527 615
f 628 625 634
f 551 621 1021
f 543 619 621
f 543 649 651
f 618 537 643
f 519 613 615
f 609 611 511
f 607 609 503
f 656 487 605
f 479 471 601
f 471 463 599
f 597 455 454
f 596 454 439
f 593 439 438
f 592 438 423
f 391 581 1081
f 391 390 580
f 390 375 577
f 375 374 576
f 374 359 573
f 343 335 567
f 335 334 566
f 334 319 563
f 319 318 562
f 562 318 303
f 287 555 557
f 279 553 555
f 629 631 553
f 272 553 631
f 285 286 294
f 280 555 553
f 281 273 552
f 288 557 555
f 289 281 554
f 288 296 559
f 289 556 558
f 273 623 630
f 304 562 559
f 305 563 562
f 560 561 307
f 306 297 558
f 566 563 305
f 320 321 567
f 322 564 565
f 307 561 564
f 336 569 567
f 323 565 568
f 346 338 339
f 340 348 347
f 342 350 349
f 344 352 573
f 345 570 572
f 576 573 352
f 360 361 577
f 362 574 575
f 353 572 574
f 580 577 361
f 376 377 581
f 378 578 579
f 363 575 578
f 392 583 1081
f 1073 379 579
f 1082 400 585
f 1083 393 582
f 409 408 400
f 400 408 587
f 401 584 586
f 416 589 587
f 409 586 588
f 456 441 443
f 424 592 589
f 425 593 592
f 426 590 591
f 417 588 590
f 596 593 425
f 440 441 597
f 594 595 443
f 427 591 594
f 441 456 599
f 457 443 595
f 464 456 457
f 456 464 601
f 465 457 598
f 472 603 601
f 473 465 600
f 472 480 605
f 481 473 602
f 652 481 604
f 609 607 488
f 497 489 606
f 505 504 496
f 488 607 660
f 611 609 496
f 497 608 610
f 504 512 613
f 505 610 612
f 521 520 512
f 520 615 613
f 521 513 612
f 528 617 615
f 529 521 614
f 529 643 642
f 642 536 619
f 536 544 621
f 537 618 620
f 942 1021 621
f 943 545 620
f 554 552 274
f 280 272 273
f 622 633 632
f 626 637 636
f 629 628 639
f 540 539 647
f 631 629 638
f 622 631 641
f 623 632 640
f 541 645 648
f 630 640 637
f 646 530 531
f 539 540 548
f 535 617 651
f 643 529 616
f 534 535 649
f 530 646 650
f 642 651 617
f 1072 377 379
f 416 408 409
f 642 643 537
f 276 284 283
f 480 658 660
f 652 661 606
f 495 656 660
f 655 657 494
f 490 606 661
f 483 484 659
f 657 656 495
f 654 653 491
f 489 488 658
f 345 344 336
f 1023 1022 662
f 664 665 1027
f 669 1029 1028
f 672 673 665
f 677 669 668
f 671 670 678
f 680 681 673
f 685 677 676
f 679 678 686
f 689 681 680
f 692 693 685
f 686 694 696
f 694 695 697
f 699 701 700
f 698 700 689
f 706 707 709
f 708 693 692
f 695 710 712
f 710 711 713
f 714 715 717
f 716 701 699
f 722 723 725
f 722 724 709
f 711 726 727
f 728 729 717
f 733 725 723
f 1118 733 732
f 1115 728 966
f 1121 967 733
f 735 734 1102
f 1104 737 736
f 1109 1108 741
f 742 750 752
f 750 751 753
f 754 755 757
f 756 745 744
f 763 765 764
f 762 764 749
f 766 768 753
f 767 769 768
f 770 771 773
f 772 757 755
f 779 781 780
f 778 780 765
f 1094 773 771
f 1099 1098 781
f 1063 783 782
f 1065 1064 785
f 1068 789 788
f 1095 771 977
f 801 793 792
f 805 797 796
f 792 982 984
f 808 809 801
f 813 805 804
f 808 800 984
f 814 816 807
f 815 817 816
f 819 821 820
f 818 820 809
f 827 829 828
f 828 813 812
f 815 830 832
f 830 831 833
f 835 837 836
f 834 836 821
f 843 845 844
f 842 844 829
f 849 837 835
f 852 853 845
f 835 993 996
f 857 849 848
f 860 861 853
f 863 855 854
f 864 865 857
f 869 861 860
f 863 862 870
f 873 865 864
f 877 869 868
f 848 996 998
f 871 870 1058
f 1054 1053 873
f 1056 877 876
f 889 881 880
f 892 893 885
f 879 878 886
f 897 889 888
f 900 901 893
f 903 895 894
f 905 897 896
f 908 909 901
f 1006 1008 896
f 912 913 905
f 917 909 908
f 911 910 918
f 920 921 913
f 925 917 916
f 904 1010 1012
f 929 1047 1046
f 1049 1048 932
f 935 927 926
f 936 928 1016
f 937 929 928
f 940 941 933
f 943 935 934
f 944 945 937
f 949 941 940
f 928 1046 1050
f 1026 1030 950
f 672 952 954
f 680 954 956
f 702 700 701
f 958 698 688
f 958 959 699
f 959 962 714
f 962 963 715
f 963 966 728
f 1105 736 968
f 756 757 759
f 970 972 754
f 972 973 755
f 973 976 770
f 976 977 771
f 784 980 1070
f 793 801 802
f 801 809 810
f 822 820 821
f 986 988 818
f 989 819 818
f 989 992 834
f 992 993 835
f 849 857 858
f 856 998 1000
f 864 1000 1002
f 881 882 1059
f 872 1002 1061
f 880 1004 1006
f 904 896 1008
f 913 914 906
f 912 1012 1014
f 1047 1044 922
f 1048 924 923
f 944 936 1018
f 665 666 1024
f 937 945 946
f 668 1028 1025
f 947 948 940
f 921 922 914
f 924 916 915
f 897 905 906
f 907 908 900
f 889 897 898
f 890 882 881
f 873 874 866
f 865 866 858
f 867 868 860
f 859 860 852
f 823 821 836
f 837 849 850
f 822 810 809
f 838 836 837
f 824 826 812
f 811 812 804
f 793 794 1066
f 1069 788 787
f 774 759 757
f 785 786 1096
f 758 746 745
f 772 773 775
f 1104 745 746
f 1107 1109 740
f 1121 969 734
f 718 703 701
f 719 717 729
f 702 690 689
f 718 716 717
f 681 689 690
f 681 682 674
f 1027 1024 1035
f 676 668 667
f 691 692 684
f 704 706 692
f 957 955 685
f 705 707 706
f 722 707 705
f 720 721 723
f 732 723 721
f 1113 1120 966
f 760 762 748
f 1108 1111 969
f 761 763 762
f 776 778 763
f 777 779 778
f 1097 1099 779
f 804 796 795
f 1071 981 789
f 985 983 797
f 813 987 985
f 825 827 826
f 842 827 825
f 841 843 842
f 852 843 841
f 853 997 995
f 875 876 868
f 1057 876 875
f 877 1003 1001
f 892 884 883
f 899 900 892
f 916 908 907
f 1011 1009 901
f 939 940 932
f 925 1015 1013
f 1028 1039 1034
f 1021 1019 941
f 1019 1017 933
f 1051 1049 933
f 1016 1050 1043
f 1013 1011 909
f 901 1009 1007
f 893 1007 1005
f 1056 1060 1003
f 869 1001 999
f 861 999 997
f 995 994 844
f 994 991 829
f 991 990 828
f 990 987 813
f 1098 1101 979
f 978 780 781
f 975 765 780
f 974 764 765
f 971 749 764
f 967 965 725
f 964 724 725
f 961 709 724
f 960 708 709
f 960 957 693
f 955 953 677
f 953 951 669
f 951 1031 1029
f 1031 951 662
f 684 676 675
f 951 953 670
f 671 952 950
f 953 955 678
f 679 954 952
f 678 955 957
f 956 954 679
f 663 950 1030
f 694 686 957
f 960 961 695
f 697 959 958
f 696 958 956
f 695 961 964
f 710 964 965
f 712 713 963
f 962 959 697
f 726 711 965
f 727 966 963
f 1115 1114 729
f 737 738 1116
f 1117 739 740
f 1102 1111 971
f 1110 968 735
f 742 971 974
f 750 974 975
f 752 753 973
f 972 970 743
f 751 975 978
f 766 978 979
f 768 769 977
f 976 973 753
f 1101 981 782
f 1093 1100 977
f 1062 1071 983
f 1063 1070 980
f 799 791 790
f 790 983 985
f 984 982 791
f 798 985 987
f 986 984 799
f 833 831 846
f 814 806 987
f 990 991 815
f 817 989 988
f 988 986 807
f 815 991 994
f 830 994 995
f 833 993 992
f 992 989 817
f 995 997 846
f 847 996 993
f 847 846 854
f 846 997 999
f 998 996 847
f 999 1001 862
f 863 1000 998
f 862 1001 1003
f 871 1002 1000
f 1052 1061 1002
f 878 1005 1007
f 887 1006 1004
f 886 894 895
f 1060 1005 878
f 1009 894 886
f 1008 1006 887
f 894 1009 1011
f 1010 1008 895
f 911 903 902
f 1011 1013 910
f 911 1012 1010
f 1013 1015 918
f 919 1014 1012
f 1042 1043 919
f 1017 926 1042
f 926 1017 1019
f 1018 1016 927
f 1019 1021 942
f 943 1020 1018
f 664 950 952
f 663 662 670
f 1032 1033 1022
f 1036 1037 1026
f 1029 1038 1039
f 930 1044 1047
f 1031 1041 1038
f 1022 1033 1041
f 1040 1032 1023
f 1048 1045 931
f 1037 1040 1030
f 1046 1047 921
f 929 937 938
f 1051 1015 925
f 1043 1050 1014
f 1049 925 924
f 1050 1046 920
f 1015 1051 1042
f 769 767 1092
f 799 798 806
f 1042 926 927
f 673 674 666
f 870 1003 1060
f 1004 1061 1052
f 885 1005 1060
f 884 1057 1055
f 880 1054 1061
f 873 1053 1059
f 885 1056 1057
f 881 1053 1054
f 879 1052 1058
f 1113 727 726
f 982 1070 1063
f 981 1071 1062
f 983 1071 1068
f 796 1069 1067
f 1064 1066 786
f 1065 1070 982
f 797 1068 1069
f 793 1064 1065
f 791 1063 1062
f 393 392 1072
f 393 1073 1080
f 1072 1081 581
f 1078 1081 583
f 1077 1079 398
f 383 385 1076
f 582 1080 1075
f 1079 1078 399
f 394 1075 1074
f 1083 1090 584
f 1082 1091 583
f 407 1088 1091
f 1087 1089 406
f 396 1086 1084
f 402 584 1090
f 1089 1088 407
f 402 1085 1084
f 401 400 1082
f 783 1093 1092
f 783 980 1100
f 767 979 1101
f 981 1101 1098
f 788 1099 1097
f 773 1094 1096
f 1095 1100 980
f 789 1098 1099
f 784 785 1094
f 970 1110 1103
f 734 969 1111
f 749 971 1111
f 747 748 1109
f 737 1104 1106
f 744 1105 1110
f 748 749 1108
f 745 1104 1105
f 1103 1102 742
f 735 1113 1112
f 731 1117 1119
f 1114 1116 730
f 736 737 1114
f 735 968 1120
f 967 1121 1112
f 969 1121 1118
f 736 1115 1120
f 741 1118 1119
f 1213 1216 1238
f 1154 1236 1238
f 1239 1241 1323
f 1264 1240 1239
f 1471 1472 1450
f 1472 1470 1388
f 1588 1589 1567
f 1589 1587 1505
f 1705 1706 1684
f 1706 1704 1622
f 1798 1801 1823
f 1739 1821 1823
f 2037 2589 2707
f 2363 2505 2706
f 2504 2705 2706
f 2705 2503 2502
