# https://github.com/mikedh/trimesh
mtllib football.mtl
usemtl football
v 0.00000011 -0.00000004 0.00000000
v 0.18090149 -0.13143136 0.13819558
v -0.06909724 -0.21266182 0.13819551
v -0.22360627 -0.00000002 0.13819620
v -0.06909723 0.21266179 0.13819546
v 0.18090151 0.13143135 0.13819552
v 0.06909723 -0.21266181 0.36180454
v -0.18090149 -0.13143134 0.36180448
v -0.18090149 0.13143136 0.36180442
v 0.06909723 0.21266184 0.36180448
v 0.22360627 0.00000002 0.36180380
v -0.00000011 0.00000004 0.50000000
v -0.04037661 -0.12426799 0.03857998
v 0.10570916 -0.07680144 0.03857996
v 0.06533273 -0.20107030 0.11933451
v 0.21141858 -0.00000002 0.11933474
v 0.10570915 0.07680138 0.03857993
v -0.13066373 -0.00000004 0.03858045
v -0.17104117 -0.12426836 0.11933482
v -0.04037663 0.12426794 0.03857993
v -0.17104117 0.12426831 0.11933478
v 0.06533273 0.20107028 0.11933443
v 0.23637383 -0.07680170 0.24999994
v 0.23637383 0.07680171 0.24999992
v 0.00000000 -0.24853770 0.25000004
v 0.14608700 -0.20107104 0.25000001
v -0.23637383 -0.07680170 0.25000008
v -0.14608700 -0.20107104 0.25000006
v -0.14608700 0.20107102 0.24999999
v -0.23637385 0.07680170 0.25000006
v 0.14608700 0.20107106 0.24999995
v -0.00000000 0.24853770 0.24999996
v 0.17104117 -0.12426830 0.38066522
v -0.06533273 -0.20107030 0.38066556
v -0.21141858 0.00000002 0.38066526
v -0.06533273 0.20107030 0.38066549
v 0.17104117 0.12426835 0.38066517
v 0.04037662 -0.12426794 0.46142005
v 0.13066373 0.00000004 0.46141957
v -0.10570915 -0.07680138 0.46142007
v -0.10570916 0.07680144 0.46142004
v 0.04037662 0.12426800 0.46142002
v -0.02880662 -0.08865869 0.01901928
v -0.01986748 -0.06114647 0.00856565
v -0.01086204 -0.03343033 0.00246420
v 0.13341031 -0.09692729 0.06332107
v 0.15144121 -0.11002735 0.08452011
v 0.15144121 -0.11002735 0.08452011
v 0.16640040 -0.12089576 0.10785743
v 0.02446081 -0.21162717 0.12093527
v -0.00582971 -0.21582018 0.12425576
v -0.00582971 -0.21582018 0.12425576
v -0.03512050 -0.21627611 0.12958197
v 0.20882849 -0.04213339 0.12093549
v 0.20345591 -0.07223685 0.12425595
v 0.20345591 -0.07223685 0.12425595
v 0.19483818 -0.10023467 0.12958210
v 0.13341031 0.09692723 0.06332101
v 0.15144123 0.11002731 0.08452009
v 0.15144123 0.11002731 0.08452009
v 0.16640040 0.12089571 0.10785741
v -0.09322167 -0.00000004 0.01901960
v -0.06429345 -0.00000004 0.00856584
v -0.03515079 -0.00000004 0.00246430
v -0.19371148 -0.08865896 0.12093576
v -0.20705950 -0.06114665 0.12425638
v -0.20705950 -0.06114665 0.12425638
v -0.21654435 -0.03343042 0.12958266
v -0.02880662 0.08865861 0.01901926
v -0.01986748 0.06114639 0.00856560
v -0.01086204 0.03343026 0.00246420
v -0.14417982 0.15683290 0.12093545
v -0.12213851 0.17802940 0.12425585
v -0.12213851 0.17802940 0.12425585
v -0.09870951 0.19561488 0.12958199
v 0.10460385 0.18558670 0.12093522
v 0.13157384 0.17117437 0.12425575
v 0.13157384 0.17117437 0.12425575
v 0.15553839 0.15432639 0.12958196
v 0.22663286 -0.09692756 0.21415833
v 0.21573536 -0.11002760 0.18855025
v 0.21573536 -0.11002760 0.18855025
v 0.20155165 -0.12089591 0.16473341
v 0.24032296 0.05479401 0.28584142
v 0.23920673 0.03779058 0.31144937
v 0.23412005 0.02066109 0.33526608
v -0.02215075 -0.24549281 0.21415832
v -0.03797698 -0.23917681 0.18855020
v -0.03797698 -0.23917681 0.18855020
v -0.05269625 -0.22904574 0.16473336
v 0.12637633 -0.21162785 0.28584171
v 0.10985974 -0.21582070 0.31144985
v 0.09199640 -0.21627636 0.33526669
v -0.24032296 -0.05479401 0.21415858
v -0.23920673 -0.03779058 0.18855063
v -0.23920673 -0.03779058 0.18855063
v -0.23412004 -0.02066109 0.16473392
v -0.16221800 -0.18558730 0.28584174
v -0.17130949 -0.17117477 0.31144983
v -0.17726296 -0.15432657 0.33526666
v -0.12637633 0.21162789 0.21415829
v -0.10985975 0.21582072 0.18855016
v -0.10985975 0.21582072 0.18855016
v -0.09199640 0.21627636 0.16473331
v -0.22663286 0.09692755 0.28584167
v -0.21573536 0.11002759 0.31144975
v -0.20155165 0.12089591 0.33526659
v 0.16221800 0.18558729 0.21415826
v 0.17130951 0.17117476 0.18855017
v 0.17130951 0.17117476 0.18855017
v 0.17726296 0.15432657 0.16473333
v 0.02215075 0.24549278 0.28584168
v 0.03797698 0.23917681 0.31144980
v 0.05269625 0.22904575 0.33526664
v 0.14417982 -0.15683290 0.37906455
v 0.12213850 -0.17802941 0.37574414
v 0.09870951 -0.19561490 0.37041801
v -0.10460385 -0.18558670 0.37906478
v -0.13157385 -0.17117437 0.37574424
v -0.15553839 -0.15432637 0.37041803
v -0.20882849 0.04213338 0.37906449
v -0.20345591 0.07223685 0.37574406
v -0.19483818 0.10023467 0.37041790
v -0.02446081 0.21162717 0.37906473
v 0.00582971 0.21582019 0.37574424
v 0.03512050 0.21627607 0.37041803
v 0.19371150 0.08865896 0.37906424
v 0.20705950 0.06114665 0.37574362
v 0.21654438 0.03343043 0.37041734
v 0.05095731 -0.15683256 0.43667904
v 0.05784440 -0.17802916 0.41548001
v 0.05784440 -0.17802916 0.41548001
v 0.06355826 -0.19561472 0.39214265
v 0.09322167 0.00000004 0.48098040
v 0.06429345 0.00000004 0.49143415
v 0.03515079 0.00000004 0.49753570
v -0.13341031 -0.09692723 0.43667899
v -0.15144121 -0.11002730 0.41547993
v -0.15144121 -0.11002730 0.41547993
v -0.16640040 -0.12089571 0.39214259
v -0.13341029 0.09692729 0.43667894
v -0.15144121 0.11002734 0.41547988
v -0.15144121 0.11002734 0.41547988
v -0.16640040 0.12089577 0.39214257
v 0.05095731 0.15683264 0.43667898
v 0.05784440 0.17802921 0.41547993
v 0.05784440 0.17802921 0.41547993
v 0.06355826 0.19561478 0.39214260
v -0.06355826 -0.19561477 0.10785740
v -0.05784439 -0.17802921 0.08452009
v -0.05784439 -0.17802921 0.08452009
v -0.05095731 -0.15683264 0.06332101
v 0.02843775 -0.02066104 0.00246418
v 0.05201460 -0.03779047 0.00856560
v 0.07541797 -0.05479383 0.01901926
v 0.15553841 -0.15432640 0.12958199
v 0.13157385 -0.17117441 0.12425580
v 0.10460385 -0.18558673 0.12093528
v 0.19483819 0.10023464 0.12958208
v 0.20345591 0.07223679 0.12425593
v 0.20882851 0.04213335 0.12093548
v 0.02843775 0.02066096 0.00246418
v 0.05201460 0.03779038 0.00856557
v 0.07541796 0.05479376 0.01901921
v -0.20568202 -0.00000002 0.10785813
v -0.18719157 -0.00000003 0.08452076
v -0.18719157 -0.00000003 0.08452076
v -0.16490422 -0.00000003 0.06332164
v -0.09870951 -0.19561492 0.12958206
v -0.12213851 -0.17802943 0.12425591
v -0.14417982 -0.15683293 0.12093549
v -0.06355826 0.19561473 0.10785733
v -0.05784440 0.17802913 0.08451997
v -0.05784440 0.17802913 0.08451997
v -0.05095731 0.15683256 0.06332097
v -0.21654437 0.03343039 0.12958264
v -0.20705950 0.06114661 0.12425635
v -0.19371148 0.08865891 0.12093575
v -0.03512050 0.21627606 0.12958190
v -0.00582971 0.21582014 0.12425569
v 0.02446081 0.21162715 0.12093521
v 0.23412004 -0.02066107 0.33526608
v 0.23920673 -0.03779055 0.31144939
v 0.24032298 -0.05479401 0.28584144
v 0.20155165 0.12089588 0.16473338
v 0.21573536 0.11002757 0.18855021
v 0.22663286 0.09692754 0.21415831
v 0.05269625 -0.22904569 0.33526672
v 0.03797698 -0.23917677 0.31144988
v 0.02215075 -0.24549278 0.28584176
v 0.17726296 -0.15432659 0.16473338
v 0.17130948 -0.17117477 0.18855021
v 0.16221800 -0.18558729 0.21415833
v -0.20155165 -0.12089588 0.33526662
v -0.21573536 -0.11002758 0.31144979
v -0.22663286 -0.09692754 0.28584169
v -0.09199639 -0.21627639 0.16473337
v -0.10985975 -0.21582075 0.18855024
v -0.12637634 -0.21162785 0.21415836
v -0.17726296 0.15432659 0.33526662
v -0.17130949 0.17117479 0.31144979
v -0.16221800 0.18558729 0.28584167
v -0.23412005 0.02066107 0.16473392
v -0.23920669 0.03779055 0.18855062
v -0.24032296 0.05479400 0.21415856
v 0.09199640 0.21627639 0.33526663
v 0.10985975 0.21582075 0.31144977
v 0.12637633 0.21162787 0.28584164
v -0.05269625 0.22904570 0.16473327
v -0.03797699 0.23917676 0.18855012
v -0.02215075 0.24549276 0.21415824
v 0.21654438 -0.03343039 0.37041737
v 0.20705952 -0.06114661 0.37574365
v 0.20705952 -0.06114661 0.37574365
v 0.19371146 -0.08865891 0.37906426
v 0.03512050 -0.21627606 0.37041810
v 0.00582971 -0.21582016 0.37574430
v 0.00582971 -0.21582016 0.37574430
v -0.02446081 -0.21162713 0.37906479
v -0.19483818 -0.10023464 0.37041793
v -0.20345591 -0.07223679 0.37574407
v -0.20345591 -0.07223679 0.37574407
v -0.20882849 -0.04213335 0.37906452
v -0.15553841 0.15432642 0.37041800
v -0.13157385 0.17117439 0.37574420
v -0.13157385 0.17117439 0.37574420
v -0.10460385 0.18558675 0.37906470
v 0.09870951 0.19561492 0.37041795
v 0.12213851 0.17802945 0.37574409
v 0.12213851 0.17802945 0.37574409
v 0.14417980 0.15683293 0.37906451
v 0.01086204 -0.03343025 0.49753580
v 0.01986748 -0.06114639 0.49143438
v 0.02880663 -0.08865860 0.48098072
v 0.20568202 0.00000002 0.39214187
v 0.18719156 0.00000003 0.41547924
v 0.18719156 0.00000003 0.41547924
v 0.16490422 0.00000003 0.43667836
v -0.02843775 -0.02066096 0.49753582
v -0.05201460 -0.03779038 0.49143440
v -0.07541797 -0.05479377 0.48098077
v -0.02843775 0.02066104 0.49753582
v -0.05201460 0.03779047 0.49143441
v -0.07541796 0.05479383 0.48098075
v 0.01086204 0.03343033 0.49753580
v 0.01986748 0.06114647 0.49143435
v 0.02880662 0.08865870 0.48098070
v 0.10984763 0.03825465 0.46914684
v 0.09116553 0.06623556 0.47100717
v 0.07032682 0.09264962 0.46914706
v 0.14688437 0.03825470 0.44625703
v 0.15690306 0.06623568 0.43037939
v 0.15690306 0.06623568 0.43037939
v 0.16455849 0.09264984 0.41090900
v 0.08177166 0.12787345 0.44625741
v 0.11147934 0.12875521 0.43037970
v 0.11147934 0.12875521 0.43037970
v 0.13896664 0.12787358 0.41090915
v -0.00243820 0.11629213 0.46914725
v -0.03482263 0.10717110 0.47100742
v -0.06638330 0.09551487 0.46914723
v 0.00900645 0.15151604 0.44625755
v -0.01450925 0.16969099 0.43037992
v -0.01450925 0.16969099 0.43037992
v -0.03726501 0.18513423 0.41090944
v -0.09634655 0.11728432 0.44625755
v -0.08800521 0.14581033 0.43037992
v -0.08800521 0.14581033 0.43037992
v -0.07867291 0.17167976 0.41090944
v -0.11135416 0.03361777 0.46914718
v -0.11268697 0.00000004 0.47100740
v -0.11135416 -0.03361770 0.46914721
v -0.14131744 0.05538705 0.44625746
v -0.16586961 0.03863889 0.43037975
v -0.16586961 0.03863889 0.43037975
v -0.18758894 0.02176931 0.41090924
v -0.14131744 -0.05538699 0.44625748
v -0.16586961 -0.03863884 0.43037976
v -0.16586961 -0.03863884 0.43037976
v -0.18758894 -0.02176925 0.41090924
v -0.06638330 -0.09551480 0.46914726
v -0.03482264 -0.10717103 0.47100745
v -0.00243820 -0.11629207 0.46914726
v -0.09634655 -0.11728426 0.44625760
v -0.08800520 -0.14581026 0.43037993
v -0.08800520 -0.14581026 0.43037993
v -0.07867292 -0.17167968 0.41090952
v 0.00900645 -0.15151596 0.44625760
v -0.01450925 -0.16969094 0.43037997
v -0.01450925 -0.16969094 0.43037997
v -0.03726501 -0.18513416 0.41090952
v 0.07032682 -0.09264956 0.46914710
v 0.09116553 -0.06623549 0.47100720
v 0.10984764 -0.03825457 0.46914683
v 0.08177166 -0.12787337 0.44625745
v 0.11147934 -0.12875516 0.43037973
v 0.11147934 -0.12875516 0.43037973
v 0.13896664 -0.12787355 0.41090924
v 0.14688437 -0.03825462 0.44625703
v 0.15690306 -0.06623562 0.43037945
v 0.15690306 -0.06623562 0.43037945
v 0.16455851 -0.09264979 0.41090904
v 0.22569800 0.09551525 0.28863042
v 0.21324723 0.10717150 0.31769161
v 0.19710034 0.11629254 0.34582570
v 0.21862475 0.11728478 0.25159342
v 0.20069269 0.14581098 0.25195365
v 0.20069269 0.14581098 0.25195365
v 0.17910405 0.17168049 0.25159343
v 0.17150855 0.15151658 0.34582578
v 0.16782368 0.16969169 0.31769172
v 0.16782368 0.16969169 0.31769172
v 0.16058551 0.18513498 0.28863050
v -0.02109693 0.24416714 0.28863058
v -0.03603031 0.23592767 0.31769185
v -0.04969463 0.22338950 0.34582599
v -0.04398652 0.24416733 0.25159345
v -0.07665773 0.23592799 0.25195367
v -0.07665773 0.23592799 0.25195367
v -0.10793224 0.22339006 0.25159346
v -0.09110276 0.20993504 0.34582599
v -0.10952680 0.21204703 0.31769186
v -0.10952680 0.21204703 0.31769186
v -0.12645079 0.20993544 0.28863058
v -0.23873642 0.05538720 0.28863054
v -0.23551486 0.03863899 0.31769171
v -0.22781286 0.02176934 0.34582579
v -0.24580993 0.03361786 0.25159356
v -0.24806980 -0.00000000 0.25195378
v -0.24806980 -0.00000000 0.25195378
v -0.24580993 -0.03361786 0.25159357
v -0.22781286 -0.02176931 0.34582581
v -0.23551486 -0.03863896 0.31769173
v -0.23551486 -0.03863896 0.31769173
v -0.23873642 -0.05538719 0.28863055
v -0.12645080 -0.20993541 0.28863066
v -0.10952681 -0.21204702 0.31769192
v -0.09110276 -0.20993504 0.34582606
v -0.10793224 -0.22339006 0.25159354
v -0.07665773 -0.23592799 0.25195374
v -0.07665773 -0.23592799 0.25195374
v -0.04398652 -0.24416733 0.25159353
v -0.04969462 -0.22338947 0.34582607
v -0.03603031 -0.23592764 0.31769193
v -0.03603031 -0.23592764 0.31769193
v -0.02109693 -0.24416718 0.28863066
v 0.16058551 -0.18513498 0.28863057
v 0.16782368 -0.16969162 0.31769177
v 0.17150855 -0.15151653 0.34582583
v 0.17910405 -0.17168050 0.25159349
v 0.20069269 -0.14581098 0.25195369
v 0.20069269 -0.14581098 0.25195369
v 0.21862475 -0.11728478 0.25159346
v 0.19710034 -0.11629251 0.34582572
v 0.21324722 -0.10717149 0.31769164
v 0.21324722 -0.10717149 0.31769164
v 0.22569800 -0.09551524 0.28863045
v 0.10793224 0.22339006 0.24840647
v 0.07665773 0.23592799 0.24804625
v 0.04398652 0.24416733 0.24840647
v 0.12645080 0.20993544 0.21136934
v 0.10952681 0.21204702 0.18230809
v 0.09110276 0.20993502 0.15417393
v 0.02109693 0.24416714 0.21136934
v 0.03603031 0.23592766 0.18230807
v 0.04969462 0.22338947 0.15417393
v -0.17910403 0.17168050 0.24840651
v -0.20069269 0.14581098 0.24804631
v -0.21862475 0.11728478 0.24840654
v -0.16058551 0.18513500 0.21136943
v -0.16782370 0.16969164 0.18230824
v -0.17150855 0.15151653 0.15417417
v -0.22569800 0.09551523 0.21136955
v -0.21324722 0.10717148 0.18230836
v -0.19710037 0.11629251 0.15417427
v -0.21862475 -0.11728478 0.24840658
v -0.20069269 -0.14581098 0.24804635
v -0.17910405 -0.17168050 0.24840657
v -0.22569800 -0.09551525 0.21136958
v -0.21324722 -0.10717150 0.18230840
v -0.19710034 -0.11629254 0.15417430
v -0.16058551 -0.18513500 0.21136950
v -0.16782366 -0.16969169 0.18230829
v -0.17150855 -0.15151658 0.15417422
v 0.04398652 -0.24416733 0.24840655
v 0.07665773 -0.23592799 0.24804633
v 0.10793224 -0.22339006 0.24840654
v 0.02109693 -0.24416716 0.21136942
v 0.03603031 -0.23592769 0.18230814
v 0.04969463 -0.22338949 0.15417401
v 0.12645080 -0.20993542 0.21136942
v 0.10952680 -0.21204703 0.18230815
v 0.09110277 -0.20993504 0.15417401
v 0.24580993 -0.03361786 0.24840644
v 0.24806980 -0.00000000 0.24804622
v 0.24580993 0.03361786 0.24840643
v 0.23873642 -0.05538721 0.21136946
v 0.23551487 -0.03863899 0.18230829
v 0.22781286 -0.02176934 0.15417419
v 0.23873642 0.05538719 0.21136945
v 0.23551486 0.03863896 0.18230826
v 0.22781286 0.02176931 0.15417420
v 0.09634656 0.11728426 0.05374240
v 0.08800520 0.14581026 0.06962007
v 0.08800520 0.14581026 0.06962007
v 0.07867291 0.17167970 0.08909048
v 0.06638330 0.09551481 0.03085274
v 0.03482264 0.10717103 0.02899250
v 0.00243820 0.11629206 0.03085270
v 0.03726501 0.18513416 0.08909048
v 0.01450925 0.16969094 0.06962000
v 0.01450925 0.16969094 0.06962000
v -0.00900645 0.15151597 0.05374237
v -0.08177166 0.12787337 0.05374252
v -0.11147934 0.12875516 0.06962025
v -0.11147934 0.12875516 0.06962025
v -0.13896666 0.12787354 0.08909076
v -0.07032682 0.09264956 0.03085290
v -0.09116553 0.06623549 0.02899280
v -0.10984763 0.03825457 0.03085316
v -0.16455851 0.09264979 0.08909096
v -0.15690306 0.06623562 0.06962055
v -0.15690306 0.06623562 0.06962055
v -0.14688437 0.03825462 0.05374297
v -0.14688437 -0.03825469 0.05374297
v -0.15690306 -0.06623568 0.06962061
v -0.15690306 -0.06623568 0.06962061
v -0.16455851 -0.09264984 0.08909100
v -0.10984764 -0.03825465 0.03085317
v -0.09116553 -0.06623556 0.02899283
v -0.07032682 -0.09264962 0.03085294
v -0.13896666 -0.12787360 0.08909083
v -0.11147934 -0.12875521 0.06962029
v -0.11147934 -0.12875521 0.06962029
v -0.08177166 -0.12787345 0.05374257
v 0.18758894 0.02176925 0.08909076
v 0.16586961 0.03863884 0.06962025
v 0.16586961 0.03863884 0.06962025
v 0.14131744 0.05538699 0.05374252
v 0.18758894 -0.02176931 0.08909074
v 0.16586961 -0.03863890 0.06962025
v 0.16586961 -0.03863890 0.06962025
v 0.14131744 -0.05538706 0.05374255
v 0.11135416 0.03361770 0.03085282
v 0.11268697 -0.00000004 0.02899260
v 0.11135416 -0.03361777 0.03085280
v -0.00900645 -0.15151604 0.05374245
v 0.01450925 -0.16969099 0.06962010
v 0.01450925 -0.16969099 0.06962010
v 0.03726501 -0.18513423 0.08909056
v 0.00243820 -0.11629213 0.03085277
v 0.03482264 -0.10717109 0.02899255
v 0.06638330 -0.09551487 0.03085277
v 0.07867291 -0.17167976 0.08909056
v 0.08800521 -0.14581033 0.06962007
v 0.08800521 -0.14581033 0.06962007
v 0.09634655 -0.11728432 0.05374244
v 0.02302713 -0.07086897 0.01129130
v 0.01430796 -0.04403457 0.00416774
v 0.03619652 -0.05721722 0.00930712
v 0.05378854 -0.07426214 0.01833275
v 0.02814619 -0.08662352 0.01800638
v 0.00013527 -0.09169532 0.01833273
v 0.00434852 -0.06756535 0.00930715
v 0.17666382 -0.07421344 0.08932435
v 0.17666382 -0.07421344 0.08932435
v 0.17666382 -0.07421344 0.08932435
v 0.18032935 -0.09737620 0.10655557
v 0.16610632 -0.08976284 0.08608459
v 0.16610632 -0.08976284 0.08608459
v 0.15282849 -0.07585236 0.06843021
v 0.17267900 -0.05928298 0.08034063
v 0.17267900 -0.05928298 0.08034063
v 0.19165269 -0.04764530 0.09808924
v 0.18915196 -0.07301944 0.10368989
v 0.18915196 -0.07301944 0.10368989
v -0.06028496 -0.04379957 0.01129153
v -0.03745811 -0.02721493 0.00416790
v -0.04323166 -0.05210580 0.00930725
v -0.05400617 -0.07410391 0.01833287
v -0.07368663 -0.05353643 0.01800663
v -0.08716616 -0.02846372 0.01833305
v -0.06291505 -0.02501429 0.00930735
v -0.06028496 0.04379949 0.01129151
v -0.03745811 0.02721485 0.00416788
v -0.06291505 0.02501421 0.00930735
v -0.08716617 0.02846364 0.01833305
v -0.07368663 0.05353637 0.01800660
v -0.05400617 0.07410385 0.01833283
v -0.04323166 0.05210572 0.00930724
v 0.02302713 0.07086890 0.01129125
v 0.01430796 0.04403448 0.00416774
v 0.00434852 0.06756527 0.00930709
v 0.00013527 0.09169524 0.01833268
v 0.02814619 0.08662345 0.01800635
v 0.05378854 0.07426208 0.01833270
v 0.03619652 0.05721713 0.00930709
v 0.22271815 -0.07421353 0.16384158
v 0.22271815 -0.07421353 0.16384158
v 0.20894528 -0.09737628 0.15285699
v 0.21545394 -0.07301949 0.14624727
v 0.21545394 -0.07301949 0.14624727
v 0.22158170 -0.04764535 0.14651519
v 0.22897143 -0.05928308 0.17142339
v 0.23074713 -0.07585254 0.19450498
v 0.22089448 -0.08976300 0.17473349
v 0.22089448 -0.08976300 0.17473349
v -0.00175763 -0.23475051 0.16384143
v -0.00175763 -0.23475051 0.16384143
v -0.02804282 -0.22880949 0.15285689
v -0.00286663 -0.22747285 0.14624709
v -0.00286663 -0.22747285 0.14624709
v 0.02315938 -0.22545952 0.14651500
v 0.01437448 -0.23608396 0.17142326
v -0.00083559 -0.24289309 0.19450491
v -0.01710978 -0.23782122 0.17473337
v -0.01710978 -0.23782122 0.17473337
v -0.22380485 -0.07086920 0.16384189
v -0.22380485 -0.07086920 0.16384189
v -0.22627713 -0.04403469 0.15285746
v -0.21722613 -0.06756556 0.14624763
v -0.21722613 -0.06756556 0.14624763
v -0.20726890 -0.09169562 0.14651543
v -0.22008792 -0.08662381 0.17142360
v -0.23126386 -0.07426240 0.19450521
v -0.23146926 -0.05721740 0.17473383
v -0.23146926 -0.05721740 0.17473383
v -0.13656014 0.19095070 0.16384148
v -0.13656014 0.19095070 0.16384148
v -0.11180261 0.20159438 0.15285690
v -0.13138512 0.18571490 0.14624717
v -0.13138512 0.18571490 0.14624717
v -0.15125749 0.16878834 0.14651513
v -0.15039532 0.18254720 0.17142332
v -0.14209252 0.19699597 0.19450492
v -0.12594488 0.20245864 0.17473339
v -0.12594488 0.20245864 0.17473339
v 0.13940612 0.18888311 0.16384141
v 0.13940612 0.18888311 0.16384141
v 0.15717924 0.16862638 0.15285687
v 0.13602578 0.18234336 0.14624707
v 0.13602578 0.18234336 0.14624707
v 0.11378701 0.19601246 0.14651494
v 0.12713869 0.19944426 0.17142320
v 0.14344587 0.19601277 0.19450485
v 0.15363101 0.18234356 0.17473334
v 0.15363101 0.18234356 0.17473334
v 0.19969143 -0.14508322 0.20989598
v 0.19969143 -0.14508322 0.20989598
v 0.19463760 -0.14141135 0.18147295
v 0.20774373 -0.13023726 0.20103549
v 0.20774373 -0.13023726 0.20103549
v 0.21578291 -0.12190810 0.22443402
v 0.20082570 -0.14590749 0.22771592
v 0.20082570 -0.14590749 0.22771592
v 0.18262302 -0.16754891 0.22443402
v 0.18806040 -0.15732915 0.20103549
v -0.07627485 -0.23475088 0.20989597
v -0.07627485 -0.23475088 0.20989597
v -0.07434423 -0.22880971 0.18147293
v -0.05966715 -0.23782142 0.20103548
v -0.05966715 -0.23782142 0.20103548
v -0.04926154 -0.24289330 0.22443403
v -0.07670829 -0.23608437 0.22771594
v -0.07670829 -0.23608437 0.22771594
v -0.10291535 -0.22546011 0.22443404
v -0.09151548 -0.22747330 0.20103549
v -0.24683206 -0.00000001 0.20989627
v -0.24683206 -0.00000001 0.20989627
v -0.24058513 -0.00000001 0.18147342
v -0.24462030 -0.01674346 0.20103585
v -0.24462030 -0.01674346 0.20103585
v -0.24622837 -0.02820714 0.22443424
v -0.24823420 -0.00000001 0.22771613
v -0.24823420 -0.00000001 0.22771613
v -0.24622837 0.02820714 0.22443423
v -0.24462030 0.01674344 0.20103585
v -0.07627484 0.23475088 0.20989588
v -0.07627484 0.23475088 0.20989588
v -0.07434422 0.22880970 0.18147285
v -0.09151547 0.22747330 0.20103542
v -0.09151547 0.22747330 0.20103542
v -0.10291535 0.22546011 0.22443397
v -0.07670829 0.23608435 0.22771586
v -0.07670829 0.23608435 0.22771586
v -0.04926153 0.24289329 0.22443395
v -0.05966715 0.23782142 0.20103540
v 0.19969141 0.14508323 0.20989593
v 0.19969141 0.14508323 0.20989593
v 0.19463760 0.14141131 0.18147291
v 0.18806039 0.15732915 0.20103544
v 0.18806039 0.15732915 0.20103544
v 0.18262302 0.16754891 0.22443397
v 0.20082570 0.14590749 0.22771587
v 0.20082570 0.14590749 0.22771587
v 0.21578289 0.12190806 0.22443398
v 0.20774373 0.13023726 0.20103545
v 0.09930130 -0.16388048 0.41067572
v 0.09930130 -0.16388048 0.41067572
v 0.08865175 -0.18477423 0.39344455
v 0.11010629 -0.17025487 0.39631020
v 0.12704437 -0.15119647 0.40191081
v 0.10485367 -0.14945917 0.41965942
v 0.10485367 -0.14945917 0.41965942
v 0.07905477 -0.15119632 0.43156986
v 0.08162018 -0.17025474 0.41391550
v 0.08162018 -0.17025474 0.41391550
v -0.12517442 -0.14508270 0.41067580
v -0.12517442 -0.14508270 0.41067580
v -0.14833630 -0.14141099 0.39344455
v -0.12789795 -0.15732862 0.39631030
v -0.10453839 -0.16754820 0.40191103
v -0.10974326 -0.14590683 0.41965954
v -0.10974326 -0.14590683 0.41965954
v -0.11936748 -0.12190759 0.43156989
v -0.13670036 -0.13023683 0.41391551
v -0.13670036 -0.13023683 0.41391551
v -0.17666382 0.07421344 0.41067565
v -0.17666382 0.07421344 0.41067565
v -0.18032935 0.09737620 0.39344443
v -0.18915194 0.07301943 0.39631008
v -0.19165269 0.04764531 0.40191076
v -0.17267901 0.05928298 0.41965937
v -0.17267901 0.05928298 0.41965937
v -0.15282849 0.07585237 0.43156979
v -0.16610633 0.08976284 0.41391541
v -0.16610633 0.08976284 0.41391541
v 0.01598876 0.19095021 0.41067582
v 0.01598876 0.19095021 0.41067582
v 0.03688534 0.20159404 0.39344455
v 0.01099413 0.20245811 0.39631026
v -0.01391108 0.19699534 0.40191096
v 0.00302033 0.18254661 0.41965952
v 0.00302033 0.18254661 0.41965952
v 0.02491308 0.16878791 0.43156987
v 0.03403972 0.18571450 0.41391551
v 0.03403972 0.18571450 0.41391551
v 0.18654617 0.04379969 0.41067513
v 0.18654617 0.04379969 0.41067513
v 0.20312635 0.02721501 0.39344383
v 0.19594738 0.05210595 0.39630963
v 0.18305588 0.07410412 0.40191039
v 0.17454644 0.05353657 0.41965894
v 0.17454644 0.05353657 0.41965894
v 0.16822634 0.02846379 0.43156927
v 0.18714473 0.02501435 0.41391481
v 0.18714473 0.02501435 0.41391481
v 0.06028495 0.04379957 0.48870847
v 0.08716617 0.02846372 0.48166695
v 0.07368663 0.05353644 0.48199337
v 0.05400617 0.07410391 0.48166713
v 0.04323166 0.05210580 0.49069275
v 0.03745811 0.02721493 0.49583210
v 0.06291505 0.02501429 0.49069265
v 0.12176523 0.08846744 0.44702213
v 0.12176523 0.08846744 0.44702213
v 0.12675568 0.05702394 0.45509658
v 0.13758291 0.07900002 0.44036188
v 0.13758291 0.07900002 0.44036188
v 0.14167158 0.10293020 0.42526499
v 0.11764893 0.10643639 0.44036201
v 0.11764893 0.10643639 0.44036201
v 0.09340245 0.10293006 0.45509675
v 0.10873428 0.07899993 0.45819122
v 0.09930130 0.16388054 0.41067568
v 0.09930130 0.16388054 0.41067568
v 0.09930130 0.16388054 0.41067568
v 0.12704438 0.15119654 0.40191074
v 0.11010630 0.17025491 0.39631015
v 0.11010630 0.17025491 0.39631015
v 0.08865175 0.18477426 0.39344448
v 0.08162018 0.17025479 0.41391545
v 0.08162018 0.17025479 0.41391545
v 0.07905476 0.15119637 0.43156979
v 0.10485366 0.14945923 0.41965939
v 0.10485366 0.14945923 0.41965939
v -0.02302713 0.07086897 0.48870869
v -0.00013527 0.09169532 0.48166724
v -0.02814619 0.08662351 0.48199362
v -0.05378855 0.07426214 0.48166727
v -0.03619652 0.05721722 0.49069288
v -0.01430796 0.04403456 0.49583224
v -0.00434852 0.06756533 0.49069288
v -0.04651085 0.14314305 0.44702250
v -0.04651085 0.14314305 0.44702250
v -0.01506417 0.13817260 0.45509695
v -0.03261898 0.15526086 0.44036228
v -0.03261898 0.15526086 0.44036228
v -0.05411450 0.16654430 0.42526535
v -0.06487232 0.14478096 0.44036228
v -0.06487232 0.14478096 0.44036228
v -0.06902999 0.12063782 0.45509695
v -0.04153340 0.12782431 0.45819150
v -0.12517442 0.14508276 0.41067577
v -0.12517442 0.14508276 0.41067577
v -0.12517442 0.14508276 0.41067577
v -0.10453838 0.16754825 0.40191093
v -0.12789795 0.15732865 0.39631023
v -0.12789795 0.15732865 0.39631023
v -0.14833631 0.14141101 0.39344451
v -0.13670038 0.13023689 0.41391550
v -0.13670038 0.13023689 0.41391550
v -0.11936751 0.12190765 0.43156987
v -0.10974326 0.14590690 0.41965951
v -0.10974326 0.14590690 0.41965951
v -0.07451648 0.00000004 0.48870867
v -0.08724952 0.02820707 0.48166727
v -0.09108189 0.00000004 0.48199359
v -0.08724953 -0.02820699 0.48166725
v -0.06560248 -0.01674335 0.49069288
v -0.04630098 0.00000004 0.49583226
v -0.06560248 0.01674343 0.49069288
v -0.15051018 0.00000003 0.44702235
v -0.15051018 0.00000003 0.44702235
v -0.13606539 0.02837137 0.45509686
v -0.15774202 0.01695651 0.44036213
v -0.15774202 0.01695651 0.44036213
v -0.17511575 0.00000003 0.42526514
v -0.15774204 -0.01695645 0.44036215
v -0.15774204 -0.01695645 0.44036215
v -0.13606540 -0.02837130 0.45509690
v -0.13440311 0.00000003 0.45819140
v -0.17666382 -0.07421338 0.41067567
v -0.17666382 -0.07421338 0.41067567
v -0.17666382 -0.07421338 0.41067567
v -0.19165271 -0.04764525 0.40191076
v -0.18915194 -0.07301939 0.39631015
v -0.18915194 -0.07301939 0.39631015
v -0.18032935 -0.09737616 0.39344445
v -0.16610633 -0.08976280 0.41391545
v -0.16610633 -0.08976280 0.41391545
v -0.15282851 -0.07585230 0.43156982
v -0.17267900 -0.05928293 0.41965941
v -0.17267900 -0.05928293 0.41965941
v -0.02302713 -0.07086889 0.48870872
v -0.05378854 -0.07426206 0.48166730
v -0.02814619 -0.08662344 0.48199365
v -0.00013527 -0.09169524 0.48166729
v -0.00434852 -0.06756526 0.49069290
v -0.01430796 -0.04403448 0.49583224
v -0.03619652 -0.05721713 0.49069291
v -0.04651085 -0.14314298 0.44702252
v -0.04651085 -0.14314298 0.44702252
v -0.06902998 -0.12063775 0.45509700
v -0.06487232 -0.14478091 0.44036232
v -0.06487232 -0.14478091 0.44036232
v -0.05411450 -0.16654423 0.42526542
v -0.03261898 -0.15526083 0.44036233
v -0.03261898 -0.15526083 0.44036233
v -0.01506417 -0.13817255 0.45509700
v -0.04153339 -0.12782423 0.45819154
v 0.01598876 -0.19095013 0.41067585
v 0.01598876 -0.19095013 0.41067585
v 0.01598876 -0.19095013 0.41067585
v -0.01391108 -0.19699528 0.40191103
v 0.01099413 -0.20245809 0.39631037
v 0.01099413 -0.20245809 0.39631037
v 0.03688534 -0.20159403 0.39344462
v 0.03403972 -0.18571445 0.41391557
v 0.03403972 -0.18571445 0.41391557
v 0.02491308 -0.16878784 0.43156994
v 0.00302033 -0.18254652 0.41965961
v 0.00302033 -0.18254652 0.41965961
v 0.06028496 -0.04379948 0.48870847
v 0.05400617 -0.07410385 0.48166717
v 0.07368663 -0.05353636 0.48199340
v 0.08716616 -0.02846364 0.48166695
v 0.06291505 -0.02501421 0.49069265
v 0.03745812 -0.02721485 0.49583210
v 0.04323166 -0.05210572 0.49069276
v 0.12176522 -0.08846737 0.44702216
v 0.12176522 -0.08846737 0.44702216
v 0.09340246 -0.10292999 0.45509681
v 0.11764893 -0.10643632 0.44036205
v 0.11764893 -0.10643632 0.44036205
v 0.14167160 -0.10293013 0.42526505
v 0.13758291 -0.07899996 0.44036190
v 0.13758291 -0.07899996 0.44036190
v 0.12675568 -0.05702387 0.45509660
v 0.10873428 -0.07899988 0.45819123
v 0.18654616 -0.04379963 0.41067511
v 0.18654616 -0.04379963 0.41067511
v 0.18654616 -0.04379963 0.41067511
v 0.18305588 -0.07410407 0.40191042
v 0.19594740 -0.05210590 0.39630964
v 0.19594740 -0.05210590 0.39630964
v 0.20312637 -0.02721496 0.39344384
v 0.18714471 -0.02501430 0.41391481
v 0.18714471 -0.02501430 0.41391481
v 0.16822634 -0.02846372 0.43156927
v 0.17454642 -0.05353652 0.41965895
v 0.17454642 -0.05353652 0.41965895
v 0.22380484 0.07086920 0.33615811
v 0.23126386 0.07426240 0.30549479
v 0.22008792 0.08662381 0.32857640
v 0.20726890 0.09169561 0.35348457
v 0.21722615 0.06756555 0.35375238
v 0.22627711 0.04403469 0.34714254
v 0.23146924 0.05721740 0.32526617
v 0.19702129 0.14314368 0.29651083
v 0.19702129 0.14314368 0.29651083
v 0.21431450 0.12063834 0.27997970
v 0.19927581 0.14478161 0.27710900
v 0.19927581 0.14478161 0.27710900
v 0.18096138 0.16654504 0.27997973
v 0.18485139 0.15526155 0.30595783
v 0.18485139 0.15526155 0.30595783
v 0.19017980 0.13817317 0.32824912
v 0.20478531 0.12782483 0.30595781
v 0.13656013 0.19095073 0.33615844
v 0.13656013 0.19095073 0.33615844
v 0.14209251 0.19699602 0.30549501
v 0.12594488 0.20245868 0.32526654
v 0.11180261 0.20159441 0.34714305
v 0.13138512 0.18571494 0.35375277
v 0.13138512 0.18571494 0.35375277
v 0.15125747 0.16878838 0.35348482
v 0.15039532 0.18254721 0.32857662
v 0.15039532 0.18254721 0.32857662
v 0.00175763 0.23475049 0.33615856
v 0.00083559 0.24289309 0.30549509
v -0.01437448 0.23608396 0.32857674
v -0.02315938 0.22545952 0.35348501
v 0.00286663 0.22747285 0.35375291
v 0.02804282 0.22880949 0.34714311
v 0.01710978 0.23782122 0.32526661
v -0.07525573 0.23161190 0.29651095
v -0.07525573 0.23161190 0.29651095
v -0.04850801 0.24110427 0.27997980
v -0.07611675 0.23426232 0.27710907
v -0.07611675 0.23426232 0.27710907
v -0.10247432 0.22356952 0.27997981
v -0.09054120 0.22378227 0.30595796
v -0.09054120 0.22378227 0.30595796
v -0.07264276 0.22356922 0.32824932
v -0.05828757 0.23426214 0.30595796
v -0.13940611 0.18888313 0.33615854
v -0.13940611 0.18888313 0.33615854
v -0.14344591 0.19601281 0.30549509
v -0.15363102 0.18234359 0.32526660
v -0.15717926 0.16862644 0.34714309
v -0.13602580 0.18234337 0.35375286
v -0.13602580 0.18234337 0.35375286
v -0.11378700 0.19601251 0.35348500
v -0.12713869 0.19944426 0.32857674
v -0.12713869 0.19944426 0.32857674
v -0.22271813 0.07421352 0.33615842
v -0.23074715 0.07585254 0.30549501
v -0.22897141 0.05928308 0.32857662
v -0.22158168 0.04764535 0.35348480
v -0.21545394 0.07301948 0.35375274
v -0.20894526 0.09737628 0.34714301
v -0.22089448 0.08976300 0.32526651
v -0.24353170 0.00000001 0.29651086
v -0.24353170 0.00000001 0.29651086
v -0.24429399 0.02837144 0.27997978
v -0.24631847 0.00000001 0.27710906
v -0.24631847 0.00000001 0.27710906
v -0.24429397 -0.02837143 0.27997979
v -0.24080873 -0.01695652 0.30595786
v -0.24080873 -0.01695652 0.30595786
v -0.23507516 0.00000001 0.32824916
v -0.24080873 0.01695655 0.30595785
v -0.22271813 -0.07421350 0.33615844
v -0.22271813 -0.07421350 0.33615844
v -0.23074713 -0.07585252 0.30549505
v -0.22089448 -0.08976296 0.32526656
v -0.20894528 -0.09737624 0.34714304
v -0.21545394 -0.07301947 0.35375275
v -0.21545394 -0.07301947 0.35375275
v -0.22158170 -0.04764532 0.35348482
v -0.22897143 -0.05928305 0.32857663
v -0.22897143 -0.05928305 0.32857663
v -0.13940611 -0.18888311 0.33615860
v -0.14344589 -0.19601277 0.30549515
v -0.12713871 -0.19944426 0.32857680
v -0.11378701 -0.19601246 0.35348506
v -0.13602578 -0.18234337 0.35375293
v -0.15717923 -0.16862639 0.34714312
v -0.15363101 -0.18234354 0.32526665
v -0.07525573 -0.23161190 0.29651102
v -0.07525573 -0.23161190 0.29651102
v -0.10247432 -0.22356950 0.27997988
v -0.07611675 -0.23426231 0.27710915
v -0.07611675 -0.23426231 0.27710915
v -0.04850801 -0.24110430 0.27997989
v -0.05828756 -0.23426211 0.30595804
v -0.05828756 -0.23426211 0.30595804
v -0.07264276 -0.22356916 0.32824939
v -0.09054120 -0.22378224 0.30595803
v 0.00175763 -0.23475047 0.33615864
v 0.00175763 -0.23475047 0.33615864
v 0.00083559 -0.24289307 0.30549517
v 0.01710978 -0.23782119 0.32526671
v 0.02804282 -0.22880948 0.34714320
v 0.00286663 -0.22747283 0.35375298
v 0.00286663 -0.22747283 0.35375298
v -0.02315938 -0.22545949 0.35348507
v -0.01437448 -0.23608391 0.32857684
v -0.01437448 -0.23608391 0.32857684
v 0.13656013 -0.19095070 0.33615852
v 0.14209251 -0.19699599 0.30549509
v 0.15039532 -0.18254718 0.32857668
v 0.15125749 -0.16878834 0.35348487
v 0.13138510 -0.18571490 0.35375283
v 0.11180261 -0.20159438 0.34714309
v 0.12594487 -0.20245864 0.32526661
v 0.19702129 -0.14314368 0.29651088
v 0.19702129 -0.14314368 0.29651088
v 0.18096140 -0.16654501 0.27997979
v 0.19927581 -0.14478163 0.27710904
v 0.19927581 -0.14478163 0.27710904
v 0.21431451 -0.12063832 0.27997974
v 0.20478532 -0.12782483 0.30595784
v 0.20478532 -0.12782483 0.30595784
v 0.19017980 -0.13817313 0.32824917
v 0.18485139 -0.15526150 0.30595788
v 0.22380485 -0.07086916 0.33615812
v 0.22380485 -0.07086916 0.33615812
v 0.23126386 -0.07426238 0.30549482
v 0.23146924 -0.05721737 0.32526618
v 0.22627711 -0.04403465 0.34714256
v 0.21722613 -0.06756552 0.35375240
v 0.21722613 -0.06756552 0.35375240
v 0.20726890 -0.09169559 0.35348462
v 0.22008792 -0.08662377 0.32857643
v 0.22008792 -0.08662377 0.32857643
v 0.07627484 0.23475086 0.29010403
v 0.10291534 0.22546009 0.27556596
v 0.07670829 0.23608435 0.27228406
v 0.04926153 0.24289329 0.27556597
v 0.05966715 0.23782142 0.29896453
v 0.07434423 0.22880971 0.31852708
v 0.09151547 0.22747328 0.29896451
v 0.07525573 0.23161193 0.20348898
v 0.10247432 0.22356952 0.22002012
v 0.09054119 0.22378224 0.19404197
v 0.07264277 0.22356918 0.17175061
v 0.05828757 0.23426212 0.19404196
v 0.04850801 0.24110427 0.22002012
v 0.07611674 0.23426232 0.22289085
v -0.00175764 0.23475046 0.16384136
v 0.02315938 0.22545949 0.14651492
v -0.00286663 0.22747283 0.14624702
v -0.02804282 0.22880944 0.15285679
v -0.01710979 0.23782119 0.17473330
v -0.00083559 0.24289305 0.19450483
v 0.01437448 0.23608391 0.17142317
v -0.19969141 0.14508322 0.29010402
v -0.18262302 0.16754891 0.27556598
v -0.20082570 0.14590747 0.27228408
v -0.21578291 0.12190809 0.27556598
v -0.20774373 0.13023726 0.29896451
v -0.19463760 0.14141133 0.31852704
v -0.18806039 0.15732910 0.29896451
v -0.19702129 0.14314365 0.20348912
v -0.18096140 0.16654504 0.22002021
v -0.18485139 0.15526152 0.19404212
v -0.19017980 0.13817313 0.17175083
v -0.20478531 0.12782483 0.19404216
v -0.21431450 0.12063833 0.22002025
v -0.19927581 0.14478161 0.22289096
v -0.22380484 0.07086917 0.16384188
v -0.20726890 0.09169557 0.14651538
v -0.21722613 0.06756553 0.14624760
v -0.22627711 0.04403466 0.15285744
v -0.23146926 0.05721737 0.17473381
v -0.23126384 0.07426238 0.19450518
v -0.22008792 0.08662377 0.17142358
v -0.19969141 -0.14508323 0.29010407
v -0.21578291 -0.12190809 0.27556602
v -0.20082570 -0.14590747 0.27228413
v -0.18262302 -0.16754891 0.27556603
v -0.18806040 -0.15732917 0.29896456
v -0.19463761 -0.14141131 0.31852710
v -0.20774372 -0.13023726 0.29896455
v -0.19702129 -0.14314367 0.20348917
v -0.21431450 -0.12063834 0.22002030
v -0.20478531 -0.12782483 0.19404220
v -0.19017980 -0.13817317 0.17175089
v -0.18485139 -0.15526157 0.19404217
v -0.18096140 -0.16654502 0.22002026
v -0.19927581 -0.14478163 0.22289100
v -0.13656013 -0.19095071 0.16384156
v -0.15125749 -0.16878838 0.14651518
v -0.13138510 -0.18571494 0.14624724
v -0.11180261 -0.20159441 0.15285695
v -0.12594489 -0.20245868 0.17473345
v -0.14209249 -0.19699602 0.19450498
v -0.15039532 -0.18254721 0.17142338
v 0.07627485 -0.23475086 0.29010411
v 0.04926154 -0.24289330 0.27556605
v 0.07670829 -0.23608437 0.27228414
v 0.10291534 -0.22546011 0.27556603
v 0.09151548 -0.22747330 0.29896458
v 0.07434423 -0.22880968 0.31852714
v 0.05966715 -0.23782141 0.29896460
v 0.07525574 -0.23161193 0.20348905
v 0.04850801 -0.24110432 0.22002020
v 0.05828756 -0.23426214 0.19404204
v 0.07264275 -0.22356922 0.17175068
v 0.09054119 -0.22378227 0.19404204
v 0.10247431 -0.22356952 0.22002019
v 0.07611675 -0.23426232 0.22289093
v 0.13940612 -0.18888313 0.16384146
v 0.11378701 -0.19601247 0.14651501
v 0.13602578 -0.18234339 0.14624714
v 0.15717924 -0.16862643 0.15285692
v 0.15363102 -0.18234359 0.17473340
v 0.14344589 -0.19601281 0.19450491
v 0.12713871 -0.19944427 0.17142326
v 0.24683204 0.00000001 0.29010372
v 0.24622833 -0.02820714 0.27556577
v 0.24823420 0.00000000 0.27228387
v 0.24622837 0.02820715 0.27556576
v 0.24462029 0.01674346 0.29896415
v 0.24058513 0.00000001 0.31852658
v 0.24462027 -0.01674344 0.29896415
v 0.24353168 -0.00000001 0.20348914
v 0.24429397 -0.02837144 0.22002022
v 0.24080873 -0.01695655 0.19404215
v 0.23507516 -0.00000001 0.17175084
v 0.24080873 0.01695652 0.19404214
v 0.24429397 0.02837143 0.22002021
v 0.24631847 -0.00000000 0.22289094
v 0.22271815 0.07421350 0.16384156
v 0.22158168 0.04764532 0.14651519
v 0.21545392 0.07301945 0.14624725
v 0.20894526 0.09737624 0.15285696
v 0.22089448 0.08976297 0.17473344
v 0.23074715 0.07585253 0.19450496
v 0.22897143 0.05928306 0.17142337
v 0.12517441 0.14508268 0.08932418
v 0.12517441 0.14508268 0.08932418
v 0.12517441 0.14508268 0.08932418
v 0.11936749 0.12190759 0.06843011
v 0.10974326 0.14590683 0.08034044
v 0.10974326 0.14590683 0.08034044
v 0.10453839 0.16754820 0.09808899
v 0.12789795 0.15732862 0.10368970
v 0.12789795 0.15732862 0.10368970
v 0.14833631 0.14141098 0.10655545
v 0.13670037 0.13023683 0.08608450
v 0.13670037 0.13023683 0.08608450
v 0.04651085 0.14314296 0.05297748
v 0.04651085 0.14314296 0.05297748
v 0.06902999 0.12063775 0.04490300
v 0.04153340 0.12782423 0.04180846
v 0.01506417 0.13817253 0.04490298
v 0.03261898 0.15526083 0.05963763
v 0.03261898 0.15526083 0.05963763
v 0.05411449 0.16654423 0.07473458
v 0.06487231 0.14478091 0.05963768
v 0.06487231 0.14478091 0.05963768
v -0.01598876 0.19095011 0.08932413
v -0.01598876 0.19095011 0.08932413
v -0.02491308 0.16878784 0.06843006
v -0.03403972 0.18571445 0.08608442
v -0.03403972 0.18571445 0.08608442
v -0.03688534 0.20159403 0.10655538
v -0.01099413 0.20245809 0.10368967
v 0.01391107 0.19699527 0.09808897
v -0.00302033 0.18254652 0.08034041
v -0.00302033 0.18254652 0.08034041
v -0.09930130 0.16388046 0.08932428
v -0.09930130 0.16388046 0.08932428
v -0.09930130 0.16388046 0.08932428
v -0.07905476 0.15119632 0.06843014
v -0.10485366 0.14945917 0.08034056
v -0.10485366 0.14945917 0.08034056
v -0.12704438 0.15119647 0.09808918
v -0.11010630 0.17025487 0.10368979
v -0.11010630 0.17025487 0.10368979
v -0.08865175 0.18477423 0.10655545
v -0.08162018 0.17025472 0.08608450
v -0.08162018 0.17025472 0.08608450
v -0.12176523 0.08846738 0.05297780
v -0.12176523 0.08846738 0.05297780
v -0.09340245 0.10292999 0.04490322
v -0.10873428 0.07899988 0.04180875
v -0.12675568 0.05702388 0.04490340
v -0.13758291 0.07899996 0.05963809
v -0.13758291 0.07899996 0.05963809
v -0.14167155 0.10293014 0.07473495
v -0.11764893 0.10643635 0.05963792
v -0.11764893 0.10643635 0.05963792
v -0.18654616 0.04379963 0.08932487
v -0.18654616 0.04379963 0.08932487
v -0.16822635 0.02846373 0.06843073
v -0.18714473 0.02501430 0.08608519
v -0.18714473 0.02501430 0.08608519
v -0.20312635 0.02721496 0.10655617
v -0.19594741 0.05210590 0.10369036
v -0.18305588 0.07410407 0.09808958
v -0.17454642 0.05353651 0.08034105
v -0.17454642 0.05353651 0.08034105
v -0.18654617 -0.04379969 0.08932487
v -0.18654617 -0.04379969 0.08932487
v -0.18654617 -0.04379969 0.08932487
v -0.16822634 -0.02846379 0.06843073
v -0.17454642 -0.05353657 0.08034106
v -0.17454642 -0.05353657 0.08034106
v -0.18305588 -0.07410412 0.09808961
v -0.19594741 -0.05210595 0.10369037
v -0.19594741 -0.05210595 0.10369037
v -0.20312637 -0.02721501 0.10655616
v -0.18714471 -0.02501435 0.08608519
v -0.18714471 -0.02501435 0.08608519
v -0.12176523 -0.08846744 0.05297785
v -0.12176523 -0.08846744 0.05297785
v -0.12675568 -0.05702394 0.04490342
v -0.10873428 -0.07899993 0.04180878
v -0.09340245 -0.10293006 0.04490322
v -0.11764892 -0.10643638 0.05963795
v -0.11764892 -0.10643638 0.05963795
v -0.14167160 -0.10293020 0.07473500
v -0.13758291 -0.07900002 0.05963814
v -0.13758291 -0.07900002 0.05963814
v -0.09930130 -0.16388054 0.08932433
v -0.09930130 -0.16388054 0.08932433
v -0.07905476 -0.15119637 0.06843019
v -0.08162018 -0.17025479 0.08608454
v -0.08162018 -0.17025479 0.08608454
v -0.08865175 -0.18477426 0.10655552
v -0.11010629 -0.17025491 0.10368987
v -0.12704437 -0.15119656 0.09808926
v -0.10485367 -0.14945923 0.08034059
v -0.10485367 -0.14945923 0.08034059
v 0.17666384 0.07421338 0.08932433
v 0.17666384 0.07421338 0.08932433
v 0.19165269 0.04764525 0.09808926
v 0.17267901 0.05928293 0.08034059
v 0.17267901 0.05928293 0.08034059
v 0.15282849 0.07585231 0.06843019
v 0.16610633 0.08976280 0.08608455
v 0.16610633 0.08976280 0.08608455
v 0.18032935 0.09737616 0.10655554
v 0.18915194 0.07301939 0.10368989
v 0.15051018 -0.00000003 0.05297765
v 0.15051018 -0.00000003 0.05297765
v 0.17511575 -0.00000003 0.07473486
v 0.15774204 -0.01695651 0.05963785
v 0.15774204 -0.01695651 0.05963785
v 0.13606540 -0.02837137 0.04490310
v 0.13440311 -0.00000004 0.04180858
v 0.13606540 0.02837130 0.04490312
v 0.15774202 0.01695645 0.05963787
v 0.15774202 0.01695645 0.05963787
v 0.07451648 -0.00000004 0.01129131
v 0.08724953 -0.02820707 0.01833273
v 0.06560248 -0.01674343 0.00930712
v 0.04630098 -0.00000004 0.00416774
v 0.06560248 0.01674335 0.00930710
v 0.08724952 0.02820699 0.01833273
v 0.09108189 -0.00000004 0.01800641
v -0.01598875 -0.19095019 0.08932418
v -0.01598875 -0.19095019 0.08932418
v -0.01598875 -0.19095019 0.08932418
v -0.02491308 -0.16878791 0.06843013
v -0.00302033 -0.18254661 0.08034046
v -0.00302033 -0.18254661 0.08034046
v 0.01391108 -0.19699532 0.09808904
v -0.01099413 -0.20245812 0.10368972
v -0.01099413 -0.20245812 0.10368972
v -0.03688534 -0.20159404 0.10655545
v -0.03403972 -0.18571450 0.08608450
v -0.03403972 -0.18571450 0.08608450
v 0.04651085 -0.14314305 0.05297750
v 0.04651085 -0.14314305 0.05297750
v 0.01506417 -0.13817260 0.04490305
v 0.04153339 -0.12782429 0.04180848
v 0.06902999 -0.12063782 0.04490305
v 0.06487231 -0.14478096 0.05963768
v 0.06487231 -0.14478096 0.05963768
v 0.05411450 -0.16654432 0.07473465
v 0.03261898 -0.15526088 0.05963772
v 0.03261898 -0.15526088 0.05963772
v 0.12517442 -0.14508276 0.08932422
v 0.12517442 -0.14508276 0.08932422
v 0.11936748 -0.12190765 0.06843013
v 0.13670036 -0.13023688 0.08608450
v 0.13670036 -0.13023688 0.08608450
v 0.14833631 -0.14141103 0.10655549
v 0.12789795 -0.15732865 0.10368977
v 0.10453838 -0.16754827 0.09808907
v 0.10974326 -0.14590690 0.08034049
v 0.10974326 -0.14590690 0.08034049
vt 0.75894916 0.81695771
vt 0.06239319 0.29654241
vt 0.30894586 0.84692246
vt 0.06259681 0.72633219
vt 0.30749524 0.42425817
vt 0.54964560 0.55219197
vt 0.26100677 0.17121345
vt 0.50965786 0.72498220
vt 0.25816363 0.59630328
vt 0.50724685 0.30075449
vt 0.75212032 0.43320519
vt 0.80965465 0.18192226
vt 0.65384030 0.76983845
vt 0.68165553 0.90236157
vt 0.16347949 0.36150807
vt 0.64862615 0.62032086
vt 0.81628722 0.91685998
vt 0.77128184 0.70243204
vt 0.40891564 0.91359425
vt 0.87168002 0.79329717
vt 0.16520257 0.78886956
vt 0.40798184 0.49014813
vt 0.76503021 0.55154371
vt 0.64992583 0.48843873
vt 0.27765200 0.28908521
vt 0.16060856 0.22965074
vt 0.52430028 0.84311950
vt 0.40828255 0.78170717
vt 0.27761525 0.71374542
vt 0.15918787 0.65711790
vt 0.52281243 0.41877449
vt 0.40631846 0.35826933
vt 0.16792163 0.09497190
vt 0.41788059 0.64717185
vt 0.16328877 0.52230316
vt 0.41486579 0.22366238
vt 0.66149330 0.35405815
vt 0.79874939 0.29659218
vt 0.69722646 0.20698529
vt 0.91534251 0.22772861
vt 0.88587946 0.09556288
vt 0.75107682 0.08274204
vt 0.68696904 0.78468972
vt 0.71042442 0.79520470
vt 0.73275685 0.80521578
vt 0.65628254 0.93039745
vt 0.04582777 0.35252166
vt 0.63710892 0.95158297
vt 0.05333570 0.32661015
vt 0.19614120 0.37967312
vt 0.22092012 0.39298010
vt 0.25039020 0.84662712
vt 0.27747580 0.84676570
vt 0.68069673 0.63950962
vt 0.00384155 0.29724073
vt 0.70504242 0.65359306
vt 0.03092523 0.29691988
vt 0.83510923 0.94965506
vt 0.53131819 0.60761917
vt 0.84933287 0.97443712
vt 0.53964198 0.58195800
vt 0.76739502 0.73852885
vt 0.76464272 0.76408559
vt 0.76202255 0.78841883
vt 0.44126460 0.93231106
vt 0.00407862 0.72842628
vt 0.46581417 0.94603646
vt 0.03114711 0.72745967
vt 0.83614898 0.80075490
vt 0.81099254 0.80603445
vt 0.78704071 0.81106186
vt 0.19828819 0.80625159
vt 0.22337753 0.81896371
vt 0.24893914 0.42441976
vt 0.27602509 0.42434680
vt 0.44047549 0.50861198
vt 0.46513131 0.52214545
vt 0.49110064 0.55103844
vt 0.51818126 0.55157411
vt 0.76641673 0.58884621
vt 0.04450786 0.24099344
vt 0.76703483 0.61696845
vt 0.05261421 0.26671064
vt 0.68082941 0.47125733
vt 0.70339286 0.45904809
vt 0.72549766 0.44725662
vt 0.28021717 0.32632512
vt 0.28172410 0.35441399
vt 0.29200569 0.79107773
vt 0.29967442 0.81692898
vt 0.19095375 0.21150059
vt 0.21312045 0.19858414
vt 0.23484167 0.18609983
vt 0.52623343 0.88039756
vt 0.04339235 0.67122555
vt 0.52726376 0.90850776
vt 0.05210933 0.69674206
vt 0.43893120 0.76407486
vt 0.46131381 0.75153619
vt 0.48324373 0.73942226
vt 0.28106815 0.75091380
vt 0.28324446 0.77895880
vt 0.29011974 0.36854744
vt 0.29798996 0.39433813
vt 0.18909158 0.63824916
vt 0.21094353 0.62480819
vt 0.23236087 0.61180937
vt 0.52503628 0.45603657
vt 0.52628571 0.48413813
vt 0.53352535 0.49610466
vt 0.54081446 0.52206570
vt 0.43682837 0.34039807
vt 0.45911226 0.32768524
vt 0.48094672 0.31540036
vt 0.19745645 0.11763424
vt 0.21841484 0.13437581
vt 0.23820522 0.15095407
vt 0.44702661 0.67033273
vt 0.46769759 0.68742716
vt 0.48720345 0.70433879
vt 0.19335499 0.54425490
vt 0.21470611 0.56049204
vt 0.23488548 0.57659346
vt 0.44419101 0.24659479
vt 0.46499488 0.26352745
vt 0.48463207 0.28028673
vt 0.69029683 0.37764335
vt 0.71071488 0.39503932
vt 0.72997063 0.41223502
vt 0.79516953 0.33423483
vt 0.28431326 0.11817712
vt 0.79246432 0.36268008
vt 0.27361971 0.14286458
vt 0.73266196 0.19908565
vt 0.75775105 0.19349289
vt 0.78163862 0.18816781
vt 0.95003682 0.24276555
vt 0.53386104 0.67234927
vt 0.97625399 0.25412869
vt 0.52274984 0.69685161
vt 0.91090167 0.06721365
vt 0.28019896 0.54272670
vt 0.92981017 0.04579127
vt 0.27009702 0.56766200
vt 0.73184735 0.05018413
vt 0.53103870 0.24793404
vt 0.71731609 0.02558124
vt 0.52011895 0.27252233
vt 0.29937932 0.87683243
vt 0.29143283 0.90261233
vt 0.59326243 0.74268228
vt 0.61933613 0.75437075
vt 0.73968810 0.83823967
vt 0.72326553 0.85638553
vt 0.70601737 0.87544352
vt 0.08773562 0.31422889
vt 0.10932668 0.32856786
vt 0.13188806 0.34277797
vt 0.57441598 0.57067060
vt 0.59554255 0.58568519
vt 0.61764318 0.60060114
vt 0.77323729 0.84185272
vt 0.78542000 0.86307853
vt 0.79821497 0.88537228
vt 0.05425898 0.75660735
vt 0.04737082 0.78269029
vt 0.77838993 0.63642704
vt 0.77533060 0.66483659
vt 0.33398455 0.86503673
vt 0.35532922 0.87974006
vt 0.37764642 0.89433092
vt 0.29816243 0.45424169
vt 0.29041722 0.48008329
vt 0.93665063 0.77966112
vt 0.90868634 0.78553057
vt 0.08835337 0.74340951
vt 0.11028029 0.75722969
vt 0.13317394 0.77089781
vt 0.33267459 0.44217652
vt 0.35413325 0.45671284
vt 0.37656331 0.47112918
vt 0.75686264 0.46324909
vt 0.76005596 0.48867571
vt 0.76260275 0.51503432
vt 0.57507569 0.53469121
vt 0.59665972 0.52052784
vt 0.61904806 0.50658303
vt 0.26669678 0.20109248
vt 0.27069250 0.22640550
vt 0.27407151 0.25267059
vt 0.08725742 0.27824634
vt 0.10838316 0.26340783
vt 0.13031945 0.24876237
vt 0.51483989 0.75495368
vt 0.51840585 0.78033096
vt 0.52133805 0.80664927
vt 0.33411685 0.82905090
vt 0.35549149 0.81457329
vt 0.37767312 0.80030173
vt 0.26456451 0.62603843
vt 0.26916283 0.65124911
vt 0.27316704 0.67742646
vt 0.08701733 0.70744830
vt 0.10778298 0.69211048
vt 0.12936366 0.67694628
vt 0.51266301 0.33068454
vt 0.51642698 0.35603321
vt 0.51956493 0.38232827
vt 0.33252606 0.40619087
vt 0.35378677 0.39154655
vt 0.37585604 0.37710255
vt 0.78276867 0.43794096
vt 0.11487723 0.05532265
vt 0.80928624 0.44235682
vt 0.13755684 0.07222521
vt 0.29179019 0.17497748
vt 0.31843421 0.17855287
vt 0.36551717 0.60662806
vt 0.38790661 0.62391329
vt 0.54037243 0.72926837
vt 0.10931514 0.48393005
vt 0.56695187 0.73329532
vt 0.13239098 0.50028729
vt 0.28902769 0.59933257
vt 0.31574932 0.60227174
vt 0.36218721 0.18352795
vt 0.38471097 0.20063806
vt 0.53799438 0.30480069
vt 0.56460458 0.30862027
vt 0.60972953 0.31275082
vt 0.63186330 0.33036244
vt 0.80693716 0.21049708
vt 0.80462027 0.23486090
vt 0.80218661 0.26044977
vt 0.76562303 0.40526950
vt 0.63243055 0.22143018
vt 0.77709180 0.38093257
vt 0.66031986 0.21521300
vt 0.83599114 0.19333696
vt 0.85844672 0.20306939
vt 0.88203138 0.21329117
vt 0.82864952 0.16040206
vt 0.84484482 0.14205337
vt 0.86185449 0.12278217
vt 0.79505754 0.15720719
vt 0.78261149 0.13613462
vt 0.76953965 0.11400235
vt 0.70928609 0.17033833
vt 0.72012931 0.14312041
vt 0.73257822 0.11659849
vt 0.67124230 0.17731512
vt 0.65065020 0.15391874
vt 0.72777426 0.32998133
vt 0.69849050 0.33995891
vt 0.71165890 0.08406591
vt 0.67260969 0.28416061
vt 0.68050617 0.08503532
vt 0.66807050 0.31483883
vt 0.78965670 0.08288676
vt 0.81889307 0.08478850
vt 0.84796393 0.08843225
vt 0.77126557 0.04886091
vt 0.48058912 0.19810289
vt 0.78715342 0.02204686
vt 0.45153692 0.20873559
vt 0.87243974 0.05848366
vt 0.42440954 0.15353304
vt 0.86189157 0.02915525
vt 0.42056042 0.18430567
vt 0.89766353 0.13229918
vt 0.90488946 0.16069192
vt 0.91040748 0.18946576
vt 0.92434084 0.10429329
vt 0.22813308 0.49458849
vt 0.95475215 0.11111796
vt 0.19944747 0.50617445
vt 0.94645423 0.20348865
vt 0.17051315 0.45189750
vt 0.97108710 0.18439358
vt 0.16768186 0.48278034
vt 0.88404590 0.25028849
vt 0.85927534 0.26593494
vt 0.83361501 0.28007442
vt 0.91892457 0.26700556
vt 0.48380184 0.62212634
vt 0.92183197 0.29803729
vt 0.45466763 0.63253206
vt 0.83141732 0.31868994
vt 0.42797151 0.57711953
vt 0.85719007 0.33621681
vt 0.42388257 0.60786116
vt 0.76762205 0.27379858
vt 0.74508709 0.25507534
vt 0.72370988 0.23504049
vt 0.76250172 0.31213599
vt 0.23340864 0.06881094
vt 0.73388660 0.32449049
vt 0.20445462 0.07970959
vt 0.68630481 0.24488282
vt 0.17682198 0.02475834
vt 0.67760003 0.27481031
vt 0.17325521 0.05556476
vt 0.65041304 0.45085609
vt 0.65227062 0.42180884
vt 0.65551645 0.39259195
vt 0.61718482 0.46900004
vt 0.58596289 0.44945502
vt 0.59057724 0.45400119
vt 0.55830312 0.43561602
vt 0.62482393 0.36895776
vt 0.57965994 0.37804377
vt 0.59615135 0.38036901
vt 0.55497724 0.39654893
vt 0.40596139 0.32068473
vt 0.40716636 0.29160321
vt 0.40975511 0.26232034
vt 0.37314919 0.33957064
vt 0.34174439 0.74232477
vt 0.34621134 0.32517278
vt 0.31364292 0.72940642
vt 0.37853983 0.23938167
vt 0.33308780 0.67116064
vt 0.35013109 0.25143397
vt 0.30902925 0.69047016
vt 0.15759136 0.61956561
vt 0.15783562 0.59046072
vt 0.15945698 0.56110877
vt 0.12542000 0.63952428
vt 0.09802195 0.62602347
vt 0.58720934 0.87429136
vt 0.55965859 0.86023748
vt 0.12750171 0.53921282
vt 0.09950626 0.55219620
vt 0.58146435 0.80283391
vt 0.55663806 0.82114583
vt 0.40821904 0.74412113
vt 0.40965095 0.71505034
vt 0.41246870 0.68578881
vt 0.37525979 0.76275009
vt 0.34108138 0.31918502
vt 0.34843528 0.74814254
vt 0.31329620 0.30560052
vt 0.38143289 0.66260707
vt 0.33412480 0.24783504
vt 0.35293081 0.67443687
vt 0.30961248 0.26656568
vt 0.15990728 0.19207120
vt 0.16084565 0.16298008
vt 0.16316596 0.13367486
vt 0.12726922 0.21125686
vt 0.10020024 0.19710660
vt 0.82747620 0.58363456
vt 0.80013394 0.56917822
vt 0.13174134 0.11102331
vt 0.10344394 0.12333554
vt 0.82277846 0.51210016
vt 0.79768652 0.53004640
vt 0.48857951 0.40242887
vt 0.46331975 0.38960278
vt 0.43852004 0.37640196
vt 0.49054712 0.43959260
vt 0.46588403 0.45516372
vt 0.44097567 0.47037458
vt 0.40757254 0.39533174
vt 0.40819174 0.42359221
vt 0.40844357 0.45208067
vt 0.24286205 0.69853854
vt 0.21719244 0.68655300
vt 0.19197042 0.67417771
vt 0.24605508 0.73561674
vt 0.22191893 0.75199354
vt 0.19752599 0.76801831
vt 0.16166453 0.69411874
vt 0.16321619 0.72234339
vt 0.16440819 0.75080776
vt 0.49019679 0.82650763
vt 0.46503782 0.81348497
vt 0.44034177 0.80009049
vt 0.49187389 0.86368513
vt 0.46708974 0.87906289
vt 0.44206321 0.89407903
vt 0.40924671 0.81877810
vt 0.40964529 0.84704208
vt 0.40967464 0.87553185
vt 0.24327108 0.27305412
vt 0.21789487 0.26046044
vt 0.19297522 0.24748719
vt 0.24557881 0.31019801
vt 0.22105922 0.32599461
vt 0.19629103 0.34143329
vt 0.16220197 0.26669991
vt 0.16308004 0.29495323
vt 0.16359259 0.32343829
vt 0.73117352 0.53443402
vt 0.70620894 0.52104437
vt 0.68171185 0.50728989
vt 0.73230582 0.57163227
vt 0.70729935 0.58664542
vt 0.68205577 0.60129344
vt 0.65034711 0.52551979
vt 0.65033168 0.55378681
vt 0.64994311 0.58227360
vt 0.85571814 0.91602743
vt 0.40772089 0.56038481
vt 0.88688028 0.91544622
vt 0.40747273 0.52947003
vt 0.83520550 0.88323665
vt 0.84798366 0.85687184
vt 0.85916519 0.82979137
vt 0.37382710 0.50929898
vt 0.34639141 0.52338153
vt 0.91759121 0.84694046
vt 0.89729244 0.82328898
vt 0.88307303 0.75553846
vt 0.16726066 0.85907733
vt 0.89214981 0.72572190
vt 0.16599201 0.82818741
vt 0.84554839 0.76491439
vt 0.82442254 0.74461418
vt 0.80212241 0.72561163
vt 0.13169912 0.80913734
vt 0.10474315 0.82411754
vt 0.83648694 0.67534375
vt 0.80772030 0.68734074
vt 0.73889214 0.67992866
vt 0.40810701 0.98382670
vt 0.71333969 0.66208225
vt 0.40809992 0.95291072
vt 0.73621362 0.71851391
vt 0.71037894 0.73233324
vt 0.68541563 0.74766999
vt 0.37461254 0.93247807
vt 0.34706748 0.94634634
vt 0.64822733 0.69945407
vt 0.65074772 0.73051989
vt 0.61405033 0.63870013
vt 0.58630532 0.65216339
vt 0.77945775 0.97710121
vt 0.79567850 0.95048714
vt 0.64723420 0.65962100
vt 0.64678800 0.69053376
vt 0.70481491 0.96906316
vt 0.69463247 0.93960559
vt 0.77771229 0.91623491
vt 0.74850202 0.91396946
vt 0.71947891 0.90996379
vt 0.62242949 0.79368949
vt 0.16386250 0.43174434
vt 0.59756047 0.81247675
vt 0.16333099 0.40083277
vt 0.65829843 0.80816036
vt 0.66345775 0.83700079
vt 0.67032957 0.86548144
vt 0.12950182 0.38097143
vt 0.10219631 0.39530486
vt 0.61298192 0.88595057
vt 0.64330602 0.89315271
vt 0.69846570 0.82965291
vt 0.72186023 0.82474226
vt 0.70868468 0.84166813
vt 0.69177508 0.85539150
vt 0.68384743 0.83272094
vt 0.68199104 0.80877620
vt 0.70299089 0.81454253
vt 0.00796753 0.33770281
vt 0.66686809 0.98065978
vt 0.68590927 0.68986130
vt 0.02919073 0.32159746
vt 0.02405687 0.34488249
vt 0.65427095 0.96784765
vt 0.67239428 0.95165402
vt 0.66931468 0.69032121
vt 0.68302768 0.97592312
vt 0.67191190 0.66428673
vt 0.00537532 0.32027477
vt 0.69383830 0.67402142
vt 0.72818524 0.76335716
vt 0.74008447 0.78408980
vt 0.71991557 0.77678913
vt 0.70163888 0.76494771
vt 0.72074980 0.75040263
vt 0.74294919 0.74123782
vt 0.74395436 0.76299185
vt 0.80041933 0.77113616
vt 0.78437871 0.78885967
vt 0.78508967 0.76742154
vt 0.79070365 0.74638033
vt 0.81044215 0.76006156
vt 0.82601863 0.77834237
vt 0.80563956 0.78602076
vt 0.81534284 0.84223896
vt 0.79352981 0.83246017
vt 0.81413811 0.82651168
vt 0.83588445 0.82534879
vt 0.82897234 0.84834915
vt 0.81639981 0.86881196
vt 0.80280018 0.85180336
vt 0.00701012 0.25669491
vt 0.72629005 0.61879665
vt 0.02860483 0.27229249
vt 0.00482993 0.27417779
vt 0.71705168 0.63367689
vt 0.69774860 0.61991638
vt 0.71809113 0.60491729
vt 0.74104083 0.59434181
vt 0.02292441 0.24913859
vt 0.74378508 0.61788732
vt 0.24105707 0.35752916
vt 0.25424641 0.80614060
vt 0.27557370 0.82210279
vt 0.23229377 0.37269431
vt 0.25176993 0.82358438
vt 0.21256493 0.35955060
vt 0.23242344 0.34391606
vt 0.25502762 0.33262002
vt 0.25851497 0.35606724
vt 0.27028665 0.79885584
vt 0.00627969 0.68781656
vt 0.48654956 0.91093230
vt 0.02824006 0.70289493
vt 0.00451669 0.70534682
vt 0.47753030 0.92594647
vt 0.45802748 0.91247010
vt 0.47814822 0.89717501
vt 0.50094068 0.88626403
vt 0.02200941 0.67988300
vt 0.50402987 0.90976691
vt 0.24266338 0.78304285
vt 0.25247926 0.38390458
vt 0.27393046 0.39969981
vt 0.23426436 0.79841268
vt 0.25013909 0.40136677
vt 0.21422772 0.78574270
vt 0.23370752 0.76963955
vt 0.25603580 0.75780755
vt 0.26008144 0.78116488
vt 0.26846209 0.37649441
vt 0.48559210 0.48688072
vt 0.49554968 0.51061279
vt 0.51664072 0.52688581
vt 0.47669044 0.50196475
vt 0.49281770 0.52801836
vt 0.45708299 0.48864079
vt 0.47708380 0.47318876
vt 0.49979028 0.46210039
vt 0.50306261 0.48557866
vt 0.51169485 0.50356370
vt 0.08422177 0.23262215
vt 0.80806386 0.61764407
vt 0.07521959 0.25741208
vt 0.06682979 0.23533505
vt 0.79034942 0.61697817
vt 0.79236388 0.59306180
vt 0.09055047 0.21743661
vt 0.81645477 0.60330403
vt 0.11261887 0.23072124
vt 0.09525803 0.24587691
vt 0.32275426 0.35379159
vt 0.33185595 0.78338158
vt 0.32243443 0.80801535
vt 0.30502746 0.35368598
vt 0.31442058 0.78579915
vt 0.30628470 0.32971799
vt 0.33068734 0.33919358
vt 0.33844164 0.76830578
vt 0.36028129 0.78196293
vt 0.34266582 0.79682195
vt 0.08289483 0.66191000
vt 0.56829810 0.90858167
vt 0.07448639 0.68690729
vt 0.06557265 0.66503632
vt 0.55057573 0.90817559
vt 0.55223942 0.88423246
vt 0.08885965 0.64657789
vt 0.57647723 0.89412063
vt 0.11123820 0.65933245
vt 0.09424392 0.67489749
vt 0.32424769 0.77735871
vt 0.32990810 0.36054069
vt 0.32067940 0.38524687
vt 0.30652368 0.77767581
vt 0.31249228 0.36309397
vt 0.30720899 0.75368422
vt 0.33183026 0.76257539
vt 0.33637580 0.34541374
vt 0.35832152 0.35890007
vt 0.34082282 0.37389612
vt 0.56731969 0.48389202
vt 0.57348365 0.48899353
vt 0.56370223 0.51348650
vt 0.54959488 0.48362404
vt 0.55601501 0.49115533
vt 0.55107117 0.45966840
vt 0.57538623 0.46936750
vt 0.58028924 0.47401583
vt 0.60192668 0.48799169
vt 0.58409566 0.50259054
vt 0.24554980 0.10586941
vt 0.75092435 0.36032629
vt 0.25210318 0.13143504
vt 0.23320407 0.11800820
vt 0.21722305 0.10106331
vt 0.24076730 0.09010011
vt 0.74351978 0.34520161
vt 0.76860905 0.33667982
vt 0.26263258 0.11027628
vt 0.76888031 0.36098278
vt 0.49531227 0.65938550
vt 0.96117860 0.29290771
vt 0.50143039 0.68505853
vt 0.48276222 0.67131305
vt 0.46707150 0.65409935
vt 0.49079806 0.64353704
vt 0.94450641 0.29527593
vt 0.94415456 0.26878160
vt 0.51231796 0.66408157
vt 0.96735162 0.27603364
vt 0.24115369 0.53134692
vt 0.96203274 0.07211214
vt 0.24831420 0.55674881
vt 0.22910060 0.54377639
vt 0.21272066 0.52721751
vt 0.23599665 0.51569587
vt 0.95913279 0.08870023
vt 0.93382639 0.08084756
vt 0.25833616 0.53534478
vt 0.94789219 0.06102675
vt 0.49238980 0.23527133
vt 0.75230688 0.00306946
vt 0.49870849 0.26089609
vt 0.47993338 0.24729633
vt 0.46410874 0.23020530
vt 0.48775244 0.21945876
vt 0.76718682 0.01095325
vt 0.75189847 0.03259426
vt 0.50943130 0.23983461
vt 0.73739433 0.01309216
vt 0.62183297 0.18119591
vt 0.73873734 0.36740530
vt 0.74447900 0.39316505
vt 0.72601414 0.37914765
vt 0.71057719 0.36170572
vt 0.63392931 0.16948032
vt 0.73445618 0.35149240
vt 0.64978689 0.19070780
vt 0.62675732 0.19847572
vt 0.75567222 0.37235010
vt 0.75295025 0.15734559
vt 0.73262036 0.17449045
vt 0.73924541 0.15140557
vt 0.75156260 0.13078761
vt 0.76537287 0.14762557
vt 0.77488351 0.16685152
vt 0.75435024 0.17305642
vt 0.68307906 0.12706232
vt 0.71376258 0.29072052
vt 0.68746680 0.15692270
vt 0.66872340 0.13856989
vt 0.72002095 0.30783975
vt 0.69440877 0.31402016
vt 0.68166190 0.10871810
vt 0.69578558 0.28771406
vt 0.70787024 0.10984826
vt 0.69970858 0.13426971
vt 0.56650776 0.26794457
vt 0.63374227 0.27949989
vt 0.68070966 0.04535633
vt 0.64411163 0.30683625
vt 0.56655651 0.28559721
vt 0.62370515 0.29410303
vt 0.54321218 0.28083229
vt 0.55158031 0.25852174
vt 0.69668609 0.03713524
vt 0.70676351 0.05925202
vt 0.65024871 0.28132880
vt 0.68043023 0.06219375
vt 0.81550634 0.12039876
vt 0.79291850 0.10636193
vt 0.81692076 0.10552913
vt 0.84033531 0.11087173
vt 0.82858908 0.12920970
vt 0.81324291 0.14419585
vt 0.80099684 0.12658542
vt 0.46569958 0.15916705
vt 0.82271653 0.04458958
vt 0.79567361 0.05798990
vt 0.47234055 0.17614090
vt 0.80733603 0.03449261
vt 0.44687340 0.18289506
vt 0.44765955 0.15656483
vt 0.83972472 0.03757280
vt 0.84674847 0.06284750
vt 0.82100034 0.06263196
vt 0.31630906 0.56155568
vt 0.38544762 0.14974630
vt 0.89969128 0.01708698
vt 0.39642799 0.17684275
vt 0.31694040 0.57919639
vt 0.37574083 0.16457093
vt 0.29345146 0.57520509
vt 0.30107868 0.55263048
vt 0.91244692 0.02974117
vt 0.89452666 0.04615951
vt 0.40199068 0.15120423
vt 0.88359177 0.02202451
vt 0.86997545 0.16847521
vt 0.87634534 0.14265525
vt 0.88455462 0.16522509
vt 0.88670892 0.18914485
vt 0.86563855 0.18364054
vt 0.84664357 0.17367655
vt 0.85960799 0.15658778
vt 0.21196654 0.45616543
vt 0.94430244 0.15190589
vt 0.92320150 0.13032758
vt 0.21916412 0.47291076
vt 0.94915241 0.13415825
vt 0.19393368 0.48050189
vt 0.19385052 0.45415998
vt 0.95623147 0.16591311
vt 0.93436444 0.18040347
vt 0.92661303 0.15584934
vt 0.13144791 0.44939911
vt 0.56917238 0.69263583
vt 0.99424577 0.21661353
vt 0.14331636 0.47611839
vt 0.12223551 0.46453619
vt 0.56908315 0.71028823
vt 0.54577696 0.70534122
vt 0.55431914 0.68309695
vt 0.98615283 0.23265547
vt 0.96500021 0.22068566
vt 0.14803012 0.45031011
vt 0.98457503 0.20282769
vt 0.84108388 0.23513496
vt 0.86760849 0.23321378
vt 0.84868008 0.24799579
vt 0.82659698 0.25743669
vt 0.82532066 0.23569679
vt 0.82892728 0.21455252
vt 0.84918547 0.22160143
vt 0.46921659 0.58307517
vt 0.87981099 0.30070376
vt 0.89381272 0.27396709
vt 0.47572500 0.60010052
vt 0.89818895 0.29983181
vt 0.45020553 0.60665590
vt 0.45119727 0.58033228
vt 0.87017548 0.31637752
vt 0.84963697 0.30005860
vt 0.87059408 0.28509831
vt 0.31996414 0.13786161
vt 0.38904029 0.57302886
vt 0.83370316 0.36819863
vt 0.39980894 0.60021019
vt 0.32017484 0.15551269
vt 0.37921837 0.58777744
vt 0.29678777 0.15096229
vt 0.30495113 0.12857598
vt 0.81594580 0.36545885
vt 0.82079303 0.34164280
vt 0.40557173 0.57461572
vt 0.84382594 0.35474110
vt 0.76875824 0.22825676
vt 0.77878189 0.25288957
vt 0.75887382 0.23945534
vt 0.74307102 0.22137010
vt 0.76335257 0.21343845
vt 0.78457683 0.21033472
vt 0.78413314 0.23177969
vt 0.21816224 0.03001332
vt 0.71836573 0.28534997
vt 0.74812055 0.29040420
vt 0.22495863 0.04692549
vt 0.72487372 0.30255908
vt 0.19955432 0.05391300
vt 0.20009883 0.02757657
vt 0.70048112 0.28102922
vt 0.70965445 0.25645328
vt 0.73035884 0.27176166
vt 0.13782649 0.02132922
vt 0.63992548 0.26235545
vt 0.81210238 0.40173447
vt 0.14905506 0.04832357
vt 0.12825619 0.03624225
vt 0.81175488 0.41938329
vt 0.78852355 0.41409552
vt 0.63704389 0.24462056
vt 0.79739064 0.39197874
vt 0.66119230 0.24187112
vt 0.15438241 0.02263504
vt 0.65585256 0.26782423
vt 0.68818945 0.42531705
vt 0.67375362 0.44788218
vt 0.67309850 0.42375499
vt 0.67844391 0.39995944
vt 0.69733423 0.41196334
vt 0.71260643 0.42802763
vt 0.69429106 0.44015872
vt 0.60404915 0.41188371
vt 0.61231768 0.41859400
vt 0.62587565 0.44506025
vt 0.59628367 0.42838556
vt 0.60256159 0.43390012
vt 0.57391518 0.41454482
vt 0.59351718 0.39699447
vt 0.60503906 0.40197814
vt 0.62991500 0.39441383
vt 0.63017148 0.41999900
vt 0.55474657 0.34805191
vt 0.58279347 0.34363639
vt 0.54384595 0.37449706
vt 0.53796321 0.35210943
vt 0.53647310 0.32907140
vt 0.55997127 0.33121127
vt 0.59472281 0.33056283
vt 0.61170673 0.34753442
vt 0.56558698 0.36044645
vt 0.58831412 0.35927844
vt 0.44315469 0.29430372
vt 0.42922920 0.31718743
vt 0.42803252 0.29308093
vt 0.43284252 0.26917142
vt 0.45199782 0.28074813
vt 0.46762669 0.29646534
vt 0.44958839 0.30900502
vt 0.35858029 0.70417714
vt 0.36715120 0.28928608
vt 0.38130030 0.31544167
vt 0.35136378 0.72092617
vt 0.35774139 0.30480754
vt 0.32855088 0.70783138
vt 0.34756276 0.68964326
vt 0.35950142 0.27283823
vt 0.38420114 0.26471698
vt 0.38503209 0.29029012
vt 0.30719796 0.64200717
vt 0.33595169 0.21501094
vt 0.29717633 0.66879767
vt 0.29055801 0.64661658
vt 0.28830793 0.62364030
vt 0.31186432 0.62500322
vt 0.34758458 0.20167261
vt 0.36494488 0.21825844
vt 0.31844148 0.65403754
vt 0.34182203 0.23052478
vt 0.19389343 0.59197199
vt 0.18073051 0.61530232
vt 0.17873910 0.59124875
vt 0.18275771 0.56719393
vt 0.20228426 0.57813150
vt 0.21842347 0.59332436
vt 0.20080853 0.60645247
vt 0.11776627 0.58946574
vt 0.60558808 0.83686280
vt 0.13277040 0.61513954
vt 0.10887361 0.60528892
vt 0.59769410 0.85330355
vt 0.57543468 0.83928895
vt 0.10957816 0.57327920
vt 0.59517282 0.82189167
vt 0.13399631 0.56434745
vt 0.13567032 0.58987904
vt 0.08413264 0.51626152
vt 0.55678606 0.77264857
vt 0.54567939 0.79900771
vt 0.53997171 0.77657521
vt 0.53866148 0.75352657
vt 0.09531903 0.50254643
vt 0.56214225 0.75584936
vt 0.11321741 0.51855004
vt 0.09051194 0.53157294
vt 0.56752962 0.78512746
vt 0.44561753 0.71803153
vt 0.43151358 0.74080592
vt 0.43050531 0.71669078
vt 0.43550175 0.69281971
vt 0.45456609 0.70454538
vt 0.47007221 0.72038400
vt 0.45193592 0.73278248
vt 0.35882273 0.28144968
vt 0.36965495 0.71242094
vt 0.38359931 0.73868579
vt 0.35120866 0.29802209
vt 0.36012402 0.72786850
vt 0.32871437 0.28438723
vt 0.34815472 0.26665777
vt 0.36213428 0.69591385
vt 0.38689682 0.68798602
vt 0.38752759 0.71356457
vt 0.30893746 0.21807307
vt 0.33903643 0.63790506
vt 0.29827958 0.24461669
vt 0.29219231 0.22228426
vt 0.29049084 0.19926107
vt 0.31400806 0.20118535
vt 0.35077316 0.62465757
vt 0.36800343 0.64137858
vt 0.31989115 0.23036766
vt 0.34478539 0.65346396
vt 0.19685762 0.16535068
vt 0.18314222 0.18836099
vt 0.18172461 0.16426647
vt 0.18631525 0.14031386
vt 0.20557585 0.15171462
vt 0.22134863 0.16728771
vt 0.20342569 0.17999226
vt 0.12081056 0.16102976
vt 0.84640145 0.54647899
vt 0.13519885 0.18705422
vt 0.11154334 0.17663682
vt 0.83826745 0.56280220
vt 0.81621516 0.54846281
vt 0.11301041 0.14465266
vt 0.83620656 0.53135669
vt 0.13763498 0.13630569
vt 0.13870010 0.16186988
vt 0.08893117 0.08704424
vt 0.79854512 0.48155665
vt 0.78705323 0.50775009
vt 0.78167498 0.48523664
vt 0.78070235 0.46217108
vt 0.10044142 0.07360005
vt 0.80414695 0.46483779
vt 0.11795331 0.09002596
vt 0.09494372 0.10250342
vt 0.80910450 0.49419141
vt 0.47926313 0.35834002
vt 0.49490651 0.37988210
vt 0.47256255 0.37161863
vt 0.45291346 0.35847318
vt 0.47016448 0.34537649
vt 0.49008650 0.33659524
vt 0.49519742 0.35790467
vt 0.44577846 0.42272782
vt 0.47344652 0.42171180
vt 0.45447022 0.43676126
vt 0.43252105 0.44707185
vt 0.42935216 0.42315477
vt 0.43136227 0.39936852
vt 0.45349950 0.40823925
vt 0.37273037 0.42394888
vt 0.38527393 0.44775295
vt 0.36520523 0.43824363
vt 0.34802467 0.42410439
vt 0.36500490 0.40979707
vt 0.38480186 0.40006721
vt 0.38780236 0.42382807
vt 0.23209536 0.65478075
vt 0.24844140 0.67579526
vt 0.22583662 0.66827351
vt 0.20576434 0.65578359
vt 0.22257382 0.64212465
vt 0.24219561 0.63269085
vt 0.24800675 0.65381974
vt 0.20075376 0.72023898
vt 0.22837342 0.71831018
vt 0.20990412 0.73397774
vt 0.18830700 0.74500704
vt 0.18435043 0.72120786
vt 0.18557464 0.69736803
vt 0.20799237 0.70550334
vt 0.12778591 0.72387010
vt 0.14110802 0.74724704
vt 0.12073652 0.73840511
vt 0.10309850 0.72484070
vt 0.11959763 0.70998120
vt 0.13906254 0.69960320
vt 0.14284547 0.72325152
vt 0.48122472 0.78234738
vt 0.49669975 0.80401075
vt 0.47442076 0.79557335
vt 0.45487466 0.78227472
vt 0.47222790 0.76931334
vt 0.49221793 0.76068807
vt 0.49716222 0.78203642
vt 0.44723803 0.84647143
vt 0.47491330 0.84567153
vt 0.45581958 0.86057222
vt 0.43379056 0.87071103
vt 0.43080887 0.84677041
vt 0.43300432 0.82300049
vt 0.45507199 0.83204353
vt 0.37418184 0.84712225
vt 0.38653928 0.87102324
vt 0.36654484 0.86135781
vt 0.34947529 0.84708476
vt 0.36656711 0.83291078
vt 0.38643968 0.82333547
vt 0.38925436 0.84711885
vt 0.23355131 0.22905284
vt 0.24939169 0.25045043
vt 0.22697280 0.24239230
vt 0.20720385 0.22942746
vt 0.22433451 0.21617323
vt 0.24417548 0.20721000
vt 0.24948117 0.22847128
vt 0.20065734 0.29374456
vt 0.22831509 0.29247475
vt 0.20947713 0.30769765
vt 0.18762341 0.31820893
vt 0.18423556 0.29432201
vt 0.18602790 0.27051830
vt 0.20824556 0.27918571
vt 0.12762310 0.29563522
vt 0.14038403 0.31932300
vt 0.12022907 0.30999815
vt 0.10291936 0.29601693
vt 0.11976817 0.28155482
vt 0.13947558 0.27164394
vt 0.14269325 0.29537630
vt 0.72285008 0.49014747
vt 0.73800570 0.51203507
vt 0.71585286 0.50327235
vt 0.69650424 0.48968905
vt 0.71404505 0.47698319
vt 0.73415917 0.46865165
vt 0.73879004 0.49006975
vt 0.68792754 0.55376697
vt 0.71561122 0.55337191
vt 0.69630182 0.56799150
vt 0.67412692 0.57780677
vt 0.67149615 0.55382484
vt 0.67404002 0.53008962
vt 0.69597232 0.53945512
vt 0.61487114 0.55334741
vt 0.62687641 0.57742643
vt 0.60702652 0.56746930
vt 0.59016794 0.55294800
vt 0.60746533 0.53902566
vt 0.62747592 0.52974278
vt 0.62994170 0.55356467
vt 0.44681761 0.55883396
vt 0.49394530 0.59161067
vt 0.88618296 0.95511967
vt 0.86030465 0.94090050
vt 0.43023720 0.55966687
vt 0.88667214 0.93828702
vt 0.43224913 0.53358048
vt 0.45438856 0.54282022
vt 0.49190527 0.57410955
vt 0.51566732 0.57618439
vt 0.50979954 0.59929544
vt 0.87010521 0.96314096
vt 0.36606485 0.56011099
vt 0.88483077 0.87339050
vt 0.85982770 0.89029425
vt 0.86829293 0.86597657
vt 0.88081539 0.84347761
vt 0.35732463 0.54412568
vt 0.89932865 0.86206239
vt 0.38168329 0.53422618
vt 0.38428140 0.56038696
vt 0.88601977 0.89175075
vt 0.33025160 0.48792028
vt 0.94674629 0.82002413
vt 0.91891301 0.81016487
vt 0.31282249 0.48543096
vt 0.94203776 0.80268419
vt 0.32092443 0.46322238
vt 0.34118280 0.47452438
vt 0.35884354 0.48960531
vt 0.33671859 0.50305879
vt 0.93450481 0.83158857
vt 0.20628481 0.85623699
vt 0.25269407 0.46491766
vt 0.92966604 0.73864496
vt 0.90814567 0.75886309
vt 0.18974094 0.85761619
vt 0.91380805 0.73297822
vt 0.19089068 0.83147740
vt 0.21332327 0.83998197
vt 0.25026157 0.44746685
vt 0.27406457 0.44900751
vt 0.26871696 0.47224474
vt 0.93232650 0.75641441
vt 0.12561817 0.86017811
vt 0.85151881 0.71467507
vt 0.85986888 0.74367809
vt 0.83935732 0.72811288
vt 0.82182938 0.70925039
vt 0.11635498 0.84448975
vt 0.84522551 0.69738597
vt 0.14037335 0.83379221
vt 0.14383382 0.85985261
vt 0.86934793 0.71921784
vt 0.08744172 0.78920823
vt 0.81989717 0.63929838
vt 0.80191940 0.66272253
vt 0.06994022 0.78729582
vt 0.80195117 0.63841814
vt 0.07730437 0.76483136
vt 0.09792452 0.77545893
vt 0.11607346 0.78994870
vt 0.09440476 0.80412501
vt 0.82711262 0.65451407
vt 0.00916769 0.76877856
vt 0.44721457 0.98258084
vt 0.73722351 0.63039547
vt 0.74980158 0.65711010
vt 0.43062842 0.98328435
vt 0.72693384 0.64372587
vt 0.43284380 0.95721459
vt 0.00616064 0.75141752
vt 0.45491049 0.96662676
vt 0.03000101 0.75217158
vt 0.02542374 0.77557248
vt 0.75494522 0.63335627
vt 0.36645409 0.98322803
vt 0.69027829 0.69731116
vt 0.72044200 0.69833189
vt 0.69929999 0.71303010
vt 0.67594451 0.72387141
vt 0.35783878 0.96717495
vt 0.67189085 0.69795418
vt 0.38227412 0.95746583
vt 0.38466799 0.98364562
vt 0.70010847 0.68175846
vt 0.33120456 0.91075987
vt 0.60881978 0.70409334
vt 0.62554199 0.72842997
vt 0.31379548 0.90813488
vt 0.60243684 0.72088939
vt 0.32207051 0.88598996
vt 0.34223983 0.89744967
vt 0.35978261 0.91266811
vt 0.33755326 0.92594844
vt 0.62552023 0.70193285
vt 0.57096612 0.61634856
vt 0.81406516 0.99651134
vt 0.59951276 0.61867493
vt 0.57709122 0.63162827
vt 0.79928446 0.98844290
vt 0.81484139 0.96699375
vt 0.55359757 0.61346871
vt 0.82910138 0.98667496
vt 0.56219631 0.59144735
vt 0.58219534 0.60320115
vt 0.60514879 0.68932492
vt 0.74417847 0.95411772
vt 0.62134451 0.66379738
vt 0.62335455 0.69000965
vt 0.72708428 0.96092200
vt 0.72037584 0.93556190
vt 0.74611896 0.93609774
vt 0.77138615 0.94105506
vt 0.59677005 0.67314726
vt 0.75943208 0.96440536
vt 0.75233197 0.87840378
vt 0.72738630 0.88762099
vt 0.73935980 0.86943072
vt 0.75489151 0.85463673
vt 0.76691705 0.87239838
vt 0.77474326 0.89272064
vt 0.75073284 0.89325482
vt 0.20294338 0.42983496
vt 0.25382903 0.88715333
vt 0.57480490 0.77997041
vt 0.60409880 0.77626264
vt 0.18637152 0.43081975
vt 0.58430314 0.79387563
vt 0.18814419 0.40471584
vt 0.21036722 0.41375250
vt 0.25153276 0.86968416
vt 0.27532262 0.87141025
vt 0.26979420 0.89460510
vt 0.58309710 0.76403064
vt 0.12220572 0.43185240
vt 0.62393850 0.84529537
vt 0.63423061 0.81692350
vt 0.64167595 0.84157264
vt 0.64476949 0.86713481
vt 0.11331953 0.41594756
vt 0.61886787 0.86298168
vt 0.13758621 0.40582538
vt 0.14042433 0.43196130
vt 0.61218458 0.83114070
vt 0.08573217 0.35999310
vt 0.60521656 0.92486274
vt 0.63352901 0.91647929
vt 0.06828092 0.35766387
vt 0.61921793 0.93612325
vt 0.07617894 0.33538175
vt 0.09653977 0.34649730
vt 0.11433815 0.36141598
vt 0.09233750 0.37507159
vt 0.60832250 0.90831202
f 460/460 459/459 153/153
f 460/460 153/153 154/154
f 459/459 45/45 1/1
f 459/459 1/1 153/153
f 462/462 461/461 453/453
f 462/462 453/453 452/452
f 461/461 155/155 14/14
f 461/461 14/14 453/453
f 464/464 463/463 43/43
f 464/464 43/43 44/44
f 463/463 451/451 13/13
f 463/463 13/13 43/43
f 461/461 460/460 154/154
f 461/461 154/154 155/155
f 461/461 462/462 458/458
f 461/461 458/458 460/460
f 463/463 462/462 452/452
f 463/463 452/452 451/451
f 463/463 464/464 458/458
f 463/463 458/458 462/462
f 459/459 464/464 44/44
f 459/459 44/44 45/45
f 459/459 460/460 458/458
f 459/459 458/458 464/464
f 469/469 468/468 49/49
f 469/469 49/49 47/47
f 468/468 57/57 2/2
f 468/468 2/2 49/49
f 473/473 471/471 443/443
f 473/473 443/443 442/442
f 471/471 46/46 14/14
f 471/471 14/14 443/443
f 476/476 474/474 54/54
f 476/476 54/54 56/56
f 474/474 440/440 16/16
f 474/474 16/16 54/54
f 471/471 470/470 48/48
f 471/471 48/48 46/46
f 471/471 473/473 466/466
f 471/471 466/466 470/470
f 474/474 472/472 441/441
f 474/474 441/441 440/440
f 474/474 476/476 467/467
f 474/474 467/467 472/472
f 468/468 475/475 55/55
f 468/468 55/55 57/57
f 468/468 469/469 465/465
f 468/468 465/465 475/475
f 479/479 478/478 45/45
f 479/479 45/45 44/44
f 478/478 64/64 1/1
f 478/478 1/1 45/45
f 481/481 480/480 431/431
f 481/481 431/431 430/430
f 480/480 43/43 13/13
f 480/480 13/13 431/431
f 483/483 482/482 62/62
f 483/483 62/62 63/63
f 482/482 429/429 18/18
f 482/482 18/18 62/62
f 480/480 479/479 44/44
f 480/480 44/44 43/43
f 480/480 481/481 477/477
f 480/480 477/477 479/479
f 482/482 481/481 430/430
f 482/482 430/430 429/429
f 482/482 483/483 477/477
f 482/482 477/477 481/481
f 478/478 483/483 63/63
f 478/478 63/63 64/64
f 478/478 479/479 477/477
f 478/478 477/477 483/483
f 486/486 485/485 64/64
f 486/486 64/64 63/63
f 485/485 71/71 1/1
f 485/485 1/1 64/64
f 488/488 487/487 420/420
f 488/488 420/420 419/419
f 487/487 62/62 18/18
f 487/487 18/18 420/420
f 490/490 489/489 69/69
f 490/490 69/69 70/70
f 489/489 418/418 20/20
f 489/489 20/20 69/69
f 487/487 486/486 63/63
f 487/487 63/63 62/62
f 487/487 488/488 484/484
f 487/487 484/484 486/486
f 489/489 488/488 419/419
f 489/489 419/419 418/418
f 489/489 490/490 484/484
f 489/489 484/484 488/488
f 485/485 490/490 70/70
f 485/485 70/70 71/71
f 485/485 486/486 484/484
f 485/485 484/484 490/490
f 493/493 492/492 71/71
f 493/493 71/71 70/70
f 492/492 162/162 1/1
f 492/492 1/1 71/71
f 495/495 494/494 409/409
f 495/495 409/409 408/408
f 494/494 69/69 20/20
f 494/494 20/20 409/409
f 497/497 496/496 164/164
f 497/497 164/164 163/163
f 496/496 407/407 17/17
f 496/496 17/17 164/164
f 494/494 493/493 70/70
f 494/494 70/70 69/69
f 494/494 495/495 491/491
f 494/494 491/491 493/493
f 496/496 495/495 408/408
f 496/496 408/408 407/407
f 496/496 497/497 491/491
f 496/496 491/491 495/495
f 492/492 497/497 163/163
f 492/492 163/163 162/162
f 492/492 493/493 491/491
f 492/492 491/491 497/497
f 501/501 500/500 57/57
f 501/501 57/57 55/55
f 500/500 83/83 2/2
f 500/500 2/2 57/57
f 504/504 503/503 399/399
f 504/504 399/399 398/398
f 503/503 54/54 16/16
f 503/503 16/16 399/399
f 507/507 505/505 80/80
f 507/507 80/80 82/82
f 505/505 397/397 23/23
f 505/505 23/23 80/80
f 503/503 502/502 56/56
f 503/503 56/56 54/54
f 503/503 504/504 499/499
f 503/503 499/499 502/502
f 505/505 504/504 398/398
f 505/505 398/398 397/397
f 505/505 507/507 499/499
f 505/505 499/499 504/504
f 500/500 506/506 81/81
f 500/500 81/81 83/83
f 500/500 501/501 498/498
f 500/500 498/498 506/506
f 512/512 510/510 53/53
f 512/512 53/53 52/52
f 510/510 90/90 3/3
f 510/510 3/3 53/53
f 514/514 513/513 390/390
f 514/514 390/390 389/389
f 513/513 50/50 15/15
f 513/513 15/15 390/390
f 516/516 515/515 87/87
f 516/516 87/87 88/88
f 515/515 388/388 25/25
f 515/515 25/25 87/87
f 513/513 511/511 51/51
f 513/513 51/51 50/50
f 513/513 514/514 508/508
f 513/513 508/508 511/511
f 515/515 514/514 389/389
f 515/515 389/389 388/388
f 515/515 516/516 508/508
f 515/515 508/508 514/514
f 510/510 517/517 89/89
f 510/510 89/89 90/90
f 510/510 512/512 509/509
f 510/510 509/509 517/517
f 521/521 520/520 68/68
f 521/521 68/68 66/66
f 520/520 97/97 4/4
f 520/520 4/4 68/68
f 524/524 523/523 381/381
f 524/524 381/381 380/380
f 523/523 65/65 19/19
f 523/523 19/19 381/381
f 527/527 525/525 94/94
f 527/527 94/94 96/96
f 525/525 379/379 27/27
f 525/525 27/27 94/94
f 523/523 522/522 67/67
f 523/523 67/67 65/65
f 523/523 524/524 519/519
f 523/523 519/519 522/522
f 525/525 524/524 380/380
f 525/525 380/380 379/379
f 525/525 527/527 519/519
f 525/525 519/519 524/524
f 520/520 526/526 95/95
f 520/520 95/95 97/97
f 520/520 521/521 518/518
f 520/520 518/518 526/526
f 532/532 530/530 75/75
f 532/532 75/75 74/74
f 530/530 104/104 5/5
f 530/530 5/5 75/75
f 534/534 533/533 372/372
f 534/534 372/372 371/371
f 533/533 72/72 21/21
f 533/533 21/21 372/372
f 536/536 535/535 101/101
f 536/536 101/101 102/102
f 535/535 370/370 29/29
f 535/535 29/29 101/101
f 533/533 531/531 73/73
f 533/533 73/73 72/72
f 533/533 534/534 528/528
f 533/533 528/528 531/531
f 535/535 534/534 371/371
f 535/535 371/371 370/370
f 535/535 536/536 528/528
f 535/535 528/528 534/534
f 530/530 537/537 103/103
f 530/530 103/103 104/104
f 530/530 532/532 529/529
f 530/530 529/529 537/537
f 542/542 540/540 79/79
f 542/542 79/79 78/78
f 540/540 111/111 6/6
f 540/540 6/6 79/79
f 544/544 543/543 363/363
f 544/544 363/363 362/362
f 543/543 76/76 22/22
f 543/543 22/22 363/363
f 546/546 545/545 108/108
f 546/546 108/108 109/109
f 545/545 361/361 31/31
f 545/545 31/31 108/108
f 543/543 541/541 77/77
f 543/543 77/77 76/76
f 543/543 544/544 538/538
f 543/543 538/538 541/541
f 545/545 544/544 362/362
f 545/545 362/362 361/361
f 545/545 546/546 538/538
f 545/545 538/538 544/544
f 540/540 547/547 110/110
f 540/540 110/110 111/111
f 540/540 542/542 539/539
f 540/540 539/539 547/547
f 551/551 550/550 83/83
f 551/551 83/83 81/81
f 550/550 191/191 2/2
f 550/550 2/2 83/83
f 555/555 553/553 353/353
f 555/555 353/353 352/352
f 553/553 80/80 23/23
f 553/553 23/23 353/353
f 557/557 556/556 193/193
f 557/557 193/193 192/192
f 556/556 350/350 26/26
f 556/556 26/26 193/193
f 553/553 552/552 82/82
f 553/553 82/82 80/80
f 553/553 555/555 549/549
f 553/553 549/549 552/552
f 556/556 554/554 351/351
f 556/556 351/351 350/350
f 556/556 557/557 548/548
f 556/556 548/548 554/554
f 550/550 557/557 192/192
f 550/550 192/192 191/191
f 550/550 551/551 548/548
f 550/550 548/548 557/557
f 562/562 560/560 90/90
f 562/562 90/90 89/89
f 560/560 197/197 3/3
f 560/560 3/3 90/90
f 564/564 563/563 342/342
f 564/564 342/342 340/340
f 563/563 87/87 25/25
f 563/563 25/25 342/342
f 567/567 566/566 199/199
f 567/567 199/199 198/198
f 566/566 339/339 28/28
f 566/566 28/28 199/199
f 563/563 561/561 88/88
f 563/563 88/88 87/87
f 563/563 564/564 558/558
f 563/563 558/558 561/561
f 566/566 565/565 341/341
f 566/566 341/341 339/339
f 566/566 567/567 559/559
f 566/566 559/559 565/565
f 560/560 567/567 198/198
f 560/560 198/198 197/197
f 560/560 562/562 559/559
f 560/560 559/559 567/567
f 571/571 570/570 97/97
f 571/571 97/97 95/95
f 570/570 203/203 4/4
f 570/570 4/4 97/97
f 575/575 573/573 331/331
f 575/575 331/331 330/330
f 573/573 94/94 27/27
f 573/573 27/27 331/331
f 577/577 576/576 205/205
f 577/577 205/205 204/204
f 576/576 328/328 30/30
f 576/576 30/30 205/205
f 573/573 572/572 96/96
f 573/573 96/96 94/94
f 573/573 575/575 569/569
f 573/573 569/569 572/572
f 576/576 574/574 329/329
f 576/576 329/329 328/328
f 576/576 577/577 568/568
f 576/576 568/568 574/574
f 570/570 577/577 204/204
f 570/570 204/204 203/203
f 570/570 571/571 568/568
f 570/570 568/568 577/577
f 582/582 580/580 104/104
f 582/582 104/104 103/103
f 580/580 209/209 5/5
f 580/580 5/5 104/104
f 584/584 583/583 320/320
f 584/584 320/320 318/318
f 583/583 101/101 29/29
f 583/583 29/29 320/320
f 587/587 586/586 211/211
f 587/587 211/211 210/210
f 586/586 317/317 32/32
f 586/586 32/32 211/211
f 583/583 581/581 102/102
f 583/583 102/102 101/101
f 583/583 584/584 578/578
f 583/583 578/578 581/581
f 586/586 585/585 319/319
f 586/586 319/319 317/317
f 586/586 587/587 579/579
f 586/586 579/579 585/585
f 580/580 587/587 210/210
f 580/580 210/210 209/209
f 580/580 582/582 579/579
f 580/580 579/579 587/587
f 592/592 590/590 111/111
f 592/592 111/111 110/110
f 590/590 185/185 6/6
f 590/590 6/6 111/111
f 594/594 593/593 309/309
f 594/594 309/309 307/307
f 593/593 108/108 31/31
f 593/593 31/31 309/309
f 597/597 596/596 187/187
f 597/597 187/187 186/186
f 596/596 306/306 24/24
f 596/596 24/24 187/187
f 593/593 591/591 109/109
f 593/593 109/109 108/108
f 593/593 594/594 588/588
f 593/593 588/588 591/591
f 596/596 595/595 308/308
f 596/596 308/308 306/306
f 596/596 597/597 589/589
f 596/596 589/589 595/595
f 590/590 597/597 186/186
f 590/590 186/186 185/185
f 590/590 592/592 589/589
f 590/590 589/589 597/597
f 601/601 600/600 117/117
f 601/601 117/117 116/116
f 600/600 133/133 7/7
f 600/600 7/7 117/117
f 603/603 602/602 298/298
f 603/603 298/298 296/296
f 602/602 115/115 33/33
f 602/602 33/33 298/298
f 607/607 605/605 130/130
f 607/607 130/130 132/132
f 605/605 295/295 38/38
f 605/605 38/38 130/130
f 602/602 601/601 116/116
f 602/602 116/116 115/115
f 602/602 603/603 598/598
f 602/602 598/598 601/601
f 605/605 604/604 297/297
f 605/605 297/297 295/295
f 605/605 607/607 599/599
f 605/605 599/599 604/604
f 600/600 606/606 131/131
f 600/600 131/131 133/133
f 600/600 601/601 598/598
f 600/600 598/598 606/606
f 611/611 610/610 120/120
f 611/611 120/120 119/119
f 610/610 140/140 8/8
f 610/610 8/8 120/120
f 613/613 612/612 287/287
f 613/613 287/287 285/285
f 612/612 118/118 34/34
f 612/612 34/34 287/287
f 617/617 615/615 137/137
f 617/617 137/137 139/139
f 615/615 284/284 40/40
f 615/615 40/40 137/137
f 612/612 611/611 119/119
f 612/612 119/119 118/118
f 612/612 613/613 608/608
f 612/612 608/608 611/611
f 615/615 614/614 286/286
f 615/615 286/286 284/284
f 615/615 617/617 609/609
f 615/615 609/609 614/614
f 610/610 616/616 138/138
f 610/610 138/138 140/140
f 610/610 611/611 608/608
f 610/610 608/608 616/616
f 621/621 620/620 123/123
f 621/621 123/123 122/122
f 620/620 144/144 9/9
f 620/620 9/9 123/123
f 623/623 622/622 276/276
f 623/623 276/276 274/274
f 622/622 121/121 35/35
f 622/622 35/35 276/276
f 627/627 625/625 141/141
f 627/627 141/141 143/143
f 625/625 273/273 41/41
f 625/625 41/41 141/141
f 622/622 621/621 122/122
f 622/622 122/122 121/121
f 622/622 623/623 618/618
f 622/622 618/618 621/621
f 625/625 624/624 275/275
f 625/625 275/275 273/273
f 625/625 627/627 619/619
f 625/625 619/619 624/624
f 620/620 626/626 142/142
f 620/620 142/142 144/144
f 620/620 621/621 618/618
f 620/620 618/618 626/626
f 631/631 630/630 126/126
f 631/631 126/126 125/125
f 630/630 148/148 10/10
f 630/630 10/10 126/126
f 633/633 632/632 265/265
f 633/633 265/265 263/263
f 632/632 124/124 36/36
f 632/632 36/36 265/265
f 637/637 635/635 145/145
f 637/637 145/145 147/147
f 635/635 262/262 42/42
f 635/635 42/42 145/145
f 632/632 631/631 125/125
f 632/632 125/125 124/124
f 632/632 633/633 628/628
f 632/632 628/628 631/631
f 635/635 634/634 264/264
f 635/635 264/264 262/262
f 635/635 637/637 629/629
f 635/635 629/629 634/634
f 630/630 636/636 146/146
f 630/630 146/146 148/148
f 630/630 631/631 628/628
f 630/630 628/628 636/636
f 641/641 640/640 129/129
f 641/641 129/129 128/128
f 640/640 235/235 11/11
f 640/640 11/11 129/129
f 644/644 642/642 254/254
f 644/644 254/254 253/253
f 642/642 127/127 37/37
f 642/642 37/37 254/254
f 646/646 645/645 238/238
f 646/646 238/238 236/236
f 645/645 251/251 39/39
f 645/645 39/39 238/238
f 642/642 641/641 128/128
f 642/642 128/128 127/127
f 642/642 644/644 639/639
f 642/642 639/639 641/641
f 645/645 643/643 252/252
f 645/645 252/252 251/251
f 645/645 646/646 638/638
f 645/645 638/638 643/643
f 640/640 647/647 237/237
f 640/640 237/237 235/235
f 640/640 641/641 639/639
f 640/640 639/639 647/647
f 650/650 649/649 248/248
f 650/650 248/248 249/249
f 649/649 134/134 39/39
f 649/649 39/39 248/248
f 652/652 651/651 247/247
f 652/652 247/247 246/246
f 651/651 250/250 42/42
f 651/651 42/42 247/247
f 654/654 653/653 136/136
f 654/654 136/136 135/135
f 653/653 245/245 12/12
f 653/653 12/12 136/136
f 651/651 650/650 249/249
f 651/651 249/249 250/250
f 651/651 652/652 648/648
f 651/651 648/648 650/650
f 653/653 652/652 246/246
f 653/653 246/246 245/245
f 653/653 654/654 648/648
f 653/653 648/648 652/652
f 649/649 654/654 135/135
f 649/649 135/135 134/134
f 649/649 650/650 648/648
f 649/649 648/648 654/654
f 658/658 657/657 251/251
f 658/658 251/251 252/252
f 657/657 248/248 39/39
f 657/657 39/39 251/251
f 662/662 660/660 258/258
f 662/662 258/258 256/256
f 660/660 254/254 37/37
f 660/660 37/37 258/258
f 664/664 663/663 250/250
f 664/664 250/250 249/249
f 663/663 255/255 42/42
f 663/663 42/42 250/250
f 660/660 659/659 253/253
f 660/660 253/253 254/254
f 660/660 662/662 656/656
f 660/660 656/656 659/659
f 663/663 661/661 257/257
f 663/663 257/257 255/255
f 663/663 664/664 655/655
f 663/663 655/655 661/661
f 657/657 664/664 249/249
f 657/657 249/249 248/248
f 657/657 658/658 655/655
f 657/657 655/655 664/664
f 670/670 668/668 231/231
f 670/670 231/231 230/230
f 668/668 258/258 37/37
f 668/668 37/37 231/231
f 672/672 671/671 148/148
f 672/672 148/148 146/146
f 671/671 228/228 10/10
f 671/671 10/10 148/148
f 676/676 674/674 255/255
f 676/676 255/255 257/257
f 674/674 145/145 42/42
f 674/674 42/42 255/255
f 671/671 669/669 229/229
f 671/671 229/229 228/228
f 671/671 672/672 665/665
f 671/671 665/665 669/669
f 674/674 673/673 147/147
f 674/674 147/147 145/145
f 674/674 676/676 667/667
f 674/674 667/667 673/673
f 668/668 675/675 256/256
f 668/668 256/256 258/258
f 668/668 670/670 666/666
f 668/668 666/666 675/675
f 679/679 678/678 259/259
f 679/679 259/259 260/260
f 678/678 247/247 42/42
f 678/678 42/42 259/259
f 681/681 680/680 244/244
f 681/681 244/244 243/243
f 680/680 261/261 41/41
f 680/680 41/41 244/244
f 683/683 682/682 245/245
f 683/683 245/245 246/246
f 682/682 242/242 12/12
f 682/682 12/12 245/245
f 680/680 679/679 260/260
f 680/680 260/260 261/261
f 680/680 681/681 677/677
f 680/680 677/677 679/679
f 682/682 681/681 243/243
f 682/682 243/243 242/242
f 682/682 683/683 677/677
f 682/682 677/677 681/681
f 678/678 683/683 246/246
f 678/678 246/246 247/247
f 678/678 679/679 677/677
f 678/678 677/677 683/683
f 688/688 686/686 262/262
f 688/688 262/262 264/264
f 686/686 259/259 42/42
f 686/686 42/42 262/262
f 690/690 689/689 269/269
f 690/690 269/269 267/267
f 689/689 265/265 36/36
f 689/689 36/36 269/269
f 693/693 692/692 261/261
f 693/693 261/261 260/260
f 692/692 266/266 41/41
f 692/692 41/41 261/261
f 689/689 687/687 263/263
f 689/689 263/263 265/265
f 689/689 690/690 684/684
f 689/689 684/684 687/687
f 692/692 691/691 268/268
f 692/692 268/268 266/266
f 692/692 693/693 685/685
f 692/692 685/685 691/691
f 686/686 693/693 260/260
f 686/686 260/260 259/259
f 686/686 688/688 685/685
f 686/686 685/685 693/693
f 699/699 697/697 227/227
f 699/699 227/227 226/226
f 697/697 269/269 36/36
f 697/697 36/36 227/227
f 701/701 700/700 144/144
f 701/701 144/144 142/142
f 700/700 224/224 9/9
f 700/700 9/9 144/144
f 705/705 703/703 266/266
f 705/705 266/266 268/268
f 703/703 141/141 41/41
f 703/703 41/41 266/266
f 700/700 698/698 225/225
f 700/700 225/225 224/224
f 700/700 701/701 694/694
f 700/700 694/694 698/698
f 703/703 702/702 143/143
f 703/703 143/143 141/141
f 703/703 705/705 696/696
f 703/703 696/696 702/702
f 697/697 704/704 267/267
f 697/697 267/267 269/269
f 697/697 699/699 695/695
f 697/697 695/695 704/704
f 708/708 707/707 270/270
f 708/708 270/270 271/271
f 707/707 244/244 41/41
f 707/707 41/41 270/270
f 710/710 709/709 241/241
f 710/710 241/241 240/240
f 709/709 272/272 40/40
f 709/709 40/40 241/241
f 712/712 711/711 242/242
f 712/712 242/242 243/243
f 711/711 239/239 12/12
f 711/711 12/12 242/242
f 709/709 708/708 271/271
f 709/709 271/271 272/272
f 709/709 710/710 706/706
f 709/709 706/706 708/708
f 711/711 710/710 240/240
f 711/711 240/240 239/239
f 711/711 712/712 706/706
f 711/711 706/706 710/710
f 707/707 712/712 243/243
f 707/707 243/243 244/244
f 707/707 708/708 706/706
f 707/707 706/706 712/712
f 717/717 715/715 273/273
f 717/717 273/273 275/275
f 715/715 270/270 41/41
f 715/715 41/41 273/273
f 719/719 718/718 280/280
f 719/719 280/280 278/278
f 718/718 276/276 35/35
f 718/718 35/35 280/280
f 722/722 721/721 272/272
f 722/722 272/272 271/271
f 721/721 277/277 40/40
f 721/721 40/40 272/272
f 718/718 716/716 274/274
f 718/718 274/274 276/276
f 718/718 719/719 713/713
f 718/718 713/713 716/716
f 721/721 720/720 279/279
f 721/721 279/279 277/277
f 721/721 722/722 714/714
f 721/721 714/714 720/720
f 715/715 722/722 271/271
f 715/715 271/271 270/270
f 715/715 717/717 714/714
f 715/715 714/714 722/722
f 727/727 726/726 223/223
f 727/727 223/223 221/221
f 726/726 280/280 35/35
f 726/726 35/35 223/223
f 730/730 729/729 140/140
f 730/730 140/140 138/138
f 729/729 220/220 8/8
f 729/729 8/8 140/140
f 734/734 732/732 277/277
f 734/734 277/277 279/279
f 732/732 137/137 40/40
f 732/732 40/40 277/277
f 729/729 728/728 222/222
f 729/729 222/222 220/220
f 729/729 730/730 724/724
f 729/729 724/724 728/728
f 732/732 731/731 139/139
f 732/732 139/139 137/137
f 732/732 734/734 725/725
f 732/732 725/725 731/731
f 726/726 733/733 278/278
f 726/726 278/278 280/280
f 726/726 727/727 723/723
f 726/726 723/723 733/733
f 737/737 736/736 281/281
f 737/737 281/281 282/282
f 736/736 241/241 40/40
f 736/736 40/40 281/281
f 739/739 738/738 234/234
f 739/739 234/234 233/233
f 738/738 283/283 38/38
f 738/738 38/38 234/234
f 741/741 740/740 239/239
f 741/741 239/239 240/240
f 740/740 232/232 12/12
f 740/740 12/12 239/239
f 738/738 737/737 282/282
f 738/738 282/282 283/283
f 738/738 739/739 735/735
f 738/738 735/735 737/737
f 740/740 739/739 233/233
f 740/740 233/233 232/232
f 740/740 741/741 735/735
f 740/740 735/735 739/739
f 736/736 741/741 240/240
f 736/736 240/240 241/241
f 736/736 737/737 735/735
f 736/736 735/735 741/741
f 746/746 744/744 284/284
f 746/746 284/284 286/286
f 744/744 281/281 40/40
f 744/744 40/40 284/284
f 748/748 747/747 291/291
f 748/748 291/291 289/289
f 747/747 287/287 34/34
f 747/747 34/34 291/291
f 751/751 750/750 283/283
f 751/751 283/283 282/282
f 750/750 288/288 38/38
f 750/750 38/38 283/283
f 747/747 745/745 285/285
f 747/747 285/285 287/287
f 747/747 748/748 742/742
f 747/747 742/742 745/745
f 750/750 749/749 290/290
f 750/750 290/290 288/288
f 750/750 751/751 743/743
f 750/750 743/743 749/749
f 744/744 751/751 282/282
f 744/744 282/282 281/281
f 744/744 746/746 743/743
f 744/744 743/743 751/751
f 757/757 755/755 219/219
f 757/757 219/219 218/218
f 755/755 291/291 34/34
f 755/755 34/34 219/219
f 759/759 758/758 133/133
f 759/759 133/133 131/131
f 758/758 216/216 7/7
f 758/758 7/7 133/133
f 763/763 761/761 288/288
f 763/763 288/288 290/290
f 761/761 130/130 38/38
f 761/761 38/38 288/288
f 758/758 756/756 217/217
f 758/758 217/217 216/216
f 758/758 759/759 752/752
f 758/758 752/752 756/756
f 761/761 760/760 132/132
f 761/761 132/132 130/130
f 761/761 763/763 754/754
f 761/761 754/754 760/760
f 755/755 762/762 289/289
f 755/755 289/289 291/291
f 755/755 757/757 753/753
f 755/755 753/753 762/762
f 766/766 765/765 292/292
f 766/766 292/292 293/293
f 765/765 234/234 38/38
f 765/765 38/38 292/292
f 768/768 767/767 134/134
f 768/768 134/134 135/135
f 767/767 294/294 39/39
f 767/767 39/39 134/134
f 770/770 769/769 232/232
f 770/770 232/232 233/233
f 769/769 136/136 12/12
f 769/769 12/12 232/232
f 767/767 766/766 293/293
f 767/767 293/293 294/294
f 767/767 768/768 764/764
f 767/767 764/764 766/766
f 769/769 768/768 135/135
f 769/769 135/135 136/136
f 769/769 770/770 764/764
f 769/769 764/764 768/768
f 765/765 770/770 233/233
f 765/765 233/233 234/234
f 765/765 766/766 764/764
f 765/765 764/764 770/770
f 775/775 773/773 295/295
f 775/775 295/295 297/297
f 773/773 292/292 38/38
f 773/773 38/38 295/295
f 777/777 776/776 302/302
f 777/777 302/302 300/300
f 776/776 298/298 33/33
f 776/776 33/33 302/302
f 780/780 779/779 294/294
f 780/780 294/294 293/293
f 779/779 299/299 39/39
f 779/779 39/39 294/294
f 776/776 774/774 296/296
f 776/776 296/296 298/298
f 776/776 777/777 771/771
f 776/776 771/771 774/774
f 779/779 778/778 301/301
f 779/779 301/301 299/299
f 779/779 780/780 772/772
f 779/779 772/772 778/778
f 773/773 780/780 293/293
f 773/773 293/293 292/292
f 773/773 775/775 772/772
f 773/773 772/772 780/780
f 785/785 784/784 215/215
f 785/785 215/215 213/213
f 784/784 302/302 33/33
f 784/784 33/33 215/215
f 789/789 787/787 235/235
f 789/789 235/235 237/237
f 787/787 212/212 11/11
f 787/787 11/11 235/235
f 792/792 790/790 299/299
f 792/792 299/299 301/301
f 790/790 238/238 39/39
f 790/790 39/39 299/299
f 787/787 786/786 214/214
f 787/787 214/214 212/212
f 787/787 789/789 783/783
f 787/787 783/783 786/786
f 790/790 788/788 236/236
f 790/790 236/236 238/238
f 790/790 792/792 782/782
f 790/790 782/782 788/788
f 784/784 791/791 300/300
f 784/784 300/300 302/302
f 784/784 785/785 781/781
f 784/784 781/781 791/791
f 795/795 794/794 303/303
f 795/795 303/303 304/304
f 794/794 84/84 24/24
f 794/794 24/24 303/303
f 797/797 796/796 127/127
f 797/797 127/127 128/128
f 796/796 305/305 37/37
f 796/796 37/37 127/127
f 799/799 798/798 86/86
f 799/799 86/86 85/85
f 798/798 129/129 11/11
f 798/798 11/11 86/86
f 796/796 795/795 304/304
f 796/796 304/304 305/305
f 796/796 797/797 793/793
f 796/796 793/793 795/795
f 798/798 797/797 128/128
f 798/798 128/128 129/129
f 798/798 799/799 793/793
f 798/798 793/793 797/797
f 794/794 799/799 85/85
f 794/794 85/85 84/84
f 794/794 795/795 793/793
f 794/794 793/793 799/799
f 804/804 802/802 306/306
f 804/804 306/306 308/308
f 802/802 303/303 24/24
f 802/802 24/24 306/306
f 806/806 805/805 313/313
f 806/806 313/313 311/311
f 805/805 309/309 31/31
f 805/805 31/31 313/313
f 809/809 808/808 305/305
f 809/809 305/305 304/304
f 808/808 310/310 37/37
f 808/808 37/37 305/305
f 805/805 803/803 307/307
f 805/805 307/307 309/309
f 805/805 806/806 800/800
f 805/805 800/800 803/803
f 808/808 807/807 312/312
f 808/808 312/312 310/310
f 808/808 809/809 801/801
f 808/808 801/801 807/807
f 802/802 809/809 304/304
f 802/802 304/304 303/303
f 802/802 804/804 801/801
f 802/802 801/801 809/809
f 813/813 812/812 208/208
f 813/813 208/208 207/207
f 812/812 313/313 31/31
f 812/812 31/31 208/208
f 815/815 814/814 228/228
f 815/815 228/228 229/229
f 814/814 206/206 10/10
f 814/814 10/10 228/228
f 819/819 817/817 310/310
f 819/819 310/310 312/312
f 817/817 231/231 37/37
f 817/817 37/37 310/310
f 814/814 813/813 207/207
f 814/814 207/207 206/206
f 814/814 815/815 810/810
f 814/814 810/810 813/813
f 817/817 816/816 230/230
f 817/817 230/230 231/231
f 817/817 819/819 811/811
f 817/817 811/811 816/816
f 812/812 818/818 311/311
f 812/812 311/311 313/313
f 812/812 813/813 810/810
f 812/812 810/810 818/818
f 822/822 821/821 314/314
f 822/822 314/314 315/315
f 821/821 112/112 32/32
f 821/821 32/32 314/314
f 824/824 823/823 124/124
f 824/824 124/124 125/125
f 823/823 316/316 36/36
f 823/823 36/36 124/124
f 826/826 825/825 114/114
f 826/826 114/114 113/113
f 825/825 126/126 10/10
f 825/825 10/10 114/114
f 823/823 822/822 315/315
f 823/823 315/315 316/316
f 823/823 824/824 820/820
f 823/823 820/820 822/822
f 825/825 824/824 125/125
f 825/825 125/125 126/126
f 825/825 826/826 820/820
f 825/825 820/820 824/824
f 821/821 826/826 113/113
f 821/821 113/113 112/112
f 821/821 822/822 820/820
f 821/821 820/820 826/826
f 831/831 829/829 317/317
f 831/831 317/317 319/319
f 829/829 314/314 32/32
f 829/829 32/32 317/317
f 833/833 832/832 324/324
f 833/833 324/324 322/322
f 832/832 320/320 29/29
f 832/832 29/29 324/324
f 836/836 835/835 316/316
f 836/836 316/316 315/315
f 835/835 321/321 36/36
f 835/835 36/36 316/316
f 832/832 830/830 318/318
f 832/832 318/318 320/320
f 832/832 833/833 827/827
f 832/832 827/827 830/830
f 835/835 834/834 323/323
f 835/835 323/323 321/321
f 835/835 836/836 828/828
f 835/835 828/828 834/834
f 829/829 836/836 315/315
f 829/829 315/315 314/314
f 829/829 831/831 828/828
f 829/829 828/828 836/836
f 840/840 839/839 202/202
f 840/840 202/202 201/201
f 839/839 324/324 29/29
f 839/839 29/29 202/202
f 842/842 841/841 224/224
f 842/842 224/224 225/225
f 841/841 200/200 9/9
f 841/841 9/9 224/224
f 846/846 844/844 321/321
f 846/846 321/321 323/323
f 844/844 227/227 36/36
f 844/844 36/36 321/321
f 841/841 840/840 201/201
f 841/841 201/201 200/200
f 841/841 842/842 837/837
f 841/841 837/837 840/840
f 844/844 843/843 226/226
f 844/844 226/226 227/227
f 844/844 846/846 838/838
f 844/844 838/838 843/843
f 839/839 845/845 322/322
f 839/839 322/322 324/324
f 839/839 840/840 837/837
f 839/839 837/837 845/845
f 849/849 848/848 325/325
f 849/849 325/325 326/326
f 848/848 105/105 30/30
f 848/848 30/30 325/325
f 851/851 850/850 121/121
f 851/851 121/121 122/122
f 850/850 327/327 35/35
f 850/850 35/35 121/121
f 853/853 852/852 107/107
f 853/853 107/107 106/106
f 852/852 123/123 9/9
f 852/852 9/9 107/107
f 850/850 849/849 326/326
f 850/850 326/326 327/327
f 850/850 851/851 847/847
f 850/850 847/847 849/849
f 852/852 851/851 122/122
f 852/852 122/122 123/123
f 852/852 853/853 847/847
f 852/852 847/847 851/851
f 848/848 853/853 106/106
f 848/848 106/106 105/105
f 848/848 849/849 847/847
f 848/848 847/847 853/853
f 857/857 856/856 328/328
f 857/857 328/328 329/329
f 856/856 325/325 30/30
f 856/856 30/30 328/328
f 861/861 859/859 335/335
f 861/861 335/335 334/334
f 859/859 331/331 27/27
f 859/859 27/27 335/335
f 863/863 862/862 327/327
f 863/863 327/327 326/326
f 862/862 332/332 35/35
f 862/862 35/35 327/327
f 859/859 858/858 330/330
f 859/859 330/330 331/331
f 859/859 861/861 855/855
f 859/859 855/855 858/858
f 862/862 860/860 333/333
f 862/862 333/333 332/332
f 862/862 863/863 854/854
f 862/862 854/854 860/860
f 856/856 863/863 326/326
f 856/856 326/326 325/325
f 856/856 857/857 854/854
f 856/856 854/854 863/863
f 867/867 866/866 196/196
f 867/867 196/196 195/195
f 866/866 335/335 27/27
f 866/866 27/27 196/196
f 870/870 868/868 220/220
f 870/870 220/220 222/222
f 868/868 194/194 8/8
f 868/868 8/8 220/220
f 872/872 871/871 332/332
f 872/872 332/332 333/333
f 871/871 223/223 35/35
f 871/871 35/35 332/332
f 868/868 867/867 195/195
f 868/868 195/195 194/194
f 868/868 870/870 865/865
f 868/868 865/865 867/867
f 871/871 869/869 221/221
f 871/871 221/221 223/223
f 871/871 872/872 864/864
f 871/871 864/864 869/869
f 866/866 873/873 334/334
f 866/866 334/334 335/335
f 866/866 867/867 865/865
f 866/866 865/865 873/873
f 876/876 875/875 336/336
f 876/876 336/336 337/337
f 875/875 98/98 28/28
f 875/875 28/28 336/336
f 878/878 877/877 118/118
f 878/878 118/118 119/119
f 877/877 338/338 34/34
f 877/877 34/34 118/118
f 880/880 879/879 100/100
f 880/880 100/100 99/99
f 879/879 120/120 8/8
f 879/879 8/8 100/100
f 877/877 876/876 337/337
f 877/877 337/337 338/338
f 877/877 878/878 874/874
f 877/877 874/874 876/876
f 879/879 878/878 119/119
f 879/879 119/119 120/120
f 879/879 880/880 874/874
f 879/879 874/874 878/878
f 875/875 880/880 99/99
f 875/875 99/99 98/98
f 875/875 876/876 874/874
f 875/875 874/874 880/880
f 885/885 883/883 339/339
f 885/885 339/339 341/341
f 883/883 336/336 28/28
f 883/883 28/28 339/339
f 887/887 886/886 346/346
f 887/887 346/346 344/344
f 886/886 342/342 25/25
f 886/886 25/25 346/346
f 890/890 889/889 338/338
f 890/890 338/338 337/337
f 889/889 343/343 34/34
f 889/889 34/34 338/338
f 886/886 884/884 340/340
f 886/886 340/340 342/342
f 886/886 887/887 881/881
f 886/886 881/881 884/884
f 889/889 888/888 345/345
f 889/889 345/345 343/343
f 889/889 890/890 882/882
f 889/889 882/882 888/888
f 883/883 890/890 337/337
f 883/883 337/337 336/336
f 883/883 885/885 882/882
f 883/883 882/882 890/890
f 894/894 893/893 190/190
f 894/894 190/190 189/189
f 893/893 346/346 25/25
f 893/893 25/25 190/190
f 896/896 895/895 216/216
f 896/896 216/216 217/217
f 895/895 188/188 7/7
f 895/895 7/7 216/216
f 900/900 898/898 343/343
f 900/900 343/343 345/345
f 898/898 219/219 34/34
f 898/898 34/34 343/343
f 895/895 894/894 189/189
f 895/895 189/189 188/188
f 895/895 896/896 891/891
f 895/895 891/891 894/894
f 898/898 897/897 218/218
f 898/898 218/218 219/219
f 898/898 900/900 892/892
f 898/898 892/892 897/897
f 893/893 899/899 344/344
f 893/893 344/344 346/346
f 893/893 894/894 891/891
f 893/893 891/891 899/899
f 903/903 902/902 347/347
f 903/903 347/347 348/348
f 902/902 91/91 26/26
f 902/902 26/26 347/347
f 905/905 904/904 115/115
f 905/905 115/115 116/116
f 904/904 349/349 33/33
f 904/904 33/33 115/115
f 907/907 906/906 93/93
f 907/907 93/93 92/92
f 906/906 117/117 7/7
f 906/906 7/7 93/93
f 904/904 903/903 348/348
f 904/904 348/348 349/349
f 904/904 905/905 901/901
f 904/904 901/901 903/903
f 906/906 905/905 116/116
f 906/906 116/116 117/117
f 906/906 907/907 901/901
f 906/906 901/901 905/905
f 902/902 907/907 92/92
f 902/902 92/92 91/91
f 902/902 903/903 901/901
f 902/902 901/901 907/907
f 911/911 910/910 350/350
f 911/911 350/350 351/351
f 910/910 347/347 26/26
f 910/910 26/26 350/350
f 915/915 913/913 357/357
f 915/915 357/357 356/356
f 913/913 353/353 23/23
f 913/913 23/23 357/357
f 917/917 916/916 349/349
f 917/917 349/349 348/348
f 916/916 354/354 33/33
f 916/916 33/33 349/349
f 913/913 912/912 352/352
f 913/913 352/352 353/353
f 913/913 915/915 909/909
f 913/913 909/909 912/912
f 916/916 914/914 355/355
f 916/916 355/355 354/354
f 916/916 917/917 908/908
f 916/916 908/908 914/914
f 910/910 917/917 348/348
f 910/910 348/348 347/347
f 910/910 911/911 908/908
f 910/910 908/908 917/917
f 921/921 920/920 184/184
f 921/921 184/184 183/183
f 920/920 357/357 23/23
f 920/920 23/23 184/184
f 924/924 922/922 212/212
f 924/924 212/212 214/214
f 922/922 182/182 11/11
f 922/922 11/11 212/212
f 926/926 925/925 354/354
f 926/926 354/354 355/355
f 925/925 215/215 33/33
f 925/925 33/33 354/354
f 922/922 921/921 183/183
f 922/922 183/183 182/182
f 922/922 924/924 919/919
f 922/922 919/919 921/921
f 925/925 923/923 213/213
f 925/925 213/213 215/215
f 925/925 926/926 918/918
f 925/925 918/918 923/923
f 920/920 927/927 356/356
f 920/920 356/356 357/357
f 920/920 921/921 919/919
f 920/920 919/919 927/927
f 930/930 929/929 358/358
f 930/930 358/358 359/359
f 929/929 208/208 31/31
f 929/929 31/31 358/358
f 932/932 931/931 112/112
f 932/932 112/112 113/113
f 931/931 360/360 32/32
f 931/931 32/32 112/112
f 934/934 933/933 206/206
f 934/934 206/206 207/207
f 933/933 114/114 10/10
f 933/933 10/10 206/206
f 931/931 930/930 359/359
f 931/931 359/359 360/360
f 931/931 932/932 928/928
f 931/931 928/928 930/930
f 933/933 932/932 113/113
f 933/933 113/113 114/114
f 933/933 934/934 928/928
f 933/933 928/928 932/932
f 929/929 934/934 207/207
f 929/929 207/207 208/208
f 929/929 930/930 928/928
f 929/929 928/928 934/934
f 937/937 936/936 361/361
f 937/937 361/361 362/362
f 936/936 358/358 31/31
f 936/936 31/31 361/361
f 939/939 938/938 366/366
f 939/939 366/366 365/365
f 938/938 363/363 22/22
f 938/938 22/22 366/366
f 941/941 940/940 360/360
f 941/941 360/360 359/359
f 940/940 364/364 32/32
f 940/940 32/32 360/360
f 938/938 937/937 362/362
f 938/938 362/362 363/363
f 938/938 939/939 935/935
f 938/938 935/935 937/937
f 940/940 939/939 365/365
f 940/940 365/365 364/364
f 940/940 941/941 935/935
f 940/940 935/935 939/939
f 936/936 941/941 359/359
f 936/936 359/359 358/358
f 936/936 937/937 935/935
f 936/936 935/935 941/941
f 944/944 943/943 181/181
f 944/944 181/181 180/180
f 943/943 366/366 22/22
f 943/943 22/22 181/181
f 946/946 945/945 209/209
f 946/946 209/209 210/210
f 945/945 179/179 5/5
f 945/945 5/5 209/209
f 948/948 947/947 364/364
f 948/948 364/364 365/365
f 947/947 211/211 32/32
f 947/947 32/32 364/364
f 945/945 944/944 180/180
f 945/945 180/180 179/179
f 945/945 946/946 942/942
f 945/945 942/942 944/944
f 947/947 946/946 210/210
f 947/947 210/210 211/211
f 947/947 948/948 942/942
f 947/947 942/942 946/946
f 943/943 948/948 365/365
f 943/943 365/365 366/366
f 943/943 944/944 942/942
f 943/943 942/942 948/948
f 951/951 950/950 367/367
f 951/951 367/367 368/368
f 950/950 202/202 29/29
f 950/950 29/29 367/367
f 953/953 952/952 105/105
f 953/953 105/105 106/106
f 952/952 369/369 30/30
f 952/952 30/30 105/105
f 955/955 954/954 200/200
f 955/955 200/200 201/201
f 954/954 107/107 9/9
f 954/954 9/9 200/200
f 952/952 951/951 368/368
f 952/952 368/368 369/369
f 952/952 953/953 949/949
f 952/952 949/949 951/951
f 954/954 953/953 106/106
f 954/954 106/106 107/107
f 954/954 955/955 949/949
f 954/954 949/949 953/953
f 950/950 955/955 201/201
f 950/950 201/201 202/202
f 950/950 951/951 949/949
f 950/950 949/949 955/955
f 958/958 957/957 370/370
f 958/958 370/370 371/371
f 957/957 367/367 29/29
f 957/957 29/29 370/370
f 960/960 959/959 375/375
f 960/960 375/375 374/374
f 959/959 372/372 21/21
f 959/959 21/21 375/375
f 962/962 961/961 369/369
f 962/962 369/369 368/368
f 961/961 373/373 30/30
f 961/961 30/30 369/369
f 959/959 958/958 371/371
f 959/959 371/371 372/372
f 959/959 960/960 956/956
f 959/959 956/956 958/958
f 961/961 960/960 374/374
f 961/961 374/374 373/373
f 961/961 962/962 956/956
f 961/961 956/956 960/960
f 957/957 962/962 368/368
f 957/957 368/368 367/367
f 957/957 958/958 956/956
f 957/957 956/956 962/962
f 965/965 964/964 178/178
f 965/965 178/178 177/177
f 964/964 375/375 21/21
f 964/964 21/21 178/178
f 967/967 966/966 203/203
f 967/967 203/203 204/204
f 966/966 176/176 4/4
f 966/966 4/4 203/203
f 969/969 968/968 373/373
f 969/969 373/373 374/374
f 968/968 205/205 30/30
f 968/968 30/30 373/373
f 966/966 965/965 177/177
f 966/966 177/177 176/176
f 966/966 967/967 963/963
f 966/966 963/963 965/965
f 968/968 967/967 204/204
f 968/968 204/204 205/205
f 968/968 969/969 963/963
f 968/968 963/963 967/967
f 964/964 969/969 374/374
f 964/964 374/374 375/375
f 964/964 965/965 963/963
f 964/964 963/963 969/969
f 972/972 971/971 376/376
f 972/972 376/376 377/377
f 971/971 196/196 27/27
f 971/971 27/27 376/376
f 974/974 973/973 98/98
f 974/974 98/98 99/99
f 973/973 378/378 28/28
f 973/973 28/28 98/98
f 976/976 975/975 194/194
f 976/976 194/194 195/195
f 975/975 100/100 8/8
f 975/975 8/8 194/194
f 973/973 972/972 377/377
f 973/973 377/377 378/378
f 973/973 974/974 970/970
f 973/973 970/970 972/972
f 975/975 974/974 99/99
f 975/975 99/99 100/100
f 975/975 976/976 970/970
f 975/975 970/970 974/974
f 971/971 976/976 195/195
f 971/971 195/195 196/196
f 971/971 972/972 970/970
f 971/971 970/970 976/976
f 979/979 978/978 379/379
f 979/979 379/379 380/380
f 978/978 376/376 27/27
f 978/978 27/27 379/379
f 981/981 980/980 384/384
f 981/981 384/384 383/383
f 980/980 381/381 19/19
f 980/980 19/19 384/384
f 983/983 982/982 378/378
f 983/983 378/378 377/377
f 982/982 382/382 28/28
f 982/982 28/28 378/378
f 980/980 979/979 380/380
f 980/980 380/380 381/381
f 980/980 981/981 977/977
f 980/980 977/977 979/979
f 982/982 981/981 383/383
f 982/982 383/383 382/382
f 982/982 983/983 977/977
f 982/982 977/977 981/981
f 978/978 983/983 377/377
f 978/978 377/377 376/376
f 978/978 979/979 977/977
f 978/978 977/977 983/983
f 986/986 985/985 171/171
f 986/986 171/171 170/170
f 985/985 384/384 19/19
f 985/985 19/19 171/171
f 988/988 987/987 197/197
f 988/988 197/197 198/198
f 987/987 169/169 3/3
f 987/987 3/3 197/197
f 990/990 989/989 382/382
f 990/990 382/382 383/383
f 989/989 199/199 28/28
f 989/989 28/28 382/382
f 987/987 986/986 170/170
f 987/987 170/170 169/169
f 987/987 988/988 984/984
f 987/987 984/984 986/986
f 989/989 988/988 198/198
f 989/989 198/198 199/199
f 989/989 990/990 984/984
f 989/989 984/984 988/988
f 985/985 990/990 383/383
f 985/985 383/383 384/384
f 985/985 986/986 984/984
f 985/985 984/984 990/990
f 993/993 992/992 385/385
f 993/993 385/385 386/386
f 992/992 190/190 25/25
f 992/992 25/25 385/385
f 995/995 994/994 91/91
f 995/995 91/91 92/92
f 994/994 387/387 26/26
f 994/994 26/26 91/91
f 997/997 996/996 188/188
f 997/997 188/188 189/189
f 996/996 93/93 7/7
f 996/996 7/7 188/188
f 994/994 993/993 386/386
f 994/994 386/386 387/387
f 994/994 995/995 991/991
f 994/994 991/991 993/993
f 996/996 995/995 92/92
f 996/996 92/92 93/93
f 996/996 997/997 991/991
f 996/996 991/991 995/995
f 992/992 997/997 189/189
f 992/992 189/189 190/190
f 992/992 993/993 991/991
f 992/992 991/991 997/997
f 1000/1000 999/999 388/388
f 1000/1000 388/388 389/389
f 999/999 385/385 25/25
f 999/999 25/25 388/388
f 1002/1002 1001/1001 393/393
f 1002/1002 393/393 392/392
f 1001/1001 390/390 15/15
f 1001/1001 15/15 393/393
f 1004/1004 1003/1003 387/387
f 1004/1004 387/387 386/386
f 1003/1003 391/391 26/26
f 1003/1003 26/26 387/387
f 1001/1001 1000/1000 389/389
f 1001/1001 389/389 390/390
f 1001/1001 1002/1002 998/998
f 1001/1001 998/998 1000/1000
f 1003/1003 1002/1002 392/392
f 1003/1003 392/392 391/391
f 1003/1003 1004/1004 998/998
f 1003/1003 998/998 1002/1002
f 999/999 1004/1004 386/386
f 999/999 386/386 385/385
f 999/999 1000/1000 998/998
f 999/999 998/998 1004/1004
f 1007/1007 1006/1006 158/158
f 1007/1007 158/158 157/157
f 1006/1006 393/393 15/15
f 1006/1006 15/15 158/158
f 1009/1009 1008/1008 191/191
f 1009/1009 191/191 192/192
f 1008/1008 156/156 2/2
f 1008/1008 2/2 191/191
f 1011/1011 1010/1010 391/391
f 1011/1011 391/391 392/392
f 1010/1010 193/193 26/26
f 1010/1010 26/26 391/391
f 1008/1008 1007/1007 157/157
f 1008/1008 157/157 156/156
f 1008/1008 1009/1009 1005/1005
f 1008/1008 1005/1005 1007/1007
f 1010/1010 1009/1009 192/192
f 1010/1010 192/192 193/193
f 1010/1010 1011/1011 1005/1005
f 1010/1010 1005/1005 1009/1009
f 1006/1006 1011/1011 392/392
f 1006/1006 392/392 393/393
f 1006/1006 1007/1007 1005/1005
f 1006/1006 1005/1005 1011/1011
f 1014/1014 1013/1013 394/394
f 1014/1014 394/394 395/395
f 1013/1013 184/184 23/23
f 1013/1013 23/23 394/394
f 1016/1016 1015/1015 84/84
f 1016/1016 84/84 85/85
f 1015/1015 396/396 24/24
f 1015/1015 24/24 84/84
f 1018/1018 1017/1017 182/182
f 1018/1018 182/182 183/183
f 1017/1017 86/86 11/11
f 1017/1017 11/11 182/182
f 1015/1015 1014/1014 395/395
f 1015/1015 395/395 396/396
f 1015/1015 1016/1016 1012/1012
f 1015/1015 1012/1012 1014/1014
f 1017/1017 1016/1016 85/85
f 1017/1017 85/85 86/86
f 1017/1017 1018/1018 1012/1012
f 1017/1017 1012/1012 1016/1016
f 1013/1013 1018/1018 183/183
f 1013/1013 183/183 184/184
f 1013/1013 1014/1014 1012/1012
f 1013/1013 1012/1012 1018/1018
f 1021/1021 1020/1020 397/397
f 1021/1021 397/397 398/398
f 1020/1020 394/394 23/23
f 1020/1020 23/23 397/397
f 1023/1023 1022/1022 402/402
f 1023/1023 402/402 401/401
f 1022/1022 399/399 16/16
f 1022/1022 16/16 402/402
f 1025/1025 1024/1024 396/396
f 1025/1025 396/396 395/395
f 1024/1024 400/400 24/24
f 1024/1024 24/24 396/396
f 1022/1022 1021/1021 398/398
f 1022/1022 398/398 399/399
f 1022/1022 1023/1023 1019/1019
f 1022/1022 1019/1019 1021/1021
f 1024/1024 1023/1023 401/401
f 1024/1024 401/401 400/400
f 1024/1024 1025/1025 1019/1019
f 1024/1024 1019/1019 1023/1023
f 1020/1020 1025/1025 395/395
f 1020/1020 395/395 394/394
f 1020/1020 1021/1021 1019/1019
f 1020/1020 1019/1019 1025/1025
f 1028/1028 1027/1027 161/161
f 1028/1028 161/161 160/160
f 1027/1027 402/402 16/16
f 1027/1027 16/16 161/161
f 1030/1030 1029/1029 185/185
f 1030/1030 185/185 186/186
f 1029/1029 159/159 6/6
f 1029/1029 6/6 185/185
f 1032/1032 1031/1031 400/400
f 1032/1032 400/400 401/401
f 1031/1031 187/187 24/24
f 1031/1031 24/24 400/400
f 1029/1029 1028/1028 160/160
f 1029/1029 160/160 159/159
f 1029/1029 1030/1030 1026/1026
f 1029/1029 1026/1026 1028/1028
f 1031/1031 1030/1030 186/186
f 1031/1031 186/186 187/187
f 1031/1031 1032/1032 1026/1026
f 1031/1031 1026/1026 1030/1030
f 1027/1027 1032/1032 401/401
f 1027/1027 401/401 402/402
f 1027/1027 1028/1028 1026/1026
f 1027/1027 1026/1026 1032/1032
f 1038/1038 1036/1036 403/403
f 1038/1038 403/403 405/405
f 1036/1036 58/58 17/17
f 1036/1036 17/17 403/403
f 1040/1040 1039/1039 76/76
f 1040/1040 76/76 77/77
f 1039/1039 406/406 22/22
f 1039/1039 22/22 76/76
f 1043/1043 1042/1042 61/61
f 1043/1043 61/61 59/59
f 1042/1042 79/79 6/6
f 1042/1042 6/6 61/61
f 1039/1039 1037/1037 404/404
f 1039/1039 404/404 406/406
f 1039/1039 1040/1040 1033/1033
f 1039/1039 1033/1033 1037/1037
f 1042/1042 1041/1041 78/78
f 1042/1042 78/78 79/79
f 1042/1042 1043/1043 1034/1034
f 1042/1042 1034/1034 1041/1041
f 1036/1036 1044/1044 60/60
f 1036/1036 60/60 58/58
f 1036/1036 1038/1038 1035/1035
f 1036/1036 1035/1035 1044/1044
f 1048/1048 1047/1047 407/407
f 1048/1048 407/407 408/408
f 1047/1047 403/403 17/17
f 1047/1047 17/17 407/407
f 1051/1051 1049/1049 413/413
f 1051/1051 413/413 412/412
f 1049/1049 409/409 20/20
f 1049/1049 20/20 413/413
f 1053/1053 1052/1052 406/406
f 1053/1053 406/406 404/404
f 1052/1052 410/410 22/22
f 1052/1052 22/22 406/406
f 1049/1049 1048/1048 408/408
f 1049/1049 408/408 409/409
f 1049/1049 1051/1051 1046/1046
f 1049/1049 1046/1046 1048/1048
f 1052/1052 1050/1050 411/411
f 1052/1052 411/411 410/410
f 1052/1052 1053/1053 1045/1045
f 1052/1052 1045/1045 1050/1050
f 1047/1047 1054/1054 405/405
f 1047/1047 405/405 403/403
f 1047/1047 1048/1048 1046/1046
f 1047/1047 1046/1046 1054/1054
f 1059/1059 1057/1057 175/175
f 1059/1059 175/175 174/174
f 1057/1057 413/413 20/20
f 1057/1057 20/20 175/175
f 1061/1061 1060/1060 179/179
f 1061/1061 179/179 180/180
f 1060/1060 172/172 5/5
f 1060/1060 5/5 179/179
f 1063/1063 1062/1062 410/410
f 1063/1063 410/410 411/411
f 1062/1062 181/181 22/22
f 1062/1062 22/22 410/410
f 1060/1060 1058/1058 173/173
f 1060/1060 173/173 172/172
f 1060/1060 1061/1061 1055/1055
f 1060/1060 1055/1055 1058/1058
f 1062/1062 1061/1061 180/180
f 1062/1062 180/180 181/181
f 1062/1062 1063/1063 1055/1055
f 1062/1062 1055/1055 1061/1061
f 1057/1057 1064/1064 412/412
f 1057/1057 412/412 413/413
f 1057/1057 1059/1059 1056/1056
f 1057/1057 1056/1056 1064/1064
f 1070/1070 1068/1068 414/414
f 1070/1070 414/414 416/416
f 1068/1068 175/175 20/20
f 1068/1068 20/20 414/414
f 1072/1072 1071/1071 72/72
f 1072/1072 72/72 73/73
f 1071/1071 417/417 21/21
f 1071/1071 21/21 72/72
f 1075/1075 1074/1074 172/172
f 1075/1075 172/172 173/173
f 1074/1074 75/75 5/5
f 1074/1074 5/5 172/172
f 1071/1071 1069/1069 415/415
f 1071/1071 415/415 417/417
f 1071/1071 1072/1072 1065/1065
f 1071/1071 1065/1065 1069/1069
f 1074/1074 1073/1073 74/74
f 1074/1074 74/74 75/75
f 1074/1074 1075/1075 1066/1066
f 1074/1074 1066/1066 1073/1073
f 1068/1068 1076/1076 174/174
f 1068/1068 174/174 175/175
f 1068/1068 1070/1070 1067/1067
f 1068/1068 1067/1067 1076/1076
f 1080/1080 1079/1079 418/418
f 1080/1080 418/418 419/419
f 1079/1079 414/414 20/20
f 1079/1079 20/20 418/418
f 1083/1083 1081/1081 424/424
f 1083/1083 424/424 423/423
f 1081/1081 420/420 18/18
f 1081/1081 18/18 424/424
f 1085/1085 1084/1084 417/417
f 1085/1085 417/417 415/415
f 1084/1084 421/421 21/21
f 1084/1084 21/21 417/417
f 1081/1081 1080/1080 419/419
f 1081/1081 419/419 420/420
f 1081/1081 1083/1083 1078/1078
f 1081/1081 1078/1078 1080/1080
f 1084/1084 1082/1082 422/422
f 1084/1084 422/422 421/421
f 1084/1084 1085/1085 1077/1077
f 1084/1084 1077/1077 1082/1082
f 1079/1079 1086/1086 416/416
f 1079/1079 416/416 414/414
f 1079/1079 1080/1080 1078/1078
f 1079/1079 1078/1078 1086/1086
f 1091/1091 1089/1089 168/168
f 1091/1091 168/168 167/167
f 1089/1089 424/424 18/18
f 1089/1089 18/18 168/168
f 1093/1093 1092/1092 176/176
f 1093/1093 176/176 177/177
f 1092/1092 165/165 4/4
f 1092/1092 4/4 176/176
f 1095/1095 1094/1094 421/421
f 1095/1095 421/421 422/422
f 1094/1094 178/178 21/21
f 1094/1094 21/21 421/421
f 1092/1092 1090/1090 166/166
f 1092/1092 166/166 165/165
f 1092/1092 1093/1093 1087/1087
f 1092/1092 1087/1087 1090/1090
f 1094/1094 1093/1093 177/177
f 1094/1094 177/177 178/178
f 1094/1094 1095/1095 1087/1087
f 1094/1094 1087/1087 1093/1093
f 1089/1089 1096/1096 423/423
f 1089/1089 423/423 424/424
f 1089/1089 1091/1091 1088/1088
f 1089/1089 1088/1088 1096/1096
f 1102/1102 1100/1100 425/425
f 1102/1102 425/425 427/427
f 1100/1100 168/168 18/18
f 1100/1100 18/18 425/425
f 1105/1105 1103/1103 65/65
f 1105/1105 65/65 67/67
f 1103/1103 428/428 19/19
f 1103/1103 19/19 65/65
f 1107/1107 1106/1106 165/165
f 1107/1107 165/165 166/166
f 1106/1106 68/68 4/4
f 1106/1106 4/4 165/165
f 1103/1103 1101/1101 426/426
f 1103/1103 426/426 428/428
f 1103/1103 1105/1105 1098/1098
f 1103/1103 1098/1098 1101/1101
f 1106/1106 1104/1104 66/66
f 1106/1106 66/66 68/68
f 1106/1106 1107/1107 1097/1097
f 1106/1106 1097/1097 1104/1104
f 1100/1100 1108/1108 167/167
f 1100/1100 167/167 168/168
f 1100/1100 1102/1102 1099/1099
f 1100/1100 1099/1099 1108/1108
f 1112/1112 1111/1111 429/429
f 1112/1112 429/429 430/430
f 1111/1111 425/425 18/18
f 1111/1111 18/18 429/429
f 1115/1115 1113/1113 435/435
f 1115/1115 435/435 434/434
f 1113/1113 431/431 13/13
f 1113/1113 13/13 435/435
f 1117/1117 1116/1116 428/428
f 1117/1117 428/428 426/426
f 1116/1116 432/432 19/19
f 1116/1116 19/19 428/428
f 1113/1113 1112/1112 430/430
f 1113/1113 430/430 431/431
f 1113/1113 1115/1115 1110/1110
f 1113/1113 1110/1110 1112/1112
f 1116/1116 1114/1114 433/433
f 1116/1116 433/433 432/432
f 1116/1116 1117/1117 1109/1109
f 1116/1116 1109/1109 1114/1114
f 1111/1111 1118/1118 427/427
f 1111/1111 427/427 425/425
f 1111/1111 1112/1112 1110/1110
f 1111/1111 1110/1110 1118/1118
f 1123/1123 1121/1121 152/152
f 1123/1123 152/152 151/151
f 1121/1121 435/435 13/13
f 1121/1121 13/13 152/152
f 1125/1125 1124/1124 169/169
f 1125/1125 169/169 170/170
f 1124/1124 149/149 3/3
f 1124/1124 3/3 169/169
f 1127/1127 1126/1126 432/432
f 1127/1127 432/432 433/433
f 1126/1126 171/171 19/19
f 1126/1126 19/19 432/432
f 1124/1124 1122/1122 150/150
f 1124/1124 150/150 149/149
f 1124/1124 1125/1125 1119/1119
f 1124/1124 1119/1119 1122/1122
f 1126/1126 1125/1125 170/170
f 1126/1126 170/170 171/171
f 1126/1126 1127/1127 1119/1119
f 1126/1126 1119/1119 1125/1125
f 1121/1121 1128/1128 434/434
f 1121/1121 434/434 435/435
f 1121/1121 1123/1123 1120/1120
f 1121/1121 1120/1120 1128/1128
f 1132/1132 1131/1131 436/436
f 1132/1132 436/436 437/437
f 1131/1131 161/161 16/16
f 1131/1131 16/16 436/436
f 1136/1136 1134/1134 58/58
f 1136/1136 58/58 60/60
f 1134/1134 439/439 17/17
f 1134/1134 17/17 58/58
f 1138/1138 1137/1137 159/159
f 1138/1138 159/159 160/160
f 1137/1137 61/61 6/6
f 1137/1137 6/6 159/159
f 1134/1134 1133/1133 438/438
f 1134/1134 438/438 439/439
f 1134/1134 1136/1136 1130/1130
f 1134/1134 1130/1130 1133/1133
f 1137/1137 1135/1135 59/59
f 1137/1137 59/59 61/61
f 1137/1137 1138/1138 1129/1129
f 1137/1137 1129/1129 1135/1135
f 1131/1131 1138/1138 160/160
f 1131/1131 160/160 161/161
f 1131/1131 1132/1132 1129/1129
f 1131/1131 1129/1129 1138/1138
f 1142/1142 1141/1141 440/440
f 1142/1142 440/440 441/441
f 1141/1141 436/436 16/16
f 1141/1141 16/16 440/440
f 1145/1145 1144/1144 446/446
f 1145/1145 446/446 445/445
f 1144/1144 443/443 14/14
f 1144/1144 14/14 446/446
f 1148/1148 1146/1146 439/439
f 1148/1148 439/439 438/438
f 1146/1146 444/444 17/17
f 1146/1146 17/17 439/439
f 1144/1144 1143/1143 442/442
f 1144/1144 442/442 443/443
f 1144/1144 1145/1145 1140/1140
f 1144/1144 1140/1140 1143/1143
f 1146/1146 1145/1145 445/445
f 1146/1146 445/445 444/444
f 1146/1146 1148/1148 1140/1140
f 1146/1146 1140/1140 1145/1145
f 1141/1141 1147/1147 437/437
f 1141/1141 437/437 436/436
f 1141/1141 1142/1142 1139/1139
f 1141/1141 1139/1139 1147/1147
f 1151/1151 1150/1150 155/155
f 1151/1151 155/155 154/154
f 1150/1150 446/446 14/14
f 1150/1150 14/14 155/155
f 1153/1153 1152/1152 162/162
f 1153/1153 162/162 163/163
f 1152/1152 153/153 1/1
f 1152/1152 1/1 162/162
f 1155/1155 1154/1154 444/444
f 1155/1155 444/444 445/445
f 1154/1154 164/164 17/17
f 1154/1154 17/17 444/444
f 1152/1152 1151/1151 154/154
f 1152/1152 154/154 153/153
f 1152/1152 1153/1153 1149/1149
f 1152/1152 1149/1149 1151/1151
f 1154/1154 1153/1153 163/163
f 1154/1154 163/163 164/164
f 1154/1154 1155/1155 1149/1149
f 1154/1154 1149/1149 1153/1153
f 1150/1150 1155/1155 445/445
f 1150/1150 445/445 446/446
f 1150/1150 1151/1151 1149/1149
f 1150/1150 1149/1149 1155/1155
f 1161/1161 1159/1159 447/447
f 1161/1161 447/447 449/449
f 1159/1159 152/152 13/13
f 1159/1159 13/13 447/447
f 1163/1163 1162/1162 50/50
f 1163/1163 50/50 51/51
f 1162/1162 450/450 15/15
f 1162/1162 15/15 50/50
f 1166/1166 1165/1165 149/149
f 1166/1166 149/149 150/150
f 1165/1165 53/53 3/3
f 1165/1165 3/3 149/149
f 1162/1162 1160/1160 448/448
f 1162/1162 448/448 450/450
f 1162/1162 1163/1163 1156/1156
f 1162/1162 1156/1156 1160/1160
f 1165/1165 1164/1164 52/52
f 1165/1165 52/52 53/53
f 1165/1165 1166/1166 1157/1157
f 1165/1165 1157/1157 1164/1164
f 1159/1159 1167/1167 151/151
f 1159/1159 151/151 152/152
f 1159/1159 1161/1161 1158/1158
f 1159/1159 1158/1158 1167/1167
f 1171/1171 1170/1170 451/451
f 1171/1171 451/451 452/452
f 1170/1170 447/447 13/13
f 1170/1170 13/13 451/451
f 1174/1174 1172/1172 457/457
f 1174/1174 457/457 456/456
f 1172/1172 453/453 14/14
f 1172/1172 14/14 457/457
f 1176/1176 1175/1175 450/450
f 1176/1176 450/450 448/448
f 1175/1175 454/454 15/15
f 1175/1175 15/15 450/450
f 1172/1172 1171/1171 452/452
f 1172/1172 452/452 453/453
f 1172/1172 1174/1174 1169/1169
f 1172/1172 1169/1169 1171/1171
f 1175/1175 1173/1173 455/455
f 1175/1175 455/455 454/454
f 1175/1175 1176/1176 1168/1168
f 1175/1175 1168/1168 1173/1173
f 1170/1170 1177/1177 449/449
f 1170/1170 449/449 447/447
f 1170/1170 1171/1171 1169/1169
f 1170/1170 1169/1169 1177/1177
f 1182/1182 1180/1180 46/46
f 1182/1182 46/46 48/48
f 1180/1180 457/457 14/14
f 1180/1180 14/14 46/46
f 1184/1184 1183/1183 156/156
f 1184/1184 156/156 157/157
f 1183/1183 49/49 2/2
f 1183/1183 2/2 156/156
f 1186/1186 1185/1185 454/454
f 1186/1186 454/454 455/455
f 1185/1185 158/158 15/15
f 1185/1185 15/15 454/454
f 1183/1183 1181/1181 47/47
f 1183/1183 47/47 49/49
f 1183/1183 1184/1184 1178/1178
f 1183/1183 1178/1178 1181/1181
f 1185/1185 1184/1184 157/157
f 1185/1185 157/157 158/158
f 1185/1185 1186/1186 1178/1178
f 1185/1185 1178/1178 1184/1184
f 1180/1180 1187/1187 456/456
f 1180/1180 456/456 457/457
f 1180/1180 1182/1182 1179/1179
f 1180/1180 1179/1179 1187/1187
