# https://github.com/mikedh/trimesh
v 0.94411760 0.43166667 0.64593188
v 0.94411760 0.61666667 0.64593188
v 0.83447283 0.43166667 0.59092160
v 0.83447283 0.61666667 0.59092160
v 0.75882349 0.74000001 0.34615386
v 0.67941170 0.61666667 0.34615386
v 0.77415687 0.74000001 0.42230639
v 0.69745097 0.61666667 0.43574507
v 1.58317415 0.61666667 0.10138613
v 1.52702153 0.74000001 0.13810130
v 1.66730753 0.61666667 0.17307693
v 1.59853493 0.74000001 0.19903848
v 0.81911206 0.74000001 0.49326925
v 0.75033946 0.61666667 0.51923079
v 0.89062546 0.74000001 0.55420642
v 0.83447283 0.61666667 0.59092160
v 1.58317415 0.43166667 0.10138613
v 1.58317415 0.61666667 0.10138613
v 1.66730753 0.43166667 0.17307693
v 1.66730753 0.61666667 0.17307693
v 1.72019601 0.43166667 0.25656266
v 1.72019601 0.61666667 0.25656266
v 1.73823529 0.43166667 0.34615386
v 1.73823529 0.61666667 0.34615386
v 0.94411760 0.61666667 0.64593188
v 0.98382349 0.74000001 0.60096518
v 0.83447283 0.61666667 0.59092160
v 0.89062546 0.74000001 0.55420642
v 0.94411760 0.61666667 0.04637584
v 0.83447283 0.61666667 0.10138613
v 0.98382349 0.74000001 0.09134254
v 0.89062546 0.74000001 0.13810130
v 1.58317415 0.61666667 0.10138613
v 1.47352939 0.61666667 0.04637584
v 1.52702153 0.74000001 0.13810130
v 1.43382349 0.74000001 0.09134254
v 1.47352939 0.61666667 0.64593188
v 1.43382349 0.74000001 0.60096518
v 1.34584534 0.61666667 0.68051282
v 1.32529206 0.74000001 0.63035896
v 1.58317415 0.61666667 0.59092160
v 1.52702153 0.74000001 0.55420642
v 1.47352939 0.61666667 0.64593188
v 1.43382349 0.74000001 0.60096518
v 1.66730753 0.61666667 0.17307693
v 1.59853493 0.74000001 0.19903848
v 1.72019601 0.61666667 0.25656266
v 1.64349012 0.74000001 0.27000134
v 1.72019601 0.43166667 0.43574507
v 1.72019601 0.61666667 0.43574507
v 1.66730753 0.43166667 0.51923079
v 1.66730753 0.61666667 0.51923079
v 1.07180165 0.61666667 0.68051282
v 1.09235493 0.74000001 0.63035896
v 0.94411760 0.61666667 0.64593188
v 0.98382349 0.74000001 0.60096518
v 0.83447283 0.61666667 0.10138613
v 0.83447283 0.43166667 0.10138613
v 0.75033946 0.61666667 0.17307693
v 0.75033946 0.43166667 0.17307693
v 1.66730753 0.43166667 0.51923079
v 1.66730753 0.61666667 0.51923079
v 1.58317415 0.43166667 0.59092160
v 1.58317415 0.61666667 0.59092160
v 1.34584534 0.43166667 0.01179491
v 1.20882349 0.43166667 0.00000000
v 1.34584534 0.61666667 0.01179491
v 1.20882349 0.61666667 0.00000000
v 1.20882349 0.43166667 0.69230773
v 1.20882349 0.61666667 0.69230773
v 1.07180165 0.43166667 0.68051282
v 1.07180165 0.61666667 0.68051282
v 0.75033946 0.61666667 0.17307693
v 0.75033946 0.43166667 0.17307693
v 0.69745097 0.61666667 0.25656266
v 0.69745097 0.43166667 0.25656266
v 1.72019601 0.61666667 0.25656266
v 1.64349012 0.74000001 0.27000134
v 1.73823529 0.61666667 0.34615386
v 1.65882349 0.74000001 0.34615386
v 0.94411760 0.43166667 0.04637584
v 0.83447283 0.43166667 0.10138613
v 0.94411760 0.61666667 0.04637584
v 0.83447283 0.61666667 0.10138613
v 1.07180165 0.43166667 0.01179491
v 0.94411760 0.43166667 0.04637584
v 1.07180165 0.61666667 0.01179491
v 0.94411760 0.61666667 0.04637584
v 1.66730753 0.43166667 0.17307693
v 1.66730753 0.61666667 0.17307693
v 1.72019601 0.43166667 0.25656266
v 1.72019601 0.61666667 0.25656266
v 1.20882349 0.43166667 0.00000000
v 1.07180165 0.43166667 0.01179491
v 1.20882349 0.61666667 0.00000000
v 1.07180165 0.61666667 0.01179491
v 1.59853493 0.74000001 0.49326925
v 1.52702153 0.74000001 0.55420642
v 1.66730753 0.61666667 0.51923079
v 1.58317415 0.61666667 0.59092160
v 1.58317415 0.43166667 0.10138613
v 1.47352939 0.43166667 0.04637584
v 1.58317415 0.61666667 0.10138613
v 1.47352939 0.61666667 0.04637584
v 1.07180165 0.43166667 0.68051282
v 1.07180165 0.61666667 0.68051282
v 0.94411760 0.43166667 0.64593188
v 0.94411760 0.61666667 0.64593188
v 1.34584534 0.61666667 0.68051282
v 1.32529206 0.74000001 0.63035896
v 1.20882349 0.61666667 0.69230773
v 1.20882349 0.74000001 0.64038463
v 1.64349012 0.74000001 0.42230639
v 1.59853493 0.74000001 0.49326925
v 1.72019601 0.61666667 0.43574507
v 1.66730753 0.61666667 0.51923079
v 1.20882349 0.61666667 0.69230773
v 1.20882349 0.74000001 0.64038463
v 1.07180165 0.61666667 0.68051282
v 1.09235493 0.74000001 0.63035896
v 0.75033946 0.61666667 0.51923079
v 0.75033946 0.43166667 0.51923079
v 0.83447283 0.61666667 0.59092160
v 0.83447283 0.43166667 0.59092160
v 1.73823529 0.43166667 0.34615386
v 1.73823529 0.61666667 0.34615386
v 1.72019601 0.43166667 0.43574507
v 1.72019601 0.61666667 0.43574507
v 0.77415687 0.74000001 0.42230639
v 0.69745097 0.61666667 0.43574507
v 0.81911206 0.74000001 0.49326925
v 0.75033946 0.61666667 0.51923079
v 1.73823529 0.61666667 0.34615386
v 1.65882349 0.74000001 0.34615386
v 1.72019601 0.61666667 0.43574507
v 1.64349012 0.74000001 0.42230639
v 1.58317415 0.43166667 0.59092160
v 1.58317415 0.61666667 0.59092160
v 1.47352939 0.43166667 0.64593188
v 1.47352939 0.61666667 0.64593188
v 0.67941170 0.61666667 0.34615386
v 0.67941170 0.43166667 0.34615386
v 0.69745097 0.61666667 0.43574507
v 0.69745097 0.43166667 0.43574507
v 1.07180165 0.61666667 0.01179491
v 0.94411760 0.61666667 0.04637584
v 1.09235493 0.74000001 0.06194876
v 0.98382349 0.74000001 0.09134254
v 0.83447283 0.61666667 0.10138613
v 0.75033946 0.61666667 0.17307693
v 0.89062546 0.74000001 0.13810130
v 0.81911206 0.74000001 0.19903848
v 1.09235493 0.30833333 0.63035896
v 1.07180165 0.43166667 0.68051282
v 0.98382349 0.30833333 0.60096518
v 0.94411760 0.43166667 0.64593188
v 1.47352939 0.61666667 0.04637584
v 1.34584534 0.61666667 0.01179491
v 1.43382349 0.74000001 0.09134254
v 1.32529206 0.74000001 0.06194876
v 0.69745097 0.61666667 0.43574507
v 0.69745097 0.43166667 0.43574507
v 0.75033946 0.61666667 0.51923079
v 0.75033946 0.43166667 0.51923079
v 0.69745097 0.61666667 0.25656266
v 0.69745097 0.43166667 0.25656266
v 0.67941170 0.61666667 0.34615386
v 0.67941170 0.43166667 0.34615386
v 0.69745097 0.61666667 0.25656266
v 0.67941170 0.61666667 0.34615386
v 0.77415687 0.74000001 0.27000134
v 0.75882349 0.74000001 0.34615386
v 1.20882349 0.61666667 0.00000000
v 1.07180165 0.61666667 0.01179491
v 1.20882349 0.74000001 0.05192310
v 1.09235493 0.74000001 0.06194876
v 1.34584534 0.61666667 0.01179491
v 1.20882349 0.61666667 0.00000000
v 1.32529206 0.74000001 0.06194876
v 1.20882349 0.74000001 0.05192310
v 1.47352939 0.43166667 0.64593188
v 1.47352939 0.61666667 0.64593188
v 1.34584534 0.43166667 0.68051282
v 1.34584534 0.61666667 0.68051282
v 1.47352939 0.43166667 0.04637584
v 1.34584534 0.43166667 0.01179491
v 1.47352939 0.61666667 0.04637584
v 1.34584534 0.61666667 0.01179491
v 0.75033946 0.61666667 0.17307693
v 0.69745097 0.61666667 0.25656266
v 0.81911206 0.74000001 0.19903848
v 0.77415687 0.74000001 0.27000134
v 1.34584534 0.43166667 0.68051282
v 1.34584534 0.61666667 0.68051282
v 1.20882349 0.43166667 0.69230773
v 1.20882349 0.61666667 0.69230773
v 1.52702153 0.30833333 0.55420642
v 1.58317415 0.43166667 0.59092160
v 1.43382349 0.30833333 0.60096518
v 1.47352939 0.43166667 0.64593188
v 1.43382349 0.30833333 0.09134254
v 1.32529206 0.30833333 0.06194876
v 1.47352939 0.43166667 0.04637584
v 1.34584534 0.43166667 0.01179491
v 1.32529206 0.30833333 0.63035896
v 1.34584534 0.43166667 0.68051282
v 1.20882349 0.30833333 0.64038463
v 1.20882349 0.43166667 0.69230773
v 1.43382349 0.30833333 0.60096518
v 1.47352939 0.43166667 0.64593188
v 1.32529206 0.30833333 0.63035896
v 1.34584534 0.43166667 0.68051282
v 0.77415687 0.30833333 0.42230639
v 0.81911206 0.30833333 0.49326925
v 0.69745097 0.43166667 0.43574507
v 0.75033946 0.43166667 0.51923079
v 1.65882349 0.30833333 0.34615386
v 1.73823529 0.43166667 0.34615386
v 1.64349012 0.30833333 0.42230639
v 1.72019601 0.43166667 0.43574507
v 1.66730753 0.43166667 0.17307693
v 1.72019601 0.43166667 0.25656266
v 1.59853493 0.30833333 0.19903848
v 1.64349012 0.30833333 0.27000134
v 1.59853493 0.30833333 0.49326925
v 1.66730753 0.43166667 0.51923079
v 1.52702153 0.30833333 0.55420642
v 1.58317415 0.43166667 0.59092160
v 1.52702153 0.30833333 0.13810130
v 1.43382349 0.30833333 0.09134254
v 1.58317415 0.43166667 0.10138613
v 1.47352939 0.43166667 0.04637584
v 1.32529206 0.30833333 0.06194876
v 1.20882349 0.30833333 0.05192310
v 1.34584534 0.43166667 0.01179491
v 1.20882349 0.43166667 0.00000000
v 1.72019601 0.43166667 0.25656266
v 1.73823529 0.43166667 0.34615386
v 1.64349012 0.30833333 0.27000134
v 1.65882349 0.30833333 0.34615386
v 1.58317415 0.43166667 0.10138613
v 1.66730753 0.43166667 0.17307693
v 1.52702153 0.30833333 0.13810130
v 1.59853493 0.30833333 0.19903848
v 0.81911206 0.30833333 0.49326925
v 0.89062546 0.30833333 0.55420642
v 0.75033946 0.43166667 0.51923079
v 0.83447283 0.43166667 0.59092160
v 0.83447283 0.43166667 0.10138613
v 0.89062546 0.30833333 0.13810130
v 0.75033946 0.43166667 0.17307693
v 0.81911206 0.30833333 0.19903848
v 0.69745097 0.43166667 0.25656266
v 0.77415687 0.30833333 0.27000134
v 0.67941170 0.43166667 0.34615386
v 0.75882349 0.30833333 0.34615386
v 1.20882349 0.30833333 0.05192310
v 1.09235493 0.30833333 0.06194876
v 1.20882349 0.43166667 0.00000000
v 1.07180165 0.43166667 0.01179491
v 0.98382349 0.30833333 0.60096518
v 0.94411760 0.43166667 0.64593188
v 0.89062546 0.30833333 0.55420642
v 0.83447283 0.43166667 0.59092160
v 1.20882349 0.30833333 0.64038463
v 1.20882349 0.43166667 0.69230773
v 1.09235493 0.30833333 0.63035896
v 1.07180165 0.43166667 0.68051282
v 0.75033946 0.43166667 0.17307693
v 0.81911206 0.30833333 0.19903848
v 0.69745097 0.43166667 0.25656266
v 0.77415687 0.30833333 0.27000134
v 0.98382349 0.30833333 0.09134254
v 0.89062546 0.30833333 0.13810130
v 0.94411760 0.43166667 0.04637584
v 0.83447283 0.43166667 0.10138613
v 0.67941170 0.43166667 0.34615386
v 0.75882349 0.30833333 0.34615386
v 0.69745097 0.43166667 0.43574507
v 0.77415687 0.30833333 0.42230639
v 0.75882349 0.30833333 0.34615386
v 0.77415687 0.30833333 0.27000134
v 0.77415687 0.30833333 0.42230639
v 0.81911206 0.30833333 0.19903848
v 0.81911206 0.30833333 0.49326925
v 0.89062546 0.30833333 0.55420642
v 0.89062546 0.30833333 0.13810130
v 0.98382349 0.30833333 0.60096518
v 0.98382349 0.30833333 0.09134254
v 1.09235493 0.30833333 0.63035896
v 1.09235493 0.30833333 0.06194876
v 1.20882349 0.30833333 0.64038463
v 1.20882349 0.30833333 0.05192310
v 1.32529206 0.30833333 0.63035896
v 1.32529206 0.30833333 0.06194876
v 1.43382349 0.30833333 0.60096518
v 1.43382349 0.30833333 0.09134254
v 1.52702153 0.30833333 0.55420642
v 1.52702153 0.30833333 0.13810130
v 1.59853493 0.30833333 0.49326925
v 1.59853493 0.30833333 0.19903848
v 1.64349012 0.30833333 0.42230639
v 1.64349012 0.30833333 0.27000134
v 1.65882349 0.30833333 0.34615386
v 1.09235493 0.30833333 0.06194876
v 0.98382349 0.30833333 0.09134254
v 1.07180165 0.43166667 0.01179491
v 0.94411760 0.43166667 0.04637584
v 1.64349012 0.30833333 0.42230639
v 1.72019601 0.43166667 0.43574507
v 1.59853493 0.30833333 0.49326925
v 1.66730753 0.43166667 0.51923079
v 0.75882349 0.74000001 0.34615386
v 0.77415687 0.74000001 0.42230639
v 0.77415687 0.74000001 0.27000134
v 0.81911206 0.74000001 0.19903848
v 0.81911206 0.74000001 0.49326925
v 0.89062546 0.74000001 0.13810130
v 0.88876195 0.74000001 0.34615386
v 0.89062546 0.74000001 0.55420642
v 0.89966779 0.74000001 0.29199054
v 0.89966779 0.74000001 0.40031718
v 0.98382349 0.74000001 0.09134254
v 0.98382349 0.74000001 0.60096518
v 0.93164206 0.74000001 0.24151836
v 0.98250579 0.74000001 0.19817691
v 1.04879272 0.74000001 0.16491985
v 1.09235493 0.74000001 0.06194876
v 1.12598547 0.74000001 0.14401360
v 1.20882349 0.74000001 0.05192310
v 1.20882349 0.74000001 0.13688286
v 0.93164206 0.74000001 0.45078937
v 0.98250579 0.74000001 0.49413082
v 1.04879272 0.74000001 0.52738787
v 1.09235493 0.74000001 0.63035896
v 1.12598547 0.74000001 0.54829413
v 1.32529206 0.74000001 0.06194876
v 1.29166152 0.74000001 0.14401360
v 1.36885426 0.74000001 0.16491985
v 1.43382349 0.74000001 0.09134254
v 1.43514119 0.74000001 0.19817691
v 1.20882349 0.74000001 0.64038463
v 1.20882349 0.74000001 0.55542487
v 1.29166152 0.74000001 0.54829413
v 1.32529206 0.74000001 0.63035896
v 1.36885426 0.74000001 0.52738787
v 1.43382349 0.74000001 0.60096518
v 1.43514119 0.74000001 0.49413082
v 1.52702153 0.74000001 0.13810130
v 1.52702153 0.74000001 0.55420642
v 1.48600492 0.74000001 0.24151836
v 1.51797920 0.74000001 0.29199054
v 1.48600492 0.74000001 0.45078937
v 1.51797920 0.74000001 0.40031718
v 1.52888503 0.74000001 0.34615386
v 1.59853493 0.74000001 0.19903848
v 1.59853493 0.74000001 0.49326925
v 1.64349012 0.74000001 0.27000134
v 1.64349012 0.74000001 0.42230639
v 1.65882349 0.74000001 0.34615386
v 1.52888503 0.73999994 0.34615386
v 1.51797920 0.73999994 0.29199054
v 1.51797920 0.73999994 0.40031719
v 1.48600492 0.73999994 0.45078938
v 1.48600492 0.73999994 0.24151836
v 1.43514119 0.73999994 0.49413082
v 1.43514119 0.73999994 0.19817691
v 1.42143169 0.73999994 0.34615386
v 1.41418724 0.73999994 0.38213310
v 1.41418724 0.73999994 0.31017464
v 1.36885426 0.73999994 0.52738787
v 1.39294757 0.73999994 0.41566040
v 1.35916018 0.73999994 0.44445094
v 1.36885426 0.73999994 0.16491985
v 1.39294757 0.73999994 0.27664735
v 1.35916018 0.73999994 0.24785680
v 1.29166152 0.73999994 0.54829411
v 1.31512759 0.73999994 0.46654268
v 1.26385054 0.73999994 0.48043013
v 1.20882349 0.73999994 0.55542487
v 1.20882349 0.73999994 0.48516691
v 1.29166152 0.73999994 0.14401360
v 1.31512759 0.73999994 0.22576503
v 1.26385054 0.73999994 0.21187757
v 1.12598547 0.73999994 0.54829411
v 1.15379645 0.73999994 0.48043013
v 1.10251940 0.73999994 0.46654268
v 1.20882349 0.73999994 0.13688286
v 1.20882349 0.73999994 0.20714081
v 1.15379645 0.73999994 0.21187757
v 1.12598547 0.73999994 0.14401360
v 1.10251940 0.73999994 0.22576503
v 1.04879272 0.73999994 0.52738787
v 1.05848681 0.73999994 0.44445094
v 1.02469941 0.73999994 0.41566040
v 1.04879272 0.73999994 0.16491985
v 1.05848681 0.73999994 0.24785680
v 1.02469941 0.73999994 0.27664735
v 0.98250579 0.73999994 0.49413082
v 0.98250579 0.73999994 0.19817691
v 1.00345975 0.73999994 0.38213310
v 1.00345975 0.73999994 0.31017464
v 0.99621530 0.73999994 0.34615386
v 0.93164206 0.73999994 0.45078938
v 0.93164206 0.73999994 0.24151836
v 0.89966779 0.73999994 0.40031719
v 0.89966779 0.73999994 0.29199054
v 0.88876195 0.73999994 0.34615386
v 1.25009378 0.67833344 0.44686108
v 1.20882349 0.67833344 0.45041365
v 1.26385054 0.74000012 0.48043015
v 1.20882349 0.74000012 0.48516691
v 1.25009378 0.67833344 0.24544665
v 1.28855157 0.67833344 0.25586224
v 1.26385054 0.74000012 0.21187757
v 1.31512759 0.74000012 0.22576503
v 1.09607097 0.67833344 0.27243106
v 1.12909542 0.67833344 0.25586224
v 1.05848681 0.74000012 0.24785679
v 1.10251940 0.74000012 0.22576503
v 1.41418724 0.74000012 0.31017463
v 1.36284630 0.67833344 0.31916945
v 1.42143169 0.74000012 0.34615386
v 1.36827964 0.67833344 0.34615386
v 1.25009378 0.67833344 0.24544665
v 1.26385054 0.74000012 0.21187757
v 1.20882349 0.67833344 0.24189408
v 1.20882349 0.74000012 0.20714081
v 1.05480069 0.67833344 0.37313828
v 1.00345975 0.74000012 0.38213308
v 1.07073042 0.67833344 0.39828375
v 1.02469941 0.74000012 0.41566039
v 1.36827964 0.67833344 0.34615386
v 1.36284630 0.67833344 0.37313828
v 1.42143169 0.74000012 0.34615386
v 1.41418724 0.74000012 0.38213308
v 1.28855157 0.67833344 0.25586224
v 1.32157602 0.67833344 0.27243106
v 1.31512759 0.74000012 0.22576503
v 1.35916018 0.74000012 0.24785679
v 1.04936735 0.67833344 0.34615386
v 0.99621530 0.74000012 0.34615386
v 1.05480069 0.67833344 0.37313828
v 1.00345975 0.74000012 0.38213308
v 1.16755320 0.67833344 0.24544665
v 1.20882349 0.67833344 0.24189408
v 1.15379645 0.74000012 0.21187757
v 1.20882349 0.74000012 0.20714081
v 1.02469941 0.74000012 0.27664734
v 1.00345975 0.74000012 0.31017463
v 1.07073042 0.67833344 0.29402397
v 1.05480069 0.67833344 0.31916945
v 1.32157602 0.67833344 0.41987667
v 1.28855157 0.67833344 0.43644548
v 1.35916018 0.74000012 0.44445093
v 1.31512759 0.74000012 0.46654268
v 1.16755320 0.67833344 0.24544665
v 1.15379645 0.74000012 0.21187757
v 1.12909542 0.67833344 0.25586224
v 1.10251940 0.74000012 0.22576503
v 1.28855157 0.67833344 0.43644548
v 1.25009378 0.67833344 0.44686108
v 1.31512759 0.74000012 0.46654268
v 1.26385054 0.74000012 0.48043015
v 1.07073042 0.67833344 0.39828375
v 1.02469941 0.74000012 0.41566039
v 1.09607097 0.67833344 0.41987667
v 1.05848681 0.74000012 0.44445093
v 1.39294757 0.74000012 0.27664734
v 1.34691657 0.67833344 0.29402397
v 1.41418724 0.74000012 0.31017463
v 1.36284630 0.67833344 0.31916945
v 1.04936735 0.67833344 0.34615386
v 1.05480069 0.67833344 0.37313828
v 1.05480069 0.67833344 0.31916945
v 1.07073042 0.67833344 0.29402397
v 1.07073042 0.67833344 0.39828375
v 1.09607097 0.67833344 0.27243106
v 1.09607097 0.67833344 0.41987667
v 1.12909542 0.67833344 0.25586224
v 1.12909542 0.67833344 0.43644548
v 1.16755320 0.67833344 0.24544665
v 1.16755320 0.67833344 0.44686108
v 1.20882349 0.67833344 0.24189408
v 1.20882349 0.67833344 0.45041365
v 1.25009378 0.67833344 0.24544665
v 1.25009378 0.67833344 0.44686108
v 1.28855157 0.67833344 0.25586224
v 1.28855157 0.67833344 0.43644548
v 1.32157602 0.67833344 0.27243106
v 1.32157602 0.67833344 0.41987667
v 1.34691657 0.67833344 0.29402397
v 1.34691657 0.67833344 0.39828375
v 1.36284630 0.67833344 0.31916945
v 1.36284630 0.67833344 0.37313828
v 1.36827964 0.67833344 0.34615386
v 1.20882349 0.67833344 0.45041365
v 1.16755320 0.67833344 0.44686108
v 1.20882349 0.74000012 0.48516691
v 1.15379645 0.74000012 0.48043015
v 1.12909542 0.67833344 0.43644548
v 1.09607097 0.67833344 0.41987667
v 1.10251940 0.74000012 0.46654268
v 1.05848681 0.74000012 0.44445093
v 1.16755320 0.67833344 0.44686108
v 1.12909542 0.67833344 0.43644548
v 1.15379645 0.74000012 0.48043015
v 1.10251940 0.74000012 0.46654268
v 1.05848681 0.74000012 0.24785679
v 1.02469941 0.74000012 0.27664734
v 1.09607097 0.67833344 0.27243106
v 1.07073042 0.67833344 0.29402397
v 1.34691657 0.67833344 0.39828375
v 1.32157602 0.67833344 0.41987667
v 1.39294757 0.74000012 0.41566039
v 1.35916018 0.74000012 0.44445093
v 1.35916018 0.74000012 0.24785679
v 1.32157602 0.67833344 0.27243106
v 1.39294757 0.74000012 0.27664734
v 1.34691657 0.67833344 0.29402397
v 1.00345975 0.74000012 0.31017463
v 0.99621530 0.74000012 0.34615386
v 1.05480069 0.67833344 0.31916945
v 1.04936735 0.67833344 0.34615386
v 1.36284630 0.67833344 0.37313828
v 1.34691657 0.67833344 0.39828375
v 1.41418724 0.74000012 0.38213308
v 1.39294757 0.74000012 0.41566039
v -1.38529410 -0.43166667 0.64593188
v -1.38529410 -0.61666667 0.64593188
v -1.49493886 -0.43166667 0.59092160
v -1.49493886 -0.61666667 0.59092160
v -1.57058820 -0.74000001 0.34615386
v -1.64999999 -0.61666667 0.34615386
v -1.55525482 -0.74000001 0.42230639
v -1.63196072 -0.61666667 0.43574507
v -0.74623754 -0.61666667 0.10138613
v -0.80239016 -0.74000001 0.13810130
v -0.66210416 -0.61666667 0.17307693
v -0.73087676 -0.74000001 0.19903848
v -1.51029963 -0.74000001 0.49326925
v -1.57907224 -0.61666667 0.51923079
v -1.43878623 -0.74000001 0.55420642
v -1.49493886 -0.61666667 0.59092160
v -0.74623754 -0.43166667 0.10138613
v -0.74623754 -0.61666667 0.10138613
v -0.66210416 -0.43166667 0.17307693
v -0.66210416 -0.61666667 0.17307693
v -0.60921568 -0.43166667 0.25656266
v -0.60921568 -0.61666667 0.25656266
v -0.59117640 -0.43166667 0.34615386
v -0.59117640 -0.61666667 0.34615386
v -1.38529410 -0.61666667 0.64593188
v -1.34558820 -0.74000001 0.60096518
v -1.49493886 -0.61666667 0.59092160
v -1.43878623 -0.74000001 0.55420642
v -1.38529410 -0.61666667 0.04637584
v -1.49493886 -0.61666667 0.10138613
v -1.34558820 -0.74000001 0.09134254
v -1.43878623 -0.74000001 0.13810130
v -0.74623754 -0.61666667 0.10138613
v -0.85588230 -0.61666667 0.04637584
v -0.80239016 -0.74000001 0.13810130
v -0.89558820 -0.74000001 0.09134254
v -0.85588230 -0.61666667 0.64593188
v -0.89558820 -0.74000001 0.60096518
v -0.98356635 -0.61666667 0.68051282
v -1.00411963 -0.74000001 0.63035896
v -0.74623754 -0.61666667 0.59092160
v -0.80239016 -0.74000001 0.55420642
v -0.85588230 -0.61666667 0.64593188
v -0.89558820 -0.74000001 0.60096518
v -0.66210416 -0.61666667 0.17307693
v -0.73087676 -0.74000001 0.19903848
v -0.60921568 -0.61666667 0.25656266
v -0.68592157 -0.74000001 0.27000134
v -0.60921568 -0.43166667 0.43574507
v -0.60921568 -0.61666667 0.43574507
v -0.66210416 -0.43166667 0.51923079
v -0.66210416 -0.61666667 0.51923079
v -1.25761004 -0.61666667 0.68051282
v -1.23705676 -0.74000001 0.63035896
v -1.38529410 -0.61666667 0.64593188
v -1.34558820 -0.74000001 0.60096518
v -1.49493886 -0.61666667 0.10138613
v -1.49493886 -0.43166667 0.10138613
v -1.57907224 -0.61666667 0.17307693
v -1.57907224 -0.43166667 0.17307693
v -0.66210416 -0.43166667 0.51923079
v -0.66210416 -0.61666667 0.51923079
v -0.74623754 -0.43166667 0.59092160
v -0.74623754 -0.61666667 0.59092160
v -0.98356635 -0.43166667 0.01179491
v -1.12058820 -0.43166667 0.00000000
v -0.98356635 -0.61666667 0.01179491
v -1.12058820 -0.61666667 0.00000000
v -1.12058820 -0.43166667 0.69230773
v -1.12058820 -0.61666667 0.69230773
v -1.25761004 -0.43166667 0.68051282
v -1.25761004 -0.61666667 0.68051282
v -1.57907224 -0.61666667 0.17307693
v -1.57907224 -0.43166667 0.17307693
v -1.63196072 -0.61666667 0.25656266
v -1.63196072 -0.43166667 0.25656266
v -0.60921568 -0.61666667 0.25656266
v -0.68592157 -0.74000001 0.27000134
v -0.59117640 -0.61666667 0.34615386
v -0.67058820 -0.74000001 0.34615386
v -1.38529410 -0.43166667 0.04637584
v -1.49493886 -0.43166667 0.10138613
v -1.38529410 -0.61666667 0.04637584
v -1.49493886 -0.61666667 0.10138613
v -1.25761004 -0.43166667 0.01179491
v -1.38529410 -0.43166667 0.04637584
v -1.25761004 -0.61666667 0.01179491
v -1.38529410 -0.61666667 0.04637584
v -0.66210416 -0.43166667 0.17307693
v -0.66210416 -0.61666667 0.17307693
v -0.60921568 -0.43166667 0.25656266
v -0.60921568 -0.61666667 0.25656266
v -1.12058820 -0.43166667 0.00000000
v -1.25761004 -0.43166667 0.01179491
v -1.12058820 -0.61666667 0.00000000
v -1.25761004 -0.61666667 0.01179491
v -0.73087676 -0.74000001 0.49326925
v -0.80239016 -0.74000001 0.55420642
v -0.66210416 -0.61666667 0.51923079
v -0.74623754 -0.61666667 0.59092160
v -0.74623754 -0.43166667 0.10138613
v -0.85588230 -0.43166667 0.04637584
v -0.74623754 -0.61666667 0.10138613
v -0.85588230 -0.61666667 0.04637584
v -1.25761004 -0.43166667 0.68051282
v -1.25761004 -0.61666667 0.68051282
v -1.38529410 -0.43166667 0.64593188
v -1.38529410 -0.61666667 0.64593188
v -0.98356635 -0.61666667 0.68051282
v -1.00411963 -0.74000001 0.63035896
v -1.12058820 -0.61666667 0.69230773
v -1.12058820 -0.74000001 0.64038463
v -0.68592157 -0.74000001 0.42230639
v -0.73087676 -0.74000001 0.49326925
v -0.60921568 -0.61666667 0.43574507
v -0.66210416 -0.61666667 0.51923079
v -1.12058820 -0.61666667 0.69230773
v -1.12058820 -0.74000001 0.64038463
v -1.25761004 -0.61666667 0.68051282
v -1.23705676 -0.74000001 0.63035896
v -1.57907224 -0.61666667 0.51923079
v -1.57907224 -0.43166667 0.51923079
v -1.49493886 -0.61666667 0.59092160
v -1.49493886 -0.43166667 0.59092160
v -0.59117640 -0.43166667 0.34615386
v -0.59117640 -0.61666667 0.34615386
v -0.60921568 -0.43166667 0.43574507
v -0.60921568 -0.61666667 0.43574507
v -1.55525482 -0.74000001 0.42230639
v -1.63196072 -0.61666667 0.43574507
v -1.51029963 -0.74000001 0.49326925
v -1.57907224 -0.61666667 0.51923079
v -0.59117640 -0.61666667 0.34615386
v -0.67058820 -0.74000001 0.34615386
v -0.60921568 -0.61666667 0.43574507
v -0.68592157 -0.74000001 0.42230639
v -0.74623754 -0.43166667 0.59092160
v -0.74623754 -0.61666667 0.59092160
v -0.85588230 -0.43166667 0.64593188
v -0.85588230 -0.61666667 0.64593188
v -1.64999999 -0.61666667 0.34615386
v -1.64999999 -0.43166667 0.34615386
v -1.63196072 -0.61666667 0.43574507
v -1.63196072 -0.43166667 0.43574507
v -1.25761004 -0.61666667 0.01179491
v -1.38529410 -0.61666667 0.04637584
v -1.23705676 -0.74000001 0.06194876
v -1.34558820 -0.74000001 0.09134254
v -1.49493886 -0.61666667 0.10138613
v -1.57907224 -0.61666667 0.17307693
v -1.43878623 -0.74000001 0.13810130
v -1.51029963 -0.74000001 0.19903848
v -1.23705676 -0.30833333 0.63035896
v -1.25761004 -0.43166667 0.68051282
v -1.34558820 -0.30833333 0.60096518
v -1.38529410 -0.43166667 0.64593188
v -0.85588230 -0.61666667 0.04637584
v -0.98356635 -0.61666667 0.01179491
v -0.89558820 -0.74000001 0.09134254
v -1.00411963 -0.74000001 0.06194876
v -1.63196072 -0.61666667 0.43574507
v -1.63196072 -0.43166667 0.43574507
v -1.57907224 -0.61666667 0.51923079
v -1.57907224 -0.43166667 0.51923079
v -1.63196072 -0.61666667 0.25656266
v -1.63196072 -0.43166667 0.25656266
v -1.64999999 -0.61666667 0.34615386
v -1.64999999 -0.43166667 0.34615386
v -1.63196072 -0.61666667 0.25656266
v -1.64999999 -0.61666667 0.34615386
v -1.55525482 -0.74000001 0.27000134
v -1.57058820 -0.74000001 0.34615386
v -1.12058820 -0.61666667 0.00000000
v -1.25761004 -0.61666667 0.01179491
v -1.12058820 -0.74000001 0.05192310
v -1.23705676 -0.74000001 0.06194876
v -0.98356635 -0.61666667 0.01179491
v -1.12058820 -0.61666667 0.00000000
v -1.00411963 -0.74000001 0.06194876
v -1.12058820 -0.74000001 0.05192310
v -0.85588230 -0.43166667 0.64593188
v -0.85588230 -0.61666667 0.64593188
v -0.98356635 -0.43166667 0.68051282
v -0.98356635 -0.61666667 0.68051282
v -0.85588230 -0.43166667 0.04637584
v -0.98356635 -0.43166667 0.01179491
v -0.85588230 -0.61666667 0.04637584
v -0.98356635 -0.61666667 0.01179491
v -1.57907224 -0.61666667 0.17307693
v -1.63196072 -0.61666667 0.25656266
v -1.51029963 -0.74000001 0.19903848
v -1.55525482 -0.74000001 0.27000134
v -0.98356635 -0.43166667 0.68051282
v -0.98356635 -0.61666667 0.68051282
v -1.12058820 -0.43166667 0.69230773
v -1.12058820 -0.61666667 0.69230773
v -0.80239016 -0.30833333 0.55420642
v -0.74623754 -0.43166667 0.59092160
v -0.89558820 -0.30833333 0.60096518
v -0.85588230 -0.43166667 0.64593188
v -0.89558820 -0.30833333 0.09134254
v -1.00411963 -0.30833333 0.06194876
v -0.85588230 -0.43166667 0.04637584
v -0.98356635 -0.43166667 0.01179491
v -1.00411963 -0.30833333 0.63035896
v -0.98356635 -0.43166667 0.68051282
v -1.12058820 -0.30833333 0.64038463
v -1.12058820 -0.43166667 0.69230773
v -0.89558820 -0.30833333 0.60096518
v -0.85588230 -0.43166667 0.64593188
v -1.00411963 -0.30833333 0.63035896
v -0.98356635 -0.43166667 0.68051282
v -1.55525482 -0.30833333 0.42230639
v -1.51029963 -0.30833333 0.49326925
v -1.63196072 -0.43166667 0.43574507
v -1.57907224 -0.43166667 0.51923079
v -0.67058820 -0.30833333 0.34615386
v -0.59117640 -0.43166667 0.34615386
v -0.68592157 -0.30833333 0.42230639
v -0.60921568 -0.43166667 0.43574507
v -0.66210416 -0.43166667 0.17307693
v -0.60921568 -0.43166667 0.25656266
v -0.73087676 -0.30833333 0.19903848
v -0.68592157 -0.30833333 0.27000134
v -0.73087676 -0.30833333 0.49326925
v -0.66210416 -0.43166667 0.51923079
v -0.80239016 -0.30833333 0.55420642
v -0.74623754 -0.43166667 0.59092160
v -0.80239016 -0.30833333 0.13810130
v -0.89558820 -0.30833333 0.09134254
v -0.74623754 -0.43166667 0.10138613
v -0.85588230 -0.43166667 0.04637584
v -1.00411963 -0.30833333 0.06194876
v -1.12058820 -0.30833333 0.05192310
v -0.98356635 -0.43166667 0.01179491
v -1.12058820 -0.43166667 0.00000000
v -0.60921568 -0.43166667 0.25656266
v -0.59117640 -0.43166667 0.34615386
v -0.68592157 -0.30833333 0.27000134
v -0.67058820 -0.30833333 0.34615386
v -0.74623754 -0.43166667 0.10138613
v -0.66210416 -0.43166667 0.17307693
v -0.80239016 -0.30833333 0.13810130
v -0.73087676 -0.30833333 0.19903848
v -1.51029963 -0.30833333 0.49326925
v -1.43878623 -0.30833333 0.55420642
v -1.57907224 -0.43166667 0.51923079
v -1.49493886 -0.43166667 0.59092160
v -1.49493886 -0.43166667 0.10138613
v -1.43878623 -0.30833333 0.13810130
v -1.57907224 -0.43166667 0.17307693
v -1.51029963 -0.30833333 0.19903848
v -1.63196072 -0.43166667 0.25656266
v -1.55525482 -0.30833333 0.27000134
v -1.64999999 -0.43166667 0.34615386
v -1.57058820 -0.30833333 0.34615386
v -1.12058820 -0.30833333 0.05192310
v -1.23705676 -0.30833333 0.06194876
v -1.12058820 -0.43166667 0.00000000
v -1.25761004 -0.43166667 0.01179491
v -1.34558820 -0.30833333 0.60096518
v -1.38529410 -0.43166667 0.64593188
v -1.43878623 -0.30833333 0.55420642
v -1.49493886 -0.43166667 0.59092160
v -1.12058820 -0.30833333 0.64038463
v -1.12058820 -0.43166667 0.69230773
v -1.23705676 -0.30833333 0.63035896
v -1.25761004 -0.43166667 0.68051282
v -1.57907224 -0.43166667 0.17307693
v -1.51029963 -0.30833333 0.19903848
v -1.63196072 -0.43166667 0.25656266
v -1.55525482 -0.30833333 0.27000134
v -1.34558820 -0.30833333 0.09134254
v -1.43878623 -0.30833333 0.13810130
v -1.38529410 -0.43166667 0.04637584
v -1.49493886 -0.43166667 0.10138613
v -1.64999999 -0.43166667 0.34615386
v -1.57058820 -0.30833333 0.34615386
v -1.63196072 -0.43166667 0.43574507
v -1.55525482 -0.30833333 0.42230639
v -1.57058820 -0.30833333 0.34615386
v -1.55525482 -0.30833333 0.27000134
v -1.55525482 -0.30833333 0.42230639
v -1.51029963 -0.30833333 0.19903848
v -1.51029963 -0.30833333 0.49326925
v -1.43878623 -0.30833333 0.55420642
v -1.43878623 -0.30833333 0.13810130
v -1.34558820 -0.30833333 0.60096518
v -1.34558820 -0.30833333 0.09134254
v -1.23705676 -0.30833333 0.63035896
v -1.23705676 -0.30833333 0.06194876
v -1.12058820 -0.30833333 0.64038463
v -1.12058820 -0.30833333 0.05192310
v -1.00411963 -0.30833333 0.63035896
v -1.00411963 -0.30833333 0.06194876
v -0.89558820 -0.30833333 0.60096518
v -0.89558820 -0.30833333 0.09134254
v -0.80239016 -0.30833333 0.55420642
v -0.80239016 -0.30833333 0.13810130
v -0.73087676 -0.30833333 0.49326925
v -0.73087676 -0.30833333 0.19903848
v -0.68592157 -0.30833333 0.42230639
v -0.68592157 -0.30833333 0.27000134
v -0.67058820 -0.30833333 0.34615386
v -1.23705676 -0.30833333 0.06194876
v -1.34558820 -0.30833333 0.09134254
v -1.25761004 -0.43166667 0.01179491
v -1.38529410 -0.43166667 0.04637584
v -0.68592157 -0.30833333 0.42230639
v -0.60921568 -0.43166667 0.43574507
v -0.73087676 -0.30833333 0.49326925
v -0.66210416 -0.43166667 0.51923079
v -1.57058820 -0.74000001 0.34615386
v -1.55525482 -0.74000001 0.42230639
v -1.55525482 -0.74000001 0.27000134
v -1.51029963 -0.74000001 0.19903848
v -1.51029963 -0.74000001 0.49326925
v -1.43878623 -0.74000001 0.13810130
v -1.44064974 -0.74000001 0.34615386
v -1.43878623 -0.74000001 0.55420642
v -1.42974390 -0.74000001 0.29199054
v -1.42974390 -0.74000001 0.40031718
v -1.34558820 -0.74000001 0.09134254
v -1.34558820 -0.74000001 0.60096518
v -1.39776963 -0.74000001 0.24151836
v -1.34690590 -0.74000001 0.19817691
v -1.28061897 -0.74000001 0.16491985
v -1.23705676 -0.74000001 0.06194876
v -1.20342622 -0.74000001 0.14401360
v -1.12058820 -0.74000001 0.05192310
v -1.12058820 -0.74000001 0.13688286
v -1.39776963 -0.74000001 0.45078937
v -1.34690590 -0.74000001 0.49413082
v -1.28061897 -0.74000001 0.52738787
v -1.23705676 -0.74000001 0.63035896
v -1.20342622 -0.74000001 0.54829413
v -1.00411963 -0.74000001 0.06194876
v -1.03775018 -0.74000001 0.14401360
v -0.96055743 -0.74000001 0.16491985
v -0.89558820 -0.74000001 0.09134254
v -0.89427050 -0.74000001 0.19817691
v -1.12058820 -0.74000001 0.64038463
v -1.12058820 -0.74000001 0.55542487
v -1.03775018 -0.74000001 0.54829413
v -1.00411963 -0.74000001 0.63035896
v -0.96055743 -0.74000001 0.52738787
v -0.89558820 -0.74000001 0.60096518
v -0.89427050 -0.74000001 0.49413082
v -0.80239016 -0.74000001 0.13810130
v -0.80239016 -0.74000001 0.55420642
v -0.84340677 -0.74000001 0.24151836
v -0.81143249 -0.74000001 0.29199054
v -0.84340677 -0.74000001 0.45078937
v -0.81143249 -0.74000001 0.40031718
v -0.80052666 -0.74000001 0.34615386
v -0.73087676 -0.74000001 0.19903848
v -0.73087676 -0.74000001 0.49326925
v -0.68592157 -0.74000001 0.27000134
v -0.68592157 -0.74000001 0.42230639
v -0.67058820 -0.74000001 0.34615386
v -0.80052666 -0.73999994 0.34615386
v -0.81143249 -0.73999994 0.29199054
v -0.81143249 -0.73999994 0.40031719
v -0.84340677 -0.73999994 0.45078938
v -0.84340677 -0.73999994 0.24151836
v -0.89427050 -0.73999994 0.49413082
v -0.89427050 -0.73999994 0.19817691
v -0.90798000 -0.73999994 0.34615386
v -0.91522445 -0.73999994 0.38213310
v -0.91522445 -0.73999994 0.31017464
v -0.96055743 -0.73999994 0.52738787
v -0.93646412 -0.73999994 0.41566040
v -0.97025151 -0.73999994 0.44445094
v -0.96055743 -0.73999994 0.16491985
v -0.93646412 -0.73999994 0.27664735
v -0.97025151 -0.73999994 0.24785680
v -1.03775018 -0.73999994 0.54829411
v -1.01428410 -0.73999994 0.46654268
v -1.06556115 -0.73999994 0.48043013
v -1.12058820 -0.73999994 0.55542487
v -1.12058820 -0.73999994 0.48516691
v -1.03775018 -0.73999994 0.14401360
v -1.01428410 -0.73999994 0.22576503
v -1.06556115 -0.73999994 0.21187757
v -1.20342622 -0.73999994 0.54829411
v -1.17561525 -0.73999994 0.48043013
v -1.22689230 -0.73999994 0.46654268
v -1.12058820 -0.73999994 0.13688286
v -1.12058820 -0.73999994 0.20714081
v -1.17561525 -0.73999994 0.21187757
v -1.20342622 -0.73999994 0.14401360
v -1.22689230 -0.73999994 0.22576503
v -1.28061897 -0.73999994 0.52738787
v -1.27092489 -0.73999994 0.44445094
v -1.30471228 -0.73999994 0.41566040
v -1.28061897 -0.73999994 0.16491985
v -1.27092489 -0.73999994 0.24785680
v -1.30471228 -0.73999994 0.27664735
v -1.34690590 -0.73999994 0.49413082
v -1.34690590 -0.73999994 0.19817691
v -1.32595194 -0.73999994 0.38213310
v -1.32595194 -0.73999994 0.31017464
v -1.33319639 -0.73999994 0.34615386
v -1.39776963 -0.73999994 0.45078938
v -1.39776963 -0.73999994 0.24151836
v -1.42974390 -0.73999994 0.40031719
v -1.42974390 -0.73999994 0.29199054
v -1.44064974 -0.73999994 0.34615386
v -1.07931791 -0.67833344 0.44686108
v -1.12058820 -0.67833344 0.45041365
v -1.06556115 -0.74000012 0.48043015
v -1.12058820 -0.74000012 0.48516691
v -1.07931791 -0.67833344 0.24544665
v -1.04086013 -0.67833344 0.25586224
v -1.06556115 -0.74000012 0.21187757
v -1.01428410 -0.74000012 0.22576503
v -1.23334072 -0.67833344 0.27243106
v -1.20031627 -0.67833344 0.25586224
v -1.27092489 -0.74000012 0.24785679
v -1.22689230 -0.74000012 0.22576503
v -0.91522445 -0.74000012 0.31017463
v -0.96656539 -0.67833344 0.31916945
v -0.90798000 -0.74000012 0.34615386
v -0.96113205 -0.67833344 0.34615386
v -1.07931791 -0.67833344 0.24544665
v -1.06556115 -0.74000012 0.21187757
v -1.12058820 -0.67833344 0.24189408
v -1.12058820 -0.74000012 0.20714081
v -1.27461100 -0.67833344 0.37313828
v -1.32595194 -0.74000012 0.38213308
v -1.25868127 -0.67833344 0.39828375
v -1.30471228 -0.74000012 0.41566039
v -0.96113205 -0.67833344 0.34615386
v -0.96656539 -0.67833344 0.37313828
v -0.90798000 -0.74000012 0.34615386
v -0.91522445 -0.74000012 0.38213308
v -1.04086013 -0.67833344 0.25586224
v -1.00783568 -0.67833344 0.27243106
v -1.01428410 -0.74000012 0.22576503
v -0.97025151 -0.74000012 0.24785679
v -1.28004434 -0.67833344 0.34615386
v -1.33319639 -0.74000012 0.34615386
v -1.27461100 -0.67833344 0.37313828
v -1.32595194 -0.74000012 0.38213308
v -1.16185849 -0.67833344 0.24544665
v -1.12058820 -0.67833344 0.24189408
v -1.17561525 -0.74000012 0.21187757
v -1.12058820 -0.74000012 0.20714081
v -1.30471228 -0.74000012 0.27664734
v -1.32595194 -0.74000012 0.31017463
v -1.25868127 -0.67833344 0.29402397
v -1.27461100 -0.67833344 0.31916945
v -1.00783568 -0.67833344 0.41987667
v -1.04086013 -0.67833344 0.43644548
v -0.97025151 -0.74000012 0.44445093
v -1.01428410 -0.74000012 0.46654268
v -1.16185849 -0.67833344 0.24544665
v -1.17561525 -0.74000012 0.21187757
v -1.20031627 -0.67833344 0.25586224
v -1.22689230 -0.74000012 0.22576503
v -1.04086013 -0.67833344 0.43644548
v -1.07931791 -0.67833344 0.44686108
v -1.01428410 -0.74000012 0.46654268
v -1.06556115 -0.74000012 0.48043015
v -1.25868127 -0.67833344 0.39828375
v -1.30471228 -0.74000012 0.41566039
v -1.23334072 -0.67833344 0.41987667
v -1.27092489 -0.74000012 0.44445093
v -0.93646412 -0.74000012 0.27664734
v -0.98249512 -0.67833344 0.29402397
v -0.91522445 -0.74000012 0.31017463
v -0.96656539 -0.67833344 0.31916945
v -1.28004434 -0.67833344 0.34615386
v -1.27461100 -0.67833344 0.37313828
v -1.27461100 -0.67833344 0.31916945
v -1.25868127 -0.67833344 0.29402397
v -1.25868127 -0.67833344 0.39828375
v -1.23334072 -0.67833344 0.27243106
v -1.23334072 -0.67833344 0.41987667
v -1.20031627 -0.67833344 0.25586224
v -1.20031627 -0.67833344 0.43644548
v -1.16185849 -0.67833344 0.24544665
v -1.16185849 -0.67833344 0.44686108
v -1.12058820 -0.67833344 0.24189408
v -1.12058820 -0.67833344 0.45041365
v -1.07931791 -0.67833344 0.24544665
v -1.07931791 -0.67833344 0.44686108
v -1.04086013 -0.67833344 0.25586224
v -1.04086013 -0.67833344 0.43644548
v -1.00783568 -0.67833344 0.27243106
v -1.00783568 -0.67833344 0.41987667
v -0.98249512 -0.67833344 0.29402397
v -0.98249512 -0.67833344 0.39828375
v -0.96656539 -0.67833344 0.31916945
v -0.96656539 -0.67833344 0.37313828
v -0.96113205 -0.67833344 0.34615386
v -1.12058820 -0.67833344 0.45041365
v -1.16185849 -0.67833344 0.44686108
v -1.12058820 -0.74000012 0.48516691
v -1.17561525 -0.74000012 0.48043015
v -1.20031627 -0.67833344 0.43644548
v -1.23334072 -0.67833344 0.41987667
v -1.22689230 -0.74000012 0.46654268
v -1.27092489 -0.74000012 0.44445093
v -1.16185849 -0.67833344 0.44686108
v -1.20031627 -0.67833344 0.43644548
v -1.17561525 -0.74000012 0.48043015
v -1.22689230 -0.74000012 0.46654268
v -1.27092489 -0.74000012 0.24785679
v -1.30471228 -0.74000012 0.27664734
v -1.23334072 -0.67833344 0.27243106
v -1.25868127 -0.67833344 0.29402397
v -0.98249512 -0.67833344 0.39828375
v -1.00783568 -0.67833344 0.41987667
v -0.93646412 -0.74000012 0.41566039
v -0.97025151 -0.74000012 0.44445093
v -0.97025151 -0.74000012 0.24785679
v -1.00783568 -0.67833344 0.27243106
v -0.93646412 -0.74000012 0.27664734
v -0.98249512 -0.67833344 0.29402397
v -1.32595194 -0.74000012 0.31017463
v -1.33319639 -0.74000012 0.34615386
v -1.27461100 -0.67833344 0.31916945
v -1.28004434 -0.67833344 0.34615386
v -0.96656539 -0.67833344 0.37313828
v -0.98249512 -0.67833344 0.39828375
v -0.91522445 -0.74000012 0.38213308
v -0.93646412 -0.74000012 0.41566039
v -1.38529410 0.43166667 0.64593188
v -1.38529410 0.61666667 0.64593188
v -1.49493886 0.43166667 0.59092160
v -1.49493886 0.61666667 0.59092160
v -1.57058820 0.74000001 0.34615386
v -1.64999999 0.61666667 0.34615386
v -1.55525482 0.74000001 0.42230639
v -1.63196072 0.61666667 0.43574507
v -0.74623754 0.61666667 0.10138613
v -0.80239016 0.74000001 0.13810130
v -0.66210416 0.61666667 0.17307693
v -0.73087676 0.74000001 0.19903848
v -1.51029963 0.74000001 0.49326925
v -1.57907224 0.61666667 0.51923079
v -1.43878623 0.74000001 0.55420642
v -1.49493886 0.61666667 0.59092160
v -0.74623754 0.43166667 0.10138613
v -0.74623754 0.61666667 0.10138613
v -0.66210416 0.43166667 0.17307693
v -0.66210416 0.61666667 0.17307693
v -0.60921568 0.43166667 0.25656266
v -0.60921568 0.61666667 0.25656266
v -0.59117640 0.43166667 0.34615386
v -0.59117640 0.61666667 0.34615386
v -1.38529410 0.61666667 0.64593188
v -1.34558820 0.74000001 0.60096518
v -1.49493886 0.61666667 0.59092160
v -1.43878623 0.74000001 0.55420642
v -1.38529410 0.61666667 0.04637584
v -1.49493886 0.61666667 0.10138613
v -1.34558820 0.74000001 0.09134254
v -1.43878623 0.74000001 0.13810130
v -0.74623754 0.61666667 0.10138613
v -0.85588230 0.61666667 0.04637584
v -0.80239016 0.74000001 0.13810130
v -0.89558820 0.74000001 0.09134254
v -0.85588230 0.61666667 0.64593188
v -0.89558820 0.74000001 0.60096518
v -0.98356635 0.61666667 0.68051282
v -1.00411963 0.74000001 0.63035896
v -0.74623754 0.61666667 0.59092160
v -0.80239016 0.74000001 0.55420642
v -0.85588230 0.61666667 0.64593188
v -0.89558820 0.74000001 0.60096518
v -0.66210416 0.61666667 0.17307693
v -0.73087676 0.74000001 0.19903848
v -0.60921568 0.61666667 0.25656266
v -0.68592157 0.74000001 0.27000134
v -0.60921568 0.43166667 0.43574507
v -0.60921568 0.61666667 0.43574507
v -0.66210416 0.43166667 0.51923079
v -0.66210416 0.61666667 0.51923079
v -1.25761004 0.61666667 0.68051282
v -1.23705676 0.74000001 0.63035896
v -1.38529410 0.61666667 0.64593188
v -1.34558820 0.74000001 0.60096518
v -1.49493886 0.61666667 0.10138613
v -1.49493886 0.43166667 0.10138613
v -1.57907224 0.61666667 0.17307693
v -1.57907224 0.43166667 0.17307693
v -0.66210416 0.43166667 0.51923079
v -0.66210416 0.61666667 0.51923079
v -0.74623754 0.43166667 0.59092160
v -0.74623754 0.61666667 0.59092160
v -0.98356635 0.43166667 0.01179491
v -1.12058820 0.43166667 0.00000000
v -0.98356635 0.61666667 0.01179491
v -1.12058820 0.61666667 0.00000000
v -1.12058820 0.43166667 0.69230773
v -1.12058820 0.61666667 0.69230773
v -1.25761004 0.43166667 0.68051282
v -1.25761004 0.61666667 0.68051282
v -1.57907224 0.61666667 0.17307693
v -1.57907224 0.43166667 0.17307693
v -1.63196072 0.61666667 0.25656266
v -1.63196072 0.43166667 0.25656266
v -0.60921568 0.61666667 0.25656266
v -0.68592157 0.74000001 0.27000134
v -0.59117640 0.61666667 0.34615386
v -0.67058820 0.74000001 0.34615386
v -1.38529410 0.43166667 0.04637584
v -1.49493886 0.43166667 0.10138613
v -1.38529410 0.61666667 0.04637584
v -1.49493886 0.61666667 0.10138613
v -1.25761004 0.43166667 0.01179491
v -1.38529410 0.43166667 0.04637584
v -1.25761004 0.61666667 0.01179491
v -1.38529410 0.61666667 0.04637584
v -0.66210416 0.43166667 0.17307693
v -0.66210416 0.61666667 0.17307693
v -0.60921568 0.43166667 0.25656266
v -0.60921568 0.61666667 0.25656266
v -1.12058820 0.43166667 0.00000000
v -1.25761004 0.43166667 0.01179491
v -1.12058820 0.61666667 0.00000000
v -1.25761004 0.61666667 0.01179491
v -0.73087676 0.74000001 0.49326925
v -0.80239016 0.74000001 0.55420642
v -0.66210416 0.61666667 0.51923079
v -0.74623754 0.61666667 0.59092160
v -0.74623754 0.43166667 0.10138613
v -0.85588230 0.43166667 0.04637584
v -0.74623754 0.61666667 0.10138613
v -0.85588230 0.61666667 0.04637584
v -1.25761004 0.43166667 0.68051282
v -1.25761004 0.61666667 0.68051282
v -1.38529410 0.43166667 0.64593188
v -1.38529410 0.61666667 0.64593188
v -0.98356635 0.61666667 0.68051282
v -1.00411963 0.74000001 0.63035896
v -1.12058820 0.61666667 0.69230773
v -1.12058820 0.74000001 0.64038463
v -0.68592157 0.74000001 0.42230639
v -0.73087676 0.74000001 0.49326925
v -0.60921568 0.61666667 0.43574507
v -0.66210416 0.61666667 0.51923079
v -1.12058820 0.61666667 0.69230773
v -1.12058820 0.74000001 0.64038463
v -1.25761004 0.61666667 0.68051282
v -1.23705676 0.74000001 0.63035896
v -1.57907224 0.61666667 0.51923079
v -1.57907224 0.43166667 0.51923079
v -1.49493886 0.61666667 0.59092160
v -1.49493886 0.43166667 0.59092160
v -0.59117640 0.43166667 0.34615386
v -0.59117640 0.61666667 0.34615386
v -0.60921568 0.43166667 0.43574507
v -0.60921568 0.61666667 0.43574507
v -1.55525482 0.74000001 0.42230639
v -1.63196072 0.61666667 0.43574507
v -1.51029963 0.74000001 0.49326925
v -1.57907224 0.61666667 0.51923079
v -0.59117640 0.61666667 0.34615386
v -0.67058820 0.74000001 0.34615386
v -0.60921568 0.61666667 0.43574507
v -0.68592157 0.74000001 0.42230639
v -0.74623754 0.43166667 0.59092160
v -0.74623754 0.61666667 0.59092160
v -0.85588230 0.43166667 0.64593188
v -0.85588230 0.61666667 0.64593188
v -1.64999999 0.61666667 0.34615386
v -1.64999999 0.43166667 0.34615386
v -1.63196072 0.61666667 0.43574507
v -1.63196072 0.43166667 0.43574507
v -1.25761004 0.61666667 0.01179491
v -1.38529410 0.61666667 0.04637584
v -1.23705676 0.74000001 0.06194876
v -1.34558820 0.74000001 0.09134254
v -1.49493886 0.61666667 0.10138613
v -1.57907224 0.61666667 0.17307693
v -1.43878623 0.74000001 0.13810130
v -1.51029963 0.74000001 0.19903848
v -1.23705676 0.30833333 0.63035896
v -1.25761004 0.43166667 0.68051282
v -1.34558820 0.30833333 0.60096518
v -1.38529410 0.43166667 0.64593188
v -0.85588230 0.61666667 0.04637584
v -0.98356635 0.61666667 0.01179491
v -0.89558820 0.74000001 0.09134254
v -1.00411963 0.74000001 0.06194876
v -1.63196072 0.61666667 0.43574507
v -1.63196072 0.43166667 0.43574507
v -1.57907224 0.61666667 0.51923079
v -1.57907224 0.43166667 0.51923079
v -1.63196072 0.61666667 0.25656266
v -1.63196072 0.43166667 0.25656266
v -1.64999999 0.61666667 0.34615386
v -1.64999999 0.43166667 0.34615386
v -1.63196072 0.61666667 0.25656266
v -1.64999999 0.61666667 0.34615386
v -1.55525482 0.74000001 0.27000134
v -1.57058820 0.74000001 0.34615386
v -1.12058820 0.61666667 0.00000000
v -1.25761004 0.61666667 0.01179491
v -1.12058820 0.74000001 0.05192310
v -1.23705676 0.74000001 0.06194876
v -0.98356635 0.61666667 0.01179491
v -1.12058820 0.61666667 0.00000000
v -1.00411963 0.74000001 0.06194876
v -1.12058820 0.74000001 0.05192310
v -0.85588230 0.43166667 0.64593188
v -0.85588230 0.61666667 0.64593188
v -0.98356635 0.43166667 0.68051282
v -0.98356635 0.61666667 0.68051282
v -0.85588230 0.43166667 0.04637584
v -0.98356635 0.43166667 0.01179491
v -0.85588230 0.61666667 0.04637584
v -0.98356635 0.61666667 0.01179491
v -1.57907224 0.61666667 0.17307693
v -1.63196072 0.61666667 0.25656266
v -1.51029963 0.74000001 0.19903848
v -1.55525482 0.74000001 0.27000134
v -0.98356635 0.43166667 0.68051282
v -0.98356635 0.61666667 0.68051282
v -1.12058820 0.43166667 0.69230773
v -1.12058820 0.61666667 0.69230773
v -0.80239016 0.30833333 0.55420642
v -0.74623754 0.43166667 0.59092160
v -0.89558820 0.30833333 0.60096518
v -0.85588230 0.43166667 0.64593188
v -0.89558820 0.30833333 0.09134254
v -1.00411963 0.30833333 0.06194876
v -0.85588230 0.43166667 0.04637584
v -0.98356635 0.43166667 0.01179491
v -1.00411963 0.30833333 0.63035896
v -0.98356635 0.43166667 0.68051282
v -1.12058820 0.30833333 0.64038463
v -1.12058820 0.43166667 0.69230773
v -0.89558820 0.30833333 0.60096518
v -0.85588230 0.43166667 0.64593188
v -1.00411963 0.30833333 0.63035896
v -0.98356635 0.43166667 0.68051282
v -1.55525482 0.30833333 0.42230639
v -1.51029963 0.30833333 0.49326925
v -1.63196072 0.43166667 0.43574507
v -1.57907224 0.43166667 0.51923079
v -0.67058820 0.30833333 0.34615386
v -0.59117640 0.43166667 0.34615386
v -0.68592157 0.30833333 0.42230639
v -0.60921568 0.43166667 0.43574507
v -0.66210416 0.43166667 0.17307693
v -0.60921568 0.43166667 0.25656266
v -0.73087676 0.30833333 0.19903848
v -0.68592157 0.30833333 0.27000134
v -0.73087676 0.30833333 0.49326925
v -0.66210416 0.43166667 0.51923079
v -0.80239016 0.30833333 0.55420642
v -0.74623754 0.43166667 0.59092160
v -0.80239016 0.30833333 0.13810130
v -0.89558820 0.30833333 0.09134254
v -0.74623754 0.43166667 0.10138613
v -0.85588230 0.43166667 0.04637584
v -1.00411963 0.30833333 0.06194876
v -1.12058820 0.30833333 0.05192310
v -0.98356635 0.43166667 0.01179491
v -1.12058820 0.43166667 0.00000000
v -0.60921568 0.43166667 0.25656266
v -0.59117640 0.43166667 0.34615386
v -0.68592157 0.30833333 0.27000134
v -0.67058820 0.30833333 0.34615386
v -0.74623754 0.43166667 0.10138613
v -0.66210416 0.43166667 0.17307693
v -0.80239016 0.30833333 0.13810130
v -0.73087676 0.30833333 0.19903848
v -1.51029963 0.30833333 0.49326925
v -1.43878623 0.30833333 0.55420642
v -1.57907224 0.43166667 0.51923079
v -1.49493886 0.43166667 0.59092160
v -1.49493886 0.43166667 0.10138613
v -1.43878623 0.30833333 0.13810130
v -1.57907224 0.43166667 0.17307693
v -1.51029963 0.30833333 0.19903848
v -1.63196072 0.43166667 0.25656266
v -1.55525482 0.30833333 0.27000134
v -1.64999999 0.43166667 0.34615386
v -1.57058820 0.30833333 0.34615386
v -1.12058820 0.30833333 0.05192310
v -1.23705676 0.30833333 0.06194876
v -1.12058820 0.43166667 0.00000000
v -1.25761004 0.43166667 0.01179491
v -1.34558820 0.30833333 0.60096518
v -1.38529410 0.43166667 0.64593188
v -1.43878623 0.30833333 0.55420642
v -1.49493886 0.43166667 0.59092160
v -1.12058820 0.30833333 0.64038463
v -1.12058820 0.43166667 0.69230773
v -1.23705676 0.30833333 0.63035896
v -1.25761004 0.43166667 0.68051282
v -1.57907224 0.43166667 0.17307693
v -1.51029963 0.30833333 0.19903848
v -1.63196072 0.43166667 0.25656266
v -1.55525482 0.30833333 0.27000134
v -1.34558820 0.30833333 0.09134254
v -1.43878623 0.30833333 0.13810130
v -1.38529410 0.43166667 0.04637584
v -1.49493886 0.43166667 0.10138613
v -1.64999999 0.43166667 0.34615386
v -1.57058820 0.30833333 0.34615386
v -1.63196072 0.43166667 0.43574507
v -1.55525482 0.30833333 0.42230639
v -1.57058820 0.30833333 0.34615386
v -1.55525482 0.30833333 0.27000134
v -1.55525482 0.30833333 0.42230639
v -1.51029963 0.30833333 0.19903848
v -1.51029963 0.30833333 0.49326925
v -1.43878623 0.30833333 0.55420642
v -1.43878623 0.30833333 0.13810130
v -1.34558820 0.30833333 0.60096518
v -1.34558820 0.30833333 0.09134254
v -1.23705676 0.30833333 0.63035896
v -1.23705676 0.30833333 0.06194876
v -1.12058820 0.30833333 0.64038463
v -1.12058820 0.30833333 0.05192310
v -1.00411963 0.30833333 0.63035896
v -1.00411963 0.30833333 0.06194876
v -0.89558820 0.30833333 0.60096518
v -0.89558820 0.30833333 0.09134254
v -0.80239016 0.30833333 0.55420642
v -0.80239016 0.30833333 0.13810130
v -0.73087676 0.30833333 0.49326925
v -0.73087676 0.30833333 0.19903848
v -0.68592157 0.30833333 0.42230639
v -0.68592157 0.30833333 0.27000134
v -0.67058820 0.30833333 0.34615386
v -1.23705676 0.30833333 0.06194876
v -1.34558820 0.30833333 0.09134254
v -1.25761004 0.43166667 0.01179491
v -1.38529410 0.43166667 0.04637584
v -0.68592157 0.30833333 0.42230639
v -0.60921568 0.43166667 0.43574507
v -0.73087676 0.30833333 0.49326925
v -0.66210416 0.43166667 0.51923079
v -1.57058820 0.74000001 0.34615386
v -1.55525482 0.74000001 0.42230639
v -1.55525482 0.74000001 0.27000134
v -1.51029963 0.74000001 0.19903848
v -1.51029963 0.74000001 0.49326925
v -1.43878623 0.74000001 0.13810130
v -1.44064974 0.74000001 0.34615386
v -1.43878623 0.74000001 0.55420642
v -1.42974390 0.74000001 0.29199054
v -1.42974390 0.74000001 0.40031718
v -1.34558820 0.74000001 0.09134254
v -1.34558820 0.74000001 0.60096518
v -1.39776963 0.74000001 0.24151836
v -1.34690590 0.74000001 0.19817691
v -1.28061897 0.74000001 0.16491985
v -1.23705676 0.74000001 0.06194876
v -1.20342622 0.74000001 0.14401360
v -1.12058820 0.74000001 0.05192310
v -1.12058820 0.74000001 0.13688286
v -1.39776963 0.74000001 0.45078937
v -1.34690590 0.74000001 0.49413082
v -1.28061897 0.74000001 0.52738787
v -1.23705676 0.74000001 0.63035896
v -1.20342622 0.74000001 0.54829413
v -1.00411963 0.74000001 0.06194876
v -1.03775018 0.74000001 0.14401360
v -0.96055743 0.74000001 0.16491985
v -0.89558820 0.74000001 0.09134254
v -0.89427050 0.74000001 0.19817691
v -1.12058820 0.74000001 0.64038463
v -1.12058820 0.74000001 0.55542487
v -1.03775018 0.74000001 0.54829413
v -1.00411963 0.74000001 0.63035896
v -0.96055743 0.74000001 0.52738787
v -0.89558820 0.74000001 0.60096518
v -0.89427050 0.74000001 0.49413082
v -0.80239016 0.74000001 0.13810130
v -0.80239016 0.74000001 0.55420642
v -0.84340677 0.74000001 0.24151836
v -0.81143249 0.74000001 0.29199054
v -0.84340677 0.74000001 0.45078937
v -0.81143249 0.74000001 0.40031718
v -0.80052666 0.74000001 0.34615386
v -0.73087676 0.74000001 0.19903848
v -0.73087676 0.74000001 0.49326925
v -0.68592157 0.74000001 0.27000134
v -0.68592157 0.74000001 0.42230639
v -0.67058820 0.74000001 0.34615386
v -0.80052666 0.73999994 0.34615386
v -0.81143249 0.73999994 0.29199054
v -0.81143249 0.73999994 0.40031719
v -0.84340677 0.73999994 0.45078938
v -0.84340677 0.73999994 0.24151836
v -0.89427050 0.73999994 0.49413082
v -0.89427050 0.73999994 0.19817691
v -0.90798000 0.73999994 0.34615386
v -0.91522445 0.73999994 0.38213310
v -0.91522445 0.73999994 0.31017464
v -0.96055743 0.73999994 0.52738787
v -0.93646412 0.73999994 0.41566040
v -0.97025151 0.73999994 0.44445094
v -0.96055743 0.73999994 0.16491985
v -0.93646412 0.73999994 0.27664735
v -0.97025151 0.73999994 0.24785680
v -1.03775018 0.73999994 0.54829411
v -1.01428410 0.73999994 0.46654268
v -1.06556115 0.73999994 0.48043013
v -1.12058820 0.73999994 0.55542487
v -1.12058820 0.73999994 0.48516691
v -1.03775018 0.73999994 0.14401360
v -1.01428410 0.73999994 0.22576503
v -1.06556115 0.73999994 0.21187757
v -1.20342622 0.73999994 0.54829411
v -1.17561525 0.73999994 0.48043013
v -1.22689230 0.73999994 0.46654268
v -1.12058820 0.73999994 0.13688286
v -1.12058820 0.73999994 0.20714081
v -1.17561525 0.73999994 0.21187757
v -1.20342622 0.73999994 0.14401360
v -1.22689230 0.73999994 0.22576503
v -1.28061897 0.73999994 0.52738787
v -1.27092489 0.73999994 0.44445094
v -1.30471228 0.73999994 0.41566040
v -1.28061897 0.73999994 0.16491985
v -1.27092489 0.73999994 0.24785680
v -1.30471228 0.73999994 0.27664735
v -1.34690590 0.73999994 0.49413082
v -1.34690590 0.73999994 0.19817691
v -1.32595194 0.73999994 0.38213310
v -1.32595194 0.73999994 0.31017464
v -1.33319639 0.73999994 0.34615386
v -1.39776963 0.73999994 0.45078938
v -1.39776963 0.73999994 0.24151836
v -1.42974390 0.73999994 0.40031719
v -1.42974390 0.73999994 0.29199054
v -1.44064974 0.73999994 0.34615386
v -1.07931791 0.67833344 0.44686108
v -1.12058820 0.67833344 0.45041365
v -1.06556115 0.74000012 0.48043015
v -1.12058820 0.74000012 0.48516691
v -1.07931791 0.67833344 0.24544665
v -1.04086013 0.67833344 0.25586224
v -1.06556115 0.74000012 0.21187757
v -1.01428410 0.74000012 0.22576503
v -1.23334072 0.67833344 0.27243106
v -1.20031627 0.67833344 0.25586224
v -1.27092489 0.74000012 0.24785679
v -1.22689230 0.74000012 0.22576503
v -0.91522445 0.74000012 0.31017463
v -0.96656539 0.67833344 0.31916945
v -0.90798000 0.74000012 0.34615386
v -0.96113205 0.67833344 0.34615386
v -1.07931791 0.67833344 0.24544665
v -1.06556115 0.74000012 0.21187757
v -1.12058820 0.67833344 0.24189408
v -1.12058820 0.74000012 0.20714081
v -1.27461100 0.67833344 0.37313828
v -1.32595194 0.74000012 0.38213308
v -1.25868127 0.67833344 0.39828375
v -1.30471228 0.74000012 0.41566039
v -0.96113205 0.67833344 0.34615386
v -0.96656539 0.67833344 0.37313828
v -0.90798000 0.74000012 0.34615386
v -0.91522445 0.74000012 0.38213308
v -1.04086013 0.67833344 0.25586224
v -1.00783568 0.67833344 0.27243106
v -1.01428410 0.74000012 0.22576503
v -0.97025151 0.74000012 0.24785679
v -1.28004434 0.67833344 0.34615386
v -1.33319639 0.74000012 0.34615386
v -1.27461100 0.67833344 0.37313828
v -1.32595194 0.74000012 0.38213308
v -1.16185849 0.67833344 0.24544665
v -1.12058820 0.67833344 0.24189408
v -1.17561525 0.74000012 0.21187757
v -1.12058820 0.74000012 0.20714081
v -1.30471228 0.74000012 0.27664734
v -1.32595194 0.74000012 0.31017463
v -1.25868127 0.67833344 0.29402397
v -1.27461100 0.67833344 0.31916945
v -1.00783568 0.67833344 0.41987667
v -1.04086013 0.67833344 0.43644548
v -0.97025151 0.74000012 0.44445093
v -1.01428410 0.74000012 0.46654268
v -1.16185849 0.67833344 0.24544665
v -1.17561525 0.74000012 0.21187757
v -1.20031627 0.67833344 0.25586224
v -1.22689230 0.74000012 0.22576503
v -1.04086013 0.67833344 0.43644548
v -1.07931791 0.67833344 0.44686108
v -1.01428410 0.74000012 0.46654268
v -1.06556115 0.74000012 0.48043015
v -1.25868127 0.67833344 0.39828375
v -1.30471228 0.74000012 0.41566039
v -1.23334072 0.67833344 0.41987667
v -1.27092489 0.74000012 0.44445093
v -0.93646412 0.74000012 0.27664734
v -0.98249512 0.67833344 0.29402397
v -0.91522445 0.74000012 0.31017463
v -0.96656539 0.67833344 0.31916945
v -1.28004434 0.67833344 0.34615386
v -1.27461100 0.67833344 0.37313828
v -1.27461100 0.67833344 0.31916945
v -1.25868127 0.67833344 0.29402397
v -1.25868127 0.67833344 0.39828375
v -1.23334072 0.67833344 0.27243106
v -1.23334072 0.67833344 0.41987667
v -1.20031627 0.67833344 0.25586224
v -1.20031627 0.67833344 0.43644548
v -1.16185849 0.67833344 0.24544665
v -1.16185849 0.67833344 0.44686108
v -1.12058820 0.67833344 0.24189408
v -1.12058820 0.67833344 0.45041365
v -1.07931791 0.67833344 0.24544665
v -1.07931791 0.67833344 0.44686108
v -1.04086013 0.67833344 0.25586224
v -1.04086013 0.67833344 0.43644548
v -1.00783568 0.67833344 0.27243106
v -1.00783568 0.67833344 0.41987667
v -0.98249512 0.67833344 0.29402397
v -0.98249512 0.67833344 0.39828375
v -0.96656539 0.67833344 0.31916945
v -0.96656539 0.67833344 0.37313828
v -0.96113205 0.67833344 0.34615386
v -1.12058820 0.67833344 0.45041365
v -1.16185849 0.67833344 0.44686108
v -1.12058820 0.74000012 0.48516691
v -1.17561525 0.74000012 0.48043015
v -1.20031627 0.67833344 0.43644548
v -1.23334072 0.67833344 0.41987667
v -1.22689230 0.74000012 0.46654268
v -1.27092489 0.74000012 0.44445093
v -1.16185849 0.67833344 0.44686108
v -1.20031627 0.67833344 0.43644548
v -1.17561525 0.74000012 0.48043015
v -1.22689230 0.74000012 0.46654268
v -1.27092489 0.74000012 0.24785679
v -1.30471228 0.74000012 0.27664734
v -1.23334072 0.67833344 0.27243106
v -1.25868127 0.67833344 0.29402397
v -0.98249512 0.67833344 0.39828375
v -1.00783568 0.67833344 0.41987667
v -0.93646412 0.74000012 0.41566039
v -0.97025151 0.74000012 0.44445093
v -0.97025151 0.74000012 0.24785679
v -1.00783568 0.67833344 0.27243106
v -0.93646412 0.74000012 0.27664734
v -0.98249512 0.67833344 0.29402397
v -1.32595194 0.74000012 0.31017463
v -1.33319639 0.74000012 0.34615386
v -1.27461100 0.67833344 0.31916945
v -1.28004434 0.67833344 0.34615386
v -0.96656539 0.67833344 0.37313828
v -0.98249512 0.67833344 0.39828375
v -0.91522445 0.74000012 0.38213308
v -0.93646412 0.74000012 0.41566039
v -1.78559075 -0.80166664 0.46153848
v -1.78559075 -0.63722220 0.46153848
v -1.78537260 -0.80166664 0.46262244
v -1.78537260 -0.63760844 0.46262244
v -1.98529415 -0.80166664 0.23076925
v -1.98529415 -0.80166664 0.46153848
v -1.65000004 -0.80166664 0.23076925
v -1.78559075 -0.80166664 0.46153848
v -1.78537260 -0.80166664 0.46262244
v -1.71661748 -0.80166664 0.57115386
v -1.65000004 -0.80166664 0.34615387
v -1.60724404 -0.80166664 0.66435189
v -1.63196076 -0.80166664 0.43574509
v -1.57907222 -0.80166664 0.51923080
v -1.46470588 -0.80166664 0.73586533
v -1.49493890 -0.80166664 0.59092161
v -1.38529408 -0.80166664 0.64593189
v -1.29871669 -0.80166664 0.78082046
v -1.25761010 -0.80166664 0.68051282
v -1.12058824 -0.80166664 0.79615382
v -1.12058824 -0.80166664 0.69230770
v -0.98356638 -0.80166664 0.68051282
v -0.94245979 -0.80166664 0.78082046
v -0.85588234 -0.80166664 0.64593189
v -0.77647055 -0.80166664 0.73586533
v -0.74623763 -0.80166664 0.59092161
v -0.63393243 -0.80166664 0.66435189
v -0.66210420 -0.80166664 0.51923080
v -0.60921572 -0.80166664 0.43574509
v -0.52455900 -0.80166664 0.57115386
v -0.59117650 -0.80166664 0.34615387
v -0.59117650 -0.80166664 0.23076925
v -0.43235293 -0.80166664 0.34615387
v -0.45580398 -0.80166664 0.46262244
v 0.67941176 -0.80166664 0.23076925
v 0.52058822 -0.80166664 0.34615387
v 0.54403930 -0.80166664 0.46262244
v 0.61279431 -0.80166664 0.57115386
v 0.67941176 -0.80166664 0.34615387
v 0.72216770 -0.80166664 0.66435189
v 0.69745104 -0.80166664 0.43574509
v 0.75033947 -0.80166664 0.51923080
v 0.86470586 -0.80166664 0.73586533
v 0.83447295 -0.80166664 0.59092161
v 0.94411761 -0.80166664 0.64593189
v 1.03069511 -0.80166664 0.78082046
v 1.07180170 -0.80166664 0.68051282
v 1.20882356 -0.80166664 0.79615382
v 1.20882356 -0.80166664 0.69230770
v 1.34584531 -0.80166664 0.68051282
v 1.38695190 -0.80166664 0.78082046
v 1.47352940 -0.80166664 0.64593189
v 1.55294109 -0.80166664 0.73586533
v 1.58317422 -0.80166664 0.59092161
v 1.69547947 -0.80166664 0.66435189
v 1.66730765 -0.80166664 0.51923080
v 1.72019597 -0.80166664 0.43574509
v 1.80485280 -0.80166664 0.57115386
v 1.73823525 -0.80166664 0.34615387
v 1.73823525 -0.80166664 0.23076925
v 1.98529415 -0.80166664 0.23076925
v 1.87382596 -0.80166664 0.46153848
v 1.87360781 -0.80166664 0.46262244
v 1.98529415 -0.80166664 0.46153848
v 1.87360781 0.80166664 0.46262244
v 1.80485280 0.80166664 0.57115386
v 1.87382596 0.80166664 0.46153848
v 1.98529415 0.80166664 0.23076925
v 1.98529415 0.80166664 0.46153848
v 1.73823525 0.80166664 0.23076925
v 1.73823525 0.80166664 0.34615387
v 1.72019597 0.80166664 0.43574509
v 1.69547947 0.80166664 0.66435189
v 1.66730765 0.80166664 0.51923080
v 1.58317422 0.80166664 0.59092161
v 1.55294109 0.80166664 0.73586533
v 1.47352940 0.80166664 0.64593189
v 1.38695190 0.80166664 0.78082046
v 1.34584531 0.80166664 0.68051282
v 1.20882356 0.80166664 0.69230770
v 1.20882356 0.80166664 0.79615382
v 1.07180170 0.80166664 0.68051282
v 1.03069511 0.80166664 0.78082046
v 0.94411761 0.80166664 0.64593189
v 0.86470586 0.80166664 0.73586533
v 0.83447295 0.80166664 0.59092161
v 0.75033947 0.80166664 0.51923080
v 0.72216770 0.80166664 0.66435189
v 0.69745104 0.80166664 0.43574509
v 0.67941176 0.80166664 0.34615387
v 0.61279431 0.80166664 0.57115386
v 0.67941176 0.80166664 0.23076925
v 0.54403930 0.80166664 0.46262244
v 0.52058822 0.80166664 0.34615387
v -0.43235293 0.80166664 0.34615387
v -0.59117650 0.80166664 0.23076925
v -0.52455900 0.80166664 0.57115386
v -0.45580398 0.80166664 0.46262244
v -0.59117650 0.80166664 0.34615387
v -0.60921572 0.80166664 0.43574509
v -0.63393243 0.80166664 0.66435189
v -0.66210420 0.80166664 0.51923080
v -0.74623763 0.80166664 0.59092161
v -0.77647055 0.80166664 0.73586533
v -0.85588234 0.80166664 0.64593189
v -0.94245979 0.80166664 0.78082046
v -0.98356638 0.80166664 0.68051282
v -1.12058824 0.80166664 0.69230770
v -1.12058824 0.80166664 0.79615382
v -1.25761010 0.80166664 0.68051282
v -1.29871669 0.80166664 0.78082046
v -1.38529408 0.80166664 0.64593189
v -1.46470588 0.80166664 0.73586533
v -1.49493890 0.80166664 0.59092161
v -1.57907222 0.80166664 0.51923080
v -1.60724404 0.80166664 0.66435189
v -1.63196076 0.80166664 0.43574509
v -1.65000004 0.80166664 0.34615387
v -1.71661748 0.80166664 0.57115386
v -1.65000004 0.80166664 0.23076925
v -1.78537260 0.80166664 0.46262244
v -1.78559075 0.80166664 0.46153848
v -1.98529415 0.80166664 0.23076925
v -1.98529415 0.80166664 0.46153848
v 1.79808227 0.67833335 0.57692309
v 1.80485280 0.67627779 0.57115386
v 2.07352937 0.67833335 0.57692309
v 1.87360781 0.63760844 0.46262244
v 1.87382596 0.63722220 0.46153848
v 2.01470589 0.63722220 0.46153848
v -2.16176479 0.67833335 0.57692309
v -2.04411763 0.63722220 0.46153848
v -1.98529415 0.67833335 0.57692309
v -1.78559075 0.63722220 0.46153848
v -1.78537260 0.63760844 0.46262244
v -1.71661748 0.67627779 0.57115386
v -1.70984696 0.67833335 0.57692309
v 1.55294109 -0.67833335 0.73586533
v 1.69547947 -0.67833335 0.66435189
v 1.55294109 -0.80166664 0.73586533
v 1.69547947 -0.80166664 0.66435189
v -0.94245979 -0.67833335 0.78082046
v -0.77647055 -0.67833335 0.73586533
v -0.94245979 -0.80166664 0.78082046
v -0.77647055 -0.80166664 0.73586533
v 0.86470586 0.80166664 0.73586533
v 1.03069511 0.80166664 0.78082046
v 0.86470586 0.67833335 0.73586533
v 1.03069511 0.67833335 0.78082046
v -0.94245979 0.80166664 0.78082046
v -0.77647055 0.80166664 0.73586533
v -0.94245979 0.67833335 0.78082046
v -0.77647055 0.67833335 0.73586533
v -1.60724404 0.80166664 0.66435189
v -1.46470588 0.80166664 0.73586533
v -1.60724404 0.67833335 0.66435189
v -1.46470588 0.67833335 0.73586533
v 0.54403930 0.80166664 0.46262244
v 0.61279431 0.80166664 0.57115386
v 0.54403930 0.63760844 0.46262244
v 0.61279431 0.67627779 0.57115386
v -0.52455900 0.67627779 0.57115386
v -0.53132952 0.67833335 0.57692309
v -0.52455900 0.80166664 0.57115386
v -0.63393243 0.80166664 0.66435189
v -0.63393243 0.67833335 0.66435189
v -0.77647055 -0.67833335 0.73586533
v -0.63393243 -0.67833335 0.66435189
v -0.77647055 -0.80166664 0.73586533
v -0.63393243 -0.80166664 0.66435189
v 0.72216770 0.80166664 0.66435189
v 0.86470586 0.80166664 0.73586533
v 0.72216770 0.67833335 0.66435189
v 0.86470586 0.67833335 0.73586533
v -0.77647055 0.80166664 0.73586533
v -0.63393243 0.80166664 0.66435189
v -0.77647055 0.67833335 0.73586533
v -0.63393243 0.67833335 0.66435189
v 1.03069511 0.80166664 0.78082046
v 1.20882356 0.80166664 0.79615382
v 1.03069511 0.67833335 0.78082046
v 1.20882356 0.67833335 0.79615382
v 1.20882356 0.80166664 0.79615382
v 1.38695190 0.80166664 0.78082046
v 1.20882356 0.67833335 0.79615382
v 1.38695190 0.67833335 0.78082046
v 1.55294109 0.80166664 0.73586533
v 1.69547947 0.80166664 0.66435189
v 1.55294109 0.67833335 0.73586533
v 1.69547947 0.67833335 0.66435189
v -1.12058824 -0.67833335 0.79615382
v -0.94245979 -0.67833335 0.78082046
v -1.12058824 -0.80166664 0.79615382
v -0.94245979 -0.80166664 0.78082046
v -1.12058824 0.80166664 0.79615382
v -0.94245979 0.80166664 0.78082046
v -1.12058824 0.67833335 0.79615382
v -0.94245979 0.67833335 0.78082046
v 0.54403930 -0.80166664 0.46262244
v 0.54403930 -0.63760844 0.46262244
v 0.61279431 -0.80166664 0.57115386
v 0.61279431 -0.67627779 0.57115386
v -1.46470588 0.80166664 0.73586533
v -1.29871669 0.80166664 0.78082046
v -1.46470588 0.67833335 0.73586533
v -1.29871669 0.67833335 0.78082046
v -2.16176479 -0.67833335 0.57692309
v -1.98529415 -0.67833335 0.57692309
v -2.04411763 -0.63722220 0.46153848
v -1.78559075 -0.63722220 0.46153848
v -1.78537260 -0.63760844 0.46262244
v -1.71661748 -0.67627779 0.57115386
v -1.70984696 -0.67833335 0.57692309
v -0.45580398 -0.63760844 0.46262244
v -0.45580398 -0.80166664 0.46262244
v -0.52455900 -0.67627779 0.57115386
v -0.52455900 -0.80166664 0.57115386
v -0.53132952 -0.67833335 0.57692309
v 0.61956484 -0.67833335 0.57692309
v -0.52455900 -0.67627779 0.57115386
v -0.45580398 -0.63760844 0.46262244
v -0.43235293 -0.59611109 0.34615387
v 0.61279431 -0.67627779 0.57115386
v 0.54403930 -0.63760844 0.46262244
v 0.52058822 -0.59611109 0.34615387
v 1.87360781 0.80166664 0.46262244
v 1.87360781 0.63760844 0.46262244
v 1.80485280 0.80166664 0.57115386
v 1.80485280 0.67627779 0.57115386
v -0.53132952 0.67833335 0.57692309
v -0.52455900 0.67627779 0.57115386
v 0.61956484 0.67833335 0.57692309
v -0.45580398 0.63760844 0.46262244
v -0.43235293 0.59611109 0.34615387
v 0.61279431 0.67627779 0.57115386
v 0.54403930 0.63760844 0.46262244
v 0.52058822 0.59611109 0.34615387
v 1.87360781 -0.80166664 0.46262244
v 1.80485280 -0.80166664 0.57115386
v 1.87360781 -0.63760844 0.46262244
v 1.80485280 -0.67627779 0.57115386
v 0.72216770 -0.67833335 0.66435189
v 0.86470586 -0.67833335 0.73586533
v 0.72216770 -0.80166664 0.66435189
v 0.86470586 -0.80166664 0.73586533
v -1.29871669 -0.67833335 0.78082046
v -1.12058824 -0.67833335 0.79615382
v -1.29871669 -0.80166664 0.78082046
v -1.12058824 -0.80166664 0.79615382
v -1.78537260 -0.80166664 0.46262244
v -1.78537260 -0.63760844 0.46262244
v -1.71661748 -0.80166664 0.57115386
v -1.71661748 -0.67627779 0.57115386
v 0.52058822 -0.80166664 0.34615387
v 0.52058822 -0.59611109 0.34615387
v 0.54403930 -0.80166664 0.46262244
v 0.54403930 -0.63760844 0.46262244
v -0.45580398 0.63760844 0.46262244
v -0.52455900 0.67627779 0.57115386
v -0.45580398 0.80166664 0.46262244
v -0.52455900 0.80166664 0.57115386
v -1.71661748 -0.80166664 0.57115386
v -1.71661748 -0.67627779 0.57115386
v -1.60724404 -0.80166664 0.66435189
v -1.70984696 -0.67833335 0.57692309
v -1.60724404 -0.67833335 0.66435189
v -0.43235293 0.59611109 0.34615387
v -0.45580398 0.63760844 0.46262244
v -0.43235293 0.80166664 0.34615387
v -0.45580398 0.80166664 0.46262244
v 1.03069511 -0.67833335 0.78082046
v 1.20882356 -0.67833335 0.79615382
v 1.03069511 -0.80166664 0.78082046
v 1.20882356 -0.80166664 0.79615382
v 1.80485280 0.67627779 0.57115386
v 1.79808227 0.67833335 0.57692309
v 1.80485280 0.80166664 0.57115386
v 1.69547947 0.80166664 0.66435189
v 1.69547947 0.67833335 0.66435189
v 0.61279431 0.67627779 0.57115386
v 0.61279431 0.80166664 0.57115386
v 0.61956484 0.67833335 0.57692309
v 0.72216770 0.80166664 0.66435189
v 0.72216770 0.67833335 0.66435189
v 0.52058822 0.59611109 0.34615387
v 0.52058822 0.80166664 0.34615387
v 0.54403930 0.63760844 0.46262244
v 0.54403930 0.80166664 0.46262244
v 1.38695190 -0.67833335 0.78082046
v 1.55294109 -0.67833335 0.73586533
v 1.38695190 -0.80166664 0.78082046
v 1.55294109 -0.80166664 0.73586533
v -0.52455900 -0.67627779 0.57115386
v -0.52455900 -0.80166664 0.57115386
v -0.53132952 -0.67833335 0.57692309
v -0.63393243 -0.80166664 0.66435189
v -0.63393243 -0.67833335 0.66435189
v 1.80485280 -0.67627779 0.57115386
v 1.80485280 -0.80166664 0.57115386
v 1.79808227 -0.67833335 0.57692309
v 1.69547947 -0.80166664 0.66435189
v 1.69547947 -0.67833335 0.66435189
v -1.29871669 0.80166664 0.78082046
v -1.12058824 0.80166664 0.79615382
v -1.29871669 0.67833335 0.78082046
v -1.12058824 0.67833335 0.79615382
v 1.20882356 -0.67833335 0.79615382
v 1.38695190 -0.67833335 0.78082046
v 1.20882356 -0.80166664 0.79615382
v 1.38695190 -0.80166664 0.78082046
v -1.78559075 0.63722220 0.46153848
v -1.78559075 0.80166664 0.46153848
v -1.78537260 0.63760844 0.46262244
v -1.78537260 0.80166664 0.46262244
v -0.43235293 -0.59611109 0.34615387
v 0.52058822 -0.59611109 0.34615387
v -0.43235293 -0.80166664 0.34615387
v 0.52058822 -0.80166664 0.34615387
v -1.46470588 -0.67833335 0.73586533
v -1.29871669 -0.67833335 0.78082046
v -1.46470588 -0.80166664 0.73586533
v -1.29871669 -0.80166664 0.78082046
v -1.78537260 0.80166664 0.46262244
v -1.71661748 0.80166664 0.57115386
v -1.78537260 0.63760844 0.46262244
v -1.71661748 0.67627779 0.57115386
v -0.43235293 -0.59611109 0.34615387
v -0.43235293 -0.80166664 0.34615387
v -0.45580398 -0.63760844 0.46262244
v -0.45580398 -0.80166664 0.46262244
v 0.61279431 -0.67627779 0.57115386
v 0.61956484 -0.67833335 0.57692309
v 0.61279431 -0.80166664 0.57115386
v 0.72216770 -0.80166664 0.66435189
v 0.72216770 -0.67833335 0.66435189
v 0.86470586 -0.67833335 0.73586533
v 1.03069511 -0.67833335 0.78082046
v 0.86470586 -0.80166664 0.73586533
v 1.03069511 -0.80166664 0.78082046
v -1.71661748 0.80166664 0.57115386
v -1.60724404 0.80166664 0.66435189
v -1.71661748 0.67627779 0.57115386
v -1.70984696 0.67833335 0.57692309
v -1.60724404 0.67833335 0.66435189
v -0.43235293 0.80166664 0.34615387
v 0.52058822 0.80166664 0.34615387
v -0.43235293 0.59611109 0.34615387
v 0.52058822 0.59611109 0.34615387
v 1.38695190 0.80166664 0.78082046
v 1.55294109 0.80166664 0.73586533
v 1.38695190 0.67833335 0.78082046
v 1.55294109 0.67833335 0.73586533
v 2.01470589 0.63722220 0.46153848
v 2.01470589 -0.63722220 0.46153848
v 2.07352937 0.67833335 0.57692309
v 2.07352937 -0.67833335 0.57692309
v 1.87382596 -0.63722220 0.46153848
v 2.01470589 -0.63722220 0.46153848
v 1.87382596 -0.80166664 0.46153848
v 2.16176479 -0.67833335 0.46153848
v 2.01470589 0.63722220 0.46153848
v 2.11007767 -0.76554316 0.46153848
v 1.98529415 -0.80166664 0.46153848
v 2.16176479 0.67833335 0.46153848
v 1.87382596 0.63722220 0.46153848
v 2.11007767 0.76554316 0.46153848
v 1.98529415 0.80166664 0.46153848
v 1.87382596 0.80166664 0.46153848
v 1.87382596 -0.63722220 0.46153848
v 1.87382596 -0.80166664 0.46153848
v 1.87360781 -0.63760844 0.46262244
v 1.87360781 -0.80166664 0.46262244
v -1.60724404 -0.67833335 0.66435189
v -1.46470588 -0.67833335 0.73586533
v -1.60724404 -0.80166664 0.66435189
v -1.46470588 -0.80166664 0.73586533
v 1.79808227 -0.67833335 0.57692309
v 2.07352937 -0.67833335 0.57692309
v 1.80485280 -0.67627779 0.57115386
v 1.87360781 -0.63760844 0.46262244
v 1.87382596 -0.63722220 0.46153848
v 2.01470589 -0.63722220 0.46153848
v 1.87382596 0.80166664 0.46153848
v 1.87382596 0.63722220 0.46153848
v 1.87360781 0.80166664 0.46262244
v 1.87360781 0.63760844 0.46262244
v -2.04411763 -0.63722220 0.46153848
v -2.04411763 0.63722220 0.46153848
v -2.16176479 -0.67833335 0.57692309
v -2.16176479 0.67833335 0.57692309
v 2.16176479 -0.67833335 0.23076925
v 2.11007767 -0.76554316 0.23076925
v 2.16176479 -0.67833335 0.46153848
v 2.11007767 -0.76554316 0.46153848
v 1.98529415 -0.80166664 0.23076925
v 1.98529415 -0.80166664 0.46153848
v 2.11007767 -0.76554316 0.23076925
v 2.11007767 -0.76554316 0.46153848
v 2.16176479 0.67833335 0.23076925
v 2.16176479 -0.67833335 0.23076925
v 2.16176479 0.67833335 0.46153848
v 2.16176479 -0.67833335 0.46153848
v 1.98529415 0.80166664 0.46153848
v 1.98529415 0.80166664 0.23076925
v 2.11007767 0.76554316 0.46153848
v 2.11007767 0.76554316 0.23076925
v 2.11007767 0.76554316 0.23076925
v 2.16176479 0.67833335 0.23076925
v 2.11007767 0.76554316 0.46153848
v 2.16176479 0.67833335 0.46153848
v -2.16176479 0.67833335 0.23076925
v -2.11007767 0.76554316 0.23076925
v -2.16176479 0.67833335 0.46153848
v -2.11007767 0.76554316 0.46153848
v -2.16176479 -0.67833335 0.23076925
v -2.16176479 0.67833335 0.23076925
v -2.16176479 -0.67833335 0.46153848
v -2.16176479 0.67833335 0.46153848
v -2.11007767 -0.76554316 0.23076925
v -2.16176479 -0.67833335 0.23076925
v -2.11007767 -0.76554316 0.46153848
v -2.16176479 -0.67833335 0.46153848
v -1.98529415 -0.80166664 0.46153848
v -2.11007767 -0.76554316 0.46153848
v -1.78559075 -0.80166664 0.46153848
v -2.16176479 -0.67833335 0.46153848
v -1.78559075 -0.63722220 0.46153848
v -2.04411763 -0.63722220 0.46153848
v -2.04411763 0.63722220 0.46153848
v -2.16176479 0.67833335 0.46153848
v -1.78559075 0.63722220 0.46153848
v -2.11007767 0.76554316 0.46153848
v -1.78559075 0.80166664 0.46153848
v -1.98529415 0.80166664 0.46153848
v -0.59117650 0.80166664 0.23076925
v -0.59117650 0.49333334 0.23076925
v 0.67941176 0.80166664 0.23076925
v 0.67941176 0.49333334 0.23076925
v -1.65000004 0.49333334 0.23076925
v -2.16176479 -0.67833335 0.23076925
v -2.16176479 0.67833335 0.23076925
v -2.11007767 0.76554316 0.23076925
v -1.65000004 0.80166664 0.23076925
v -1.98529415 0.80166664 0.23076925
v -1.65000004 -0.49333334 0.23076925
v -1.65000004 -0.80166664 0.23076925
v -2.11007767 -0.76554316 0.23076925
v -1.98529415 -0.80166664 0.23076925
v -0.59117650 -0.49333334 0.23076925
v 1.73823525 -0.49333334 0.23076925
v 0.67941176 -0.49333334 0.23076925
v -0.59117650 -0.80166664 0.23076925
v 0.67941176 -0.80166664 0.23076925
v 2.16176479 -0.67833335 0.23076925
v 1.73823525 -0.80166664 0.23076925
v 1.73823525 0.49333334 0.23076925
v 2.11007767 -0.76554316 0.23076925
v 1.98529415 -0.80166664 0.23076925
v 2.16176479 0.67833335 0.23076925
v 2.11007767 0.76554316 0.23076925
v 1.98529415 0.80166664 0.23076925
v 1.73823525 0.80166664 0.23076925
v -2.11007767 -0.76554316 0.23076925
v -2.11007767 -0.76554316 0.46153848
v -1.98529415 -0.80166664 0.23076925
v -1.98529415 -0.80166664 0.46153848
v -2.11007767 0.76554316 0.46153848
v -2.11007767 0.76554316 0.23076925
v -1.98529415 0.80166664 0.46153848
v -1.98529415 0.80166664 0.23076925
v -2.25000000 -0.15416667 0.17307694
v -2.25000000 -0.21583333 0.23076925
v -2.16176479 -0.15416667 0.17307694
v -2.16176479 -0.21583333 0.23076925
v -2.25000000 0.15416667 0.17307694
v -2.25000000 -0.15416667 0.17307694
v -2.16176479 0.15416667 0.17307694
v -2.16176479 -0.15416667 0.17307694
v -2.25000000 0.21583333 0.23076925
v -2.25000000 0.15416667 0.17307694
v -2.16176479 0.21583333 0.23076925
v -2.16176479 0.15416667 0.17307694
v -2.25000000 -0.15416667 0.37500001
v -2.16176479 -0.15416667 0.37500001
v -2.25000000 -0.21583333 0.31730771
v -2.16176479 -0.21583333 0.31730771
v -2.25000000 -0.21583333 0.23076925
v -2.25000000 -0.21583333 0.31730771
v -2.16176479 -0.21583333 0.23076925
v -2.16176479 -0.21583333 0.31730771
v -2.16176479 0.15416667 0.17307694
v -2.16176479 -0.15416667 0.17307694
v -2.16176479 0.21583333 0.23076925
v -2.16176479 -0.21583333 0.23076925
v -2.16176479 0.21583333 0.31730771
v -2.16176479 -0.21583333 0.31730771
v -2.16176479 0.15416667 0.37500001
v -2.16176479 -0.15416667 0.37500001
v -2.25000000 0.15416667 0.37500001
v -2.16176479 0.15416667 0.37500001
v -2.25000000 -0.15416667 0.37500001
v -2.16176479 -0.15416667 0.37500001
v -2.25000000 0.21583333 0.31730771
v -2.25000000 0.21583333 0.23076925
v -2.16176479 0.21583333 0.31730771
v -2.16176479 0.21583333 0.23076925
v -2.25000000 0.21583333 0.31730771
v -2.16176479 0.21583333 0.31730771
v -2.25000000 0.15416667 0.37500001
v -2.16176479 0.15416667 0.37500001
v 2.25000000 0.15416667 0.17307694
v 2.25000000 0.21583333 0.23076925
v 2.16176479 0.15416667 0.17307694
v 2.16176479 0.21583333 0.23076925
v 2.25000000 -0.15416667 0.17307694
v 2.25000000 0.15416667 0.17307694
v 2.16176479 -0.15416667 0.17307694
v 2.16176479 0.15416667 0.17307694
v 2.25000000 -0.21583333 0.23076925
v 2.25000000 -0.15416667 0.17307694
v 2.16176479 -0.21583333 0.23076925
v 2.16176479 -0.15416667 0.17307694
v 2.25000000 0.15416667 0.37500001
v 2.16176479 0.15416667 0.37500001
v 2.25000000 0.21583333 0.31730771
v 2.16176479 0.21583333 0.31730771
v 2.25000000 0.21583333 0.23076925
v 2.25000000 0.21583333 0.31730771
v 2.16176479 0.21583333 0.23076925
v 2.16176479 0.21583333 0.31730771
v 2.16176479 -0.15416667 0.17307694
v 2.16176479 0.15416667 0.17307694
v 2.16176479 -0.21583333 0.23076925
v 2.16176479 0.21583333 0.23076925
v 2.16176479 -0.21583333 0.31730771
v 2.16176479 0.21583333 0.31730771
v 2.16176479 -0.15416667 0.37500001
v 2.16176479 0.15416667 0.37500001
v 2.25000000 -0.15416667 0.37500001
v 2.16176479 -0.15416667 0.37500001
v 2.25000000 0.15416667 0.37500001
v 2.16176479 0.15416667 0.37500001
v 2.25000000 -0.21583333 0.31730771
v 2.25000000 -0.21583333 0.23076925
v 2.16176479 -0.21583333 0.31730771
v 2.16176479 -0.21583333 0.23076925
v 2.25000000 -0.21583333 0.31730771
v 2.16176479 -0.21583333 0.31730771
v 2.25000000 -0.15416667 0.37500001
v 2.16176479 -0.15416667 0.37500001
v -0.66210420 0.80166664 0.51923080
v -0.74623763 0.80166664 0.59092161
v -0.66210420 0.49333334 0.51923080
v -0.74623763 0.49333334 0.59092161
v -0.85588234 0.80166664 0.64593189
v -0.98356638 0.80166664 0.68051282
v -0.85588234 0.49333334 0.64593189
v -0.98356638 0.49333334 0.68051282
v -1.63196076 0.80166664 0.43574509
v -1.63196076 0.49333334 0.43574509
v -1.57907222 0.80166664 0.51923080
v -1.57907222 0.49333334 0.51923080
v 1.47352940 0.80166664 0.64593189
v 1.34584531 0.80166664 0.68051282
v 1.47352940 0.49333334 0.64593189
v 1.34584531 0.49333334 0.68051282
v 1.66730765 0.80166664 0.51923080
v 1.58317422 0.80166664 0.59092161
v 1.66730765 0.49333334 0.51923080
v 1.58317422 0.49333334 0.59092161
v -0.59117650 -0.80166664 0.23076925
v -0.59117650 -0.49333334 0.23076925
v -0.59117650 -0.80166664 0.34615387
v -0.59117650 -0.49333334 0.34615387
v -1.12058824 0.80166664 0.69230770
v -1.25761010 0.80166664 0.68051282
v -1.12058824 0.49333334 0.69230770
v -1.25761010 0.49333334 0.68051282
v 0.67941176 0.80166664 0.23076925
v 0.67941176 0.49333334 0.23076925
v 0.67941176 0.80166664 0.34615387
v 0.67941176 0.49333334 0.34615387
v -1.65000004 0.80166664 0.23076925
v -1.65000004 0.49333334 0.23076925
v -1.65000004 0.80166664 0.34615387
v -1.65000004 0.49333334 0.34615387
v 1.58317422 0.80166664 0.59092161
v 1.47352940 0.80166664 0.64593189
v 1.58317422 0.49333334 0.59092161
v 1.47352940 0.49333334 0.64593189
v 0.94411761 0.80166664 0.64593189
v 0.83447295 0.80166664 0.59092161
v 0.94411761 0.49333334 0.64593189
v 0.83447295 0.49333334 0.59092161
v -1.38529408 0.80166664 0.64593189
v -1.49493890 0.80166664 0.59092161
v -1.38529408 0.49333334 0.64593189
v -1.49493890 0.49333334 0.59092161
v 1.34584531 0.80166664 0.68051282
v 1.20882356 0.80166664 0.69230770
v 1.34584531 0.49333334 0.68051282
v 1.20882356 0.49333334 0.69230770
v 1.07180170 0.80166664 0.68051282
v 0.94411761 0.80166664 0.64593189
v 1.07180170 0.49333334 0.68051282
v 0.94411761 0.49333334 0.64593189
v -1.57907222 0.80166664 0.51923080
v -1.57907222 0.49333334 0.51923080
v -1.49493890 0.80166664 0.59092161
v -1.49493890 0.49333334 0.59092161
v -0.74623763 0.80166664 0.59092161
v -0.85588234 0.80166664 0.64593189
v -0.74623763 0.49333334 0.59092161
v -0.85588234 0.49333334 0.64593189
v 0.67941176 0.80166664 0.34615387
v 0.67941176 0.49333334 0.34615387
v 0.69745104 0.80166664 0.43574509
v 0.69745104 0.49333334 0.43574509
v -0.60921572 0.80166664 0.43574509
v -0.66210420 0.80166664 0.51923080
v -0.60921572 0.49333334 0.43574509
v -0.66210420 0.49333334 0.51923080
v -0.59117650 0.80166664 0.34615387
v -0.60921572 0.80166664 0.43574509
v -0.59117650 0.49333334 0.34615387
v -0.60921572 0.49333334 0.43574509
v -1.65000004 0.80166664 0.34615387
v -1.65000004 0.49333334 0.34615387
v -1.63196076 0.80166664 0.43574509
v -1.63196076 0.49333334 0.43574509
v -1.25761010 0.80166664 0.68051282
v -1.38529408 0.80166664 0.64593189
v -1.25761010 0.49333334 0.68051282
v -1.38529408 0.49333334 0.64593189
v 0.69745104 0.80166664 0.43574509
v 0.69745104 0.49333334 0.43574509
v 0.75033947 0.80166664 0.51923080
v 0.75033947 0.49333334 0.51923080
v 1.73823525 0.80166664 0.34615387
v 1.72019597 0.80166664 0.43574509
v 1.73823525 0.49333334 0.34615387
v 1.72019597 0.49333334 0.43574509
v 0.75033947 0.80166664 0.51923080
v 0.75033947 0.49333334 0.51923080
v 0.83447295 0.80166664 0.59092161
v 0.83447295 0.49333334 0.59092161
v 1.72019597 0.80166664 0.43574509
v 1.66730765 0.80166664 0.51923080
v 1.72019597 0.49333334 0.43574509
v 1.66730765 0.49333334 0.51923080
v -0.98356638 0.80166664 0.68051282
v -1.12058824 0.80166664 0.69230770
v -0.98356638 0.49333334 0.68051282
v -1.12058824 0.49333334 0.69230770
v 1.73823525 -0.80166664 0.23076925
v 1.73823525 -0.49333334 0.23076925
v 1.73823525 -0.80166664 0.34615387
v 1.73823525 -0.49333334 0.34615387
v 1.20882356 0.80166664 0.69230770
v 1.07180170 0.80166664 0.68051282
v 1.20882356 0.49333334 0.69230770
v 1.07180170 0.49333334 0.68051282
v 1.73823525 -0.80166664 0.34615387
v 1.73823525 -0.49333334 0.34615387
v 1.72019597 -0.80166664 0.43574509
v 1.72019597 -0.49333334 0.43574509
v 0.67941176 -0.49333334 0.23076925
v 0.67941176 -0.80166664 0.23076925
v 0.67941176 -0.49333334 0.34615387
v 0.67941176 -0.80166664 0.34615387
v 1.20882356 -0.49333334 0.69230770
v 1.07180170 -0.49333334 0.68051282
v 1.20882356 -0.80166664 0.69230770
v 1.07180170 -0.80166664 0.68051282
v 1.07180170 -0.49333334 0.68051282
v 0.94411761 -0.49333334 0.64593189
v 1.07180170 -0.80166664 0.68051282
v 0.94411761 -0.80166664 0.64593189
v 1.66730765 -0.80166664 0.51923080
v 1.66730765 -0.49333334 0.51923080
v 1.58317422 -0.80166664 0.59092161
v 1.58317422 -0.49333334 0.59092161
v 0.67941176 -0.49333334 0.34615387
v 0.67941176 -0.80166664 0.34615387
v 0.69745104 -0.49333334 0.43574509
v 0.69745104 -0.80166664 0.43574509
v 0.75033947 -0.49333334 0.51923080
v 0.75033947 -0.80166664 0.51923080
v 0.83447295 -0.49333334 0.59092161
v 0.83447295 -0.80166664 0.59092161
v 0.69745104 -0.49333334 0.43574509
v 0.69745104 -0.80166664 0.43574509
v 0.75033947 -0.49333334 0.51923080
v 0.75033947 -0.80166664 0.51923080
v 0.94411761 -0.49333334 0.64593189
v 0.83447295 -0.49333334 0.59092161
v 0.94411761 -0.80166664 0.64593189
v 0.83447295 -0.80166664 0.59092161
v 1.58317422 -0.49333334 0.59092161
v 1.47352940 -0.49333334 0.64593189
v 1.58317422 -0.80166664 0.59092161
v 1.47352940 -0.80166664 0.64593189
v 1.34584531 -0.49333334 0.68051282
v 1.20882356 -0.49333334 0.69230770
v 1.34584531 -0.80166664 0.68051282
v 1.20882356 -0.80166664 0.69230770
v 1.72019597 -0.80166664 0.43574509
v 1.72019597 -0.49333334 0.43574509
v 1.66730765 -0.80166664 0.51923080
v 1.66730765 -0.49333334 0.51923080
v 1.47352940 -0.49333334 0.64593189
v 1.34584531 -0.49333334 0.68051282
v 1.47352940 -0.80166664 0.64593189
v 1.34584531 -0.80166664 0.68051282
v 0.67941176 -0.49333334 0.23076925
v 0.67941176 -0.49333334 0.34615387
v 1.73823525 -0.49333334 0.23076925
v 0.69745104 -0.49333334 0.43574509
v 0.75033947 -0.49333334 0.51923080
v 0.83447295 -0.49333334 0.59092161
v 0.94411761 -0.49333334 0.64593189
v 1.07180170 -0.49333334 0.68051282
v 1.20882356 -0.49333334 0.69230770
v 1.34584531 -0.49333334 0.68051282
v 1.47352940 -0.49333334 0.64593189
v 1.58317422 -0.49333334 0.59092161
v 1.66730765 -0.49333334 0.51923080
v 1.72019597 -0.49333334 0.43574509
v 1.73823525 -0.49333334 0.34615387
v 0.67941176 0.49333334 0.34615387
v 0.67941176 0.49333334 0.23076925
v 0.69745104 0.49333334 0.43574509
v 1.73823525 0.49333334 0.23076925
v 0.75033947 0.49333334 0.51923080
v 0.83447295 0.49333334 0.59092161
v 0.94411761 0.49333334 0.64593189
v 1.07180170 0.49333334 0.68051282
v 1.20882356 0.49333334 0.69230770
v 1.34584531 0.49333334 0.68051282
v 1.47352940 0.49333334 0.64593189
v 1.58317422 0.49333334 0.59092161
v 1.66730765 0.49333334 0.51923080
v 1.72019597 0.49333334 0.43574509
v 1.73823525 0.49333334 0.34615387
v 1.73823525 0.49333334 0.23076925
v 1.73823525 0.80166664 0.23076925
v 1.73823525 0.49333334 0.34615387
v 1.73823525 0.80166664 0.34615387
v -1.65000004 0.49333334 0.34615387
v -1.65000004 0.49333334 0.23076925
v -1.63196076 0.49333334 0.43574509
v -0.59117650 0.49333334 0.23076925
v -1.57907222 0.49333334 0.51923080
v -1.49493890 0.49333334 0.59092161
v -1.38529408 0.49333334 0.64593189
v -1.25761010 0.49333334 0.68051282
v -1.12058824 0.49333334 0.69230770
v -0.98356638 0.49333334 0.68051282
v -0.85588234 0.49333334 0.64593189
v -0.74623763 0.49333334 0.59092161
v -0.66210420 0.49333334 0.51923080
v -0.60921572 0.49333334 0.43574509
v -0.59117650 0.49333334 0.34615387
v -1.65000004 -0.49333334 0.23076925
v -1.65000004 -0.49333334 0.34615387
v -0.59117650 -0.49333334 0.23076925
v -1.63196076 -0.49333334 0.43574509
v -1.57907222 -0.49333334 0.51923080
v -1.49493890 -0.49333334 0.59092161
v -1.38529408 -0.49333334 0.64593189
v -1.25761010 -0.49333334 0.68051282
v -1.12058824 -0.49333334 0.69230770
v -0.98356638 -0.49333334 0.68051282
v -0.85588234 -0.49333334 0.64593189
v -0.74623763 -0.49333334 0.59092161
v -0.66210420 -0.49333334 0.51923080
v -0.60921572 -0.49333334 0.43574509
v -0.59117650 -0.49333334 0.34615387
v -0.59117650 0.49333334 0.23076925
v -0.59117650 0.80166664 0.23076925
v -0.59117650 0.49333334 0.34615387
v -0.59117650 0.80166664 0.34615387
v -0.59117650 -0.80166664 0.34615387
v -0.59117650 -0.49333334 0.34615387
v -0.60921572 -0.80166664 0.43574509
v -0.60921572 -0.49333334 0.43574509
v -1.65000004 -0.49333334 0.23076925
v -1.65000004 -0.80166664 0.23076925
v -1.65000004 -0.49333334 0.34615387
v -1.65000004 -0.80166664 0.34615387
v -1.12058824 -0.49333334 0.69230770
v -1.25761010 -0.49333334 0.68051282
v -1.12058824 -0.80166664 0.69230770
v -1.25761010 -0.80166664 0.68051282
v -1.25761010 -0.49333334 0.68051282
v -1.38529408 -0.49333334 0.64593189
v -1.25761010 -0.80166664 0.68051282
v -1.38529408 -0.80166664 0.64593189
v -0.66210420 -0.49333334 0.51923080
v -0.74623763 -0.49333334 0.59092161
v -0.66210420 -0.80166664 0.51923080
v -0.74623763 -0.80166664 0.59092161
v -1.65000004 -0.49333334 0.34615387
v -1.65000004 -0.80166664 0.34615387
v -1.63196076 -0.49333334 0.43574509
v -1.63196076 -0.80166664 0.43574509
v -1.57907222 -0.49333334 0.51923080
v -1.57907222 -0.80166664 0.51923080
v -1.49493890 -0.49333334 0.59092161
v -1.49493890 -0.80166664 0.59092161
v -1.63196076 -0.49333334 0.43574509
v -1.63196076 -0.80166664 0.43574509
v -1.57907222 -0.49333334 0.51923080
v -1.57907222 -0.80166664 0.51923080
v -0.74623763 -0.49333334 0.59092161
v -0.85588234 -0.49333334 0.64593189
v -0.74623763 -0.80166664 0.59092161
v -0.85588234 -0.80166664 0.64593189
v -0.98356638 -0.49333334 0.68051282
v -1.12058824 -0.49333334 0.69230770
v -0.98356638 -0.80166664 0.68051282
v -1.12058824 -0.80166664 0.69230770
v -1.38529408 -0.49333334 0.64593189
v -1.49493890 -0.49333334 0.59092161
v -1.38529408 -0.80166664 0.64593189
v -1.49493890 -0.80166664 0.59092161
v -0.60921572 -0.80166664 0.43574509
v -0.60921572 -0.49333334 0.43574509
v -0.66210420 -0.80166664 0.51923080
v -0.66210420 -0.49333334 0.51923080
v -0.85588234 -0.49333334 0.64593189
v -0.98356638 -0.49333334 0.68051282
v -0.85588234 -0.80166664 0.64593189
v -0.98356638 -0.80166664 0.68051282
v 0.79041567 0.92500000 0.80769234
v 0.79041567 0.67833335 0.80769234
v 0.79041567 0.92500000 0.92307692
v 0.79041567 0.67833335 0.92307692
v 0.61394509 0.92500000 0.92307692
v 0.79041567 0.92500000 0.92307692
v 0.61394509 0.67833335 0.92307692
v 0.79041567 0.67833335 0.92307692
v 2.07352937 -0.67833335 0.69230770
v 2.07352937 -0.67833335 0.57692309
v 1.89705873 -0.67833335 0.69230770
v 1.79808227 -0.67833335 0.57692309
v 1.89705873 -0.67833335 0.82692309
v 1.69547947 -0.67833335 0.66435189
v 1.55294109 -0.67833335 0.73586533
v 1.38695190 -0.67833335 0.78082046
v 1.20882356 -0.67833335 0.79615382
v 1.01470588 -0.67833335 0.92307692
v 1.03069511 -0.67833335 0.78082046
v 0.86470586 -0.67833335 0.73586533
v 0.79041567 -0.67833335 0.92307692
v 0.79041567 -0.67833335 0.80769234
v 0.72216770 -0.67833335 0.66435189
v 0.61956484 -0.67833335 0.57692309
v 0.61394509 -0.67833335 0.80769234
v -0.20334470 -0.67833335 0.92307692
v 0.61394509 -0.67833335 0.92307692
v -0.53132952 -0.67833335 0.57692309
v -0.63393243 -0.67833335 0.66435189
v -0.77647055 -0.67833335 0.73586533
v -0.94245979 -0.67833335 0.78082046
v -1.12058824 -0.67833335 0.79615382
v -1.27941173 -0.67833335 0.92307692
v -1.29871669 -0.67833335 0.78082046
v -1.46470588 -0.67833335 0.73586533
v -1.60724404 -0.67833335 0.66435189
v -1.98529415 -0.67833335 0.57692309
v -1.70984696 -0.67833335 0.57692309
v -2.16176479 -0.67833335 0.80769234
v -2.16176479 -0.67833335 0.69230770
v -2.16176479 -0.67833335 0.57692309
v 0.79041567 0.92500000 0.80769234
v 0.61394509 0.92500000 0.80769234
v 0.79041567 0.67833335 0.80769234
v 0.61394509 0.67833335 0.80769234
v -2.16176479 0.67833335 0.80769234
v -1.27941173 0.67833335 0.92307692
v -2.16176479 0.33916667 0.80769234
v -1.27941173 -0.67833335 0.92307692
v -2.16176479 -0.33916667 0.80769234
v -2.16176479 -0.67833335 0.80769234
v 1.01470588 0.67833335 0.92307692
v 1.01470588 0.55350496 0.92307692
v 0.30882353 0.55499999 1.50000000
v 0.41906385 0.44943306 1.40989978
v 0.41906385 -0.44943306 1.40989978
v 0.30882353 -0.55499999 1.50000000
v 1.01470588 -0.67833335 0.92307692
v 1.01470588 -0.55350496 0.92307692
v 0.79041567 -0.67833335 0.80769234
v 0.61394509 -0.67833335 0.80769234
v 0.79041567 -0.92500000 0.80769234
v 0.61394509 -0.92500000 0.80769234
v 1.01470588 0.67833335 0.92307692
v 1.89705873 0.67833335 0.82692309
v 1.01470588 0.55350496 0.92307692
v 2.07352937 0.67833335 0.80769234
v 2.07352937 0.33916667 0.80769234
v 1.01470588 -0.55350496 0.92307692
v 2.07352937 -0.33916667 0.80769234
v 2.07352937 -0.67833335 0.80769234
v 1.01470588 -0.67833335 0.92307692
v 1.89705873 -0.67833335 0.82692309
v 0.61394509 -0.67833335 0.92307692
v 0.79041567 -0.67833335 0.92307692
v 0.61394509 -0.92500000 0.92307692
v 0.79041567 -0.92500000 0.92307692
v -2.16176479 0.33916667 0.80769234
v -2.16176479 -0.33916667 0.80769234
v -2.16176479 0.33916667 0.69230770
v -2.16176479 -0.33916667 0.69230770
v -2.16176479 0.67833335 0.69230770
v -2.16176479 -0.67833335 0.69230770
v -2.16176479 0.67833335 0.57692309
v -2.16176479 -0.67833335 0.57692309
v 0.79041567 -0.67833335 0.80769234
v 0.79041567 -0.92500000 0.80769234
v 0.79041567 -0.67833335 0.92307692
v 0.79041567 -0.92500000 0.92307692
v 0.61394509 -0.92500000 0.80769234
v 0.61394509 -0.92500000 0.92307692
v 0.79041567 -0.92500000 0.80769234
v 0.79041567 -0.92500000 0.92307692
v 0.61394509 0.92500000 0.92307692
v 0.61394509 0.92500000 0.80769234
v 0.79041567 0.92500000 0.92307692
v 0.79041567 0.92500000 0.80769234
v 0.79041567 0.67833335 0.92307692
v 0.79041567 0.67833335 0.80769234
v 1.01470588 0.67833335 0.92307692
v 0.86470586 0.67833335 0.73586533
v 1.03069511 0.67833335 0.78082046
v 0.72216770 0.67833335 0.66435189
v 1.20882356 0.67833335 0.79615382
v 0.61956484 0.67833335 0.57692309
v 1.89705873 0.67833335 0.82692309
v 1.38695190 0.67833335 0.78082046
v 1.55294109 0.67833335 0.73586533
v 1.69547947 0.67833335 0.66435189
v 1.79808227 0.67833335 0.57692309
v 1.89705873 0.67833335 0.69230770
v 2.07352937 0.67833335 0.57692309
v 2.07352937 0.67833335 0.69230770
v 0.61394509 0.67833335 0.80769234
v -0.20334470 0.67833335 0.92307692
v 0.61394509 0.67833335 0.92307692
v -0.53132952 0.67833335 0.57692309
v -0.63393243 0.67833335 0.66435189
v -0.77647055 0.67833335 0.73586533
v -0.94245979 0.67833335 0.78082046
v -1.12058824 0.67833335 0.79615382
v -1.27941173 0.67833335 0.92307692
v -1.29871669 0.67833335 0.78082046
v -1.46470588 0.67833335 0.73586533
v -1.60724404 0.67833335 0.66435189
v -1.98529415 0.67833335 0.57692309
v -1.70984696 0.67833335 0.57692309
v -2.16176479 0.67833335 0.57692309
v -2.16176479 0.67833335 0.69230770
v -2.16176479 0.67833335 0.80769234
v -0.83143832 0.55499999 1.50000000
v 0.30882353 0.55499999 1.50000000
v -0.83143832 -0.55499999 1.50000000
v 0.30882353 -0.55499999 1.50000000
v -0.96176475 0.56733334 1.44230775
v -0.83143832 0.55499999 1.50000000
v -0.96176475 -0.56733334 1.44230775
v -0.83143832 -0.55499999 1.50000000
v 1.01470588 0.67833335 0.92307692
v 0.30882353 0.55499999 1.50000000
v 0.79041567 0.67833335 0.92307692
v 0.22296825 0.57918762 1.38685603
v -0.20334470 0.57918762 1.38685603
v -0.83143832 0.55499999 1.50000000
v -0.20334470 0.67833335 0.92307692
v -0.96176475 0.56733334 1.44230775
v -1.27941173 0.67833335 0.92307692
v -1.27941173 -0.67833335 0.92307692
v -0.96176475 -0.56733334 1.44230775
v -0.20334470 -0.67833335 0.92307692
v -0.83143832 -0.55499999 1.50000000
v -0.20334470 -0.57918762 1.38685603
v 0.30882353 -0.55499999 1.50000000
v 0.22296825 -0.57918762 1.38685603
v 0.79041567 -0.67833335 0.92307692
v 1.01470588 -0.67833335 0.92307692
v 2.07352937 -0.33916667 0.80769234
v 2.07352937 0.33916667 0.80769234
v 2.07352937 -0.33916667 0.69230770
v 2.07352937 0.33916667 0.69230770
v 2.07352937 -0.67833335 0.69230770
v 2.07352937 0.67833335 0.69230770
v 2.07352937 -0.67833335 0.57692309
v 2.07352937 0.67833335 0.57692309
v -1.27941173 0.67833335 0.92307692
v -1.21387221 -0.52998919 1.03020889
v -1.27941173 -0.67833335 0.92307692
v -0.96176475 -0.56733334 1.44230775
v -1.21387221 0.52998919 1.03020889
v -0.99201018 -0.45246067 1.39286803
v -0.96176475 0.56733334 1.44230775
v -0.99201018 0.45246067 1.39286803
v 0.61394509 0.67833335 0.80769234
v 0.61394509 0.92500000 0.80769234
v 0.61394509 0.67833335 0.92307692
v 0.61394509 0.92500000 0.92307692
v 0.61394509 -0.92500000 0.80769234
v 0.61394509 -0.67833335 0.80769234
v 0.61394509 -0.92500000 0.92307692
v 0.61394509 -0.67833335 0.92307692
v -2.25000000 -0.15416667 0.17307694
v -2.25000000 0.15416667 0.17307694
v -2.25000000 -0.21583333 0.23076925
v -2.25000000 0.21583333 0.23076925
v -2.25000000 -0.21583333 0.31730771
v -2.25000000 0.21583333 0.31730771
v -2.25000000 -0.15416667 0.37500001
v -2.25000000 0.15416667 0.37500001
v 2.25000000 0.15416667 0.17307694
v 2.25000000 -0.15416667 0.17307694
v 2.25000000 0.21583333 0.23076925
v 2.25000000 -0.21583333 0.23076925
v 2.25000000 0.21583333 0.31730771
v 2.25000000 -0.21583333 0.31730771
v 2.25000000 0.15416667 0.37500001
v 2.25000000 -0.15416667 0.37500001
v 2.07352937 -0.33916667 0.69230770
v 2.07352937 -0.67833335 0.69230770
v 2.07352937 -0.33916667 0.80769234
v 2.07352937 -0.67833335 0.80769234
v 2.07352937 0.67833335 0.69230770
v 2.07352937 0.33916667 0.69230770
v 2.07352937 0.67833335 0.80769234
v 2.07352937 0.33916667 0.80769234
v 1.89705894 0.67833335 0.82692309
v 1.89705894 0.67833335 0.69230770
v 2.07352937 0.67833335 0.80769234
v 2.07352937 0.67833335 0.69230770
v 1.89705894 -0.67833335 0.69230770
v 1.89705894 -0.67833335 0.82692309
v 2.07352937 -0.67833335 0.69230770
v 2.07352937 -0.67833335 0.80769234
v -1.21387242 -0.52998919 1.03020882
v -1.21387242 0.52998919 1.03020882
v -0.99201039 -0.45246067 1.39286803
v -0.99201039 0.45246067 1.39286803
v 1.01470567 0.55350496 0.92307692
v 1.01470567 -0.55350496 0.92307692
v 0.41906361 0.44943306 1.40989965
v 0.41906361 -0.44943306 1.40989965
v -0.20334490 0.57918762 1.38685603
v -0.20334490 0.67833335 0.92307692
v 0.22296804 0.57918762 1.38685603
v 0.61394488 0.67833335 0.92307692
v 0.79041546 0.67833335 0.92307692
v -0.20334490 -0.67833335 0.92307692
v -0.20334490 -0.57918762 1.38685603
v 0.61394488 -0.67833335 0.92307692
v 0.22296804 -0.57918762 1.38685603
v 0.79041546 -0.67833335 0.92307692
v -2.16176458 -0.67833335 0.69230770
v -2.16176458 -0.33916667 0.69230770
v -2.16176458 -0.67833335 0.80769234
v -2.16176458 -0.33916667 0.80769234
v -2.16176458 0.33916667 0.69230770
v -2.16176458 0.67833335 0.69230770
v -2.16176458 0.33916667 0.80769234
v -2.16176458 0.67833335 0.80769234
v 0.94411760 -0.43166667 0.64593188
v 0.94411760 -0.61666667 0.64593188
v 0.83447283 -0.43166667 0.59092160
v 0.83447283 -0.61666667 0.59092160
v 0.75882349 -0.74000001 0.34615386
v 0.67941170 -0.61666667 0.34615386
v 0.77415687 -0.74000001 0.42230639
v 0.69745097 -0.61666667 0.43574507
v 1.58317415 -0.61666667 0.10138613
v 1.52702153 -0.74000001 0.13810130
v 1.66730753 -0.61666667 0.17307693
v 1.59853493 -0.74000001 0.19903848
v 0.81911206 -0.74000001 0.49326925
v 0.75033946 -0.61666667 0.51923079
v 0.89062546 -0.74000001 0.55420642
v 0.83447283 -0.61666667 0.59092160
v 1.58317415 -0.43166667 0.10138613
v 1.58317415 -0.61666667 0.10138613
v 1.66730753 -0.43166667 0.17307693
v 1.66730753 -0.61666667 0.17307693
v 1.72019601 -0.43166667 0.25656266
v 1.72019601 -0.61666667 0.25656266
v 1.73823529 -0.43166667 0.34615386
v 1.73823529 -0.61666667 0.34615386
v 0.94411760 -0.61666667 0.64593188
v 0.98382349 -0.74000001 0.60096518
v 0.83447283 -0.61666667 0.59092160
v 0.89062546 -0.74000001 0.55420642
v 0.94411760 -0.61666667 0.04637584
v 0.83447283 -0.61666667 0.10138613
v 0.98382349 -0.74000001 0.09134254
v 0.89062546 -0.74000001 0.13810130
v 1.58317415 -0.61666667 0.10138613
v 1.47352939 -0.61666667 0.04637584
v 1.52702153 -0.74000001 0.13810130
v 1.43382349 -0.74000001 0.09134254
v 1.47352939 -0.61666667 0.64593188
v 1.43382349 -0.74000001 0.60096518
v 1.34584534 -0.61666667 0.68051282
v 1.32529206 -0.74000001 0.63035896
v 1.58317415 -0.61666667 0.59092160
v 1.52702153 -0.74000001 0.55420642
v 1.47352939 -0.61666667 0.64593188
v 1.43382349 -0.74000001 0.60096518
v 1.66730753 -0.61666667 0.17307693
v 1.59853493 -0.74000001 0.19903848
v 1.72019601 -0.61666667 0.25656266
v 1.64349012 -0.74000001 0.27000134
v 1.72019601 -0.43166667 0.43574507
v 1.72019601 -0.61666667 0.43574507
v 1.66730753 -0.43166667 0.51923079
v 1.66730753 -0.61666667 0.51923079
v 1.07180165 -0.61666667 0.68051282
v 1.09235493 -0.74000001 0.63035896
v 0.94411760 -0.61666667 0.64593188
v 0.98382349 -0.74000001 0.60096518
v 0.83447283 -0.61666667 0.10138613
v 0.83447283 -0.43166667 0.10138613
v 0.75033946 -0.61666667 0.17307693
v 0.75033946 -0.43166667 0.17307693
v 1.66730753 -0.43166667 0.51923079
v 1.66730753 -0.61666667 0.51923079
v 1.58317415 -0.43166667 0.59092160
v 1.58317415 -0.61666667 0.59092160
v 1.34584534 -0.43166667 0.01179491
v 1.20882349 -0.43166667 0.00000000
v 1.34584534 -0.61666667 0.01179491
v 1.20882349 -0.61666667 0.00000000
v 1.20882349 -0.43166667 0.69230773
v 1.20882349 -0.61666667 0.69230773
v 1.07180165 -0.43166667 0.68051282
v 1.07180165 -0.61666667 0.68051282
v 0.75033946 -0.61666667 0.17307693
v 0.75033946 -0.43166667 0.17307693
v 0.69745097 -0.61666667 0.25656266
v 0.69745097 -0.43166667 0.25656266
v 1.72019601 -0.61666667 0.25656266
v 1.64349012 -0.74000001 0.27000134
v 1.73823529 -0.61666667 0.34615386
v 1.65882349 -0.74000001 0.34615386
v 0.94411760 -0.43166667 0.04637584
v 0.83447283 -0.43166667 0.10138613
v 0.94411760 -0.61666667 0.04637584
v 0.83447283 -0.61666667 0.10138613
v 1.07180165 -0.43166667 0.01179491
v 0.94411760 -0.43166667 0.04637584
v 1.07180165 -0.61666667 0.01179491
v 0.94411760 -0.61666667 0.04637584
v 1.66730753 -0.43166667 0.17307693
v 1.66730753 -0.61666667 0.17307693
v 1.72019601 -0.43166667 0.25656266
v 1.72019601 -0.61666667 0.25656266
v 1.20882349 -0.43166667 0.00000000
v 1.07180165 -0.43166667 0.01179491
v 1.20882349 -0.61666667 0.00000000
v 1.07180165 -0.61666667 0.01179491
v 1.59853493 -0.74000001 0.49326925
v 1.52702153 -0.74000001 0.55420642
v 1.66730753 -0.61666667 0.51923079
v 1.58317415 -0.61666667 0.59092160
v 1.58317415 -0.43166667 0.10138613
v 1.47352939 -0.43166667 0.04637584
v 1.58317415 -0.61666667 0.10138613
v 1.47352939 -0.61666667 0.04637584
v 1.07180165 -0.43166667 0.68051282
v 1.07180165 -0.61666667 0.68051282
v 0.94411760 -0.43166667 0.64593188
v 0.94411760 -0.61666667 0.64593188
v 1.34584534 -0.61666667 0.68051282
v 1.32529206 -0.74000001 0.63035896
v 1.20882349 -0.61666667 0.69230773
v 1.20882349 -0.74000001 0.64038463
v 1.64349012 -0.74000001 0.42230639
v 1.59853493 -0.74000001 0.49326925
v 1.72019601 -0.61666667 0.43574507
v 1.66730753 -0.61666667 0.51923079
v 1.20882349 -0.61666667 0.69230773
v 1.20882349 -0.74000001 0.64038463
v 1.07180165 -0.61666667 0.68051282
v 1.09235493 -0.74000001 0.63035896
v 0.75033946 -0.61666667 0.51923079
v 0.75033946 -0.43166667 0.51923079
v 0.83447283 -0.61666667 0.59092160
v 0.83447283 -0.43166667 0.59092160
v 1.73823529 -0.43166667 0.34615386
v 1.73823529 -0.61666667 0.34615386
v 1.72019601 -0.43166667 0.43574507
v 1.72019601 -0.61666667 0.43574507
v 0.77415687 -0.74000001 0.42230639
v 0.69745097 -0.61666667 0.43574507
v 0.81911206 -0.74000001 0.49326925
v 0.75033946 -0.61666667 0.51923079
v 1.73823529 -0.61666667 0.34615386
v 1.65882349 -0.74000001 0.34615386
v 1.72019601 -0.61666667 0.43574507
v 1.64349012 -0.74000001 0.42230639
v 1.58317415 -0.43166667 0.59092160
v 1.58317415 -0.61666667 0.59092160
v 1.47352939 -0.43166667 0.64593188
v 1.47352939 -0.61666667 0.64593188
v 0.67941170 -0.61666667 0.34615386
v 0.67941170 -0.43166667 0.34615386
v 0.69745097 -0.61666667 0.43574507
v 0.69745097 -0.43166667 0.43574507
v 1.07180165 -0.61666667 0.01179491
v 0.94411760 -0.61666667 0.04637584
v 1.09235493 -0.74000001 0.06194876
v 0.98382349 -0.74000001 0.09134254
v 0.83447283 -0.61666667 0.10138613
v 0.75033946 -0.61666667 0.17307693
v 0.89062546 -0.74000001 0.13810130
v 0.81911206 -0.74000001 0.19903848
v 1.09235493 -0.30833333 0.63035896
v 1.07180165 -0.43166667 0.68051282
v 0.98382349 -0.30833333 0.60096518
v 0.94411760 -0.43166667 0.64593188
v 1.47352939 -0.61666667 0.04637584
v 1.34584534 -0.61666667 0.01179491
v 1.43382349 -0.74000001 0.09134254
v 1.32529206 -0.74000001 0.06194876
v 0.69745097 -0.61666667 0.43574507
v 0.69745097 -0.43166667 0.43574507
v 0.75033946 -0.61666667 0.51923079
v 0.75033946 -0.43166667 0.51923079
v 0.69745097 -0.61666667 0.25656266
v 0.69745097 -0.43166667 0.25656266
v 0.67941170 -0.61666667 0.34615386
v 0.67941170 -0.43166667 0.34615386
v 0.69745097 -0.61666667 0.25656266
v 0.67941170 -0.61666667 0.34615386
v 0.77415687 -0.74000001 0.27000134
v 0.75882349 -0.74000001 0.34615386
v 1.20882349 -0.61666667 0.00000000
v 1.07180165 -0.61666667 0.01179491
v 1.20882349 -0.74000001 0.05192310
v 1.09235493 -0.74000001 0.06194876
v 1.34584534 -0.61666667 0.01179491
v 1.20882349 -0.61666667 0.00000000
v 1.32529206 -0.74000001 0.06194876
v 1.20882349 -0.74000001 0.05192310
v 1.47352939 -0.43166667 0.64593188
v 1.47352939 -0.61666667 0.64593188
v 1.34584534 -0.43166667 0.68051282
v 1.34584534 -0.61666667 0.68051282
v 1.47352939 -0.43166667 0.04637584
v 1.34584534 -0.43166667 0.01179491
v 1.47352939 -0.61666667 0.04637584
v 1.34584534 -0.61666667 0.01179491
v 0.75033946 -0.61666667 0.17307693
v 0.69745097 -0.61666667 0.25656266
v 0.81911206 -0.74000001 0.19903848
v 0.77415687 -0.74000001 0.27000134
v 1.34584534 -0.43166667 0.68051282
v 1.34584534 -0.61666667 0.68051282
v 1.20882349 -0.43166667 0.69230773
v 1.20882349 -0.61666667 0.69230773
v 1.52702153 -0.30833333 0.55420642
v 1.58317415 -0.43166667 0.59092160
v 1.43382349 -0.30833333 0.60096518
v 1.47352939 -0.43166667 0.64593188
v 1.43382349 -0.30833333 0.09134254
v 1.32529206 -0.30833333 0.06194876
v 1.47352939 -0.43166667 0.04637584
v 1.34584534 -0.43166667 0.01179491
v 1.32529206 -0.30833333 0.63035896
v 1.34584534 -0.43166667 0.68051282
v 1.20882349 -0.30833333 0.64038463
v 1.20882349 -0.43166667 0.69230773
v 1.43382349 -0.30833333 0.60096518
v 1.47352939 -0.43166667 0.64593188
v 1.32529206 -0.30833333 0.63035896
v 1.34584534 -0.43166667 0.68051282
v 0.77415687 -0.30833333 0.42230639
v 0.81911206 -0.30833333 0.49326925
v 0.69745097 -0.43166667 0.43574507
v 0.75033946 -0.43166667 0.51923079
v 1.65882349 -0.30833333 0.34615386
v 1.73823529 -0.43166667 0.34615386
v 1.64349012 -0.30833333 0.42230639
v 1.72019601 -0.43166667 0.43574507
v 1.66730753 -0.43166667 0.17307693
v 1.72019601 -0.43166667 0.25656266
v 1.59853493 -0.30833333 0.19903848
v 1.64349012 -0.30833333 0.27000134
v 1.59853493 -0.30833333 0.49326925
v 1.66730753 -0.43166667 0.51923079
v 1.52702153 -0.30833333 0.55420642
v 1.58317415 -0.43166667 0.59092160
v 1.52702153 -0.30833333 0.13810130
v 1.43382349 -0.30833333 0.09134254
v 1.58317415 -0.43166667 0.10138613
v 1.47352939 -0.43166667 0.04637584
v 1.32529206 -0.30833333 0.06194876
v 1.20882349 -0.30833333 0.05192310
v 1.34584534 -0.43166667 0.01179491
v 1.20882349 -0.43166667 0.00000000
v 1.72019601 -0.43166667 0.25656266
v 1.73823529 -0.43166667 0.34615386
v 1.64349012 -0.30833333 0.27000134
v 1.65882349 -0.30833333 0.34615386
v 1.58317415 -0.43166667 0.10138613
v 1.66730753 -0.43166667 0.17307693
v 1.52702153 -0.30833333 0.13810130
v 1.59853493 -0.30833333 0.19903848
v 0.81911206 -0.30833333 0.49326925
v 0.89062546 -0.30833333 0.55420642
v 0.75033946 -0.43166667 0.51923079
v 0.83447283 -0.43166667 0.59092160
v 0.83447283 -0.43166667 0.10138613
v 0.89062546 -0.30833333 0.13810130
v 0.75033946 -0.43166667 0.17307693
v 0.81911206 -0.30833333 0.19903848
v 0.69745097 -0.43166667 0.25656266
v 0.77415687 -0.30833333 0.27000134
v 0.67941170 -0.43166667 0.34615386
v 0.75882349 -0.30833333 0.34615386
v 1.20882349 -0.30833333 0.05192310
v 1.09235493 -0.30833333 0.06194876
v 1.20882349 -0.43166667 0.00000000
v 1.07180165 -0.43166667 0.01179491
v 0.98382349 -0.30833333 0.60096518
v 0.94411760 -0.43166667 0.64593188
v 0.89062546 -0.30833333 0.55420642
v 0.83447283 -0.43166667 0.59092160
v 1.20882349 -0.30833333 0.64038463
v 1.20882349 -0.43166667 0.69230773
v 1.09235493 -0.30833333 0.63035896
v 1.07180165 -0.43166667 0.68051282
v 0.75033946 -0.43166667 0.17307693
v 0.81911206 -0.30833333 0.19903848
v 0.69745097 -0.43166667 0.25656266
v 0.77415687 -0.30833333 0.27000134
v 0.98382349 -0.30833333 0.09134254
v 0.89062546 -0.30833333 0.13810130
v 0.94411760 -0.43166667 0.04637584
v 0.83447283 -0.43166667 0.10138613
v 0.67941170 -0.43166667 0.34615386
v 0.75882349 -0.30833333 0.34615386
v 0.69745097 -0.43166667 0.43574507
v 0.77415687 -0.30833333 0.42230639
v 0.75882349 -0.30833333 0.34615386
v 0.77415687 -0.30833333 0.27000134
v 0.77415687 -0.30833333 0.42230639
v 0.81911206 -0.30833333 0.19903848
v 0.81911206 -0.30833333 0.49326925
v 0.89062546 -0.30833333 0.55420642
v 0.89062546 -0.30833333 0.13810130
v 0.98382349 -0.30833333 0.60096518
v 0.98382349 -0.30833333 0.09134254
v 1.09235493 -0.30833333 0.63035896
v 1.09235493 -0.30833333 0.06194876
v 1.20882349 -0.30833333 0.64038463
v 1.20882349 -0.30833333 0.05192310
v 1.32529206 -0.30833333 0.63035896
v 1.32529206 -0.30833333 0.06194876
v 1.43382349 -0.30833333 0.60096518
v 1.43382349 -0.30833333 0.09134254
v 1.52702153 -0.30833333 0.55420642
v 1.52702153 -0.30833333 0.13810130
v 1.59853493 -0.30833333 0.49326925
v 1.59853493 -0.30833333 0.19903848
v 1.64349012 -0.30833333 0.42230639
v 1.64349012 -0.30833333 0.27000134
v 1.65882349 -0.30833333 0.34615386
v 1.09235493 -0.30833333 0.06194876
v 0.98382349 -0.30833333 0.09134254
v 1.07180165 -0.43166667 0.01179491
v 0.94411760 -0.43166667 0.04637584
v 1.64349012 -0.30833333 0.42230639
v 1.72019601 -0.43166667 0.43574507
v 1.59853493 -0.30833333 0.49326925
v 1.66730753 -0.43166667 0.51923079
v 0.75882349 -0.74000001 0.34615386
v 0.77415687 -0.74000001 0.42230639
v 0.77415687 -0.74000001 0.27000134
v 0.81911206 -0.74000001 0.19903848
v 0.81911206 -0.74000001 0.49326925
v 0.89062546 -0.74000001 0.13810130
v 0.88876195 -0.74000001 0.34615386
v 0.89062546 -0.74000001 0.55420642
v 0.89966779 -0.74000001 0.29199054
v 0.89966779 -0.74000001 0.40031718
v 0.98382349 -0.74000001 0.09134254
v 0.98382349 -0.74000001 0.60096518
v 0.93164206 -0.74000001 0.24151836
v 0.98250579 -0.74000001 0.19817691
v 1.04879272 -0.74000001 0.16491985
v 1.09235493 -0.74000001 0.06194876
v 1.12598547 -0.74000001 0.14401360
v 1.20882349 -0.74000001 0.05192310
v 1.20882349 -0.74000001 0.13688286
v 0.93164206 -0.74000001 0.45078937
v 0.98250579 -0.74000001 0.49413082
v 1.04879272 -0.74000001 0.52738787
v 1.09235493 -0.74000001 0.63035896
v 1.12598547 -0.74000001 0.54829413
v 1.32529206 -0.74000001 0.06194876
v 1.29166152 -0.74000001 0.14401360
v 1.36885426 -0.74000001 0.16491985
v 1.43382349 -0.74000001 0.09134254
v 1.43514119 -0.74000001 0.19817691
v 1.20882349 -0.74000001 0.64038463
v 1.20882349 -0.74000001 0.55542487
v 1.29166152 -0.74000001 0.54829413
v 1.32529206 -0.74000001 0.63035896
v 1.36885426 -0.74000001 0.52738787
v 1.43382349 -0.74000001 0.60096518
v 1.43514119 -0.74000001 0.49413082
v 1.52702153 -0.74000001 0.13810130
v 1.52702153 -0.74000001 0.55420642
v 1.48600492 -0.74000001 0.24151836
v 1.51797920 -0.74000001 0.29199054
v 1.48600492 -0.74000001 0.45078937
v 1.51797920 -0.74000001 0.40031718
v 1.52888503 -0.74000001 0.34615386
v 1.59853493 -0.74000001 0.19903848
v 1.59853493 -0.74000001 0.49326925
v 1.64349012 -0.74000001 0.27000134
v 1.64349012 -0.74000001 0.42230639
v 1.65882349 -0.74000001 0.34615386
v 1.52888503 -0.73999994 0.34615386
v 1.51797920 -0.73999994 0.29199054
v 1.51797920 -0.73999994 0.40031719
v 1.48600492 -0.73999994 0.45078938
v 1.48600492 -0.73999994 0.24151836
v 1.43514119 -0.73999994 0.49413082
v 1.43514119 -0.73999994 0.19817691
v 1.42143169 -0.73999994 0.34615386
v 1.41418724 -0.73999994 0.38213310
v 1.41418724 -0.73999994 0.31017464
v 1.36885426 -0.73999994 0.52738787
v 1.39294757 -0.73999994 0.41566040
v 1.35916018 -0.73999994 0.44445094
v 1.36885426 -0.73999994 0.16491985
v 1.39294757 -0.73999994 0.27664735
v 1.35916018 -0.73999994 0.24785680
v 1.29166152 -0.73999994 0.54829411
v 1.31512759 -0.73999994 0.46654268
v 1.26385054 -0.73999994 0.48043013
v 1.20882349 -0.73999994 0.55542487
v 1.20882349 -0.73999994 0.48516691
v 1.29166152 -0.73999994 0.14401360
v 1.31512759 -0.73999994 0.22576503
v 1.26385054 -0.73999994 0.21187757
v 1.12598547 -0.73999994 0.54829411
v 1.15379645 -0.73999994 0.48043013
v 1.10251940 -0.73999994 0.46654268
v 1.20882349 -0.73999994 0.13688286
v 1.20882349 -0.73999994 0.20714081
v 1.15379645 -0.73999994 0.21187757
v 1.12598547 -0.73999994 0.14401360
v 1.10251940 -0.73999994 0.22576503
v 1.04879272 -0.73999994 0.52738787
v 1.05848681 -0.73999994 0.44445094
v 1.02469941 -0.73999994 0.41566040
v 1.04879272 -0.73999994 0.16491985
v 1.05848681 -0.73999994 0.24785680
v 1.02469941 -0.73999994 0.27664735
v 0.98250579 -0.73999994 0.49413082
v 0.98250579 -0.73999994 0.19817691
v 1.00345975 -0.73999994 0.38213310
v 1.00345975 -0.73999994 0.31017464
v 0.99621530 -0.73999994 0.34615386
v 0.93164206 -0.73999994 0.45078938
v 0.93164206 -0.73999994 0.24151836
v 0.89966779 -0.73999994 0.40031719
v 0.89966779 -0.73999994 0.29199054
v 0.88876195 -0.73999994 0.34615386
v 1.25009378 -0.67833344 0.44686108
v 1.20882349 -0.67833344 0.45041365
v 1.26385054 -0.74000012 0.48043015
v 1.20882349 -0.74000012 0.48516691
v 1.25009378 -0.67833344 0.24544665
v 1.28855157 -0.67833344 0.25586224
v 1.26385054 -0.74000012 0.21187757
v 1.31512759 -0.74000012 0.22576503
v 1.09607097 -0.67833344 0.27243106
v 1.12909542 -0.67833344 0.25586224
v 1.05848681 -0.74000012 0.24785679
v 1.10251940 -0.74000012 0.22576503
v 1.41418724 -0.74000012 0.31017463
v 1.36284630 -0.67833344 0.31916945
v 1.42143169 -0.74000012 0.34615386
v 1.36827964 -0.67833344 0.34615386
v 1.25009378 -0.67833344 0.24544665
v 1.26385054 -0.74000012 0.21187757
v 1.20882349 -0.67833344 0.24189408
v 1.20882349 -0.74000012 0.20714081
v 1.05480069 -0.67833344 0.37313828
v 1.00345975 -0.74000012 0.38213308
v 1.07073042 -0.67833344 0.39828375
v 1.02469941 -0.74000012 0.41566039
v 1.36827964 -0.67833344 0.34615386
v 1.36284630 -0.67833344 0.37313828
v 1.42143169 -0.74000012 0.34615386
v 1.41418724 -0.74000012 0.38213308
v 1.28855157 -0.67833344 0.25586224
v 1.32157602 -0.67833344 0.27243106
v 1.31512759 -0.74000012 0.22576503
v 1.35916018 -0.74000012 0.24785679
v 1.04936735 -0.67833344 0.34615386
v 0.99621530 -0.74000012 0.34615386
v 1.05480069 -0.67833344 0.37313828
v 1.00345975 -0.74000012 0.38213308
v 1.16755320 -0.67833344 0.24544665
v 1.20882349 -0.67833344 0.24189408
v 1.15379645 -0.74000012 0.21187757
v 1.20882349 -0.74000012 0.20714081
v 1.02469941 -0.74000012 0.27664734
v 1.00345975 -0.74000012 0.31017463
v 1.07073042 -0.67833344 0.29402397
v 1.05480069 -0.67833344 0.31916945
v 1.32157602 -0.67833344 0.41987667
v 1.28855157 -0.67833344 0.43644548
v 1.35916018 -0.74000012 0.44445093
v 1.31512759 -0.74000012 0.46654268
v 1.16755320 -0.67833344 0.24544665
v 1.15379645 -0.74000012 0.21187757
v 1.12909542 -0.67833344 0.25586224
v 1.10251940 -0.74000012 0.22576503
v 1.28855157 -0.67833344 0.43644548
v 1.25009378 -0.67833344 0.44686108
v 1.31512759 -0.74000012 0.46654268
v 1.26385054 -0.74000012 0.48043015
v 1.07073042 -0.67833344 0.39828375
v 1.02469941 -0.74000012 0.41566039
v 1.09607097 -0.67833344 0.41987667
v 1.05848681 -0.74000012 0.44445093
v 1.39294757 -0.74000012 0.27664734
v 1.34691657 -0.67833344 0.29402397
v 1.41418724 -0.74000012 0.31017463
v 1.36284630 -0.67833344 0.31916945
v 1.04936735 -0.67833344 0.34615386
v 1.05480069 -0.67833344 0.37313828
v 1.05480069 -0.67833344 0.31916945
v 1.07073042 -0.67833344 0.29402397
v 1.07073042 -0.67833344 0.39828375
v 1.09607097 -0.67833344 0.27243106
v 1.09607097 -0.67833344 0.41987667
v 1.12909542 -0.67833344 0.25586224
v 1.12909542 -0.67833344 0.43644548
v 1.16755320 -0.67833344 0.24544665
v 1.16755320 -0.67833344 0.44686108
v 1.20882349 -0.67833344 0.24189408
v 1.20882349 -0.67833344 0.45041365
v 1.25009378 -0.67833344 0.24544665
v 1.25009378 -0.67833344 0.44686108
v 1.28855157 -0.67833344 0.25586224
v 1.28855157 -0.67833344 0.43644548
v 1.32157602 -0.67833344 0.27243106
v 1.32157602 -0.67833344 0.41987667
v 1.34691657 -0.67833344 0.29402397
v 1.34691657 -0.67833344 0.39828375
v 1.36284630 -0.67833344 0.31916945
v 1.36284630 -0.67833344 0.37313828
v 1.36827964 -0.67833344 0.34615386
v 1.20882349 -0.67833344 0.45041365
v 1.16755320 -0.67833344 0.44686108
v 1.20882349 -0.74000012 0.48516691
v 1.15379645 -0.74000012 0.48043015
v 1.12909542 -0.67833344 0.43644548
v 1.09607097 -0.67833344 0.41987667
v 1.10251940 -0.74000012 0.46654268
v 1.05848681 -0.74000012 0.44445093
v 1.16755320 -0.67833344 0.44686108
v 1.12909542 -0.67833344 0.43644548
v 1.15379645 -0.74000012 0.48043015
v 1.10251940 -0.74000012 0.46654268
v 1.05848681 -0.74000012 0.24785679
v 1.02469941 -0.74000012 0.27664734
v 1.09607097 -0.67833344 0.27243106
v 1.07073042 -0.67833344 0.29402397
v 1.34691657 -0.67833344 0.39828375
v 1.32157602 -0.67833344 0.41987667
v 1.39294757 -0.74000012 0.41566039
v 1.35916018 -0.74000012 0.44445093
v 1.35916018 -0.74000012 0.24785679
v 1.32157602 -0.67833344 0.27243106
v 1.39294757 -0.74000012 0.27664734
v 1.34691657 -0.67833344 0.29402397
v 1.00345975 -0.74000012 0.31017463
v 0.99621530 -0.74000012 0.34615386
v 1.05480069 -0.67833344 0.31916945
v 1.04936735 -0.67833344 0.34615386
v 1.36284630 -0.67833344 0.37313828
v 1.34691657 -0.67833344 0.39828375
v 1.41418724 -0.74000012 0.38213308
v 1.39294757 -0.74000012 0.41566039
vt 0.34375000 0.44820505
vt 0.34375000 0.44820505
vt 0.34375000 0.41642135
vt 0.34375000 0.41642135
vt 0.34375000 0.27499998
vt 0.34375000 0.27499998
vt 0.34375000 0.31899923
vt 0.34375000 0.32676381
vt 0.34375000 0.27499998
vt 0.34375000 0.27499998
vt 0.34375000 0.27499998
vt 0.34375000 0.27499998
vt 0.34375000 0.36000001
vt 0.34375000 0.37500000
vt 0.34375000 0.39520812
vt 0.34375000 0.41642135
vt 0.34375000 0.27499998
vt 0.34375000 0.27499998
vt 0.34375000 0.27499998
vt 0.34375000 0.27499998
vt 0.34375000 0.27499998
vt 0.34375000 0.27499998
vt 0.34375000 0.27499998
vt 0.34375000 0.27499998
vt 0.34375000 0.44820505
vt 0.34375000 0.42222428
vt 0.34375000 0.41642135
vt 0.34375000 0.39520812
vt 0.34375000 0.27499998
vt 0.34375000 0.27499998
vt 0.34375000 0.27499998
vt 0.34375000 0.27499998
vt 0.34375000 0.27499998
vt 0.34375000 0.27499998
vt 0.34375000 0.27499998
vt 0.34375000 0.27499998
vt 0.34375000 0.44820505
vt 0.34375000 0.42222428
vt 0.34375000 0.46818519
vt 0.34375000 0.43920738
vt 0.34375000 0.41642135
vt 0.34375000 0.39520812
vt 0.34375000 0.44820505
vt 0.34375000 0.42222428
vt 0.34375000 0.27499998
vt 0.34375000 0.27499998
vt 0.34375000 0.27499998
vt 0.34375000 0.27499998
vt 0.34375000 0.32676381
vt 0.34375000 0.32676381
vt 0.34375000 0.37500000
vt 0.34375000 0.37500000
vt 0.34375000 0.46818519
vt 0.34375000 0.43920738
vt 0.34375000 0.44820505
vt 0.34375000 0.42222428
vt 0.34375000 0.27499998
vt 0.34375000 0.27499998
vt 0.34375000 0.27499998
vt 0.34375000 0.27499998
vt 0.34375000 0.37500000
vt 0.34375000 0.37500000
vt 0.34375000 0.41642135
vt 0.34375000 0.41642135
vt 0.34375000 0.27499998
vt 0.34375000 0.27499998
vt 0.34375000 0.27499998
vt 0.34375000 0.27499998
vt 0.34375000 0.47500002
vt 0.34375000 0.47500002
vt 0.34375000 0.46818519
vt 0.34375000 0.46818519
vt 0.34375000 0.27499998
vt 0.34375000 0.27499998
vt 0.34375000 0.27499998
vt 0.34375000 0.27499998
vt 0.34375000 0.27499998
vt 0.34375000 0.27499998
vt 0.34375000 0.27499998
vt 0.34375000 0.27499998
vt 0.34375000 0.27499998
vt 0.34375000 0.27499998
vt 0.34375000 0.27499998
vt 0.34375000 0.27499998
vt 0.34375000 0.27499998
vt 0.34375000 0.27499998
vt 0.34375000 0.27499998
vt 0.34375000 0.27499998
vt 0.34375000 0.27499998
vt 0.34375000 0.27499998
vt 0.34375000 0.27499998
vt 0.34375000 0.27499998
vt 0.34375000 0.27499998
vt 0.34375000 0.27499998
vt 0.34375000 0.27499998
vt 0.34375000 0.27499998
vt 0.34375000 0.36000001
vt 0.34375000 0.39520812
vt 0.34375000 0.37500000
vt 0.34375000 0.41642135
vt 0.34375000 0.27499998
vt 0.34375000 0.27499998
vt 0.34375000 0.27499998
vt 0.34375000 0.27499998
vt 0.34375000 0.46818519
vt 0.34375000 0.46818519
vt 0.34375000 0.44820505
vt 0.34375000 0.44820505
vt 0.34375000 0.46818519
vt 0.34375000 0.43920738
vt 0.34375000 0.47500002
vt 0.34375000 0.44499999
vt 0.34375000 0.31899923
vt 0.34375000 0.36000001
vt 0.34375000 0.32676381
vt 0.34375000 0.37500000
vt 0.34375000 0.47500002
vt 0.34375000 0.44499999
vt 0.34375000 0.46818519
vt 0.34375000 0.43920738
vt 0.34375000 0.37500000
vt 0.34375000 0.37500000
vt 0.34375000 0.41642135
vt 0.34375000 0.41642135
vt 0.34375000 0.27499998
vt 0.34375000 0.27499998
vt 0.34375000 0.32676381
vt 0.34375000 0.32676381
vt 0.34375000 0.31899923
vt 0.34375000 0.32676381
vt 0.34375000 0.36000001
vt 0.34375000 0.37500000
vt 0.34375000 0.27499998
vt 0.34375000 0.27499998
vt 0.34375000 0.32676381
vt 0.34375000 0.31899923
vt 0.34375000 0.41642135
vt 0.34375000 0.41642135
vt 0.34375000 0.44820505
vt 0.34375000 0.44820505
vt 0.34375000 0.27499998
vt 0.34375000 0.27499998
vt 0.34375000 0.32676381
vt 0.34375000 0.32676381
vt 0.34375000 0.27499998
vt 0.34375000 0.27499998
vt 0.34375000 0.27499998
vt 0.34375000 0.27499998
vt 0.34375000 0.27499998
vt 0.34375000 0.27499998
vt 0.34375000 0.27499998
vt 0.34375000 0.27499998
vt 0.34375000 0.43920738
vt 0.34375000 0.46818519
vt 0.34375000 0.42222428
vt 0.34375000 0.44820505
vt 0.34375000 0.27499998
vt 0.34375000 0.27499998
vt 0.34375000 0.27499998
vt 0.34375000 0.27499998
vt 0.34375000 0.32676381
vt 0.34375000 0.32676381
vt 0.34375000 0.37500000
vt 0.34375000 0.37500000
vt 0.34375000 0.27499998
vt 0.34375000 0.27499998
vt 0.34375000 0.27499998
vt 0.34375000 0.27499998
vt 0.34375000 0.27499998
vt 0.34375000 0.27499998
vt 0.34375000 0.27499998
vt 0.34375000 0.27499998
vt 0.34375000 0.27499998
vt 0.34375000 0.27499998
vt 0.34375000 0.27499998
vt 0.34375000 0.27499998
vt 0.34375000 0.27499998
vt 0.34375000 0.27499998
vt 0.34375000 0.27499998
vt 0.34375000 0.27499998
vt 0.34375000 0.44820505
vt 0.34375000 0.44820505
vt 0.34375000 0.46818519
vt 0.34375000 0.46818519
vt 0.34375000 0.27499998
vt 0.34375000 0.27499998
vt 0.34375000 0.27499998
vt 0.34375000 0.27499998
vt 0.34375000 0.27499998
vt 0.34375000 0.27499998
vt 0.34375000 0.27499998
vt 0.34375000 0.27499998
vt 0.34375000 0.46818519
vt 0.34375000 0.46818519
vt 0.34375000 0.47500002
vt 0.34375000 0.47500002
vt 0.34375000 0.39520812
vt 0.34375000 0.41642135
vt 0.34375000 0.42222428
vt 0.34375000 0.44820505
vt 0.34375000 0.27499998
vt 0.34375000 0.27499998
vt 0.34375000 0.27499998
vt 0.34375000 0.27499998
vt 0.34375000 0.43920738
vt 0.34375000 0.46818519
vt 0.34375000 0.44499999
vt 0.34375000 0.47500002
vt 0.34375000 0.42222428
vt 0.34375000 0.44820505
vt 0.34375000 0.43920738
vt 0.34375000 0.46818519
vt 0.34375000 0.31899923
vt 0.34375000 0.36000001
vt 0.34375000 0.32676381
vt 0.34375000 0.37500000
vt 0.34375000 0.27499998
vt 0.34375000 0.27499998
vt 0.34375000 0.31899923
vt 0.34375000 0.32676381
vt 0.34375000 0.27499998
vt 0.34375000 0.27499998
vt 0.34375000 0.27499998
vt 0.34375000 0.27499998
vt 0.34375000 0.36000001
vt 0.34375000 0.37500000
vt 0.34375000 0.39520812
vt 0.34375000 0.41642135
vt 0.34375000 0.27499998
vt 0.34375000 0.27499998
vt 0.34375000 0.27499998
vt 0.34375000 0.27499998
vt 0.34375000 0.27499998
vt 0.34375000 0.27499998
vt 0.34375000 0.27499998
vt 0.34375000 0.27499998
vt 0.34375000 0.27499998
vt 0.34375000 0.27499998
vt 0.34375000 0.27499998
vt 0.34375000 0.27499998
vt 0.34375000 0.27499998
vt 0.34375000 0.27499998
vt 0.34375000 0.27499998
vt 0.34375000 0.27499998
vt 0.34375000 0.36000001
vt 0.34375000 0.39520812
vt 0.34375000 0.37500000
vt 0.34375000 0.41642135
vt 0.34375000 0.27499998
vt 0.34375000 0.27499998
vt 0.34375000 0.27499998
vt 0.34375000 0.27499998
vt 0.34375000 0.27499998
vt 0.34375000 0.27499998
vt 0.34375000 0.27499998
vt 0.34375000 0.27499998
vt 0.34375000 0.27499998
vt 0.34375000 0.27499998
vt 0.34375000 0.27499998
vt 0.34375000 0.27499998
vt 0.34375000 0.42222428
vt 0.34375000 0.44820505
vt 0.34375000 0.39520812
vt 0.34375000 0.41642135
vt 0.34375000 0.44499999
vt 0.34375000 0.47500002
vt 0.34375000 0.43920738
vt 0.34375000 0.46818519
vt 0.34375000 0.27499998
vt 0.34375000 0.27499998
vt 0.34375000 0.27499998
vt 0.34375000 0.27499998
vt 0.34375000 0.27499998
vt 0.34375000 0.27499998
vt 0.34375000 0.27499998
vt 0.34375000 0.27499998
vt 0.34375000 0.27499998
vt 0.34375000 0.27499998
vt 0.34375000 0.32676381
vt 0.34375000 0.31899923
vt 0.34375000 0.27499998
vt 0.34375000 0.27499998
vt 0.34375000 0.31899923
vt 0.34375000 0.27499998
vt 0.34375000 0.36000001
vt 0.34375000 0.39520812
vt 0.34375000 0.27499998
vt 0.34375000 0.42222428
vt 0.34375000 0.27499998
vt 0.34375000 0.43920738
vt 0.34375000 0.27499998
vt 0.34375000 0.44499999
vt 0.34375000 0.27499998
vt 0.34375000 0.43920738
vt 0.34375000 0.27499998
vt 0.34375000 0.42222428
vt 0.34375000 0.27499998
vt 0.34375000 0.39520812
vt 0.34375000 0.27499998
vt 0.34375000 0.36000001
vt 0.34375000 0.27499998
vt 0.34375000 0.31899923
vt 0.34375000 0.27499998
vt 0.34375000 0.27499998
vt 0.34375000 0.27499998
vt 0.34375000 0.27499998
vt 0.34375000 0.27499998
vt 0.34375000 0.27499998
vt 0.34375000 0.31899923
vt 0.34375000 0.32676381
vt 0.34375000 0.36000001
vt 0.34375000 0.37500000
vt 0.34375000 0.27499998
vt 0.34375000 0.31899923
vt 0.34375000 0.27499998
vt 0.34375000 0.27499998
vt 0.34375000 0.36000001
vt 0.34375000 0.27499998
vt 0.34375000 0.27499998
vt 0.34375000 0.39520812
vt 0.34375000 0.27499998
vt 0.34375000 0.30629432
vt 0.34375000 0.27499998
vt 0.34375000 0.42222428
vt 0.34375000 0.27499998
vt 0.34375000 0.27499998
vt 0.34375000 0.27499998
vt 0.34375000 0.27499998
vt 0.34375000 0.27499998
vt 0.34375000 0.27499998
vt 0.34375000 0.27499998
vt 0.34375000 0.33545607
vt 0.34375000 0.36049783
vt 0.34375000 0.37971300
vt 0.34375000 0.43920738
vt 0.34375000 0.39179212
vt 0.34375000 0.27499998
vt 0.34375000 0.27499998
vt 0.34375000 0.27499998
vt 0.34375000 0.27499998
vt 0.34375000 0.27499998
vt 0.34375000 0.44499999
vt 0.34375000 0.39591211
vt 0.34375000 0.39179212
vt 0.34375000 0.43920738
vt 0.34375000 0.37971300
vt 0.34375000 0.42222428
vt 0.34375000 0.36049783
vt 0.34375000 0.27499998
vt 0.34375000 0.39520812
vt 0.34375000 0.27499998
vt 0.34375000 0.27499998
vt 0.34375000 0.33545607
vt 0.34375000 0.30629432
vt 0.34375000 0.27499998
vt 0.34375000 0.27499998
vt 0.34375000 0.36000001
vt 0.34375000 0.27499998
vt 0.34375000 0.31899923
vt 0.34375000 0.27499998
vt 0.71875000 0.37500000
vt 0.71875000 0.34911811
vt 0.71875000 0.40088189
vt 0.71875000 0.42500001
vt 0.71875000 0.32499999
vt 0.71875000 0.44571066
vt 0.71875000 0.30428934
vt 0.71875000 0.37500000
vt 0.71875000 0.39219266
vt 0.71875000 0.35780734
vt 0.71875000 0.46160257
vt 0.71875000 0.40821362
vt 0.71875000 0.42197120
vt 0.71875000 0.28839743
vt 0.71875000 0.34178638
vt 0.71875000 0.32802880
vt 0.71875000 0.47159255
vt 0.71875000 0.43252772
vt 0.71875000 0.43916380
vt 0.71875000 0.47500002
vt 0.71875000 0.44142729
vt 0.71875000 0.27840745
vt 0.71875000 0.31747228
vt 0.71875000 0.31083620
vt 0.71875000 0.47159255
vt 0.71875000 0.43916380
vt 0.71875000 0.43252772
vt 0.71875000 0.27499998
vt 0.71875000 0.30857271
vt 0.71875000 0.31083620
vt 0.71875000 0.27840745
vt 0.71875000 0.31747228
vt 0.71875000 0.46160257
vt 0.71875000 0.42197120
vt 0.71875000 0.40821362
vt 0.71875000 0.28839743
vt 0.71875000 0.32802880
vt 0.71875000 0.34178638
vt 0.71875000 0.44571066
vt 0.71875000 0.30428934
vt 0.71875000 0.39219266
vt 0.71875000 0.35780734
vt 0.71875000 0.37500000
vt 0.71875000 0.42500001
vt 0.71875000 0.32499999
vt 0.71875000 0.40088189
vt 0.71875000 0.34911811
vt 0.71875000 0.37500000
vt 0.71875000 0.34397781
vt 0.71875000 0.34500003
vt 0.71875000 0.35363704
vt 0.71875000 0.35500002
vt 0.71875000 0.28602219
vt 0.71875000 0.28901923
vt 0.71875000 0.27636296
vt 0.71875000 0.28035897
vt 0.71875000 0.29378676
vt 0.71875000 0.28901923
vt 0.71875000 0.28671575
vt 0.71875000 0.28035897
vt 0.71875000 0.30464721
vt 0.71875000 0.30723542
vt 0.71875000 0.31500000
vt 0.71875000 0.31500000
vt 0.71875000 0.28602219
vt 0.71875000 0.27636296
vt 0.71875000 0.28499997
vt 0.71875000 0.27499998
vt 0.71875000 0.32276458
vt 0.71875000 0.32535279
vt 0.71875000 0.32999998
vt 0.71875000 0.33500004
vt 0.71875000 0.31500000
vt 0.71875000 0.32276458
vt 0.71875000 0.31500000
vt 0.71875000 0.32535279
vt 0.71875000 0.28901923
vt 0.71875000 0.29378676
vt 0.71875000 0.28035897
vt 0.71875000 0.28671575
vt 0.71875000 0.31500000
vt 0.71875000 0.31500000
vt 0.71875000 0.32276458
vt 0.71875000 0.32535279
vt 0.71875000 0.28602219
vt 0.71875000 0.28499997
vt 0.71875000 0.27636296
vt 0.71875000 0.27499998
vt 0.71875000 0.29500002
vt 0.71875000 0.30464721
vt 0.71875000 0.30000001
vt 0.71875000 0.30723542
vt 0.71875000 0.33621323
vt 0.71875000 0.34098077
vt 0.71875000 0.34328425
vt 0.71875000 0.34964103
vt 0.71875000 0.28602219
vt 0.71875000 0.27636296
vt 0.71875000 0.28901923
vt 0.71875000 0.28035897
vt 0.71875000 0.34098077
vt 0.71875000 0.34397781
vt 0.71875000 0.34964103
vt 0.71875000 0.35363704
vt 0.71875000 0.32999998
vt 0.71875000 0.33500004
vt 0.71875000 0.33621323
vt 0.71875000 0.34328425
vt 0.71875000 0.29500002
vt 0.71875000 0.30000001
vt 0.71875000 0.30464721
vt 0.71875000 0.30723542
vt 0.71875000 0.31500000
vt 0.71875000 0.32276458
vt 0.71875000 0.30723542
vt 0.71875000 0.30000001
vt 0.71875000 0.32999998
vt 0.71875000 0.29378676
vt 0.71875000 0.33621323
vt 0.71875000 0.28901923
vt 0.71875000 0.34098077
vt 0.71875000 0.28602219
vt 0.71875000 0.34397781
vt 0.71875000 0.28499997
vt 0.71875000 0.34500003
vt 0.71875000 0.28602219
vt 0.71875000 0.34397781
vt 0.71875000 0.28901923
vt 0.71875000 0.34098077
vt 0.71875000 0.29378676
vt 0.71875000 0.33621323
vt 0.71875000 0.30000001
vt 0.71875000 0.32999998
vt 0.71875000 0.30723542
vt 0.71875000 0.32276458
vt 0.71875000 0.31500000
vt 0.71875000 0.34500003
vt 0.71875000 0.34397781
vt 0.71875000 0.35500002
vt 0.71875000 0.35363704
vt 0.71875000 0.34098077
vt 0.71875000 0.33621323
vt 0.71875000 0.34964103
vt 0.71875000 0.34328425
vt 0.71875000 0.34397781
vt 0.71875000 0.34098077
vt 0.71875000 0.35363704
vt 0.71875000 0.34964103
vt 0.71875000 0.28671575
vt 0.71875000 0.29500002
vt 0.71875000 0.29378676
vt 0.71875000 0.30000001
vt 0.71875000 0.32999998
vt 0.71875000 0.33621323
vt 0.71875000 0.33500004
vt 0.71875000 0.34328425
vt 0.71875000 0.28671575
vt 0.71875000 0.29378676
vt 0.71875000 0.29500002
vt 0.71875000 0.30000001
vt 0.71875000 0.30464721
vt 0.71875000 0.31500000
vt 0.71875000 0.30723542
vt 0.71875000 0.31500000
vt 0.71875000 0.32276458
vt 0.71875000 0.32999998
vt 0.71875000 0.32535279
vt 0.71875000 0.33500004
vt 0.34375000 0.44820505
vt 0.34375000 0.44820505
vt 0.34375000 0.41642135
vt 0.34375000 0.41642135
vt 0.34375000 0.27499998
vt 0.34375000 0.27499998
vt 0.34375000 0.31899923
vt 0.34375000 0.32676381
vt 0.34375000 0.27499998
vt 0.34375000 0.27499998
vt 0.34375000 0.27499998
vt 0.34375000 0.27499998
vt 0.34375000 0.36000001
vt 0.34375000 0.37500000
vt 0.34375000 0.39520812
vt 0.34375000 0.41642135
vt 0.34375000 0.27499998
vt 0.34375000 0.27499998
vt 0.34375000 0.27499998
vt 0.34375000 0.27499998
vt 0.34375000 0.27499998
vt 0.34375000 0.27499998
vt 0.34375000 0.27499998
vt 0.34375000 0.27499998
vt 0.34375000 0.44820505
vt 0.34375000 0.42222428
vt 0.34375000 0.41642135
vt 0.34375000 0.39520812
vt 0.34375000 0.27499998
vt 0.34375000 0.27499998
vt 0.34375000 0.27499998
vt 0.34375000 0.27499998
vt 0.34375000 0.27499998
vt 0.34375000 0.27499998
vt 0.34375000 0.27499998
vt 0.34375000 0.27499998
vt 0.34375000 0.44820505
vt 0.34375000 0.42222428
vt 0.34375000 0.46818519
vt 0.34375000 0.43920738
vt 0.34375000 0.41642135
vt 0.34375000 0.39520812
vt 0.34375000 0.44820505
vt 0.34375000 0.42222428
vt 0.34375000 0.27499998
vt 0.34375000 0.27499998
vt 0.34375000 0.27499998
vt 0.34375000 0.27499998
vt 0.34375000 0.32676381
vt 0.34375000 0.32676381
vt 0.34375000 0.37500000
vt 0.34375000 0.37500000
vt 0.34375000 0.46818519
vt 0.34375000 0.43920738
vt 0.34375000 0.44820505
vt 0.34375000 0.42222428
vt 0.34375000 0.27499998
vt 0.34375000 0.27499998
vt 0.34375000 0.27499998
vt 0.34375000 0.27499998
vt 0.34375000 0.37500000
vt 0.34375000 0.37500000
vt 0.34375000 0.41642135
vt 0.34375000 0.41642135
vt 0.34375000 0.27499998
vt 0.34375000 0.27499998
vt 0.34375000 0.27499998
vt 0.34375000 0.27499998
vt 0.34375000 0.47500002
vt 0.34375000 0.47500002
vt 0.34375000 0.46818519
vt 0.34375000 0.46818519
vt 0.34375000 0.27499998
vt 0.34375000 0.27499998
vt 0.34375000 0.27499998
vt 0.34375000 0.27499998
vt 0.34375000 0.27499998
vt 0.34375000 0.27499998
vt 0.34375000 0.27499998
vt 0.34375000 0.27499998
vt 0.34375000 0.27499998
vt 0.34375000 0.27499998
vt 0.34375000 0.27499998
vt 0.34375000 0.27499998
vt 0.34375000 0.27499998
vt 0.34375000 0.27499998
vt 0.34375000 0.27499998
vt 0.34375000 0.27499998
vt 0.34375000 0.27499998
vt 0.34375000 0.27499998
vt 0.34375000 0.27499998
vt 0.34375000 0.27499998
vt 0.34375000 0.27499998
vt 0.34375000 0.27499998
vt 0.34375000 0.27499998
vt 0.34375000 0.27499998
vt 0.34375000 0.36000001
vt 0.34375000 0.39520812
vt 0.34375000 0.37500000
vt 0.34375000 0.41642135
vt 0.34375000 0.27499998
vt 0.34375000 0.27499998
vt 0.34375000 0.27499998
vt 0.34375000 0.27499998
vt 0.34375000 0.46818519
vt 0.34375000 0.46818519
vt 0.34375000 0.44820505
vt 0.34375000 0.44820505
vt 0.34375000 0.46818519
vt 0.34375000 0.43920738
vt 0.34375000 0.47500002
vt 0.34375000 0.44499999
vt 0.34375000 0.31899923
vt 0.34375000 0.36000001
vt 0.34375000 0.32676381
vt 0.34375000 0.37500000
vt 0.34375000 0.47500002
vt 0.34375000 0.44499999
vt 0.34375000 0.46818519
vt 0.34375000 0.43920738
vt 0.34375000 0.37500000
vt 0.34375000 0.37500000
vt 0.34375000 0.41642135
vt 0.34375000 0.41642135
vt 0.34375000 0.27499998
vt 0.34375000 0.27499998
vt 0.34375000 0.32676381
vt 0.34375000 0.32676381
vt 0.34375000 0.31899923
vt 0.34375000 0.32676381
vt 0.34375000 0.36000001
vt 0.34375000 0.37500000
vt 0.34375000 0.27499998
vt 0.34375000 0.27499998
vt 0.34375000 0.32676381
vt 0.34375000 0.31899923
vt 0.34375000 0.41642135
vt 0.34375000 0.41642135
vt 0.34375000 0.44820505
vt 0.34375000 0.44820505
vt 0.34375000 0.27499998
vt 0.34375000 0.27499998
vt 0.34375000 0.32676381
vt 0.34375000 0.32676381
vt 0.34375000 0.27499998
vt 0.34375000 0.27499998
vt 0.34375000 0.27499998
vt 0.34375000 0.27499998
vt 0.34375000 0.27499998
vt 0.34375000 0.27499998
vt 0.34375000 0.27499998
vt 0.34375000 0.27499998
vt 0.34375000 0.43920738
vt 0.34375000 0.46818519
vt 0.34375000 0.42222428
vt 0.34375000 0.44820505
vt 0.34375000 0.27499998
vt 0.34375000 0.27499998
vt 0.34375000 0.27499998
vt 0.34375000 0.27499998
vt 0.34375000 0.32676381
vt 0.34375000 0.32676381
vt 0.34375000 0.37500000
vt 0.34375000 0.37500000
vt 0.34375000 0.27499998
vt 0.34375000 0.27499998
vt 0.34375000 0.27499998
vt 0.34375000 0.27499998
vt 0.34375000 0.27499998
vt 0.34375000 0.27499998
vt 0.34375000 0.27499998
vt 0.34375000 0.27499998
vt 0.34375000 0.27499998
vt 0.34375000 0.27499998
vt 0.34375000 0.27499998
vt 0.34375000 0.27499998
vt 0.34375000 0.27499998
vt 0.34375000 0.27499998
vt 0.34375000 0.27499998
vt 0.34375000 0.27499998
vt 0.34375000 0.44820505
vt 0.34375000 0.44820505
vt 0.34375000 0.46818519
vt 0.34375000 0.46818519
vt 0.34375000 0.27499998
vt 0.34375000 0.27499998
vt 0.34375000 0.27499998
vt 0.34375000 0.27499998
vt 0.34375000 0.27499998
vt 0.34375000 0.27499998
vt 0.34375000 0.27499998
vt 0.34375000 0.27499998
vt 0.34375000 0.46818519
vt 0.34375000 0.46818519
vt 0.34375000 0.47500002
vt 0.34375000 0.47500002
vt 0.34375000 0.39520812
vt 0.34375000 0.41642135
vt 0.34375000 0.42222428
vt 0.34375000 0.44820505
vt 0.34375000 0.27499998
vt 0.34375000 0.27499998
vt 0.34375000 0.27499998
vt 0.34375000 0.27499998
vt 0.34375000 0.43920738
vt 0.34375000 0.46818519
vt 0.34375000 0.44499999
vt 0.34375000 0.47500002
vt 0.34375000 0.42222428
vt 0.34375000 0.44820505
vt 0.34375000 0.43920738
vt 0.34375000 0.46818519
vt 0.34375000 0.31899923
vt 0.34375000 0.36000001
vt 0.34375000 0.32676381
vt 0.34375000 0.37500000
vt 0.34375000 0.27499998
vt 0.34375000 0.27499998
vt 0.34375000 0.31899923
vt 0.34375000 0.32676381
vt 0.34375000 0.27499998
vt 0.34375000 0.27499998
vt 0.34375000 0.27499998
vt 0.34375000 0.27499998
vt 0.34375000 0.36000001
vt 0.34375000 0.37500000
vt 0.34375000 0.39520812
vt 0.34375000 0.41642135
vt 0.34375000 0.27499998
vt 0.34375000 0.27499998
vt 0.34375000 0.27499998
vt 0.34375000 0.27499998
vt 0.34375000 0.27499998
vt 0.34375000 0.27499998
vt 0.34375000 0.27499998
vt 0.34375000 0.27499998
vt 0.34375000 0.27499998
vt 0.34375000 0.27499998
vt 0.34375000 0.27499998
vt 0.34375000 0.27499998
vt 0.34375000 0.27499998
vt 0.34375000 0.27499998
vt 0.34375000 0.27499998
vt 0.34375000 0.27499998
vt 0.34375000 0.36000001
vt 0.34375000 0.39520812
vt 0.34375000 0.37500000
vt 0.34375000 0.41642135
vt 0.34375000 0.27499998
vt 0.34375000 0.27499998
vt 0.34375000 0.27499998
vt 0.34375000 0.27499998
vt 0.34375000 0.27499998
vt 0.34375000 0.27499998
vt 0.34375000 0.27499998
vt 0.34375000 0.27499998
vt 0.34375000 0.27499998
vt 0.34375000 0.27499998
vt 0.34375000 0.27499998
vt 0.34375000 0.27499998
vt 0.34375000 0.42222428
vt 0.34375000 0.44820505
vt 0.34375000 0.39520812
vt 0.34375000 0.41642135
vt 0.34375000 0.44499999
vt 0.34375000 0.47500002
vt 0.34375000 0.43920738
vt 0.34375000 0.46818519
vt 0.34375000 0.27499998
vt 0.34375000 0.27499998
vt 0.34375000 0.27499998
vt 0.34375000 0.27499998
vt 0.34375000 0.27499998
vt 0.34375000 0.27499998
vt 0.34375000 0.27499998
vt 0.34375000 0.27499998
vt 0.34375000 0.27499998
vt 0.34375000 0.27499998
vt 0.34375000 0.32676381
vt 0.34375000 0.31899923
vt 0.34375000 0.27499998
vt 0.34375000 0.27499998
vt 0.34375000 0.31899923
vt 0.34375000 0.27499998
vt 0.34375000 0.36000001
vt 0.34375000 0.39520812
vt 0.34375000 0.27499998
vt 0.34375000 0.42222428
vt 0.34375000 0.27499998
vt 0.34375000 0.43920738
vt 0.34375000 0.27499998
vt 0.34375000 0.44499999
vt 0.34375000 0.27499998
vt 0.34375000 0.43920738
vt 0.34375000 0.27499998
vt 0.34375000 0.42222428
vt 0.34375000 0.27499998
vt 0.34375000 0.39520812
vt 0.34375000 0.27499998
vt 0.34375000 0.36000001
vt 0.34375000 0.27499998
vt 0.34375000 0.31899923
vt 0.34375000 0.27499998
vt 0.34375000 0.27499998
vt 0.34375000 0.27499998
vt 0.34375000 0.27499998
vt 0.34375000 0.27499998
vt 0.34375000 0.27499998
vt 0.34375000 0.31899923
vt 0.34375000 0.32676381
vt 0.34375000 0.36000001
vt 0.34375000 0.37500000
vt 0.34375000 0.27499998
vt 0.34375000 0.31899923
vt 0.34375000 0.27499998
vt 0.34375000 0.27499998
vt 0.34375000 0.36000001
vt 0.34375000 0.27499998
vt 0.34375000 0.27499998
vt 0.34375000 0.39520812
vt 0.34375000 0.27499998
vt 0.34375000 0.30629432
vt 0.34375000 0.27499998
vt 0.34375000 0.42222428
vt 0.34375000 0.27499998
vt 0.34375000 0.27499998
vt 0.34375000 0.27499998
vt 0.34375000 0.27499998
vt 0.34375000 0.27499998
vt 0.34375000 0.27499998
vt 0.34375000 0.27499998
vt 0.34375000 0.33545607
vt 0.34375000 0.36049783
vt 0.34375000 0.37971300
vt 0.34375000 0.43920738
vt 0.34375000 0.39179212
vt 0.34375000 0.27499998
vt 0.34375000 0.27499998
vt 0.34375000 0.27499998
vt 0.34375000 0.27499998
vt 0.34375000 0.27499998
vt 0.34375000 0.44499999
vt 0.34375000 0.39591211
vt 0.34375000 0.39179212
vt 0.34375000 0.43920738
vt 0.34375000 0.37971300
vt 0.34375000 0.42222428
vt 0.34375000 0.36049783
vt 0.34375000 0.27499998
vt 0.34375000 0.39520812
vt 0.34375000 0.27499998
vt 0.34375000 0.27499998
vt 0.34375000 0.33545607
vt 0.34375000 0.30629432
vt 0.34375000 0.27499998
vt 0.34375000 0.27499998
vt 0.34375000 0.36000001
vt 0.34375000 0.27499998
vt 0.34375000 0.31899923
vt 0.34375000 0.27499998
vt 0.71875000 0.37500000
vt 0.71875000 0.34911811
vt 0.71875000 0.40088189
vt 0.71875000 0.42500001
vt 0.71875000 0.32499999
vt 0.71875000 0.44571066
vt 0.71875000 0.30428934
vt 0.71875000 0.37500000
vt 0.71875000 0.39219266
vt 0.71875000 0.35780734
vt 0.71875000 0.46160257
vt 0.71875000 0.40821362
vt 0.71875000 0.42197120
vt 0.71875000 0.28839743
vt 0.71875000 0.34178638
vt 0.71875000 0.32802880
vt 0.71875000 0.47159255
vt 0.71875000 0.43252772
vt 0.71875000 0.43916380
vt 0.71875000 0.47500002
vt 0.71875000 0.44142729
vt 0.71875000 0.27840745
vt 0.71875000 0.31747228
vt 0.71875000 0.31083620
vt 0.71875000 0.47159255
vt 0.71875000 0.43916380
vt 0.71875000 0.43252772
vt 0.71875000 0.27499998
vt 0.71875000 0.30857271
vt 0.71875000 0.31083620
vt 0.71875000 0.27840745
vt 0.71875000 0.31747228
vt 0.71875000 0.46160257
vt 0.71875000 0.42197120
vt 0.71875000 0.40821362
vt 0.71875000 0.28839743
vt 0.71875000 0.32802880
vt 0.71875000 0.34178638
vt 0.71875000 0.44571066
vt 0.71875000 0.30428934
vt 0.71875000 0.39219266
vt 0.71875000 0.35780734
vt 0.71875000 0.37500000
vt 0.71875000 0.42500001
vt 0.71875000 0.32499999
vt 0.71875000 0.40088189
vt 0.71875000 0.34911811
vt 0.71875000 0.37500000
vt 0.71875000 0.34397781
vt 0.71875000 0.34500003
vt 0.71875000 0.35363704
vt 0.71875000 0.35500002
vt 0.71875000 0.28602219
vt 0.71875000 0.28901923
vt 0.71875000 0.27636296
vt 0.71875000 0.28035897
vt 0.71875000 0.29378676
vt 0.71875000 0.28901923
vt 0.71875000 0.28671575
vt 0.71875000 0.28035897
vt 0.71875000 0.30464721
vt 0.71875000 0.30723542
vt 0.71875000 0.31500000
vt 0.71875000 0.31500000
vt 0.71875000 0.28602219
vt 0.71875000 0.27636296
vt 0.71875000 0.28499997
vt 0.71875000 0.27499998
vt 0.71875000 0.32276458
vt 0.71875000 0.32535279
vt 0.71875000 0.32999998
vt 0.71875000 0.33500004
vt 0.71875000 0.31500000
vt 0.71875000 0.32276458
vt 0.71875000 0.31500000
vt 0.71875000 0.32535279
vt 0.71875000 0.28901923
vt 0.71875000 0.29378676
vt 0.71875000 0.28035897
vt 0.71875000 0.28671575
vt 0.71875000 0.31500000
vt 0.71875000 0.31500000
vt 0.71875000 0.32276458
vt 0.71875000 0.32535279
vt 0.71875000 0.28602219
vt 0.71875000 0.28499997
vt 0.71875000 0.27636296
vt 0.71875000 0.27499998
vt 0.71875000 0.29500002
vt 0.71875000 0.30464721
vt 0.71875000 0.30000001
vt 0.71875000 0.30723542
vt 0.71875000 0.33621323
vt 0.71875000 0.34098077
vt 0.71875000 0.34328425
vt 0.71875000 0.34964103
vt 0.71875000 0.28602219
vt 0.71875000 0.27636296
vt 0.71875000 0.28901923
vt 0.71875000 0.28035897
vt 0.71875000 0.34098077
vt 0.71875000 0.34397781
vt 0.71875000 0.34964103
vt 0.71875000 0.35363704
vt 0.71875000 0.32999998
vt 0.71875000 0.33500004
vt 0.71875000 0.33621323
vt 0.71875000 0.34328425
vt 0.71875000 0.29500002
vt 0.71875000 0.30000001
vt 0.71875000 0.30464721
vt 0.71875000 0.30723542
vt 0.71875000 0.31500000
vt 0.71875000 0.32276458
vt 0.71875000 0.30723542
vt 0.71875000 0.30000001
vt 0.71875000 0.32999998
vt 0.71875000 0.29378676
vt 0.71875000 0.33621323
vt 0.71875000 0.28901923
vt 0.71875000 0.34098077
vt 0.71875000 0.28602219
vt 0.71875000 0.34397781
vt 0.71875000 0.28499997
vt 0.71875000 0.34500003
vt 0.71875000 0.28602219
vt 0.71875000 0.34397781
vt 0.71875000 0.28901923
vt 0.71875000 0.34098077
vt 0.71875000 0.29378676
vt 0.71875000 0.33621323
vt 0.71875000 0.30000001
vt 0.71875000 0.32999998
vt 0.71875000 0.30723542
vt 0.71875000 0.32276458
vt 0.71875000 0.31500000
vt 0.71875000 0.34500003
vt 0.71875000 0.34397781
vt 0.71875000 0.35500002
vt 0.71875000 0.35363704
vt 0.71875000 0.34098077
vt 0.71875000 0.33621323
vt 0.71875000 0.34964103
vt 0.71875000 0.34328425
vt 0.71875000 0.34397781
vt 0.71875000 0.34098077
vt 0.71875000 0.35363704
vt 0.71875000 0.34964103
vt 0.71875000 0.28671575
vt 0.71875000 0.29500002
vt 0.71875000 0.29378676
vt 0.71875000 0.30000001
vt 0.71875000 0.32999998
vt 0.71875000 0.33621323
vt 0.71875000 0.33500004
vt 0.71875000 0.34328425
vt 0.71875000 0.28671575
vt 0.71875000 0.29378676
vt 0.71875000 0.29500002
vt 0.71875000 0.30000001
vt 0.71875000 0.30464721
vt 0.71875000 0.31500000
vt 0.71875000 0.30723542
vt 0.71875000 0.31500000
vt 0.71875000 0.32276458
vt 0.71875000 0.32999998
vt 0.71875000 0.32535279
vt 0.71875000 0.33500004
vt 0.34375000 0.44820505
vt 0.34375000 0.44820505
vt 0.34375000 0.41642135
vt 0.34375000 0.41642135
vt 0.34375000 0.27499998
vt 0.34375000 0.27499998
vt 0.34375000 0.31899923
vt 0.34375000 0.32676381
vt 0.34375000 0.27499998
vt 0.34375000 0.27499998
vt 0.34375000 0.27499998
vt 0.34375000 0.27499998
vt 0.34375000 0.36000001
vt 0.34375000 0.37500000
vt 0.34375000 0.39520812
vt 0.34375000 0.41642135
vt 0.34375000 0.27499998
vt 0.34375000 0.27499998
vt 0.34375000 0.27499998
vt 0.34375000 0.27499998
vt 0.34375000 0.27499998
vt 0.34375000 0.27499998
vt 0.34375000 0.27499998
vt 0.34375000 0.27499998
vt 0.34375000 0.44820505
vt 0.34375000 0.42222428
vt 0.34375000 0.41642135
vt 0.34375000 0.39520812
vt 0.34375000 0.27499998
vt 0.34375000 0.27499998
vt 0.34375000 0.27499998
vt 0.34375000 0.27499998
vt 0.34375000 0.27499998
vt 0.34375000 0.27499998
vt 0.34375000 0.27499998
vt 0.34375000 0.27499998
vt 0.34375000 0.44820505
vt 0.34375000 0.42222428
vt 0.34375000 0.46818519
vt 0.34375000 0.43920738
vt 0.34375000 0.41642135
vt 0.34375000 0.39520812
vt 0.34375000 0.44820505
vt 0.34375000 0.42222428
vt 0.34375000 0.27499998
vt 0.34375000 0.27499998
vt 0.34375000 0.27499998
vt 0.34375000 0.27499998
vt 0.34375000 0.32676381
vt 0.34375000 0.32676381
vt 0.34375000 0.37500000
vt 0.34375000 0.37500000
vt 0.34375000 0.46818519
vt 0.34375000 0.43920738
vt 0.34375000 0.44820505
vt 0.34375000 0.42222428
vt 0.34375000 0.27499998
vt 0.34375000 0.27499998
vt 0.34375000 0.27499998
vt 0.34375000 0.27499998
vt 0.34375000 0.37500000
vt 0.34375000 0.37500000
vt 0.34375000 0.41642135
vt 0.34375000 0.41642135
vt 0.34375000 0.27499998
vt 0.34375000 0.27499998
vt 0.34375000 0.27499998
vt 0.34375000 0.27499998
vt 0.34375000 0.47500002
vt 0.34375000 0.47500002
vt 0.34375000 0.46818519
vt 0.34375000 0.46818519
vt 0.34375000 0.27499998
vt 0.34375000 0.27499998
vt 0.34375000 0.27499998
vt 0.34375000 0.27499998
vt 0.34375000 0.27499998
vt 0.34375000 0.27499998
vt 0.34375000 0.27499998
vt 0.34375000 0.27499998
vt 0.34375000 0.27499998
vt 0.34375000 0.27499998
vt 0.34375000 0.27499998
vt 0.34375000 0.27499998
vt 0.34375000 0.27499998
vt 0.34375000 0.27499998
vt 0.34375000 0.27499998
vt 0.34375000 0.27499998
vt 0.34375000 0.27499998
vt 0.34375000 0.27499998
vt 0.34375000 0.27499998
vt 0.34375000 0.27499998
vt 0.34375000 0.27499998
vt 0.34375000 0.27499998
vt 0.34375000 0.27499998
vt 0.34375000 0.27499998
vt 0.34375000 0.36000001
vt 0.34375000 0.39520812
vt 0.34375000 0.37500000
vt 0.34375000 0.41642135
vt 0.34375000 0.27499998
vt 0.34375000 0.27499998
vt 0.34375000 0.27499998
vt 0.34375000 0.27499998
vt 0.34375000 0.46818519
vt 0.34375000 0.46818519
vt 0.34375000 0.44820505
vt 0.34375000 0.44820505
vt 0.34375000 0.46818519
vt 0.34375000 0.43920738
vt 0.34375000 0.47500002
vt 0.34375000 0.44499999
vt 0.34375000 0.31899923
vt 0.34375000 0.36000001
vt 0.34375000 0.32676381
vt 0.34375000 0.37500000
vt 0.34375000 0.47500002
vt 0.34375000 0.44499999
vt 0.34375000 0.46818519
vt 0.34375000 0.43920738
vt 0.34375000 0.37500000
vt 0.34375000 0.37500000
vt 0.34375000 0.41642135
vt 0.34375000 0.41642135
vt 0.34375000 0.27499998
vt 0.34375000 0.27499998
vt 0.34375000 0.32676381
vt 0.34375000 0.32676381
vt 0.34375000 0.31899923
vt 0.34375000 0.32676381
vt 0.34375000 0.36000001
vt 0.34375000 0.37500000
vt 0.34375000 0.27499998
vt 0.34375000 0.27499998
vt 0.34375000 0.32676381
vt 0.34375000 0.31899923
vt 0.34375000 0.41642135
vt 0.34375000 0.41642135
vt 0.34375000 0.44820505
vt 0.34375000 0.44820505
vt 0.34375000 0.27499998
vt 0.34375000 0.27499998
vt 0.34375000 0.32676381
vt 0.34375000 0.32676381
vt 0.34375000 0.27499998
vt 0.34375000 0.27499998
vt 0.34375000 0.27499998
vt 0.34375000 0.27499998
vt 0.34375000 0.27499998
vt 0.34375000 0.27499998
vt 0.34375000 0.27499998
vt 0.34375000 0.27499998
vt 0.34375000 0.43920738
vt 0.34375000 0.46818519
vt 0.34375000 0.42222428
vt 0.34375000 0.44820505
vt 0.34375000 0.27499998
vt 0.34375000 0.27499998
vt 0.34375000 0.27499998
vt 0.34375000 0.27499998
vt 0.34375000 0.32676381
vt 0.34375000 0.32676381
vt 0.34375000 0.37500000
vt 0.34375000 0.37500000
vt 0.34375000 0.27499998
vt 0.34375000 0.27499998
vt 0.34375000 0.27499998
vt 0.34375000 0.27499998
vt 0.34375000 0.27499998
vt 0.34375000 0.27499998
vt 0.34375000 0.27499998
vt 0.34375000 0.27499998
vt 0.34375000 0.27499998
vt 0.34375000 0.27499998
vt 0.34375000 0.27499998
vt 0.34375000 0.27499998
vt 0.34375000 0.27499998
vt 0.34375000 0.27499998
vt 0.34375000 0.27499998
vt 0.34375000 0.27499998
vt 0.34375000 0.44820505
vt 0.34375000 0.44820505
vt 0.34375000 0.46818519
vt 0.34375000 0.46818519
vt 0.34375000 0.27499998
vt 0.34375000 0.27499998
vt 0.34375000 0.27499998
vt 0.34375000 0.27499998
vt 0.34375000 0.27499998
vt 0.34375000 0.27499998
vt 0.34375000 0.27499998
vt 0.34375000 0.27499998
vt 0.34375000 0.46818519
vt 0.34375000 0.46818519
vt 0.34375000 0.47500002
vt 0.34375000 0.47500002
vt 0.34375000 0.39520812
vt 0.34375000 0.41642135
vt 0.34375000 0.42222428
vt 0.34375000 0.44820505
vt 0.34375000 0.27499998
vt 0.34375000 0.27499998
vt 0.34375000 0.27499998
vt 0.34375000 0.27499998
vt 0.34375000 0.43920738
vt 0.34375000 0.46818519
vt 0.34375000 0.44499999
vt 0.34375000 0.47500002
vt 0.34375000 0.42222428
vt 0.34375000 0.44820505
vt 0.34375000 0.43920738
vt 0.34375000 0.46818519
vt 0.34375000 0.31899923
vt 0.34375000 0.36000001
vt 0.34375000 0.32676381
vt 0.34375000 0.37500000
vt 0.34375000 0.27499998
vt 0.34375000 0.27499998
vt 0.34375000 0.31899923
vt 0.34375000 0.32676381
vt 0.34375000 0.27499998
vt 0.34375000 0.27499998
vt 0.34375000 0.27499998
vt 0.34375000 0.27499998
vt 0.34375000 0.36000001
vt 0.34375000 0.37500000
vt 0.34375000 0.39520812
vt 0.34375000 0.41642135
vt 0.34375000 0.27499998
vt 0.34375000 0.27499998
vt 0.34375000 0.27499998
vt 0.34375000 0.27499998
vt 0.34375000 0.27499998
vt 0.34375000 0.27499998
vt 0.34375000 0.27499998
vt 0.34375000 0.27499998
vt 0.34375000 0.27499998
vt 0.34375000 0.27499998
vt 0.34375000 0.27499998
vt 0.34375000 0.27499998
vt 0.34375000 0.27499998
vt 0.34375000 0.27499998
vt 0.34375000 0.27499998
vt 0.34375000 0.27499998
vt 0.34375000 0.36000001
vt 0.34375000 0.39520812
vt 0.34375000 0.37500000
vt 0.34375000 0.41642135
vt 0.34375000 0.27499998
vt 0.34375000 0.27499998
vt 0.34375000 0.27499998
vt 0.34375000 0.27499998
vt 0.34375000 0.27499998
vt 0.34375000 0.27499998
vt 0.34375000 0.27499998
vt 0.34375000 0.27499998
vt 0.34375000 0.27499998
vt 0.34375000 0.27499998
vt 0.34375000 0.27499998
vt 0.34375000 0.27499998
vt 0.34375000 0.42222428
vt 0.34375000 0.44820505
vt 0.34375000 0.39520812
vt 0.34375000 0.41642135
vt 0.34375000 0.44499999
vt 0.34375000 0.47500002
vt 0.34375000 0.43920738
vt 0.34375000 0.46818519
vt 0.34375000 0.27499998
vt 0.34375000 0.27499998
vt 0.34375000 0.27499998
vt 0.34375000 0.27499998
vt 0.34375000 0.27499998
vt 0.34375000 0.27499998
vt 0.34375000 0.27499998
vt 0.34375000 0.27499998
vt 0.34375000 0.27499998
vt 0.34375000 0.27499998
vt 0.34375000 0.32676381
vt 0.34375000 0.31899923
vt 0.34375000 0.27499998
vt 0.34375000 0.27499998
vt 0.34375000 0.31899923
vt 0.34375000 0.27499998
vt 0.34375000 0.36000001
vt 0.34375000 0.39520812
vt 0.34375000 0.27499998
vt 0.34375000 0.42222428
vt 0.34375000 0.27499998
vt 0.34375000 0.43920738
vt 0.34375000 0.27499998
vt 0.34375000 0.44499999
vt 0.34375000 0.27499998
vt 0.34375000 0.43920738
vt 0.34375000 0.27499998
vt 0.34375000 0.42222428
vt 0.34375000 0.27499998
vt 0.34375000 0.39520812
vt 0.34375000 0.27499998
vt 0.34375000 0.36000001
vt 0.34375000 0.27499998
vt 0.34375000 0.31899923
vt 0.34375000 0.27499998
vt 0.34375000 0.27499998
vt 0.34375000 0.27499998
vt 0.34375000 0.27499998
vt 0.34375000 0.27499998
vt 0.34375000 0.27499998
vt 0.34375000 0.31899923
vt 0.34375000 0.32676381
vt 0.34375000 0.36000001
vt 0.34375000 0.37500000
vt 0.34375000 0.27499998
vt 0.34375000 0.31899923
vt 0.34375000 0.27499998
vt 0.34375000 0.27499998
vt 0.34375000 0.36000001
vt 0.34375000 0.27499998
vt 0.34375000 0.27499998
vt 0.34375000 0.39520812
vt 0.34375000 0.27499998
vt 0.34375000 0.30629432
vt 0.34375000 0.27499998
vt 0.34375000 0.42222428
vt 0.34375000 0.27499998
vt 0.34375000 0.27499998
vt 0.34375000 0.27499998
vt 0.34375000 0.27499998
vt 0.34375000 0.27499998
vt 0.34375000 0.27499998
vt 0.34375000 0.27499998
vt 0.34375000 0.33545607
vt 0.34375000 0.36049783
vt 0.34375000 0.37971300
vt 0.34375000 0.43920738
vt 0.34375000 0.39179212
vt 0.34375000 0.27499998
vt 0.34375000 0.27499998
vt 0.34375000 0.27499998
vt 0.34375000 0.27499998
vt 0.34375000 0.27499998
vt 0.34375000 0.44499999
vt 0.34375000 0.39591211
vt 0.34375000 0.39179212
vt 0.34375000 0.43920738
vt 0.34375000 0.37971300
vt 0.34375000 0.42222428
vt 0.34375000 0.36049783
vt 0.34375000 0.27499998
vt 0.34375000 0.39520812
vt 0.34375000 0.27499998
vt 0.34375000 0.27499998
vt 0.34375000 0.33545607
vt 0.34375000 0.30629432
vt 0.34375000 0.27499998
vt 0.34375000 0.27499998
vt 0.34375000 0.36000001
vt 0.34375000 0.27499998
vt 0.34375000 0.31899923
vt 0.34375000 0.27499998
vt 0.71875000 0.37500000
vt 0.71875000 0.34911811
vt 0.71875000 0.40088189
vt 0.71875000 0.42500001
vt 0.71875000 0.32499999
vt 0.71875000 0.44571066
vt 0.71875000 0.30428934
vt 0.71875000 0.37500000
vt 0.71875000 0.39219266
vt 0.71875000 0.35780734
vt 0.71875000 0.46160257
vt 0.71875000 0.40821362
vt 0.71875000 0.42197120
vt 0.71875000 0.28839743
vt 0.71875000 0.34178638
vt 0.71875000 0.32802880
vt 0.71875000 0.47159255
vt 0.71875000 0.43252772
vt 0.71875000 0.43916380
vt 0.71875000 0.47500002
vt 0.71875000 0.44142729
vt 0.71875000 0.27840745
vt 0.71875000 0.31747228
vt 0.71875000 0.31083620
vt 0.71875000 0.47159255
vt 0.71875000 0.43916380
vt 0.71875000 0.43252772
vt 0.71875000 0.27499998
vt 0.71875000 0.30857271
vt 0.71875000 0.31083620
vt 0.71875000 0.27840745
vt 0.71875000 0.31747228
vt 0.71875000 0.46160257
vt 0.71875000 0.42197120
vt 0.71875000 0.40821362
vt 0.71875000 0.28839743
vt 0.71875000 0.32802880
vt 0.71875000 0.34178638
vt 0.71875000 0.44571066
vt 0.71875000 0.30428934
vt 0.71875000 0.39219266
vt 0.71875000 0.35780734
vt 0.71875000 0.37500000
vt 0.71875000 0.42500001
vt 0.71875000 0.32499999
vt 0.71875000 0.40088189
vt 0.71875000 0.34911811
vt 0.71875000 0.37500000
vt 0.71875000 0.34397781
vt 0.71875000 0.34500003
vt 0.71875000 0.35363704
vt 0.71875000 0.35500002
vt 0.71875000 0.28602219
vt 0.71875000 0.28901923
vt 0.71875000 0.27636296
vt 0.71875000 0.28035897
vt 0.71875000 0.29378676
vt 0.71875000 0.28901923
vt 0.71875000 0.28671575
vt 0.71875000 0.28035897
vt 0.71875000 0.30464721
vt 0.71875000 0.30723542
vt 0.71875000 0.31500000
vt 0.71875000 0.31500000
vt 0.71875000 0.28602219
vt 0.71875000 0.27636296
vt 0.71875000 0.28499997
vt 0.71875000 0.27499998
vt 0.71875000 0.32276458
vt 0.71875000 0.32535279
vt 0.71875000 0.32999998
vt 0.71875000 0.33500004
vt 0.71875000 0.31500000
vt 0.71875000 0.32276458
vt 0.71875000 0.31500000
vt 0.71875000 0.32535279
vt 0.71875000 0.28901923
vt 0.71875000 0.29378676
vt 0.71875000 0.28035897
vt 0.71875000 0.28671575
vt 0.71875000 0.31500000
vt 0.71875000 0.31500000
vt 0.71875000 0.32276458
vt 0.71875000 0.32535279
vt 0.71875000 0.28602219
vt 0.71875000 0.28499997
vt 0.71875000 0.27636296
vt 0.71875000 0.27499998
vt 0.71875000 0.29500002
vt 0.71875000 0.30464721
vt 0.71875000 0.30000001
vt 0.71875000 0.30723542
vt 0.71875000 0.33621323
vt 0.71875000 0.34098077
vt 0.71875000 0.34328425
vt 0.71875000 0.34964103
vt 0.71875000 0.28602219
vt 0.71875000 0.27636296
vt 0.71875000 0.28901923
vt 0.71875000 0.28035897
vt 0.71875000 0.34098077
vt 0.71875000 0.34397781
vt 0.71875000 0.34964103
vt 0.71875000 0.35363704
vt 0.71875000 0.32999998
vt 0.71875000 0.33500004
vt 0.71875000 0.33621323
vt 0.71875000 0.34328425
vt 0.71875000 0.29500002
vt 0.71875000 0.30000001
vt 0.71875000 0.30464721
vt 0.71875000 0.30723542
vt 0.71875000 0.31500000
vt 0.71875000 0.32276458
vt 0.71875000 0.30723542
vt 0.71875000 0.30000001
vt 0.71875000 0.32999998
vt 0.71875000 0.29378676
vt 0.71875000 0.33621323
vt 0.71875000 0.28901923
vt 0.71875000 0.34098077
vt 0.71875000 0.28602219
vt 0.71875000 0.34397781
vt 0.71875000 0.28499997
vt 0.71875000 0.34500003
vt 0.71875000 0.28602219
vt 0.71875000 0.34397781
vt 0.71875000 0.28901923
vt 0.71875000 0.34098077
vt 0.71875000 0.29378676
vt 0.71875000 0.33621323
vt 0.71875000 0.30000001
vt 0.71875000 0.32999998
vt 0.71875000 0.30723542
vt 0.71875000 0.32276458
vt 0.71875000 0.31500000
vt 0.71875000 0.34500003
vt 0.71875000 0.34397781
vt 0.71875000 0.35500002
vt 0.71875000 0.35363704
vt 0.71875000 0.34098077
vt 0.71875000 0.33621323
vt 0.71875000 0.34964103
vt 0.71875000 0.34328425
vt 0.71875000 0.34397781
vt 0.71875000 0.34098077
vt 0.71875000 0.35363704
vt 0.71875000 0.34964103
vt 0.71875000 0.28671575
vt 0.71875000 0.29500002
vt 0.71875000 0.29378676
vt 0.71875000 0.30000001
vt 0.71875000 0.32999998
vt 0.71875000 0.33621323
vt 0.71875000 0.33500004
vt 0.71875000 0.34328425
vt 0.71875000 0.28671575
vt 0.71875000 0.29378676
vt 0.71875000 0.29500002
vt 0.71875000 0.30000001
vt 0.71875000 0.30464721
vt 0.71875000 0.31500000
vt 0.71875000 0.30723542
vt 0.71875000 0.31500000
vt 0.71875000 0.32276458
vt 0.71875000 0.32999998
vt 0.71875000 0.32535279
vt 0.71875000 0.33500004
vt 0.46875000 0.31847823
vt 0.46875000 0.31847823
vt 0.46875000 0.31864166
vt 0.46875000 0.31864166
vt 0.46875000 0.28369564
vt 0.46875000 0.31847823
vt 0.46875000 0.28369564
vt 0.46875000 0.31847823
vt 0.46875000 0.31864166
vt 0.46875000 0.33500004
vt 0.46875000 0.30108696
vt 0.46875000 0.34904724
vt 0.46875000 0.31459057
vt 0.46875000 0.32717395
vt 0.46875000 0.35982609
vt 0.46875000 0.33797950
vt 0.46875000 0.34627092
vt 0.46875000 0.36660194
vt 0.46875000 0.35148311
vt 0.46875000 0.36891305
vt 0.46875000 0.35326087
vt 0.46875000 0.35148311
vt 0.46875000 0.36660194
vt 0.46875000 0.34627092
vt 0.46875000 0.35982609
vt 0.46875000 0.33797950
vt 0.46875000 0.34904724
vt 0.46875000 0.32717395
vt 0.46875000 0.31459057
vt 0.46875000 0.33500004
vt 0.46875000 0.30108696
vt 0.46875000 0.28369564
vt 0.46875000 0.30108696
vt 0.46875000 0.31864166
vt 0.46875000 0.28369564
vt 0.46875000 0.30108696
vt 0.46875000 0.31864166
vt 0.46875000 0.33500004
vt 0.46875000 0.30108696
vt 0.46875000 0.34904724
vt 0.46875000 0.31459057
vt 0.46875000 0.32717395
vt 0.46875000 0.35982609
vt 0.46875000 0.33797950
vt 0.46875000 0.34627092
vt 0.46875000 0.36660194
vt 0.46875000 0.35148311
vt 0.46875000 0.36891305
vt 0.46875000 0.35326087
vt 0.46875000 0.35148311
vt 0.46875000 0.36660194
vt 0.46875000 0.34627092
vt 0.46875000 0.35982609
vt 0.46875000 0.33797950
vt 0.46875000 0.34904724
vt 0.46875000 0.32717395
vt 0.46875000 0.31459057
vt 0.46875000 0.33500004
vt 0.46875000 0.30108696
vt 0.46875000 0.28369564
vt 0.46875000 0.28369564
vt 0.46875000 0.31847823
vt 0.46875000 0.31864166
vt 0.46875000 0.31847823
vt 0.46875000 0.31864166
vt 0.46875000 0.33500004
vt 0.46875000 0.31847823
vt 0.46875000 0.28369564
vt 0.46875000 0.31847823
vt 0.46875000 0.28369564
vt 0.46875000 0.30108696
vt 0.46875000 0.31459057
vt 0.46875000 0.34904724
vt 0.46875000 0.32717395
vt 0.46875000 0.33797950
vt 0.46875000 0.35982609
vt 0.46875000 0.34627092
vt 0.46875000 0.36660194
vt 0.46875000 0.35148311
vt 0.46875000 0.35326087
vt 0.46875000 0.36891305
vt 0.46875000 0.35148311
vt 0.46875000 0.36660194
vt 0.46875000 0.34627092
vt 0.46875000 0.35982609
vt 0.46875000 0.33797950
vt 0.46875000 0.32717395
vt 0.46875000 0.34904724
vt 0.46875000 0.31459057
vt 0.46875000 0.30108696
vt 0.46875000 0.33500004
vt 0.46875000 0.28369564
vt 0.46875000 0.31864166
vt 0.46875000 0.30108696
vt 0.46875000 0.30108696
vt 0.46875000 0.28369564
vt 0.46875000 0.33500004
vt 0.46875000 0.31864166
vt 0.46875000 0.30108696
vt 0.46875000 0.31459057
vt 0.46875000 0.34904724
vt 0.46875000 0.32717395
vt 0.46875000 0.33797950
vt 0.46875000 0.35982609
vt 0.46875000 0.34627092
vt 0.46875000 0.36660194
vt 0.46875000 0.35148311
vt 0.46875000 0.35326087
vt 0.46875000 0.36891305
vt 0.46875000 0.35148311
vt 0.46875000 0.36660194
vt 0.46875000 0.34627092
vt 0.46875000 0.35982609
vt 0.46875000 0.33797950
vt 0.46875000 0.32717395
vt 0.46875000 0.34904724
vt 0.46875000 0.31459057
vt 0.46875000 0.30108696
vt 0.46875000 0.33500004
vt 0.46875000 0.28369564
vt 0.46875000 0.31864166
vt 0.46875000 0.31847823
vt 0.46875000 0.28369564
vt 0.46875000 0.31847823
vt 0.46875000 0.33586955
vt 0.46875000 0.33500004
vt 0.46875000 0.33586955
vt 0.46875000 0.31864166
vt 0.46875000 0.31847823
vt 0.46875000 0.31847823
vt 0.46875000 0.33586955
vt 0.46875000 0.31847823
vt 0.46875000 0.33586955
vt 0.46875000 0.31847823
vt 0.46875000 0.31864166
vt 0.46875000 0.33500004
vt 0.46875000 0.33586955
vt 0.46875000 0.35982609
vt 0.46875000 0.34904724
vt 0.46875000 0.35982609
vt 0.46875000 0.34904724
vt 0.46875000 0.36660194
vt 0.46875000 0.35982609
vt 0.46875000 0.36660194
vt 0.46875000 0.35982609
vt 0.46875000 0.35982609
vt 0.46875000 0.36660194
vt 0.46875000 0.35982609
vt 0.46875000 0.36660194
vt 0.46875000 0.36660194
vt 0.46875000 0.35982609
vt 0.46875000 0.36660194
vt 0.46875000 0.35982609
vt 0.46875000 0.34904724
vt 0.46875000 0.35982609
vt 0.46875000 0.34904724
vt 0.46875000 0.35982609
vt 0.46875000 0.31864166
vt 0.46875000 0.33500004
vt 0.46875000 0.31864166
vt 0.46875000 0.33500004
vt 0.46875000 0.33500004
vt 0.46875000 0.33586955
vt 0.46875000 0.33500004
vt 0.46875000 0.34904724
vt 0.46875000 0.34904724
vt 0.46875000 0.35982609
vt 0.46875000 0.34904724
vt 0.46875000 0.35982609
vt 0.46875000 0.34904724
vt 0.46875000 0.34904724
vt 0.46875000 0.35982609
vt 0.46875000 0.34904724
vt 0.46875000 0.35982609
vt 0.46875000 0.35982609
vt 0.46875000 0.34904724
vt 0.46875000 0.35982609
vt 0.46875000 0.34904724
vt 0.46875000 0.36660194
vt 0.46875000 0.36891305
vt 0.46875000 0.36660194
vt 0.46875000 0.36891305
vt 0.46875000 0.36891305
vt 0.46875000 0.36660194
vt 0.46875000 0.36891305
vt 0.46875000 0.36660194
vt 0.46875000 0.35982609
vt 0.46875000 0.34904724
vt 0.46875000 0.35982609
vt 0.46875000 0.34904724
vt 0.46875000 0.36891305
vt 0.46875000 0.36660194
vt 0.46875000 0.36891305
vt 0.46875000 0.36660194
vt 0.46875000 0.36891305
vt 0.46875000 0.36660194
vt 0.46875000 0.36891305
vt 0.46875000 0.36660194
vt 0.46875000 0.31864166
vt 0.46875000 0.31864166
vt 0.46875000 0.33500004
vt 0.46875000 0.33500004
vt 0.46875000 0.35982609
vt 0.46875000 0.36660194
vt 0.46875000 0.35982609
vt 0.46875000 0.36660194
vt 0.46875000 0.33586955
vt 0.46875000 0.33586955
vt 0.46875000 0.31847823
vt 0.46875000 0.31847823
vt 0.46875000 0.31864166
vt 0.46875000 0.33500004
vt 0.46875000 0.33586955
vt 0.46875000 0.31864166
vt 0.46875000 0.31864166
vt 0.46875000 0.33500004
vt 0.46875000 0.33500004
vt 0.46875000 0.33586955
vt 0.46875000 0.33586955
vt 0.46875000 0.33500004
vt 0.46875000 0.31864166
vt 0.46875000 0.30108696
vt 0.46875000 0.33500004
vt 0.46875000 0.31864166
vt 0.46875000 0.30108696
vt 0.46875000 0.31864166
vt 0.46875000 0.31864166
vt 0.46875000 0.33500004
vt 0.46875000 0.33500004
vt 0.46875000 0.33586955
vt 0.46875000 0.33500004
vt 0.46875000 0.33586955
vt 0.46875000 0.31864166
vt 0.46875000 0.30108696
vt 0.46875000 0.33500004
vt 0.46875000 0.31864166
vt 0.46875000 0.30108696
vt 0.46875000 0.31864166
vt 0.46875000 0.33500004
vt 0.46875000 0.31864166
vt 0.46875000 0.33500004
vt 0.46875000 0.34904724
vt 0.46875000 0.35982609
vt 0.46875000 0.34904724
vt 0.46875000 0.35982609
vt 0.46875000 0.36660194
vt 0.46875000 0.36891305
vt 0.46875000 0.36660194
vt 0.46875000 0.36891305
vt 0.46875000 0.31864166
vt 0.46875000 0.31864166
vt 0.46875000 0.33500004
vt 0.46875000 0.33500004
vt 0.46875000 0.30108696
vt 0.46875000 0.30108696
vt 0.46875000 0.31864166
vt 0.46875000 0.31864166
vt 0.46875000 0.31864166
vt 0.46875000 0.33500004
vt 0.46875000 0.31864166
vt 0.46875000 0.33500004
vt 0.46875000 0.33500004
vt 0.46875000 0.33500004
vt 0.46875000 0.34904724
vt 0.46875000 0.33586955
vt 0.46875000 0.34904724
vt 0.46875000 0.30108696
vt 0.46875000 0.31864166
vt 0.46875000 0.30108696
vt 0.46875000 0.31864166
vt 0.46875000 0.36660194
vt 0.46875000 0.36891305
vt 0.46875000 0.36660194
vt 0.46875000 0.36891305
vt 0.46875000 0.33500004
vt 0.46875000 0.33586955
vt 0.46875000 0.33500004
vt 0.46875000 0.34904724
vt 0.46875000 0.34904724
vt 0.46875000 0.33500004
vt 0.46875000 0.33500004
vt 0.46875000 0.33586955
vt 0.46875000 0.34904724
vt 0.46875000 0.34904724
vt 0.46875000 0.30108696
vt 0.46875000 0.30108696
vt 0.46875000 0.31864166
vt 0.46875000 0.31864166
vt 0.46875000 0.36660194
vt 0.46875000 0.35982609
vt 0.46875000 0.36660194
vt 0.46875000 0.35982609
vt 0.46875000 0.33500004
vt 0.46875000 0.33500004
vt 0.46875000 0.33586955
vt 0.46875000 0.34904724
vt 0.46875000 0.34904724
vt 0.46875000 0.33500004
vt 0.46875000 0.33500004
vt 0.46875000 0.33586955
vt 0.46875000 0.34904724
vt 0.46875000 0.34904724
vt 0.46875000 0.36660194
vt 0.46875000 0.36891305
vt 0.46875000 0.36660194
vt 0.46875000 0.36891305
vt 0.46875000 0.36891305
vt 0.46875000 0.36660194
vt 0.46875000 0.36891305
vt 0.46875000 0.36660194
vt 0.46875000 0.31847823
vt 0.46875000 0.31847823
vt 0.46875000 0.31864166
vt 0.46875000 0.31864166
vt 0.46875000 0.30108696
vt 0.46875000 0.30108696
vt 0.46875000 0.30108696
vt 0.46875000 0.30108696
vt 0.46875000 0.35982609
vt 0.46875000 0.36660194
vt 0.46875000 0.35982609
vt 0.46875000 0.36660194
vt 0.46875000 0.31864166
vt 0.46875000 0.33500004
vt 0.46875000 0.31864166
vt 0.46875000 0.33500004
vt 0.46875000 0.30108696
vt 0.46875000 0.30108696
vt 0.46875000 0.31864166
vt 0.46875000 0.31864166
vt 0.46875000 0.33500004
vt 0.46875000 0.33586955
vt 0.46875000 0.33500004
vt 0.46875000 0.34904724
vt 0.46875000 0.34904724
vt 0.46875000 0.35982609
vt 0.46875000 0.36660194
vt 0.46875000 0.35982609
vt 0.46875000 0.36660194
vt 0.46875000 0.33500004
vt 0.46875000 0.34904724
vt 0.46875000 0.33500004
vt 0.46875000 0.33586955
vt 0.46875000 0.34904724
vt 0.46875000 0.30108696
vt 0.46875000 0.30108696
vt 0.46875000 0.30108696
vt 0.46875000 0.30108696
vt 0.46875000 0.36660194
vt 0.46875000 0.35982609
vt 0.46875000 0.36660194
vt 0.46875000 0.35982609
vt 0.46875000 0.31847823
vt 0.46875000 0.31847823
vt 0.46875000 0.33586955
vt 0.46875000 0.33586955
vt 0.46875000 0.31847823
vt 0.46875000 0.31847823
vt 0.46875000 0.31847823
vt 0.46875000 0.31847823
vt 0.46875000 0.31847823
vt 0.46875000 0.31847823
vt 0.46875000 0.31847823
vt 0.46875000 0.31847823
vt 0.46875000 0.31847823
vt 0.46875000 0.31847823
vt 0.46875000 0.31847823
vt 0.46875000 0.31847823
vt 0.46875000 0.31847823
vt 0.46875000 0.31847823
vt 0.46875000 0.31864166
vt 0.46875000 0.31864166
vt 0.46875000 0.34904724
vt 0.46875000 0.35982609
vt 0.46875000 0.34904724
vt 0.46875000 0.35982609
vt 0.46875000 0.33586955
vt 0.46875000 0.33586955
vt 0.46875000 0.33500004
vt 0.46875000 0.31864166
vt 0.46875000 0.31847823
vt 0.46875000 0.31847823
vt 0.46875000 0.31847823
vt 0.46875000 0.31847823
vt 0.46875000 0.31864166
vt 0.46875000 0.31864166
vt 0.46875000 0.31847823
vt 0.46875000 0.31847823
vt 0.46875000 0.33586955
vt 0.46875000 0.33586955
vt 0.46875000 0.28369564
vt 0.46875000 0.28369564
vt 0.46875000 0.31847823
vt 0.46875000 0.31847823
vt 0.46875000 0.28369564
vt 0.46875000 0.31847823
vt 0.46875000 0.28369564
vt 0.46875000 0.31847823
vt 0.46875000 0.28369564
vt 0.46875000 0.28369564
vt 0.46875000 0.31847823
vt 0.46875000 0.31847823
vt 0.46875000 0.31847823
vt 0.46875000 0.28369564
vt 0.46875000 0.31847823
vt 0.46875000 0.28369564
vt 0.46875000 0.28369564
vt 0.46875000 0.28369564
vt 0.46875000 0.31847823
vt 0.46875000 0.31847823
vt 0.46875000 0.28369564
vt 0.46875000 0.28369564
vt 0.46875000 0.31847823
vt 0.46875000 0.31847823
vt 0.46875000 0.28369564
vt 0.46875000 0.28369564
vt 0.46875000 0.31847823
vt 0.46875000 0.31847823
vt 0.46875000 0.28369564
vt 0.46875000 0.28369564
vt 0.46875000 0.31847823
vt 0.46875000 0.31847823
vt 0.46875000 0.31847823
vt 0.46875000 0.31847823
vt 0.46875000 0.31847823
vt 0.46875000 0.31847823
vt 0.46875000 0.31847823
vt 0.46875000 0.31847823
vt 0.46875000 0.31847823
vt 0.46875000 0.31847823
vt 0.46875000 0.31847823
vt 0.46875000 0.31847823
vt 0.46875000 0.31847823
vt 0.46875000 0.31847823
vt 0.46875000 0.28369564
vt 0.46875000 0.28369564
vt 0.46875000 0.28369564
vt 0.46875000 0.28369564
vt 0.46875000 0.28369564
vt 0.46875000 0.28369564
vt 0.46875000 0.28369564
vt 0.46875000 0.28369564
vt 0.46875000 0.28369564
vt 0.46875000 0.28369564
vt 0.46875000 0.28369564
vt 0.46875000 0.28369564
vt 0.46875000 0.28369564
vt 0.46875000 0.28369564
vt 0.46875000 0.28369564
vt 0.46875000 0.28369564
vt 0.46875000 0.28369564
vt 0.46875000 0.28369564
vt 0.46875000 0.28369564
vt 0.46875000 0.28369564
vt 0.46875000 0.28369564
vt 0.46875000 0.28369564
vt 0.46875000 0.28369564
vt 0.46875000 0.28369564
vt 0.46875000 0.28369564
vt 0.46875000 0.28369564
vt 0.46875000 0.28369564
vt 0.46875000 0.28369564
vt 0.46875000 0.28369564
vt 0.46875000 0.31847823
vt 0.46875000 0.28369564
vt 0.46875000 0.31847823
vt 0.46875000 0.31847823
vt 0.46875000 0.28369564
vt 0.46875000 0.31847823
vt 0.46875000 0.28369564
vt 0.46875000 0.27499998
vt 0.46875000 0.33214283
vt 0.46875000 0.27499998
vt 0.46875000 0.33214283
vt 0.46875000 0.27499998
vt 0.46875000 0.27499998
vt 0.46875000 0.27499998
vt 0.46875000 0.27499998
vt 0.46875000 0.33214283
vt 0.46875000 0.27499998
vt 0.46875000 0.33214283
vt 0.46875000 0.27499998
vt 0.46875000 0.47500002
vt 0.46875000 0.47500002
vt 0.46875000 0.41785717
vt 0.46875000 0.41785717
vt 0.46875000 0.33214283
vt 0.46875000 0.41785717
vt 0.46875000 0.33214283
vt 0.46875000 0.41785717
vt 0.46875000 0.27499998
vt 0.46875000 0.27499998
vt 0.46875000 0.33214283
vt 0.46875000 0.33214283
vt 0.46875000 0.41785717
vt 0.46875000 0.41785717
vt 0.46875000 0.47500002
vt 0.46875000 0.47500002
vt 0.46875000 0.47500002
vt 0.46875000 0.47500002
vt 0.46875000 0.47500002
vt 0.46875000 0.47500002
vt 0.46875000 0.41785717
vt 0.46875000 0.33214283
vt 0.46875000 0.41785717
vt 0.46875000 0.33214283
vt 0.46875000 0.41785717
vt 0.46875000 0.41785717
vt 0.46875000 0.47500002
vt 0.46875000 0.47500002
vt 0.46875000 0.27499998
vt 0.46875000 0.33214283
vt 0.46875000 0.27499998
vt 0.46875000 0.33214283
vt 0.46875000 0.27499998
vt 0.46875000 0.27499998
vt 0.46875000 0.27499998
vt 0.46875000 0.27499998
vt 0.46875000 0.33214283
vt 0.46875000 0.27499998
vt 0.46875000 0.33214283
vt 0.46875000 0.27499998
vt 0.46875000 0.47500002
vt 0.46875000 0.47500002
vt 0.46875000 0.41785717
vt 0.46875000 0.41785717
vt 0.46875000 0.33214283
vt 0.46875000 0.41785717
vt 0.46875000 0.33214283
vt 0.46875000 0.41785717
vt 0.46875000 0.27499998
vt 0.46875000 0.27499998
vt 0.46875000 0.33214283
vt 0.46875000 0.33214283
vt 0.46875000 0.41785717
vt 0.46875000 0.41785717
vt 0.46875000 0.47500002
vt 0.46875000 0.47500002
vt 0.46875000 0.47500002
vt 0.46875000 0.47500002
vt 0.46875000 0.47500002
vt 0.46875000 0.47500002
vt 0.46875000 0.41785717
vt 0.46875000 0.33214283
vt 0.46875000 0.41785717
vt 0.46875000 0.33214283
vt 0.46875000 0.41785717
vt 0.46875000 0.41785717
vt 0.46875000 0.47500002
vt 0.46875000 0.47500002
vt 0.34375000 0.32717395
vt 0.34375000 0.33797950
vt 0.34375000 0.32717395
vt 0.34375000 0.33797950
vt 0.34375000 0.34627092
vt 0.34375000 0.35148311
vt 0.34375000 0.34627092
vt 0.34375000 0.35148311
vt 0.34375000 0.31459057
vt 0.34375000 0.31459057
vt 0.34375000 0.32717395
vt 0.34375000 0.32717395
vt 0.34375000 0.34627092
vt 0.34375000 0.35148311
vt 0.34375000 0.34627092
vt 0.34375000 0.35148311
vt 0.34375000 0.32717395
vt 0.34375000 0.33797950
vt 0.34375000 0.32717395
vt 0.34375000 0.33797950
vt 0.34375000 0.28369564
vt 0.34375000 0.28369564
vt 0.34375000 0.30108696
vt 0.34375000 0.30108696
vt 0.34375000 0.35326087
vt 0.34375000 0.35148311
vt 0.34375000 0.35326087
vt 0.34375000 0.35148311
vt 0.34375000 0.28369564
vt 0.34375000 0.28369564
vt 0.34375000 0.30108696
vt 0.34375000 0.30108696
vt 0.34375000 0.28369564
vt 0.34375000 0.28369564
vt 0.34375000 0.30108696
vt 0.34375000 0.30108696
vt 0.34375000 0.33797950
vt 0.34375000 0.34627092
vt 0.34375000 0.33797950
vt 0.34375000 0.34627092
vt 0.34375000 0.34627092
vt 0.34375000 0.33797950
vt 0.34375000 0.34627092
vt 0.34375000 0.33797950
vt 0.34375000 0.34627092
vt 0.34375000 0.33797950
vt 0.34375000 0.34627092
vt 0.34375000 0.33797950
vt 0.34375000 0.35148311
vt 0.34375000 0.35326087
vt 0.34375000 0.35148311
vt 0.34375000 0.35326087
vt 0.34375000 0.35148311
vt 0.34375000 0.34627092
vt 0.34375000 0.35148311
vt 0.34375000 0.34627092
vt 0.34375000 0.32717395
vt 0.34375000 0.32717395
vt 0.34375000 0.33797950
vt 0.34375000 0.33797950
vt 0.34375000 0.33797950
vt 0.34375000 0.34627092
vt 0.34375000 0.33797950
vt 0.34375000 0.34627092
vt 0.34375000 0.30108696
vt 0.34375000 0.30108696
vt 0.34375000 0.31459057
vt 0.34375000 0.31459057
vt 0.34375000 0.31459057
vt 0.34375000 0.32717395
vt 0.34375000 0.31459057
vt 0.34375000 0.32717395
vt 0.34375000 0.30108696
vt 0.34375000 0.31459057
vt 0.34375000 0.30108696
vt 0.34375000 0.31459057
vt 0.34375000 0.30108696
vt 0.34375000 0.30108696
vt 0.34375000 0.31459057
vt 0.34375000 0.31459057
vt 0.34375000 0.35148311
vt 0.34375000 0.34627092
vt 0.34375000 0.35148311
vt 0.34375000 0.34627092
vt 0.34375000 0.31459057
vt 0.34375000 0.31459057
vt 0.34375000 0.32717395
vt 0.34375000 0.32717395
vt 0.34375000 0.30108696
vt 0.34375000 0.31459057
vt 0.34375000 0.30108696
vt 0.34375000 0.31459057
vt 0.34375000 0.32717395
vt 0.34375000 0.32717395
vt 0.34375000 0.33797950
vt 0.34375000 0.33797950
vt 0.34375000 0.31459057
vt 0.34375000 0.32717395
vt 0.34375000 0.31459057
vt 0.34375000 0.32717395
vt 0.34375000 0.35148311
vt 0.34375000 0.35326087
vt 0.34375000 0.35148311
vt 0.34375000 0.35326087
vt 0.34375000 0.28369564
vt 0.34375000 0.28369564
vt 0.34375000 0.30108696
vt 0.34375000 0.30108696
vt 0.34375000 0.35326087
vt 0.34375000 0.35148311
vt 0.34375000 0.35326087
vt 0.34375000 0.35148311
vt 0.34375000 0.30108696
vt 0.34375000 0.30108696
vt 0.34375000 0.31459057
vt 0.34375000 0.31459057
vt 0.34375000 0.28369564
vt 0.34375000 0.28369564
vt 0.34375000 0.30108696
vt 0.34375000 0.30108696
vt 0.34375000 0.35326087
vt 0.34375000 0.35148311
vt 0.34375000 0.35326087
vt 0.34375000 0.35148311
vt 0.34375000 0.35148311
vt 0.34375000 0.34627092
vt 0.34375000 0.35148311
vt 0.34375000 0.34627092
vt 0.34375000 0.32717395
vt 0.34375000 0.32717395
vt 0.34375000 0.33797950
vt 0.34375000 0.33797950
vt 0.34375000 0.30108696
vt 0.34375000 0.30108696
vt 0.34375000 0.31459057
vt 0.34375000 0.31459057
vt 0.34375000 0.32717395
vt 0.34375000 0.32717395
vt 0.34375000 0.33797950
vt 0.34375000 0.33797950
vt 0.34375000 0.31459057
vt 0.34375000 0.31459057
vt 0.34375000 0.32717395
vt 0.34375000 0.32717395
vt 0.34375000 0.34627092
vt 0.34375000 0.33797950
vt 0.34375000 0.34627092
vt 0.34375000 0.33797950
vt 0.34375000 0.33797950
vt 0.34375000 0.34627092
vt 0.34375000 0.33797950
vt 0.34375000 0.34627092
vt 0.34375000 0.35148311
vt 0.34375000 0.35326087
vt 0.34375000 0.35148311
vt 0.34375000 0.35326087
vt 0.34375000 0.31459057
vt 0.34375000 0.31459057
vt 0.34375000 0.32717395
vt 0.34375000 0.32717395
vt 0.34375000 0.34627092
vt 0.34375000 0.35148311
vt 0.34375000 0.34627092
vt 0.34375000 0.35148311
vt 0.34375000 0.28369564
vt 0.34375000 0.30108696
vt 0.34375000 0.28369564
vt 0.34375000 0.31459057
vt 0.34375000 0.32717395
vt 0.34375000 0.33797950
vt 0.34375000 0.34627092
vt 0.34375000 0.35148311
vt 0.34375000 0.35326087
vt 0.34375000 0.35148311
vt 0.34375000 0.34627092
vt 0.34375000 0.33797950
vt 0.34375000 0.32717395
vt 0.34375000 0.31459057
vt 0.34375000 0.30108696
vt 0.34375000 0.30108696
vt 0.34375000 0.28369564
vt 0.34375000 0.31459057
vt 0.34375000 0.28369564
vt 0.34375000 0.32717395
vt 0.34375000 0.33797950
vt 0.34375000 0.34627092
vt 0.34375000 0.35148311
vt 0.34375000 0.35326087
vt 0.34375000 0.35148311
vt 0.34375000 0.34627092
vt 0.34375000 0.33797950
vt 0.34375000 0.32717395
vt 0.34375000 0.31459057
vt 0.34375000 0.30108696
vt 0.34375000 0.28369564
vt 0.34375000 0.28369564
vt 0.34375000 0.30108696
vt 0.34375000 0.30108696
vt 0.34375000 0.30108696
vt 0.34375000 0.28369564
vt 0.34375000 0.31459057
vt 0.34375000 0.28369564
vt 0.34375000 0.32717395
vt 0.34375000 0.33797950
vt 0.34375000 0.34627092
vt 0.34375000 0.35148311
vt 0.34375000 0.35326087
vt 0.34375000 0.35148311
vt 0.34375000 0.34627092
vt 0.34375000 0.33797950
vt 0.34375000 0.32717395
vt 0.34375000 0.31459057
vt 0.34375000 0.30108696
vt 0.34375000 0.28369564
vt 0.34375000 0.30108696
vt 0.34375000 0.28369564
vt 0.34375000 0.31459057
vt 0.34375000 0.32717395
vt 0.34375000 0.33797950
vt 0.34375000 0.34627092
vt 0.34375000 0.35148311
vt 0.34375000 0.35326087
vt 0.34375000 0.35148311
vt 0.34375000 0.34627092
vt 0.34375000 0.33797950
vt 0.34375000 0.32717395
vt 0.34375000 0.31459057
vt 0.34375000 0.30108696
vt 0.34375000 0.28369564
vt 0.34375000 0.28369564
vt 0.34375000 0.30108696
vt 0.34375000 0.30108696
vt 0.34375000 0.30108696
vt 0.34375000 0.30108696
vt 0.34375000 0.31459057
vt 0.34375000 0.31459057
vt 0.34375000 0.28369564
vt 0.34375000 0.28369564
vt 0.34375000 0.30108696
vt 0.34375000 0.30108696
vt 0.34375000 0.35326087
vt 0.34375000 0.35148311
vt 0.34375000 0.35326087
vt 0.34375000 0.35148311
vt 0.34375000 0.35148311
vt 0.34375000 0.34627092
vt 0.34375000 0.35148311
vt 0.34375000 0.34627092
vt 0.34375000 0.32717395
vt 0.34375000 0.33797950
vt 0.34375000 0.32717395
vt 0.34375000 0.33797950
vt 0.34375000 0.30108696
vt 0.34375000 0.30108696
vt 0.34375000 0.31459057
vt 0.34375000 0.31459057
vt 0.34375000 0.32717395
vt 0.34375000 0.32717395
vt 0.34375000 0.33797950
vt 0.34375000 0.33797950
vt 0.34375000 0.31459057
vt 0.34375000 0.31459057
vt 0.34375000 0.32717395
vt 0.34375000 0.32717395
vt 0.34375000 0.33797950
vt 0.34375000 0.34627092
vt 0.34375000 0.33797950
vt 0.34375000 0.34627092
vt 0.34375000 0.35148311
vt 0.34375000 0.35326087
vt 0.34375000 0.35148311
vt 0.34375000 0.35326087
vt 0.34375000 0.34627092
vt 0.34375000 0.33797950
vt 0.34375000 0.34627092
vt 0.34375000 0.33797950
vt 0.34375000 0.31459057
vt 0.34375000 0.31459057
vt 0.34375000 0.32717395
vt 0.34375000 0.32717395
vt 0.34375000 0.34627092
vt 0.34375000 0.35148311
vt 0.34375000 0.34627092
vt 0.34375000 0.35148311
vt 0.84375000 0.62065220
vt 0.84375000 0.62065220
vt 0.84375000 0.63804346
vt 0.84375000 0.63804346
vt 0.84375000 0.63804346
vt 0.84375000 0.63804346
vt 0.84375000 0.63804346
vt 0.84375000 0.63804346
vt 0.84375000 0.60326087
vt 0.84375000 0.58586955
vt 0.84375000 0.60326087
vt 0.84375000 0.58586955
vt 0.84375000 0.62355071
vt 0.84375000 0.59904724
vt 0.84375000 0.60982609
vt 0.84375000 0.61660194
vt 0.84375000 0.61891305
vt 0.84375000 0.63804346
vt 0.84375000 0.61660194
vt 0.84375000 0.60982609
vt 0.84375000 0.63804346
vt 0.84375000 0.62065220
vt 0.84375000 0.59904724
vt 0.84375000 0.58586955
vt 0.84375000 0.62065220
vt 0.84375000 0.63804346
vt 0.84375000 0.63804346
vt 0.84375000 0.58586955
vt 0.84375000 0.59904724
vt 0.84375000 0.60982609
vt 0.84375000 0.61660194
vt 0.84375000 0.61891305
vt 0.84375000 0.63804346
vt 0.84375000 0.61660194
vt 0.84375000 0.60982609
vt 0.84375000 0.59904724
vt 0.84375000 0.58586955
vt 0.84375000 0.58586955
vt 0.84375000 0.62065220
vt 0.84375000 0.60326087
vt 0.84375000 0.58586955
vt 0.84375000 0.62065220
vt 0.84375000 0.62065220
vt 0.84375000 0.62065220
vt 0.84375000 0.62065220
vt 0.84375000 0.62065220
vt 0.84375000 0.63804346
vt 0.84375000 0.62065220
vt 0.84375000 0.63804346
vt 0.84375000 0.62065220
vt 0.84375000 0.62065220
vt 0.84375000 0.63804346
vt 0.84375000 0.63804346
vt 0.84375000 0.72500002
vt 0.84375000 0.71141970
vt 0.84375000 0.71141970
vt 0.84375000 0.72500002
vt 0.84375000 0.63804346
vt 0.84375000 0.63804346
vt 0.84375000 0.62065220
vt 0.84375000 0.62065220
vt 0.84375000 0.62065220
vt 0.84375000 0.62065220
vt 0.84375000 0.63804346
vt 0.84375000 0.62355071
vt 0.84375000 0.63804346
vt 0.84375000 0.62065220
vt 0.84375000 0.62065220
vt 0.84375000 0.63804346
vt 0.84375000 0.62065220
vt 0.84375000 0.62065220
vt 0.84375000 0.63804346
vt 0.84375000 0.62355071
vt 0.84375000 0.63804346
vt 0.84375000 0.63804346
vt 0.84375000 0.63804346
vt 0.84375000 0.63804346
vt 0.84375000 0.62065220
vt 0.84375000 0.62065220
vt 0.84375000 0.60326087
vt 0.84375000 0.60326087
vt 0.84375000 0.60326087
vt 0.84375000 0.60326087
vt 0.84375000 0.58586955
vt 0.84375000 0.58586955
vt 0.84375000 0.62065220
vt 0.84375000 0.62065220
vt 0.84375000 0.63804346
vt 0.84375000 0.63804346
vt 0.84375000 0.62065220
vt 0.84375000 0.63804346
vt 0.84375000 0.62065220
vt 0.84375000 0.63804346
vt 0.84375000 0.63804346
vt 0.84375000 0.62065220
vt 0.84375000 0.63804346
vt 0.84375000 0.62065220
vt 0.84375000 0.63804346
vt 0.84375000 0.62065220
vt 0.84375000 0.63804346
vt 0.84375000 0.60982609
vt 0.84375000 0.61660194
vt 0.84375000 0.59904724
vt 0.84375000 0.61891305
vt 0.84375000 0.58586955
vt 0.84375000 0.62355071
vt 0.84375000 0.61660194
vt 0.84375000 0.60982609
vt 0.84375000 0.59904724
vt 0.84375000 0.58586955
vt 0.84375000 0.60326087
vt 0.84375000 0.58586955
vt 0.84375000 0.60326087
vt 0.84375000 0.62065220
vt 0.84375000 0.63804346
vt 0.84375000 0.63804346
vt 0.84375000 0.58586955
vt 0.84375000 0.59904724
vt 0.84375000 0.60982609
vt 0.84375000 0.61660194
vt 0.84375000 0.61891305
vt 0.84375000 0.63804346
vt 0.84375000 0.61660194
vt 0.84375000 0.60982609
vt 0.84375000 0.59904724
vt 0.84375000 0.58586955
vt 0.84375000 0.58586955
vt 0.84375000 0.58586955
vt 0.84375000 0.60326087
vt 0.84375000 0.62065220
vt 0.84375000 0.72500002
vt 0.84375000 0.72500002
vt 0.84375000 0.72500002
vt 0.84375000 0.72500002
vt 0.84375000 0.71630436
vt 0.84375000 0.72500002
vt 0.84375000 0.71630436
vt 0.84375000 0.72500002
vt 0.84375000 0.63804346
vt 0.84375000 0.72500002
vt 0.84375000 0.63804346
vt 0.84375000 0.70794642
vt 0.84375000 0.70794642
vt 0.84375000 0.72500002
vt 0.84375000 0.63804346
vt 0.84375000 0.71630436
vt 0.84375000 0.63804346
vt 0.84375000 0.63804346
vt 0.84375000 0.71630436
vt 0.84375000 0.63804346
vt 0.84375000 0.72500002
vt 0.84375000 0.70794642
vt 0.84375000 0.72500002
vt 0.84375000 0.70794642
vt 0.84375000 0.63804346
vt 0.84375000 0.63804346
vt 0.84375000 0.62065220
vt 0.84375000 0.62065220
vt 0.84375000 0.60326087
vt 0.84375000 0.60326087
vt 0.84375000 0.60326087
vt 0.84375000 0.60326087
vt 0.84375000 0.58586955
vt 0.84375000 0.58586955
vt 0.84375000 0.63804346
vt 0.84375000 0.65419090
vt 0.84375000 0.63804346
vt 0.84375000 0.71630436
vt 0.84375000 0.65419090
vt 0.84375000 0.70885253
vt 0.84375000 0.71630436
vt 0.84375000 0.70885253
vt 0.84375000 0.37065220
vt 0.84375000 0.37065220
vt 0.84375000 0.38804346
vt 0.84375000 0.38804346
vt 0.84375000 0.37065220
vt 0.84375000 0.37065220
vt 0.84375000 0.38804346
vt 0.84375000 0.38804346
vt 0.84375000 0.27499998
vt 0.84375000 0.27499998
vt 0.84375000 0.33214283
vt 0.84375000 0.33214283
vt 0.84375000 0.41785717
vt 0.84375000 0.41785717
vt 0.84375000 0.47500002
vt 0.84375000 0.47500002
vt 0.84375000 0.27499998
vt 0.84375000 0.27499998
vt 0.84375000 0.33214283
vt 0.84375000 0.33214283
vt 0.84375000 0.41785717
vt 0.84375000 0.41785717
vt 0.84375000 0.47500002
vt 0.84375000 0.47500002
vt 0.21875000 0.02499998
vt 0.21875000 0.02499998
vt 0.21875000 0.19642854
vt 0.21875000 0.19642854
vt 0.21875000 0.02499998
vt 0.21875000 0.02499998
vt 0.21875000 0.19642854
vt 0.21875000 0.19642854
vt 0.21875000 0.22500002
vt 0.21875000 0.02499998
vt 0.21875000 0.19642854
vt 0.21875000 0.02499998
vt 0.21875000 0.02499998
vt 0.21875000 0.22500002
vt 0.21875000 0.02499998
vt 0.21875000 0.19642854
vt 0.09375000 0.06901270
vt 0.09375000 0.06901270
vt 0.09375000 0.21800292
vt 0.09375000 0.21800292
vt 0.09375000 0.02499998
vt 0.09375000 0.02499998
vt 0.09375000 0.22500002
vt 0.09375000 0.22500002
vt 0.09375000 0.21553302
vt 0.09375000 0.02499998
vt 0.09375000 0.21553302
vt 0.09375000 0.02499998
vt 0.09375000 0.02499998
vt 0.09375000 0.02499998
vt 0.09375000 0.21553302
vt 0.09375000 0.02499998
vt 0.09375000 0.21553302
vt 0.09375000 0.02499998
vt 0.34375000 0.02499998
vt 0.34375000 0.02499998
vt 0.34375000 0.10500002
vt 0.34375000 0.10500002
vt 0.34375000 0.02499998
vt 0.34375000 0.02499998
vt 0.34375000 0.10500002
vt 0.34375000 0.10500002
vt 0.34375000 0.44820505
vt 0.34375000 0.44820505
vt 0.34375000 0.41642135
vt 0.34375000 0.41642135
vt 0.34375000 0.27499998
vt 0.34375000 0.27499998
vt 0.34375000 0.31899923
vt 0.34375000 0.32676381
vt 0.34375000 0.27499998
vt 0.34375000 0.27499998
vt 0.34375000 0.27499998
vt 0.34375000 0.27499998
vt 0.34375000 0.36000001
vt 0.34375000 0.37500000
vt 0.34375000 0.39520812
vt 0.34375000 0.41642135
vt 0.34375000 0.27499998
vt 0.34375000 0.27499998
vt 0.34375000 0.27499998
vt 0.34375000 0.27499998
vt 0.34375000 0.27499998
vt 0.34375000 0.27499998
vt 0.34375000 0.27499998
vt 0.34375000 0.27499998
vt 0.34375000 0.44820505
vt 0.34375000 0.42222428
vt 0.34375000 0.41642135
vt 0.34375000 0.39520812
vt 0.34375000 0.27499998
vt 0.34375000 0.27499998
vt 0.34375000 0.27499998
vt 0.34375000 0.27499998
vt 0.34375000 0.27499998
vt 0.34375000 0.27499998
vt 0.34375000 0.27499998
vt 0.34375000 0.27499998
vt 0.34375000 0.44820505
vt 0.34375000 0.42222428
vt 0.34375000 0.46818519
vt 0.34375000 0.43920738
vt 0.34375000 0.41642135
vt 0.34375000 0.39520812
vt 0.34375000 0.44820505
vt 0.34375000 0.42222428
vt 0.34375000 0.27499998
vt 0.34375000 0.27499998
vt 0.34375000 0.27499998
vt 0.34375000 0.27499998
vt 0.34375000 0.32676381
vt 0.34375000 0.32676381
vt 0.34375000 0.37500000
vt 0.34375000 0.37500000
vt 0.34375000 0.46818519
vt 0.34375000 0.43920738
vt 0.34375000 0.44820505
vt 0.34375000 0.42222428
vt 0.34375000 0.27499998
vt 0.34375000 0.27499998
vt 0.34375000 0.27499998
vt 0.34375000 0.27499998
vt 0.34375000 0.37500000
vt 0.34375000 0.37500000
vt 0.34375000 0.41642135
vt 0.34375000 0.41642135
vt 0.34375000 0.27499998
vt 0.34375000 0.27499998
vt 0.34375000 0.27499998
vt 0.34375000 0.27499998
vt 0.34375000 0.47500002
vt 0.34375000 0.47500002
vt 0.34375000 0.46818519
vt 0.34375000 0.46818519
vt 0.34375000 0.27499998
vt 0.34375000 0.27499998
vt 0.34375000 0.27499998
vt 0.34375000 0.27499998
vt 0.34375000 0.27499998
vt 0.34375000 0.27499998
vt 0.34375000 0.27499998
vt 0.34375000 0.27499998
vt 0.34375000 0.27499998
vt 0.34375000 0.27499998
vt 0.34375000 0.27499998
vt 0.34375000 0.27499998
vt 0.34375000 0.27499998
vt 0.34375000 0.27499998
vt 0.34375000 0.27499998
vt 0.34375000 0.27499998
vt 0.34375000 0.27499998
vt 0.34375000 0.27499998
vt 0.34375000 0.27499998
vt 0.34375000 0.27499998
vt 0.34375000 0.27499998
vt 0.34375000 0.27499998
vt 0.34375000 0.27499998
vt 0.34375000 0.27499998
vt 0.34375000 0.36000001
vt 0.34375000 0.39520812
vt 0.34375000 0.37500000
vt 0.34375000 0.41642135
vt 0.34375000 0.27499998
vt 0.34375000 0.27499998
vt 0.34375000 0.27499998
vt 0.34375000 0.27499998
vt 0.34375000 0.46818519
vt 0.34375000 0.46818519
vt 0.34375000 0.44820505
vt 0.34375000 0.44820505
vt 0.34375000 0.46818519
vt 0.34375000 0.43920738
vt 0.34375000 0.47500002
vt 0.34375000 0.44499999
vt 0.34375000 0.31899923
vt 0.34375000 0.36000001
vt 0.34375000 0.32676381
vt 0.34375000 0.37500000
vt 0.34375000 0.47500002
vt 0.34375000 0.44499999
vt 0.34375000 0.46818519
vt 0.34375000 0.43920738
vt 0.34375000 0.37500000
vt 0.34375000 0.37500000
vt 0.34375000 0.41642135
vt 0.34375000 0.41642135
vt 0.34375000 0.27499998
vt 0.34375000 0.27499998
vt 0.34375000 0.32676381
vt 0.34375000 0.32676381
vt 0.34375000 0.31899923
vt 0.34375000 0.32676381
vt 0.34375000 0.36000001
vt 0.34375000 0.37500000
vt 0.34375000 0.27499998
vt 0.34375000 0.27499998
vt 0.34375000 0.32676381
vt 0.34375000 0.31899923
vt 0.34375000 0.41642135
vt 0.34375000 0.41642135
vt 0.34375000 0.44820505
vt 0.34375000 0.44820505
vt 0.34375000 0.27499998
vt 0.34375000 0.27499998
vt 0.34375000 0.32676381
vt 0.34375000 0.32676381
vt 0.34375000 0.27499998
vt 0.34375000 0.27499998
vt 0.34375000 0.27499998
vt 0.34375000 0.27499998
vt 0.34375000 0.27499998
vt 0.34375000 0.27499998
vt 0.34375000 0.27499998
vt 0.34375000 0.27499998
vt 0.34375000 0.43920738
vt 0.34375000 0.46818519
vt 0.34375000 0.42222428
vt 0.34375000 0.44820505
vt 0.34375000 0.27499998
vt 0.34375000 0.27499998
vt 0.34375000 0.27499998
vt 0.34375000 0.27499998
vt 0.34375000 0.32676381
vt 0.34375000 0.32676381
vt 0.34375000 0.37500000
vt 0.34375000 0.37500000
vt 0.34375000 0.27499998
vt 0.34375000 0.27499998
vt 0.34375000 0.27499998
vt 0.34375000 0.27499998
vt 0.34375000 0.27499998
vt 0.34375000 0.27499998
vt 0.34375000 0.27499998
vt 0.34375000 0.27499998
vt 0.34375000 0.27499998
vt 0.34375000 0.27499998
vt 0.34375000 0.27499998
vt 0.34375000 0.27499998
vt 0.34375000 0.27499998
vt 0.34375000 0.27499998
vt 0.34375000 0.27499998
vt 0.34375000 0.27499998
vt 0.34375000 0.44820505
vt 0.34375000 0.44820505
vt 0.34375000 0.46818519
vt 0.34375000 0.46818519
vt 0.34375000 0.27499998
vt 0.34375000 0.27499998
vt 0.34375000 0.27499998
vt 0.34375000 0.27499998
vt 0.34375000 0.27499998
vt 0.34375000 0.27499998
vt 0.34375000 0.27499998
vt 0.34375000 0.27499998
vt 0.34375000 0.46818519
vt 0.34375000 0.46818519
vt 0.34375000 0.47500002
vt 0.34375000 0.47500002
vt 0.34375000 0.39520812
vt 0.34375000 0.41642135
vt 0.34375000 0.42222428
vt 0.34375000 0.44820505
vt 0.34375000 0.27499998
vt 0.34375000 0.27499998
vt 0.34375000 0.27499998
vt 0.34375000 0.27499998
vt 0.34375000 0.43920738
vt 0.34375000 0.46818519
vt 0.34375000 0.44499999
vt 0.34375000 0.47500002
vt 0.34375000 0.42222428
vt 0.34375000 0.44820505
vt 0.34375000 0.43920738
vt 0.34375000 0.46818519
vt 0.34375000 0.31899923
vt 0.34375000 0.36000001
vt 0.34375000 0.32676381
vt 0.34375000 0.37500000
vt 0.34375000 0.27499998
vt 0.34375000 0.27499998
vt 0.34375000 0.31899923
vt 0.34375000 0.32676381
vt 0.34375000 0.27499998
vt 0.34375000 0.27499998
vt 0.34375000 0.27499998
vt 0.34375000 0.27499998
vt 0.34375000 0.36000001
vt 0.34375000 0.37500000
vt 0.34375000 0.39520812
vt 0.34375000 0.41642135
vt 0.34375000 0.27499998
vt 0.34375000 0.27499998
vt 0.34375000 0.27499998
vt 0.34375000 0.27499998
vt 0.34375000 0.27499998
vt 0.34375000 0.27499998
vt 0.34375000 0.27499998
vt 0.34375000 0.27499998
vt 0.34375000 0.27499998
vt 0.34375000 0.27499998
vt 0.34375000 0.27499998
vt 0.34375000 0.27499998
vt 0.34375000 0.27499998
vt 0.34375000 0.27499998
vt 0.34375000 0.27499998
vt 0.34375000 0.27499998
vt 0.34375000 0.36000001
vt 0.34375000 0.39520812
vt 0.34375000 0.37500000
vt 0.34375000 0.41642135
vt 0.34375000 0.27499998
vt 0.34375000 0.27499998
vt 0.34375000 0.27499998
vt 0.34375000 0.27499998
vt 0.34375000 0.27499998
vt 0.34375000 0.27499998
vt 0.34375000 0.27499998
vt 0.34375000 0.27499998
vt 0.34375000 0.27499998
vt 0.34375000 0.27499998
vt 0.34375000 0.27499998
vt 0.34375000 0.27499998
vt 0.34375000 0.42222428
vt 0.34375000 0.44820505
vt 0.34375000 0.39520812
vt 0.34375000 0.41642135
vt 0.34375000 0.44499999
vt 0.34375000 0.47500002
vt 0.34375000 0.43920738
vt 0.34375000 0.46818519
vt 0.34375000 0.27499998
vt 0.34375000 0.27499998
vt 0.34375000 0.27499998
vt 0.34375000 0.27499998
vt 0.34375000 0.27499998
vt 0.34375000 0.27499998
vt 0.34375000 0.27499998
vt 0.34375000 0.27499998
vt 0.34375000 0.27499998
vt 0.34375000 0.27499998
vt 0.34375000 0.32676381
vt 0.34375000 0.31899923
vt 0.34375000 0.27499998
vt 0.34375000 0.27499998
vt 0.34375000 0.31899923
vt 0.34375000 0.27499998
vt 0.34375000 0.36000001
vt 0.34375000 0.39520812
vt 0.34375000 0.27499998
vt 0.34375000 0.42222428
vt 0.34375000 0.27499998
vt 0.34375000 0.43920738
vt 0.34375000 0.27499998
vt 0.34375000 0.44499999
vt 0.34375000 0.27499998
vt 0.34375000 0.43920738
vt 0.34375000 0.27499998
vt 0.34375000 0.42222428
vt 0.34375000 0.27499998
vt 0.34375000 0.39520812
vt 0.34375000 0.27499998
vt 0.34375000 0.36000001
vt 0.34375000 0.27499998
vt 0.34375000 0.31899923
vt 0.34375000 0.27499998
vt 0.34375000 0.27499998
vt 0.34375000 0.27499998
vt 0.34375000 0.27499998
vt 0.34375000 0.27499998
vt 0.34375000 0.27499998
vt 0.34375000 0.31899923
vt 0.34375000 0.32676381
vt 0.34375000 0.36000001
vt 0.34375000 0.37500000
vt 0.34375000 0.27499998
vt 0.34375000 0.31899923
vt 0.34375000 0.27499998
vt 0.34375000 0.27499998
vt 0.34375000 0.36000001
vt 0.34375000 0.27499998
vt 0.34375000 0.27499998
vt 0.34375000 0.39520812
vt 0.34375000 0.27499998
vt 0.34375000 0.30629432
vt 0.34375000 0.27499998
vt 0.34375000 0.42222428
vt 0.34375000 0.27499998
vt 0.34375000 0.27499998
vt 0.34375000 0.27499998
vt 0.34375000 0.27499998
vt 0.34375000 0.27499998
vt 0.34375000 0.27499998
vt 0.34375000 0.27499998
vt 0.34375000 0.33545607
vt 0.34375000 0.36049783
vt 0.34375000 0.37971300
vt 0.34375000 0.43920738
vt 0.34375000 0.39179212
vt 0.34375000 0.27499998
vt 0.34375000 0.27499998
vt 0.34375000 0.27499998
vt 0.34375000 0.27499998
vt 0.34375000 0.27499998
vt 0.34375000 0.44499999
vt 0.34375000 0.39591211
vt 0.34375000 0.39179212
vt 0.34375000 0.43920738
vt 0.34375000 0.37971300
vt 0.34375000 0.42222428
vt 0.34375000 0.36049783
vt 0.34375000 0.27499998
vt 0.34375000 0.39520812
vt 0.34375000 0.27499998
vt 0.34375000 0.27499998
vt 0.34375000 0.33545607
vt 0.34375000 0.30629432
vt 0.34375000 0.27499998
vt 0.34375000 0.27499998
vt 0.34375000 0.36000001
vt 0.34375000 0.27499998
vt 0.34375000 0.31899923
vt 0.34375000 0.27499998
vt 0.71875000 0.37500000
vt 0.71875000 0.34911811
vt 0.71875000 0.40088189
vt 0.71875000 0.42500001
vt 0.71875000 0.32499999
vt 0.71875000 0.44571066
vt 0.71875000 0.30428934
vt 0.71875000 0.37500000
vt 0.71875000 0.39219266
vt 0.71875000 0.35780734
vt 0.71875000 0.46160257
vt 0.71875000 0.40821362
vt 0.71875000 0.42197120
vt 0.71875000 0.28839743
vt 0.71875000 0.34178638
vt 0.71875000 0.32802880
vt 0.71875000 0.47159255
vt 0.71875000 0.43252772
vt 0.71875000 0.43916380
vt 0.71875000 0.47500002
vt 0.71875000 0.44142729
vt 0.71875000 0.27840745
vt 0.71875000 0.31747228
vt 0.71875000 0.31083620
vt 0.71875000 0.47159255
vt 0.71875000 0.43916380
vt 0.71875000 0.43252772
vt 0.71875000 0.27499998
vt 0.71875000 0.30857271
vt 0.71875000 0.31083620
vt 0.71875000 0.27840745
vt 0.71875000 0.31747228
vt 0.71875000 0.46160257
vt 0.71875000 0.42197120
vt 0.71875000 0.40821362
vt 0.71875000 0.28839743
vt 0.71875000 0.32802880
vt 0.71875000 0.34178638
vt 0.71875000 0.44571066
vt 0.71875000 0.30428934
vt 0.71875000 0.39219266
vt 0.71875000 0.35780734
vt 0.71875000 0.37500000
vt 0.71875000 0.42500001
vt 0.71875000 0.32499999
vt 0.71875000 0.40088189
vt 0.71875000 0.34911811
vt 0.71875000 0.37500000
vt 0.71875000 0.34397781
vt 0.71875000 0.34500003
vt 0.71875000 0.35363704
vt 0.71875000 0.35500002
vt 0.71875000 0.28602219
vt 0.71875000 0.28901923
vt 0.71875000 0.27636296
vt 0.71875000 0.28035897
vt 0.71875000 0.29378676
vt 0.71875000 0.28901923
vt 0.71875000 0.28671575
vt 0.71875000 0.28035897
vt 0.71875000 0.30464721
vt 0.71875000 0.30723542
vt 0.71875000 0.31500000
vt 0.71875000 0.31500000
vt 0.71875000 0.28602219
vt 0.71875000 0.27636296
vt 0.71875000 0.28499997
vt 0.71875000 0.27499998
vt 0.71875000 0.32276458
vt 0.71875000 0.32535279
vt 0.71875000 0.32999998
vt 0.71875000 0.33500004
vt 0.71875000 0.31500000
vt 0.71875000 0.32276458
vt 0.71875000 0.31500000
vt 0.71875000 0.32535279
vt 0.71875000 0.28901923
vt 0.71875000 0.29378676
vt 0.71875000 0.28035897
vt 0.71875000 0.28671575
vt 0.71875000 0.31500000
vt 0.71875000 0.31500000
vt 0.71875000 0.32276458
vt 0.71875000 0.32535279
vt 0.71875000 0.28602219
vt 0.71875000 0.28499997
vt 0.71875000 0.27636296
vt 0.71875000 0.27499998
vt 0.71875000 0.29500002
vt 0.71875000 0.30464721
vt 0.71875000 0.30000001
vt 0.71875000 0.30723542
vt 0.71875000 0.33621323
vt 0.71875000 0.34098077
vt 0.71875000 0.34328425
vt 0.71875000 0.34964103
vt 0.71875000 0.28602219
vt 0.71875000 0.27636296
vt 0.71875000 0.28901923
vt 0.71875000 0.28035897
vt 0.71875000 0.34098077
vt 0.71875000 0.34397781
vt 0.71875000 0.34964103
vt 0.71875000 0.35363704
vt 0.71875000 0.32999998
vt 0.71875000 0.33500004
vt 0.71875000 0.33621323
vt 0.71875000 0.34328425
vt 0.71875000 0.29500002
vt 0.71875000 0.30000001
vt 0.71875000 0.30464721
vt 0.71875000 0.30723542
vt 0.71875000 0.31500000
vt 0.71875000 0.32276458
vt 0.71875000 0.30723542
vt 0.71875000 0.30000001
vt 0.71875000 0.32999998
vt 0.71875000 0.29378676
vt 0.71875000 0.33621323
vt 0.71875000 0.28901923
vt 0.71875000 0.34098077
vt 0.71875000 0.28602219
vt 0.71875000 0.34397781
vt 0.71875000 0.28499997
vt 0.71875000 0.34500003
vt 0.71875000 0.28602219
vt 0.71875000 0.34397781
vt 0.71875000 0.28901923
vt 0.71875000 0.34098077
vt 0.71875000 0.29378676
vt 0.71875000 0.33621323
vt 0.71875000 0.30000001
vt 0.71875000 0.32999998
vt 0.71875000 0.30723542
vt 0.71875000 0.32276458
vt 0.71875000 0.31500000
vt 0.71875000 0.34500003
vt 0.71875000 0.34397781
vt 0.71875000 0.35500002
vt 0.71875000 0.35363704
vt 0.71875000 0.34098077
vt 0.71875000 0.33621323
vt 0.71875000 0.34964103
vt 0.71875000 0.34328425
vt 0.71875000 0.34397781
vt 0.71875000 0.34098077
vt 0.71875000 0.35363704
vt 0.71875000 0.34964103
vt 0.71875000 0.28671575
vt 0.71875000 0.29500002
vt 0.71875000 0.29378676
vt 0.71875000 0.30000001
vt 0.71875000 0.32999998
vt 0.71875000 0.33621323
vt 0.71875000 0.33500004
vt 0.71875000 0.34328425
vt 0.71875000 0.28671575
vt 0.71875000 0.29378676
vt 0.71875000 0.29500002
vt 0.71875000 0.30000001
vt 0.71875000 0.30464721
vt 0.71875000 0.31500000
vt 0.71875000 0.30723542
vt 0.71875000 0.31500000
vt 0.71875000 0.32276458
vt 0.71875000 0.32999998
vt 0.71875000 0.32535279
vt 0.71875000 0.33500004
f 360/360 358/358 359/359
f 359/359 358/358 357/357
f 358/358 356/356 357/357
f 356/356 355/355 357/357
f 357/357 355/355 350/350
f 356/356 349/349 355/355
f 355/355 354/354 350/350
f 355/355 349/349 352/352
f 354/354 353/353 350/350
f 353/353 348/348 350/350
f 352/352 349/349 351/351
f 351/351 349/349 341/341
f 350/350 348/348 347/347
f 349/349 340/340 341/341
f 348/348 346/346 347/347
f 347/347 346/346 345/345
f 346/346 344/344 345/345
f 345/345 344/344 342/342
f 344/344 343/343 342/342
f 343/343 336/336 342/342
f 342/342 336/336 335/335
f 341/341 340/340 339/339
f 340/340 337/337 339/339
f 339/339 337/337 338/338
f 338/338 337/337 331/331
f 337/337 330/330 331/331
f 336/336 334/334 335/335
f 335/335 334/334 324/324
f 334/334 333/333 324/324
f 333/333 332/332 324/324
f 332/332 322/322 324/324
f 331/331 330/330 329/329
f 330/330 328/328 329/329
f 329/329 328/328 327/327
f 328/328 323/323 327/327
f 327/327 323/323 326/326
f 326/326 323/323 325/325
f 325/325 323/323 321/321
f 324/324 322/322 320/320
f 323/323 318/318 321/321
f 322/322 319/319 320/320
f 321/321 318/318 319/319
f 317/317 320/320 319/319
f 319/319 318/318 317/317
f 318/318 316/316 317/317
f 317/317 316/316 314/314
f 316/316 315/315 314/314
f 313/313 314/314 315/315
f 312/312 311/311 310/310
f 309/309 310/310 311/311
f 308/308 307/307 306/306
f 305/305 306/306 307/307
f 304/304 302/302 303/303
f 303/303 302/302 301/301
f 302/302 300/300 301/301
f 301/301 300/300 299/299
f 300/300 298/298 299/299
f 299/299 298/298 297/297
f 298/298 296/296 297/297
f 297/297 296/296 295/295
f 296/296 294/294 295/295
f 295/295 294/294 293/293
f 294/294 292/292 293/293
f 293/293 292/292 291/291
f 292/292 290/290 291/291
f 291/291 290/290 289/289
f 290/290 288/288 289/289
f 289/289 288/288 287/287
f 288/288 286/286 287/287
f 287/287 286/286 284/284
f 286/286 285/285 284/284
f 285/285 283/283 284/284
f 284/284 283/283 282/282
f 281/281 282/282 283/283
f 280/280 279/279 278/278
f 277/277 278/278 279/279
f 276/276 275/275 274/274
f 273/273 274/274 275/275
f 272/272 271/271 270/270
f 269/269 270/270 271/271
f 268/268 267/267 266/266
f 265/265 266/266 267/267
f 264/264 263/263 262/262
f 261/261 262/262 263/263
f 260/260 259/259 258/258
f 257/257 258/258 259/259
f 256/256 255/255 254/254
f 253/253 254/254 255/255
f 252/252 251/251 250/250
f 249/249 250/250 251/251
f 248/248 247/247 246/246
f 245/245 246/246 247/247
f 244/244 243/243 242/242
f 241/241 242/242 243/243
f 240/240 239/239 238/238
f 237/237 238/238 239/239
f 236/236 235/235 234/234
f 233/233 234/234 235/235
f 232/232 231/231 230/230
f 229/229 230/230 231/231
f 228/228 227/227 226/226
f 225/225 226/226 227/227
f 224/224 223/223 222/222
f 221/221 222/222 223/223
f 220/220 219/219 218/218
f 217/217 218/218 219/219
f 216/216 215/215 214/214
f 213/213 214/214 215/215
f 212/212 211/211 210/210
f 209/209 210/210 211/211
f 208/208 207/207 206/206
f 205/205 206/206 207/207
f 204/204 203/203 202/202
f 201/201 202/202 203/203
f 200/200 199/199 198/198
f 197/197 198/198 199/199
f 196/196 195/195 194/194
f 193/193 194/194 195/195
f 192/192 191/191 190/190
f 189/189 190/190 191/191
f 188/188 187/187 186/186
f 185/185 186/186 187/187
f 184/184 183/183 182/182
f 181/181 182/182 183/183
f 180/180 179/179 178/178
f 177/177 178/178 179/179
f 176/176 175/175 174/174
f 173/173 174/174 175/175
f 172/172 171/171 170/170
f 169/169 170/170 171/171
f 168/168 167/167 166/166
f 165/165 166/166 167/167
f 164/164 163/163 162/162
f 161/161 162/162 163/163
f 160/160 159/159 158/158
f 157/157 158/158 159/159
f 156/156 155/155 154/154
f 153/153 154/154 155/155
f 152/152 151/151 150/150
f 149/149 150/150 151/151
f 148/148 147/147 146/146
f 145/145 146/146 147/147
f 144/144 143/143 142/142
f 141/141 142/142 143/143
f 140/140 139/139 138/138
f 137/137 138/138 139/139
f 136/136 135/135 134/134
f 133/133 134/134 135/135
f 132/132 131/131 130/130
f 129/129 130/130 131/131
f 128/128 127/127 126/126
f 125/125 126/126 127/127
f 124/124 123/123 122/122
f 121/121 122/122 123/123
f 120/120 119/119 118/118
f 117/117 118/118 119/119
f 116/116 115/115 114/114
f 113/113 114/114 115/115
f 112/112 111/111 110/110
f 109/109 110/110 111/111
f 108/108 107/107 106/106
f 105/105 106/106 107/107
f 104/104 103/103 102/102
f 101/101 102/102 103/103
f 100/100 99/99 98/98
f 97/97 98/98 99/99
f 96/96 95/95 94/94
f 93/93 94/94 95/95
f 92/92 91/91 90/90
f 89/89 90/90 91/91
f 88/88 87/87 86/86
f 85/85 86/86 87/87
f 84/84 83/83 82/82
f 81/81 82/82 83/83
f 80/80 79/79 78/78
f 77/77 78/78 79/79
f 76/76 75/75 74/74
f 73/73 74/74 75/75
f 72/72 71/71 70/70
f 69/69 70/70 71/71
f 68/68 67/67 66/66
f 65/65 66/66 67/67
f 64/64 63/63 62/62
f 61/61 62/62 63/63
f 60/60 59/59 58/58
f 57/57 58/58 59/59
f 56/56 55/55 54/54
f 53/53 54/54 55/55
f 52/52 51/51 50/50
f 49/49 50/50 51/51
f 48/48 47/47 46/46
f 45/45 46/46 47/47
f 44/44 43/43 42/42
f 41/41 42/42 43/43
f 40/40 39/39 38/38
f 37/37 38/38 39/39
f 36/36 35/35 34/34
f 33/33 34/34 35/35
f 32/32 31/31 30/30
f 29/29 30/30 31/31
f 28/28 27/27 26/26
f 25/25 26/26 27/27
f 24/24 23/23 22/22
f 21/21 22/22 23/23
f 20/20 19/19 18/18
f 17/17 18/18 19/19
f 16/16 15/15 14/14
f 13/13 14/14 15/15
f 12/12 11/11 10/10
f 9/9 10/10 11/11
f 8/8 7/7 6/6
f 5/5 6/6 7/7
f 4/4 3/3 2/2
f 1/1 2/2 3/3
f 408/408 406/406 407/407
f 407/407 406/406 405/405
f 406/406 404/404 405/405
f 405/405 404/404 400/400
f 404/404 399/399 400/400
f 399/399 403/403 400/400
f 403/403 402/402 400/400
f 403/403 399/399 401/401
f 402/402 398/398 400/400
f 401/401 399/399 395/395
f 400/400 398/398 396/396
f 399/399 393/393 395/395
f 398/398 397/397 396/396
f 397/397 392/392 396/396
f 396/396 392/392 391/391
f 395/395 393/393 394/394
f 394/394 393/393 387/387
f 393/393 385/385 387/387
f 392/392 390/390 391/391
f 391/391 390/390 388/388
f 390/390 389/389 388/388
f 389/389 384/384 388/388
f 388/388 384/384 382/382
f 387/387 385/385 386/386
f 386/386 385/385 381/381
f 385/385 380/380 381/381
f 384/384 383/383 382/382
f 383/383 376/376 382/382
f 382/382 376/376 374/374
f 381/381 380/380 379/379
f 380/380 377/377 379/379
f 379/379 377/377 378/378
f 378/378 377/377 373/373
f 377/377 371/371 373/373
f 376/376 375/375 374/374
f 375/375 370/370 374/374
f 374/374 370/370 367/367
f 373/373 371/371 372/372
f 372/372 371/371 369/369
f 371/371 366/366 369/369
f 370/370 368/368 367/367
f 368/368 369/369 366/366
f 368/368 366/366 367/367
f 367/367 366/366 365/365
f 366/366 364/364 365/365
f 365/365 364/364 362/362
f 364/364 363/363 362/362
f 361/361 362/362 363/363
f 528/528 527/527 526/526
f 525/525 526/526 527/527
f 524/524 523/523 522/522
f 521/521 522/522 523/523
f 520/520 519/519 518/518
f 517/517 518/518 519/519
f 516/516 515/515 514/514
f 513/513 514/514 515/515
f 512/512 511/511 510/510
f 509/509 510/510 511/511
f 508/508 507/507 506/506
f 505/505 506/506 507/507
f 504/504 503/503 502/502
f 501/501 502/502 503/503
f 500/500 499/499 498/498
f 497/497 498/498 499/499
f 496/496 494/494 495/495
f 495/495 494/494 493/493
f 494/494 492/492 493/493
f 493/493 492/492 491/491
f 492/492 490/490 491/491
f 491/491 490/490 489/489
f 490/490 488/488 489/489
f 489/489 488/488 487/487
f 488/488 486/486 487/487
f 487/487 486/486 485/485
f 486/486 484/484 485/485
f 485/485 484/484 483/483
f 484/484 482/482 483/483
f 483/483 482/482 481/481
f 482/482 480/480 481/481
f 481/481 480/480 479/479
f 480/480 478/478 479/479
f 479/479 478/478 477/477
f 478/478 476/476 477/477
f 477/477 476/476 474/474
f 476/476 475/475 474/474
f 473/473 474/474 475/475
f 472/472 471/471 470/470
f 469/469 470/470 471/471
f 468/468 467/467 466/466
f 465/465 466/466 467/467
f 464/464 463/463 462/462
f 461/461 462/462 463/463
f 460/460 459/459 458/458
f 457/457 458/458 459/459
f 456/456 455/455 454/454
f 453/453 454/454 455/455
f 452/452 451/451 450/450
f 449/449 450/450 451/451
f 448/448 447/447 446/446
f 445/445 446/446 447/447
f 444/444 443/443 442/442
f 441/441 442/442 443/443
f 440/440 439/439 438/438
f 437/437 438/438 439/439
f 436/436 435/435 434/434
f 433/433 434/434 435/435
f 432/432 431/431 430/430
f 429/429 430/430 431/431
f 428/428 427/427 426/426
f 425/425 426/426 427/427
f 424/424 423/423 422/422
f 421/421 422/422 423/423
f 420/420 419/419 418/418
f 417/417 418/418 419/419
f 416/416 415/415 414/414
f 413/413 414/414 415/415
f 412/412 411/411 410/410
f 409/409 410/410 411/411
f 531/531 530/530 529/529
f 530/530 531/531 532/532
f 535/535 534/534 533/533
f 534/534 535/535 536/536
f 539/539 538/538 537/537
f 538/538 539/539 540/540
f 543/543 542/542 541/541
f 542/542 543/543 544/544
f 547/547 546/546 545/545
f 546/546 547/547 548/548
f 551/551 550/550 549/549
f 550/550 551/551 552/552
f 555/555 554/554 553/553
f 554/554 555/555 556/556
f 559/559 558/558 557/557
f 558/558 559/559 560/560
f 563/563 562/562 561/561
f 562/562 563/563 564/564
f 567/567 566/566 565/565
f 566/566 567/567 568/568
f 571/571 570/570 569/569
f 570/570 571/571 572/572
f 575/575 574/574 573/573
f 574/574 575/575 576/576
f 579/579 578/578 577/577
f 578/578 579/579 580/580
f 583/583 582/582 581/581
f 582/582 583/583 584/584
f 587/587 586/586 585/585
f 586/586 587/587 588/588
f 591/591 590/590 589/589
f 590/590 591/591 592/592
f 595/595 594/594 593/593
f 594/594 595/595 596/596
f 599/599 598/598 597/597
f 598/598 599/599 600/600
f 603/603 602/602 601/601
f 602/602 603/603 604/604
f 607/607 606/606 605/605
f 606/606 607/607 608/608
f 611/611 610/610 609/609
f 610/610 611/611 612/612
f 615/615 614/614 613/613
f 614/614 615/615 616/616
f 619/619 618/618 617/617
f 618/618 619/619 620/620
f 623/623 622/622 621/621
f 622/622 623/623 624/624
f 627/627 626/626 625/625
f 626/626 627/627 628/628
f 631/631 630/630 629/629
f 630/630 631/631 632/632
f 635/635 634/634 633/633
f 634/634 635/635 636/636
f 639/639 638/638 637/637
f 638/638 639/639 640/640
f 643/643 642/642 641/641
f 642/642 643/643 644/644
f 647/647 646/646 645/645
f 646/646 647/647 648/648
f 651/651 650/650 649/649
f 650/650 651/651 652/652
f 655/655 654/654 653/653
f 654/654 655/655 656/656
f 659/659 658/658 657/657
f 658/658 659/659 660/660
f 663/663 662/662 661/661
f 662/662 663/663 664/664
f 667/667 666/666 665/665
f 666/666 667/667 668/668
f 671/671 670/670 669/669
f 670/670 671/671 672/672
f 675/675 674/674 673/673
f 674/674 675/675 676/676
f 679/679 678/678 677/677
f 678/678 679/679 680/680
f 683/683 682/682 681/681
f 682/682 683/683 684/684
f 687/687 686/686 685/685
f 686/686 687/687 688/688
f 691/691 690/690 689/689
f 690/690 691/691 692/692
f 695/695 694/694 693/693
f 694/694 695/695 696/696
f 699/699 698/698 697/697
f 698/698 699/699 700/700
f 703/703 702/702 701/701
f 702/702 703/703 704/704
f 707/707 706/706 705/705
f 706/706 707/707 708/708
f 711/711 710/710 709/709
f 710/710 711/711 712/712
f 715/715 714/714 713/713
f 714/714 715/715 716/716
f 719/719 718/718 717/717
f 718/718 719/719 720/720
f 723/723 722/722 721/721
f 722/722 723/723 724/724
f 727/727 726/726 725/725
f 726/726 727/727 728/728
f 731/731 730/730 729/729
f 730/730 731/731 732/732
f 735/735 734/734 733/733
f 734/734 735/735 736/736
f 739/739 738/738 737/737
f 738/738 739/739 740/740
f 743/743 742/742 741/741
f 742/742 743/743 744/744
f 747/747 746/746 745/745
f 746/746 747/747 748/748
f 751/751 750/750 749/749
f 750/750 751/751 752/752
f 755/755 754/754 753/753
f 754/754 755/755 756/756
f 759/759 758/758 757/757
f 758/758 759/759 760/760
f 763/763 762/762 761/761
f 762/762 763/763 764/764
f 767/767 766/766 765/765
f 766/766 767/767 768/768
f 771/771 770/770 769/769
f 770/770 771/771 772/772
f 775/775 774/774 773/773
f 774/774 775/775 776/776
f 779/779 778/778 777/777
f 778/778 779/779 780/780
f 783/783 782/782 781/781
f 782/782 783/783 784/784
f 787/787 786/786 785/785
f 786/786 787/787 788/788
f 791/791 790/790 789/789
f 790/790 791/791 792/792
f 795/795 794/794 793/793
f 794/794 795/795 796/796
f 799/799 798/798 797/797
f 798/798 799/799 800/800
f 803/803 802/802 801/801
f 802/802 803/803 804/804
f 807/807 806/806 805/805
f 806/806 807/807 808/808
f 811/811 810/810 809/809
f 810/810 811/811 812/812
f 812/812 811/811 813/813
f 812/812 813/813 814/814
f 812/812 814/814 815/815
f 815/815 814/814 816/816
f 815/815 816/816 817/817
f 817/817 816/816 818/818
f 817/817 818/818 819/819
f 819/819 818/818 820/820
f 819/819 820/820 821/821
f 821/821 820/820 822/822
f 821/821 822/822 823/823
f 823/823 822/822 824/824
f 823/823 824/824 825/825
f 825/825 824/824 826/826
f 825/825 826/826 827/827
f 827/827 826/826 828/828
f 827/827 828/828 829/829
f 829/829 828/828 830/830
f 829/829 830/830 831/831
f 831/831 830/830 832/832
f 835/835 834/834 833/833
f 834/834 835/835 836/836
f 839/839 838/838 837/837
f 838/838 839/839 840/840
f 843/843 842/842 841/841
f 842/842 843/843 844/844
f 842/842 844/844 845/845
f 845/845 844/844 846/846
f 845/845 846/846 847/847
f 847/847 848/848 845/845
f 847/847 846/846 849/849
f 848/848 847/847 850/850
f 849/849 846/846 851/851
f 848/848 850/850 852/852
f 849/849 851/851 853/853
f 853/853 851/851 854/854
f 854/854 851/851 855/855
f 855/855 851/851 856/856
f 855/855 856/856 857/857
f 857/857 856/856 858/858
f 857/857 858/858 859/859
f 852/852 850/850 860/860
f 852/852 860/860 861/861
f 852/852 861/861 862/862
f 852/852 862/862 863/863
f 863/863 862/862 864/864
f 859/859 858/858 865/865
f 859/859 865/865 866/866
f 866/866 865/865 867/867
f 867/867 865/865 868/868
f 867/867 868/868 869/869
f 863/863 864/864 870/870
f 870/870 864/864 871/871
f 870/870 871/871 872/872
f 870/870 872/872 873/873
f 873/873 872/872 874/874
f 873/873 874/874 875/875
f 875/875 874/874 876/876
f 869/869 868/868 877/877
f 875/875 876/876 878/878
f 869/869 877/877 879/879
f 879/879 877/877 880/880
f 878/878 876/876 881/881
f 878/878 881/881 882/882
f 880/880 877/877 883/883
f 878/878 882/882 883/883
f 883/883 877/877 884/884
f 878/878 883/883 885/885
f 885/885 883/883 884/884
f 885/885 884/884 886/886
f 885/885 886/886 887/887
f 887/887 886/886 888/888
f 891/891 890/890 889/889
f 890/890 891/891 892/892
f 890/890 892/892 893/893
f 893/893 892/892 894/894
f 893/893 894/894 895/895
f 895/895 894/894 896/896
f 894/894 897/897 896/896
f 895/895 896/896 898/898
f 897/897 894/894 899/899
f 897/897 899/899 900/900
f 900/900 899/899 901/901
f 895/895 898/898 902/902
f 902/902 898/898 903/903
f 902/902 903/903 904/904
f 901/901 899/899 905/905
f 901/901 905/905 906/906
f 906/906 905/905 907/907
f 907/907 905/905 908/908
f 907/907 908/908 909/909
f 902/902 904/904 910/910
f 910/910 904/904 911/911
f 910/910 911/911 912/912
f 909/909 908/908 913/913
f 909/909 913/913 914/914
f 914/914 913/913 915/915
f 910/910 912/912 916/916
f 916/916 912/912 917/917
f 916/916 917/917 918/918
f 916/916 918/918 919/919
f 919/919 918/918 920/920
f 915/915 913/913 921/921
f 915/915 921/921 922/922
f 922/922 921/921 923/923
f 919/919 920/920 924/924
f 924/924 920/920 925/925
f 924/924 925/925 926/926
f 923/923 921/921 927/927
f 924/924 926/926 928/928
f 923/923 927/927 929/929
f 928/928 926/926 930/930
f 929/929 927/927 931/931
f 928/928 930/930 931/931
f 928/928 931/931 927/927
f 928/928 927/927 932/932
f 928/928 932/932 933/933
f 933/933 932/932 934/934
f 933/933 934/934 935/935
f 935/935 934/934 936/936
f 939/939 938/938 937/937
f 938/938 939/939 940/940
f 943/943 942/942 941/941
f 942/942 943/943 944/944
f 947/947 946/946 945/945
f 946/946 947/947 948/948
f 951/951 950/950 949/949
f 950/950 951/951 952/952
f 955/955 954/954 953/953
f 954/954 955/955 956/956
f 959/959 958/958 957/957
f 958/958 959/959 960/960
f 963/963 962/962 961/961
f 962/962 963/963 964/964
f 967/967 966/966 965/965
f 966/966 967/967 968/968
f 971/971 970/970 969/969
f 970/970 971/971 972/972
f 975/975 974/974 973/973
f 974/974 975/975 976/976
f 979/979 978/978 977/977
f 978/978 979/979 980/980
f 983/983 982/982 981/981
f 982/982 983/983 984/984
f 987/987 986/986 985/985
f 986/986 987/987 988/988
f 991/991 990/990 989/989
f 990/990 991/991 992/992
f 995/995 994/994 993/993
f 994/994 995/995 996/996
f 999/999 998/998 997/997
f 998/998 999/999 1000/1000
f 1003/1003 1002/1002 1001/1001
f 1002/1002 1003/1003 1004/1004
f 1002/1002 1004/1004 1005/1005
f 1005/1005 1004/1004 1006/1006
f 1005/1005 1006/1006 1007/1007
f 1007/1007 1006/1006 1008/1008
f 1007/1007 1008/1008 1009/1009
f 1009/1009 1008/1008 1010/1010
f 1009/1009 1010/1010 1011/1011
f 1011/1011 1010/1010 1012/1012
f 1011/1011 1012/1012 1013/1013
f 1013/1013 1012/1012 1014/1014
f 1013/1013 1014/1014 1015/1015
f 1015/1015 1014/1014 1016/1016
f 1015/1015 1016/1016 1017/1017
f 1017/1017 1016/1016 1018/1018
f 1017/1017 1018/1018 1019/1019
f 1019/1019 1018/1018 1020/1020
f 1019/1019 1020/1020 1021/1021
f 1021/1021 1020/1020 1022/1022
f 1021/1021 1022/1022 1023/1023
f 1023/1023 1022/1022 1024/1024
f 1027/1027 1026/1026 1025/1025
f 1026/1026 1027/1027 1028/1028
f 1031/1031 1030/1030 1029/1029
f 1030/1030 1031/1031 1032/1032
f 1035/1035 1034/1034 1033/1033
f 1034/1034 1035/1035 1036/1036
f 1039/1039 1038/1038 1037/1037
f 1038/1038 1039/1039 1040/1040
f 1043/1043 1042/1042 1041/1041
f 1042/1042 1043/1043 1044/1044
f 1047/1047 1046/1046 1045/1045
f 1046/1046 1047/1047 1048/1048
f 1051/1051 1050/1050 1049/1049
f 1050/1050 1051/1051 1052/1052
f 1055/1055 1054/1054 1053/1053
f 1054/1054 1055/1055 1056/1056
f 1416/1416 1414/1414 1415/1415
f 1415/1415 1414/1414 1413/1413
f 1414/1414 1412/1412 1413/1413
f 1412/1412 1411/1411 1413/1413
f 1413/1413 1411/1411 1406/1406
f 1412/1412 1405/1405 1411/1411
f 1411/1411 1410/1410 1406/1406
f 1411/1411 1405/1405 1408/1408
f 1410/1410 1409/1409 1406/1406
f 1409/1409 1404/1404 1406/1406
f 1408/1408 1405/1405 1407/1407
f 1407/1407 1405/1405 1397/1397
f 1406/1406 1404/1404 1403/1403
f 1405/1405 1396/1396 1397/1397
f 1404/1404 1402/1402 1403/1403
f 1403/1403 1402/1402 1401/1401
f 1402/1402 1400/1400 1401/1401
f 1401/1401 1400/1400 1398/1398
f 1400/1400 1399/1399 1398/1398
f 1399/1399 1392/1392 1398/1398
f 1398/1398 1392/1392 1391/1391
f 1397/1397 1396/1396 1395/1395
f 1396/1396 1393/1393 1395/1395
f 1395/1395 1393/1393 1394/1394
f 1394/1394 1393/1393 1387/1387
f 1393/1393 1386/1386 1387/1387
f 1392/1392 1390/1390 1391/1391
f 1391/1391 1390/1390 1380/1380
f 1390/1390 1389/1389 1380/1380
f 1389/1389 1388/1388 1380/1380
f 1388/1388 1378/1378 1380/1380
f 1387/1387 1386/1386 1385/1385
f 1386/1386 1384/1384 1385/1385
f 1385/1385 1384/1384 1383/1383
f 1384/1384 1379/1379 1383/1383
f 1383/1383 1379/1379 1382/1382
f 1382/1382 1379/1379 1381/1381
f 1381/1381 1379/1379 1377/1377
f 1380/1380 1378/1378 1376/1376
f 1379/1379 1374/1374 1377/1377
f 1378/1378 1375/1375 1376/1376
f 1377/1377 1374/1374 1375/1375
f 1373/1373 1376/1376 1375/1375
f 1375/1375 1374/1374 1373/1373
f 1374/1374 1372/1372 1373/1373
f 1373/1373 1372/1372 1370/1370
f 1372/1372 1371/1371 1370/1370
f 1369/1369 1370/1370 1371/1371
f 1368/1368 1367/1367 1366/1366
f 1365/1365 1366/1366 1367/1367
f 1364/1364 1363/1363 1362/1362
f 1361/1361 1362/1362 1363/1363
f 1360/1360 1358/1358 1359/1359
f 1359/1359 1358/1358 1357/1357
f 1358/1358 1356/1356 1357/1357
f 1357/1357 1356/1356 1355/1355
f 1356/1356 1354/1354 1355/1355
f 1355/1355 1354/1354 1353/1353
f 1354/1354 1352/1352 1353/1353
f 1353/1353 1352/1352 1351/1351
f 1352/1352 1350/1350 1351/1351
f 1351/1351 1350/1350 1349/1349
f 1350/1350 1348/1348 1349/1349
f 1349/1349 1348/1348 1347/1347
f 1348/1348 1346/1346 1347/1347
f 1347/1347 1346/1346 1345/1345
f 1346/1346 1344/1344 1345/1345
f 1345/1345 1344/1344 1343/1343
f 1344/1344 1342/1342 1343/1343
f 1343/1343 1342/1342 1340/1340
f 1342/1342 1341/1341 1340/1340
f 1341/1341 1339/1339 1340/1340
f 1340/1340 1339/1339 1338/1338
f 1337/1337 1338/1338 1339/1339
f 1336/1336 1335/1335 1334/1334
f 1333/1333 1334/1334 1335/1335
f 1332/1332 1331/1331 1330/1330
f 1329/1329 1330/1330 1331/1331
f 1328/1328 1327/1327 1326/1326
f 1325/1325 1326/1326 1327/1327
f 1324/1324 1323/1323 1322/1322
f 1321/1321 1322/1322 1323/1323
f 1320/1320 1319/1319 1318/1318
f 1317/1317 1318/1318 1319/1319
f 1316/1316 1315/1315 1314/1314
f 1313/1313 1314/1314 1315/1315
f 1312/1312 1311/1311 1310/1310
f 1309/1309 1310/1310 1311/1311
f 1308/1308 1307/1307 1306/1306
f 1305/1305 1306/1306 1307/1307
f 1304/1304 1303/1303 1302/1302
f 1301/1301 1302/1302 1303/1303
f 1300/1300 1299/1299 1298/1298
f 1297/1297 1298/1298 1299/1299
f 1296/1296 1295/1295 1294/1294
f 1293/1293 1294/1294 1295/1295
f 1292/1292 1291/1291 1290/1290
f 1289/1289 1290/1290 1291/1291
f 1288/1288 1287/1287 1286/1286
f 1285/1285 1286/1286 1287/1287
f 1284/1284 1283/1283 1282/1282
f 1281/1281 1282/1282 1283/1283
f 1280/1280 1279/1279 1278/1278
f 1277/1277 1278/1278 1279/1279
f 1276/1276 1275/1275 1274/1274
f 1273/1273 1274/1274 1275/1275
f 1272/1272 1271/1271 1270/1270
f 1269/1269 1270/1270 1271/1271
f 1268/1268 1267/1267 1266/1266
f 1265/1265 1266/1266 1267/1267
f 1264/1264 1263/1263 1262/1262
f 1261/1261 1262/1262 1263/1263
f 1260/1260 1259/1259 1258/1258
f 1257/1257 1258/1258 1259/1259
f 1256/1256 1255/1255 1254/1254
f 1253/1253 1254/1254 1255/1255
f 1252/1252 1251/1251 1250/1250
f 1249/1249 1250/1250 1251/1251
f 1248/1248 1247/1247 1246/1246
f 1245/1245 1246/1246 1247/1247
f 1244/1244 1243/1243 1242/1242
f 1241/1241 1242/1242 1243/1243
f 1240/1240 1239/1239 1238/1238
f 1237/1237 1238/1238 1239/1239
f 1236/1236 1235/1235 1234/1234
f 1233/1233 1234/1234 1235/1235
f 1232/1232 1231/1231 1230/1230
f 1229/1229 1230/1230 1231/1231
f 1228/1228 1227/1227 1226/1226
f 1225/1225 1226/1226 1227/1227
f 1224/1224 1223/1223 1222/1222
f 1221/1221 1222/1222 1223/1223
f 1220/1220 1219/1219 1218/1218
f 1217/1217 1218/1218 1219/1219
f 1216/1216 1215/1215 1214/1214
f 1213/1213 1214/1214 1215/1215
f 1212/1212 1211/1211 1210/1210
f 1209/1209 1210/1210 1211/1211
f 1208/1208 1207/1207 1206/1206
f 1205/1205 1206/1206 1207/1207
f 1204/1204 1203/1203 1202/1202
f 1201/1201 1202/1202 1203/1203
f 1200/1200 1199/1199 1198/1198
f 1197/1197 1198/1198 1199/1199
f 1196/1196 1195/1195 1194/1194
f 1193/1193 1194/1194 1195/1195
f 1192/1192 1191/1191 1190/1190
f 1189/1189 1190/1190 1191/1191
f 1188/1188 1187/1187 1186/1186
f 1185/1185 1186/1186 1187/1187
f 1184/1184 1183/1183 1182/1182
f 1181/1181 1182/1182 1183/1183
f 1180/1180 1179/1179 1178/1178
f 1177/1177 1178/1178 1179/1179
f 1176/1176 1175/1175 1174/1174
f 1173/1173 1174/1174 1175/1175
f 1172/1172 1171/1171 1170/1170
f 1169/1169 1170/1170 1171/1171
f 1168/1168 1167/1167 1166/1166
f 1165/1165 1166/1166 1167/1167
f 1164/1164 1163/1163 1162/1162
f 1161/1161 1162/1162 1163/1163
f 1160/1160 1159/1159 1158/1158
f 1157/1157 1158/1158 1159/1159
f 1156/1156 1155/1155 1154/1154
f 1153/1153 1154/1154 1155/1155
f 1152/1152 1151/1151 1150/1150
f 1149/1149 1150/1150 1151/1151
f 1148/1148 1147/1147 1146/1146
f 1145/1145 1146/1146 1147/1147
f 1144/1144 1143/1143 1142/1142
f 1141/1141 1142/1142 1143/1143
f 1140/1140 1139/1139 1138/1138
f 1137/1137 1138/1138 1139/1139
f 1136/1136 1135/1135 1134/1134
f 1133/1133 1134/1134 1135/1135
f 1132/1132 1131/1131 1130/1130
f 1129/1129 1130/1130 1131/1131
f 1128/1128 1127/1127 1126/1126
f 1125/1125 1126/1126 1127/1127
f 1124/1124 1123/1123 1122/1122
f 1121/1121 1122/1122 1123/1123
f 1120/1120 1119/1119 1118/1118
f 1117/1117 1118/1118 1119/1119
f 1116/1116 1115/1115 1114/1114
f 1113/1113 1114/1114 1115/1115
f 1112/1112 1111/1111 1110/1110
f 1109/1109 1110/1110 1111/1111
f 1108/1108 1107/1107 1106/1106
f 1105/1105 1106/1106 1107/1107
f 1104/1104 1103/1103 1102/1102
f 1101/1101 1102/1102 1103/1103
f 1100/1100 1099/1099 1098/1098
f 1097/1097 1098/1098 1099/1099
f 1096/1096 1095/1095 1094/1094
f 1093/1093 1094/1094 1095/1095
f 1092/1092 1091/1091 1090/1090
f 1089/1089 1090/1090 1091/1091
f 1088/1088 1087/1087 1086/1086
f 1085/1085 1086/1086 1087/1087
f 1084/1084 1083/1083 1082/1082
f 1081/1081 1082/1082 1083/1083
f 1080/1080 1079/1079 1078/1078
f 1077/1077 1078/1078 1079/1079
f 1076/1076 1075/1075 1074/1074
f 1073/1073 1074/1074 1075/1075
f 1072/1072 1071/1071 1070/1070
f 1069/1069 1070/1070 1071/1071
f 1068/1068 1067/1067 1066/1066
f 1065/1065 1066/1066 1067/1067
f 1064/1064 1063/1063 1062/1062
f 1061/1061 1062/1062 1063/1063
f 1060/1060 1059/1059 1058/1058
f 1057/1057 1058/1058 1059/1059
f 1464/1464 1462/1462 1463/1463
f 1463/1463 1462/1462 1461/1461
f 1462/1462 1460/1460 1461/1461
f 1461/1461 1460/1460 1456/1456
f 1460/1460 1455/1455 1456/1456
f 1455/1455 1459/1459 1456/1456
f 1459/1459 1458/1458 1456/1456
f 1459/1459 1455/1455 1457/1457
f 1458/1458 1454/1454 1456/1456
f 1457/1457 1455/1455 1451/1451
f 1456/1456 1454/1454 1452/1452
f 1455/1455 1449/1449 1451/1451
f 1454/1454 1453/1453 1452/1452
f 1453/1453 1448/1448 1452/1452
f 1452/1452 1448/1448 1447/1447
f 1451/1451 1449/1449 1450/1450
f 1450/1450 1449/1449 1443/1443
f 1449/1449 1441/1441 1443/1443
f 1448/1448 1446/1446 1447/1447
f 1447/1447 1446/1446 1444/1444
f 1446/1446 1445/1445 1444/1444
f 1445/1445 1440/1440 1444/1444
f 1444/1444 1440/1440 1438/1438
f 1443/1443 1441/1441 1442/1442
f 1442/1442 1441/1441 1437/1437
f 1441/1441 1436/1436 1437/1437
f 1440/1440 1439/1439 1438/1438
f 1439/1439 1432/1432 1438/1438
f 1438/1438 1432/1432 1430/1430
f 1437/1437 1436/1436 1435/1435
f 1436/1436 1433/1433 1435/1435
f 1435/1435 1433/1433 1434/1434
f 1434/1434 1433/1433 1429/1429
f 1433/1433 1427/1427 1429/1429
f 1432/1432 1431/1431 1430/1430
f 1431/1431 1426/1426 1430/1430
f 1430/1430 1426/1426 1423/1423
f 1429/1429 1427/1427 1428/1428
f 1428/1428 1427/1427 1425/1425
f 1427/1427 1422/1422 1425/1425
f 1426/1426 1424/1424 1423/1423
f 1424/1424 1425/1425 1422/1422
f 1424/1424 1422/1422 1423/1423
f 1423/1423 1422/1422 1421/1421
f 1422/1422 1420/1420 1421/1421
f 1421/1421 1420/1420 1418/1418
f 1420/1420 1419/1419 1418/1418
f 1417/1417 1418/1418 1419/1419
f 1584/1584 1583/1583 1582/1582
f 1581/1581 1582/1582 1583/1583
f 1580/1580 1579/1579 1578/1578
f 1577/1577 1578/1578 1579/1579
f 1576/1576 1575/1575 1574/1574
f 1573/1573 1574/1574 1575/1575
f 1572/1572 1571/1571 1570/1570
f 1569/1569 1570/1570 1571/1571
f 1568/1568 1567/1567 1566/1566
f 1565/1565 1566/1566 1567/1567
f 1564/1564 1563/1563 1562/1562
f 1561/1561 1562/1562 1563/1563
f 1560/1560 1559/1559 1558/1558
f 1557/1557 1558/1558 1559/1559
f 1556/1556 1555/1555 1554/1554
f 1553/1553 1554/1554 1555/1555
f 1552/1552 1550/1550 1551/1551
f 1551/1551 1550/1550 1549/1549
f 1550/1550 1548/1548 1549/1549
f 1549/1549 1548/1548 1547/1547
f 1548/1548 1546/1546 1547/1547
f 1547/1547 1546/1546 1545/1545
f 1546/1546 1544/1544 1545/1545
f 1545/1545 1544/1544 1543/1543
f 1544/1544 1542/1542 1543/1543
f 1543/1543 1542/1542 1541/1541
f 1542/1542 1540/1540 1541/1541
f 1541/1541 1540/1540 1539/1539
f 1540/1540 1538/1538 1539/1539
f 1539/1539 1538/1538 1537/1537
f 1538/1538 1536/1536 1537/1537
f 1537/1537 1536/1536 1535/1535
f 1536/1536 1534/1534 1535/1535
f 1535/1535 1534/1534 1533/1533
f 1534/1534 1532/1532 1533/1533
f 1533/1533 1532/1532 1530/1530
f 1532/1532 1531/1531 1530/1530
f 1529/1529 1530/1530 1531/1531
f 1528/1528 1527/1527 1526/1526
f 1525/1525 1526/1526 1527/1527
f 1524/1524 1523/1523 1522/1522
f 1521/1521 1522/1522 1523/1523
f 1520/1520 1519/1519 1518/1518
f 1517/1517 1518/1518 1519/1519
f 1516/1516 1515/1515 1514/1514
f 1513/1513 1514/1514 1515/1515
f 1512/1512 1511/1511 1510/1510
f 1509/1509 1510/1510 1511/1511
f 1508/1508 1507/1507 1506/1506
f 1505/1505 1506/1506 1507/1507
f 1504/1504 1503/1503 1502/1502
f 1501/1501 1502/1502 1503/1503
f 1500/1500 1499/1499 1498/1498
f 1497/1497 1498/1498 1499/1499
f 1496/1496 1495/1495 1494/1494
f 1493/1493 1494/1494 1495/1495
f 1492/1492 1491/1491 1490/1490
f 1489/1489 1490/1490 1491/1491
f 1488/1488 1487/1487 1486/1486
f 1485/1485 1486/1486 1487/1487
f 1484/1484 1483/1483 1482/1482
f 1481/1481 1482/1482 1483/1483
f 1480/1480 1479/1479 1478/1478
f 1477/1477 1478/1478 1479/1479
f 1476/1476 1475/1475 1474/1474
f 1473/1473 1474/1474 1475/1475
f 1472/1472 1471/1471 1470/1470
f 1469/1469 1470/1470 1471/1471
f 1468/1468 1467/1467 1466/1466
f 1465/1465 1466/1466 1467/1467
f 1587/1587 1586/1586 1585/1585
f 1586/1586 1587/1587 1588/1588
f 1591/1591 1590/1590 1589/1589
f 1590/1590 1591/1591 1592/1592
f 1592/1592 1591/1591 1593/1593
f 1593/1593 1591/1591 1594/1594
f 1594/1594 1591/1591 1595/1595
f 1594/1594 1595/1595 1596/1596
f 1596/1596 1595/1595 1597/1597
f 1596/1596 1597/1597 1598/1598
f 1596/1596 1598/1598 1599/1599
f 1599/1599 1598/1598 1600/1600
f 1599/1599 1600/1600 1601/1601
f 1599/1599 1601/1601 1602/1602
f 1602/1602 1601/1601 1603/1603
f 1602/1602 1603/1603 1604/1604
f 1604/1604 1603/1603 1605/1605
f 1604/1604 1605/1605 1606/1606
f 1604/1604 1606/1606 1607/1607
f 1607/1607 1606/1606 1608/1608
f 1607/1607 1608/1608 1609/1609
f 1609/1609 1608/1608 1610/1610
f 1609/1609 1610/1610 1611/1611
f 1611/1611 1610/1610 1612/1612
f 1611/1611 1612/1612 1613/1613
f 1611/1611 1613/1613 1614/1614
f 1614/1614 1613/1613 1615/1615
f 1614/1614 1615/1615 1616/1616
f 1614/1614 1616/1616 1617/1617
f 1614/1614 1617/1617 1618/1618
f 1617/1617 1616/1616 1619/1619
f 1617/1617 1619/1619 1620/1620
f 1620/1620 1619/1619 1621/1621
f 1621/1621 1619/1619 1622/1622
f 1622/1622 1619/1619 1623/1623
f 1622/1622 1623/1623 1624/1624
f 1624/1624 1623/1623 1625/1625
f 1624/1624 1625/1625 1626/1626
f 1624/1624 1626/1626 1627/1627
f 1627/1627 1626/1626 1628/1628
f 1627/1627 1628/1628 1629/1629
f 1627/1627 1629/1629 1630/1630
f 1630/1630 1629/1629 1631/1631
f 1630/1630 1631/1631 1632/1632
f 1632/1632 1631/1631 1633/1633
f 1632/1632 1633/1633 1634/1634
f 1632/1632 1634/1634 1635/1635
f 1635/1635 1634/1634 1636/1636
f 1635/1635 1636/1636 1637/1637
f 1637/1637 1636/1636 1638/1638
f 1637/1637 1638/1638 1639/1639
f 1639/1639 1638/1638 1640/1640
f 1639/1639 1640/1640 1641/1641
f 1639/1639 1641/1641 1642/1642
f 1642/1642 1641/1641 1643/1643
f 1642/1642 1643/1643 1644/1644
f 1642/1642 1644/1644 1645/1645
f 1642/1642 1645/1645 1646/1646
f 1642/1642 1646/1646 1647/1647
f 1646/1646 1645/1645 1648/1648
f 1651/1651 1650/1650 1649/1649
f 1652/1652 1650/1650 1651/1651
f 1652/1652 1651/1651 1653/1653
f 1654/1654 1650/1650 1652/1652
f 1655/1655 1650/1650 1654/1654
f 1656/1656 1650/1650 1655/1655
f 1656/1656 1657/1657 1650/1650
f 1658/1658 1657/1657 1656/1656
f 1659/1659 1657/1657 1658/1658
f 1659/1659 1660/1660 1657/1657
f 1661/1661 1660/1660 1659/1659
f 1661/1661 1662/1662 1660/1660
f 1663/1663 1662/1662 1661/1661
f 1664/1664 1662/1662 1663/1663
f 1664/1664 1665/1665 1662/1662
f 1666/1666 1665/1665 1664/1664
f 1666/1666 1667/1667 1665/1665
f 1668/1668 1667/1667 1666/1666
f 1668/1668 1669/1669 1667/1667
f 1670/1670 1669/1669 1668/1668
f 1671/1671 1669/1669 1670/1670
f 1671/1671 1672/1672 1669/1669
f 1673/1673 1672/1672 1671/1671
f 1674/1674 1672/1672 1673/1673
f 1672/1672 1674/1674 1675/1675
f 1676/1676 1675/1675 1674/1674
f 1676/1676 1677/1677 1675/1675
f 1676/1676 1678/1678 1677/1677
f 1676/1676 1679/1679 1678/1678
f 1680/1680 1679/1679 1676/1676
f 1680/1680 1681/1681 1679/1679
f 1679/1679 1681/1681 1682/1682
f 1683/1683 1681/1681 1680/1680
f 1684/1684 1681/1681 1683/1683
f 1684/1684 1685/1685 1681/1681
f 1686/1686 1685/1685 1684/1684
f 1687/1687 1685/1685 1686/1686
f 1687/1687 1688/1688 1685/1685
f 1689/1689 1688/1688 1687/1687
f 1689/1689 1690/1690 1688/1688
f 1691/1691 1690/1690 1689/1689
f 1692/1692 1690/1690 1691/1691
f 1692/1692 1693/1693 1690/1690
f 1694/1694 1693/1693 1692/1692
f 1694/1694 1695/1695 1693/1693
f 1696/1696 1695/1695 1694/1694
f 1696/1696 1697/1697 1695/1695
f 1698/1698 1697/1697 1696/1696
f 1699/1699 1697/1697 1698/1698
f 1699/1699 1700/1700 1697/1697
f 1701/1701 1700/1700 1699/1699
f 1702/1702 1700/1700 1701/1701
f 1700/1700 1702/1702 1703/1703
f 1704/1704 1703/1703 1702/1702
f 1704/1704 1705/1705 1703/1703
f 1704/1704 1706/1706 1705/1705
f 1707/1707 1706/1706 1704/1704
f 1706/1706 1707/1707 1708/1708
f 1711/1711 1710/1710 1709/1709
f 1710/1710 1711/1711 1712/1712
f 1712/1712 1711/1711 1713/1713
f 1713/1713 1711/1711 1714/1714
f 1717/1717 1716/1716 1715/1715
f 1716/1716 1717/1717 1718/1718
f 1718/1718 1717/1717 1719/1719
f 1719/1719 1717/1717 1720/1720
f 1720/1720 1717/1717 1721/1721
f 1724/1724 1723/1723 1722/1722
f 1723/1723 1724/1724 1725/1725
f 1728/1728 1727/1727 1726/1726
f 1727/1727 1728/1728 1729/1729
f 1732/1732 1731/1731 1730/1730
f 1731/1731 1732/1732 1733/1733
f 1736/1736 1735/1735 1734/1734
f 1735/1735 1736/1736 1737/1737
f 1740/1740 1739/1739 1738/1738
f 1739/1739 1740/1740 1741/1741
f 1744/1744 1743/1743 1742/1742
f 1743/1743 1744/1744 1745/1745
f 1748/1748 1747/1747 1746/1746
f 1747/1747 1748/1748 1749/1749
f 1747/1747 1749/1749 1750/1750
f 1753/1753 1752/1752 1751/1751
f 1752/1752 1753/1753 1754/1754
f 1757/1757 1756/1756 1755/1755
f 1756/1756 1757/1757 1758/1758
f 1761/1761 1760/1760 1759/1759
f 1760/1760 1761/1761 1762/1762
f 1765/1765 1764/1764 1763/1763
f 1764/1764 1765/1765 1766/1766
f 1769/1769 1768/1768 1767/1767
f 1768/1768 1769/1769 1770/1770
f 1773/1773 1772/1772 1771/1771
f 1772/1772 1773/1773 1774/1774
f 1777/1777 1776/1776 1775/1775
f 1776/1776 1777/1777 1778/1778
f 1781/1781 1780/1780 1779/1779
f 1780/1780 1781/1781 1782/1782
f 1785/1785 1784/1784 1783/1783
f 1784/1784 1785/1785 1786/1786
f 1789/1789 1788/1788 1787/1787
f 1788/1788 1789/1789 1790/1790
f 1793/1793 1792/1792 1791/1791
f 1792/1792 1793/1793 1794/1794
f 1792/1792 1794/1794 1795/1795
f 1792/1792 1795/1795 1796/1796
f 1792/1792 1796/1796 1797/1797
f 1800/1800 1799/1799 1798/1798
f 1799/1799 1800/1800 1801/1801
f 1804/1804 1803/1803 1802/1802
f 1803/1803 1804/1804 1805/1805
f 1803/1803 1805/1805 1806/1806
f 1803/1803 1806/1806 1807/1807
f 1807/1807 1806/1806 1808/1808
f 1808/1808 1806/1806 1809/1809
f 1812/1812 1811/1811 1810/1810
f 1811/1811 1812/1812 1813/1813
f 1816/1816 1815/1815 1814/1814
f 1815/1815 1816/1816 1817/1817
f 1817/1817 1816/1816 1818/1818
f 1818/1818 1816/1816 1819/1819
f 1818/1818 1819/1819 1820/1820
f 1818/1818 1820/1820 1821/1821
f 1824/1824 1823/1823 1822/1822
f 1823/1823 1824/1824 1825/1825
f 1828/1828 1827/1827 1826/1826
f 1827/1827 1828/1828 1829/1829
f 1832/1832 1831/1831 1830/1830
f 1831/1831 1832/1832 1833/1833
f 1836/1836 1835/1835 1834/1834
f 1835/1835 1836/1836 1837/1837
f 1840/1840 1839/1839 1838/1838
f 1839/1839 1840/1840 1841/1841
f 1844/1844 1843/1843 1842/1842
f 1843/1843 1844/1844 1845/1845
f 1848/1848 1847/1847 1846/1846
f 1847/1847 1848/1848 1849/1849
f 1849/1849 1848/1848 1850/1850
f 1853/1853 1852/1852 1851/1851
f 1852/1852 1853/1853 1854/1854
f 1857/1857 1856/1856 1855/1855
f 1856/1856 1857/1857 1858/1858
f 1861/1861 1860/1860 1859/1859
f 1860/1860 1861/1861 1862/1862
f 1860/1860 1862/1862 1863/1863
f 1866/1866 1865/1865 1864/1864
f 1865/1865 1866/1866 1867/1867
f 1867/1867 1866/1866 1868/1868
f 1871/1871 1870/1870 1869/1869
f 1870/1870 1871/1871 1872/1872
f 1875/1875 1874/1874 1873/1873
f 1874/1874 1875/1875 1876/1876
f 1879/1879 1878/1878 1877/1877
f 1878/1878 1879/1879 1880/1880
f 1880/1880 1879/1879 1881/1881
f 1884/1884 1883/1883 1882/1882
f 1883/1883 1884/1884 1885/1885
f 1885/1885 1884/1884 1886/1886
f 1889/1889 1888/1888 1887/1887
f 1888/1888 1889/1889 1890/1890
f 1893/1893 1892/1892 1891/1891
f 1892/1892 1893/1893 1894/1894
f 1897/1897 1896/1896 1895/1895
f 1896/1896 1897/1897 1898/1898
f 1901/1901 1900/1900 1899/1899
f 1900/1900 1901/1901 1902/1902
f 1905/1905 1904/1904 1903/1903
f 1904/1904 1905/1905 1906/1906
f 1909/1909 1908/1908 1907/1907
f 1908/1908 1909/1909 1910/1910
f 1913/1913 1912/1912 1911/1911
f 1912/1912 1913/1913 1914/1914
f 1917/1917 1916/1916 1915/1915
f 1916/1916 1917/1917 1918/1918
f 1916/1916 1918/1918 1919/1919
f 1922/1922 1921/1921 1920/1920
f 1921/1921 1922/1922 1923/1923
f 1926/1926 1925/1925 1924/1924
f 1925/1925 1926/1926 1927/1927
f 1925/1925 1927/1927 1928/1928
f 1931/1931 1930/1930 1929/1929
f 1930/1930 1931/1931 1932/1932
f 1935/1935 1934/1934 1933/1933
f 1934/1934 1935/1935 1936/1936
f 1939/1939 1938/1938 1937/1937
f 1938/1938 1939/1939 1940/1940
f 1943/1943 1942/1942 1941/1941
f 1942/1942 1943/1943 1944/1944
f 1944/1944 1945/1945 1942/1942
f 1944/1944 1943/1943 1946/1946
f 1946/1946 1943/1943 1947/1947
f 1948/1948 1945/1945 1944/1944
f 1948/1948 1949/1949 1945/1945
f 1950/1950 1949/1949 1948/1948
f 1951/1951 1949/1949 1950/1950
f 1949/1949 1951/1951 1952/1952
f 1955/1955 1954/1954 1953/1953
f 1954/1954 1955/1955 1956/1956
f 1959/1959 1958/1958 1957/1957
f 1958/1958 1959/1959 1960/1960
f 1963/1963 1962/1962 1961/1961
f 1962/1962 1963/1963 1964/1964
f 1962/1962 1964/1964 1965/1965
f 1962/1962 1965/1965 1966/1966
f 1969/1969 1968/1968 1967/1967
f 1968/1968 1969/1969 1970/1970
f 1973/1973 1972/1972 1971/1971
f 1972/1972 1973/1973 1974/1974
f 1977/1977 1976/1976 1975/1975
f 1976/1976 1977/1977 1978/1978
f 1981/1981 1980/1980 1979/1979
f 1980/1980 1981/1981 1982/1982
f 1985/1985 1984/1984 1983/1983
f 1984/1984 1985/1985 1986/1986
f 1989/1989 1988/1988 1987/1987
f 1988/1988 1989/1989 1990/1990
f 1993/1993 1992/1992 1991/1991
f 1992/1992 1993/1993 1994/1994
f 1997/1997 1996/1996 1995/1995
f 1996/1996 1997/1997 1998/1998
f 2001/2001 2000/2000 1999/1999
f 2000/2000 2001/2001 2002/2002
f 2005/2005 2004/2004 2003/2003
f 2004/2004 2005/2005 2006/2006
f 2009/2009 2008/2008 2007/2007
f 2009/2009 2010/2010 2008/2008
f 2011/2011 2010/2010 2009/2009
f 2012/2012 2010/2010 2011/2011
f 2013/2013 2010/2010 2012/2012
f 2010/2010 2013/2013 2014/2014
f 2015/2015 2014/2014 2013/2013
f 2015/2015 2016/2016 2014/2014
f 2017/2017 2016/2016 2015/2015
f 2016/2016 2017/2017 2018/2018
f 2021/2021 2020/2020 2019/2019
f 2020/2020 2021/2021 2022/2022
f 2020/2020 2022/2022 2023/2023
f 2024/2024 2023/2023 2022/2022
f 2025/2025 2023/2023 2024/2024
f 2026/2026 2023/2023 2025/2025
f 2026/2026 2027/2027 2023/2023
f 2027/2027 2026/2026 2028/2028
f 2024/2024 2022/2022 2029/2029
f 2024/2024 2029/2029 2030/2030
f 2024/2024 2030/2030 2031/2031
f 2031/2031 2030/2030 2032/2032
f 2029/2029 2022/2022 2033/2033
f 2022/2022 2034/2034 2033/2033
f 2035/2035 2033/2033 2034/2034
f 2033/2033 2035/2035 2036/2036
f 2036/2036 2035/2035 2037/2037
f 2022/2022 2038/2038 2034/2034
f 2034/2034 2038/2038 2039/2039
f 2040/2040 2038/2038 2022/2022
f 2039/2039 2038/2038 2041/2041
f 2039/2039 2041/2041 2042/2042
f 2040/2040 2043/2043 2038/2038
f 2040/2040 2044/2044 2043/2043
f 2040/2040 2045/2045 2044/2044
f 2045/2045 2040/2040 2046/2046
f 2049/2049 2048/2048 2047/2047
f 2048/2048 2049/2049 2050/2050
f 2053/2053 2052/2052 2051/2051
f 2052/2052 2053/2053 2054/2054
f 2057/2057 2056/2056 2055/2055
f 2056/2056 2057/2057 2058/2058
f 2061/2061 2060/2060 2059/2059
f 2060/2060 2061/2061 2062/2062
f 2065/2065 2064/2064 2063/2063
f 2064/2064 2065/2065 2066/2066
f 2069/2069 2068/2068 2067/2067
f 2068/2068 2069/2069 2070/2070
f 2073/2073 2072/2072 2071/2071
f 2072/2072 2073/2073 2074/2074
f 2077/2077 2076/2076 2075/2075
f 2076/2076 2077/2077 2078/2078
f 2078/2078 2077/2077 2079/2079
f 2078/2078 2079/2079 2080/2080
f 2080/2080 2079/2079 2081/2081
f 2080/2080 2081/2081 2082/2082
f 2085/2085 2084/2084 2083/2083
f 2084/2084 2085/2085 2086/2086
f 2089/2089 2088/2088 2087/2087
f 2088/2088 2089/2089 2090/2090
f 2093/2093 2092/2092 2091/2091
f 2092/2092 2093/2093 2094/2094
f 2097/2097 2096/2096 2095/2095
f 2096/2096 2097/2097 2098/2098
f 2101/2101 2100/2100 2099/2099
f 2100/2100 2101/2101 2102/2102
f 2105/2105 2104/2104 2103/2103
f 2104/2104 2105/2105 2106/2106
f 2109/2109 2108/2108 2107/2107
f 2108/2108 2109/2109 2110/2110
f 2113/2113 2112/2112 2111/2111
f 2112/2112 2113/2113 2114/2114
f 2117/2117 2116/2116 2115/2115
f 2116/2116 2117/2117 2118/2118
f 2118/2118 2117/2117 2119/2119
f 2118/2118 2119/2119 2120/2120
f 2120/2120 2119/2119 2121/2121
f 2120/2120 2121/2121 2122/2122
f 2125/2125 2124/2124 2123/2123
f 2124/2124 2125/2125 2126/2126
f 2129/2129 2128/2128 2127/2127
f 2128/2128 2129/2129 2130/2130
f 2133/2133 2132/2132 2131/2131
f 2132/2132 2133/2133 2134/2134
f 2137/2137 2136/2136 2135/2135
f 2136/2136 2137/2137 2138/2138
f 2141/2141 2140/2140 2139/2139
f 2140/2140 2141/2141 2142/2142
f 2145/2145 2144/2144 2143/2143
f 2144/2144 2145/2145 2146/2146
f 2149/2149 2148/2148 2147/2147
f 2148/2148 2149/2149 2150/2150
f 2153/2153 2152/2152 2151/2151
f 2152/2152 2153/2153 2154/2154
f 2157/2157 2156/2156 2155/2155
f 2156/2156 2157/2157 2158/2158
f 2161/2161 2160/2160 2159/2159
f 2160/2160 2161/2161 2162/2162
f 2165/2165 2164/2164 2163/2163
f 2164/2164 2165/2165 2166/2166
f 2169/2169 2168/2168 2167/2167
f 2168/2168 2169/2169 2170/2170
f 2173/2173 2172/2172 2171/2171
f 2172/2172 2173/2173 2174/2174
f 2177/2177 2176/2176 2175/2175
f 2176/2176 2177/2177 2178/2178
f 2181/2181 2180/2180 2179/2179
f 2180/2180 2181/2181 2182/2182
f 2185/2185 2184/2184 2183/2183
f 2184/2184 2185/2185 2186/2186
f 2189/2189 2188/2188 2187/2187
f 2188/2188 2189/2189 2190/2190
f 2193/2193 2192/2192 2191/2191
f 2192/2192 2193/2193 2194/2194
f 2197/2197 2196/2196 2195/2195
f 2196/2196 2197/2197 2198/2198
f 2201/2201 2200/2200 2199/2199
f 2200/2200 2201/2201 2202/2202
f 2205/2205 2204/2204 2203/2203
f 2204/2204 2205/2205 2206/2206
f 2209/2209 2208/2208 2207/2207
f 2208/2208 2209/2209 2210/2210
f 2213/2213 2212/2212 2211/2211
f 2212/2212 2213/2213 2214/2214
f 2217/2217 2216/2216 2215/2215
f 2216/2216 2217/2217 2218/2218
f 2221/2221 2220/2220 2219/2219
f 2220/2220 2221/2221 2222/2222
f 2225/2225 2224/2224 2223/2223
f 2224/2224 2225/2225 2226/2226
f 2229/2229 2228/2228 2227/2227
f 2228/2228 2229/2229 2230/2230
f 2233/2233 2232/2232 2231/2231
f 2232/2232 2233/2233 2234/2234
f 2237/2237 2236/2236 2235/2235
f 2236/2236 2237/2237 2238/2238
f 2241/2241 2240/2240 2239/2239
f 2240/2240 2241/2241 2242/2242
f 2245/2245 2244/2244 2243/2243
f 2244/2244 2245/2245 2246/2246
f 2249/2249 2248/2248 2247/2247
f 2248/2248 2249/2249 2250/2250
f 2253/2253 2252/2252 2251/2251
f 2252/2252 2253/2253 2254/2254
f 2257/2257 2256/2256 2255/2255
f 2256/2256 2257/2257 2258/2258
f 2261/2261 2260/2260 2259/2259
f 2260/2260 2261/2261 2262/2262
f 2265/2265 2264/2264 2263/2263
f 2264/2264 2265/2265 2266/2266
f 2269/2269 2268/2268 2267/2267
f 2268/2268 2269/2269 2270/2270
f 2273/2273 2272/2272 2271/2271
f 2272/2272 2273/2273 2274/2274
f 2277/2277 2276/2276 2275/2275
f 2276/2276 2277/2277 2278/2278
f 2281/2281 2280/2280 2279/2279
f 2280/2280 2281/2281 2282/2282
f 2285/2285 2284/2284 2283/2283
f 2284/2284 2285/2285 2286/2286
f 2289/2289 2288/2288 2287/2287
f 2288/2288 2289/2289 2290/2290
f 2293/2293 2292/2292 2291/2291
f 2292/2292 2293/2293 2294/2294
f 2297/2297 2296/2296 2295/2295
f 2296/2296 2297/2297 2298/2298
f 2301/2301 2300/2300 2299/2299
f 2300/2300 2301/2301 2302/2302
f 2302/2302 2301/2301 2303/2303
f 2303/2303 2301/2301 2304/2304
f 2304/2304 2301/2301 2305/2305
f 2305/2305 2301/2301 2306/2306
f 2306/2306 2301/2301 2307/2307
f 2307/2307 2301/2301 2308/2308
f 2308/2308 2301/2301 2309/2309
f 2309/2309 2301/2301 2310/2310
f 2310/2310 2301/2301 2311/2311
f 2311/2311 2301/2301 2312/2312
f 2312/2312 2301/2301 2313/2313
f 2316/2316 2315/2315 2314/2314
f 2315/2315 2316/2316 2317/2317
f 2317/2317 2316/2316 2318/2318
f 2317/2317 2318/2318 2319/2319
f 2317/2317 2319/2319 2320/2320
f 2317/2317 2320/2320 2321/2321
f 2317/2317 2321/2321 2322/2322
f 2317/2317 2322/2322 2323/2323
f 2317/2317 2323/2323 2324/2324
f 2317/2317 2324/2324 2325/2325
f 2317/2317 2325/2325 2326/2326
f 2317/2317 2326/2326 2327/2327
f 2317/2317 2327/2327 2328/2328
f 2331/2331 2330/2330 2329/2329
f 2330/2330 2331/2331 2332/2332
f 2335/2335 2334/2334 2333/2333
f 2334/2334 2335/2335 2336/2336
f 2336/2336 2335/2335 2337/2337
f 2336/2336 2337/2337 2338/2338
f 2336/2336 2338/2338 2339/2339
f 2336/2336 2339/2339 2340/2340
f 2336/2336 2340/2340 2341/2341
f 2336/2336 2341/2341 2342/2342
f 2336/2336 2342/2342 2343/2343
f 2336/2336 2343/2343 2344/2344
f 2336/2336 2344/2344 2345/2345
f 2336/2336 2345/2345 2346/2346
f 2336/2336 2346/2346 2347/2347
f 2350/2350 2349/2349 2348/2348
f 2349/2349 2350/2350 2351/2351
f 2351/2351 2350/2350 2352/2352
f 2352/2352 2350/2350 2353/2353
f 2353/2353 2350/2350 2354/2354
f 2354/2354 2350/2350 2355/2355
f 2355/2355 2350/2350 2356/2356
f 2356/2356 2350/2350 2357/2357
f 2357/2357 2350/2350 2358/2358
f 2358/2358 2350/2350 2359/2359
f 2359/2359 2350/2350 2360/2360
f 2360/2360 2350/2350 2361/2361
f 2361/2361 2350/2350 2362/2362
f 2365/2365 2364/2364 2363/2363
f 2364/2364 2365/2365 2366/2366
f 2369/2369 2368/2368 2367/2367
f 2368/2368 2369/2369 2370/2370
f 2373/2373 2372/2372 2371/2371
f 2372/2372 2373/2373 2374/2374
f 2377/2377 2376/2376 2375/2375
f 2376/2376 2377/2377 2378/2378
f 2381/2381 2380/2380 2379/2379
f 2380/2380 2381/2381 2382/2382
f 2385/2385 2384/2384 2383/2383
f 2384/2384 2385/2385 2386/2386
f 2389/2389 2388/2388 2387/2387
f 2388/2388 2389/2389 2390/2390
f 2393/2393 2392/2392 2391/2391
f 2392/2392 2393/2393 2394/2394
f 2397/2397 2396/2396 2395/2395
f 2396/2396 2397/2397 2398/2398
f 2401/2401 2400/2400 2399/2399
f 2400/2400 2401/2401 2402/2402
f 2405/2405 2404/2404 2403/2403
f 2404/2404 2405/2405 2406/2406
f 2409/2409 2408/2408 2407/2407
f 2408/2408 2409/2409 2410/2410
f 2413/2413 2412/2412 2411/2411
f 2412/2412 2413/2413 2414/2414
f 2417/2417 2416/2416 2415/2415
f 2416/2416 2417/2417 2418/2418
f 2421/2421 2420/2420 2419/2419
f 2420/2420 2421/2421 2422/2422
f 2425/2425 2424/2424 2423/2423
f 2424/2424 2425/2425 2426/2426
f 2429/2429 2428/2428 2427/2427
f 2428/2428 2429/2429 2430/2430
f 2431/2431 2430/2430 2429/2429
f 2431/2431 2432/2432 2430/2430
f 2431/2431 2433/2433 2432/2432
f 2431/2431 2434/2434 2433/2433
f 2431/2431 2435/2435 2434/2434
f 2436/2436 2435/2435 2431/2431
f 2436/2436 2437/2437 2435/2435
f 2436/2436 2438/2438 2437/2437
f 2439/2439 2438/2438 2436/2436
f 2440/2440 2438/2438 2439/2439
f 2440/2440 2441/2441 2438/2438
f 2440/2440 2442/2442 2441/2441
f 2443/2443 2442/2442 2440/2440
f 2444/2444 2442/2442 2443/2443
f 2445/2445 2444/2444 2443/2443
f 2444/2444 2446/2446 2442/2442
f 2444/2444 2447/2447 2446/2446
f 2444/2444 2448/2448 2447/2447
f 2444/2444 2449/2449 2448/2448
f 2444/2444 2450/2450 2449/2449
f 2451/2451 2450/2450 2444/2444
f 2451/2451 2452/2452 2450/2450
f 2451/2451 2453/2453 2452/2452
f 2451/2451 2454/2454 2453/2453
f 2451/2451 2455/2455 2454/2454
f 2454/2454 2455/2455 2456/2456
f 2457/2457 2455/2455 2451/2451
f 2458/2458 2455/2455 2457/2457
f 2455/2455 2458/2458 2459/2459
f 2462/2462 2461/2461 2460/2460
f 2461/2461 2462/2462 2463/2463
f 2466/2466 2465/2465 2464/2464
f 2465/2465 2466/2466 2467/2467
f 2467/2467 2466/2466 2468/2468
f 2467/2467 2468/2468 2469/2469
f 2472/2472 2471/2471 2470/2470
f 2471/2471 2472/2472 2473/2473
f 2473/2473 2472/2472 2474/2474
f 2475/2475 2474/2474 2472/2472
f 2476/2476 2474/2474 2475/2475
f 2474/2474 2476/2476 2477/2477
f 2480/2480 2479/2479 2478/2478
f 2479/2479 2480/2480 2481/2481
f 2484/2484 2483/2483 2482/2482
f 2483/2483 2484/2484 2485/2485
f 2485/2485 2484/2484 2486/2486
f 2486/2486 2484/2484 2487/2487
f 2486/2486 2487/2487 2488/2488
f 2488/2488 2487/2487 2489/2489
f 2489/2489 2487/2487 2490/2490
f 2489/2489 2490/2490 2491/2491
f 2494/2494 2493/2493 2492/2492
f 2493/2493 2494/2494 2495/2495
f 2498/2498 2497/2497 2496/2496
f 2497/2497 2498/2498 2499/2499
f 2500/2500 2499/2499 2498/2498
f 2500/2500 2501/2501 2499/2499
f 2502/2502 2501/2501 2500/2500
f 2501/2501 2502/2502 2503/2503
f 2506/2506 2505/2505 2504/2504
f 2505/2505 2506/2506 2507/2507
f 2510/2510 2509/2509 2508/2508
f 2509/2509 2510/2510 2511/2511
f 2514/2514 2513/2513 2512/2512
f 2513/2513 2514/2514 2515/2515
f 2518/2518 2517/2517 2516/2516
f 2517/2517 2518/2518 2519/2519
f 2519/2519 2518/2518 2520/2520
f 2521/2521 2517/2517 2519/2519
f 2520/2520 2518/2518 2522/2522
f 2523/2523 2517/2517 2521/2521
f 2522/2522 2518/2518 2524/2524
f 2522/2522 2524/2524 2525/2525
f 2525/2525 2524/2524 2526/2526
f 2526/2526 2524/2524 2527/2527
f 2527/2527 2524/2524 2528/2528
f 2528/2528 2524/2524 2529/2529
f 2528/2528 2529/2529 2530/2530
f 2530/2530 2529/2529 2531/2531
f 2523/2523 2532/2532 2517/2517
f 2523/2523 2533/2533 2532/2532
f 2532/2532 2533/2533 2534/2534
f 2535/2535 2533/2533 2523/2523
f 2536/2536 2533/2533 2535/2535
f 2537/2537 2533/2533 2536/2536
f 2538/2538 2533/2533 2537/2537
f 2539/2539 2533/2533 2538/2538
f 2539/2539 2540/2540 2533/2533
f 2541/2541 2540/2540 2539/2539
f 2542/2542 2540/2540 2541/2541
f 2543/2543 2540/2540 2542/2542
f 2544/2544 2540/2540 2543/2543
f 2544/2544 2543/2543 2545/2545
f 2546/2546 2540/2540 2544/2544
f 2547/2547 2540/2540 2546/2546
f 2540/2540 2547/2547 2548/2548
f 2551/2551 2550/2550 2549/2549
f 2550/2550 2551/2551 2552/2552
f 2555/2555 2554/2554 2553/2553
f 2554/2554 2555/2555 2556/2556
f 2559/2559 2558/2558 2557/2557
f 2560/2560 2558/2558 2559/2559
f 2561/2561 2558/2558 2560/2560
f 2558/2558 2561/2561 2562/2562
f 2563/2563 2562/2562 2561/2561
f 2563/2563 2564/2564 2562/2562
f 2564/2564 2563/2563 2565/2565
f 2568/2568 2567/2567 2566/2566
f 2567/2567 2568/2568 2569/2569
f 2569/2569 2568/2568 2570/2570
f 2569/2569 2570/2570 2571/2571
f 2571/2571 2570/2570 2572/2572
f 2571/2571 2572/2572 2573/2573
f 2571/2571 2573/2573 2574/2574
f 2577/2577 2576/2576 2575/2575
f 2576/2576 2577/2577 2578/2578
f 2579/2579 2578/2578 2577/2577
f 2579/2579 2580/2580 2578/2578
f 2581/2581 2580/2580 2579/2579
f 2580/2580 2581/2581 2582/2582
f 2585/2585 2584/2584 2583/2583
f 2584/2584 2585/2585 2586/2586
f 2587/2587 2583/2583 2584/2584
f 2584/2584 2586/2586 2588/2588
f 2583/2583 2587/2587 2589/2589
f 2588/2588 2586/2586 2590/2590
f 2589/2589 2587/2587 2590/2590
f 2589/2589 2590/2590 2586/2586
f 2593/2593 2592/2592 2591/2591
f 2592/2592 2593/2593 2594/2594
f 2597/2597 2596/2596 2595/2595
f 2596/2596 2597/2597 2598/2598
f 2601/2601 2600/2600 2599/2599
f 2600/2600 2601/2601 2602/2602
f 2602/2602 2601/2601 2603/2603
f 2602/2602 2603/2603 2604/2604
f 2604/2604 2603/2603 2605/2605
f 2604/2604 2605/2605 2606/2606
f 2609/2609 2608/2608 2607/2607
f 2608/2608 2609/2609 2610/2610
f 2610/2610 2609/2609 2611/2611
f 2610/2610 2611/2611 2612/2612
f 2612/2612 2611/2611 2613/2613
f 2612/2612 2613/2613 2614/2614
f 2617/2617 2616/2616 2615/2615
f 2616/2616 2617/2617 2618/2618
f 2621/2621 2620/2620 2619/2619
f 2620/2620 2621/2621 2622/2622
f 2625/2625 2624/2624 2623/2623
f 2624/2624 2625/2625 2626/2626
f 2629/2629 2628/2628 2627/2627
f 2628/2628 2629/2629 2630/2630
f 2633/2633 2632/2632 2631/2631
f 2632/2632 2633/2633 2634/2634
f 2637/2637 2636/2636 2635/2635
f 2636/2636 2637/2637 2638/2638
f 2641/2641 2640/2640 2639/2639
f 2640/2640 2641/2641 2642/2642
f 2642/2642 2641/2641 2643/2643
f 2646/2646 2645/2645 2644/2644
f 2645/2645 2646/2646 2647/2647
f 2647/2647 2646/2646 2648/2648
f 2651/2651 2650/2650 2649/2649
f 2650/2650 2651/2651 2652/2652
f 2655/2655 2654/2654 2653/2653
f 2654/2654 2655/2655 2656/2656
f 2659/2659 2658/2658 2657/2657
f 2658/2658 2659/2659 2660/2660
f 2663/2663 2662/2662 2661/2661
f 2662/2662 2663/2663 2664/2664
f 2667/2667 2666/2666 2665/2665
f 2666/2666 2667/2667 2668/2668
f 2671/2671 2670/2670 2669/2669
f 2670/2670 2671/2671 2672/2672
f 2675/2675 2674/2674 2673/2673
f 2674/2674 2675/2675 2676/2676
f 2679/2679 2678/2678 2677/2677
f 2678/2678 2679/2679 2680/2680
f 2683/2683 2682/2682 2681/2681
f 2682/2682 2683/2683 2684/2684
f 2687/2687 2686/2686 2685/2685
f 2686/2686 2687/2687 2688/2688
f 2691/2691 2690/2690 2689/2689
f 2690/2690 2691/2691 2692/2692
f 2695/2695 2694/2694 2693/2693
f 2694/2694 2695/2695 2696/2696
f 2699/2699 2698/2698 2697/2697
f 2698/2698 2699/2699 2700/2700
f 2703/2703 2702/2702 2701/2701
f 2702/2702 2703/2703 2704/2704
f 2707/2707 2706/2706 2705/2705
f 2706/2706 2707/2707 2708/2708
f 2711/2711 2710/2710 2709/2709
f 2710/2710 2711/2711 2712/2712
f 2715/2715 2714/2714 2713/2713
f 2714/2714 2715/2715 2716/2716
f 2719/2719 2718/2718 2717/2717
f 2718/2718 2719/2719 2720/2720
f 2723/2723 2722/2722 2721/2721
f 2722/2722 2723/2723 2724/2724
f 2727/2727 2726/2726 2725/2725
f 2726/2726 2727/2727 2728/2728
f 2731/2731 2730/2730 2729/2729
f 2730/2730 2731/2731 2732/2732
f 2735/2735 2734/2734 2733/2733
f 2734/2734 2735/2735 2736/2736
f 2739/2739 2738/2738 2737/2737
f 2738/2738 2739/2739 2740/2740
f 2743/2743 2742/2742 2741/2741
f 2742/2742 2743/2743 2744/2744
f 2747/2747 2746/2746 2745/2745
f 2746/2746 2747/2747 2748/2748
f 2751/2751 2750/2750 2749/2749
f 2750/2750 2751/2751 2752/2752
f 2755/2755 2754/2754 2753/2753
f 2754/2754 2755/2755 2756/2756
f 2759/2759 2758/2758 2757/2757
f 2758/2758 2759/2759 2760/2760
f 2763/2763 2762/2762 2761/2761
f 2762/2762 2763/2763 2764/2764
f 2767/2767 2766/2766 2765/2765
f 2766/2766 2767/2767 2768/2768
f 2771/2771 2770/2770 2769/2769
f 2770/2770 2771/2771 2772/2772
f 2775/2775 2774/2774 2773/2773
f 2774/2774 2775/2775 2776/2776
f 2779/2779 2778/2778 2777/2777
f 2778/2778 2779/2779 2780/2780
f 2783/2783 2782/2782 2781/2781
f 2782/2782 2783/2783 2784/2784
f 2787/2787 2786/2786 2785/2785
f 2786/2786 2787/2787 2788/2788
f 2791/2791 2790/2790 2789/2789
f 2790/2790 2791/2791 2792/2792
f 2795/2795 2794/2794 2793/2793
f 2794/2794 2795/2795 2796/2796
f 2799/2799 2798/2798 2797/2797
f 2798/2798 2799/2799 2800/2800
f 2803/2803 2802/2802 2801/2801
f 2802/2802 2803/2803 2804/2804
f 2807/2807 2806/2806 2805/2805
f 2806/2806 2807/2807 2808/2808
f 2811/2811 2810/2810 2809/2809
f 2810/2810 2811/2811 2812/2812
f 2815/2815 2814/2814 2813/2813
f 2814/2814 2815/2815 2816/2816
f 2819/2819 2818/2818 2817/2817
f 2818/2818 2819/2819 2820/2820
f 2823/2823 2822/2822 2821/2821
f 2822/2822 2823/2823 2824/2824
f 2827/2827 2826/2826 2825/2825
f 2826/2826 2827/2827 2828/2828
f 2831/2831 2830/2830 2829/2829
f 2830/2830 2831/2831 2832/2832
f 2835/2835 2834/2834 2833/2833
f 2834/2834 2835/2835 2836/2836
f 2839/2839 2838/2838 2837/2837
f 2838/2838 2839/2839 2840/2840
f 2843/2843 2842/2842 2841/2841
f 2842/2842 2843/2843 2844/2844
f 2847/2847 2846/2846 2845/2845
f 2846/2846 2847/2847 2848/2848
f 2851/2851 2850/2850 2849/2849
f 2850/2850 2851/2851 2852/2852
f 2855/2855 2854/2854 2853/2853
f 2854/2854 2855/2855 2856/2856
f 2859/2859 2858/2858 2857/2857
f 2858/2858 2859/2859 2860/2860
f 2863/2863 2862/2862 2861/2861
f 2862/2862 2863/2863 2864/2864
f 2867/2867 2866/2866 2865/2865
f 2866/2866 2867/2867 2868/2868
f 2871/2871 2870/2870 2869/2869
f 2870/2870 2871/2871 2872/2872
f 2875/2875 2874/2874 2873/2873
f 2874/2874 2875/2875 2876/2876
f 2879/2879 2878/2878 2877/2877
f 2878/2878 2879/2879 2880/2880
f 2883/2883 2882/2882 2881/2881
f 2882/2882 2883/2883 2884/2884
f 2887/2887 2886/2886 2885/2885
f 2886/2886 2887/2887 2888/2888
f 2891/2891 2890/2890 2889/2889
f 2890/2890 2891/2891 2892/2892
f 2895/2895 2894/2894 2893/2893
f 2894/2894 2895/2895 2896/2896
f 2899/2899 2898/2898 2897/2897
f 2898/2898 2899/2899 2900/2900
f 2903/2903 2902/2902 2901/2901
f 2902/2902 2903/2903 2904/2904
f 2907/2907 2906/2906 2905/2905
f 2906/2906 2907/2907 2908/2908
f 2911/2911 2910/2910 2909/2909
f 2910/2910 2911/2911 2912/2912
f 2915/2915 2914/2914 2913/2913
f 2914/2914 2915/2915 2916/2916
f 2919/2919 2918/2918 2917/2917
f 2918/2918 2919/2919 2920/2920
f 2923/2923 2922/2922 2921/2921
f 2922/2922 2923/2923 2924/2924
f 2927/2927 2926/2926 2925/2925
f 2926/2926 2927/2927 2928/2928
f 2931/2931 2930/2930 2929/2929
f 2930/2930 2931/2931 2932/2932
f 2935/2935 2934/2934 2933/2933
f 2934/2934 2935/2935 2936/2936
f 2939/2939 2938/2938 2937/2937
f 2938/2938 2939/2939 2940/2940
f 2940/2940 2939/2939 2941/2941
f 2940/2940 2941/2941 2942/2942
f 2940/2940 2942/2942 2943/2943
f 2943/2943 2942/2942 2944/2944
f 2943/2943 2944/2944 2945/2945
f 2945/2945 2944/2944 2946/2946
f 2945/2945 2946/2946 2947/2947
f 2947/2947 2946/2946 2948/2948
f 2947/2947 2948/2948 2949/2949
f 2949/2949 2948/2948 2950/2950
f 2949/2949 2950/2950 2951/2951
f 2951/2951 2950/2950 2952/2952
f 2951/2951 2952/2952 2953/2953
f 2953/2953 2952/2952 2954/2954
f 2953/2953 2954/2954 2955/2955
f 2955/2955 2954/2954 2956/2956
f 2955/2955 2956/2956 2957/2957
f 2957/2957 2956/2956 2958/2958
f 2957/2957 2958/2958 2959/2959
f 2959/2959 2958/2958 2960/2960
f 2963/2963 2962/2962 2961/2961
f 2962/2962 2963/2963 2964/2964
f 2967/2967 2966/2966 2965/2965
f 2966/2966 2967/2967 2968/2968
f 2971/2971 2970/2970 2969/2969
f 2970/2970 2971/2971 2972/2972
f 2970/2970 2972/2972 2973/2973
f 2973/2973 2972/2972 2974/2974
f 2973/2973 2974/2974 2975/2975
f 2975/2975 2976/2976 2973/2973
f 2975/2975 2974/2974 2977/2977
f 2976/2976 2975/2975 2978/2978
f 2977/2977 2974/2974 2979/2979
f 2976/2976 2978/2978 2980/2980
f 2977/2977 2979/2979 2981/2981
f 2981/2981 2979/2979 2982/2982
f 2982/2982 2979/2979 2983/2983
f 2983/2983 2979/2979 2984/2984
f 2983/2983 2984/2984 2985/2985
f 2985/2985 2984/2984 2986/2986
f 2985/2985 2986/2986 2987/2987
f 2980/2980 2978/2978 2988/2988
f 2980/2980 2988/2988 2989/2989
f 2980/2980 2989/2989 2990/2990
f 2980/2980 2990/2990 2991/2991
f 2991/2991 2990/2990 2992/2992
f 2987/2987 2986/2986 2993/2993
f 2987/2987 2993/2993 2994/2994
f 2994/2994 2993/2993 2995/2995
f 2995/2995 2993/2993 2996/2996
f 2995/2995 2996/2996 2997/2997
f 2991/2991 2992/2992 2998/2998
f 2998/2998 2992/2992 2999/2999
f 2998/2998 2999/2999 3000/3000
f 2998/2998 3000/3000 3001/3001
f 3001/3001 3000/3000 3002/3002
f 3001/3001 3002/3002 3003/3003
f 3003/3003 3002/3002 3004/3004
f 2997/2997 2996/2996 3005/3005
f 3003/3003 3004/3004 3006/3006
f 2997/2997 3005/3005 3007/3007
f 3007/3007 3005/3005 3008/3008
f 3006/3006 3004/3004 3009/3009
f 3006/3006 3009/3009 3010/3010
f 3008/3008 3005/3005 3011/3011
f 3006/3006 3010/3010 3011/3011
f 3011/3011 3005/3005 3012/3012
f 3006/3006 3011/3011 3013/3013
f 3013/3013 3011/3011 3012/3012
f 3013/3013 3012/3012 3014/3014
f 3013/3013 3014/3014 3015/3015
f 3015/3015 3014/3014 3016/3016
f 3019/3019 3018/3018 3017/3017
f 3018/3018 3019/3019 3020/3020
f 3018/3018 3020/3020 3021/3021
f 3021/3021 3020/3020 3022/3022
f 3021/3021 3022/3022 3023/3023
f 3023/3023 3022/3022 3024/3024
f 3022/3022 3025/3025 3024/3024
f 3023/3023 3024/3024 3026/3026
f 3025/3025 3022/3022 3027/3027
f 3025/3025 3027/3027 3028/3028
f 3028/3028 3027/3027 3029/3029
f 3023/3023 3026/3026 3030/3030
f 3030/3030 3026/3026 3031/3031
f 3030/3030 3031/3031 3032/3032
f 3029/3029 3027/3027 3033/3033
f 3029/3029 3033/3033 3034/3034
f 3034/3034 3033/3033 3035/3035
f 3035/3035 3033/3033 3036/3036
f 3035/3035 3036/3036 3037/3037
f 3030/3030 3032/3032 3038/3038
f 3038/3038 3032/3032 3039/3039
f 3038/3038 3039/3039 3040/3040
f 3037/3037 3036/3036 3041/3041
f 3037/3037 3041/3041 3042/3042
f 3042/3042 3041/3041 3043/3043
f 3038/3038 3040/3040 3044/3044
f 3044/3044 3040/3040 3045/3045
f 3044/3044 3045/3045 3046/3046
f 3044/3044 3046/3046 3047/3047
f 3047/3047 3046/3046 3048/3048
f 3043/3043 3041/3041 3049/3049
f 3043/3043 3049/3049 3050/3050
f 3050/3050 3049/3049 3051/3051
f 3047/3047 3048/3048 3052/3052
f 3052/3052 3048/3048 3053/3053
f 3052/3052 3053/3053 3054/3054
f 3051/3051 3049/3049 3055/3055
f 3052/3052 3054/3054 3056/3056
f 3051/3051 3055/3055 3057/3057
f 3056/3056 3054/3054 3058/3058
f 3057/3057 3055/3055 3059/3059
f 3056/3056 3058/3058 3059/3059
f 3056/3056 3059/3059 3055/3055
f 3056/3056 3055/3055 3060/3060
f 3056/3056 3060/3060 3061/3061
f 3061/3061 3060/3060 3062/3062
f 3061/3061 3062/3062 3063/3063
f 3063/3063 3062/3062 3064/3064
f 3067/3067 3066/3066 3065/3065
f 3066/3066 3067/3067 3068/3068
f 3071/3071 3070/3070 3069/3069
f 3070/3070 3071/3071 3072/3072
f 3075/3075 3074/3074 3073/3073
f 3074/3074 3075/3075 3076/3076
f 3079/3079 3078/3078 3077/3077
f 3078/3078 3079/3079 3080/3080
f 3083/3083 3082/3082 3081/3081
f 3082/3082 3083/3083 3084/3084
f 3087/3087 3086/3086 3085/3085
f 3086/3086 3087/3087 3088/3088
f 3091/3091 3090/3090 3089/3089
f 3090/3090 3091/3091 3092/3092
f 3095/3095 3094/3094 3093/3093
f 3094/3094 3095/3095 3096/3096
f 3099/3099 3098/3098 3097/3097
f 3098/3098 3099/3099 3100/3100
f 3103/3103 3102/3102 3101/3101
f 3102/3102 3103/3103 3104/3104
f 3107/3107 3106/3106 3105/3105
f 3106/3106 3107/3107 3108/3108
f 3111/3111 3110/3110 3109/3109
f 3110/3110 3111/3111 3112/3112
f 3115/3115 3114/3114 3113/3113
f 3114/3114 3115/3115 3116/3116
f 3119/3119 3118/3118 3117/3117
f 3118/3118 3119/3119 3120/3120
f 3123/3123 3122/3122 3121/3121
f 3122/3122 3123/3123 3124/3124
f 3127/3127 3126/3126 3125/3125
f 3126/3126 3127/3127 3128/3128
f 3131/3131 3130/3130 3129/3129
f 3130/3130 3131/3131 3132/3132
f 3130/3130 3132/3132 3133/3133
f 3133/3133 3132/3132 3134/3134
f 3133/3133 3134/3134 3135/3135
f 3135/3135 3134/3134 3136/3136
f 3135/3135 3136/3136 3137/3137
f 3137/3137 3136/3136 3138/3138
f 3137/3137 3138/3138 3139/3139
f 3139/3139 3138/3138 3140/3140
f 3139/3139 3140/3140 3141/3141
f 3141/3141 3140/3140 3142/3142
f 3141/3141 3142/3142 3143/3143
f 3143/3143 3142/3142 3144/3144
f 3143/3143 3144/3144 3145/3145
f 3145/3145 3144/3144 3146/3146
f 3145/3145 3146/3146 3147/3147
f 3147/3147 3146/3146 3148/3148
f 3147/3147 3148/3148 3149/3149
f 3149/3149 3148/3148 3150/3150
f 3149/3149 3150/3150 3151/3151
f 3151/3151 3150/3150 3152/3152
f 3155/3155 3154/3154 3153/3153
f 3154/3154 3155/3155 3156/3156
f 3159/3159 3158/3158 3157/3157
f 3158/3158 3159/3159 3160/3160
f 3163/3163 3162/3162 3161/3161
f 3162/3162 3163/3163 3164/3164
f 3167/3167 3166/3166 3165/3165
f 3166/3166 3167/3167 3168/3168
f 3171/3171 3170/3170 3169/3169
f 3170/3170 3171/3171 3172/3172
f 3175/3175 3174/3174 3173/3173
f 3174/3174 3175/3175 3176/3176
f 3179/3179 3178/3178 3177/3177
f 3178/3178 3179/3179 3180/3180
f 3183/3183 3182/3182 3181/3181
f 3182/3182 3183/3183 3184/3184

