# https://github.com/mikedh/trimesh
v -0.05744524 -0.01283082 0.60034423
v -0.05700551 -0.01521584 0.59219733
v -0.05744524 -0.01569605 0.60034206
v -0.05384657 -0.01335005 0.59948352
v -0.05421988 -0.01485898 0.59161387
v -0.05422028 -0.01284641 0.59161425
v -0.04020360 -0.00944040 0.63544471
v -0.04183430 -0.00942481 0.63314888
v -0.04020359 -0.01376672 0.63544471
v -0.05375489 0.01362882 0.61518510
v -0.05375489 0.01657999 0.61518415
v -0.05669621 0.01631259 0.60804233
v -0.05700551 -0.00434628 0.59220691
v -0.05638037 -0.00427426 0.58373445
v -0.05638038 -0.00843262 0.58373062
v -0.05384656 0.01355790 0.59948352
v -0.05422028 0.01305415 0.59161425
v -0.05384619 0.01557048 0.59948333
v -0.04665435 0.01801363 0.62070059
v -0.05002335 0.01625380 0.61410063
v -0.05002316 0.01784546 0.61410063
v -0.03784849 0.00476842 0.63566969
v -0.03699697 0.00965200 0.63480980
v -0.03784867 0.00965448 0.63566969
v -0.05375487 -0.01342175 0.61518510
v -0.05669620 -0.01610522 0.60804246
v -0.05375487 -0.01637263 0.61518415
v -0.04665434 -0.01780586 0.62070053
v -0.05002314 -0.01763765 0.61410063
v -0.05002336 -0.01604593 0.61410063
v -0.05404343 -0.01432266 0.58331890
v -0.05404318 -0.01591432 0.58331865
v -0.05364384 -0.01542832 0.57572784
v -0.05323793 0.00755839 0.56716303
v -0.05317232 0.00426337 0.56526213
v -0.05317273 0.00793827 0.56525926
v -0.03784849 0.00476842 0.63566969
v -0.03699657 0.00476661 0.63480974
v -0.03699697 0.00965200 0.63480980
v -0.05744525 0.01303820 0.60034423
v -0.05744524 0.01590341 0.60034206
v -0.05700554 0.01542316 0.59219733
v -0.05404342 0.01453003 0.58331890
v -0.05364384 0.01563541 0.57572784
v -0.05404319 0.01612169 0.58331865
v -0.05332148 0.00010393 0.56960680
v -0.05323773 -0.00396065 0.56716552
v -0.05323774 0.00010393 0.56716628
v -0.03968725 -0.01438302 0.63105544
v -0.04289551 -0.01632674 0.62657847
v -0.04289549 -0.01431418 0.62657847
v -0.04962582 0.01377728 0.62188214
v -0.05375489 0.01657999 0.61518415
v -0.05375489 0.01362882 0.61518510
v -0.04962581 -0.01357018 0.62188214
v -0.05375487 -0.01342175 0.61518510
v -0.05375487 -0.01637263 0.61518415
v -0.04289551 0.01452204 0.62657847
v -0.04665434 0.01440944 0.62070053
v -0.04289551 0.01653460 0.62657847
v -0.03784868 0.01391291 0.63566949
v -0.03724046 0.01339430 0.63447046
v -0.03745298 0.01666440 0.63468503
v -0.04742820 0.01909233 0.62099373
v -0.05090462 0.01892375 0.61436013
v -0.04840833 0.01909302 0.62138784
v -0.03784849 -0.01648710 0.63566917
v -0.03745300 -0.01645661 0.63468509
v -0.03724045 -0.01318646 0.63447052
v -0.04742845 -0.01888531 0.62099367
v -0.04840853 -0.01888565 0.62138784
v -0.05090485 -0.01871669 0.61436026
v -0.05533752 0.00439241 0.57244837
v -0.05489838 0.00830182 0.56981390
v -0.05489839 0.00437146 0.56981786
v -0.05430952 0.01671422 0.57582236
v -0.05549379 0.01719823 0.58356602
v -0.05475841 0.01719960 0.58343933
v -0.04840853 -0.01888565 0.62138784
v -0.05216573 -0.01871612 0.61472481
v -0.05090485 -0.01871669 0.61436026
v -0.05430955 -0.01650649 0.57582236
v -0.05475840 -0.01699192 0.58343927
v -0.05549380 -0.01699086 0.58356609
v -0.04840833 0.01909302 0.62138784
v -0.05090462 0.01892375 0.61436013
v -0.05216574 0.01892351 0.61472488
v -0.05499153 0.01773634 0.59177164
v -0.05589501 0.01773523 0.59196119
v -0.05592782 0.01823943 0.59997674
v -0.05423170 -0.00414189 0.56722347
v -0.05360655 0.00010350 0.56522907
v -0.05360677 -0.00412337 0.56522805
v -0.05615871 -0.01642637 0.58368173
v -0.05576075 -0.01434311 0.57658044
v -0.05556307 -0.01598467 0.57647245
v -0.04102028 0.01928005 0.63221171
v -0.04357749 0.01920605 0.62696587
v -0.04435771 0.01920904 0.62753236
v -0.04183431 0.01694348 0.63314818
v -0.04531358 0.01686978 0.62824845
v -0.04531355 0.01388043 0.62824890
v -0.05669622 0.01339557 0.60804399
v -0.05744524 0.01590341 0.60034206
v -0.05744525 0.01303820 0.60034423
v -0.05669620 -0.01318846 0.60804399
v -0.05744524 -0.01283082 0.60034423
v -0.05744524 -0.01569605 0.60034206
v -0.04183430 -0.01673612 0.63314818
v -0.04531357 -0.01367333 0.62824890
v -0.04531356 -0.01666243 0.62824839
v -0.04102027 -0.01907270 0.63221171
v -0.04435769 -0.01900168 0.62753236
v -0.04357747 -0.01899900 0.62696594
v -0.05256591 -0.01577710 0.60696577
v -0.05256570 -0.01736881 0.60696590
v -0.05384574 -0.01695433 0.59948301
v -0.05350285 -0.01844769 0.60720989
v -0.05592782 -0.01803206 0.59997674
v -0.05471909 -0.01803286 0.59968769
v -0.05350283 0.01865486 0.60720995
v -0.05471910 0.01824025 0.59968769
v -0.05491165 0.01865435 0.60757668
v -0.05256591 0.01598496 0.60696570
v -0.05384619 0.01557048 0.59948333
v -0.05256571 0.01757665 0.60696570
v -0.05325730 -0.01300776 0.56807167
v -0.05317498 -0.01440811 0.56635599
v -0.05313954 -0.01297690 0.56519282
v -0.05431647 -0.01551699 0.56818138
v -0.05423190 -0.01386901 0.56721217
v -0.05360228 -0.01376703 0.56521273
v -0.05322144 0.01206633 0.56713016
v -0.05313953 0.01318390 0.56519289
v -0.05317475 0.01461510 0.56635593
v -0.05431628 0.01572429 0.56818138
v -0.05368254 0.01562579 0.56641860
v -0.05423192 0.01407615 0.56721223
v -0.04183431 0.01694348 0.63314818
v -0.04163075 0.01869925 0.63291382
v -0.04531358 0.01686978 0.62824845
v -0.03854046 0.00476987 0.63636816
v -0.03784867 0.00965448 0.63566969
v -0.03854047 0.00965648 0.63636822
v -0.05002314 -0.01763765 0.61410063
v -0.05256591 -0.01577710 0.60696577
v -0.05002336 -0.01604593 0.61410063
v -0.03854046 -0.01372152 0.63636810
v -0.03854006 -0.01654595 0.63636778
v -0.03784870 -0.01370518 0.63566949
v -0.04183430 -0.01673612 0.63314818
v -0.04531356 -0.01666243 0.62824839
v -0.04163074 -0.01849164 0.63291382
v -0.05669620 -0.01318846 0.60804399
v -0.05744524 -0.01569605 0.60034206
v -0.05669620 -0.01610522 0.60804246
v -0.05350285 -0.01844769 0.60720989
v -0.05491164 -0.01844698 0.60757649
v -0.05592782 -0.01803206 0.59997674
v -0.03784870 -0.01370518 0.63566949
v -0.03784849 -0.01648710 0.63566917
v -0.03724045 -0.01318646 0.63447052
v -0.05638039 0.01494252 0.58372245
v -0.05615868 0.01663344 0.58368173
v -0.05556309 0.01619169 0.57647252
v -0.05533732 0.01433426 0.57243459
v -0.05514536 0.01593721 0.57209786
v -0.05489820 0.01420601 0.56980509
v -0.03968705 0.01660342 0.63105544
v -0.04289551 0.01452204 0.62657847
v -0.04289551 0.01653460 0.62657847
v -0.04357749 0.01920605 0.62696587
v -0.04742820 0.01909233 0.62099373
v -0.04435771 0.01920904 0.62753236
v -0.05669622 0.01339557 0.60804399
v -0.05669621 0.01631259 0.60804233
v -0.05744524 0.01590341 0.60034206
v -0.05589501 0.01773523 0.59196119
v -0.05706584 0.01765492 0.60024990
v -0.05592782 0.01823943 0.59997674
v -0.04034481 -0.01906807 0.63148209
v -0.04102027 -0.01907270 0.63221171
v -0.04357747 -0.01899900 0.62696594
v -0.03796931 -0.01643249 0.63345236
v -0.03796911 -0.01802422 0.63345204
v -0.03968705 -0.01798731 0.63105531
v -0.05002335 0.01625380 0.61410063
v -0.05256591 0.01598496 0.60696570
v -0.05002316 0.01784546 0.61410063
v -0.05430955 -0.01650649 0.57582236
v -0.05549380 -0.01699086 0.58356609
v -0.05497034 -0.01652015 0.57615589
v -0.05431647 -0.01551699 0.56818138
v -0.05360228 -0.01376703 0.56521273
v -0.05368276 -0.01541815 0.56641860
v -0.05404342 0.01453003 0.58331890
v -0.05365626 0.01405825 0.57597406
v -0.05364384 0.01563541 0.57572784
v -0.05375487 -0.01342175 0.61518510
v -0.05669620 -0.01318846 0.60804399
v -0.05669620 -0.01610522 0.60804246
v -0.05375489 0.01362882 0.61518510
v -0.05669621 0.01631259 0.60804233
v -0.05669622 0.01339557 0.60804399
v -0.04102028 0.01928005 0.63221171
v -0.04435771 0.01920904 0.62753236
v -0.04163075 0.01869925 0.63291382
v -0.03854008 0.01675332 0.63636778
v -0.03787457 0.01830189 0.63569547
v -0.03840373 0.01796298 0.63622998
v -0.04102027 -0.01907270 0.63221171
v -0.04163074 -0.01849164 0.63291382
v -0.04435769 -0.01900168 0.62753236
v -0.03854006 -0.01654595 0.63636778
v -0.03784849 -0.01648710 0.63566917
v -0.03784870 -0.01370518 0.63566949
v -0.04932140 -0.01830030 0.62175782
v -0.05335755 -0.01812988 0.61506901
v -0.05216573 -0.01871612 0.61472481
v -0.04962581 -0.01357018 0.62188214
v -0.05375487 -0.01637263 0.61518415
v -0.04962581 -0.01654333 0.62188144
v -0.04962582 0.01377728 0.62188214
v -0.04962582 0.01675070 0.62188144
v -0.05375489 0.01657999 0.61518415
v -0.04932141 0.01850791 0.62175769
v -0.05216574 0.01892351 0.61472488
v -0.05335754 0.01833750 0.61506895
v -0.05404343 -0.01432266 0.58331890
v -0.05364384 -0.01542832 0.57572784
v -0.05365628 -0.01385125 0.57597413
v -0.05423169 0.00010344 0.56722481
v -0.05360655 0.00010350 0.56522907
v -0.05423170 -0.00414189 0.56722347
v -0.05423192 0.01407615 0.56721223
v -0.05368254 0.01562579 0.56641860
v -0.05360207 0.01397439 0.56521273
v -0.05533734 -0.01412738 0.57243465
v -0.05489819 -0.01399908 0.56980509
v -0.05481119 -0.01519709 0.56995508
v -0.05533752 0.00010344 0.57244978
v -0.05489838 0.00010344 0.56981920
v -0.05533752 -0.00418554 0.57244837
v -0.05592782 0.01823943 0.59997674
v -0.05706584 0.01765492 0.60024990
v -0.05625016 0.01806862 0.60792540
v -0.05335754 0.01833750 0.61506895
v -0.05491165 0.01865435 0.60757668
v -0.05625016 0.01806862 0.60792540
v -0.05368254 0.01562579 0.56641860
v -0.05431628 0.01572429 0.56818138
v -0.05393461 0.01636435 0.57005196
v -0.05339827 0.01374920 0.57095562
v -0.05317475 0.01461510 0.56635593
v -0.05334856 0.01528274 0.56997065
v -0.05334859 -0.01507575 0.56997065
v -0.05317498 -0.01440811 0.56635599
v -0.05325730 -0.01300776 0.56807167
v -0.05368276 -0.01541815 0.56641860
v -0.05393461 -0.01615659 0.57005177
v -0.05431647 -0.01551699 0.56818138
v -0.05471909 -0.01803286 0.59968769
v -0.05589499 -0.01752786 0.59196113
v -0.05499152 -0.01752876 0.59177164
v -0.05384657 -0.01335005 0.59948352
v -0.05384618 -0.01536260 0.59948326
v -0.05421988 -0.01485898 0.59161387
v -0.05491164 -0.01844698 0.60757649
v -0.05706583 -0.01744755 0.60024984
v -0.05592782 -0.01803206 0.59997674
v -0.05497034 -0.01652015 0.57615589
v -0.05549380 -0.01699086 0.58356609
v -0.05615871 -0.01642637 0.58368173
v -0.03745298 0.01666440 0.63468503
v -0.03724046 0.01339430 0.63447046
v -0.03796952 0.01462779 0.63345255
v -0.05384576 0.01716214 0.59948301
v -0.05421985 0.01506672 0.59161387
v -0.05421946 0.01665835 0.59161368
v -0.05471910 0.01824025 0.59968769
v -0.05499153 0.01773634 0.59177164
v -0.05592782 0.01823943 0.59997674
v -0.03758683 0.01924612 0.63471235
v -0.03785685 0.01932462 0.63466212
v -0.03810684 0.01925967 0.63581361
v -0.03745298 0.01666440 0.63468503
v -0.03796952 0.01462779 0.63345255
v -0.03796930 0.01664035 0.63345236
v -0.05491164 -0.01844698 0.60757649
v -0.05625019 -0.01786107 0.60792540
v -0.05706583 -0.01744755 0.60024984
v -0.05335755 -0.01812988 0.61506901
v -0.05625019 -0.01786107 0.60792540
v -0.05491164 -0.01844698 0.60757649
v -0.05090485 -0.01871669 0.61436026
v -0.05216573 -0.01871612 0.61472481
v -0.05350285 -0.01844769 0.60720989
v -0.05002314 -0.01763765 0.61410063
v -0.05256570 -0.01736881 0.60696590
v -0.05256591 -0.01577710 0.60696577
v -0.05090462 0.01892375 0.61436013
v -0.05350283 0.01865486 0.60720995
v -0.05216574 0.01892351 0.61472488
v -0.05002316 0.01784546 0.61410063
v -0.05256591 0.01598496 0.60696570
v -0.05256571 0.01757665 0.60696570
v -0.04840853 -0.01888565 0.62138784
v -0.04932140 -0.01830030 0.62175782
v -0.05216573 -0.01871612 0.61472481
v -0.04163074 -0.01849164 0.63291382
v -0.04507454 -0.01841860 0.62806905
v -0.04435769 -0.01900168 0.62753236
v -0.04163075 0.01869925 0.63291382
v -0.04435771 0.01920904 0.62753236
v -0.04507454 0.01862622 0.62806905
v -0.04840833 0.01909302 0.62138784
v -0.05216574 0.01892351 0.61472488
v -0.04932141 0.01850791 0.62175769
v -0.03745300 -0.01645661 0.63468509
v -0.03796911 -0.01802422 0.63345204
v -0.03796931 -0.01643249 0.63345236
v -0.03975184 -0.01898423 0.63108237
v -0.03994663 -0.01906653 0.63116527
v -0.04295888 -0.01891545 0.62660795
v -0.05325731 0.01321465 0.56807167
v -0.05322144 0.01206633 0.56713016
v -0.05317475 0.01461510 0.56635593
v -0.04665434 -0.01621415 0.62070053
v -0.04665434 -0.01780586 0.62070053
v -0.05002336 -0.01604593 0.61410063
v -0.05497034 0.01672751 0.57615589
v -0.05556309 0.01619169 0.57647252
v -0.05615868 0.01663344 0.58368173
v -0.05393461 0.01636435 0.57005196
v -0.05431628 0.01572429 0.56818138
v -0.05457013 0.01642214 0.57109514
v -0.05325730 -0.01300776 0.56807167
v -0.05313954 -0.01297690 0.56519282
v -0.05322142 -0.01185946 0.56713022
v -0.03810684 0.01925967 0.63581361
v -0.03795424 0.01903646 0.63577582
v -0.03758683 0.01924612 0.63471235
v -0.03867250 0.01850987 0.63650142
v -0.03795424 0.01903646 0.63577582
v -0.03810684 0.01925967 0.63581361
v -0.03745300 -0.01645661 0.63468509
v -0.03796931 -0.01643249 0.63345236
v -0.03724045 -0.01318646 0.63447052
v -0.05216574 0.01892351 0.61472488
v -0.05350283 0.01865486 0.60720995
v -0.05491165 0.01865435 0.60757668
v -0.05216574 0.01892351 0.61472488
v -0.05491165 0.01865435 0.60757668
v -0.05335754 0.01833750 0.61506895
v -0.05638039 0.01494252 0.58372245
v -0.05556309 0.01619169 0.57647252
v -0.05576073 0.01455004 0.57658044
v -0.05638038 0.00010369 0.58373560
v -0.05576072 0.00010350 0.57659563
v -0.05576072 -0.00421775 0.57659410
v -0.05638038 -0.01473540 0.58372245
v -0.05576075 -0.01434311 0.57658044
v -0.05615871 -0.01642637 0.58368173
v -0.05638037 -0.00427426 0.58373445
v -0.05576072 -0.00825430 0.57658989
v -0.05638038 -0.00843262 0.58373062
v -0.04665434 0.01642201 0.62070053
v -0.05002335 0.01625380 0.61410063
v -0.04665435 0.01801363 0.62070059
v -0.05533734 -0.01412738 0.57243465
v -0.05481119 -0.01519709 0.56995508
v -0.05514535 -0.01573020 0.57209786
v -0.05393461 -0.01615659 0.57005177
v -0.05457012 -0.01621477 0.57109508
v -0.05431647 -0.01551699 0.56818138
v -0.03911813 0.01696249 0.63683943
v -0.03886527 0.01869105 0.63658260
v -0.03931109 0.01699472 0.63669812
v -0.03911794 0.00010349 0.63683975
v -0.03931090 0.00477010 0.63669857
v -0.03931090 0.00010368 0.63669863
v -0.05256634 -0.01376453 0.60696583
v -0.05384618 -0.01536260 0.59948326
v -0.05384657 -0.01335005 0.59948352
v -0.05744524 -0.01569605 0.60034206
v -0.05700551 -0.01521584 0.59219733
v -0.05672779 -0.01694932 0.59213702
v -0.05592782 -0.01803206 0.59997674
v -0.05706583 -0.01744755 0.60024984
v -0.05672779 -0.01694932 0.59213702
v -0.03911794 -0.00456368 0.63683975
v -0.03911794 0.00010349 0.63683975
v -0.03931090 0.00010368 0.63669863
v -0.03886526 -0.01848407 0.63658267
v -0.03911834 -0.01675550 0.63683943
v -0.03931110 -0.01678761 0.63669812
v -0.05744524 0.01590341 0.60034206
v -0.05672780 0.01715649 0.59213696
v -0.05700554 0.01542316 0.59219733
v -0.05589501 0.01773523 0.59196119
v -0.05672780 0.01715649 0.59213696
v -0.05706584 0.01765492 0.60024990
v -0.04531355 0.01388043 0.62824890
v -0.04531358 0.01686978 0.62824845
v -0.04962582 0.01377728 0.62188214
v -0.04531357 -0.01367333 0.62824890
v -0.04962581 -0.01357018 0.62188214
v -0.04531356 -0.01666243 0.62824839
v -0.03810683 -0.01905269 0.63581354
v -0.03758683 -0.01903905 0.63471235
v -0.03795426 -0.01882935 0.63577589
v -0.03810683 -0.01905269 0.63581354
v -0.03795426 -0.01882935 0.63577589
v -0.03867250 -0.01830290 0.63650142
v -0.03784868 0.01391291 0.63566949
v -0.03745298 0.01666440 0.63468503
v -0.03784849 0.01669472 0.63566911
v -0.03854046 0.01392907 0.63636810
v -0.03784868 0.01391291 0.63566949
v -0.03784849 0.01669472 0.63566911
v -0.03758683 0.01924612 0.63471235
v -0.03828534 0.01930930 0.63348325
v -0.03785685 0.01932462 0.63466212
v -0.03975185 0.01919177 0.63108237
v -0.04295890 0.01912282 0.62660795
v -0.04314859 0.01920506 0.62669737
v -0.03886526 -0.01848407 0.63658267
v -0.03907125 -0.01854325 0.63645145
v -0.03907125 -0.01854325 0.63645145
v -0.03886526 -0.01848407 0.63658267
v -0.03931110 -0.01678761 0.63669812
v -0.04295890 0.01912282 0.62660795
v -0.04692269 0.01909215 0.62079773
v -0.04314859 0.01920506 0.62669737
v -0.04289551 0.01812626 0.62657847
v -0.04665434 0.01642201 0.62070053
v -0.04665435 0.01801363 0.62070059
v -0.04289551 -0.01632674 0.62657847
v -0.04665434 -0.01780586 0.62070053
v -0.04665434 -0.01621415 0.62070053
v -0.03968705 -0.01873732 0.63105499
v -0.04295888 -0.01891545 0.62660795
v -0.04289551 -0.01866850 0.62657821
v -0.05256591 0.01598496 0.60696570
v -0.05384656 0.01355790 0.59948352
v -0.05384619 0.01557048 0.59948333
v -0.04962582 0.01675070 0.62188144
v -0.04932141 0.01850791 0.62175769
v -0.05335754 0.01833750 0.61506895
v -0.04163075 0.01869925 0.63291382
v -0.04507454 0.01862622 0.62806905
v -0.04531358 0.01686978 0.62824845
v -0.04962581 -0.01654333 0.62188144
v -0.05335755 -0.01812988 0.61506901
v -0.04932140 -0.01830030 0.62175782
v -0.04163074 -0.01849164 0.63291382
v -0.04531356 -0.01666243 0.62824839
v -0.04507454 -0.01841860 0.62806905
v -0.05391626 -0.01795120 0.59949922
v -0.05450189 -0.01752935 0.59167054
v -0.05428996 -0.01744739 0.59162784
v -0.05421988 -0.01485898 0.59161387
v -0.05404318 -0.01591432 0.58331865
v -0.05404343 -0.01432266 0.58331890
v -0.03758683 -0.01903905 0.63471235
v -0.03796912 -0.01877425 0.63345191
v -0.03747905 -0.01879850 0.63471132
v -0.03795426 -0.01882935 0.63577589
v -0.03758683 -0.01903905 0.63471235
v -0.03747905 -0.01879850 0.63471132
v -0.05216573 -0.01871612 0.61472481
v -0.05491164 -0.01844698 0.60757649
v -0.05350285 -0.01844769 0.60720989
v -0.05216573 -0.01871612 0.61472481
v -0.05335755 -0.01812988 0.61506901
v -0.05491164 -0.01844698 0.60757649
v -0.05375489 0.01657999 0.61518415
v -0.05625016 0.01806862 0.60792540
v -0.05669621 0.01631259 0.60804233
v -0.05669621 0.01631259 0.60804233
v -0.05625016 0.01806862 0.60792540
v -0.05706584 0.01765492 0.60024990
v -0.05514536 0.01593721 0.57209786
v -0.05481116 0.01540416 0.56995508
v -0.05489820 0.01420601 0.56980509
v -0.05514536 0.01593721 0.57209786
v -0.05457013 0.01642214 0.57109514
v -0.05481116 0.01540416 0.56995508
v -0.05497034 -0.01652015 0.57615589
v -0.05615871 -0.01642637 0.58368173
v -0.05556307 -0.01598467 0.57647245
v -0.05514535 -0.01573020 0.57209786
v -0.05481119 -0.01519709 0.56995508
v -0.05457012 -0.01621477 0.57109508
v -0.05669620 -0.01610522 0.60804246
v -0.05706583 -0.01744755 0.60024984
v -0.05625019 -0.01786107 0.60792540
v -0.05375487 -0.01637263 0.61518415
v -0.05669620 -0.01610522 0.60804246
v -0.05625019 -0.01786107 0.60792540
v -0.03835259 0.01933273 0.63571206
v -0.03907126 0.01875047 0.63645145
v -0.03931109 0.01699472 0.63669812
v -0.03886527 0.01869105 0.63658260
v -0.03907126 0.01875047 0.63645145
v -0.05744525 0.01303820 0.60034423
v -0.05700554 0.01542316 0.59219733
v -0.05700554 0.01262889 0.59220027
v -0.05744524 -0.01283082 0.60034423
v -0.05700552 -0.01242134 0.59220027
v -0.05700551 -0.01521584 0.59219733
v -0.05370477 0.01662524 0.57561806
v -0.05390812 0.01670850 0.57566357
v -0.05411331 0.01711817 0.58333039
v -0.05318313 0.01549856 0.56552400
v -0.05356213 0.01633908 0.56959384
v -0.05338282 0.01625192 0.56950174
v -0.05314076 0.01386541 0.56422719
v -0.05327259 0.01393049 0.56436389
v -0.05333453 0.01558283 0.56565943
v -0.05329257 0.00010369 0.56439568
v -0.05329257 0.00432227 0.56439459
v -0.05317600 0.00010387 0.56427907
v -0.05333451 -0.01537501 0.56565962
v -0.05327260 -0.01372288 0.56436383
v -0.05314075 -0.01365773 0.56422731
v -0.05317620 -0.00410870 0.56427812
v -0.05329257 0.00010369 0.56439568
v -0.05317600 0.00010387 0.56427907
v -0.05430952 0.01671422 0.57582236
v -0.05497034 0.01672751 0.57615589
v -0.05549379 0.01719823 0.58356602
v -0.05497034 0.01672751 0.57615589
v -0.05615868 0.01663344 0.58368173
v -0.05549379 0.01719823 0.58356602
v -0.05375489 0.01657999 0.61518415
v -0.05335754 0.01833750 0.61506895
v -0.05625016 0.01806862 0.60792540
v -0.04962582 0.01675070 0.62188144
v -0.05335754 0.01833750 0.61506895
v -0.05375489 0.01657999 0.61518415
v -0.05375487 -0.01637263 0.61518415
v -0.05625019 -0.01786107 0.60792540
v -0.05335755 -0.01812988 0.61506901
v -0.04962581 -0.01654333 0.62188144
v -0.05335755 -0.01812988 0.61506901
v -0.05390812 0.01670850 0.57566357
v -0.05432503 0.01720023 0.58336575
v -0.05411331 0.01711817 0.58333039
v -0.05421985 0.01506672 0.59161387
v -0.05404319 0.01612169 0.58331865
v -0.05421946 0.01665835 0.59161368
v -0.05370475 -0.01641757 0.57561806
v -0.05432503 -0.01699261 0.58336575
v -0.05390813 -0.01650069 0.57566357
v -0.05333451 -0.01537501 0.56565962
v -0.05338280 -0.01604419 0.56950174
v -0.05356214 -0.01613123 0.56959378
v -0.05744524 -0.01569605 0.60034206
v -0.05672779 -0.01694932 0.59213702
v -0.05706583 -0.01744755 0.60024984
v -0.05669620 -0.01610522 0.60804246
v -0.05744524 -0.01569605 0.60034206
v -0.05706583 -0.01744755 0.60024984
v -0.05744524 0.01590341 0.60034206
v -0.05706584 0.01765492 0.60024990
v -0.05672780 0.01715649 0.59213696
v -0.05706584 0.01765492 0.60024990
v -0.05744524 0.01590341 0.60034206
v -0.04672137 -0.01880281 0.62072465
v -0.04692268 -0.01888516 0.62079754
v -0.05029985 -0.01871687 0.61418341
v -0.04295888 -0.01891545 0.62660795
v -0.04672137 -0.01880281 0.62072465
v -0.04289551 -0.01866850 0.62657821
v -0.05256550 0.01832659 0.60696577
v -0.05384554 0.01791198 0.59948301
v -0.05391626 0.01815863 0.59949922
v -0.05391626 0.01815863 0.59949922
v -0.05384554 0.01791198 0.59948301
v -0.05428997 0.01765468 0.59162772
v -0.05391626 -0.01795120 0.59949922
v -0.05428996 -0.01744739 0.59162784
v -0.05384556 -0.01770436 0.59948294
v -0.05256550 -0.01811885 0.60696570
v -0.05391626 -0.01795120 0.59949922
v -0.05384556 -0.01770436 0.59948294
v -0.03758683 0.01924612 0.63471235
v -0.03796910 0.01898185 0.63345191
v -0.03804815 0.01922818 0.63345951
v -0.03975185 0.01919177 0.63108237
v -0.03968705 0.01894505 0.63105499
v -0.04289551 0.01887612 0.62657821
v -0.03784867 0.00965448 0.63566969
v -0.03699697 0.00965200 0.63480980
v -0.03724046 0.01339430 0.63447046
v -0.05471909 -0.01803286 0.59968769
v -0.05592782 -0.01803206 0.59997674
v -0.05589499 -0.01752786 0.59196113
v -0.05589499 -0.01752786 0.59196113
v -0.05592782 -0.01803206 0.59997674
v -0.05672779 -0.01694932 0.59213702
v -0.03835259 0.01933273 0.63571206
v -0.03876136 0.01932718 0.63531828
v -0.03907126 0.01875047 0.63645145
v -0.03835259 0.01933273 0.63571206
v -0.03836910 0.01932112 0.63458208
v -0.03876136 0.01932718 0.63531828
v -0.05263562 0.01857329 0.60698402
v -0.05256550 0.01832659 0.60696577
v -0.05391626 0.01815863 0.59949922
v -0.05009222 0.01884194 0.61412124
v -0.05256550 0.01832659 0.60696577
v -0.05263562 0.01857329 0.60698402
v -0.05391626 0.01815863 0.59949922
v -0.05428997 0.01765468 0.59162772
v -0.05450187 0.01773678 0.59167054
v -0.05411331 0.01711817 0.58333039
v -0.05432503 0.01720023 0.58336575
v -0.05428997 0.01765468 0.59162772
v -0.05370475 -0.01641757 0.57561806
v -0.05411331 -0.01691075 0.58333039
v -0.05432503 -0.01699261 0.58336575
v -0.05411331 -0.01691075 0.58333039
v -0.05428996 -0.01744739 0.59162784
v -0.05450189 -0.01752935 0.59167054
v -0.05421985 0.01506672 0.59161387
v -0.05404342 0.01453003 0.58331890
v -0.05404319 0.01612169 0.58331865
v -0.03835260 -0.01912562 0.63571213
v -0.03941074 -0.01853808 0.63602033
v -0.03876135 -0.01911989 0.63531834
v -0.03785685 -0.01911765 0.63466212
v -0.03835260 -0.01912562 0.63571213
v -0.03876135 -0.01911989 0.63531834
v -0.05471910 0.01824025 0.59968769
v -0.05592782 0.01823943 0.59997674
v -0.05491165 0.01865435 0.60757668
v -0.05491165 0.01865435 0.60757668
v -0.05625016 0.01806862 0.60792540
v -0.05318313 0.01549856 0.56552400
v -0.05333453 0.01558283 0.56565943
v -0.05356213 0.01633908 0.56959384
v -0.05314076 0.01386541 0.56422719
v -0.05333453 0.01558283 0.56565943
v -0.05318313 0.01549856 0.56552400
v -0.04672137 -0.01880281 0.62072465
v -0.05029985 -0.01871687 0.61418341
v -0.05009223 -0.01863457 0.61412118
v -0.05009223 -0.01863457 0.61412118
v -0.05029985 -0.01871687 0.61418341
v -0.05284630 -0.01844796 0.60703891
v -0.05009222 0.01884194 0.61412124
v -0.05284631 0.01865528 0.60703872
v -0.05029986 0.01892400 0.61418341
v -0.04672139 0.01900998 0.62072465
v -0.05009222 0.01884194 0.61412124
v -0.05029986 0.01892400 0.61418341
v -0.05263582 -0.01836573 0.60698402
v -0.05284630 -0.01844796 0.60703891
v -0.05412796 -0.01803330 0.59954817
v -0.05009223 -0.01863457 0.61412118
v -0.05284630 -0.01844796 0.60703891
v -0.05263582 -0.01836573 0.60698402
v -0.04672139 0.01900998 0.62072465
v -0.05029986 0.01892400 0.61418341
v -0.04692269 0.01909215 0.62079773
v -0.04295890 0.01912282 0.62660795
v -0.04672139 0.01900998 0.62072465
v -0.04692269 0.01909215 0.62079773
v -0.05489839 0.00437146 0.56981786
v -0.05489838 0.00830182 0.56981390
v -0.05423191 0.00823947 0.56721996
v -0.05489820 0.01420601 0.56980509
v -0.05431628 0.01572429 0.56818138
v -0.05423192 0.01407615 0.56721223
v -0.03758683 -0.01903905 0.63471235
v -0.03828534 -0.01910219 0.63348325
v -0.03804815 -0.01902083 0.63345951
v -0.03785685 -0.01911765 0.63466212
v -0.03876135 -0.01911989 0.63531834
v -0.03836909 -0.01911405 0.63458215
v -0.03968704 0.01459088 0.63105544
v -0.04289551 0.01452204 0.62657847
v -0.03968705 0.01660342 0.63105544
v -0.05481119 -0.01519709 0.56995508
v -0.05423190 -0.01386901 0.56721217
v -0.05489839 -0.00416459 0.56981786
v -0.05423169 0.00010344 0.56722481
v -0.05423170 -0.00414189 0.56722347
v -0.05314075 -0.01365773 0.56422731
v -0.05318315 -0.01529083 0.56552400
v -0.05318315 -0.01529083 0.56552400
v -0.05338280 -0.01604419 0.56950174
v -0.05333451 -0.01537501 0.56565962
v -0.03891233 -0.00456368 0.63674401
v -0.03911794 0.00010349 0.63683975
v -0.03911794 -0.00456368 0.63683975
v -0.03867250 -0.01830290 0.63650142
v -0.03891233 -0.01665519 0.63674357
v -0.03911834 -0.01675550 0.63683943
v -0.05422028 -0.01284641 0.59161425
v -0.05421988 -0.01485898 0.59161387
v -0.05404343 -0.01432266 0.58331890
v -0.05339829 -0.01354233 0.57095569
v -0.05334859 -0.01507575 0.56997065
v -0.05325730 -0.01300776 0.56807167
v -0.05339827 0.01374920 0.57095562
v -0.05325731 0.01321465 0.56807167
v -0.03854046 -0.00456279 0.63636816
v -0.03784847 0.00010368 0.63566969
v -0.03854027 0.00010349 0.63636822
v -0.03784870 -0.01370518 0.63566949
v -0.03724045 -0.01318646 0.63447052
v -0.03699695 -0.00944414 0.63480980
v -0.03891233 0.00477060 0.63674401
v -0.03891252 0.00965748 0.63674408
v -0.03911793 0.00477066 0.63683994
v -0.03891234 0.01686230 0.63674363
v -0.03886527 0.01869105 0.63658260
v -0.03911813 0.01696249 0.63683943
v -0.04289551 -0.01632674 0.62657847
v -0.04665434 -0.01621415 0.62070053
v -0.04289549 -0.01431418 0.62657847
v -0.03758683 0.01924612 0.63471235
v -0.03747905 0.01900585 0.63471132
v -0.03796910 0.01898185 0.63345191
v -0.03795424 0.01903646 0.63577582
v -0.03747905 0.01900585 0.63471132
v -0.03758683 0.01924612 0.63471235
v -0.04531356 -0.01666243 0.62824839
v -0.04962581 -0.01654333 0.62188144
v -0.04507454 -0.01841860 0.62806905
v -0.04531356 -0.01666243 0.62824839
v -0.04962581 -0.01357018 0.62188214
v -0.04962581 -0.01654333 0.62188144
v -0.04531358 0.01686978 0.62824845
v -0.04962582 0.01675070 0.62188144
v -0.04962582 0.01377728 0.62188214
v -0.04531358 0.01686978 0.62824845
v -0.04507454 0.01862622 0.62806905
v -0.04962582 0.01675070 0.62188144
v -0.05481119 -0.01519709 0.56995508
v -0.05423190 -0.01386901 0.56721217
v -0.05431647 -0.01551699 0.56818138
v -0.05457012 -0.01621477 0.57109508
v -0.05481119 -0.01519709 0.56995508
v -0.05431647 -0.01551699 0.56818138
v -0.03994663 -0.01906653 0.63116527
v -0.04314858 -0.01899795 0.62669737
v -0.04295888 -0.01891545 0.62660795
v -0.04295888 -0.01891545 0.62660795
v -0.04314858 -0.01899795 0.62669737
v -0.04672137 -0.01880281 0.62072465
v -0.05700554 0.01542316 0.59219733
v -0.05615868 0.01663344 0.58368173
v -0.05638039 0.01494252 0.58372245
v -0.05700554 0.01262889 0.59220027
v -0.05700554 0.01542316 0.59219733
v -0.05322142 -0.01185946 0.56713022
v -0.05313954 -0.01297690 0.56519282
v -0.05316460 -0.01075889 0.56524088
v -0.05314400 -0.00409694 0.56443346
v -0.05317620 -0.00410870 0.56427812
v -0.05317600 0.00010387 0.56427907
v -0.05404303 -0.01666416 0.58331858
v -0.05370475 -0.01641757 0.57561806
v -0.05363833 -0.01617193 0.57562432
v -0.05332760 -0.01580104 0.56955670
v -0.05314014 -0.01506884 0.56563141
v -0.05360677 0.00433036 0.56522805
v -0.05329257 0.00432227 0.56439459
v -0.05329257 0.00010369 0.56439568
v -0.05368254 0.01562579 0.56641860
v -0.05327259 0.01393049 0.56436389
v -0.05360207 0.01397439 0.56521273
v -0.03886526 -0.01848407 0.63658267
v -0.03911834 -0.01675550 0.63683943
v -0.03810683 -0.01905269 0.63581354
v -0.03867250 -0.01830290 0.63650142
v -0.03886526 -0.01848407 0.63658267
v -0.05576072 0.00010350 0.57659563
v -0.05533752 0.00010344 0.57244978
v -0.05576072 -0.00421775 0.57659410
v -0.05576073 0.01455004 0.57658044
v -0.05533732 0.01433426 0.57243459
v -0.05576075 -0.01434311 0.57658044
v -0.05533734 -0.01412738 0.57243465
v -0.05514535 -0.01573020 0.57209786
v -0.05576072 -0.00421775 0.57659410
v -0.05533752 0.00010344 0.57244978
v -0.05533752 -0.00418554 0.57244837
v -0.05411331 0.01711817 0.58333039
v -0.05363832 0.01637930 0.57562432
v -0.05370477 0.01662524 0.57561806
v -0.05332757 0.01600839 0.56955670
v -0.05457013 0.01642214 0.57109514
v -0.05431628 0.01572429 0.56818138
v -0.05481116 0.01540416 0.56995508
v -0.05489820 0.01420601 0.56980509
v -0.04507454 -0.01841860 0.62806905
v -0.04962581 -0.01654333 0.62188144
v -0.04932140 -0.01830030 0.62175782
v -0.04507454 -0.01841860 0.62806905
v -0.04932140 -0.01830030 0.62175782
v -0.04840853 -0.01888565 0.62138784
v -0.04507454 0.01862622 0.62806905
v -0.04932141 0.01850791 0.62175769
v -0.04962582 0.01675070 0.62188144
v -0.04507454 0.01862622 0.62806905
v -0.04840833 0.01909302 0.62138784
v -0.05323388 0.01021176 0.56715326
v -0.05316459 0.01096600 0.56524069
v -0.05313953 0.01318390 0.56519289
v -0.05329296 0.00816914 0.56439159
v -0.05316786 0.01139987 0.56426108
v -0.05317660 0.00814931 0.56427518
v -0.03975185 0.01919177 0.63108237
v -0.04289551 0.01887612 0.62657821
v -0.04295890 0.01912282 0.62660795
v -0.04289551 0.01887612 0.62657821
v -0.04665433 0.01876339 0.62070053
v -0.05638038 -0.01203259 0.58372609
v -0.05700551 -0.01521584 0.59219733
v -0.05638038 -0.01473540 0.58372245
v -0.05672779 -0.01694932 0.59213702
v -0.05368276 -0.01541815 0.56641860
v -0.05360228 -0.01376703 0.56521273
v -0.05327260 -0.01372288 0.56436383
v -0.05360655 0.00010350 0.56522907
v -0.05329257 -0.00411490 0.56439459
v -0.05360677 -0.00412337 0.56522805
v -0.03975184 -0.01898423 0.63108237
v -0.03968705 -0.01873732 0.63105499
v -0.03758683 -0.01903905 0.63471235
v -0.03804815 -0.01902083 0.63345951
v -0.03796912 -0.01877425 0.63345191
v -0.05428996 -0.01744739 0.59162784
v -0.05411331 -0.01691075 0.58333039
v -0.05421946 -0.01720066 0.59161355
v -0.05384556 -0.01770436 0.59948294
v -0.05428996 -0.01744739 0.59162784
v -0.05421946 -0.01720066 0.59161355
v -0.05391626 0.01815863 0.59949922
v -0.05450187 0.01773678 0.59167054
v -0.05412797 0.01824067 0.59954811
v -0.05263562 0.01857329 0.60698402
v -0.05412797 0.01824067 0.59954811
v -0.05391626 -0.01795120 0.59949922
v -0.05412796 -0.01803330 0.59954817
v -0.05263582 -0.01836573 0.60698402
v -0.05412796 -0.01803330 0.59954817
v -0.05391626 -0.01795120 0.59949922
v -0.05002296 -0.01838769 0.61410057
v -0.04665435 -0.01855589 0.62070047
v -0.04289551 -0.01866850 0.62657821
v -0.04672137 -0.01880281 0.62072465
v -0.04665435 -0.01855589 0.62070047
v -0.05549380 -0.01699086 0.58356609
v -0.05672779 -0.01694932 0.59213702
v -0.05615871 -0.01642637 0.58368173
v -0.05638038 -0.01473540 0.58372245
v -0.05615871 -0.01642637 0.58368173
v -0.03994664 0.01927375 0.63116521
v -0.04357749 0.01920605 0.62696587
v -0.04034479 0.01927514 0.63148215
v -0.04034479 0.01927514 0.63148215
v -0.04357749 0.01920605 0.62696587
v -0.04102028 0.01928005 0.63221171
v -0.03784849 0.01669472 0.63566911
v -0.03745298 0.01666440 0.63468503
v -0.03745929 0.01825991 0.63469128
v -0.03745929 0.01825991 0.63469128
v -0.03745298 0.01666440 0.63468503
v -0.03796930 0.01664035 0.63345236
v -0.03867250 0.01850987 0.63650142
v -0.03810684 0.01925967 0.63581361
v -0.03886527 0.01869105 0.63658260
v -0.03891234 0.01686230 0.63674363
v -0.03867250 0.01850987 0.63650142
v -0.04435769 -0.01900168 0.62753236
v -0.04507454 -0.01841860 0.62806905
v -0.04840853 -0.01888565 0.62138784
v -0.04435769 -0.01900168 0.62753236
v -0.04840853 -0.01888565 0.62138784
v -0.04742845 -0.01888531 0.62099367
v -0.04435771 0.01920904 0.62753236
v -0.04742820 0.01909233 0.62099373
v -0.04840833 0.01909302 0.62138784
v -0.04435771 0.01920904 0.62753236
v -0.04840833 0.01909302 0.62138784
v -0.04507454 0.01862622 0.62806905
v -0.05009223 -0.01863457 0.61412118
v -0.05256550 -0.01811885 0.60696570
v -0.05002296 -0.01838769 0.61410057
v -0.04672137 -0.01880281 0.62072465
v -0.05009223 -0.01863457 0.61412118
v -0.05002296 -0.01838769 0.61410057
v -0.04672139 0.01900998 0.62072465
v -0.05002294 0.01859530 0.61410057
v -0.05009222 0.01884194 0.61412124
v -0.05009222 0.01884194 0.61412124
v -0.05002294 0.01859530 0.61410057
v -0.05256550 0.01832659 0.60696577
v -0.03745928 -0.01805226 0.63469128
v -0.03796911 -0.01802422 0.63345204
v -0.03745300 -0.01645661 0.63468509
v -0.03787457 -0.01809453 0.63569547
v -0.03745928 -0.01805226 0.63469128
v -0.03745300 -0.01645661 0.63468509
v -0.03758683 0.01924612 0.63471235
v -0.03828534 0.01930930 0.63348325
v -0.04314859 0.01920506 0.62669737
v -0.03994664 0.01927375 0.63116521
v -0.04295890 0.01912282 0.62660795
v -0.04665433 0.01876339 0.62070053
v -0.04672139 0.01900998 0.62072465
v -0.04672139 0.01900998 0.62072465
v -0.04665433 0.01876339 0.62070053
v -0.05002294 0.01859530 0.61410057
v -0.05411331 -0.01691075 0.58333039
v -0.05404303 -0.01666416 0.58331858
v -0.05421946 -0.01720066 0.59161355
v -0.05411331 -0.01691075 0.58333039
v -0.05404303 -0.01666416 0.58331858
v -0.05428997 0.01765468 0.59162772
v -0.05404280 0.01687153 0.58331858
v -0.05411331 0.01711817 0.58333039
v -0.05411331 0.01711817 0.58333039
v -0.05404280 0.01687153 0.58331858
v -0.05363832 0.01637930 0.57562432
v -0.05009222 0.01884194 0.61412124
v -0.05263562 0.01857329 0.60698402
v -0.05284631 0.01865528 0.60703872
v -0.05263562 0.01857329 0.60698402
v -0.05412797 0.01824067 0.59954811
v -0.05284631 0.01865528 0.60703872
v -0.05391626 -0.01795120 0.59949922
v -0.05256550 -0.01811885 0.60696570
v -0.05009223 -0.01863457 0.61412118
v -0.05421945 0.01740809 0.59161355
v -0.05404280 0.01687153 0.58331858
v -0.05384554 0.01791198 0.59948301
v -0.03796931 -0.01643249 0.63345236
v -0.03796951 -0.01441992 0.63345255
v -0.03796951 -0.01441992 0.63345255
v -0.03796931 -0.01643249 0.63345236
v -0.03968704 -0.01639558 0.63105544
v -0.03810683 -0.01905269 0.63581354
v -0.03907125 -0.01854325 0.63645145
v -0.03758683 -0.01903905 0.63471235
v -0.03810683 -0.01905269 0.63581354
v -0.05313462 -0.01109452 0.56441202
v -0.05310449 -0.01349270 0.56436428
v -0.05318315 -0.01529083 0.56552400
v -0.05314075 -0.01365773 0.56422731
v -0.05310449 -0.01349270 0.56436428
v -0.03758683 -0.01903905 0.63471235
v -0.03785685 -0.01911765 0.63466212
v -0.03828534 -0.01910219 0.63348325
v -0.03758683 -0.01903905 0.63471235
v -0.03835260 -0.01912562 0.63571213
v -0.03785685 -0.01911765 0.63466212
v -0.03810684 0.01925967 0.63581361
v -0.03886527 0.01869105 0.63658260
v -0.03785685 0.01932462 0.63466212
v -0.03835259 0.01933273 0.63571206
v -0.05700554 0.01542316 0.59219733
v -0.05672780 0.01715649 0.59213696
v -0.05615868 0.01663344 0.58368173
v -0.05549379 0.01719823 0.58356602
v -0.05615868 0.01663344 0.58368173
v -0.05672780 0.01715649 0.59213696
v -0.05314013 0.01527620 0.56563148
v -0.05314076 0.01386541 0.56422719
v -0.05318313 0.01549856 0.56552400
v -0.05332757 0.01600839 0.56955670
v -0.05314013 0.01527620 0.56563148
v -0.05318313 0.01549856 0.56552400
v -0.05333453 0.01558283 0.56565943
v -0.05368254 0.01562579 0.56641860
v -0.05393461 0.01636435 0.57005196
v -0.05333453 0.01558283 0.56565943
v -0.05327259 0.01393049 0.56436389
v -0.05313462 0.01130196 0.56441202
v -0.05317660 0.00814931 0.56427518
v -0.05316786 0.01139987 0.56426108
v -0.05314400 0.00430475 0.56443352
v -0.05317620 0.00431643 0.56427812
v -0.05314443 0.00810380 0.56443059
v -0.05475840 -0.01699192 0.58343927
v -0.05499152 -0.01752876 0.59177164
v -0.05411331 -0.01691075 0.58333039
v -0.05450189 -0.01752935 0.59167054
v -0.05432503 -0.01699261 0.58336575
v -0.05549380 -0.01699086 0.58356609
v -0.05589499 -0.01752786 0.59196113
v -0.05475840 -0.01699192 0.58343927
v -0.05589499 -0.01752786 0.59196113
v -0.05549380 -0.01699086 0.58356609
v -0.05338280 -0.01604419 0.56950174
v -0.05314014 -0.01506884 0.56563141
v -0.05314014 -0.01506884 0.56563141
v -0.05318315 -0.01529083 0.56552400
v -0.05310449 -0.01349270 0.56436428
v -0.05314013 0.01527620 0.56563148
v -0.05310447 0.01370007 0.56436453
v -0.05314076 0.01386541 0.56422719
v -0.05313462 0.01130196 0.56441202
v -0.05316786 0.01139987 0.56426108
v -0.05310447 0.01370007 0.56436453
v -0.03854047 0.00965648 0.63636822
v -0.03784868 0.01391291 0.63566949
v -0.03784867 0.00965448 0.63566969
v -0.03724046 0.01339430 0.63447046
v -0.03784868 0.01391291 0.63566949
v -0.05475841 0.01719960 0.58343933
v -0.05549379 0.01719823 0.58356602
v -0.05672780 0.01715649 0.59213696
v -0.05589501 0.01773523 0.59196119
v -0.05393461 0.01636435 0.57005196
v -0.05457013 0.01642214 0.57109514
v -0.05430952 0.01671422 0.57582236
v -0.05333453 0.01558283 0.56565943
v -0.05393461 0.01636435 0.57005196
v -0.05356213 0.01633908 0.56959384
v -0.03835260 -0.01912562 0.63571213
v -0.03907125 -0.01854325 0.63645145
v -0.03941074 -0.01853808 0.63602033
v -0.03907125 -0.01854325 0.63645145
v -0.03962735 -0.01678237 0.63625475
v -0.03941074 -0.01853808 0.63602033
v -0.04357747 -0.01899900 0.62696594
v -0.04435769 -0.01900168 0.62753236
v -0.04742845 -0.01888531 0.62099367
v -0.04314858 -0.01899795 0.62669737
v -0.04692268 -0.01888516 0.62079754
v -0.05333451 -0.01537501 0.56565962
v -0.05356214 -0.01613123 0.56959378
v -0.05368276 -0.01541815 0.56641860
v -0.05368276 -0.01541815 0.56641860
v -0.05327260 -0.01372288 0.56436383
v -0.05333451 -0.01537501 0.56565962
v -0.03907126 0.01875047 0.63645145
v -0.03941075 0.01874559 0.63602033
v -0.03962736 0.01698968 0.63625468
v -0.03876136 0.01932718 0.63531828
v -0.03941075 0.01874559 0.63602033
v -0.03907126 0.01875047 0.63645145
v -0.05393461 -0.01615659 0.57005177
v -0.05430955 -0.01650649 0.57582236
v -0.05457012 -0.01621477 0.57109508
v -0.05356214 -0.01613123 0.56959378
v -0.05393461 -0.01615659 0.57005177
v -0.05368276 -0.01541815 0.56641860
v -0.05313462 -0.01109452 0.56441202
v -0.05314075 -0.01365773 0.56422731
v -0.05316787 -0.01119222 0.56426108
v -0.05327260 -0.01372288 0.56436383
v -0.05316787 -0.01119222 0.56426108
v -0.05314075 -0.01365773 0.56422731
v -0.03795424 0.01903646 0.63577582
v -0.03787457 0.01830189 0.63569547
v -0.03747905 0.01900585 0.63471132
v -0.03840373 0.01796298 0.63622998
v -0.03787457 0.01830189 0.63569547
v -0.03795424 0.01903646 0.63577582
v -0.05475841 0.01719960 0.58343933
v -0.05499153 0.01773634 0.59177164
v -0.05428997 0.01765468 0.59162772
v -0.05432503 0.01720023 0.58336575
v -0.05450187 0.01773678 0.59167054
v -0.03840375 -0.01775576 0.63622998
v -0.03795426 -0.01882935 0.63577589
v -0.03787457 -0.01809453 0.63569547
v -0.03795426 -0.01882935 0.63577589
v -0.03747905 -0.01879850 0.63471132
v -0.03787457 -0.01809453 0.63569547
v -0.05497034 0.01672751 0.57615589
v -0.05514536 0.01593721 0.57209786
v -0.05556309 0.01619169 0.57647252
v -0.05556309 0.01619169 0.57647252
v -0.05533732 0.01433426 0.57243459
v -0.05576075 -0.01434311 0.57658044
v -0.05514535 -0.01573020 0.57209786
v -0.05556307 -0.01598467 0.57647245
v -0.05497034 -0.01652015 0.57615589
v -0.05556307 -0.01598467 0.57647245
v -0.05514535 -0.01573020 0.57209786
v -0.05323793 0.00755839 0.56716303
v -0.05317273 0.00793827 0.56525926
v -0.05323388 0.01021176 0.56715326
v -0.05430952 0.01671422 0.57582236
v -0.05457013 0.01642214 0.57109514
v -0.05497034 0.01672751 0.57615589
v -0.05497034 0.01672751 0.57615589
v -0.05457013 0.01642214 0.57109514
v -0.05514536 0.01593721 0.57209786
v -0.05430955 -0.01650649 0.57582236
v -0.05457012 -0.01621477 0.57109508
v -0.05497034 -0.01652015 0.57615589
v -0.05514535 -0.01573020 0.57209786
v -0.05457012 -0.01621477 0.57109508
v -0.05356213 0.01633908 0.56959384
v -0.05393461 0.01636435 0.57005196
v -0.05430952 0.01671422 0.57582236
v -0.05338282 0.01625192 0.56950174
v -0.05323793 -0.00735102 0.56716303
v -0.05323388 -0.01000476 0.56715320
v -0.05317273 -0.00773084 0.56525926
v -0.05314441 -0.00789618 0.56443059
v -0.05313462 -0.01109452 0.56441202
v -0.05317661 -0.00794163 0.56427518
v -0.05332700 -0.01044119 0.56962160
v -0.05323388 -0.01000476 0.56715320
v -0.05332271 -0.00904137 0.56960743
v -0.05356214 -0.01613123 0.56959378
v -0.05390813 -0.01650069 0.57566357
v -0.05393461 -0.01615659 0.57005177
v -0.05356214 -0.01613123 0.56959378
v -0.05370475 -0.01641757 0.57561806
v -0.05390813 -0.01650069 0.57566357
v -0.03787457 -0.01809453 0.63569547
v -0.03745300 -0.01645661 0.63468509
v -0.03784849 -0.01648710 0.63566917
v -0.03840375 -0.01775576 0.63622998
v -0.03787457 -0.01809453 0.63569547
v -0.03784849 -0.01648710 0.63566917
v -0.03876135 -0.01911989 0.63531834
v -0.03940260 -0.01910717 0.63447927
v -0.03872281 -0.01910282 0.63374805
v -0.03876135 -0.01911989 0.63531834
v -0.03940260 -0.01910717 0.63447927
v -0.03872283 0.01930985 0.63374811
v -0.03940259 0.01931454 0.63447927
v -0.03940259 0.01931454 0.63447927
v -0.03941075 0.01874559 0.63602033
v -0.03787457 0.01830189 0.63569547
v -0.03745929 0.01825991 0.63469128
v -0.03747905 0.01900585 0.63471132
v -0.03747905 0.01900585 0.63471132
v -0.03796912 0.01823199 0.63345198
v -0.05328808 -0.01123255 0.56438272
v -0.05316787 -0.01119222 0.56426108
v -0.05327260 -0.01372288 0.56436383
v -0.05328808 -0.01123255 0.56438272
v -0.05332698 0.01064806 0.56962179
v -0.05332269 0.00924837 0.56960743
v -0.05322144 0.01206633 0.56713016
v -0.05332698 0.01064806 0.56962179
v -0.05322144 0.01206633 0.56713016
v -0.05325731 0.01321465 0.56807167
v -0.03931109 0.01699472 0.63669812
v -0.03962736 0.01698968 0.63625468
v -0.03931090 0.00477010 0.63669857
v -0.03962733 0.00476921 0.63625519
v -0.03931090 0.00010368 0.63669863
v -0.03968705 0.01819512 0.63105531
v -0.04289551 0.01812626 0.62657847
v -0.03968705 0.01894505 0.63105499
v -0.03747905 0.01900585 0.63471132
v -0.03796912 0.01823199 0.63345198
v -0.03796910 0.01898185 0.63345191
v -0.05328808 0.01143999 0.56438266
v -0.05316786 0.01139987 0.56426108
v -0.05360207 0.01397439 0.56521273
v -0.05327259 0.01393049 0.56436389
v -0.05328808 0.01143999 0.56438266
v -0.03931130 -0.01378187 0.63669851
v -0.03962735 -0.00944595 0.63625519
v -0.03962734 -0.01377695 0.63625513
v -0.03931110 -0.01678761 0.63669812
v -0.03962735 -0.01678237 0.63625475
v -0.03907125 -0.01854325 0.63645145
v -0.03796911 -0.01802422 0.63345204
v -0.03796912 -0.01877425 0.63345191
v -0.03968705 -0.01798731 0.63105531
v -0.03747905 -0.01879850 0.63471132
v -0.03796912 -0.01877425 0.63345191
v -0.03796911 -0.01802422 0.63345204
v -0.05327259 0.01393049 0.56436389
v -0.05314076 0.01386541 0.56422719
v -0.05316786 0.01139987 0.56426108
v -0.05310447 0.01370007 0.56436453
v -0.05316786 0.01139987 0.56426108
v -0.05314076 0.01386541 0.56422719
v -0.03962735 -0.01678237 0.63625475
v -0.04000328 -0.01852617 0.63520269
v -0.03941074 -0.01853808 0.63602033
v -0.03940260 -0.01910717 0.63447927
v -0.03941074 -0.01853808 0.63602033
v -0.04000328 -0.01852617 0.63520269
v -0.05338280 -0.01604419 0.56950174
v -0.05356214 -0.01613123 0.56959378
v -0.05370475 -0.01641757 0.57561806
v -0.05338280 -0.01604419 0.56950174
v -0.05332760 -0.01580104 0.56955670
v -0.05314443 0.00810380 0.56443059
v -0.05317660 0.00814931 0.56427518
v -0.05313462 0.01130196 0.56441202
v -0.05323388 0.01021176 0.56715326
v -0.05317273 0.00793827 0.56525926
v -0.03787457 -0.01809453 0.63569547
v -0.03747905 -0.01879850 0.63471132
v -0.03747905 -0.01879850 0.63471132
v -0.03796911 -0.01802422 0.63345204
v -0.03745928 -0.01805226 0.63469128
v -0.05363832 0.01637930 0.57562432
v -0.05332757 0.01600839 0.56955670
v -0.05338282 0.01625192 0.56950174
v -0.05365626 0.01405825 0.57597406
v -0.05334856 0.01528274 0.56997065
v -0.05364384 0.01563541 0.57572784
v -0.03940259 0.01931454 0.63447927
v -0.04000326 0.01873377 0.63520276
v -0.03941075 0.01874559 0.63602033
v -0.03941075 0.01874559 0.63602033
v -0.04000326 0.01873377 0.63520276
v -0.04020359 0.01697802 0.63544414
v -0.05364384 -0.01542832 0.57572784
v -0.05334859 -0.01507575 0.56997065
v -0.05339829 -0.01354233 0.57095569
v -0.05363833 -0.01617193 0.57562432
v -0.05332760 -0.01580104 0.56955670
v -0.05328808 -0.01123255 0.56438272
v -0.05317661 -0.00794163 0.56427518
v -0.05316787 -0.01119222 0.56426108
v -0.05313462 -0.01109452 0.56441202
v -0.05317661 -0.00794163 0.56427518
v -0.03787457 0.01830189 0.63569547
v -0.03784849 0.01669472 0.63566911
v -0.03745929 0.01825991 0.63469128
v -0.03854008 0.01675332 0.63636778
v -0.03784849 0.01669472 0.63566911
v -0.05336344 -0.01123761 0.57028281
v -0.05322142 -0.01185946 0.56713022
v -0.05332700 -0.01044119 0.56962160
v -0.05332700 -0.01044119 0.56962160
v -0.05322142 -0.01185946 0.56713022
v -0.05533752 -0.00815530 0.57244403
v -0.05489839 -0.00416459 0.56981786
v -0.05489839 -0.00809494 0.56981390
v -0.05489839 -0.00416459 0.56981786
v -0.05423190 -0.00803259 0.56721989
v -0.05390812 0.01670850 0.57566357
v -0.05370477 0.01662524 0.57561806
v -0.05338282 0.01625192 0.56950174
v -0.05323388 -0.01000476 0.56715320
v -0.05322142 -0.01185946 0.56713022
v -0.05316460 -0.01075889 0.56524088
v -0.05323388 -0.01000476 0.56715320
v -0.05316460 -0.01075889 0.56524088
v -0.05317273 -0.00773084 0.56525926
v -0.05365626 0.01405825 0.57597406
v -0.05339827 0.01374920 0.57095562
v -0.05334856 0.01528274 0.56997065
v -0.05365628 -0.01385125 0.57597413
v -0.05364384 -0.01542832 0.57572784
v -0.05339829 -0.01354233 0.57095569
v -0.04962580 0.00475163 0.62188380
v -0.05375488 0.00473469 0.61518798
v -0.05375490 0.00010369 0.61518849
v -0.05669621 0.00010356 0.60804858
v -0.05323388 0.01021176 0.56715326
v -0.05313953 0.01318390 0.56519289
v -0.05322144 0.01206633 0.56713016
v -0.05332269 0.00924837 0.56960743
v -0.05323388 0.01021176 0.56715326
v -0.05322144 0.01206633 0.56713016
v -0.05339829 -0.01354233 0.57095569
v -0.05325730 -0.01300776 0.56807167
v -0.05336344 -0.01123761 0.57028281
v -0.05336344 -0.01123761 0.57028281
v -0.05325730 -0.01300776 0.56807167
v -0.05346207 0.01181170 0.57222633
v -0.05336346 0.01144448 0.57028287
v -0.05325731 0.01321465 0.56807167
v -0.05336346 0.01144448 0.57028287
v -0.05332698 0.01064806 0.56962179
v -0.05325731 0.01321465 0.56807167
v -0.05329257 -0.00411490 0.56439459
v -0.05317620 -0.00410870 0.56427812
v -0.05329295 -0.00796177 0.56439159
v -0.05360697 -0.00798322 0.56522473
v -0.05329257 -0.00411490 0.56439459
v -0.05329295 -0.00796177 0.56439159
v -0.05423191 0.00823947 0.56721996
v -0.05423211 0.01155533 0.56721555
v -0.05360594 0.01147443 0.56521982
v -0.05489838 0.00830182 0.56981390
v -0.05423211 0.01155533 0.56721555
v -0.05423191 0.00823947 0.56721996
v -0.05744525 0.00010369 0.60035017
v -0.05669620 -0.00449174 0.60804794
v -0.04531355 0.00476131 0.62824992
v -0.04962580 0.00010387 0.62188412
v -0.04962580 0.00010387 0.62188412
v -0.05423211 0.01155533 0.56721555
v -0.05360207 0.01397439 0.56521273
v -0.05360594 0.01147443 0.56521982
v -0.05360594 0.01147443 0.56521982
v -0.05360207 0.01397439 0.56521273
v -0.05328808 0.01143999 0.56438266
v -0.03962735 -0.00944595 0.63625519
v -0.04020360 -0.00944040 0.63544471
v -0.03962734 -0.01377695 0.63625513
v -0.03962736 0.01698968 0.63625468
v -0.03941075 0.01874559 0.63602033
v -0.04020359 0.01697802 0.63544414
v -0.05323774 0.00416840 0.56716545
v -0.05317232 0.00426337 0.56526213
v -0.05323793 0.00755839 0.56716303
v -0.03968705 0.01660342 0.63105544
v -0.04289551 0.01653460 0.62657847
v -0.03968705 0.01819512 0.63105531
v -0.03745929 0.01825991 0.63469128
v -0.03796930 0.01664035 0.63345236
v -0.03796912 0.01823199 0.63345198
v -0.05360614 -0.01126734 0.56521976
v -0.05360228 -0.01376703 0.56521273
v -0.05360614 -0.01126734 0.56521976
v -0.05328808 -0.01123255 0.56438272
v -0.05360228 -0.01376703 0.56521273
v -0.05323773 -0.00396065 0.56716552
v -0.05323793 -0.00735102 0.56716303
v -0.05317233 -0.00405561 0.56526213
v -0.04020360 -0.00456056 0.63544471
v -0.04183431 0.00010393 0.63314895
v -0.04183431 -0.00455835 0.63314895
v -0.04531355 0.00010393 0.62824992
v -0.04962580 -0.00454400 0.62188380
v -0.04531355 -0.00455358 0.62824992
v -0.05360677 0.00433036 0.56522805
v -0.05360697 0.00819021 0.56522486
v -0.05329296 0.00816914 0.56439159
v -0.05423170 0.00434877 0.56722347
v -0.05360697 0.00819021 0.56522486
v -0.05360677 0.00433036 0.56522805
v -0.05360697 0.00819021 0.56522486
v -0.05328808 0.01143999 0.56438266
v -0.05329296 0.00816914 0.56439159
v -0.05329296 0.00816914 0.56439159
v -0.05328808 0.01143999 0.56438266
v -0.05316786 0.01139987 0.56426108
v -0.05638039 0.00863998 0.58373062
v -0.05638037 0.01223990 0.58372609
v -0.05576071 0.00846130 0.57658989
v -0.05700554 0.01262889 0.59220027
v -0.05638037 0.01223990 0.58372609
v -0.05638039 0.00863998 0.58373062
v -0.05329257 0.00432227 0.56439459
v -0.05317660 0.00814931 0.56427518
v -0.05317620 0.00431643 0.56427812
v -0.05314443 0.00810380 0.56443059
v -0.05317620 0.00431643 0.56427812
v -0.05317660 0.00814931 0.56427518
v -0.05323793 -0.00735102 0.56716303
v -0.05317273 -0.00773084 0.56525926
v -0.05317233 -0.00405561 0.56526213
v -0.05314400 -0.00409694 0.56443346
v -0.05314441 -0.00789618 0.56443059
v -0.05317620 -0.00410870 0.56427812
v -0.05576074 0.00442475 0.57659416
v -0.05533752 0.00836217 0.57244403
v -0.05533752 0.00439241 0.57244837
v -0.05533752 0.00439241 0.57244837
v -0.05533752 0.00836217 0.57244403
v -0.05489838 0.00830182 0.56981390
v -0.05316460 -0.01075889 0.56524088
v -0.05313462 -0.01109452 0.56441202
v -0.05314441 -0.00789618 0.56443059
v -0.05316460 -0.01075889 0.56524088
v -0.05310449 -0.01349270 0.56436428
v -0.05313462 -0.01109452 0.56441202
v -0.05332269 0.00924837 0.56960743
v -0.05323793 0.00755839 0.56716303
v -0.05323388 0.01021176 0.56715326
v -0.05332269 0.00924837 0.56960743
v -0.05332147 0.00707134 0.56960437
v -0.05323793 0.00755839 0.56716303
v -0.05332271 -0.00904137 0.56960743
v -0.05323388 -0.01000476 0.56715320
v -0.05323793 -0.00735102 0.56716303
v -0.05332271 -0.00904137 0.56960743
v -0.05323793 -0.00735102 0.56716303
v -0.05332148 -0.00686396 0.56960431
v -0.05423190 -0.00803259 0.56721989
v -0.05360614 -0.01126734 0.56521976
v -0.05423209 -0.01134840 0.56721562
v -0.05489839 -0.00809494 0.56981390
v -0.05423190 -0.00803259 0.56721989
v -0.05423209 -0.01134840 0.56721562
v -0.05314014 -0.01506884 0.56563141
v -0.05310449 -0.01349270 0.56436428
v -0.05313954 -0.01297690 0.56519282
v -0.05316460 -0.01075889 0.56524088
v -0.05313954 -0.01297690 0.56519282
v -0.05310449 -0.01349270 0.56436428
v -0.04962581 -0.01357018 0.62188214
v -0.05375490 -0.00925460 0.61518664
v -0.05375487 -0.01342175 0.61518510
v -0.05669619 -0.00911986 0.60804609
v -0.05317475 0.01461510 0.56635593
v -0.05313953 0.01318390 0.56519289
v -0.05313953 0.01318390 0.56519289
v -0.05313462 0.01130196 0.56441202
v -0.05744525 0.00463245 0.60034940
v -0.05700554 0.00455391 0.59220697
v -0.05334856 0.01528274 0.56997065
v -0.05317475 0.01461510 0.56635593
v -0.05314013 0.01527620 0.56563148
v -0.05317475 0.01461510 0.56635593
v -0.05310447 0.01370007 0.56436453
v -0.05365628 -0.01385125 0.57597413
v -0.05346208 -0.01160483 0.57222633
v -0.05346208 -0.01160483 0.57222633
v -0.05339829 -0.01354233 0.57095569
v -0.05336344 -0.01123761 0.57028281
v -0.05332148 0.00404663 0.56960616
v -0.05323774 0.00010393 0.56716628
v -0.05323774 0.00416840 0.56716545
v -0.05367236 0.01206445 0.57629184
v -0.05346207 0.01181170 0.57222633
v -0.05339827 0.01374920 0.57095562
v -0.05346207 0.01181170 0.57222633
v -0.05325731 0.01321465 0.56807167
v -0.05339827 0.01374920 0.57095562
v -0.04183431 0.00010393 0.63314895
v -0.04183432 0.01394402 0.63314863
v -0.04183431 0.01694348 0.63314818
v -0.04531355 0.01388043 0.62824890
v -0.05638037 0.01223990 0.58372609
v -0.05576072 0.01193058 0.57658465
v -0.05576071 0.00846130 0.57658989
v -0.05576071 0.00846130 0.57658989
v -0.05533732 0.01176027 0.57243880
v -0.05360614 -0.01126734 0.56521976
v -0.05329295 -0.00796177 0.56439159
v -0.05328808 -0.01123255 0.56438272
v -0.05329295 -0.00796177 0.56439159
v -0.05317661 -0.00794163 0.56427518
v -0.05328808 -0.01123255 0.56438272
v -0.05669619 0.00932693 0.60804603
v -0.05669622 0.01339557 0.60804399
v -0.05744525 0.01303820 0.60034423
v -0.05375489 0.01362882 0.61518510
v -0.04020359 -0.01677067 0.63544414
v -0.04163074 -0.01849164 0.63291382
v -0.04000328 -0.01852617 0.63520269
v -0.04000328 -0.01852617 0.63520269
v -0.04163074 -0.01849164 0.63291382
v -0.04102027 -0.01907270 0.63221171
v -0.04962581 -0.00933621 0.62188304
v -0.05375489 -0.00452739 0.61518804
v -0.03911852 -0.01377498 0.63683975
v -0.03891251 -0.01374982 0.63674382
v -0.03891253 -0.00945038 0.63674401
v -0.03891253 -0.00945038 0.63674401
v -0.03891251 -0.01374982 0.63674382
v -0.03854046 -0.00944913 0.63636816
v -0.04000326 0.01873377 0.63520276
v -0.04163075 0.01869925 0.63291382
v -0.04183431 0.01694348 0.63314818
v -0.04000326 0.01873377 0.63520276
v -0.04102028 0.01928005 0.63221171
v -0.04163075 0.01869925 0.63291382
v -0.05489838 0.00010344 0.56981920
v -0.05423169 0.00010344 0.56722481
v -0.05489839 -0.00416459 0.56981786
v -0.05533752 -0.00418554 0.57244837
v -0.05489838 0.00010344 0.56981920
v -0.05489839 -0.00416459 0.56981786
v -0.05489839 0.01165863 0.56980905
v -0.05423192 0.01407615 0.56721223
v -0.05423211 0.01155533 0.56721555
v -0.05360207 0.01397439 0.56521273
v -0.05700551 0.00010381 0.59220806
v -0.05700554 0.00455391 0.59220697
v -0.05638038 0.00010369 0.58373560
v -0.05700551 0.00010381 0.59220806
v -0.04020359 0.01397383 0.63544452
v -0.04020359 0.01697802 0.63544414
v -0.04183432 0.01394402 0.63314863
v -0.03962736 0.01698968 0.63625468
v -0.04020359 0.01697802 0.63544414
v -0.04020359 0.01397383 0.63544452
v -0.05329295 -0.00796177 0.56439159
v -0.05317620 -0.00410870 0.56427812
v -0.05317661 -0.00794163 0.56427518
v -0.05314441 -0.00789618 0.56443059
v -0.05317661 -0.00794163 0.56427518
v -0.05576073 -0.01172360 0.57658459
v -0.05533752 -0.00815530 0.57244403
v -0.05533752 -0.01155340 0.57243880
v -0.05533752 -0.00815530 0.57244403
v -0.05489839 -0.00809494 0.56981390
v -0.05533752 -0.01155340 0.57243880
v -0.03962734 -0.01377695 0.63625513
v -0.04020360 -0.00944040 0.63544471
v -0.04020359 -0.01376672 0.63544471
v -0.03962735 -0.01678237 0.63625475
v -0.04020359 -0.01677067 0.63544414
v -0.04000328 -0.01852617 0.63520269
v -0.03940259 0.01931454 0.63447927
v -0.04034479 0.01927514 0.63148215
v -0.04102028 0.01928005 0.63221171
v -0.03940259 0.01931454 0.63447927
v -0.04102028 0.01928005 0.63221171
v -0.04000326 0.01873377 0.63520276
v -0.03940260 -0.01910717 0.63447927
v -0.04102027 -0.01907270 0.63221171
v -0.04034481 -0.01906807 0.63148209
v -0.03940260 -0.01910717 0.63447927
v -0.04000328 -0.01852617 0.63520269
v -0.04102027 -0.01907270 0.63221171
v -0.05360677 0.00433036 0.56522805
v -0.05329296 0.00816914 0.56439159
v -0.05329257 0.00432227 0.56439459
v -0.04183431 -0.00455835 0.63314895
v -0.04183430 -0.01373692 0.63314863
v -0.04531357 -0.01367333 0.62824890
v -0.04183430 -0.01673612 0.63314818
v -0.03784869 -0.00944689 0.63566969
v -0.03699695 -0.00944414 0.63480980
v -0.03699655 -0.00455875 0.63480974
v -0.05360697 -0.00798322 0.56522473
v -0.05329295 -0.00796177 0.56439159
v -0.05360614 -0.01126734 0.56521976
v -0.05423190 -0.00803259 0.56721989
v -0.05360697 -0.00798322 0.56522473
v -0.05360614 -0.01126734 0.56521976
v -0.03891253 0.01395706 0.63674382
v -0.03911813 0.01696249 0.63683943
v -0.03911853 0.01398196 0.63683975
v -0.03911853 0.01398196 0.63683975
v -0.03911813 0.01696249 0.63683943
v -0.03931109 0.01398886 0.63669851
v -0.05360697 0.00819021 0.56522486
v -0.05360594 0.01147443 0.56521982
v -0.05328808 0.01143999 0.56438266
v -0.05423191 0.00823947 0.56721996
v -0.05360594 0.01147443 0.56521982
v -0.05360697 0.00819021 0.56522486
v -0.05638038 -0.00843262 0.58373062
v -0.05576072 -0.00825430 0.57658989
v -0.05576073 -0.01172360 0.57658459
v -0.05576072 -0.00825430 0.57658989
v -0.05576073 -0.01172360 0.57658459
v -0.05423169 0.00010344 0.56722481
v -0.05423170 0.00434877 0.56722347
v -0.05360677 0.00433036 0.56522805
v -0.05489838 0.00010344 0.56981920
v -0.05423170 0.00434877 0.56722347
v -0.05423169 0.00010344 0.56722481
v -0.05669620 -0.01318846 0.60804399
v -0.05744526 -0.00890521 0.60034710
v -0.04531355 0.00959888 0.62824934
v -0.04183433 0.00963217 0.63314882
v -0.03931130 -0.01378187 0.63669851
v -0.03962734 -0.01377695 0.63625513
v -0.03931110 -0.01678761 0.63669812
v -0.03931110 -0.01678761 0.63669812
v -0.03911834 -0.01675550 0.63683943
v -0.03931130 -0.01378187 0.63669851
v -0.03931109 0.01398886 0.63669851
v -0.03962733 0.01398404 0.63625519
v -0.03962735 0.00965324 0.63625519
v -0.03962735 0.00965324 0.63625519
v -0.03962733 0.01398404 0.63625519
v -0.04020359 0.01397383 0.63544452
v -0.03931109 0.01398886 0.63669851
v -0.03931109 0.01699472 0.63669812
v -0.03962733 0.01398404 0.63625519
v -0.03931109 0.01398886 0.63669851
v -0.03911813 0.01696249 0.63683943
v -0.03931109 0.01699472 0.63669812
v -0.04962582 0.01377728 0.62188214
v -0.05375489 0.00946172 0.61518664
v -0.03911834 -0.01675550 0.63683943
v -0.03911852 -0.01377498 0.63683975
v -0.03931130 -0.01378187 0.63669851
v -0.03911834 -0.01675550 0.63683943
v -0.03891233 -0.01665519 0.63674357
v -0.03911852 -0.01377498 0.63683975
v -0.05360655 0.00010350 0.56522907
v -0.05329257 -0.00411490 0.56439459
v -0.05329257 0.00010369 0.56439568
v -0.05317620 -0.00410870 0.56427812
v -0.05329257 -0.00411490 0.56439459
v -0.05367234 -0.01185746 0.57629190
v -0.05365628 -0.01385125 0.57597413
v -0.05346208 -0.01160483 0.57222633
v -0.05404362 -0.01231010 0.58331909
v -0.05365628 -0.01385125 0.57597413
v -0.05367234 -0.01185746 0.57629190
v -0.04020359 0.01697802 0.63544414
v -0.04183432 0.01394402 0.63314863
v -0.04020359 0.01697802 0.63544414
v -0.04000326 0.01873377 0.63520276
v -0.04183431 0.01694348 0.63314818
v -0.05390812 0.01670850 0.57566357
v -0.05432503 0.01720023 0.58336575
v -0.05430952 0.01671422 0.57582236
v -0.05390812 0.01670850 0.57566357
v -0.05404363 0.01251747 0.58331909
v -0.05367236 0.01206445 0.57629184
v -0.05365626 0.01405825 0.57597406
v -0.05367236 0.01206445 0.57629184
v -0.05339827 0.01374920 0.57095562
v -0.05365626 0.01405825 0.57597406
v -0.05332148 -0.00686396 0.56960431
v -0.05323793 -0.00735102 0.56716303
v -0.05323773 -0.00396065 0.56716552
v -0.05314377 0.00010393 0.56443442
v -0.05323774 0.00416840 0.56716545
v -0.05317232 0.00010393 0.56526303
v -0.05317232 0.00426337 0.56526213
v -0.05475841 0.01719960 0.58343933
v -0.05432503 0.01720023 0.58336575
v -0.05432503 0.01720023 0.58336575
v -0.05475841 0.01719960 0.58343933
v -0.05450187 0.01773678 0.59167054
v -0.05029985 -0.01871687 0.61418341
v -0.05090485 -0.01871669 0.61436026
v -0.05350285 -0.01844769 0.60720989
v -0.04692268 -0.01888516 0.62079754
v -0.05090485 -0.01871669 0.61436026
v -0.05029985 -0.01871687 0.61418341
v -0.05744524 -0.01283082 0.60034423
v -0.05700552 -0.00865975 0.59220391
v -0.03785685 0.01932462 0.63466212
v -0.03828534 0.01930930 0.63348325
v -0.03872283 0.01930985 0.63374811
v -0.03785685 0.01932462 0.63466212
v -0.03836910 0.01932112 0.63458208
v -0.05700554 0.00455391 0.59220697
v -0.05638039 0.00448163 0.58373445
v -0.05638038 0.00010369 0.58373560
v -0.05638038 0.00010369 0.58373560
v -0.05638039 0.00448163 0.58373445
v -0.05576072 0.00010350 0.57659563
v -0.05360655 0.00010350 0.56522907
v -0.05360677 0.00433036 0.56522805
v -0.05329257 0.00010369 0.56439568
v -0.05423169 0.00010344 0.56722481
v -0.05360677 0.00433036 0.56522805
v -0.05360655 0.00010350 0.56522907
v -0.04962580 0.00954352 0.62188297
v -0.04531355 0.01388043 0.62824890
v -0.05412797 0.01824067 0.59954811
v -0.05499153 0.01773634 0.59177164
v -0.05450187 0.01773678 0.59167054
v -0.05475841 0.01719960 0.58343933
v -0.05499153 0.01773634 0.59177164
v -0.05317273 -0.00773084 0.56525926
v -0.05316460 -0.01075889 0.56524088
v -0.05314441 -0.00789618 0.56443059
v -0.05317273 -0.00773084 0.56525926
v -0.05314441 -0.00789618 0.56443059
v -0.05314400 -0.00409694 0.56443346
v -0.05317273 0.00793827 0.56525926
v -0.05314443 0.00810380 0.56443059
v -0.05316459 0.01096600 0.56524069
v -0.05317273 0.00793827 0.56525926
v -0.05314400 0.00430475 0.56443352
v -0.05314443 0.00810380 0.56443059
v -0.05332760 -0.01580104 0.56955670
v -0.05314014 -0.01506884 0.56563141
v -0.05317498 -0.01440811 0.56635599
v -0.05334859 -0.01507575 0.56997065
v -0.05332760 -0.01580104 0.56955670
v -0.05317498 -0.01440811 0.56635599
v -0.05363833 -0.01617193 0.57562432
v -0.05334859 -0.01507575 0.56997065
v -0.05329257 0.00432227 0.56439459
v -0.05317620 0.00431643 0.56427812
v -0.05314377 0.00010393 0.56443442
v -0.05317600 0.00010387 0.56427907
v -0.05317620 0.00431643 0.56427812
v -0.05316459 0.01096600 0.56524069
v -0.05314443 0.00810380 0.56443059
v -0.05313953 0.01318390 0.56519289
v -0.05412796 -0.01803330 0.59954817
v -0.05499152 -0.01752876 0.59177164
v -0.05450189 -0.01752935 0.59167054
v -0.05432503 -0.01699261 0.58336575
v -0.05450189 -0.01752935 0.59167054
v -0.05499152 -0.01752876 0.59177164
v -0.05364384 0.01563541 0.57572784
v -0.05334856 0.01528274 0.56997065
v -0.05332757 0.01600839 0.56955670
v -0.05334856 0.01528274 0.56997065
v -0.05314013 0.01527620 0.56563148
v -0.05029986 0.01892400 0.61418341
v -0.05350283 0.01865486 0.60720995
v -0.05090462 0.01892375 0.61436013
v -0.04692269 0.01909215 0.62079773
v -0.05029986 0.01892400 0.61418341
v -0.05090462 0.01892375 0.61436013
v -0.05390813 -0.01650069 0.57566357
v -0.05432503 -0.01699261 0.58336575
v -0.05475840 -0.01699192 0.58343927
v -0.05432503 -0.01699261 0.58336575
v -0.05499152 -0.01752876 0.59177164
v -0.05475840 -0.01699192 0.58343927
v -0.04692269 0.01909215 0.62079773
v -0.05090462 0.01892375 0.61436013
v -0.04742820 0.01909233 0.62099373
v -0.04742820 0.01909233 0.62099373
v -0.05350285 -0.01844769 0.60720989
v -0.05284630 -0.01844796 0.60703891
v -0.05284630 -0.01844796 0.60703891
v -0.05350285 -0.01844769 0.60720989
v -0.05471909 -0.01803286 0.59968769
v -0.05332148 0.00010393 0.56960680
v -0.05323774 0.00010393 0.56716628
v -0.05332148 0.00404663 0.56960616
v -0.05412796 -0.01803330 0.59954817
v -0.05471909 -0.01803286 0.59968769
v -0.05499152 -0.01752876 0.59177164
v -0.05284630 -0.01844796 0.60703891
v -0.05471909 -0.01803286 0.59968769
v -0.05412796 -0.01803330 0.59954817
v -0.04357747 -0.01899900 0.62696594
v -0.04742845 -0.01888531 0.62099367
v -0.04692268 -0.01888516 0.62079754
v -0.04692268 -0.01888516 0.62079754
v -0.04742845 -0.01888531 0.62099367
v -0.05375490 0.00010369 0.61518849
v -0.04531356 -0.00939152 0.62824934
v -0.04531357 -0.01367333 0.62824890
v -0.04183430 -0.00942481 0.63314888
v -0.05412797 0.01824067 0.59954811
v -0.05499153 0.01773634 0.59177164
v -0.05471910 0.01824025 0.59968769
v -0.05284631 0.01865528 0.60703872
v -0.05412797 0.01824067 0.59954811
v -0.05471910 0.01824025 0.59968769
v -0.05422028 -0.01284641 0.59161425
v -0.05404343 -0.01432266 0.58331890
v -0.05404362 -0.01231010 0.58331909
v -0.05404362 -0.01231010 0.58331909
v -0.05404343 -0.01432266 0.58331890
v -0.05365628 -0.01385125 0.57597413
v -0.05422028 0.01305415 0.59161425
v -0.05404363 0.01251747 0.58331909
v -0.05404342 0.01453003 0.58331890
v -0.05404363 0.01251747 0.58331909
v -0.05365626 0.01405825 0.57597406
v -0.05404342 0.01453003 0.58331890
v -0.03994663 -0.01906653 0.63116527
v -0.04034481 -0.01906807 0.63148209
v -0.04314858 -0.01899795 0.62669737
v -0.03785685 -0.01911765 0.63466212
v -0.03872281 -0.01910282 0.63374805
v -0.03828534 -0.01910219 0.63348325
v -0.03911793 0.00477066 0.63683994
v -0.03891252 0.00965748 0.63674408
v -0.03911833 0.00965742 0.63683994
v -0.03931090 0.00477010 0.63669857
v -0.03911793 0.00477066 0.63683994
v -0.03911833 0.00965742 0.63683994
v -0.04020360 0.00476830 0.63544471
v -0.04183433 0.00476608 0.63314895
v -0.04020360 0.00010393 0.63544471
v -0.03962734 0.00010387 0.63625519
v -0.04020360 0.00476830 0.63544471
v -0.04020360 0.00010393 0.63544471
v -0.05390813 -0.01650069 0.57566357
v -0.05430955 -0.01650649 0.57582236
v -0.05393461 -0.01615659 0.57005177
v -0.05390813 -0.01650069 0.57566357
v -0.05475840 -0.01699192 0.58343927
v -0.05430955 -0.01650649 0.57582236
v -0.05533752 0.00010344 0.57244978
v -0.05489839 0.00437146 0.56981786
v -0.05489838 0.00010344 0.56981920
v -0.05489838 0.00010344 0.56981920
v -0.05489839 0.00437146 0.56981786
v -0.05423170 0.00434877 0.56722347
v -0.04314858 -0.01899795 0.62669737
v -0.04357747 -0.01899900 0.62696594
v -0.04692268 -0.01888516 0.62079754
v -0.04034481 -0.01906807 0.63148209
v -0.04357747 -0.01899900 0.62696594
v -0.04314858 -0.01899795 0.62669737
v -0.03968705 -0.01798731 0.63105531
v -0.03968705 -0.01873732 0.63105499
v -0.04289551 -0.01866850 0.62657821
v -0.03968725 -0.01438302 0.63105544
v -0.03968704 -0.01639558 0.63105544
v -0.04289551 -0.01632674 0.62657847
v -0.05404318 -0.01591432 0.58331865
v -0.05363833 -0.01617193 0.57562432
v -0.05364384 -0.01542832 0.57572784
v -0.05364384 -0.01542832 0.57572784
v -0.05363833 -0.01617193 0.57562432
v -0.05334859 -0.01507575 0.56997065
v -0.05669619 0.00469885 0.60804788
v -0.05029986 0.01892400 0.61418341
v -0.05284631 0.01865528 0.60703872
v -0.05350283 0.01865486 0.60720995
v -0.05471910 0.01824025 0.59968769
v -0.05350283 0.01865486 0.60720995
v -0.05423170 -0.00414189 0.56722347
v -0.05360697 -0.00798322 0.56522473
v -0.05423190 -0.00803259 0.56721989
v -0.05489839 -0.00416459 0.56981786
v -0.05423170 -0.00414189 0.56722347
v -0.05423190 -0.00803259 0.56721989
v -0.05489839 0.00437146 0.56981786
v -0.05423191 0.00823947 0.56721996
v -0.05423170 0.00434877 0.56722347
v -0.05423170 0.00434877 0.56722347
v -0.05423191 0.00823947 0.56721996
v -0.03891233 0.00477060 0.63674401
v -0.03854046 0.00476987 0.63636816
v -0.03854047 0.00965648 0.63636822
v -0.03891232 0.00010343 0.63674408
v -0.03854046 -0.00456279 0.63636816
v -0.03854027 0.00010349 0.63636822
v -0.03854046 -0.01372152 0.63636810
v -0.03784870 -0.01370518 0.63566949
v -0.03784869 -0.00944689 0.63566969
v -0.03784869 -0.00944689 0.63566969
v -0.03784870 -0.01370518 0.63566949
v -0.03699695 -0.00944414 0.63480980
v -0.05638039 0.00448163 0.58373445
v -0.05576074 0.00442475 0.57659416
v -0.05576072 0.00010350 0.57659563
v -0.05576072 0.00010350 0.57659563
v -0.05576074 0.00442475 0.57659416
v -0.03931091 -0.00456281 0.63669863
v -0.03962735 -0.00456159 0.63625519
v -0.03931110 -0.00944913 0.63669857
v -0.03911834 -0.00945043 0.63683994
v -0.03931091 -0.00456281 0.63669863
v -0.03931110 -0.00944913 0.63669857
v -0.05423170 -0.00414189 0.56722347
v -0.05360677 -0.00412337 0.56522805
v -0.05360697 -0.00798322 0.56522473
v -0.05329257 -0.00411490 0.56439459
v -0.04020360 0.00476830 0.63544471
v -0.04183433 0.00963217 0.63314882
v -0.04183433 0.00476608 0.63314895
v -0.04183433 0.00476608 0.63314895
v -0.05744526 0.00911258 0.60034704
v -0.05700554 0.01262889 0.59220027
v -0.05533732 0.01433426 0.57243459
v -0.05489820 0.01420601 0.56980509
v -0.05489839 0.01165863 0.56980905
v -0.05489839 0.01165863 0.56980905
v -0.05489820 0.01420601 0.56980509
v -0.05423192 0.01407615 0.56721223
v -0.05489841 -0.01145173 0.56980886
v -0.05423209 -0.01134840 0.56721562
v -0.05489819 -0.01399908 0.56980509
v -0.05533752 -0.01155340 0.57243880
v -0.05489841 -0.01145173 0.56980886
v -0.05489819 -0.01399908 0.56980509
v -0.05364384 0.01563541 0.57572784
v -0.05332757 0.01600839 0.56955670
v -0.05363832 0.01637930 0.57562432
v -0.05364384 0.01563541 0.57572784
v -0.05363832 0.01637930 0.57562432
v -0.05314377 0.00010393 0.56443442
v -0.05314400 -0.00409694 0.56443346
v -0.05317600 0.00010387 0.56427907
v -0.05323774 0.00010393 0.56716628
v -0.05323773 -0.00396065 0.56716552
v -0.05317233 -0.00405561 0.56526213
v -0.05533752 0.00010344 0.57244978
v -0.05533752 0.00439241 0.57244837
v -0.05489839 0.00437146 0.56981786
v -0.05576072 0.00010350 0.57659563
v -0.05533752 0.00439241 0.57244837
v -0.05533752 0.00010344 0.57244978
v -0.03784847 -0.00456100 0.63566969
v -0.03699657 0.00010393 0.63480974
v -0.03784847 0.00010368 0.63566969
v -0.03891233 -0.00456368 0.63674401
v -0.03891232 0.00010343 0.63674408
v -0.03911794 0.00010349 0.63683975
v -0.03891233 -0.00456368 0.63674401
v -0.03854046 -0.00456279 0.63636816
v -0.03891232 0.00010343 0.63674408
v -0.03872281 -0.01910282 0.63374805
v -0.03940260 -0.01910717 0.63447927
v -0.04034481 -0.01906807 0.63148209
v -0.03828534 -0.01910219 0.63348325
v -0.03872281 -0.01910282 0.63374805
v -0.03836910 0.01932112 0.63458208
v -0.03872283 0.01930985 0.63374811
v -0.03876136 0.01932718 0.63531828
v -0.03785685 0.01932462 0.63466212
v -0.03872283 0.01930985 0.63374811
v -0.04020359 -0.01677067 0.63544414
v -0.04163074 -0.01849164 0.63291382
v -0.04020359 -0.01376672 0.63544471
v -0.04183430 -0.01673612 0.63314818
v -0.03962733 0.00476921 0.63625519
v -0.04020360 0.00476830 0.63544471
v -0.03962734 0.00010387 0.63625519
v -0.03931090 0.00010368 0.63669863
v -0.03962733 0.00476921 0.63625519
v -0.03962734 0.00010387 0.63625519
v -0.05700551 -0.00434628 0.59220691
v -0.05638038 -0.00843262 0.58373062
v -0.05700552 -0.00865975 0.59220391
v -0.05700551 -0.00434628 0.59220691
v -0.05700551 -0.01521584 0.59219733
v -0.05638038 -0.01203259 0.58372609
v -0.05638038 -0.01203259 0.58372609
v -0.05576073 -0.01172360 0.57658459
v -0.05638038 -0.01473540 0.58372245
v -0.03891253 0.01395706 0.63674382
v -0.03891234 0.01686230 0.63674363
v -0.03891234 0.01686230 0.63674363
v -0.03854008 0.01675332 0.63636778
v -0.03867250 0.01850987 0.63650142
v -0.03796951 -0.01441992 0.63345255
v -0.03968704 -0.01639558 0.63105544
v -0.03968725 -0.01438302 0.63105544
v -0.05533732 0.01176027 0.57243880
v -0.05533732 0.01433426 0.57243459
v -0.05489839 0.01165863 0.56980905
v -0.05576073 0.01455004 0.57658044
v -0.05533732 0.01433426 0.57243459
v -0.03994664 0.01927375 0.63116521
v -0.04357749 0.01920605 0.62696587
v -0.04314859 0.01920506 0.62669737
v -0.04742820 0.01909233 0.62099373
v -0.04357749 0.01920605 0.62696587
v -0.03796952 0.01462779 0.63345255
v -0.03968704 0.01459088 0.63105544
v -0.03796930 0.01664035 0.63345236
v -0.03931110 -0.01678761 0.63669812
v -0.03962734 -0.01377695 0.63625513
v -0.03962735 -0.01678237 0.63625475
v -0.03962734 -0.01377695 0.63625513
v -0.04020359 -0.01677067 0.63544414
v -0.03962735 -0.01678237 0.63625475
v -0.03911852 -0.01377498 0.63683975
v -0.03911834 -0.00945043 0.63683994
v -0.03931110 -0.00944913 0.63669857
v -0.03911852 -0.01377498 0.63683975
v -0.03891253 -0.00945038 0.63674401
v -0.03911834 -0.00945043 0.63683994
v -0.05700554 0.00455391 0.59220697
v -0.05700554 0.00886737 0.59220391
v -0.05638039 0.00448163 0.58373445
v -0.05700554 0.00886737 0.59220391
v -0.04020359 -0.01376672 0.63544471
v -0.04183430 -0.00942481 0.63314888
v -0.04183430 -0.01373692 0.63314863
v -0.03931109 0.00965624 0.63669863
v -0.03931109 0.01398886 0.63669851
v -0.03962735 0.00965324 0.63625519
v -0.03931109 0.00965624 0.63669863
v -0.03911853 0.01398196 0.63683975
v -0.03931109 0.01398886 0.63669851
v -0.03962733 0.01398404 0.63625519
v -0.03962736 0.01698968 0.63625468
v -0.04020359 0.01397383 0.63544452
v -0.03931109 0.01699472 0.63669812
v -0.03962736 0.01698968 0.63625468
v -0.03962733 0.01398404 0.63625519
v -0.03804815 0.01922818 0.63345951
v -0.03968705 0.01894505 0.63105499
v -0.03975185 0.01919177 0.63108237
v -0.03804815 0.01922818 0.63345951
v -0.03975185 0.01919177 0.63108237
v -0.03994664 0.01927375 0.63116521
v -0.04289551 0.01812626 0.62657847
v -0.04665435 0.01801363 0.62070059
v -0.04289551 0.01887612 0.62657821
v -0.03968705 0.01894505 0.63105499
v -0.04289551 0.01812626 0.62657847
v -0.04289551 0.01887612 0.62657821
v -0.05744524 -0.00442507 0.60034947
v -0.05423209 -0.01134840 0.56721562
v -0.05360614 -0.01126734 0.56521976
v -0.05423190 -0.01386901 0.56721217
v -0.05489819 -0.01399908 0.56980509
v -0.05423209 -0.01134840 0.56721562
v -0.05423190 -0.01386901 0.56721217
v -0.03968705 -0.01798731 0.63105531
v -0.04289551 -0.01866850 0.62657821
v -0.04289551 -0.01791847 0.62657847
v -0.04289551 -0.01791847 0.62657847
v -0.04289551 -0.01866850 0.62657821
v -0.04665435 -0.01855589 0.62070047
v -0.05421965 -0.01645067 0.59161361
v -0.05404303 -0.01666416 0.58331858
v -0.05404318 -0.01591432 0.58331865
v -0.05404318 -0.01591432 0.58331865
v -0.05404303 -0.01666416 0.58331858
v -0.05363833 -0.01617193 0.57562432
v -0.05533752 -0.00418554 0.57244837
v -0.05489839 -0.00416459 0.56981786
v -0.05533752 -0.00815530 0.57244403
v -0.05576072 -0.00825430 0.57658989
v -0.05533752 -0.00418554 0.57244837
v -0.04020359 -0.01376672 0.63544471
v -0.04183430 -0.01673612 0.63314818
v -0.04020359 -0.01677067 0.63544414
v -0.03962734 -0.01377695 0.63625513
v -0.04020359 -0.01376672 0.63544471
v -0.05489838 0.00830182 0.56981390
v -0.05489839 0.01165863 0.56980905
v -0.05423211 0.01155533 0.56721555
v -0.05533752 0.00836217 0.57244403
v -0.05489839 0.01165863 0.56980905
v -0.05700551 0.00010381 0.59220806
v -0.05638038 0.00010369 0.58373560
v -0.05638037 -0.00427426 0.58373445
v -0.05638038 0.00010369 0.58373560
v -0.05576072 -0.00421775 0.57659410
v -0.05638037 -0.00427426 0.58373445
v -0.05002354 0.01424124 0.61410063
v -0.05256632 0.01397240 0.60696590
v -0.05002335 0.01625380 0.61410063
v -0.04665434 0.01642201 0.62070053
v -0.05002354 0.01424124 0.61410063
v -0.05002335 0.01625380 0.61410063
v -0.04665434 -0.01621415 0.62070053
v -0.05002336 -0.01604593 0.61410063
v -0.05002355 -0.01403337 0.61410063
v -0.05002336 -0.01604593 0.61410063
v -0.05256634 -0.01376453 0.60696583
v -0.05002355 -0.01403337 0.61410063
v -0.04183432 0.01394402 0.63314863
v -0.03828534 0.01930930 0.63348325
v -0.04034479 0.01927514 0.63148215
v -0.03872283 0.01930985 0.63374811
v -0.03872283 0.01930985 0.63374811
v -0.04034479 0.01927514 0.63148215
v -0.03940259 0.01931454 0.63447927
v -0.05533752 -0.01155340 0.57243880
v -0.05489839 -0.00809494 0.56981390
v -0.05489841 -0.01145173 0.56980886
v -0.05489839 -0.00809494 0.56981390
v -0.05423209 -0.01134840 0.56721562
v -0.05489841 -0.01145173 0.56980886
v -0.03854046 -0.00944913 0.63636816
v -0.03854046 -0.01372152 0.63636810
v -0.03784869 -0.00944689 0.63566969
v -0.03854046 -0.00456279 0.63636816
v -0.03784847 -0.00456100 0.63566969
v -0.03784847 0.00010368 0.63566969
v -0.05256632 0.01397240 0.60696590
v -0.05384656 0.01355790 0.59948352
v -0.05256591 0.01598496 0.60696570
v -0.05002335 0.01625380 0.61410063
v -0.05256632 0.01397240 0.60696590
v -0.05256591 0.01598496 0.60696570
v -0.03785685 -0.01911765 0.63466212
v -0.03836909 -0.01911405 0.63458215
v -0.03872281 -0.01910282 0.63374805
v -0.03836909 -0.01911405 0.63458215
v -0.03872281 -0.01910282 0.63374805
v -0.05421945 0.01740809 0.59161355
v -0.05404319 0.01612169 0.58331865
v -0.05404319 0.01612169 0.58331865
v -0.05404280 0.01687153 0.58331858
v -0.05256634 -0.01376453 0.60696583
v -0.05256591 -0.01577710 0.60696577
v -0.05384618 -0.01536260 0.59948326
v -0.05002336 -0.01604593 0.61410063
v -0.05256591 -0.01577710 0.60696577
v -0.05256634 -0.01376453 0.60696583
v -0.04020360 0.00964775 0.63544471
v -0.04020359 0.01397383 0.63544452
v -0.04183432 0.01394402 0.63314863
v -0.03962735 0.00965324 0.63625519
v -0.04020359 0.01397383 0.63544452
v -0.04020360 0.00964775 0.63544471
v -0.05638039 0.00863998 0.58373062
v -0.05576071 0.00846130 0.57658989
v -0.05576074 0.00442475 0.57659416
v -0.05576074 0.00442475 0.57659416
v -0.05533752 0.00836217 0.57244403
v -0.03891253 0.01395706 0.63674382
v -0.03854046 0.01392907 0.63636810
v -0.03891234 0.01686230 0.63674363
v -0.03891233 0.00477060 0.63674401
v -0.03854047 0.00965648 0.63636822
v -0.03891252 0.00965748 0.63674408
v -0.05576073 -0.01172360 0.57658459
v -0.05533752 -0.01155340 0.57243880
v -0.05533734 -0.01412738 0.57243465
v -0.05533752 -0.01155340 0.57243880
v -0.05489819 -0.01399908 0.56980509
v -0.05533734 -0.01412738 0.57243465
v -0.05638037 -0.00427426 0.58373445
v -0.05576072 -0.00421775 0.57659410
v -0.05576072 -0.00825430 0.57658989
v -0.05576072 -0.00421775 0.57659410
v -0.05533752 -0.00418554 0.57244837
v -0.05576072 -0.00825430 0.57658989
v -0.03796930 0.01664035 0.63345236
v -0.03968705 0.01660342 0.63105544
v -0.03796912 0.01823199 0.63345198
v -0.03796930 0.01664035 0.63345236
v -0.03968704 0.01459088 0.63105544
v -0.03968705 0.01660342 0.63105544
v -0.05332148 -0.00383889 0.56960616
v -0.05332148 -0.00686396 0.56960431
v -0.05323773 -0.00396065 0.56716552
v -0.05332148 0.00010393 0.56960680
v -0.05332148 -0.00383889 0.56960616
v -0.05323773 -0.00396065 0.56716552
v -0.03804815 0.01922818 0.63345951
v -0.03994664 0.01927375 0.63116521
v -0.03828534 0.01930930 0.63348325
v -0.03828534 0.01930930 0.63348325
v -0.03994664 0.01927375 0.63116521
v -0.04034479 0.01927514 0.63148215
v -0.05332148 0.00404663 0.56960616
v -0.05323774 0.00416840 0.56716545
v -0.05332147 0.00707134 0.56960437
v -0.05332147 0.00707134 0.56960437
v -0.05323774 0.00416840 0.56716545
v -0.05323793 0.00755839 0.56716303
v -0.03911833 0.00965742 0.63683994
v -0.03891253 0.01395706 0.63674382
v -0.03911853 0.01398196 0.63683975
v -0.03931109 0.00965624 0.63669863
v -0.03911833 0.00965742 0.63683994
v -0.03911853 0.01398196 0.63683975
v -0.05384574 -0.01695433 0.59948301
v -0.05421946 -0.01720066 0.59161355
v -0.05421965 -0.01645067 0.59161361
v -0.05421965 -0.01645067 0.59161361
v -0.05421946 -0.01720066 0.59161355
v -0.05404303 -0.01666416 0.58331858
v -0.05256571 0.01757665 0.60696570
v -0.05384576 0.01716214 0.59948301
v -0.05384554 0.01791198 0.59948301
v -0.05384576 0.01716214 0.59948301
v -0.05421945 0.01740809 0.59161355
v -0.05384554 0.01791198 0.59948301
v -0.03796931 -0.01643249 0.63345236
v -0.03968705 -0.01798731 0.63105531
v -0.03968704 -0.01639558 0.63105544
v -0.03968704 -0.01639558 0.63105544
v -0.03968705 -0.01798731 0.63105531
v -0.04289551 -0.01791847 0.62657847
v -0.03796912 0.01823199 0.63345198
v -0.03968705 0.01819512 0.63105531
v -0.03796910 0.01898185 0.63345191
v -0.03796912 0.01823199 0.63345198
v -0.03968705 0.01660342 0.63105544
v -0.04289549 -0.01431418 0.62657847
v -0.04665434 -0.01621415 0.62070053
v -0.04665435 -0.01420158 0.62070059
v -0.04665434 -0.01621415 0.62070053
v -0.05002355 -0.01403337 0.61410063
v -0.04665435 -0.01420158 0.62070059
v -0.03784847 -0.00456100 0.63566969
v -0.03699655 -0.00455875 0.63480974
v -0.03699657 0.00010393 0.63480974
v -0.05256570 -0.01736881 0.60696590
v -0.05384556 -0.01770436 0.59948294
v -0.05384574 -0.01695433 0.59948301
v -0.05384574 -0.01695433 0.59948301
v -0.05384556 -0.01770436 0.59948294
v -0.05421946 -0.01720066 0.59161355
v -0.04289551 0.01653460 0.62657847
v -0.04665434 0.01440944 0.62070053
v -0.04665434 0.01642201 0.62070053
v -0.04665434 0.01440944 0.62070053
v -0.05002354 0.01424124 0.61410063
v -0.04665434 0.01642201 0.62070053
v -0.04020360 0.00964775 0.63544471
v -0.04183432 0.01394402 0.63314863
v -0.04183433 0.00963217 0.63314882
v -0.05700554 0.00886737 0.59220391
v -0.05638039 0.00448163 0.58373445
v -0.05576074 0.00442475 0.57659416
v -0.03931130 -0.01378187 0.63669851
v -0.03931110 -0.00944913 0.63669857
v -0.03962735 -0.00944595 0.63625519
v -0.03931130 -0.01378187 0.63669851
v -0.05700551 0.00010381 0.59220806
v -0.05638037 -0.00427426 0.58373445
v -0.05700551 -0.00434628 0.59220691
v -0.04020360 -0.00944040 0.63544471
v -0.04183431 -0.00455835 0.63314895
v -0.04183430 -0.00942481 0.63314888
v -0.05533752 0.00836217 0.57244403
v -0.05533732 0.01176027 0.57243880
v -0.05576071 0.00846130 0.57658989
v -0.05533732 0.01176027 0.57243880
v -0.05533752 0.00836217 0.57244403
v -0.03784847 0.00010368 0.63566969
v -0.03699657 0.00010393 0.63480974
v -0.03699657 0.00476661 0.63480974
v -0.03784847 0.00010368 0.63566969
v -0.03699657 0.00476661 0.63480974
v -0.03784849 0.00476842 0.63566969
v -0.03804815 0.01922818 0.63345951
v -0.03796910 0.01898185 0.63345191
v -0.03968705 0.01894505 0.63105499
v -0.03796910 0.01898185 0.63345191
v -0.03968705 0.01819512 0.63105531
v -0.03968705 0.01894505 0.63105499
v -0.05576073 -0.01172360 0.57658459
v -0.05576075 -0.01434311 0.57658044
v -0.05576073 -0.01172360 0.57658459
v -0.05533734 -0.01412738 0.57243465
v -0.05576075 -0.01434311 0.57658044
v -0.03891251 -0.01374982 0.63674382
v -0.03891233 -0.01665519 0.63674357
v -0.03854006 -0.01654595 0.63636778
v -0.03891233 -0.01665519 0.63674357
v -0.03891251 -0.01374982 0.63674382
v -0.03911852 -0.01377498 0.63683975
v -0.03911834 -0.00945043 0.63683994
v -0.03891233 -0.00456368 0.63674401
v -0.03911794 -0.00456368 0.63683975
v -0.03911834 -0.00945043 0.63683994
v -0.03931091 -0.00456281 0.63669863
v -0.03804815 -0.01902083 0.63345951
v -0.03968705 -0.01873732 0.63105499
v -0.03796912 -0.01877425 0.63345191
v -0.03968705 -0.01873732 0.63105499
v -0.03968705 -0.01798731 0.63105531
v -0.03931110 -0.00944913 0.63669857
v -0.03962735 -0.00456159 0.63625519
v -0.03962735 -0.00944595 0.63625519
v -0.03962735 -0.00456159 0.63625519
v -0.04020360 -0.00456056 0.63544471
v -0.03962735 -0.00944595 0.63625519
v -0.03931090 0.00477010 0.63669857
v -0.03911833 0.00965742 0.63683994
v -0.03931109 0.00965624 0.63669863
v -0.03931109 0.00965624 0.63669863
v -0.03962733 0.00476921 0.63625519
v -0.03931090 0.00477010 0.63669857
v -0.05422028 0.01305415 0.59161425
v -0.05404342 0.01453003 0.58331890
v -0.05421985 0.01506672 0.59161387
v -0.05384619 0.01557048 0.59948333
v -0.05422028 0.01305415 0.59161425
v -0.05002294 0.01859530 0.61410057
v -0.05256571 0.01757665 0.60696570
v -0.05256550 0.01832659 0.60696577
v -0.05256571 0.01757665 0.60696570
v -0.05384554 0.01791198 0.59948301
v -0.05256550 0.01832659 0.60696577
v -0.03854046 0.00476987 0.63636816
v -0.03784849 0.00476842 0.63566969
v -0.03784867 0.00965448 0.63566969
v -0.03854027 0.00010349 0.63636822
v -0.03784847 0.00010368 0.63566969
v -0.03784849 0.00476842 0.63566969
v -0.03931090 0.00010368 0.63669863
v -0.03962734 0.00010387 0.63625519
v -0.03931091 -0.00456281 0.63669863
v -0.03911794 -0.00456368 0.63683975
v -0.03931090 0.00010368 0.63669863
v -0.03854046 -0.00944913 0.63636816
v -0.03784869 -0.00944689 0.63566969
v -0.03784869 -0.00944689 0.63566969
v -0.03699655 -0.00455875 0.63480974
v -0.03804815 -0.01902083 0.63345951
v -0.03828534 -0.01910219 0.63348325
v -0.03994663 -0.01906653 0.63116527
v -0.03828534 -0.01910219 0.63348325
v -0.04034481 -0.01906807 0.63148209
v -0.03994663 -0.01906653 0.63116527
v -0.05002316 0.01784546 0.61410063
v -0.05256571 0.01757665 0.60696570
v -0.05002294 0.01859530 0.61410057
v -0.04665433 0.01876339 0.62070053
v -0.05002316 0.01784546 0.61410063
v -0.05002294 0.01859530 0.61410057
v -0.03962735 0.00965324 0.63625519
v -0.04020360 0.00964775 0.63544471
v -0.03962733 0.00476921 0.63625519
v -0.03931109 0.00965624 0.63669863
v -0.03962735 0.00965324 0.63625519
v -0.03962733 0.00476921 0.63625519
v -0.05002296 -0.01838769 0.61410057
v -0.05256570 -0.01736881 0.60696590
v -0.05002314 -0.01763765 0.61410063
v -0.04665435 -0.01855589 0.62070047
v -0.05002296 -0.01838769 0.61410057
v -0.05002314 -0.01763765 0.61410063
v -0.03891232 0.00010343 0.63674408
v -0.03911793 0.00477066 0.63683994
v -0.03911794 0.00010349 0.63683975
v -0.03911794 0.00010349 0.63683975
v -0.03911793 0.00477066 0.63683994
v -0.03931090 0.00477010 0.63669857
v -0.05700554 0.00886737 0.59220391
v -0.05700554 0.01262889 0.59220027
v -0.05638039 0.00863998 0.58373062
v -0.05700552 -0.00865975 0.59220391
v -0.05638038 -0.00843262 0.58373062
v -0.05638038 -0.01203259 0.58372609
v -0.05638038 -0.00843262 0.58373062
v -0.05576073 -0.01172360 0.57658459
v -0.03891253 -0.00945038 0.63674401
v -0.03854046 -0.00456279 0.63636816
v -0.03911834 -0.00945043 0.63683994
v -0.03891253 -0.00945038 0.63674401
v -0.03891233 -0.00456368 0.63674401
v -0.03968705 0.01819512 0.63105531
v -0.04289551 0.01653460 0.62657847
v -0.04289551 0.01812626 0.62657847
v -0.04289551 0.01653460 0.62657847
v -0.04665434 0.01642201 0.62070053
v -0.04289551 0.01812626 0.62657847
v -0.03891252 0.00965748 0.63674408
v -0.03854046 0.01392907 0.63636810
v -0.03891253 0.01395706 0.63674382
v -0.03911833 0.00965742 0.63683994
v -0.03891252 0.00965748 0.63674408
v -0.03891253 0.01395706 0.63674382
v -0.03784868 0.01391291 0.63566949
v -0.03854046 0.01392907 0.63636810
v -0.03891252 0.00965748 0.63674408
v -0.05421965 -0.01645067 0.59161361
v -0.05421988 -0.01485898 0.59161387
v -0.05421988 -0.01485898 0.59161387
v -0.05421965 -0.01645067 0.59161361
v -0.05404318 -0.01591432 0.58331865
v -0.05323774 0.00010393 0.56716628
v -0.05317232 0.00010393 0.56526303
v -0.05323774 0.00416840 0.56716545
v -0.05323774 0.00010393 0.56716628
v -0.05317233 -0.00405561 0.56526213
v -0.05317232 0.00010393 0.56526303
v -0.05256570 -0.01736881 0.60696590
v -0.05256550 -0.01811885 0.60696570
v -0.05384556 -0.01770436 0.59948294
v -0.05002296 -0.01838769 0.61410057
v -0.05256550 -0.01811885 0.60696570
v -0.05256570 -0.01736881 0.60696590
v -0.03891232 0.00010343 0.63674408
v -0.03891233 0.00477060 0.63674401
v -0.03911793 0.00477066 0.63683994
v -0.03854027 0.00010349 0.63636822
v -0.03891233 0.00477060 0.63674401
v -0.05002316 0.01784546 0.61410063
v -0.04665433 0.01876339 0.62070053
v -0.04289551 0.01887612 0.62657821
v -0.04665435 0.01801363 0.62070059
v -0.04665433 0.01876339 0.62070053
v -0.03867250 -0.01830290 0.63650142
v -0.03795426 -0.01882935 0.63577589
v -0.03840375 -0.01775576 0.63622998
v -0.03891233 -0.01665519 0.63674357
v -0.03867250 -0.01830290 0.63650142
v -0.03840375 -0.01775576 0.63622998
v -0.05384619 0.01557048 0.59948333
v -0.05384576 0.01716214 0.59948301
v -0.05384619 0.01557048 0.59948333
v -0.05421985 0.01506672 0.59161387
v -0.05384576 0.01716214 0.59948301
v -0.03854046 -0.00944913 0.63636816
v -0.03784847 -0.00456100 0.63566969
v -0.03854046 -0.00456279 0.63636816
v -0.03891253 -0.00945038 0.63674401
v -0.03854046 -0.00944913 0.63636816
v -0.04020360 0.00010393 0.63544471
v -0.04183433 0.00476608 0.63314895
v -0.04183431 0.00010393 0.63314895
v -0.05384618 -0.01536260 0.59948326
v -0.05384574 -0.01695433 0.59948301
v -0.05421965 -0.01645067 0.59161361
v -0.05256591 -0.01577710 0.60696577
v -0.05384574 -0.01695433 0.59948301
v -0.05384618 -0.01536260 0.59948326
v -0.03891233 0.00477060 0.63674401
v -0.03854027 0.00010349 0.63636822
v -0.03854046 0.00476987 0.63636816
v -0.03854027 0.00010349 0.63636822
v -0.03784849 0.00476842 0.63566969
v -0.03854046 0.00476987 0.63636816
v -0.04289551 -0.01632674 0.62657847
v -0.04289551 -0.01791847 0.62657847
v -0.04665434 -0.01780586 0.62070053
v -0.03968704 -0.01639558 0.63105544
v -0.04289551 -0.01791847 0.62657847
v -0.04289551 -0.01632674 0.62657847
v -0.04020360 -0.00456056 0.63544471
v -0.04183431 -0.00455835 0.63314895
v -0.04020360 -0.00944040 0.63544471
v -0.03962735 -0.00944595 0.63625519
v -0.04020360 -0.00456056 0.63544471
v -0.04020360 -0.00944040 0.63544471
v -0.05317233 -0.00405561 0.56526213
v -0.05317273 -0.00773084 0.56525926
v -0.05314400 -0.00409694 0.56443346
v -0.05317233 -0.00405561 0.56526213
v -0.05314400 -0.00409694 0.56443346
v -0.05314377 0.00010393 0.56443442
v -0.03962733 0.00476921 0.63625519
v -0.04020360 0.00964775 0.63544471
v -0.04020360 0.00476830 0.63544471
v -0.04020360 0.00964775 0.63544471
v -0.04183433 0.00963217 0.63314882
v -0.04020360 0.00476830 0.63544471
v -0.04665435 -0.01855589 0.62070047
v -0.04665434 -0.01780586 0.62070053
v -0.04665434 -0.01780586 0.62070053
v -0.05002314 -0.01763765 0.61410063
v -0.03962734 0.00010387 0.63625519
v -0.03962735 -0.00456159 0.63625519
v -0.03931091 -0.00456281 0.63669863
v -0.03962734 0.00010387 0.63625519
v -0.03962735 -0.00456159 0.63625519
v -0.03804815 -0.01902083 0.63345951
v -0.03975184 -0.01898423 0.63108237
v -0.03968705 -0.01873732 0.63105499
v -0.03994663 -0.01906653 0.63116527
v -0.03975184 -0.01898423 0.63108237
v -0.05317232 0.00010393 0.56526303
v -0.05314400 0.00430475 0.56443352
v -0.05314400 0.00430475 0.56443352
v -0.05317273 0.00793827 0.56525926
v -0.03891234 0.01686230 0.63674363
v -0.03854046 0.01392907 0.63636810
v -0.03854008 0.01675332 0.63636778
v -0.03854046 0.01392907 0.63636810
v -0.03784849 0.01669472 0.63566911
v -0.03854008 0.01675332 0.63636778
v -0.05700554 0.01262889 0.59220027
v -0.05638039 0.01494252 0.58372245
v -0.05638037 0.01223990 0.58372609
v -0.05638037 0.01223990 0.58372609
v -0.05638039 0.01494252 0.58372245
v -0.05576073 0.01455004 0.57658044
v -0.03854046 -0.01372152 0.63636810
v -0.03854046 -0.00944913 0.63636816
v -0.03891251 -0.01374982 0.63674382
v -0.03854006 -0.01654595 0.63636778
v -0.05317232 0.00010393 0.56526303
v -0.05317233 -0.00405561 0.56526213
v -0.05314377 0.00010393 0.56443442
v -0.05317232 0.00010393 0.56526303
v -0.05314377 0.00010393 0.56443442
v -0.05314400 0.00430475 0.56443352
v -0.03867250 0.01850987 0.63650142
v -0.03854008 0.01675332 0.63636778
v -0.03840373 0.01796298 0.63622998
v -0.03867250 0.01850987 0.63650142
v -0.03840373 0.01796298 0.63622998
v -0.03795424 0.01903646 0.63577582
v -0.03891233 -0.01665519 0.63674357
v -0.03840375 -0.01775576 0.63622998
v -0.03854006 -0.01654595 0.63636778
v -0.03854006 -0.01654595 0.63636778
v -0.03784849 -0.01648710 0.63566917
v -0.05700552 -0.01242134 0.59220027
v -0.05700552 -0.00865975 0.59220391
v -0.05700552 -0.01242134 0.59220027
v -0.03962735 -0.00456159 0.63625519
v -0.04020360 0.00010393 0.63544471
v -0.04020360 0.00010393 0.63544471
v -0.04183431 0.00010393 0.63314895
v -0.04020360 -0.00456056 0.63544471
v -0.05421946 0.01665835 0.59161368
v -0.05404319 0.01612169 0.58331865
v -0.05421945 0.01740809 0.59161355
v -0.05384576 0.01716214 0.59948301
v -0.05421945 0.01740809 0.59161355
v -0.05576073 0.01455004 0.57658044
v -0.05576072 0.01193058 0.57658465
v -0.05576072 0.01193058 0.57658465
v -0.05576073 0.01455004 0.57658044
v -0.05533732 0.01176027 0.57243880
v 0.13706262 -0.03007989 0.92270880
v 0.13189499 -0.00000028 0.90443918
v 0.13192512 -0.03018770 0.90436100
v 0.13713436 0.05883014 0.92253731
v 0.13199644 0.05904000 0.90418893
v 0.13192477 0.03018714 0.90436100
v 0.13735036 -0.11561910 0.92200917
v 0.13219451 -0.11707320 0.90356366
v 0.13219247 -0.12244653 0.90340864
v 0.12663055 0.11848534 0.88366038
v 0.12661708 0.12461505 0.88344459
v 0.12285236 0.11927525 0.87015053
v 0.14250391 -0.00000029 0.93656616
v 0.14253369 0.02999611 0.93648836
v 0.14178668 0.02999611 0.93669993
v 0.13736543 0.12017784 0.92193782
v 0.13737845 0.12199415 0.92193597
v 0.13219171 0.12456671 0.90334762
v 0.12012233 -0.12809338 0.85440720
v 0.11815685 -0.12657365 0.85030902
v 0.11890319 -0.12657365 0.85009739
v 0.11663899 -0.05972903 0.84358135
v 0.11581923 -0.03054133 0.84396709
v 0.11656668 -0.03054133 0.84375546
v 0.13736543 -0.12017841 0.92193782
v 0.13219126 -0.12456727 0.90334762
v 0.13737845 -0.12199471 0.92193597
v 0.11598776 0.08620965 0.84358690
v 0.11607170 0.10659748 0.84339007
v 0.11673538 0.08620965 0.84337533
v 0.11890319 0.12657309 0.85009739
v 0.11784611 0.12510918 0.84636063
v 0.11815682 0.12657309 0.85030902
v 0.14253369 -0.02999667 0.93648836
v 0.14175693 -0.00000029 0.93677767
v 0.14178668 -0.02999667 0.93669993
v 0.14254553 -0.11844973 0.93472284
v 0.14179851 -0.11844973 0.93493422
v 0.14153075 -0.12068616 0.93103925
v 0.14254594 0.11844917 0.93472284
v 0.14078377 0.12068560 0.93125069
v 0.14179848 0.11844917 0.93493422
v 0.11710968 -0.12249080 0.84380307
v 0.11709886 -0.12510974 0.84657221
v 0.11636225 -0.12249080 0.84401490
v 0.12663055 -0.11848590 0.88366038
v 0.12283119 -0.12579068 0.86989721
v 0.12661651 -0.12461561 0.88344453
v 0.13293846 0.12506124 0.90312226
v 0.12735736 0.12754432 0.88313001
v 0.12679783 0.12741149 0.88329333
v 0.11937553 0.12809282 0.85461884
v 0.11890319 0.12657309 0.85009739
v 0.11815682 0.12657309 0.85030902
v 0.11937553 -0.12809338 0.85461884
v 0.13293805 -0.12506180 0.90312226
v 0.12679767 -0.12741205 0.88329333
v 0.12735740 -0.12754489 0.88313001
v 0.11747993 0.12397945 0.85084015
v 0.11646397 0.12280988 0.84724560
v 0.11647291 0.11780335 0.84741466
v 0.11610841 0.11750532 0.84324347
v 0.11636268 0.12249024 0.84401490
v 0.11710968 0.12249024 0.84380307
v 0.13209163 -0.08522438 0.90398508
v 0.12654152 -0.08554906 0.88416260
v 0.13217045 -0.10561121 0.90377006
v 0.11589202 -0.05972903 0.84379292
v 0.13219270 0.12244596 0.90340864
v 0.13219512 0.11707263 0.90356366
v 0.14210537 0.11437745 0.93614059
v 0.14254594 0.11844917 0.93472284
v 0.14179848 0.11844917 0.93493422
v 0.11636225 -0.12249080 0.84401490
v 0.11685559 -0.11750588 0.84303164
v 0.11710968 -0.12249080 0.84380307
v 0.14254553 -0.11844973 0.93472284
v 0.14210537 -0.11437801 0.93614059
v 0.14179851 -0.11844973 0.93493422
v 0.12356817 0.12887948 0.86956546
v 0.12182006 0.12906340 0.86044208
v 0.12107369 0.12906340 0.86065365
v 0.12283119 0.12579011 0.86989721
v 0.14153075 0.12068560 0.93103925
v 0.14078377 0.12068560 0.93125069
v 0.13368487 0.12506124 0.90291082
v 0.13368506 -0.12506180 0.90291082
v 0.13293805 -0.12506180 0.90312226
v 0.14078380 -0.12068616 0.93125069
v 0.14153075 -0.12068616 0.93103925
v 0.12431478 0.12887948 0.86935408
v 0.11610841 0.11750532 0.84324347
v 0.11710968 0.12249024 0.84380307
v 0.11685579 0.11750532 0.84303164
v 0.12661179 -0.12701330 0.88336022
v 0.12282300 -0.12832932 0.86979848
v 0.12356818 -0.12888004 0.86956546
v 0.12107311 -0.12906397 0.86065365
v 0.12182030 -0.12906397 0.86044208
v 0.12431475 -0.12888004 0.86935408
v 0.12356818 -0.12888004 0.86956546
v 0.14260498 0.05866783 0.93631700
v 0.14195255 0.08469039 0.93632600
v 0.14185797 0.05866790 0.93652863
v 0.13706265 0.03007932 0.92270880
v 0.11610841 -0.11750588 0.84324347
v 0.11685559 -0.11750588 0.84303164
v 0.11592725 -0.12107903 0.84537815
v 0.11575771 -0.11738458 0.84487312
v 0.11570146 -0.12220392 0.84454188
v 0.11592767 0.12107846 0.84537815
v 0.11570169 0.12220335 0.84454188
v 0.11545615 0.11734878 0.84379758
v 0.11636268 0.12249024 0.84401490
v 0.11709869 0.12510918 0.84657221
v 0.14285239 -0.11437801 0.93592870
v 0.14210537 -0.11437801 0.93614059
v 0.14285239 0.11437745 0.93592870
v 0.12034507 0.12598373 0.86101514
v 0.11866745 0.12520888 0.85504626
v 0.11868154 0.11908426 0.85526326
v 0.12107369 0.12906340 0.86065365
v 0.12012230 0.12809282 0.85440720
v 0.11937553 0.12809282 0.85461884
v 0.11663899 0.05972853 0.84358135
v 0.11598776 0.08620965 0.84358690
v 0.11673538 0.08620965 0.84337533
v 0.11524178 -0.05972516 0.84435239
v 0.11528352 -0.03054081 0.84421300
v 0.11535571 -0.05972811 0.84403864
v 0.12634447 -0.00000028 0.88461823
v 0.14121696 -0.11837468 0.93501859
v 0.14151977 -0.11433832 0.93620895
v 0.14125609 -0.11421906 0.93599061
v 0.14093088 -0.02999890 0.93652283
v 0.14119941 -0.02999722 0.93676146
v 0.14090114 -0.00000028 0.93660063
v 0.14153075 0.12068560 0.93103925
v 0.13813809 0.12243889 0.92175752
v 0.13237848 0.12493770 0.90328444
v 0.13813771 -0.12243945 0.92175752
v 0.13888466 -0.12243945 0.92154576
v 0.13237829 -0.12493826 0.90328437
v 0.12051518 -0.12892786 0.86082182
v 0.11864872 -0.12758785 0.85491663
v 0.11882048 -0.12796710 0.85479895
v 0.11784568 -0.12510974 0.84636063
v 0.11709886 -0.12510974 0.84657221
v 0.11745081 -0.12612748 0.85067760
v 0.11760646 -0.12646218 0.85050694
v 0.11641728 -0.12473141 0.84702713
v 0.11655485 -0.12501517 0.84679182
v 0.11784611 0.12510918 0.84636063
v 0.14116970 -0.00000028 0.93683920
v 0.14090114 -0.00000028 0.93660063
v 0.14093091 0.02999833 0.93652283
v 0.14127035 0.05866894 0.93659003
v 0.14100220 0.05867229 0.93635159
v 0.11542171 0.10655346 0.84394795
v 0.11553602 0.10658647 0.84363541
v 0.11545165 0.08620827 0.84383243
v 0.11557168 0.11746615 0.84348778
v 0.14136490 0.08469203 0.93638759
v 0.14109637 0.08469687 0.93614889
v 0.14125609 0.11421849 0.93599074
v 0.14151977 0.11433776 0.93620895
v 0.14121693 0.11837412 0.93501853
v 0.14269918 -0.08469095 0.93611417
v 0.14260498 -0.05866846 0.93631700
v 0.14185797 -0.05866846 0.93652863
v 0.14078380 -0.12068616 0.93125069
v 0.13888466 -0.12243945 0.92154576
v 0.13888469 0.12243889 0.92154588
v 0.13813809 0.12243889 0.92175752
v 0.12182006 0.12906340 0.86044208
v 0.11516968 0.03053877 0.84452669
v 0.11524178 0.05972467 0.84435239
v 0.11528335 0.03054028 0.84421300
v 0.11513968 -0.00000027 0.84460589
v 0.11525341 -0.00000027 0.84429214
v 0.11516985 -0.03053933 0.84452669
v 0.12661182 0.12701274 0.88336022
v 0.12282304 0.12832875 0.86979848
v 0.13731245 -0.10497973 0.92214358
v 0.14118930 -0.10442777 0.93600031
v 0.14136487 -0.08469258 0.93638759
v 0.14109637 -0.08469743 0.93614889
v 0.11533777 -0.08620471 0.84414618
v 0.11553583 -0.10658702 0.84363541
v 0.11542152 -0.10655402 0.84394795
v 0.11582392 -0.12241901 0.84425244
v 0.11545615 -0.11734934 0.84379758
v 0.11557186 -0.11746672 0.84348778
v 0.12300884 0.12874180 0.86972968
v 0.12051500 0.12892730 0.86082182
v 0.12033322 0.12851897 0.86090377
v 0.11864913 0.12758729 0.85491663
v 0.14269918 -0.08469095 0.93611417
v 0.14185797 -0.05866846 0.93652863
v 0.14195214 -0.08469095 0.93632587
v 0.14127035 -0.05866951 0.93659003
v 0.11641711 0.12473085 0.84702713
v 0.11655524 0.12501460 0.84679182
v 0.11745038 0.12612691 0.85067760
v 0.11760687 0.12646162 0.85050694
v 0.11748583 -0.11842983 0.85101426
v 0.11646395 -0.12281044 0.84724560
v 0.11747971 -0.12398000 0.85084015
v 0.11882091 0.12796653 0.85479895
v 0.11578930 -0.00000027 0.84404642
v 0.11581947 0.03054077 0.84396709
v 0.11656645 0.03054077 0.84375546
v 0.12033325 -0.12851953 0.86090377
v 0.12300866 -0.12874235 0.86972968
v 0.14096592 -0.11814974 0.93484812
v 0.13998831 -0.12029853 0.93129958
v 0.13757489 0.12232767 0.92190789
v 0.13888469 0.12243889 0.92154588
v 0.13813771 -0.12243945 0.92175752
v 0.13757448 -0.12232823 0.92190789
v 0.12431475 -0.12888004 0.86935408
v 0.12431478 0.12887948 0.86935408
v 0.12356817 0.12887948 0.86956546
v 0.13998870 0.12029797 0.93129958
v 0.14096595 0.11814918 0.93484812
v 0.12028720 0.08591438 0.86182269
v 0.12036136 0.10682476 0.86157436
v 0.11858574 0.08601386 0.85574492
v 0.11533799 0.08620415 0.84414618
v 0.14021160 0.12058864 0.93136857
v 0.14021160 -0.12058922 0.93136857
v 0.14116970 -0.00000028 0.93683920
v 0.14119944 0.02999666 0.93676140
v 0.14250391 -0.00000029 0.93656616
v 0.14178668 0.02999611 0.93669993
v 0.11784568 -0.12510974 0.84636063
v 0.14260498 0.05866783 0.93631700
v 0.14269915 0.08469039 0.93611430
v 0.14195255 0.08469039 0.93632600
v 0.13209182 0.08522381 0.90398508
v 0.13217068 0.10561065 0.90377006
v 0.12661750 0.10625320 0.88392684
v 0.14118930 0.10442719 0.93600031
v 0.11653611 -0.00000027 0.84383441
v 0.11578930 -0.00000027 0.84404642
v 0.11656645 0.03054077 0.84375546
v 0.11545144 -0.08620884 0.84383243
v 0.11607170 -0.10659803 0.84339007
v 0.11598755 -0.08621022 0.84358690
v 0.11681911 -0.10659803 0.84317844
v 0.13713394 -0.05883070 0.92253731
v 0.13199644 -0.05904056 0.90418893
v 0.13368506 -0.12506180 0.90291082
v 0.13368487 0.12506124 0.90291082
v 0.13293846 0.12506124 0.90312226
v 0.12034485 -0.12598429 0.86101514
v 0.11582413 0.12241846 0.84425251
v 0.11673517 -0.08621022 0.84337533
v 0.14100220 -0.05867285 0.93635159
v 0.11589221 0.05972853 0.84379292
v 0.11663899 0.05972853 0.84358135
v 0.12810396 -0.12754489 0.88291863
v 0.12810396 0.12754432 0.88291863
v 0.12735736 0.12754432 0.88313001
v 0.12810396 0.12754432 0.88291863
v 0.11709869 0.12510918 0.84657221
v 0.14253369 -0.02999667 0.93648836
v 0.14175693 -0.00000029 0.93677767
v 0.11589202 -0.05972903 0.84379292
v 0.12012230 0.12809282 0.85440720
v 0.14204385 0.10446108 0.93617046
v 0.14285239 0.11437745 0.93592870
v 0.14210537 0.11437745 0.93614059
v 0.14145658 0.10445262 0.93623384
v 0.14204343 -0.10446169 0.93617046
v 0.14145658 -0.10445319 0.93623384
v 0.14285239 -0.11437801 0.93592870
v 0.11607170 0.10659748 0.84339007
v 0.11681932 0.10659748 0.84317844
v 0.14279045 -0.10446169 0.93595863
v 0.14204343 -0.10446169 0.93617046
v 0.11656668 -0.03054133 0.84375546
v 0.11581923 -0.03054133 0.84396709
v 0.14279045 0.10446107 0.93595863
v 0.12644636 -0.05926732 0.88436696
v 0.11535571 0.05972755 0.84403864
v 0.11653611 -0.00000027 0.84383441
v 0.11849020 0.05959171 0.85595056
v 0.13722891 -0.08492380 0.92233429
v 0.11685579 0.11750532 0.84303164
v 0.11866726 -0.12520944 0.85504626
v 0.11748583 0.11842927 0.85101426
v 0.14253369 0.02999611 0.93648836
v 0.14260498 -0.05866846 0.93631700
v 0.11581947 0.03054077 0.84396709
v 0.14185797 0.05866790 0.93652863
v 0.11610841 -0.11750588 0.84324347
v 0.14178668 -0.02999667 0.93669993
v 0.11673517 -0.08621022 0.84337533
v 0.11598755 -0.08621022 0.84358690
v 0.11589221 0.05972853 0.84379292
v 0.11663899 -0.05972903 0.84358135
v 0.12284663 0.10664718 0.87045349
v 0.11681932 0.10659748 0.84317844
v 0.14195214 -0.08469095 0.93632587
v 0.14279045 0.10446107 0.93595863
v 0.14204385 0.10446108 0.93617046
v 0.14269915 0.08469039 0.93611430
v 0.11868134 -0.11908482 0.85526326
v 0.11866339 -0.10681837 0.85551376
v 0.12036114 -0.10682531 0.86157436
v 0.12028738 -0.08591494 0.86182269
v 0.11866317 0.10681781 0.85551376
v 0.11745526 0.10671733 0.85120433
v 0.11737336 0.08608488 0.85141558
v 0.12036748 0.11946678 0.86127197
v 0.14279045 -0.10446169 0.93595863
v 0.11727780 -0.05964172 0.85162122
v 0.11635576 -0.08614511 0.84778107
v 0.11737336 -0.08608537 0.85141558
v 0.11643850 -0.10661473 0.84757843
v 0.11625980 -0.05968351 0.84798709
v 0.11554537 -0.05971285 0.84543521
v 0.11564117 -0.08618710 0.84522899
v 0.11547266 -0.03053295 0.84560931
v 0.11727798 0.05964122 0.85162122
v 0.11625998 0.05968295 0.84798709
v 0.11720543 0.03049587 0.85179507
v 0.12654171 0.08554850 0.88416260
v 0.11717491 -0.00000027 0.85187408
v 0.11618767 0.03051732 0.84816120
v 0.11720524 -0.03049643 0.85179507
v 0.11615749 -0.00000027 0.84824021
v 0.11618784 -0.03051788 0.84816120
v 0.13990311 0.11470396 0.93114634
v 0.13735078 0.11561854 0.92200917
v 0.13984848 0.10461859 0.93120825
v 0.11572369 -0.10654727 0.84502891
v 0.12661731 -0.10625377 0.88392684
v 0.12285235 -0.11927581 0.87015053
v 0.11575749 0.11738402 0.84487312
v 0.11572388 0.10654671 0.84502891
v 0.12284663 -0.10664775 0.87045349
v 0.11635597 0.08614455 0.84778107
v 0.13975964 0.08477521 0.93137438
v 0.13731245 0.10497916 0.92214358
v 0.11643870 0.10661417 0.84757843
v 0.11564136 0.08618653 0.84522899
v 0.11838728 -0.00000027 0.85620324
v 0.11858574 -0.08601442 0.85574492
v 0.12019142 -0.05952277 0.86202807
v 0.13984848 -0.10461916 0.93120825
v 0.13990269 -0.11470452 0.93114634
v 0.13975960 -0.08477571 0.93137438
v 0.14051236 -0.00000028 0.93521268
v 0.14051236 -0.00000028 0.93521268
v 0.12267795 -0.05942124 0.87090682
v 0.12277332 -0.08576954 0.87070176
v 0.12260561 -0.03038322 0.87108010
v 0.11547282 0.03053242 0.84560931
v 0.11544271 -0.00000027 0.84568852
v 0.12637481 0.03030360 0.88453992
v 0.12644636 0.05926676 0.88436696
v 0.12260578 0.03038265 0.87108010
v 0.12257544 -0.00000028 0.87115886
v 0.12637459 -0.03030416 0.88453992
v 0.12267795 0.05942068 0.87090682
v 0.12277329 0.08576897 0.87070176
v 0.14080049 -0.10445861 0.93461134
v 0.14086648 -0.11426084 0.93459896
v 0.14066151 -0.11724939 0.93378560
v 0.11745526 -0.10671782 0.85120433
v 0.14080046 0.10445805 0.93461140
v 0.13722888 0.08492324 0.92233435
v 0.13966550 0.05872678 0.93157708
v 0.13966511 -0.05872734 0.93157715
v 0.14054210 0.03000646 0.93513488
v 0.11841763 -0.03047099 0.85612422
v 0.11849020 -0.05959220 0.85595056
v 0.13956405 -0.00000028 0.93182625
v 0.13703288 -0.00000028 0.92278660
v 0.13956405 -0.00000028 0.93182625
v 0.13703288 -0.00000028 0.92278660
v 0.13959379 -0.03002683 0.93174845
v 0.14054213 -0.03000702 0.93513488
v 0.12036748 -0.11946734 0.86127197
v 0.11554537 0.05971229 0.84543521
v 0.12011927 0.03043479 0.86220161
v 0.12019160 0.05952220 0.86202807
v 0.11647291 -0.11780391 0.84741466
v 0.13994300 0.11870567 0.93118011
v 0.14086651 0.11426028 0.93459896
v 0.14066151 0.11724883 0.93378560
v 0.14070801 0.08471967 0.93476094
v 0.14070798 -0.08472023 0.93476094
v 0.13994262 -0.11870624 0.93118011
v 0.12011949 -0.03043532 0.86220161
v 0.13959379 0.03002627 0.93174845
v 0.12008891 -0.00000028 0.86228036
v 0.11841745 0.03047045 0.85612422
v 0.12008891 -0.00000028 0.86228036
v 0.12257544 -0.00000028 0.87115886
v 0.14061342 0.05868813 0.93496358
v 0.14061342 -0.05868870 0.93496358
v 0.13189499 -0.00000028 0.90443918
v 0.22488798 0.42429396 0.80575864
v 0.21971831 0.42070560 0.78592716
v 0.21987171 0.39838883 0.78651471
v 0.23169205 0.42901540 0.83185962
v 0.23086197 0.45002273 0.82867493
v 0.22443155 0.44368421 0.80400754
v 0.24372249 0.46269899 0.87800946
v 0.24153184 0.48149951 0.86960440
v 0.23563080 0.47414679 0.84696829
v 0.22439080 0.28954935 0.80385015
v 0.21997217 0.29510556 0.78690020
v 0.21984934 0.28252883 0.78642848
v 0.23869135 0.49589634 0.85870891
v 0.23106205 0.49884906 0.82944202
v 0.23348332 0.48811601 0.83873140
v 0.24663401 0.37322177 0.88917861
v 0.24629984 0.40774348 0.88789578
v 0.23954632 0.37341487 0.86198959
v 0.24621553 0.33756297 0.88757449
v 0.23852551 0.31164817 0.85807171
v 0.24521201 0.30603037 0.88372394
v 0.22490591 0.50058715 0.80582629
v 0.22354764 0.50705018 0.80061543
v 0.22132741 0.49402410 0.79209932
v 0.22580125 0.24781561 0.80926142
v 0.22225759 0.25420809 0.79566752
v 0.22166503 0.24598763 0.79339530
v 0.24529980 0.43845915 0.88406099
v 0.23729255 0.45636102 0.85334219
v 0.24378969 0.28388860 0.87826775
v 0.23747550 0.29070346 0.85404386
v 0.24180931 0.26762951 0.87067164
v 0.23849576 0.43373771 0.85796034
v 0.23925701 0.34071562 0.86087844
v 0.23229600 0.51315315 0.83417504
v 0.22980111 0.51700871 0.82460394
v 0.22663487 0.51213659 0.81245779
v 0.22942417 0.24165470 0.82315989
v 0.22458255 0.24077202 0.80458667
v 0.22763411 0.23599762 0.81629244
v 0.22857772 0.50692595 0.81991138
v 0.23610784 0.24286407 0.84879981
v 0.23172795 0.25027680 0.83199747
v 0.21837915 0.28472363 0.78078931
v 0.21806923 0.29750676 0.77960048
v 0.21812629 0.28510848 0.77981997
v 0.22282813 0.51079149 0.79785510
v 0.22022283 0.50622115 0.78786022
v 0.22031879 0.50491170 0.78822892
v 0.21946481 0.25017122 0.78495501
v 0.21828154 0.50250291 0.78041346
v 0.21832599 0.50092257 0.78058482
v 0.21956747 0.25919682 0.78534816
v 0.21856497 0.25184906 0.78150214
v 0.22877720 0.51845232 0.82067725
v 0.22848892 0.51868971 0.81957242
v 0.22561339 0.51486456 0.80854099
v 0.22583775 0.51426980 0.80940036
v 0.22689871 0.23375124 0.81347186
v 0.22394924 0.23718708 0.80215815
v 0.22669068 0.23321048 0.81267472
v 0.22978812 0.22982925 0.82455563
v 0.22950832 0.22948957 0.82348379
v 0.21998809 0.37394804 0.78696070
v 0.21791232 0.39769428 0.77899742
v 0.21801361 0.37400200 0.77938508
v 0.22408560 0.23792932 0.80268028
v 0.22662769 0.49137741 0.81243149
v 0.21843522 0.27305260 0.78100356
v 0.21818638 0.27347916 0.78005011
v 0.22736005 0.25770343 0.81524084
v 0.21757859 0.47594564 0.77771682
v 0.21730148 0.48647069 0.77665315
v 0.21732978 0.47552121 0.77676229
v 0.21767331 0.45178544 0.77808221
v 0.21762011 0.46448848 0.77787695
v 0.21736728 0.46410491 0.77690653
v 0.21825693 0.26157523 0.78031970
v 0.21954305 0.43886477 0.78525485
v 0.22006956 0.32715379 0.78727299
v 0.22005249 0.34941707 0.78720719
v 0.21819920 0.32872679 0.78009792
v 0.23600308 0.27494032 0.84839575
v 0.23019662 0.28224798 0.82612151
v 0.23400396 0.26141858 0.84072828
v 0.22887750 0.26907859 0.82106127
v 0.21754863 0.48690976 0.77760220
v 0.22515102 0.32288395 0.80676647
v 0.23229782 0.34386849 0.83418244
v 0.22537134 0.37380106 0.80761180
v 0.22533892 0.34702139 0.80748651
v 0.21850530 0.26114583 0.78127283
v 0.21831539 0.25227377 0.78054333
v 0.21811161 0.35029821 0.77976132
v 0.23927025 0.40525554 0.86092994
v 0.21970462 0.27086546 0.78587342
v 0.21832720 0.29717744 0.78059024
v 0.22142461 0.24261858 0.79247306
v 0.22136024 0.24167514 0.79222601
v 0.21942342 0.24643825 0.78479648
v 0.21941286 0.24535150 0.78475557
v 0.21773853 0.43708313 0.77833182
v 0.21747587 0.43682063 0.77732361
v 0.21764299 0.39759762 0.77796305
v 0.21858964 0.24800713 0.78159679
v 0.21833920 0.24845041 0.78063537
v 0.21834574 0.24736679 0.78066192
v 0.22307449 0.47260414 0.79880057
v 0.21911005 0.46670916 0.78359316
v 0.21934176 0.45386600 0.78448221
v 0.22222054 0.48388007 0.79552532
v 0.21886334 0.47814120 0.78264635
v 0.21861673 0.48890833 0.78170089
v 0.22298807 0.50983942 0.79846907
v 0.22061891 0.50153507 0.78938098
v 0.23116063 0.29751806 0.82981959
v 0.23183817 0.31726590 0.83241902
v 0.21750641 0.49930651 0.77744098
v 0.21726944 0.50056519 0.77653304
v 0.21727352 0.49887632 0.77654753
v 0.21728252 0.49493064 0.77658103
v 0.21748851 0.50098438 0.77737192
v 0.21755105 0.41919728 0.77761088
v 0.22521118 0.40027916 0.80699795
v 0.21781758 0.41938489 0.77863421
v 0.21859656 0.24689283 0.78162411
v 0.21793453 0.32895157 0.77908212
v 0.21774326 0.37400985 0.77834764
v 0.22827741 0.48034777 0.81875989
v 0.23308699 0.23560961 0.83721064
v 0.22004413 0.30951522 0.78717617
v 0.21826912 0.31143251 0.78036699
v 0.21741537 0.45145874 0.77709187
v 0.21842092 0.49712879 0.78094950
v 0.22375407 0.27671459 0.80140696
v 0.22301603 0.26515782 0.79857611
v 0.21800751 0.31171732 0.77936306
v 0.22383082 0.45945284 0.80170227
v 0.22973062 0.46679669 0.82433378
v 0.23551017 0.50630763 0.84650500
v 0.21752578 0.49536818 0.77751578
v 0.23245904 0.37360793 0.83480082
v 0.23224060 0.40276738 0.83396391
v 0.23913230 0.25374592 0.86040117
v 0.22484582 0.30433288 0.80559551
v 0.23075270 0.23144408 0.82825523
v 0.21784349 0.35042183 0.77873211
vt -0.00000000 0.99998999
vt 0.00000000 1.00000000
vt 0.00001000 1.00000000
vt -0.00000000 0.99998999
vt -0.00000000 1.00000000
vt 0.00001000 1.00000000
vt 0.00001000 1.00000000
vt -0.00000000 0.99998999
vt -0.00000000 1.00000000
vt 0.00000000 1.00000000
vt 0.00001000 1.00000000
vt 0.00000000 0.99998999
vt 0.00000000 1.00000000
vt 0.00001000 1.00000000
vt -0.00000000 0.99998999
vt 0.00001000 1.00000000
vt -0.00000000 0.99998999
vt 0.00000000 1.00000000
vt 0.00000000 0.99998999
vt 0.00000000 1.00000000
vt 0.00001000 1.00000000
vt -0.00000000 0.99998999
vt -0.00000000 1.00000000
vt 0.00001000 1.00000000
vt 0.00000000 0.99998999
vt 0.00000000 1.00000000
vt 0.00001000 1.00000000
vt 0.00000000 1.00000000
vt 0.00001000 1.00000000
vt 0.00000000 0.99998999
vt -0.00000000 1.00000000
vt 0.00001000 1.00000000
vt 0.00000000 0.99998999
vt -0.00000000 0.99998999
vt -0.00000000 1.00000000
vt 0.00001000 1.00000000
vt 0.00000000 1.00000000
vt 0.00001000 1.00000000
vt 0.00000000 0.99998999
vt -0.00000000 1.00000000
vt 0.00001000 1.00000000
vt -0.00000000 0.99998999
vt 0.00000000 0.99998999
vt 0.00000000 1.00000000
vt 0.00001000 1.00000000
vt -0.00000000 0.99998999
vt -0.00000000 1.00000000
vt 0.00001000 1.00000000
vt 0.00000000 0.99998999
vt 0.00000000 1.00000000
vt 0.00001000 1.00000000
vt 0.00000000 0.99998999
vt 0.00000000 1.00000000
vt 0.00001000 1.00000000
vt -0.00000000 1.00000000
vt 0.00001000 1.00000000
vt -0.00000000 0.99998999
vt 0.00001000 1.00000000
vt -0.00000000 0.99998999
vt -0.00000000 1.00000000
vt 0.00000000 1.00000000
vt 0.00001000 1.00000000
vt 0.00000000 0.99998999
vt 0.00001000 1.00000000
vt 0.00000000 0.99998999
vt 0.00000000 1.00000000
vt 0.00000000 1.00000000
vt 0.00001000 1.00000000
vt 0.00000000 0.99998999
vt 0.00001000 1.00000000
vt 0.00000000 0.99998999
vt 0.00000000 1.00000000
vt 0.00000000 0.99998999
vt 0.00000000 1.00000000
vt 0.00001000 1.00000000
vt 0.00000000 0.99998999
vt 0.00000000 1.00000000
vt 0.00001000 1.00000000
vt 0.00000000 1.00000000
vt 0.00001000 1.00000000
vt 0.00000000 0.99998999
vt -0.00000000 1.00000000
vt 0.00001000 1.00000000
vt 0.00000000 0.99998999
vt -0.00000000 0.99998999
vt -0.00000000 1.00000000
vt 0.00001000 1.00000000
vt 0.00000000 1.00000000
vt 0.00001000 1.00000000
vt 0.00000000 0.99998999
vt 0.00000000 0.99998999
vt 0.00000000 1.00000000
vt 0.00001000 1.00000000
vt 0.00000000 0.99998999
vt 0.00000000 1.00000000
vt 0.00001000 1.00000000
vt 0.00000000 0.99998999
vt 0.00000000 1.00000000
vt 0.00001000 1.00000000
vt -0.00000000 1.00000000
vt 0.00001000 1.00000000
vt -0.00000000 0.99998999
vt 0.00000000 0.99998999
vt 0.00000000 1.00000000
vt 0.00001000 1.00000000
vt 0.00000000 1.00000000
vt 0.00001000 1.00000000
vt 0.00000000 0.99998999
vt -0.00000000 0.99998999
vt 0.00000000 1.00000000
vt 0.00001000 1.00000000
vt -0.00000000 1.00000000
vt 0.00001000 1.00000000
vt 0.00000000 0.99998999
vt 0.00000000 1.00000000
vt 0.00001000 1.00000000
vt 0.00000000 0.99998999
vt -0.00000000 0.99998999
vt 0.00000000 1.00000000
vt 0.00001000 1.00000000
vt 0.00001000 1.00000000
vt -0.00000000 0.99998999
vt -0.00000000 1.00000000
vt 0.00001000 1.00000000
vt 0.00000000 0.99998999
vt 0.00000000 1.00000000
vt -0.00000000 1.00000000
vt 0.00001000 1.00000000
vt -0.00000000 0.99998999
vt 0.00000000 1.00000000
vt 0.00001000 1.00000000
vt 0.00000000 0.99998999
vt 0.00000000 1.00000000
vt 0.00001000 1.00000000
vt 0.00000000 0.99998999
vt 0.00001000 1.00000000
vt 0.00000000 0.99998999
vt 0.00000000 1.00000000
vt 0.00001000 1.00000000
vt 0.00000000 0.99998999
vt 0.00000000 1.00000000
vt -0.00000000 0.99998999
vt -0.00000000 1.00000000
vt 0.00001000 1.00000000
vt 0.00000000 0.99998999
vt -0.00000000 1.00000000
vt 0.00001000 1.00000000
vt 0.00001000 1.00000000
vt 0.00000000 0.99998999
vt 0.00000000 1.00000000
vt 0.00001000 1.00000000
vt -0.00000000 0.99998999
vt 0.00000000 1.00000000
vt 0.00000000 0.99998999
vt 0.00000000 1.00000000
vt 0.00001000 1.00000000
vt -0.00000000 1.00000000
vt 0.00001000 1.00000000
vt -0.00000000 0.99998999
vt 0.00001000 1.00000000
vt -0.00000000 0.99998999
vt 0.00000000 1.00000000
vt 0.00000000 1.00000000
vt 0.00001000 1.00000000
vt 0.00000000 0.99998999
vt 0.00001000 1.00000000
vt 0.00000000 0.99998999
vt 0.00000000 1.00000000
vt 0.00000000 0.99998999
vt 0.00000000 1.00000000
vt 0.00001000 1.00000000
vt 0.00001000 1.00000000
vt 0.00000000 0.99998999
vt 0.00000000 1.00000000
vt 0.00000000 1.00000000
vt 0.00001000 1.00000000
vt -0.00000000 0.99998999
vt 0.00000000 0.99998999
vt 0.00000000 1.00000000
vt 0.00001000 1.00000000
vt 0.00001000 1.00000000
vt 0.00000000 0.99998999
vt 0.00000000 1.00000000
vt 0.00000000 1.00000000
vt 0.00001000 1.00000000
vt 0.00000000 0.99998999
vt 0.00001000 1.00000000
vt 0.00000000 0.99998999
vt 0.00000000 1.00000000
vt 0.00000000 0.99998999
vt 0.00000000 1.00000000
vt 0.00001000 1.00000000
vt -0.00000000 0.99998999
vt -0.00000000 1.00000000
vt 0.00001000 1.00000000
vt 0.00000000 1.00000000
vt 0.00001000 1.00000000
vt 0.00000000 0.99998999
vt -0.00000000 1.00000000
vt 0.00001000 1.00000000
vt -0.00000000 0.99998999
vt 0.00000000 0.99998999
vt 0.00000000 1.00000000
vt 0.00001000 1.00000000
vt 0.00001000 1.00000000
vt 0.00000000 0.99998999
vt 0.00000000 1.00000000
vt 0.00000000 0.99998999
vt 0.00000000 1.00000000
vt 0.00001000 1.00000000
vt 0.00001000 1.00000000
vt 0.00000000 0.99998999
vt 0.00000000 1.00000000
vt 0.00000000 1.00000000
vt 0.00001000 1.00000000
vt 0.00000000 0.99998999
vt 0.00000000 1.00000000
vt 0.00001000 1.00000000
vt 0.00000000 0.99998999
vt 0.00000000 0.99998999
vt 0.00000000 1.00000000
vt 0.00001000 1.00000000
vt 0.00000000 1.00000000
vt 0.00001000 1.00000000
vt 0.00000000 0.99998999
vt 0.00000000 0.99998999
vt 0.00000000 1.00000000
vt 0.00001000 1.00000000
vt 0.00000000 0.99998999
vt 0.00000000 1.00000000
vt 0.00001000 1.00000000
vt 0.00001000 1.00000000
vt 0.00000000 0.99998999
vt 0.00000000 1.00000000
vt 0.00000000 0.99998999
vt 0.00000000 1.00000000
vt 0.00001000 1.00000000
vt -0.00000000 1.00000000
vt 0.00001000 1.00000000
vt 0.00000000 0.99998999
vt 0.00001000 1.00000000
vt 0.00000000 0.99998999
vt 0.00000000 1.00000000
vt 0.00000000 1.00000000
vt 0.00001000 1.00000000
vt 0.00000000 0.99998999
vt 0.00000000 0.99998999
vt 0.00000000 1.00000000
vt 0.00001000 1.00000000
vt 0.00001000 1.00000000
vt 0.00000000 0.99998999
vt 0.00000000 1.00000000
vt 0.00000000 0.99998999
vt 0.00000000 1.00000000
vt 0.00001000 1.00000000
vt -0.00000000 1.00000000
vt 0.00001000 1.00000000
vt -0.00000000 0.99998999
vt 0.00001000 1.00000000
vt 0.00000000 0.99998999
vt 0.00000000 1.00000000
vt -0.00000000 0.99998999
vt -0.00000000 1.00000000
vt 0.00001000 1.00000000
vt -0.00000000 1.00000000
vt 0.00001000 1.00000000
vt -0.00000000 0.99998999
vt 0.00000000 0.99998999
vt 0.00000000 1.00000000
vt 0.00001000 1.00000000
vt -0.00000000 1.00000000
vt 0.00001000 1.00000000
vt -0.00000000 0.99998999
vt 0.00000000 1.00000000
vt 0.00001000 1.00000000
vt 0.00000000 0.99998999
vt -0.00000000 0.99998999
vt -0.00000000 1.00000000
vt 0.00001000 1.00000000
vt 0.00001000 1.00000000
vt 0.00000000 0.99998999
vt 0.00000000 1.00000000
vt 0.00001000 1.00000000
vt 0.00000000 0.99998999
vt -0.00000000 1.00000000
vt -0.00000000 0.99998999
vt -0.00000000 1.00000000
vt 0.00001000 1.00000000
vt 0.00000000 1.00000000
vt 0.00001000 1.00000000
vt -0.00000000 0.99998999
vt 0.00000000 1.00000000
vt 0.00001000 1.00000000
vt 0.00000000 0.99998999
vt 0.00001000 1.00000000
vt 0.00000000 0.99998999
vt 0.00000000 1.00000000
vt -0.00000000 1.00000000
vt 0.00001000 1.00000000
vt -0.00000000 0.99998999
vt 0.00001000 1.00000000
vt 0.00000000 0.99998999
vt 0.00000000 1.00000000
vt 0.00000000 0.99998999
vt 0.00000000 1.00000000
vt 0.00001000 1.00000000
vt 0.00001000 1.00000000
vt -0.00000000 0.99998999
vt 0.00000000 1.00000000
vt -0.00000000 1.00000000
vt 0.00001000 1.00000000
vt -0.00000000 0.99998999
vt -0.00000000 0.99998999
vt -0.00000000 1.00000000
vt 0.00001000 1.00000000
vt 0.00001000 1.00000000
vt 0.00000000 0.99998999
vt 0.00000000 1.00000000
vt 0.00000000 0.99998999
vt 0.00000000 1.00000000
vt 0.00001000 1.00000000
vt 0.00001000 1.00000000
vt 0.00000000 0.99998999
vt 0.00000000 1.00000000
vt 0.00001000 1.00000000
vt 0.00000000 0.99998999
vt 0.00000000 1.00000000
vt 0.00001000 1.00000000
vt 0.00000000 0.99998999
vt 0.00000000 1.00000000
vt 0.00000000 1.00000000
vt 0.00001000 1.00000000
vt 0.00000000 0.99998999
vt -0.00000000 0.99998999
vt 0.00000000 1.00000000
vt 0.00001000 1.00000000
vt 0.00000000 0.99998999
vt 0.00000000 1.00000000
vt 0.00001000 1.00000000
vt 0.00001000 1.00000000
vt 0.00000000 0.99998999
vt 0.00000000 1.00000000
vt 0.00000000 1.00000000
vt 0.00001000 1.00000000
vt 0.00000000 0.99998999
vt 0.00001000 1.00000000
vt 0.00000000 0.99998999
vt 0.00000000 1.00000000
vt -0.00000000 0.99998999
vt -0.00000000 1.00000000
vt 0.00001000 1.00000000
vt 0.00001000 1.00000000
vt 0.00000000 0.99998999
vt 0.00000000 1.00000000
vt 0.00000000 0.99998999
vt 0.00000000 1.00000000
vt 0.00001000 1.00000000
vt 0.00000000 1.00000000
vt 0.00001000 1.00000000
vt 0.00000000 0.99998999
vt 0.00001000 1.00000000
vt 0.00000000 0.99998999
vt 0.00000000 1.00000000
vt 0.00000000 0.99998999
vt -0.00000000 1.00000000
vt 0.00001000 1.00000000
vt 0.00001000 1.00000000
vt 0.00000000 0.99998999
vt 0.00000000 1.00000000
vt 0.00000000 0.99998999
vt 0.00000000 1.00000000
vt 0.00001000 1.00000000
vt 0.00000000 1.00000000
vt 0.00001000 1.00000000
vt 0.00000000 0.99998999
vt 0.00001000 1.00000000
vt 0.00000000 0.99998999
vt 0.00000000 1.00000000
vt -0.00000000 0.99998999
vt 0.00000000 1.00000000
vt 0.00001000 1.00000000
vt 0.00000000 0.99998999
vt 0.00000000 1.00000000
vt 0.00001000 1.00000000
vt 0.00000000 1.00000000
vt 0.00001000 1.00000000
vt 0.00000000 0.99998999
vt 0.00000000 1.00000000
vt 0.00001000 1.00000000
vt -0.00000000 0.99998999
vt 0.00000000 1.00000000
vt 0.00001000 1.00000000
vt -0.00000000 0.99998999
vt 0.00000000 1.00000000
vt 0.00001000 1.00000000
vt 0.00000000 0.99998999
vt -0.00000000 0.99998999
vt -0.00000000 1.00000000
vt 0.00001000 1.00000000
vt 0.00000000 1.00000000
vt 0.00001000 1.00000000
vt -0.00000000 0.99998999
vt 0.00001000 1.00000000
vt -0.00000000 0.99998999
vt -0.00000000 1.00000000
vt 0.00001000 1.00000000
vt 0.00000000 0.99998999
vt 0.00000000 1.00000000
vt 0.00001000 1.00000000
vt -0.00000000 0.99998999
vt 0.00000000 1.00000000
vt 0.00000000 1.00000000
vt 0.00001000 1.00000000
vt 0.00000000 0.99998999
vt -0.00000000 0.99998999
vt 0.00000000 1.00000000
vt 0.00001000 1.00000000
vt -0.00000000 1.00000000
vt 0.00001000 1.00000000
vt -0.00000000 0.99998999
vt 0.00000000 0.99998999
vt 0.00000000 1.00000000
vt 0.00001000 1.00000000
vt 0.00000000 1.00000000
vt 0.00001000 1.00000000
vt 0.00000000 0.99998999
vt 0.00001000 1.00000000
vt 0.00000000 0.99998999
vt 0.00001000 1.00000000
vt -0.00000000 0.99998999
vt -0.00000000 1.00000000
vt -0.00000000 0.99998999
vt -0.00000000 1.00000000
vt 0.00001000 1.00000000
vt 0.00000000 0.99998999
vt 0.00000000 1.00000000
vt 0.00001000 1.00000000
vt 0.00000000 0.99998999
vt 0.00000000 1.00000000
vt 0.00001000 1.00000000
vt 0.00000000 0.99998999
vt -0.00000000 1.00000000
vt 0.00001000 1.00000000
vt -0.00000000 0.99998999
vt 0.00000000 1.00000000
vt 0.00001000 1.00000000
vt -0.00000000 1.00000000
vt 0.00001000 1.00000000
vt -0.00000000 0.99998999
vt 0.00000000 1.00000000
vt 0.00001000 1.00000000
vt 0.00000000 0.99998999
vt -0.00000000 0.99998999
vt -0.00000000 1.00000000
vt 0.00001000 1.00000000
vt -0.00000000 0.99998999
vt -0.00000000 1.00000000
vt 0.00001000 1.00000000
vt 0.00000000 0.99998999
vt 0.00000000 1.00000000
vt 0.00001000 1.00000000
vt 0.00000000 0.99998999
vt 0.00000000 1.00000000
vt 0.00001000 1.00000000
vt 0.00000000 0.99998999
vt 0.00000000 1.00000000
vt 0.00001000 1.00000000
vt -0.00000000 0.99998999
vt -0.00000000 1.00000000
vt 0.00001000 1.00000000
vt -0.00000000 1.00000000
vt 0.00001000 1.00000000
vt -0.00000000 0.99998999
vt 0.00001000 1.00000000
vt 0.00000000 0.99998999
vt 0.00000000 1.00000000
vt 0.00000000 0.99998999
vt 0.00000000 1.00000000
vt 0.00001000 1.00000000
vt 0.00000000 1.00000000
vt 0.00001000 1.00000000
vt 0.00000000 0.99998999
vt 0.00000000 1.00000000
vt 0.00001000 1.00000000
vt -0.00000000 0.99998999
vt 0.00001000 1.00000000
vt 0.00000000 0.99998999
vt 0.00000000 1.00000000
vt -0.00000000 0.99998999
vt -0.00000000 1.00000000
vt 0.00001000 1.00000000
vt 0.00001000 1.00000000
vt 0.00000000 0.99998999
vt 0.00000000 1.00000000
vt -0.00000000 0.99998999
vt -0.00000000 1.00000000
vt 0.00001000 1.00000000
vt 0.00000000 1.00000000
vt 0.00001000 1.00000000
vt 0.00000000 0.99998999
vt 0.00000000 1.00000000
vt 0.00001000 1.00000000
vt 0.00000000 0.99998999
vt 0.00000000 1.00000000
vt 0.00001000 1.00000000
vt 0.00000000 0.99998999
vt -0.00000000 1.00000000
vt 0.00001000 1.00000000
vt -0.00000000 1.00000000
vt 0.00001000 1.00000000
vt 0.00000000 0.99998999
vt 0.00001000 1.00000000
vt 0.00000000 0.99998999
vt 0.00000000 1.00000000
vt 0.00000000 0.99998999
vt 0.00000000 1.00000000
vt 0.00001000 1.00000000
vt 0.00000000 1.00000000
vt 0.00001000 1.00000000
vt 0.00000000 0.99998999
vt 0.00001000 1.00000000
vt 0.00000000 0.99998999
vt 0.00000000 1.00000000
vt -0.00000000 1.00000000
vt 0.00001000 1.00000000
vt 0.00000000 0.99998999
vt -0.00000000 0.99998999
vt 0.00000000 1.00000000
vt 0.00001000 1.00000000
vt 0.00000000 1.00000000
vt 0.00001000 1.00000000
vt 0.00000000 0.99998999
vt -0.00000000 0.99998999
vt -0.00000000 1.00000000
vt 0.00001000 1.00000000
vt -0.00000000 1.00000000
vt 0.00001000 1.00000000
vt -0.00000000 0.99998999
vt 0.00000000 0.99998999
vt 0.00000000 1.00000000
vt 0.00001000 1.00000000
vt 0.00000000 0.99998999
vt 0.00000000 1.00000000
vt 0.00001000 1.00000000
vt -0.00000000 1.00000000
vt -0.00000000 0.99998999
vt 0.00000000 1.00000000
vt 0.00001000 1.00000000
vt 0.00000000 0.99998999
vt 0.00000000 0.99998999
vt 0.00000000 1.00000000
vt 0.00001000 1.00000000
vt 0.00000000 0.99998999
vt 0.00000000 1.00000000
vt 0.00001000 1.00000000
vt 0.00000000 0.99998999
vt 0.00000000 1.00000000
vt 0.00001000 1.00000000
vt -0.00000000 0.99998999
vt -0.00000000 1.00000000
vt 0.00001000 1.00000000
vt 0.00000000 1.00000000
vt 0.00001000 1.00000000
vt 0.00000000 0.99998999
vt 0.00000000 1.00000000
vt 0.00001000 1.00000000
vt 0.00000000 0.99998999
vt 0.00000000 1.00000000
vt 0.00001000 1.00000000
vt 0.00000000 1.00000000
vt 0.00001000 1.00000000
vt 0.00000000 0.99998999
vt 0.00001000 1.00000000
vt 0.00000000 0.99998999
vt -0.00000000 1.00000000
vt -0.00000000 1.00000000
vt 0.00001000 1.00000000
vt -0.00000000 0.99998999
vt 0.00001000 1.00000000
vt 0.00000000 0.99998999
vt 0.00000000 1.00000000
vt 0.00001000 1.00000000
vt -0.00000000 0.99998999
vt 0.00000000 1.00000000
vt 0.00000000 0.99998999
vt 0.00000000 1.00000000
vt 0.00001000 1.00000000
vt 0.00000000 0.99998999
vt -0.00000000 1.00000000
vt 0.00001000 1.00000000
vt -0.00000000 1.00000000
vt 0.00001000 1.00000000
vt 0.00000000 0.99998999
vt 0.00000000 1.00000000
vt 0.00001000 1.00000000
vt 0.00000000 0.99998999
vt 0.00000000 1.00000000
vt 0.00001000 1.00000000
vt 0.00000000 0.99998999
vt 0.00001000 1.00000000
vt 0.00000000 0.99998999
vt 0.00000000 1.00000000
vt 0.00001000 1.00000000
vt 0.00000000 0.99998999
vt 0.00000000 1.00000000
vt 0.00000000 0.99998999
vt 0.00000000 1.00000000
vt 0.00001000 1.00000000
vt 0.00001000 1.00000000
vt 0.00000000 0.99998999
vt 0.00000000 1.00000000
vt -0.00000000 0.99998999
vt -0.00000000 1.00000000
vt 0.00001000 1.00000000
vt -0.00000000 1.00000000
vt 0.00001000 1.00000000
vt -0.00000000 0.99998999
vt 0.00001000 1.00000000
vt -0.00000000 0.99998999
vt 0.00000000 1.00000000
vt -0.00000000 1.00000000
vt 0.00001000 1.00000000
vt -0.00000000 0.99998999
vt -0.00000000 1.00000000
vt 0.00001000 1.00000000
vt 0.00000000 0.99998999
vt 0.00000000 1.00000000
vt 0.00001000 1.00000000
vt 0.00000000 0.99998999
vt 0.00000000 0.99998999
vt 0.00000000 1.00000000
vt 0.00001000 1.00000000
vt 0.00000000 1.00000000
vt 0.00001000 1.00000000
vt 0.00000000 0.99998999
vt 0.00000000 1.00000000
vt 0.00001000 1.00000000
vt 0.00000000 0.99998999
vt 0.00001000 1.00000000
vt 0.00000000 1.00000000
vt 0.00000000 1.00000000
vt 0.00001000 1.00000000
vt 0.00000000 0.99998999
vt -0.00000000 0.99998999
vt 0.00000000 1.00000000
vt 0.00001000 1.00000000
vt 0.00000000 0.99998999
vt 0.00000000 1.00000000
vt 0.00001000 1.00000000
vt 0.00000000 1.00000000
vt 0.00001000 1.00000000
vt 0.00000000 0.99998999
vt 0.00000000 0.99998999
vt 0.00000000 1.00000000
vt 0.00001000 1.00000000
vt 0.00000000 1.00000000
vt 0.00001000 1.00000000
vt 0.00000000 0.99998999
vt -0.00000000 1.00000000
vt 0.00001000 1.00000000
vt -0.00000000 0.99998999
vt 0.00000000 0.99998999
vt -0.00000000 1.00000000
vt 0.00001000 1.00000000
vt 0.00000000 0.99998999
vt 0.00000000 1.00000000
vt 0.00001000 1.00000000
vt -0.00000000 1.00000000
vt 0.00001000 1.00000000
vt -0.00000000 0.99998999
vt 0.00000000 1.00000000
vt 0.00001000 1.00000000
vt 0.00000000 0.99998999
vt 0.00000000 0.99998999
vt 0.00000000 1.00000000
vt 0.00001000 1.00000000
vt 0.00000000 0.99998999
vt 0.00000000 1.00000000
vt 0.00001000 1.00000000
vt -0.00000000 0.99998999
vt -0.00000000 1.00000000
vt 0.00001000 1.00000000
vt 0.00001000 1.00000000
vt -0.00000000 0.99998999
vt -0.00000000 1.00000000
vt 0.00000000 1.00000000
vt 0.00000000 0.99998999
vt 0.00000000 0.99998999
vt 0.00000000 1.00000000
vt 0.00001000 1.00000000
vt 0.00000000 1.00000000
vt 0.00001000 1.00000000
vt 0.00001000 1.00000000
vt 0.00000000 0.99998999
vt 0.00000000 1.00000000
vt -0.00000000 0.99998999
vt -0.00000000 1.00000000
vt 0.00001000 1.00000000
vt -0.00000000 1.00000000
vt 0.00001000 1.00000000
vt -0.00000000 0.99998999
vt 0.00000000 1.00000000
vt 0.00001000 1.00000000
vt 0.00000000 0.99998999
vt 0.00001000 1.00000000
vt 0.00000000 0.99998999
vt 0.00000000 1.00000000
vt -0.00000000 1.00000000
vt 0.00001000 1.00000000
vt -0.00000000 0.99998999
vt -0.00000000 1.00000000
vt 0.00001000 1.00000000
vt 0.00000000 1.00000000
vt 0.00001000 1.00000000
vt 0.00000000 0.99998999
vt 0.00001000 1.00000000
vt 0.00000000 0.99998999
vt 0.00000000 1.00000000
vt 0.00000000 0.99998999
vt 0.00000000 1.00000000
vt 0.00001000 1.00000000
vt 0.00001000 1.00000000
vt 0.00000000 0.99998999
vt 0.00000000 1.00000000
vt 0.00000000 1.00000000
vt 0.00001000 1.00000000
vt 0.00000000 0.99998999
vt -0.00000000 1.00000000
vt 0.00001000 1.00000000
vt -0.00000000 0.99998999
vt 0.00001000 1.00000000
vt 0.00000000 0.99998999
vt 0.00000000 1.00000000
vt 0.00000000 0.99998999
vt 0.00000000 1.00000000
vt 0.00001000 1.00000000
vt 0.00000000 1.00000000
vt 0.00001000 1.00000000
vt 0.00000000 0.99998999
vt 0.00001000 1.00000000
vt 0.00000000 0.99998999
vt 0.00000000 1.00000000
vt 0.00000000 0.99998999
vt -0.00000000 1.00000000
vt 0.00001000 1.00000000
vt 0.00000000 0.99998999
vt 0.00000000 1.00000000
vt 0.00001000 1.00000000
vt 0.00000000 1.00000000
vt 0.00001000 1.00000000
vt 0.00000000 0.99998999
vt 0.00001000 1.00000000
vt -0.00000000 0.99998999
vt -0.00000000 1.00000000
vt 0.00000000 0.99998999
vt 0.00000000 1.00000000
vt 0.00001000 1.00000000
vt 0.00000000 1.00000000
vt 0.00001000 1.00000000
vt 0.00000000 1.00000000
vt 0.00001000 1.00000000
vt 0.00000000 0.99998999
vt 0.00000000 1.00000000
vt 0.00001000 1.00000000
vt 0.00000000 0.99998999
vt 0.00000000 0.99998999
vt 0.00000000 1.00000000
vt 0.00001000 1.00000000
vt 0.00001000 1.00000000
vt 0.00000000 1.00000000
vt 0.00000000 1.00000000
vt 0.00001000 1.00000000
vt 0.00000000 0.99998999
vt 0.00000000 0.99998999
vt -0.00000000 1.00000000
vt 0.00001000 1.00000000
vt 0.00001000 1.00000000
vt 0.00000000 1.00000000
vt 0.00000000 0.99998999
vt 0.00000000 1.00000000
vt 0.00001000 1.00000000
vt 0.00001000 1.00000000
vt 0.00000000 0.99998999
vt 0.00000000 1.00000000
vt 0.00001000 1.00000000
vt 0.00000000 1.00000000
vt -0.00000000 1.00000000
vt 0.00001000 1.00000000
vt -0.00000000 0.99998999
vt -0.00000000 0.99998999
vt 0.00000000 1.00000000
vt 0.00001000 1.00000000
vt 0.00000000 0.99998999
vt 0.00000000 1.00000000
vt 0.00001000 1.00000000
vt 0.00000000 0.99998999
vt 0.00000000 1.00000000
vt 0.00001000 1.00000000
vt 0.00000000 0.99998999
vt 0.00000000 1.00000000
vt -0.00000000 0.99998999
vt -0.00000000 1.00000000
vt 0.00001000 1.00000000
vt 0.00000000 1.00000000
vt 0.00001000 1.00000000
vt 0.00000000 0.99998999
vt 0.00000000 1.00000000
vt 0.00001000 1.00000000
vt 0.00000000 0.99998999
vt 0.00000000 0.99998999
vt -0.00000000 1.00000000
vt 0.00000000 1.00000000
vt 0.00001000 1.00000000
vt -0.00000000 0.99998999
vt -0.00000000 0.99998999
vt -0.00000000 1.00000000
vt 0.00001000 1.00000000
vt 0.00000000 0.99998999
vt 0.00000000 1.00000000
vt 0.00000000 1.00000000
vt 0.00001000 1.00000000
vt -0.00000000 0.99998999
vt 0.00000000 0.99998999
vt 0.00001000 1.00000000
vt 0.00000000 0.99998999
vt 0.00000000 1.00000000
vt -0.00000000 1.00000000
vt 0.00001000 1.00000000
vt -0.00000000 0.99998999
vt -0.00000000 0.99998999
vt -0.00000000 1.00000000
vt 0.00001000 1.00000000
vt 0.00001000 1.00000000
vt 0.00000000 1.00000000
vt -0.00000000 1.00000000
vt 0.00001000 1.00000000
vt 0.00000000 0.99998999
vt 0.00001000 1.00000000
vt 0.00000000 0.99998999
vt 0.00000000 1.00000000
vt 0.00000000 0.99998999
vt -0.00000000 1.00000000
vt 0.00001000 1.00000000
vt 0.00000000 0.99998999
vt 0.00000000 1.00000000
vt 0.00001000 1.00000000
vt -0.00000000 1.00000000
vt 0.00000000 0.99998999
vt 0.00000000 1.00000000
vt 0.00001000 1.00000000
vt -0.00000000 0.99998999
vt 0.00000000 1.00000000
vt 0.00001000 1.00000000
vt 0.00000000 1.00000000
vt 0.00001000 1.00000000
vt 0.00000000 0.99998999
vt 0.00000000 1.00000000
vt 0.00001000 1.00000000
vt -0.00000000 0.99998999
vt -0.00000000 1.00000000
vt 0.00001000 1.00000000
vt 0.00000000 1.00000000
vt 0.00001000 1.00000000
vt -0.00000000 0.99998999
vt -0.00000000 1.00000000
vt 0.00001000 1.00000000
vt 0.00001000 1.00000000
vt -0.00000000 0.99998999
vt -0.00000000 1.00000000
vt 0.00000000 1.00000000
vt 0.00001000 1.00000000
vt 0.00000000 0.99998999
vt 0.00000000 1.00000000
vt 0.00001000 1.00000000
vt 0.00000000 0.99998999
vt 0.00000000 0.99998999
vt 0.00000000 1.00000000
vt 0.00001000 1.00000000
vt 0.00000000 1.00000000
vt 0.00001000 1.00000000
vt 0.00001000 1.00000000
vt 0.00000000 0.99998999
vt 0.00000000 1.00000000
vt 0.00000000 1.00000000
vt 0.00001000 1.00000000
vt 0.00000000 0.99998999
vt -0.00000000 0.99998999
vt -0.00000000 1.00000000
vt 0.00001000 1.00000000
vt 0.00001000 1.00000000
vt 0.00000000 0.99998999
vt 0.00000000 1.00000000
vt 0.00000000 0.99998999
vt 0.00000000 1.00000000
vt 0.00001000 1.00000000
vt -0.00000000 1.00000000
vt 0.00001000 1.00000000
vt -0.00000000 0.99998999
vt 0.00000000 0.99998999
vt 0.00000000 1.00000000
vt 0.00001000 1.00000000
vt 0.00000000 1.00000000
vt 0.00001000 1.00000000
vt 0.00000000 0.99998999
vt 0.00001000 1.00000000
vt 0.00000000 0.99998999
vt 0.00000000 1.00000000
vt 0.00000000 1.00000000
vt 0.00001000 1.00000000
vt 0.00000000 0.99998999
vt -0.00000000 1.00000000
vt -0.00000000 0.99998999
vt 0.00000000 1.00000000
vt 0.00001000 1.00000000
vt 0.00000000 0.99998999
vt 0.00000000 1.00000000
vt 0.00001000 1.00000000
vt 0.00000000 1.00000000
vt 0.00001000 1.00000000
vt 0.00000000 0.99998999
vt 0.00001000 1.00000000
vt 0.00000000 1.00000000
vt -0.00000000 0.99998999
vt 0.00000000 1.00000000
vt 0.00001000 1.00000000
vt 0.00000000 0.99998999
vt 0.00000000 1.00000000
vt 0.00001000 1.00000000
vt -0.00000000 1.00000000
vt 0.00001000 1.00000000
vt 0.00000000 0.99998999
vt 0.00000000 1.00000000
vt 0.00001000 1.00000000
vt 0.00000000 0.99998999
vt 0.00000000 0.99998999
vt 0.00000000 1.00000000
vt 0.00001000 1.00000000
vt 0.00000000 0.99998999
vt 0.00000000 1.00000000
vt 0.00000000 1.00000000
vt 0.00001000 1.00000000
vt 0.00000000 0.99998999
vt -0.00000000 1.00000000
vt 0.00000000 1.00000000
vt 0.00001000 1.00000000
vt 0.00000000 1.00000000
vt 0.00001000 1.00000000
vt 0.00000000 0.99998999
vt 0.00000000 0.99998999
vt 0.00000000 1.00000000
vt 0.00000000 1.00000000
vt 0.00001000 1.00000000
vt 0.00000000 1.00000000
vt 0.00001000 1.00000000
vt 0.00000000 1.00000000
vt 0.00001000 1.00000000
vt 0.00000000 0.99998999
vt -0.00000000 1.00000000
vt 0.00001000 1.00000000
vt -0.00000000 0.99998999
vt -0.00000000 0.99998999
vt 0.00000000 1.00000000
vt 0.00001000 1.00000000
vt 0.00001000 1.00000000
vt -0.00000000 1.00000000
vt 0.00000000 1.00000000
vt 0.00001000 1.00000000
vt 0.00000000 1.00000000
vt 0.00001000 1.00000000
vt 0.00000000 0.99998999
vt 0.00000000 1.00000000
vt 0.00001000 1.00000000
vt -0.00000000 0.99998999
vt 0.00000000 0.99998999
vt 0.00000000 1.00000000
vt 0.00001000 1.00000000
vt 0.00000000 1.00000000
vt 0.00001000 1.00000000
vt 0.00000000 0.99998999
vt 0.00000000 1.00000000
vt 0.00001000 1.00000000
vt 0.00000000 0.99998999
vt 0.00001000 1.00000000
vt 0.00000000 0.99998999
vt 0.00000000 0.99998999
vt 0.00000000 1.00000000
vt 0.00001000 1.00000000
vt 0.00001000 1.00000000
vt -0.00000000 0.99998999
vt -0.00000000 1.00000000
vt 0.00000000 1.00000000
vt 0.00001000 1.00000000
vt -0.00000000 0.99998999
vt -0.00000000 1.00000000
vt 0.00001000 1.00000000
vt -0.00000000 1.00000000
vt 0.00001000 1.00000000
vt 0.00000000 0.99998999
vt 0.00000000 1.00000000
vt 0.00001000 1.00000000
vt 0.00000000 1.00000000
vt 0.00000000 0.99998999
vt 0.00001000 1.00000000
vt 0.00000000 0.99998999
vt 0.00000000 1.00000000
vt 0.00000000 1.00000000
vt 0.00001000 1.00000000
vt 0.00000000 0.99998999
vt 0.00001000 1.00000000
vt 0.00000000 0.99998999
vt 0.00000000 1.00000000
vt 0.00000000 1.00000000
vt 0.00000000 0.99998999
vt -0.00000000 0.99998999
vt -0.00000000 1.00000000
vt 0.00001000 1.00000000
vt 0.00000000 1.00000000
vt 0.00001000 1.00000000
vt 0.00000000 1.00000000
vt 0.00001000 1.00000000
vt 0.00001000 1.00000000
vt -0.00000000 0.99998999
vt 0.00000000 1.00000000
vt 0.00000000 0.99998999
vt 0.00000000 1.00000000
vt 0.00001000 1.00000000
vt 0.00000000 1.00000000
vt 0.00001000 1.00000000
vt 0.00000000 0.99998999
vt 0.00000000 0.99998999
vt 0.00000000 1.00000000
vt 0.00001000 1.00000000
vt 0.00001000 1.00000000
vt -0.00000000 0.99998999
vt -0.00000000 1.00000000
vt 0.00000000 1.00000000
vt 0.00001000 1.00000000
vt 0.00001000 1.00000000
vt 0.00000000 0.99998999
vt 0.00000000 1.00000000
vt 0.00000000 0.99998999
vt 0.00000000 1.00000000
vt 0.00001000 1.00000000
vt 0.00000000 1.00000000
vt 0.00001000 1.00000000
vt 0.00000000 0.99998999
vt 0.00000000 1.00000000
vt 0.00001000 1.00000000
vt 0.00000000 0.99998999
vt 0.00001000 1.00000000
vt -0.00000000 0.99998999
vt 0.00000000 1.00000000
vt 0.00000000 1.00000000
vt 0.00001000 1.00000000
vt 0.00000000 0.99998999
vt 0.00000000 0.99998999
vt 0.00000000 1.00000000
vt 0.00001000 1.00000000
vt 0.00000000 0.99998999
vt 0.00000000 1.00000000
vt 0.00001000 1.00000000
vt 0.00001000 1.00000000
vt 0.00000000 0.99998999
vt 0.00000000 1.00000000
vt 0.00000000 1.00000000
vt 0.00001000 1.00000000
vt 0.00000000 0.99998999
vt 0.00000000 0.99998999
vt 0.00001000 1.00000000
vt -0.00000000 0.99998999
vt -0.00000000 1.00000000
vt 0.00001000 1.00000000
vt -0.00000000 0.99998999
vt -0.00000000 1.00000000
vt 0.00001000 1.00000000
vt 0.00001000 1.00000000
vt 0.00000000 0.99998999
vt 0.00000000 1.00000000
vt 0.00000000 0.99998999
vt 0.00000000 1.00000000
vt 0.00001000 1.00000000
vt 0.00000000 1.00000000
vt 0.00000000 0.99998999
vt 0.00000000 0.99998999
vt 0.00000000 1.00000000
vt 0.00001000 1.00000000
vt -0.00000000 1.00000000
vt 0.00001000 1.00000000
vt 0.00000000 0.99998999
vt 0.00001000 1.00000000
vt 0.00000000 0.99998999
vt 0.00000000 1.00000000
vt -0.00000000 0.99998999
vt -0.00000000 1.00000000
vt 0.00001000 1.00000000
vt 0.00000000 1.00000000
vt 0.00001000 1.00000000
vt 0.00000000 0.99998999
vt -0.00000000 1.00000000
vt 0.00000000 0.99998999
vt 0.00000000 0.99998999
vt 0.00000000 1.00000000
vt 0.00001000 1.00000000
vt -0.00000000 1.00000000
vt 0.00001000 1.00000000
vt 0.00000000 0.99998999
vt 0.00000000 1.00000000
vt 0.00001000 1.00000000
vt 0.00000000 0.99998999
vt 0.00000000 1.00000000
vt 0.00001000 1.00000000
vt -0.00000000 0.99998999
vt 0.00000000 1.00000000
vt 0.00000000 0.99998999
vt 0.00000000 1.00000000
vt 0.00001000 1.00000000
vt 0.00001000 1.00000000
vt -0.00000000 0.99998999
vt -0.00000000 1.00000000
vt -0.00000000 0.99998999
vt -0.00000000 1.00000000
vt 0.00001000 1.00000000
vt 0.00000000 0.99998999
vt 0.00000000 1.00000000
vt 0.00001000 1.00000000
vt -0.00000000 1.00000000
vt 0.00001000 1.00000000
vt -0.00000000 0.99998999
vt 0.00001000 1.00000000
vt 0.00000000 1.00000000
vt -0.00000000 0.99998999
vt -0.00000000 1.00000000
vt 0.00001000 1.00000000
vt 0.00000000 1.00000000
vt 0.00001000 1.00000000
vt 0.00000000 0.99998999
vt 0.00000000 1.00000000
vt 0.00000000 1.00000000
vt 0.00001000 1.00000000
vt 0.00000000 0.99998999
vt -0.00000000 1.00000000
vt -0.00000000 0.99998999
vt 0.00001000 1.00000000
vt -0.00000000 0.99998999
vt -0.00000000 1.00000000
vt 0.00000000 1.00000000
vt 0.00001000 1.00000000
vt -0.00000000 0.99998999
vt 0.00000000 1.00000000
vt -0.00000000 1.00000000
vt 0.00001000 1.00000000
vt -0.00000000 0.99998999
vt 0.00001000 1.00000000
vt 0.00000000 1.00000000
vt 0.00001000 1.00000000
vt 0.00000000 0.99998999
vt 0.00000000 1.00000000
vt 0.00001000 1.00000000
vt 0.00000000 0.99998999
vt 0.00000000 1.00000000
vt 0.00000000 0.99998999
vt 0.00000000 1.00000000
vt 0.00001000 1.00000000
vt 0.00001000 1.00000000
vt 0.00000000 1.00000000
vt -0.00000000 1.00000000
vt 0.00001000 1.00000000
vt 0.00000000 0.99998999
vt -0.00000000 0.99998999
vt 0.00000000 1.00000000
vt 0.00001000 1.00000000
vt 0.00001000 1.00000000
vt 0.00000000 0.99998999
vt 0.00000000 1.00000000
vt 0.00001000 1.00000000
vt 0.00000000 0.99998999
vt 0.00000000 1.00000000
vt 0.00000000 1.00000000
vt 0.00001000 1.00000000
vt 0.00000000 0.99998999
vt 0.00000000 1.00000000
vt 0.00001000 1.00000000
vt -0.00000000 0.99998999
vt 0.00000000 0.99998999
vt -0.00000000 1.00000000
vt 0.00001000 1.00000000
vt 0.00000000 0.99998999
vt 0.00000000 1.00000000
vt 0.00001000 1.00000000
vt -0.00000000 0.99998999
vt 0.00000000 1.00000000
vt 0.00001000 1.00000000
vt 0.00001000 1.00000000
vt 0.00000000 1.00000000
vt 0.00000000 1.00000000
vt 0.00001000 1.00000000
vt 0.00000000 0.99998999
vt 0.00001000 1.00000000
vt 0.00000000 0.99998999
vt 0.00000000 1.00000000
vt 0.00000000 0.99998999
vt 0.00000000 1.00000000
vt 0.00000000 0.99998999
vt 0.00000000 1.00000000
vt -0.00000000 0.99998999
vt -0.00000000 1.00000000
vt 0.00001000 1.00000000
vt 0.00000000 1.00000000
vt 0.00001000 1.00000000
vt 0.00000000 0.99998999
vt 0.00000000 0.99998999
vt 0.00000000 1.00000000
vt 0.00001000 1.00000000
vt 0.00000000 1.00000000
vt 0.00001000 1.00000000
vt -0.00000000 0.99998999
vt 0.00000000 1.00000000
vt 0.00001000 1.00000000
vt 0.00000000 0.99998999
vt -0.00000000 1.00000000
vt 0.00001000 1.00000000
vt -0.00000000 0.99998999
vt 0.00001000 1.00000000
vt -0.00000000 1.00000000
vt 0.00000000 0.99998999
vt 0.00000000 1.00000000
vt 0.00001000 1.00000000
vt -0.00000000 1.00000000
vt -0.00000000 0.99998999
vt 0.00001000 1.00000000
vt 0.00000000 0.99998999
vt 0.00000000 1.00000000
vt 0.00000000 1.00000000
vt 0.00001000 1.00000000
vt -0.00000000 0.99998999
vt 0.00000000 1.00000000
vt 0.00001000 1.00000000
vt 0.00000000 1.00000000
vt 0.00001000 1.00000000
vt 0.00000000 0.99998999
vt 0.00000000 1.00000000
vt 0.00001000 1.00000000
vt 0.00000000 0.99998999
vt 0.00000000 1.00000000
vt 0.00000000 1.00000000
vt 0.00001000 1.00000000
vt -0.00000000 1.00000000
vt 0.00001000 1.00000000
vt 0.00000000 0.99998999
vt 0.00000000 1.00000000
vt 0.00000000 1.00000000
vt 0.00001000 1.00000000
vt 0.00000000 0.99998999
vt -0.00000000 1.00000000
vt 0.00001000 1.00000000
vt -0.00000000 0.99998999
vt 0.00001000 1.00000000
vt 0.00000000 0.99998999
vt 0.00000000 1.00000000
vt 0.87071687 0.42305815
vt 0.87083566 0.46527559
vt 0.90368402 0.46527302
vt 0.90368396 0.51028973
vt -0.00000000 0.99998999
vt 0.00000000 1.00000000
vt 0.00001000 1.00000000
vt 0.00000000 1.00000000
vt 0.00001000 1.00000000
vt 0.00000000 0.99998999
vt -0.00000000 1.00000000
vt 0.00001000 1.00000000
vt 0.00000000 0.99998999
vt 0.00000000 1.00000000
vt 0.00001000 1.00000000
vt 0.00000000 1.00000000
vt 0.00001000 1.00000000
vt 0.00000000 0.99998999
vt 0.00001000 1.00000000
vt 0.00000000 0.99998999
vt 0.00000000 1.00000000
vt 0.00001000 1.00000000
vt 0.00000000 0.99998999
vt -0.00000000 1.00000000
vt 0.00000000 0.99998999
vt 0.00000000 1.00000000
vt 0.00001000 1.00000000
vt -0.00000000 1.00000000
vt 0.00001000 1.00000000
vt -0.00000000 0.99998999
vt 0.00000000 0.99998999
vt -0.00000000 1.00000000
vt 0.00001000 1.00000000
vt 0.90368378 0.55882597
vt 0.93627876 0.51029330
vt 0.87064862 0.38292158
vt 0.90368402 0.42305636
vt 0.90369403 0.42305636
vt 0.00000000 0.99998999
vt 0.00000000 1.00000000
vt 0.00001000 1.00000000
vt 0.00001000 1.00000000
vt 0.00000000 0.99998999
vt 0.00000000 1.00000000
vt 0.00001000 1.00000000
vt 0.00000000 0.99998999
vt 0.00000000 1.00000000
vt 0.00001000 1.00000000
vt 0.00000000 0.99998999
vt 0.00000000 1.00000000
vt 0.00001000 1.00000000
vt -0.00000000 0.99998999
vt -0.00000000 1.00000000
vt 0.00001000 1.00000000
vt -0.00000000 0.99998999
vt -0.00000000 1.00000000
vt 0.00000000 0.99998999
vt 0.00000000 1.00000000
vt 0.00001000 1.00000000
vt 0.00000000 1.00000000
vt 0.00001000 1.00000000
vt 0.00001000 1.00000000
vt -0.00000000 0.99998999
vt -0.00000000 1.00000000
vt 0.00001000 1.00000000
vt 0.00000000 0.99998999
vt -0.00000000 1.00000000
vt -0.00000000 0.99998999
vt -0.00000000 1.00000000
vt 0.00001000 1.00000000
vt 0.90368396 0.38292050
vt 0.93665117 0.42305809
vt 0.93671930 0.38292158
vt 0.00000000 1.00000000
vt 0.00001000 1.00000000
vt 0.00000000 0.99998999
vt -0.00000000 0.99998999
vt -0.00000000 1.00000000
vt 0.00001000 1.00000000
vt 0.00000000 0.99998999
vt 0.00000000 1.00000000
vt 0.00001000 1.00000000
vt 0.00000000 1.00000000
vt 0.00001000 1.00000000
vt -0.00000000 0.99998999
vt 0.00001000 1.00000000
vt 0.00000000 0.99998999
vt 0.00000000 1.00000000
vt -0.00000000 1.00000000
vt 0.00001000 1.00000000
vt 0.00000000 0.99998999
vt 0.00000000 0.99998999
vt 0.00000000 1.00000000
vt 0.00001000 1.00000000
vt 0.00000000 0.99998999
vt 0.00000000 1.00000000
vt 0.00001000 1.00000000
vt 0.00000000 1.00000000
vt 0.00001000 1.00000000
vt 0.00000000 0.99998999
vt 0.00001000 1.00000000
vt 0.00000000 0.99998999
vt 0.00000000 1.00000000
vt -0.00000000 0.99998999
vt -0.00000000 1.00000000
vt 0.00001000 1.00000000
vt 0.00000000 1.00000000
vt 0.00001000 1.00000000
vt 0.00000000 0.99998999
vt 0.00000000 1.00000000
vt 0.00001000 1.00000000
vt -0.00000000 0.99998999
vt 0.00000000 0.99998999
vt 0.00000000 1.00000000
vt 0.00001000 1.00000000
vt 0.00000000 0.99998999
vt 0.00000000 1.00000000
vt 0.00001000 1.00000000
vt -0.00000000 1.00000000
vt 0.00001000 1.00000000
vt -0.00000000 0.99998999
vt 0.00000000 1.00000000
vt 0.00001000 1.00000000
vt 0.00000000 0.99998999
vt 0.00000000 0.99998999
vt 0.00000000 1.00000000
vt 0.00001000 1.00000000
vt -0.00000000 0.99998999
vt -0.00000000 1.00000000
vt 0.00001000 1.00000000
vt 0.00000000 1.00000000
vt 0.00001000 1.00000000
vt 0.00000000 0.99998999
vt 0.00000000 1.00000000
vt 0.00001000 1.00000000
vt 0.00000000 0.99998999
vt 0.00000000 1.00000000
vt 0.00001000 1.00000000
vt -0.00000000 0.99998999
vt 1.00532401 0.42202902
vt 0.97006124 0.46528327
vt 1.00393057 0.46529353
vt 0.96910554 0.51030403
vt 0.00000000 1.00000000
vt 0.00001000 1.00000000
vt 0.00000000 0.99998999
vt 0.00000000 1.00000000
vt 0.87156111 0.55883068
vt 0.87164903 0.60912204
vt -0.00000000 1.00000000
vt 0.00001000 1.00000000
vt -0.00000000 0.99998999
vt -0.00000000 0.99998999
vt 0.00000000 1.00000000
vt 0.00000000 1.00000000
vt 0.00000000 0.99998999
vt 0.00001000 1.00000000
vt -0.00000000 0.99998999
vt -0.00000000 1.00000000
vt 0.00000000 0.99998999
vt 0.00000000 1.00000000
vt 0.00001000 1.00000000
vt 0.00000000 1.00000000
vt 0.00001000 1.00000000
vt 0.00000000 0.99998999
vt -0.00000000 0.99998999
vt -0.00000000 1.00000000
vt 0.00001000 1.00000000
vt 0.90368402 0.34382498
vt 0.00001000 1.00000000
vt -0.00000000 0.99998999
vt -0.00000000 1.00000000
vt 0.00000000 1.00000000
vt 0.00001000 1.00000000
vt 0.00000000 0.99998999
vt 0.00000000 1.00000000
vt 0.00000000 0.99998999
vt 0.00000000 0.99998999
vt 0.00000000 1.00000000
vt 0.00001000 1.00000000
vt 0.00001000 1.00000000
vt 0.00000000 0.99998999
vt 0.00000000 1.00000000
vt 0.83826202 0.51030403
vt 0.80483001 0.50855803
vt 0.80817854 0.55886352
vt 0.80343699 0.46529353
vt 0.00000000 0.99998999
vt 0.00000000 1.00000000
vt 0.00001000 1.00000000
vt -0.00000000 1.00000000
vt 0.00001000 1.00000000
vt -0.00000000 0.99998999
vt 0.97064060 0.42306328
vt 0.93653232 0.46527559
vt 0.00000000 1.00000000
vt 0.00001000 1.00000000
vt 0.00000000 0.99998999
vt 0.00001000 1.00000000
vt -0.00000000 0.99998999
vt -0.00000000 1.00000000
vt 0.00000000 1.00000000
vt 0.00001000 1.00000000
vt 0.00000000 0.99998999
vt 0.00000000 0.99998999
vt 0.00000000 1.00000000
vt 0.00001000 1.00000000
vt 0.00001000 1.00000000
vt 0.00000000 0.99998999
vt 0.00000000 1.00000000
vt 0.00000000 0.99998999
vt 0.00000000 1.00000000
vt 0.00001000 1.00000000
vt -0.00000000 0.99998999
vt -0.00000000 1.00000000
vt 0.00000000 1.00000000
vt 0.00000000 0.99998999
vt 0.00001000 1.00000000
vt 0.00000000 0.99998999
vt 0.00000000 1.00000000
vt 0.90368354 0.60912204
vt 0.00001000 1.00000000
vt 0.00000000 0.99998999
vt -0.00000000 1.00000000
vt 0.00000000 1.00000000
vt 0.00001000 1.00000000
vt 0.00000000 0.99998999
vt 0.00000000 0.99998999
vt 0.00000000 1.00000000
vt 0.00001000 1.00000000
vt 0.00000000 1.00000000
vt 0.00001000 1.00000000
vt 0.00000000 0.99998999
vt 0.00000000 1.00000000
vt 0.00001000 1.00000000
vt 0.00001000 1.00000000
vt 0.00000000 0.99998999
vt 0.00000000 1.00000000
vt 0.00000000 0.99998999
vt 0.00000000 1.00000000
vt 0.00001000 1.00000000
vt -0.00000000 1.00000000
vt 0.00001000 1.00000000
vt -0.00000000 0.99998999
vt -0.00000000 0.99998999
vt -0.00000000 1.00000000
vt 0.00001000 1.00000000
vt 0.00001000 1.00000000
vt -0.00000000 0.99998999
vt 0.00000000 1.00000000
vt -0.00000000 1.00000000
vt 0.00001000 1.00000000
vt -0.00000000 0.99998999
vt 0.00001000 1.00000000
vt 0.00000000 0.99998999
vt 0.00000000 1.00000000
vt 0.00000000 0.99998999
vt 0.00000000 1.00000000
vt 0.00000000 1.00000000
vt 0.93601602 0.34382498
vt 0.00001000 1.00000000
vt 0.00000000 0.99998999
vt -0.00000000 1.00000000
vt 0.00000000 1.00000000
vt 0.00001000 1.00000000
vt 0.00000000 0.99998999
vt 0.00001000 1.00000000
vt -0.00000000 0.99998999
vt -0.00000000 1.00000000
vt -0.00000000 1.00000000
vt 0.00001000 1.00000000
vt 0.00000000 0.99998999
vt 0.00000000 0.99998999
vt 0.00000000 1.00000000
vt 0.00001000 1.00000000
vt 0.00001000 1.00000000
vt 0.00000000 0.99998999
vt 0.00000000 1.00000000
vt 0.00000000 1.00000000
vt 0.00001000 1.00000000
vt 0.00000000 0.99998999
vt -0.00000000 0.99998999
vt 0.00000000 1.00000000
vt 0.00001000 1.00000000
vt 0.00000000 1.00000000
vt 0.00001000 1.00000000
vt 0.00000000 0.99998999
vt 0.00001000 1.00000000
vt 0.00000000 1.00000000
vt -0.00000000 1.00000000
vt 0.00001000 1.00000000
vt -0.00000000 0.99998999
vt 0.00000000 0.99998999
vt -0.00000000 1.00000000
vt 0.00001000 1.00000000
vt 1.00253701 0.50855803
vt 0.96758401 0.55884480
vt 0.83633471 0.38292474
vt 0.83603549 0.34382701
vt 0.00001000 1.00000000
vt 0.00000000 0.99998999
vt 0.00000000 1.00000000
vt 0.00001000 1.00000000
vt 0.00000000 0.99998999
vt 0.00000000 1.00000000
vt -0.00000000 1.00000000
vt 0.00001000 1.00000000
vt -0.00000000 0.99998999
vt -0.00000000 1.00000000
vt 0.00001000 1.00000000
vt -0.00000000 0.99998999
vt 0.00001000 1.00000000
vt -0.00000000 0.99998999
vt -0.00000000 1.00000000
vt 0.00000000 0.99998999
vt 0.00000000 1.00000000
vt 0.00001000 1.00000000
vt 0.80204397 0.42202902
vt 0.83730650 0.46528327
vt -0.00000000 1.00000000
vt 0.00001000 1.00000000
vt -0.00000000 0.99998999
vt 0.00001000 1.00000000
vt 0.00000000 0.99998999
vt 0.00000000 1.00000000
vt 0.00000000 1.00000000
vt 0.00000000 0.99998999
vt 0.00000000 0.99998999
vt 0.00000000 1.00000000
vt 0.00001000 1.00000000
vt 0.00001000 1.00000000
vt -0.00000000 0.99998999
vt 0.00000000 1.00000000
vt -0.00000000 0.99998999
vt -0.00000000 1.00000000
vt 0.00001000 1.00000000
vt 0.00000000 1.00000000
vt 0.00000000 0.99998999
vt 0.00001000 1.00000000
vt -0.00000000 0.99998999
vt -0.00000000 1.00000000
vt 0.00001000 1.00000000
vt 0.00000000 1.00000000
vt 0.00000000 1.00000000
vt 0.00001000 1.00000000
vt 0.00000000 1.00000000
vt 0.00001000 1.00000000
vt 0.00000000 0.99998999
vt -0.00000000 0.99998999
vt -0.00000000 1.00000000
vt 0.00001000 1.00000000
vt -0.00000000 1.00000000
vt 0.00001000 1.00000000
vt -0.00000000 0.99998999
vt 0.00000000 0.99998999
vt -0.00000000 0.99998999
vt 0.00000000 1.00000000
vt 0.00001000 1.00000000
vt 0.00001000 1.00000000
vt 0.00000000 0.99998999
vt 0.00001000 1.00000000
vt -0.00000000 0.99998999
vt -0.00000000 1.00000000
vt -0.00000000 1.00000000
vt 0.00001000 1.00000000
vt -0.00000000 0.99998999
vt 0.00000000 0.99998999
vt 0.00000000 1.00000000
vt 0.00001000 1.00000000
vt 0.99918902 0.55886352
vt 0.96577954 0.60914552
vt 0.00000000 1.00000000
vt 0.00001000 1.00000000
vt 0.00000000 0.99998999
vt 0.00001000 1.00000000
vt 0.00000000 0.99998999
vt -0.00000000 1.00000000
vt 0.00001000 1.00000000
vt -0.00000000 0.99998999
vt 0.00001000 1.00000000
vt -0.00000000 0.99998999
vt 0.00000000 1.00000000
vt 0.00001000 1.00000000
vt -0.00000000 0.99998999
vt -0.00000000 1.00000000
vt 0.00000000 0.99998999
vt 0.00000000 1.00000000
vt 0.00001000 1.00000000
vt 0.83672726 0.42306328
vt 0.80138147 0.38292897
vt 0.00000000 1.00000000
vt 0.00000000 0.99998999
vt 0.00000000 0.99998999
vt 0.00000000 1.00000000
vt 0.00001000 1.00000000
vt 0.00001000 1.00000000
vt 0.00000000 0.99998999
vt 0.00000000 1.00000000
vt 0.00000000 1.00000000
vt 0.00001000 1.00000000
vt 0.00000000 0.99998999
vt 0.00001000 1.00000000
vt 0.00000000 0.99998999
vt 0.00000000 1.00000000
vt 0.00000000 0.99998999
vt 0.00000000 1.00000000
vt 0.00001000 1.00000000
vt 0.00000000 1.00000000
vt 0.00001000 1.00000000
vt 0.00000000 0.99998999
vt 0.00001000 1.00000000
vt 0.00000000 0.99998999
vt 0.00000000 1.00000000
vt -0.00000000 1.00000000
vt -0.00000000 0.99998999
vt -0.00000000 1.00000000
vt 0.00001000 1.00000000
vt -0.00000000 1.00000000
vt 0.00001000 1.00000000
vt -0.00000000 0.99998999
vt 0.00000000 0.99998999
vt 0.00000000 1.00000000
vt 0.00000000 1.00000000
vt 0.00000000 0.99998999
vt -0.00000000 1.00000000
vt 0.00001000 1.00000000
vt 0.00000000 1.00000000
vt 0.00001000 1.00000000
vt 0.00000000 0.99998999
vt -0.00000000 1.00000000
vt 0.00001000 1.00000000
vt -0.00000000 0.99998999
vt 0.00000000 0.99998999
vt -0.00000000 1.00000000
vt 0.00000000 0.99998999
vt 0.00000000 1.00000000
vt 0.00001000 1.00000000
vt 0.00000000 1.00000000
vt 0.00001000 1.00000000
vt 0.00000000 0.99998999
vt 0.00000000 1.00000000
vt 0.00001000 1.00000000
vt 0.00000000 0.99998999
vt -0.00000000 0.99998999
vt 0.00000000 1.00000000
vt 0.00001000 1.00000000
vt 0.00000000 0.99998999
vt 0.00000000 1.00000000
vt 0.00001000 1.00000000
vt 0.00000000 0.99998999
vt 0.00000000 1.00000000
vt 0.00001000 1.00000000
vt 0.00000000 1.00000000
vt 0.00001000 1.00000000
vt 0.00000000 0.99998999
vt 0.00001000 1.00000000
vt 0.00000000 0.99998999
vt 0.00000000 1.00000000
vt 0.00000000 1.00000000
vt 0.00001000 1.00000000
vt 0.00000000 0.99998999
vt 0.00000000 0.99998999
vt 0.00000000 1.00000000
vt 0.00001000 1.00000000
vt -0.00000000 1.00000000
vt 0.00001000 1.00000000
vt 0.00000000 0.99998999
vt 0.00000000 1.00000000
vt 0.00001000 1.00000000
vt 0.90369403 0.46527302
vt 0.97103322 0.38292474
vt 1.00598645 0.38292897
vt 0.97133255 0.34382701
vt 0.00000000 0.99998999
vt 0.00000000 1.00000000
vt 0.00001000 1.00000000
vt 0.00000000 1.00000000
vt 0.00001000 1.00000000
vt -0.00000000 0.99998999
vt 0.00000000 0.99998999
vt 0.00000000 1.00000000
vt 0.00001000 1.00000000
vt 0.00000000 1.00000000
vt 0.00001000 1.00000000
vt 0.00000000 0.99998999
vt 0.00000000 1.00000000
vt 0.00001000 1.00000000
vt 0.00000000 0.99998999
vt -0.00000000 0.99998999
vt -0.00000000 1.00000000
vt 0.00001000 1.00000000
vt 0.00001000 1.00000000
vt 0.00000000 0.99998999
vt 0.00000000 1.00000000
vt 0.00000000 0.99998999
vt 0.00000000 1.00000000
vt 0.00001000 1.00000000
vt -0.00000000 0.99998999
vt -0.00000000 1.00000000
vt 0.00001000 1.00000000
vt 0.00000000 1.00000000
vt 0.00001000 1.00000000
vt 0.00000000 0.99998999
vt 0.00001000 1.00000000
vt 0.00000000 0.99998999
vt 0.00000000 1.00000000
vt 0.00000000 0.99998999
vt 0.00000000 1.00000000
vt 0.00001000 1.00000000
vt -0.00000000 1.00000000
vt 0.00001000 1.00000000
vt -0.00000000 0.99998999
vt -0.00000000 0.99998999
vt -0.00000000 1.00000000
vt 0.00001000 1.00000000
vt -0.00000000 0.99998999
vt 0.00000000 1.00000000
vt 0.00001000 1.00000000
vt 0.00000000 1.00000000
vt 0.00001000 1.00000000
vt 0.00000000 0.99998999
vt 0.00001000 1.00000000
vt 0.00000000 0.99998999
vt 0.00000000 1.00000000
vt 0.00000000 1.00000000
vt 0.00001000 1.00000000
vt 0.00000000 0.99998999
vt 0.00000000 1.00000000
vt 0.00001000 1.00000000
vt 0.00000000 0.99998999
vt 0.00000000 1.00000000
vt 0.00001000 1.00000000
vt 0.00000000 0.99998999
vt -0.00000000 0.99998999
vt -0.00000000 1.00000000
vt 0.00001000 1.00000000
vt 0.00001000 1.00000000
vt -0.00000000 0.99998999
vt 0.00000000 1.00000000
vt 0.87108910 0.51029330
vt 0.00000000 1.00000000
vt 0.00001000 1.00000000
vt 0.00000000 0.99998999
vt 0.00000000 1.00000000
vt 0.00001000 1.00000000
vt 0.00000000 0.99998999
vt 0.00000000 1.00000000
vt 0.00001000 1.00000000
vt -0.00000000 1.00000000
vt 0.00001000 1.00000000
vt -0.00000000 0.99998999
vt -0.00000000 0.99998999
vt 0.00000000 1.00000000
vt 0.00001000 1.00000000
vt 0.00000000 1.00000000
vt 0.00001000 1.00000000
vt -0.00000000 1.00000000
vt 0.00001000 1.00000000
vt 0.00000000 0.99998999
vt 0.00000000 0.99998999
vt 0.00000000 1.00000000
vt 0.00001000 1.00000000
vt -0.00000000 1.00000000
vt 0.00001000 1.00000000
vt -0.00000000 0.99998999
vt 0.00001000 1.00000000
vt 0.00000000 0.99998999
vt -0.00000000 1.00000000
vt 0.00000000 1.00000000
vt 0.00001000 1.00000000
vt -0.00000000 0.99998999
vt 0.00000000 1.00000000
vt 0.00001000 1.00000000
vt 0.00001000 1.00000000
vt 0.00000000 0.99998999
vt 0.00000000 1.00000000
vt -0.00000000 0.99998999
vt -0.00000000 1.00000000
vt 0.00001000 1.00000000
vt 0.00000000 1.00000000
vt 0.00001000 1.00000000
vt 0.00000000 0.99998999
vt -0.00000000 0.99998999
vt 0.00000000 0.99998999
vt 0.00000000 1.00000000
vt 0.00001000 1.00000000
vt 0.87135202 0.34382498
vt 0.83978355 0.55884480
vt 0.81152701 0.60916901
vt 0.00000000 1.00000000
vt 0.00001000 1.00000000
vt 0.00000000 0.99998999
vt 0.00000000 1.00000000
vt 0.00001000 1.00000000
vt 0.00000000 0.99998999
vt 0.00001000 1.00000000
vt -0.00000000 0.99998999
vt -0.00000000 1.00000000
vt -0.00000000 1.00000000
vt 0.00001000 1.00000000
vt -0.00000000 0.99998999
vt 0.00000000 0.99998999
vt -0.00000000 1.00000000
vt 0.00001000 1.00000000
vt 0.00000000 1.00000000
vt 0.00001000 1.00000000
vt 0.00001000 1.00000000
vt 0.00000000 0.99998999
vt 0.00000000 1.00000000
vt -0.00000000 1.00000000
vt 0.00001000 1.00000000
vt -0.00000000 0.99998999
vt 0.00000000 1.00000000
vt 0.00001000 1.00000000
vt 0.00000000 0.99998999
vt -0.00000000 0.99998999
vt -0.00000000 1.00000000
vt 0.00001000 1.00000000
vt 0.00000000 0.99998999
vt 0.00000000 1.00000000
vt 0.00001000 1.00000000
vt 0.00000000 1.00000000
vt 0.00001000 1.00000000
vt 0.00000000 0.99998999
vt 0.00001000 1.00000000
vt 0.00000000 0.99998999
vt 0.00000000 1.00000000
vt 0.00001000 1.00000000
vt 0.00000000 0.99998999
vt 0.00000000 1.00000000
vt 0.00000000 1.00000000
vt 0.00001000 1.00000000
vt 0.00001000 1.00000000
vt 0.00000000 0.99998999
vt 0.00000000 1.00000000
vt -0.00000000 0.99998999
vt -0.00000000 1.00000000
vt 0.00000000 1.00000000
vt 0.00000000 0.99998999
vt 0.00000000 1.00000000
vt 0.00000000 0.99998999
vt 0.00001000 1.00000000
vt 0.00000000 0.99998999
vt 0.00000000 1.00000000
vt 0.00000000 0.99998999
vt 0.00000000 1.00000000
vt 0.00001000 1.00000000
vt 0.00000000 0.99998999
vt 0.00000000 1.00000000
vt 0.00001000 1.00000000
vt 0.93571800 0.60912204
vt 0.00000000 0.99998999
vt 0.00000000 1.00000000
vt 0.00001000 1.00000000
vt -0.00000000 0.99998999
vt -0.00000000 1.00000000
vt 0.00000000 1.00000000
vt 0.00001000 1.00000000
vt 0.00001000 1.00000000
vt 0.00000000 0.99998999
vt 0.00000000 1.00000000
vt -0.00000000 0.99998999
vt -0.00000000 1.00000000
vt 0.00001000 1.00000000
vt 0.00001000 1.00000000
vt 0.00000000 0.99998999
vt 0.00000000 1.00000000
vt 0.00000000 1.00000000
vt 0.00001000 1.00000000
vt -0.00000000 1.00000000
vt 0.00000000 0.99998999
vt -0.00000000 0.99998999
vt -0.00000000 1.00000000
vt 0.00001000 1.00000000
vt 0.00001000 1.00000000
vt 0.00000000 0.99998999
vt 0.00000000 1.00000000
vt -0.00000000 0.99998999
vt -0.00000000 1.00000000
vt 0.00001000 1.00000000
vt 0.00000000 0.99998999
vt 0.00000000 1.00000000
vt 0.00001000 1.00000000
vt -0.00000000 1.00000000
vt 0.00001000 1.00000000
vt -0.00000000 0.99998999
vt 0.00000000 0.99998999
vt -0.00000000 1.00000000
vt 0.00001000 1.00000000
vt 0.00001000 1.00000000
vt 0.00000000 0.99998999
vt 0.00000000 1.00000000
vt 0.84158802 0.60914552
vt -0.00000000 0.99998999
vt -0.00000000 1.00000000
vt 1.00664902 0.34382898
vt 0.00001000 1.00000000
vt -0.00000000 0.99998999
vt -0.00000000 1.00000000
vt -0.00000000 0.99998999
vt -0.00000000 1.00000000
vt 0.00001000 1.00000000
vt 0.00001000 1.00000000
vt 0.00000000 0.99998999
vt -0.00000000 1.00000000
vt -0.00000000 1.00000000
vt 0.00001000 1.00000000
vt -0.00000000 0.99998999
vt -0.00000000 0.99998999
vt -0.00000000 1.00000000
vt 0.00001000 1.00000000
vt -0.00000000 1.00000000
vt 0.00001000 1.00000000
vt -0.00000000 0.99998999
vt 0.00001000 1.00000000
vt 0.00000000 0.99998999
vt 0.00000000 1.00000000
vt 0.00000000 0.99998999
vt 0.00000000 1.00000000
vt 0.00001000 1.00000000
vt 0.93580645 0.55883068
vt 0.00001000 1.00000000
vt -0.00000000 0.99998999
vt -0.00000000 1.00000000
vt 0.00000000 0.99998999
vt 0.00000000 1.00000000
vt 0.00001000 1.00000000
vt -0.00000000 0.99998999
vt 0.00000000 1.00000000
vt 0.00001000 1.00000000
vt -0.00000000 1.00000000
vt 0.00001000 1.00000000
vt 0.00000000 0.99998999
vt -0.00000000 0.99998999
vt 0.00000000 1.00000000
vt 0.00001000 1.00000000
vt 0.00000000 1.00000000
vt 0.00001000 1.00000000
vt 0.00000000 0.99998999
vt 0.00001000 1.00000000
vt 0.00000000 0.99998999
vt 0.00000000 1.00000000
vt 0.00000000 0.99998999
vt 0.00000000 1.00000000
vt 0.00000000 0.99998999
vt -0.00000000 1.00000000
vt 0.00001000 1.00000000
vt 0.00000000 1.00000000
vt 0.00001000 1.00000000
vt 0.00000000 1.00000000
vt 0.00001000 1.00000000
vt 0.00000000 0.99998999
vt -0.00000000 0.99998999
vt -0.00000000 1.00000000
vt 0.00000000 1.00000000
vt 0.00001000 1.00000000
vt 0.00000000 0.99998999
vt 0.00000000 0.99998999
vt 0.00000000 1.00000000
vt 0.00001000 1.00000000
vt 0.00001000 1.00000000
vt 0.00000000 0.99998999
vt 0.00000000 1.00000000
vt -0.00000000 0.99998999
vt 0.00000000 1.00000000
vt 0.00001000 1.00000000
vt 0.00000000 1.00000000
vt 0.00001000 1.00000000
vt 0.00000000 0.99998999
vt 0.00000000 0.99998999
vt 0.00000000 1.00000000
vt 0.00001000 1.00000000
vt 0.80071902 0.34382898
vt 0.00000000 0.99998999
vt 0.00000000 1.00000000
vt 0.00001000 1.00000000
vt 0.00001000 1.00000000
vt -0.00000000 0.99998999
vt 0.00000000 1.00000000
vt 0.00000000 0.99998999
vt 0.00000000 1.00000000
vt 0.00001000 1.00000000
vt -0.00000000 0.99998999
vt 0.00000000 1.00000000
vt 0.00001000 1.00000000
vt 0.00001000 1.00000000
vt 0.00000000 0.99998999
vt 0.00000000 1.00000000
vt -0.00000000 1.00000000
vt 0.00001000 1.00000000
vt -0.00000000 0.99998999
vt 0.00001000 1.00000000
vt 0.00000000 0.99998999
vt 0.00000000 1.00000000
vt 0.00000000 0.99998999
vt 0.00000000 1.00000000
vt 0.00001000 1.00000000
vt 0.00000000 1.00000000
vt 0.00001000 1.00000000
vt 0.00000000 0.99998999
vt 0.00001000 1.00000000
vt 0.00000000 1.00000000
vt -0.00000000 0.99998999
vt 0.00000000 1.00000000
vt 0.00001000 1.00000000
vt 0.00000000 1.00000000
vt 0.00000000 1.00000000
vt 0.00001000 1.00000000
vt 0.00000000 0.99998999
vt 0.00000000 1.00000000
vt 0.00001000 1.00000000
vt 0.00000000 0.99998999
vt 0.00000000 1.00000000
vt 0.00001000 1.00000000
vt -0.00000000 0.99998999
vt -0.00000000 0.99998999
vt -0.00000000 1.00000000
vt 0.00001000 1.00000000
vt -0.00000000 1.00000000
vt 0.00001000 1.00000000
vt -0.00000000 0.99998999
vt 0.00000000 1.00000000
vt 0.00000000 0.99998999
vt 0.00001000 1.00000000
vt 0.00000000 0.99998999
vt 0.00000000 1.00000000
vt -0.00000000 0.99998999
vt -0.00000000 1.00000000
vt 0.00001000 1.00000000
vt -0.00000000 1.00000000
vt 0.00001000 1.00000000
vt 0.00000000 0.99998999
vt -0.00000000 0.99998999
vt -0.00000000 1.00000000
vt 0.00001000 1.00000000
vt 0.00000000 1.00000000
vt 0.00001000 1.00000000
vt 0.00000000 0.99998999
vt 0.00001000 1.00000000
vt 0.00000000 0.99998999
vt 0.00000000 1.00000000
vt 0.00001000 1.00000000
vt -0.00000000 0.99998999
vt -0.00000000 1.00000000
vt -0.00000000 0.99998999
vt -0.00000000 1.00000000
vt 0.00001000 1.00000000
vt 0.00001000 1.00000000
vt 0.00000000 0.99998999
vt 0.00000000 1.00000000
vt 0.00000000 1.00000000
vt 0.00001000 1.00000000
vt -0.00000000 0.99998999
vt 0.00000000 0.99998999
vt 0.00000000 1.00000000
vt 0.00001000 1.00000000
vt 0.00000000 1.00000000
vt 0.00001000 1.00000000
vt 0.00000000 0.99998999
vt 0.00001000 1.00000000
vt -0.00000000 0.99998999
vt 0.00000000 1.00000000
vt 0.00000000 0.99998999
vt 0.00000000 1.00000000
vt 0.00001000 1.00000000
vt 0.00000000 0.99998999
vt 0.00000000 1.00000000
vt 0.00001000 1.00000000
vt 0.00000000 1.00000000
vt 0.00001000 1.00000000
vt 0.00000000 0.99998999
vt -0.00000000 0.99998999
vt 0.00000000 1.00000000
vt 0.00001000 1.00000000
vt 0.00000000 1.00000000
vt 0.00001000 1.00000000
vt 0.00000000 0.99998999
vt 0.00000000 1.00000000
vt 0.00001000 1.00000000
vt 0.00000000 0.99998999
vt 0.00000000 0.99998999
vt -0.00000000 1.00000000
vt 0.00001000 1.00000000
vt -0.00000000 0.99998999
vt -0.00000000 1.00000000
vt 0.00001000 1.00000000
vt 0.00000000 1.00000000
vt 0.00001000 1.00000000
vt 0.00000000 0.99998999
vt 0.00001000 1.00000000
vt 0.00000000 0.99998999
vt 0.00000000 1.00000000
vt 0.00000000 0.99998999
vt -0.00000000 1.00000000
vt 0.00000000 0.99998999
vt 0.00000000 1.00000000
vt 0.00001000 1.00000000
vt 0.00000000 0.99998999
vt 0.00000000 1.00000000
vt 0.00001000 1.00000000
vt 0.00000000 1.00000000
vt 0.00001000 1.00000000
vt 0.00000000 0.99998999
vt 0.00000000 0.99998999
vt 0.00000000 1.00000000
vt 0.00001000 1.00000000
vt -0.00000000 1.00000000
vt 0.00001000 1.00000000
vt -0.00000000 0.99998999
vt 0.00000000 0.99998999
vt 0.00000000 1.00000000
vt 0.00001000 1.00000000
vt 0.00001000 1.00000000
vt -0.00000000 0.99998999
vt -0.00000000 1.00000000
vt 0.00000000 0.99998999
vt 0.00000000 1.00000000
vt 0.00001000 1.00000000
vt 0.00000000 1.00000000
vt 0.00000000 0.99998999
vt -0.00000000 1.00000000
vt 0.00001000 1.00000000
vt 0.00000000 1.00000000
vt 0.00000000 0.99998999
vt 0.00000000 1.00000000
vt -0.00000000 0.99998999
vt -0.00000000 1.00000000
vt 0.00001000 1.00000000
vt 0.00000000 0.99998999
vt 0.00000000 1.00000000
vt 0.00001000 1.00000000
vt 0.00000000 1.00000000
vt 0.00001000 1.00000000
vt -0.00000000 0.99998999
vt 0.00000000 1.00000000
vt 0.00001000 1.00000000
vt -0.00000000 1.00000000
vt 0.00001000 1.00000000
vt 0.00000000 0.99998999
vt -0.00000000 0.99998999
vt -0.00000000 1.00000000
vt 0.00001000 1.00000000
vt 0.00000000 1.00000000
vt 0.00001000 1.00000000
vt 0.00000000 0.99998999
vt 0.00000000 0.99998999
vt 0.00000000 1.00000000
vt 0.00001000 1.00000000
vt 0.00000000 1.00000000
vt 0.00001000 1.00000000
vt 0.00000000 0.99998999
vt 0.00000000 1.00000000
vt 0.00001000 1.00000000
vt 0.00000000 1.00000000
vt 0.00001000 1.00000000
vt 0.00000000 0.99998999
vt 0.00000000 1.00000000
vt 0.00001000 1.00000000
vt -0.00000000 0.99998999
vt 0.00000000 0.99998999
vt 0.00000000 1.00000000
vt 0.00001000 1.00000000
vt 0.00000000 1.00000000
vt 0.00000000 0.99998999
vt 0.00000000 0.99998999
vt 0.00000000 1.00000000
vt 0.00000000 1.00000000
vt 0.00001000 1.00000000
vt 0.00000000 0.99998999
vt -0.00000000 0.99998999
vt -0.00000000 1.00000000
vt 0.00001000 1.00000000
vt 0.00001000 1.00000000
vt -0.00000000 0.99998999
vt -0.00000000 1.00000000
vt 0.00000000 0.99998999
vt 0.00000000 1.00000000
vt 0.00001000 1.00000000
vt 0.00000000 0.99998999
vt 0.00000000 1.00000000
vt 0.00001000 1.00000000
vt 0.00000000 0.99998999
vt 0.00000000 1.00000000
vt 0.00001000 1.00000000
vt 0.00000000 0.99998999
vt 0.00000000 1.00000000
vt 0.00000000 0.99998999
vt 0.00000000 1.00000000
vt 0.00001000 1.00000000
vt 0.00000000 0.99998999
vt 0.00000000 1.00000000
vt 0.00001000 1.00000000
vt 0.00000000 1.00000000
vt 0.00001000 1.00000000
vt 0.00000000 0.99998999
vt 0.00000000 1.00000000
vt 0.00001000 1.00000000
vt -0.00000000 0.99998999
vt 0.00001000 1.00000000
vt -0.00000000 0.99998999
vt 0.00000000 1.00000000
vt 0.00000000 0.99998999
vt -0.00000000 1.00000000
vt 0.00000000 1.00000000
vt 0.00001000 1.00000000
vt 0.00000000 0.99998999
vt 0.00000000 1.00000000
vt 0.00000000 1.00000000
vt 0.00001000 1.00000000
vt 0.00000000 0.99998999
vt 0.00000000 0.99998999
vt 0.00000000 1.00000000
vt 0.00001000 1.00000000
vt 0.00001000 1.00000000
vt 0.00000000 0.99998999
vt 0.00000000 1.00000000
vt -0.00000000 0.99998999
vt -0.00000000 1.00000000
vt 0.00001000 1.00000000
vt 0.00001000 1.00000000
vt -0.00000000 0.99998999
vt -0.00000000 1.00000000
vt 0.00000000 1.00000000
vt 0.00001000 1.00000000
vt -0.00000000 0.99998999
vt -0.00000000 0.99998999
vt 0.00000000 1.00000000
vt 0.00001000 1.00000000
vt 0.00000000 1.00000000
vt 0.00001000 1.00000000
vt 0.00000000 0.99998999
vt -0.00000000 0.99998999
vt 0.00000000 1.00000000
vt 0.00001000 1.00000000
vt -0.00000000 1.00000000
vt 0.00001000 1.00000000
vt -0.00000000 0.99998999
vt 0.00001000 1.00000000
vt 0.00000000 0.99998999
vt 0.00000000 1.00000000
vt 0.00000000 1.00000000
vt 0.00001000 1.00000000
vt 0.00000000 0.99998999
vt -0.00000000 0.99998999
vt 0.00000000 1.00000000
vt -0.00000000 0.99998999
vt 0.00000000 1.00000000
vt -0.00000000 1.00000000
vt 0.00001000 1.00000000
vt -0.00000000 0.99998999
vt 0.00000000 0.99998999
vt 0.00000000 1.00000000
vt 0.00001000 1.00000000
vt 0.00001000 1.00000000
vt -0.00000000 0.99998999
vt -0.00000000 1.00000000
vt -0.00000000 0.99998999
vt -0.00000000 1.00000000
vt 0.00001000 1.00000000
vt 0.00000000 1.00000000
vt 0.00001000 1.00000000
vt 0.00000000 0.99998999
vt 0.00000000 1.00000000
vt 0.00001000 1.00000000
vt 0.00000000 1.00000000
vt -0.00000000 1.00000000
vt 0.00001000 1.00000000
vt -0.00000000 1.00000000
vt 0.00001000 1.00000000
vt -0.00000000 0.99998999
vt 0.00001000 1.00000000
vt -0.00000000 0.99998999
vt -0.00000000 1.00000000
vt -0.00000000 0.99998999
vt -0.00000000 1.00000000
vt 0.00001000 1.00000000
vt 0.00000000 1.00000000
vt 0.00001000 1.00000000
vt -0.00000000 0.99998999
vt 0.00000000 1.00000000
vt 0.00001000 1.00000000
vt 0.00000000 0.99998999
vt -0.00000000 1.00000000
vt 0.00001000 1.00000000
vt -0.00000000 0.99998999
vt 0.00000000 0.99998999
vt 0.00000000 1.00000000
vt -0.00000000 0.99998999
vt 0.00000000 1.00000000
vt 0.00000000 0.99998999
vt 0.00000000 1.00000000
vt 0.00001000 1.00000000
vt 0.00001000 1.00000000
vt -0.00000000 0.99998999
vt -0.00000000 1.00000000
vt 0.00000000 1.00000000
vt 0.00001000 1.00000000
vt 0.00000000 0.99998999
vt -0.00000000 1.00000000
vt 0.00001000 1.00000000
vt 0.00001000 1.00000000
vt -0.00000000 0.99998999
vt -0.00000000 1.00000000
vt 0.00000000 0.99998999
vt 0.00000000 1.00000000
vt 0.00001000 1.00000000
vt 0.00000000 1.00000000
vt 0.00001000 1.00000000
vt 0.00000000 0.99998999
vt -0.00000000 1.00000000
vt 0.00001000 1.00000000
vt 0.00000000 1.00000000
vt 0.00001000 1.00000000
vt 0.00000000 0.99998999
vt 0.00000000 0.99998999
vt -0.00000000 1.00000000
vt 0.00001000 1.00000000
vt 0.00000000 0.99998999
vt 0.00000000 1.00000000
vt 0.00001000 1.00000000
vt -0.00000000 0.99998999
vt 0.00000000 1.00000000
vt 0.00001000 1.00000000
vt 0.00000000 1.00000000
vt 0.00001000 1.00000000
vt 0.00000000 0.99998999
vt -0.00000000 0.99998999
vt -0.00000000 1.00000000
vt 0.00001000 1.00000000
vt 0.00001000 1.00000000
vt 0.00000000 0.99998999
vt 0.00000000 1.00000000
vt -0.00000000 0.99998999
vt -0.00000000 1.00000000
vt 0.00001000 1.00000000
vt 0.00001000 1.00000000
vt 0.00000000 0.99998999
vt -0.00000000 1.00000000
vt -0.00000000 1.00000000
vt 0.00001000 1.00000000
vt -0.00000000 0.99998999
vt -0.00000000 0.99998999
vt -0.00000000 1.00000000
vt 0.00001000 1.00000000
vt 0.00001000 1.00000000
vt 0.00000000 0.99998999
vt 0.00000000 1.00000000
vt 0.00000000 1.00000000
vt 0.00001000 1.00000000
vt 0.00001000 1.00000000
vt -0.00000000 1.00000000
vt 0.00001000 1.00000000
vt 0.00000000 1.00000000
vt 0.00000000 0.99998999
vt 0.00000000 1.00000000
vt 0.00001000 1.00000000
vt 0.00000000 1.00000000
vt 0.00001000 1.00000000
vt 0.00000000 0.99998999
vt 0.00000000 1.00000000
vt 0.00001000 1.00000000
vt 0.00000000 0.99998999
vt 0.00000000 1.00000000
vt 0.00000000 0.99998999
vt -0.00000000 1.00000000
vt -0.00000000 0.99998999
vt -0.00000000 1.00000000
vt 0.00001000 1.00000000
vt -0.00000000 0.99998999
vt 0.00000000 1.00000000
vt 0.00001000 1.00000000
vt -0.00000000 0.99998999
vt -0.00000000 1.00000000
vt 0.00001000 1.00000000
vt -0.00000000 1.00000000
vt 0.00001000 1.00000000
vt 0.00000000 0.99998999
vt 0.00001000 1.00000000
vt -0.00000000 0.99998999
vt -0.00000000 0.99998999
vt -0.00000000 1.00000000
vt 0.00001000 1.00000000
vt -0.00000000 0.99998999
vt -0.00000000 1.00000000
vt 0.00000000 1.00000000
vt 0.00001000 1.00000000
vt 0.00000000 0.99998999
vt 0.00000000 0.99998999
vt 0.00000000 1.00000000
vt 0.00001000 1.00000000
vt 0.00001000 1.00000000
vt -0.00000000 0.99998999
vt -0.00000000 1.00000000
vt -0.00000000 0.99998999
vt -0.00000000 1.00000000
vt 0.00001000 1.00000000
vt 0.00001000 1.00000000
vt 0.00000000 1.00000000
vt 0.99584103 0.60916901
vt 0.00000000 0.99998999
vt 0.00001000 1.00000000
vt -0.00000000 0.99998999
vt 0.00000000 1.00000000
vt 0.00001000 1.00000000
vt -0.00000000 0.99998999
vt -0.00000000 1.00000000
vt 0.00001000 1.00000000
vt -0.00000000 0.99998999
vt -0.00000000 1.00000000
vt 0.00000000 1.00000000
vt -0.00000000 0.99998999
vt 0.00000000 1.00000000
vt 0.00001000 1.00000000
vt 0.00001000 1.00000000
vt 0.00000000 0.99998999
vt 0.00000000 1.00000000
vt 0.25402993 0.08268535
vt 0.21890712 0.10843587
vt 0.25415576 0.10854626
vt 0.15021381 0.08292735
vt 0.14996880 0.10878915
vt 0.18365875 0.10854626
vt 0.35390949 0.08367145
vt 0.35560751 0.10966998
vt 0.36188161 0.10988832
vt 0.08055794 0.13772297
vt 0.07340056 0.13802713
vt 0.07963526 0.15676498
vt 0.21890712 0.06315374
vt 0.18388200 0.06326354
vt 0.18389200 0.06296551
vt 0.07858142 0.08377206
vt 0.07646032 0.08377475
vt 0.07345650 0.10997421
vt 0.36847600 0.17895448
vt 0.36670148 0.18473077
vt 0.36670151 0.18502915
vt 0.28864974 0.19421351
vt 0.25456852 0.19366956
vt 0.25457853 0.19396800
vt 0.35923335 0.08377212
vt 0.36435801 0.10997421
vt 0.36135417 0.08377469
vt 0.11825401 0.19420552
vt 0.09443788 0.19448304
vt 0.11824401 0.19450402
vt 0.07112350 0.18502915
vt 0.07282300 0.19029599
vt 0.07111350 0.18473077
vt 0.25394252 0.06326354
vt 0.21890712 0.06285578
vt 0.25393251 0.06296551
vt 0.35721540 0.06575119
vt 0.35722542 0.06545323
vt 0.35982651 0.07094347
vt 0.08060937 0.06575119
vt 0.07798800 0.07064545
vt 0.08059937 0.06545323
vt 0.36194375 0.19390053
vt 0.36499199 0.18999773
vt 0.36193374 0.19360232
vt 0.35725695 0.13772297
vt 0.36578625 0.15712166
vt 0.36441422 0.13802713
vt 0.07287850 0.11029226
vt 0.06997925 0.13847065
vt 0.07013458 0.13824034
vt 0.06933900 0.17865622
vt 0.07111350 0.18502915
vt 0.07112350 0.18473077
vt 0.36847597 0.17865622
vt 0.36493552 0.11029226
vt 0.36767963 0.13824028
vt 0.36783487 0.13847059
vt 0.07414212 0.18398213
vt 0.07550788 0.18904841
vt 0.08135375 0.18881023
vt 0.08170150 0.19468975
vt 0.07588112 0.19360232
vt 0.07589112 0.19390053
vt 0.31841952 0.10907626
vt 0.31879863 0.13701588
vt 0.34222400 0.10937929
vt 0.28865975 0.19391501
vt 0.07593325 0.10988832
vt 0.08220750 0.10966998
vt 0.08535349 0.06375349
vt 0.08059937 0.06575119
vt 0.08060937 0.06545323
vt 0.36194375 0.19360232
vt 0.35611299 0.19498801
vt 0.36193374 0.19390053
vt 0.35722542 0.06575119
vt 0.35246101 0.06375349
vt 0.35721540 0.06545323
vt 0.06842050 0.15758932
vt 0.06820588 0.17044854
vt 0.06821588 0.17015040
vt 0.07202826 0.15712166
vt 0.07798800 0.07094347
vt 0.07799800 0.07064545
vt 0.07288850 0.11059046
vt 0.36493552 0.11059046
vt 0.36494553 0.11029226
vt 0.35982651 0.07064545
vt 0.35983652 0.07094347
vt 0.06843050 0.15788746
vt 0.08171150 0.19468975
vt 0.07588112 0.19390053
vt 0.08170150 0.19498801
vt 0.36721393 0.13814598
vt 0.36875075 0.15726072
vt 0.36939400 0.15758920
vt 0.36960900 0.17015040
vt 0.36960903 0.17044854
vt 0.36939400 0.15788746
vt 0.36940402 0.15758920
vt 0.15041350 0.06350505
vt 0.12001800 0.06349248
vt 0.15040350 0.06320697
vt 0.18378456 0.08268535
vt 0.35611299 0.19468975
vt 0.35612300 0.19498801
vt 0.36028469 0.19168085
vt 0.35597080 0.19239247
vt 0.36159837 0.19285977
vt 0.07752956 0.19168085
vt 0.07621606 0.19285977
vt 0.08188450 0.19390845
vt 0.07589112 0.19360232
vt 0.07282300 0.18999773
vt 0.35246101 0.06405151
vt 0.35247102 0.06375349
vt 0.08536349 0.06405151
vt 0.07180177 0.16964084
vt 0.07270657 0.17805368
vt 0.07985801 0.17774826
vt 0.06820588 0.17015040
vt 0.06933900 0.17895448
vt 0.06934900 0.17865622
vt 0.14916500 0.19421351
vt 0.11824401 0.19420552
vt 0.11825401 0.19450402
vt 0.28864494 0.19312650
vt 0.25456789 0.19332314
vt 0.28864858 0.19356859
vt 0.21890713 0.13637286
vt 0.35712773 0.06533468
vt 0.35241443 0.06365728
vt 0.35227475 0.06396478
vt 0.25393528 0.06321526
vt 0.25393319 0.06287897
vt 0.21890713 0.06310564
vt 0.07799800 0.07094347
vt 0.07594062 0.08402646
vt 0.07302301 0.11006361
vt 0.36187351 0.08402646
vt 0.36188352 0.08432448
vt 0.36479115 0.11006361
vt 0.36944997 0.16991317
vt 0.36788523 0.17823648
vt 0.36832830 0.17840219
vt 0.36499199 0.19029599
vt 0.36500201 0.18999773
vt 0.36618000 0.18421125
vt 0.36657110 0.18445170
vt 0.36454976 0.18935645
vt 0.36488146 0.18968832
vt 0.07283300 0.19029599
vt 0.21890713 0.06276917
vt 0.21891713 0.06310564
vt 0.18387926 0.06321526
vt 0.15040217 0.06312037
vt 0.15039819 0.06345665
vt 0.09448950 0.19369638
vt 0.09445079 0.19413716
vt 0.11824563 0.19385916
vt 0.08174725 0.19434530
vt 0.12001613 0.06340593
vt 0.12001050 0.06374228
vt 0.08553950 0.06396478
vt 0.08540000 0.06365728
vt 0.08068699 0.06533468
vt 0.31779653 0.06379050
vt 0.28741127 0.06350505
vt 0.28742129 0.06320703
vt 0.35983652 0.07064545
vt 0.36187351 0.08432448
vt 0.07594062 0.08432448
vt 0.07595062 0.08402646
vt 0.06821588 0.17044854
vt 0.18324825 0.19288099
vt 0.14916945 0.19312650
vt 0.18324655 0.19332314
vt 0.21890706 0.19276953
vt 0.21890712 0.19321162
vt 0.25456601 0.19288099
vt 0.07060056 0.13814598
vt 0.06906375 0.15726072
vt 0.34148657 0.08348215
vt 0.34084195 0.06395173
vt 0.31779841 0.06340599
vt 0.31780401 0.06374228
vt 0.31956375 0.19341701
vt 0.34336343 0.19413716
vt 0.34332460 0.19369638
vt 0.36184990 0.19326758
vt 0.35592973 0.19390851
vt 0.35606718 0.19434530
vt 0.06858131 0.15735805
vt 0.06836478 0.16991317
vt 0.06884150 0.16979778
vt 0.06992925 0.17823648
vt 0.31780654 0.06379050
vt 0.28741127 0.06320703
vt 0.31779653 0.06349254
vt 0.28741258 0.06312037
vt 0.07326475 0.18935651
vt 0.07293344 0.18968832
vt 0.07163450 0.18421125
vt 0.07124375 0.18445170
vt 0.35719144 0.18373716
vt 0.36230630 0.18904841
vt 0.36367211 0.18398213
vt 0.06948656 0.17840219
vt 0.21890713 0.19355804
vt 0.18324600 0.19366956
vt 0.18325600 0.19396800
vt 0.36897302 0.16979778
vt 0.36923319 0.15735793
vt 0.35686463 0.06557512
vt 0.35937375 0.07057673
vt 0.07607055 0.08381450
vt 0.07595062 0.08432448
vt 0.36188352 0.08402646
vt 0.36174372 0.08381450
vt 0.36940402 0.15788746
vt 0.06842050 0.15788746
vt 0.06843050 0.15758932
vt 0.07844075 0.07057679
vt 0.08094981 0.06557512
vt 0.11858882 0.16850287
vt 0.09417278 0.16885281
vt 0.11847250 0.17706925
vt 0.11825050 0.19341701
vt 0.07810119 0.07047927
vt 0.35971332 0.07047927
vt 0.21891713 0.06276917
vt 0.18388131 0.06287897
vt 0.21891712 0.06315374
vt 0.18388200 0.06296551
vt 0.36500201 0.19029599
vt 0.15040350 0.06350505
vt 0.12001800 0.06379050
vt 0.12002800 0.06349248
vt 0.11939549 0.10907626
vt 0.09559099 0.10937929
vt 0.09484056 0.13734782
vt 0.09697226 0.06395173
vt 0.21890713 0.19385654
vt 0.21891713 0.19355804
vt 0.18324600 0.19396800
vt 0.31956881 0.19385916
vt 0.34337637 0.19448304
vt 0.31957048 0.19420552
vt 0.34337634 0.19478148
vt 0.28760105 0.08292729
vt 0.28784609 0.10878915
vt 0.36494553 0.11059046
vt 0.07287850 0.11059046
vt 0.07288850 0.11029226
vt 0.36601248 0.16964084
vt 0.07596486 0.19326758
vt 0.31958050 0.19450402
vt 0.28741658 0.06345665
vt 0.14916500 0.19391501
vt 0.14917500 0.19421351
vt 0.36783490 0.13876897
vt 0.06997925 0.13876897
vt 0.06998925 0.13847065
vt 0.06998925 0.13876897
vt 0.07283300 0.18999773
vt 0.25393251 0.06326354
vt 0.21891712 0.06285578
vt 0.28864974 0.19391501
vt 0.06934900 0.17895448
vt 0.09693237 0.06371146
vt 0.08535349 0.06405151
vt 0.08536349 0.06375349
vt 0.09694235 0.06362259
vt 0.34088188 0.06371152
vt 0.34087193 0.06362259
vt 0.35247102 0.06405151
vt 0.09444788 0.19448304
vt 0.09443788 0.19478148
vt 0.34088188 0.06400955
vt 0.34089190 0.06371152
vt 0.25456852 0.19396800
vt 0.25457853 0.19366956
vt 0.09694237 0.06400955
vt 0.28811079 0.13672763
vt 0.14916612 0.19356859
vt 0.21891713 0.19385654
vt 0.14932431 0.17677939
vt 0.31806850 0.08321345
vt 0.08171150 0.19498801
vt 0.36510760 0.17805368
vt 0.08062294 0.18373716
vt 0.18389200 0.06326354
vt 0.28742129 0.06350505
vt 0.18325600 0.19366956
vt 0.15041350 0.06320697
vt 0.35612300 0.19468975
vt 0.25394252 0.06296551
vt 0.31957048 0.19450402
vt 0.31958050 0.19420552
vt 0.14917500 0.19391501
vt 0.28865975 0.19421351
vt 0.09438025 0.15633804
vt 0.09444788 0.19478148
vt 0.31780654 0.06349254
vt 0.09693237 0.06400955
vt 0.09694237 0.06371146
vt 0.12002800 0.06379050
vt 0.35795623 0.17774826
vt 0.34363353 0.17739516
vt 0.34364152 0.16885281
vt 0.31922573 0.16850293
vt 0.09418088 0.17739511
vt 0.09429833 0.18346924
vt 0.11838962 0.18317163
vt 0.07941132 0.16927904
vt 0.34089190 0.06400955
vt 0.28854784 0.18288153
vt 0.31949425 0.18829429
vt 0.31942481 0.18317163
vt 0.34339541 0.18857962
vt 0.28859633 0.18800396
vt 0.28863037 0.19160092
vt 0.31954300 0.19189131
vt 0.25455850 0.19135541
vt 0.14926633 0.18288153
vt 0.14921775 0.18800396
vt 0.18329793 0.18263614
vt 0.11901630 0.13701588
vt 0.21890701 0.18252474
vt 0.18327299 0.18775851
vt 0.25451612 0.18263614
vt 0.21890700 0.18764699
vt 0.25454101 0.18775851
vt 0.08497300 0.07079273
vt 0.08390538 0.08367145
vt 0.09674931 0.07070577
vt 0.34331644 0.19217306
vt 0.34297433 0.13734782
vt 0.35817924 0.15676498
vt 0.08184332 0.19239247
vt 0.09449767 0.19217300
vt 0.34343430 0.15633804
vt 0.11832000 0.18829429
vt 0.11991926 0.07047153
vt 0.09632833 0.08348215
vt 0.09441894 0.18857962
vt 0.11827113 0.19189131
vt 0.21890706 0.17642283
vt 0.31934199 0.17706931
vt 0.28840902 0.16821331
vt 0.34106526 0.07070577
vt 0.35284153 0.07079273
vt 0.31789550 0.07047153
vt 0.21890713 0.06506181
vt 0.21891713 0.06506181
vt 0.28829050 0.15569919
vt 0.31905600 0.15598822
vt 0.25438398 0.15545470
vt 0.18325555 0.19135541
vt 0.21890703 0.19124383
vt 0.18352282 0.13648379
vt 0.14970410 0.13672763
vt 0.18343051 0.15545475
vt 0.21890712 0.15534365
vt 0.25429168 0.13648373
vt 0.14952432 0.15569925
vt 0.11875875 0.15598822
vt 0.34087777 0.06590945
vt 0.35232332 0.06592637
vt 0.35581324 0.06707263
vt 0.34351626 0.18346930
vt 0.09693644 0.06590939
vt 0.11974643 0.08321345
vt 0.15033445 0.07018566
vt 0.28748038 0.07018566
vt 0.18386969 0.06517136
vt 0.25448650 0.17653424
vt 0.28849012 0.17677939
vt 0.21891712 0.06983459
vt 0.21890712 0.08257550
vt 0.21890712 0.06983459
vt 0.21891712 0.08257550
vt 0.25396800 0.06994426
vt 0.25394481 0.06517136
vt 0.35840288 0.16927904
vt 0.14918372 0.19160092
vt 0.18336958 0.16796851
vt 0.14940564 0.16821331
vt 0.35646048 0.18881023
vt 0.08030018 0.07074541
vt 0.08549087 0.06592637
vt 0.08200114 0.06707263
vt 0.11998394 0.06569850
vt 0.31783062 0.06569850
vt 0.35751432 0.07074535
vt 0.25444487 0.16796851
vt 0.18384650 0.06994426
vt 0.21890712 0.16785723
vt 0.18332775 0.17653424
vt 0.21891712 0.16785723
vt 0.21891712 0.15534365
vt 0.15037960 0.06541282
vt 0.28743520 0.06541282
vt 0.21891712 0.10843587
vt 0.69657552 0.80014253
vt 0.70078284 0.82339722
vt 0.72695255 0.82270807
vt 0.69103914 0.76953614
vt 0.66640598 0.77327043
vt 0.67383802 0.80219573
vt 0.65154147 0.71541953
vt 0.62949574 0.72527587
vt 0.63811761 0.75181919
vt 0.85458088 0.80238020
vt 0.84806532 0.82225585
vt 0.86281323 0.82280922
vt 0.61261350 0.73805201
vt 0.60915077 0.77237022
vt 0.62173676 0.76147777
vt 0.75646478 0.70232165
vt 0.71598351 0.70382601
vt 0.75623834 0.73420435
vt 0.79827952 0.70420253
vt 0.82866728 0.73879886
vt 0.83525515 0.70871764
vt 0.60711277 0.80006236
vt 0.59953421 0.80617303
vt 0.61480850 0.81615925
vt 0.90351921 0.79603487
vt 0.89602298 0.81197548
vt 0.90566248 0.81464028
vt 0.67996573 0.70832288
vt 0.65897375 0.74434501
vt 0.86121899 0.71511602
vt 0.85322773 0.74352205
vt 0.88028443 0.72402376
vt 0.68550253 0.73892957
vt 0.79458225 0.73550725
vt 0.59237748 0.76682049
vt 0.58785623 0.77804375
vt 0.59356964 0.79228652
vt 0.91074377 0.77973700
vt 0.91177881 0.80151689
vt 0.91737723 0.78779018
vt 0.59967947 0.78354621
vt 0.90932584 0.74967086
vt 0.90063322 0.76937377
vt 0.86023951 0.82942176
vt 0.84524947 0.83081567
vt 0.85978800 0.83055854
vt 0.59514713 0.80940986
vt 0.60050601 0.82113004
vt 0.60204148 0.82069778
vt 0.90075654 0.82453752
vt 0.60486639 0.82986224
vt 0.60671926 0.82966185
vt 0.89017308 0.82407641
vt 0.89878917 0.82858610
vt 0.58616352 0.78264850
vt 0.58588499 0.78394401
vt 0.59037054 0.79687953
vt 0.59106803 0.79587173
vt 0.92001122 0.79109776
vt 0.91598213 0.80436438
vt 0.92064548 0.79203248
vt 0.92461050 0.77810049
vt 0.92500901 0.77935803
vt 0.75561291 0.82218522
vt 0.72776699 0.83152300
vt 0.75554931 0.83106828
vt 0.91511202 0.80375230
vt 0.61791229 0.79231715
vt 0.87392521 0.82917070
vt 0.87342489 0.83028877
vt 0.89192444 0.78902292
vt 0.63600802 0.83302456
vt 0.62366599 0.83427250
vt 0.63650626 0.83414435
vt 0.66433799 0.83259630
vt 0.64944249 0.83283675
vt 0.64989299 0.83397502
vt 0.88738352 0.82997251
vt 0.67948914 0.82418531
vt 0.81048512 0.82181907
vt 0.78437853 0.82189614
vt 0.80864024 0.83023250
vt 0.87171197 0.75014502
vt 0.86314297 0.77626443
vt 0.88756824 0.75913596
vt 0.87858564 0.78219771
vt 0.62315071 0.83315951
vt 0.81549180 0.79896075
vt 0.79088497 0.76681185
vt 0.75578523 0.79796934
vt 0.78718776 0.79811627
vt 0.88788730 0.82885504
vt 0.89829099 0.82971025
vt 0.78334522 0.83062726
vt 0.71890128 0.73544723
vt 0.87648988 0.82346016
vt 0.84563583 0.82965487
vt 0.90961301 0.81572151
vt 0.91071904 0.81601101
vt 0.90513384 0.82472318
vt 0.90640795 0.82477111
vt 0.68157846 0.83230352
vt 0.68188703 0.83348596
vt 0.72788048 0.83273602
vt 0.90329432 0.82847524
vt 0.90277451 0.82960248
vt 0.90404600 0.82957202
vt 0.63992602 0.80830103
vt 0.64683813 0.82613373
vt 0.66189855 0.82509118
vt 0.62670362 0.81214154
vt 0.63343287 0.82724392
vt 0.62080753 0.82835293
vt 0.59626365 0.80868989
vt 0.60600102 0.81934702
vt 0.84523654 0.77192795
vt 0.82207936 0.76887989
vt 0.60861474 0.83334851
vt 0.60713899 0.83441299
vt 0.60911900 0.83439648
vt 0.61374575 0.83435726
vt 0.60664749 0.83342898
vt 0.70255238 0.83314902
vt 0.72473621 0.79868925
vt 0.70233208 0.83194888
vt 0.90460098 0.82844353
vt 0.80837649 0.83142352
vt 0.75554013 0.83228499
vt 0.63084567 0.78489643
vt 0.91783249 0.76326048
vt 0.83116829 0.82193238
vt 0.82891995 0.82991672
vt 0.66472149 0.83375776
vt 0.61116785 0.82923436
vt 0.86963129 0.80524498
vt 0.88318312 0.80856466
vt 0.82858598 0.83109403
vt 0.65534705 0.80489868
vt 0.64673591 0.77836072
vt 0.60040420 0.75236213
vt 0.61323237 0.83326101
vt 0.75601190 0.76608700
vt 0.72181886 0.76706839
vt 0.89656496 0.73606700
vt 0.83724523 0.80033374
vt 0.92271674 0.77376175
vt 0.78320003 0.83183402
f 1/1 2/2 3/3
f 4/4 5/5 6/6
f 7/7 8/8 9/9
f 10/10 11/11 12/12
f 13/13 14/14 15/15
f 16/16 17/17 18/18
f 19/19 20/20 21/21
f 22/22 23/23 24/24
f 25/25 26/26 27/27
f 28/28 29/29 30/30
f 31/31 32/32 33/33
f 34/34 35/35 36/36
f 37/37 38/38 39/39
f 40/40 41/41 42/42
f 43/43 44/44 45/45
f 46/46 47/47 48/48
f 49/49 50/50 51/51
f 52/52 53/53 54/54
f 55/55 56/56 57/57
f 58/58 59/59 60/60
f 61/61 62/62 63/63
f 64/64 65/65 66/66
f 67/67 68/68 69/69
f 70/70 71/71 72/72
f 73/73 74/74 75/75
f 76/76 77/77 78/78
f 79/79 80/80 81/81
f 82/82 83/83 84/84
f 85/85 86/86 87/87
f 88/88 89/89 90/90
f 91/91 92/92 93/93
f 94/94 95/95 96/96
f 97/97 98/98 99/99
f 100/100 101/101 102/102
f 103/103 104/104 105/105
f 106/106 107/107 108/108
f 109/109 110/110 111/111
f 112/112 113/113 114/114
f 115/115 116/116 117/117
f 118/118 119/119 120/120
f 121/121 122/122 123/123
f 124/124 125/125 126/126
f 127/127 128/128 129/129
f 130/130 131/131 132/132
f 133/133 134/134 135/135
f 136/136 137/137 138/138
f 139/139 140/140 141/141
f 142/142 143/143 144/144
f 145/145 146/146 147/147
f 148/148 149/149 150/150
f 151/151 152/152 153/153
f 154/154 155/155 156/156
f 157/157 158/158 159/159
f 160/160 161/161 162/162
f 163/163 164/164 165/165
f 166/166 167/167 168/168
f 169/169 170/170 171/171
f 172/172 173/173 174/174
f 175/175 176/176 177/177
f 178/178 179/179 180/180
f 181/181 182/182 183/183
f 184/184 185/185 186/186
f 187/187 188/188 189/189
f 190/190 191/191 192/192
f 193/193 194/194 195/195
f 196/196 197/197 198/198
f 199/199 200/200 201/201
f 202/202 203/203 204/204
f 205/205 206/206 207/207
f 208/208 209/209 210/210
f 211/211 212/212 213/213
f 214/214 215/215 216/216
f 217/217 218/218 219/219
f 220/220 221/221 222/222
f 223/223 224/224 225/225
f 226/226 227/227 228/228
f 229/229 230/230 231/231
f 232/232 233/233 234/234
f 235/235 236/236 237/237
f 238/238 239/239 240/240
f 241/241 242/242 243/243
f 244/244 245/245 246/246
f 247/247 248/248 249/249
f 250/250 251/251 252/252
f 253/253 254/254 255/255
f 256/256 257/257 258/258
f 259/259 260/260 261/261
f 262/262 263/263 264/264
f 265/265 266/266 267/267
f 268/268 269/269 270/270
f 271/271 272/272 273/273
f 274/274 275/275 276/276
f 277/277 278/278 279/279
f 280/280 281/281 282/282
f 283/283 284/284 285/285
f 286/286 287/287 288/288
f 289/289 290/290 291/291
f 292/292 293/293 294/294
f 295/295 296/296 297/297
f 298/298 299/299 300/300
f 301/301 302/302 303/303
f 304/304 305/305 306/306
f 307/307 308/308 309/309
f 310/310 311/311 312/312
f 313/313 314/314 315/315
f 316/316 317/317 318/318
f 319/319 320/320 321/321
f 322/322 323/323 324/324
f 325/325 326/326 327/327
f 328/328 329/329 330/330
f 331/331 332/332 333/333
f 334/334 335/335 336/336
f 337/337 338/338 339/339
f 340/340 341/341 342/342
f 343/343 344/344 345/345
f 346/346 347/347 348/348
f 349/349 350/350 351/351
f 352/352 353/353 354/354
f 355/355 356/356 357/357
f 358/358 359/359 360/360
f 361/361 362/362 363/363
f 364/364 365/365 366/366
f 367/367 368/368 369/369
f 370/370 371/371 372/372
f 373/373 374/374 375/375
f 376/376 377/377 378/378
f 379/379 380/380 381/381
f 382/382 383/383 384/384
f 385/385 386/386 387/387
f 388/388 389/389 390/390
f 391/391 392/392 393/393
f 394/394 395/395 396/396
f 397/397 398/398 399/399
f 400/400 401/401 402/402
f 403/403 404/404 405/405
f 406/406 407/407 408/408
f 409/409 410/410 411/411
f 412/412 413/413 414/414
f 415/415 416/416 417/417
f 418/418 419/419 420/420
f 421/421 422/422 423/423
f 424/424 425/425 426/426
f 412/412 427/427 428/428
f 429/429 430/430 431/431
f 432/432 433/433 434/434
f 435/435 436/436 437/437
f 438/438 439/439 440/440
f 441/441 442/442 443/443
f 444/444 445/445 446/446
f 447/447 448/448 449/449
f 450/450 451/451 452/452
f 453/453 454/454 455/455
f 456/456 457/457 458/458
f 459/459 460/460 461/461
f 462/462 463/463 464/464
f 465/465 466/466 467/467
f 468/468 469/469 470/470
f 471/471 472/472 473/473
f 474/474 475/475 476/476
f 477/477 478/478 479/479
f 480/480 481/481 482/482
f 483/483 484/484 485/485
f 486/486 487/487 488/488
f 489/489 490/490 491/491
f 492/492 493/493 494/494
f 495/495 496/496 497/497
f 498/498 499/499 500/500
f 501/501 502/502 377/377
f 503/503 504/504 505/505
f 506/506 507/507 508/508
f 509/509 510/510 511/511
f 512/512 513/513 514/514
f 515/515 516/516 517/517
f 518/518 519/519 520/520
f 521/521 522/522 523/523
f 524/524 525/525 526/526
f 527/527 528/528 529/529
f 530/530 531/531 532/532
f 533/533 534/534 535/535
f 536/536 537/537 538/538
f 539/539 540/540 541/541
f 542/542 543/543 544/544
f 545/545 27/27 546/546
f 547/547 548/548 549/549
f 550/550 551/551 552/552
f 553/553 554/554 555/555
f 556/556 557/557 558/558
f 559/559 560/560 561/561
f 562/562 563/563 564/564
f 565/565 566/566 567/567
f 12/12 568/568 569/569
f 570/570 571/571 572/572
f 573/573 574/574 575/575
f 576/576 577/577 578/578
f 579/579 580/580 581/581
f 582/582 583/583 584/584
f 585/585 586/586 587/587
f 588/588 589/589 590/590
f 591/591 592/592 593/593
f 594/594 595/595 596/596
f 597/597 598/598 599/599
f 600/600 601/601 602/602
f 603/603 604/604 605/605
f 606/606 607/607 608/608
f 609/609 610/610 611/611
f 612/612 613/613 614/614
f 615/615 616/616 617/617
f 618/618 619/619 620/620
f 621/621 622/622 623/623
f 624/624 625/625 626/626
f 627/627 628/628 629/629
f 630/630 631/631 632/632
f 633/633 634/634 635/635
f 636/636 637/637 638/638
f 639/639 90/90 640/640
f 641/641 642/642 643/643
f 644/644 645/645 646/646
f 647/647 648/648 649/649
f 650/650 651/651 652/652
f 653/653 654/654 655/655
f 656/656 657/657 658/658
f 659/659 660/660 661/661
f 662/662 663/663 664/664
f 665/665 666/666 667/667
f 668/668 669/669 670/670
f 671/671 672/672 673/673
f 674/674 675/675 676/676
f 677/677 678/678 679/679
f 680/680 681/681 682/682
f 683/683 684/684 685/685
f 686/686 239/239 687/687
f 688/688 689/689 690/690
f 556/556 691/691 692/692
f 693/693 694/694 695/695
f 696/696 697/697 698/698
f 699/699 700/700 701/701
f 702/702 703/703 704/704
f 705/705 706/706 707/707
f 708/708 709/709 135/135
f 710/710 711/711 712/712
f 713/713 714/714 715/715
f 716/716 717/717 718/718
f 719/719 720/720 721/721
f 722/722 723/723 724/724
f 725/725 726/726 727/727
f 728/728 729/729 730/730
f 731/731 732/732 733/733
f 734/734 735/735 736/736
f 737/737 738/738 739/739
f 740/740 741/741 742/742
f 743/743 744/744 745/745
f 746/746 747/747 748/748
f 749/749 750/750 751/751
f 752/752 753/753 754/754
f 755/755 756/756 757/757
f 758/758 759/759 355/355
f 760/760 761/761 762/762
f 763/763 764/764 765/765
f 766/766 767/767 768/768
f 769/769 694/694 770/770
f 771/771 772/772 773/773
f 774/774 775/775 776/776
f 777/777 414/414 778/778
f 779/779 780/780 781/781
f 782/782 783/783 784/784
f 785/785 165/165 786/786
f 787/787 788/788 789/789
f 790/790 791/791 792/792
f 793/793 794/794 795/795
f 796/796 641/641 517/517
f 797/797 798/798 799/799
f 484/484 251/251 800/800
f 801/801 802/802 803/803
f 804/804 805/805 806/806
f 807/807 808/808 809/809
f 810/810 811/811 448/448
f 812/812 813/813 814/814
f 815/815 816/816 817/817
f 818/818 819/819 425/425
f 820/820 821/821 822/822
f 510/510 823/823 2/2
f 824/824 825/825 826/826
f 827/827 828/828 829/829
f 830/830 831/831 832/832
f 833/833 751/751 834/834
f 835/835 836/836 837/837
f 838/838 839/839 840/840
f 841/841 842/842 843/843
f 844/844 845/845 846/846
f 847/847 579/579 848/848
f 849/849 850/850 626/626
f 851/851 852/852 853/853
f 574/574 854/854 855/855
f 856/856 857/857 858/858
f 859/859 860/860 861/861
f 387/387 862/862 863/863
f 864/864 865/865 866/866
f 867/867 868/868 869/869
f 870/870 871/871 872/872
f 873/873 874/874 875/875
f 876/876 877/877 878/878
f 879/879 880/880 377/377
f 881/881 882/882 883/883
f 884/884 885/885 886/886
f 887/887 888/888 889/889
f 890/890 891/891 892/892
f 893/893 894/894 895/895
f 896/896 897/897 898/898
f 899/899 900/900 901/901
f 902/902 903/903 904/904
f 905/905 906/906 907/907
f 908/908 909/909 910/910
f 911/911 590/590 912/912
f 818/818 913/913 914/914
f 915/915 916/916 917/917
f 918/918 919/919 920/920
f 921/921 553/553 922/922
f 923/923 924/924 925/925
f 926/926 927/927 928/928
f 929/929 930/930 931/931
f 932/932 933/933 934/934
f 935/935 936/936 937/937
f 664/664 938/938 939/939
f 940/940 664/664 585/585
f 620/620 941/941 942/942
f 943/943 941/941 926/926
f 69/69 944/944 945/945
f 946/946 947/947 948/948
f 949/949 950/950 634/634
f 951/951 952/952 630/630
f 953/953 954/954 526/526
f 955/955 956/956 957/957
f 958/958 959/959 960/960
f 961/961 962/962 963/963
f 964/964 606/606 965/965
f 966/966 967/967 345/345
f 968/968 969/969 970/970
f 971/971 972/972 973/973
f 974/974 975/975 976/976
f 977/977 978/978 979/979
f 980/980 981/981 982/982
f 236/236 983/983 984/984
f 985/985 986/986 987/987
f 988/988 989/989 990/990
f 991/991 992/992 599/599
f 993/993 994/994 995/995
f 996/996 997/997 387/387
f 998/998 999/999 1000/1000
f 1001/1001 692/692 1002/1002
f 1003/1003 1004/1004 1005/1005
f 1006/1006 1007/1007 1008/1008
f 1009/1009 1010/1010 1011/1011
f 1012/1012 24/24 1013/1013
f 1014/1014 1015/1015 1016/1016
f 1017/1017 1018/1018 178/178
f 532/532 1019/1019 1020/1020
f 1021/1021 1022/1022 1023/1023
f 1024/1024 1025/1025 1026/1026
f 1027/1027 1028/1028 1029/1029
f 1030/1030 1031/1031 1032/1032
f 1033/1033 1034/1034 1035/1035
f 1036/1036 1037/1037 574/574
f 1038/1038 1039/1039 1040/1040
f 1041/1041 1042/1042 1043/1043
f 1044/1044 1045/1045 1046/1046
f 1047/1047 1048/1048 1049/1049
f 1050/1050 1051/1051 1052/1052
f 1053/1053 1054/1054 1055/1055
f 1056/1056 1057/1057 1058/1058
f 1059/1059 1060/1060 1061/1061
f 1062/1062 1063/1063 1064/1064
f 1065/1065 1066/1066 1067/1067
f 1068/1068 400/400 1069/1069
f 1070/1070 1071/1071 1072/1072
f 1073/1073 1074/1074 1075/1075
f 1076/1076 1077/1077 1078/1078
f 1079/1079 1080/1080 1081/1081
f 1082/1082 486/486 1083/1083
f 1084/1084 1085/1085 1086/1086
f 1087/1087 1088/1088 1089/1089
f 1090/1090 1091/1091 1092/1092
f 1093/1093 1094/1094 1095/1095
f 1096/1096 1097/1097 1098/1098
f 1099/1099 192/192 1100/1100
f 1101/1101 1102/1102 1103/1103
f 1104/1104 1105/1105 1106/1106
f 1107/1107 1026/1026 513/513
f 1108/1108 1109/1109 1110/1110
f 1111/1111 1112/1112 1113/1113
f 1114/1114 1115/1115 1116/1116
f 1117/1117 1118/1118 1119/1119
f 1120/1120 1121/1121 1122/1122
f 1123/1123 1124/1124 1125/1125
f 1126/1126 1127/1127 1128/1128
f 1129/1129 1029/1029 1130/1130
f 1131/1131 1132/1132 1133/1133
f 1134/1134 1135/1135 604/604
f 608/608 1136/1136 1137/1137
f 1138/1138 1139/1139 1140/1140
f 1141/1141 1139/1139 1142/1142
f 1143/1143 1144/1144 1145/1145
f 132/132 1146/1146 525/525
f 1147/1147 1148/1148 1149/1149
f 1150/1150 1151/1151 1152/1152
f 1153/1153 1049/1049 1154/1154
f 1155/1155 1156/1156 1157/1157
f 1158/1158 1159/1159 1160/1160
f 1161/1161 1162/1162 1163/1163
f 1164/1164 984/984 1165/1165
f 1166/1166 1167/1167 1168/1168
f 1169/1169 1170/1170 1171/1171
f 1172/1172 1173/1173 1174/1174
f 1175/1175 1176/1176 1177/1177
f 1178/1178 1179/1179 1180/1180
f 1181/1181 1182/1182 1183/1183
f 1184/1184 1185/1185 1186/1186
f 1187/1187 1188/1188 1189/1189
f 1190/1190 1191/1191 1192/1192
f 1193/1193 553/553 1194/1194
f 1195/1195 1196/1196 1197/1197
f 1198/1198 1199/1199 1200/1200
f 1201/1201 1202/1202 813/813
f 1203/1203 1204/1204 909/909
f 1205/1205 1206/1206 1207/1207
f 1208/1208 1209/1209 1210/1210
f 1211/1211 1212/1212 1213/1213
f 1214/1214 1215/1215 1216/1216
f 1217/1217 1218/1218 1219/1219
f 1220/1220 1221/1221 1222/1222
f 1223/1223 553/553 1224/1224
f 1225/1225 1226/1226 1227/1227
f 1228/1228 1227/1227 1229/1229
f 1230/1230 1231/1231 1232/1232
f 1233/1233 1234/1234 1063/1063
f 1235/1235 1236/1236 1237/1237
f 1238/1238 1239/1239 1109/1109
f 1240/1240 1241/1241 1242/1242
f 1243/1243 1244/1244 1242/1242
f 1210/1210 1245/1245 1246/1246
f 931/931 1247/1247 1246/1246
f 1248/1248 1249/1249 1250/1250
f 1251/1251 1252/1252 1253/1253
f 1254/1254 1255/1255 1256/1256
f 1257/1257 1258/1258 1259/1259
f 1260/1260 1261/1261 1262/1262
f 1262/1262 1261/1261 1263/1263
f 1264/1264 1265/1265 1266/1266
f 1267/1267 1268/1268 1269/1269
f 1270/1270 1271/1271 1272/1272
f 1273/1273 1274/1274 1249/1249
f 1275/1275 1276/1276 1277/1277
f 1278/1278 1279/1279 1280/1280
f 1281/1281 1282/1282 1283/1283
f 1284/1284 1285/1285 1286/1286
f 1287/1287 1288/1288 1289/1289
f 1290/1290 1291/1291 1292/1292
f 1263/1263 1293/1293 1294/1294
f 1262/1262 1263/1263 1294/1294
f 1295/1295 1260/1260 1296/1296
f 1297/1297 1260/1260 1262/1262
f 1298/1298 1299/1299 1300/1300
f 1301/1301 1302/1302 1303/1303
f 1304/1304 1305/1305 1306/1306
f 1307/1307 1308/1308 1309/1309
f 1310/1310 1311/1311 1312/1312
f 1313/1313 1314/1314 1315/1315
f 1316/1316 1317/1317 1318/1318
f 687/687 1319/1319 1320/1320
f 1321/1321 1322/1322 1323/1323
f 1324/1324 1325/1325 1326/1326
f 1327/1327 1328/1328 1329/1329
f 1330/1330 1331/1331 1332/1332
f 1333/1333 1334/1334 1335/1335
f 1336/1336 1337/1337 1338/1338
f 1339/1339 1340/1340 1341/1341
f 1342/1342 1343/1343 1344/1344
f 1345/1345 1346/1346 1347/1347
f 1348/1348 1349/1349 1350/1350
f 1351/1351 1352/1352 1353/1353
f 1354/1354 1355/1355 1356/1356
f 1357/1357 1358/1358 1359/1359
f 1360/1360 1361/1361 1362/1362
f 1363/1363 1364/1364 1365/1365
f 1366/1366 1367/1367 1368/1368
f 1369/1369 1370/1370 1371/1371
f 1372/1372 1373/1373 1374/1374
f 1375/1375 1376/1376 1377/1377
f 1378/1378 1379/1379 1380/1380
f 1381/1381 1382/1382 1383/1383
f 1384/1384 1385/1385 1386/1386
f 1387/1387 1388/1388 1389/1389
f 1390/1390 1391/1391 1392/1392
f 1393/1393 1394/1394 1395/1395
f 1396/1396 1397/1397 1398/1398
f 1399/1399 1400/1400 1401/1401
f 1400/1400 1402/1402 1401/1401
f 1403/1403 1404/1404 1184/1184
f 1405/1405 1406/1406 1007/1007
f 1293/1293 1407/1407 1408/1408
f 1263/1263 1407/1407 1293/1293
f 1409/1409 1410/1410 1411/1411
f 1412/1412 1413/1413 978/978
f 1414/1414 705/705 1415/1415
f 1416/1416 1417/1417 1418/1418
f 1419/1419 1420/1420 1421/1421
f 1422/1422 1423/1423 1424/1424
f 1425/1425 1426/1426 1427/1427
f 1428/1428 1330/1330 1332/1332
f 1429/1429 1430/1430 1431/1431
f 1432/1432 1433/1433 1434/1434
f 1435/1435 1433/1433 1436/1436
f 1437/1437 1438/1438 1439/1439
f 1440/1440 1441/1441 1442/1442
f 1443/1443 1444/1444 1445/1445
f 1446/1446 1444/1444 1443/1443
f 1447/1447 1448/1448 1449/1449
f 1450/1450 1451/1451 1452/1452
f 1332/1332 1331/1331 1453/1453
f 1331/1331 1454/1454 1453/1453
f 1455/1455 1456/1456 1457/1457
f 1458/1458 1459/1459 1460/1460
f 1461/1461 1462/1462 1463/1463
f 1464/1464 1465/1465 1466/1466
f 1467/1467 1468/1468 1469/1469
f 1470/1470 1471/1471 1472/1472
f 1473/1473 1474/1474 1288/1288
f 1475/1475 676/676 1476/1476
f 1477/1477 1478/1478 1479/1479
f 1293/1293 1408/1408 1480/1480
f 1481/1481 1482/1482 1483/1483
f 1484/1484 1485/1485 1486/1486
f 1487/1487 1488/1488 1489/1489
f 1490/1490 1491/1491 1282/1282
f 1492/1492 1493/1493 1494/1494
f 1495/1495 1496/1496 1497/1497
f 1498/1498 1499/1499 1500/1500
f 1501/1501 1502/1502 1503/1503
f 1504/1504 1505/1505 1506/1506
f 1507/1507 1508/1508 1509/1509
f 1510/1510 1511/1511 1512/1512
f 1513/1513 1514/1514 1515/1515
f 1516/1516 1517/1517 772/772
f 1518/1518 1341/1341 1199/1199
f 1428/1428 1332/1332 1519/1519
f 1520/1520 1521/1521 1522/1522
f 1523/1523 1524/1524 1525/1525
f 1526/1526 1527/1527 1528/1528
f 1529/1529 1530/1530 1531/1531
f 1532/1532 1533/1533 1534/1534
f 1535/1535 1536/1536 1537/1537
f 1538/1538 1539/1539 1540/1540
f 1541/1541 1542/1542 1543/1543
f 1544/1544 1545/1545 1546/1546
f 1547/1547 1240/1240 1548/1548
f 1549/1549 1550/1550 1551/1551
f 1552/1552 1553/1553 1554/1554
f 1401/1401 1402/1402 1555/1555
f 1402/1402 1556/1556 1555/1555
f 1295/1295 1557/1557 1260/1260
f 1558/1558 1557/1557 1295/1295
f 1559/1559 1560/1560 1561/1561
f 1562/1562 1563/1563 1564/1564
f 1565/1565 1566/1566 1567/1567
f 1568/1568 1569/1569 1570/1570
f 1571/1571 1572/1572 1573/1573
f 1574/1574 1575/1575 1576/1576
f 1577/1577 1446/1446 1578/1578
f 1578/1578 1446/1446 1443/1443
f 1579/1579 1580/1580 1581/1581
f 1582/1582 1583/1583 1584/1584
f 1585/1585 521/521 1586/1586
f 1587/1587 1588/1588 1589/1589
f 1590/1590 1591/1591 1592/1592
f 1593/1593 1594/1594 1595/1595
f 1596/1596 139/139 1597/1597
f 1598/1598 1599/1599 1600/1600
f 1601/1601 1106/1106 1602/1602
f 643/643 1603/1603 1604/1604
f 1605/1605 1606/1606 1607/1607
f 1608/1608 1609/1609 1610/1610
f 1611/1611 1612/1612 1613/1613
f 1614/1614 1355/1355 988/988
f 1615/1615 1616/1616 1617/1617
f 530/530 1618/1618 1619/1619
f 1620/1620 1621/1621 1622/1622
f 1623/1623 1624/1624 1625/1625
f 1626/1626 1627/1627 1628/1628
f 1629/1629 1556/1556 1630/1630
f 1629/1629 1555/1555 1556/1556
f 1631/1631 1632/1632 1633/1633
f 1634/1634 1635/1635 501/501
f 1636/1636 1637/1637 1638/1638
f 1639/1639 1640/1640 1641/1641
f 1642/1642 1643/1643 1644/1644
f 1645/1645 1646/1646 1647/1647
f 1648/1648 1577/1577 1578/1578
f 1649/1649 1577/1577 1648/1648
f 1650/1650 1072/1072 1651/1651
f 1652/1652 1653/1653 1654/1654
f 1655/1655 1656/1656 1657/1657
f 1658/1658 1659/1659 1660/1660
f 1661/1661 1662/1662 1663/1663
f 1664/1664 1665/1665 1666/1666
f 1667/1667 1668/1668 1669/1669
f 257/257 1002/1002 338/338
f 1670/1670 1671/1671 1672/1672
f 1673/1673 769/769 1674/1674
f 1675/1675 1676/1676 765/765
f 1677/1677 1678/1678 1679/1679
f 1680/1680 1681/1681 1009/1009
f 813/813 985/985 1682/1682
f 1683/1683 1684/1684 1685/1685
f 1686/1686 1687/1687 1688/1688
f 1689/1689 1690/1690 1691/1691
f 1692/1692 1693/1693 1209/1209
f 1694/1694 1695/1695 1696/1696
f 1697/1697 1698/1698 1699/1699
f 1700/1700 1701/1701 1702/1702
f 1703/1703 1704/1704 1705/1705
f 1706/1706 1707/1707 1708/1708
f 913/913 667/667 1709/1709
f 572/572 1710/1710 1711/1711
f 1712/1712 1713/1713 1714/1714
f 1715/1715 1716/1716 1717/1717
f 1718/1718 1719/1719 1720/1720
f 1721/1721 1722/1722 1723/1723
f 1724/1724 1725/1725 1726/1726
f 1727/1727 1728/1728 81/81
f 1262/1262 1294/1294 1454/1454
f 1296/1296 1729/1729 1454/1454
f 1730/1730 1399/1399 1731/1731
f 1732/1732 1730/1730 1731/1731
f 1733/1733 1734/1734 1735/1735
f 1736/1736 1737/1737 1738/1738
f 1739/1739 1740/1740 1741/1741
f 1742/1742 1743/1743 1744/1744
f 1745/1745 1746/1746 1747/1747
f 1748/1748 1749/1749 1750/1750
f 1751/1751 1752/1752 1753/1753
f 1754/1754 1755/1755 1756/1756
f 1757/1757 1758/1758 1759/1759
f 1760/1760 1761/1761 1762/1762
f 1763/1763 1764/1764 1765/1765
f 1766/1766 1767/1767 1768/1768
f 1769/1769 1770/1770 1771/1771
f 1772/1772 1773/1773 1774/1774
f 1775/1775 1776/1776 1777/1777
f 1778/1778 1779/1779 1780/1780
f 1781/1781 1782/1782 1783/1783
f 1784/1784 1785/1785 1786/1786
f 1787/1787 1788/1788 1789/1789
f 1790/1790 1791/1791 1792/1792
f 1793/1793 1794/1794 1795/1795
f 1796/1796 1797/1797 1798/1798
f 1261/1261 1799/1799 1263/1263
f 1263/1263 1799/1799 1407/1407
f 1800/1800 1801/1801 1802/1802
f 934/934 1803/1803 1804/1804
f 1805/1805 1806/1806 1807/1807
f 1808/1808 1809/1809 1810/1810
f 1811/1811 1812/1812 1813/1813
f 1814/1814 1815/1815 1339/1339
f 1816/1816 1817/1817 1818/1818
f 1819/1819 1820/1820 1821/1821
f 1822/1822 1823/1823 1824/1824
f 1825/1825 1826/1826 1827/1827
f 1828/1828 1829/1829 1830/1830
f 1831/1831 1832/1832 73/73
f 1833/1833 1834/1834 1835/1835
f 1836/1836 1837/1837 1838/1838
f 1839/1839 1840/1840 1841/1841
f 1840/1840 1842/1842 1806/1806
f 1843/1843 1844/1844 1845/1845
f 1846/1846 1558/1558 1295/1295
f 1443/1443 1445/1445 1847/1847
f 1847/1847 1445/1445 1848/1848
f 1849/1849 1850/1850 1851/1851
f 1852/1852 1853/1853 1854/1854
f 1855/1855 1856/1856 1857/1857
f 1858/1858 1859/1859 1860/1860
f 1861/1861 1862/1862 1863/1863
f 942/942 1864/1864 1865/1865
f 1866/1866 1867/1867 1868/1868
f 1869/1869 1870/1870 1871/1871
f 1872/1872 1873/1873 1874/1874
f 1875/1875 1876/1876 1877/1877
f 1878/1878 1879/1879 1880/1880
f 1881/1881 1882/1882 1883/1883
f 1884/1884 1885/1885 1886/1886
f 1887/1887 1888/1888 1889/1889
f 1890/1890 1891/1891 1752/1752
f 1892/1892 1893/1893 1894/1894
f 1895/1895 1896/1896 1892/1892
f 1897/1897 151/151 1898/1898
f 1899/1899 1520/1520 1900/1900
f 1901/1901 1902/1902 1903/1903
f 1904/1904 1905/1905 1906/1906
f 1907/1907 1908/1908 1909/1909
f 1556/1556 1910/1910 1630/1630
f 1911/1911 1912/1912 361/361
f 1913/1913 1914/1914 1915/1915
f 1916/1916 1917/1917 1536/1536
f 1918/1918 1919/1919 1920/1920
f 1921/1921 1922/1922 1923/1923
f 1730/1730 1453/1453 1399/1399
f 1453/1453 1400/1400 1399/1399
f 1924/1924 1925/1925 1926/1926
f 1927/1927 1928/1928 1436/1436
f 1929/1929 434/434 1930/1930
f 1931/1931 1932/1932 1933/1933
f 1934/1934 1935/1935 1936/1936
f 1937/1937 1938/1938 1939/1939
f 1940/1940 1941/1941 1942/1942
f 1943/1943 1944/1944 1945/1945
f 1946/1946 1947/1947 1948/1948
f 1949/1949 1950/1950 1951/1951
f 1407/1407 1952/1952 1408/1408
f 1953/1953 1954/1954 1520/1520
f 1732/1732 1731/1731 1955/1955
f 1454/1454 1294/1294 1400/1400
f 1453/1453 1454/1454 1400/1400
f 1956/1956 1957/1957 1958/1958
f 1959/1959 1960/1960 1961/1961
f 1648/1648 1578/1578 1261/1261
f 1261/1261 1578/1578 1799/1799
f 1296/1296 1454/1454 1331/1331
f 1330/1330 1296/1296 1331/1331
f 1962/1962 1963/1963 1964/1964
f 1965/1965 1966/1966 1967/1967
f 1260/1260 1648/1648 1261/1261
f 1557/1557 1648/1648 1260/1260
f 1968/1968 1969/1969 1970/1970
f 1971/1971 1972/1972 1973/1973
f 1974/1974 1975/1975 1976/1976
f 1977/1977 1978/1978 1979/1979
f 1332/1332 1453/1453 1730/1730
f 1519/1519 1332/1332 1730/1730
f 1294/1294 1293/1293 1980/1980
f 1293/1293 1480/1480 1980/1980
f 1981/1981 1982/1982 1983/1983
f 1984/1984 1985/1985 1986/1986
f 1987/1987 1988/1988 1989/1989
f 1990/1990 1991/1991 1992/1992
f 1993/1993 1994/1994 1995/1995
f 1996/1996 1997/1997 1998/1998
f 1999/1999 2000/2000 2001/2001
f 2002/2002 2003/2003 1495/1495
f 2004/2004 2005/2005 2006/2006
f 2007/2007 2008/2008 1447/1447
f 2009/2009 2010/2010 2011/2011
f 2012/2012 2013/2013 672/672
f 2014/2014 2015/2015 2016/2016
f 2017/2017 2018/2018 2019/2019
f 2020/2020 2021/2021 2022/2022
f 2023/2023 2024/2024 2025/2025
f 2026/2026 2027/2027 2028/2028
f 2029/2029 2030/2030 2031/2031
f 1799/1799 1443/1443 1847/1847
f 1578/1578 1443/1443 1799/1799
f 1557/1557 1649/1649 1648/1648
f 2032/2032 1649/1649 1557/1557
f 2033/2033 2034/2034 2035/2035
f 2036/2036 2037/2037 2038/2038
f 1294/1294 1980/1980 1402/1402
f 1400/1400 1294/1294 1402/1402
f 2039/2039 2040/2040 2041/2041
f 2042/2042 2043/2043 2044/2044
f 2045/2045 2046/2046 2047/2047
f 2048/2048 2049/2049 2050/2050
f 2051/2051 2052/2052 2053/2053
f 2054/2054 2055/2055 2056/2056
f 2057/2057 2058/2058 2059/2059
f 2060/2060 635/635 2061/2061
f 2062/2062 2063/2063 930/930
f 2064/2064 1861/1861 2065/2065
f 2066/2066 2067/2067 2068/2068
f 2069/2069 2070/2070 2071/2071
f 2072/2072 2073/2073 2074/2074
f 2075/2075 2076/2076 2077/2077
f 2078/2078 2079/2079 2080/2080
f 2081/2081 2079/2079 2082/2082
f 2083/2083 2084/2084 2085/2085
f 2086/2086 2087/2087 2088/2088
f 2089/2089 2090/2090 2091/2091
f 2092/2092 2093/2093 2094/2094
f 2095/2095 2096/2096 2097/2097
f 2098/2098 2099/2099 2100/2100
f 2101/2101 2102/2102 2103/2103
f 2104/2104 2105/2105 2106/2106
f 2107/2107 2108/2108 2109/2109
f 2110/2110 2111/2111 2112/2112
f 2113/2113 2114/2114 2115/2115
f 2116/2116 2117/2117 2118/2118
f 2119/2119 2120/2120 2121/2121
f 2122/2122 2123/2123 2124/2124
f 2125/2125 2126/2126 2127/2127
f 2128/2128 2129/2129 2130/2130
f 2131/2131 2132/2132 2133/2133
f 2134/2134 2135/2135 2136/2136
f 2137/2137 2138/2138 2139/2139
f 2140/2140 2141/2141 2142/2142
f 2143/2143 2144/2144 2145/2145
f 2146/2146 2147/2147 2148/2148
f 2149/2149 2150/2150 2151/2151
f 2152/2152 2153/2153 1158/1158
f 2154/2154 2155/2155 2156/2156
f 2157/2157 2158/2158 2159/2159
f 2160/2160 2161/2161 2162/2162
f 1330/1330 1295/1295 1296/1296
f 1846/1846 1295/1295 1330/1330
f 2163/2163 2164/2164 2165/2165
f 2166/2166 2167/2167 2168/2168
f 2169/2169 2170/2170 2171/2171
f 2172/2172 2173/2173 2174/2174
f 2175/2175 2176/2176 2177/2177
f 1558/1558 2032/2032 1557/1557
f 2178/2178 1345/1345 2179/2179
f 1637/1637 1350/1350 2180/2180
f 2181/2181 1946/1946 2182/2182
f 1838/1838 2183/2183 2184/2184
f 1980/1980 1480/1480 1910/1910
f 2185/2185 2186/2186 2187/2187
f 2188/2188 2189/2189 2190/2190
f 1519/1519 1730/1730 1732/1732
f 2191/2191 2192/2192 1851/1851
f 2193/2193 2194/2194 2195/2195
f 2196/2196 2197/2197 2198/2198
f 2199/2199 2200/2200 2201/2201
f 2202/2202 2203/2203 2204/2204
f 2205/2205 2206/2206 2207/2207
f 825/825 2208/2208 2209/2209
f 2210/2210 2211/2211 2212/2212
f 2213/2213 2214/2214 2215/2215
f 2216/2216 2217/2217 2218/2218
f 2219/2219 2220/2220 2221/2221
f 2222/2222 698/698 2223/2223
f 1799/1799 1847/1847 1407/1407
f 1407/1407 1847/1847 1952/1952
f 2224/2224 2225/2225 1179/1179
f 2226/2226 2227/2227 2228/2228
f 2229/2229 2230/2230 2231/2231
f 2232/2232 2233/2233 2234/2234
f 2235/2235 2236/2236 2237/2237
f 2238/2238 2239/2239 2240/2240
f 2241/2241 2242/2242 2243/2243
f 2244/2244 2245/2245 2243/2243
f 2246/2246 2247/2247 2248/2248
f 2249/2249 2250/2250 2251/2251
f 2252/2252 2253/2253 2254/2254
f 2255/2255 2256/2256 2257/2257
f 2258/2258 2259/2259 2260/2260
f 2261/2261 2262/2262 1833/1833
f 2263/2263 2264/2264 1878/1878
f 2265/2265 2266/2266 2049/2049
f 2267/2267 2268/2268 2269/2269
f 2270/2270 2271/2271 2272/2272
f 2273/2273 2274/2274 2275/2275
f 2276/2276 2277/2277 2278/2278
f 2279/2279 2280/2280 2281/2281
f 2282/2282 2283/2283 2284/2284
f 2285/2285 2286/2286 2287/2287
f 2288/2288 2289/2289 2290/2290
f 2291/2291 2292/2292 2293/2293
f 2294/2294 2295/2295 2296/2296
f 1847/1847 1848/1848 1952/1952
f 2297/2297 2298/2298 2299/2299
f 2300/2300 2301/2301 2302/2302
f 2303/2303 2304/2304 1913/1913
f 2305/2305 2306/2306 1884/1884
f 2307/2307 2308/2308 2309/2309
f 2310/2310 2311/2311 2312/2312
f 2313/2313 2314/2314 2315/2315
f 2316/2316 2317/2317 2318/2318
f 2319/2319 2320/2320 2321/2321
f 1818/1818 2322/2322 2323/2323
f 2324/2324 144/144 2084/2084
f 1980/1980 1910/1910 1556/1556
f 1402/1402 1980/1980 1556/1556
f 2068/2068 2325/2325 2326/2326
f 2327/2327 2328/2328 2329/2329
f 2330/2330 2331/2331 2332/2332
f 2333/2333 2334/2334 2335/2335
f 2336/2336 2337/2337 2338/2338
f 2339/2339 2340/2340 2341/2341
f 2342/2342 2343/2343 2344/2344
f 1882/1882 2345/2345 2346/2346
f 437/437 2347/2347 2348/2348
f 2349/2349 2350/2350 2351/2351
f 2352/2352 2353/2353 2354/2354
f 2355/2355 2356/2356 2357/2357
f 2249/2249 2358/2358 2359/2359
f 2360/2360 2361/2361 2362/2362
f 2363/2363 2364/2364 2365/2365
f 2366/2366 2367/2367 1885/1885
f 2368/2368 2369/2369 2370/2370
f 1428/1428 1846/1846 1330/1330
f 2371/2371 2372/2372 2373/2373
f 2374/2374 2375/2375 2376/2376
f 2377/2377 2378/2378 2379/2379
f 2380/2380 2381/2381 2382/2382
f 2383/2383 2384/2384 2385/2385
f 2386/2386 2387/2387 2388/2388
f 2389/2389 2390/2390 2391/2391
f 2392/2392 2393/2393 2394/2394
f 2395/2395 2396/2396 2397/2397
f 2398/2398 2399/2399 2400/2400
f 2401/2401 2402/2402 2403/2403
f 2404/2404 2405/2405 2406/2406
f 2148/2148 2407/2407 2408/2408
f 2409/2409 1992/1992 2410/2410
f 2411/2411 2368/2368 2412/2412
f 2413/2413 2414/2414 2415/2415
f 2416/2416 2417/2417 2418/2418
f 2224/2224 2419/2419 2420/2420
f 2421/2421 2422/2422 1617/1617
f 1617/1617 2423/2423 2424/2424
f 2425/2425 2426/2426 2427/2427
f 2428/2428 2429/2429 2430/2430
f 2431/2431 2432/2432 2433/2433
f 2434/2434 2435/2435 2436/2436
f 2213/2213 2437/2437 2438/2438
f 2439/2439 2440/2440 148/148
f 2441/2441 2442/2442 2443/2443
f 2444/2444 2445/2445 2446/2446
f 2447/2447 2448/2448 2449/2449
f 2450/2450 2451/2451 2452/2452
f 2453/2453 2454/2454 2455/2455
f 2456/2456 2357/2357 2457/2457
f 1629/1629 1630/1630 2458/2458
f 2459/2459 1912/1912 2460/2460
f 2461/2461 2462/2462 2389/2389
f 2463/2463 2464/2464 2465/2465
f 2466/2466 2467/2467 2468/2468
f 2469/2469 279/279 2470/2470
f 1346/1346 2471/2471 2472/2472
f 2473/2473 2474/2474 2475/2475
f 2476/2476 2477/2477 2478/2478
f 2479/2479 2480/2480 2481/2481
f 2482/2482 2483/2483 2484/2484
f 2485/2485 2486/2486 2487/2487
f 2488/2488 2489/2489 2490/2490
f 2491/2491 2492/2492 2493/2493
f 2494/2494 2495/2495 2496/2496
f 2497/2497 2498/2498 2499/2499
f 2500/2500 2501/2501 2502/2502
f 2503/2503 2504/2504 2505/2505
f 2506/2506 2507/2507 2508/2508
f 2509/2509 2510/2510 2511/2511
f 2512/2512 2513/2513 2514/2514
f 2515/2515 2516/2516 2517/2517
f 2518/2518 2519/2519 2520/2520
f 2521/2521 2522/2522 2523/2523
f 2524/2524 2525/2525 2526/2526
f 2527/2527 2528/2528 2529/2529
f 2494/2494 2530/2530 2495/2495
f 2531/2531 2532/2532 2533/2533
f 2534/2534 2535/2535 2536/2536
f 2537/2537 2538/2538 2539/2539
f 2540/2540 2541/2541 2542/2542
f 2497/2497 2543/2543 2498/2498
f 2491/2491 2544/2544 2545/2545
f 2546/2546 2547/2547 2548/2548
f 2549/2549 2550/2550 2551/2551
f 2552/2552 2553/2553 2554/2554
f 2482/2482 2484/2484 2500/2500
f 2555/2555 2556/2556 2557/2557
f 2486/2486 2558/2558 2487/2487
f 2547/2547 2559/2559 2560/2560
f 2561/2561 2525/2525 2524/2524
f 2562/2562 2563/2563 2533/2533
f 2554/2554 2564/2564 2565/2565
f 2566/2566 2556/2556 2555/2555
f 2567/2567 2568/2568 2569/2569
f 2570/2570 2522/2522 2571/2571
f 2572/2572 2573/2573 2574/2574
f 2575/2575 2576/2576 2574/2574
f 2577/2577 2578/2578 2579/2579
f 2580/2580 2479/2479 2481/2481
f 2520/2520 2581/2581 2582/2582
f 2583/2583 2584/2584 2585/2585
f 2586/2586 2587/2587 2588/2588
f 2568/2568 2589/2589 2590/2590
f 2512/2512 2591/2591 2592/2592
f 2546/2546 2593/2593 2547/2547
f 2594/2594 2595/2595 2596/2596
f 2597/2597 2598/2598 2599/2599
f 2600/2600 2601/2601 2602/2602
f 2603/2603 2604/2604 2605/2605
f 2477/2477 2606/2606 2478/2478
f 2607/2607 2608/2608 2609/2609
f 2610/2610 2611/2611 2612/2612
f 2613/2613 2614/2614 2516/2516
f 2492/2492 2615/2615 2493/2493
f 2564/2564 2616/2616 2617/2617
f 2502/2502 2501/2501 2618/2618
f 2574/2574 2573/2573 2530/2530
f 2619/2619 2620/2620 2621/2621
f 2622/2622 2623/2623 2551/2551
f 2621/2621 2624/2624 2625/2625
f 2626/2626 2585/2585 2627/2627
f 2628/2628 2568/2568 2590/2590
f 2611/2611 2629/2629 2630/2630
f 2631/2631 2632/2632 2633/2633
f 2634/2634 2635/2635 2636/2636
f 2587/2587 2637/2637 2588/2588
f 2632/2632 2638/2638 2639/2639
f 2640/2640 2641/2641 2642/2642
f 2643/2643 2644/2644 2645/2645
f 2514/2514 2646/2646 2647/2647
f 2559/2559 2648/2648 2649/2649
f 2650/2650 2598/2598 2597/2597
f 2651/2651 2652/2652 2653/2653
f 2654/2654 2655/2655 2656/2656
f 2570/2570 2571/2571 2532/2532
f 2501/2501 2532/2532 2618/2618
f 2657/2657 2526/2526 2658/2658
f 2493/2493 2615/2615 2526/2526
f 2659/2659 2540/2540 2542/2542
f 2660/2660 2661/2661 2662/2662
f 2663/2663 2664/2664 2665/2665
f 2666/2666 2667/2667 2668/2668
f 2574/2574 2530/2530 2494/2494
f 2669/2669 2670/2670 2671/2671
f 2671/2671 2670/2670 2672/2672
f 2673/2673 2674/2674 2675/2675
f 2662/2662 2661/2661 2676/2676
f 2677/2677 2678/2678 2587/2587
f 2679/2679 2680/2680 2677/2677
f 2681/2681 2682/2682 2683/2683
f 2624/2624 2626/2626 2625/2625
f 2684/2684 2680/2680 2679/2679
f 2670/2670 2684/2684 2672/2672
f 2651/2651 2653/2653 2655/2655
f 2685/2685 2686/2686 2687/2687
f 2688/2688 2620/2620 2619/2619
f 2689/2689 2688/2688 2619/2619
f 2607/2607 2690/2690 2691/2691
f 2607/2607 2609/2609 2690/2690
f 2492/2492 2692/2692 2615/2615
f 2693/2693 2524/2524 2614/2614
f 2647/2647 2694/2694 2531/2531
f 2502/2502 2618/2618 2695/2695
f 2533/2533 2572/2572 2696/2696
f 2525/2525 2697/2697 2698/2698
f 2642/2642 2699/2699 2700/2700
f 2640/2640 2642/2642 2700/2700
f 2701/2701 2702/2702 2703/2703
f 2704/2704 2634/2634 2636/2636
f 2642/2642 2705/2705 2699/2699
f 2705/2705 2692/2692 2492/2492
f 2706/2706 2502/2502 2695/2695
f 2607/2607 2691/2691 2706/2706
f 2525/2525 2555/2555 2526/2526
f 2526/2526 2669/2669 2658/2658
f 2532/2532 2571/2571 2689/2689
f 2533/2533 2532/2532 2572/2572
f 2707/2707 2708/2708 2612/2612
f 2709/2709 2710/2710 2510/2510
f 2625/2625 2626/2626 2627/2627
f 2495/2495 2519/2519 2711/2711
f 2712/2712 2713/2713 2714/2714
f 2715/2715 2716/2716 2717/2717
f 2638/2638 2718/2718 2639/2639
f 2719/2719 2720/2720 2721/2721
f 2663/2663 2722/2722 2664/2664
f 2723/2723 2724/2724 2725/2725
f 2590/2590 2538/2538 2678/2678
f 2684/2684 2508/2508 2680/2680
f 2585/2585 2667/2667 2666/2666
f 2627/2627 2585/2585 2666/2666
f 2726/2726 2478/2478 2727/2727
f 2656/2656 2604/2604 2603/2603
f 2647/2647 2531/2531 2728/2728
f 2648/2648 2729/2729 2730/2730
f 2658/2658 2669/2669 2671/2671
f 2594/2594 2671/2671 2595/2595
f 2571/2571 2731/2731 2688/2688
f 2571/2571 2688/2688 2689/2689
f 2678/2678 2732/2732 2587/2587
f 2587/2587 2732/2732 2637/2637
f 2725/2725 2724/2724 2733/2733
f 2675/2675 2674/2674 2676/2676
f 2611/2611 2511/2511 2629/2629
f 2734/2734 2676/2676 2610/2610
f 2476/2476 2478/2478 2726/2726
f 2579/2579 2638/2638 2632/2632
f 2510/2510 2710/2710 2708/2708
f 2654/2654 2651/2651 2655/2655
f 2477/2477 2481/2481 2606/2606
f 2579/2579 2578/2578 2638/2638
f 2641/2641 2546/2546 2517/2517
f 2554/2554 2553/2553 2608/2608
f 2661/2661 2675/2675 2676/2676
f 2706/2706 2691/2691 2502/2502
f 2691/2691 2500/2500 2502/2502
f 2699/2699 2492/2492 2491/2491
f 2705/2705 2492/2492 2699/2699
f 2636/2636 2635/2635 2601/2601
f 2686/2686 2735/2735 2736/2736
f 2562/2562 2533/2533 2737/2737
f 2737/2737 2533/2533 2575/2575
f 2729/2729 2738/2738 2739/2739
f 2740/2740 2697/2697 2525/2525
f 2508/2508 2507/2507 2741/2741
f 2508/2508 2590/2590 2680/2680
f 2526/2526 2555/2555 2669/2669
f 2555/2555 2597/2597 2669/2669
f 2572/2572 2689/2689 2573/2573
f 2532/2532 2689/2689 2572/2572
f 2530/2530 2625/2625 2495/2495
f 2495/2495 2625/2625 2519/2519
f 2580/2580 2481/2481 2477/2477
f 2612/2612 2708/2708 2631/2631
f 2597/2597 2527/2527 2670/2670
f 2669/2669 2597/2597 2670/2670
f 2637/2637 2538/2538 2537/2537
f 2601/2601 2635/2635 2504/2504
f 2742/2742 2488/2488 2743/2743
f 2530/2530 2621/2621 2625/2625
f 2573/2573 2621/2621 2530/2530
f 2670/2670 2527/2527 2684/2684
f 2527/2527 2508/2508 2684/2684
f 2744/2744 2604/2604 2498/2498
f 2685/2685 2655/2655 2686/2686
f 2524/2524 2526/2526 2615/2615
f 2614/2614 2524/2524 2615/2615
f 2531/2531 2618/2618 2532/2532
f 2616/2616 2618/2618 2531/2531
f 2744/2744 2605/2605 2604/2604
f 2723/2723 2722/2722 2724/2724
f 2723/2723 2664/2664 2722/2722
f 2666/2666 2668/2668 2581/2581
f 2519/2519 2627/2627 2520/2520
f 2625/2625 2627/2627 2519/2519
f 2689/2689 2619/2619 2573/2573
f 2573/2573 2619/2619 2621/2621
f 2516/2516 2614/2614 2692/2692
f 2614/2614 2615/2615 2692/2692
f 2653/2653 2735/2735 2686/2686
f 2655/2655 2653/2653 2686/2686
f 2516/2516 2692/2692 2705/2705
f 2517/2517 2516/2516 2705/2705
f 2564/2564 2706/2706 2616/2616
f 2607/2607 2706/2706 2564/2564
f 2554/2554 2608/2608 2607/2607
f 2554/2554 2607/2607 2564/2564
f 2510/2510 2708/2708 2629/2629
f 2511/2511 2510/2510 2629/2629
f 2520/2520 2666/2666 2581/2581
f 2627/2627 2666/2666 2520/2520
f 2745/2745 2528/2528 2527/2527
f 2746/2746 2747/2747 2748/2748
f 2749/2749 2746/2746 2546/2546
f 2706/2706 2695/2695 2616/2616
f 2616/2616 2695/2695 2618/2618
f 2553/2553 2750/2750 2751/2751
f 2752/2752 2750/2750 2553/2553
f 2680/2680 2590/2590 2678/2678
f 2680/2680 2678/2678 2677/2677
f 2641/2641 2517/2517 2642/2642
f 2517/2517 2705/2705 2642/2642
f 2678/2678 2538/2538 2732/2732
f 2637/2637 2732/2732 2538/2538
f 2496/2496 2495/2495 2622/2622
f 2749/2749 2546/2546 2641/2641
f 2718/2718 2749/2749 2641/2641
f 2753/2753 2569/2569 2754/2754
f 2491/2491 2493/2493 2544/2544
f 2493/2493 2526/2526 2657/2657
f 2523/2523 2522/2522 2570/2570
f 2501/2501 2570/2570 2532/2532
f 2591/2591 2755/2755 2756/2756
f 2498/2498 2655/2655 2685/2685
f 2757/2757 2758/2758 2685/2685
f 2553/2553 2751/2751 2608/2608
f 2608/2608 2751/2751 2660/2660
f 2746/2746 2759/2759 2747/2747
f 2603/2603 2722/2722 2663/2663
f 2540/2540 2760/2760 2541/2541
f 2653/2653 2761/2761 2735/2735
f 2652/2652 2761/2761 2653/2653
f 2632/2632 2639/2639 2633/2633
f 2479/2479 2715/2715 2480/2480
f 2757/2757 2685/2685 2762/2762
f 2676/2676 2611/2611 2610/2610
f 2676/2676 2674/2674 2611/2611
f 2498/2498 2604/2604 2655/2655
f 2656/2656 2655/2655 2604/2604
f 2652/2652 2704/2704 2761/2761
f 2701/2701 2703/2703 2763/2763
f 2710/2710 2632/2632 2708/2708
f 2708/2708 2632/2632 2631/2631
f 2726/2726 2727/2727 2764/2764
f 2662/2662 2676/2676 2734/2734
f 2504/2504 2537/2537 2765/2765
f 2635/2635 2537/2537 2504/2504
f 2688/2688 2766/2766 2620/2620
f 2620/2620 2624/2624 2621/2621
f 2672/2672 2684/2684 2679/2679
f 2595/2595 2534/2534 2767/2767
f 2581/2581 2723/2723 2725/2725
f 2581/2581 2668/2668 2723/2723
f 2710/2710 2579/2579 2632/2632
f 2768/2768 2579/2579 2710/2710
f 2769/2769 2511/2511 2674/2674
f 2674/2674 2511/2511 2611/2611
f 2721/2721 2770/2770 2600/2600
f 2588/2588 2637/2637 2635/2635
f 2635/2635 2637/2637 2537/2537
f 2489/2489 2712/2712 2771/2771
f 2772/2772 2725/2725 2550/2550
f 2644/2644 2742/2742 2773/2773
f 2668/2668 2664/2664 2723/2723
f 2665/2665 2664/2664 2668/2668
f 2718/2718 2641/2641 2640/2640
f 2716/2716 2545/2545 2717/2717
f 2608/2608 2660/2660 2609/2609
f 2659/2659 2483/2483 2482/2482
f 2724/2724 2605/2605 2744/2744
f 2774/2774 2775/2775 2744/2744
f 2600/2600 2776/2776 2601/2601
f 2735/2735 2636/2636 2601/2601
f 2774/2774 2744/2744 2777/2777
f 2485/2485 2487/2487 2778/2778
f 2634/2634 2588/2588 2635/2635
f 2505/2505 2504/2504 2779/2779
f 2665/2665 2668/2668 2667/2667
f 2659/2659 2542/2542 2483/2483
f 2603/2603 2605/2605 2722/2722
f 2724/2724 2722/2722 2605/2605
f 2704/2704 2636/2636 2761/2761
f 2761/2761 2636/2636 2735/2735
f 2755/2755 2643/2643 2780/2780
f 2713/2713 2781/2781 2782/2782
f 2638/2638 2749/2749 2718/2718
f 2578/2578 2749/2749 2638/2638
f 2751/2751 2661/2661 2660/2660
f 2750/2750 2661/2661 2751/2751
f 2783/2783 2746/2746 2578/2578
f 2578/2578 2746/2746 2749/2749
f 2784/2784 2681/2681 2683/2683
f 2785/2785 2681/2681 2784/2784
f 2786/2786 2785/2785 2784/2784
f 2787/2787 2785/2785 2786/2786
f 2788/2788 2596/2596 2789/2789
f 2788/2788 2789/2789 2790/2790
f 2791/2791 2594/2594 2596/2596
f 2791/2791 2596/2596 2788/2788
f 2792/2792 2675/2675 2750/2750
f 2750/2750 2675/2675 2661/2661
f 2793/2793 2794/2794 2795/2795
f 2795/2795 2794/2794 2796/2796
f 2797/2797 2798/2798 2799/2799
f 2797/2797 2800/2800 2798/2798
f 2801/2801 2790/2790 2802/2802
f 2803/2803 2801/2801 2802/2802
f 2715/2715 2717/2717 2804/2804
f 2480/2480 2715/2715 2804/2804
f 2805/2805 2803/2803 2806/2806
f 2803/2803 2802/2802 2806/2806
f 2807/2807 2808/2808 2809/2809
f 2807/2807 2809/2809 2793/2793
f 2810/2810 2491/2491 2811/2811
f 2812/2812 2810/2810 2811/2811
f 2796/2796 2813/2813 2584/2584
f 2794/2794 2813/2813 2796/2796
f 2814/2814 2815/2815 2521/2521
f 2521/2521 2815/2815 2522/2522
f 2536/2536 2816/2816 2817/2817
f 2536/2536 2535/2535 2816/2816
f 2541/2541 2818/2818 2814/2814
f 2814/2814 2818/2818 2815/2815
f 2790/2790 2789/2789 2819/2819
f 2790/2790 2819/2819 2802/2802
f 2820/2820 2812/2812 2821/2821
f 2812/2812 2811/2811 2821/2821
f 2822/2822 2817/2817 2823/2823
f 2822/2822 2536/2536 2817/2817
f 2824/2824 2805/2805 2807/2807
f 2824/2824 2803/2803 2805/2805
f 2787/2787 2825/2825 2785/2785
f 2826/2826 2825/2825 2787/2787
f 2827/2827 2659/2659 2828/2828
f 2829/2829 2659/2659 2827/2827
f 2717/2717 2485/2485 2778/2778
f 2804/2804 2717/2717 2778/2778
f 2630/2630 2631/2631 2830/2830
f 2612/2612 2831/2831 2610/2610
f 2784/2784 2683/2683 2766/2766
f 2766/2766 2683/2683 2620/2620
f 2811/2811 2491/2491 2545/2545
f 2811/2811 2545/2545 2716/2716
f 2760/2760 2832/2832 2833/2833
f 2760/2760 2834/2834 2832/2832
f 2808/2808 2835/2835 2836/2836
f 2808/2808 2836/2836 2809/2809
f 2658/2658 2671/2671 2594/2594
f 2657/2657 2658/2658 2558/2558
f 2837/2837 2838/2838 2839/2839
f 2837/2837 2839/2839 2840/2840
f 2841/2841 2834/2834 2760/2760
f 2841/2841 2840/2840 2834/2834
f 2838/2838 2842/2842 2839/2839
f 2838/2838 2843/2843 2842/2842
f 2544/2544 2493/2493 2657/2657
f 2486/2486 2657/2657 2558/2558
f 2662/2662 2844/2844 2660/2660
f 2660/2660 2844/2844 2609/2609
f 2845/2845 2827/2827 2828/2828
f 2845/2845 2828/2828 2846/2846
f 2785/2785 2847/2847 2681/2681
f 2825/2825 2847/2847 2785/2785
f 2718/2718 2640/2640 2848/2848
f 2639/2639 2718/2718 2848/2848
f 2596/2596 2767/2767 2789/2789
f 2596/2596 2595/2595 2767/2767
f 2820/2820 2821/2821 2849/2849
f 2850/2850 2820/2820 2849/2849
f 2829/2829 2764/2764 2659/2659
f 2851/2851 2764/2764 2829/2829
f 2631/2631 2852/2852 2830/2830
f 2631/2631 2633/2633 2852/2852
f 2853/2853 2793/2793 2854/2854
f 2854/2854 2793/2793 2795/2795
f 2855/2855 2580/2580 2856/2856
f 2857/2857 2858/2858 2859/2859
f 2702/2702 2788/2788 2703/2703
f 2702/2702 2791/2791 2788/2788
f 2610/2610 2860/2860 2734/2734
f 2610/2610 2830/2830 2860/2860
f 2786/2786 2784/2784 2861/2861
f 2861/2861 2784/2784 2766/2766
f 2823/2823 2817/2817 2704/2704
f 2823/2823 2704/2704 2652/2652
f 2835/2835 2651/2651 2654/2654
f 2835/2835 2862/2862 2651/2651
f 2760/2760 2833/2833 2541/2541
f 2541/2541 2833/2833 2818/2818
f 2800/2800 2654/2654 2656/2656
f 2800/2800 2656/2656 2798/2798
f 2863/2863 2864/2864 2763/2763
f 2864/2864 2701/2701 2763/2763
f 2500/2500 2484/2484 2501/2501
f 2484/2484 2570/2570 2501/2501
f 2798/2798 2663/2663 2799/2799
f 2799/2799 2663/2663 2665/2665
f 2862/2862 2652/2652 2651/2651
f 2862/2862 2823/2823 2652/2652
f 2804/2804 2778/2778 2843/2843
f 2838/2838 2804/2804 2843/2843
f 2865/2865 2584/2584 2583/2583
f 2796/2796 2584/2584 2865/2865
f 2542/2542 2541/2541 2814/2814
f 2542/2542 2814/2814 2521/2521
f 2849/2849 2821/2821 2716/2716
f 2821/2821 2811/2811 2716/2716
f 2700/2700 2699/2699 2866/2866
f 2867/2867 2868/2868 2866/2866
f 2522/2522 2731/2731 2571/2571
f 2815/2815 2731/2731 2522/2522
f 2483/2483 2521/2521 2523/2523
f 2542/2542 2521/2521 2483/2483
f 2633/2633 2639/2639 2869/2869
f 2639/2639 2848/2848 2869/2869
f 2662/2662 2870/2870 2844/2844
f 2734/2734 2870/2870 2662/2662
f 2690/2690 2845/2845 2846/2846
f 2690/2690 2871/2871 2691/2691
f 2872/2872 2854/2854 2826/2826
f 2826/2826 2854/2854 2825/2825
f 2545/2545 2485/2485 2717/2717
f 2545/2545 2544/2544 2485/2485
f 2825/2825 2795/2795 2847/2847
f 2854/2854 2795/2795 2825/2825
f 2850/2850 2849/2849 2479/2479
f 2873/2873 2850/2850 2479/2479
f 2874/2874 2863/2863 2875/2875
f 2863/2863 2763/2763 2875/2875
f 2867/2867 2866/2866 2810/2810
f 2848/2848 2867/2867 2810/2810
f 2874/2874 2853/2853 2872/2872
f 2872/2872 2853/2853 2854/2854
f 2798/2798 2656/2656 2603/2603
f 2798/2798 2603/2603 2663/2663
f 2828/2828 2659/2659 2482/2482
f 2871/2871 2828/2828 2482/2482
f 2767/2767 2534/2534 2536/2536
f 2767/2767 2536/2536 2822/2822
f 2806/2806 2802/2802 2862/2862
f 2802/2802 2819/2819 2862/2862
f 2626/2626 2583/2583 2585/2585
f 2624/2624 2682/2682 2626/2626
f 2795/2795 2796/2796 2847/2847
f 2847/2847 2796/2796 2865/2865
f 2703/2703 2790/2790 2801/2801
f 2703/2703 2788/2788 2790/2790
f 2836/2836 2654/2654 2800/2800
f 2836/2836 2835/2835 2654/2654
f 2476/2476 2859/2859 2856/2856
f 2859/2859 2476/2476 2851/2851
f 2817/2817 2816/2816 2634/2634
f 2817/2817 2634/2634 2704/2704
f 2857/2857 2873/2873 2580/2580
f 2873/2873 2479/2479 2580/2580
f 2844/2844 2827/2827 2845/2845
f 2870/2870 2827/2827 2844/2844
f 2487/2487 2791/2791 2702/2702
f 2487/2487 2558/2558 2791/2791
f 2789/2789 2767/2767 2822/2822
f 2789/2789 2822/2822 2819/2819
f 2840/2840 2876/2876 2834/2834
f 2877/2877 2839/2839 2874/2874
f 2813/2813 2665/2665 2667/2667
f 2799/2799 2665/2665 2813/2813
f 2609/2609 2845/2845 2690/2690
f 2609/2609 2844/2844 2845/2845
f 2558/2558 2658/2658 2594/2594
f 2558/2558 2594/2594 2791/2791
f 2677/2677 2587/2587 2586/2586
f 2679/2679 2677/2677 2535/2535
f 2793/2793 2797/2797 2794/2794
f 2793/2793 2809/2809 2797/2797
f 2640/2640 2867/2867 2848/2848
f 2640/2640 2700/2700 2867/2867
f 2849/2849 2716/2716 2715/2715
f 2479/2479 2849/2849 2715/2715
f 2806/2806 2862/2862 2835/2835
f 2808/2808 2806/2806 2835/2835
f 2851/2851 2476/2476 2726/2726
f 2851/2851 2726/2726 2764/2764
f 2848/2848 2810/2810 2812/2812
f 2869/2869 2848/2848 2812/2812
f 2833/2833 2787/2787 2786/2786
f 2832/2832 2787/2787 2833/2833
f 2809/2809 2836/2836 2800/2800
f 2809/2809 2800/2800 2797/2797
f 2843/2843 2778/2778 2702/2702
f 2778/2778 2487/2487 2702/2702
f 2816/2816 2588/2588 2634/2634
f 2586/2586 2588/2588 2816/2816
f 2764/2764 2540/2540 2659/2659
f 2764/2764 2727/2727 2540/2540
f 2671/2671 2672/2672 2595/2595
f 2595/2595 2672/2672 2534/2534
f 2847/2847 2865/2865 2681/2681
f 2681/2681 2865/2865 2682/2682
f 2731/2731 2766/2766 2688/2688
f 2861/2861 2766/2766 2731/2731
f 2815/2815 2861/2861 2731/2731
f 2818/2818 2861/2861 2815/2815
f 2843/2843 2702/2702 2701/2701
f 2842/2842 2843/2843 2701/2701
f 2818/2818 2786/2786 2861/2861
f 2833/2833 2786/2786 2818/2818
f 2483/2483 2523/2523 2484/2484
f 2484/2484 2523/2523 2570/2570
f 2819/2819 2822/2822 2823/2823
f 2819/2819 2823/2823 2862/2862
f 2544/2544 2486/2486 2485/2485
f 2544/2544 2657/2657 2486/2486
f 2699/2699 2491/2491 2866/2866
f 2866/2866 2491/2491 2810/2810
f 2727/2727 2760/2760 2540/2540
f 2727/2727 2841/2841 2760/2760
f 2480/2480 2838/2838 2837/2837
f 2480/2480 2804/2804 2838/2838
f 2875/2875 2763/2763 2801/2801
f 2763/2763 2703/2703 2801/2801
f 2842/2842 2864/2864 2863/2863
f 2842/2842 2701/2701 2864/2864
f 2832/2832 2872/2872 2826/2826
f 2832/2832 2826/2826 2787/2787
f 2584/2584 2667/2667 2585/2585
f 2813/2813 2667/2667 2584/2584
f 2633/2633 2869/2869 2878/2878
f 2633/2633 2878/2878 2852/2852
f 2805/2805 2808/2808 2807/2807
f 2805/2805 2806/2806 2808/2808
f 2734/2734 2879/2879 2870/2870
f 2734/2734 2860/2860 2879/2879
f 2879/2879 2829/2829 2870/2870
f 2870/2870 2829/2829 2827/2827
f 2478/2478 2841/2841 2727/2727
f 2478/2478 2606/2606 2841/2841
f 2481/2481 2837/2837 2606/2606
f 2481/2481 2480/2480 2837/2837
f 2878/2878 2869/2869 2820/2820
f 2869/2869 2812/2812 2820/2820
f 2682/2682 2583/2583 2626/2626
f 2865/2865 2583/2583 2682/2682
f 2476/2476 2856/2856 2880/2880
f 2858/2858 2580/2580 2477/2477
f 2691/2691 2871/2871 2500/2500
f 2871/2871 2482/2482 2500/2500
f 2534/2534 2679/2679 2535/2535
f 2672/2672 2679/2679 2534/2534
f 2683/2683 2682/2682 2624/2624
f 2620/2620 2683/2683 2624/2624
f 2874/2874 2875/2875 2824/2824
f 2874/2874 2824/2824 2853/2853
f 2824/2824 2875/2875 2803/2803
f 2875/2875 2801/2801 2803/2803
f 2853/2853 2807/2807 2793/2793
f 2824/2824 2807/2807 2853/2853
f 2852/2852 2878/2878 2850/2850
f 2878/2878 2820/2820 2850/2850
f 2794/2794 2799/2799 2813/2813
f 2797/2797 2799/2799 2794/2794
f 2879/2879 2851/2851 2829/2829
f 2879/2879 2859/2859 2851/2851
f 2606/2606 2837/2837 2840/2840
f 2606/2606 2840/2840 2841/2841
f 2839/2839 2863/2863 2874/2874
f 2839/2839 2842/2842 2863/2863
f 2834/2834 2872/2872 2832/2832
f 2834/2834 2874/2874 2872/2872
f 2535/2535 2677/2677 2586/2586
f 2535/2535 2586/2586 2816/2816
f 2852/2852 2850/2850 2873/2873
f 2830/2830 2852/2852 2873/2873
f 2830/2830 2857/2857 2860/2860
f 2830/2830 2873/2873 2857/2857
f 2860/2860 2857/2857 2859/2859
f 2860/2860 2859/2859 2879/2879
f 2700/2700 2866/2866 2868/2868
f 2700/2700 2868/2868 2867/2867
f 2846/2846 2828/2828 2871/2871
f 2690/2690 2846/2846 2871/2871
f 2881/2881 2882/2882 2883/2883
f 2884/2884 2885/2885 2886/2886
f 2887/2887 2888/2888 2889/2889
f 2890/2890 2891/2891 2892/2892
f 2893/2893 2894/2894 2895/2895
f 2896/2896 2897/2897 2898/2898
f 2899/2899 2900/2900 2901/2901
f 2902/2902 2903/2903 2904/2904
f 2905/2905 2906/2906 2907/2907
f 2908/2908 2887/2887 2909/2909
f 2888/2888 2893/2893 2895/2895
f 2901/2901 2900/2900 2910/2910
f 2910/2910 2911/2911 2912/2912
f 2908/2908 2909/2909 2913/2913
f 2896/2896 2914/2914 2899/2899
f 2915/2915 2916/2916 2917/2917
f 2918/2918 2919/2919 2920/2920
f 2915/2915 2917/2917 2921/2921
f 2922/2922 2923/2923 2918/2918
f 2924/2924 2925/2925 2926/2926
f 2927/2927 2928/2928 2929/2929
f 2906/2906 2930/2930 2907/2907
f 2928/2928 2931/2931 2932/2932
f 2933/2933 2934/2934 2930/2930
f 2935/2935 2936/2936 2937/2937
f 2935/2935 2937/2937 2938/2938
f 2939/2939 2940/2940 2941/2941
f 2942/2942 2941/2941 2943/2943
f 2944/2944 2945/2945 2946/2946
f 2916/2916 2935/2935 2938/2938
f 2920/2920 2947/2947 2939/2939
f 2895/2895 2894/2894 2948/2948
f 2949/2949 2926/2926 2950/2950
f 2923/2923 2951/2951 2905/2905
f 2951/2951 2906/2906 2905/2905
f 2952/2952 2953/2953 2954/2954
f 2955/2955 2956/2956 2957/2957
f 2956/2956 2954/2954 2957/2957
f 2949/2949 2950/2950 2958/2958
f 2881/2881 2886/2886 2959/2959
f 2960/2960 2961/2961 2962/2962
f 2963/2963 2964/2964 2965/2965
f 2965/2965 2964/2964 2966/2966
f 2952/2952 2967/2967 2953/2953
f 2968/2968 2961/2961 2960/2960
f 2969/2969 2970/2970 2971/2971
f 2934/2934 2972/2972 2973/2973
f 2961/2961 2974/2974 2962/2962
f 2897/2897 2908/2908 2975/2975
f 2897/2897 2975/2975 2898/2898
f 2976/2976 2949/2949 2972/2972
f 2892/2892 2977/2977 2924/2924
f 2940/2940 2978/2978 2979/2979
f 2979/2979 2980/2980 2981/2981
f 2982/2982 2955/2955 2983/2983
f 2946/2946 2945/2945 2984/2984
f 2985/2985 2986/2986 2987/2987
f 2988/2988 2989/2989 2990/2990
f 2988/2988 2991/2991 2989/2989
f 2992/2992 2993/2993 2967/2967
f 2994/2994 2929/2929 2995/2995
f 2911/2911 2996/2996 2963/2963
f 2997/2997 2971/2971 2968/2968
f 2998/2998 2999/2999 3000/3000
f 2967/2967 3001/3001 2953/2953
f 2998/2998 3002/3002 2999/2999
f 2982/2982 2983/2983 3003/3003
f 2970/2970 3004/3004 2944/2944
f 2908/2908 2913/2913 2975/2975
f 2959/2959 2990/2990 2982/2982
f 2883/2883 2882/2882 3005/3005
f 2972/2972 2949/2949 2958/2958
f 2972/2972 2958/2958 2973/2973
f 3006/3006 2985/2985 2987/2987
f 2980/2980 2985/2985 3006/3006
f 2902/2902 2904/2904 2991/2991
f 2991/2991 2904/2904 2992/2992
f 2962/2962 2974/2974 3007/3007
f 2946/2946 2984/2984 3008/3008
f 2887/2887 2889/2889 2909/2909
f 2895/2895 2948/2948 3009/3009
f 2922/2922 2918/2918 3010/3010
f 3010/3010 2918/2918 2920/2920
f 3011/3011 3012/3012 2977/2977
f 2890/2890 3011/3011 2891/2891
f 2934/2934 2973/2973 2986/2986
f 2955/2955 3013/3013 2983/2983
f 2955/2955 2957/2957 3013/3013
f 3014/3014 2932/2932 2998/2998
f 2932/2932 3002/3002 2998/2998
f 2964/2964 3015/3015 2966/2966
f 3016/3016 2976/2976 2933/2933
f 2911/2911 2997/2997 2996/2996
f 2899/2899 2914/2914 2900/2900
f 3012/3012 3017/3017 2925/2925
f 2962/2962 3007/3007 3017/3017
f 2885/2885 3018/3018 2886/2886
f 2909/2909 2889/2889 3019/3019
f 2990/2990 2989/2989 2956/2956
f 2992/2992 2967/2967 2952/2952
f 2893/2893 3020/3020 2894/2894
f 3020/3020 2915/2915 2921/2921
f 2976/2976 2972/2972 2933/2933
f 2933/2933 2972/2972 2934/2934
f 2920/2920 2919/2919 2947/2947
f 2947/2947 2907/2907 2978/2978
f 3018/3018 2988/2988 2990/2990
f 2889/2889 3009/3009 3019/3019
f 2904/2904 2993/2993 2992/2992
f 2995/2995 2929/2929 3014/3014
f 3005/3005 2982/2982 3003/3003
f 2959/2959 2982/2982 3005/3005
f 3014/3014 2998/2998 3021/3021
f 3021/3021 2998/2998 3000/3000
f 2980/2980 3006/3006 2981/2981
f 2898/2898 2975/2975 3022/3022
f 3023/3023 3004/3004 2970/2970
f 2914/2914 2997/2997 2900/2900
f 2898/2898 3022/3022 2969/2969
f 2961/2961 2944/2944 2974/2974
f 2970/2970 2944/2944 2971/2971
f 3024/3024 2963/2963 2965/2965
f 3024/3024 2965/2965 2922/2922
f 2994/2994 2927/2927 2929/2929
f 2916/2916 2938/2938 2917/2917
f 3023/3023 2884/2884 3004/3004
f 2881/2881 2884/2884 2886/2886
f 3021/3021 3000/3000 3001/3001
f 2964/2964 2890/2890 3015/3015
f 3025/3025 3011/3011 2890/2890
f 2930/2930 2985/2985 2980/2980
f 2907/2907 2930/2930 2978/2978
f 2932/2932 2931/2931 3002/3002
f 3010/3010 2920/2920 3026/3026
f 3026/3026 2920/2920 2939/2939
f 2976/2976 2924/2924 2949/2949
f 2949/2949 2924/2924 2926/2926
f 2974/2974 3027/3027 3007/3007
f 2990/2990 2956/2956 2955/2955
f 2990/2990 2955/2955 2982/2982
f 2985/2985 2934/2934 2986/2986
f 2930/2930 2934/2934 2985/2985
f 2882/2882 2959/2959 3005/3005
f 2881/2881 2959/2959 2882/2882
f 3012/3012 2962/2962 3017/3017
f 2960/2960 2962/2962 3012/3012
f 2918/2918 2905/2905 2919/2919
f 2923/2923 2905/2905 2918/2918
f 2912/2912 2911/2911 2963/2963
f 2912/2912 2963/2963 3024/3024
f 3026/3026 2939/2939 2942/2942
f 2942/2942 2939/2939 2941/2941
f 2904/2904 2995/2995 2993/2993
f 2903/2903 2995/2995 2904/2904
f 2991/2991 2992/2992 2989/2989
f 2989/2989 2992/2992 2952/2952
f 2929/2929 2932/2932 3014/3014
f 2929/2929 2928/2928 2932/2932
f 2963/2963 2996/2996 2964/2964
f 2968/2968 2960/2960 3025/3025
f 3015/3015 2976/2976 3016/3016
f 2890/2890 2892/2892 3015/3015
f 2888/2888 2895/2895 2889/2889
f 2889/2889 2895/2895 3009/3009
f 2951/2951 3016/3016 2906/2906
f 2966/2966 3015/3015 3016/3016
f 2944/2944 2946/2946 2974/2974
f 2974/2974 2946/2946 3027/3027
f 2995/2995 3014/3014 2993/2993
f 2993/2993 3014/3014 3021/3021
f 3025/3025 2960/2960 3011/3011
f 2960/2960 3012/3012 3011/3011
f 2896/2896 2898/2898 2914/2914
f 2898/2898 2969/2969 2914/2914
f 2967/2967 3021/3021 3001/3001
f 2993/2993 3021/3021 2967/2967
f 2919/2919 2907/2907 2947/2947
f 2905/2905 2907/2907 2919/2919
f 2948/2948 2991/2991 2988/2988
f 2948/2948 2902/2902 2991/2991
f 2885/2885 3019/3019 3018/3018
f 3019/3019 3009/3009 3018/3018
f 2909/2909 3019/3019 2885/2885
f 2913/2913 2909/2909 2885/2885
f 2989/2989 2952/2952 2956/2956
f 2956/2956 2952/2952 2954/2954
f 3004/3004 2881/2881 2883/2883
f 2884/2884 2881/2881 3004/3004
f 2938/2938 2937/2937 2927/2927
f 2938/2938 2927/2927 2994/2994
f 2945/2945 3003/3003 2984/2984
f 2966/2966 3016/3016 2951/2951
f 2923/2923 2966/2966 2951/2951
f 3015/3015 2892/2892 2976/2976
f 2892/2892 2924/2924 2976/2976
f 2894/2894 2902/2902 2948/2948
f 3020/3020 2921/2921 2894/2894
f 2978/2978 2930/2930 2980/2980
f 2978/2978 2980/2980 2979/2979
f 3009/3009 2948/2948 2988/2988
f 3009/3009 2988/2988 3018/3018
f 2914/2914 2969/2969 2997/2997
f 2969/2969 2971/2971 2997/2997
f 2945/2945 3005/3005 3003/3003
f 2883/2883 3005/3005 2945/2945
f 2964/2964 3025/3025 2890/2890
f 2996/2996 3025/3025 2964/2964
f 2975/2975 3023/3023 3022/3022
f 2975/2975 2913/2913 3023/3023
f 2921/2921 2917/2917 2903/2903
f 2917/2917 2938/2938 2994/2994
f 2922/2922 2965/2965 2923/2923
f 2965/2965 2966/2966 2923/2923
f 2971/2971 2961/2961 2968/2968
f 2971/2971 2944/2944 2961/2961
f 3022/3022 2970/2970 2969/2969
f 3022/3022 3023/3023 2970/2970
f 2913/2913 2885/2885 2884/2884
f 2913/2913 2884/2884 3023/3023
f 2886/2886 2990/2990 2959/2959
f 2886/2886 3018/3018 2990/2990
f 2910/2910 2900/2900 2911/2911
f 2900/2900 2997/2997 2911/2911
f 2906/2906 2933/2933 2930/2930
f 3016/3016 2933/2933 2906/2906
f 2947/2947 2978/2978 2940/2940
f 2939/2939 2947/2947 2940/2940
f 2977/2977 3012/3012 2925/2925
f 2924/2924 2977/2977 2925/2925
f 2903/2903 2994/2994 2995/2995
f 2917/2917 2994/2994 2903/2903
f 2996/2996 2968/2968 3025/3025
f 2997/2997 2968/2968 2996/2996
f 3004/3004 2883/2883 2944/2944
f 2944/2944 2883/2883 2945/2945
f 2894/2894 2921/2921 2902/2902
f 2921/2921 2903/2903 2902/2902
f 2891/2891 2977/2977 2892/2892
f 3011/3011 2977/2977 2891/2891
f 2946/2946 3008/3008 3027/3027

