# https://github.com/mikedh/trimesh
v -2.11665693 -0.47815383 0.35834036
v -2.11298093 -0.48821824 0.35524273
v -2.11926025 -0.44613733 0.34718231
v -2.11583987 -0.46352591 0.34744912
v -2.12819198 0.41323762 0.35070599
v -2.13118768 0.39778232 0.35052946
v -2.11937462 0.44556692 0.35084101
v -2.12269289 0.42912652 0.35075430
v -2.11708109 0.44613625 0.34735696
v -2.12800038 0.44374079 0.36208933
v -2.12629632 0.44428708 0.35882605
v -2.12958791 0.42837013 0.35880579
v -2.10339369 0.54517406 0.36071182
v -2.10222816 0.54643801 0.35867307
v -2.09911872 0.56037783 0.35862836
v -2.12069869 -0.46178913 0.35502126
v -2.11482534 -0.48036826 0.35146953
v -2.09255532 -0.57552984 0.35203455
v -2.09283908 -0.56591917 0.34854687
v -2.12721434 -0.38642205 0.34721684
v -2.13009223 -0.38317278 0.35072619
v -2.12782614 -0.38642205 0.34721687
v -2.09086964 -0.55433625 0.34269781
v -2.09405388 -0.53816461 0.34244571
v -2.12422565 0.45957599 0.36429265
v -2.08388936 0.59331217 0.34821643
v -2.09764314 -0.56934300 0.36406729
v -2.10111854 -0.55763741 0.36419168
v -2.13337221 -0.37818038 0.35319412
v -2.13606769 -0.37522373 0.35707718
v -2.09480341 0.53877086 0.34057925
v -2.09402414 0.53877086 0.34057925
v -2.08723628 0.59456609 0.34820953
v -2.08937747 0.59292387 0.35231288
v -2.13652568 0.37834204 0.35328714
v -2.13393946 0.38193452 0.34986631
v -2.13365251 0.38147787 0.34954873
v -2.12609062 0.38809805 0.34560666
v -2.12496766 0.38977536 0.34399644
v -2.12843795 0.38642074 0.34721687
v -2.10110641 0.50214289 0.34193325
v -2.09801510 0.52059966 0.34228028
v -2.08765668 -0.59374632 0.35026121
v -2.09613194 -0.57867693 0.36385527
v -2.09930712 -0.56934300 0.36406729
v -2.13439656 0.39859660 0.36437418
v -2.13515567 0.39859660 0.36437418
v -2.13479162 0.37536439 0.35712278
v -2.13211503 0.37830269 0.35326461
v -2.08893645 0.58952235 0.35396851
v -2.09071429 0.58859619 0.35591028
v -2.10036313 0.55866445 0.36204925
v -2.09975107 0.55866445 0.36204922
v -2.12630882 -0.38555617 0.34652835
v -2.12311910 -0.38866845 0.34280009
v -2.11361297 -0.44736821 0.33981517
v -2.11755657 -0.43013211 0.34008849
v -2.10049461 0.50214289 0.34193325
v -2.08715861 0.59044851 0.35202674
v -2.08541880 0.59205876 0.34822291
v -2.11302401 -0.49432385 0.36316309
v -2.10925171 -0.51183222 0.36312802
v -2.11273579 -0.49454758 0.36264054
v -2.13880032 -0.37551115 0.36395394
v -2.13855907 -0.37344317 0.36269712
v -2.09154144 0.58974270 0.35214375
v -2.09284521 0.58428260 0.35210830
v -2.09303438 0.58889743 0.36013212
v -2.09592388 0.58530549 0.36279678
v -2.10191708 -0.55174483 0.36208102
v -2.09975145 -0.55866553 0.36204922
v -2.08480713 -0.59205984 0.34822291
v -2.08777130 -0.59044960 0.35202674
v -2.08715912 -0.59044960 0.35202674
v -2.08593551 -0.59456769 0.34820957
v -2.08982863 -0.56209610 0.34091820
v -2.09085739 -0.55497761 0.34081657
v -2.09220774 0.53877086 0.34057925
v -2.09563196 0.52114882 0.34032903
v -2.12480874 0.38829793 0.34240148
v -2.12148192 0.39376322 0.33991106
v -2.13697282 -0.39859794 0.36437418
v -2.13775248 -0.39859794 0.36437415
v -2.13520085 0.37749288 0.35781082
v -2.13692011 0.37571966 0.36051965
v -2.12107856 0.46011963 0.36221605
v -2.11682976 0.47717706 0.36217594
v -2.11956315 -0.40326989 0.34101800
v -2.12017534 -0.40326989 0.34101797
v -2.09089606 -0.56737375 0.34590206
v -2.09239347 -0.55410304 0.34394851
v -2.13451029 -0.38025592 0.35438253
v -2.13688283 -0.37761079 0.35784861
v -2.12107894 -0.46012126 0.36221609
v -2.12455638 -0.44369423 0.36224557
v -2.13955905 0.37550981 0.36395394
v -2.14046367 0.37550981 0.36395394
v -2.13276359 0.41282050 0.35879009
v -2.13368060 0.39684672 0.35446001
v -2.09977137 0.56218618 0.35591580
v -2.09484043 0.57574147 0.35209493
v -2.08286219 0.58938267 0.34122721
v -2.08225256 0.59439262 0.34208208
v -2.08134743 0.59439262 0.34208208
v -2.11678955 0.47678883 0.36321842
v -2.11707535 0.47659439 0.36373963
v -2.09703618 0.57867585 0.36385524
v -2.09501224 0.58530549 0.36279674
v -2.09311301 -0.53877195 0.34057925
v -2.09563247 -0.52114991 0.34032903
v -2.09220813 -0.53877195 0.34057925
v -2.12096789 -0.40269743 0.33915068
v -2.12005625 -0.40269743 0.33915068
v -2.13999725 -0.37334757 0.36045656
v -2.13908548 -0.37334757 0.36045656
v -2.08195719 0.58938267 0.34122721
v -2.08119783 0.58938267 0.34122721
v -2.08581999 0.56872883 0.34244341
v -2.08867363 0.55449549 0.34222773
v -2.08546565 0.56889018 0.34196921
v -2.08286283 -0.58938427 0.34122721
v -2.08195770 -0.58938427 0.34122721
v -2.12213316 0.39822964 0.33953087
v -2.12238692 0.39376322 0.33991106
v -2.12028920 0.42976657 0.34378538
v -2.12334069 0.41437050 0.34367066
v -2.12617352 -0.38829904 0.34240148
v -2.12526175 -0.38829904 0.34240148
v -2.12882267 -0.38469054 0.34583983
v -2.13230203 -0.38132674 0.34944278
v -2.09502092 0.56593327 0.34836762
v -2.09802543 0.55177275 0.34827955
v -2.13009402 0.41287293 0.35807626
v -2.12820614 0.41300990 0.35457572
v -2.12690174 0.42835254 0.35803114
v -2.13198700 0.41294180 0.36219298
v -2.12846246 0.42799102 0.36227321
v -2.09062022 0.58343223 0.35186772
v -2.08715159 0.58975316 0.34812149
v -2.08941078 0.58815709 0.35174697
v -2.08452133 0.58762729 0.34324850
v -2.08337341 0.59194815 0.34373697
v -2.08391374 0.59182612 0.34381854
v -2.09303501 -0.58889909 0.36013208
v -2.09212975 -0.58889909 0.36013212
v -2.09410762 -0.58530658 0.36279678
v -2.08864312 -0.59035578 0.35631029
v -2.08622373 -0.59230613 0.35224150
v -2.08633134 -0.59168731 0.35217005
v -2.10122110 0.56525867 0.36073837
v -2.10179633 0.56024846 0.35942611
v -2.10111815 0.55763633 0.36419165
v -2.09802199 0.56934191 0.36406726
v -2.09501262 -0.58530658 0.36279674
v -2.10179723 -0.56024955 0.35942611
v -2.10640203 -0.54486286 0.36216815
v -2.13520123 -0.37749422 0.35781082
v -2.13692049 -0.37572075 0.36051965
v -2.13687990 -0.37349586 0.36046020
v -2.13799143 -0.37356319 0.36264000
v -2.09394627 0.58889743 0.36013212
v -2.08720035 0.59374498 0.35026123
v -2.08756069 0.59292387 0.35231288
v -2.08316497 -0.59439371 0.34208205
v -2.08448265 -0.59558949 0.34460474
v -2.08526193 -0.59558949 0.34460477
v -2.09484107 -0.57574256 0.35209493
v -2.09246316 -0.57754249 0.34840075
v -2.12496804 -0.38977644 0.34399644
v -2.12005599 -0.41497627 0.34245031
v -2.12154829 -0.41454448 0.34443564
v -2.12311871 0.38866736 0.34280009
v -2.12030771 0.39403542 0.34036177
v -2.13459747 0.37692566 0.35762743
v -2.13206410 0.37916676 0.35375952
v -2.13213226 0.37966014 0.35404197
v -2.10339407 -0.54517515 0.36071182
v -2.10563080 -0.53065939 0.35862376
v -2.10679990 -0.52949823 0.36069206
v -2.09340238 -0.58406625 0.36092013
v -2.09155752 -0.58695039 0.35892745
v -2.11960330 0.40269606 0.33915068
v -2.09528680 0.52072858 0.34172034
v -2.09491982 0.52086845 0.34125673
v -2.08867401 -0.55449657 0.34222773
v -2.08546629 -0.56889126 0.34196921
v -2.08831444 -0.55465690 0.34175767
v -2.12238743 -0.39376430 0.33991109
v -2.08357024 0.59558840 0.34460477
v -2.08266537 0.59558840 0.34460477
v -2.08404253 -0.59268658 0.34821968
v -2.08225307 -0.59439371 0.34208208
v -2.08357088 -0.59558949 0.34460477
v -2.13427696 0.37817929 0.35319408
v -2.13697244 0.37522239 0.35707715
v -2.13855869 0.37344183 0.36269712
v -2.13931792 0.37344183 0.36269715
v -2.13955943 -0.37551115 0.36395394
v -2.13989118 -0.37447716 0.36332553
v -2.13847763 -0.38485530 0.35899058
v -2.13582261 -0.39733930 0.35867029
v -2.13879994 0.37550981 0.36395394
v -2.11012940 0.48148117 0.34791780
v -2.10428567 0.50109651 0.34523198
v -2.09283870 0.56591808 0.34854687
v -2.09089542 0.56737216 0.34590206
v -2.08845382 0.57870776 0.34596748
v -2.09506764 -0.57850512 0.36172941
v -2.09445558 -0.57850512 0.36172944
v -2.09668707 -0.56953051 0.36352991
v -2.09909995 -0.55815138 0.36312020
v -2.12690225 -0.42835363 0.35803114
v -2.12820666 -0.41301098 0.35457572
v -2.13096609 -0.41295364 0.36229899
v -2.13452165 -0.39851670 0.36232248
v -2.12836634 0.38468920 0.34583983
v -2.12526137 0.38829793 0.34240148
v -2.12435611 0.38829793 0.34240148
v -2.13518860 0.37817929 0.35319408
v -2.12234518 0.39485210 0.34171434
v -2.11956277 0.40326881 0.34101797
v -2.12017496 0.40326881 0.34101797
v -2.09282453 -0.55476591 0.34143738
v -2.08833933 -0.58726108 0.34524443
v -2.08670917 -0.58815709 0.34302449
v -2.09340148 0.58406516 0.36092010
v -2.09278942 0.58406516 0.36092013
v -2.09447485 0.57863239 0.36332344
v -2.09254052 0.58499525 0.36232711
v -2.13450991 0.38025484 0.35438253
v -2.13642510 0.37749288 0.35781082
v -2.09154207 -0.58974378 0.35214379
v -2.09284584 -0.58428369 0.35210830
v -2.09046309 -0.58601239 0.34833482
v -2.09712158 -0.58043920 0.35933762
v -2.09584117 -0.58597990 0.35943670
v -2.12359432 -0.41396152 0.34729199
v -2.12042284 -0.42945747 0.34724588
v -2.12904452 -0.39847614 0.35101333
v -2.08845421 -0.57870891 0.34596748
v -2.08337392 -0.59194924 0.34373697
v -2.08420898 -0.59298157 0.34544400
v -2.09186323 0.58694873 0.35892746
v -2.09125092 0.58694873 0.35892743
v -2.09476627 0.57359940 0.35564210
v -2.09286001 0.58155055 0.35554394
v -2.13460641 -0.37635923 0.35744403
v -2.13213277 -0.37966148 0.35404197
v -2.13206448 -0.37916784 0.35375952
v -2.09067281 -0.58841180 0.35983068
v -2.09242002 -0.58468616 0.36185798
v -2.08359692 -0.59298208 0.34544397
v -2.08359628 0.59298048 0.34544400
v -2.08420847 0.59298048 0.34544397
v -2.08345409 0.58020542 0.34259962
v -2.08308940 0.58043123 0.34212127
v -2.08132905 0.58853855 0.34218854
v -2.10144416 -0.56940484 0.36388987
v -2.10415483 -0.55772223 0.36401477
v -2.08833882 0.58725999 0.34524443
v -2.08670853 0.58815600 0.34302452
v -2.12413528 -0.44346993 0.36379716
v -2.12040906 -0.45984931 0.36325480
v -2.12240939 -0.45957707 0.36429265
v -2.12584854 -0.44339525 0.36431435
v -2.12331439 -0.45957707 0.36429265
v -2.13677165 0.37883038 0.35356690
v -2.13908510 0.37334648 0.36045656
v -2.12782576 0.38642074 0.34721687
v -2.13131584 0.38317140 0.35072619
v -2.12471358 0.38711122 0.34466422
v -2.13096456 -0.38526172 0.34629425
v -2.13064111 -0.38483331 0.34595321
v -2.12794064 -0.38878636 0.34292780
v -2.12736509 0.42877358 0.35470882
v -2.09744452 0.56413284 0.35208705
v -2.10050916 0.55002637 0.35205622
v -2.12027580 0.39383109 0.34002351
v -2.11801699 0.40283912 0.33961747
v -2.11902628 -0.40323428 0.34090139
v -2.12173351 -0.39485344 0.34171437
v -2.12030809 -0.39403651 0.34036174
v -2.11801737 -0.40284049 0.33961747
v -2.13723488 0.37488311 0.36201332
v -2.13725581 0.37641029 0.36263495
v -2.13819401 0.37671025 0.36219490
v -2.13758195 0.37671025 0.36219486
v -2.09916237 0.57861879 0.36315393
v -2.10135481 0.56958980 0.36335806
v -2.09794783 0.57867585 0.36385527
v -2.13319771 -0.39855707 0.36334836
v -2.13000224 -0.41294499 0.36281283
v -2.13294127 -0.39853693 0.36283545
v -2.09066119 0.58792286 0.35952934
v -2.09067230 0.58841021 0.35983068
v -2.09241913 0.58468507 0.36185794
v -2.08208420 0.59363230 0.34523431
v -2.08071954 0.59317067 0.34290977
v -2.08179597 0.59428470 0.34502459
v -2.13919602 -0.37541108 0.35713749
v -2.13677204 -0.37883172 0.35356690
v -2.13365264 -0.38147895 0.34954873
v -2.13393984 -0.38193586 0.34986631
v -2.12329882 0.39376322 0.33991106
v -2.12549892 0.39582568 0.34147289
v -2.12383378 0.40257084 0.34102307
v -2.12514891 0.39412219 0.34050557
v -2.09338834 -0.58472336 0.35839333
v -2.09456689 -0.57981923 0.35840808
v -2.09286040 -0.58155163 0.35554391
v -2.08941129 -0.58815817 0.35174697
v -2.12616203 0.38512198 0.34618412
v -2.13138975 0.38132565 0.34944278
v -2.10388461 -0.54481366 0.36200496
v -2.10731125 -0.52913827 0.36166903
v -2.13198751 -0.41294314 0.36219298
v -2.12887194 -0.42798189 0.36216726
v -2.12887475 -0.42794992 0.36184923
v -2.11720210 0.49472832 0.36210181
v -2.11192358 0.51350526 0.35931828
v -2.13139013 -0.38132674 0.34944278
v -2.12616242 -0.38512336 0.34618416
v -2.13372017 0.42038925 0.36417535
v -2.14137531 0.37550981 0.36395394
v -2.14079886 0.37955084 0.36438066
v -2.11302312 0.49432276 0.36316309
v -2.10925133 0.51183113 0.36312805
v -2.10285821 0.54482304 0.36211282
v -2.08377473 -0.58938427 0.34122721
v -2.08580646 -0.58882729 0.34186177
v -2.08759669 -0.58058593 0.34179590
v -2.10923627 0.51362474 0.35853154
v -2.10745983 0.51507884 0.35551764
v -2.09101184 0.59210694 0.35221843
v -2.08854024 0.59373921 0.34821413
v -2.08589147 0.59537307 0.34467392
v -2.08461349 0.59419139 0.34221847
v -2.12508905 0.44339391 0.36431432
v -2.12450749 0.44341252 0.36418530
v -2.13820945 -0.37838003 0.36226607
v -2.13819439 -0.37671163 0.36219490
v -2.14249119 -0.37590727 0.36337319
v -2.14237873 -0.37360171 0.36262203
v -2.14234644 -0.37407696 0.36239626
v -2.14113508 -0.37344317 0.36269712
v -2.12589079 0.39316769 0.34453887
v -2.12378706 0.39508135 0.34208811
v -2.12401491 0.39666881 0.34286276
v -2.12173312 0.39485210 0.34171437
v -2.09725752 -0.58489728 0.36217735
v -2.10249200 0.50261977 0.34023825
v -2.11496307 -0.43002623 0.34132907
v -2.10428631 -0.50109808 0.34523195
v -2.09906243 -0.52036550 0.34347386
v -2.10269189 -0.50194280 0.34324065
v -2.09182647 0.59094103 0.35644349
v -2.09391130 0.58782278 0.35610571
v -2.09712094 0.58043812 0.35933762
v -2.10977646 -0.48254755 0.34434211
v -2.10607628 -0.50113793 0.34453102
v -2.09066171 -0.58792439 0.35952934
v -2.09278981 -0.58406625 0.36092013
v -2.11703182 -0.43017114 0.33963037
v -2.10761479 -0.46537562 0.33977279
v -2.11218066 -0.44739202 0.33966266
v -2.13648752 0.37557134 0.36051550
v -2.13474426 0.37735113 0.35776474
v -2.11036388 -0.44739202 0.33966266
v -2.10960465 -0.44739202 0.33966266
v -2.10963477 -0.44724663 0.34058528
v -2.11269009 -0.43014468 0.33994054
v -2.11303971 -0.43010537 0.34040323
v -2.12165003 -0.45957707 0.36429265
v -2.12508943 -0.44339525 0.36431432
v -2.12239573 -0.40308678 0.34237656
v -2.12378706 -0.39508243 0.34208811
v -2.12435598 -0.38977644 0.34399644
v -2.09454040 0.58128431 0.36132475
v -2.09506725 0.57850346 0.36172941
v -2.09456637 0.57981815 0.35840804
v -2.09338783 0.58472228 0.35839333
v -2.09254090 -0.58499633 0.36232714
v -2.09391168 -0.58782387 0.35610571
v -2.09182698 -0.59094212 0.35644345
v -2.14108753 -0.37753170 0.36416730
v -2.14157890 -0.37955224 0.36438066
v -2.14191295 -0.37971595 0.36370641
v -2.14195661 -0.37679022 0.36267140
v -2.13885917 0.37536305 0.36178471
v -2.13866923 0.37620749 0.36053212
v -2.13688245 0.37760945 0.35784861
v -2.13702975 0.37795923 0.35796195
v -2.12929049 0.38680862 0.34444050
v -2.11720248 -0.49472941 0.36210181
v -2.11344269 -0.51228593 0.36209722
v -2.12184366 -0.47646550 0.36408851
v -2.12544888 -0.45962216 0.36412167
v -2.08900244 0.59001886 0.35183501
v -2.08670228 0.59160185 0.34812104
v -2.08173777 0.58811618 0.34266919
v -2.08337061 0.58769380 0.34314987
v -2.08276123 0.59194815 0.34373697
v -2.08398254 0.58769437 0.34314987
v -2.09822750 0.52114828 0.34032907
v -2.11560219 0.43018288 0.33947786
v -2.11469055 0.43018288 0.33947786
v -2.11496269 0.43002514 0.34132907
v -2.11557513 0.43002514 0.34132907
v -2.10261786 0.48352946 0.34127007
v -2.10224871 0.48364686 0.34080927
v -2.11847038 -0.43001474 0.34131851
v -2.11507566 -0.44709256 0.34149080
v -2.12514930 -0.39412327 0.34050557
v -2.12755617 -0.38842088 0.34253328
v -2.12332729 -0.38903789 0.34319917
v -2.11126863 0.44739093 0.33966263
v -2.09816304 0.50253275 0.34054747
v -2.09444958 0.52111372 0.34044519
v -2.10158048 -0.53399256 0.35197462
v -2.09918586 -0.53563270 0.34835792
v -2.12269327 -0.42912760 0.35075430
v -2.08276187 -0.59194924 0.34373697
v -2.08337099 -0.58769546 0.34314987
v -2.08498238 -0.59003832 0.34459421
v -2.08551466 -0.58700483 0.34432321
v -2.13898247 0.37955084 0.36438066
v -2.13026149 0.41293500 0.36332673
v -2.12715167 0.42791817 0.36330410
v -2.13201585 0.38355029 0.35099166
v -2.12916706 0.38677630 0.34750165
v -2.14234605 0.37407588 0.36239626
v -2.14127587 0.37354191 0.36046160
v -2.14135591 0.37944295 0.36251656
v -2.10261824 -0.48353054 0.34127010
v -2.10635901 -0.46507903 0.34115487
v -2.10794820 -0.46498055 0.34161573
v -2.09641813 -0.56971872 0.36299258
v -2.09614841 -0.56990681 0.36245571
v -2.10329719 -0.55871480 0.36211652
v -2.09914654 -0.57180528 0.35936021
v -2.13681493 -0.38649388 0.36087271
v -2.13585759 -0.38550722 0.35858509
v -2.13814512 -0.37572075 0.36051965
v -2.13885955 -0.37536443 0.36178471
v -2.11116550 0.49855513 0.35169629
v -2.11482496 0.48036663 0.35146953
v -2.10862497 0.49990022 0.34793577
v -2.11230639 0.48148850 0.34774267
v -2.13722914 -0.37524444 0.36184186
v -2.13641489 -0.37512784 0.36050401
v -2.13459786 -0.37692674 0.35762743
v -2.13652173 -0.37453467 0.36048790
v -2.08631449 -0.59277038 0.35229492
v -2.08875558 -0.59079539 0.35640985
v -2.08680222 -0.59292496 0.35231288
v -2.11420052 0.51167078 0.36348478
v -2.11797359 0.49417080 0.36351794
v -2.10144314 0.56940376 0.36388987
v -2.10404851 0.55797536 0.36348431
v -2.08864299 0.59035469 0.35631029
v -2.10163167 0.50215498 0.34202956
v -2.08653519 0.57994968 0.34347342
v -2.08491435 0.58742606 0.34354576
v -2.12996012 -0.41295156 0.36242708
v -2.12394420 -0.44369423 0.36224560
v -2.12007693 -0.46008666 0.36234558
v -2.09101247 -0.59210803 0.35221846
v -2.08854075 -0.59374029 0.34821413
v -2.08821168 -0.59436071 0.34821091
v -2.08635521 -0.59472910 0.34488173
v -2.08589198 -0.59537466 0.34467392
v -2.13919564 0.37540971 0.35713749
v -2.13757627 0.37428444 0.35876687
v -2.14249067 0.37590593 0.36337319
v -2.14191257 0.37971464 0.36370644
v -2.14259547 0.37560883 0.36380875
v -2.09169601 -0.58632997 0.35552087
v -2.08979678 -0.58859778 0.35591031
v -2.09186361 -0.58695039 0.35892743
v -2.08275906 -0.58769546 0.34314983
v -2.08112890 -0.59256027 0.34332359
v -2.08132956 -0.58853964 0.34218851
v -2.08173841 -0.58811726 0.34266919
v -2.13761182 0.38004709 0.36233725
v -2.13699976 0.38004709 0.36233725
v -2.13329664 0.39851536 0.36232248
v -2.13096571 0.41295255 0.36229899
v -2.13035365 0.41295227 0.36229899
v -2.10345636 0.54383468 0.36423591
v -2.09977239 0.55770073 0.36405762
v -2.09938601 0.55789309 0.36365573
v -2.09668669 0.56952942 0.36352994
v -2.09525655 0.58873717 0.36003255
v -2.09725675 0.58489620 0.36217731
v -2.09919288 0.57866168 0.36368015
v -2.08684715 -0.59456769 0.34820953
v -2.08388987 -0.59331325 0.34821643
v -2.08179648 -0.59428578 0.34502459
v -2.08455375 0.58938267 0.34122721
v -2.13920738 0.37677210 0.36210408
v -2.13927503 0.37546211 0.36173770
v -2.13929814 0.37575869 0.36159621
v -2.13198802 0.41291037 0.36187553
v -2.12887437 0.42794829 0.36184923
v -2.12892645 0.38650955 0.34728781
v -2.12608072 0.38985108 0.34407944
v -2.11338895 0.43006500 0.34086642
v -2.11634024 0.41497599 0.34067929
v -2.11303933 0.43010428 0.34040323
v -2.12957125 -0.38479741 0.34897155
v -2.13131622 -0.38317278 0.35072622
v -2.13470393 -0.38055984 0.35455769
v -2.13179719 -0.38326736 0.35079257
v -2.08714878 0.57962381 0.34429462
v -2.08551403 0.58700375 0.34432321
v -2.08471867 -0.59285316 0.34547298
v -2.08391437 -0.59182721 0.34381854
v -2.08884416 -0.59034218 0.35197877
v -2.08650494 -0.59194560 0.34819754
v -2.08670291 -0.59160293 0.34812104
v -2.13057779 -0.41286585 0.35466510
v -2.12819236 -0.41323896 0.35070596
v -2.13118807 -0.39778341 0.35052942
v -2.12573748 -0.41379048 0.34700852
v -2.08511220 -0.56905324 0.34149453
v -2.08785657 -0.55493778 0.34093414
v -2.08795460 -0.55481722 0.34128711
v -2.08593487 0.59456609 0.34820953
v -2.08379413 0.59440941 0.34821046
v -2.08631385 0.59276929 0.35229492
v -2.12496383 0.42876940 0.35451528
v -2.10157985 0.53399147 0.35197462
v -2.12573710 0.41378939 0.34700852
v -2.13866961 -0.37620886 0.36053209
v -2.13703014 -0.37796057 0.35796195
v -2.09023269 0.57899968 0.34527254
v -2.09270658 0.56743502 0.34518591
v -2.08912141 0.59139328 0.34824684
v -2.08821104 0.59435963 0.34821091
v -2.09072693 0.59271951 0.35228895
v -2.09015648 0.59292387 0.35231288
v -2.09260562 0.59094103 0.35644345
v -2.09472542 0.58889743 0.36013212
v -2.13782792 -0.37581138 0.36351427
v -2.13766019 -0.37392373 0.36246908
v -2.13821417 -0.37558608 0.36384375
v -2.13822324 -0.37955224 0.36438066
v -2.09260625 -0.59094212 0.35644345
v -2.09525694 -0.58873826 0.36003255
v -2.09316700 -0.59074880 0.35639926
v -2.09820273 0.55002637 0.35205622
v -2.09737266 0.56221873 0.35571629
v -2.09513848 0.56413284 0.35208708
v -2.09255481 0.57552875 0.35203455
v -2.09614905 0.57833216 0.36129806
v -2.09452081 0.58378689 0.36051738
v -2.10077823 0.55865283 0.36194088
v -2.09813253 0.57007396 0.36181005
v -2.11295700 -0.49592311 0.35844723
v -2.12210776 -0.46007827 0.36178930
v -2.09383561 -0.55317238 0.34574627
v -2.09710830 -0.53701025 0.34558084
v -2.10516693 -0.51663414 0.35185113
v -2.10029012 -0.55903698 0.36065151
v -2.09911935 -0.56037892 0.35862833
v -2.10222854 -0.54643909 0.35867307
v -2.10404927 -0.55797644 0.36348431
v -2.09916314 -0.57862039 0.36315393
v -2.10371420 -0.55763741 0.36419168
v -2.10681164 -0.54383577 0.36423591
v -2.10035930 -0.55763741 0.36419168
v -2.10421610 -0.54383577 0.36423591
v -2.12238411 0.40274326 0.33930462
v -2.12174665 0.40269606 0.33915068
v -2.11638134 0.43018288 0.33947786
v -2.11295955 0.44739093 0.33966263
v -2.13308105 0.38132565 0.34944278
v -2.13230164 0.38132565 0.34944275
v -2.13311908 0.38015345 0.35432406
v -2.13581342 0.37749288 0.35781082
v -2.12925947 0.38224866 0.35008474
v -2.12287095 -0.40288584 0.33976637
v -2.12549930 -0.39582705 0.34147286
v -2.09836625 -0.52063585 0.34257061
v -2.09801548 -0.52060075 0.34228028
v -2.10163231 -0.50215607 0.34202959
v -2.10198384 -0.50219219 0.34231944
v -2.09669780 -0.57430001 0.36182388
v -2.09710307 -0.57009489 0.36191835
v -2.09766203 -0.57040935 0.36052846
v -2.13479200 -0.37536577 0.35712278
v -2.13342569 -0.38015479 0.35432406
v -2.13474465 -0.37735247 0.35776474
v -2.13687926 0.37349477 0.36046020
v -2.13606731 0.37522239 0.35707718
v -2.14022344 -0.37344317 0.36269715
v -2.12927862 -0.38469054 0.34583983
v -2.10220186 0.54432892 0.36317461
v -2.09881301 0.55840718 0.36258469
v -2.13070404 0.38317140 0.35072622
v -2.13403749 0.38015345 0.35432403
v -2.10626953 0.53224184 0.35585265
v -2.10986135 0.51504897 0.35571444
v -2.11564802 0.49581146 0.35923161
v -2.12130807 0.40330391 0.34111475
v -2.12164607 0.40341001 0.34140556
v -2.09706095 -0.56938959 0.36393320
v -2.12450788 -0.44341360 0.36418530
v -2.11602061 0.41490128 0.33928474
v -2.11259895 0.43017321 0.33959354
v -2.11839163 0.40269606 0.33915068
v -2.11795482 0.40273199 0.33926725
v -2.13782754 0.37581004 0.36351427
v -2.13765981 0.37392235 0.36246905
v -2.10627017 -0.53224292 0.35585265
v -2.10986198 -0.51505006 0.35571444
v -2.10388665 -0.53399256 0.35197462
v -2.12688885 0.42795486 0.36278893
v -2.12684455 0.42798183 0.36240226
v -2.12359968 0.44361819 0.36276308
v -2.08762643 -0.59456769 0.34820957
v -2.08078515 0.58927743 0.34134752
v -2.09487285 0.52114828 0.34032903
v -2.09102447 0.53873263 0.34069630
v -2.09913927 -0.55866553 0.36204922
v -2.10224654 -0.54482412 0.36211282
v -2.10185837 -0.54476234 0.36224557
v -2.11644223 -0.47712939 0.36230639
v -2.12622356 0.38479741 0.34592555
v -2.13261208 0.37817929 0.35319412
v -2.12622407 -0.38479875 0.34592555
v -2.12836672 -0.38469054 0.34583983
v -2.09117050 0.58849503 0.35585080
v -2.08884353 0.59034110 0.35197877
v -2.09292026 0.58686015 0.35884679
v -2.09303170 0.58659401 0.35860388
v -2.09131487 0.58819161 0.35567200
v -2.08461413 -0.59419248 0.34221850
v -2.11306537 -0.44714969 0.34189409
v -2.11271345 -0.44711251 0.34160466
v -2.11610103 -0.43003829 0.34142586
v -2.12130845 -0.40330528 0.34111475
v -2.12347153 -0.39491056 0.34180742
v -2.14191372 0.37344183 0.36269715
v -2.14215497 0.37550981 0.36395394
v -2.14237835 0.37360034 0.36262203
v -2.08872162 -0.58976944 0.35617668
v -2.08880025 -0.58918361 0.35604345
v -2.09125143 -0.58695039 0.35892746
v -2.10388423 0.54481257 0.36200496
v -2.10079827 0.55861882 0.36161555
v -2.11470651 0.49472832 0.36168885
v -2.11094046 0.51226130 0.36164918
v -2.08949030 0.58859619 0.35591031
v -2.13821379 0.37558500 0.36384375
v -2.13763658 0.37958205 0.36425295
v -2.13814474 0.37571966 0.36051962
v -2.08879974 -0.56921459 0.34101982
v -2.09229046 -0.55492463 0.34097192
v -2.09163679 -0.55497761 0.34081657
v -2.10930558 -0.46537562 0.33977279
v -2.11295993 -0.44739202 0.33966263
v -2.13862558 -0.38007412 0.36223169
v -2.13918645 -0.37695894 0.36183168
v -2.13920777 -0.37677347 0.36210411
v -2.13927503 -0.37546345 0.36173770
v -2.13858218 -0.37584284 0.36052290
v -2.11435050 0.43002514 0.34132907
v -2.11096292 0.44709856 0.34150790
v -2.08526129 0.59558840 0.34460474
v -2.08762604 0.59456609 0.34820953
v -2.14157839 0.37955084 0.36438063
v -2.14201826 0.37959172 0.36421198
v -2.13171933 0.42784589 0.36433509
v -2.12892657 -0.38651089 0.34728781
v -2.12972576 -0.38132674 0.34944278
v -2.13211541 -0.37830403 0.35326461
v -2.13261246 -0.37818038 0.35319412
v -2.09805798 0.50263027 0.34020139
v -2.08219716 0.58779968 0.34302959
v -2.08158817 0.59210069 0.34363374
v -2.08998008 -0.56900129 0.34164614
v -2.10403944 -0.50206802 0.34195906
v -2.10562901 -0.46527659 0.34023365
v -2.10552689 -0.46535101 0.33988802
v -2.10917946 -0.44737370 0.33977789
v -2.10927660 -0.44731894 0.34012397
v -2.12169151 -0.46012126 0.36221605
v -2.11846553 -0.47716768 0.36206910
v -2.12210138 -0.46011025 0.36210918
v -2.08150775 0.59493652 0.34481449
v -2.08146333 0.59542540 0.34465685
v -2.08505623 0.59280861 0.35022896
v -2.08373695 0.59393942 0.34821320
v -2.12028958 -0.42976765 0.34378538
v -2.12334107 -0.41437184 0.34367066
v -2.12145537 -0.41481040 0.34114794
v -2.12853253 -0.39947538 0.34689240
v -2.12590125 -0.40125332 0.34356098
v -2.12313416 0.38839015 0.34250101
v -2.12670197 0.38468920 0.34583983
v -2.12746121 0.38468920 0.34583986
v -2.12154791 0.41454314 0.34443564
v -2.11709373 0.43002623 0.34260150
v -2.12359394 0.41396044 0.34729202
v -2.12042246 0.42945639 0.34724588
v -2.09472606 -0.58889909 0.36013208
v -2.09719919 -0.58520440 0.36264188
v -2.13582453 0.38682710 0.36387321
v -2.13556285 0.38682812 0.36336122
v -2.13519421 -0.41293057 0.36367648
v -2.13208580 -0.42789465 0.36365478
v -2.12535251 -0.45975708 0.36360736
v -2.08119847 -0.58938427 0.34122718
v -2.08017603 -0.59424124 0.34218579
v -2.08190664 -0.59558949 0.34460477
v -2.08058870 -0.59439371 0.34208208
v -2.08875545 0.59079430 0.35640985
v -2.09085228 0.58877591 0.36005655
v -2.08427089 0.59456609 0.34820953
v -2.08680158 0.59292387 0.35231288
v -2.13662844 -0.37394124 0.36047216
v -2.13744792 -0.37440418 0.36224146
v -2.11559007 -0.41490865 0.33940086
v -2.11602112 -0.41490237 0.33928477
v -2.11795508 -0.40273308 0.33926725
v -2.12027618 -0.39383244 0.34002348
v -2.08017539 0.59424015 0.34218579
v -2.08092020 0.58896087 0.34170786
v -2.13725632 -0.37641163 0.36263495
v -2.13719480 -0.37663644 0.36230499
v -2.13700014 -0.38004843 0.36233725
v -2.08146384 -0.59542649 0.34465685
v -2.08427153 -0.59456769 0.34820953
v -2.11808030 -0.49395077 0.36403551
v -2.11420090 -0.51167186 0.36348478
v -2.10714990 -0.54416177 0.36353546
v -2.08394386 0.59439262 0.34208208
v -2.09062086 -0.58343332 0.35186772
v -2.08715223 -0.58975425 0.34812149
v -2.11864002 -0.40312686 0.34055117
v -2.12085046 -0.39458123 0.34126314
v -2.10999308 -0.44717276 0.34104656
v -2.11041482 -0.44711825 0.34139270
v -2.12778351 -0.42785610 0.36420646
v -2.12836430 -0.42784697 0.36433509
v -2.13582491 -0.38682844 0.36387324
v -2.13556324 -0.38682949 0.36336122
v -2.13470355 0.38055850 0.35455772
v -2.08650443 0.59194451 0.34819754
v -2.08471803 0.59285207 0.34547298
v -2.13096418 0.38526064 0.34629425
v -2.12853215 0.39947404 0.34689240
v -2.09117114 -0.58849662 0.35585080
v -2.09292077 -0.58686123 0.35884679
v -2.09670354 0.58530549 0.36279674
v -2.09089491 0.56850239 0.34284387
v -2.09376463 0.55427645 0.34264710
v -2.08887697 -0.56861568 0.34331115
v -2.09174031 -0.55438240 0.34308860
v -2.08431135 -0.59146093 0.34406282
v -2.08491473 -0.58742715 0.34354576
v -2.12332690 0.38903651 0.34319917
v -2.12057896 0.39430769 0.34081246
v -2.12085007 0.39457989 0.34126317
v -2.11902589 0.40323294 0.34090139
v -2.09875199 -0.55860107 0.36218331
v -2.10220224 -0.54433001 0.36317461
v -2.10533096 -0.52893701 0.36262765
v -2.08519632 0.59358622 0.34262821
v -2.08580582 0.58882569 0.34186180
v -2.09282389 0.55476482 0.34143735
v -2.08945099 0.56916002 0.34117653
v -2.10724991 0.52821125 0.36420828
v -2.10421521 0.54383468 0.36423591
v -2.10687023 0.52821125 0.36420828
v -2.09872748 0.57867585 0.36385524
v -2.10099740 0.56934191 0.36406729
v -2.10204728 -0.49277884 0.34183233
v -2.10421151 -0.48341371 0.34173141
v -2.09334826 -0.58530658 0.36279678
v -2.09537284 -0.57867693 0.36385527
v -2.10595055 -0.46537562 0.33977279
v -2.09487323 -0.52114991 0.34032903
v -2.09102511 -0.53873423 0.34069633
v -2.10269125 0.50194172 0.34324065
v -2.09906204 0.52036441 0.34347386
v -2.11755606 0.43013102 0.34008849
v -2.11703144 0.43017005 0.33963040
v -2.12287057 0.40288472 0.33976637
v -2.09568174 0.57861771 0.36035974
v -2.09451264 0.58264045 0.35986342
v -2.10028973 0.55903539 0.36065154
v -2.12608111 -0.38985242 0.34407941
v -2.12635950 -0.39007957 0.34432688
v -2.09444664 0.58399547 0.36081926
v -2.13492909 0.39850489 0.36221698
v -2.13492884 0.39847371 0.36190042
v -2.13681454 0.38649251 0.36087271
v -2.13439452 0.39824367 0.36074778
v -2.13368098 -0.39684780 0.35446004
v -2.13088836 0.41292007 0.36422672
v -2.13619317 0.38682656 0.36425717
v -2.10963439 0.44724478 0.34058528
v -2.10927622 0.44731786 0.34012397
v -2.11268971 0.43014360 0.33994054
v -2.10917908 0.44737262 0.33977786
v -2.10714952 0.54416062 0.36353546
v -2.10640114 0.54486178 0.36216815
v -2.13866374 0.37522264 0.35707715
v -2.14077589 0.37334648 0.36045656
v -2.13596826 0.37817929 0.35319408
v -2.10077862 -0.55865392 0.36194088
v -2.10079866 -0.55861990 0.36161551
v -2.09744503 -0.56413392 0.35208705
v -2.09714328 -0.57377287 0.35589969
v -2.13582223 0.39733793 0.35867029
v -2.13667286 0.38226515 0.35458583
v -2.09405337 0.57854642 0.36226076
v -2.13866412 -0.37522373 0.35707715
v -2.14077640 -0.37334757 0.36045656
v -2.13596864 -0.37818038 0.35319408
v -2.12937014 -0.38271140 0.35040545
v -2.12960578 -0.38305751 0.35064603
v -2.10682747 0.53602296 0.36422210
v -2.10603199 0.54383468 0.36423591
v -2.10681126 0.54383468 0.36423591
v -2.11066640 0.52829090 0.36403458
v -2.13754199 -0.37611163 0.36307466
v -2.08623918 -0.56860885 0.34279919
v -2.08964565 -0.55433625 0.34269781
v -2.10688159 0.52917752 0.36210085
v -2.10347027 0.54482304 0.36211279
v -2.10729491 0.52916757 0.36199255
v -2.11859675 -0.41490237 0.33928477
v -2.11768511 -0.41490237 0.33928474
v -2.10062519 0.57026728 0.36200407
v -2.09851304 0.57904525 0.36184923
v -2.09584066 0.58597882 0.35943670
v -2.08872111 0.58976835 0.35617668
v -2.08633070 0.59168565 0.35217005
v -2.09229837 0.58437483 0.36138882
v -2.09064996 0.58743608 0.35922836
v -2.08838260 0.59044851 0.35202674
v -2.08603048 0.59205818 0.34822294
v -2.13530093 0.38682918 0.36284972
v -2.13661286 0.38001617 0.36246493
v -2.08964514 0.55433517 0.34269781
v -2.09344131 0.53816353 0.34244571
v -2.08766740 0.56149134 0.34268974
v -2.08678601 0.56856692 0.34291758
v -2.09480456 0.57866487 0.36372252
v -2.09537182 0.57867585 0.36385527
v -2.09280283 0.58522788 0.36267925
v -2.09542377 0.58825454 0.35973437
v -2.09342216 0.59016712 0.35626746
v -2.09609965 -0.57004773 0.36205292
v -2.09236130 -0.58414379 0.36103719
v -2.09404928 -0.57851553 0.36186254
v -2.13085344 0.38137019 0.35232949
v -2.12960552 0.38305614 0.35064603
v -2.12013143 0.45998369 0.36273544
v -2.12007616 0.46008558 0.36234555
v -2.11644184 0.47712830 0.36230636
v -2.11273502 0.49454601 0.36264054
v -2.10896502 0.51206638 0.36260403
v -2.13753268 0.37571966 0.36051965
v -2.13641450 0.37512650 0.36050401
v -2.08031108 -0.59378267 0.34249591
v -2.08092084 -0.58896195 0.34170786
v -2.09072757 -0.59272060 0.35228895
v -2.09342280 -0.59016820 0.35626746
v -2.13929878 -0.37576006 0.36159621
v -2.11066679 -0.52829198 0.36403458
v -2.11022590 -0.52821233 0.36420831
v -2.11386583 -0.51136111 0.36417646
v -2.10762998 -0.52821233 0.36420828
v -2.10869071 -0.51978672 0.36419239
v -2.11127004 -0.51136111 0.36417649
v -2.08214993 -0.59194924 0.34373697
v -2.08245386 -0.59314502 0.34539145
v -2.08431007 -0.59221653 0.34822195
v -2.13862519 0.38007278 0.36223169
v -2.13822439 0.38004709 0.36233722
v -2.13918607 0.37695785 0.36183171
v -2.09670392 -0.58530658 0.36279674
v -2.12671831 0.38631253 0.34713071
v -2.12645523 0.38598793 0.34687261
v -2.12384450 0.38968288 0.34389694
v -2.10746046 -0.51507993 0.35551764
v -2.10923690 -0.51362583 0.35853157
v -2.10047546 -0.54818554 0.35573193
v -2.09820337 -0.55002746 0.35205619
v -2.09452119 -0.58378798 0.36051738
v -2.09614943 -0.57833325 0.36129806
v -2.09813291 -0.57007504 0.36181005
v -2.09610361 -0.57846211 0.36162151
v -2.13460602 0.37635814 0.35744403
v -2.13662793 0.37393990 0.36047216
v -2.12046650 0.46011963 0.36221609
v -2.09802607 -0.55177441 0.34827955
v -2.11230690 -0.48148959 0.34774270
v -2.08849607 -0.58004089 0.34298074
v -2.09470187 -0.55375668 0.34384139
v -2.09089542 -0.56850348 0.34284387
v -2.10589975 -0.52845393 0.36368161
v -2.10953815 -0.51159690 0.36365254
v -2.09137001 0.58889743 0.36013212
v -2.13005764 0.38468920 0.34583983
v -2.08214942 0.59194815 0.34373697
v -2.11218730 0.44709856 0.34150787
v -2.11610065 0.43003721 0.34142583
v -2.11938496 0.41507188 0.34153091
v -2.08620357 -0.56921459 0.34101985
v -2.08462504 -0.57504903 0.34109243
v -2.08078579 -0.58927851 0.34134752
v -2.10304828 -0.48344307 0.34161618
v -2.09227974 -0.53820284 0.34232911
v -2.09282989 -0.53816461 0.34244571
v -2.12166381 0.44495703 0.35457431
v -2.12020100 0.46091926 0.35817997
v -2.14201877 -0.37959306 0.36421195
v -2.14259598 -0.37561018 0.36380875
v -2.14215497 -0.37551115 0.36395394
v -2.14191410 -0.37344317 0.36269715
v -2.08900295 -0.59001994 0.35183501
v -2.09131550 -0.58819270 0.35567203
v -2.13648790 -0.37557242 0.36051550
v -2.13763492 -0.37536443 0.36178474
v -2.13723526 -0.37488445 0.36201332
v -2.10275431 0.51814211 0.34824409
v -2.10062200 0.51945947 0.34540804
v -2.11600376 0.46267544 0.35113223
v -2.11251854 0.48036663 0.35146953
v -2.12265172 -0.39485344 0.34171435
v -2.12078766 -0.40326989 0.34101797
v -2.12234557 -0.39485344 0.34171437
v -2.12295788 -0.39485344 0.34171434
v -2.13642548 -0.37749422 0.35781082
v -2.13005802 -0.38469054 0.34583983
v -2.13308143 -0.38132674 0.34944278
v -2.09919326 -0.57866276 0.36368015
v -2.10099778 -0.56934300 0.36406729
v -2.09010224 0.58859619 0.35591028
v -2.09247503 0.58694873 0.35892746
v -2.10359894 0.48341209 0.34173141
v -2.09988242 0.50214289 0.34193322
v -2.10421100 0.48341209 0.34173141
v -2.08618097 0.57997221 0.34317664
v -2.08887646 0.56861459 0.34331115
v -2.13530871 -0.37522373 0.35707715
v -2.11295662 0.49592203 0.35844723
v -2.11665654 0.47815275 0.35834036
v -2.11115184 0.49719743 0.35535311
v -2.12210100 0.46010916 0.36210918
v -2.12210738 0.46007719 0.36178930
v -2.11847408 0.47713459 0.36174827
v -2.12313454 -0.38839152 0.34250101
v -2.12592691 -0.41341214 0.35082668
v -2.11839201 -0.40269743 0.33915068
v -2.12072307 -0.39376430 0.33991106
v -2.08158868 -0.59210177 0.34363377
v -2.08219780 -0.58780076 0.34302959
v -2.08262248 0.58082584 0.34128439
v -2.08831405 0.55465581 0.34175767
v -2.10191785 0.54457573 0.36264367
v -2.10185798 0.54476126 0.36224557
v -2.12407810 0.39376322 0.33991106
v -2.12755592 0.38841980 0.34253328
v -2.08945150 -0.56916117 0.34117653
v -2.08522376 -0.58924488 0.34138578
v -2.08455439 -0.58938427 0.34122721
v -2.13035403 -0.41295364 0.36229899
v -2.12684506 -0.42798317 0.36240226
v -2.11728788 -0.41500218 0.34114430
v -2.11790006 -0.41500218 0.34114427
v -2.12558010 -0.38977644 0.34399644
v -2.11366237 -0.46352173 0.34762377
v -2.11708147 -0.44613733 0.34735696
v -2.10798636 -0.48251717 0.34504167
v -2.09085266 -0.58877700 0.36005652
v -2.09137039 -0.58889909 0.36013212
v -2.08925097 -0.59094212 0.35644349
v -2.13198853 -0.41291145 0.36187550
v -2.09139337 -0.55434774 0.34279549
v -2.08853322 -0.56858000 0.34301622
v -2.13581342 -0.37749422 0.35781082
v -2.13403788 -0.38015479 0.35432403
v -2.13738142 0.39824842 0.36210223
v -2.13847763 0.38485399 0.35899058
v -2.14057727 0.38682656 0.36421616
v -2.14049622 0.38682736 0.36370966
v -2.08298448 0.59298048 0.34544397
v -2.08480662 0.59205818 0.34822291
v -2.10562863 0.46527551 0.34023365
v -2.10552651 0.46534938 0.33988802
v -2.08901214 -0.58874400 0.35594347
v -2.08643920 -0.59106848 0.35209860
v -2.08667317 -0.59060411 0.35204470
v -2.09280334 -0.58522897 0.36267925
v -2.12295750 0.39485210 0.34171434
v -2.12347114 0.39490947 0.34180742
v -2.12923816 0.38144095 0.34952294
v -2.09173992 0.55438131 0.34308860
v -2.08853258 0.56857891 0.34301625
v -2.09311390 0.55363637 0.34484742
v -2.08950830 0.56832739 0.34415546
v -2.10628498 -0.52827261 0.36407696
v -2.11051080 -0.51136111 0.36417649
v -2.10687062 -0.52821233 0.36420828
v -2.12068630 -0.45971305 0.36377371
v -2.08901176 0.58874291 0.35594347
v -2.09079458 0.58707082 0.35900255
v -2.10627030 -0.52917912 0.36210085
v -2.10729567 -0.52916865 0.36199255
v -2.13981906 -0.38633589 0.36219212
v -2.13820269 -0.39859115 0.36420505
v -2.14049660 -0.38682870 0.36370966
v -2.13812738 -0.39857095 0.36369725
v -2.14134863 -0.37413042 0.36047724
v -2.14173093 -0.37544985 0.36172060
v -2.14044427 -0.37830062 0.36029662
v -2.12069830 0.46178805 0.35502126
v -2.12406508 0.44495492 0.35476830
v -2.13233751 -0.38003143 0.35425357
v -2.13822439 -0.38004843 0.36233722
v -2.13157866 -0.41295364 0.36229899
v -2.13492948 -0.39850623 0.36221698
v -2.12353573 -0.38940732 0.34359781
v -2.12645562 -0.38598901 0.34687261
v -2.12671844 -0.38631387 0.34713071
v -2.09649101 -0.57009489 0.36191832
v -2.12470254 -0.39385420 0.34005945
v -2.12695292 -0.38829904 0.34240148
v -2.12407822 -0.39376430 0.33991106
v -2.09405413 -0.57854801 0.36226076
v -2.09229876 -0.58437642 0.36138882
v -2.09079509 -0.58707191 0.35900255
v -2.08190600 0.59558840 0.34460477
v -2.11361233 0.44736687 0.33981520
v -2.11049995 0.46524408 0.34038108
v -2.10996027 0.46534153 0.33992488
v -2.12238450 -0.40274434 0.33930462
v -2.12002140 -0.41491050 0.33943823
v -2.11937590 -0.41490237 0.33928477
v -2.12386761 -0.44354434 0.36328010
v -2.12715205 -0.42791925 0.36330410
v -2.12013181 -0.45998477 0.36273544
v -2.10110705 -0.50214397 0.34193325
v -2.10534896 -0.48342575 0.34182772
v -2.12359687 0.38829793 0.34240151
v -2.09455374 -0.52101001 0.34079309
v -2.09816355 -0.50253383 0.34054750
v -2.09528770 -0.52072967 0.34172030
v -2.09492021 -0.52086954 0.34125670
v -2.08620318 0.56921350 0.34101985
v -2.08342568 0.58088188 0.34116501
v -2.08304600 0.58088188 0.34116501
v -2.08304664 -0.58088347 0.34116501
v -2.08501787 -0.56917425 0.34113830
v -2.08846621 -0.59292496 0.35231288
v -2.09091534 -0.59094212 0.35644345
v -2.08640167 0.58088188 0.34116501
v -2.13697244 0.39859660 0.36437418
v -2.13404439 0.41291799 0.36435533
v -2.13482366 0.41291799 0.36435533
v -2.13775197 0.39859660 0.36437415
v -2.13527272 0.41292086 0.36418568
v -2.10725266 0.54391593 0.36406082
v -2.11056288 0.52852988 0.36351290
v -2.08635470 0.59472801 0.34488173
v -2.09046245 0.58601130 0.34833485
v -2.08704079 0.59243078 0.34511082
v -2.09455310 0.52100838 0.34079309
v -2.09706056 0.56938850 0.36393320
v -2.08298499 -0.59298208 0.34544397
v -2.08208483 -0.59363390 0.34523431
v -2.11709411 -0.43002731 0.34260150
v -2.11903674 -0.41501977 0.34124061
v -2.11938534 -0.41507296 0.34153091
v -2.09444703 -0.58399655 0.36081926
v -2.09303233 -0.58659509 0.35860392
v -2.09610284 0.57846051 0.36162151
v -2.09401405 0.58406516 0.36092010
v -2.09567931 0.57850346 0.36172941
v -2.10725304 -0.54391759 0.36406078
v -2.08801326 0.59292387 0.35231290
v -2.09000969 0.59094103 0.35644345
v -2.11971263 -0.47640155 0.36426039
v -2.12140329 -0.47640155 0.36426039
v -2.13719480 0.37663536 0.36230499
v -2.13722875 0.37524310 0.36184186
v -2.08245322 0.59314336 0.34539145
v -2.08430944 0.59221544 0.34822195
v -2.08404189 0.59268549 0.34821965
v -2.09060241 -0.59193354 0.35437817
v -2.09015712 -0.59292496 0.35231292
v -2.10483301 0.47462832 0.33983018
v -2.10930507 0.46537453 0.33977279
v -2.10555242 0.48388211 0.33988754
v -2.10136438 -0.53564681 0.34818142
v -2.10241503 -0.51950928 0.34470570
v -2.12005561 0.41497519 0.34245031
v -2.11645257 0.43007339 0.34171526
v -2.12923854 -0.38144226 0.34952294
v -2.13199542 -0.37867424 0.35347656
v -2.12914957 -0.38178837 0.34976355
v -2.10896540 -0.51206801 0.36260406
v -2.11267299 -0.49471479 0.36224828
v -2.10527058 -0.52911833 0.36223265
v -2.10890349 -0.51224454 0.36221053
v -2.13763492 0.37536305 0.36178474
v -2.13758233 -0.37671163 0.36219486
v -2.10047482 0.54818445 0.35573196
v -2.13345377 0.39857615 0.36386083
v -2.10386955 -0.53227385 0.35565496
v -2.10490781 0.54631170 0.35946705
v -2.10831326 0.53053465 0.35941411
v -2.08582050 -0.56872992 0.34244345
v -2.08909677 -0.55437659 0.34258028
v -2.12635912 0.39007823 0.34432688
v -2.09924011 -0.50266381 0.34008574
v -2.10014473 -0.50266381 0.34008571
v -2.10386214 -0.48388323 0.33988751
v -2.10183565 -0.50266381 0.34008571
v -2.10555293 -0.48388323 0.33988751
v -2.08838094 -0.58512155 0.34832518
v -2.08667432 -0.58627438 0.34586335
v -2.13822273 0.37955084 0.36438066
v -2.13881130 0.37685149 0.36105378
v -2.13719225 0.37853746 0.35849842
v -2.10977582 0.48254646 0.34434207
v -2.11557551 -0.43002623 0.34132907
v -2.10953751 0.51159582 0.36365254
v -2.10561497 0.52869435 0.36315437
v -2.10992376 0.51141874 0.36404559
v -2.10589975 0.52845285 0.36368161
v -2.08502259 0.59246690 0.34555924
v -2.08838043 0.58512047 0.34832518
v -2.08667381 0.58627330 0.34586335
v -2.13184608 -0.38132674 0.34944278
v -2.13518898 -0.37818038 0.35319408
v -2.13652607 -0.37834335 0.35328714
v -2.13858179 0.37584150 0.36052287
v -2.09480494 -0.57866596 0.36372252
v -2.10347066 -0.54482412 0.36211282
v -2.10688236 -0.52917912 0.36210085
v -2.14127626 -0.37354328 0.36046160
v -2.10831365 -0.53053573 0.35941411
v -2.10490820 -0.54631279 0.35946705
v -2.10287506 -0.54815413 0.35593054
v -2.10050954 -0.55002746 0.35205622
v -2.09977201 -0.56218784 0.35591583
v -2.13452127 0.39851536 0.36232248
v -2.13157828 0.41295227 0.36229899
v -2.13238098 -0.37975356 0.35131843
v -2.09112621 -0.53862050 0.34104608
v -2.09445022 -0.52111481 0.34044519
v -2.08373746 -0.59394050 0.34821317
v -2.08150826 -0.59493760 0.34481446
v -2.12695254 0.38829793 0.34240148
v -2.08777067 0.59044851 0.35202674
v -2.10287098 -0.54389767 0.36410323
v -2.08394437 -0.59439371 0.34208208
v -2.13797758 -0.37966985 0.36049067
v -2.13881168 -0.37685287 0.36105378
v -2.08058819 0.59439262 0.34208208
v -2.10035854 0.55763633 0.36419168
v -2.12289087 0.46086919 0.35895925
v -2.09247567 -0.58695039 0.35892746
v -2.09401444 -0.58406625 0.36092010
v -2.09568008 -0.57850512 0.36172941
v -2.08565507 0.57998013 0.34307752
v -2.13742111 -0.37334757 0.36045656
v -2.09542428 -0.58825563 0.35973437
v -2.11792291 0.47736834 0.36068236
v -2.12153310 0.46026661 0.36067362
v -2.12828069 0.42802877 0.36068233
v -2.12289125 -0.46087082 0.35895928
v -2.09766165 0.57040769 0.36052846
v -2.09649931 0.57174809 0.35852698
v -2.09816036 0.57001416 0.36148468
v -2.12166458 -0.44495811 0.35457431
v -2.11600389 -0.46267652 0.35113223
v -2.11937500 -0.44556800 0.35084101
v -2.09881339 -0.55840826 0.36258469
v -2.11469604 -0.49476036 0.36201048
v -2.11094084 -0.51226238 0.36164921
v -2.11470689 -0.49472941 0.36168885
v -2.10675242 0.48372702 0.34049590
v -2.10620916 0.48384334 0.34003960
v -2.10041432 0.52050747 0.34218809
v -2.10403906 0.50206694 0.34195906
v -2.13744741 0.37440284 0.36224146
v -2.13652134 0.37453333 0.36048790
v -2.11302644 0.43018288 0.33947786
v -2.10595017 0.46537453 0.33977282
v -2.12078714 0.40326881 0.34101797
v -2.08501749 0.56917317 0.34113830
v -2.08828099 0.55497652 0.34081661
v -2.10527007 0.52911724 0.36223265
v -2.10224603 0.54482304 0.36211282
v -2.10041495 -0.52050856 0.34218809
v -2.10303590 -0.50249244 0.34069541
v -2.10620954 -0.48384442 0.34003960
v -2.13290170 0.39852037 0.36245060
v -2.08746521 -0.59044960 0.35202674
v -2.09010287 -0.58859778 0.35591031
v -2.09571569 -0.52062433 0.34206782
v -2.09933163 -0.50217649 0.34181757
v -2.12164964 0.45957599 0.36429265
v -2.11804775 0.47640047 0.36426039
v -2.12240901 0.45957599 0.36429265
v -2.11971199 0.47640047 0.36426039
v -2.12778313 0.42785501 0.36420643
v -2.13052189 0.41292635 0.36384101
v -2.12741462 0.42788201 0.36381976
v -2.08801064 -0.56856800 0.34291762
v -2.08177191 -0.58489444 0.34149613
v -2.08272523 -0.58065767 0.34164340
v -2.08309004 -0.58043231 0.34212127
v -2.09649063 0.57009381 0.36191835
v -2.09445469 0.57850346 0.36172941
v -2.09913888 0.55866445 0.36204922
v -2.13233713 0.38003034 0.35425354
v -2.12360006 -0.44361927 0.36276311
v -2.12355232 -0.44367508 0.36237504
v -2.08949069 -0.58859778 0.35591031
v -2.09030404 0.57730768 0.34853350
v -2.12846284 -0.42799236 0.36227321
v -2.12260303 -0.42945166 0.34707030
v -2.11691936 -0.44667574 0.34393010
v -2.09737304 -0.56221982 0.35571629
v -2.09476691 -0.57360048 0.35564210
v -2.09649982 -0.57174918 0.35852698
v -2.10135557 -0.56959089 0.36335806
v -2.10062570 -0.57026887 0.36200407
v -2.09851355 -0.57904634 0.36184923
v -2.13530820 0.37522239 0.35707718
v -2.09030468 -0.57730877 0.34853350
v -2.13128725 0.42803713 0.36210226
v -2.09584513 0.55175711 0.34845745
v -2.10990270 -0.51230323 0.36207960
v -2.09614803 0.56990572 0.36245571
v -2.09641710 0.56971764 0.36299255
v -2.09426449 0.57858943 0.36279209
v -2.11435089 -0.43002623 0.34132907
v -2.13199504 0.37867315 0.35347656
v -2.12914932 0.38178728 0.34976355
v -2.13742073 0.37334648 0.36045659
v -2.13724994 -0.37967638 0.36387002
v -2.13696223 -0.37980058 0.36335899
v -2.13661325 -0.38001751 0.36246496
v -2.13358952 -0.41286521 0.36045284
v -2.13128763 -0.42803822 0.36210226
v -2.13281337 -0.38015479 0.35432406
v -2.13753306 -0.37572075 0.36051965
v -2.13824749 -0.37536443 0.36178474
v -2.09933112 0.50217540 0.34181757
v -2.09571531 0.52062325 0.34206782
v -2.12840508 0.38474197 0.34892847
v -2.09404852 0.57851444 0.36186254
v -2.12843833 -0.38642205 0.34721687
v -2.13294089 0.39853556 0.36283545
v -2.12995974 0.41295019 0.36242712
v -2.13000186 0.41294365 0.36281283
v -2.13319733 0.39855573 0.36334836
v -2.13329702 -0.39851670 0.36232248
v -2.13290209 -0.39852171 0.36245063
v -2.13390908 -0.39851670 0.36232248
v -2.12455408 -0.46012547 0.36210274
v -2.12173861 0.47665672 0.36357273
v -2.12535212 0.45975520 0.36360736
v -2.12455370 0.46012355 0.36210274
v -2.08288128 0.58513228 0.34119611
v -2.09687854 -0.52058923 0.34218394
v -2.09626661 -0.52058923 0.34218394
v -2.09988306 -0.50214397 0.34193322
v -2.09771551 -0.57009489 0.36191835
v -2.10036351 -0.55866553 0.36204922
v -2.12557971 0.38977536 0.34399647
v -2.13461407 -0.37579175 0.35726054
v -2.09764263 0.56934191 0.36406726
v -2.13449702 0.38354502 0.35523555
v -2.13320091 0.39763716 0.35813482
v -2.13880619 0.37671025 0.36219490
v -2.11566997 -0.41492754 0.33974933
v -2.08562291 -0.58088347 0.34116505
v -2.08643869 0.59106740 0.35209857
v -2.08667279 0.59060303 0.35204470
v -2.10533032 0.52893592 0.36262761
v -2.08262299 -0.58082693 0.34128439
v -2.09719306 0.58359670 0.36129161
v -2.12384489 -0.38968425 0.34389691
v -2.08912205 -0.59139487 0.34824684
v -2.12721383 0.38642074 0.34721687
v -2.08031069 0.59378158 0.34249591
v -2.09383497 0.55317130 0.34574630
v -2.11012978 -0.48148225 0.34791780
v -2.10275495 -0.51814322 0.34824409
v -2.11832806 0.40298247 0.34008434
v -2.13517756 -0.38452681 0.35691033
v -2.13719263 -0.37853855 0.35849842
v -2.13769593 -0.37934026 0.35980404
v -2.13131673 0.38747082 0.35112993
v -2.12904401 0.39847505 0.35101333
v -2.13139970 0.39744930 0.35468307
v -2.09563847 -0.55323582 0.34503567
v -2.09563783 0.55323423 0.34503567
v -2.09890466 0.53706629 0.34487483
v -2.13064072 0.38483197 0.34595321
v -2.08704130 -0.59243244 0.34511079
v -2.13610554 -0.39266812 0.36222457
v -2.13728121 0.38682892 0.36223217
v -2.13687492 0.38683023 0.36233770
v -2.09848100 -0.50266381 0.34008571
v -2.10295714 -0.48388323 0.33988754
v -2.10219816 -0.48388323 0.33988754
v -2.09805837 -0.50263135 0.34020142
v -2.08553713 -0.59066283 0.34569285
v -2.10764217 -0.46498055 0.34161573
v -2.10482357 -0.48341371 0.34173141
v -2.10856038 -0.46498055 0.34161573
v -2.10908603 -0.46499313 0.34171248
v -2.12120659 -0.39478534 0.34160147
v -2.08705687 0.58080746 0.34132262
v -2.08847061 0.58357784 0.34414853
v -2.08849569 0.58003929 0.34298074
v -2.11366198 0.46352064 0.34762377
v -2.10477315 0.48388211 0.33988754
v -2.10105586 0.50266272 0.34008574
v -2.10014435 0.50266272 0.34008571
v -2.10183526 0.50266272 0.34008571
v -2.12496446 -0.42877049 0.35451528
v -2.12361040 -0.44429653 0.35804910
v -2.09840212 -0.56934300 0.36406726
v -2.11600555 -0.41495240 0.34021428
v -2.11634075 -0.41497733 0.34067929
v -2.11674526 -0.41499590 0.34102770
v -2.13141285 0.41287973 0.36071421
v -2.12925986 -0.38225003 0.35008474
v -2.10388601 0.53399147 0.35197462
v -2.10493194 0.51815414 0.34806852
v -2.10747234 0.51663305 0.35185113
v -2.10794781 0.46497947 0.34161573
v -2.10733576 0.46497947 0.34161573
v -2.10482319 0.48341209 0.34173141
v -2.10534857 0.48342466 0.34182772
v -2.10943756 0.46502925 0.34200189
v -2.14012898 0.38682602 0.36438478
v -2.13820230 0.39859006 0.36420502
v -2.13281299 0.38015345 0.35432406
v -2.11380469 -0.43003622 0.34121339
v -2.11925961 0.44613625 0.34718228
v -2.11691898 0.44667494 0.34393010
v -2.12260252 0.42945058 0.34707030
v -2.08553662 0.59066174 0.34569285
v -2.11512212 0.44667494 0.34462966
v -2.11848634 0.42978775 0.34448634
v -2.11674475 0.41499456 0.34102770
v -2.10999256 0.44717167 0.34104653
v -2.11380418 0.43003459 0.34121339
v -2.08603124 -0.59205984 0.34822291
v -2.08838324 -0.59044960 0.35202674
v -2.11848672 -0.42978938 0.34448634
v -2.11512250 -0.44667603 0.34462966
v -2.08519670 -0.59358782 0.34262821
v -2.08609449 -0.58663961 0.34509328
v -2.08714942 -0.57962489 0.34429462
v -2.08618161 -0.57997330 0.34317664
v -2.08653583 -0.57995077 0.34347342
v -2.10628460 0.52827153 0.36407693
v -2.08879974 0.58918252 0.35604348
v -2.09071493 -0.58859778 0.35591028
v -2.13724943 0.37967504 0.36387002
v -2.13754161 0.37611029 0.36307463
v -2.13696223 0.37979924 0.36335899
v -2.13525765 -0.38683109 0.36246589
v -2.13530131 -0.38683026 0.36284968
v -2.08504314 0.57998013 0.34307749
v -2.08443108 0.57998013 0.34307749
v -2.12741500 -0.42788364 0.36381976
v -2.13052189 -0.41292769 0.36384101
v -2.13026187 -0.41293609 0.36332673
v -2.09771475 0.57009381 0.36191835
v -2.14096493 -0.37529869 0.36016901
v -2.12435547 0.38977536 0.34399644
v -2.14173055 0.37544877 0.36172060
v -2.14096442 0.37529735 0.36016901
v -2.11041443 0.44711694 0.34139270
v -2.08112839 0.59255919 0.34332362
v -2.11417474 -0.49500716 0.36066395
v -2.11792393 -0.47736942 0.36068233
v -2.11417435 0.49500608 0.36066395
v -2.11355451 0.49717018 0.35554901
v -2.11721218 0.47921383 0.35532777
v -2.13763696 -0.37958314 0.36425295
v -2.08565571 -0.57998121 0.34307752
v -2.08504352 -0.57998121 0.34307749
v -2.11056327 -0.52853145 0.36351290
v -2.10981271 0.52919064 0.36214042
v -2.13439694 -0.39859794 0.36437418
v -2.13677331 -0.38682739 0.36438481
v -2.13634455 -0.39271267 0.36437950
v -2.13843768 -0.38682739 0.36438478
v -2.08398305 -0.58769546 0.34314987
v -2.09517039 0.58233755 0.35597299
v -2.09714264 0.57377178 0.35589969
v -2.11302682 -0.43018397 0.33947786
v -2.13179681 0.38326628 0.35079257
v -2.08379477 -0.59441049 0.34821046
v -2.10679913 0.52949715 0.36069206
v -2.10731086 0.52913719 0.36166903
v -2.10390184 0.54478111 0.36168010
v -2.09246278 0.57754140 0.34840075
v -2.12120633 0.39478400 0.34160147
v -2.09517090 -0.58233863 0.35597299
v -2.13799092 0.37356211 0.36264000
v -2.10996116 -0.46534316 0.33992484
v -2.10005748 -0.55866553 0.36204922
v -2.12002102 0.41490942 0.33943823
v -2.11937552 0.41490128 0.33928477
v -2.08498174 0.59003724 0.34459421
v -2.08431097 0.59145984 0.34406282
v -2.11566959 0.41492620 0.33974930
v -2.08345472 -0.58020651 0.34259962
v -2.10136400 0.53564572 0.34818145
v -2.10241465 0.51950820 0.34470570
v -2.10943795 -0.46503033 0.34200192
v -2.09405324 0.53816353 0.34244574
v -2.09086913 0.55433517 0.34269781
v -2.09457774 0.53817508 0.34254295
v -2.09025694 0.55433517 0.34269781
v -2.11538392 -0.48819309 0.35543839
v -2.11934960 -0.47806426 0.35912193
v -2.08622310 0.59230505 0.35224150
v -2.08388080 0.58003623 0.34295821
v -2.13461368 0.37579041 0.35726054
v -2.09513886 -0.56413392 0.35208708
v -2.09236028 0.58414271 0.36103719
v -2.10402725 0.55073551 0.36421380
v -2.12736547 -0.42877467 0.35470885
v -2.12168104 -0.44556800 0.35084097
v -2.12499931 -0.42912840 0.35075434
v -2.10295676 0.48388211 0.33988754
v -2.09923972 0.50266272 0.34008574
v -2.10177502 0.48385227 0.34000274
v -2.10219765 0.48388211 0.33988754
v -2.11480913 0.47923636 0.35513238
v -2.08471101 -0.58088347 0.34116501
v -2.09584564 -0.55175820 0.34845745
v -2.13880658 -0.37671163 0.36219490
v -2.10678548 0.46500410 0.34150047
v -2.12040842 0.45984822 0.36325477
v -2.11650375 0.47698269 0.36269715
v -2.09185404 -0.53831657 0.34197930
v -2.09149012 -0.53846854 0.34151294
v -2.10188045 -0.48376531 0.34034837
v -2.10177540 -0.48385384 0.34000274
v -2.11678993 -0.47678991 0.36321845
v -2.11650413 -0.47698377 0.36269715
v -2.11934922 0.47806317 0.35912193
v -2.12095232 0.47713676 0.36211611
v -2.12383417 -0.40257193 0.34102307
v -2.12053173 -0.41493511 0.33989813
v -2.12361002 0.44429544 0.35804910
v -2.12020151 -0.46092035 0.35818001
v -2.12153349 -0.46026770 0.36067362
v -2.11306499 0.44714806 0.34189409
v -2.10908577 0.46499150 0.34171248
v -2.11161009 0.46431290 0.34482783
v -2.11371189 0.44705430 0.34277108
v -2.11011344 0.46487515 0.34290150
v -2.09875161 0.55859999 0.36218331
v -2.09609876 0.57004664 0.36205292
v -2.09816112 -0.57001524 0.36148465
v -2.09568225 -0.57861930 0.36035974
v -2.12590087 0.40125223 0.34356098
v -2.12145498 0.41480931 0.34114797
v -2.09710269 0.57009381 0.36191835
v -2.08705751 -0.58080912 0.34132262
v -2.08640231 -0.58088347 0.34116501
v -2.12005574 0.40269606 0.33915068
v -2.11768460 0.41490128 0.33928477
v -2.11915086 0.40269606 0.33915068
v -2.11558968 0.41490757 0.33940086
v -2.11161047 -0.46431399 0.34482783
v -2.11011383 -0.46487623 0.34290150
v -2.11371228 -0.44705539 0.34277105
v -2.11116614 -0.49855669 0.35169629
v -2.10747297 -0.51663414 0.35185113
v -2.10862536 -0.49990131 0.34793577
v -2.10885946 0.49855561 0.35169629
v -2.10516642 0.51663305 0.35185113
v -2.10644785 0.49989027 0.34811093
v -2.10187994 0.48376423 0.34034840
v -2.10599344 0.46517703 0.34069404
v -2.12756766 0.39214563 0.34334896
v -2.13045270 0.38909967 0.34667077
v -2.10248587 0.54408155 0.36370504
v -2.13619355 -0.38682764 0.36425717
v -2.13381769 -0.39859268 0.36424565
v -2.11469502 0.49475928 0.36201048
v -2.11092680 0.51229168 0.36197228
v -2.11051438 0.51230214 0.36207960
v -2.13332408 0.38620091 0.35024369
v -2.13936579 0.37597148 0.35731913
v -2.12889122 0.44341880 0.36414382
v -2.12880429 0.44349268 0.36363177
v -2.13208541 0.42789356 0.36365478
v -2.12958829 -0.42837121 0.35880579
v -2.12800076 -0.44374191 0.36208933
v -2.12889160 -0.44341989 0.36414382
v -2.12880467 -0.44349402 0.36363180
v -2.10248626 -0.54408263 0.36370504
v -2.10561535 -0.52869544 0.36315437
v -2.09822814 -0.52114991 0.34032907
v -2.09888410 -0.52110377 0.34048202
v -2.09653722 -0.52114991 0.34032907
v -2.13860285 0.38014978 0.36191606
v -2.13882521 0.37777581 0.36143719
v -2.13769555 0.37933892 0.35980404
v -2.13825923 0.37999837 0.36117731
v -2.09139273 0.55434665 0.34279549
v -2.09492710 0.53820967 0.34283468
v -2.12239535 0.40308567 0.34237656
v -2.12415149 0.40182941 0.34451395
v -2.12855998 0.39029258 0.34764362
v -2.11305988 -0.49477080 0.36211742
v -2.11683014 -0.47717815 0.36217594
v -2.11367232 -0.49477080 0.36211738
v -2.12413490 0.44346884 0.36379716
v -2.12386723 0.44354326 0.36328010
v -2.12068630 0.45971196 0.36377368
v -2.12106567 0.45961004 0.36416309
v -2.12836391 0.42784589 0.36433506
v -2.11369887 -0.49393296 0.36407744
v -2.11331134 -0.49410063 0.36368570
v -2.11707573 -0.47659599 0.36373963
v -2.09457812 -0.53817617 0.34254295
v -2.12650463 -0.40013090 0.34749938
v -2.12415187 -0.40183075 0.34451395
v -2.12589117 -0.39316881 0.34453890
v -2.11504489 -0.49387690 0.36420789
v -2.11880724 -0.47640155 0.36426039
v -2.11595003 -0.49387690 0.36420786
v -2.11804813 -0.47640155 0.36426039
v -2.11428566 -0.49387690 0.36420789
v -2.09447524 -0.57863398 0.36332344
v -2.10992453 -0.51142031 0.36404559
v -2.12650425 0.40012982 0.34749938
v -2.11430583 -0.51143920 0.36400369
v -2.11764069 -0.49387690 0.36420789
v -2.13829625 0.37703648 0.36010860
v -2.12828107 -0.42802986 0.36068233
v -2.12499076 -0.44379194 0.36066488
v -2.12558278 -0.44365201 0.36182016
v -2.12499038 0.44379086 0.36066488
v -2.12887156 0.42798081 0.36216723
v -2.12558240 0.44365039 0.36182019
v -2.12499880 0.42912652 0.35075434
v -2.13057741 0.41286476 0.35466510
v -2.11764030 0.49387581 0.36420789
v -2.11386545 0.51136003 0.36417646
v -2.11807992 0.49394969 0.36403551
v -2.11308643 0.51136003 0.36417646
v -2.13131712 -0.38747216 0.35112993
v -2.12856036 -0.39029366 0.34764362
v -2.13140009 -0.39745064 0.35468307
v -2.11369849 0.49393188 0.36407744
v -2.11331096 0.49409954 0.36368567
v -2.11428528 0.49387581 0.36420789
v -2.13882560 -0.37777718 0.36143719
v -2.13860336 -0.38015087 0.36191606
v -2.10345674 -0.54383577 0.36423591
v -2.09977277 -0.55770181 0.36405759
v -2.11259946 -0.43017455 0.33959354
v -2.11115235 -0.49719902 0.35535311
v -2.10885984 -0.49855669 0.35169629
v -2.11251918 -0.48036826 0.35146953
v -2.13276398 -0.41282159 0.35879009
v -2.09560388 -0.53793351 0.34371534
v -2.09492774 -0.53821076 0.34283471
v -2.08272459 0.58065658 0.34164340
v -2.08511156 0.56905165 0.34149450
v -2.09426488 -0.57859052 0.36279209
v -2.09599728 -0.53857174 0.34119546
v -2.09545900 -0.53872166 0.34073316
v -2.09599664 0.53857021 0.34119546
v -2.09545836 0.53872057 0.34073319
v -2.10390273 -0.54478219 0.36168010
v -2.12184328 0.47646442 0.36408851
v -2.09228982 0.55492355 0.34097192
v -2.10415381 0.55772115 0.36401477
v -2.11092718 -0.51229276 0.36197228
v -2.11428413 -0.49477080 0.36211738
v -2.08388131 -0.58003776 0.34295818
v -2.13988709 0.37955084 0.36438063
v -2.13843730 0.38682602 0.36438478
v -2.09560324 0.53793243 0.34371534
v -2.09239283 0.55410145 0.34394854
v -2.11217517 -0.51136111 0.36417646
v -2.13667567 -0.37992449 0.36284787
v -2.13667324 -0.38226653 0.35458583
v -2.13332447 -0.38620225 0.35024369
v -2.13936617 -0.37597278 0.35731913
v -2.10049499 -0.50214397 0.34193325
v -2.10191862 -0.54457732 0.36264367
v -2.11859637 0.41490128 0.33928477
v -2.09626597 0.52058814 0.34218394
v -2.09687803 0.52058814 0.34218394
v -2.09749022 0.52058814 0.34218391
v -2.13667528 0.37992318 0.36284787
v -2.09185340 0.53831549 0.34197930
v -2.08909626 0.55437493 0.34258028
v -2.09148961 0.53846745 0.34151294
v -2.11728749 0.41500084 0.34114427
v -2.09909944 0.55815029 0.36312020
v -2.13141323 -0.41288107 0.36071421
v -2.13009440 -0.41287402 0.35807629
v -2.13320129 -0.39763850 0.35813482
v -2.09890159 -0.50227449 0.34147149
v -2.10224922 -0.48364794 0.34080927
v -2.09848036 0.50266272 0.34008574
v -2.12723796 0.42799102 0.36227324
v -2.12394381 0.44369315 0.36224557
v -2.12455587 0.44369315 0.36224557
v -2.08801983 0.56921350 0.34101982
v -2.08562227 0.58088188 0.34116505
v -2.08710819 0.56921350 0.34101982
v -2.08879936 0.56921350 0.34101982
v -2.12844497 -0.44339525 0.36431435
v -2.13094018 -0.42784697 0.36433509
v -2.13171984 -0.42784723 0.36433509
v -2.11830968 0.46267544 0.35113223
v -2.12168066 0.44556692 0.35084097
v -2.14057765 -0.38682764 0.36421616
v -2.14012936 -0.38682739 0.36438478
v -2.10775188 0.48335394 0.34176182
v -2.11146648 0.46495011 0.34162214
v -2.09282925 0.53816353 0.34244571
v -2.09227935 0.53820176 0.34232911
v -2.10359958 -0.48341371 0.34173141
v -2.13093980 0.42784589 0.36433509
v -2.12766544 0.44339417 0.36431435
v -2.12844459 0.44339391 0.36431435
v -2.13216762 0.42785763 0.36416501
v -2.11863964 0.40312552 0.34055117
v -2.11340223 0.46433023 0.34412824
v -2.11507527 0.44709122 0.34149083
v -2.11583949 0.46352482 0.34744912
v -2.12516882 -0.44369423 0.36224557
v -2.12557882 -0.44368345 0.36213908
v -2.12557806 0.44368236 0.36213908
v -2.12516844 0.44369315 0.36224560
v -2.13449753 -0.38354639 0.35523558
v -2.13201623 -0.38355163 0.35099166
v -2.11428362 0.49476971 0.36211738
v -2.10990219 0.51230214 0.36207960
v -2.14079925 -0.37955224 0.36438066
v -2.10287442 0.54815247 0.35593054
v -2.09023320 -0.57900077 0.34527254
v -2.11340286 -0.46433132 0.34412824
v -2.08950894 -0.56832905 0.34415546
v -2.09270722 -0.56743611 0.34518591
v -2.11267261 0.49471371 0.36224828
v -2.11305950 0.49476971 0.36211738
v -2.10890311 0.51224298 0.36221053
v -2.11504451 0.49387581 0.36420789
v -2.11051042 0.51136003 0.36417649
v -2.12723834 -0.42799236 0.36227324
v -2.09890517 -0.53706737 0.34487480
v -2.13519383 0.41292923 0.36367648
v -2.13812699 0.39856961 0.36369725
v -2.13441468 0.41290775 0.36211560
v -2.08997970 0.56900021 0.34164614
v -2.08759605 0.58058427 0.34179593
v -2.10249238 -0.50262133 0.34023825
v -2.11367156 0.49476971 0.36211738
v -2.10929013 0.51230214 0.36207960
v -2.11051476 -0.51230323 0.36207960
v -2.11146674 -0.46495119 0.34162214
v -2.10775226 -0.48335554 0.34176182
v -2.11050034 -0.46524516 0.34038111
v -2.11414576 -0.44729590 0.34027191
v -2.12785001 0.42799102 0.36227321
v -2.14044375 0.37829953 0.36029662
v -2.13963002 0.37692799 0.35818457
v -2.11851251 -0.41500218 0.34114427
v -2.09914578 0.57180419 0.35936018
v -2.12355169 0.44367400 0.36237504
v -2.11829653 -0.46180171 0.35482638
v -2.09169550 0.58632889 0.35552090
v -2.09918522 0.53563162 0.34835795
v -2.09710779 0.53700917 0.34558087
v -2.11851212 0.41500084 0.34114427
v -2.11903649 0.41501868 0.34124061
v -2.11789981 0.41500084 0.34114427
v -2.10563041 0.53065830 0.35862373
v -2.10386916 0.53227276 0.35565496
v -2.10644837 -0.49989135 0.34811093
v -2.13626286 0.38683023 0.36233770
v -2.13565067 0.38683023 0.36233770
v -2.12592653 0.41341077 0.35082668
v -2.12688923 -0.42795595 0.36278893
v -2.13527310 -0.41292220 0.36418572
v -2.08795422 0.55481613 0.34128714
v -2.09112582 0.53861890 0.34104611
v -2.08785593 0.55493669 0.34093414
v -2.11344231 0.51228485 0.36209718
v -2.10981310 -0.52919172 0.36214042
v -2.11192397 -0.51350638 0.35931828
v -2.13439515 -0.39824504 0.36074778
v -2.13492935 -0.39847505 0.36190042
v -2.08443172 -0.57998121 0.34307749
v -2.08678665 -0.56856800 0.34291758
v -2.08739858 -0.56856800 0.34291758
v -2.11096331 -0.44709965 0.34150787
v -2.11157549 -0.44709965 0.34150787
v -2.11832857 -0.40298355 0.34008434
v -2.11042184 -0.51258306 0.36065466
v -2.13002828 0.42784589 0.36433509
v -2.12584815 0.44339391 0.36431435
v -2.12675341 0.44339391 0.36431435
v -2.13626324 -0.38683131 0.36233770
v -2.13687530 -0.38683131 0.36233770
v -2.11378593 -0.43018397 0.33947786
v -2.11469093 -0.43018397 0.33947786
v -2.13088874 -0.41292141 0.36422675
v -2.13345415 -0.39857749 0.36386083
v -2.12544850 0.45962108 0.36412167
v -2.12629670 -0.44428788 0.35882605
v -2.08522325 0.58924379 0.34138574
v -2.09938639 -0.55789468 0.36365573
v -2.08801000 0.56856692 0.34291762
v -2.08739820 0.56856692 0.34291762
v -2.11430544 0.51143757 0.36400369
v -2.11022552 0.52821125 0.36420828
v -2.09144851 0.53877086 0.34057925
v -2.13565118 -0.38683131 0.36233770
v -2.13761233 -0.38004843 0.36233725
v -2.09653684 0.52114828 0.34032907
v -2.08623854 0.56860776 0.34279919
v -2.13045308 -0.38910075 0.34667077
v -2.11355489 -0.49717126 0.35554901
v -2.12174704 -0.40269743 0.33915068
v -2.13525727 0.38682997 0.36246589
v -2.11600504 0.41495109 0.34021428
v -2.10565824 -0.52917912 0.36210082
v -2.10635863 0.46507795 0.34115487
v -2.10304764 0.48344148 0.34161618
v -2.09696419 -0.53809543 0.34242315
v -2.09942558 -0.52096492 0.34094106
v -2.09942494 0.52096383 0.34094106
v -2.09888372 0.52110220 0.34048202
v -2.09696381 0.53809434 0.34242315
v -2.09890121 0.50227289 0.34147149
v -2.09853206 0.50240280 0.34100926
v -2.09853244 -0.50240389 0.34100926
v -2.10303551 0.50249136 0.34069541
v -2.08544369 0.56921350 0.34101985
v -2.08994536 0.55497652 0.34081657
v -2.12756805 -0.39214701 0.34334896
v -2.11880686 0.47640047 0.36426039
v -2.12140291 0.47640047 0.36426039
v -2.13963040 -0.37692910 0.35818457
v -2.12406546 -0.44495572 0.35476830
v -2.10198346 0.50219110 0.34231944
v -2.08452197 -0.58762838 0.34324850
v -2.13738180 -0.39824951 0.36210223
v -2.13146850 -0.41291933 0.36435533
v -2.13313274 -0.41291933 0.36435533
v -2.13404477 -0.41291933 0.36435533
v -2.11746122 0.47644923 0.36413045
v -2.12053134 0.41493377 0.33989813
v -2.08544420 -0.56921459 0.34101985
v -2.08828150 -0.55497761 0.34081661
v -2.10062263 -0.51946056 0.34540804
v -2.09480392 -0.53877195 0.34057925
v -2.12785040 -0.42799236 0.36227324
v -2.13216800 -0.42785871 0.36416501
v -2.13482404 -0.41291933 0.36435533
v -2.11271307 0.44711142 0.34160466
v -2.11746160 -0.47645031 0.36413045
v -2.12095270 -0.47713784 0.36211611
v -2.11564853 -0.49581254 0.35923161
v -2.12173900 -0.47665780 0.36357273
v -2.11797397 -0.49417188 0.36351797
v -2.09163628 0.55497652 0.34081657
v -2.09085700 0.55497652 0.34081661
v -2.11645295 -0.43007473 0.34171526
v -2.14135629 -0.37944403 0.36251653
v -2.11847447 -0.47713567 0.36174827
v -2.11831019 -0.46267652 0.35113223
v -2.13728160 -0.38683001 0.36223217
v -2.13677293 0.38682602 0.36438481
v -2.13753268 0.38682630 0.36438481
v -2.13727483 0.38682500 0.36191602
v -2.13585720 0.38550585 0.35858506
v -2.10929090 -0.51230323 0.36207960
v -2.11338933 -0.43006609 0.34086642
v -2.09836586 0.52063477 0.34257061
v -2.11829615 0.46180062 0.35482635
v -2.11744182 0.47717706 0.36217594
v -2.11805477 -0.47717815 0.36217594
v -2.11744220 -0.47717815 0.36217594
v -2.10287060 0.54389659 0.36410323
v -2.10285860 -0.54482412 0.36211282
v -2.13981868 0.38633481 0.36219215
v -2.11846502 0.47716605 0.36206907
v -2.11805388 0.47717706 0.36217594
v -2.13381730 0.39859159 0.36424561
v -2.13727534 -0.38682608 0.36191599
v -2.13825923 -0.37999945 0.36117731
v -2.10565786 0.52917752 0.36210085
v -2.10626992 0.52917752 0.36210085
v -2.13753306 -0.38682739 0.36438481
v -2.13988760 -0.37955224 0.36438066
v -2.09344182 -0.53816461 0.34244571
v -2.10675305 -0.48372811 0.34049587
v -2.09749060 -0.52058923 0.34218394
v -2.10493232 -0.51815522 0.34806849
v -2.12046688 -0.46012126 0.36221609
v -2.10607590 0.50113685 0.34453102
v -2.09376527 -0.55427753 0.34264710
v -2.13934971 -0.38682739 0.36438478
v -2.13829663 -0.37703782 0.36010857
v -2.09144889 -0.53877195 0.34057925
v -2.12936976 0.38271003 0.35040545
v -2.12630844 0.38555508 0.34652835
v -2.12106605 -0.45961112 0.36416309
v -2.10944624 0.52821125 0.36420828
v -2.11721295 -0.47921492 0.35532777
v -2.10640497 -0.48325129 0.34304156
v -2.10570100 -0.48346299 0.34211760
v -2.11480952 -0.47923745 0.35513235
v -2.10570036 0.48346190 0.34211757
v -2.13390870 0.39851536 0.36232248
v -2.11847000 0.43001365 0.34131851
v -2.08502310 -0.59246799 0.34555920
v -2.14134825 0.37412930 0.36047724
v -2.12500531 0.45957599 0.36429265
v -2.09025758 -0.55433625 0.34269781
v -2.08994587 -0.55497761 0.34081657
v -2.10798598 0.48251608 0.34504167
v -2.12169062 0.46011963 0.36221605
v -2.10599408 -0.46517812 0.34069404
v -2.09065047 -0.58743717 0.35922836
v -2.08072018 -0.59317176 0.34290977
v -2.12500569 -0.45957707 0.36429265
v -2.12766595 -0.44339525 0.36431435
v -2.11157498 0.44709856 0.34150787
v -2.10856000 0.46497947 0.34161570
v -2.12331401 0.45957599 0.36429265
v -2.13441507 -0.41290883 0.36211560
v -2.12916744 -0.38677761 0.34750165
v -2.08614242 0.59176428 0.34345175
v -2.09719344 -0.58359779 0.36129165
v -2.10762959 0.52821125 0.36420828
v -2.12401542 -0.39667018 0.34286276
v -2.12353535 0.38940595 0.34359781
v -2.13146812 0.41291799 0.36435533
v -2.10678586 -0.46500519 0.34150050
v -2.10733614 -0.46498055 0.34161573
v -2.12057934 -0.39430903 0.34081246
v -2.10640433 0.48325017 0.34304156
v -2.14195622 0.37678888 0.36267143
v -2.11414538 0.44729482 0.34027191
v -2.12164620 -0.40341139 0.34140556
v -2.10670966 -0.46537562 0.33977282
v -2.10329642 0.55871314 0.36211655
v -2.09451327 -0.58264153 0.35986342
v -2.08614306 -0.59176536 0.34345172
v -2.11218028 0.44739093 0.33966266
v -2.10761428 0.46537453 0.33977279
v -2.10960427 0.44739093 0.33966266
v -2.10670927 0.46537453 0.33977282
v -2.10852643 -0.46537562 0.33977279
v -2.12794026 0.38878528 0.34292780
v -2.08266613 -0.59558949 0.34460477
v -2.08134807 -0.59439428 0.34208208
v -2.09001020 -0.59094212 0.35644349
v -2.08756133 -0.59292496 0.35231288
v -2.08925033 0.59094103 0.35644349
v -2.08503063 -0.59456769 0.34820953
v -2.11042107 0.51258197 0.36065466
v -2.08377409 0.58938267 0.34122718
v -2.08316446 0.59439262 0.34208205
v -2.08448189 0.59558840 0.34460477
v -2.09091470 0.59094103 0.35644345
v -2.08846582 0.59292387 0.35231292
v -2.08541906 -0.59205984 0.34822291
v -2.09394678 -0.58889909 0.36013212
v -2.09212924 0.58889743 0.36013212
v -2.09592427 -0.58530658 0.36279678
v -2.09794834 -0.57867693 0.36385527
v -2.09334787 0.58530549 0.36279678
v -2.09410711 0.58530549 0.36279674
v -2.09613118 0.57867585 0.36385527
v -2.14113470 0.37344183 0.36269712
v -2.13999725 0.37334648 0.36045656
v -2.13818048 -0.37334757 0.36045659
v -2.13931831 -0.37344317 0.36269712
v -2.13788447 -0.37522373 0.35707715
v -2.12617314 0.38829793 0.34240148
v -2.12927811 0.38468920 0.34583983
v -2.12670236 -0.38469054 0.34583983
v -2.12746146 -0.38469054 0.34583983
v -2.13048500 -0.38132674 0.34944278
v -2.12359726 -0.38829904 0.34240151
v -2.13788408 0.37522239 0.35707715
v -2.08937785 -0.59292496 0.35231288
v -2.13342518 0.38015345 0.35432406
v -2.13427696 -0.37818038 0.35319408
v -2.13337182 0.37817929 0.35319412
v -2.12972538 0.38132565 0.34944278
v -2.13048461 0.38132565 0.34944278
v -2.12435649 -0.38829904 0.34240151
v -2.14022306 0.37344183 0.36269715
v -2.14046405 -0.37551115 0.36395394
v -2.14137582 -0.37551115 0.36395394
v -2.08503025 0.59456609 0.34820953
v -2.13009185 0.38317140 0.35072622
v -2.12072281 0.39376322 0.33991106
v -2.11915124 -0.40269743 0.33915068
v -2.12148230 -0.39376430 0.33991106
v -2.13070416 -0.38317278 0.35072622
v -2.09840135 0.56934191 0.36406726
v -2.10021851 -0.56934300 0.36406729
v -2.09872787 -0.57867693 0.36385524
v -2.13697282 -0.37522373 0.35707715
v -2.08380588 -0.58088347 0.34116501
v -2.08275842 0.58769437 0.34314987
v -2.10021774 0.56934191 0.36406726
v -2.12329920 -0.39376430 0.33991106
v -2.09703657 -0.57867693 0.36385527
v -2.13898285 -0.37955224 0.36438066
v -2.11678010 -0.41490237 0.33928474
v -2.09744861 -0.52114991 0.34032907
v -2.10105637 -0.50266381 0.34008571
v -2.09402452 -0.53877195 0.34057925
v -2.09744822 0.52114882 0.34032903
v -2.12096751 0.40269606 0.33915068
v -2.11638172 -0.43018397 0.33947786
v -2.10477353 -0.48388323 0.33988754
v -2.10852579 0.46537453 0.33977279
v -2.09311262 0.53877086 0.34057925
v -2.11677972 0.41490128 0.33928474
v -2.11560270 -0.43018397 0.33947786
v -2.10386163 0.48388211 0.33988751
v -2.11126902 -0.44739202 0.33966263
v -2.11036350 0.44739093 0.33966266
v -2.11378554 0.43018288 0.33947786
v -2.12912264 0.42784589 0.36433509
v -2.13313236 0.41291799 0.36435533
v -2.11218768 -0.44709965 0.34150787
v -2.10202252 0.55763633 0.36419168
v -2.10512034 0.54383468 0.36423591
v -2.08710857 -0.56921459 0.34101982
v -2.08904099 -0.55497761 0.34081661
v -2.13002866 -0.42784723 0.36433509
v -2.12912340 -0.42784697 0.36433506
v -2.13222761 -0.41291933 0.36435533
v -2.12675418 -0.44339525 0.36431435
v -2.10603237 -0.54383577 0.36423588
v -2.10944663 -0.52821233 0.36420828
v -2.10512073 -0.54383577 0.36423591
v -2.10202329 -0.55763741 0.36419168
v -2.13606093 0.39859660 0.36437415
v -2.11126966 0.51136003 0.36417649
v -2.11594964 0.49387581 0.36420789
v -2.10853498 -0.52821233 0.36420831
v -2.12062401 -0.47640155 0.36426039
v -2.12422604 -0.45957707 0.36429265
v -2.13934932 0.38682630 0.36438481
v -2.13515605 -0.39859794 0.36437418
v -2.08904048 0.55497652 0.34081661
v -2.13606131 -0.39859794 0.36437415
v -2.10293493 -0.55763741 0.36419168
v -2.11308681 -0.51136111 0.36417646
v -2.11686129 0.49387581 0.36420789
v -2.11217479 0.51136003 0.36417646
v -2.10853460 0.52821125 0.36420828
v -2.12062363 0.47640047 0.36426039
v -2.08471037 0.58088188 0.34116501
v -2.11686205 -0.49387690 0.36420789
v -2.13222723 0.41291799 0.36435533
v -2.08802047 -0.56921459 0.34101982
v -2.09930648 0.56934191 0.36406729
v -2.10293416 0.55763633 0.36419168
v -2.10371382 0.55763633 0.36419168
v -1.55910966 -0.91102221 0.54289944
v -1.57043601 -0.91049351 0.52767698
v -1.56398316 -0.90879257 0.54315799
v -1.54635624 -0.90990927 0.57153641
v -1.55775254 -0.90959693 0.55817954
v -1.55242258 -0.91200470 0.55774925
v -1.55891883 0.91396393 0.54277154
v -1.57025271 0.91343362 0.52754052
v -1.56398239 0.91160913 0.54315799
v -1.53559535 0.91183225 0.57065049
v -1.54079307 0.90959169 0.57095996
v -1.54734587 0.91145710 0.55740684
v -1.59764054 0.91112752 0.48267473
v -1.60436196 0.91013929 0.46940789
v -1.60205260 0.90881306 0.48295469
v -1.61276651 0.90282426 0.46983023
v -1.61805115 0.90188472 0.45802518
v -1.61404347 0.90406822 0.45787245
v -1.59428462 -0.90971742 0.49734446
v -1.60205350 -0.90881414 0.48295469
v -1.59764144 -0.91112861 0.48267473
v -1.59880977 -0.90740455 0.49764472
v -1.59428462 -0.90690048 0.49734446
v -1.60628838 -0.90379213 0.48312755
v -1.59861307 -0.90471015 0.49752948
v -1.60865544 -0.90501829 0.46966965
v -1.61404462 -0.90406931 0.45787245
v -1.61276740 -0.90282534 0.46983026
v -1.53532845 -0.91476254 0.57065068
v -1.54080303 -0.91234219 0.57111384
v -1.54712007 -0.91440201 0.55732138
v -1.53243116 -0.90616742 0.58875021
v -1.53999427 -0.90587338 0.58149996
v -1.53321349 -0.90511945 0.58861707
v -1.59428385 0.90971634 0.49734446
v -1.60648777 0.90648436 0.48323631
v -1.59880888 0.90740347 0.49764472
v -1.56907212 0.90924322 0.54354641
v -1.57507400 0.91111961 0.52789120
v -1.57992006 0.90879474 0.52824356
v -1.56398239 0.90879148 0.54315799
v -1.57973140 0.90609983 0.52811470
v -1.57507400 0.90830209 0.52789120
v -1.60865455 0.90501720 0.46966965
v -1.52058618 0.91292904 0.59120432
v -1.52401793 0.91506014 0.58221936
v -1.52953437 0.91265754 0.58270052
v -1.57255914 0.90220122 0.54297201
v -1.58325147 0.90260209 0.52756449
v -1.57255914 0.90301445 0.54297201
v -1.56887376 -0.90654882 0.54342617
v -1.57507490 -0.90830318 0.52789120
v -1.57973255 -0.90610091 0.52811473
v -1.56398316 -0.91161021 0.54315799
v -1.57992082 -0.90879474 0.52824359
v -1.57507490 -0.91112069 0.52789120
v -1.62864661 0.89740718 0.42862224
v -1.62864661 0.89870610 0.42862224
v -1.62549275 0.90051554 0.42845075
v -1.60332727 0.90026146 0.49794519
v -1.61091565 0.90062818 0.48351815
v -1.61091565 0.89932767 0.48351815
v -1.60175404 -0.90220441 0.49702388
v -1.60931511 -0.90127592 0.48264939
v -1.60931511 -0.90030020 0.48264939
v -1.62464799 -0.90048522 0.43047738
v -1.62804259 -0.89854265 0.43066214
v -1.62796434 -0.89936698 0.43082346
v -1.54055195 0.90391307 0.58141845
v -1.54055195 0.90488937 0.58141845
v -1.53321260 0.90414315 0.58861707
v -1.52253839 0.90564758 0.59556200
v -1.51885697 0.90808631 0.59545931
v -1.51885697 0.90711059 0.59545931
v -1.62549364 -0.90051662 0.42845075
v -1.62864737 -0.89870719 0.42862224
v -1.62549364 -0.89921758 0.42845075
v -1.59337374 -0.90853479 0.48240400
v -1.60021119 -0.90883559 0.46915489
v -1.60021119 -0.90753609 0.46915489
v -1.51885786 -0.90629729 0.59545931
v -1.52253915 -0.90564867 0.59556206
v -1.52253915 -0.90483537 0.59556206
v -1.54199089 -0.91188522 0.55690686
v -1.55402236 -0.91140732 0.54239754
v -1.55402236 -0.91052344 0.54239754
v -1.61091680 -0.90314809 0.48351812
v -1.61727839 -0.90105420 0.47019568
v -1.61727839 -0.90219075 0.47019568
v -1.62864737 -0.89740827 0.42862224
v -1.58530465 0.90768378 0.51245218
v -1.59861231 0.90470907 0.49752948
v -1.59428385 0.90689940 0.49734446
v -1.56558957 0.91352164 0.52720134
v -1.57621796 0.91399539 0.51182056
v -1.56558957 0.91465870 0.52720134
v -1.60021043 0.90883450 0.46915489
v -1.60579835 0.90925216 0.45738574
v -1.60021043 0.91021894 0.46915489
v -1.62549275 0.89921649 0.42845075
v -1.51852394 0.91256066 0.58186464
v -1.51852394 0.91385964 0.58186464
v -1.50972369 0.91398741 0.59043194
v -1.50884754 0.91160172 0.59704498
v -1.50605313 0.91279329 0.59676506
v -1.50605313 0.91417665 0.59676506
v -1.61565359 0.89934758 0.46937632
v -1.62081748 0.89939622 0.45760373
v -1.61565359 0.90032215 0.46937632
v -1.62804157 0.89675268 0.43066218
v -1.62464697 0.89869512 0.43047738
v -1.62804157 0.89756655 0.43066218
v -1.58542808 -0.91323086 0.49675710
v -1.59337374 -0.91235528 0.48240400
v -1.58542808 -0.91209437 0.49675710
v -1.56559085 -0.90995542 0.52720130
v -1.62937776 0.89721488 0.44078215
v -1.63093580 0.89683335 0.43583976
v -1.62937776 0.89591590 0.44078215
v -1.61817446 0.90606989 0.44794621
v -1.62519265 0.90310769 0.44053257
v -1.62235318 0.90374171 0.44818752
v -1.60175404 -0.90122920 0.49702388
v -1.57256028 -0.90301553 0.54297201
v -1.58325224 -0.90260318 0.52756452
v -1.58325224 -0.90178886 0.52756452
v -1.52066953 0.91055739 0.59004249
v -1.52616543 0.90854787 0.58963971
v -1.53499568 0.90794105 0.58199331
v -1.53321260 0.90511836 0.58861707
v -1.62464799 -0.89950950 0.43047738
v -1.62464799 -0.89869621 0.43047738
v -1.62804259 -0.89675377 0.43066214
v -1.60181493 -0.90652527 0.47000839
v -1.60742787 -0.90473945 0.45818416
v -1.60742787 -0.90555382 0.45818416
v -1.50972446 -0.91180449 0.59043194
v -1.51852471 -0.91167716 0.58186470
v -1.51005289 -0.91117156 0.59041598
v -1.50605389 -0.91279387 0.59676512
v -1.50884881 -0.91030376 0.59704498
v -1.50884881 -0.91160281 0.59704498
v -1.53452007 -0.90445282 0.58986966
v -1.53452007 -0.90315390 0.58986966
v -1.54237460 -0.90421648 0.58217488
v -1.51341239 -0.91229024 0.59724258
v -1.51844583 -0.90916357 0.59738682
v -1.51844583 -0.91030121 0.59738682
v -1.53386665 -0.90209540 0.58924330
v -1.54078031 -0.90242613 0.58151298
v -1.54146359 -0.90186168 0.58179680
v -1.56138430 -0.90185486 0.55804469
v -1.57335717 -0.90097774 0.54345336
v -1.56210856 -0.90129685 0.55828657
v -1.58325147 0.90178778 0.52756449
v -1.59304174 0.90121714 0.51212177
v -1.59304174 0.90202935 0.51212177
v -1.60175315 0.90122812 0.49702388
v -1.60931422 0.89948582 0.48264939
v -1.60931422 0.90029911 0.48264939
v -1.60181403 0.90570993 0.47000836
v -1.60742698 0.90555274 0.45818416
v -1.60742698 0.90473836 0.45818416
v -1.62804157 0.89854157 0.43066218
v -1.62464697 0.89950893 0.43047738
v -1.62464697 0.90048414 0.43047738
v -1.62485376 -0.89855165 0.44773103
v -1.62768084 -0.89691205 0.44015564
v -1.62485376 -0.89757536 0.44773103
v -1.62652616 -0.89658610 0.44842830
v -1.62937840 -0.89591590 0.44078215
v -1.62652616 -0.89788560 0.44842830
v -1.59337298 0.90853370 0.48240400
v -1.59337298 0.90983326 0.48240400
v -1.57621796 0.91285884 0.51182056
v -1.58542731 0.91070987 0.49675710
v -1.58542731 0.91209373 0.49675710
v -1.51452188 0.90883086 0.59533824
v -1.51074320 0.91131510 0.59521436
v -1.51074294 0.91034097 0.59521429
v -1.52091142 0.91069104 0.58198897
v -1.53215148 0.91122811 0.57053733
v -1.53215148 0.91041539 0.57053733
v -1.52067043 -0.91055848 0.59004249
v -1.52949799 -0.91010732 0.58208483
v -1.53499644 -0.90794213 0.58199331
v -1.52091219 -0.91069212 0.58198890
v -1.53215225 -0.91041494 0.57053733
v -1.52091219 -0.91150580 0.58198890
v -1.54237383 0.90559876 0.58217488
v -1.53451930 0.90697273 0.58986966
v -1.54237383 0.90673639 0.58217488
v -1.57415343 0.90586605 0.54393471
v -1.58475807 0.90432135 0.52859586
v -1.57415343 0.90472904 0.54393471
v -1.63093580 0.89553495 0.43583976
v -1.63172745 0.89663014 0.43272100
v -1.63172745 0.89533001 0.43272100
v -1.62081748 0.89842215 0.45760373
v -1.53451930 0.90445174 0.58986966
v -1.53451930 0.90583509 0.58986966
v -1.51844493 0.90559620 0.59738682
v -1.51341149 0.90758524 0.59724251
v -1.51341149 0.90847033 0.59724251
v -1.57415419 -0.90473013 0.54393471
v -1.58475935 -0.90293907 0.52859583
v -1.58475935 -0.90432243 0.52859583
v -1.60332803 -0.90026254 0.49794519
v -1.61091680 -0.90062767 0.48351812
v -1.60332803 -0.90156146 0.49794519
v -1.51520415 0.91523719 0.59075290
v -1.50972369 0.91537083 0.59043194
v -1.55402146 0.91408857 0.54239761
v -1.54380320 0.91086138 0.55759071
v -1.54380320 0.91004700 0.55759071
v -1.55554414 -0.90958601 0.54341896
v -1.56704920 -0.90983594 0.52829124
v -1.55554414 -0.91039975 0.54341896
v -1.60181493 -0.90750099 0.47000839
v -1.61817523 -0.90607047 0.44794621
v -1.62235408 -0.90374279 0.44818752
v -1.62519342 -0.90310878 0.44053260
v -1.62652616 -0.89926787 0.44842830
v -1.62937840 -0.89721488 0.44078215
v -1.62937840 -0.89859824 0.44078215
v -1.62103269 -0.90545739 0.44026158
v -1.61286276 -0.90789127 0.44000007
v -1.61445373 -0.90865478 0.43554738
v -1.61445373 -0.90751937 0.43554738
v -1.54237460 -0.90673748 0.58217488
v -1.53452007 -0.90583618 0.58986966
v -1.54237460 -0.90559984 0.58217488
v -1.56307381 -0.90504024 0.55860926
v -1.57415419 -0.90334671 0.54393471
v -1.59458420 0.90236416 0.51309787
v -1.60332727 0.90294316 0.49794519
v -1.60332727 0.90156038 0.49794519
v -1.57415343 0.90116212 0.54393471
v -1.58475807 0.90163741 0.52859586
v -1.58475807 0.90075289 0.52859586
v -1.62768084 -0.89788726 0.44015564
v -1.61817523 -0.90325289 0.44794621
v -1.62498970 -0.90041227 0.44046623
v -1.62214499 -0.90105050 0.44810015
v -1.51452329 -0.90980754 0.59533830
v -1.51885786 -0.90808739 0.59545931
v -1.51452329 -0.90883195 0.59533830
v -1.52616620 -0.90854896 0.58963971
v -1.61642444 0.90416102 0.43072022
v -1.61774417 0.90354788 0.42923398
v -1.61774417 0.90484846 0.42923398
v -1.61458405 0.90416983 0.44053717
v -1.61633739 0.90472579 0.43558836
v -1.61633739 0.90375173 0.43558836
v -1.62450886 0.90448109 0.42993651
v -1.62524690 0.90390420 0.42882220
v -1.62810488 0.90241343 0.43027161
v -1.61286186 0.90650797 0.44000007
v -1.61445283 0.90483588 0.43554738
v -1.61445283 0.90613487 0.43554738
v -1.59517137 0.90919759 0.48322568
v -1.60202171 0.90819736 0.46992657
v -1.60181403 0.90749990 0.47000836
v -1.57772239 0.90917148 0.51284616
v -1.58697029 0.90938050 0.49772280
v -1.58697029 0.90840478 0.49772280
v -1.54380397 -0.91004809 0.55759071
v -1.53215225 -0.91122919 0.57053733
v -1.55554338 0.90958493 0.54341902
v -1.56704843 0.90902156 0.52829124
v -1.57772239 0.90835711 0.51284616
v -1.61642534 -0.90546103 0.43072019
v -1.61774493 -0.90623130 0.42923398
v -1.61774493 -0.90484795 0.42923398
v -1.60579925 -0.90786880 0.45738574
v -1.60999725 -0.90579112 0.44747367
v -1.60579925 -0.90656975 0.45738574
v -1.56704920 -0.90902156 0.52829124
v -1.57772315 -0.90835819 0.51284616
v -1.57772315 -0.90917257 0.51284616
v -1.57621873 -0.91285992 0.51182059
v -1.50972446 -0.91398805 0.59043194
v -1.51852471 -0.91386073 0.58186470
v -1.51852471 -0.91256174 0.58186470
v -1.51520504 -0.91523827 0.59075290
v -1.52058695 -0.91293013 0.59120432
v -1.52401920 -0.91506123 0.58221936
v -1.52631337 -0.90636654 0.59681165
v -1.52265110 -0.90611866 0.59750725
v -1.52631337 -0.90498312 0.59681165
v -1.51355101 -0.90712680 0.59700446
v -1.51396777 -0.90709910 0.59629041
v -1.51865185 -0.90524307 0.59642310
v -1.61091565 0.90201154 0.48351815
v -1.61727762 0.90105312 0.47019568
v -1.61727762 0.89966976 0.47019568
v -1.60865455 0.90783414 0.46966965
v -1.61404347 0.90688523 0.45787245
v -1.61296947 0.90551757 0.46993276
v -1.61966753 -0.90520376 0.42854505
v -1.62451001 -0.90448218 0.42993651
v -1.62851207 -0.90203196 0.42903470
v -1.62524767 -0.90390529 0.42882223
v -1.58697118 -0.90759372 0.49772280
v -1.58697118 -0.90840587 0.49772280
v -1.58087433 -0.90985266 0.51225934
v -1.58530554 -0.90768486 0.51245215
v -1.62568996 -0.89552767 0.44807966
v -1.62789312 -0.89542338 0.44023398
v -1.62852981 -0.89486111 0.44046875
v -1.62538782 -0.89786307 0.42870403
v -1.62857181 -0.89603748 0.42887728
v -1.62834485 -0.89593377 0.42964229
v -1.55223915 0.90392724 0.57167197
v -1.56307305 0.90365689 0.55860926
v -1.56307305 0.90235784 0.55860926
v -1.56114228 0.90252869 0.55796382
v -1.60931422 0.90127484 0.48264939
v -1.60175315 0.90220384 0.49702388
v -1.60628749 0.90379104 0.48312755
v -1.52265033 0.90750086 0.59750725
v -1.52265033 0.90863850 0.59750725
v -1.52631222 0.90750086 0.59681165
v -1.53077215 0.90906924 0.59082081
v -1.53926580 0.90875542 0.58273895
v -1.53358252 0.90800289 0.59010753
v -1.61372296 0.90313603 0.44026851
v -1.61436884 0.90293480 0.44047019
v -1.61610188 0.90252136 0.43558309
v -1.60579835 0.90568479 0.45738574
v -1.60999635 0.90490615 0.44747364
v -1.60579835 0.90656867 0.45738574
v -1.61539600 -0.90274103 0.43556787
v -1.61637058 -0.90244387 0.43278875
v -1.61610265 -0.90252244 0.43558309
v -1.62475330 -0.89810776 0.43022391
v -1.62507075 -0.89780907 0.42946394
v -1.62811816 -0.89618268 0.43040708
v -1.61794725 0.90779074 0.42950983
v -1.61934165 0.90724838 0.42893906
v -1.61836695 0.90794685 0.43012137
v -1.61966663 0.90381932 0.42854505
v -1.61966663 0.90520267 0.42854505
v -1.61774417 0.90623181 0.42923398
v -1.51103716 0.91062339 0.59036856
v -1.52061286 0.91027179 0.58197352
v -1.51971768 0.91047934 0.58192693
v -1.51396688 0.90709801 0.59629041
v -1.51865108 0.90524199 0.59642310
v -1.51438339 0.90742076 0.59557611
v -1.63007789 0.89448117 0.43555750
v -1.63082449 0.89428830 0.43261384
v -1.63014733 0.89486162 0.43253365
v -1.62506986 0.89780850 0.42946394
v -1.62811739 0.89618160 0.43040708
v -1.62834409 0.89593269 0.42964229
v -1.50936156 -0.91490825 0.59652796
v -1.51404079 -0.91300818 0.59676187
v -1.51089969 -0.91523361 0.59497630
v -1.50501843 -0.91488565 0.59605075
v -1.50573210 -0.91388485 0.59455003
v -1.50501843 -0.91350230 0.59605075
v -1.62246372 0.89873865 0.45836922
v -1.62246372 0.89743967 0.45836922
v -1.62225796 0.89617158 0.45827339
v -1.62631619 0.89531795 0.44834121
v -1.62568919 0.89552601 0.44807966
v -1.52631222 0.90498204 0.59681165
v -1.52631222 0.90636546 0.59681165
v -1.52971678 0.90594991 0.59450720
v -1.51880579 0.90566641 0.59570030
v -1.51592726 -0.91313398 0.59532037
v -1.52971754 -0.90594991 0.59450720
v -1.59304250 -0.90121822 0.51212180
v -1.59458497 -0.90236525 0.51309787
v -1.54607554 -0.90731807 0.57124908
v -1.55242258 -0.90918769 0.55774925
v -1.55751129 -0.90690418 0.55809887
v -1.56114305 -0.90252978 0.55796382
v -1.57256028 -0.90220231 0.54297201
v -1.56559085 -0.91352164 0.52720130
v -1.57621873 -0.91399648 0.51182059
v -1.55891960 -0.91396501 0.54277154
v -1.55223915 0.90531060 0.57167197
v -1.54635547 0.90990819 0.57153641
v -1.55242181 0.91200361 0.55774931
v -1.55775164 0.90959584 0.55817954
v -1.55554338 0.91137432 0.54341902
v -1.56704843 0.91081051 0.52829124
v -1.55554338 0.91039867 0.54341902
v -1.55910890 0.91102113 0.54289944
v -1.60332803 -0.90294482 0.49794519
v -1.59458497 -0.90374860 0.51309787
v -1.58994889 -0.90819940 0.51277496
v -1.51103793 -0.91062447 0.59036862
v -1.51971858 -0.91048042 0.58192699
v -1.51202361 -0.91043064 0.59032108
v -1.51438415 -0.90742185 0.59557611
v -1.51880655 -0.90566749 0.59570030
v -1.61966663 0.90251880 0.42854505
v -1.62475253 0.89810719 0.43022391
v -1.54982040 -0.90844416 0.57167522
v -1.55163514 -0.90745434 0.57167261
v -1.56254217 -0.90717869 0.55856631
v -1.55224005 -0.90644932 0.57167197
v -1.56307381 -0.90617788 0.55860926
v -1.60313146 -0.89899286 0.49782993
v -1.61011583 -0.89826024 0.48308377
v -1.61071627 -0.89806066 0.48340933
v -1.62506297 -0.89608676 0.44781815
v -1.53337675 -0.90265666 0.58877357
v -1.61436986 -0.90293588 0.44047015
v -1.61458495 -0.90417092 0.44053717
v -1.61633815 -0.90375281 0.43558839
v -1.61458495 -0.90514613 0.44053717
v -1.63227914 0.89648699 0.43054605
v -1.63215098 0.89804541 0.42924436
v -1.63215098 0.89666205 0.42924436
v -1.62851130 0.90203088 0.42903467
v -1.61817446 0.90325289 0.44794621
v -1.62214423 0.90105050 0.44810015
v -1.62498868 0.90041119 0.44046623
v -1.62921974 0.89653575 0.43527547
v -1.62992204 0.89732906 0.43250694
v -1.62921974 0.89751147 0.43527547
v -1.61286186 0.90902839 0.44000007
v -1.61445283 0.90865369 0.43554738
v -1.61485823 0.90919663 0.43544527
v -1.60985224 0.90918195 0.45762517
v -1.59357006 0.90701721 0.48251760
v -1.60101204 0.90547513 0.46958164
v -1.60041083 0.90601960 0.46926160
v -1.57640611 0.90865950 0.51194894
v -1.58619893 0.90735471 0.49723983
v -1.58562031 0.90789439 0.49687786
v -1.58619970 -0.90735579 0.49723983
v -1.59357096 -0.90701830 0.48251760
v -1.59416183 -0.90647708 0.48285844
v -1.60101319 -0.90547622 0.46958164
v -1.62810577 -0.90241452 0.43027158
v -1.62610915 -0.90139795 0.44840411
v -1.62937840 -0.89973473 0.44078215
v -1.62895883 -0.90073253 0.44075815
v -1.55010480 0.90460217 0.57121972
v -1.56114228 0.90334084 0.55796382
v -1.56114228 0.90431656 0.55796382
v -1.55242181 0.90918661 0.55774931
v -1.61458405 0.90514504 0.44053717
v -1.62106626 0.90261517 0.44030929
v -1.62992204 0.89635449 0.43250694
v -1.62943431 0.89504555 0.43534602
v -1.54199013 0.91456756 0.55690686
v -1.55402146 0.91522627 0.54239761
v -1.53532768 0.91476145 0.57065068
v -1.54711917 0.91440092 0.55732145
v -1.54080226 0.91234219 0.57111384
v -1.58530465 0.91050078 0.51245218
v -1.63228003 -0.89648807 0.43054602
v -1.63215200 -0.89666314 0.42924436
v -1.63215200 -0.89804649 0.42924436
v -1.63115139 -0.89430406 0.43007137
v -1.63190182 -0.89409811 0.42945105
v -1.63202461 -0.89393466 0.43063614
v -1.61047426 -0.90414054 0.48348981
v -1.62485886 -0.90234852 0.44833195
v -1.62769948 -0.90169606 0.44068677
v -1.50659128 0.91031525 0.59539364
v -1.50739059 0.90977563 0.59593421
v -1.50839414 0.90984111 0.59531086
v -1.50605313 0.91149380 0.59676506
v -1.50501728 0.91220223 0.59605075
v -1.50501728 0.91350121 0.59605075
v -1.53337599 0.90265557 0.58877350
v -1.53386576 0.90209432 0.58924330
v -1.54077954 0.90242505 0.58151298
v -1.52585142 0.90315014 0.59517077
v -1.52604915 0.90260471 0.59587397
v -1.52926708 0.90220805 0.59368964
v -1.61477603 -0.90583943 0.44047360
v -1.61633815 -0.90472687 0.43558839
v -1.61654239 -0.90541016 0.43552868
v -1.62106703 -0.90261626 0.44030932
v -1.55010556 -0.90460325 0.57121972
v -1.56114305 -0.90431822 0.55796382
v -1.56114305 -0.90334192 0.55796382
v -1.54055271 -0.90489045 0.58141845
v -1.52578556 0.90463306 0.59493667
v -1.52578556 0.90560878 0.59493667
v -1.52253839 0.90662324 0.59556200
v -1.51644511 0.91076960 0.59375231
v -1.51951192 0.90881829 0.59496871
v -1.52147574 0.90890675 0.59349702
v -1.53077304 -0.90907033 0.59082081
v -1.53358328 -0.90800398 0.59010746
v -1.54159762 -0.90774881 0.58231599
v -1.52582551 -0.90936640 0.59511173
v -1.52620168 -0.90832098 0.59626526
v -1.52874463 -0.90816436 0.59465834
v -1.56631907 0.90878312 0.52774629
v -1.56686577 0.90859555 0.52815513
v -1.57753424 0.90793115 0.51271806
v -1.55421153 0.90988923 0.54252519
v -1.55478236 0.90934802 0.54290819
v -1.56686705 -0.90859663 0.52815510
v -1.57697107 -0.90812084 0.51233353
v -1.57753500 -0.90793224 0.51271806
v -1.55478312 -0.90934910 0.54290819
v -1.56577275 -0.90932453 0.52733747
v -1.56631983 -0.90878421 0.52774632
v -1.54146283 0.90186168 0.58179680
v -1.55037145 0.90213785 0.57127608
v -1.55117217 0.90157404 0.57144565
v -1.56210779 0.90129577 0.55828664
v -1.61691115 -0.90847977 0.43057046
v -1.61836771 -0.90794794 0.43012137
v -1.61934267 -0.90724946 0.42893906
v -1.61542345 -0.90583196 0.43286939
v -1.61642534 -0.90684438 0.43072019
v -1.59458420 0.90488458 0.51309787
v -1.60287566 0.90507171 0.49791517
v -1.60332727 0.90408080 0.49794519
v -1.58994813 0.90819832 0.51277496
v -1.53026233 0.91074969 0.57026806
v -1.54289692 0.90981960 0.55724882
v -1.54221670 0.91036612 0.55699263
v -1.52999249 0.91138690 0.57022951
v -1.54199013 0.91100013 0.55690686
v -1.54199013 0.91188522 0.55690686
v -1.52999339 -0.91227256 0.57022951
v -1.54199089 -0.91100122 0.55690686
v -1.52061414 -0.91027287 0.58197352
v -1.53107263 -0.91019743 0.57038345
v -1.53188241 -0.90999467 0.57049878
v -1.57395404 0.90077702 0.54381440
v -1.58456979 0.90036779 0.52846713
v -1.58400496 0.90056640 0.52808017
v -1.60194972 0.89974207 0.49713911
v -1.60254034 0.89919141 0.49748455
v -1.60951462 0.89881307 0.48275792
v -1.52949723 0.91010623 0.58208483
v -1.51235089 0.91166720 0.59030538
v -1.51235089 0.91264184 0.59030538
v -1.52091142 0.91248043 0.58198897
v -1.58400573 -0.90056749 0.52808017
v -1.59323550 -0.90054541 0.51224389
v -1.59381374 -0.89999525 0.51260976
v -1.60195061 -0.89974379 0.49713911
v -1.60951539 -0.89881415 0.48275796
v -1.60254110 -0.89919249 0.49748455
v -1.63090376 -0.89741401 0.42874504
v -1.63080152 -0.90071830 0.42917086
v -1.63183378 -0.90002461 0.43052161
v -1.63171890 -0.89996902 0.42955661
v -1.61585655 0.89785994 0.46947863
v -1.61646554 0.89730449 0.46978603
v -1.62164067 0.89637702 0.45798647
v -1.61011506 0.89826075 0.48308380
v -1.61727762 0.90218967 0.47019568
v -1.61684695 0.90318160 0.47016942
v -1.62204326 0.90225049 0.45834436
v -1.62652527 0.90040442 0.44842830
v -1.62610838 0.90139686 0.44840411
v -1.62895793 0.90073145 0.44075815
v -1.50936067 0.91490716 0.59652796
v -1.51089880 0.91523253 0.59497630
v -1.51404002 0.91300761 0.59676187
v -1.50501728 0.91488457 0.59605075
v -1.50573120 0.91526712 0.59455003
v -1.50573120 0.91640412 0.59455003
v -1.61039256 -0.91015129 0.44749645
v -1.61157852 -0.90974416 0.44756509
v -1.61326050 -0.90956865 0.43999152
v -1.58714044 -0.91337031 0.49687071
v -1.59505202 -0.91248733 0.48251045
v -1.59379331 -0.91289496 0.48243074
v -1.59494953 -0.90671501 0.48331280
v -1.58677844 -0.90716771 0.49760205
v -1.59494863 0.90850173 0.48331280
v -1.59494863 0.90752601 0.48331280
v -1.57697017 0.90811975 0.51233353
v -1.58677755 0.90716662 0.49760202
v -1.61805192 -0.90188581 0.45802518
v -1.61565436 -0.90032273 0.46937632
v -1.62081825 -0.89939730 0.45760376
v -1.62081825 -0.89842273 0.45760376
v -1.50573210 -0.91258478 0.59455003
v -1.50972446 -0.91537192 0.59043194
v -1.53107186 0.91019635 0.57038345
v -1.51005213 0.91117047 0.59041598
v -1.51882238 0.91103893 0.58188040
v -1.54380397 -0.91086247 0.55759071
v -1.53559625 -0.91183334 0.57065049
v -1.54734664 -0.91145819 0.55740684
v -1.54079384 -0.90959278 0.57095996
v -1.57275954 -0.90152949 0.54309232
v -1.58344039 -0.90111655 0.52769357
v -1.55037234 -0.90213893 0.57127608
v -1.55117306 -0.90157512 0.57144565
v -1.55224005 -0.90392833 0.57167197
v -1.56307381 -0.90365797 0.55860926
v -1.55224005 -0.90531168 0.57167197
v -1.51341149 0.91228916 0.59724251
v -1.52620079 0.90831990 0.59626526
v -1.52344378 0.90932702 0.59690840
v -1.60061940 -0.91189677 0.46917978
v -1.60739315 -0.91053020 0.45748004
v -1.60619776 -0.91093267 0.45740929
v -1.61966753 -0.90381881 0.42854505
v -1.61812519 -0.90171030 0.42993354
v -1.61951422 -0.90096568 0.42945082
v -1.61841035 -0.90168566 0.43045798
v -1.60600297 -0.90505333 0.45748553
v -1.61020390 -0.90427316 0.44756627
v -1.61082349 -0.90372767 0.44784419
v -1.60041185 -0.90601960 0.46926160
v -1.62538706 0.89786307 0.42870400
v -1.62857091 0.89603640 0.42887728
v -1.63227914 0.89518801 0.43054605
v -1.61727839 -0.89967084 0.47019568
v -1.62246449 -0.89873974 0.45836922
v -1.62246449 -0.90012309 0.45836922
v -1.61646631 -0.89730558 0.46978603
v -1.62102414 -0.89693458 0.45769962
v -1.62164143 -0.89637811 0.45798650
v -1.57335628 0.90097666 0.54345336
v -1.58343962 0.90111547 0.52769354
v -1.56138353 0.90185377 0.55804469
v -1.57275865 0.90152949 0.54309232
v -1.60600208 0.90505224 0.45748553
v -1.60661273 0.90450732 0.45778482
v -1.61020288 0.90427252 0.44756627
v -1.61793219 -0.90324983 0.43123636
v -1.61850544 -0.90297998 0.43063291
v -1.61850544 -0.90395449 0.43063291
v -1.61717895 -0.90215144 0.43097829
v -1.61774391 -0.90199852 0.43117183
v -1.52585219 -0.90315122 0.59517077
v -1.52893023 -0.90277033 0.59307668
v -1.52604991 -0.90260579 0.59587403
v -1.52578632 -0.90463414 0.59493667
v -1.63227914 0.89900690 0.43054605
v -1.63183276 0.90002353 0.43052161
v -1.63215098 0.89918305 0.42924436
v -1.62937776 0.89973365 0.44078215
v -1.63093580 0.89935435 0.43583976
v -1.58975513 0.90550347 0.51265287
v -1.59304250 -0.90203043 0.51212180
v -1.61840945 0.90168458 0.43045798
v -1.61939871 0.90115325 0.43013009
v -1.61951346 0.90096568 0.42945085
v -1.61936041 0.90170500 0.43035662
v -1.61850455 0.90216452 0.43063291
v -1.61936041 0.90251823 0.43035662
v -1.61091565 0.90314701 0.48351815
v -1.61047336 0.90413945 0.48348981
v -1.59273194 -0.90681930 0.51296850
v -1.59412175 -0.90587549 0.51306561
v -1.60287643 -0.90507273 0.49791517
v -1.57415419 -0.90586713 0.54393471
v -1.58475935 -0.90545898 0.52859583
v -1.58427557 -0.90645143 0.52856082
v -1.52881701 0.90344359 0.59287232
v -1.52881701 0.90425791 0.59287232
v -1.52578556 0.90381983 0.59493667
v -1.52892946 0.90276924 0.59307668
v -1.61539524 0.90273995 0.43556787
v -1.61708003 0.90223052 0.43272811
v -1.61636968 0.90244279 0.43278878
v -1.61812442 0.90170972 0.42993351
v -1.52971754 -0.90456764 0.59450720
v -1.53435656 -0.90188734 0.58971323
v -1.53026310 -0.91075078 0.57026806
v -1.54221798 -0.91036720 0.55699263
v -1.54289769 -0.90982069 0.55724875
v -1.55421242 -0.90989032 0.54252519
v -1.54981951 0.90844308 0.57167522
v -1.56254128 0.90717760 0.55856631
v -1.55163424 0.90745325 0.57167261
v -1.54159685 0.90774881 0.58231599
v -1.61445398 -0.90915840 0.43996595
v -1.61585387 -0.90888486 0.43269311
v -1.59494953 -0.90752709 0.48331280
v -1.60205350 -0.90599656 0.48295469
v -1.61936041 0.90349280 0.43035662
v -1.61850455 0.90395341 0.43063291
v -1.61860858 0.90447012 0.43075386
v -1.62422370 0.90172383 0.43114101
v -1.62772871 0.89972433 0.43130758
v -1.62454115 0.90132245 0.43064325
v -1.58068657 -0.91279387 0.51213121
v -1.58530554 -0.91050187 0.51245215
v -1.58978219 -0.91201944 0.49704577
v -1.56604910 -0.91520055 0.52723478
v -1.57797551 -0.91413842 0.51194271
v -1.57665795 -0.91453827 0.51185122
v -1.56307305 0.90617680 0.55860926
v -1.57212246 0.90782483 0.54377956
v -1.58282450 0.90739977 0.52845510
v -1.57364565 0.90686264 0.54389603
v -1.51105733 -0.91212577 0.59488810
v -1.51199782 -0.91244380 0.59390944
v -1.51500374 -0.91057686 0.59494177
v -1.50816604 -0.91251400 0.59473665
v -1.50872972 -0.91214147 0.59510331
v -1.50816604 -0.91153886 0.59473665
v -1.59583896 0.90917404 0.48296490
v -1.60205260 0.90599548 0.48295469
v -1.55450345 -0.91576443 0.54243443
v -1.55594776 -0.91534518 0.54254484
v -1.56742422 -0.91479298 0.52733476
v -1.54249535 -0.91623812 0.55694789
v -1.54400782 -0.91580795 0.55706999
v -1.61860935 -0.90447120 0.43075386
v -1.61793219 -0.90422440 0.43123636
v -1.62422472 -0.90172491 0.43114097
v -1.62454192 -0.90132353 0.43064328
v -1.62772960 -0.89972541 0.43130755
v -1.51849650 0.90516968 0.59714570
v -1.61565436 -0.89934867 0.46937632
v -1.61585731 -0.89786103 0.46947863
v -1.61689328 0.90778909 0.44002292
v -1.61851617 0.90743487 0.43494710
v -1.62103180 0.90545630 0.44026161
v -1.61585297 0.90888377 0.43269314
v -1.61691013 0.90847869 0.43057046
v -1.61714372 0.90845405 0.43216383
v -1.63093669 -0.89935543 0.43583976
v -1.63172822 -0.89915158 0.43272097
v -1.63050806 -0.90035885 0.43581560
v -1.63093669 -0.89683444 0.43583976
v -1.63172822 -0.89663123 0.43272097
v -1.63093669 -0.89821779 0.43583976
v -1.59505126 0.91248624 0.48251048
v -1.60061864 0.91189569 0.46917978
v -1.60184288 0.91149220 0.46925439
v -1.58585505 0.91377112 0.49678544
v -1.59379242 0.91289388 0.48243077
v -1.58713916 0.91336923 0.49687071
v -1.56604833 0.91519947 0.52723475
v -1.57665706 0.91453718 0.51185122
v -1.57797474 0.91413733 0.51194271
v -1.57364642 -0.90686372 0.54389603
v -1.61642444 0.90545994 0.43072022
v -1.61542268 0.90835187 0.43286939
v -1.53926656 -0.90875651 0.58273895
v -1.52953527 -0.91265863 0.58270046
v -1.50501843 -0.91131829 0.59605075
v -1.50573210 -0.91169975 0.59455003
v -1.50610776 -0.91108240 0.59446202
v -1.50605389 -0.91061037 0.59676512
v -1.50638807 -0.91006328 0.59655744
v -1.50908547 -0.90891945 0.59681624
v -1.60865544 -0.90783523 0.46966965
v -1.61297023 -0.90551866 0.46993276
v -1.61825807 -0.90457861 0.45812079
v -1.61684797 -0.90318269 0.47016942
v -1.62204415 -0.90224998 0.45834432
v -1.62078327 -0.90319475 0.45826991
v -1.62246372 0.90012201 0.45836922
v -1.62652527 0.89926678 0.44842830
v -1.62652527 0.89788451 0.44842830
v -1.62246372 0.90125901 0.45836922
v -1.50605389 -0.91417773 0.59676512
v -1.51907218 0.91691196 0.58189374
v -1.53051903 0.91662003 0.57026966
v -1.52071715 0.91647433 0.58198105
v -1.54400705 0.91580687 0.55706999
v -1.53209864 0.91618196 0.57038939
v -1.51644588 -0.91077069 0.59375225
v -1.52147702 -0.90890783 0.59349702
v -1.51951281 -0.90881937 0.59496871
v -1.52325933 -0.90736894 0.59497056
v -1.52569787 -0.90642934 0.59442353
v -1.52578632 -0.90560986 0.59493667
v -1.50573120 0.91388377 0.59455003
v -1.50972369 0.91180340 0.59043194
v -1.58427468 0.90645034 0.52856082
v -1.58475807 0.90545790 0.52859586
v -1.59412098 0.90587600 0.51306561
v -1.51105657 0.91212469 0.59488803
v -1.51500285 0.91057577 0.59494177
v -1.51199693 0.91244271 0.59390944
v -1.50816515 0.91153777 0.59473665
v -1.50816515 0.91251292 0.59473665
v -1.50873751 0.91266756 0.59384581
v -1.63172822 -0.89533110 0.43272097
v -1.62631708 -0.89531903 0.44834118
v -1.62916625 -0.89465049 0.44070381
v -1.62937840 -0.89503081 0.44078215
v -1.62402176 0.90003189 0.44798332
v -1.62747240 0.89878952 0.44020998
v -1.62684987 0.89938364 0.44037340
v -1.62485286 0.89757427 0.44773103
v -1.62767995 0.89788662 0.44015564
v -1.62485286 0.89855057 0.44773103
v -1.52881777 -0.90344461 0.59287232
v -1.52578632 -0.90382091 0.59493667
v -1.53321349 -0.90414424 0.58861707
v -1.62943507 -0.89504664 0.43534599
v -1.63014848 -0.89486270 0.43253365
v -1.63007879 -0.89448225 0.43555753
v -1.62922063 -0.89751096 0.43527550
v -1.62992281 -0.89635558 0.43250694
v -1.62922063 -0.89653683 0.43527550
v -1.55010556 -0.90362753 0.57121972
v -1.50777187 0.91025666 0.59490073
v -1.50872883 0.91035150 0.59510331
v -1.50872883 0.91116473 0.59510331
v -1.50872972 -0.91116581 0.59510331
v -1.50659217 -0.91031633 0.59539364
v -1.50777264 -0.91025615 0.59490073
v -1.50839542 -0.90984220 0.59531086
v -1.59458420 0.90106518 0.51309787
v -1.59381284 0.89999417 0.51260976
v -1.54249446 0.91623703 0.55694789
v -1.55450269 0.91576334 0.54243443
v -1.55594687 0.91534409 0.54254484
v -1.56742345 0.91479234 0.52733473
v -1.55010480 0.90281437 0.57121972
v -1.55010480 0.90362644 0.57121972
v -1.60619686 0.91093101 0.45740929
v -1.60739226 0.91052912 0.45748001
v -1.61039167 0.91015129 0.44749642
v -1.61157737 0.90974308 0.44756509
v -1.57640688 -0.90866058 0.51194894
v -1.56559085 -0.91213943 0.52720130
v -1.57621873 -0.91147657 0.51182059
v -1.56559085 -0.91083930 0.52720130
v -1.62402253 -0.90003297 0.44798332
v -1.62685077 -0.89938422 0.44037337
v -1.62747316 -0.89879060 0.44020998
v -1.62652527 0.89570050 0.44842830
v -1.60332803 -0.90408188 0.49794519
v -1.60999635 0.90708908 0.44747364
v -1.61286186 0.90520899 0.44000007
v -1.61468859 0.90330893 0.43555243
v -1.61404462 -0.90688631 0.45787245
v -1.60184365 -0.91149329 0.46925442
v -1.61566023 -0.90300768 0.43284931
v -1.61286276 -0.90650906 0.44000007
v -1.61445373 -0.90613595 0.43554738
v -1.61286276 -0.90520899 0.44000007
v -1.51341239 -0.90977040 0.59724258
v -1.51341239 -0.90847141 0.59724251
v -1.51844583 -0.90778021 0.59738682
v -1.51849739 -0.90516968 0.59714570
v -1.52263706 -0.90353377 0.59726421
v -1.62796345 0.89936590 0.43082349
v -1.62900555 0.89841954 0.43532200
v -1.62970594 0.89824032 0.43254175
v -1.62905839 0.89886285 0.43264585
v -1.52265110 -0.90750195 0.59750725
v -1.52344454 -0.90932868 0.59690840
v -1.61477527 0.90583835 0.44047360
v -1.61715381 0.90534678 0.43535033
v -1.61654137 0.90540907 0.43552868
v -1.61887472 0.90475993 0.43106796
v -1.61923902 0.90433813 0.43053453
v -1.52582474 0.90936531 0.59511173
v -1.52874374 0.90816379 0.59465834
v -1.52971678 0.90708691 0.59450720
v -1.53209940 -0.91618304 0.57038933
v -1.51907295 -0.91691304 0.58189374
v -1.52071791 -0.91647541 0.58198105
v -1.53051992 -0.91662112 0.57026959
v -1.62852905 0.89486002 0.44046875
v -1.62789210 0.89542230 0.44023395
v -1.62767995 0.89691096 0.44015564
v -1.63082539 -0.89428938 0.43261384
v -1.61962911 -0.90112970 0.42877153
v -1.62549364 -0.89833370 0.42845075
v -1.62864737 -0.89652369 0.42862224
v -1.53999337 0.90587230 0.58149996
v -1.53243039 0.90616633 0.58875021
v -1.52569697 0.90642826 0.59442353
v -1.52325856 0.90736786 0.59497056
v -1.62223601 -0.90375862 0.42837637
v -1.62549364 -0.90303762 0.42845075
v -1.61183764 0.90644243 0.44814505
v -1.61240374 0.90642251 0.44793562
v -1.61534852 0.90580369 0.44028236
v -1.60264462 0.90817738 0.46968117
v -1.60820664 0.90721111 0.45787915
v -1.60762177 0.90722687 0.45810767
v -1.52999249 0.91609082 0.57022951
v -1.52999249 0.91357040 0.57022951
v -1.52999249 0.91495318 0.57022951
v -1.50972446 -0.91650949 0.59043194
v -1.51852471 -0.91638108 0.58186470
v -1.50501843 -0.91602272 0.59605075
v -1.50625595 -0.91694285 0.59459675
v -1.50573210 -0.91640521 0.59455003
v -1.56704843 0.90983486 0.52829124
v -1.62864661 0.90122652 0.42862224
v -1.62549275 0.90303653 0.42845075
v -1.62223511 0.90237418 0.42837637
v -1.61962834 0.90112913 0.42877153
v -1.61966663 0.90163422 0.42854505
v -1.61783901 0.90208755 0.42940889
v -1.62549275 0.89833261 0.42845075
v -1.63050729 0.90035777 0.43581560
v -1.63128835 0.90016126 0.43269659
v -1.63172745 0.89915050 0.43272100
v -1.62670882 0.90277339 0.43555709
v -1.62748516 0.90258901 0.43241755
v -1.62997093 0.90116634 0.43262376
v -1.55223915 0.90174431 0.57167197
v -1.56307305 0.90147288 0.55860926
v -1.56283167 0.90109090 0.55852859
v -1.55197225 0.90136336 0.57161523
v -1.54237383 0.90421540 0.58217488
v -1.59304250 -0.90300609 0.51212180
v -1.61923979 -0.90433922 0.43053453
v -1.61887562 -0.90476102 0.43106793
v -1.61534941 -0.90580478 0.44028232
v -1.58475935 -0.90075398 0.52859583
v -1.58457056 -0.90036887 0.52846710
v -1.59458497 -0.90018232 0.51309787
v -1.56307381 -0.90147396 0.55860926
v -1.57395494 -0.90077810 0.54381447
v -1.57415419 -0.90116321 0.54393471
v -1.50860029 -0.91302076 0.59452890
v -1.50873827 -0.91266865 0.59384581
v -1.50900467 -0.91335193 0.59386342
v -1.51235166 -0.91166829 0.59030538
v -1.58585595 -0.91377220 0.49678547
v -1.54237460 -0.90203356 0.58217488
v -1.54214713 -0.90165267 0.58208042
v -1.54874308 0.90619933 0.57129522
v -1.54976424 0.90553015 0.57123849
v -1.56085189 0.90522520 0.55800161
v -1.53831790 0.90670972 0.58174497
v -1.51452188 0.90980646 0.59533824
v -1.63090299 0.89741293 0.42874504
v -1.63074612 0.89479033 0.42899577
v -1.63115050 0.89430298 0.43007134
v -1.63190105 0.89409702 0.42945105
v -1.60661362 -0.90450790 0.45778482
v -1.61164974 -0.90395666 0.44821471
v -1.61164974 -0.90477098 0.44821471
v -1.59416093 0.90647600 0.48285844
v -1.60181403 0.90652418 0.47000836
v -1.62246449 -0.90126009 0.45836922
v -1.63171801 0.89996902 0.42955658
v -1.63090299 0.89879628 0.42874504
v -1.51844493 0.91030012 0.59738682
v -1.51844493 0.90648015 0.59738682
v -1.62992281 -0.89733015 0.43250694
v -1.62836387 -0.89903313 0.43546167
v -1.62970696 -0.89824141 0.43254175
v -1.62900631 -0.89842062 0.43532203
v -1.63128912 -0.90016234 0.43269655
v -1.62354092 -0.90485797 0.43199262
v -1.62670959 -0.90277448 0.43555705
v -1.62748593 -0.90259009 0.43241752
v -1.59439197 -0.89979721 0.51297568
v -1.60332803 -0.89937637 0.49794519
v -1.56577236 0.90932287 0.52733750
v -1.56558957 0.90995433 0.52720134
v -1.61240451 -0.90642360 0.44793562
v -1.60264539 -0.90817847 0.46968117
v -1.60762266 -0.90722796 0.45810770
v -1.60820740 -0.90721219 0.45787912
v -1.63090376 -0.89611503 0.42874504
v -1.63027613 -0.89482811 0.42974734
v -1.63074701 -0.89479033 0.42899573
v -1.50571819 0.91645601 0.59573005
v -1.50782612 0.91652621 0.59473716
v -1.50649618 0.91612381 0.59625818
v -1.50972369 0.91650841 0.59043194
v -1.51852394 0.91638000 0.58186464
v -1.51027665 0.91704082 0.59045740
v -1.50501728 0.91602163 0.59605075
v -1.50625506 0.91694176 0.59459675
v -1.50541069 0.91072876 0.59588647
v -1.50610699 0.91108240 0.59446202
v -1.50573120 0.91169975 0.59455003
v -1.63072135 0.89426947 0.43576901
v -1.63125785 0.89417674 0.43090595
v -1.63202385 0.89393357 0.43063614
v -1.61458405 0.90335660 0.44053717
v -1.61633739 0.90293799 0.43558836
v -1.61164885 0.90395558 0.44821468
v -1.52253915 -0.90662324 0.59556206
v -1.61727762 0.89748575 0.47019568
v -1.62246372 0.89655572 0.45836922
v -1.60313057 0.89899177 0.49782996
v -1.61091565 0.89844309 0.48351815
v -1.61071551 0.89805958 0.48340933
v -1.63014989 0.89635079 0.43089813
v -1.62964696 0.89664846 0.43074971
v -1.62964696 0.89762303 0.43074971
v -1.62943290 0.89875544 0.43132418
v -1.63003590 0.89815225 0.43128039
v -1.62959361 0.89843530 0.43089328
v -1.51355012 0.90712571 0.59700446
v -1.50605313 0.91060928 0.59676506
v -1.50638730 0.91006219 0.59655751
v -1.50501728 0.91131720 0.59605075
v -1.54874384 -0.90619882 0.57129522
v -1.56085266 -0.90522469 0.55800161
v -1.54976513 -0.90552964 0.57123842
v -1.53831867 -0.90671080 0.58174491
v -1.53317826 0.91285207 0.57054327
v -1.54491346 0.91248465 0.55741201
v -1.54408083 0.91252715 0.55754610
v -1.55583454 0.91206597 0.54332827
v -1.55670801 0.91203036 0.54305543
v -1.56732427 0.91150637 0.52818823
v -1.61325973 0.90956757 0.43999155
v -1.61445283 0.90915732 0.43996595
v -1.61607380 0.90879314 0.43513882
v -1.61474361 0.90180661 0.46968092
v -1.61542587 0.90122135 0.46945237
v -1.61995920 0.90087550 0.45788713
v -1.60149849 0.90310348 0.49710893
v -1.60907182 0.90217614 0.48272987
v -1.60834539 0.90276663 0.48297084
v -1.62804259 -0.89756757 0.43066214
v -1.63023758 -0.89724795 0.43126587
v -1.63015078 -0.89732645 0.43089810
v -1.63023758 -0.89627331 0.43126587
v -1.58791167 -0.91005811 0.49735343
v -1.59517214 -0.90919867 0.48322568
v -1.59583985 -0.90917512 0.48296490
v -1.60202261 -0.90819844 0.46992660
v -1.61164885 0.90476989 0.44821468
v -1.61783990 -0.90208864 0.42940889
v -1.61661387 -0.90265762 0.43078472
v -1.52624661 0.90241030 0.59657729
v -1.52960445 0.90199999 0.59430278
v -1.52263629 0.90353211 0.59726421
v -1.61474450 -0.90180769 0.46968092
v -1.61996022 -0.90087658 0.45788716
v -1.61542689 -0.90122244 0.46945237
v -1.60149926 -0.90310457 0.49710896
v -1.60834615 -0.90276771 0.48297084
v -1.60907258 -0.90217722 0.48272987
v -1.50541145 -0.91072984 0.59588647
v -1.50739187 -0.90977671 0.59593415
v -1.52999339 -0.91609190 0.57022951
v -1.54199089 -0.91570520 0.55690686
v -1.52999339 -0.91495426 0.57022951
v -1.52999339 -0.91138798 0.57022951
v -1.51882315 -0.91103893 0.58188040
v -1.61727839 -0.89748683 0.47019568
v -1.61707543 -0.89710332 0.47009340
v -1.62225873 -0.89617266 0.45827339
v -1.61091680 -0.90201262 0.48351812
v -1.54357765 -0.90962469 0.55750526
v -1.54214624 0.90165158 0.58208042
v -1.53435579 0.90188626 0.58971323
v -1.53451930 0.90226881 0.58986966
v -1.52971678 0.90238299 0.59450720
v -1.58475807 0.90293799 0.52859586
v -1.63228003 -0.89787143 0.43054602
v -1.63228003 -0.89900798 0.43054602
v -1.63215200 -0.89918413 0.42924436
v -1.55402236 -0.91522736 0.54239754
v -1.50859952 0.91302076 0.59452884
v -1.50900390 0.91335085 0.59386342
v -1.51336784 0.91329736 0.59035356
v -1.52191140 0.91313704 0.58204328
v -1.52116122 0.91317214 0.58200256
v -1.53240818 0.91289388 0.57053874
v -1.63072225 -0.89427055 0.43576901
v -1.63150242 -0.89406926 0.43269429
v -1.63093669 -0.89465100 0.43583976
v -1.62081825 -0.89760944 0.45760376
v -1.61774315 0.90199744 0.43117186
v -1.61793142 0.90422331 0.43123636
v -1.61793142 0.90324874 0.43123636
v -1.59323474 0.90054541 0.51224389
v -1.60175315 0.90041489 0.49702388
v -1.61542345 -0.90453253 0.43286939
v -1.61307784 -0.90369001 0.44006711
v -1.61445373 -0.90395086 0.43554738
v -1.61468936 -0.90331001 0.43555243
v -1.61794802 -0.90779177 0.42950983
v -1.55223915 0.90644824 0.57167197
v -1.62916549 0.89464941 0.44070381
v -1.63093580 0.89465043 0.43583976
v -1.62937776 0.89502973 0.44078215
v -1.57621873 -0.90929256 0.51182059
v -1.58542808 -0.90852694 0.49675710
v -1.51336861 -0.91329845 0.59035350
v -1.52116237 -0.91317323 0.58200256
v -1.52191216 -0.91313813 0.58204328
v -1.50980437 -0.91329009 0.59391538
v -1.57621796 0.90929147 0.51182056
v -1.61555658 -0.90412956 0.47009066
v -1.60152236 -0.90601756 0.49782511
v -1.60914675 -0.90509105 0.48340518
v -1.60914598 0.90508996 0.48340518
v -1.61555569 0.90412847 0.47009066
v -1.50571895 -0.91645709 0.59573005
v -1.50649695 -0.91612490 0.59625818
v -1.50605389 -0.91531429 0.59676512
v -1.61633815 -0.90293907 0.43558839
v -1.54055271 -0.90391416 0.58141845
v -1.54055271 -0.90310048 0.58141845
v -1.53240894 -0.91289496 0.57053874
v -1.54491435 -0.91248573 0.55741201
v -1.53317916 -0.91285316 0.57054333
v -1.59458420 0.90018123 0.51309787
v -1.60332727 0.89937688 0.49794519
v -1.59439108 0.89979613 0.51297565
v -1.61542268 0.90453196 0.43286939
v -1.61307707 0.90368893 0.44006715
v -1.61286186 0.90432390 0.44000007
v -1.57415343 0.90204671 0.54393471
v -1.52631337 -0.90279803 0.59681165
v -1.52624738 -0.90241139 0.59657735
v -1.52971754 -0.90238407 0.59450720
v -1.52265110 -0.90393567 0.59750725
v -1.61936118 -0.90349388 0.43035662
v -1.61936118 -0.90251931 0.43035662
v -1.62118140 -0.90148966 0.43033033
v -1.62246449 -0.89655681 0.45836922
v -1.62652616 -0.89570159 0.44842830
v -1.52091142 0.91150471 0.58198897
v -1.52255243 0.90417934 0.59580542
v -1.52259430 0.90367942 0.59653459
v -1.51260490 0.91333457 0.59031737
v -1.50980360 0.91328900 0.59391538
v -1.61661272 0.90265653 0.43078475
v -1.61717793 0.90215035 0.43097829
v -1.61966753 -0.90163531 0.42854505
v -1.62223601 -0.90019170 0.42837637
v -1.62210428 -0.89973799 0.42862062
v -1.61966753 -0.90251989 0.42854505
v -1.62223601 -0.90237527 0.42837637
v -1.62223601 -0.90107622 0.42837637
v -1.61565359 0.89853321 0.46937632
v -1.62102338 0.89693349 0.45769962
v -1.62081748 0.89760835 0.45760373
v -1.62506194 0.89608567 0.44781812
v -1.62767995 0.89609767 0.44015564
v -1.62485286 0.89676213 0.44773103
v -1.56094622 0.90815166 0.55843758
v -1.52881777 -0.90523471 0.59287232
v -1.52881777 -0.90425899 0.59287232
v -1.60579925 -0.90925324 0.45738574
v -1.60999725 -0.90847346 0.44747367
v -1.60999725 -0.90709016 0.44747367
v -1.61286276 -0.90902941 0.44000007
v -1.51074409 -0.91131618 0.59521429
v -1.50899867 -0.91295687 0.59480628
v -1.61286276 -0.90432498 0.44000007
v -1.60579925 -0.90568587 0.45738574
v -1.60999725 -0.90490724 0.44747367
v -1.55224005 -0.90174540 0.57167197
v -1.55197314 -0.90136444 0.57161523
v -1.56283256 -0.90109198 0.55852859
v -1.58697029 0.90759264 0.49772280
v -1.62060368 -0.90029599 0.45767473
v -1.62464582 -0.89944983 0.44779390
v -1.54357676 0.90962360 0.55750526
v -1.62464506 0.89944874 0.44779390
v -1.62060291 0.90029490 0.45767473
v -1.60579835 0.91039031 0.45738574
v -1.60999635 0.90847237 0.44747364
v -1.60999635 0.90960950 0.44747364
v -1.54237383 0.90203247 0.58217488
v -1.57797334 0.91084402 0.51274851
v -1.58791078 0.91005702 0.49735343
v -1.58720554 0.91007796 0.49763042
v -1.52881701 0.90523363 0.59287232
v -1.58542731 0.91322977 0.49675710
v -1.58542808 -0.91071095 0.49675710
v -1.59337374 -0.91121764 0.48240400
v -1.59337374 -0.90983435 0.48240400
v -1.58562108 -0.90789548 0.49687786
v -1.59337374 -0.90764976 0.48240400
v -1.50816604 -0.91072512 0.59473665
v -1.50873827 -0.91087861 0.59384581
v -1.50873827 -0.91169293 0.59384581
v -1.50836261 -0.91043900 0.59393382
v -1.54199013 0.91570463 0.55690686
v -1.59458497 -0.90106626 0.51309787
v -1.61485900 -0.90919772 0.43544527
v -1.61542345 -0.90835187 0.43286939
v -1.61642534 -0.90798145 0.43072019
v -1.63090299 0.89993284 0.42874504
v -1.61774417 0.90736728 0.42923398
v -1.61642444 0.90798036 0.43072022
v -1.61183840 -0.90644300 0.44814508
v -1.60181493 -0.90571102 0.47000839
v -1.60161440 -0.90528654 0.46990168
v -1.60722428 -0.90431503 0.45808441
v -1.56559085 -0.91465934 0.52720130
v -1.50873751 0.91169184 0.59384581
v -1.50836172 0.91043843 0.59393382
v -1.55402146 0.91140623 0.54239761
v -1.51592687 0.91313289 0.59532030
v -1.62078238 0.90319417 0.45826988
v -1.62485797 0.90234744 0.44833199
v -1.62769859 0.90169498 0.44068677
v -1.62980499 -0.89521634 0.43049901
v -1.63040096 -0.89486372 0.43069144
v -1.63023758 -0.89546002 0.43126587
v -1.63015078 -0.89635079 0.43089810
v -1.63015078 -0.89553865 0.43089810
v -1.52265110 -0.90863959 0.59750725
v -1.63090376 -0.89993392 0.42874504
v -1.62864737 -0.90122761 0.42862224
v -1.60579925 -0.91039031 0.45738574
v -1.60021119 -0.91135709 0.46915489
v -1.62223511 0.90489454 0.42837637
v -1.62189481 0.90581677 0.42872615
v -1.61966663 0.90633814 0.42854505
v -1.61939960 -0.90115434 0.43013009
v -1.52255332 -0.90418043 0.59580542
v -1.62922114 0.90134179 0.43574370
v -1.55535306 0.90915834 0.54329112
v -1.59337298 0.91235419 0.48240400
v -1.60021043 0.91135601 0.46915489
v -1.51193617 -0.91661486 0.59053418
v -1.50782689 -0.91652730 0.59473716
v -1.51193540 0.91661378 0.59053418
v -1.62652616 -0.90040551 0.44842830
v -1.61144232 0.90353160 0.44812204
v -1.60722326 0.90431394 0.45808441
v -1.52971754 -0.90708799 0.59450720
v -1.53452007 -0.90697381 0.58986966
v -1.61707454 0.89710224 0.47009337
v -1.61144308 -0.90353269 0.44812204
v -1.61458495 -0.90335769 0.44053717
v -1.61774493 -0.90736837 0.42923398
v -1.61966753 -0.90633923 0.42854505
v -1.62189570 -0.90581786 0.42872615
v -1.62223601 -0.90489562 0.42837637
v -1.59475180 0.90628785 0.48319919
v -1.60161338 0.90528545 0.46990165
v -1.62223511 0.90107513 0.42837637
v -1.62223511 0.90019062 0.42837637
v -1.55998161 -0.90583464 0.55811470
v -1.57132634 -0.90549875 0.54329827
v -1.57225164 -0.90489562 0.54305364
v -1.58295738 -0.90447963 0.52765828
v -1.61565436 -0.89853429 0.46937632
v -1.62992204 0.89554011 0.43250694
v -1.63023669 0.89627273 0.43126587
v -1.63014989 0.89553756 0.43089813
v -1.61091680 -0.89844417 0.48351812
v -1.57132557 0.90549766 0.54329827
v -1.57225087 0.90489454 0.54305364
v -1.58295610 0.90447854 0.52765831
v -1.55998084 0.90583356 0.55811470
v -1.56815256 0.91148123 0.52787974
v -1.54408198 -0.91252824 0.55754610
v -1.55670916 -0.91203144 0.54305543
v -1.54380320 0.91183704 0.55759071
v -1.52541973 -0.90748784 0.59319603
v -1.52796855 -0.90632570 0.59295319
v -1.53008440 -0.90719700 0.58915031
v -1.52796727 0.90632461 0.59295325
v -1.52541883 0.90748676 0.59319603
v -1.53008363 0.90719758 0.58915031
v -1.62922216 -0.90134287 0.43574370
v -1.62997169 -0.90116742 0.43262376
v -1.50605313 0.91531320 0.59676506
v -1.50884754 0.91412272 0.59704498
v -1.56732517 -0.91150746 0.52818823
v -1.57797410 -0.91084511 0.51274854
v -1.56815346 -0.91148231 0.52787974
v -1.58720643 -0.91007904 0.49763045
v -1.57872785 -0.91082736 0.51245540
v -1.57872670 0.91082628 0.51245540
v -1.63014989 0.89732536 0.43089813
v -1.62997769 0.89800348 0.43099418
v -1.59196084 -0.90449169 0.51248080
v -1.60073492 -0.90369256 0.49736447
v -1.59277228 -0.90390637 0.51221163
v -1.58207203 -0.90507279 0.52793938
v -1.62260145 -0.90511734 0.43518908
v -1.61607469 -0.90879423 0.43513882
v -1.61714487 -0.90845514 0.43216383
v -1.60999725 -0.90961058 0.44747367
v -1.55010556 -0.90281437 0.57121972
v -1.61542268 0.90721430 0.43286939
v -1.61542268 0.90583088 0.43286939
v -1.61642444 0.90684330 0.43072022
v -1.57025348 -0.91343471 0.52754052
v -1.59494863 0.90671393 0.48331280
v -1.62118140 -0.90246538 0.43033033
v -1.55535395 -0.90915942 0.54329119
v -1.62959437 -0.89843530 0.43089328
v -1.62964799 -0.89762412 0.43074974
v -1.62997871 -0.89800456 0.43099418
v -1.62943380 -0.89875652 0.43132418
v -1.63003667 -0.89815333 0.43128039
v -1.50884881 -0.91412380 0.59704498
v -1.61727762 0.89837078 0.47019568
v -1.58207114 0.90507171 0.52793935
v -1.59277100 0.90390471 0.51221163
v -1.59196007 0.90449111 0.51248077
v -1.60073403 0.90369148 0.49736450
v -1.62273816 0.90220537 0.43538011
v -1.62727200 0.89987055 0.43268689
v -1.62364100 0.90193604 0.43253250
v -1.61820190 0.90501191 0.43249405
v -1.51235166 -0.91085455 0.59030538
v -1.52999249 0.91227148 0.57022951
v -1.50884881 -0.90941988 0.59704498
v -1.51341239 -0.90758632 0.59724251
v -1.51844583 -0.90559729 0.59738682
v -1.50872883 0.91214039 0.59510331
v -1.50899739 0.91295578 0.59480628
v -1.55583569 -0.91206705 0.54332827
v -1.62364151 -0.90193712 0.43253250
v -1.62727289 -0.89987163 0.43268689
v -1.62652936 -0.90005965 0.43553421
v -1.62905916 -0.89886393 0.43264585
v -1.63023669 0.89545893 0.43126587
v -1.63040007 0.89486264 0.43069144
v -1.61895897 -0.90434490 0.43523883
v -1.62000464 -0.90400383 0.43239681
v -1.62273918 -0.90220645 0.43538011
v -1.61715470 -0.90534678 0.43535036
v -1.61753891 -0.90510943 0.43265437
v -1.61820267 -0.90501299 0.43249401
v -1.61850455 0.90297890 0.43063291
v -1.62652846 0.90005857 0.43553424
v -1.62836311 0.89903204 0.43546167
v -1.51235166 -0.91264293 0.59030538
v -1.52091219 -0.91248101 0.58198890
v -1.63227914 0.89430298 0.43054605
v -1.63172745 0.89444613 0.43272100
v -1.63049466 -0.90104373 0.43044831
v -1.60021119 -0.90665157 0.46915489
v -1.51202233 0.91042956 0.59032108
v -1.51235089 0.91085347 0.59030538
v -1.50816515 0.91072403 0.59473665
v -1.50873751 0.91087753 0.59384581
v -1.50979607 -0.90876851 0.59612983
v -1.61542345 -0.90364795 0.43286939
v -1.61642534 -0.90327753 0.43072019
v -1.51852394 0.91524453 0.58186464
v -1.52265033 0.90393458 0.59750725
v -1.50872972 -0.91035150 0.59510331
v -1.60021119 -0.91021894 0.46915489
v -1.60021043 0.90665049 0.46915489
v -1.63228003 -0.89430406 0.43054602
v -1.63172822 -0.89444613 0.43272097
v -1.53452007 -0.90226989 0.58986966
v -1.52960534 -0.90200107 0.59430278
v -1.50723512 -0.91058522 0.59419798
v -1.58978181 0.91201836 0.49704577
v -1.59475270 -0.90628893 0.48319923
v -1.52926798 -0.90220913 0.59368964
v -1.52259506 -0.90368050 0.59653459
v -1.63215098 0.89447957 0.42924436
v -1.63090299 0.89523000 0.42874504
v -1.62864661 0.89652260 0.42862224
v -1.59494953 -0.90850281 0.48331280
v -1.53215148 0.91220383 0.57053733
v -1.53188164 0.90999358 0.57049878
v -1.61642444 0.90327644 0.43072022
v -1.61542268 0.90364687 0.43286939
v -1.50723436 0.91058413 0.59419798
v -1.62118038 0.90148858 0.43033033
v -1.61793142 0.90243437 0.43123636
v -1.51885697 0.90629621 0.59545931
v -1.57212323 -0.90782591 0.54377962
v -1.58282539 -0.90740085 0.52845510
v -1.56094699 -0.90815339 0.55843758
v -1.63049389 0.90104265 0.43044831
v -1.51852471 -0.91524561 0.58186470
v -1.50884754 0.91030268 0.59704498
v -1.50908470 0.90891836 0.59681624
v -1.50884754 0.90941880 0.59704498
v -1.62087365 0.90655673 0.42977574
v -1.54607478 0.90731699 0.57124908
v -1.63090376 -0.89523109 0.42874504
v -1.61850544 -0.90216561 0.43063291
v -1.61936118 -0.90170608 0.43035662
v -1.62992281 -0.89554120 0.43250694
v -1.63049287 -0.89477418 0.43117579
v -1.61731770 -0.90443712 0.43270788
v -1.61816808 -0.90488567 0.43119417
v -1.59458497 -0.90488567 0.51309787
v -1.53321349 -0.90333101 0.58861707
v -1.57256028 -0.90399017 0.54297201
v -1.61753815 0.90510834 0.43265440
v -1.61816718 0.90488567 0.43119420
v -1.61731694 0.90443603 0.43270785
v -1.60152134 0.90601648 0.49782511
v -1.61082247 0.90372658 0.44784416
v -1.61793219 -0.90243545 0.43123636
v -1.63049210 0.89477309 0.43117579
v -1.59273118 0.90681758 0.51296853
v -1.57255914 0.90398908 0.54297201
v -1.58325147 0.90357666 0.52756449
v -1.62921974 0.89572150 0.43527547
v -1.62922063 -0.89572258 0.43527550
v -1.62768084 -0.89609875 0.44015564
v -1.59304174 0.90300500 0.51212177
v -1.58325224 -0.90357775 0.52756452
v -1.63215200 -0.89448021 0.42924436
v -1.61372385 -0.90313712 0.44026854
v -1.52253839 0.90483429 0.59556200
v -1.51027755 -0.91704190 0.59045740
v -1.53321260 0.90332992 0.58861707
v -1.54380397 -0.91183812 0.55759071
v -1.55554414 -0.91137381 0.54341896
v -1.53215225 -0.91220491 0.57053733
v -1.55402146 0.91052235 0.54239761
v -1.62652527 0.89658553 0.44842830
v -1.52430743 0.91217970 0.58208087
v -1.60742698 0.90652840 0.45818416
v -1.61164885 0.90574446 0.44821468
v -1.52430819 -0.91218079 0.58208087
v -1.52631222 0.90279694 0.59681165
v -1.58542731 0.90852585 0.49675710
v -1.61774493 -0.90266445 0.42923398
v -1.51852394 0.91167608 0.58186464
v -1.57772315 -0.91014714 0.51284616
v -1.58697118 -0.90938216 0.49772280
v -1.56704920 -0.91081160 0.52829124
v -1.62485376 -0.89676321 0.44773103
v -1.50573210 -0.91526821 0.59455003
v -1.60175404 -0.90041546 0.49702388
v -1.60931511 -0.89948582 0.48264939
v -1.54055195 0.90309940 0.58141845
v -1.62260056 0.90511677 0.43518908
v -1.62354003 0.90485688 0.43199262
v -1.57772239 0.91014606 0.51284616
v -1.59337298 0.90765027 0.48240400
v -1.52631337 -0.90750195 0.59681165
v -1.61164974 -0.90574555 0.44821471
v -1.50972446 -0.91268907 0.59043194
v -1.62118038 0.90067433 0.43033033
v -1.63023669 0.89724795 0.43126587
v -1.60742787 -0.90652948 0.45818416
v -1.61731694 0.90264817 0.43270785
v -1.61731694 0.90346248 0.43270785
v -1.61445283 0.90394977 0.43554738
v -1.61774417 0.90266336 0.42923398
v -1.62210325 0.89973690 0.42862058
v -1.62964799 -0.89664954 0.43074974
v -1.62964799 -0.89583517 0.43074974
v -1.63125887 -0.89417776 0.43090591
v -1.61731770 -0.90346248 0.43270788
v -1.51260618 -0.91333457 0.59031737
v -1.62118038 0.90246430 0.43033033
v -1.50979530 0.90876742 0.59612983
v -1.62131326 -0.90007222 0.43008611
v -1.62118140 -0.90067541 0.43033033
v -1.62964696 0.89583408 0.43074971
v -1.63080075 0.90071830 0.42917086
v -1.51074384 -0.91034206 0.59521429
v -1.51074409 -0.90952838 0.59521429
v -1.51050705 -0.90897178 0.59544335
v -1.61708105 -0.90223160 0.43272815
v -1.61731770 -0.90264926 0.43270788
v -1.62131224 0.90007114 0.43008611
v -1.62170781 0.89972739 0.42935333
v -1.51074320 0.90952730 0.59521436
v -1.51050629 0.90897070 0.59544335
v -1.52140515 -0.91094103 0.59546620
v -1.63150165 0.89406817 0.43269426
v -1.61565946 0.90300819 0.43284935
v -1.62105631 0.90331110 0.43049831
v -1.62068358 0.90374126 0.43100181
v -1.62105720 -0.90331218 0.43049831
v -1.62068460 -0.90374235 0.43100184
v -1.61960447 -0.90710012 0.43176845
v -1.62087454 -0.90655782 0.42977571
v -1.51918502 0.91096713 0.59690655
v -1.52140426 0.91093995 0.59546620
v -1.51918591 -0.91096822 0.59690655
v -1.62170883 -0.89972848 0.42935336
v -1.62980422 0.89521634 0.43049905
v -1.63027523 0.89482702 0.42974734
v -1.52635205 0.91057577 0.59139202
v -1.53527905 0.91023247 0.58301153
v -1.61401731 0.90838544 0.44770614
v -1.51341149 0.90976931 0.59724251
v -1.61960370 0.90710057 0.43176845
v -1.62000387 0.90400274 0.43239678
v -1.52635320 -0.91057686 0.59139202
v -1.58068567 0.91279278 0.51213118
v -1.57043525 0.91049242 0.52767698
v -1.56907289 -0.90924322 0.54354648
v -1.58087357 0.90985158 0.51225934
v -1.55751014 0.90690361 0.55809887
v -1.56887287 0.90654773 0.54342617
v -1.58975640 -0.90550455 0.51265287
v -1.52971678 0.90456655 0.59450720
v -1.58997468 0.90907709 0.49716653
v -1.53527982 -0.91023356 0.58301153
v -1.58997544 -0.90907818 0.49716653
v -1.59783750 0.90818632 0.48278840
v -1.60456249 0.90719758 0.46951460
v -1.60648866 -0.90648544 0.48323631
v -1.59783865 -0.90818740 0.48278840
v -1.60456326 -0.90719866 0.46951460
v -1.52971754 -0.90326865 0.59450720
v -1.60436286 -0.91014038 0.46940789
v -1.51570145 0.91241131 0.59029982
v -1.51570222 -0.91241240 0.59029982
v -1.61005571 0.90624024 0.45772496
v -1.61005660 -0.90624132 0.45772496
v -1.60985301 -0.90918304 0.45762517
v -1.61825705 0.90457753 0.45812082
v -1.51844493 0.90916248 0.59738682
v -1.61401820 -0.90838493 0.44770614
v -1.61422397 0.90544156 0.44779875
v -1.51452329 -0.90801974 0.59533830
v -1.61422486 -0.90544265 0.44779872
v -1.51452188 0.90801866 0.59533824
v -1.61445283 0.90751829 0.43554738
v -1.61689431 -0.90779017 0.44002292
v -1.61851693 -0.90743595 0.43494713
v -1.61716019 0.90480806 0.44016160
v -1.61716121 -0.90480863 0.44016163
v -1.61445373 -0.90483697 0.43554738
v -1.61895807 0.90434381 0.43523887
v -1.51885786 -0.90711167 0.59545931
v -1.50884754 0.91298501 0.59704498
v -1.51341149 0.91115260 0.59724251
v -1.50884881 -0.91298610 0.59704498
v -1.51341239 -0.91115324 0.59724258
v -1.50605389 -0.91149488 0.59676512
v -1.62864661 0.90008952 0.42862224
v -1.63172745 0.89801350 0.43272100
v -1.63227914 0.89787143 0.43054605
v -1.62549364 -0.90189991 0.42845075
v -1.62864737 -0.90009061 0.42862224
v -1.63090376 -0.89879737 0.42874504
v -1.62549275 0.90189883 0.42845075
v -1.62223511 0.90375754 0.42837637
v -1.63172822 -0.89801458 0.43272097
v -1.63093580 0.89821671 0.43583976
v -1.62937776 0.89859824 0.44078215
v -1.63228003 -0.89518909 0.43054602
v -1.63215200 -0.89536409 0.42924436
v -1.50972369 0.91268798 0.59043194
v -1.50573120 0.91258370 0.59455003
v -1.62246449 -0.89744075 0.45836922
v -1.61727839 -0.89837186 0.47019568
v -1.63215098 0.89536301 0.42924436
v -1.63090299 0.89611394 0.42874504
v -1.59458420 0.90374752 0.51309787
v -1.63093669 -0.89553603 0.43583976
v -1.53451930 0.90315282 0.58986966
v -1.54237383 0.90291648 0.58217488
v -1.50501843 -0.91220332 0.59605075
v -1.52999339 -0.91357148 0.57022951
v -1.61091680 -0.89932875 0.48351812
v -1.59337298 0.91121655 0.48240400
v -1.57621873 -0.91017592 0.51182059
v -1.58542808 -0.90941146 0.49675710
v -1.61774493 -0.90354896 0.42923398
v -1.60999635 0.90579003 0.44747364
v -1.61286186 0.90789127 0.44000007
v -1.54199013 0.91318421 0.55690686
v -1.54237460 -0.90291757 0.58217488
v -1.61542345 -0.90721487 0.43286939
v -1.60021043 0.90753501 0.46915489
v -1.60579835 0.90786880 0.45738574
v -1.56307305 0.90504024 0.55860926
v -1.54199089 -0.91318529 0.55690686
v -1.61642534 -0.90416211 0.43072019
v -1.55224005 -0.90262934 0.57167197
v -1.56307381 -0.90235784 0.55860926
v -1.57415419 -0.90204779 0.54393471
v -1.55402146 0.91270528 0.54239761
v -1.56558957 0.91213834 0.52720134
v -1.51844583 -0.90648123 0.59738682
v -1.52265110 -0.90481967 0.59750725
v -1.54199089 -0.91456865 0.55690686
v -1.55402236 -0.91270637 0.54239754
v -1.57415343 0.90334562 0.54393471
v -1.52265033 0.90611757 0.59750725
v -1.51844493 0.90777913 0.59738682
v -1.56558957 0.91083821 0.52720134
v -1.57621796 0.91147548 0.51182056
v -1.52631337 -0.90368312 0.59681165
v -1.58475935 -0.90163850 0.52859583
v -1.55402236 -0.91408966 0.54239754
v -1.57621796 0.91017484 0.51182056
v -1.55223915 0.90262826 0.57167197
v -1.58542731 0.90941037 0.49675710
v -1.52265033 0.90481859 0.59750725
v -1.52631222 0.90368312 0.59681165
v -1.52971678 0.90326757 0.59450720
v 1.60203563 -0.88509324 0.48167536
v 1.60853915 -0.88446133 0.47008552
v 1.60203563 -0.88567645 0.48167536
v 1.59498246 -0.89215879 0.48180212
v 1.58341218 -0.89451787 0.49562151
v 1.59187149 -0.89382616 0.48185831
v 1.56488829 0.89317012 0.52323087
v 1.55528834 0.89353430 0.53571662
v 1.55348357 0.89446234 0.53576500
v 1.56127912 0.89280174 0.53555575
v 1.55807816 0.89443139 0.53564150
v 1.55150558 0.89300872 0.54744011
v 1.53771682 -0.88529613 0.56827041
v 1.54698795 -0.88535734 0.55832761
v 1.53771682 -0.88621467 0.56827041
v 1.56127823 -0.89280231 0.53555575
v 1.55150468 -0.89300827 0.54744011
v 1.55807739 -0.89443088 0.53564150
v 1.55502833 -0.89599140 0.53572351
v 1.54505757 -0.89625703 0.54762404
v 1.54249139 -0.89756489 0.54769725
v 1.53005453 -0.88771961 0.57593290
v 1.53005453 -0.88713576 0.57593290
v 1.53771682 -0.88713154 0.56827041
v 1.54817148 0.89468451 0.54753552
v 1.55650557 0.88719556 0.54729727
v 1.56602204 0.88617057 0.53542817
v 1.55650557 0.88627798 0.54729727
v 1.59763480 0.88841853 0.48175460
v 1.58915264 0.88915211 0.49550308
v 1.58649111 0.89055959 0.49555794
v 1.60458075 0.88989047 0.47014820
v 1.60160750 0.89148699 0.47019517
v 1.59796719 0.89056635 0.48174860
v 1.60160661 -0.88916315 0.47019517
v 1.59498246 -0.88983545 0.48180212
v 1.59763378 -0.88841802 0.48175457
v 1.60160661 -0.89148712 0.47019517
v 1.59498322 0.89215771 0.48180212
v 1.58341320 0.89451678 0.49562151
v 1.58649111 0.89288292 0.49555794
v 1.60711693 0.88850392 0.45967311
v 1.59877812 0.89068902 0.47023991
v 1.60426227 0.89005022 0.45971230
v 1.51376558 0.89165574 0.58288070
v 1.51053463 0.89231133 0.58300024
v 1.51053450 0.89322827 0.58300049
v 1.54081222 0.89326452 0.54774524
v 1.55074481 0.89304388 0.53583826
v 1.54081222 0.89418356 0.54774524
v 1.57429894 -0.89268124 0.50993779
v 1.56488753 -0.89316968 0.52323087
v 1.56765322 -0.89173858 0.52316133
v 1.53850120 -0.89251307 0.55833591
v 1.53554723 -0.89398973 0.55842532
v 1.52658692 -0.89409440 0.56763557
v 1.61636598 -0.88723328 0.44048113
v 1.60940982 -0.88936540 0.44920546
v 1.61226448 -0.88781649 0.44917132
v 1.57593318 -0.89530231 0.49577500
v 1.58418698 -0.89605995 0.48199566
v 1.57593318 -0.89660283 0.49577500
v 1.51053373 -0.89139228 0.58300049
v 1.51376469 -0.88923074 0.58288089
v 1.51376469 -0.88981975 0.58288089
v 1.52089406 -0.89358982 0.56880640
v 1.53075019 -0.89285624 0.55881796
v 1.52089406 -0.89300151 0.56880640
v 1.61180049 0.88064550 0.47003386
v 1.61726333 0.88101293 0.45899982
v 1.61180049 0.88157514 0.47003386
v 1.62608489 0.88347246 0.42669352
v 1.62260643 0.88408503 0.42672027
v 1.62260643 0.88535313 0.42672027
v 1.59715664 -0.88640901 0.49533721
v 1.60539717 -0.88576140 0.48161451
v 1.60539717 -0.88473328 0.48161451
v 1.58446385 -0.88396722 0.50970177
v 1.59369503 -0.88394041 0.49540907
v 1.58446385 -0.88455617 0.50970177
v 1.57529087 0.88498787 0.52296868
v 1.56602204 0.88525095 0.53542817
v 1.59369579 0.88636025 0.49540904
v 1.60203639 0.88567696 0.48167536
v 1.60203639 0.88509375 0.48167536
v 1.60169443 -0.89181300 0.44711042
v 1.60640697 -0.89027507 0.43663030
v 1.60640697 -0.89120413 0.43663030
v 1.61867917 -0.88980973 0.42674924
v 1.61867917 -0.88878379 0.42674924
v 1.62260567 -0.88768074 0.42672023
v 1.61467902 0.89095982 0.42677834
v 1.61125072 0.89369890 0.42774928
v 1.61467902 0.89198692 0.42677834
v 1.60169532 0.89181351 0.44711042
v 1.60640773 0.89120458 0.43663030
v 1.60169532 0.89088451 0.44711042
v 1.62268481 -0.88044695 0.44691780
v 1.62709865 -0.88125290 0.43650635
v 1.62709865 -0.87998488 0.43650635
v 1.62260567 -0.88535376 0.42672023
v 1.62260567 -0.88408567 0.42672023
v 1.62608387 -0.88220495 0.42669352
v 1.56053520 0.88530596 0.54718156
v 1.56987833 0.88655937 0.53532353
v 1.56053520 0.88660654 0.54718156
v 1.52529425 0.88431933 0.58383063
v 1.52124751 0.88650595 0.58579943
v 1.52124751 0.88523786 0.58579943
v 1.56085738 0.89069157 0.53556686
v 1.55105243 0.89091119 0.54745300
v 1.54817148 0.89235996 0.54753552
v 1.51376558 0.89224004 0.58288070
v 1.53824297 0.89782426 0.54781845
v 1.54814965 0.89763146 0.53590786
v 1.53824297 0.89652369 0.54781845
v 1.50965553 0.89168146 0.58684070
v 1.50613980 0.89468342 0.58697383
v 1.50613980 0.89338233 0.58697383
v 1.50980322 -0.89470704 0.58665453
v 1.51359492 -0.89288879 0.58651093
v 1.51348502 -0.89217245 0.58669620
v 1.54024126 -0.88385087 0.56999854
v 1.55073256 -0.88397303 0.55866676
v 1.54024126 -0.88292085 0.56999854
v 1.61912593 0.88083518 0.44833345
v 1.62323560 0.88093692 0.43903871
v 1.62323560 0.88034688 0.43903871
v 1.62394569 0.88304338 0.43017288
v 1.62394569 0.88396096 0.43017288
v 1.62107877 0.88551447 0.43019732
v 1.59346488 0.89073829 0.47032288
v 1.59886926 0.89018750 0.45959199
v 1.59886926 0.89110604 0.45959199
v 1.62107877 0.88459759 0.43019732
v 1.60412965 -0.89138858 0.44849205
v 1.60840155 -0.89082471 0.43916128
v 1.60840143 -0.88990828 0.43916173
v 1.61786071 -0.88542703 0.43022499
v 1.62107762 -0.88367740 0.43019732
v 1.61786058 -0.88483757 0.43022499
v 1.50965477 -0.89298153 0.58684070
v 1.51348515 -0.88984490 0.58669595
v 1.50965477 -0.89168095 0.58684070
v 1.51632232 -0.89687950 0.57075139
v 1.52768569 -0.89670296 0.55936147
v 1.52768569 -0.89800297 0.55936147
v 1.61912516 -0.88234440 0.44833349
v 1.62323470 -0.88093641 0.43903871
v 1.62323470 -0.88185545 0.43903871
v 1.62107762 -0.88459702 0.43019732
v 1.62394479 -0.88304396 0.43017288
v 1.62394479 -0.88212434 0.43017288
v 1.57593395 0.89762929 0.49577490
v 1.58418775 0.89708698 0.48199569
v 1.58418775 0.89606052 0.48199569
v 1.53824297 0.89525566 0.54781845
v 1.54814965 0.89633037 0.53590786
v 1.54814965 0.89506227 0.53590786
v 1.60539819 0.88473379 0.48161451
v 1.61180049 0.88414318 0.47003386
v 1.60539819 0.88575974 0.48161451
v 1.57899488 0.88378226 0.52287509
v 1.58803702 0.88339549 0.50961836
v 1.58803702 0.88466359 0.50961836
v 1.56673851 -0.89578858 0.51011289
v 1.53824234 -0.89652426 0.54781845
v 1.54814863 -0.89763203 0.53590786
v 1.53824234 -0.89782426 0.54781845
v 1.53771784 0.88529549 0.56827041
v 1.54698872 0.88627747 0.55832761
v 1.54698872 0.88535785 0.55832761
v 1.55073358 0.88397347 0.55866676
v 1.55073358 0.88524150 0.55866676
v 1.56053431 -0.88660603 0.54718162
v 1.56987756 -0.88656001 0.53532353
v 1.56987756 -0.88525937 0.53532353
v 1.56987756 -0.88306125 0.53532353
v 1.57899412 -0.88378175 0.52287509
v 1.57899412 -0.88285268 0.52287509
v 1.56602114 -0.88767187 0.53542811
v 1.57529011 -0.88682564 0.52296868
v 1.57529011 -0.88740885 0.52296868
v 1.55807739 -0.89210697 0.53564150
v 1.57593395 0.89660340 0.49577490
v 1.55074481 0.89487942 0.53583826
v 1.56021647 0.89461271 0.52334792
v 1.56021647 0.89519541 0.52334792
v 1.52963828 -0.89258436 0.56753671
v 1.51953298 -0.89414948 0.57453978
v 1.52264919 -0.89261736 0.57443409
v 1.51376469 -0.89223902 0.58288089
v 1.51715725 -0.89001569 0.58275548
v 1.51715725 -0.89059999 0.58275548
v 1.56946297 -0.89423807 0.51004926
v 1.57872236 -0.89278400 0.49571785
v 1.56946297 -0.89332158 0.51004926
v 1.60412965 -0.89047215 0.44849205
v 1.60840155 -0.88898923 0.43916128
v 1.60412965 -0.88955247 0.44849205
v 1.51173398 0.88876489 0.58483788
v 1.50747318 0.89041018 0.58576829
v 1.50836223 0.89040086 0.58496438
v 1.51632321 0.89561192 0.57075165
v 1.52768658 0.89670239 0.55936128
v 1.52768658 0.89543321 0.55936128
v 1.56021571 -0.89519541 0.52334792
v 1.56021571 -0.89461220 0.52334792
v 1.53075019 -0.89436488 0.55881796
v 1.53075019 -0.89344526 0.55881796
v 1.53702294 0.88988364 0.57010455
v 1.53399111 0.89135443 0.57020456
v 1.52505734 0.89135865 0.57911318
v 1.54024215 0.88641948 0.56999854
v 1.53108692 0.88748633 0.57908376
v 1.53108692 0.88646032 0.57908376
v 1.56021647 0.89277506 0.52334792
v 1.56946374 0.89181191 0.51004926
v 1.56946374 0.89240196 0.51004926
v 1.59346488 0.89165683 0.47032288
v 1.59886926 0.89202470 0.45959199
v 1.59346488 0.89257377 0.47032288
v 1.61614515 0.88843844 0.44703623
v 1.61031559 0.88920138 0.45910672
v 1.61270958 0.88791969 0.45907353
v 1.62268557 0.88171555 0.44691780
v 1.62709967 0.88255342 0.43650635
v 1.62268557 0.88301556 0.44691780
v 1.53036981 -0.89312098 0.57032397
v 1.52135793 -0.89314606 0.57924389
v 1.51761039 -0.89497011 0.57937607
v 1.53108603 -0.88645987 0.57908376
v 1.54024126 -0.88641896 0.56999854
v 1.53108603 -0.88515923 0.57908376
v 1.51534290 0.88702834 0.58470309
v 1.51090275 0.88874862 0.58563905
v 1.50965553 0.89041337 0.58684070
v 1.59715664 -0.88408197 0.49533721
v 1.60539717 -0.88216461 0.48161451
v 1.59715664 -0.88281388 0.49533721
v 1.59471070 -0.88239680 0.49538785
v 1.58551233 -0.88300247 0.50967736
v 1.58622944 -0.88263473 0.50966080
v 1.62268481 -0.88171504 0.44691780
v 1.61325948 -0.88999897 0.44706989
v 1.60736469 -0.89079222 0.45914772
v 1.60416832 -0.89252622 0.45919157
v 1.53805980 -0.88399236 0.56850541
v 1.53019506 -0.88400181 0.57636102
v 1.53035717 -0.88367325 0.57685743
v 1.51534213 -0.88702790 0.58470309
v 1.51173321 -0.88876540 0.58483788
v 1.51090186 -0.88874811 0.58563879
v 1.51302013 0.89455348 0.57650251
v 1.52089521 0.89542804 0.56880652
v 1.51302013 0.89546991 0.57650251
v 1.54150150 0.89102122 0.55824515
v 1.52963930 0.89258379 0.56753671
v 1.53850197 0.89251358 0.55833591
v 1.61155503 -0.89286046 0.43692433
v 1.61004996 -0.89174439 0.44710771
v 1.60682296 -0.89350500 0.44714453
v 1.60169443 -0.89308109 0.44711042
v 1.60640697 -0.89377274 0.43663030
v 1.60169443 -0.89438161 0.44711042
v 1.53274835 0.89105006 0.56743670
v 1.52793013 0.89003662 0.57425404
v 1.52583087 0.89105842 0.57432540
v 1.53771784 0.88713212 0.56827041
v 1.53005555 0.88772005 0.57593290
v 1.53771784 0.88771590 0.56827041
v 1.51255844 -0.88878059 0.58404297
v 1.50924400 -0.89039192 0.58416666
v 1.50836134 -0.89040194 0.58496457
v 1.51863449 -0.89324141 0.56976814
v 1.50883196 -0.89353538 0.57885310
v 1.51004804 -0.89326975 0.57817078
v 1.62500246 0.88081585 0.42845347
v 1.62183367 0.88253089 0.42847887
v 1.62214257 0.88247741 0.42777560
v 1.60781643 0.88842529 0.43841886
v 1.60341560 0.88900334 0.44808649
v 1.60292672 0.88932085 0.44780906
v 1.61912593 0.88326185 0.44833345
v 1.62323560 0.88277405 0.43903871
v 1.61912593 0.88234382 0.44833345
v 1.61873597 0.88688736 0.43539386
v 1.61636687 0.88723162 0.44048116
v 1.61352358 0.88877906 0.44051106
v 1.62543531 0.88069477 0.42774976
v 1.62953783 0.87972697 0.43048306
v 1.63006398 0.87991135 0.42761567
v 1.63006398 0.88117944 0.42761567
v 1.62514428 -0.87911867 0.43778699
v 1.62436845 -0.87944455 0.43829584
v 1.62088437 -0.87959332 0.44763389
v 1.62543441 -0.88069541 0.42774979
v 1.62214168 -0.88247689 0.42777560
v 1.62500170 -0.88081534 0.42845353
v 1.54814863 -0.89413270 0.53590786
v 1.55756222 -0.89391059 0.52341477
v 1.54814863 -0.89506285 0.53590786
v 1.55074430 -0.89304337 0.53583826
v 1.56021571 -0.89277455 0.52334792
v 1.55074430 -0.89245435 0.53583826
v 1.53896532 0.88323307 0.56912481
v 1.53035807 0.88367376 0.57685743
v 1.53845831 0.88365793 0.56877736
v 1.52534429 0.88394099 0.58120886
v 1.52532999 0.88356839 0.58195418
v 1.52182026 0.88427427 0.58386707
v 1.60169532 0.89308160 0.44711042
v 1.60640773 0.89377325 0.43663030
v 1.60640773 0.89247267 0.43663030
v 1.61155592 0.89286097 0.43692436
v 1.60682398 0.89350436 0.44714450
v 1.61005099 0.89174331 0.44710761
v 1.60741537 -0.88873617 0.43791055
v 1.60701213 -0.88904737 0.43739856
v 1.60292582 -0.88932143 0.44780909
v 1.62183265 -0.88253044 0.42847883
v 1.51632321 0.89818110 0.57075165
v 1.52768658 0.89800348 0.55936128
v 1.51632321 0.89688001 0.57075165
v 1.53037058 0.89312085 0.57032397
v 1.51761128 0.89496954 0.57937587
v 1.52135882 0.89314657 0.57924370
v 1.61626667 0.87983387 0.45911824
v 1.61081099 0.88040866 0.47004956
v 1.61560215 0.88017449 0.45919661
v 1.59369579 0.88577704 0.49540904
v 1.59715741 0.88281330 0.49533721
v 1.57706872 0.89355370 0.50987365
v 1.56461666 0.89563604 0.52323779
v 1.56765385 0.89406198 0.52316133
v 1.61081009 -0.88040930 0.47004956
v 1.60369680 -0.88136925 0.48164540
v 1.60437677 -0.88101242 0.48163299
v 1.62016956 -0.87992609 0.44791826
v 1.52529349 -0.88558684 0.58383063
v 1.53077330 -0.88283430 0.57812801
v 1.52532910 -0.88356743 0.58195393
v 1.52531493 -0.88319273 0.58270435
v 1.61894365 -0.88583422 0.44045394
v 1.61912516 -0.88326134 0.44833349
v 1.51632232 -0.89818167 0.57075139
v 1.52336591 -0.89657194 0.57055463
v 1.51150345 -0.89797833 0.57959134
v 1.52068804 -0.89790704 0.57064289
v 1.56602114 -0.88466205 0.53542811
v 1.57529011 -0.88498959 0.52296868
v 1.56602114 -0.88525044 0.53542811
v 1.54883855 -0.88332478 0.55849534
v 1.53845729 -0.88365851 0.56877736
v 1.53896442 -0.88323364 0.56912474
v 1.60243350 -0.88964265 0.44752974
v 1.57734354 -0.89158822 0.49574593
v 1.57677934 -0.89189105 0.49575748
v 1.56811631 -0.89210116 0.51008062
v 1.62514542 0.87911810 0.43778699
v 1.62017032 0.87992558 0.44791829
v 1.62436921 0.87944506 0.43829581
v 1.62892870 0.87866483 0.42864841
v 1.62752678 0.87884985 0.43207112
v 1.62817228 0.87895982 0.42933642
v 1.52089521 0.89359040 0.56880652
v 1.53075122 0.89344577 0.55881796
v 1.53075122 0.89436431 0.55881796
v 1.51863538 0.89324192 0.56976789
v 1.51004893 0.89326911 0.57817078
v 1.50883299 0.89353589 0.57885329
v 1.62680609 0.88440211 0.43654187
v 1.62151111 0.88556170 0.44695185
v 1.62239212 0.88486788 0.44692655
v 1.62874183 0.88077660 0.42667233
v 1.57899412 -0.88635087 0.52287509
v 1.58803626 -0.88596410 0.50961836
v 1.58803626 -0.88466308 0.50961836
v 1.58012072 -0.89196075 0.50980268
v 1.57076508 -0.89245857 0.52308293
v 1.56765322 -0.89406249 0.52316133
v 1.60369770 0.88136976 0.48164540
v 1.59471147 0.88239731 0.49538785
v 1.60302271 0.88172443 0.48165788
v 1.58695267 0.88226315 0.50964369
v 1.57787058 0.88266294 0.52290317
v 1.58623020 0.88263517 0.50966073
v 1.59803663 0.88964622 0.45949983
v 1.59201968 0.89050872 0.47034541
v 1.59746669 0.88997057 0.45943719
v 1.58563078 0.89102122 0.48196984
v 1.57678011 0.89189048 0.49575742
v 1.58505344 0.89133242 0.48198047
v 1.57872236 -0.89428472 0.49571785
v 1.58704037 -0.89369258 0.48194495
v 1.57872236 -0.89370094 0.49571785
v 1.58649022 -0.89055908 0.49555791
v 1.58915149 -0.88915160 0.49550308
v 1.55931236 0.88295320 0.54721660
v 1.54959715 0.88290814 0.55856401
v 1.54883958 0.88332529 0.55849540
v 1.57637777 0.88342217 0.52294140
v 1.56792816 0.88328023 0.53537654
v 1.56715323 0.88366795 0.53539770
v 1.60741613 0.88873554 0.43791055
v 1.60243413 0.88964201 0.44752980
v 1.60701290 0.88904680 0.43739850
v 1.60904323 0.89340646 0.43060518
v 1.61125072 0.89137230 0.42774928
v 1.60904323 0.89210588 0.43060518
v 1.57872287 0.89186374 0.49571782
v 1.58704139 0.89127383 0.48194498
v 1.58704139 0.89219236 0.48194498
v 1.59498322 0.88983488 0.48180212
v 1.58371329 0.89203255 0.49561509
v 1.59218600 0.89133242 0.48185282
v 1.52536229 0.88452675 0.58024616
v 1.52222604 0.88478881 0.58249865
v 1.52234169 0.88504033 0.58210895
v 1.52536433 0.88549826 0.58012017
v 1.52238011 0.88599767 0.58197901
v 1.52238011 0.88691729 0.58197901
v 1.60904246 -0.89210537 0.43060518
v 1.61124996 -0.89010370 0.42774934
v 1.61124996 -0.89137179 0.42774934
v 1.62589572 -0.88653633 0.42689811
v 1.62222758 -0.88864440 0.42753681
v 1.62251095 -0.88836664 0.42692437
v 1.62600831 -0.88072630 0.42681657
v 1.62255154 -0.88259541 0.42684325
v 1.62238918 -0.88243343 0.42721243
v 1.61467813 -0.88839128 0.42677828
v 1.57712067 -0.88304338 0.52292257
v 1.56715234 -0.88366853 0.53539770
v 1.56792714 -0.88327972 0.53537648
v 1.57786982 -0.88266351 0.52290320
v 1.61083958 0.88957136 0.43373843
v 1.61264359 0.88995908 0.43113099
v 1.61083958 0.89048938 0.43373843
v 1.61226499 0.88781700 0.44917132
v 1.60941059 0.88936591 0.44920546
v 1.62874107 -0.88204411 0.42667230
v 1.62874107 -0.88077609 0.42667230
v 1.63006309 -0.88118002 0.42761567
v 1.62680532 -0.88440159 0.43654184
v 1.62239135 -0.88486852 0.44692652
v 1.62592470 -0.88508699 0.43664919
v 1.56866429 0.89181140 0.51006818
v 1.55943784 0.89216932 0.52336777
v 1.56811695 0.89210167 0.51008056
v 1.54946236 0.89269382 0.53587286
v 1.53902301 0.89316751 0.54779636
v 1.54893748 0.89296474 0.53588664
v 1.54024215 0.88511839 0.56999854
v 1.53108692 0.88515981 0.57908376
v 1.53947615 0.88280335 0.56947462
v 1.53077406 0.88283481 0.57812795
v 1.53056549 0.88325553 0.57749055
v 1.61867994 0.88621409 0.42674924
v 1.61499571 0.89258276 0.42759403
v 1.61475816 0.89258111 0.42698245
v 1.61183636 0.89416678 0.42847424
v 1.62379775 -0.88489775 0.43041161
v 1.62097257 -0.88642892 0.43043653
v 1.62065793 -0.88658924 0.43115316
v 1.61264282 -0.88995908 0.43113099
v 1.61501626 -0.88881474 0.43024803
v 1.61264282 -0.88904163 0.43113099
v 1.51675810 -0.89327071 0.58341572
v 1.51125403 -0.89508959 0.58508743
v 1.51308332 -0.89504919 0.58355205
v 1.50177969 -0.89718182 0.58651999
v 1.50259866 -0.89656830 0.58462497
v 1.50259866 -0.89786888 0.58462497
v 1.51024947 0.89502136 0.58609570
v 1.50633075 0.89638800 0.58678626
v 1.50980411 0.89470646 0.58665427
v 1.50178033 0.89588131 0.58651974
v 1.50259956 0.89656766 0.58462522
v 1.50259956 0.89529957 0.58462522
v 1.54698795 -0.88627702 0.55832761
v 1.55650480 -0.88535893 0.54729727
v 1.55650480 -0.88627855 0.54729727
v 1.54817033 -0.89236060 0.54753552
v 1.52529425 0.88558742 0.58383063
v 1.51392539 0.89325501 0.58595516
v 1.62817126 -0.87896039 0.42933648
v 1.62742019 -0.87925385 0.43001990
v 1.62752601 -0.87885043 0.43207112
v 1.62953706 -0.87972754 0.43048303
v 1.63006309 -0.87991193 0.42761567
v 1.52181949 -0.88427376 0.58386714
v 1.51732995 -0.88932353 0.58655177
v 1.52124675 -0.88883248 0.58579911
v 1.52124675 -0.88780653 0.58579911
v 1.50705272 -0.89282121 0.58185130
v 1.50578635 -0.89304548 0.58263964
v 1.50474476 -0.89252201 0.58449617
v 1.50177969 -0.89588182 0.58651999
v 1.50323651 -0.89353219 0.58708514
v 1.50177969 -0.89461379 0.58651999
v 1.52237922 -0.88599716 0.58197901
v 1.52237922 -0.88540769 0.58197901
v 1.52536369 -0.88490879 0.58012017
v 1.52204695 -0.88456198 0.58310044
v 1.55943707 -0.89216881 0.52336777
v 1.55890415 -0.89244861 0.52338114
v 1.54998226 -0.89242353 0.53585904
v 1.56866340 -0.89181198 0.51006811
v 1.61491772 0.88618059 0.42922952
v 1.61223474 0.88749055 0.43013880
v 1.61195469 0.88775356 0.42945953
v 1.61501703 0.88789659 0.43024800
v 1.61264359 0.88904099 0.43113099
v 1.61264359 0.88812245 0.43113099
v 1.58138925 0.88897819 0.50977322
v 1.57206962 0.88946490 0.52305022
v 1.57037283 0.89033582 0.52309304
v 1.57529087 0.88682507 0.52296868
v 1.58446512 0.88639324 0.50970177
v 1.58446512 0.88547630 0.50970177
v 1.59260621 -0.89018916 0.47033619
v 1.59201892 -0.89050827 0.47034547
v 1.58620314 -0.89071104 0.48195973
v 1.58704037 -0.89127274 0.48194495
v 1.59346412 -0.89165746 0.47032288
v 1.59346412 -0.89073772 0.47032288
v 1.55836740 -0.89273007 0.52339448
v 1.54893671 -0.89296525 0.53588667
v 1.54946134 -0.89269337 0.53587286
v 1.52985119 -0.89281699 0.55897739
v 1.51955251 -0.89297151 0.56937742
v 1.57706795 -0.89355427 0.50987371
v 1.55756222 -0.89843581 0.52341477
v 1.56673851 -0.89708915 0.51011289
v 1.56673851 -0.89811619 0.51011289
v 1.60853915 -0.88354375 0.47008552
v 1.61397799 -0.88294127 0.45938881
v 1.61560113 -0.88017500 0.45919658
v 1.61494146 -0.88051294 0.45927492
v 1.60949547 -0.88110515 0.47007027
v 1.54024126 -0.88744498 0.56999854
v 1.55073256 -0.88756918 0.55866676
v 1.55073256 -0.88654106 0.55866676
v 1.53455364 -0.89644672 0.55916082
v 1.54081132 -0.89326394 0.54774518
v 1.54081132 -0.89267499 0.54774518
v 1.55528758 -0.89353334 0.53571662
v 1.54531082 -0.89380369 0.54761664
v 1.55756298 0.89843632 0.52341477
v 1.56673928 0.89811561 0.51011285
v 1.56673928 0.89708966 0.51011285
v 1.57401378 0.89515660 0.50994465
v 1.50705361 0.89282172 0.58185111
v 1.50474553 0.89252143 0.58449617
v 1.50578711 0.89304484 0.58263964
v 1.50323714 0.89353276 0.58708495
v 1.50178033 0.89461322 0.58651974
v 1.57975182 -0.88982812 0.50981148
v 1.58446385 -0.88697703 0.50970177
v 1.59369503 -0.88577653 0.49540907
v 1.59369503 -0.88635980 0.49540907
v 1.58418698 -0.89349192 0.48199566
v 1.59054027 -0.89300406 0.47036893
v 1.59054027 -0.89427215 0.47036893
v 1.59746592 -0.88997012 0.45943713
v 1.59689178 -0.89029657 0.45937404
v 1.55756298 0.89740922 0.52341477
v 1.56673928 0.89578902 0.51011285
v 1.55756298 0.89610814 0.52341477
v 1.55836842 0.89272949 0.52339448
v 1.52985183 0.89281642 0.55897739
v 1.51955340 0.89297208 0.56937716
v 1.53954253 0.89290079 0.54778162
v 1.58771421 0.88782376 0.50962573
v 1.57769788 0.88892311 0.52290786
v 1.57867066 0.88820887 0.52288338
v 1.56955271 0.88841642 0.53533266
v 1.56857545 0.88912696 0.53535896
v 1.56020767 0.88846040 0.54719081
v 1.62556117 -0.88157725 0.43362326
v 1.62632244 -0.88161554 0.43101853
v 1.62632244 -0.88253197 0.43101853
v 1.62296894 -0.88378175 0.43921291
v 1.62217231 -0.88422187 0.43973457
v 1.61814651 -0.88471650 0.44872249
v 1.51860104 -0.89265661 0.57832121
v 1.51548879 -0.89418197 0.57843143
v 1.51638525 -0.89268501 0.58038102
v 1.50764206 -0.89406249 0.58251799
v 1.50890204 -0.89442724 0.58069905
v 1.50890204 -0.89350704 0.58069905
v 1.51053463 0.89381205 0.58300024
v 1.51404806 0.89255864 0.58260868
v 1.50890294 0.89592848 0.58069917
v 1.51343319 0.89627637 0.57627122
v 1.50933616 0.89616481 0.58042971
v 1.62268557 0.88044746 0.44691780
v 1.62709967 0.87998430 0.43650635
v 1.62709967 0.88125233 0.43650635
v 1.62592687 0.87878846 0.43727455
v 1.62160531 0.87925960 0.44734775
v 1.62088514 0.87959390 0.44763393
v 1.62973900 0.88432188 0.42779721
v 1.62846841 0.88515247 0.42687740
v 1.62876277 0.88498270 0.42834155
v 1.62589675 0.88653576 0.42689811
v 1.62251197 0.88836607 0.42692437
v 1.62222809 0.88864491 0.42753688
v 1.57872287 0.89127542 0.49571782
v 1.57734430 0.89158873 0.49574590
v 1.61179947 -0.88517085 0.47003386
v 1.61726282 -0.88460857 0.45899978
v 1.61179947 -0.88414267 0.47003386
v 1.62151009 -0.88556227 0.44695185
v 1.61695800 -0.88543699 0.45900537
v 1.61604380 -0.88614497 0.45902196
v 1.60853992 0.88504505 0.47008549
v 1.61397889 0.88385763 0.45938875
v 1.60853992 0.88446069 0.47008549
v 1.60160750 0.88916366 0.47019517
v 1.50764206 -0.89314287 0.58251799
v 1.50592242 -0.89236104 0.58369220
v 1.61491670 -0.88618001 0.42922955
v 1.61195392 -0.88775305 0.42945947
v 1.61223372 -0.88749112 0.43013880
v 1.61264282 -0.88812303 0.43113099
v 1.61501626 -0.88789665 0.43024803
v 1.61501626 -0.88697856 0.43024803
v 1.62632359 0.88161491 0.43101856
v 1.62573936 0.88207609 0.43015769
v 1.62573936 0.88115749 0.43015769
v 1.62528852 0.88350080 0.43383895
v 1.62217333 0.88422085 0.43973457
v 1.62446903 0.88393677 0.43448595
v 1.53891617 -0.88896976 0.57004188
v 1.53079168 -0.88830588 0.57907125
v 1.52990837 -0.88898291 0.57903391
v 1.52529349 -0.88688749 0.58383063
v 1.58803702 0.88699171 0.50961836
v 1.59715741 0.88640952 0.49533721
v 1.59683587 0.88724368 0.49534362
v 1.61054816 0.88672027 0.47005326
v 1.60412327 0.88731759 0.48163713
v 1.60507920 0.88659499 0.48162006
v 1.52237922 -0.88783321 0.58197901
v 1.52536369 -0.88641743 0.58012017
v 1.52536369 -0.88733539 0.58012017
v 1.51957510 -0.89113450 0.58026556
v 1.51489371 -0.89267920 0.58179284
v 1.51816603 -0.89109251 0.58167304
v 1.54757780 0.88999571 0.55876314
v 1.55073358 0.88654157 0.55866676
v 1.62533153 -0.88696395 0.42751195
v 1.62973810 -0.88432137 0.42779721
v 1.62876213 -0.88498219 0.42834149
v 1.62846752 -0.88515406 0.42687736
v 1.58771344 -0.88782325 0.50962573
v 1.57769673 -0.88892260 0.52290780
v 1.58674436 -0.88854164 0.50964832
v 1.59683510 -0.88724272 0.49534365
v 1.59715741 0.88188424 0.49533721
v 1.60539819 0.88123612 0.48161451
v 1.60437753 0.88101185 0.48163292
v 1.59610650 0.88167101 0.49535884
v 1.59540650 0.88203626 0.49537352
v 1.61125072 0.89267231 0.42774928
v 1.62600907 0.88072573 0.42681651
v 1.62238995 0.88243394 0.42721243
v 1.62255231 0.88259484 0.42684325
v 1.50764333 0.89255283 0.58251818
v 1.50890294 0.89291860 0.58069917
v 1.50764333 0.89314345 0.58251818
v 1.50592318 0.89236156 0.58369220
v 1.50349103 -0.89345267 0.58406914
v 1.50198711 -0.89308524 0.58637805
v 1.50260977 -0.89281068 0.58595312
v 1.50700817 -0.89562302 0.57987682
v 1.50700817 -0.89689111 0.57987682
v 1.52178528 0.89110508 0.57820907
v 1.51957587 0.89113393 0.58026550
v 1.51860194 0.89265712 0.57832152
v 1.52536433 0.88733597 0.58012017
v 1.52238011 0.88783379 0.58197901
v 1.52536433 0.88791969 0.58012017
v 1.61183508 -0.89416735 0.42847421
v 1.60923763 -0.89498109 0.43071764
v 1.61139649 -0.89426053 0.42793089
v 1.60730878 -0.89519069 0.43679390
v 1.60264092 -0.89578756 0.44714587
v 1.60663239 -0.89534265 0.43667137
v 1.61726282 -0.88358045 0.45899978
v 1.60527807 -0.88072841 0.48161684
v 1.61179947 -0.88064563 0.47003386
v 1.61168408 -0.88013620 0.47003571
v 1.50700893 0.89562289 0.57987682
v 1.50700893 0.89469389 0.57987682
v 1.50349192 0.89345254 0.58406895
v 1.50261066 0.89281170 0.58595286
v 1.50198788 0.89308575 0.58637805
v 1.59844969 -0.89319055 0.47024495
v 1.59603017 -0.89374338 0.45927910
v 1.61148763 0.88600348 0.47003852
v 1.61604457 0.88614434 0.45902196
v 1.51733403 0.89959228 0.57073588
v 1.50727890 0.89976620 0.57985129
v 1.50808907 0.89962738 0.57977521
v 1.50383095 0.89939156 0.58423737
v 1.50290731 0.89946387 0.58452821
v 1.50210161 0.89881096 0.58635150
v 1.60178059 -0.89025668 0.44715928
v 1.60668945 -0.88929679 0.43698885
v 1.60647743 -0.88965050 0.43671971
v 1.60904246 -0.89083728 0.43060518
v 1.53902199 -0.89316700 0.54779636
v 1.52861596 -0.89334513 0.55919681
v 1.52923568 -0.89307943 0.55908640
v 1.60736571 0.89079273 0.45914779
v 1.59054104 0.89659919 0.47036889
v 1.59603119 0.89607048 0.45927913
v 1.59054104 0.89557107 0.47036889
v 1.62573834 -0.88207660 0.43015769
v 1.62722234 -0.87962013 0.42843502
v 1.62661935 -0.87983291 0.42913503
v 1.60426125 -0.89005028 0.45971230
v 1.59877761 -0.89068902 0.47023985
v 1.59346412 -0.89315864 0.47032288
v 1.59886836 -0.89260734 0.45959196
v 1.59886836 -0.89202419 0.45959196
v 1.60730980 0.89519011 0.43679390
v 1.60663315 0.89534207 0.43667133
v 1.60264156 0.89578698 0.44714594
v 1.55768693 -0.88375756 0.54726319
v 1.54808634 -0.88373982 0.55842717
v 1.51083574 -0.89412121 0.58272720
v 1.51404704 -0.89255813 0.58260868
v 1.50833951 -0.89338763 0.58308231
v 1.55650557 0.88535944 0.54729727
v 1.55849722 0.88335778 0.54724015
v 1.60853992 0.88354426 0.47008549
v 1.61397889 0.88294114 0.45938875
v 1.61397889 0.88202209 0.45938875
v 1.61494223 0.88051352 0.45927495
v 1.61015144 0.88075821 0.47006015
v 1.60949624 0.88110452 0.47007027
v 1.56955194 -0.88841706 0.53533273
v 1.56020690 -0.88846148 0.54719081
v 1.56857443 -0.88912645 0.53535899
v 1.57866977 -0.88820842 0.52288338
v 1.57899412 -0.88737790 0.52287509
v 1.53891707 0.88896925 0.57004194
v 1.52990914 0.88898336 0.57903391
v 1.53079244 0.88830588 0.57907125
v 1.52511440 0.88871511 0.58374581
v 1.52106243 0.89015348 0.58516874
v 1.52120156 0.88960748 0.58564173
v 1.56946374 0.89482179 0.51004926
v 1.57706872 0.89122972 0.50987365
v 1.56765385 0.89173909 0.52316133
v 1.57430035 0.89268067 0.50993772
v 1.56870833 0.88288772 0.53535529
v 1.56053520 0.88310778 0.54718156
v 1.56987833 0.88306062 0.53532353
v 1.56987833 0.88399077 0.53532353
v 1.50323651 -0.89610246 0.58708514
v 1.50323651 -0.89480028 0.58708514
v 1.50555722 -0.89787092 0.58530545
v 1.50306469 -0.89883828 0.58584570
v 1.50447900 -0.89854591 0.58510887
v 1.61501703 0.88881410 0.43024800
v 1.62097347 0.88642892 0.43043650
v 1.62065869 0.88658982 0.43115313
v 1.61780505 0.88815124 0.43046369
v 1.55922454 -0.88916730 0.54721890
v 1.55040336 -0.88839542 0.55867691
v 1.53990989 -0.88827135 0.57000920
v 1.54941564 -0.88909709 0.55870691
v 1.61475740 -0.89258066 0.42698245
v 1.61467813 -0.88965943 0.42677828
v 1.55849645 -0.88335726 0.54724009
v 1.56053431 -0.88530545 0.54718162
v 1.56987756 -0.88399128 0.53532353
v 1.56053431 -0.88403742 0.54718162
v 1.55040438 0.88839600 0.55867691
v 1.54941640 0.88909709 0.55870691
v 1.53991079 0.88827231 0.57000920
v 1.55922544 0.88916787 0.54721890
v 1.62578097 -0.88059898 0.42718614
v 1.54005745 -0.89263618 0.54776681
v 1.53954164 -0.89290130 0.54778162
v 1.62632359 0.88069477 0.43101856
v 1.62742121 0.87925379 0.43001986
v 1.62661986 0.87983336 0.42913509
v 1.62722311 0.87962058 0.42843502
v 1.63006398 0.87898235 0.42761567
v 1.62874183 0.87984536 0.42667233
v 1.62578174 0.88059885 0.42718617
v 1.57899488 0.88737841 0.52287509
v 1.57899488 0.88504971 0.52287509
v 1.50965477 -0.88948386 0.58684070
v 1.51348515 -0.88857681 0.58669595
v 1.51348515 -0.88764774 0.58669595
v 1.51732995 -0.89034948 0.58655177
v 1.51733084 0.88675378 0.58655197
v 1.51400594 0.88692674 0.58613769
v 1.51361598 0.88708706 0.58655637
v 1.51023785 0.88873445 0.58627957
v 1.60894979 0.89140326 0.43985758
v 1.60479927 0.89195392 0.44887228
v 1.60853877 0.89161592 0.43933548
v 1.60413054 0.89047260 0.44849205
v 1.60840219 0.88990879 0.43916173
v 1.60413054 0.89138909 0.44849205
v 1.58695178 -0.88226373 0.50964369
v 1.62826571 0.88483387 0.43091992
v 1.62922025 0.88414643 0.43059178
v 1.62953783 0.88099506 0.43048306
v 1.63006398 0.88248162 0.42761567
v 1.62953783 0.88229615 0.43048306
v 1.62953706 -0.88229564 0.43048303
v 1.63006309 -0.88248111 0.42761567
v 1.62953706 -0.88099563 0.43048303
v 1.62921884 -0.88414592 0.43059178
v 1.62826495 -0.88483335 0.43091999
v 1.50834040 0.89488887 0.58308225
v 1.50764333 0.89556271 0.58251818
v 1.50869066 0.89517499 0.58280717
v 1.50834040 0.89246846 0.58308225
v 1.52867481 0.89941874 0.55933543
v 1.52793345 0.89957237 0.55935509
v 1.51657595 0.89974947 0.57074744
v 1.53777005 0.89483960 0.55906266
v 1.54126357 0.89310573 0.55895626
v 1.59142843 0.89083102 0.47035508
v 1.59054104 0.89427107 0.47036889
v 1.59603119 0.89374395 0.45927913
v 1.59603119 0.89247586 0.45927913
v 1.50383006 -0.89939207 0.58423718
v 1.50290641 -0.89946444 0.58452796
v 1.51733314 -0.89959177 0.57073576
v 1.50808843 -0.89962687 0.57977521
v 1.51657506 -0.89974890 0.57074763
v 1.52531557 0.88319216 0.58270435
v 1.53108692 0.88389172 0.57908376
v 1.61873508 -0.88688793 0.43539383
v 1.61708909 -0.88826714 0.43271723
v 1.61590033 -0.88843059 0.43542149
v 1.61083856 -0.88957244 0.43373846
v 1.52529604 -0.88288459 0.58369909
v 1.52140707 -0.88375131 0.58525815
v 1.52128683 -0.88378851 0.58566419
v 1.52124675 -0.88650653 0.58579911
v 1.60840245 0.88898866 0.43916128
v 1.60833441 0.88813299 0.43907556
v 1.60404744 0.88869833 0.44844505
v 1.60813094 0.88818372 0.43881753
v 1.59587163 0.88796577 0.49536344
v 1.61472702 0.88659818 0.42726956
v 1.61130012 0.88855792 0.42786911
v 1.61469102 0.88686643 0.42690133
v 1.61144768 0.88822827 0.42822859
v 1.60910705 0.88928415 0.43071579
v 1.54698872 0.88719390 0.55832761
v 1.61397799 -0.88385821 0.45938881
v 1.60976685 -0.88707238 0.45963625
v 1.60711616 -0.88850450 0.45967311
v 1.60426176 -0.88773633 0.47015324
v 1.61148661 -0.88600297 0.47003848
v 1.60412263 -0.88731714 0.48163707
v 1.61054740 -0.88671976 0.47005326
v 1.57712156 0.88304383 0.52292260
v 1.57529087 0.88590749 0.52296868
v 1.61888123 0.88427108 0.44843075
v 1.62296971 0.88378226 0.43921288
v 1.62323560 0.88335778 0.43903871
v 1.62556193 0.88157617 0.43362326
v 1.54912244 -0.89904417 0.53588154
v 1.53848665 -0.89939373 0.54781149
v 1.54839218 -0.89919926 0.53590142
v 1.56770313 -0.89849504 0.51009029
v 1.55853130 -0.89881837 0.52339036
v 1.55780462 -0.89897658 0.52340874
v 1.58950073 -0.89129374 0.49549571
v 1.61726333 0.88228045 0.45899982
v 1.61726333 0.88358096 0.45899982
v 1.61695877 0.88543641 0.45900534
v 1.60302194 -0.88172500 0.48165788
v 1.59540573 -0.88203575 0.49537356
v 1.50350303 0.89777135 0.58689482
v 1.50306546 0.89883770 0.58584570
v 1.50323714 0.89480079 0.58708495
v 1.50323714 0.89610137 0.58708495
v 1.50178033 0.89718234 0.58651974
v 1.52245695 -0.88882827 0.58171683
v 1.52237922 -0.88841642 0.58197901
v 1.52536369 -0.88791924 0.58012017
v 1.62394479 -0.88454360 0.43017288
v 1.62528762 -0.88350138 0.43383898
v 1.62632244 -0.88311512 0.43101853
v 1.62606549 -0.88352863 0.43125266
v 1.51467263 0.89610973 0.57557575
v 1.51638589 0.89268546 0.58038083
v 1.51752155 0.89154463 0.58581762
v 1.51737820 0.89109404 0.58636809
v 1.52124751 0.88780698 0.58579943
v 1.51733084 0.89034999 0.58655197
v 1.51733084 0.88932398 0.58655197
v 1.51741024 0.89093059 0.58248474
v 1.52536943 0.88835930 0.57986507
v 1.52238011 0.88841693 0.58197901
v 1.52245797 0.88882884 0.58171683
v 1.53921984 -0.89924017 0.54779036
v 1.52793268 -0.89957186 0.55935509
v 1.61144691 -0.88822885 0.42822862
v 1.61129910 -0.88855747 0.42786911
v 1.60910603 -0.88928581 0.43071579
v 1.61469025 -0.88686591 0.42690133
v 1.50395936 -0.89178785 0.58651833
v 1.50341712 -0.89201998 0.58694326
v 1.51023696 -0.88873509 0.58627957
v 1.50629438 -0.89061409 0.58683330
v 1.50980028 -0.88891634 0.58670042
v 1.59698279 0.89644308 0.45927725
v 1.59626912 0.89660863 0.45927866
v 1.59149557 0.89697013 0.47035374
v 1.60193172 0.89594839 0.44711920
v 1.56770415 0.89849549 0.51009023
v 1.55780564 0.89897601 0.52340871
v 1.55853207 0.89881881 0.52339036
v 1.54912333 0.89904360 0.53588160
v 1.54839294 0.89919977 0.53590142
v 1.53922086 0.89924068 0.54779036
v 1.52998368 -0.88817543 0.57571628
v 1.53771682 -0.88771539 0.56827041
v 1.53754348 -0.88817332 0.56815202
v 1.54698795 -0.88777883 0.55832761
v 1.55650480 -0.88777820 0.54729727
v 1.54673062 -0.88823255 0.55830406
v 1.54998302 0.89242404 0.53585904
v 1.55890492 0.89244804 0.52338114
v 1.55074481 0.89396293 0.53583826
v 1.56021647 0.89369468 0.52334792
v 1.56602204 0.88708706 0.53542817
v 1.58442581 -0.89762526 0.48199154
v 1.57689359 -0.89800507 0.49575518
v 1.57617354 -0.89816916 0.49576989
v 1.56697976 -0.89865587 0.51010730
v 1.53005555 0.88713576 0.57593290
v 1.53780349 0.88431454 0.56832939
v 1.53019570 0.88400117 0.57636102
v 1.53009052 0.88432028 0.57603986
v 1.57706795 -0.89123030 0.50987371
v 1.57037206 -0.89033525 0.52309304
v 1.58446385 -0.88639388 0.50970177
v 1.61083856 -0.88865231 0.43373846
v 1.60995053 -0.88838451 0.43218999
v 1.61031087 -0.88808052 0.43281909
v 1.58514356 -0.89745964 0.48197855
v 1.59626848 -0.89660806 0.45927859
v 1.59149481 -0.89696968 0.47035374
v 1.59077872 -0.89713632 0.47036522
v 1.60193096 -0.89594788 0.44711920
v 1.59698189 -0.89644250 0.45927728
v 1.51485274 -0.89335572 0.58494983
v 1.52511351 -0.88871460 0.58374581
v 1.52106166 -0.89015304 0.58516874
v 1.52457395 -0.88933923 0.58349173
v 1.50259866 -0.89530021 0.58462497
v 1.50282179 -0.89376176 0.58448577
v 1.50396013 0.89178836 0.58651833
v 1.50341802 0.89201940 0.58694301
v 1.50980118 0.88891577 0.58670061
v 1.61083958 0.88865167 0.43373843
v 1.61259610 0.88725900 0.43101633
v 1.61077818 0.88779549 0.43363197
v 1.61059488 0.88784374 0.43331267
v 1.61806086 0.88931147 0.43686025
v 1.61733774 0.89068066 0.43144442
v 1.61485428 0.89105683 0.43689206
v 1.62592547 0.88508641 0.43664922
v 1.53096081 -0.89608829 0.55878062
v 1.52120833 -0.89623189 0.56867275
v 1.52215086 -0.89605740 0.56827227
v 1.53848754 0.89939366 0.54781149
v 1.61139700 0.89426111 0.42793085
v 1.60923865 0.89498045 0.43071764
v 1.60982429 0.89484375 0.43105494
v 1.61257619 0.89360865 0.42946691
v 1.61125991 0.89401960 0.43138497
v 1.54015204 -0.88242558 0.56993727
v 1.55073256 -0.88304396 0.55866676
v 1.55060019 -0.88254614 0.55865483
v 1.55073256 -0.88524105 0.55866676
v 1.50727827 -0.89976568 0.57985148
v 1.52861673 0.89334564 0.55919681
v 1.56021571 -0.89369417 0.52334792
v 1.56698053 0.89865530 0.51010730
v 1.58442683 0.89762469 0.48199148
v 1.57617418 0.89816852 0.49576989
v 1.57689435 0.89800450 0.49575518
v 1.52140783 0.88375073 0.58525815
v 1.52128798 0.88378902 0.58566394
v 1.51768583 0.88518074 0.58600009
v 1.51741956 0.88528394 0.58641373
v 1.50965477 -0.89400907 0.58684070
v 1.50177969 -0.89820841 0.58651999
v 1.50350239 -0.89777142 0.58689463
v 1.50323651 -0.89712841 0.58708514
v 1.56937056 -0.89154316 0.51005155
v 1.57872236 -0.89127491 0.49571785
v 1.57862739 -0.89100762 0.49571967
v 1.58694361 -0.89041707 0.48194674
v 1.58704037 -0.89068276 0.48194495
v 1.59336468 -0.88988319 0.47032470
v 1.58514458 0.89745901 0.48197859
v 1.59077974 0.89713568 0.47036526
v 1.59142741 -0.89083051 0.47035511
v 1.58505242 -0.89133305 0.48198040
v 1.58562989 -0.89102179 0.48196984
v 1.57593318 -0.89403422 0.49577500
v 1.58418698 -0.89476001 0.48199566
v 1.51400530 -0.88692616 0.58613788
v 1.51768468 -0.88518023 0.58599984
v 1.51741866 -0.88528452 0.58641392
v 1.58446512 0.88697748 0.50970177
v 1.53771682 -0.88470494 0.56827041
v 1.53008963 -0.88431984 0.57603980
v 1.53780260 -0.88431511 0.56832939
v 1.53005453 -0.88621882 0.57593290
v 1.59886836 -0.89110770 0.45959196
v 1.53108603 -0.88296220 0.57908376
v 1.53104939 -0.88246592 0.57897220
v 1.53094013 -0.88249687 0.57863770
v 1.52530331 -0.88289200 0.58330512
v 1.50282242 0.89376068 0.58448577
v 1.50684236 -0.89156888 0.58425671
v 1.50581762 -0.89164585 0.58506094
v 1.50833951 -0.89246910 0.58308231
v 1.54015280 0.88242501 0.56993727
v 1.53094090 0.88249738 0.57863764
v 1.53988487 0.88246068 0.56975384
v 1.54024215 0.88385029 0.56999854
v 1.60831603 0.88547573 0.47008922
v 1.61375321 0.88486999 0.45941552
v 1.61397889 0.88444187 0.45938875
v 1.61912593 0.88384506 0.44833345
v 1.61726282 -0.88101185 0.45899978
v 1.61015042 -0.88075770 0.47006015
v 1.50764333 0.89406307 0.58251818
v 1.50890294 0.89442666 0.58069917
v 1.50890294 0.89534526 0.58069917
v 1.62993085 -0.87846309 0.42773594
v 1.62863474 -0.87931410 0.42679535
v 1.62953323 -0.87842799 0.42809772
v 1.62939614 -0.87828336 0.43059411
v 1.62330018 -0.88743655 0.43139090
v 1.61805996 -0.88931096 0.43686025
v 1.62053564 -0.88893677 0.43141579
v 1.61472625 -0.88659767 0.42726956
v 1.61484904 -0.88632942 0.42853276
v 1.53702332 -0.88871460 0.56779570
v 1.51362594 0.88890894 0.58301542
v 1.51053463 0.89080269 0.58300024
v 1.51376558 0.88923016 0.58288070
v 1.51983716 0.88689789 0.58265617
v 1.55074430 -0.89546423 0.53583826
v 1.60527884 0.88072886 0.48161684
v 1.59703474 0.88137806 0.49533944
v 1.60492156 0.88072573 0.48162329
v 1.54350477 0.89472274 0.54766872
v 1.54081222 0.89510153 0.54774524
v 1.62573834 -0.88299360 0.43015769
v 1.62573834 -0.88357790 0.43015769
v 1.50804503 -0.89582106 0.58224330
v 1.50764206 -0.89556328 0.58251799
v 1.50833951 -0.89488944 0.58308231
v 1.50890204 -0.89592797 0.58069905
v 1.52529425 0.88791331 0.58383063
v 1.52457497 0.88933866 0.58349173
v 1.61264282 -0.89054235 0.43113099
v 1.61503936 -0.88965943 0.43048631
v 1.61501626 -0.88939789 0.43024803
v 1.62107762 -0.88609889 0.43019732
v 1.52867366 -0.89941887 0.55933531
v 1.53195363 -0.89775725 0.55923970
v 1.51038528 0.89048460 0.58313522
v 1.50834040 0.89187950 0.58308225
v 1.51983716 0.88931824 0.58265617
v 1.52000923 0.88968713 0.58238888
v 1.51983716 0.88781643 0.58265617
v 1.51983652 -0.88689846 0.58265617
v 1.51983652 -0.88931773 0.58265617
v 1.61168510 0.88013677 0.47003577
v 1.61714730 0.87957239 0.45901363
v 1.61726333 0.88008329 0.45899982
v 1.62255959 0.87900654 0.44696800
v 1.62709967 0.87905415 0.43650635
v 1.62268557 0.87951846 0.44691780
v 1.62993161 0.87846360 0.42773597
v 1.62831664 0.87923541 0.42716591
v 1.62863550 0.87931359 0.42679532
v 1.62897440 0.87826549 0.43092733
v 1.62953400 0.87842850 0.42809772
v 1.62939691 0.87828387 0.43059414
v 1.62953783 0.87879688 0.43048306
v 1.62696284 0.87854280 0.43659577
v 1.62632359 0.88311614 0.43101856
v 1.62556193 0.88307849 0.43362326
v 1.62606626 0.88352914 0.43125263
v 1.62573936 0.88357732 0.43015769
v 1.62113060 0.88276148 0.43007935
v 1.62107877 0.88308895 0.43019732
v 1.61788917 0.88452318 0.43010654
v 1.61500541 0.88609455 0.43013009
v 1.61501703 0.88638859 0.43024800
v 1.61264359 0.88753235 0.43113099
v 1.62444759 -0.88721853 0.42889126
v 1.62161527 -0.88875500 0.42891522
v 1.60982352 -0.89484438 0.43105497
v 1.62255882 -0.87900596 0.44696803
v 1.62709865 -0.87905472 0.43650635
v 1.62696207 -0.87854229 0.43659574
v 1.62953706 -0.87879637 0.43048303
v 1.63006309 -0.87898190 0.42761567
v 1.55756222 -0.89484068 0.52341477
v 1.54814863 -0.89865792 0.53590786
v 1.59703397 -0.88137761 0.49533944
v 1.60539717 -0.88123561 0.48161451
v 1.52923658 0.89308001 0.55908659
v 1.56053431 -0.88763204 0.54718162
v 1.62553296 0.88396192 0.43039693
v 1.62394569 0.88454411 0.43017288
v 1.62107877 0.88609832 0.43019732
v 1.59715741 0.88538357 0.49533721
v 1.61888047 -0.88427165 0.44843075
v 1.61912516 -0.88384519 0.44833349
v 1.62323470 -0.88335726 0.43903871
v 1.60831501 -0.88547630 0.47008916
v 1.61397799 -0.88444244 0.45938881
v 1.61375232 -0.88486948 0.45941552
v 1.56987756 -0.88758647 0.53532353
v 1.57899412 -0.88505029 0.52287509
v 1.58704037 -0.89310988 0.48194495
v 1.59346412 -0.89257434 0.47032288
v 1.58704037 -0.89219287 0.48194495
v 1.60904323 0.88990821 0.43060518
v 1.60178136 0.89025719 0.44715931
v 1.60640773 0.89027558 0.43663030
v 1.60647819 0.88965145 0.43671971
v 1.51063585 0.89603793 0.57962012
v 1.50925460 0.89576183 0.58141807
v 1.50804592 0.89582157 0.58224311
v 1.61302640 0.89059986 0.43206012
v 1.61096288 0.89128219 0.43395367
v 1.61273932 0.89076548 0.43136324
v 1.61504026 0.88965988 0.43048628
v 1.59906455 0.89280959 0.45961363
v 1.59426841 0.89313764 0.47031040
v 1.59366580 0.89336140 0.47032007
v 1.58782564 0.89368575 0.48193110
v 1.57891472 0.89449425 0.49571370
v 1.58723732 0.89390006 0.48194128
v 1.59603017 -0.89247535 0.45927910
v 1.60203946 -0.88989832 0.44730629
v 1.57899488 0.88285262 0.52287509
v 1.59796617 -0.89056591 0.48174860
v 1.58649022 -0.89288356 0.49555791
v 1.60507843 -0.88659505 0.48162006
v 1.59587049 -0.88796526 0.49536347
v 1.52536867 -0.88835879 0.57986507
v 1.62533230 0.88696497 0.42751192
v 1.61833274 0.89054223 0.42894292
v 1.61400505 0.89250197 0.43147483
v 1.55756298 0.89484011 0.52341477
v 1.54851740 0.89318270 0.53589819
v 1.55765693 0.89329279 0.52341244
v 1.55793890 0.89295421 0.52340501
v 1.51675887 0.89327128 0.58341566
v 1.51308396 0.89504970 0.58355230
v 1.51125493 0.89509061 0.58508717
v 1.50933527 -0.89616430 0.58042939
v 1.52089406 -0.89601074 0.56880640
v 1.53824234 -0.89432614 0.54781845
v 1.62268481 -0.88404323 0.44691780
v 1.61307605 0.88532115 0.45949569
v 1.57603300 0.89248103 0.49577312
v 1.58418775 0.89256119 0.48199569
v 1.58428872 0.89193720 0.48199378
v 1.54024215 0.88744542 0.56999854
v 1.55073358 0.88756752 0.55866676
v 1.51737743 -0.89109295 0.58636841
v 1.52120041 -0.88960799 0.58564160
v 1.51752065 -0.89154520 0.58581781
v 1.52085628 -0.89062354 0.58449247
v 1.52238011 0.88540712 0.58197901
v 1.51975215 0.88596251 0.58278892
v 1.51983716 0.88630842 0.58265617
v 1.51949647 0.88577289 0.58318577
v 1.62529464 -0.88393365 0.43195360
v 1.62335711 -0.88512419 0.43112920
v 1.52089521 0.89451002 0.56880652
v 1.53075122 0.89528131 0.55881796
v 1.53159342 0.89592171 0.55866862
v 1.52215175 0.89605727 0.56827227
v 1.52120922 0.89623131 0.56867294
v 1.56673851 -0.89359148 0.51011289
v 1.56683488 -0.89296998 0.51011056
v 1.57603236 -0.89248167 0.49577315
v 1.50785918 -0.89374759 0.57939917
v 1.50722095 -0.89407724 0.57975747
v 1.51696974 -0.89373189 0.57047619
v 1.62556117 -0.88065820 0.43362326
v 1.61912516 -0.88083474 0.44833349
v 1.62336592 -0.87997332 0.43895251
v 1.62323470 -0.88034739 0.43903871
v 1.62112958 -0.88276097 0.43007938
v 1.62394479 -0.88153372 0.43017288
v 1.62401730 -0.88119578 0.43005449
v 1.62632244 -0.88010537 0.43101853
v 1.62584033 -0.88021381 0.43003927
v 1.62573834 -0.88056802 0.43015769
v 1.51053373 -0.89080224 0.58300049
v 1.51362505 -0.88890907 0.58301549
v 1.51983652 -0.88630785 0.58265617
v 1.56974124 -0.88256031 0.53532765
v 1.55996361 -0.88263052 0.54719771
v 1.56039186 -0.88260799 0.54718577
v 1.57886264 -0.88234906 0.52287834
v 1.56933162 -0.88257550 0.53533825
v 1.60853801 -0.89161655 0.43933548
v 1.60840143 -0.89140951 0.43916173
v 1.60429622 -0.89217666 0.44858696
v 1.61273856 -0.89076612 0.43136330
v 1.61083856 -0.89107208 0.43373846
v 1.61096186 -0.89128168 0.43395370
v 1.53105016 0.88246541 0.57897220
v 1.52529668 0.88288510 0.58369909
v 1.52530395 0.88289244 0.58330492
v 1.58790938 -0.88196025 0.50962155
v 1.58753001 -0.88196497 0.50963032
v 1.57846975 -0.88235908 0.52288846
v 1.58803626 -0.88339498 0.50961836
v 1.56987833 0.88758583 0.53532353
v 1.59369579 0.88485952 0.49540904
v 1.59369579 0.88335044 0.49540904
v 1.60203639 0.88266709 0.48167536
v 1.59381374 0.88297050 0.49540678
v 1.58674538 0.88854222 0.50964832
v 1.62268557 0.88404368 0.44691780
v 1.62709967 0.88357937 0.43650635
v 1.61726333 0.88460800 0.45899982
v 1.58791078 0.88195968 0.50962155
v 1.57886341 0.88234957 0.52287837
v 1.58753078 0.88196606 0.50963032
v 1.51485350 0.89335515 0.58494983
v 1.57790454 0.89128844 0.49573441
v 1.60429737 0.89217609 0.44858696
v 1.59964930 0.89258168 0.45967866
v 1.60215089 0.88228938 0.48167307
v 1.50722172 0.89407660 0.57975747
v 1.50786007 0.89374810 0.57939917
v 1.51697063 0.89373240 0.57047600
v 1.51648507 0.89406562 0.57068266
v 1.55768769 0.88375807 0.54726319
v 1.50744306 -0.89226155 0.58265387
v 1.50816629 -0.89157354 0.58321825
v 1.50833951 -0.89187957 0.58308231
v 1.51038451 -0.89048517 0.58313522
v 1.52998471 0.88817479 0.57571628
v 1.62556193 0.88065757 0.43362326
v 1.62376047 0.87970074 0.43869486
v 1.61924694 0.88046163 0.44828556
v 1.62336669 0.87997377 0.43895248
v 1.61501703 0.88939840 0.43024800
v 1.61264359 0.89054280 0.43113099
v 1.59381284 -0.88297056 0.49540678
v 1.60214987 -0.88228887 0.48167300
v 1.60203563 -0.88266664 0.48167536
v 1.59964853 -0.89258219 0.45967863
v 1.59906366 -0.89281023 0.45961366
v 1.59366490 -0.89336089 0.47032007
v 1.60479825 -0.89195341 0.44887221
v 1.56615198 -0.88427631 0.53542444
v 1.57541596 -0.88401642 0.52296584
v 1.57529011 -0.88439898 0.52296868
v 1.50259866 -0.89889591 0.58462497
v 1.50210072 -0.89881154 0.58635131
v 1.62645047 0.87973903 0.43090336
v 1.62573936 0.88056745 0.43015769
v 1.62584147 0.88021323 0.43003927
v 1.62394569 0.88153430 0.43017288
v 1.57076597 0.89245908 0.52308293
v 1.51975138 -0.88596206 0.58278892
v 1.52234092 -0.88503982 0.58210895
v 1.51910077 -0.88564295 0.58379961
v 1.53108692 0.88296156 0.57908376
v 1.52529425 0.88338809 0.58383063
v 1.56683552 0.89297042 0.51011062
v 1.57593395 0.89310464 0.49577490
v 1.55502910 0.89599192 0.53572348
v 1.62556117 -0.88307900 0.43362326
v 1.62953783 0.88332210 0.43048306
v 1.63006398 0.88350757 0.42761567
v 1.60404668 -0.88869788 0.44844502
v 1.60840143 -0.88839919 0.43916173
v 1.60833339 -0.88813241 0.43907553
v 1.61083856 -0.88806221 0.43373846
v 1.61259534 -0.88725842 0.43101626
v 1.61077741 -0.88779492 0.43363204
v 1.59054104 0.89207340 0.47036889
v 1.59613178 0.89091846 0.45929011
v 1.59064456 0.89144723 0.47036704
v 1.61031202 0.88808103 0.43281909
v 1.61167310 0.88801759 0.42877564
v 1.60995117 0.88838502 0.43219003
v 1.60958827 0.88868939 0.43155588
v 1.62260643 0.88768023 0.42672027
v 1.62874183 0.88437166 0.42667233
v 1.50684325 0.89156830 0.58425671
v 1.50816706 0.89157303 0.58321825
v 1.50744395 0.89226199 0.58265387
v 1.61500464 -0.88609411 0.43013005
v 1.61497044 -0.88606315 0.42977616
v 1.61245301 -0.88728523 0.43067156
v 1.62128530 -0.88262732 0.42972500
v 1.56053431 -0.88310836 0.54718162
v 1.55020232 -0.88257499 0.55861883
v 1.59054027 -0.89659868 0.47036893
v 1.59603017 -0.89606997 0.45927910
v 1.52529349 -0.88338981 0.58383063
v 1.56039262 0.88260792 0.54718577
v 1.55060095 0.88254665 0.55865483
v 1.58495030 0.88329274 0.50969025
v 1.57541686 0.88401694 0.52296587
v 1.58458639 0.88358677 0.50969903
v 1.55622794 -0.88822885 0.54730506
v 1.56575628 -0.88811729 0.53543503
v 1.53771784 0.88470545 0.56827041
v 1.63006309 -0.88350769 0.42761567
v 1.62874107 -0.88437224 0.42667230
v 1.58421864 -0.88741562 0.50970729
v 1.57503571 -0.88785000 0.52297506
v 1.51301924 -0.89363392 0.57650271
v 1.62218061 -0.87899243 0.44711869
v 1.61714666 -0.87957296 0.45901366
v 1.62655131 -0.87852493 0.43686488
v 1.60412965 -0.88896300 0.44849205
v 1.59346412 -0.89014882 0.47032288
v 1.59886836 -0.88959752 0.45959196
v 1.59877237 -0.88933509 0.45958143
v 1.61726282 -0.88008278 0.45899978
v 1.61679742 -0.87956141 0.45905512
v 1.61133778 -0.88012943 0.47004126
v 1.62709865 -0.88358045 0.43650635
v 1.62953706 -0.88332318 0.43048303
v 1.60640697 -0.89480086 0.43663030
v 1.60904246 -0.89443349 0.43060518
v 1.62556117 -0.88006816 0.43362326
v 1.62644970 -0.87973852 0.43090336
v 1.53988398 -0.88246024 0.56975384
v 1.59643315 0.89055640 0.45932333
v 1.60204022 0.88989883 0.44730629
v 1.60669021 0.88929730 0.43698885
v 1.61083958 0.89107253 0.43373843
v 1.60413054 0.89197383 0.44849205
v 1.60840219 0.89140843 0.43916173
v 1.58459073 -0.89158241 0.48198877
v 1.58428770 -0.89193662 0.48199384
v 1.57632786 -0.89213211 0.49576670
v 1.54698872 0.88777820 0.55832761
v 1.54673164 0.88823306 0.55830406
v 1.55650557 0.88777871 0.54729727
v 1.53754412 0.88817383 0.56815202
v 1.51632321 0.89920813 0.57075165
v 1.50259956 0.89889642 0.58462522
v 1.50700893 0.89921975 0.57987682
v 1.60413054 0.88896242 0.44849205
v 1.59336557 0.88988364 0.47032473
v 1.59877314 0.88933343 0.45958140
v 1.59886926 0.88959803 0.45959199
v 1.52536433 0.88490924 0.58012017
v 1.55622871 0.88822821 0.54730506
v 1.56575692 0.88811665 0.53543503
v 1.56602204 0.88767021 0.53542817
v 1.57503648 0.88785051 0.52297513
v 1.61307503 -0.88532173 0.45949569
v 1.56712489 0.89262674 0.51010366
v 1.61442501 0.88077915 0.45933581
v 1.60865059 0.88165792 0.47008367
v 1.61409032 0.88105582 0.45937541
v 1.61960958 0.88018649 0.44814132
v 1.59666610 -0.88137915 0.49534732
v 1.57637688 -0.88342173 0.52294143
v 1.57529087 0.88439949 0.52296868
v 1.56602204 0.88466148 0.53542817
v 1.57593318 -0.89762884 0.49577500
v 1.54711560 0.88437951 0.55833916
v 1.55650557 0.88476883 0.54729727
v 1.55664240 0.88438219 0.54729306
v 1.62335788 0.88512471 0.43112917
v 1.62254631 0.88530022 0.43266704
v 1.62529541 0.88393422 0.43195366
v 1.62491426 0.88428474 0.43111535
v 1.55996437 0.88263096 0.54719771
v 1.55020308 0.88257442 0.55861883
v 1.60169532 0.89540807 0.44711042
v 1.52264995 0.89261678 0.57443402
v 1.56965112 0.89503553 0.51004507
v 1.57872287 0.89428517 0.49571782
v 1.58704139 0.89369309 0.48194498
v 1.61133867 0.88013001 0.47004126
v 1.60853915 -0.88203575 0.47008552
v 1.60864982 -0.88165741 0.47008367
v 1.61397799 -0.88143263 0.45938881
v 1.52536139 -0.88452841 0.58024603
v 1.52222528 -0.88478830 0.58249859
v 1.52535424 -0.88423234 0.58062412
v 1.53005453 -0.88470916 0.57593290
v 1.59416642 0.88268125 0.49539937
v 1.52779418 -0.89388800 0.55934194
v 1.53860612 -0.89337921 0.54780830
v 1.53833284 -0.89370994 0.54781570
v 1.54851638 -0.89318219 0.53589819
v 1.60853992 0.88203626 0.47008549
v 1.61397889 0.88143205 0.45938875
v 1.61867994 0.88981024 0.42674924
v 1.59064379 -0.89144781 0.47036711
v 1.59095448 -0.89108829 0.47036245
v 1.59643238 -0.89055697 0.45932333
v 1.59613088 -0.89091910 0.45929011
v 1.56756591 0.89239251 0.51009355
v 1.61408955 -0.88105639 0.45937544
v 1.61924604 -0.88046112 0.44828556
v 1.60904323 0.89443400 0.43060518
v 1.59369503 -0.88334992 0.49540907
v 1.58458562 -0.88358626 0.50969903
v 1.62610225 0.87942509 0.43319654
v 1.62569672 0.87969557 0.43351629
v 1.62683175 0.87948278 0.43055633
v 1.51301924 -0.89605478 0.57650271
v 1.51301924 -0.89547055 0.57650271
v 1.54595862 -0.88876126 0.55823405
v 1.59346488 0.89315755 0.47032288
v 1.59886926 0.89260791 0.45959199
v 1.51632232 -0.89920768 0.57075139
v 1.52768569 -0.89902898 0.55936147
v 1.50700817 -0.89921917 0.57987682
v 1.54698872 0.88476838 0.55832761
v 1.54749739 0.88406308 0.55837363
v 1.59666687 0.88137908 0.49534729
v 1.58723656 -0.89389962 0.48194128
v 1.60640773 0.89480028 0.43663030
v 1.58418698 -0.89708654 0.48199566
v 1.52671188 0.89491772 0.57044441
v 1.50869015 -0.89517447 0.58280717
v 1.60169443 -0.89540870 0.44711042
v 1.60894902 -0.89140275 0.43985765
v 1.61302563 -0.89060152 0.43206005
v 1.61133178 -0.89107521 0.43459936
v 1.55065686 0.89218030 0.53584059
v 1.56012623 0.89191461 0.52335028
v 1.55074481 0.89245384 0.53583826
v 1.54072465 0.89240087 0.54774748
v 1.61484981 0.88632776 0.42853270
v 1.61467813 -0.89198749 0.42677828
v 1.52073987 0.89272898 0.56887252
v 1.53075122 0.89285516 0.55881796
v 1.52089521 0.89300087 0.56880652
v 1.58694451 0.89041752 0.48194677
v 1.59306740 0.88993968 0.47032878
v 1.59848377 0.88939214 0.45954917
v 1.53833373 0.89370981 0.54781570
v 1.53860702 0.89337978 0.54780830
v 1.52779495 0.89388851 0.55934194
v 1.50323651 -0.89260319 0.58708514
v 1.51648417 -0.89406511 0.57068246
v 1.52811981 -0.89355842 0.55928457
v 1.50429864 -0.89791866 0.58632463
v 1.51392437 -0.89325399 0.58595522
v 1.51024832 -0.89502092 0.58609557
v 1.55092249 -0.89568321 0.53583367
v 1.54081132 -0.89568538 0.54774518
v 1.58421966 0.88741613 0.50970733
v 1.57529087 0.88740930 0.52296868
v 1.51733084 0.88582522 0.58655197
v 1.50965553 0.88948437 0.58684070
v 1.62569596 -0.87969506 0.43351636
v 1.62672784 -0.87917260 0.43270156
v 1.60180472 -0.88611147 0.48167948
v 1.60853915 -0.88504397 0.47008552
v 1.50323714 0.89260370 0.58708495
v 1.50613980 0.89118524 0.58697383
v 1.50868887 0.89263721 0.58083263
v 1.51281590 0.89277034 0.57661727
v 1.56974200 0.88255967 0.53532765
v 1.57847013 0.88235959 0.52288852
v 1.54711509 -0.88437907 0.55833916
v 1.55664138 -0.88438277 0.54729306
v 1.54698795 -0.88476896 0.55832761
v 1.53075019 -0.89586561 0.55881796
v 1.54098773 -0.89590697 0.54774007
v 1.50764206 -0.89255341 0.58251799
v 1.50890204 -0.89291809 0.58069905
v 1.51281501 -0.89277091 0.57661746
v 1.50804580 -0.89264506 0.58123248
v 1.50868798 -0.89263778 0.58083243
v 1.50684580 -0.89223640 0.58306176
v 1.59610548 -0.88167158 0.49535881
v 1.61264282 -0.88753299 0.43113099
v 1.61501626 -0.88638807 0.43024803
v 1.50925370 -0.89576241 0.58141833
v 1.51467174 -0.89610922 0.57557555
v 1.51343243 -0.89627695 0.57627122
v 1.51063495 -0.89603748 0.57962012
v 1.53075122 0.89586663 0.55881796
v 1.53096157 0.89608880 0.55878062
v 1.54081222 0.89568474 0.54774524
v 1.50323714 0.89712892 0.58708495
v 1.50613980 0.89571046 0.58697383
v 1.56937107 0.89154367 0.51005155
v 1.56021647 0.89218611 0.52334792
v 1.52977128 -0.88870886 0.57506702
v 1.52538296 -0.88884614 0.57910054
v 1.55065584 -0.89218138 0.53584056
v 1.56021571 -0.89218553 0.52334792
v 1.56012546 -0.89191409 0.52335021
v 1.56946297 -0.89181249 0.51004926
v 1.61180049 0.88517021 0.47003386
v 1.50178033 0.89820828 0.58651974
v 1.50965553 0.89400958 0.58684070
v 1.52124751 0.88883299 0.58579943
v 1.61814727 0.88471701 0.44872249
v 1.56615300 0.88427682 0.53542441
v 1.54098875 0.89590697 0.54774014
v 1.55074481 0.89546366 0.53583826
v 1.62260567 -0.88315552 0.42672023
v 1.62608362 -0.88127486 0.42669352
v 1.61124996 -0.88917470 0.42774934
v 1.61467813 -0.88746227 0.42677828
v 1.52812070 0.89355791 0.55928482
v 1.56039798 -0.89541177 0.52334329
v 1.56964972 -0.89503502 0.51004507
v 1.56946297 -0.89482230 0.51004926
v 1.57891383 -0.89449374 0.49571373
v 1.54824156 0.89351598 0.53590509
v 1.60412965 -0.89197281 0.44849205
v 1.61510893 -0.88961169 0.43120103
v 1.55650480 -0.88476838 0.54729727
v 1.52977205 0.88870930 0.57506702
v 1.52538373 0.88884557 0.57910054
v 1.52269118 0.88922965 0.58092970
v 1.53824297 0.89885072 0.54781845
v 1.54814965 0.89865849 0.53590786
v 1.62831562 -0.87923496 0.42716588
v 1.53806070 0.88399287 0.56850541
v 1.61133254 0.89107412 0.43459936
v 1.61996762 0.88670029 0.43269100
v 1.61590122 0.88843110 0.43542146
v 1.51816692 0.89109187 0.58167279
v 1.56933239 0.88257601 0.53533825
v 1.61679819 0.87956192 0.45905515
v 1.62655220 0.87852544 0.43686488
v 1.62218150 0.87899231 0.44711872
v 1.60929660 -0.88893422 0.43104897
v 1.57862841 0.89100654 0.49571970
v 1.58665360 0.89046781 0.48195184
v 1.61467902 0.88746278 0.42677834
v 1.62608489 0.88127537 0.42669352
v 1.62260643 0.88315501 0.42672027
v 1.62897364 -0.87826505 0.43092730
v 1.61499507 -0.89258219 0.42759397
v 1.61833197 -0.89054280 0.42894292
v 1.61400429 -0.89250254 0.43147477
v 1.61490597 -0.89241453 0.42897193
v 1.61124996 -0.89369832 0.42774934
v 1.56053520 0.88763249 0.54718156
v 1.51732995 -0.88582427 0.58655177
v 1.51770970 -0.89351381 0.57016154
v 1.51489473 0.89267971 0.58179284
v 1.51771059 0.89351438 0.57016148
v 1.52000846 -0.88968771 0.58238888
v 1.52269041 -0.88922914 0.58092964
v 1.52052478 -0.88996016 0.58158605
v 1.56654500 -0.88397347 0.53541381
v 1.58803626 -0.88699113 0.50961836
v 1.62783057 0.87940734 0.42772994
v 1.60764398 0.88593583 0.47009975
v 1.60180574 0.88611089 0.48167951
v 1.60111288 0.88657986 0.48169196
v 1.59274471 0.88727202 0.49542838
v 1.58348264 -0.88789767 0.50972437
v 1.57427214 -0.88834200 0.52299450
v 1.55793800 -0.89295485 0.52340504
v 1.55765616 -0.89329228 0.52341244
v 1.56039875 0.89541228 0.52334335
v 1.55092326 0.89568378 0.53583373
v 1.62444861 0.88721905 0.42889126
v 1.62161603 0.88875596 0.42891525
v 1.62330095 0.88743700 0.43139090
v 1.62764791 0.88571832 0.42749306
v 1.51859734 -0.88547841 0.58458163
v 1.59306688 -0.88993917 0.47032888
v 1.58665284 -0.89046838 0.48195184
v 1.62764689 -0.88571889 0.42749309
v 1.53702409 0.88871511 0.56779570
v 1.59345812 0.88679673 0.49541364
v 1.58348328 0.88789818 0.50972437
v 1.52768658 0.89902943 0.55936128
v 1.52159101 0.88398285 0.58464016
v 1.51809110 0.88531279 0.58536927
v 1.52204785 0.88456185 0.58310025
v 1.51859811 0.88547892 0.58458163
v 1.51910154 0.88564339 0.58379955
v 1.60764308 -0.88593691 0.47009979
v 1.60111211 -0.88657935 0.48169196
v 1.59274394 -0.88727259 0.49542844
v 1.59345735 -0.88679731 0.49541364
v 1.62874107 -0.87984702 0.42667230
v 1.56094571 0.89522943 0.52332950
v 1.57021212 0.89484221 0.51003218
v 1.54072389 -0.89240144 0.54774754
v 1.53033382 -0.89260951 0.55889174
v 1.53064616 -0.89258219 0.55883641
v 1.52073897 -0.89272841 0.56887252
v 1.62553232 -0.88396249 0.43039686
v 1.57948887 -0.89428989 0.49570211
v 1.57021148 -0.89484279 0.51003221
v 1.53064718 0.89258276 0.55883634
v 1.53033458 0.89260887 0.55889168
v 1.62128620 0.88262784 0.42972497
v 1.61497095 0.88606366 0.42977609
v 1.53108603 -0.88748582 0.57908376
v 1.52529349 -0.88791395 0.58383063
v 1.54046298 0.89242921 0.54775481
v 1.53824234 -0.89885085 0.54781845
v 1.51320688 0.88879368 0.58341891
v 1.51949584 -0.88577231 0.58318570
v 1.51320599 -0.88879425 0.58341917
v 1.50581851 0.89164636 0.58506094
v 1.56094495 -0.89523109 0.52332950
v 1.51632321 0.89468291 0.57075165
v 1.54151822 0.89573975 0.54772488
v 1.52124675 -0.88430835 0.58579911
v 1.60840219 0.88839855 0.43916173
v 1.61083958 0.88806278 0.43373843
v 1.60169443 -0.89088393 0.44711042
v 1.54824054 -0.89351547 0.53590512
v 1.51301924 -0.89304497 0.57650271
v 1.52027294 -0.89275936 0.56907062
v 1.57948964 0.89429040 0.49570211
v 1.55539812 0.88874441 0.54732854
v 1.56496169 0.88862027 0.53545670
v 1.57427290 0.88834303 0.52299444
v 1.60929762 0.88893409 0.43104894
v 1.57834415 0.89105262 0.49572522
v 1.59426764 -0.89313706 0.47031040
v 1.58782475 -0.89368575 0.48193113
v 1.60813031 -0.88818328 0.43881747
v 1.60379854 -0.88875392 0.44830451
v 1.59848300 -0.88939272 0.45954914
v 1.52027396 0.89275981 0.56907062
v 1.51220333 0.89279753 0.57696127
v 1.62268481 -0.87951801 0.44691780
v 1.61996724 -0.88670087 0.43269097
v 1.62446801 -0.88393626 0.43448595
v 1.50178033 0.89368307 0.58651974
v 1.50177969 -0.89368371 0.58651999
v 1.50259866 -0.89437012 0.58462497
v 1.56496092 -0.88862085 0.53545670
v 1.55539723 -0.88874390 0.54732854
v 1.62423621 0.88102965 0.42970011
v 1.62614719 0.87999943 0.42968390
v 1.53159253 -0.89592120 0.55866862
v 1.54151720 -0.89574033 0.54772488
v 1.55145822 0.89551088 0.53581937
v 1.60492079 -0.88072522 0.48162332
v 1.58494954 -0.88329229 0.50969025
v 1.57579328 -0.88371831 0.52295617
v 1.59416540 -0.88268074 0.49539937
v 1.62614642 -0.88000000 0.42968393
v 1.62423544 -0.88102914 0.42970011
v 1.60413054 0.88955298 0.44849205
v 1.54595990 0.88876177 0.55823405
v 1.50974208 -0.89519854 0.58198226
v 1.52089521 0.89601125 0.56880652
v 1.51302013 0.89605421 0.57650251
v 1.61125072 0.88917304 0.42774928
v 1.55145745 -0.89551031 0.53581941
v 1.55985511 -0.89194920 0.52335714
v 1.55039110 -0.89221176 0.53584800
v 1.54046196 -0.89242870 0.54775488
v 1.54024215 0.88292021 0.56999854
v 1.59603119 0.89154571 0.45927913
v 1.50764691 0.89150697 0.58362608
v 1.50993737 0.89038344 0.58354030
v 1.58803626 -0.88246592 0.50961836
v 1.59715664 -0.88188379 0.49533721
v 1.61059437 -0.88784323 0.43331263
v 1.62107762 -0.88308844 0.43019732
v 1.61788841 -0.88452267 0.43010654
v 1.56909344 0.89158451 0.51005800
v 1.60904246 -0.88990834 0.43060518
v 1.61488249 -0.88639809 0.44913953
v 1.62672874 0.87917203 0.43270156
v 1.50700817 -0.89469338 0.57987682
v 1.60416909 0.89252564 0.45919147
v 1.50700893 0.89689098 0.57987682
v 1.60379930 0.88875283 0.44830451
v 1.50993648 -0.89038407 0.58354030
v 1.50764627 -0.89150646 0.58362627
v 1.53195478 0.89775668 0.55923970
v 1.52068894 0.89790755 0.57064264
v 1.52336668 0.89657142 0.57055463
v 1.51419856 0.89664316 0.57949618
v 1.52124751 0.88430778 0.58579943
v 1.54757678 -0.88999520 0.55876314
v 1.53702205 -0.88988319 0.57010461
v 1.53399021 -0.89135507 0.57020462
v 1.52505645 -0.89135928 0.57911337
v 1.55073358 0.88304338 0.55866676
v 1.59095499 0.89108772 0.47036251
v 1.59603017 -0.89154635 0.45927910
v 1.56712413 -0.89262731 0.51010366
v 1.55756298 0.89391111 0.52341477
v 1.56673928 0.89359199 0.51011285
v 1.50259956 0.89437063 0.58462522
v 1.52534301 -0.88394041 0.58120867
v 1.50448015 0.89854527 0.58510862
v 1.50429954 0.89791917 0.58632437
v 1.57632863 0.89213262 0.49576670
v 1.58803702 0.88246483 0.50961836
v 1.59346488 0.89014774 0.47032288
v 1.61485326 -0.89105740 0.43689206
v 1.57593318 -0.89310515 0.49577500
v 1.62632359 0.88010582 0.43101856
v 1.62556193 0.88006753 0.43362326
v 1.53005555 0.88471024 0.57593290
v 1.57834313 -0.89105319 0.49572522
v 1.54469570 -0.89141111 0.55885115
v 1.55473551 -0.89139432 0.54734750
v 1.52535475 0.88423176 0.58062418
v 1.62375971 -0.87970131 0.43869486
v 1.62683124 -0.87948336 0.43055633
v 1.62610123 -0.87942521 0.43319654
v 1.60249260 -0.88200167 0.48166704
v 1.60898183 -0.88137659 0.47007860
v 1.58446512 0.88396773 0.50970177
v 1.60249336 0.88200218 0.48166710
v 1.50804656 0.89264563 0.58123248
v 1.50684644 0.89223691 0.58306202
v 1.57579431 0.88371882 0.52295617
v 1.59054027 -0.89207289 0.47036893
v 1.58459175 0.89158292 0.48198867
v 1.55705304 0.88407297 0.54728157
v 1.54814965 0.89413327 0.53590786
v 1.55744734 -0.89004607 0.54726964
v 1.56431567 -0.89126591 0.53547374
v 1.52085730 0.89062398 0.58449247
v 1.58418698 -0.89256177 0.48199566
v 1.61245416 0.88728568 0.43067156
v 1.60640697 -0.89247216 0.43663030
v 1.53824297 0.89432551 0.54781845
v 1.51220244 -0.89279861 0.57696146
v 1.55985588 0.89194977 0.52335720
v 1.55039187 0.89221125 0.53584797
v 1.51302013 0.89304439 0.57650251
v 1.56909267 -0.89158400 0.51005803
v 1.60898298 0.88137653 0.47007860
v 1.58704139 0.89068321 0.48194498
v 1.62323560 0.88185596 0.43903871
v 1.52768569 -0.89450485 0.55936147
v 1.61442424 -0.88077864 0.45933575
v 1.51632232 -0.89468247 0.57075139
v 1.61960855 -0.88018707 0.44814132
v 1.55705227 -0.88407246 0.54728157
v 1.50451206 0.89327128 0.58343359
v 1.53480229 -0.89004352 0.56737032
v 1.52583011 -0.89105791 0.57432546
v 1.52792911 -0.89003618 0.57425423
v 1.61510995 0.88961163 0.43120103
v 1.62749754 0.88550356 0.42934200
v 1.62652170 0.88610291 0.42887288
v 1.62689621 0.88552136 0.43125123
v 1.50451117 -0.89327071 0.58343365
v 1.56654589 0.88397290 0.53541378
v 1.54749662 -0.88406365 0.55837369
v 1.51125557 -0.89300565 0.57749291
v 1.51125633 0.89300508 0.57749291
v 1.52768658 0.89450421 0.55936128
v 1.62749652 -0.88550407 0.42934200
v 1.54081222 0.89267492 0.54774524
v 1.51548956 0.89418248 0.57843143
v 1.51141308 0.89512310 0.58056119
v 1.51361866 0.89510574 0.57849710
v 1.52470568 0.89503458 0.56769595
v 1.51953375 0.89414999 0.57453978
v 1.51762698 0.89509636 0.57460449
v 1.60416041 0.89496112 0.44716343
v 1.59847177 0.89563183 0.45926576
v 1.60103604 0.89423118 0.45923392
v 1.59541888 0.89483590 0.47029237
v 1.62087173 -0.88778719 0.43683213
v 1.61839784 -0.88722747 0.44700907
v 1.61614426 -0.88843793 0.44703623
v 1.61270882 -0.88791924 0.45907356
v 1.62087250 0.88778547 0.43683213
v 1.61839886 0.88722696 0.44700904
v 1.52170499 -0.89010638 0.58018815
v 1.52916918 -0.88932768 0.57443051
v 1.52501432 -0.88941308 0.57834935
v 1.55244568 -0.89732223 0.53579260
v 1.54052680 -0.89857099 0.54775303
v 1.55043986 -0.89836139 0.53584653
v 1.56196228 -0.89702099 0.52330417
v 1.55244632 0.89732275 0.53579260
v 1.55044063 0.89836191 0.53584659
v 1.54249241 0.89756489 0.54769718
v 1.55987451 0.89811619 0.52335669
v 1.54052744 0.89857092 0.54775303
v 1.57364221 0.89098611 0.52301014
v 1.56431644 0.89126636 0.53547374
v 1.58012174 0.89196126 0.50980271
v 1.58286509 0.89053916 0.50973866
v 1.58950162 0.89129316 0.49549571
v 1.59213737 0.88991089 0.49544086
v 1.57321319 0.88888226 0.52302124
v 1.56384913 0.88917878 0.53548663
v 1.56263127 0.88979244 0.53551937
v 1.55422582 0.88932660 0.54736224
v 1.62491349 -0.88428525 0.43111535
v 1.62393062 -0.88455196 0.43265411
v 1.62254503 -0.88530079 0.43266700
v 1.62263209 -0.88477572 0.43535604
v 1.51361777 -0.89510682 0.57849704
v 1.51141231 -0.89512259 0.58056093
v 1.51328219 -0.89420086 0.58049322
v 1.56304982 0.89412746 0.52327695
v 1.50974297 0.89519854 0.58198246
v 1.51328296 0.89420029 0.58049322
v 1.57126379 -0.89660806 0.51000777
v 1.55987362 -0.89811561 0.52335669
v 1.62533102 0.88634346 0.43137201
v 1.62298630 0.88664847 0.43681050
v 1.57401289 -0.89515609 0.50994465
v 1.60051575 -0.88921503 0.48170207
v 1.60457998 -0.88988996 0.47014820
v 1.58057335 -0.89603327 0.49567955
v 1.56907544 -0.89776823 0.51005845
v 1.57829360 -0.89725528 0.49572618
v 1.58894113 -0.89540660 0.48191036
v 1.59295354 0.89617738 0.47033063
v 1.58894190 0.89540711 0.48191036
v 1.61031483 -0.88920195 0.45910675
v 1.60706064 -0.88856736 0.47010895
v 1.52998892 0.89875333 0.55929867
v 1.52386909 0.89009477 0.57813555
v 1.58657216 0.89668714 0.48195280
v 1.57829437 0.89725580 0.49572618
v 1.55744836 0.89004658 0.54726957
v 1.55473641 0.89139432 0.54734750
v 1.52052568 0.88996067 0.58158586
v 1.52309645 0.88956555 0.57989386
v 1.54469672 0.89141053 0.55885115
v 1.50676207 0.89041918 0.58641124
v 1.50478599 0.89172492 0.58587034
v 1.57206834 -0.88946547 0.52305025
v 1.56263037 -0.88979295 0.53551937
v 1.61083856 -0.89048881 0.43373846
v 1.51150435 0.89797776 0.57959134
v 1.50721036 0.89792906 0.58376968
v 1.56085661 -0.89069170 0.53556686
v 1.55105154 -0.89091074 0.54745300
v 1.51419766 -0.89664380 0.57949644
v 1.50975203 -0.89667469 0.58367561
v 1.50720947 -0.89792855 0.58376987
v 1.50975267 0.89667520 0.58367561
v 1.50555825 0.89787143 0.58530538
v 1.51665866 0.88712791 0.58329127
v 1.51608056 0.88708444 0.58391201
v 1.59218537 -0.89133305 0.48185279
v 1.58177423 -0.89306641 0.49565511
v 1.58371265 -0.89203306 0.49561509
v 1.57241017 -0.89367739 0.50998151
v 1.50676117 -0.89041860 0.58641143
v 1.51703254 -0.88726104 0.58288938
v 1.51665790 -0.88712740 0.58329127
v 1.51607954 -0.88708393 0.58391201
v 1.52315364 -0.89015980 0.58326982
v 1.52033153 -0.89155573 0.58328348
v 1.51831856 -0.89170029 0.58481714
v 1.59528485 -0.89258436 0.47029467
v 1.58880966 -0.89315442 0.48191317
v 1.59019538 -0.89240515 0.48188828
v 1.58044353 -0.89378014 0.49568233
v 1.55292295 -0.88997382 0.54739958
v 1.54150048 -0.89102179 0.55824515
v 1.56685824 -0.88998684 0.53540504
v 1.57603428 -0.88976627 0.52294976
v 1.52033242 0.89155624 0.58328322
v 1.52315441 0.89016031 0.58326982
v 1.52810730 0.88988045 0.57902836
v 1.52810615 -0.88987994 0.57902868
v 1.60905037 0.88751142 0.47007719
v 1.60051677 0.88921548 0.48170211
v 1.60258476 0.88812609 0.48166474
v 1.59429496 0.88878481 0.49539615
v 1.58246888 0.88841955 0.50974830
v 1.59074080 0.88831737 0.49546993
v 1.54126255 -0.89310515 0.55895626
v 1.52671086 -0.89491714 0.57044441
v 1.54531159 0.89380414 0.54761664
v 1.53371233 0.89491191 0.55848104
v 1.58512862 -0.88937115 0.50968607
v 1.57364144 -0.89098662 0.52301007
v 1.53274759 -0.89105064 0.56743670
v 1.54347196 -0.89004454 0.55818516
v 1.61257517 -0.89360878 0.42946691
v 1.61125915 -0.89401909 0.43138494
v 1.58177500 0.89306584 0.49565517
v 1.57241119 0.89367790 0.50998148
v 1.58044404 0.89377950 0.49568239
v 1.58881042 0.89315334 0.48191314
v 1.50799716 -0.89667150 0.58521207
v 1.50690299 -0.89664380 0.58622411
v 1.50799831 0.89667195 0.58521182
v 1.50690401 0.89664271 0.58622411
v 1.56685901 0.88998576 0.53540504
v 1.61460141 0.88691148 0.45904545
v 1.60706128 0.88856736 0.47010901
v 1.52386833 -0.89009534 0.57813555
v 1.54817033 -0.89468400 0.54753552
v 1.55422493 -0.88932609 0.54736218
v 1.54482245 -0.88936598 0.55817546
v 1.61216964 -0.88579069 0.45957865
v 1.60578661 -0.88691940 0.47012930
v 1.60673080 -0.88641896 0.47011411
v 1.59918595 -0.88759432 0.48172649
v 1.59429419 -0.88878544 0.49539615
v 1.58286394 -0.89053967 0.50973869
v 1.59213661 -0.88991147 0.49544086
v 1.60258374 -0.88812565 0.48166474
v 1.62298554 -0.88664796 0.43681050
v 1.60016945 0.88707608 0.48170903
v 1.59176809 0.88778030 0.49544868
v 1.59918671 0.88759375 0.48172652
v 1.60673170 0.88641948 0.47011408
v 1.53776928 -0.89484017 0.55906259
v 1.51361509 -0.88708649 0.58655656
v 1.60882138 -0.89435914 0.43690815
v 1.60415964 -0.89496061 0.44716343
v 1.60882214 0.89435959 0.43690818
v 1.52658781 0.89409498 0.56763532
v 1.61217041 0.88579121 0.45957869
v 1.60578750 0.88691984 0.47012924
v 1.53254438 0.89548829 0.55854742
v 1.61126004 0.88627173 0.45961500
v 1.60426227 0.88773677 0.47015327
v 1.60976761 0.88707283 0.45963625
v 1.61488325 0.88639854 0.44913953
v 1.57113627 0.89435225 0.51001103
v 1.56183642 0.89476358 0.52330739
v 1.60726181 -0.89053655 0.44923122
v 1.60215714 -0.89119469 0.45974134
v 1.56907672 0.89776874 0.51005841
v 1.56196304 0.89702042 0.52330413
v 1.58057398 0.89603372 0.49567959
v 1.51359581 0.89288822 0.58651074
v 1.52501522 0.88941359 0.57834935
v 1.58246824 -0.88842121 0.50974830
v 1.61490674 0.89241497 0.42897196
v 1.61867777 0.89044688 0.42695341
v 1.61867062 0.89057848 0.42756544
v 1.56304905 -0.89412810 0.52327695
v 1.56183553 -0.89476416 0.52330733
v 1.55348280 -0.89446183 0.53576500
v 1.57113551 -0.89435174 0.51001103
v 1.61733698 -0.89068008 0.43144442
v 1.61866998 -0.89057899 0.42756537
v 1.61867674 -0.89044637 0.42695344
v 1.61797189 -0.88442783 0.42975216
v 1.61810068 -0.88444512 0.42920469
v 1.58657140 -0.89668726 0.48195280
v 1.59541811 -0.89483545 0.47029247
v 1.59176733 -0.88778139 0.49544874
v 1.61810170 0.88444557 0.42920469
v 1.61797304 0.88442725 0.42975213
v 1.57126481 0.89660857 0.51000780
v 1.51831933 0.89170144 0.58481714
v 1.50632973 -0.89638857 0.58678658
v 1.50629514 0.89061352 0.58683330
v 1.61894467 0.88583467 0.44045391
v 1.61632118 0.88562348 0.44912198
v 1.61865070 -0.88471069 0.42687232
v 1.61856339 -0.88450850 0.42724144
v 1.61843077 -0.88449178 0.42780369
v 1.61478063 -0.88647819 0.42783135
v 1.61826522 -0.88446759 0.42850692
v 1.61843154 0.88449114 0.42780369
v 1.61826598 0.88446810 0.42850692
v 1.61478139 0.88647870 0.42783135
v 1.61856416 0.88450901 0.42724144
v 1.60016869 -0.88707557 0.48170903
v 1.57603517 0.88976685 0.52294976
v 1.55807816 0.89210748 0.53564150
v 1.50529070 -0.89882826 0.58392630
v 1.61632016 -0.88562297 0.44912205
v 1.61125902 -0.88627179 0.45961510
v 1.50529147 0.89882877 0.58392630
v 1.50948308 0.89897339 0.57967846
v 1.51174164 -0.89421548 0.58190848
v 1.59295277 -0.89617687 0.47033070
v 1.60103501 -0.89423175 0.45923395
v 1.58512926 0.88937172 0.50968614
v 1.51224699 -0.89565180 0.57879981
v 1.51085080 -0.89553284 0.58033513
v 1.54505859 0.89625691 0.54762398
v 1.51174240 0.89421605 0.58190829
v 1.51083651 0.89412172 0.58272714
v 1.52178452 -0.89110457 0.57820900
v 1.52341761 -0.89561670 0.56786086
v 1.51623641 -0.89567484 0.57486923
v 1.61326024 0.88999833 0.44706986
v 1.54482347 0.88936540 0.55817552
v 1.51740947 -0.89093116 0.58248480
v 1.59672941 -0.89179941 0.47027217
v 1.60066548 -0.89201264 0.45973716
v 1.55232021 -0.89506489 0.53579633
v 1.54236707 -0.89530544 0.54770095
v 1.53455466 0.89644723 0.55916082
v 1.50948219 -0.89897288 0.57967846
v 1.54350400 -0.89472331 0.54766872
v 1.51703330 0.88726155 0.58288938
v 1.51715725 -0.88759011 0.58275548
v 1.53612215 0.88933866 0.56745195
v 1.52917007 0.88932819 0.57443077
v 1.53480306 0.89004294 0.56737032
v 1.54347273 0.89004498 0.55818522
v 1.51867801 0.89891786 0.57070487
v 1.62128696 0.88550241 0.43536938
v 1.62032669 0.88508794 0.44043920
v 1.56461615 -0.89563559 0.52323773
v 1.53371157 -0.89491248 0.55848104
v 1.53254336 -0.89548778 0.55854748
v 1.52470479 -0.89503406 0.56769614
v 1.61331781 -0.89024156 0.43321262
v 1.61217130 -0.89050559 0.43524088
v 1.62460293 -0.88578655 0.43676120
v 1.62689557 -0.88552085 0.43125126
v 1.61331858 0.89024207 0.43321262
v 1.61217219 0.89050610 0.43524084
v 1.59847126 -0.89563138 0.45926570
v 1.62128620 -0.88550254 0.43536938
v 1.62032605 -0.88508750 0.44043917
v 1.59019640 0.89240457 0.48188828
v 1.59528549 0.89258379 0.47029473
v 1.51348591 0.88764825 0.58669601
v 1.57975284 0.88982863 0.50981148
v 1.52170576 0.89010683 0.58018815
v 1.55292371 0.88997478 0.54739958
v 1.59845058 0.89319106 0.47024492
v 1.59187276 0.89382673 0.48185831
v 1.62263285 0.88477623 0.43535601
v 1.60904961 -0.88751206 0.47007719
v 1.61352255 -0.88877964 0.44051110
v 1.61134352 -0.88996801 0.44053414
v 1.61370317 -0.88963167 0.43544272
v 1.50924490 0.89039244 0.58416640
v 1.60066625 0.89201308 0.45973719
v 1.59673018 0.89179883 0.47027211
v 1.52341850 0.89561613 0.56786118
v 1.57321242 -0.88888233 0.52302118
v 1.52309569 -0.88956612 0.57989411
v 1.50747216 -0.89041075 0.58576835
v 1.56384811 -0.88917936 0.53548667
v 1.62053666 0.88893728 0.43141579
v 1.51224775 0.89565129 0.57879981
v 1.51623718 0.89567587 0.57486948
v 1.61480424 -0.88951526 0.43273798
v 1.61763554 -0.88823306 0.43117936
v 1.53612113 -0.88933923 0.56745195
v 1.62652068 -0.88610247 0.42887284
v 1.62533026 -0.88634302 0.43137201
v 1.53554800 0.89398916 0.55842532
v 1.61780416 -0.88815181 0.43046369
v 1.61763643 0.88823242 0.43117939
v 1.61480488 0.88951468 0.43273804
v 1.62346242 -0.88436649 0.43513484
v 1.62117949 -0.88466205 0.44025903
v 1.61720078 -0.88517085 0.44901700
v 1.51715801 0.89059935 0.58275554
v 1.51983716 0.88873509 0.58265617
v 1.51715801 0.89001512 0.58275554
v 1.51867725 -0.89891844 0.57070461
v 1.51348591 0.89217187 0.58669601
v 1.62014466 -0.88629215 0.44698322
v 1.61460039 -0.88691104 0.45904548
v 1.58138849 -0.88897768 0.50977322
v 1.60982250 0.89083198 0.44037464
v 1.60574947 0.89138175 0.44915195
v 1.51762622 -0.89509585 0.57460456
v 1.50613865 -0.89118479 0.58697415
v 1.60726257 0.89053706 0.44923122
v 1.61134442 0.88996744 0.44053417
v 1.62460383 0.88578597 0.43676113
v 1.62014556 0.88629266 0.44698322
v 1.51053373 -0.89322884 0.58300049
v 1.51053373 -0.89381263 0.58300049
v 1.55232123 0.89506387 0.53579633
v 1.54236783 0.89530486 0.54770095
v 1.62379889 0.88489673 0.43041164
v 1.60215778 0.89119520 0.45974137
v 1.61865134 0.88471120 0.42687232
v 1.61867994 0.88528445 0.42674924
v 1.52998790 -0.89875384 0.55929867
v 1.51348591 0.89114599 0.58669601
v 1.61708986 0.88826657 0.43271720
v 1.62401819 0.88119521 0.43005446
v 1.54005822 0.89263561 0.54776688
v 1.50613865 -0.89468400 0.58697415
v 1.50613865 -0.89338182 0.58697415
v 1.50613865 -0.89571001 0.58697415
v 1.60958725 -0.88868997 0.43155592
v 1.61167234 -0.88801715 0.42877561
v 1.60982148 -0.89083153 0.44037464
v 1.60574857 -0.89138118 0.44915198
v 1.61786058 -0.88784738 0.43022499
v 1.61786058 -0.88634557 0.43022499
v 1.59074029 -0.88831692 0.49546990
v 1.62430424 -0.88426795 0.43311265
v 1.62393165 0.88455254 0.43265411
v 1.62346344 0.88436694 0.43513484
v 1.62430501 0.88426846 0.43311261
v 1.62118051 0.88466040 0.44025903
v 1.61786147 0.88784687 0.43022502
v 1.61786147 0.88726251 0.43022502
v 1.62833107 0.87852493 0.43143558
v 1.62892768 -0.87866432 0.42864844
v 1.62833005 -0.87852551 0.43143564
v 1.51715801 0.88758954 0.58275554
v 1.51715801 0.88817958 0.58275554
v 1.51715725 -0.88817913 0.58275548
v 1.61720155 0.88517021 0.44901696
v 1.50355958 0.89268226 0.58530564
v 1.60781592 -0.88842638 0.43841883
v 1.50478497 -0.89172441 0.58587040
v 1.50355868 -0.89268175 0.58530545
v 1.52159037 -0.88398343 0.58463997
v 1.51809033 -0.88531336 0.58536927
v 1.61370394 0.88962995 0.43544268
v 1.51085170 0.89553335 0.58033538
v 1.62608489 0.88580059 0.42669352
v 1.62874183 0.88334463 0.42667233
v 1.62608489 0.88477304 0.42669352
v 1.62608362 -0.88580008 0.42669352
v 1.62608362 -0.88347304 0.42669352
v 1.62592610 -0.87878795 0.43727455
v 1.61786147 0.88483808 0.43022502
v 1.56870744 -0.88288830 0.53535529
v 1.55931172 -0.88295384 0.54721653
v 1.62160442 -0.87925908 0.44734778
v 1.61626565 -0.87983445 0.45911827
v 1.60341483 -0.88900282 0.44808652
v 1.58551296 0.88300298 0.50967739
v 1.54959638 -0.88290872 0.55856401
v 1.51348515 -0.89114541 0.58669595
v 1.54808711 0.88373816 0.55842717
v 1.59689254 0.89029600 0.45937404
v 1.59803561 -0.88964680 0.45949983
v 1.50834040 0.89338814 0.58308225
v 1.51459911 -0.88697122 0.58549991
v 1.51460026 0.88697180 0.58550010
v 1.56756489 -0.89239308 0.51009355
v 1.61867917 -0.88621467 0.42674924
v 1.61867917 -0.88528503 0.42674924
v 1.57790377 -0.89128908 0.49573438
v 1.58620391 0.89071091 0.48195966
v 1.51053373 -0.89231082 0.58300049
v 1.51053450 0.89139164 0.58300049
v 1.53056447 -0.88325617 0.57749049
v 1.53947539 -0.88280392 0.56947462
v 1.61867994 0.88878321 0.42674924
v 1.59260711 0.89018961 0.47033625
v 1.62573936 0.88299303 0.43015769
v 1.51376469 -0.89165632 0.58288089
v 1.51255908 0.88878162 0.58404291
v 1.50965553 0.89298146 0.58684070
v 1.51348591 0.88857726 0.58669601
v 1.62782955 -0.87940683 0.42772994
v 1.62394569 0.88212370 0.43017288
v 1.62608489 0.88220444 0.42669352
v 1.62152591 -0.88258539 0.42917699
v 1.62152681 0.88258590 0.42917702
v 1.62457306 0.88093532 0.42915213
v 1.62457230 -0.88093488 0.42915213
v 1.61867917 -0.88748321 0.42674924
v 1.50700817 -0.89819214 0.57987682
v 1.50764333 0.89497950 0.58251818
v 1.51302013 0.89363380 0.57650251
v 1.50890294 0.89350813 0.58069917
v 1.50613980 0.89211424 0.58697383
v 1.62608387 -0.88477368 0.42669352
v 1.62874107 -0.88334412 0.42667230
v 1.62260567 -0.88665377 0.42672023
v 1.50613865 -0.89211373 0.58697415
v 1.50965477 -0.89041292 0.58684070
v 1.51632232 -0.89561140 0.57075139
v 1.62394479 -0.88396045 0.43017288
v 1.62107762 -0.88551511 0.43019732
v 1.52768569 -0.89543487 0.55936147
v 1.62323470 -0.88277354 0.43903871
v 1.62556117 -0.88249368 0.43362326
v 1.60904246 -0.89340754 0.43060518
v 1.61124996 -0.89267186 0.42774934
v 1.61467813 -0.89095995 0.42677828
v 1.62573834 -0.88115698 0.43015769
v 1.62260643 0.88665421 0.42672027
v 1.50834040 0.89430464 0.58308225
v 1.54698795 -0.88719498 0.55832761
v 1.55650480 -0.88719498 0.54729727
v 1.62632244 -0.88069541 0.43101853
v 1.62874183 0.88204462 0.42667233
v 1.61467902 0.88839179 0.42677834
v 1.61125072 0.89010421 0.42774928
v 1.60904323 0.89083779 0.43060518
v 1.53824234 -0.89525617 0.54781845
v 1.61912516 -0.88142580 0.44833349
v 1.61180049 0.88284324 0.47003386
v 1.59886836 -0.89018808 0.45959196
v 1.59603119 0.89504389 0.45927913
v 1.60169532 0.89438218 0.44711042
v 1.61786071 -0.88726315 0.43022499
v 1.60840245 0.89082522 0.43916128
v 1.62632359 0.88253191 0.43101856
v 1.62556193 0.88249419 0.43362326
v 1.56602114 -0.88708649 0.53542811
v 1.59603017 -0.89504338 0.45927910
v 1.61397799 -0.88202158 0.45938881
v 1.59054027 -0.89557273 0.47036893
v 1.53771784 0.88621409 0.56827041
v 1.53075019 -0.89528182 0.55881796
v 1.54081132 -0.89510101 0.54774518
v 1.61501703 0.88697805 0.43024800
v 1.62107877 0.88367791 0.43019732
v 1.61786147 0.88634614 0.43022502
v 1.50259956 0.89786830 0.58462522
v 1.50764206 -0.89497899 0.58251799
v 1.50833951 -0.89430515 0.58308231
v 1.52089406 -0.89542753 0.56880640
v 1.50890204 -0.89534475 0.58069905
v 1.62709865 -0.88255291 0.43650635
v 1.61467902 0.88965988 0.42677834
v 1.60853992 0.88262458 0.47008549
v 1.58418775 0.89475944 0.48199569
v 1.59054104 0.89300304 0.47036889
v 1.58418775 0.89349134 0.48199569
v 1.57593395 0.89403473 0.49577490
v 1.51732995 -0.88675435 0.58655177
v 1.52124675 -0.88523844 0.58579911
v 1.52529349 -0.88431882 0.58383063
v 1.52089406 -0.89450944 0.56880640
v 1.54081132 -0.89418407 0.54774518
v 1.61786147 0.88542646 0.43022502
v 1.55756222 -0.89740986 0.52341477
v 1.55074430 -0.89488108 0.53583826
v 1.62268481 -0.88301613 0.44691780
v 1.61867994 0.88748219 0.42674924
v 1.51715801 0.88909862 0.58275554
v 1.51376558 0.88982027 0.58288070
v 1.54814863 -0.89633094 0.53590786
v 1.59715664 -0.88538300 0.49533721
v 1.61912593 0.88142523 0.44833345
v 1.53005453 -0.88530028 0.57593290
v 1.52536369 -0.88549883 0.58012017
v 1.56946297 -0.89240253 0.51004926
v 1.57872236 -0.89186546 0.49571785
v 1.51376558 0.89073880 0.58288070
v 1.52536433 0.88641788 0.58012017
v 1.52529425 0.88688736 0.58383063
v 1.51733084 0.88802181 0.58655197
v 1.56053520 0.88403634 0.54718156
v 1.56602114 -0.88617006 0.53542811
v 1.53005555 0.88529862 0.57593290
v 1.51348591 0.88984535 0.58669601
v 1.56673851 -0.89452042 0.51011289
v 1.55074430 -0.89396242 0.53583826
v 1.57593395 0.89530282 0.49577490
v 1.55756222 -0.89610877 0.52341477
v 1.54024126 -0.88511896 0.56999854
v 1.51301924 -0.89455297 0.57650271
v 1.60539819 0.88343315 0.48161451
v 1.56673928 0.89452093 0.51011285
v 1.52237922 -0.88691678 0.58197901
v 1.61726282 -0.88227987 0.45899978
v 1.61179947 -0.88284266 0.47003386
v 1.51983652 -0.88873458 0.58265617
v 1.60203563 -0.88417675 0.48167536
v 1.59369503 -0.88486010 0.49540907
v 1.60203639 0.88417624 0.48167536
v 1.60203639 0.88325770 0.48167536
v 1.53108603 -0.88389120 0.57908376
v 1.59715741 0.88408299 0.49533721
v 1.58803702 0.88596359 0.50961836
v 1.60853915 -0.88262522 0.47008552
v 1.61179947 -0.88157463 0.47003386
v 1.51983652 -0.88781700 0.58265617
v 1.51715725 -0.88909818 0.58275548
v 1.57899488 0.88635029 0.52287509
v 1.56987833 0.88525880 0.53532353
v 1.60203563 -0.88325713 0.48167536
v 1.60539717 -0.88343270 0.48161451
v 1.51376469 -0.89073938 0.58288089
v 1.53005555 0.88621831 0.57593290
v 1.50700893 0.89819163 0.57987682
v 1.58704139 0.89310930 0.48194498
v 1.57872287 0.89278342 0.49571782
v 1.57529011 -0.88590704 0.52296868
v 1.58446385 -0.88547579 0.50970177
v 1.60539819 0.88216506 0.48161451
v 1.51732995 -0.88802244 0.58655177
v 1.56946374 0.89332209 0.51004926
v 1.58446512 0.88455668 0.50970177
v 1.59369579 0.88394099 0.49540904
v 1.56946374 0.89423858 0.51004926
v 1.57872287 0.89370145 0.49571782
v 1.64607925 0.79878038 0.59880566
v 1.63588167 0.80159898 0.59927667
v 1.64592506 0.80001497 0.59662860
v 1.64620575 0.79978489 0.60059422
v 1.63592724 0.80378401 0.59915911
v 1.63514554 0.80291998 0.60115178
v 1.62675044 -0.80519258 0.59740016
v 1.61846128 -0.80726867 0.59773465
v 1.62543186 -0.80424781 0.59973702
v 1.64620473 -0.79978495 0.60059422
v 1.63514477 -0.80292005 0.60115178
v 1.63592647 -0.80378408 0.59915911
v 1.65395012 0.79761919 0.59627145
v 1.66680145 0.79453867 0.59662675
v 1.66073293 0.79726294 0.59605580
v 1.66176303 0.79612268 0.59740469
v 1.64623256 -0.79754592 0.60098227
v 1.63588039 -0.80159898 0.59927667
v 1.63498547 -0.80060973 0.60155871
v 1.66176227 -0.79612274 0.59740469
v 1.65499426 -0.79817994 0.59813648
v 1.66073217 -0.79726294 0.59605580
v 1.64584732 0.80175675 0.59553034
v 1.63722807 0.80424150 0.59584288
v 1.63718940 0.80459048 0.59594015
v 1.61271967 0.80990952 0.59801388
v 1.61329713 0.81031779 0.59706687
v 1.61334347 0.80992535 0.59699035
v 1.61004396 -0.80848277 0.60239613
v 1.61138526 -0.80980058 0.60019789
v 1.61010064 -0.80889359 0.60230301
v 1.61921707 -0.80860492 0.59646228
v 1.62747725 -0.80625689 0.59611113
v 1.62746168 -0.80649833 0.59613826
v 1.66846849 -0.79172843 0.59836924
v 1.67219587 -0.79131186 0.59668713
v 1.67230985 -0.79097079 0.59669632
v 1.65343558 -0.79971155 0.59535617
v 1.65338605 -0.79944331 0.59526957
v 1.65995902 -0.79733837 0.59504689
v 1.61176756 -0.80763022 0.60028220
v 1.61132642 -0.80787645 0.60029515
v 1.60989615 -0.80686671 0.60263897
v 1.63449187 -0.80060705 0.60281506
v 1.64631744 -0.79740909 0.60218092
v 1.64631744 -0.79722783 0.60218092
v 1.61176858 0.80763022 0.60028226
v 1.61033831 0.80662202 0.60262889
v 1.61132693 0.80787651 0.60029515
v 1.64630404 0.79845342 0.60198645
v 1.63457280 0.80169695 0.60261134
v 1.63453450 0.80126410 0.60270854
v 1.66555040 0.79537021 0.59487233
v 1.66002042 0.79758409 0.59512628
v 1.66558984 0.79560910 0.59494420
v 1.67396554 0.79184005 0.59548714
v 1.67177885 0.79220167 0.59664928
v 1.67194632 0.79195959 0.59666734
v 1.64631821 0.79722777 0.60218092
v 1.64631821 0.79740915 0.60218092
v 1.63449263 0.80042624 0.60281500
v 1.66846926 0.79172843 0.59836924
v 1.66840620 0.79207690 0.59832316
v 1.66370745 0.79287443 0.59994764
v 1.66840544 -0.79207696 0.59832316
v 1.64631016 -0.79804215 0.60207912
v 1.65665888 -0.79550807 0.60110806
v 1.65670777 -0.79511192 0.60119429
v 1.67077760 -0.79143925 0.59586133
v 1.66600213 -0.79372435 0.59553034
v 1.66688403 -0.79268577 0.59663869
v 1.67012571 -0.79371708 0.59482076
v 1.67014269 -0.79346606 0.59475439
v 1.67337212 -0.79195646 0.59473039
v 1.62741585 0.80686097 0.59622027
v 1.61910870 0.80939811 0.59664565
v 1.62735969 0.80724614 0.59631983
v 1.62550028 0.80655551 0.59961627
v 1.67016222 0.79282886 0.59468106
v 1.66550661 0.79474507 0.59479351
v 1.67016222 0.79300960 0.59468106
v 1.66779529 0.79164201 0.59773465
v 1.66301881 0.79287653 0.59904850
v 1.66688531 0.79268577 0.59663869
v 1.61910793 -0.80939817 0.59664565
v 1.61916792 -0.80898792 0.59654525
v 1.62741534 -0.80686097 0.59622027
v 1.62549900 -0.80655551 0.59961633
v 1.61501115 -0.80651256 0.60353536
v 1.62350493 -0.80448415 0.60315243
v 1.61495180 -0.80601787 0.60363537
v 1.62434828 -0.80573067 0.60165738
v 1.61590773 -0.80782673 0.60202787
v 1.61713134 -0.80868872 0.59996978
v 1.66359870 0.79361432 0.59980659
v 1.65665965 0.79550807 0.60110806
v 1.65670853 0.79511192 0.60119429
v 1.65405211 0.79941025 0.59645073
v 1.65499502 0.79818039 0.59813648
v 1.60961495 0.80687195 0.60381548
v 1.60966843 0.80733517 0.60372843
v 1.60931651 0.80708154 0.60358929
v 1.61004435 0.80848277 0.60239613
v 1.61010102 0.80889353 0.60230308
v 1.61138616 0.80980058 0.60019795
v 1.67077836 0.79143918 0.59586126
v 1.66600290 0.79372435 0.59553034
v 1.67025106 0.79207007 0.59523178
v 1.67452156 0.79099223 0.59538853
v 1.67433622 0.79133598 0.59542165
v 1.67205814 0.79167131 0.59667615
v 1.66359832 -0.79361432 0.59980659
v 1.66365780 -0.79323336 0.59988362
v 1.66301804 -0.79287653 0.59904850
v 1.66181230 -0.79421170 0.59747062
v 1.65504800 -0.79618663 0.59823374
v 1.61319744 -0.80863894 0.59793512
v 1.61923341 -0.80799439 0.59643503
v 1.62743411 -0.80572812 0.59618714
v 1.62747725 -0.80589476 0.59611113
v 1.66558907 -0.79560916 0.59494420
v 1.67053431 -0.79327536 0.59593224
v 1.66606378 -0.79541055 0.59569079
v 1.67012903 -0.79378154 0.59541106
v 1.60937919 -0.80755159 0.60348597
v 1.60945590 -0.80806722 0.60336023
v 1.60961418 -0.80687201 0.60381555
v 1.61089115 -0.80651307 0.60386852
v 1.60959644 -0.80659738 0.60384503
v 1.62675120 0.80519258 0.59740003
v 1.62543263 0.80424781 0.59973702
v 1.61706063 0.80628197 0.60009143
v 1.61916869 0.80898786 0.59654525
v 1.64584145 -0.80145915 0.59545337
v 1.64583928 -0.80123902 0.59542810
v 1.65333232 -0.79896694 0.59517421
v 1.65394935 -0.79761926 0.59627145
v 1.64592429 -0.80001503 0.59662860
v 1.65595096 -0.79693284 0.59984616
v 1.62344940 0.80401875 0.60325193
v 1.62350582 0.80448460 0.60315236
v 1.61495231 0.80601781 0.60363537
v 1.62434905 0.80573067 0.60165738
v 1.61713211 0.80868866 0.59996978
v 1.61590850 0.80782673 0.60202787
v 1.61565883 0.80529476 0.60244776
v 1.62338737 0.80332609 0.60336113
v 1.61490329 0.80556511 0.60371834
v 1.61488696 0.80529368 0.60374547
v 1.66181294 0.79421170 0.59747062
v 1.66365856 0.79323336 0.59988362
v 1.67014358 0.79346600 0.59475439
v 1.67012648 0.79371701 0.59482070
v 1.67269024 0.79233678 0.59576081
v 1.67053520 0.79327530 0.59593224
v 1.67105025 0.79273823 0.59641837
v 1.67142425 -0.79078111 0.59644792
v 1.67467359 -0.79066316 0.59536090
v 1.67487220 -0.79116940 0.59483915
v 1.67500164 -0.79086701 0.59479441
v 1.61275745 0.80888619 0.59795127
v 1.62743474 0.80572805 0.59618714
v 1.61918835 0.80782616 0.59651206
v 1.61923430 0.80799439 0.59643509
v 1.64607083 0.80086330 0.59869365
v 1.64585358 0.80206272 0.59562346
v 1.61488619 -0.80529374 0.60374547
v 1.62340217 -0.80358967 0.60333349
v 1.62338673 -0.80332609 0.60336113
v 1.62411316 -0.80330356 0.60207402
v 1.61705986 -0.80628203 0.60009143
v 1.61565819 -0.80529476 0.60244783
v 1.63466100 -0.80231635 0.60238451
v 1.64628808 -0.79905501 0.60177028
v 1.63460279 -0.80204497 0.60253341
v 1.61505928 -0.80690973 0.60345463
v 1.62363564 -0.80514548 0.60292011
v 1.62354973 -0.80485879 0.60307265
v 1.61094246 0.80697362 0.60378600
v 1.61316591 0.80969418 0.60012226
v 1.61183815 0.80994207 0.60016751
v 1.61191741 0.80881707 0.60217952
v 1.61381410 -0.81072128 0.59692347
v 1.61524283 -0.80999715 0.59669958
v 1.61518182 -0.81041525 0.59679959
v 1.61316515 -0.80969425 0.60012232
v 1.61191703 -0.80881707 0.60217952
v 1.61183738 -0.80994207 0.60016751
v 1.61387486 0.81030209 0.59682588
v 1.61324071 0.81073902 0.59715903
v 1.61381486 0.81072122 0.59692353
v 1.61307860 0.81081663 0.59813195
v 1.61335827 -0.80931118 0.59696501
v 1.61379916 -0.80906285 0.59694848
v 1.61393957 -0.80929759 0.59671808
v 1.61329624 -0.81031779 0.59706694
v 1.61334296 -0.80992535 0.59699042
v 1.61392298 -0.80991118 0.59674470
v 1.64607006 -0.80086285 0.59869365
v 1.64585281 -0.80206278 0.59562353
v 1.64629880 0.79878459 0.60191229
v 1.64628885 0.79905495 0.60177028
v 1.63466164 0.80231686 0.60238458
v 1.64631106 0.79804208 0.60207912
v 1.61524360 0.80999709 0.59669958
v 1.61531010 0.80899360 0.59658897
v 1.61424694 0.80908429 0.59676416
v 1.61394034 0.80929753 0.59671808
v 1.65989277 0.79652508 0.59496041
v 1.65337061 0.79841991 0.59524065
v 1.65333308 0.79860487 0.59517421
v 1.66550661 0.79492639 0.59479351
v 1.67356231 -0.79203924 0.59555626
v 1.67177808 -0.79220161 0.59664928
v 1.67147186 -0.79242071 0.59661201
v 1.67433533 -0.79133604 0.59542172
v 1.67471482 -0.79148111 0.59489308
v 1.67452080 -0.79099230 0.59538853
v 1.67467435 0.79066316 0.59536090
v 1.67500240 0.79086695 0.59479441
v 1.67487310 0.79116934 0.59483915
v 1.67458283 0.78998607 0.59537743
v 1.67224258 0.79029376 0.59669083
v 1.67415637 0.79009355 0.59545440
v 1.66832974 0.79244477 0.59826738
v 1.66757051 0.79365255 0.59756093
v 1.60997695 0.80607544 0.60377872
v 1.60959721 0.80623531 0.60384497
v 1.60929545 0.80644229 0.60362376
v 1.62343064 0.80285916 0.60328467
v 1.61488696 0.80493161 0.60374547
v 1.61493291 0.80482783 0.60366894
v 1.66370681 -0.79287443 0.59994764
v 1.66779478 -0.79164201 0.59773471
v 1.67328366 0.79223250 0.59479217
v 1.67337275 0.79195640 0.59473039
v 1.61057969 -0.80905500 0.60223115
v 1.61515067 -0.80721365 0.60330126
v 1.67142527 0.79078104 0.59644799
v 1.67231075 0.79097079 0.59669632
v 1.66550623 -0.79456388 0.59479351
v 1.66553648 -0.79438147 0.59484834
v 1.67016158 -0.79264754 0.59468112
v 1.65989226 -0.79652515 0.59496041
v 1.65993834 -0.79633649 0.59502066
v 1.66832885 -0.79244477 0.59826738
v 1.66756987 -0.79365262 0.59756093
v 1.66280462 -0.79496992 0.59876928
v 1.66680068 -0.79453867 0.59662675
v 1.61488619 -0.80511242 0.60374547
v 1.62338673 -0.80296408 0.60336113
v 1.61488619 -0.80493161 0.60374547
v 1.60959644 -0.80641612 0.60384503
v 1.61087494 -0.80605770 0.60389622
v 1.61087494 -0.80587695 0.60389622
v 1.61505851 0.81094287 0.59700375
v 1.61360629 0.81118865 0.59726549
v 1.61491963 0.81092666 0.59723230
v 1.62724545 0.80773081 0.59652266
v 1.61898769 0.80991533 0.59684981
v 1.61885149 0.80989969 0.59707836
v 1.63718850 -0.80459003 0.59594015
v 1.64584656 -0.80175675 0.59553034
v 1.62735892 -0.80724620 0.59631983
v 1.67458219 -0.78998613 0.59537743
v 1.67415599 -0.79009361 0.59545433
v 1.67192321 -0.79041425 0.59666543
v 1.67014843 -0.79248409 0.59473224
v 1.65338682 0.79944324 0.59526957
v 1.65343596 0.79971155 0.59535617
v 1.62747802 0.80607544 0.59611113
v 1.61923430 0.80817508 0.59643509
v 1.62747802 0.80625682 0.59611113
v 1.65333308 0.79878613 0.59517421
v 1.64584056 0.80087689 0.59542804
v 1.64584056 0.80105821 0.59542804
v 1.65676151 -0.79431548 0.60128868
v 1.64607849 -0.79878038 0.59880566
v 1.61105198 0.80788334 0.60360582
v 1.61020173 0.80839782 0.60340995
v 1.60978523 0.80825007 0.60353677
v 1.62363679 0.80514542 0.60292005
v 1.61515144 0.80721359 0.60330126
v 1.61506004 0.80690966 0.60345463
v 1.60966754 -0.80733523 0.60372843
v 1.61114452 -0.80819301 0.60345239
v 1.61020097 -0.80839788 0.60341002
v 1.60999980 -0.80864570 0.60318319
v 1.64629829 -0.79878415 0.60191229
v 1.63450246 -0.80086228 0.60278826
v 1.65676240 0.79449616 0.60128868
v 1.65614715 0.79475458 0.60019565
v 1.64623345 0.79754586 0.60098227
v 1.65504876 0.79618657 0.59823381
v 1.67295357 -0.79242071 0.59540500
v 1.67328276 -0.79223256 0.59479217
v 1.64631323 0.79695167 0.60210989
v 1.63449263 0.80024498 0.60281500
v 1.63452199 0.80014178 0.60274084
v 1.62338737 0.80296402 0.60336113
v 1.67234866 0.79073649 0.59669951
v 1.66849019 0.79149158 0.59838449
v 1.65595134 0.79693278 0.59984629
v 1.65662046 0.79582616 0.60103888
v 1.67309959 0.79260356 0.59491931
v 1.67008793 0.79402930 0.59495709
v 1.67288655 0.79266119 0.59506546
v 1.67471609 0.79148111 0.59489308
v 1.67504567 0.79064587 0.59477966
v 1.67347091 0.79129092 0.59466261
v 1.67347091 0.79147167 0.59466261
v 1.67337684 0.79058038 0.59525718
v 1.65654668 -0.79609760 0.60090893
v 1.63725896 -0.80390936 0.59576228
v 1.63726918 -0.80367775 0.59573547
v 1.63677532 -0.80258836 0.59699456
v 1.66001965 -0.79758364 0.59512622
v 1.66554963 -0.79536976 0.59487227
v 1.61505774 -0.81094294 0.59700375
v 1.61491874 -0.81092666 0.59723230
v 1.61360552 -0.81118865 0.59726549
v 1.62724468 -0.80773087 0.59652266
v 1.62711678 -0.80771402 0.59674929
v 1.61898654 -0.80991539 0.59684981
v 1.61387396 -0.81030209 0.59682588
v 1.61526274 -0.80882498 0.59666639
v 1.61530933 -0.80899360 0.59658897
v 1.67003700 0.79400836 0.59511103
v 1.66575105 0.79580880 0.59524838
v 1.66566770 0.79588743 0.59508895
v 1.66027864 0.79776752 0.59546180
v 1.62355050 0.80485879 0.60307265
v 1.63460343 0.80204491 0.60253341
v 1.67472541 0.79007108 0.59535164
v 1.67234866 0.79037443 0.59669951
v 1.67504567 0.79028323 0.59477966
v 1.61392413 0.80991112 0.59674470
v 1.61379993 0.80906279 0.59694848
v 1.61335942 0.80931112 0.59696501
v 1.61000057 0.80864564 0.60318325
v 1.60937995 0.80755166 0.60348597
v 1.60973328 0.80784192 0.60362204
v 1.60945654 0.80806715 0.60336023
v 1.61323995 -0.81073909 0.59715903
v 1.67234815 -0.79055517 0.59669951
v 1.67472426 -0.79043315 0.59535158
v 1.67472426 -0.79025240 0.59535158
v 1.67504453 -0.79046455 0.59477973
v 1.61309188 -0.80725399 0.60024352
v 1.61166212 -0.80624897 0.60259896
v 1.61092127 -0.80577369 0.60381925
v 1.60997619 -0.80607550 0.60377866
v 1.60959644 -0.80623531 0.60384503
v 1.64588128 -0.80237768 0.59602299
v 1.63702448 -0.80499818 0.59635902
v 1.64586621 -0.80243429 0.59581148
v 1.66014245 -0.79786402 0.59528578
v 1.65364607 -0.79993902 0.59572807
v 1.65353489 -0.80002492 0.59553181
v 1.66826796 0.79274027 0.59822264
v 1.66816929 0.79298867 0.59814624
v 1.66346646 0.79418126 0.59963382
v 1.65995991 0.79733831 0.59504695
v 1.65989277 0.79688721 0.59496041
v 1.66367835 0.79218744 0.59990985
v 1.65676240 0.79413409 0.60128868
v 1.65672487 0.79404717 0.60122281
v 1.64631821 0.79704702 0.60218092
v 1.66060605 0.79554834 0.59589126
v 1.66550661 0.79456381 0.59479351
v 1.65993949 0.79633693 0.59502066
v 1.64631744 -0.79704709 0.60218092
v 1.65676151 -0.79413409 0.60128868
v 1.65672449 -0.79404723 0.60122275
v 1.66367758 -0.79218750 0.59990985
v 1.60931575 -0.80708160 0.60358929
v 1.60973634 -0.80619811 0.60361508
v 1.60929469 -0.80644236 0.60362382
v 1.67504453 -0.79028329 0.59477973
v 1.67492479 -0.79017639 0.59482115
v 1.67347015 -0.79110960 0.59466261
v 1.66550623 -0.79492588 0.59479351
v 1.67016158 -0.79282886 0.59468112
v 1.67016158 -0.79300967 0.59468112
v 1.66372341 -0.79263445 0.59996883
v 1.66372341 -0.79245320 0.59996883
v 1.66848943 -0.79149164 0.59838449
v 1.66372379 0.79227239 0.59996883
v 1.66843148 0.79104565 0.59834205
v 1.61087557 0.80587689 0.60389622
v 1.61087557 0.80623895 0.60389622
v 1.61089204 0.80651307 0.60386852
v 1.60959721 0.80659738 0.60384497
v 1.67396477 -0.79184012 0.59548714
v 1.64588204 0.80237762 0.59602306
v 1.64586698 0.80243423 0.59581148
v 1.63702525 0.80499818 0.59635902
v 1.66014321 0.79786395 0.59528571
v 1.65353565 0.80002486 0.59553181
v 1.65364683 0.79993896 0.59572807
v 1.62731437 0.80755523 0.59639999
v 1.61906083 0.80972782 0.59672632
v 1.63715902 0.80487034 0.59601846
v 1.63711204 0.80502492 0.59613781
v 1.66566706 -0.79588749 0.59508895
v 1.67011193 -0.79391825 0.59487463
v 1.67008716 -0.79402936 0.59495709
v 1.67321167 -0.79245473 0.59484144
v 1.67309870 -0.79260350 0.59491931
v 1.62731374 -0.80755529 0.59639999
v 1.63711128 -0.80502492 0.59613781
v 1.63715825 -0.80487034 0.59601846
v 1.66346556 -0.79418132 0.59963382
v 1.66816853 -0.79298867 0.59814624
v 1.66826720 -0.79274033 0.59822270
v 1.67194555 -0.79195953 0.59666734
v 1.62343025 -0.80285922 0.60328467
v 1.63449187 -0.80024505 0.60281506
v 1.64631246 -0.79695174 0.60210995
v 1.63452123 -0.80014178 0.60274084
v 1.67504567 0.79046455 0.59477966
v 1.61518258 0.81041525 0.59679959
v 1.61405305 0.81111111 0.59708258
v 1.63726994 0.80331556 0.59573553
v 1.63677659 0.80258830 0.59699456
v 1.67458985 0.79173155 0.59493641
v 1.67439902 0.79192392 0.59500330
v 1.67356307 0.79203918 0.59555626
v 1.67147275 0.79242065 0.59661195
v 1.63726918 -0.80331562 0.59573547
v 1.63724020 -0.80314738 0.59581014
v 1.64584451 -0.80070087 0.59549907
v 1.66060529 -0.79554840 0.59589126
v 1.66798153 0.79321447 0.59799639
v 1.66329541 0.79442704 0.59941031
v 1.65654706 0.79609753 0.60090893
v 1.61100258 -0.80747775 0.60368605
v 1.61094169 -0.80697368 0.60378606
v 1.60978446 -0.80824962 0.60353677
v 1.61105121 -0.80788277 0.60360582
v 1.61376585 -0.81105769 0.59700235
v 1.61319451 -0.81107811 0.59723326
v 1.61405228 -0.81111117 0.59708258
v 1.66329465 -0.79442704 0.59941025
v 1.66798076 -0.79321454 0.59799639
v 1.65639657 0.79635276 0.60064113
v 1.64626779 0.79928547 0.60147536
v 1.63449263 0.80060711 0.60281500
v 1.62338737 0.80314477 0.60336113
v 1.61424630 -0.80908385 0.59676410
v 1.60951807 0.80848168 0.60325927
v 1.61309265 0.80725392 0.60024352
v 1.61166276 0.80624948 0.60259896
v 1.61092216 0.80577362 0.60381925
v 1.61376661 0.81105769 0.59700235
v 1.61319514 0.81107811 0.59723326
v 1.66372341 -0.79227239 0.59996883
v 1.66848943 -0.79112900 0.59838449
v 1.66843071 -0.79104572 0.59834205
v 1.67234815 -0.79037449 0.59669951
v 1.67317337 -0.79041636 0.59568480
v 1.67340199 -0.79097289 0.59471010
v 1.66006918 0.79778111 0.59518985
v 1.66562162 0.79580101 0.59500183
v 1.65336972 -0.79841998 0.59524059
v 1.64583928 -0.80087696 0.59542810
v 1.62344889 -0.80401831 0.60325193
v 1.63457203 -0.80169701 0.60261134
v 1.64630365 -0.79845348 0.60198645
v 1.63453386 -0.80126366 0.60270861
v 1.62730544 0.80558975 0.59641665
v 1.61905100 0.80768409 0.59674342
v 1.66006854 -0.79778118 0.59518985
v 1.66562086 -0.79580095 0.59500183
v 1.66849019 0.79112951 0.59838449
v 1.66849019 0.79131032 0.59838449
v 1.66372379 0.79245313 0.59996883
v 1.61531010 0.80935624 0.59658897
v 1.61394034 0.80966017 0.59671808
v 1.61529338 0.80960675 0.59661667
v 1.62746244 0.80649839 0.59613826
v 1.61923430 0.80835646 0.59643509
v 1.61921770 0.80860486 0.59646228
v 1.67321243 0.79245473 0.59484151
v 1.66575016 -0.79580886 0.59524838
v 1.66027788 -0.79776752 0.59546174
v 1.60951730 -0.80848168 0.60325927
v 1.61393957 -0.80947885 0.59671808
v 1.61530933 -0.80917499 0.59658897
v 1.61530933 -0.80935573 0.59658897
v 1.61923341 -0.80835646 0.59643503
v 1.61923341 -0.80817514 0.59643503
v 1.62747725 -0.80607550 0.59611113
v 1.67458909 -0.79173162 0.59493635
v 1.67418637 -0.79161214 0.59544833
v 1.67439813 -0.79192392 0.59500323
v 1.65333308 0.79896694 0.59517421
v 1.64584056 0.80123902 0.59542804
v 1.65334648 0.79917653 0.59519815
v 1.65990962 0.79709049 0.59498204
v 1.62355969 0.80290639 0.60305606
v 1.65661956 -0.79582610 0.60103894
v 1.66355045 -0.79392042 0.59974443
v 1.67014920 0.79248402 0.59473224
v 1.66553725 0.79438147 0.59484840
v 1.67016222 0.79264747 0.59468106
v 1.67492556 0.79017632 0.59482115
v 1.67340250 0.79097283 0.59471010
v 1.67347091 0.79110967 0.59466261
v 1.67347015 -0.79129099 0.59466261
v 1.67347015 -0.79147173 0.59466261
v 1.67504453 -0.79064593 0.59477973
v 1.63724084 0.80314745 0.59581014
v 1.62747802 0.80589469 0.59611113
v 1.61100335 0.80747769 0.60368605
v 1.61501192 0.80651250 0.60353536
v 1.67472541 0.79043315 0.59535164
v 1.62381472 0.80534863 0.60260349
v 1.61534124 0.80742739 0.60298189
v 1.61133905 0.80841039 0.60313303
v 1.63722692 -0.80424156 0.59584288
v 1.62711754 0.80771402 0.59674929
v 1.61905011 -0.80768364 0.59674342
v 1.62730467 -0.80558981 0.59641665
v 1.61512272 -0.80868132 0.59689730
v 1.61512348 0.80868132 0.59689730
v 1.65676151 -0.79449622 0.60128868
v 1.65674912 0.79474086 0.60126519
v 1.66372379 0.79263439 0.59996883
v 1.67011014 0.79235516 0.59488567
v 1.66562813 0.79419543 0.59501376
v 1.65989226 -0.79688728 0.59496041
v 1.66551682 -0.79512762 0.59481285
v 1.65989226 -0.79670640 0.59496041
v 1.66550623 -0.79474513 0.59479351
v 1.67456381 0.79021723 0.59494509
v 1.67319775 0.79092464 0.59485159
v 1.61133829 -0.80841045 0.60313303
v 1.62381396 -0.80534869 0.60260355
v 1.61534048 -0.80742746 0.60298189
v 1.61136969 0.80941809 0.60022501
v 1.61268431 0.81034664 0.59807112
v 1.60929545 0.80662355 0.60362376
v 1.61905994 -0.80972782 0.59672638
v 1.61513267 -0.81075166 0.59688026
v 1.67104974 -0.79273823 0.59641844
v 1.65348345 0.79822761 0.59544016
v 1.64584541 0.80070081 0.59549907
v 1.64593846 0.80192544 0.59682033
v 1.61885072 -0.80989963 0.59707836
v 1.61513344 0.81075160 0.59688026
v 1.61335827 -0.80967382 0.59696501
v 1.61393957 -0.80966017 0.59671808
v 1.61493201 -0.80482790 0.60366894
v 1.67319711 -0.79092464 0.59485159
v 1.67456330 -0.79021730 0.59494509
v 1.60929469 -0.80680442 0.60362382
v 1.60929469 -0.80662361 0.60362382
v 1.60989615 -0.80704810 0.60263897
v 1.61132642 -0.80823909 0.60029515
v 1.60989615 -0.80722884 0.60263897
v 1.61394034 0.80947891 0.59671808
v 1.61531010 0.80917492 0.59658897
v 1.64585907 0.80230895 0.59569775
v 1.65347553 0.79992747 0.59542580
v 1.64585804 -0.80230901 0.59569769
v 1.65347477 -0.79992747 0.59542574
v 1.67472426 -0.79007108 0.59535158
v 1.67224169 -0.79029376 0.59669083
v 1.60973251 -0.80784192 0.60362204
v 1.65348268 -0.79822761 0.59544010
v 1.67288579 -0.79266113 0.59506540
v 1.67003623 -0.79400836 0.59511103
v 1.67010938 -0.79235516 0.59488567
v 1.64629829 0.79702711 0.60189704
v 1.63460943 0.80019361 0.60251778
v 1.65661203 -0.79414775 0.60102509
v 1.64629753 -0.79702711 0.60189704
v 1.60959721 0.80641606 0.60384497
v 1.64584234 0.80145908 0.59545337
v 1.63726994 0.80367769 0.59573553
v 1.63725935 0.80390930 0.59576228
v 1.63460918 -0.80019367 0.60251778
v 1.66355121 0.79392035 0.59974436
v 1.65661280 0.79414775 0.60102516
v 1.66848943 -0.79131032 0.59838449
v 1.63715251 -0.80300487 0.59603461
v 1.63478226 -0.80251969 0.60207536
v 1.63478303 0.80251962 0.60207536
v 1.67219676 0.79131186 0.59668713
v 1.61106232 0.80582711 0.60358885
v 1.60973698 0.80619817 0.60361508
v 1.65333232 -0.79860493 0.59517421
v 1.64583928 -0.80105821 0.59542810
v 1.65333232 -0.79878619 0.59517421
v 1.61106117 -0.80582711 0.60358878
v 1.62355905 -0.80290645 0.60305612
v 1.61506910 -0.80487979 0.60343855
v 1.66007888 0.79613372 0.59520274
v 1.61506987 0.80487972 0.60343855
v 1.66280538 0.79496985 0.59876928
v 1.67404825 0.79206171 0.59512724
v 1.64626702 -0.79928554 0.60147542
v 1.65639593 -0.79635276 0.60064120
v 1.61452138 -0.80825849 0.59788814
v 1.66825533 0.79115575 0.59821390
v 1.66354190 0.79229536 0.59973192
v 1.67011231 0.79391831 0.59487457
v 1.66354113 -0.79229543 0.59973192
v 1.61846204 0.80726911 0.59773465
v 1.61114542 0.80819295 0.60345239
v 1.67404698 -0.79206177 0.59512724
v 1.64585945 -0.80053423 0.59571288
v 1.67192385 0.79041425 0.59666549
v 1.63715327 0.80300480 0.59603461
v 1.64586021 0.80053423 0.59571288
v 1.66007824 -0.79613378 0.59520281
v 1.63726918 -0.80349643 0.59573547
v 1.67242741 0.79114317 0.59507420
v 1.66562737 -0.79419549 0.59501376
v 1.67418713 0.79161208 0.59544840
v 1.65334572 -0.79917653 0.59519821
v 1.65990860 -0.79709049 0.59498198
v 1.66825456 -0.79115581 0.59821396
v 1.65614638 -0.79475451 0.60019559
v 1.66606442 0.79541055 0.59569079
v 1.61439590 0.81055879 0.59809550
v 1.61833848 0.80953807 0.59794201
v 1.67337607 -0.79058038 0.59525712
v 1.67242703 -0.79114317 0.59507420
v 1.67025030 -0.79207013 0.59523185
v 1.61439514 -0.81055885 0.59809550
v 1.61307784 -0.81081670 0.59813195
v 1.61833772 -0.80953807 0.59794201
v 1.65989277 0.79670640 0.59496041
v 1.62411392 0.80330349 0.60207402
v 1.65405134 -0.79941031 0.59645073
v 1.64593770 -0.80192550 0.59682026
v 1.61529261 -0.80960675 0.59661667
v 1.61918758 -0.80782622 0.59651206
v 1.61271877 -0.80990958 0.59801388
v 1.61335827 -0.80949250 0.59696501
v 1.62663377 -0.80736823 0.59760567
v 1.62663453 0.80736817 0.59760567
v 1.61275745 0.80906802 0.59795127
v 1.61335942 0.80949250 0.59696501
v 1.63726994 0.80349637 0.59573553
v 1.61490253 -0.80556518 0.60371828
v 1.61087494 -0.80623902 0.60389622
v 1.67472541 0.79025234 0.59535164
v 1.67234866 0.79055524 0.59669951
v 1.65676240 0.79431541 0.60128868
v 1.67234815 -0.79073656 0.59669951
v 1.61526351 0.80882492 0.59666639
v 1.62338673 -0.80314477 0.60336113
v 1.60929545 0.80680442 0.60362376
v 1.60989679 0.80722878 0.60263891
v 1.60989679 0.80704803 0.60263891
v 1.61488696 0.80511293 0.60374547
v 1.61087557 0.80605770 0.60389622
v 1.63669656 -0.80463560 0.59719548
v 1.61335942 0.80967376 0.59696501
v 1.63669745 0.80463560 0.59719548
v 1.67213957 -0.79290066 0.59526178
v 1.63498598 0.80060967 0.60155871
v 1.67295433 0.79242065 0.59540506
v 1.62340281 0.80358961 0.60333349
v 1.64631540 -0.79765800 0.60215558
v 1.64631642 0.79765800 0.60215558
v 1.66551759 0.79512756 0.59481285
v 1.67015737 0.79321447 0.59469905
v 1.63450323 0.80086228 0.60278826
v 1.63449187 -0.80042630 0.60281506
v 1.60991517 -0.80750494 0.60260713
v 1.61134863 -0.80894229 0.60025826
v 1.60997338 -0.80797129 0.60251178
v 1.67015660 -0.79321454 0.59469905
v 1.65674810 -0.79474092 0.60126519
v 1.67317414 0.79041687 0.59568486
v 1.67344590 -0.79168337 0.59467965
v 1.67344641 0.79168330 0.59467972
v 1.67268972 -0.79233685 0.59576087
v 1.67205724 -0.79167137 0.59667609
v 1.61452240 0.80825843 0.59788808
v 1.67012980 0.79378147 0.59541112
v 1.61265623 0.81069716 0.59811714
v 1.61136918 -0.80941809 0.60022507
v 1.61268341 -0.81034607 0.59807112
v 1.61265533 -0.81069716 0.59811708
v 1.61274724 -0.80950508 0.59796697
v 1.61275745 0.80924934 0.59795127
v 1.61033755 -0.80662202 0.60262883
v 1.61319872 0.80863888 0.59793512
v 1.67214047 0.79290059 0.59526178
v 1.61058033 0.80905494 0.60223115
v 1.60989679 0.80686671 0.60263891
v 1.61275707 -0.80888625 0.59795127
v 1.61275707 -0.80906751 0.59795127
v 1.61132693 0.80823903 0.60029515
v 1.61132693 0.80805777 0.60029515
v 1.61132642 -0.80805783 0.60029515
v 1.60991606 0.80750494 0.60260719
v 1.60997414 0.80797129 0.60251178
v 1.61134939 0.80894280 0.60025826
v 1.61133191 -0.80850529 0.60028583
v 1.61133267 0.80850523 0.60028583
v 1.61274788 0.80950508 0.59796697
v 1.61275707 -0.80924883 0.59795127
vt 0.73700434 -0.47660112
vt 0.80744845 -0.42771959
vt 0.86304450 -1.10052228
vt 0.81803071 -0.99361038
vt 0.81247121 -0.61662519
vt 0.85878915 -0.77012181
vt 0.77169454 -0.70746827
vt 0.77662015 -0.71055520
vt 0.83240110 -0.86638618
vt 0.33036652 0.64237195
vt 0.74065983 -0.42976463
vt 0.74683404 -0.45395648
vt 0.65744752 -0.46704769
vt 0.69164944 -0.56024349
vt 0.65202391 -0.46346879
vt 0.78932768 -0.91611266
vt 0.78043473 -0.90588892
vt 0.81165385 -0.37005675
vt 0.90860480 -0.63697231
vt 0.92348713 -0.63388264
vt -0.18539827 2.57183647
vt -0.68150359 3.78395700
vt 1.22916269 -1.52312064
vt 1.22229850 -1.51353049
vt -1.31094420 4.25586987
vt 0.70829356 -0.62366974
vt -1.72820544 6.50281811
vt -1.71683204 6.47539330
vt -0.65461254 2.53210783
vt -0.48531666 2.08724952
vt 1.19324875 -1.35550284
vt 0.06837658 0.68310940
vt -0.34615734 1.76443267
vt -0.40829131 1.92767274
vt 0.14741471 1.63879192
vt 0.90967423 -0.75509238
vt 0.96892291 -0.87758863
vt 0.95674968 -1.27168965
vt -0.56277966 2.29742193
vt -0.18412803 1.27754545
vt 0.12831624 1.64667344
vt 1.02152526 -1.40893602
vt -0.34240168 2.86945724
vt -1.62850964 6.24089861
vt -1.73736620 6.52791119
vt -1.20626748 3.97508693
vt -1.20633912 3.97476315
vt 0.49870944 0.25011176
vt 0.49651673 0.22600710
vt 0.65595078 -0.47694063
vt -0.20512210 2.41577101
vt -1.31416583 5.42111635
vt -1.31422353 5.42085552
vt 0.90100473 -0.72092533
vt 0.92037755 -0.77208984
vt 1.04649913 -1.57878613
vt 1.04673159 -1.56743622
vt 0.12825856 1.64641237
vt -0.20392376 2.50678062
vt -0.21127351 2.52484369
vt 0.79102820 -0.37722337
vt 0.77176797 -0.31682730
vt 0.26571867 0.99642330
vt 1.25837636 -1.90031385
vt 0.24701300 0.27680540
vt 0.76965731 -0.42448199
vt 0.71088845 -0.26694548
vt -0.46367264 2.05050039
vt -1.40031362 4.50882339
vt -1.72235715 6.49046135
vt -1.88295329 5.76927996
vt -0.16051407 1.44093096
vt -0.37494919 1.95929623
vt -0.51864266 2.20738602
vt -0.19376710 2.48826551
vt 0.83969295 -1.11727333
vt 0.62362731 0.34355581
vt 0.03368044 0.75857002
vt 0.00155784 0.84030730
vt -0.68581593 3.79349899
vt -0.97208428 4.54011297
vt -1.44750690 5.78235435
vt 0.33464876 0.31504649
vt -0.34613824 1.72359705
vt -0.12205201 1.13601995
vt -1.14770710 4.99943066
vt -1.93070114 6.35196972
vt 0.92925346 -0.60570407
vt 1.18210566 -1.48590517
vt 0.90661359 -0.63952255
vt 0.94033158 -0.72256804
vt -0.22990729 2.68230414
vt -0.22149207 2.66122580
vt -1.71530461 5.31620979
vt -2.03866577 6.98889303
vt 0.22611278 1.41661954
vt -0.01718649 2.06575990
vt 0.77304465 -0.53201354
vt 0.76306933 -0.51657271
vt 0.75006473 -0.39553821
vt 0.74049312 -0.34950590
vt 0.22022365 0.27670300
vt 0.22912197 0.25382704
vt 0.22910680 0.25445431
vt 0.69914055 -0.53419638
vt 0.76986164 -0.50294209
vt -1.49976206 4.76830482
vt -1.40021265 4.50917006
vt 0.60033411 0.41878581
vt 0.56433642 0.50196755
vt 0.59550744 0.41805428
vt 0.38678890 0.99610960
vt -1.55376899 4.89414406
vt -0.22898009 1.32170427
vt 0.40090132 -0.23171401
vt 0.21698301 0.27413708
vt -1.43837214 4.67168236
vt 0.81715643 -0.91003132
vt 0.99357671 -1.35736418
vt 0.35389459 0.29737961
vt 0.67788357 0.19618666
vt -1.09433007 4.93141270
vt -0.07699554 1.01111042
vt -0.69862407 3.81621742
vt 0.96381056 -0.78628111
vt 0.87337482 -0.79267061
vt -1.21792173 4.01112080
vt -1.21783578 4.01150990
vt -0.32771659 1.58092690
vt -0.71617365 2.69393206
vt 0.84183955 -0.61520326
vt 0.88277620 -0.73121881
vt 0.72473210 -0.56172657
vt 0.78653198 -0.72647107
vt 0.78271002 -0.72921097
vt -1.99976373 6.57108974
vt -1.09148669 4.85728550
vt 0.71821922 -0.64595330
vt 0.75543392 -0.74309969
vt 0.47534227 0.18835580
vt 1.03498340 -1.43886042
vt 0.48593053 0.69883561
vt 0.93197089 -1.01488924
vt -0.49475271 3.28185153
vt -0.49741632 3.27819657
vt -1.63706481 6.27355528
vt 0.76028419 -0.25218809
vt -0.29996577 2.88771915
vt 0.79552805 -0.33170927
vt 0.25820687 0.89879942
vt 0.71696168 -0.30949605
vt -1.47277796 4.69494057
vt -1.48806882 4.72433376
vt -1.08764493 4.82468271
vt 0.68571073 -0.70053446
vt 0.67558903 -0.66918981
vt -0.48091084 3.27046013
vt -0.00792352 2.08456516
vt -0.48113129 2.06973553
vt 1.07015789 -1.30206800
vt -0.92954266 3.27813339
vt -0.34953889 1.76505542
vt -0.41221258 1.92856455
vt 0.78374302 -0.08067918
vt 0.62342095 0.33980459
vt 0.05417986 1.63847160
vt 0.75059372 -0.88457382
vt 0.81184793 -1.04040599
vt -0.22662340 2.67363453
vt 0.93337882 -0.79734504
vt 0.93414491 -0.79769003
vt 0.82973021 -0.82160664
vt 0.84582698 -0.87154889
vt 0.78469014 -0.88456953
vt 0.75838780 -0.64429748
vt 0.80309850 -0.75139570
vt 0.76574314 -0.27920473
vt 0.76040351 -0.27509916
vt 0.80192596 -0.38464534
vt -1.80706668 5.58271265
vt -0.49845669 2.32888889
vt -0.98781443 4.58031845
vt 1.00766063 -1.37334919
vt 0.77176470 -0.97787738
vt 0.93578672 -0.71139348
vt 0.93663311 -0.70368147
vt 0.93482018 -0.70870852
vt -1.54277110 4.85194492
vt 0.29015562 0.08474475
vt -0.24896407 1.50466800
vt 0.82198811 -0.40656686
vt 0.67565870 0.19640571
vt -0.20262128 2.50089264
vt -0.24383727 2.64291954
vt -0.23271003 2.62522268
vt 0.31288281 1.11465847
vt 0.22188073 1.42753243
vt 0.40410918 -0.24271977
vt 0.40410918 -0.24271977
vt 0.77144313 -0.78222859
vt 0.77036679 -0.82741046
vt 0.65852416 0.17328823
vt 0.82878274 -0.88077557
vt 0.78940582 -0.99804676
vt 0.72527939 -0.65958095
vt 0.82495964 -0.92560720
vt 0.79323483 -0.85606897
vt -1.80021751 5.55586863
vt 0.21507116 1.13843715
vt 1.06996036 -1.06204844
vt 0.75482678 -0.24450409
vt 0.81965536 -0.48265135
vt 0.86999917 -0.63219249
vt -1.63463557 5.09842587
vt -2.03932452 6.96511984
vt -0.39273074 3.02858567
vt -0.68581593 3.79349899
vt -0.68590117 3.79311299
vt -0.33653232 2.88111162
vt -0.07699554 1.01111042
vt -1.15371799 3.84755111
vt 1.05149782 -1.38341188
vt 0.84638947 -1.13146091
vt 0.81368327 -1.02245784
vt 0.81946057 -1.07307625
vt -1.25179815 5.25321531
vt -0.26870584 2.54350352
vt 0.64494014 -0.45062852
vt 0.64581317 -0.45461142
vt -0.15807611 1.20650673
vt -0.13972238 1.15755200
vt 0.70525730 -0.76486421
vt 0.70439345 -0.75758696
vt 0.79545045 -0.99842286
vt 0.68365389 -0.70500219
vt 0.65776372 -0.63778627
vt 0.93249089 -0.79787087
vt 0.93712330 -0.80039406
vt 0.86149442 -0.61963904
vt 0.92831206 -0.67995501
vt 0.53830194 -0.55611384
vt 0.54169333 -0.56555128
vt -0.80358815 4.08729744
vt -0.26441669 2.54193354
vt 0.66329539 -0.49565482
vt 0.69838589 -0.58801186
vt 0.84096336 -0.57339489
vt 0.87713277 -0.66889274
vt 0.83663309 -0.55380893
vt 0.77554870 -0.08895588
vt 0.75201607 -0.22868001
vt 0.54189223 -0.56561232
vt 0.48942181 0.68984914
vt 0.48947948 0.69011021
vt 0.98468608 -1.34651637
vt 0.79740310 -0.85898948
vt 0.79671413 -0.86267090
vt 0.20692328 0.55526286
vt 0.22073928 0.51660359
vt 0.81815153 -0.53420961
vt 0.85476077 -0.63771749
vt 0.80356073 -0.44282794
vt 0.79594153 -0.41295028
vt 1.21078467 -1.49670458
vt -1.52279675 5.98425436
vt -1.55118549 6.05684137
vt 0.88245851 -0.67728817
vt -0.11332346 2.31427693
vt -0.50549221 2.14559650
vt -0.49750149 2.12233543
vt -0.68590117 3.79311299
vt 0.86891240 -1.21264672
vt -0.32116666 1.57951069
vt -0.33509707 1.61763358
vt 0.80818379 -0.61452377
vt 0.75085068 -0.36752701
vt 0.80795538 -0.53626704
vt -1.87540627 6.44475269
vt 0.84783417 -0.88104999
vt 1.09721375 -1.20822954
vt -1.37587452 5.60471678
vt 0.93055886 -0.79862487
vt 0.46360609 0.42868626
vt 0.74579501 -0.59353769
vt 0.74627084 -0.59851694
vt -0.23145081 1.42145658
vt -0.04632393 0.91413134
vt 0.25872639 0.90369439
vt 0.25820687 0.89879942
vt -1.49984801 4.76791573
vt 0.81893104 -0.50958192
vt -1.96229839 6.77219772
vt 0.32242125 0.78906560
vt 0.66270959 -0.49350107
vt 0.78902668 -0.98118973
vt 0.64409131 -0.45491493
vt 0.79014117 -0.83970714
vt 0.78540200 -0.82721484
vt 0.75256592 -0.74042690
vt -0.27786326 1.46586132
vt 0.82272238 -1.10286903
vt 0.81204087 -1.08312678
vt 0.81270975 -1.08519554
vt -0.69644696 3.81999922
vt 0.86725378 -0.78812981
vt 0.86695313 -0.78267109
vt 0.86846781 -0.78614533
vt 0.74844885 -0.21974015
vt 0.75336808 -0.22910118
vt 0.77380610 -0.28423119
vt 0.80184752 -0.35804474
vt 0.56607288 0.02638185
vt -0.33480239 2.87902975
vt 0.09302028 1.47674310
vt 0.76723552 -0.29253495
vt -1.63255358 5.09812689
vt 0.79974991 -0.44360483
vt 0.16811632 1.21068668
vt 0.72720236 -0.36326897
vt 0.70738900 -0.29931760
vt -0.71252406 2.69355869
vt 0.61745310 -0.16079414
vt -1.22669244 4.04149818
vt 0.22628279 1.41739762
vt -0.01445852 2.04703093
vt 0.69734371 -0.54156649
vt 0.67705631 -0.49873519
vt -1.31983364 5.42348528
vt 0.77495968 -0.05728245
vt 0.82001805 -1.07357454
vt 1.01414013 -1.57637572
vt 0.70396382 -0.57152355
vt 0.77689266 -0.77133751
vt 0.57069224 -0.05068219
vt 0.76243216 -0.40248597
vt 0.90204871 -0.89904213
vt 1.01629615 -1.09551549
vt -1.28324652 4.18279552
vt 1.08038378 -1.51294017
vt 0.80839509 -0.49200344
vt 0.48827976 0.72963923
vt 0.76515698 -0.80016065
vt -0.33524841 1.60593987
vt 0.64199388 -0.66183388
vt 0.39984736 -0.23260319
vt 0.84614486 -0.87079024
vt 0.84075099 -0.85821497
vt 1.01795459 -1.34710097
vt -0.86518323 3.09101057
vt 0.20686236 0.57592559
vt 1.10055399 -1.35059381
vt 0.24478316 0.19081950
vt 0.94617581 -0.77926111
vt 0.94924146 -0.76783693
vt 0.94662738 -0.77370167
vt -0.40466815 1.90600014
vt 0.73072970 -0.34592962
vt 0.71622825 -0.29086268
vt 0.85017318 -1.09097862
vt 0.87286669 -1.16357279
vt 0.74441177 -0.20432401
vt -1.29315758 4.22383261
vt 1.14167643 -1.79528332
vt 0.46363616 0.77352941
vt 0.43601844 0.84887803
vt 0.69130170 -0.65789223
vt -0.07340317 0.98206306
vt 0.43584710 0.84810340
vt -1.97479749 6.86370897
vt 0.47724751 0.42009485
vt 0.94583035 -0.82051516
vt 0.94681340 -0.82316136
vt 1.21096969 -1.49564242
vt 1.20974362 -1.50419188
vt 0.92764241 -0.78755856
vt 1.02659750 -0.93561900
vt -0.03617967 2.17748499
vt 0.66796362 -0.51180422
vt -1.34095871 5.48763704
vt 0.66797632 -0.51201236
vt 0.22323351 0.77655971
vt 1.04481053 -0.95357513
vt 0.71176708 -0.77903211
vt -0.42454472 3.07582355
vt 0.76282477 -0.79526031
vt 0.34224081 0.30514461
vt 0.76544297 -0.80349994
vt 0.76282477 -0.79526031
vt -0.11994787 1.12920845
vt 0.78603309 -0.92069316
vt -0.15475468 1.19616210
vt -0.13796680 1.15792739
vt -0.28901178 2.76281214
vt 0.70888889 -0.72172892
vt 0.69297963 -0.69278157
vt 0.27722430 0.41879869
vt -1.97888541 6.33554840
vt 0.48008719 0.19376773
vt 0.61527926 -0.15060627
vt 0.79672617 -0.86247742
vt 0.27233991 1.25785911
vt 0.36312288 1.01987231
vt 1.14038479 -1.44166970
vt 0.00155179 0.83861905
vt -0.16014250 1.25005233
vt -0.15874004 1.24699581
vt 1.05851603 -1.42507386
vt 1.02807307 -1.36520815
vt 1.00982821 -1.35552359
vt 0.85346234 -0.94806576
vt 0.85883981 -1.07547092
vt 1.04565430 -1.57833552
vt 0.86981553 -1.08996844
vt 0.94533348 -1.36786032
vt 0.56292194 0.04603583
vt -0.13315107 1.18231857
vt 0.84726191 -0.94561696
vt 0.39289790 0.22627789
vt 0.92366678 -0.50998616
vt 0.91516465 -0.66999459
vt 0.89690471 -0.69368827
vt 0.53835964 -0.55585289
vt 0.59962255 -0.71649194
vt 1.16714156 -1.34307432
vt 0.91728181 -0.64956069
vt 0.22422890 1.41702199
vt 0.72854543 -0.57106400
vt 0.72028100 -0.55817699
vt 0.80596304 -0.79176843
vt 0.87820756 -1.12920141
vt 0.35336378 0.66141152
vt 0.21198381 1.47669029
vt 0.76439565 -0.53099382
vt 0.95988613 -0.82130527
vt 1.12709272 -1.27291918
vt 0.30176198 0.04641098
vt 0.74844521 -0.22638249
vt 0.74909866 -0.22410667
vt 0.66957378 -0.65974844
vt 0.68446773 -0.70526230
vt 0.80998188 -0.49335515
vt 0.82085651 -0.52082002
vt -0.39522392 3.04168224
vt 0.76412380 -0.12991893
vt 0.82402837 -0.61130595
vt 0.74956644 -0.42551565
vt 0.94783109 -0.70471203
vt 0.82369459 -0.62021625
vt 0.21400580 1.18188667
vt 0.81400019 -0.50702333
vt 0.83984256 -0.56958163
vt 0.81503254 -0.50992239
vt -0.26268530 2.78066206
vt -0.42010123 3.07932091
vt -0.42979443 3.09760737
vt 0.30976769 0.73919129
vt 0.71813899 -0.34235442
vt 0.25803339 0.89883363
vt 0.27400088 0.85537410
vt -0.29943198 1.55284619
vt 1.02443802 -1.40444088
vt 0.81195360 -0.89988971
vt 1.01014245 -1.41670918
vt -1.96212268 6.77217197
vt -1.68736982 5.24115705
vt 0.21852465 0.86288244
vt 0.74369961 -0.85026038
vt 0.78990060 -0.98874211
vt -0.34373826 2.86732864
vt 0.96941805 -1.31683707
vt 0.95165384 -0.76213467
vt 0.84642905 -0.57907903
vt 0.31107137 1.12628233
vt 0.35525370 0.65769780
vt 0.76729554 -0.53906238
vt 0.38273564 0.48659885
vt 0.75000608 -0.21915126
vt -0.44741178 2.15327787
vt -0.64962608 2.54076838
vt 0.59968019 -0.71623099
vt 1.03227913 -1.11433816
vt 0.91958940 -0.65329480
vt 0.91945338 -0.65317011
vt -0.22348446 1.40857720
vt -1.93365657 6.29930687
vt -1.04010344 4.72607040
vt -1.06501460 4.78971338
vt -1.06526637 4.78993034
vt -1.45827711 4.64512825
vt 0.94845313 -1.23660851
vt 0.65264851 -0.46005177
vt 0.64621073 -0.44764781
vt 0.51598424 0.08137769
vt 0.69769192 -0.23917961
vt 0.25964746 0.90130717
vt -0.19581954 2.48533058
vt 0.87778419 -0.55165970
vt 0.91158110 -0.63792241
vt 1.14412570 -1.66998625
vt -0.18293412 1.71686423
vt -0.18345715 1.71911502
vt 0.74328297 -0.59485829
vt 0.73490965 -0.58981526
vt 0.72270632 -0.56634378
vt -0.19283561 1.30056548
vt 0.95674968 -1.27168965
vt 1.01152718 -1.32332373
vt 0.85423762 -0.90445125
vt 0.85222340 -0.90950191
vt -0.60526156 3.59084344
vt 0.91964233 -0.58605456
vt 0.89684141 -0.52405560
vt -0.26322827 2.76974654
vt 1.01022077 -1.41266322
vt 1.03321600 -1.43838429
vt 0.54413188 -0.56545448
vt 1.07019353 -1.26736236
vt 0.82662034 -0.42745018
vt -0.23778175 1.60074687
vt -0.23609161 1.60073066
vt 0.75360143 -0.79179180
vt 0.76930392 -1.05449152
vt 0.80212981 -0.92027247
vt 0.87128025 -1.10711169
vt 0.91575712 -0.65122557
vt -1.94136333 6.85731125
vt 0.92182994 -0.67402780
vt -0.23886213 1.48571885
vt -0.22210439 1.35785389
vt -0.24891181 1.42868996
vt 0.78070062 -0.71920311
vt 0.75620079 -0.72490537
vt 0.87416637 -0.80048561
vt 0.84303695 -0.36537492
vt -0.22322924 2.66071320
vt 0.85265559 -0.64128709
vt 0.85828936 -0.65858698
vt 0.81525081 -0.54194605
vt 0.75930858 -0.40181434
vt -0.37815833 1.98402309
vt -0.41248137 1.92757142
vt -0.46367061 2.06906796
vt -1.04417479 3.77429605
vt 1.07105780 -1.30854392
vt 0.81881762 -0.52037692
vt 1.07176900 -1.31064343
vt 1.19931793 -1.51770353
vt -0.38786250 2.79320955
vt 0.53529841 -0.15545905
vt 0.52850628 -0.13952827
vt 0.74365747 -0.70005035
vt 0.71114141 -0.61351788
vt 0.73886573 -0.68933094
vt 0.69711256 -0.59073555
vt 0.05972876 1.12129319
vt 0.65030026 -0.46561229
vt -2.01755309 6.53614378
vt 0.65096319 -0.46116400
vt 0.80744845 -0.42771959
vt 0.78653884 -0.38858438
vt 0.94544888 -0.73778224
vt 0.90961856 -0.65428758
vt 0.83453810 -0.47272873
vt 0.75405449 -0.24445939
vt 0.74983132 -0.23241866
vt 0.75928164 -0.26151860
vt 0.66905910 -0.65923536
vt 0.66221118 -0.64579153
vt -1.71984029 6.47427416
vt 0.43608764 -0.30435121
vt -1.72251403 6.48975182
vt -1.69455695 6.43132925
vt 1.01920283 -1.16055894
vt 0.98866206 -0.93194604
vt 1.08726418 -1.36643243
vt 1.09028351 -1.36253500
vt 0.91071165 -0.75153136
vt -0.29082891 2.76456618
vt 0.84654009 -1.03307700
vt -0.40387228 1.87429118
vt 0.79189861 -0.73099780
vt 1.04297566 -1.54164267
vt 0.87016433 -1.08837914
vt 0.94065219 -0.74519014
vt 1.14874637 -1.29386234
vt 1.20291507 -1.47605729
vt 0.94241935 -0.76221931
vt -2.10035253 7.17675352
vt -1.89741325 5.80890417
vt 0.75171280 -0.23418438
vt -0.62463182 2.58372784
vt -0.60818446 3.59103632
vt -0.14988630 2.47930813
vt 0.74094802 -0.58900905
vt -0.23276532 2.62470055
vt 0.40403014 -0.23201287
vt -0.32771659 1.58092690
vt 0.65778720 -0.46697140
vt 0.65047950 -0.45500422
vt -0.49745160 2.12261677
vt -0.40858370 1.89484191
vt 0.78077447 -0.47745299
vt 0.70410401 -0.51508307
vt 0.72185528 -0.34834516
vt -1.15116405 3.84702730
vt 1.01557386 -1.34642100
vt 1.20625269 -1.39555311
vt 1.20874679 -1.50149155
vt -1.96838498 6.44963837
vt 0.40889451 0.24704725
vt -1.88073206 6.45193148
vt 0.40765578 0.29315293
vt 0.99611115 -1.10844779
vt 0.74691612 -0.59774530
vt 0.74369919 -0.84170866
vt 0.70977283 -0.74134851
vt 0.80030197 -0.79202342
vt -1.92563212 6.36741734
vt 0.25429764 0.66143036
vt -1.92690241 6.36160135
vt -0.34240168 2.86945724
vt -1.43771613 4.67013550
vt -1.96529639 6.36448669
vt -1.96457672 6.35051966
vt -1.98118043 6.88867283
vt -1.86315048 5.71577692
vt 0.23297289 1.11095953
vt 0.27699926 0.95538867
vt -0.43680286 3.05194378
vt -0.28228259 2.74240971
vt 0.63861561 -0.20659721
vt -0.78436375 2.87504435
vt 0.48751381 0.17598701
vt -0.21340713 2.43167257
vt -1.01441574 4.46371078
vt 0.42918757 0.32467204
vt 0.42377037 0.33732098
vt 0.94649118 -0.74908531
vt 0.94070506 -0.79637873
vt 0.27554071 0.11912006
vt 1.13876867 -1.32902837
vt 1.11268198 -1.24551749
vt -0.21074489 2.64206553
vt 0.21596652 1.46664262
vt -0.41122887 3.09206128
vt -0.41513941 3.10177207
vt 0.76820368 -0.26558900
vt 0.80760229 -0.35743356
vt -0.49845669 2.32888889
vt 0.03933389 1.15251803
vt 0.65693182 -0.47462666
vt 0.07431323 1.08938086
vt 0.06061620 1.11354709
vt -0.24311508 2.61088133
vt 1.01914704 -1.28217220
vt 1.08425176 -1.48192573
vt -0.12216742 1.13549781
vt 0.64692026 0.28121352
vt 1.01805639 -1.57490730
vt 0.62370080 0.34388816
vt 1.12906134 -1.79585600
vt 0.42905000 0.85676390
vt -1.91012013 6.75104237
vt 0.07691151 1.43456364
vt -0.37080520 3.05824018
vt 0.76248538 -0.13122475
vt 0.76001400 -0.12460923
vt 0.00321217 1.98298323
vt 1.05239213 -1.43037939
vt -0.24920879 1.50356090
vt -0.34615734 1.76443267
vt -1.69659865 6.10438585
vt 0.40024191 0.52559638
vt -1.85079134 6.33798552
vt 0.93673384 -0.64140391
vt -0.71928239 2.69540262
vt 0.59321022 -0.10771406
vt -0.63202780 2.60506272
vt -1.96694839 6.38406420
vt 1.16341293 -1.56871271
vt 1.16667342 -1.57984328
vt 0.84960431 -1.14472222
vt 1.04133105 -1.60489941
vt 0.48938683 0.39918953
vt -1.98721206 6.89539337
vt -1.99051237 6.89153051
vt 0.95155138 -0.82436311
vt 0.14017627 1.30178177
vt 0.77948433 -0.35913205
vt -2.03774691 6.99830818
vt 0.78928947 -0.83863306
vt 0.65148818 -0.67900312
vt -0.12792921 2.31116676
vt 0.64991105 -0.67806435
vt 0.82870054 -0.99560261
vt 0.87528288 -1.11209083
vt 0.87348223 -1.10903692
vt 0.88112050 -1.03783870
vt 0.87413144 -1.10158610
vt -0.51537770 3.25025058
vt -0.43757099 3.05063248
vt -0.39276326 3.02807498
vt 0.85050356 -0.89460063
vt 1.02882814 -1.36861968
vt 0.81662899 -0.78507102
vt 0.85000676 -0.90591943
vt 0.32457656 0.35877359
vt -2.05928326 6.75828409
vt 0.99989599 -1.26666975
vt 0.27976400 0.61610663
vt -1.97276843 6.34925413
vt 0.31549567 0.34760875
vt 0.29071918 0.39446795
vt 0.67772669 0.19547683
vt 0.47487220 0.54945028
vt -0.20691127 2.62797189
vt 0.78706497 -0.08025432
vt 0.69321793 -0.58222473
vt 0.66575313 -0.50582850
vt -0.24548681 1.48768926
vt -0.24892423 1.42837811
vt 0.57728177 -0.08738518
vt 0.81729978 -0.51626873
vt 0.46508747 0.43325680
vt -1.97292721 6.84256268
vt -2.08334351 6.88178062
vt 0.55971932 0.06192833
vt 0.56276840 -0.41931665
vt 0.37628713 0.20181191
vt 0.21549572 1.17877340
vt 0.25280863 0.97400445
vt 0.34470999 1.10453773
vt -0.20685495 2.62750721
vt -0.34272984 2.86809587
vt -1.89739740 6.35694790
vt 0.25905466 0.44259429
vt -1.99242842 6.32392836
vt 0.28887978 0.09628206
vt 0.80153459 -0.35577250
vt 0.82150614 -0.40900671
vt 1.09628654 -1.20583296
vt 1.02322435 -0.94425094
vt 1.12401867 -1.27742600
vt 1.12492728 -1.27989864
vt 1.08773148 -1.19735360
vt -1.49231899 5.91668463
vt 0.82024592 -0.52033675
vt 0.81919491 -0.51734304
vt 0.74806714 -0.60999322
vt -0.15757962 2.28840923
vt 0.93549943 -1.02443814
vt 0.83692825 -0.71505797
vt 0.80678433 -0.62501514
vt 0.80666512 -0.37626898
vt 0.77887988 -0.30401587
vt -1.03829587 3.75665474
vt 0.86375958 -0.66936743
vt 0.87342536 -0.69960594
vt 1.23441935 -1.52775097
vt 1.15018904 -1.27634668
vt 0.86950600 -0.52866364
vt 1.16567087 -1.34229064
vt 0.84519982 -0.86459601
vt 0.83998388 -0.85085976
vt 0.84604740 -0.87432396
vt 0.88643551 -1.16932511
vt 0.27477705 1.15193880
vt 0.75871211 -0.26171219
vt 0.25613227 1.04489577
vt 0.83953798 -0.60097325
vt 1.02618158 -1.08674932
vt 1.02586448 -1.10335159
vt 1.02660716 -1.09534383
vt 1.08169901 -1.56483746
vt 1.08179355 -1.57472301
vt 1.08342147 -1.56749415
vt -1.82655036 6.11303520
vt -1.49312997 4.74828243
vt -1.98476171 6.90205812
vt 0.33743480 -0.04444861
vt -0.51153880 3.46511292
vt 0.56307852 0.57394892
vt 0.46717367 0.77361238
vt -1.95018840 6.85747337
vt 0.44181791 0.57782924
vt 0.83991349 -0.92516494
vt 0.83832568 -0.93389356
vt 0.87369424 -0.78454566
vt 1.02777004 -1.19110847
vt 1.02263319 -1.19398618
vt 0.66740984 -0.51124144
vt 0.66796362 -0.51180422
vt 0.65309554 -0.46322227
vt -0.31988847 2.91942549
vt 1.03200328 -0.95314741
vt 0.05792487 1.12264132
vt -1.99738264 6.57499552
vt 0.73418808 -0.58050048
vt 0.13819712 0.99011153
vt 0.73397428 -0.57754469
vt 0.76211190 -0.80576456
vt -1.23373926 4.04107332
vt 1.08358788 -1.48516107
vt 0.85438806 -0.92608011
vt 0.85564274 -0.92869878
vt 0.85121959 -0.90694821
vt -1.97081387 6.43941069
vt 0.71523470 -0.30168414
vt 0.70446730 -0.27521884
vt 0.89183176 -0.69735396
vt 0.21192403 1.47648561
vt -0.24370532 2.64370584
vt 0.09424598 1.48308396
vt 0.75863916 -0.25613773
vt 0.73963511 -0.82088947
vt 0.71404493 -0.77950180
vt 0.75437504 -0.49520147
vt 0.80851364 -0.66189361
vt 0.14845739 0.85341215
vt -0.48556903 2.08616209
vt 0.06334181 0.64823985
vt -0.70800757 2.67009354
vt 0.87279987 -0.64914167
vt -0.60526156 3.59084344
vt 0.00589817 0.82139766
vt 0.19301134 1.48068333
vt -1.83886206 6.37397289
vt 0.72259712 -0.33093154
vt 0.82141888 -0.52784669
vt 1.12740254 -1.20825362
vt 1.23062336 -1.51939321
vt 0.00589817 0.82139766
vt -2.01508045 6.53914785
vt -2.00822592 6.51347256
vt 0.38135988 0.99624908
vt 0.38137156 0.99558091
vt 0.69441545 -0.24356353
vt 0.69928050 -0.24410474
vt 0.69308412 -0.22603679
vt 0.65817183 -0.47556317
vt 0.68337697 -0.56301832
vt 0.14965238 0.87788749
vt 0.26069516 0.67809302
vt -0.20382094 2.50727224
vt -0.21122809 2.52507305
vt 0.74169362 -0.59077203
vt -1.93430400 6.29899120
vt 1.06907725 -1.52531576
vt 0.19119114 1.47697127
vt 0.37407213 0.25252777
vt 0.24283013 1.33735323
vt 0.54412967 -0.50056756
vt 0.54505849 -0.50313723
vt -0.36353439 1.71582246
vt 0.51821882 0.08162665
vt 0.51222652 0.09906685
vt 0.21956839 1.15288091
vt 0.21373568 1.14475334
vt 0.21461801 1.13848901
vt -0.49745160 2.12261677
vt 0.83610696 -1.01273513
vt 0.71587694 -0.56777000
vt -1.92811716 6.35507488
vt -1.93153238 6.35603285
vt 0.21568757 0.71931636
vt 0.17825031 0.80531257
vt -0.34072566 1.70786321
vt 0.69132066 -0.65763855
vt 0.69365102 0.09813982
vt 0.40734938 0.69017625
vt 0.59722400 -0.32243848
vt 0.71569425 -0.77712524
vt 0.81314105 -0.50454879
vt 0.24546497 0.46719146
vt -1.97955430 6.28681707
vt -1.98569405 6.32023191
vt 0.40893030 -0.23383188
vt 0.54203242 0.56949645
vt 0.37565976 -0.16141200
vt 0.88546640 -1.25516820
vt 1.03666222 -1.12585807
vt 0.67003530 -0.19319260
vt 0.14059024 0.98516423
vt -0.22354183 1.40831637
vt 0.03847932 1.24063838
vt -0.49890411 3.28056097
vt -0.10297714 1.07017398
vt -0.10532752 1.06986749
vt 0.08921052 0.59888315
vt 0.79551864 -0.37533915
vt 0.76481527 -0.29438543
vt 0.75243849 -0.24093401
vt 0.85123181 -0.49938142
vt 0.25512210 0.92499864
vt -2.10035253 7.17675352
vt 0.08919907 1.49285150
vt 0.11634754 1.39086604
vt 0.76753956 -0.66559100
vt 0.74300361 -0.58765268
vt -1.92882454 6.35695934
vt 0.75326675 -0.87931025
vt 0.85742551 -1.10891533
vt 1.01352000 -1.57592916
vt 0.81911927 -1.05737662
vt 0.83969295 -1.11727333
vt 1.07639658 -1.10488677
vt 1.07864761 -1.11865926
vt -0.45979890 2.05055857
vt 0.13279390 1.67123139
vt 0.36334306 1.01882041
vt 1.04621983 -1.41041422
vt 1.02952743 -1.36883903
vt 1.02953959 -1.35934925
vt -1.93932700 6.86185169
vt 1.23134649 -1.49727917
vt -1.09159911 4.93247509
vt 0.95965928 -0.82131445
vt 1.22615397 -1.51864481
vt 1.22706616 -1.52115273
vt 0.72608900 -0.58644021
vt 0.71205264 -0.57678771
vt -1.76944923 5.62235641
vt 0.28303245 0.33617449
vt 0.21640208 0.25794619
vt -0.33498228 1.60556662
vt 0.81980455 -0.42765045
vt -0.54748726 2.42911625
vt 0.84912813 -0.41779184
vt 0.48577756 0.73581076
vt 0.75967109 -0.16184366
vt 0.81322867 -0.86488712
vt 0.80720532 -0.85028529
vt 0.82785004 -0.87048566
vt 0.76358390 -0.70900190
vt -1.06961775 4.79636621
vt -1.39517581 5.63878822
vt -0.04868897 2.20338869
vt -1.06961775 4.79636621
vt -0.22162683 2.66126180
vt -0.32867393 1.59202671
vt -0.31424794 1.55389512
vt 0.21009934 0.57184827
vt -2.00727630 6.36161518
vt -0.29934007 2.76613235
vt -0.29529601 2.74944687
vt 1.05241311 -1.45383883
vt 1.05846536 -1.47275400
vt 0.09404112 1.73846042
vt 1.01075566 -1.41305089
vt 0.86948639 -0.87075019
vt -0.64630497 2.50906324
vt 0.68292421 -0.50562966
vt 0.72325897 -0.60087025
vt 0.76153392 -0.71335971
vt -1.92211187 6.57121754
vt 0.11052260 1.01690042
vt 0.09907829 1.03599393
vt -1.47401524 4.91453648
vt 0.86610967 -0.63436949
vt -1.55361235 4.89485455
vt -1.54198980 4.85250282
vt 0.88269007 -1.25584054
vt 1.38598609 -2.17064667
vt 0.31723744 0.39511997
vt 0.81823415 -0.90283120
vt 0.16451587 0.82467610
vt -1.93560159 6.32829094
vt 0.99587667 -0.95236063
vt 0.99257737 -1.03647900
vt 1.01414323 -1.57213926
vt 1.01228476 -1.57755804
vt 0.67423397 0.19604778
vt 0.32326448 0.79714131
vt 0.81406271 -0.47868621
vt 1.18861508 -1.49026155
vt 0.21836884 0.25796759
vt -1.06178021 4.77006149
vt 0.89160001 -0.65659273
vt 0.92634481 -0.75856030
vt 0.86161488 -0.80763352
vt -0.52034718 3.48766971
vt -0.52005804 3.48726249
vt -0.41951585 3.08046293
vt 0.18047327 1.17015421
vt 1.23004901 -1.52552795
vt 1.23446965 -1.52784753
vt -0.06368405 2.17582178
vt -0.22820784 2.68384361
vt 0.76434815 -0.51960790
vt 0.75808316 -0.51052475
vt -0.08006012 2.21186638
vt 0.34825081 0.48594838
vt -0.13422428 2.32153702
vt -0.12792921 2.31116676
vt 0.41631120 0.20695597
vt 0.34725845 0.14208138
vt -0.39278570 2.04826450
vt 0.79715252 -0.33672225
vt 0.54802567 0.11698419
vt 1.04399359 -0.95366585
vt 0.83289582 -1.05990767
vt 0.95030612 -1.25824642
vt -0.37284249 2.89109015
vt 0.82231766 -0.91396093
vt 1.01376879 -1.41617274
vt 0.82519710 -0.91867673
vt 0.81450558 -0.89849854
vt 1.00170696 -1.11242199
vt 0.37644410 -0.16074896
vt 1.23050439 -1.51112103
vt 1.08727360 -1.17523766
vt 0.65461302 -0.47838640
vt -1.86683524 6.42563629
vt -1.83631337 5.64283657
vt 0.09892432 1.45448375
vt 0.77096814 -0.82341909
vt 0.33897933 0.30269676
vt 0.76254320 -0.79942989
vt 0.33929607 0.30270201
vt 0.75593132 -0.78343880
vt 0.76109272 -0.78987134
vt 0.75622922 -0.77928758
vt 0.78985822 -0.53226829
vt 0.75784427 -0.47306216
vt 0.87232625 -0.47415233
vt -2.03459525 6.94764471
vt -1.63458204 5.09785557
vt -2.03920341 6.96503210
vt 0.94496065 -0.68923151
vt 0.92588478 -0.79494083
vt 0.95315391 -0.71263421
vt -2.01022768 6.94526768
vt 0.87143826 -1.26265502
vt -0.09782264 1.00471222
vt -1.53855240 4.85161495
vt 0.21976651 1.15745735
vt 0.74323022 -0.20609069
vt 0.55715197 0.10447627
vt -0.22670847 1.37633526
vt 0.87929255 -0.78824663
vt 1.03572023 -1.18755841
vt 0.88053387 -0.77899480
vt 0.86508369 -1.25184870
vt 1.04569042 -1.55444980
vt 1.14379275 -1.78747892
vt 0.79573977 -0.42277205
vt 0.81354439 -0.47871852
vt 0.28881270 0.91344273
vt 0.37235788 -0.13373160
vt 1.20028698 -1.48170066
vt -0.68597275 3.79278922
vt 0.45921791 0.52057552
vt 0.49398801 0.41484451
vt 0.95312101 -0.77683377
vt 0.95214969 -0.77414978
vt 0.08989677 0.62553763
vt -1.96829617 6.34219027
vt -1.96829617 6.34219027
vt -1.94855738 6.88588762
vt -1.94984889 6.88127470
vt -0.42962095 3.09824133
vt -0.50484985 3.29682636
vt 0.10595994 0.57332444
vt -1.85342133 6.32615042
vt -1.22669244 4.04149818
vt -1.85181069 6.33248806
vt -1.85309684 6.32601404
vt 0.36296499 0.53796971
vt 0.71498799 -0.30174220
vt 0.28755897 0.80697954
vt 0.90241152 -0.90051794
vt 0.76589936 -0.41342854
vt 0.84446585 -0.61491084
vt 0.39353091 0.22470421
vt 1.05857456 -1.55429387
vt -0.16519262 1.45453107
vt 1.03638518 -1.12472725
vt 1.13824713 -1.32817101
vt 1.13589871 -1.33136797
vt 1.13669002 -1.33345199
vt -2.17191076 7.10027838
vt 0.78038955 -0.30337226
vt -1.90944922 6.52899981
vt -0.79961830 4.07031441
vt -2.03317952 6.61291552
vt 0.23244615 0.49206865
vt -0.34200352 1.74424553
vt -0.46700594 2.07033491
vt -1.57958102 6.12871361
vt -2.06575871 6.29765368
vt 0.74652690 -0.59866393
vt 0.69505358 -0.66381478
vt 0.66586488 -0.33937454
vt 0.58635265 -0.13899493
vt 0.70698279 -0.62936628
vt 0.74369961 -0.85026038
vt -0.13291961 2.12494445
vt 0.08799817 1.74613070
vt 1.09062445 -1.34221148
vt -0.06892768 1.01811981
vt 0.84331125 -1.10841298
vt 0.85379767 -1.13911176
vt 0.84016818 -0.86923945
vt 0.84302467 -0.88551843
vt -0.76345390 2.95584774
vt 0.88031536 -0.67274165
vt 0.90922552 -0.74663162
vt 0.26734459 1.00423217
vt 0.27941731 0.96146530
vt 0.75638390 -0.26566553
vt -1.95846379 6.82458067
vt -0.11983247 1.12973046
vt 0.34189689 1.12026465
vt 0.69731128 -0.56100726
vt 0.99998903 -1.27411747
vt 0.83126593 -0.45624340
vt 0.72587490 -0.32875121
vt 0.77902681 -0.47781658
vt 1.12767196 -1.20818520
vt 0.94724375 -0.74011242
vt 0.87134081 -1.10850358
vt 0.53714365 0.58794224
vt 0.53280979 0.58744717
vt 0.49556977 0.68742013
vt 1.03559446 -1.58791447
vt 0.49573699 0.68811858
vt 0.87771559 -0.55737364
vt 0.91524321 -0.63980448
vt -0.08689724 2.24547720
vt 0.73916531 -0.58468878
vt 0.75603831 -0.62920392
vt 0.86112785 -0.71733499
vt 1.13896561 -1.32906127
vt 0.67807961 -0.50121737
vt 0.66678661 -0.48197389
vt 0.96802270 -1.26107526
vt 0.95730948 -1.24155259
vt 0.93573201 -1.02471876
vt 0.76985043 -0.78452277
vt 0.75576836 -0.74323249
vt -0.71252406 2.69355869
vt -0.71106458 2.67108202
vt 0.78121382 -1.00940490
vt -0.12014960 1.13534796
vt 1.17431641 -1.27975988
vt -1.85922563 5.70468187
vt 0.56817389 0.49106944
vt 0.63826180 -0.65163124
vt 0.70640659 -0.74304116
vt 0.66903144 -0.65407717
vt 0.73831213 -0.83042693
vt 0.77702039 -0.93504930
vt 0.72124940 -0.79548419
vt -1.03998792 4.72659302
vt -1.99905658 6.56917572
vt 0.59321022 -0.10771406
vt 0.44170535 0.57785618
vt 0.47621155 0.47580242
vt -0.26898825 2.80153751
vt 0.75689280 -0.02466691
vt 0.12640049 1.68500495
vt -0.20262943 2.50923300
vt 0.76610076 -0.28222299
vt 0.61700994 0.34946400
vt 0.81075352 -0.49639726
vt 0.81219637 -0.50129211
vt -1.43428993 4.65802574
vt 1.07215321 -1.56789899
vt 0.68462163 -0.50418949
vt -1.38187397 4.69120836
vt -1.28774190 4.22307014
vt -1.79728675 5.55637360
vt 1.05946827 -1.51856613
vt 0.24315707 0.28761834
vt 0.32334125 0.35925764
vt 0.68899906 -0.50861585
vt 0.70630223 -0.54256701
vt 0.74796963 -0.63628960
vt 0.71865630 -0.72759461
vt 0.65068382 -0.46138334
vt 0.64573580 -0.45195174
vt 0.02159576 1.18608236
vt 0.89684033 -0.68696046
vt 0.89344013 -0.66261315
vt 0.92463946 -0.75850356
vt 0.75384676 -0.24172866
vt -2.03717637 7.01778078
vt 0.10759861 1.42214239
vt 0.78120589 -0.35120332
vt 1.03769374 -1.18004036
vt 1.03652716 -1.17683578
vt 0.88011843 -0.74056244
vt 1.03938878 -1.17326331
vt 0.74448746 -0.59867370
vt 0.74167269 -0.58707392
vt -1.97114217 6.45210457
vt -0.10128125 1.10250163
vt -1.15368760 3.84662819
vt 0.33344769 0.35452616
vt 0.06200582 0.68708646
vt -1.93296731 6.31930637
vt -1.93539429 6.32828093
vt 0.84436297 -1.09926987
vt 1.03479552 -1.58765602
vt 0.87436557 -1.15471125
vt -1.92272830 6.37834978
vt -0.37494919 1.95929623
vt -0.44741178 2.15327787
vt 1.13079798 -1.24652386
vt 0.96178138 -0.81329858
vt 1.08023691 -1.52405715
vt 1.07730734 -1.53011274
vt -1.31072319 4.25650644
vt -1.33895934 4.33222294
vt 1.08021474 -1.50452399
vt 0.73418075 -0.58836532
vt 0.98984075 -1.26534295
vt 0.49045441 -0.43397176
vt 1.38598609 -2.17064667
vt 0.40643400 0.68685132
vt 0.91814500 -0.64969957
vt -1.33441460 5.47149992
vt -1.24206865 5.22843170
vt -1.31428123 5.42059422
vt 0.84454262 -1.03296280
vt 0.79457778 -0.41947913
vt -1.96059477 6.78757954
vt -0.39086860 2.04768372
vt 0.77102774 -0.78218806
vt -2.03962994 6.98220587
vt 0.82693189 -0.99493968
vt 0.85613483 -1.08311176
vt 0.81226468 -0.39384186
vt 0.81322181 -0.38848734
vt 0.75074047 -0.22694349
vt 0.66574740 -0.65559947
vt 0.68353325 -0.70028722
vt 0.66252208 -0.64528644
vt -0.31375462 2.74438071
vt 0.88956589 -0.58091295
vt 0.74519426 -0.45390892
vt 0.73633915 -0.68237221
vt 0.54209012 0.56975746
vt 0.14963442 0.85631704
vt 0.64909011 -0.45924616
vt 0.64067328 -0.43622518
vt 1.19631183 -1.50503778
vt -0.36388069 2.87417984
vt 0.54138446 0.09802061
vt 0.31107137 1.12628233
vt 1.12781417 -1.22642970
vt 0.82055801 -0.52413142
vt -1.85128069 6.56340933
vt 0.74355793 -0.76336932
vt 0.73563278 -0.75120294
vt -0.54257935 3.42373586
vt -0.39528161 3.04142141
vt 0.48583227 0.73607963
vt 1.06305563 -1.47799087
vt 1.00731409 -1.37323689
vt -0.18412803 1.27754545
vt -1.95321631 6.39371252
vt -0.61497152 3.61023927
vt 0.27643085 0.61851037
vt 0.72768599 -0.56862164
vt 0.26502043 0.64015973
vt 0.73583990 -0.58229649
vt -1.60974097 5.03170824
vt 0.32622609 0.78057408
vt -1.61286318 5.03106737
vt 0.72479546 -0.74293745
vt 0.74096417 -0.41298485
vt -1.84925091 6.35185337
vt 0.74003756 -0.42022109
vt 0.27256107 1.25680518
vt 1.21825421 -1.51491547
vt 1.13354218 -1.25372267
vt 0.36998504 -0.13502312
vt -2.06676149 7.11480665
vt -1.87484574 5.75611162
vt -0.56037462 2.29664922
vt 0.84322023 -0.57358670
vt -1.49281371 4.74971294
vt 0.78912073 -0.71394205
vt 0.75332552 -0.62835288
vt -0.23150851 1.42119551
vt 0.94043714 -0.81584251
vt 0.66692084 0.22673392
vt 0.59467685 -0.15482235
vt 0.53086275 0.01216739
vt 0.17757235 0.79601681
vt -1.97438776 6.93498564
vt 0.69590861 -0.23535347
vt 1.02945340 -0.96392095
vt 0.77835226 -0.99007607
vt -0.11205565 1.09448683
vt 0.78462887 -0.82586658
vt 0.78963071 -0.82706237
vt 0.88875329 -0.63715005
vt 0.91805619 -0.69806290
vt 0.84437197 -0.87390804
vt 0.82085651 -0.52082002
vt 0.82001847 -0.52340305
vt 0.81075352 -0.49639726
vt 0.83768821 -1.00395679
vt 0.78074479 -0.70162272
vt 0.75020760 -0.60549629
vt 0.81911927 -1.05737662
vt 0.87740034 -0.71390927
vt 0.88253212 -0.73710835
vt 0.13120584 1.66892958
vt 0.81532902 -1.06533051
vt 0.76555067 -0.81795776
vt 0.14070173 0.98077387
vt -1.99696946 6.57473564
vt -1.95356572 6.85364723
vt 0.50295275 0.67992687
vt -1.98476171 6.90205812
vt 0.49416196 0.41487086
vt 0.86811513 -0.52971780
vt 0.30181968 0.04667199
vt 1.18841934 -1.43802023
vt 1.18555856 -1.44318748
vt 1.18645835 -1.44561601
vt -0.04455904 2.20712709
vt 1.12235343 -1.36187863
vt 0.75576836 -0.74323249
vt 0.85388726 -0.64102590
vt 0.83128768 -0.87539840
vt -0.06544922 1.02158213
vt -0.03282658 0.92666125
vt -0.03274066 0.92704999
vt 1.10295892 -1.36097217
vt 0.81665581 -0.48461080
vt 0.81463683 -0.45985162
vt -1.74024451 6.52505159
vt 0.94142842 -0.81846547
vt 1.11676455 -1.28058743
vt 1.11768115 -1.28302956
vt 0.73250115 -0.58374417
vt 0.90722561 -0.74702990
vt 0.80624789 -0.54282904
vt 0.80839652 -0.55740857
vt 0.82608062 -0.60425639
vt 0.05898010 1.83272982
vt 1.05289602 -1.44295692
vt 0.08799817 1.74613070
vt 1.02439344 -1.39298010
vt 0.84252232 -0.90627348
vt -0.08157701 2.21133423
vt -1.85416257 6.33086872
vt 0.84654009 -1.03307700
vt 1.20811605 -1.27085257
vt 0.83062297 -0.66168821
vt 0.88140500 -0.79515910
vt 0.84158778 -0.68456948
vt 0.76859504 -0.75110936
vt 0.82662034 -0.85188031
vt 0.84914595 -0.90151489
vt 1.01134944 -1.31443357
vt 0.85539454 -0.92861712
vt 1.01408637 -1.32945538
vt -0.23956674 1.60139751
vt 0.59867984 -0.06964421
vt 0.94135123 -0.80679739
vt 0.94671780 -0.81181610
vt 0.94331419 -0.75206697
vt 0.91728181 -0.64956069
vt 0.91651088 -0.65263152
vt 1.23702693 -1.52672863
vt 0.93263227 -0.68966985
vt 0.95823759 -1.24380684
vt 0.65595078 -0.47694063
vt 0.55992973 0.04315019
vt 1.08446741 -1.48204613
vt 0.74860579 -0.60453951
vt 0.74538422 -0.59686685
vt -1.95783114 6.75155973
vt 0.81985873 -0.51789200
vt 0.25907749 1.29369199
vt 0.26544067 1.28525770
vt 1.08789420 -1.19740772
vt 1.08941305 -1.21001482
vt 0.81348288 -0.48796022
vt -2.03113794 6.61337948
vt 0.75590330 -0.78522015
vt -0.12121484 1.11925054
vt 0.76339501 -0.52988577
vt 0.75988144 -0.51986611
vt 1.01292264 -1.33813190
vt 0.89860278 -0.97591174
vt 0.77928579 -0.34592104
vt 0.78044260 -0.35885239
vt 0.67946029 -0.49505961
vt 0.74992710 -0.41887295
vt 0.74777102 -0.42556596
vt 1.09726882 -1.27273250
vt 1.23699474 -1.52689576
vt 0.50660807 -0.47415507
vt 0.68513799 -0.68179452
vt 0.71422863 -0.30659473
vt 1.20056438 -1.50546432
vt 1.20110273 -1.51747680
vt 1.09402454 -1.23667526
vt -1.42465830 5.73590279
vt 0.51967615 -0.50778019
vt 0.74113965 -0.35619080
vt 0.70800489 -0.27077508
vt 0.40987030 0.92832476
vt -0.17483672 1.25183737
vt 0.76403910 -0.04352844
vt 0.72240359 -0.44745958
vt -2.00807810 6.51345968
vt 0.03877209 1.15401161
vt 0.77646643 -0.42832816
vt 1.00137246 -1.30045462
vt 0.71335763 -0.78362012
vt 0.99427295 -1.10221362
vt 1.04367661 -1.58416605
vt -1.88295329 5.76927996
vt 1.10208321 -1.17898345
vt 1.08506489 -1.37397003
vt 0.79208148 -0.84524477
vt 0.93013191 -1.01711464
vt 0.40195173 0.27445149
vt 1.12167323 -1.19031811
vt 0.79889023 -0.52213073
vt 0.85591888 -0.67905343
vt 1.14339113 -1.31648898
vt 1.06079805 -1.48718357
vt 1.01724267 -1.41688609
vt 1.01934230 -1.41407061
vt 1.06617641 -1.50736356
vt 0.71842152 -0.75050497
vt 0.72808665 -0.75019193
vt 0.65366453 -0.68438148
vt 0.98561776 -1.34877992
vt 0.73969245 -0.58967948
vt 0.80547208 -0.37447774
vt 0.14972818 0.87781888
vt -2.01508045 6.53914785
vt 0.80196339 -0.92830598
vt 0.78892189 -0.90482867
vt 0.79397362 -0.90794957
vt -0.06562742 1.01122904
vt -0.03260457 0.92731166
vt 0.41494581 0.19535929
vt -1.97201741 6.41746426
vt 0.76282352 -0.70439589
vt 0.77856559 -0.05736518
vt 0.84433126 -0.47984564
vt -1.91109109 6.75270605
vt 1.01228416 -1.34917927
vt 0.70920169 -0.54943287
vt 0.22856660 0.69670820
vt 1.12818158 -1.22859311
vt 0.95396262 -0.76691842
vt 0.95769972 -0.81532109
vt -1.98399794 6.90009022
vt 0.78826165 -0.38240695
vt 0.78742796 -0.37946355
vt 0.72872996 -0.36841369
vt 0.76059496 -0.46446109
vt 0.87210482 -1.09866595
vt 0.87745583 -1.11819458
vt 0.77761233 -0.72576189
vt 0.79975992 -0.42568636
vt 0.80072087 -0.42436981
vt 0.84388328 -0.89758778
vt 1.10717046 -1.33798981
vt 0.82395273 -0.85661757
vt 0.84619224 -0.90457690
vt 0.84224439 -0.90570366
vt -1.93635654 6.32123232
vt 0.15650705 0.83216870
vt 0.75346702 -0.23910928
vt 0.75154018 -0.23218572
vt 0.86469448 -0.76391292
vt 0.87905008 -0.79832494
vt -1.33663738 5.46978426
vt 1.01414716 -1.57655954
vt 0.66319436 0.22641248
vt -0.98781443 4.58031845
vt -0.18931508 1.31259346
vt -0.21186495 1.37069345
vt -1.96762466 6.44760132
vt 0.92204624 -0.73574150
vt 0.94159049 -0.78667855
vt 0.94282961 -0.80119884
vt 0.76082659 -0.86694610
vt 0.74875247 -0.84721363
vt 0.78874242 -0.94209170
vt 0.81853539 -0.87084281
vt 0.72664940 -0.64093125
vt 0.82042068 -0.87198853
vt 0.84982008 -0.93898821
vt 1.01155078 -1.34681249
vt 0.86958337 -0.79708552
vt 0.83806980 -0.71544325
vt 0.65905744 -0.46993172
vt 1.09402454 -1.23667526
vt 0.82111973 -0.51513994
vt -2.00830436 6.54710817
vt -2.00673723 6.52119684
vt -2.00697160 6.52115583
vt 0.83594501 -0.72876620
vt 0.75783956 -0.51180434
vt 0.32942733 0.64240450
vt 0.34068811 0.61446005
vt -1.85151422 6.33881712
vt 0.75401169 -0.78515148
vt 0.72630411 -0.73641205
vt -1.52443814 5.98409176
vt 0.23091456 0.34747535
vt 0.76634479 -0.28216350
vt 0.25586239 1.04482710
vt 0.60388100 0.41820139
vt 1.14509249 -1.86273408
vt 0.56909597 0.50280774
vt 0.73631006 -0.57560408
vt 0.73722625 -0.57602596
vt 0.73927557 -0.56911922
vt 0.74169803 -0.58582187
vt 1.01847386 -1.42289090
vt 1.02036858 -1.41838408
vt 0.82948297 -0.83195674
vt 0.82772118 -0.82776511
vt 0.85652822 -1.05118322
vt -1.95971549 6.81636429
vt -1.74385369 5.39378262
vt -1.96139562 6.81959438
vt 0.98203385 -1.25291920
vt 0.71115875 -0.54390955
vt 0.71055365 -0.55341756
vt 1.07865047 -1.51955080
vt 1.08123815 -1.50711918
vt 0.79056793 -0.37727904
vt 0.79081959 -0.37721634
vt 1.08458412 -1.15722299
vt 0.93663484 -0.72334564
vt 0.88739264 -0.68506944
vt 0.88947523 -0.68539226
vt 0.88880628 -0.68865204
vt -1.61333883 6.20390558
vt -1.58038950 6.13024712
vt -1.60756266 6.21170998
vt 1.21234131 -1.48765016
vt 1.21040905 -1.46915746
vt 0.74846905 -0.22157764
vt 1.07952869 -1.12113595
vt 0.82302773 -0.78055298
vt 0.25894624 0.44274640
vt -1.98289013 6.32520723
vt 0.78636223 -0.91639733
vt 0.80447972 -0.45520401
vt 0.79911661 -0.43150413
vt 0.16055067 1.23853362
vt 0.12109709 1.00048828
vt -2.00108290 6.56631804
vt 0.11215898 1.02392054
vt 0.83624476 -0.68839312
vt 0.80656618 -0.62121582
vt -1.37008262 4.41506672
vt -1.40014195 4.49627209
vt -1.84765172 6.36822128
vt -1.40006852 4.49660492
vt 0.89527571 -0.71519434
vt 0.87246370 -0.70381498
vt 0.82421619 -0.52350152
vt 1.07419348 -1.53411126
vt 0.69841462 -0.54401171
vt -1.36976635 4.41649771
vt 0.80839509 -0.49200344
vt 0.17934388 1.15361679
vt -1.69821274 6.42824078
vt 0.75943190 -0.25767100
vt -1.97771227 6.85953426
vt 0.80274469 -0.40449309
vt 0.83249402 -0.47979975
vt 0.88449878 -0.64099908
vt 0.74355793 -0.76336932
vt 0.94536620 -0.74234283
vt 0.93647557 -0.72329807
vt 0.31788871 0.39354157
vt 0.33409092 0.35293567
vt 0.74510717 -0.21510601
vt 0.85583138 -1.14590216
vt 1.02230716 -1.57775950
vt 0.86887854 -0.69836521
vt 0.86914510 -0.69836628
vt 0.75994813 -0.26699722
vt -1.84803176 6.35958862
vt 1.03043997 -1.11286616
vt 0.27490106 0.85283554
vt -2.02626276 7.00925541
vt -1.77507842 5.47721148
vt 1.12255597 -1.19280267
vt -0.01454446 2.04664207
vt -0.07792927 2.21154308
vt 0.82522655 -0.91020322
vt 0.82519710 -0.91867673
vt -1.64558828 6.28419399
vt 0.82095724 -0.52396691
vt 0.75835156 -0.78558362
vt 0.83956879 -1.00077224
vt 0.76433271 -0.79672658
vt 1.20684922 -1.48102617
vt 0.75262177 -0.24806511
vt -0.18569423 1.31490517
vt 1.06560576 -1.49509430
vt 0.16093753 1.55845773
vt 0.16099522 1.55871868
vt 0.74561256 -0.59699643
vt 0.83116925 -0.92714000
vt 0.99888933 -1.37283063
vt 0.83787811 -0.94668782
vt 1.05867088 -1.41630721
vt 0.65797549 -0.47591579
vt 0.18104266 1.17007375
vt 0.86813462 -0.63212228
vt 0.80498284 -0.47371137
vt 0.96199739 -0.81329632
vt 0.95878649 -0.81762850
vt -0.03087115 0.92325675
vt -1.09160221 4.85676336
vt -1.92707837 6.36369228
vt -1.11916947 4.92710114
vt 0.09049536 0.62509012
vt 1.11888444 -1.34657741
vt 0.08559334 0.62614799
vt 0.08972505 0.62449634
vt -1.52248561 5.98520279
vt -1.49520314 5.91548443
vt -1.49519360 5.91596985
vt 0.78587949 -0.53499866
vt 0.75979286 -0.47308588
vt 0.34175897 0.30195552
vt -1.96739662 6.34810114
vt 0.88491774 -0.77891898
vt 0.87772894 -0.77275753
vt 0.19412212 1.47745156
vt 0.99978673 -1.36408448
vt 1.20354831 -1.48494029
vt -1.25675213 4.10952234
vt -1.28349090 4.18170118
vt -1.27976108 4.18206501
vt -1.85162103 6.34010220
vt 1.01121902 -1.30600977
vt 0.82289708 -0.62656116
vt 0.87893778 -0.78785324
vt 0.78747231 -0.53515995
vt -1.68748522 5.24063444
vt -2.03817916 6.98945141
vt -2.00251603 6.56093025
vt -2.00180793 6.55901241
vt 0.81415427 -0.50439727
vt 0.88688207 -0.50154173
vt -2.00763440 6.54257441
vt -0.02576672 0.89413226
vt 0.21990243 0.23852181
vt 0.76023024 -0.41580129
vt 0.84082776 -1.12289977
vt 0.85147768 -1.08188987
vt 0.92358208 -0.67455590
vt 0.80904520 -1.03446007
vt 0.21588001 0.71920514
vt -1.93257046 6.34546995
vt -1.93375337 6.33647680
vt -1.36983788 4.41617393
vt 0.13703966 1.63017452
vt -1.96267271 6.78217459
vt 0.77632791 -0.92860913
vt 0.34778133 0.57645822
vt 0.36639747 0.52138805
vt 0.76253611 -0.50609887
vt 1.12002528 -1.36418676
vt 0.85150844 -0.63431036
vt 1.04252338 -1.60543823
vt -1.20796001 5.15212440
vt -1.93446815 6.33836508
vt -1.80215967 5.55910873
vt 0.87197649 -1.13605189
vt 0.87302881 -1.15507436
vt 1.12965322 -1.79816699
vt 1.04555786 -1.57614350
vt -1.09166300 4.85732412
vt 0.74974954 -0.51919746
vt 0.75619215 -0.50896239
vt 1.18838322 -1.50075459
vt 0.71434385 -0.28896093
vt -1.92675257 6.36153460
vt 0.81392938 -0.45594180
vt 0.66593295 -0.50640273
vt 0.81178135 -0.87311530
vt 0.83962208 -0.94782186
vt -0.02552369 2.05241776
vt 1.02874458 -1.35728192
vt -0.02376377 2.05597782
vt 0.69307643 -0.55311179
vt 0.68719792 -0.53904140
vt 0.88747674 -0.63400686
vt -1.01949644 4.67413950
vt -1.01707745 4.67570305
vt 0.78193957 -0.72409844
vt 0.81389064 -0.47866654
vt -1.47085857 5.84816837
vt 0.35516164 0.30438620
vt 0.82889742 -0.92211437
vt 0.37407213 0.25252777
vt 0.71859616 -0.33086443
vt 0.69549125 -0.70730984
vt 0.71688420 -0.75865352
vt 0.18239738 1.15792191
vt 0.17912745 1.16375852
vt 1.23134649 -1.49727917
vt 1.23472869 -1.52203941
vt 0.51080221 -0.47519207
vt 1.19672418 -1.49103761
vt 1.19657850 -1.49095559
vt 0.93939567 -0.81964147
vt 0.77268785 -0.31700826
vt -1.25677681 4.11021614
vt -1.28331816 4.18247223
vt -1.28341818 4.18212605
vt -1.59099615 4.98065662
vt -1.58807433 4.98086023
vt 0.40623349 0.92790508
vt 0.40325752 0.92389596
vt 1.20330596 -1.50524306
vt 0.82135230 -0.51516378
vt -1.84949720 6.35182858
vt 0.75353885 -0.81136394
vt 1.12097108 -1.34697318
vt 0.75417721 -0.24595678
vt 0.24294546 1.33787537
vt 0.24389705 1.33497310
vt 0.30946627 0.73906219
vt 0.29969284 0.77607870
vt -1.96534145 6.35253572
vt -1.59392822 4.98018646
vt 0.34476769 1.10479867
vt 0.00510952 0.84244567
vt 1.06992483 -1.53602314
vt 0.83446908 -0.99886715
vt 0.72795916 -0.77851331
vt -1.55392838 4.89342308
vt -1.92224693 6.37903595
vt 0.85327303 -0.90185523
vt 0.57104671 0.49112153
vt 1.01129520 -1.34668970
vt 1.05145454 -1.45143342
vt 0.85849303 -1.15242290
vt 0.85698372 -1.13684368
vt 1.03747559 -1.15431976
vt 1.03631699 -1.15112090
vt 0.88561624 -0.74232101
vt 0.85323906 -0.96084797
vt 0.39460105 0.23401403
vt 0.94984746 -0.78078997
vt 1.10036051 -1.35052824
vt 0.08287689 0.62443566
vt 0.06208799 0.68575108
vt 0.83223766 -1.08399963
vt -1.33965135 4.33463526
vt -1.84923935 6.35999966
vt 0.75273561 -0.76975155
vt 0.79656500 -0.91494167
vt 1.02415955 -1.40441847
vt 1.22931051 -1.49197054
vt 0.76555067 -0.81795776
vt 1.20240462 -1.50090575
vt -1.46909225 5.84861422
vt -1.46572208 5.85121250
vt 1.07734287 -1.52817678
vt 0.86909521 -0.78126228
vt 0.64660400 0.27978241
vt 0.62338448 0.34245723
vt 0.91632795 -0.67388105
vt 1.02823734 -1.59335232
vt -1.66042340 5.16800928
vt -1.97451341 6.34306812
vt -1.46894300 5.84936237
vt 1.05163777 -1.41369700
vt 1.08547258 -1.15969801
vt 0.72318184 -0.75042057
vt 0.71842152 -0.75050497
vt 0.72255039 -0.75000024
vt 0.26080075 0.45007581
vt 0.06168954 0.68565559
vt 0.06551828 0.68822169
vt 1.13863552 -1.32825494
vt 0.75312239 -0.78027511
vt 0.14136109 1.31077003
vt 0.78785914 -0.91378510
vt 0.18130997 1.15151346
vt 1.08461285 -1.48776579
vt -0.07801454 2.21115685
vt 0.14015180 0.98221481
vt 0.73168665 -0.56417143
vt 0.54203242 0.56949645
vt 0.95133656 -0.83501136
vt 1.02302122 -1.41339445
vt 0.71798009 -0.57605493
vt -1.17463362 5.07555866
vt -1.74389708 5.39305210
vt -1.74383938 5.39331341
vt 1.07389295 -1.56291270
vt -1.86320817 5.71551609
vt 0.74845785 -0.51669204
vt -1.17930496 5.07466125
vt -1.17694294 5.07390404
vt 1.08176458 -1.49051809
vt 0.81181329 -0.49690330
vt 0.80972993 -0.49608755
vt -1.93368435 6.32119799
vt 0.00360828 0.81972927
vt 1.19917381 -1.51081204
vt -1.41186571 5.70340109
vt 1.22535932 -1.52419829
vt 0.87406796 -1.15455484
vt 1.21428025 -1.50080132
vt 0.84475952 -1.10018611
vt -1.96010721 6.79623842
vt 0.88388759 -0.76581693
vt 0.84987634 -1.13702869
vt -1.42457235 5.73629189
vt 0.81278980 -0.49956560
vt 0.44197017 0.57776010
vt 0.83559644 -1.01115179
vt 0.81071502 -0.72529972
vt 1.08816767 -1.17769742
vt 0.16625309 1.55300736
vt 0.72925770 -0.76957619
vt 0.94570899 -0.78479683
vt 0.94378018 -0.77951348
vt 0.80854321 -0.43125010
vt 1.02423453 -1.39291024
vt -1.99775815 6.57505178
vt 0.87236583 -0.78049898
vt 1.07395089 -1.27720857
vt 0.76603389 -0.51930559
vt -1.30759573 4.25741768
vt 1.23053384 -1.51927614
vt 0.62354136 0.34316707
vt 0.83403581 -0.88071346
vt -2.00373578 6.55610466
vt 0.95688570 -0.82601142
vt 0.55527544 0.10378391
vt 0.91474855 -0.64324641
vt -1.97830212 6.33588409
vt -1.52267313 5.98514175
vt 1.04655850 -1.41050696
vt 0.05903781 1.83299088
vt -1.30687070 4.25841808
vt 0.76006222 -0.80337679
vt 0.88783026 -0.69588363
vt 0.84771580 -0.60656178
vt 0.66053164 -0.63939726
vt 1.08169901 -1.56483746
vt 0.92804724 -0.79306722
vt 0.82886761 -0.82164657
vt -1.23090458 4.04153252
vt 1.12800741 -1.27575874
vt 0.30181968 0.04667199
vt 0.93678701 -0.81655550
vt 0.84084904 -0.91465533
vt 0.76536685 -0.53418982
vt 1.03106606 -1.18805385
vt 0.92798811 -0.78766644
vt 0.46806112 0.77373856
vt 0.70831227 -0.27653074
vt 0.75532955 -0.23835385
vt 0.81718159 -1.06431985
vt -0.13323702 1.18192983
vt -0.10132618 1.10151625
vt -0.13595945 1.18050909
vt -0.10124087 1.10190225
vt 0.46762753 0.77439815
vt 0.94347733 -0.86109400
vt -0.19971871 2.50363111
vt 0.61680281 0.34838516
vt -0.41904736 3.08137488
vt -0.42970625 3.09785557
vt -0.47061035 2.07019949
vt -0.34265828 2.86841965
vt 0.67130268 -0.48426056
vt 0.12066322 0.54815972
vt 0.22905113 0.25340211
vt 0.29368487 0.08334494
vt -0.40458131 1.90638316
vt -0.34200352 1.74424553
vt -0.52565908 2.22696662
vt -1.09833896 4.84136963
vt -0.92938018 3.27893114
vt -1.64303887 6.26815748
vt -2.05286670 6.74847698
vt -0.92163825 3.25782514
vt -1.39644217 4.50944710
vt -1.39285159 4.47697067
vt 0.21745642 1.44034731
vt -0.11566854 2.31136227
vt 0.06361821 0.64927697
vt 0.39992264 -0.23160136
vt -0.28435111 1.46615195
vt -0.68572998 3.79388785
vt -0.28901178 2.76281214
vt -0.76870024 2.97618294
vt -1.22016883 4.01104164
vt -0.77595800 2.85159612
vt -1.47435415 4.91512012
vt -0.12259176 2.32805824
vt -0.33766365 2.84702301
vt -0.41127616 1.89527464
vt -0.65103787 2.53098178
vt -0.24392259 2.64253378
vt -0.37367702 2.88971090
vt -0.33488771 2.87864399
vt -1.21775043 4.01189613
vt 0.21738310 1.43991292
vt 0.40402389 -0.24310577
vt 0.40035504 -0.24385834
vt -0.25349915 1.45012963
vt -0.40895915 1.89625359
vt -1.87557173 6.44443464
vt 0.35908672 1.05489886
vt -1.53835618 4.85286045
vt -0.60643816 3.58943295
vt -1.48806882 4.72433376
vt -1.73728025 6.52829981
vt -2.05363894 6.74765968
vt -0.64646184 2.50835371
vt 0.66318423 0.23528957
vt 0.27256107 1.25680518
vt -1.49305654 4.74861431
vt -1.54223323 4.85156202
vt -1.62842298 6.24128103
vt 0.21627806 0.23666072
vt 0.38003805 0.99848789
vt 0.56524909 0.50079596
vt 0.53097922 0.59287930
vt 0.59558493 0.41910362
vt 0.00213514 0.83757752
vt -0.98777926 4.58083344
vt 1.14053559 -1.79241014
vt 1.13846457 -1.82376552
vt -0.10150685 1.10136747
vt 0.03320228 0.75919324
vt -0.18672344 1.31881452
vt 0.40321386 0.92455924
vt -0.06571271 1.01084316
vt 0.43269676 0.85695702
vt -0.12971252 1.17394412
vt -0.15564735 1.24959791
vt -1.26105344 4.10968447
vt -1.23554838 4.04015541
vt 1.18222237 -1.44603300
vt -1.47731721 4.69361353
vt -1.45919025 4.64405537
vt 0.64362204 0.27605844
vt 0.61998355 0.34141457
vt -1.49540341 5.91536856
vt -1.49538314 5.91473055
vt -1.46917760 5.84822845
vt -1.52651703 5.98208380
vt -1.70179689 6.42675877
vt 0.41248274 -0.23176289
vt -1.69805586 6.42895079
vt -1.72235715 6.49046135
vt -0.05882000 2.15993452
vt -1.36110675 4.41373158
vt -1.36900449 4.41338348
vt 0.41245821 -0.23147714
vt -1.57949507 6.12910271
vt -1.97862601 6.33589697
vt -0.07898562 2.21492124
vt -1.47500920 5.85082722
vt 0.06217329 0.68613702
vt -1.44391334 5.78469276
vt -1.71666086 6.47616768
vt 0.41550437 -0.23749065
vt -1.37000918 4.41539907
vt 0.13719656 1.63088429
vt 0.16616715 1.55261862
vt -1.33987212 4.33399773
vt 0.10611937 0.57404578
vt -1.61111736 6.20933819
vt -1.22727036 4.04189968
vt 0.64367539 0.27643925
vt -1.49297059 4.74900341
vt -1.47408462 4.70976877
vt -1.84698629 6.38885355
vt -0.00623859 0.99420124
vt 0.04322651 1.06858706
vt 0.04446794 1.06560218
vt -0.00550126 0.99488652
vt -0.00537703 0.99515110
vt -0.05670219 1.06068170
vt -0.01321501 0.99736929
vt -0.00569726 0.99471378
vt -0.02894898 0.91851389
vt -0.00601843 0.99444401
vt -0.03263752 0.99290258
vt -0.05782016 1.05970478
vt -0.02907644 0.99608850
vt -0.02854974 0.99596524
vt 0.02888113 1.06369281
vt -0.00566602 0.99470210
vt -0.03260796 1.05364037
vt 0.04776372 0.91220230
vt -0.04501873 1.06766498
vt -0.04002213 1.06387901
vt -0.01657597 1.06526744
vt 0.04334047 0.92732716
vt 0.05653619 1.06612289
vt 0.05081211 1.06236207
vt 0.01665313 0.99335599
vt -0.00614812 0.99424171
vt 0.01830069 1.05034971
vt -0.00612824 0.99426144
vt -0.00571609 0.99473697
vt -0.00573957 0.99471325
vt 0.02342555 1.00633860
vt -0.01595764 0.99003166
vt -0.04632382 0.93871963
vt -0.00982853 0.99086946
vt -0.00561268 0.99476111
vt 0.05245185 1.06234396
vt -0.03988277 0.92587471
vt -0.05322966 0.92028940
vt -0.03098343 0.99641275
vt -0.00569836 0.99471188
vt -0.03107845 0.99331379
vt -0.00596284 0.99445117
vt -0.00594207 0.99447203
vt 0.01881476 0.93859524
vt -0.00581672 0.99460810
vt -0.00583507 0.99459654
vt 0.00453982 1.03815925
vt -0.00655470 0.99771768
vt -0.00007180 0.91163743
vt -0.00272585 0.99771768
vt -0.00625571 0.99418372
vt 0.01790046 0.99316382
vt -0.00626079 0.99418986
vt -0.02905147 1.06819165
vt -0.00572344 0.99472928
vt -0.00570214 0.99475074
vt 0.00598919 0.97681075
vt 0.00637913 0.97680497
vt -0.00867723 0.99164450
vt -0.01363322 0.91449654
vt -0.00924986 0.99121004
vt -0.00924445 0.99121541
vt 0.00773303 1.07196975
vt -0.01480503 0.99024737
vt -0.01021568 0.99024737
vt -0.00463209 0.99518436
vt -0.00461398 0.99520195
vt 0.01364762 0.99423778
vt -0.00143936 0.93190509
vt -0.00294372 0.99755430
vt 0.00037559 1.02636790
vt -0.00868279 0.99668539
vt -0.02045827 1.00873971
vt 0.05955667 0.88567621
vt 0.00087404 1.01402080
vt -0.00113425 0.99915099
vt 0.00126218 1.01401532
vt -0.00415690 0.99019486
vt -0.01026009 0.99020523
vt -0.01025468 0.99021059
vt -0.02004628 1.00025034
vt -0.01291568 0.98159456
vt -0.00144384 0.99892229
vt -0.00857491 1.07448173
vt -0.01297412 0.90028745
vt -0.03513881 0.90365928
vt 0.01485889 0.93108881
vt -0.01152461 1.06823146
vt 0.00363109 0.99870914
vt -0.01343997 0.97722375
vt -0.00576188 0.99462569
vt -0.00586227 0.99453640
vt -0.00584263 0.99455613
vt -0.00270492 0.99774396
vt -0.00047502 1.08573079
vt -0.00270018 0.99774873
vt -0.00463369 0.93645215
vt -0.00259438 0.99782360
vt 0.00187754 0.93645215
vt 0.01323903 1.00237429
vt -0.00954179 1.05545115
vt 0.00324316 0.99761647
vt -0.00226942 0.93982071
vt -0.00229340 0.99805415
vt 0.00331482 1.01127231
vt 0.00421390 0.99805284
vt -0.00263690 0.99778152
vt -0.00240107 1.05828273
vt 0.00195216 0.99778152
vt -0.01954045 0.98832285
vt 0.01623839 0.99987918
vt -0.00237610 0.99687958
vt -0.01558365 0.99022233
vt -0.03050557 1.06483459
vt -0.01023323 0.99022233
vt -0.00350170 1.08002889
vt -0.01086214 0.96695858
vt -0.00344300 0.97626466
vt -0.00474835 0.96695858
vt -0.00561188 0.99474794
vt -0.02926769 0.99047625
vt 0.01687604 0.99359351
vt -0.01017144 0.99027997
vt -0.00423847 1.07881546
vt -0.01030105 0.99018031
vt -0.00647220 0.99018031
vt -0.00007451 1.01138663
vt -0.03347441 0.99648809
vt -0.00602675 0.99439609
vt -0.00186273 0.94917256
vt -0.00960168 0.99071378
vt -0.00577254 0.99071378
vt 0.00875077 0.98901480
vt -0.00167384 0.99874949
vt -0.00164577 0.99876904
vt 0.00200910 0.94779223
vt 0.00001908 1.01756787
vt -0.00020104 0.99003488
vt -0.01011511 0.99056125
vt -0.01549212 1.00370526
vt -0.01644501 1.01758659
vt -0.00429278 0.97725624
vt -0.00087204 0.94676340
vt -0.00806351 0.99853843
vt 0.00304828 1.05028248
vt -0.01000409 0.99039590
vt 0.00470986 0.96669555
vt -0.00064171 0.96669549
vt -0.04244547 0.95749170
vt 0.01982330 1.03377974
vt -0.00323928 0.99174583
vt 0.03779854 1.06076574
vt -0.00493898 0.99539185
vt -0.05678974 0.92475289
vt -0.00467323 1.08597648
vt -0.02228636 1.08156991
vt 0.00106521 0.99768722
vt 0.00165539 0.92128223
vt -0.01086592 1.07420170
vt 0.00110857 0.99771839
vt -0.02185347 1.06073880
vt -0.00918491 0.99125439
vt -0.00535548 0.99125439
vt -0.00320198 0.99673104
vt -0.00777877 0.99674547
vt -0.00318798 0.99674547
vt -0.00618024 1.04048240
vt -0.01011299 0.99032861
vt -0.00159060 1.04048240
vt -0.01179861 1.04928768
vt -0.00224326 0.95506871
vt -0.00568505 1.04928768
vt -0.00410550 0.92758179
vt 0.00200943 0.92758179
vt -0.00265924 0.99777794
vt -0.00272048 0.99772936
vt -0.00680643 0.99876565
vt -0.00901281 0.99138159
vt -0.00655737 0.98957169
vt -0.00444443 0.99136215
vt -0.00945714 0.99104285
vt -0.01502399 0.90906155
vt -0.01119629 0.90906161
vt 0.01192116 1.01220751
vt -0.05661739 0.93894231
vt 0.02144373 0.99456865
vt -0.00061923 0.92304844
vt -0.00192049 0.99856633
vt 0.00320905 0.92304844
vt -0.00952015 0.99100012
vt -0.01598250 0.93925077
vt -0.00952488 0.99099541
vt -0.01463611 0.99117988
vt -0.00201555 1.07893801
vt -0.01125938 0.90337682
vt -0.00906719 0.99135363
vt -0.00315813 0.98084360
vt -0.01438609 1.00574923
vt -0.00267883 0.99774879
vt -0.00948280 0.99102956
vt -0.01599260 0.99102956
vt -0.02897457 0.99510819
vt -0.00352219 0.99635172
vt 0.00083980 1.02166295
vt -0.00323771 1.08521163
vt -0.00181129 0.99864173
vt -0.00367017 1.08645391
vt -0.01515644 0.91850030
vt -0.00167796 0.99874055
vt -0.00169620 0.99872762
vt -0.03336954 0.99686670
vt 0.00424267 0.93982071
vt -0.00538027 0.90786523
vt -0.00769225 1.07304311
vt -0.00564308 0.99103189
vt 0.10927188 1.12298858
vt 0.00131387 0.91028881
vt 0.11464123 1.11794329
vt 0.00744572 0.93711573
vt -0.00521054 0.99516314
vt -0.02772105 0.99401861
vt -0.01837551 1.03137183
vt -0.00164116 0.99876708
vt -0.01130613 1.03717446
vt -0.02147613 1.03437841
vt 0.01721899 0.99639881
vt -0.01189189 0.96804982
vt -0.00659874 0.98999369
vt -0.01157520 0.97688854
vt -0.00197250 0.99852324
vt -0.00818561 1.02969813
vt 0.00452710 0.99851274
vt -0.00177403 0.99867207
vt -0.00974751 1.08521163
vt -0.01001702 0.99059314
vt -0.00928360 0.99118215
vt -0.00277237 0.99118215
vt -0.00926940 0.99119467
vt -0.01150963 1.07895756
vt 0.01375334 0.90795797
vt -0.00697231 1.02839434
vt 0.01277530 1.04131603
vt 0.02838766 1.02966142
vt -0.01778520 0.99216396
vt -0.00808098 0.98895246
vt -0.00144123 0.99892747
vt 0.00206977 1.01933682
vt -0.04606311 0.95602858
vt -0.00329014 0.99729085
vt -0.00617307 1.00664449
vt 0.00281607 0.99728388
vt -0.00913338 0.99129486
vt -0.01175297 1.01600456
vt -0.00716391 1.01600456
vt -0.00516705 0.99506634
vt -0.00408082 0.99583393
vt -0.02833130 0.99500018
vt -0.00256404 0.99784386
vt -0.00258501 0.99782628
vt 0.00352878 0.99782628
vt -0.00651013 0.92057812
vt -0.01727274 0.93023068
vt -0.01391322 0.92945808
vt -0.01003084 1.07950139
vt -0.01384109 0.99120176
vt -0.00932940 0.99114197
vt -0.00180795 0.99865133
vt 0.00190721 0.99856627
vt -0.00346475 1.07764280
vt -0.00932794 0.99114245
vt -0.00938078 0.99110305
vt -0.00812803 0.97971976
vt 0.00647204 0.97189873
vt -0.01008976 0.97946155
vt -0.01016197 0.99028057
vt -0.00038123 1.04094219
vt -0.01385072 0.93960345
vt -0.00175652 0.99868929
vt 0.02325667 1.08349144
vt -0.00170742 0.99872667
vt -0.01383313 0.90712905
vt -0.01718453 0.93223912
vt -0.00984484 1.04786313
vt -0.00436315 0.99003488
vt -0.00579863 0.99467748
vt -0.03335094 0.99241233
vt -0.00576885 0.99469841
vt -0.00314126 0.99763650
vt -0.00313124 0.99764383
vt -0.00314702 0.99763072
vt -0.03129563 0.99183875
vt -0.03075320 0.99031979
vt -0.02597547 0.99910736
vt -0.02023631 0.92175376
vt -0.00467840 1.06073821
vt -0.00921920 0.99123424
vt 0.01726717 0.99347311
vt 0.01883147 1.05085683
vt -0.00559740 0.99477041
vt -0.01175776 0.98907304
vt -0.00446059 0.99575275
vt 0.01322712 0.99593168
vt 0.01316313 0.99756724
vt -0.00176650 0.99868029
vt -0.00176311 0.99868369
vt -0.00618794 0.99422657
vt -0.04567923 0.92148530
vt -0.00706595 0.99335694
vt 0.00132064 1.03078473
vt -0.00707785 0.99335057
vt -0.00670165 0.99381477
vt -0.00668584 0.99383038
vt 0.01225948 0.99386168
vt -0.01677992 0.91123164
vt -0.00939653 0.99109578
vt -0.00939112 0.99110121
vt -0.00413346 1.07884896
vt -0.00244772 1.07420170
vt 0.00930730 0.92211068
vt -0.04012975 1.06340873
vt -0.01022369 0.97816974
vt -0.01068897 0.99011070
vt 0.00692544 0.99522012
vt -0.00627720 0.99419677
vt 0.03142740 1.03450990
vt -0.02832364 0.95620579
vt -0.01700397 1.03111160
vt -0.00455180 0.96682543
vt -0.00618960 0.99412549
vt -0.00260923 0.99780875
vt -0.01310799 1.04750597
vt -0.00260555 0.99781245
vt -0.00836665 0.99548274
vt -0.00376215 1.00857973
vt -0.00141039 0.99542844
vt -0.00549796 0.99470747
vt -0.00549846 0.99470752
vt 0.01074915 0.99023068
vt -0.00189505 1.00780821
vt 0.00252304 1.00118315
vt -0.00563548 0.99471778
vt -0.00422391 0.99658239
vt 0.00228646 0.99658239
vt -0.00420781 0.99659699
vt -0.02702259 1.02559710
vt -0.05053224 1.03447223
vt -0.00179949 0.99442518
vt 0.01961266 1.00041544
vt 0.01250410 0.99070448
vt 0.01574564 0.99861020
vt -0.00593336 0.99219126
vt -0.00864432 1.00920308
vt -0.00502931 0.99534154
vt 0.01274617 0.99607843
vt -0.02124347 0.99075025
vt -0.00501072 0.99521095
vt -0.02844466 0.98475134
vt -0.03008471 0.99192697
vt 0.01111297 1.00375414
vt -0.00152456 0.98364997
vt -0.00505550 0.99839389
vt -0.00796930 0.98275208
vt -0.00915101 0.99128687
vt -0.00303694 0.99128687
vt -0.00700930 0.99174142
vt -0.01324475 1.04430139
vt -0.00621290 0.99410486
vt -0.00528778 0.97140437
vt -0.01179763 0.97140443
vt -0.00984533 0.99075317
vt -0.00664301 0.99792218
vt -0.01260584 0.97175503
vt -0.00958462 1.01763892
vt -0.00378381 1.07623351
vt -0.00450741 1.08500493
vt -0.02112735 0.99183655
vt -0.00629367 0.99416912
vt -0.00626936 0.99419308
vt -0.01027500 0.99020016
vt -0.00873427 1.07888770
vt -0.01681843 0.99016553
vt -0.01037117 0.99011588
vt -0.00594204 0.99438989
vt -0.00281737 1.05881202
vt 0.04313933 1.05178618
vt -0.00573175 0.99468511
vt -0.00570607 0.99471039
vt -0.01395443 0.99111402
vt 0.00074422 0.99333221
vt -0.00748146 0.90162367
vt -0.00585866 0.99458349
vt 0.00481503 0.99872762
vt 0.00202321 0.91634566
vt -0.04975696 1.06953752
vt -0.00505727 0.99528080
vt 0.03041304 1.03988647
vt -0.04036190 0.95498294
vt -0.02945752 0.99429315
vt -0.04489256 0.90462607
vt -0.00814097 1.00689530
vt -0.02364382 0.99456000
vt -0.00549957 0.99500090
vt -0.00550818 0.99499232
vt 0.02253391 0.91443986
vt 0.00201810 1.06633508
vt -0.00558711 0.99491394
vt -0.02143422 0.92036402
vt -0.05317418 0.87433755
vt -0.00262317 1.00018179
vt -0.01101825 0.99460435
vt -0.01068861 0.99567592
vt -0.00495722 0.99536407
vt 0.00034979 0.97407806
vt -0.00035881 0.98439085
vt 0.00493914 0.97407806
vt -0.00767876 0.98562300
vt -0.00851093 0.99177295
vt -0.00200085 0.99177289
vt 0.01254628 0.99406278
vt 0.02887709 0.95930201
vt 0.01835272 0.95902842
vt -0.00566565 0.99470288
vt -0.00706259 0.99790400
vt 0.00125811 1.01134229
vt -0.00091519 0.98451883
vt -0.00779468 0.97608715
vt -0.00161374 0.99867159
vt -0.00161125 0.99867415
vt -0.00564224 0.99472338
vt -0.02493978 1.07121933
vt -0.00536943 0.99506462
vt -0.00157108 0.99660707
vt -0.00541958 0.99502444
vt 0.03118098 0.92498338
vt -0.00180474 0.99672079
vt -0.00719994 0.99327350
vt -0.00721944 0.99326479
vt 0.02560013 1.06346273
vt -0.00360885 1.00110829
vt -0.02398273 0.99416846
vt -0.00292133 0.99754339
vt -0.01617141 1.03508282
vt -0.01107958 1.03519917
vt 0.00029365 1.06331670
vt -0.00030547 1.07884896
vt -0.00283578 0.99763560
vt -0.08397874 1.05792856
vt -0.01372273 0.99129486
vt -0.00564738 0.99472117
vt 0.00208792 0.99641824
vt -0.00794582 1.01954460
vt -0.00590790 0.90895915
vt -0.00280831 0.99766725
vt -0.00572918 0.99467868
vt -0.03311137 0.99677926
vt -0.02930918 0.92661238
vt -0.06901647 0.92347062
vt -0.00836741 0.99307293
vt -0.00754100 0.99922866
vt -0.00103092 0.99922866
vt -0.00980729 0.99769765
vt -0.00535522 0.99502271
vt -0.00418631 1.00535679
vt 0.01997220 0.93123186
vt -0.01529111 1.04337096
vt -0.00478924 0.99562424
vt 0.00206246 0.99338043
vt -0.00225961 0.99047881
vt -0.00671039 0.99382418
vt 0.00746458 1.01126385
vt 0.00172142 0.99755025
vt 0.00452279 0.99858677
vt -0.00616025 0.99511760
vt -0.00579736 0.99470663
vt -0.00584694 0.99466330
vt 0.00081053 0.97898901
vt -0.00596021 0.99435019
vt -0.00419833 0.99726963
vt -0.00101402 0.99932516
vt -0.00437164 1.02379405
vt -0.00102946 0.99931347
vt 0.00721378 1.03040493
vt -0.01629635 0.90895110
vt -0.01036801 0.99012786
vt -0.01036395 0.99013191
vt -0.00453274 0.99137849
vt -0.01345524 1.01224804
vt -0.00410574 0.99667376
vt -0.00409172 0.99668539
vt -0.01263903 1.00044799
vt -0.02318106 0.98748600
vt 0.07794612 0.93143797
vt 0.04223643 0.95081365
vt 0.02819353 0.95457506
vt -0.00575756 0.99477577
vt -0.00618471 0.99448657
vt 0.00080991 1.00177753
vt -0.01359354 1.00657213
vt -0.00616765 0.99414653
vt -0.00616883 0.99414510
vt -0.00616555 0.99414688
vt 0.01753352 0.90925515
vt -0.00557743 0.99489093
vt -0.00496431 0.99536484
vt 0.04173405 1.07039857
vt 0.04452424 1.06857502
vt -0.00729972 0.99322402
vt -0.00732399 0.98933357
vt -0.00730618 0.99322903
vt -0.03717489 1.03373492
vt -0.00568137 0.99478596
vt -0.00450418 0.99260998
vt -0.00576663 0.99471086
vt 0.00731142 0.98660076
vt -0.01234862 0.99711365
vt -0.00506489 0.99498504
vt -0.01204309 0.97901934
vt -0.01030435 0.99017364
vt -0.01229517 0.90968901
vt -0.00851293 0.99201721
vt -0.00338779 0.99186218
vt -0.04462139 0.92198044
vt -0.03255543 1.06878805
vt -0.00241959 0.99596918
vt 0.01871523 0.91113102
vt -0.00839985 1.07450497
vt 0.02186996 0.91162789
vt -0.02308793 1.07800066
vt -0.01641547 0.90569025
vt -0.06250454 0.92264187
vt -0.03583634 0.92608047
vt -0.00509762 0.99525374
vt -0.00509380 0.99525750
vt -0.00619762 0.99410874
vt -0.00628685 0.99403089
vt -0.00347864 0.99586535
vt -0.03714805 1.07093549
vt -0.00361268 0.99280423
vt -0.00541020 0.99502504
vt 0.02178348 0.99394327
vt -0.00947343 0.99102950
vt 0.03692699 0.95670557
vt -0.00951216 0.99099934
vt -0.00721276 0.99328321
vt -0.00723059 0.99327725
vt -0.00350644 0.99148154
vt 0.02823321 1.06738806
vt -0.00955621 0.99095833
vt -0.03456671 0.92165571
vt 0.00249239 1.00554943
vt 0.00083661 0.99483174
vt 0.00198609 0.99204022
vt -0.00710102 0.99619091
vt -0.00693326 0.99631912
vt -0.06323481 1.12932312
vt -0.00529811 0.99511856
vt -0.00596820 0.99287772
vt -0.01705013 0.93263084
vt -0.00834541 0.99213570
vt 0.01407211 1.04881072
vt -0.01145541 0.95376092
vt -0.01646334 0.95450795
vt -0.00830510 0.99216378
vt -0.03151035 0.99446058
vt -0.02527612 1.00277984
vt -0.00774844 0.99320585
vt 0.00754559 1.00397372
vt 0.01283351 1.00640798
vt -0.00576642 1.00081730
vt -0.00579432 0.99453646
vt -0.01169470 0.99421275
vt -0.01355365 1.03022051
vt 0.02467526 0.92611432
vt -0.04103620 1.06329226
vt 0.00030459 0.99480879
vt -0.00590110 1.07619953
vt -0.04160973 0.92362869
vt -0.00970735 1.06872094
vt -0.00929572 0.99116838
vt -0.00616855 0.99415010
vt -0.00624862 0.99407482
vt 0.01531710 0.99351013
vt -0.01910452 0.92978883
vt -0.00071790 1.05023360
vt -0.00557665 0.99028593
vt -0.00365331 0.99057323
vt -0.01695375 0.99006194
vt -0.00565480 0.99482530
vt 0.01301899 0.94028723
vt 0.04114195 0.93402606
vt 0.00031706 0.91200054
vt -0.03298235 0.99565893
vt 0.01883633 1.06093574
vt -0.00634631 0.99413359
vt -0.00853262 0.99754530
vt -0.00695840 0.99018669
vt -0.00986676 0.99075699
vt -0.00716186 0.99336350
vt -0.00181841 0.99863732
vt -0.00186980 0.99859804
vt 0.00591542 0.91872853
vt -0.01100907 0.97648931
vt 0.00455692 0.99923319
vt -0.00910271 0.99181676
vt 0.00639234 0.93424845
vt -0.03810214 1.04972577
vt 0.01408099 0.94779491
vt -0.00524739 0.98907304
vt -0.01234789 0.99292159
vt -0.00493976 0.99522448
vt -0.00451922 0.99568033
vt -0.02892186 0.94706267
vt -0.00952244 0.99098802
vt -0.00714284 0.99330461
vt -0.00811842 0.99683022
vt 0.01106549 0.99605834
vt 0.00149694 0.98955780
vt -0.00156469 0.98562300
vt -0.00166795 0.99874717
vt -0.00166525 0.99874830
vt 0.00484512 0.99874830
vt -0.02683774 0.93865305
vt -0.00885458 0.99675190
vt 0.01661450 1.05244017
vt -0.00570146 0.99477500
vt -0.00629345 0.99403846
vt -0.00576881 0.99471658
vt -0.00569927 0.99477744
vt -0.00137296 0.99662971
vt -0.00521491 0.99519408
vt -0.01623991 1.04704154
vt -0.00239181 0.99820179
vt -0.00698040 0.99820280
vt 0.00219367 0.99819875
vt -0.01209935 0.98811662
vt -0.00356164 1.00659823
vt -0.02099211 0.98200852
vt -0.00739819 0.99320847
vt -0.00739894 0.99320549
vt 0.00333201 1.01448822
vt -0.00121646 1.00268829
vt -0.00753835 0.99275273
vt -0.00338304 0.99881548
vt -0.00906932 0.99134785
vt -0.01041850 0.97737104
vt -0.04998269 1.06922245
vt -0.00761266 1.07623351
vt 0.00096002 0.99019510
vt -0.00895941 0.99901855
vt -0.00517931 0.99501687
vt -0.00949922 0.99626034
vt -0.00758269 0.98653781
vt -0.01249044 0.99424452
vt -0.00334313 0.99116665
vt 0.01067817 1.06643856
vt -0.00511691 0.99534029
vt -0.01301821 0.99486232
vt 0.03886078 0.85673314
vt 0.01560548 0.91244984
vt -0.00882101 0.99676687
vt -0.00362631 0.99696046
vt -0.00291455 0.99757499
vt -0.00587929 1.01393092
vt -0.00497292 0.99574089
vt 0.00333887 0.96902156
vt -0.00170119 0.98094922
vt -0.01442376 1.00752437
vt -0.00615248 0.99414945
vt -0.01015755 1.00012112
vt -0.00509960 1.01697946
vt -0.02547311 0.95436007
vt -0.06040766 0.92613256
vt 0.01851229 1.07318592
vt -0.00737185 0.99318779
vt -0.01093877 0.99515331
vt -0.00623098 0.99422073
vt 0.04866727 1.06064832
vt -0.00622238 0.99422932
vt 0.00564553 0.99639124
vt -0.01949293 1.03034103
vt -0.01114950 1.00428784
vt 0.02359690 1.06687176
vt 0.02834453 1.06319082
vt -0.00605053 0.99738908
vt -0.00992056 0.99069810
vt -0.00846499 0.99179298
vt -0.00220363 0.99314952
vt -0.00446283 0.99563557
vt 0.01227640 0.99898916
vt -0.00548941 0.99492687
vt -0.00548102 0.99489659
vt -0.02122547 1.06910324
vt -0.00897038 0.99118525
vt -0.00601309 0.99435520
vt -0.00600763 0.99436069
vt -0.00089250 0.99398977
vt -0.01473652 0.99476695
vt -0.00627336 0.99416393
vt -0.03911879 0.90811706
vt -0.02710033 0.99423397
vt -0.00717659 0.99350017
vt -0.02972035 0.99381417
vt 0.00394007 0.99953133
vt 0.00050617 0.99610442
vt -0.00347960 1.00270033
vt -0.00884038 0.92302066
vt -0.02805883 0.99387550
vt -0.00602982 0.99434131
vt -0.00602795 0.99433190
vt -0.00591704 0.99442941
vt -0.00602352 0.99435019
vt -0.00602180 0.99434012
vt -0.00165345 0.99826759
vt -0.00112050 0.99428552
vt -0.00490560 0.99518263
vt -0.00490366 0.99514771
vt -0.00488674 0.99516404
vt -0.03001094 0.99718505
vt -0.00573332 1.05947363
vt -0.03070446 0.94012928
vt -0.02797083 0.99587560
vt -0.00564213 0.99471956
vt 0.00754371 1.03113627
vt 0.00007938 1.00844657
vt -0.00363637 1.00698268
vt -0.00350554 0.98819637
vt -0.00036651 0.98268491
vt -0.00369380 1.01282275
vt 0.00477092 0.98280656
vt -0.00150853 0.99886525
vt -0.00769717 0.98251337
vt 0.00595342 0.98371434
vt -0.03543501 0.93221867
vt -0.01093181 0.99570078
vt 0.00120457 0.99511313
vt -0.01115669 0.99590147
vt -0.00148239 0.99875081
vt -0.00482209 0.99549764
vt -0.00490374 0.99542630
vt 0.02603549 1.07780981
vt -0.04713404 0.92397898
vt -0.00546693 0.99504673
vt -0.00041049 0.98793566
vt -0.00777272 0.99476290
vt -0.00590455 0.99457294
vt 0.01561368 0.93465281
vt -0.01262770 0.98262781
vt -0.01114952 0.99897677
vt -0.00935326 0.99115455
vt -0.00063455 0.98992032
vt 0.00234753 0.99099994
vt -0.00412294 0.99564081
vt 0.01914229 0.93897378
vt -0.00529480 0.99505502
vt -0.02936921 1.05117583
vt -0.00484171 0.99558431
vt -0.01860888 1.05495656
vt 0.00251719 0.99589318
vt -0.01315159 0.94076192
vt -0.00913132 0.99130130
vt -0.00262153 0.99130130
vt -0.02261470 0.90494722
vt -0.00919428 0.99100822
vt -0.01297492 0.99578959
vt -0.04030957 0.92397827
vt -0.04943910 0.93891430
vt 0.06096118 1.06217515
vt 0.00635991 0.99820423
vt 0.01598142 0.99496198
vt 0.01828023 0.99492681
vt 0.02227528 1.00257742
vt -0.02925988 0.98153442
vt -0.00922239 0.99169499
vt -0.00921773 0.99169910
vt -0.00275895 0.91282612
vt 0.01637617 0.94018638
vt 0.03488495 1.06832445
vt -0.03193925 0.90880227
vt 0.03175996 1.06847942
vt -0.00665572 0.99393541
vt -0.02660083 0.99331796
vt -0.00666236 0.99392962
vt -0.00824192 0.99196362
vt -0.00868989 0.99155974
vt -0.00941483 0.99654216
vt -0.00858481 1.01400816
vt -0.01765594 0.95628494
vt -0.00071007 0.99954826
vt -0.00634691 0.95576894
vt -0.00480064 0.99561828
vt 0.00030190 0.95961303
vt -0.01627843 1.03218961
vt -0.00144221 0.95971519
vt -0.00263838 0.99777895
vt 0.00313621 0.96003580
vt -0.03133811 0.97518593
vt -0.01947857 0.97478032
vt 0.02498980 1.02302146
vt -0.01011995 0.98009235
vt -0.00698123 0.99340993
vt -0.01241499 0.98260069
vt -0.00994849 0.99045277
vt -0.00450497 1.00389516
vt -0.00061444 1.05247712
vt -0.01170672 0.90895110
vt -0.00335253 0.99602640
vt -0.00823499 0.99197006
vt -0.01206355 0.99197006
vt -0.00523442 0.99953532
vt -0.01009295 0.99353474
vt -0.00652718 0.99974656
vt -0.00467416 0.99618399
vt -0.00694918 0.90885508
vt -0.00540405 0.99503088
vt -0.05997461 0.92594653
vt -0.00291504 0.99770856
vt 0.00219035 0.99491388
vt -0.05350497 0.92222440
vt -0.00661584 0.99767148
vt -0.00737314 0.99767554
vt 0.02150578 1.05099130
vt 0.02744087 1.05065596
vt -0.01076483 0.99569660
vt 0.00103475 0.99513817
vt 0.03596252 1.06995201
vt -0.01030806 0.99016553
vt -0.00718700 1.07815242
vt -0.00766410 1.08002889
vt -0.02327147 0.95535910
vt 0.00540141 1.02872622
vt -0.00774432 0.99271297
vt -0.01528946 1.04386115
vt -0.00519945 0.99526030
vt -0.00257652 0.99783498
vt -0.00260804 0.99780923
vt -0.00356203 0.99688506
vt 0.01368193 0.94806588
vt -0.03780044 1.05703771
vt -0.01273881 0.98046654
vt -0.00538181 0.96804976
vt -0.00506512 0.97688854
vt -0.00738961 1.02797937
vt -0.01933282 1.01412642
vt -0.00388037 0.99040639
vt -0.00997038 0.99042594
vt -0.02660368 0.99566907
vt -0.00508767 0.99133688
vt -0.00627491 0.99807924
vt -0.00603579 0.98293918
vt -0.00474322 0.99563849
vt -0.00473917 0.99564242
vt -0.03067593 0.98641551
vt -0.03215917 0.99675936
vt -0.00671685 0.99355102
vt -0.01798012 1.01774085
vt -0.00384591 0.99268639
vt -0.00984553 1.00046265
vt -0.00930024 0.99488479
vt -0.00685563 0.99373871
vt 0.04618965 0.78569901
vt -0.01652186 0.90783179
vt -0.01364831 0.99385089
vt 0.04655274 0.93837440
vt 0.03854279 0.93796390
vt -0.00593463 0.99442917
vt -0.01885500 1.03106272
vt -0.00519860 0.99520296
vt -0.00573949 1.03585005
vt -0.00449942 1.01022696
vt -0.00992333 0.99124908
vt 0.00695785 0.99502587
vt -0.01597456 1.00278389
vt 0.02746176 0.94094723
vt 0.02670096 0.95788342
vt -0.01840605 0.99747509
vt 0.01038026 0.99635321
vt 0.00757614 1.01446128
vt 0.00987793 1.00077820
vt 0.00967861 0.95622939
vt -0.00957445 0.99433023
vt -0.00694740 0.99331003
vt -0.01147518 0.99337244
vt -0.03212131 1.04953825
vt 0.01295155 0.94631743
vt -0.04382549 0.92415935
vt -0.00929073 0.99768841
vt -0.00278008 0.99768841
vt -0.02230589 0.99006200
vt -0.00827990 0.99178684
vt -0.01787836 0.99692917
vt -0.01585196 0.99839836
vt -0.00867653 0.99147111
vt -0.01315650 0.99114245
vt 0.00443413 0.98097229
vt 0.01430360 0.99587321
vt -0.01742525 1.00698006
vt -0.01580012 0.99775267
vt -0.01443252 0.99998218
vt -0.00629085 0.99462181
vt 0.01154044 0.99857366
vt -0.00805592 0.99236017
vt -0.00456621 1.00711358
vt -0.00805862 0.99235970
vt -0.02264116 0.98095757
vt -0.00809463 0.98495913
vt -0.00555290 0.99479443
vt 0.07630645 0.75181568
vt 0.04867866 0.82676554
vt -0.00847186 0.99173820
vt -0.00839765 0.99180114
vt -0.01070373 0.92331618
vt -0.00566720 0.99094874
vt -0.00081831 1.00135946
vt -0.00165103 0.99826968
vt -0.00670434 0.97688037
vt 0.02968713 1.08218944
vt 0.00006245 0.91332912
vt -0.03948103 0.83982480
vt 0.00100131 0.91315216
vt -0.00046484 0.99968970
vt -0.00046264 0.99969178
vt -0.00227713 0.99620241
vt -0.00149293 1.00325894
vt -0.00044289 0.99973667
vt -0.00110392 0.94243711
vt 0.03100985 0.92651701
vt -0.00606694 0.99857163
vt -0.00041296 0.99968934
vt -0.00556322 0.99492937
vt 0.02025477 0.91845328
vt -0.00536756 0.99512947
vt 0.00405265 0.99460214
vt -0.01360331 0.99138159
vt -0.00552986 0.99809945
vt -0.01114363 0.99765342
vt -0.00873178 1.00058889
vt -0.00631341 0.99405348
vt -0.00368450 1.00099051
vt 0.27145356 0.89481980
vt 0.28103438 0.92209846
vt -0.03830210 1.06514263
vt -0.01305019 0.99122679
vt -0.02367369 1.05483198
vt -0.00759795 0.99733424
vt -0.00253596 0.98104709
vt -0.03169215 0.98889029
vt -0.01178362 0.97425354
vt -0.00909403 1.00389516
vt -0.00744295 0.99296099
vt -0.00032848 1.00682020
vt -0.01432409 0.98999906
vt -0.00810187 1.01051641
vt -0.00510583 0.99525058
vt -0.02291101 0.97843087
vt 0.00886557 0.99673337
vt -0.00342783 0.99162799
vt -0.01941628 0.91976500
vt -0.00617123 0.99415088
vt -0.00413790 0.99642789
vt 0.01923834 1.04500198
vt -0.02853249 0.94083357
vt -0.00324624 0.99696982
vt -0.00324449 0.99697173
vt -0.00079606 0.99940485
vt 0.02273221 0.99336261
vt -0.00636716 0.99412620
vt -0.00494253 1.00260198
vt 0.00450803 1.00058234
vt -0.04614450 0.99586684
vt 0.00369072 1.02516079
vt -0.00195230 1.05655432
vt 0.01159275 1.02397501
vt -0.00941747 0.99367052
vt -0.00223431 1.00059116
vt -0.00085058 0.99142992
vt -0.00576066 1.00409925
vt -0.00372806 0.99672931
vt -0.00706867 0.99153584
vt -0.00334041 0.98717296
vt -0.01008850 0.99532974
vt -0.00530482 0.99129480
vt -0.00717246 1.01588976
vt -0.00538457 0.99123335
vt -0.02439251 0.98580831
vt 0.00072858 0.93110979
vt -0.00904806 0.99125499
vt 0.02657700 0.92323786
vt 0.01345336 0.86265600
vt -0.00894555 0.99133939
vt 0.00196763 0.99836683
vt 0.00336539 1.00083423
vt -0.00183927 0.99838471
vt -0.00212315 1.00142574
vt -0.00380038 0.99634498
vt 0.00376777 0.99797690
vt 0.02148717 0.99700338
vt -0.00577062 0.99162930
vt 0.01055466 0.99890673
vt -0.00383418 0.98870474
vt -0.00755869 0.99299634
vt 0.04012631 1.06306076
vt -0.00755379 0.99300128
vt 0.01281490 1.02758312
vt -0.00628505 0.99393243
vt -0.00637284 0.99385417
vt -0.00636897 0.99385792
vt -0.00644422 0.99377710
vt -0.00644867 0.99377280
vt -0.02505467 1.08036494
vt -0.00464193 0.97612947
vt -0.01231909 0.97267228
vt 0.00120162 0.99693561
vt -0.00492798 0.99550515
vt -0.00493241 0.99550092
vt -0.00498225 0.99545968
vt -0.00500779 0.99544728
vt -0.01740171 1.07104921
vt -0.01337965 1.06891942
vt -0.01340870 0.99073285
vt -0.00932518 0.99092573
vt -0.00978996 0.99268115
vt -0.01424367 0.99803042
vt -0.03871037 0.92789060
vt 0.03079471 1.06340134
vt -0.00341530 0.99680603
vt -0.00616466 0.99581641
vt -0.00549811 1.04220700
vt -0.00732309 0.99316180
vt -0.01566192 0.98905194
vt -0.02210504 1.00317693
vt -0.01686210 1.01013660
vt -0.00513668 0.99692607
vt -0.00772702 0.99274397
vt 0.01595098 1.04879630
vt -0.00772398 0.99274713
vt -0.01989884 0.91697794
vt 0.01706733 1.06226981
vt -0.03210396 0.92774922
vt -0.01180951 0.99691522
vt -0.00577087 0.99063313
vt -0.00593609 0.99443394
vt -0.00593890 0.99442768
vt -0.00692257 0.90567070
vt -0.01062524 0.99340487
vt 0.02544517 1.04013264
vt -0.01035186 1.06821561
vt 0.01027558 1.06857073
vt 0.01967481 1.05108762
vt 0.00476258 0.99868715
vt 0.05291108 1.05672812
vt -0.02944163 1.03873074
vt -0.00847515 0.99270803
vt -0.00829057 0.99189693
vt -0.01626429 1.01070833
vt -0.01576038 0.82249188
vt -0.00185647 0.99307293
vt -0.00440416 1.00812054
vt -0.00216922 0.99810296
vt -0.00603143 0.99434578
vt -0.00630576 0.98836941
vt -0.00869737 0.99155301
vt 0.03042135 0.95465040
vt -0.03181605 1.03578615
vt -0.00624516 0.99396908
vt -0.00628522 0.99393749
vt -0.00606397 0.98045421
vt -0.00493940 0.99537224
vt -0.00400871 0.98011214
vt -0.01204574 0.99776411
vt 0.00446014 0.98687208
vt -0.01450422 0.99070287
vt -0.00660235 0.98678076
vt -0.00540188 0.99503326
vt -0.00653728 1.07972217
vt -0.01383471 0.99085212
vt -0.00942518 0.99105418
vt -0.00831881 1.01329625
vt -0.00943535 0.99104738
vt 0.00187752 0.99205244
vt 0.05429013 1.04824877
vt -0.00160403 0.96796495
vt -0.01355635 1.01516056
vt -0.01998693 1.08211064
vt -0.01278815 0.99156004
vt -0.00611271 1.07394147
vt 0.02019374 1.01613247
vt 0.03285479 1.03571188
vt -0.05365731 0.93929625
vt 0.00332917 0.99945962
vt -0.02750773 1.08131182
vt -0.01910979 0.99430496
vt -0.00498962 0.99545914
vt 0.00261297 0.99579811
vt -0.01604968 0.99252993
vt -0.01588174 0.99251395
vt -0.01025738 0.99053806
vt -0.01405998 0.98778701
vt -0.01128949 0.98318571
vt -0.00271491 0.99482411
vt -0.01305492 0.84318471
vt -0.03368727 0.92856908
vt -0.00745745 0.99641305
vt -0.05537785 0.92588037
vt -0.00382786 0.99639171
vt -0.01081587 0.99079651
vt -0.01090168 0.99079072
vt -0.00881300 0.99144858
vt 0.00968009 0.97740030
vt -0.00354423 0.99689949
vt 0.00390103 0.97499520
vt -0.00181820 1.07763541
vt 0.00150852 0.98023069
vt -0.00061837 0.98056161
vt -0.00559295 0.96710294
vt 0.00201792 0.97063285
vt -0.00406834 1.00386369
vt -0.00377967 0.99714851
vt -0.01891821 1.00704229
vt 0.00137765 0.99909449
vt -0.00068589 0.99956501
vt -0.00492138 0.99099934
vt 0.01095301 0.99559999
vt 0.01106005 0.99119955
vt -0.01513430 1.01445127
vt -0.01237219 0.99065810
vt -0.00082471 0.98721826
vt -0.00450604 0.98709774
vt -0.02443665 0.99200130
vt -0.01064419 0.99365675
vt 0.00344075 0.99198931
vt -0.01899260 0.97663283
vt -0.00117926 0.99912035
vt -0.01831319 0.98874265
vt -0.00720232 1.06694472
vt -0.00139364 0.99649799
vt -0.01081871 1.05828273
vt 0.00714032 0.95902258
vt -0.00358544 0.99686748
vt -0.01053143 1.04658926
vt 0.03987433 1.06130135
vt 0.00486968 1.00179613
vt 0.00870341 0.99927121
vt -0.00416641 0.99072361
vt -0.01019636 0.99025393
vt -0.00368571 0.99025393
vt -0.00975766 0.99052113
vt -0.00069962 0.98946124
vt 0.00375439 0.99888253
vt -0.00322664 1.02797937
vt -0.02315418 0.94175553
vt -0.00602251 0.99026501
vt -0.00598706 0.99863189
vt -0.00041500 0.99970073
vt -0.00255625 1.00014758
vt 0.00730752 0.91540325
vt -0.00367346 0.99376822
vt -0.01925636 0.95626873
vt -0.00574343 0.99474835
vt -0.00881556 0.99652791
vt -0.02506904 1.05276906
vt -0.02718025 0.94923556
vt -0.00262951 0.99779618
vt -0.00792143 0.99623710
vt -0.00950529 0.99101490
vt -0.00286392 1.07839096
vt 0.03990288 0.92482227
vt -0.00671229 0.99352336
vt -0.00132394 0.92037964
vt -0.02526530 0.92436659
vt -0.01439898 0.91298449
vt -0.01027817 0.99018914
vt -0.01027241 0.99019486
vt -0.02450550 0.91502583
vt -0.00552168 1.06810474
vt -0.00181966 0.99702632
vt 0.00026127 1.00161099
vt 0.00007483 1.00451374
vt -0.00229199 1.00102448
vt -0.06329252 0.92691606
vt 0.00363637 0.99966371
vt -0.01594106 1.01310813
vt -0.00985944 0.99043608
vt -0.01765444 0.99719995
vt -0.00972643 1.00231361
vt -0.00444916 1.00796914
vt -0.00156649 0.99861550
vt 0.01657416 1.04401183
vt -0.00819407 0.93806583
vt -0.01039399 0.93861604
vt 0.02599414 1.05529237
vt -0.00896755 0.99118811
vt -0.00482490 0.99654216
vt -0.00833443 0.99184859
vt -0.00624066 0.90778869
vt 0.00035204 1.00092566
vt 0.00665854 1.04918242
vt -0.02384250 0.95396316
vt -0.01575409 0.99161160
vt -0.00571508 0.99450475
vt -0.00571162 0.99450809
vt -0.00882761 0.98918402
vt -0.01351335 0.99271131
vt -0.00549484 0.99092865
vt 0.00521126 0.97896397
vt -0.00475674 1.00111115
vt -0.00716735 0.99908817
vt -0.00269070 0.99460566
vt -0.01406393 0.92940843
vt -0.02278476 1.00697243
vt -0.00547723 1.00715542
vt -0.01399381 0.99835950
vt -0.00541362 0.99478096
vt -0.02544579 0.99358296
vt -0.01567659 0.99270076
vt -0.06026730 1.06241560
vt -0.00558287 1.07597601
vt 0.01503861 1.06710494
vt 0.07871441 0.89654994
vt -0.02013342 0.99534476
vt 0.01956380 1.02523959
vt -0.03497729 1.10425484
vt 0.00059198 1.04221010
vt -0.03222641 1.05066097
vt -0.01500276 1.01299858
vt -0.00086168 0.94677389
vt 0.00276283 0.93163055
vt -0.00069738 0.99956244
vt -0.01118179 0.97152680
vt -0.01224480 0.98299074
vt -0.00740245 0.99260223
vt -0.02443290 1.00160706
vt -0.00324641 0.99652874
vt -0.00899048 0.99130380
vt -0.01900405 1.06355608
vt 0.03080930 1.00410378
vt -0.01884528 0.99862903
vt -0.05018909 0.91594511
vt -0.00771007 0.99282962
vt -0.02313635 0.90591609
vt -0.04531354 0.91493422
vt 0.00171317 1.05933797
vt -0.00196412 0.99143320
vt -0.00222433 0.99659210
vt -0.00186008 0.99836683
vt -0.00059620 0.99962449
vt -0.00597135 0.99442422
vt -0.00545919 0.99505681
vt -0.05137393 1.07461452
vt -0.00588130 0.99450225
vt -0.00653841 0.99368984
vt -0.00375152 0.99646360
vt 0.05572220 1.06466150
vt -0.00915935 0.99119234
vt 0.00171501 1.00244439
vt -0.00754920 0.99311095
vt -0.02182548 0.98857480
vt -0.02795259 1.00591183
vt 0.05836169 0.93415630
vt -0.02544531 0.99687594
vt -0.00460378 0.99576992
vt -0.00030462 1.01086068
vt -0.00553786 0.99520141
vt 0.00535134 0.98584157
vt 0.01478927 1.08866215
vt -0.00337599 0.99682826
vt -0.00353102 0.99668318
vt 0.00385498 1.07996070
vt -0.00337372 0.99683070
vt -0.00663013 0.99359071
vt -0.00206895 0.99793524
vt 0.00097817 0.99743629
vt 0.03550289 1.06728363
vt -0.01237444 0.99139041
vt -0.01008150 0.99046725
vt -0.05030404 0.91352093
vt -0.00065259 0.98016733
vt -0.00573272 0.99457264
vt -0.01090171 1.00861514
vt -0.01171046 1.04459250
vt -0.00787844 0.90895110
vt -0.01297432 0.99602091
vt -0.00925228 0.99770927
vt 0.00201762 1.00886357
vt -0.00570914 0.99478382
vt -0.00899204 0.99130219
vt -0.02117088 0.99921471
vt 0.10746607 1.12437034
vt 0.00504732 1.00302756
vt -0.00716932 0.99281114
vt -0.01307627 0.99222267
vt -0.00294750 1.01260793
vt -0.00621803 0.99390405
vt -0.02436145 0.98787487
vt -0.00332150 0.93014812
vt -0.00517747 0.99530751
vt -0.00526401 0.99523318
vt -0.00057472 0.99389458
vt -0.03416475 1.06907642
vt -0.00554074 0.99480629
vt -0.00556996 0.99477905
vt -0.01235726 0.99913359
vt -0.01178038 1.00702465
vt -0.03796087 0.95420367
vt -0.00423803 1.07450497
vt -0.00368939 0.99606210
vt -0.00354807 0.99620038
vt 0.00353567 0.96671134
vt 0.00368111 0.99016935
vt 0.00740090 0.98891586
vt 0.00261285 1.00000763
vt -0.02224760 1.00845075
vt 0.01356863 0.99353606
vt -0.01732258 0.99235374
vt -0.00455520 1.00632572
vt -0.00249387 0.99788612
vt -0.00571274 1.00013030
vt -0.01119179 0.98083007
vt -0.00611842 0.99424481
vt 0.01502886 1.05370212
vt -0.00897130 0.98286211
vt -0.00106483 0.99928999
vt -0.00389982 0.99634480
vt -0.00533121 0.99069810
vt -0.02603902 0.99407881
vt -0.00185551 0.98227680
vt 0.00597955 1.02265990
vt -0.01811597 0.92595339
vt -0.00842558 0.99448460
vt -0.01026418 1.00632417
vt -0.00261611 1.02115011
vt -0.00827597 0.99678051
vt 0.01762404 0.94067347
vt -0.00185703 0.93482959
vt -0.00885442 0.98776627
vt -0.01105175 0.99229628
vt 0.01301692 0.99767542
vt -0.01594924 0.98036498
vt -0.00792753 1.00201225
vt -0.00141339 0.92079985
vt -0.00521031 0.99471337
vt -0.00906298 0.99953532
vt -0.04194728 1.13478982
vt -0.00225382 0.99561805
vt -0.00351526 0.98979932
vt -0.00286847 0.99524254
vt -0.00613223 0.99852192
vt 0.01045615 1.01536179
vt -0.00416389 0.99402893
vt -0.06391969 0.92719710
vt -0.00493463 0.99538106
vt -0.00474654 0.98992652
vt -0.00550006 0.99482024
vt -0.01006347 0.99086607
vt -0.01359209 0.99719256
vt -0.00550308 0.99686748
vt 0.02749105 1.06443942
vt -0.00820980 1.06651723
vt -0.05818682 1.04915750
vt 0.00221776 0.98758656
vt 0.00556106 0.97679710
vt -0.01153341 1.00546551
vt 0.00153776 1.01307392
vt 0.00310426 0.98506176
vt -0.00583931 1.00100315
vt -0.00546868 0.99505830
vt -0.04965386 1.07114136
vt -0.00537283 0.99512953
vt -0.01543492 0.99346143
vt -0.01635636 1.04786313
vt -0.00840661 0.99805486
vt -0.00312168 0.99675477
vt -0.00230269 0.99804503
vt -0.00880958 0.99112654
vt -0.00556392 0.99494797
vt -0.00547952 0.99645418
vt -0.00100169 0.99891847
vt -0.00361512 0.99616736
vt -0.00860756 1.00982130
vt -0.00537977 0.98961169
vt -0.00106760 0.99928719
vt 0.00024071 0.99601233
vt -0.01294876 0.99459326
vt 0.02818674 1.02091599
vt 0.00186995 0.99311173
vt -0.00671397 0.98615974
vt -0.01323085 0.99058229
vt -0.00338745 0.98588318
vt -0.00834836 0.99124396
vt 0.00622826 0.95790344
vt -0.00173236 0.99870110
vt -0.00493361 0.99538630
vt 0.02385863 1.06895733
vt -0.00355710 0.99695575
vt -0.00549989 1.08521795
vt 0.00140264 0.98266786
vt -0.00697834 0.97700882
vt -0.00874634 0.95292598
vt -0.00069201 0.99644625
vt -0.01289350 1.07848287
vt -0.00079888 0.99940109
vt -0.00496063 0.99536079
vt 0.01211078 0.99156523
vt -0.03189543 1.01549971
vt -0.00345240 1.02636790
vt -0.00083852 0.99944890
vt -0.00441365 0.99886239
vt 0.00649771 0.99856627
vt -0.00146640 0.90654445
vt 0.00098247 1.04182625
vt -0.00592161 0.99449903
vt -0.01377541 0.99125439
vt -0.01654299 0.95261109
vt -0.00637909 0.99409258
vt -0.01067568 0.99012655
vt -0.00083934 0.99723959
vt 0.00018699 0.97946155
vt -0.00426672 0.99633443
vt 0.03941451 1.06908679
vt -0.01006954 0.99650186
vt -0.01081365 0.99632555
vt -0.01425401 0.99547571
vt -0.01646472 0.96306735
vt -0.00961335 0.99091637
vt -0.01285242 0.99151313
vt -0.00783816 1.04594588
vt -0.00557822 0.99476880
vt -0.00558377 0.99476552
vt -0.00629598 1.07942855
vt 0.01403702 0.92720509
vt -0.00228085 0.99829012
vt -0.00111014 0.99924576
vt -0.01106959 0.93223912
vt -0.01680534 1.00285673
vt 0.00236531 0.99659210
vt 0.00659960 0.94779223
vt -0.01026108 1.00550675
vt 0.00653838 0.97682244
vt -0.00034587 0.99691021
vt -0.01033517 1.00664449
vt -0.03010226 0.95609927
vt -0.00848255 0.99422920
vt -0.00548340 0.99093658
vt -0.00494271 0.99057901
vt -0.00172336 0.99870890
vt -0.00740463 0.99656337
vt 0.03010231 1.06114113
vt -0.00669675 0.99981129
vt -0.00782587 0.99130976
vt -0.01245028 1.00572121
vt 0.00295201 0.99697155
vt -0.01309011 0.99938482
vt -0.00140657 0.99895602
vt -0.01294313 0.99004161
vt -0.01576448 0.99117899
vt -0.00128470 0.99579400
vt -0.00072829 0.99119610
vt -0.01532803 0.99567741
vt -0.01733565 0.95791841
vt 0.01008113 0.99302381
vt -0.02177121 0.99659204
vt 0.01574463 0.99138677
vt -0.00819329 1.00645387
vt 0.00234999 0.97686493
vt -0.00941165 1.00470984
vt -0.01187633 1.00211823
vt -0.00475962 0.99528170
vt -0.00527401 0.99786752
vt 0.01621759 0.99631131
vt -0.01854756 0.99661112
vt -0.00799070 0.99297172
vt -0.01965622 1.00069070
vt -0.00844355 0.99265498
vt -0.00818818 0.99217284
vt -0.01415336 0.99477756
vt -0.00420102 0.99056530
vt -0.01613092 0.95118302
vt -0.02598041 0.93555802
vt 0.01335002 1.04180694
vt 0.00695301 1.02166295
vt -0.02245016 1.01091075
vt -0.02150044 1.00750601
vt 0.03369636 0.95270020
vt 0.00930156 0.99405468
vt -0.00594800 0.99450386
vt -0.05545665 1.06620228
vt -0.00576931 0.99465466
vt -0.00588334 0.99451929
vt -0.00597248 0.99444127
vt 0.06199190 1.06785393
vt -0.01002231 0.95961064
vt 0.02915645 0.92574561
vt -0.00588599 0.99459124
vt 0.03381474 1.06698072
vt 0.02439862 0.93124521
vt -0.00576728 0.99461627
vt -0.06359012 1.06248331
vt 0.00598630 1.06398761
vt -0.00617777 0.99421501
vt -0.00752400 0.96711951
vt 0.04207195 0.94021761
vt -0.01793561 0.99428809
vt -0.02980887 0.95518845
vt 0.29637340 1.24391377
vt 0.01871335 1.05032063
vt 0.03617533 0.94921863
vt -0.00191641 0.94648182
vt -0.02572359 0.95278889
vt 0.05276947 0.96113503
vt 0.02898058 0.95926332
vt -0.01991797 0.97219652
vt -0.02739305 0.99492645
vt -0.00900855 0.99138570
vt -0.00431739 1.02010286
vt 0.03957665 0.99752998
vt 0.03209348 1.02152407
vt 0.01543380 0.99543327
vt -0.01386781 1.03110445
vt -0.00838885 1.01254737
vt 0.00320325 1.00257754
vt -0.00603201 0.99892747
vt 0.00623611 1.01948619
vt -0.01636063 0.97648931
vt -0.02549987 0.98264575
vt -0.04834095 0.97879183
vt 0.00675521 0.98508155
vt 0.00978570 0.98097295
vt -0.00899288 0.99140751
vt -0.00899885 0.99140310
vt 0.00738384 1.01402080
vt -0.00313705 0.98428720
vt -0.01256757 0.98852688
vt -0.00864286 0.99166906
vt -0.02393505 1.00698006
vt -0.00904594 1.01282275
vt -0.00601341 0.97870356
vt -0.00371804 0.99134785
vt 0.00115714 0.99810982
vt 0.00336294 0.99940103
vt 0.02032427 0.94150293
vt 0.00033986 0.99760836
vt -0.00777932 0.99874830
vt -0.00778231 0.99874717
vt -0.01422529 0.99086601
vt -0.00860231 0.99170560
vt -0.00336765 0.99069875
vt -0.00151396 0.99885982
vt -0.03924743 1.03251982
vt -0.00836673 1.04278433
vt -0.01351242 0.99115568
vt -0.01650496 0.99010348
vt -0.00609027 1.07544112
vt -0.01093329 1.07597613
vt -0.00424603 0.99012631
vt -0.00828377 0.91298449
vt 0.02282828 0.97132480
vt -0.00258191 0.99782962
vt -0.00695405 0.99867982
vt -0.00926560 0.99770689
vt -0.00669971 0.93072683
vt -0.00983996 0.99032128
vt -0.00734700 1.06795132
vt -0.00267430 0.99776161
vt -0.00931228 0.99115831
vt -0.00207461 1.07447064
vt -0.00685808 0.97010797
vt -0.00325991 1.06638825
vt -0.00920733 1.07850683
vt -0.00184095 0.99861830
vt -0.00663119 0.90779448
vt -0.00279779 0.99767220
vt -0.00062586 0.96671134
vt -0.00214448 0.97063285
vt -0.00510643 0.99004894
vt 0.00017658 1.16317868
vt -0.01736371 0.90338796
vt -0.01673349 0.97816974
vt -0.00240930 0.99796247
vt -0.00541576 1.08759546
vt -0.01233667 1.08573079
vt -0.01459574 1.01518655
vt 0.02142700 0.97005469
vt -0.01034673 0.99013430
vt -0.00277423 0.99768811
vt 0.07242388 0.75031370
vt -0.00883570 0.99772936
vt -0.01960400 0.95445502
vt -0.00371504 0.99076647
vt -0.00390824 0.95961064
vt 0.00000000 0.99998999
vt 0.00001000 1.00000000
vt 0.00001000 1.00000000
vt 0.00001000 1.00000000
vt 0.00001000 1.00000000
vt -0.00000000 0.99998999
vt 0.36961919 0.57926601
vt 0.30424616 0.48402989
vt 0.30950981 0.47010970
vt 0.00001000 1.00000000
vt 0.00001000 1.00000000
vt -0.00000000 0.99998999
vt 0.00000000 0.99998999
vt 0.00000000 0.99998999
vt 0.00000000 0.99998999
vt 0.00001000 1.00000000
vt -0.00000000 1.00000000
vt 0.00000000 1.00000000
vt 0.00000000 1.00000000
vt 0.00000000 1.00000000
vt 0.00000000 0.99998999
vt 0.00001000 1.00000000
vt 0.00000000 0.99998999
vt 0.00000000 1.00000000
vt 0.00000000 0.99998999
vt 0.00001000 1.00000000
vt 0.00001000 1.00000000
vt -0.00000000 0.99998999
vt 0.57478082 0.90983564
vt 0.50052488 0.81741780
vt 0.50850546 0.79684055
vt -0.00000000 1.00000000
vt 0.00001000 1.00000000
vt 0.00000000 1.00000000
vt 0.64629948 0.96411598
vt 0.58281672 0.88931811
vt 0.57478082 0.90983564
vt 0.00001000 1.00000000
vt 0.00000000 0.99998999
vt 0.00000000 0.99998999
vt 0.00000000 1.00000000
vt 0.70459813 1.02896583
vt 0.65495467 0.94220084
vt 0.71338362 1.00685060
vt -0.00000000 0.99998999
vt -0.00000000 0.99998999
vt -0.00000000 1.00000000
vt 0.00000000 1.00000000
vt 0.00000000 1.00000000
vt 0.00000000 0.99998999
vt 0.44010901 0.67573309
vt 0.36961919 0.57926601
vt 0.36149675 0.60060924
vt 0.17943531 0.31927800
vt 0.18783480 0.29656881
vt 0.14156118 0.21449947
vt 0.81223989 1.14248228
vt 0.77218592 1.06948662
vt 0.76335698 1.09159946
vt 0.00000000 0.99998999
vt 0.00001000 1.00000000
vt 0.00000000 1.00000000
vt 0.00000000 1.00000000
vt 0.00000000 0.99998999
vt 0.00001000 1.00000000
vt -0.00000000 1.00000000
vt -0.00000000 0.99998999
vt 0.00001000 1.00000000
vt 0.00001000 1.00000000
vt -0.00000000 0.99998999
vt -0.00000000 0.99998999
vt 0.00000000 1.00000000
vt -0.00000000 1.00000000
vt 0.00000000 1.00000000
vt -0.00000000 0.99998999
vt 0.00000000 1.00000000
vt 0.00001000 1.00000000
vt -0.00000000 1.00000000
vt 0.00001000 1.00000000
vt 0.00001000 1.00000000
vt 0.00000000 0.99998999
vt 0.00001000 1.00000000
vt -0.00000000 1.00000000
vt -0.00000000 1.00000000
vt 0.00000000 1.00000000
vt 0.00001000 1.00000000
vt -0.00000000 1.00000000
vt 0.00001000 1.00000000
vt 0.00001000 1.00000000
vt 0.00000000 0.99998999
vt -0.00000000 0.99998999
vt 0.00001000 1.00000000
vt -0.00000000 0.99998999
vt 0.00000000 0.99998999
vt 0.00001000 1.00000000
vt -0.00000000 0.99998999
vt -0.00000000 1.00000000
vt 0.00000000 1.00000000
vt 0.00000000 1.00000000
vt 0.00000000 0.99998999
vt 0.00000000 1.00000000
vt 0.00001000 1.00000000
vt 0.00001000 1.00000000
vt 0.00001000 1.00000000
vt 0.00000000 0.99998999
vt 0.00001000 1.00000000
vt 0.00001000 1.00000000
vt 0.00001000 1.00000000
vt 0.00001000 1.00000000
vt 0.28808129 0.52693492
vt 0.22637744 0.43227273
vt 0.23463976 0.41011173
vt 0.00000000 1.00000000
vt -0.00000000 1.00000000
vt 0.00001000 1.00000000
vt 0.00001000 1.00000000
vt -0.00000000 1.00000000
vt 0.00000000 1.00000000
vt 0.00001000 1.00000000
vt -0.00000000 1.00000000
vt -0.00000000 1.00000000
vt 0.00000000 1.00000000
vt -0.00000000 0.99998999
vt 0.00001000 1.00000000
vt 0.00000000 0.99998999
vt 0.00001000 1.00000000
vt 0.00001000 1.00000000
vt 0.00000000 1.00000000
vt 0.00000000 0.99998999
vt 0.00001000 1.00000000
vt 0.00001000 1.00000000
vt -0.00000000 1.00000000
vt 0.00000000 1.00000000
vt 0.00000000 0.99998999
vt 0.00001000 1.00000000
vt -0.00000000 0.99998999
vt -0.00000000 0.99998999
vt 0.00000000 1.00000000
vt 0.00000000 0.99998999
vt 0.00000000 0.99998999
vt -0.00000000 1.00000000
vt -0.00000000 0.99998999
vt 0.00000000 0.99998999
vt 0.00001000 1.00000000
vt 0.00001000 1.00000000
vt 0.00000000 1.00000000
vt 0.00001000 1.00000000
vt 0.00001000 1.00000000
vt 0.00001000 1.00000000
vt 0.00001000 1.00000000
vt -0.00000000 1.00000000
vt -0.00000000 1.00000000
vt 0.00000000 0.99998999
vt -0.00000000 0.99998999
vt 0.00001000 1.00000000
vt 0.00000000 0.99998999
vt 0.00000000 1.00000000
vt 0.00000000 0.99998999
vt -0.00000000 0.99998999
vt 0.00001000 1.00000000
vt 0.00000000 0.99998999
vt -0.00000000 0.99998999
vt 0.00000000 0.99998999
vt 0.00001000 1.00000000
vt 0.00000000 0.99998999
vt 0.00000000 0.99998999
vt -0.00000000 1.00000000
vt -0.00000000 1.00000000
vt 0.00000000 0.99998999
vt 0.00000000 0.99998999
vt 0.00001000 1.00000000
vt 0.00000000 0.99998999
vt 0.00001000 1.00000000
vt 0.00000000 0.99998999
vt -0.00000000 1.00000000
vt 0.00000000 1.00000000
vt 0.00000000 1.00000000
vt 0.00001000 1.00000000
vt 0.00001000 1.00000000
vt 0.00001000 1.00000000
vt -0.00000000 1.00000000
vt 0.00001000 1.00000000
vt 0.00000000 1.00000000
vt 0.29614085 0.50552797
vt 0.00000000 0.99998999
vt -0.00000000 0.99998999
vt 0.00000000 1.00000000
vt -0.00000000 1.00000000
vt 0.13296950 0.23794425
vt 0.10719984 0.15082932
vt 0.09849681 0.17476380
vt -0.00000000 0.99998999
vt 0.00001000 1.00000000
vt 0.00000000 1.00000000
vt 0.00000000 0.99998999
vt -0.00000000 0.99998999
vt 0.00000000 0.99998999
vt 0.00001000 1.00000000
vt 0.00000000 0.99998999
vt 0.00000000 0.99998999
vt 0.00001000 1.00000000
vt 0.00001000 1.00000000
vt 0.00001000 1.00000000
vt 0.00001000 1.00000000
vt -0.00000000 1.00000000
vt 0.00000000 1.00000000
vt -0.00000000 1.00000000
vt 0.00000000 1.00000000
vt 0.00000000 1.00000000
vt 0.00001000 1.00000000
vt 0.00001000 1.00000000
vt -0.00000000 0.99998999
vt -0.00000000 0.99998999
vt 0.00001000 1.00000000
vt 0.00000000 1.00000000
vt -0.00000000 0.99998999
vt 0.00000000 0.99998999
vt -0.00000000 1.00000000
vt 0.00001000 1.00000000
vt 0.00000000 1.00000000
vt 0.00000000 0.99998999
vt 0.00000000 0.99998999
vt 0.00000000 1.00000000
vt 0.00001000 1.00000000
vt 0.00001000 1.00000000
vt -0.00000000 1.00000000
vt 0.00001000 1.00000000
vt 0.00001000 1.00000000
vt -0.00000000 1.00000000
vt -0.00000000 0.99998999
vt 0.00000000 1.00000000
vt -0.00000000 1.00000000
vt 0.00001000 1.00000000
vt 0.00000000 1.00000000
vt -0.00000000 1.00000000
vt 0.00001000 1.00000000
vt 0.00001000 1.00000000
vt 0.00001000 1.00000000
vt -0.00000000 1.00000000
vt 0.00000000 1.00000000
vt 0.00001000 1.00000000
vt 0.00001000 1.00000000
vt -0.00000000 0.99998999
vt 0.00001000 1.00000000
vt 0.00001000 1.00000000
vt 0.00000000 1.00000000
vt -0.00000000 0.99998999
vt 0.00000000 1.00000000
vt 0.00001000 1.00000000
vt 0.00001000 1.00000000
vt 0.00001000 1.00000000
vt 0.00001000 1.00000000
vt 0.00001000 1.00000000
vt -0.00000000 0.99998999
vt -0.00000000 1.00000000
vt 0.00001000 1.00000000
vt 0.17092595 0.34232289
vt 0.13296950 0.23794425
vt 0.17943531 0.31927800
vt 0.00000000 1.00000000
vt -0.00000000 1.00000000
vt -0.00000000 0.99998999
vt 0.00000000 1.00000000
vt 0.00000000 1.00000000
vt -0.00000000 1.00000000
vt 0.12423681 0.26181811
vt 0.08381394 0.21527791
vt 0.08963776 0.19917762
vt 0.00001000 1.00000000
vt 0.00000000 0.99998999
vt -0.00000000 1.00000000
vt 0.00000000 1.00000000
vt 0.00001000 1.00000000
vt 0.00000000 1.00000000
vt 0.00000000 0.99998999
vt -0.00000000 0.99998999
vt -0.00000000 0.99998999
vt 0.00000000 1.00000000
vt -0.00000000 1.00000000
vt 0.00000000 0.99998999
vt -0.00000000 1.00000000
vt 0.00001000 1.00000000
vt 0.00000000 0.99998999
vt 0.00001000 1.00000000
vt 0.00001000 1.00000000
vt -0.00000000 1.00000000
vt 0.84091049 1.17207980
vt 0.81223989 1.14248228
vt 0.82106614 1.12046182
vt -0.00000000 0.99998999
vt 0.00000000 1.00000000
vt 0.00001000 1.00000000
vt 0.00001000 1.00000000
vt 0.00001000 1.00000000
vt 0.00001000 1.00000000
vt 0.00001000 1.00000000
vt 0.00001000 1.00000000
vt 0.00001000 1.00000000
vt 0.00000000 0.99998999
vt 0.00001000 1.00000000
vt -0.00000000 1.00000000
vt 0.00000000 0.99998999
vt 0.00000000 1.00000000
vt 0.00001000 1.00000000
vt 0.00000000 0.99998999
vt 0.00001000 1.00000000
vt 0.00001000 1.00000000
vt -0.00000000 1.00000000
vt -0.00000000 0.99998999
vt 0.00001000 1.00000000
vt -0.00000000 1.00000000
vt 0.00001000 1.00000000
vt 0.00000000 1.00000000
vt -0.00000000 1.00000000
vt 0.00001000 1.00000000
vt -0.00000000 0.99998999
vt 0.00001000 1.00000000
vt 0.00001000 1.00000000
vt -0.00000000 0.99998999
vt 0.00001000 1.00000000
vt -0.00000000 0.99998999
vt 0.00000000 0.99998999
vt 0.00001000 1.00000000
vt 0.00000000 1.00000000
vt 0.00001000 1.00000000
vt 0.00001000 1.00000000
vt -0.00000000 0.99998999
vt 0.00001000 1.00000000
vt 0.00001000 1.00000000
vt 0.00000000 1.00000000
vt 0.00000000 0.99998999
vt -0.00000000 1.00000000
vt 0.00000000 1.00000000
vt 0.00001000 1.00000000
vt 0.00000000 1.00000000
vt 0.00000000 1.00000000
vt 0.00000000 0.99998999
vt 0.00000000 0.99998999
vt 0.00001000 1.00000000
vt 0.00000000 1.00000000
vt 0.00001000 1.00000000
vt 0.00001000 1.00000000
vt -0.00000000 0.99998999
vt 0.80424696 1.16243684
vt 0.00000000 1.00000000
vt -0.00000000 1.00000000
vt 0.00000000 1.00000000
vt 0.00001000 1.00000000
vt 0.00000000 1.00000000
vt 0.00001000 1.00000000
vt -0.00000000 1.00000000
vt 0.00001000 1.00000000
vt -0.00000000 1.00000000
vt 0.00000000 1.00000000
vt 0.00001000 1.00000000
vt 0.00000000 0.99998999
vt 0.00001000 1.00000000
vt 0.00000000 0.99998999
vt 0.00001000 1.00000000
vt -0.00000000 1.00000000
vt 0.00001000 1.00000000
vt 0.00000000 1.00000000
vt 0.00001000 1.00000000
vt -0.00000000 1.00000000
vt 0.00001000 1.00000000
vt 0.00001000 1.00000000
vt -0.00000000 1.00000000
vt 0.00001000 1.00000000
vt 0.00000000 1.00000000
vt -0.00000000 1.00000000
vt 0.00000000 0.99998999
vt -0.00000000 1.00000000
vt 0.00000000 1.00000000
vt 0.00000000 1.00000000
vt 0.00000000 0.99998999
vt -0.00000000 1.00000000
vt 0.00000000 0.99998999
vt -0.00000000 1.00000000
vt 0.00000000 0.99998999
vt 0.00001000 1.00000000
vt 0.00001000 1.00000000
vt -0.00000000 1.00000000
vt 0.00000000 1.00000000
vt 0.00001000 1.00000000
vt 0.00000000 1.00000000
vt 0.00001000 1.00000000
vt -0.00000000 1.00000000
vt 0.00000000 0.99998999
vt -0.00000000 0.99998999
vt 0.00001000 1.00000000
vt 0.00001000 1.00000000
vt 0.00001000 1.00000000
vt 0.00001000 1.00000000
vt 0.00000000 0.99998999
vt 0.00000000 1.00000000
vt -0.00000000 1.00000000
vt 0.50850546 0.79684049
vt 0.50052488 0.81741780
vt 0.00000000 0.99998999
vt 0.00001000 1.00000000
vt 0.00001000 1.00000000
vt 0.00001000 1.00000000
vt -0.00000000 0.99998999
vt 0.00001000 1.00000000
vt -0.00000000 0.99998999
vt -0.00000000 0.99998999
vt 0.00001000 1.00000000
vt 0.00001000 1.00000000
vt -0.00000000 1.00000000
vt -0.00000000 0.99998999
vt -0.00000000 0.99998999
vt 0.00001000 1.00000000
vt 0.00001000 1.00000000
vt 0.58281672 0.88931811
vt 0.51684833 0.77535093
vt 0.59130698 0.86766005
vt 0.00000000 0.99998999
vt 0.00000000 0.99998999
vt 0.00000000 1.00000000
vt 0.00001000 1.00000000
vt -0.00000000 1.00000000
vt -0.00000000 0.99998999
vt -0.00000000 1.00000000
vt 0.00000000 0.99998999
vt 0.00000000 1.00000000
vt 0.00000000 1.00000000
vt 0.00000000 1.00000000
vt 0.00001000 1.00000000
vt 0.00000000 1.00000000
vt 0.00000000 0.99998999
vt 0.00001000 1.00000000
vt 0.00001000 1.00000000
vt 0.00001000 1.00000000
vt -0.00000000 1.00000000
vt 0.00000000 0.99998999
vt 0.00000000 1.00000000
vt 0.00000000 1.00000000
vt -0.00000000 0.99998999
vt 0.00000000 0.99998999
vt 0.76335698 1.09159946
vt 0.77218592 1.06948662
vt 0.00000000 1.00000000
vt 0.00000000 0.99998999
vt 0.00001000 1.00000000
vt 0.00001000 1.00000000
vt 0.00000000 1.00000000
vt 0.00001000 1.00000000
vt 0.00001000 1.00000000
vt 0.00000000 1.00000000
vt 0.00000000 0.99998999
vt 0.00001000 1.00000000
vt 0.00001000 1.00000000
vt 0.00000000 1.00000000
vt 0.00000000 1.00000000
vt 0.00001000 1.00000000
vt 0.00000000 0.99998999
vt 0.00001000 1.00000000
vt 0.00001000 1.00000000
vt 0.00000000 1.00000000
vt -0.00000000 0.99998999
vt -0.00000000 0.99998999
vt 0.00000000 1.00000000
vt 0.00001000 1.00000000
vt 0.00000000 0.99998999
vt 0.86488974 1.19646478
vt -0.00000000 1.00000000
vt 0.00000000 1.00000000
vt -0.00000000 0.99998999
vt 0.00001000 1.00000000
vt -0.00000000 0.99998999
vt 0.00000000 1.00000000
vt -0.00000000 0.99998999
vt 0.00001000 1.00000000
vt 0.00000000 0.99998999
vt 0.00000000 1.00000000
vt -0.00000000 0.99998999
vt 0.00000000 0.99998999
vt -0.00000000 0.99998999
vt 0.00000000 1.00000000
vt -0.00000000 1.00000000
vt 0.00000000 1.00000000
vt 0.00001000 1.00000000
vt 0.00000000 1.00000000
vt 0.23463973 0.41011173
vt 0.00000000 1.00000000
vt -0.00000000 1.00000000
vt 0.00000000 1.00000000
vt 0.00001000 1.00000000
vt -0.00000000 0.99998999
vt 0.00000000 0.99998999
vt 0.00001000 1.00000000
vt 0.00001000 1.00000000
vt 0.00000000 0.99998999
vt 0.00001000 1.00000000
vt -0.00000000 0.99998999
vt -0.00000000 1.00000000
vt 0.00001000 1.00000000
vt 0.00000000 1.00000000
vt 0.00000000 0.99998999
vt -0.00000000 0.99998999
vt 0.00001000 1.00000000
vt -0.00000000 1.00000000
vt 0.00000000 0.99998999
vt 0.00001000 1.00000000
vt 0.00000000 0.99998999
vt -0.00000000 1.00000000
vt 0.00001000 1.00000000
vt 0.00001000 1.00000000
vt 0.00001000 1.00000000
vt -0.00000000 1.00000000
vt 0.00001000 1.00000000
vt 0.00000000 1.00000000
vt 0.00001000 1.00000000
vt 0.00000000 1.00000000
vt -0.00000000 0.99998999
vt 0.41909957 0.73047853
vt 0.34856924 0.63464928
vt 0.35352749 0.62157661
vt 0.00000000 0.99998999
vt 0.00000000 1.00000000
vt -0.00000000 0.99998999
vt -0.00000000 0.99998999
vt -0.00000000 0.99998999
vt 0.00000000 1.00000000
vt 0.00000000 1.00000000
vt 0.00001000 1.00000000
vt 0.00000000 1.00000000
vt 0.00000000 1.00000000
vt 0.00000000 1.00000000
vt 0.00000000 0.99998999
vt 0.00000000 0.99998999
vt 0.00000000 1.00000000
vt 0.00001000 1.00000000
vt 0.00001000 1.00000000
vt -0.00000000 0.99998999
vt 0.00000000 0.99998999
vt 0.00001000 1.00000000
vt 0.00000000 1.00000000
vt 0.00000000 0.99998999
vt 0.00000000 1.00000000
vt 0.00000000 0.99998999
vt 0.00000000 1.00000000
vt -0.00000000 1.00000000
vt 0.00000000 1.00000000
vt 0.00001000 1.00000000
vt -0.00000000 0.99998999
vt 0.00000000 1.00000000
vt 0.30424616 0.48402989
vt 0.24285725 0.38810492
vt -0.00000000 0.99998999
vt 0.00000000 1.00000000
vt 0.00001000 1.00000000
vt 0.00000000 0.99998999
vt -0.00000000 1.00000000
vt 0.00000000 1.00000000
vt 0.00000000 1.00000000
vt 0.00001000 1.00000000
vt -0.00000000 0.99998999
vt 0.42393550 0.71785271
vt 0.00001000 1.00000000
vt 0.00000000 0.99998999
vt 0.00000000 0.99998999
vt 0.00000000 0.99998999
vt 0.00000000 1.00000000
vt 0.00000000 0.99998999
vt 0.00001000 1.00000000
vt 0.00000000 0.99998999
vt 0.00000000 0.99998999
vt 0.00000000 1.00000000
vt 0.00000000 0.99998999
vt 0.00001000 1.00000000
vt 0.00000000 1.00000000
vt 0.00000000 1.00000000
vt -0.00000000 1.00000000
vt 0.00001000 1.00000000
vt -0.00000000 0.99998999
vt 0.00000000 0.99998999
vt 0.00001000 1.00000000
vt -0.00000000 0.99998999
vt 0.00001000 1.00000000
vt 0.00001000 1.00000000
vt -0.00000000 1.00000000
vt -0.00000000 1.00000000
vt 0.00000000 0.99998999
vt 0.79913718 1.18891847
vt 0.74791253 1.13793397
vt 0.07927175 0.13839006
vt 0.08791418 0.11449087
vt 0.06919193 0.11864090
vt 0.00000000 1.00000000
vt 0.00000000 0.99998999
vt 0.00001000 1.00000000
vt 0.00000000 1.00000000
vt 0.05663950 0.09524953
vt 0.00001000 1.00000000
vt 0.00000000 1.00000000
vt 0.00000000 0.99998999
vt 0.00000000 0.99998999
vt -0.00000000 0.99998999
vt 0.00000000 1.00000000
vt -0.00000000 1.00000000
vt 0.00001000 1.00000000
vt -0.00000000 0.99998999
vt 0.00000000 0.99998999
vt 0.00001000 1.00000000
vt -0.00000000 1.00000000
vt 0.00000000 1.00000000
vt 0.00000000 0.99998999
vt 0.00000000 0.99998999
vt -0.00000000 1.00000000
vt -0.00000000 0.99998999
vt 0.00001000 1.00000000
vt 0.00000000 1.00000000
vt -0.00000000 0.99998999
vt -0.00000000 1.00000000
vt -0.00000000 1.00000000
vt 0.00000000 1.00000000
vt 0.00001000 1.00000000
vt 0.00001000 1.00000000
vt 0.00000000 0.99998999
vt 0.64629948 0.96411598
vt 0.00001000 1.00000000
vt -0.00000000 1.00000000
vt 0.00000000 0.99998999
vt 0.00001000 1.00000000
vt 0.00001000 1.00000000
vt 0.00001000 1.00000000
vt 0.00000000 1.00000000
vt 0.00000000 0.99998999
vt -0.00000000 0.99998999
vt 0.00001000 1.00000000
vt 0.00001000 1.00000000
vt 0.83182251 1.22870803
vt 0.79913718 1.18891847
vt 0.82916826 1.21833706
vt -0.00000000 0.99998999
vt -0.00000000 0.99998999
vt 0.00000000 0.99998999
vt 0.00000000 1.00000000
vt 0.00001000 1.00000000
vt -0.00000000 0.99998999
vt -0.00000000 0.99998999
vt 0.00000000 0.99998999
vt 0.00001000 1.00000000
vt 0.00000000 0.99998999
vt 0.00000000 1.00000000
vt 0.00000000 1.00000000
vt 0.00000000 1.00000000
vt 0.06039650 0.14311737
vt 0.06215500 0.10533452
vt 0.05316156 0.13043654
vt 0.00000000 0.99998999
vt 0.00001000 1.00000000
vt 0.00001000 1.00000000
vt -0.00000000 1.00000000
vt 0.00000000 1.00000000
vt -0.00000000 0.99998999
vt 0.00001000 1.00000000
vt 0.00000000 1.00000000
vt -0.00000000 1.00000000
vt -0.00000000 0.99998999
vt 0.00001000 1.00000000
vt 0.00001000 1.00000000
vt -0.00000000 1.00000000
vt 0.00001000 1.00000000
vt 0.00001000 1.00000000
vt 0.00001000 1.00000000
vt 0.00000000 0.99998999
vt 0.00000000 1.00000000
vt -0.00000000 1.00000000
vt 0.00001000 1.00000000
vt 0.00001000 1.00000000
vt 0.00000000 0.99998999
vt 0.00000000 0.99998999
vt 0.00001000 1.00000000
vt 0.00000000 1.00000000
vt 0.00000000 0.99998999
vt 0.00000000 0.99998999
vt -0.00000000 1.00000000
vt 0.07045644 0.16282088
vt 0.06039650 0.14311725
vt 0.07927175 0.13838995
vt -0.00000000 0.99998999
vt 0.00000000 0.99998999
vt -0.00000000 1.00000000
vt 0.00001000 1.00000000
vt -0.00000000 0.99998999
vt 0.00000000 0.99998999
vt 0.00001000 1.00000000
vt -0.00000000 1.00000000
vt 0.00001000 1.00000000
vt 0.00001000 1.00000000
vt 0.00001000 1.00000000
vt 0.00001000 1.00000000
vt -0.00000000 1.00000000
vt 0.00000000 0.99998999
vt 0.00001000 1.00000000
vt 0.00000000 0.99998999
vt -0.00000000 0.99998999
vt 0.00000000 1.00000000
vt 0.00000000 1.00000000
vt -0.00000000 1.00000000
vt 0.00000000 1.00000000
vt 0.00001000 1.00000000
vt 0.00001000 1.00000000
vt 0.00000000 1.00000000
vt 0.00000000 0.99998999
vt -0.00000000 0.99998999
vt 0.00000000 1.00000000
vt 0.00000000 0.99998999
vt -0.00000000 1.00000000
vt 0.00000000 1.00000000
vt 0.00000000 1.00000000
vt 0.00000000 1.00000000
vt -0.00000000 0.99998999
vt -0.00000000 1.00000000
vt 0.00000000 1.00000000
vt 0.00001000 1.00000000
vt 0.00001000 1.00000000
vt 0.00001000 1.00000000
vt -0.00000000 1.00000000
vt 0.00000000 1.00000000
vt 0.00000000 1.00000000
vt 0.00001000 1.00000000
vt 0.71338362 1.00685060
vt 0.65495467 0.94220084
vt 0.00001000 1.00000000
vt -0.00000000 1.00000000
vt 0.00000000 0.99998999
vt 0.00001000 1.00000000
vt 0.00001000 1.00000000
vt -0.00000000 1.00000000
vt 0.00000000 1.00000000
vt 0.00001000 1.00000000
vt 0.06694500 0.06648201
vt 0.00000000 0.99998999
vt -0.00000000 0.99998999
vt -0.00000000 1.00000000
vt 0.00001000 1.00000000
vt 0.00000000 1.00000000
vt 0.00001000 1.00000000
vt -0.00000000 1.00000000
vt 0.00000000 0.99998999
vt 0.00000000 1.00000000
vt 0.00001000 1.00000000
vt -0.00000000 0.99998999
vt -0.00000000 1.00000000
vt 0.00001000 1.00000000
vt 0.00001000 1.00000000
vt 0.00001000 1.00000000
vt 0.00000000 0.99998999
vt 0.00001000 1.00000000
vt 0.00001000 1.00000000
vt 0.00000000 1.00000000
vt 0.00001000 1.00000000
vt 0.00001000 1.00000000
vt 0.00000000 0.99998999
vt 0.43189055 0.69712394
vt 0.36149675 0.60060924
vt 0.44010901 0.67573309
vt 0.00000000 1.00000000
vt 0.00000000 0.99998999
vt 0.00001000 1.00000000
vt 0.00000000 0.99998999
vt 0.00001000 1.00000000
vt -0.00000000 0.99998999
vt 0.00000000 1.00000000
vt -0.00000000 1.00000000
vt -0.00000000 0.99998999
vt 0.00000000 1.00000000
vt 0.87030447 1.20189500
vt 0.86488974 1.19646478
vt 0.00000000 1.00000000
vt 0.00001000 1.00000000
vt 0.00000000 0.99998999
vt 0.00001000 1.00000000
vt -0.00000000 1.00000000
vt -0.00000000 1.00000000
vt -0.00000000 0.99998999
vt -0.00000000 0.99998999
vt 0.00000000 1.00000000
vt 0.00000000 0.99998999
vt -0.00000000 1.00000000
vt 0.00001000 1.00000000
vt 0.00000000 1.00000000
vt -0.00000000 1.00000000
vt 0.00001000 1.00000000
vt 0.00000000 0.99998999
vt 0.00001000 1.00000000
vt 0.00001000 1.00000000
vt 0.00001000 1.00000000
vt -0.00000000 0.99998999
vt -0.00000000 0.99998999
vt -0.00000000 0.99998999
vt -0.00000000 1.00000000
vt 0.00001000 1.00000000
vt 0.00000000 0.99998999
vt 0.00000000 1.00000000
vt 0.00001000 1.00000000
vt 0.00000000 1.00000000
vt 0.00000000 1.00000000
vt 0.00000000 1.00000000
vt 0.00001000 1.00000000
vt 0.00000000 0.99998999
vt -0.00000000 1.00000000
vt -0.00000000 0.99998999
vt -0.00000000 0.99998999
vt 0.84027374 1.08658814
vt 0.78924119 1.03459823
vt 0.00000000 1.00000000
vt 0.00000000 0.99998999
vt 0.00001000 1.00000000
vt -0.00000000 1.00000000
vt -0.00000000 0.99998999
vt -0.00000000 1.00000000
vt -0.00000000 0.99998999
vt 0.00001000 1.00000000
vt -0.00000000 0.99998999
vt 0.00001000 1.00000000
vt 0.00001000 1.00000000
vt 0.00000000 0.99998999
vt 0.00001000 1.00000000
vt 0.00000000 1.00000000
vt 0.00000000 1.00000000
vt 0.00000000 1.00000000
vt 0.00000000 1.00000000
vt 0.07160350 0.05359101
vt -0.00000000 1.00000000
vt -0.00000000 0.99998999
vt 0.00001000 1.00000000
vt 0.00000000 0.99998999
vt -0.00000000 1.00000000
vt 0.00001000 1.00000000
vt 0.00000000 1.00000000
vt -0.00000000 0.99998999
vt 0.00000000 1.00000000
vt -0.00000000 1.00000000
vt 0.00000000 0.99998999
vt -0.00000000 1.00000000
vt 0.00001000 1.00000000
vt 0.00001000 1.00000000
vt 0.00001000 1.00000000
vt 0.00001000 1.00000000
vt 0.00000000 0.99998999
vt 0.84091049 1.17207980
vt 0.86515045 1.16537094
vt 0.84972870 1.15012884
vt 0.00000000 1.00000000
vt 0.00000000 0.99998999
vt -0.00000000 1.00000000
vt -0.00000000 1.00000000
vt 0.00000000 1.00000000
vt -0.00000000 1.00000000
vt -0.00000000 1.00000000
vt 0.00000000 0.99998999
vt 0.00000000 1.00000000
vt 0.00001000 1.00000000
vt 0.00000000 0.99998999
vt -0.00000000 0.99998999
vt 0.00001000 1.00000000
vt 0.00001000 1.00000000
vt 0.00000000 0.99998999
vt -0.00000000 1.00000000
vt -0.00000000 1.00000000
vt 0.69645071 1.04949081
vt 0.70459813 1.02896583
vt 0.63818854 0.98466980
vt 0.00001000 1.00000000
vt -0.00000000 0.99998999
vt -0.00000000 0.99998999
vt -0.00000000 1.00000000
vt 0.00000000 1.00000000
vt 0.00000000 1.00000000
vt 0.00000000 0.99998999
vt 0.00001000 1.00000000
vt 0.00000000 0.99998999
vt 0.00001000 1.00000000
vt -0.00000000 0.99998999
vt 0.00001000 1.00000000
vt -0.00000000 1.00000000
vt -0.00000000 1.00000000
vt -0.00000000 1.00000000
vt 0.00000000 1.00000000
vt 0.00001000 1.00000000
vt 0.00001000 1.00000000
vt 0.00000000 0.99998999
vt 0.00001000 1.00000000
vt -0.00000000 1.00000000
vt 0.00001000 1.00000000
vt 0.00000000 1.00000000
vt 0.00001000 1.00000000
vt -0.00000000 0.99998999
vt 0.00000000 1.00000000
vt 0.00000000 0.99998999
vt -0.00000000 1.00000000
vt 0.00001000 1.00000000
vt 0.00000000 1.00000000
vt 0.83182251 1.22870803
vt 0.00000000 1.00000000
vt 0.00001000 1.00000000
vt 0.11376625 0.11222327
vt 0.06919193 0.11864084
vt 0.00001000 1.00000000
vt 0.00001000 1.00000000
vt -0.00000000 1.00000000
vt 0.00000000 1.00000000
vt 0.00000000 1.00000000
vt 0.04633400 0.12401700
vt -0.00000000 1.00000000
vt -0.00000000 1.00000000
vt 0.00001000 1.00000000
vt 0.00000000 0.99998999
vt 0.00000000 0.99998999
vt 0.00000000 1.00000000
vt 0.00001000 1.00000000
vt 0.00000000 1.00000000
vt 0.00000000 0.99998999
vt 0.00000000 1.00000000
vt -0.00000000 1.00000000
vt -0.00000000 1.00000000
vt 0.00001000 1.00000000
vt 0.00001000 1.00000000
vt 0.00001000 1.00000000
vt -0.00000000 0.99998999
vt -0.00000000 1.00000000
vt 0.00000000 0.99998999
vt 0.00000000 0.99998999
vt 0.00000000 1.00000000
vt 0.00001000 1.00000000
vt 0.00001000 1.00000000
vt -0.00000000 0.99998999
vt 0.00000000 0.99998999
vt -0.00000000 1.00000000
vt 0.00001000 1.00000000
vt 0.00001000 1.00000000
vt 0.00000000 1.00000000
vt 0.00001000 1.00000000
vt 0.00000000 1.00000000
vt 0.00000000 1.00000000
vt -0.00000000 1.00000000
vt 0.00000000 0.99998999
vt 0.00001000 1.00000000
vt 0.00000000 1.00000000
vt 0.00000000 0.99998999
vt 0.00000000 0.99998999
vt 0.00000000 0.99998999
vt 0.00001000 1.00000000
vt 0.00001000 1.00000000
vt 0.00001000 1.00000000
vt 0.00000000 0.99998999
vt 0.00000000 1.00000000
vt 0.43189055 0.69712394
vt 0.35352749 0.62157661
vt 0.00000000 0.99998999
vt 0.00000000 1.00000000
vt 0.00000000 1.00000000
vt -0.00000000 1.00000000
vt 0.00001000 1.00000000
vt 0.00001000 1.00000000
vt 0.00000000 0.99998999
vt -0.00000000 1.00000000
vt 0.00000000 0.99998999
vt 0.00001000 1.00000000
vt 0.00001000 1.00000000
vt 0.00001000 1.00000000
vt -0.00000000 1.00000000
vt 0.00000000 1.00000000
vt 0.00001000 1.00000000
vt 0.00001000 1.00000000
vt -0.00000000 0.99998999
vt -0.00000000 1.00000000
vt -0.00000000 0.99998999
vt -0.00000000 0.99998999
vt 0.00000000 0.99998999
vt -0.00000000 0.99998999
vt -0.00000000 0.99998999
vt 0.00001000 1.00000000
vt 0.00000000 0.99998999
vt 0.00001000 1.00000000
vt 0.00000000 1.00000000
vt 0.00001000 1.00000000
vt 0.14965349 0.16931248
vt 0.15011825 0.17967123
vt 0.00000000 0.99998999
vt 0.00000000 1.00000000
vt 0.00001000 1.00000000
vt 0.00000000 1.00000000
vt 0.00001000 1.00000000
vt -0.00000000 0.99998999
vt 0.00000000 1.00000000
vt 0.00001000 1.00000000
vt 0.00000000 1.00000000
vt -0.00000000 1.00000000
vt 0.00000000 1.00000000
vt 0.00001000 1.00000000
vt 0.00001000 1.00000000
vt 0.00001000 1.00000000
vt 0.00001000 1.00000000
vt -0.00000000 1.00000000
vt -0.00000000 0.99998999
vt 0.00001000 1.00000000
vt 0.00001000 1.00000000
vt 0.00000000 0.99998999
vt 0.00000000 1.00000000
vt 0.00001000 1.00000000
vt 0.00000000 1.00000000
vt 0.00000000 1.00000000
vt 0.00000000 1.00000000
vt 0.00000000 1.00000000
vt -0.00000000 1.00000000
vt 0.00001000 1.00000000
vt 0.00001000 1.00000000
vt 0.00001000 1.00000000
vt 0.00001000 1.00000000
vt 0.00000000 0.99998999
vt 0.00001000 1.00000000
vt 0.00001000 1.00000000
vt -0.00000000 1.00000000
vt 0.00001000 1.00000000
vt 0.00001000 1.00000000
vt 0.00000000 0.99998999
vt 0.00000000 1.00000000
vt 0.00000000 1.00000000
vt 0.00000000 0.99998999
vt 0.00000000 0.99998999
vt 0.00000000 1.00000000
vt 0.00000000 0.99998999
vt -0.00000000 1.00000000
vt -0.00000000 0.99998999
vt 0.00000000 1.00000000
vt 0.00000000 1.00000000
vt -0.00000000 1.00000000
vt 0.00000000 0.99998999
vt 0.00001000 1.00000000
vt 0.00000000 1.00000000
vt 0.00000000 1.00000000
vt 0.00000000 0.99998999
vt 0.00000000 0.99998999
vt -0.00000000 0.99998999
vt 0.00001000 1.00000000
vt -0.00000000 0.99998999
vt 0.00000000 0.99998999
vt -0.00000000 0.99998999
vt 0.00000000 0.99998999
vt 0.00000000 1.00000000
vt 0.00000000 0.99998999
vt 0.00001000 1.00000000
vt -0.00000000 0.99998999
vt 0.00001000 1.00000000
vt 0.00000000 0.99998999
vt -0.00000000 1.00000000
vt 0.00001000 1.00000000
vt -0.00000000 0.99998999
vt 0.00000000 0.99998999
vt 0.00000000 0.99998999
vt -0.00000000 0.99998999
vt 0.00000000 0.99998999
vt 0.00000000 1.00000000
vt 0.00001000 1.00000000
vt 0.00001000 1.00000000
vt 0.10829750 0.29388046
vt 0.00001000 1.00000000
vt 0.00001000 1.00000000
vt 0.00000000 1.00000000
vt 0.00001000 1.00000000
vt 0.00001000 1.00000000
vt 0.00000000 0.99998999
vt 0.00000000 1.00000000
vt 0.00001000 1.00000000
vt 0.24807225 0.37418497
vt 0.00000000 1.00000000
vt 0.00001000 1.00000000
vt 0.00001000 1.00000000
vt 0.00000000 0.99998999
vt 0.00000000 1.00000000
vt -0.00000000 0.99998999
vt 0.00001000 1.00000000
vt -0.00000000 1.00000000
vt 0.00001000 1.00000000
vt 0.00001000 1.00000000
vt -0.00000000 1.00000000
vt 0.00000000 1.00000000
vt 0.00000000 1.00000000
vt 0.00000000 1.00000000
vt 0.00000000 0.99998999
vt 0.00001000 1.00000000
vt 0.00001000 1.00000000
vt 0.00001000 1.00000000
vt -0.00000000 1.00000000
vt 0.00000000 1.00000000
vt 0.00001000 1.00000000
vt -0.00000000 0.99998999
vt 0.00000000 1.00000000
vt 0.00000000 1.00000000
vt 0.00001000 1.00000000
vt 0.00000000 0.99998999
vt 0.00000000 0.99998999
vt 0.00001000 1.00000000
vt -0.00000000 0.99998999
vt -0.00000000 1.00000000
vt 0.00000000 1.00000000
vt 0.00001000 1.00000000
vt 0.00001000 1.00000000
vt 0.00000000 0.99998999
vt 0.00001000 1.00000000
vt 0.00001000 1.00000000
vt 0.00000000 1.00000000
vt 0.00001000 1.00000000
vt -0.00000000 1.00000000
vt -0.00000000 1.00000000
vt -0.00000000 1.00000000
vt 0.00000000 0.99998999
vt -0.00000000 0.99998999
vt -0.00000000 1.00000000
vt 0.00001000 1.00000000
vt 0.00000000 1.00000000
vt -0.00000000 0.99998999
vt 0.00000000 0.99998999
vt -0.00000000 1.00000000
vt 0.00000000 0.99998999
vt 0.00000000 1.00000000
vt 0.00001000 1.00000000
vt 0.00000000 1.00000000
vt -0.00000000 1.00000000
vt 0.00001000 1.00000000
vt 0.00001000 1.00000000
vt -0.00000000 1.00000000
vt 0.00000000 1.00000000
vt -0.00000000 0.99998999
vt 0.00001000 1.00000000
vt -0.00000000 0.99998999
vt 0.00001000 1.00000000
vt 0.00000000 0.99998999
vt 0.00000000 0.99998999
vt 0.00000000 0.99998999
vt 0.00000000 0.99998999
vt 0.00001000 1.00000000
vt -0.00000000 1.00000000
vt 0.00001000 1.00000000
vt 0.68344003 1.08286905
vt -0.00000000 1.00000000
vt -0.00000000 0.99998999
vt 0.00001000 1.00000000
vt 0.00000000 0.99998999
vt 0.00001000 1.00000000
vt -0.00000000 1.00000000
vt -0.00000000 0.99998999
vt 0.00000000 0.99998999
vt -0.00000000 1.00000000
vt 0.09313375 0.07577175
vt 0.08256225 0.06279427
vt 0.07626200 0.04070002
vt 0.88273036 1.13547647
vt -0.00000000 1.00000000
vt -0.00000000 1.00000000
vt -0.00000000 0.99998999
vt 0.00000000 0.99998999
vt 0.66879672 0.90722203
vt 0.67126501 0.90098703
vt 0.60459030 0.83385283
vt 0.00001000 1.00000000
vt 0.00001000 1.00000000
vt -0.00000000 1.00000000
vt 0.00000000 1.00000000
vt -0.00000000 0.99998999
vt -0.00000000 1.00000000
vt 0.00001000 1.00000000
vt 0.00001000 1.00000000
vt 0.00000000 1.00000000
vt -0.00000000 1.00000000
vt -0.00000000 1.00000000
vt 0.00000000 1.00000000
vt 0.00001000 1.00000000
vt 0.00001000 1.00000000
vt 0.00000000 1.00000000
vt -0.00000000 1.00000000
vt -0.00000000 1.00000000
vt -0.00000000 0.99998999
vt -0.00000000 1.00000000
vt 0.00001000 1.00000000
vt 0.08961000 0.06106150
vt 0.00000000 1.00000000
vt -0.00000000 1.00000000
vt 0.00001000 1.00000000
vt 0.68700039 1.07526684
vt 0.00000000 0.99998999
vt -0.00000000 1.00000000
vt 0.00000000 1.00000000
vt -0.00000000 0.99998999
vt -0.00000000 1.00000000
vt -0.00000000 0.99998999
vt -0.00000000 0.99998999
vt 0.00001000 1.00000000
vt 0.00000000 0.99998999
vt -0.00000000 1.00000000
vt 0.00001000 1.00000000
vt 0.00001000 1.00000000
vt 0.00001000 1.00000000
vt 0.84450674 1.23041368
vt 0.85648835 1.21734560
vt 0.00000000 0.99998999
vt 0.00000000 1.00000000
vt 0.19815281 0.26594269
vt 0.15011825 0.17967123
vt 0.14965349 0.16931248
vt 0.00000000 0.99998999
vt 0.00000000 0.99998999
vt 0.00001000 1.00000000
vt -0.00000000 1.00000000
vt -0.00000000 0.99998999
vt 0.00001000 1.00000000
vt 0.00000000 1.00000000
vt 0.00000000 1.00000000
vt 0.00001000 1.00000000
vt 0.00000000 1.00000000
vt 0.00000000 1.00000000
vt 0.00001000 1.00000000
vt -0.00000000 0.99998999
vt 0.00001000 1.00000000
vt -0.00000000 1.00000000
vt 0.00000000 0.99998999
vt 0.00000000 0.99998999
vt 0.00000000 1.00000000
vt 0.00001000 1.00000000
vt -0.00000000 0.99998999
vt 0.00001000 1.00000000
vt 0.00000000 1.00000000
vt 0.00000000 0.99998999
vt 0.00000000 0.99998999
vt 0.00001000 1.00000000
vt 0.00001000 1.00000000
vt 0.79407150 1.03027749
vt 0.00000000 1.00000000
vt 0.00000000 0.99998999
vt 0.87776005 1.11483848
vt 0.00000000 1.00000000
vt 0.00001000 1.00000000
vt -0.00000000 1.00000000
vt 0.00001000 1.00000000
vt -0.00000000 0.99998999
vt 0.00001000 1.00000000
vt -0.00000000 0.99998999
vt 0.00000000 0.99998999
vt 0.00000000 1.00000000
vt 0.00000000 1.00000000
vt 0.00000000 0.99998999
vt -0.00000000 0.99998999
vt -0.00000000 1.00000000
vt 0.00000000 1.00000000
vt -0.00000000 1.00000000
vt -0.00000000 1.00000000
vt 0.00000000 0.99998999
vt -0.00000000 1.00000000
vt 0.00000000 0.99998999
vt 0.00000000 1.00000000
vt 0.00000000 1.00000000
vt 0.00000000 0.99998999
vt 0.72831142 0.97128779
vt 0.00001000 1.00000000
vt 0.00001000 1.00000000
vt 0.00001000 1.00000000
vt 0.00000000 1.00000000
vt 0.00001000 1.00000000
vt 0.00000000 1.00000000
vt 0.00000000 1.00000000
vt 0.00000000 1.00000000
vt 0.00000000 0.99998999
vt 0.00000000 0.99998999
vt 0.00000000 1.00000000
vt 0.00001000 1.00000000
vt 0.00001000 1.00000000
vt -0.00000000 1.00000000
vt 0.00001000 1.00000000
vt 0.00000000 0.99998999
vt 0.00001000 1.00000000
vt -0.00000000 1.00000000
vt 0.00001000 1.00000000
vt 0.00001000 1.00000000
vt 0.72831154 0.97128779
vt 0.00001000 1.00000000
vt 0.67126501 0.90098703
vt 0.78924125 1.03459823
vt -0.00000000 1.00000000
vt 0.00001000 1.00000000
vt 0.00001000 1.00000000
vt 0.00000000 0.99998999
vt -0.00000000 0.99998999
vt 0.00000000 0.99998999
vt -0.00000000 0.99998999
vt 0.00000000 1.00000000
vt -0.00000000 0.99998999
vt 0.00000000 0.99998999
vt -0.00000000 0.99998999
vt 0.00001000 1.00000000
vt -0.00000000 0.99998999
vt -0.00000000 1.00000000
vt 0.00000000 0.99998999
vt 0.00000000 0.99998999
vt -0.00000000 1.00000000
vt 0.00000000 0.99998999
vt -0.00000000 0.99998999
vt 0.00000000 1.00000000
vt 0.00000000 1.00000000
vt -0.00000000 1.00000000
vt -0.00000000 0.99998999
vt 0.00001000 1.00000000
vt -0.00000000 0.99998999
vt 0.00000000 1.00000000
vt 0.00000000 1.00000000
vt 0.00000000 0.99998999
vt -0.00000000 1.00000000
vt -0.00000000 0.99998999
vt 0.00000000 1.00000000
vt 0.00000000 0.99998999
vt 0.00000000 1.00000000
vt 0.00001000 1.00000000
vt 0.00000000 0.99998999
vt 0.00000000 1.00000000
vt 0.00000000 1.00000000
vt 0.00000000 1.00000000
vt 0.00001000 1.00000000
vt 0.00001000 1.00000000
vt 0.00001000 1.00000000
vt -0.00000000 0.99998999
vt -0.00000000 0.99998999
vt 0.00000000 0.99998999
vt 0.00000000 0.99998999
vt 0.00000000 1.00000000
vt 0.00000000 1.00000000
vt -0.00000000 0.99998999
vt 0.00001000 1.00000000
vt -0.00000000 0.99998999
vt 0.00001000 1.00000000
vt 0.00001000 1.00000000
vt 0.00000000 1.00000000
vt -0.00000000 1.00000000
vt -0.00000000 1.00000000
vt 0.00000000 0.99998999
vt 0.00001000 1.00000000
vt 0.00001000 1.00000000
vt 0.00000000 1.00000000
vt -0.00000000 0.99998999
vt 0.00000000 1.00000000
vt 0.00001000 1.00000000
vt -0.00000000 0.99998999
vt -0.00000000 0.99998999
vt -0.00000000 0.99998999
vt -0.00000000 0.99998999
vt 0.00001000 1.00000000
vt -0.00000000 1.00000000
vt 0.00000000 0.99998999
vt 0.00001000 1.00000000
vt -0.00000000 1.00000000
vt -0.00000000 0.99998999
vt -0.00000000 1.00000000
vt 0.00001000 1.00000000
vt 0.00000000 0.99998999
vt -0.00000000 1.00000000
vt 0.00001000 1.00000000
vt -0.00000000 1.00000000
vt -0.00000000 1.00000000
vt -0.00000000 1.00000000
vt -0.00000000 1.00000000
vt -0.00000000 1.00000000
vt 0.00001000 1.00000000
vt -0.00000000 0.99998999
vt -0.00000000 1.00000000
vt 0.00000000 0.99998999
vt -0.00000000 0.99998999
vt 0.00000000 1.00000000
vt -0.00000000 0.99998999
vt 0.00000000 0.99998999
vt -0.00000000 1.00000000
vt 0.00001000 1.00000000
vt 0.00001000 1.00000000
vt 0.00001000 1.00000000
vt 0.00000000 0.99998999
vt -0.00000000 0.99998999
vt 0.00001000 1.00000000
vt 0.00001000 1.00000000
vt 0.00000000 1.00000000
vt 0.21083900 0.47414798
vt 0.00001000 1.00000000
vt -0.00000000 0.99998999
vt 0.00000000 1.00000000
vt 0.68700039 1.07526684
vt 0.00001000 1.00000000
vt -0.00000000 1.00000000
vt 0.00001000 1.00000000
vt -0.00000000 0.99998999
vt 0.00000000 0.99998999
vt 0.00000000 1.00000000
vt -0.00000000 1.00000000
vt 0.00000000 0.99998999
vt 0.00000000 0.99998999
vt 0.00000000 0.99998999
vt -0.00000000 0.99998999
vt 0.00000000 1.00000000
vt 0.00001000 1.00000000
vt 0.85648835 1.21734560
vt 0.84816718 1.20760393
vt 0.84450674 1.23041368
vt 0.85165370 1.22937250
vt 0.00000000 0.99998999
vt 0.00000000 1.00000000
vt -0.00000000 1.00000000
vt 0.09849681 0.17476380
vt 0.00000000 1.00000000
vt 0.00001000 1.00000000
vt -0.00000000 1.00000000
vt -0.00000000 1.00000000
vt 0.00000000 0.99998999
vt 0.00001000 1.00000000
vt -0.00000000 0.99998999
vt 0.00001000 1.00000000
vt 0.00001000 1.00000000
vt 0.00000000 1.00000000
vt 0.00001000 1.00000000
vt 0.00000000 1.00000000
vt -0.00000000 1.00000000
vt 0.00001000 1.00000000
vt 0.00001000 1.00000000
vt 0.00000000 0.99998999
vt -0.00000000 0.99998999
vt 0.00001000 1.00000000
vt 0.00000000 0.99998999
vt -0.00000000 1.00000000
vt 0.00000000 1.00000000
vt -0.00000000 1.00000000
vt 0.00001000 1.00000000
vt 0.00000000 1.00000000
vt 0.00001000 1.00000000
vt -0.00000000 1.00000000
vt 0.00000000 0.99998999
vt 0.00001000 1.00000000
vt 0.00001000 1.00000000
vt -0.00000000 1.00000000
vt 0.00000000 0.99998999
vt -0.00000000 1.00000000
vt -0.00000000 1.00000000
vt 0.00001000 1.00000000
vt 0.15734738 0.37635064
vt 0.00001000 1.00000000
vt 0.00001000 1.00000000
vt 0.00001000 1.00000000
vt 0.00000000 1.00000000
vt 0.00001000 1.00000000
vt 0.00000000 0.99998999
vt 0.00000000 1.00000000
vt 0.00000000 0.99998999
vt 0.00000000 0.99998999
vt 0.00000000 0.99998999
vt 0.00000000 1.00000000
vt 0.00001000 1.00000000
vt 0.00000000 0.99998999
vt -0.00000000 1.00000000
vt 0.84027374 1.08658814
vt 0.88273036 1.13547647
vt 0.87009680 1.11669254
vt 0.00000000 0.99998999
vt 0.00001000 1.00000000
vt 0.00000000 0.99998999
vt -0.00000000 0.99998999
vt 0.00001000 1.00000000
vt 0.00001000 1.00000000
vt 0.00001000 1.00000000
vt 0.00001000 1.00000000
vt -0.00000000 0.99998999
vt -0.00000000 1.00000000
vt 0.00001000 1.00000000
vt -0.00000000 0.99998999
vt 0.00000000 1.00000000
vt 0.00000000 0.99998999
vt 0.00000000 1.00000000
vt 0.00000000 0.99998999
vt -0.00000000 0.99998999
vt 0.00000000 1.00000000
vt -0.00000000 0.99998999
vt -0.00000000 1.00000000
vt 0.00000000 1.00000000
vt 0.00000000 1.00000000
vt 0.00000000 0.99998999
vt 0.00000000 0.99998999
vt -0.00000000 1.00000000
vt -0.00000000 1.00000000
vt 0.00000000 1.00000000
vt -0.00000000 1.00000000
vt 0.00001000 1.00000000
vt -0.00000000 1.00000000
vt 0.00001000 1.00000000
vt 0.00000000 0.99998999
vt 0.00001000 1.00000000
vt 0.00000000 0.99998999
vt 0.00000000 1.00000000
vt 0.00001000 1.00000000
vt 0.00000000 1.00000000
vt -0.00000000 0.99998999
vt 0.00001000 1.00000000
vt 0.00000000 0.99998999
vt -0.00000000 1.00000000
vt 0.00001000 1.00000000
vt 0.00001000 1.00000000
vt 0.00001000 1.00000000
vt -0.00000000 0.99998999
vt -0.00000000 1.00000000
vt -0.00000000 1.00000000
vt -0.00000000 1.00000000
vt 0.00000000 0.99998999
vt 0.00000000 0.99998999
vt 0.00000000 1.00000000
vt 0.08256225 0.06279427
vt 0.11376625 0.11222327
vt 0.00001000 1.00000000
vt 0.09313375 0.07577175
vt 0.00000000 1.00000000
vt -0.00000000 1.00000000
vt 0.00001000 1.00000000
vt 0.00000000 0.99998999
vt 0.00001000 1.00000000
vt -0.00000000 0.99998999
vt 0.00001000 1.00000000
vt 0.07167093 0.22811866
vt 0.05230125 0.18894625
vt 0.00000000 1.00000000
vt 0.00000000 1.00000000
vt 0.00001000 1.00000000
vt -0.00000000 1.00000000
vt -0.00000000 0.99998999
vt 0.00000000 0.99998999
vt 0.00000000 1.00000000
vt -0.00000000 1.00000000
vt 0.74791247 1.13793397
vt 0.00001000 1.00000000
vt 0.25588000 0.35342050
vt -0.00000000 1.00000000
vt 0.00000000 0.99998999
vt 0.00000000 0.99998999
vt 0.00001000 1.00000000
vt 0.00001000 1.00000000
vt 0.00000000 1.00000000
vt 0.00001000 1.00000000
vt 0.45141900 0.63668203
vt 0.00000000 1.00000000
vt 0.00000000 1.00000000
vt 0.00001000 1.00000000
vt 0.00001000 1.00000000
vt 0.88219476 1.15350556
vt 0.00000000 0.99998999
vt 0.07167093 0.22811866
vt 0.05230125 0.18894625
vt 0.04553588 0.16589826
vt 0.00001000 1.00000000
vt 0.00001000 1.00000000
vt 0.00001000 1.00000000
vt -0.00000000 1.00000000
vt 0.87009680 1.11669254
vt 0.85618758 1.18765330
vt 0.84972870 1.15012884
vt 0.05316156 0.13043654
vt -0.00000000 1.00000000
vt 0.00000000 0.99998999
vt 0.00000000 0.99998999
vt 0.00000000 0.99998999
vt 0.00000000 1.00000000
vt 0.00001000 1.00000000
vt 0.00001000 1.00000000
vt -0.00000000 1.00000000
vt 0.00000000 0.99998999
vt -0.00000000 1.00000000
vt 0.00001000 1.00000000
vt 0.00001000 1.00000000
vt 0.00000000 1.00000000
vt -0.00000000 1.00000000
vt 0.00001000 1.00000000
vt 0.00001000 1.00000000
vt 0.00000000 1.00000000
vt -0.00000000 1.00000000
vt -0.00000000 0.99998999
vt 0.06215500 0.10533446
vt -0.00000000 0.99998999
vt 0.00000000 1.00000000
vt 0.04553588 0.16589826
vt 0.04672225 0.14850980
vt 0.00001000 1.00000000
vt -0.00000000 0.99998999
vt 0.00000000 1.00000000
vt 0.62790704 1.01080048
vt 0.56693900 0.95256501
vt 0.56429017 0.93670338
vt 0.48980775 0.84514403
vt 0.41293743 0.74661434
vt 0.34215701 0.65160650
vt 0.00000000 0.99998999
vt 0.00000000 0.99998999
vt 0.00000000 0.99998999
vt 0.00001000 1.00000000
vt 0.00000000 0.99998999
vt 0.00000000 1.00000000
vt 0.00000000 0.99998999
vt 0.00000000 0.99998999
vt -0.00000000 0.99998999
vt 0.00001000 1.00000000
vt 0.00000000 0.99998999
vt -0.00000000 0.99998999
vt 0.10829750 0.29388052
vt 0.00001000 1.00000000
vt 0.41293743 0.74661434
vt -0.00000000 0.99998999
vt 0.00001000 1.00000000
vt -0.00000000 0.99998999
vt 0.00001000 1.00000000
vt 0.00001000 1.00000000
vt 0.00001000 1.00000000
vt 0.62790704 1.01080048
vt 0.56429017 0.93670338
vt 0.48980775 0.84514403
vt 0.00000000 1.00000000
vt 0.00001000 1.00000000
vt 0.38125873 0.54879874
vt 0.45230180 0.64410073
vt 0.00000000 0.99998999
vt -0.00000000 0.99998999
vt 0.00001000 1.00000000
vt -0.00000000 0.99998999
vt 0.00001000 1.00000000
vt 0.52958548 0.74263227
vt 0.45230180 0.64410079
vt 0.00001000 1.00000000
vt 0.00000000 0.99998999
vt 0.00001000 1.00000000
vt 0.00000000 1.00000000
vt 0.00001000 1.00000000
vt 0.00000000 0.99998999
vt -0.00000000 1.00000000
vt 0.00000000 1.00000000
vt 0.00000000 0.99998999
vt 0.00000000 0.99998999
vt -0.00000000 0.99998999
vt -0.00000000 1.00000000
vt 0.38125873 0.54879874
vt -0.00000000 0.99998999
vt 0.25383300 0.35886449
vt -0.00000000 1.00000000
vt 0.00001000 1.00000000
vt -0.00000000 0.99998999
vt -0.00000000 0.99998999
vt 0.00001000 1.00000000
vt 0.00000000 1.00000000
vt -0.00000000 1.00000000
vt 0.52958548 0.74263227
vt 0.21398701 0.46564823
vt 0.27624676 0.55849344
vt 0.34215701 0.65160650
vt 0.00001000 1.00000000
vt 0.00001000 1.00000000
vt 0.66879678 0.90722203
vt 0.60459030 0.83385283
vt -0.00000000 1.00000000
vt 0.00000000 1.00000000
vt 0.00000000 0.99998999
vt 0.00001000 1.00000000
vt -0.00000000 1.00000000
vt 0.00001000 1.00000000
vt 0.85618758 1.18765330
vt 0.82916820 1.21833706
vt 0.00000000 1.00000000
vt 0.00001000 1.00000000
vt 0.00000000 0.99998999
vt 0.27624676 0.55849344
vt 0.21398699 0.46564823
vt 0.00001000 1.00000000
vt 0.00000000 1.00000000
vt 0.19815283 0.26594269
vt 0.25383303 0.35886455
vt 0.31544095 0.45447159
vt 0.00001000 1.00000000
vt 0.00001000 1.00000000
vt 0.00001000 1.00000000
vt 0.00001000 1.00000000
vt 0.00001000 1.00000000
vt -0.00000000 1.00000000
vt 0.00000000 1.00000000
vt 0.15734738 0.37635064
vt 0.07639325 0.06576830
vt 0.00001000 1.00000000
vt 0.00001000 1.00000000
vt 0.00001000 1.00000000
vt 0.31544095 0.45447159
vt 0.00001000 1.00000000
vt 0.00001000 1.00000000
vt 0.00000000 1.00000000
vt 0.00000000 1.00000000
vt 0.00001000 1.00000000
vt 0.00000000 1.00000000
vt -0.00000000 1.00000000
vt 0.00000000 0.99998999
vt -0.00000000 0.99998999
vt 0.00000000 1.00000000
vt 0.00001000 1.00000000
vt 0.00001000 1.00000000
vt 0.00001000 1.00000000
vt 0.00001000 1.00000000
vt 0.75526989 1.11186934
vt -0.00000000 0.99998999
vt 0.00000000 0.99998999
vt 0.00000000 0.99998999
vt -0.00000000 1.00000000
vt 0.00001000 1.00000000
vt -0.00000000 1.00000000
vt 0.00000000 1.00000000
vt -0.00000000 1.00000000
vt -0.00000000 0.99998999
vt 0.00000000 0.99998999
vt 0.00001000 1.00000000
vt 0.00000000 0.99998999
vt 0.00001000 1.00000000
vt 0.00000000 0.99998999
vt -0.00000000 1.00000000
vt 0.00001000 1.00000000
vt 0.00000000 1.00000000
vt 0.00001000 1.00000000
vt 0.00000000 0.99998999
vt 0.00000000 0.99998999
vt -0.00000000 1.00000000
vt 0.00000000 0.99998999
vt 0.00000000 1.00000000
vt 0.00001000 1.00000000
vt -0.00000000 1.00000000
vt 0.00000000 1.00000000
vt -0.00000000 1.00000000
vt 0.00001000 1.00000000
vt -0.00000000 0.99998999
vt 0.00000000 1.00000000
vt 0.00000000 0.99998999
vt -0.00000000 1.00000000
vt 0.00000000 1.00000000
vt 0.00001000 1.00000000
vt 0.00001000 1.00000000
vt -0.00000000 0.99998999
vt 0.00000000 0.99998999
vt 0.00000000 0.99998999
vt -0.00000000 1.00000000
vt 0.00000000 1.00000000
vt 0.00000000 0.99998999
vt -0.00000000 0.99998999
vt 0.00001000 1.00000000
vt 0.00001000 1.00000000
vt 0.00000000 1.00000000
vt 0.00000000 0.99998999
vt 0.00000000 1.00000000
vt 0.00001000 1.00000000
vt 0.00001000 1.00000000
vt 0.00001000 1.00000000
vt -0.00000000 1.00000000
vt 0.00000000 0.99998999
vt 0.00000000 0.99998999
vt 0.00000000 0.99998999
vt 0.00000000 1.00000000
vt -0.00000000 1.00000000
vt -0.00000000 1.00000000
vt 0.00001000 1.00000000
vt -0.00000000 0.99998999
vt -0.00000000 0.99998999
vt 0.00001000 1.00000000
vt 0.00001000 1.00000000
vt 0.00000000 0.99998999
vt -0.00000000 1.00000000
vt 0.00000000 0.99998999
vt 0.00001000 1.00000000
vt 0.00001000 1.00000000
vt 0.00000000 0.99998999
vt 0.00000000 1.00000000
vt 0.00000000 0.99998999
vt 0.00001000 1.00000000
vt 0.00000000 1.00000000
vt -0.00000000 0.99998999
vt 0.11848675 0.27758223
vt 0.08963776 0.19917762
vt 0.08381394 0.21527791
vt 0.88219476 1.15350556
vt 0.00000000 1.00000000
vt 0.00001000 1.00000000
vt -0.00000000 0.99998999
vt 0.00000000 0.99998999
vt 0.00000000 1.00000000
vt 0.00000000 1.00000000
vt -0.00000000 0.99998999
vt 0.00000000 1.00000000
vt -0.00000000 1.00000000
vt 0.00001000 1.00000000
vt 0.00001000 1.00000000
vt 0.08791418 0.11449087
vt 0.08297481 0.08044171
vt 0.09314001 0.10010755
vt 0.14688824 0.20002276
vt 0.10719984 0.15082932
vt 0.11255556 0.13616735
vt 0.00000000 1.00000000
vt 0.00000000 1.00000000
vt 0.00000000 1.00000000
vt 0.00000000 1.00000000
vt 0.00001000 1.00000000
vt -0.00000000 1.00000000
vt 0.00001000 1.00000000
vt 0.00001000 1.00000000
vt 0.00000000 0.99998999
vt 0.00001000 1.00000000
vt 0.05455631 0.15944433
vt 0.07862510 0.22445977
vt 0.05950481 0.18721247
vt 0.00000000 1.00000000
vt -0.00000000 0.99998999
vt 0.00000000 0.99998999
vt 0.00000000 0.99998999
vt 0.00001000 1.00000000
vt 0.00001000 1.00000000
vt 0.00001000 1.00000000
vt -0.00000000 0.99998999
vt -0.00000000 0.99998999
vt 0.00000000 1.00000000
vt 0.00001000 1.00000000
vt 0.00001000 1.00000000
vt 0.00001000 1.00000000
vt 0.00001000 1.00000000
vt -0.00000000 1.00000000
vt 0.34523982 0.64345121
vt 0.27944785 0.54994291
vt 0.28295481 0.54058164
vt 0.21732126 0.45665014
vt 0.85165370 1.22937250
vt 0.84386694 1.21831119
vt 0.84816718 1.20760393
vt 0.82880998 1.20223022
vt 0.09314000 0.10010749
vt 0.08297481 0.08044171
vt 0.07777418 0.09481555
vt 0.37503698 0.56506574
vt 0.07639325 0.06576824
vt 0.07777418 0.09481549
vt 0.00001000 1.00000000
vt -0.00000000 1.00000000
vt 0.00001000 1.00000000
vt 0.00001000 1.00000000
vt -0.00000000 1.00000000
vt 0.00000000 1.00000000
vt 0.00001000 1.00000000
vt 0.00000000 1.00000000
vt -0.00000000 0.99998999
vt 0.00000000 1.00000000
vt 0.00000000 1.00000000
vt 0.00001000 1.00000000
vt 0.00000000 0.99998999
vt 0.00001000 1.00000000
vt 0.00000000 0.99998999
vt 0.00000000 1.00000000
vt 0.06471200 0.17879945
vt 0.00000000 1.00000000
vt 0.00000000 0.99998999
vt 0.00000000 1.00000000
vt -0.00000000 1.00000000
vt 0.04672225 0.14850974
vt 0.05273917 0.17044050
vt 0.00001000 1.00000000
vt 0.00001000 1.00000000
vt -0.00000000 0.99998999
vt 0.34856924 0.63464928
vt 0.28295481 0.54058164
vt 0.00000000 0.99998999
vt 0.00001000 1.00000000
vt 0.00001000 1.00000000
vt 0.28808129 0.52693492
vt 0.22637743 0.43227273
vt -0.00000000 0.99998999
vt 0.00000000 1.00000000
vt 0.00001000 1.00000000
vt 0.00000000 0.99998999
vt 0.00000000 1.00000000
vt 0.00000000 0.99998999
vt -0.00000000 0.99998999
vt 0.59130698 0.86766005
vt 0.52268600 0.76034224
vt 0.51684833 0.77535093
vt 0.44573528 0.66112077
vt 0.00000000 1.00000000
vt 0.00000000 1.00000000
vt -0.00000000 1.00000000
vt -0.00000000 1.00000000
vt -0.00000000 0.99998999
vt 0.00001000 1.00000000
vt 0.00000000 1.00000000
vt 0.66567224 0.91511405
vt 0.60158747 0.84149134
vt 0.59736180 0.85223913
vt 0.52670336 0.75003064
vt 0.22102800 0.44665527
vt 0.17092595 0.34232289
vt -0.00000000 0.99998999
vt 0.00000000 1.00000000
vt 0.00000000 1.00000000
vt 0.00000000 0.99998999
vt 0.00001000 1.00000000
vt 0.00001000 1.00000000
vt 0.00001000 1.00000000
vt -0.00000000 1.00000000
vt 0.00001000 1.00000000
vt -0.00000000 1.00000000
vt 0.41592085 0.73879963
vt 0.49577400 0.82968974
vt -0.00000000 0.99998999
vt 0.00000000 1.00000000
vt 0.24285726 0.38810492
vt 0.19307987 0.28243995
vt -0.00000000 1.00000000
vt 0.00001000 1.00000000
vt 0.12423681 0.26181811
vt 0.16535118 0.35745913
vt 0.00000000 0.99998999
vt 0.00000000 0.99998999
vt 0.52268600 0.76034224
vt 0.44573525 0.66112077
vt 0.52670336 0.75003064
vt 0.60158747 0.84149134
vt -0.00000000 1.00000000
vt 0.00001000 1.00000000
vt 0.00000000 1.00000000
vt 0.00000000 0.99998999
vt -0.00000000 0.99998999
vt 0.00000000 0.99998999
vt -0.00000000 1.00000000
vt 0.06471200 0.17879951
vt 0.00001000 1.00000000
vt 0.21732125 0.45665014
vt 0.16129652 0.36777294
vt 0.68926227 1.06811881
vt 0.63354075 0.99646628
vt 0.63067424 1.00375867
vt 0.57008898 0.92183501
vt 0.00000000 1.00000000
vt 0.00001000 1.00000000
vt 0.00001000 1.00000000
vt -0.00000000 0.99998999
vt 0.00000000 0.99998999
vt 0.56712937 0.92942220
vt 0.49271443 0.83761293
vt 0.57008898 0.92183501
vt 0.63067424 1.00375867
vt 0.00000000 0.99998999
vt 0.00001000 1.00000000
vt -0.00000000 1.00000000
vt 0.00001000 1.00000000
vt 0.00000000 1.00000000
vt 0.14156118 0.21449947
vt 0.68926221 1.06811881
vt 0.63354075 0.99646628
vt 0.19618204 0.27339625
vt 0.69187558 1.06103432
vt 0.63818854 0.98466980
vt 0.69645071 1.04949081
vt 0.75526983 1.11186934
vt 0.44954196 0.65125430
vt 0.37862515 0.55568463
vt 0.77884173 1.05283701
vt 0.71987295 0.99053603
vt 0.00000000 0.99998999
vt 0.00001000 1.00000000
vt 0.00000000 0.99998999
vt 0.00001000 1.00000000
vt 0.05950481 0.18721241
vt 0.41592085 0.73879963
vt -0.00000000 0.99998999
vt 0.00001000 1.00000000
vt -0.00000000 1.00000000
vt 0.37503701 0.56506574
vt 0.37862518 0.55568463
vt 0.30950981 0.47010970
vt 0.44954199 0.65125430
vt 0.00000000 1.00000000
vt 0.00001000 1.00000000
vt 0.00001000 1.00000000
vt -0.00000000 1.00000000
vt -0.00000000 1.00000000
vt -0.00000000 1.00000000
vt 0.00000000 1.00000000
vt 0.49271443 0.83761293
vt 0.00001000 1.00000000
vt 0.00000000 0.99998999
vt -0.00000000 0.99998999
vt -0.00000000 1.00000000
vt -0.00000000 1.00000000
vt 0.00001000 1.00000000
vt 0.80424696 1.16243684
vt 0.75083947 1.12299001
vt 0.00000000 0.99998999
vt 0.00000000 1.00000000
vt 0.00000000 0.99998999
vt 0.00001000 1.00000000
vt 0.00000000 0.99998999
vt 0.00000000 1.00000000
vt -0.00000000 0.99998999
vt 0.00000000 0.99998999
vt 0.00000000 1.00000000
vt 0.56712937 0.92942220
vt 0.00001000 1.00000000
vt 0.29614088 0.50552797
vt 0.00000000 0.99998999
vt 0.75083953 1.12299001
vt 0.69187558 1.06103432
vt -0.00000000 0.99998999
vt 0.00001000 1.00000000
vt 0.07084981 0.08113468
vt -0.00000000 1.00000000
vt -0.00000000 1.00000000
vt 0.00001000 1.00000000
vt 0.09489719 0.08921081
vt 0.08656333 0.07645994
vt 0.00000000 1.00000000
vt 0.07084981 0.08113468
vt 0.06694500 0.06648201
vt 0.07045644 0.16282094
vt 0.14954312 0.18993849
vt 0.11469927 0.12516838
vt 0.00001000 1.00000000
vt 0.16129652 0.36777294
vt 0.00001000 1.00000000
vt 0.66123521 0.92632025
vt 0.72465324 0.97901696
vt 0.31291401 0.46113443
vt 0.25136930 0.36541665
vt -0.00000000 1.00000000
vt 0.00001000 1.00000000
vt 0.24807224 0.37418497
vt 0.00001000 1.00000000
vt 0.00001000 1.00000000
vt 0.11381006 0.28751147
vt 0.07862510 0.22445977
vt 0.11848675 0.27758223
vt 0.16535118 0.35745913
vt 0.00001000 1.00000000
vt 0.83298308 1.19182479
vt 0.79997134 1.17312479
vt -0.00000000 0.99998999
vt 0.19307986 0.28243995
vt 0.19618204 0.27339619
vt 0.14688824 0.20002270
vt 0.87363416 1.13512969
vt 0.86288452 1.12172282
vt -0.00000000 1.00000000
vt 0.00001000 1.00000000
vt 0.87363416 1.13512969
vt 0.86288452 1.12172282
vt 0.00001000 1.00000000
vt 0.83298308 1.19182467
vt 0.79997134 1.17312479
vt 0.59736180 0.85223913
vt 0.66567218 0.91511405
vt 0.00001000 1.00000000
vt 0.42393553 0.71785265
vt 0.05455631 0.15944427
vt 0.22102800 0.44665527
vt 0.00000000 0.99998999
vt 0.00001000 1.00000000
vt 0.82880998 1.20223022
vt 0.00000000 0.99998999
vt 0.82106614 1.12046182
vt 0.82784200 1.10357594
vt 0.85657424 1.13310575
vt -0.00000000 1.00000000
vt 0.72465324 0.97901696
vt 0.66123521 0.92632025
vt 0.14954312 0.18993849
vt 0.34523982 0.64345121
vt 0.05273917 0.17044050
vt 0.00001000 1.00000000
vt 0.27944782 0.54994291
vt -0.00000000 1.00000000
vt 0.09489719 0.08921081
vt 0.11469926 0.12516838
vt 0.87227851 1.14766836
vt 0.87430835 1.17307103
vt 0.11381006 0.28751141
vt 0.00000000 1.00000000
vt 0.00000000 0.99998999
vt 0.18783478 0.29656881
vt -0.00000000 0.99998999
vt 0.87430835 1.17307103
vt 0.87227851 1.14766836
vt 0.82775152 1.20912480
vt 0.79855430 1.18010056
vt 0.74880677 1.12999904
vt 0.00001000 1.00000000
vt -0.00000000 0.99998999
vt -0.00000000 1.00000000
vt 0.00001000 1.00000000
vt 0.00001000 1.00000000
vt 0.00001000 1.00000000
vt -0.00000000 1.00000000
vt 0.41909957 0.73047853
vt 0.83382517 1.09216976
vt 0.78422618 1.04131830
vt 0.11255556 0.13616729
vt 0.00001000 1.00000000
vt 0.77884173 1.05283701
vt 0.82784200 1.10357594
vt -0.00000000 1.00000000
vt -0.00000000 0.99998999
vt -0.00000000 1.00000000
vt -0.00000000 0.99998999
vt 0.31291401 0.46113443
vt 0.25136930 0.36541659
vt 0.00001000 1.00000000
vt 0.71987295 0.99053609
vt 0.00001000 1.00000000
vt -0.00000000 0.99998999
vt 0.00001000 1.00000000
vt 0.00001000 1.00000000
vt 0.86515045 1.16537094
vt 0.00000000 0.99998999
vt 0.00000000 0.99998999
vt 0.00000000 1.00000000
vt 0.00000000 0.99998999
vt -0.00000000 1.00000000
vt 0.00000000 0.99998999
vt -0.00000000 0.99998999
vt 0.83382517 1.09216976
vt 0.78422624 1.04131830
vt 0.00001000 1.00000000
vt -0.00000000 0.99998999
vt 0.49577400 0.82968974
vt 0.83942986 1.22016203
vt 0.84386694 1.21831119
vt 0.82775158 1.20912480
vt 0.83942986 1.22016203
vt 0.79855430 1.18010056
vt 0.00000000 1.00000000
vt -0.00000000 0.99998999
vt -0.00000000 1.00000000
vt -0.00000000 0.99998999
vt 0.00001000 1.00000000
vt 0.00000000 0.99998999
vt 0.00001000 1.00000000
vt 0.00001000 1.00000000
vt 0.74880672 1.12999904
vt -0.00000000 0.99998999
vt 0.00001000 1.00000000
vt 0.00001000 1.00000000
vt -0.00000000 1.00000000
vt 0.00001000 1.00000000
vt -0.00000000 1.00000000
vt 0.85657424 1.13310575
vt 0.08656333 0.07645994
vt 0.00000000 1.00000000
vt -0.00000000 0.99998999
vt -0.00000000 0.99998999
vt 0.00000000 0.99998999
vt 0.00000000 1.00000000
vt 0.00001000 1.00000000
vt 0.00000000 1.00000000
vt 0.00001000 1.00000000
vt 0.00000000 1.00000000
vt 0.00000000 0.99998999
vt 0.00001000 1.00000000
vt 0.00001000 1.00000000
vt 0.00000000 1.00000000
vt 0.00000000 0.99998999
vt 0.00001000 1.00000000
vt 0.00000000 0.99998999
vt 0.00000000 1.00000000
vt -0.00000000 1.00000000
vt 0.00000000 1.00000000
vt 0.00000000 0.99998999
vt 0.00001000 1.00000000
vt 0.00001000 1.00000000
vt 0.00001000 1.00000000
vt 0.00000000 0.99998999
vt -0.00000000 1.00000000
vt -0.00000000 1.00000000
vt 0.00000000 0.99998999
vt 0.00000000 0.99998999
vt 0.00000000 0.99998999
vt 0.00000000 1.00000000
vt -0.00000000 1.00000000
vt -0.00000000 0.99998999
vt 0.00000000 1.00000000
vt 0.00000000 0.99998999
vt 0.00001000 1.00000000
vt -0.00000000 1.00000000
vt 0.00001000 1.00000000
vt -0.00000000 1.00000000
vt 0.00000000 1.00000000
vt 0.00000000 0.99998999
vt -0.00000000 1.00000000
vt -0.00000000 0.99998999
vt 0.00000000 0.99998999
vt -0.00000000 0.99998999
vt 0.00001000 1.00000000
vt 0.00001000 1.00000000
vt 0.00000000 0.99998999
vt -0.00000000 0.99998999
vt 0.00001000 1.00000000
vt 0.00000000 1.00000000
vt 0.00001000 1.00000000
vt 0.00001000 1.00000000
vt 0.00000000 1.00000000
vt 0.00001000 1.00000000
vt 0.00001000 1.00000000
vt 0.00001000 1.00000000
vt 0.00000000 1.00000000
vt 0.00001000 1.00000000
vt 0.00000000 0.99998999
vt 0.00001000 1.00000000
vt -0.00000000 1.00000000
vt 0.00000000 1.00000000
vt 0.00001000 1.00000000
vt 0.00001000 1.00000000
vt 0.00001000 1.00000000
vt 0.00001000 1.00000000
vt 0.00000000 0.99998999
vt 0.00000000 0.99998999
vt -0.00000000 0.99998999
vt 0.00000000 0.99998999
vt 0.00000000 1.00000000
vt 0.00000000 0.99998999
vt 0.00000000 1.00000000
vt -0.00000000 0.99998999
vt 0.00000000 1.00000000
vt 0.00000000 0.99998999
vt 0.00001000 1.00000000
vt 0.00001000 1.00000000
vt 0.00001000 1.00000000
vt 0.00001000 1.00000000
vt 0.00000000 1.00000000
vt -0.00000000 1.00000000
vt 0.00000000 1.00000000
vt 0.00001000 1.00000000
vt 0.00000000 1.00000000
vt 0.00001000 1.00000000
vt -0.00000000 1.00000000
vt -0.00000000 0.99998999
vt 0.00001000 1.00000000
vt -0.00000000 0.99998999
vt 0.00000000 1.00000000
vt 0.00000000 0.99998999
vt -0.00000000 1.00000000
vt -0.00000000 1.00000000
vt 0.00000000 1.00000000
vt -0.00000000 1.00000000
vt 0.00001000 1.00000000
vt 0.00001000 1.00000000
vt -0.00000000 1.00000000
vt -0.00000000 0.99998999
vt 0.00000000 0.99998999
vt 0.00001000 1.00000000
vt -0.00000000 1.00000000
vt 0.00001000 1.00000000
vt 0.00000000 1.00000000
vt 0.00000000 1.00000000
vt 0.00000000 1.00000000
vt 0.00000000 1.00000000
vt 0.00001000 1.00000000
vt -0.00000000 0.99998999
vt 0.00000000 1.00000000
vt 0.00001000 1.00000000
vt 0.00000000 1.00000000
vt 0.00001000 1.00000000
vt 0.00001000 1.00000000
vt 0.00000000 1.00000000
vt 0.00001000 1.00000000
vt -0.00000000 1.00000000
vt -0.00000000 1.00000000
vt -0.00000000 0.99998999
vt 0.00001000 1.00000000
vt -0.00000000 0.99998999
vt -0.00000000 1.00000000
vt 0.00001000 1.00000000
vt 0.00001000 1.00000000
vt -0.00000000 0.99998999
vt 0.00001000 1.00000000
vt 0.00001000 1.00000000
vt 0.00000000 1.00000000
vt -0.00000000 1.00000000
vt 0.00000000 1.00000000
vt 0.00001000 1.00000000
vt -0.00000000 1.00000000
vt 0.00000000 1.00000000
vt 0.00000000 1.00000000
vt 0.00001000 1.00000000
vt 0.00000000 1.00000000
vt 0.00001000 1.00000000
vt 0.00000000 0.99998999
vt -0.00000000 1.00000000
vt 0.00000000 1.00000000
vt 0.00000000 1.00000000
vt 0.00001000 1.00000000
vt 0.00001000 1.00000000
vt 0.00000000 0.99998999
vt 0.00000000 1.00000000
vt 0.00000000 1.00000000
vt 0.00000000 1.00000000
vt -0.00000000 1.00000000
vt -0.00000000 1.00000000
vt 0.00001000 1.00000000
vt 0.00001000 1.00000000
vt -0.00000000 1.00000000
vt 0.00001000 1.00000000
vt -0.00000000 1.00000000
vt 0.00001000 1.00000000
vt 0.00000000 1.00000000
vt -0.00000000 0.99998999
vt 0.00000000 0.99998999
vt 0.00000000 0.99998999
vt 0.00001000 1.00000000
vt 0.00000000 0.99998999
vt 0.00001000 1.00000000
vt 0.00000000 1.00000000
vt 0.00001000 1.00000000
vt 0.00001000 1.00000000
vt -0.00000000 0.99998999
vt 0.00000000 1.00000000
vt 0.00001000 1.00000000
vt -0.00000000 0.99998999
vt 0.00001000 1.00000000
vt -0.00000000 1.00000000
vt 0.00001000 1.00000000
vt 0.00001000 1.00000000
vt 0.40089425 -0.15756834
vt 0.40488774 0.93063426
vt 0.23132394 -0.11842811
vt 0.00000000 0.99998999
vt 0.00001000 1.00000000
vt -0.00000000 0.99998999
vt 0.23558286 1.92365170
vt 0.24249192 2.80208182
vt 0.41501972 2.03908849
vt 0.00000000 0.99998999
vt 0.00000000 1.00000000
vt 0.00001000 1.00000000
vt 0.23437159 -0.97975183
vt 0.00000000 1.00000000
vt 0.00000000 1.00000000
vt 0.00000000 0.99998999
vt 0.57044995 -0.19669938
vt 0.40488774 0.93063432
vt 0.57971281 1.00256801
vt 0.00000000 0.99998999
vt 0.00000000 0.99998999
vt 0.00000000 1.00000000
vt -0.00000000 1.00000000
vt -0.00000000 0.99998999
vt 0.00001000 1.00000000
vt 0.00001000 1.00000000
vt 0.00000000 0.99998999
vt 0.00000000 0.99998999
vt 0.00000000 0.99998999
vt 0.00000000 1.00000000
vt 0.00001000 1.00000000
vt 0.00000000 1.00000000
vt -0.00000000 1.00000000
vt 0.00000000 0.99998999
vt 0.00001000 1.00000000
vt 0.00000000 1.00000000
vt 0.00000000 0.99998999
vt 0.00000000 0.99998999
vt 0.00001000 1.00000000
vt 0.00000000 1.00000000
vt 0.42879799 3.53172445
vt 0.00001000 1.00000000
vt -0.00000000 1.00000000
vt 0.00000000 0.99998999
vt 0.00000000 1.00000000
vt 0.00000000 0.99998999
vt -0.00000000 1.00000000
vt 0.00000000 0.99998999
vt 0.00000000 0.99998999
vt 0.00000000 0.99998999
vt 0.00001000 1.00000000
vt 0.00001000 1.00000000
vt 0.00000000 1.00000000
vt 0.00001000 1.00000000
vt 0.00001000 1.00000000
vt 0.00000000 0.99998999
vt 0.00000000 1.00000000
vt 0.00001000 1.00000000
vt 0.00001000 1.00000000
vt 0.00001000 1.00000000
vt 0.00000000 1.00000000
vt 0.00001000 1.00000000
vt 0.00000000 1.00000000
vt 0.00000000 0.99998999
vt 0.00000000 1.00000000
vt 0.00000000 0.99998999
vt 0.00001000 1.00000000
vt 0.00001000 1.00000000
vt 0.29768202 -2.82139397
vt 0.23540772 -2.28434086
vt 0.32977831 -2.39594650
vt -0.00000000 0.99998999
vt 0.00000000 1.00000000
vt -0.00000000 1.00000000
vt 0.00000000 1.00000000
vt -0.00000000 1.00000000
vt 0.00000000 0.99998999
vt -0.00000000 1.00000000
vt 0.00001000 1.00000000
vt 0.00000000 1.00000000
vt 0.00000000 1.00000000
vt 0.42336774 -2.51057386
vt 0.49427044 -1.99600601
vt 0.32977831 -2.39594650
vt 0.00001000 1.00000000
vt 0.00000000 1.00000000
vt 0.00000000 0.99998999
vt 0.00000000 1.00000000
vt 0.00000000 1.00000000
vt 0.00001000 1.00000000
vt 0.00000000 0.99998999
vt 0.00001000 1.00000000
vt 0.00001000 1.00000000
vt 0.00000000 0.99998999
vt 0.00000000 1.00000000
vt -0.00000000 1.00000000
vt 0.00001000 1.00000000
vt -0.00000000 1.00000000
vt 0.00001000 1.00000000
vt 0.00001000 1.00000000
vt 0.00000000 1.00000000
vt 0.00001000 1.00000000
vt 0.00001000 1.00000000
vt 0.00000000 1.00000000
vt 0.00001000 1.00000000
vt 0.29768199 -2.82139421
vt 0.23540772 -2.28434086
vt 0.24292707 -2.75408506
vt 0.00000000 0.99998999
vt 0.00001000 1.00000000
vt 0.00001000 1.00000000
vt 0.00000000 0.99998999
vt 0.00000000 1.00000000
vt 0.49427044 -1.99600601
vt 0.36427426 -1.84673643
vt 0.39127713 -1.11889887
vt 0.19321400 3.37051105
vt 0.00001000 1.00000000
vt 0.13664100 1.86000443
vt 0.00000000 0.99998999
vt -0.00000000 0.99998999
vt 0.00001000 1.00000000
vt 0.00000000 0.99998999
vt 0.00001000 1.00000000
vt -0.00000000 0.99998999
vt 0.00000000 1.00000000
vt -0.00000000 0.99998999
vt 0.00000000 0.99998999
vt -0.00000000 0.99998999
vt 0.23558286 1.92365170
vt 0.41501972 2.03908849
vt 0.42499280 2.92478061
vt 0.00000000 0.99998999
vt 0.00001000 1.00000000
vt 0.00000000 1.00000000
vt 0.00001000 1.00000000
vt 0.23437156 -0.97975183
vt 0.23132393 -0.11842799
vt 0.00000000 0.99998999
vt 0.00000000 1.00000000
vt 0.00000000 1.00000000
vt 0.00001000 1.00000000
vt -0.00000000 0.99998999
vt 0.00000000 0.99998999
vt -0.00000000 1.00000000
vt 0.60747671 3.04746866
vt 0.00000000 0.99998999
vt 0.00000000 0.99998999
vt 0.00001000 1.00000000
vt 0.36427426 -1.84673643
vt 0.00001000 1.00000000
vt 0.00000000 1.00000000
vt 0.00000000 1.00000000
vt -0.00000000 1.00000000
vt 0.00001000 1.00000000
vt -0.00000000 1.00000000
vt 0.34995681 -2.90152073
vt 0.00000000 0.99998999
vt 0.00000000 1.00000000
vt 0.00000000 0.99998999
vt 0.00001000 1.00000000
vt 0.13664100 1.86000443
vt 0.14324300 2.96352696
vt 0.00000000 0.99998999
vt 0.00000000 0.99998999
vt 0.00000000 1.00000000
vt 0.00000000 0.99998999
vt 0.00000000 1.00000000
vt -0.00000000 1.00000000
vt 0.59443957 2.15451503
vt 0.42499280 2.92478061
vt 0.60747671 3.04746866
vt 0.00001000 1.00000000
vt 0.00001000 1.00000000
vt -0.00000000 1.00000000
vt 0.00001000 1.00000000
vt 0.00000000 1.00000000
vt 0.00001000 1.00000000
vt -0.00000000 1.00000000
vt 0.00000000 0.99998999
vt -0.00000000 0.99998999
vt -0.00000000 0.99998999
vt 0.00001000 1.00000000
vt 0.00000000 0.99998999
vt 0.00001000 1.00000000
vt -0.00000000 0.99998999
vt 0.00001000 1.00000000
vt 0.00000000 1.00000000
vt 0.00000000 0.99998999
vt 0.00000000 1.00000000
vt 0.00000000 0.99998999
vt 0.00000000 0.99998999
vt 0.00000000 1.00000000
vt -0.00000000 1.00000000
vt 0.00001000 1.00000000
vt -0.00000000 1.00000000
vt -0.00000000 0.99998999
vt 0.00000000 1.00000000
vt 0.00000000 1.00000000
vt 0.00000000 1.00000000
vt 0.00001000 1.00000000
vt 0.00000000 0.99998999
vt 0.00001000 1.00000000
vt 0.00001000 1.00000000
vt 0.00001000 1.00000000
vt 0.00000000 0.99998999
vt 0.00001000 1.00000000
vt -0.00000000 1.00000000
vt -0.00000000 1.00000000
vt 0.00000000 0.99998999
vt 0.00001000 1.00000000
vt 0.00000000 1.00000000
vt -0.00000000 1.00000000
vt -0.00000000 0.99998999
vt 0.00000000 1.00000000
vt 0.00001000 1.00000000
vt 0.00001000 1.00000000
vt -0.00000000 0.99998999
vt -0.00000000 1.00000000
vt 0.00001000 1.00000000
vt 0.00000000 1.00000000
vt -0.00000000 0.99998999
vt 0.00000000 0.99998999
vt 0.29461551 -3.19743347
vt 0.00000000 1.00000000
vt 0.00000000 1.00000000
vt 0.00000000 0.99998999
vt 0.00000000 1.00000000
vt 0.00001000 1.00000000
vt 0.00001000 1.00000000
vt 0.00000000 0.99998999
vt 0.71306300 3.35172796
vt 0.00001000 1.00000000
vt 0.42336774 -2.51057386
vt 0.00000000 0.99998999
vt 0.00001000 1.00000000
vt 0.00001000 1.00000000
vt 0.00000000 1.00000000
vt 0.34995681 -2.90152073
vt 0.00000000 1.00000000
vt 0.00000000 0.99998999
vt 0.00000000 1.00000000
vt 0.00001000 1.00000000
vt -0.00000000 1.00000000
vt -0.00000000 0.99998999
vt -0.00000000 0.99998999
vt -0.00000000 0.99998999
vt -0.00000000 1.00000000
vt 0.00000000 1.00000000
vt 0.00001000 1.00000000
vt 0.00000000 1.00000000
vt 0.00000000 0.99998999
vt 0.00000000 1.00000000
vt 0.00001000 1.00000000
vt 0.00000000 0.99998999
vt -0.00000000 0.99998999
vt 0.00000000 1.00000000
vt 0.00001000 1.00000000
vt 0.00001000 1.00000000
vt 0.00001000 1.00000000
vt 0.00001000 1.00000000
vt 0.00000000 1.00000000
vt 0.00001000 1.00000000
vt 0.00000000 1.00000000
vt 0.00001000 1.00000000
vt 0.29461551 -3.19743347
vt 0.37162325 -2.96048641
vt 0.00001000 1.00000000
vt 0.00000000 0.99998999
vt 0.00000000 0.99998999
vt 0.00000000 1.00000000
vt 0.00000000 0.99998999
vt 0.00000000 1.00000000
vt 0.00001000 1.00000000
vt 0.00000000 1.00000000
vt 0.00001000 1.00000000
vt 0.00000000 1.00000000
vt 0.40089422 -0.15756822
vt 0.00000000 1.00000000
vt 0.00000000 0.99998999
vt 0.00000000 1.00000000
vt 0.00001000 1.00000000
vt 0.00001000 1.00000000
vt 0.00001000 1.00000000
vt 0.00001000 1.00000000
vt 0.00001000 1.00000000
vt 0.00001000 1.00000000
vt 0.00000000 0.99998999
vt 0.00000000 0.99998999
vt 0.00000000 1.00000000
vt 0.00001000 1.00000000
vt 0.54813957 -1.25798965
vt 0.57044995 -0.19669938
vt 0.39127713 -1.11889887
vt -0.00000000 1.00000000
vt 0.00001000 1.00000000
vt 0.66384900 -0.21822846
vt 0.00000000 1.00000000
vt 0.00000000 0.99998999
vt 0.00000000 1.00000000
vt 0.00000000 0.99998999
vt 0.00000000 0.99998999
vt 0.00000000 1.00000000
vt 0.00000000 1.00000000
vt 0.00001000 1.00000000
vt -0.00000000 0.99998999
vt 0.00000000 1.00000000
vt 0.00000000 1.00000000
vt -0.00000000 1.00000000
vt 0.00000000 0.99998999
vt 0.00000000 1.00000000
vt 0.27215719 -3.10702896
vt 0.00000000 0.99998999
vt 0.00001000 1.00000000
vt 0.00000000 0.99998999
vt 0.23004615 0.85869527
vt -0.00000000 0.99998999
vt 0.00000000 1.00000000
vt -0.00000000 1.00000000
vt -0.00000000 1.00000000
vt -0.00000000 0.99998999
vt -0.00000000 0.99998999
vt 0.00001000 1.00000000
vt 0.00000000 1.00000000
vt -0.00000000 0.99998999
vt 0.14432950 3.15067101
vt 0.00000000 1.00000000
vt -0.00000000 1.00000000
vt 0.00000000 1.00000000
vt 0.00000000 1.00000000
vt 0.00001000 1.00000000
vt 0.00001000 1.00000000
vt 0.00000000 1.00000000
vt 0.00000000 0.99998999
vt 0.00001000 1.00000000
vt -0.00000000 1.00000000
vt 0.00000000 1.00000000
vt 0.16931501 3.35416317
vt 0.00000000 1.00000000
vt 0.00000000 1.00000000
vt 0.00000000 0.99998999
vt 0.00000000 0.99998999
vt -0.00000000 1.00000000
vt -0.00000000 0.99998999
vt 0.00001000 1.00000000
vt 0.00000000 0.99998999
vt -0.00000000 0.99998999
vt -0.00000000 0.99998999
vt 0.42850947 3.34469652
vt 0.61167091 3.46975565
vt 0.00000000 0.99998999
vt 0.00001000 1.00000000
vt 0.00001000 1.00000000
vt 0.00000000 1.00000000
vt 0.00000000 1.00000000
vt 0.00001000 1.00000000
vt -0.00000000 0.99998999
vt 0.00001000 1.00000000
vt 0.00000000 1.00000000
vt 0.00000000 1.00000000
vt 0.00001000 1.00000000
vt -0.00000000 0.99998999
vt 0.00001000 1.00000000
vt 0.00000000 0.99998999
vt 0.00001000 1.00000000
vt -0.00000000 0.99998999
vt 0.00000000 0.99998999
vt -0.00000000 0.99998999
vt 0.23414437 -1.69730973
vt 0.00001000 1.00000000
vt 0.00001000 1.00000000
vt 0.00001000 1.00000000
vt 0.00000000 0.99998999
vt 0.00000000 0.99998999
vt 0.00000000 0.99998999
vt 0.00000000 0.99998999
vt 0.00000000 0.99998999
vt 0.00000000 1.00000000
vt -0.00000000 0.99998999
vt 0.24796599 -3.28864384
vt -0.00000000 1.00000000
vt 0.00000000 0.99998999
vt 0.00001000 1.00000000
vt -0.00000000 1.00000000
vt 0.00001000 1.00000000
vt 0.00001000 1.00000000
vt 0.00001000 1.00000000
vt -0.00000000 1.00000000
vt 0.00000000 1.00000000
vt 0.00000000 1.00000000
vt 0.00001000 1.00000000
vt 0.00000000 1.00000000
vt 0.00000000 0.99998999
vt 0.00001000 1.00000000
vt 0.00000000 1.00000000
vt 0.00000000 1.00000000
vt -0.00000000 1.00000000
vt -0.00000000 0.99998999
vt 0.00000000 0.99998999
vt 0.00001000 1.00000000
vt 0.00001000 1.00000000
vt -0.00000000 1.00000000
vt 0.00000000 0.99998999
vt 0.00001000 1.00000000
vt 0.00001000 1.00000000
vt 0.00000000 1.00000000
vt 0.00001000 1.00000000
vt 0.00000000 1.00000000
vt 0.00000000 0.99998999
vt 0.00001000 1.00000000
vt 0.00001000 1.00000000
vt -0.00000000 0.99998999
vt 0.00000000 1.00000000
vt 0.00000000 1.00000000
vt 0.00000000 1.00000000
vt -0.00000000 1.00000000
vt 0.00000000 1.00000000
vt 0.00001000 1.00000000
vt 0.00001000 1.00000000
vt 0.00001000 1.00000000
vt -0.00000000 0.99998999
vt 0.00001000 1.00000000
vt 0.00001000 1.00000000
vt -0.00000000 1.00000000
vt 0.23004615 0.85869521
vt 0.00001000 1.00000000
vt -0.00000000 1.00000000
vt 0.00000000 0.99998999
vt 0.00000000 1.00000000
vt -0.00000000 0.99998999
vt 0.00001000 1.00000000
vt 0.00000000 0.99998999
vt 0.23414437 -1.69730973
vt 0.00001000 1.00000000
vt -0.00000000 0.99998999
vt 0.00000000 0.99998999
vt 0.00000000 0.99998999
vt 0.00000000 1.00000000
vt 0.00001000 1.00000000
vt 0.00000000 1.00000000
vt 0.00001000 1.00000000
vt 0.00000000 1.00000000
vt 0.00001000 1.00000000
vt 0.00000000 1.00000000
vt 0.00001000 1.00000000
vt 0.00000000 1.00000000
vt 0.00001000 1.00000000
vt 0.00001000 1.00000000
vt 0.00000000 1.00000000
vt 0.14541601 3.33781505
vt -0.00000000 0.99998999
vt 0.42850947 3.34469652
vt 0.61167091 3.46975565
vt 0.71255350 3.53863192
vt 0.00000000 1.00000000
vt 0.00000000 0.99998999
vt 0.00001000 1.00000000
vt -0.00000000 0.99998999
vt 0.00000000 1.00000000
vt 0.00000000 1.00000000
vt 0.30447078 -3.08947229
vt 0.00001000 1.00000000
vt -0.00000000 0.99998999
vt 0.00001000 1.00000000
vt 0.14560699 -0.95015299
vt 0.00000000 1.00000000
vt 0.00000000 1.00000000
vt -0.00000000 0.99998999
vt 0.00000000 1.00000000
vt 0.00000000 1.00000000
vt 0.16011874 1.87510550
vt 0.16574062 2.75048232
vt -0.00000000 0.99998999
vt -0.00000000 1.00000000
vt -0.00000000 1.00000000
vt -0.00000000 0.99998999
vt 0.00000000 1.00000000
vt -0.00000000 0.99998999
vt -0.00000000 0.99998999
vt -0.00000000 0.99998999
vt 0.00001000 1.00000000
vt 0.00001000 1.00000000
vt 0.00000000 0.99998999
vt 0.00001000 1.00000000
vt 0.00000000 0.99998999
vt -0.00000000 0.99998999
vt 0.00001000 1.00000000
vt -0.00000000 0.99998999
vt -0.00000000 1.00000000
vt 0.00001000 1.00000000
vt 0.00000000 1.00000000
vt 0.00001000 1.00000000
vt -0.00000000 1.00000000
vt 0.00000000 1.00000000
vt 0.00001000 1.00000000
vt 0.00000000 1.00000000
vt -0.00000000 0.99998999
vt 0.00000000 0.99998999
vt -0.00000000 1.00000000
vt 0.00001000 1.00000000
vt 0.66985250 2.20303059
vt 0.00001000 1.00000000
vt 0.00001000 1.00000000
vt -0.00000000 1.00000000
vt 0.00001000 1.00000000
vt 0.00000000 0.99998999
vt 0.24796599 -3.28864384
vt 0.00001000 1.00000000
vt -0.00000000 0.99998999
vt -0.00000000 0.99998999
vt 0.00000000 0.99998999
vt 0.00000000 1.00000000
vt 0.00000000 0.99998999
vt -0.00000000 1.00000000
vt 0.00000000 0.99998999
vt 0.00001000 1.00000000
vt -0.00000000 0.99998999
vt 0.00001000 1.00000000
vt -0.00000000 1.00000000
vt 0.00001000 1.00000000
vt 0.00000000 0.99998999
vt 0.00000000 0.99998999
vt 0.16574062 2.75048256
vt 0.16011874 1.87510550
vt 0.16829476 3.16703010
vt 0.16829476 3.16702986
vt 0.00000000 0.99998999
vt 0.00000000 1.00000000
vt 0.00000000 1.00000000
vt 0.21382025 -2.73357129
vt 0.19159988 -2.23627329
vt 0.00000000 1.00000000
vt 0.00000000 1.00000000
vt -0.00000000 0.99998999
vt 0.00001000 1.00000000
vt 0.25737575 -3.23680210
vt 0.23780900 -3.08128452
vt -0.00000000 0.99998999
vt 0.00000000 1.00000000
vt 0.00000000 1.00000000
vt 0.00000000 1.00000000
vt 0.00001000 1.00000000
vt -0.00000000 1.00000000
vt 0.00001000 1.00000000
vt 0.00001000 1.00000000
vt 0.00000000 1.00000000
vt 0.16786493 -0.92061090
vt -0.00000000 0.99998999
vt 0.00001000 1.00000000
vt 0.00001000 1.00000000
vt 0.00000000 1.00000000
vt 0.00001000 1.00000000
vt 0.00000000 0.99998999
vt 0.71306300 3.35172796
vt 0.23780900 -3.08128452
vt 0.25737575 -3.23680210
vt 0.00000000 0.99998999
vt -0.00000000 0.99998999
vt 0.00000000 1.00000000
vt 0.00000000 0.99998999
vt 0.00000000 1.00000000
vt 0.00000000 0.99998999
vt -0.00000000 0.99998999
vt -0.00000000 1.00000000
vt -0.00000000 0.99998999
vt -0.00000000 1.00000000
vt 0.00001000 1.00000000
vt -0.00000000 1.00000000
vt 0.00000000 0.99998999
vt 0.00000000 1.00000000
vt 0.16786493 -0.92061079
vt 0.00001000 1.00000000
vt 0.00001000 1.00000000
vt 0.21382025 -2.73357129
vt 0.64172071 -0.21313727
vt 0.65319610 1.03280437
vt 0.61451703 -1.31696367
vt 0.64172071 -0.21313727
vt 0.00001000 1.00000000
vt 0.00001000 1.00000000
vt 0.00001000 1.00000000
vt 0.00000000 0.99998999
vt 0.65319610 1.03280437
vt 0.00000000 0.99998999
vt 0.61451703 -1.31696367
vt 0.00000000 1.00000000
vt 0.15651357 0.82844263
vt -0.00000000 1.00000000
vt 0.00000000 1.00000000
vt 0.00000000 0.99998999
vt 0.68865621 3.52231812
vt 0.00000000 0.99998999
vt -0.00000000 1.00000000
vt 0.00000000 1.00000000
vt -0.00000000 1.00000000
vt 0.68865621 3.52231812
vt 0.66985250 2.20303059
vt 0.68417692 3.09903669
vt 0.17733824 -1.63200021
vt 0.68417692 3.09903669
vt -0.00000000 1.00000000
vt 0.00001000 1.00000000
vt 0.00000000 0.99998999
vt -0.00000000 0.99998999
vt 0.24533106 3.21962595
vt 0.46483219 -2.56770778
vt 0.55067551 -2.06084371
vt 0.00001000 1.00000000
vt 0.55067551 -2.06084371
vt 0.24249192 2.80208182
vt 0.00000000 0.99998999
vt 0.00001000 1.00000000
vt 0.16000950 -0.10196292
vt 0.37162328 -2.96048641
vt 0.15651357 0.82844263
vt 0.16000950 -0.10196304
vt 0.17733824 -1.63200021
vt 0.00001000 1.00000000
vt 0.24918835 -2.99753618
vt 0.19159988 -2.23627329
vt 0.00000000 1.00000000
vt -0.00000000 0.99998999
vt 0.00000000 0.99998999
vt 0.46483219 -2.56770778
vt 0.54813957 -1.25798965
vt 0.00001000 1.00000000
vt -0.00000000 0.99998999
vt 0.00001000 1.00000000
vt 0.27215719 -3.10702896
vt 0.24918835 -2.99753618
vt 0.24292707 -2.75408483
vt 0.00000000 1.00000000
vt 0.00000000 0.99998999
vt 0.00001000 1.00000000
vt -0.00000000 1.00000000
vt 0.59443957 2.15451503
vt 0.00001000 1.00000000
vt -0.00000000 1.00000000
vt 0.00001000 1.00000000
vt 0.00000000 0.99998999
vt 0.00001000 1.00000000
vt 0.00001000 1.00000000
vt 0.00001000 1.00000000
vt 0.00000000 0.99998999
vt 0.00001000 1.00000000
vt -0.00000000 1.00000000
vt 0.00001000 1.00000000
vt 0.00001000 1.00000000
vt 0.00001000 1.00000000
vt 0.00001000 1.00000000
vt -0.00000000 0.99998999
vt -0.00000000 1.00000000
vt 0.00000000 0.99998999
vt 0.00000000 0.99998999
vt 0.00001000 1.00000000
vt 0.00001000 1.00000000
vt 0.00000000 1.00000000
vt -0.00000000 0.99998999
vt 0.00000000 1.00000000
vt 0.00001000 1.00000000
vt 0.00000000 1.00000000
vt 0.00000000 1.00000000
vt -0.00000000 0.99998999
vt 0.00001000 1.00000000
vt 0.57971281 1.00256801
vt 0.00001000 1.00000000
vt -0.00000000 0.99998999
vt 0.00001000 1.00000000
vt 0.00000000 1.00000000
vt 0.00000000 1.00000000
vt 0.00000000 1.00000000
vt 0.00001000 1.00000000
vt -0.00000000 0.99998999
vt -0.00000000 0.99998999
vt 0.00001000 1.00000000
vt 0.00000000 1.00000000
vt -0.00000000 0.99998999
vt 0.00001000 1.00000000
vt 0.30447078 -3.08947229
vt 0.00000000 0.99998999
vt 0.00000000 1.00000000
vt 0.00000000 1.00000000
vt 0.00001000 1.00000000
vt 0.24533106 3.21962595
vt 0.00000000 1.00000000
vt 0.00000000 1.00000000
vt 0.00000000 1.00000000
vt 0.00000000 1.00000000
vt -0.00000000 0.99998999
vt 0.00001000 1.00000000
vt 0.00000000 0.99998999
vt 0.00000000 1.00000000
vt 0.00000000 0.99998999
vt 0.00000000 1.00000000
vt 0.00001000 1.00000000
vt 0.00000000 0.99998999
vt -0.00000000 1.00000000
vt 0.00001000 1.00000000
vt 0.00001000 1.00000000
vt 0.00001000 1.00000000
vt 0.00001000 1.00000000
vt 0.00001000 1.00000000
vt 0.00000000 0.99998999
vt 0.00001000 1.00000000
vt 0.00001000 1.00000000
vt 0.00001000 1.00000000
vt 0.00001000 1.00000000
vt 0.00000000 0.99998999
f 7/7 8/8 9/9
f 10/10 11/11 12/12
f 13/13 14/14 15/15
f 20/20 21/21 22/22
f 35/35 36/36 37/37
f 38/38 39/39 40/40
f 41/41 42/42 461/461
f 61/61 62/62 63/63
f 72/72 73/73 74/74
f 84/84 867/867 85/85
f 94/94 688/688 95/95
f 102/102 103/103 104/104
f 107/107 108/108 69/69
f 109/109 110/110 111/111
f 118/118 119/119 120/120
f 133/133 134/134 135/135
f 138/138 139/139 140/140
f 141/141 142/142 143/143
f 144/144 145/145 146/146
f 147/147 148/148 149/149
f 144/144 146/146 154/154
f 159/159 65/65 160/160
f 69/69 68/68 161/161
f 164/164 165/165 166/166
f 1365/1365 170/170 171/171
f 174/174 175/175 176/176
f 177/177 178/178 179/179
f 185/185 186/186 187/187
f 113/113 112/112 188/188
f 192/192 193/193 164/164
f 205/205 206/206 207/207
f 216/216 217/217 218/218
f 194/194 195/195 219/219
f 220/220 221/221 222/222
f 230/230 391/391 231/231
f 232/232 233/233 234/234
f 237/237 238/238 171/171
f 247/247 248/248 249/249
f 241/241 242/242 252/252
f 142/142 253/253 254/254
f 255/255 256/256 257/257
f 264/264 265/265 266/266
f 196/196 197/197 268/268
f 272/272 273/273 274/274
f 11/11 275/275 12/12
f 172/172 278/278 173/173
f 290/290 107/107 69/69
f 291/291 292/292 293/293
f 229/229 294/294 295/295
f 228/228 296/296 229/229
f 297/297 298/298 299/299
f 305/305 306/306 307/307
f 316/316 317/317 318/318
f 129/129 130/130 321/321
f 54/54 55/55 322/322
f 328/328 52/52 53/53
f 342/342 343/343 344/344
f 115/115 114/114 345/345
f 346/346 347/347 348/348
f 353/353 354/354 355/355
f 251/251 250/250 361/361
f 181/181 180/180 362/362
f 56/56 57/57 363/363
f 366/366 174/174 367/367
f 370/370 371/371 372/372
f 380/380 246/246 381/381
f 226/226 244/244 227/227
f 229/229 296/296 294/294
f 236/236 235/235 383/383
f 145/145 144/144 384/384
f 390/390 391/391 392/392
f 401/401 402/402 403/403
f 413/413 274/274 414/414
f 415/415 282/282 55/55
f 406/406 405/405 416/416
f 419/419 420/420 563/563
f 421/421 238/238 237/237
f 96/96 426/426 97/97
f 439/439 155/155 440/440
f 450/450 451/451 452/452
f 453/453 454/454 455/455
f 356/356 161/161 68/68
f 467/467 468/468 469/469
f 195/195 473/473 268/268
f 309/309 308/308 477/477
f 422/422 480/480 423/423
f 481/481 482/482 483/483
f 286/286 484/484 485/485
f 486/486 487/487 488/488
f 165/165 75/75 496/496
f 191/191 497/497 498/498
f 500/500 501/501 502/502
f 430/430 505/505 506/506
f 507/507 508/508 509/509
f 518/518 519/519 520/520
f 522/522 523/523 524/524
f 525/525 526/526 527/527
f 190/190 189/189 528/528
f 445/445 448/448 446/446
f 5/5 533/533 6/6
f 535/535 92/92 93/93
f 131/131 536/536 537/537
f 66/66 538/538 67/67
f 539/539 540/540 541/541
f 548/548 549/549 550/550
f 552/552 553/553 554/554
f 1/1 559/559 2/2
f 564/564 565/565 566/566
f 259/259 567/567 258/258
f 35/35 37/37 577/577
f 176/176 175/175 581/581
f 274/274 413/413 583/583
f 584/584 585/585 586/586
f 510/510 592/592 511/511
f 450/450 593/593 451/451
f 115/115 345/345 596/596
f 127/127 597/597 128/128
f 273/273 414/414 274/274
f 319/319 320/320 604/604
f 615/615 616/616 617/617
f 618/618 619/619 620/620
f 469/469 470/470 471/471
f 165/165 621/621 166/166
f 625/625 626/626 627/627
f 49/49 48/48 630/630
f 635/635 636/636 637/637
f 639/639 640/640 641/641
f 644/644 645/645 646/646
f 361/361 647/647 648/648
f 478/478 479/479 649/649
f 654/654 244/244 243/243
f 658/658 659/659 660/660
f 663/663 664/664 665/665
f 677/677 678/678 591/591
f 679/679 623/623 418/418
f 360/360 359/359 683/683
f 684/684 685/685 686/686
f 695/695 696/696 697/697
f 524/524 698/698 699/699
f 216/216 218/218 702/702
f 548/548 707/707 549/549
f 286/286 485/485 287/287
f 397/397 713/713 396/396
f 720/720 721/721 530/530
f 160/160 722/722 159/159
f 723/723 450/450 452/452
f 724/724 725/725 726/726
f 728/728 729/729 622/622
f 730/730 1253/1253 731/731
f 340/340 341/341 732/732
f 738/738 337/337 670/670
f 1240/1240 240/240 90/90
f 739/739 311/311 740/740
f 280/280 741/741 742/742
f 749/749 230/230 429/429
f 734/734 453/453 455/455
f 543/543 493/493 756/756
f 542/542 493/493 543/543
f 763/763 764/764 765/765
f 625/625 627/627 767/767
f 607/607 571/571 27/27
f 783/783 369/369 685/685
f 207/207 206/206 514/514
f 204/204 786/786 787/787
f 791/791 380/380 792/792
f 13/13 15/15 793/793
f 376/376 794/794 795/795
f 555/555 556/556 796/796
f 301/301 302/302 303/303
f 805/805 806/806 807/807
f 809/809 150/150 151/151
f 810/810 811/811 472/472
f 810/810 35/35 812/812
f 314/314 813/813 814/814
f 383/383 1417/1417 233/233
f 248/248 823/823 249/249
f 544/544 829/829 723/723
f 832/832 833/833 328/328
f 844/844 633/633 634/634
f 751/751 845/845 750/750
f 852/852 854/854 853/853
f 672/672 673/673 476/476
f 540/540 539/539 334/334
f 862/862 863/863 864/864
f 85/85 867/867 389/389
f 284/284 868/868 366/366
f 871/871 467/467 469/469
f 549/549 872/872 550/550
f 665/665 873/873 666/666
f 874/874 875/875 876/876
f 877/877 878/878 879/879
f 882/882 72/72 74/74
f 500/500 883/883 884/884
f 883/883 500/500 885/885
f 707/707 886/886 708/708
f 887/887 888/888 889/889
f 178/178 890/890 891/891
f 896/896 897/897 895/895
f 900/900 87/87 864/864
f 900/900 86/86 87/87
f 906/906 62/62 907/907
f 718/718 908/908 719/719
f 680/680 681/681 910/910
f 408/408 911/911 912/912
f 715/715 714/714 916/916
f 434/434 435/435 917/917
f 831/831 918/918 919/919
f 923/923 924/924 925/925
f 755/755 754/754 927/927
f 928/928 929/929 158/158
f 723/723 930/930 450/450
f 936/936 937/937 938/938
f 579/579 580/580 84/84
f 939/939 443/443 93/93
f 443/443 444/444 667/667
f 414/414 273/273 940/940
f 708/708 886/886 942/942
f 944/944 243/243 945/945
f 635/635 637/637 633/633
f 946/946 947/947 948/948
f 408/408 407/407 911/911
f 678/678 951/951 591/591
f 591/591 951/951 159/159
f 952/952 953/953 954/954
f 955/955 956/956 957/957
f 727/727 961/961 958/958
f 962/962 880/880 881/881
f 119/119 965/965 120/120
f 968/968 573/573 574/574
f 658/658 970/970 659/659
f 638/638 971/971 972/972
f 352/352 975/975 976/976
f 977/977 169/169 22/22
f 935/935 169/169 977/977
f 454/454 982/982 983/983
f 985/985 23/23 24/24
f 157/157 158/158 987/987
f 993/993 994/994 60/60
f 995/995 807/807 996/996
f 981/981 1000/1000 781/781
f 1001/1001 605/605 1002/1002
f 1004/1004 1005/1005 950/950
f 1008/1008 1009/1009 1010/1010
f 1008/1008 906/906 907/907
f 314/314 315/315 1015/1015
f 1016/1016 200/200 201/201
f 1017/1017 1018/1018 1019/1019
f 248/248 824/824 823/823
f 277/277 131/131 132/132
f 445/445 447/447 448/448
f 1027/1027 1028/1028 215/215
f 208/208 589/589 209/209
f 1036/1036 1037/1037 858/858
f 648/648 997/997 1038/1038
f 692/692 1039/1039 720/720
f 1040/1040 1041/1041 1042/1042
f 1040/1040 1042/1042 576/576
f 1048/1048 628/628 466/466
f 700/700 701/701 1051/1051
f 429/429 505/505 430/430
f 269/269 40/40 270/270
f 455/455 454/454 983/983
f 1061/1061 1062/1062 1096/1096
f 1064/1064 1065/1065 1066/1066
f 521/521 801/801 522/522
f 1069/1069 1070/1070 828/828
f 828/828 827/827 1069/1069
f 539/539 336/336 1071/1071
f 1074/1074 417/417 418/418
f 512/512 513/513 92/92
f 1075/1075 491/491 492/492
f 852/852 228/228 854/854
f 276/276 131/131 277/277
f 1083/1083 1084/1084 1085/1085
f 1086/1086 875/875 874/874
f 472/472 811/811 432/432
f 285/285 1092/1092 1091/1091
f 1076/1076 72/72 882/882
f 1094/1094 297/297 1095/1095
f 703/703 1103/1103 704/704
f 913/913 912/912 1104/1104
f 792/792 380/380 381/381
f 631/631 676/676 1105/1105
f 1106/1106 1107/1107 677/677
f 1092/1092 1112/1112 287/287
f 1113/1113 929/929 449/449
f 928/928 449/449 929/929
f 670/670 336/336 671/671
f 337/337 336/336 670/670
f 333/333 532/532 551/551
f 535/535 512/512 92/92
f 709/709 710/710 1115/1115
f 803/803 709/709 1115/1115
f 313/313 194/194 219/219
f 693/693 691/691 694/694
f 454/454 148/148 147/147
f 1119/1119 1120/1120 830/830
f 430/430 506/506 1121/1121
f 1122/1122 1123/1123 1124/1124
f 655/655 656/656 1129/1129
f 500/500 502/502 885/885
f 448/448 447/447 1132/1132
f 533/533 125/125 126/126
f 640/640 1133/1133 641/641
f 642/642 936/936 938/938
f 1134/1134 327/327 1135/1135
f 1136/1136 1134/1134 1137/1137
f 750/750 1138/1138 751/751
f 1139/1139 1140/1140 139/139
f 941/941 1143/1143 822/822
f 657/657 1144/1144 389/389
f 278/278 612/612 279/279
f 863/863 900/900 864/864
f 1146/1146 1015/1015 1147/1147
f 646/646 431/431 432/432
f 474/474 431/431 646/646
f 820/820 1148/1148 821/821
f 777/777 756/756 495/495
f 1151/1151 1152/1152 1153/1153
f 1157/1157 785/785 1158/1158
f 785/785 784/784 1158/1158
f 454/454 453/453 148/148
f 300/300 1143/1143 301/301
f 810/810 472/472 35/35
f 1161/1161 969/969 968/968
f 60/60 59/59 1162/1162
f 1163/1163 906/906 1008/1008
f 1164/1164 638/638 972/972
f 1164/1164 471/471 638/638
f 313/313 219/219 578/578
f 611/611 612/612 278/278
f 489/489 490/490 1168/1168
f 834/834 833/833 832/832
f 1169/1169 1023/1023 1024/1024
f 1173/1173 401/401 403/403
f 159/159 1174/1174 65/65
f 494/494 493/493 855/855
f 708/708 1175/1175 549/549
f 1176/1176 1177/1177 921/921
f 1178/1178 133/133 135/135
f 959/959 421/421 237/237
f 608/608 1011/1011 262/262
f 1180/1180 1181/1181 791/791
f 1183/1183 1184/1184 1185/1185
f 1186/1186 767/767 627/627
f 179/179 178/178 891/891
f 1187/1187 1188/1188 1189/1189
f 1194/1194 1195/1195 868/868
f 1194/1194 868/868 284/284
f 816/816 815/815 167/167
f 923/923 925/925 343/343
f 821/821 343/343 925/925
f 807/807 1197/1197 996/996
f 1001/1001 1198/1198 605/605
f 516/516 517/517 761/761
f 486/486 488/488 1206/1206
f 1119/1119 185/185 1120/1120
f 1215/1215 1216/1216 1217/1217
f 414/414 940/940 1034/1034
f 778/778 777/777 495/495
f 367/367 174/174 176/176
f 59/59 654/654 50/50
f 648/648 999/999 997/997
f 138/138 1139/1139 139/139
f 336/336 337/337 770/770
f 689/689 690/690 688/688
f 1230/1230 317/317 316/316
f 1231/1231 696/696 695/695
f 4/4 3/3 1232/1232
f 258/258 1236/1236 568/568
f 1237/1237 235/235 1238/1238
f 1083/1083 796/796 1084/1084
f 530/530 693/693 694/694
f 719/719 460/460 718/718
f 1160/1160 733/733 869/869
f 1159/1159 733/733 1160/1160
f 48/48 594/594 1239/1239
f 630/630 48/48 1239/1239
f 420/420 561/561 562/562
f 989/989 817/817 990/990
f 530/530 694/694 529/529
f 692/692 720/720 529/529
f 754/754 755/755 1170/1170
f 633/633 945/945 635/635
f 88/88 280/280 281/281
f 48/48 49/49 1248/1248
f 1248/1248 1003/1003 1249/1249
f 1239/1239 594/594 1250/1250
f 1251/1251 1252/1252 829/829
f 601/601 230/230 231/231
f 601/601 270/270 230/230
f 20/20 824/824 21/21
f 158/158 1258/1258 1257/1257
f 947/947 1259/1259 1260/1260
f 1222/1222 1223/1223 1262/1262
f 226/226 227/227 1262/1262
f 769/769 1110/1110 1111/1111
f 794/794 1263/1263 675/675
f 675/675 510/510 511/511
f 1264/1264 1265/1265 1266/1266
f 1267/1267 1264/1264 1266/1266
f 973/973 1268/1268 1269/1269
f 1081/1081 897/897 1172/1172
f 220/220 349/349 221/221
f 39/39 349/349 220/220
f 1276/1276 1277/1277 1278/1278
f 897/897 896/896 1279/1279
f 1280/1280 813/813 314/314
f 910/910 253/253 402/402
f 401/401 910/910 402/402
f 544/544 545/545 160/160
f 6/6 533/533 753/753
f 591/591 1106/1106 677/677
f 557/557 558/558 52/52
f 1164/1164 166/166 471/471
f 166/166 469/469 471/471
f 1283/1283 1075/1075 852/852
f 392/392 230/230 749/749
f 1286/1286 500/500 884/884
f 727/727 283/283 726/726
f 523/523 698/698 524/524
f 303/303 302/302 272/272
f 1012/1012 1290/1290 1289/1289
f 916/916 1059/1059 1292/1292
f 838/838 1293/1293 839/839
f 336/336 539/539 671/671
f 547/547 546/546 64/64
f 298/298 400/400 257/257
f 1297/1297 729/729 728/728
f 196/196 655/655 202/202
f 420/420 562/562 1300/1300
f 14/14 552/552 15/15
f 380/380 245/245 246/246
f 964/964 117/117 622/622
f 383/383 233/233 232/232
f 872/872 467/467 871/871
f 260/260 1073/1073 261/261
f 1072/1072 1073/1073 260/260
f 441/441 442/442 1304/1304
f 861/861 860/860 888/888
f 581/581 312/312 271/271
f 21/21 824/824 1025/1025
f 1025/1025 824/824 248/248
f 1307/1307 1305/1305 1306/1306
f 132/132 1309/1309 1310/1310
f 642/642 643/643 376/376
f 37/37 752/752 393/393
f 577/577 1311/1311 909/909
f 224/224 225/225 1312/1312
f 1295/1295 224/224 1312/1312
f 854/854 229/229 295/295
f 228/228 229/229 854/854
f 981/981 454/454 250/250
f 454/454 981/981 982/982
f 1314/1314 798/798 797/797
f 1314/1314 797/797 1315/1315
f 1316/1316 1317/1317 1318/1318
f 1316/1316 1318/1318 1319/1319
f 568/568 350/350 708/708
f 708/708 350/350 1175/1175
f 18/18 1240/1240 19/19
f 739/739 740/740 1127/1127
f 322/322 958/958 631/631
f 1105/1105 322/322 631/631
f 1249/1249 1003/1003 629/629
f 871/871 548/548 550/550
f 550/550 872/872 871/871
f 1127/1127 1320/1320 1128/1128
f 1128/1128 424/424 425/425
f 1322/1322 1323/1323 1324/1324
f 1325/1325 742/742 1294/1294
f 280/280 742/742 1325/1325
f 934/934 933/933 203/203
f 1330/1330 1331/1331 1332/1332
f 1191/1191 1333/1333 1100/1100
f 55/55 282/282 727/727
f 282/282 283/283 727/727
f 1335/1335 1183/1183 1334/1334
f 27/27 28/28 1336/1336
f 372/372 1287/1287 1337/1337
f 302/302 273/273 272/272
f 476/476 474/474 646/646
f 476/476 475/475 474/474
f 1341/1341 54/54 1107/1107
f 823/823 824/824 1030/1030
f 390/390 1144/1144 391/391
f 391/391 1144/1144 657/657
f 534/534 93/93 667/667
f 93/93 443/443 667/667
f 1342/1342 1343/1343 1344/1344
f 602/602 1342/1342 1344/1344
f 1350/1350 1351/1351 991/991
f 991/991 1351/1351 992/992
f 860/860 861/861 1352/1352
f 1352/1352 861/861 1261/1261
f 1338/1338 1339/1339 1353/1353
f 1354/1354 1355/1355 1356/1356
f 882/882 191/191 1077/1077
f 998/998 191/191 999/999
f 139/139 1140/1140 1357/1357
f 705/705 1359/1359 706/706
f 719/719 295/295 460/460
f 1081/1081 1082/1082 894/894
f 897/897 1081/1081 894/894
f 250/250 147/147 361/361
f 1290/1290 1012/1012 59/59
f 999/999 74/74 1228/1228
f 844/844 51/51 633/633
f 942/942 943/943 258/258
f 258/258 568/568 942/942
f 458/458 288/288 289/289
f 778/778 495/495 458/458
f 999/999 1228/1228 997/997
f 997/997 1228/1228 649/649
f 633/633 637/637 398/398
f 242/242 519/519 1363/1363
f 1363/1363 519/519 1364/1364
f 978/978 1366/1366 979/979
f 762/762 1370/1370 1371/1371
f 367/367 1225/1225 84/84
f 367/367 84/84 85/85
f 367/367 85/85 366/366
f 1372/1372 1136/1136 1137/1137
f 634/634 399/399 750/750
f 845/845 634/634 750/750
f 55/55 727/727 958/958
f 322/322 55/55 958/958
f 172/172 700/700 278/278
f 312/312 700/700 271/271
f 518/518 754/754 1374/1374
f 754/754 518/518 926/926
f 930/930 928/928 450/450
f 928/928 593/593 450/450
f 377/377 1031/1031 20/20
f 997/997 649/649 1038/1038
f 227/227 244/244 1013/1013
f 1012/1012 1013/1013 244/244
f 656/656 655/655 1375/1375
f 858/858 209/209 859/859
f 1269/1269 1268/1268 1378/1378
f 1379/1379 1269/1269 1378/1378
f 1380/1380 401/401 1173/1173
f 922/922 923/923 342/342
f 923/923 343/343 342/342
f 1382/1382 1047/1047 1384/1384
f 1118/1118 602/602 603/603
f 1117/1117 602/602 1118/1118
f 858/858 208/208 209/209
f 1209/1209 1210/1210 1277/1277
f 1385/1385 1085/1085 379/379
f 1002/1002 605/605 347/347
f 1021/1021 1020/1020 1386/1386
f 880/880 963/963 480/480
f 178/178 1116/1116 890/890
f 566/566 565/565 892/892
f 1296/1296 889/889 1387/1387
f 241/241 516/516 242/242
f 930/930 449/449 928/928
f 285/285 284/284 1092/1092
f 284/284 366/366 1092/1092
f 310/310 477/477 311/311
f 882/882 1077/1077 881/881
f 881/881 1077/1077 481/481
f 669/669 1346/1346 1345/1345
f 1/1 1393/1393 559/559
f 367/367 176/176 1225/1225
f 1176/1176 953/953 952/952
f 648/648 998/998 999/999
f 1395/1395 446/446 1396/1396
f 1251/1251 829/829 544/544
f 1397/1397 1251/1251 544/544
f 1150/1150 1149/1149 615/615
f 1149/1149 616/616 615/615
f 143/143 254/254 751/751
f 254/254 845/845 751/751
f 1117/1117 1118/1118 1401/1401
f 241/241 1406/1406 517/517
f 241/241 517/517 516/516
f 358/358 357/357 1407/1407
f 151/151 150/150 1408/1408
f 451/451 1025/1025 248/248
f 451/451 248/248 247/247
f 369/369 1409/1409 686/686
f 685/685 369/369 686/686
f 14/14 1114/1114 552/552
f 675/675 511/511 513/513
f 413/413 414/414 1033/1033
f 1043/1043 413/413 1033/1033
f 1411/1411 453/453 734/734
f 453/453 1411/1411 1159/1159
f 1145/1145 1000/1000 382/382
f 100/100 101/101 276/276
f 101/101 1415/1415 276/276
f 765/765 766/766 1416/1416
f 1410/1410 40/40 505/505
f 40/40 1281/1281 505/505
f 1093/1093 1094/1094 994/994
f 1094/1094 1290/1290 994/994
f 196/196 1418/1418 655/655
f 1250/1250 594/594 196/196
f 1415/1415 536/536 131/131
f 643/643 977/977 794/794
f 794/794 977/977 1263/1263
f 573/573 1421/1421 1422/1422
f 1357/1357 515/515 1423/1423
f 463/463 143/143 1424/1424
f 452/452 451/451 247/247
f 1235/1235 1234/1234 1233/1233
f 949/949 1173/1173 403/403
f 141/141 403/403 142/142
f 483/483 1221/1221 1426/1426
f 483/483 1426/1426 963/963
f 1427/1427 1428/1428 1343/1343
f 1429/1429 1324/1324 640/640
f 1430/1430 1431/1431 1432/1432
f 849/849 848/848 1433/1433
f 553/553 205/205 1229/1229
f 205/205 207/207 1229/1229
f 718/718 1436/1436 530/530
f 530/530 721/721 718/718
f 1437/1437 255/255 400/400
f 400/400 255/255 257/257
f 594/594 48/48 1438/1438
f 643/643 938/938 977/977
f 642/642 938/938 643/643
f 694/694 691/691 692/692
f 694/694 692/692 529/529
f 44/44 27/27 1336/1336
f 1233/1233 1439/1439 893/893
f 1262/1262 227/227 1440/1440
f 227/227 1013/1013 1440/1440
f 954/954 1449/1449 934/934
f 953/953 1449/1449 954/954
f 122/122 121/121 1450/1450
f 714/714 1059/1059 916/916
f 366/366 868/868 174/174
f 868/868 898/898 174/174
f 680/680 1391/1391 681/681
f 1093/1093 681/681 1391/1391
f 1439/1439 19/19 1451/1451
f 1092/1092 287/287 1091/1091
f 1091/1091 287/287 847/847
f 1390/1390 1361/1361 1453/1453
f 155/155 1153/1153 816/816
f 106/106 1454/1454 105/105
f 862/862 864/864 1455/1455
f 185/185 1456/1456 1120/1120
f 185/185 1457/1457 1456/1456
f 598/598 1291/1291 966/966
f 966/966 1291/1291 1201/1201
f 1248/1248 49/49 1003/1003
f 1458/1458 1319/1319 1459/1459
f 1319/1319 1318/1318 1459/1459
f 1011/1011 1460/1460 263/263
f 1048/1048 1461/1461 628/628
f 1435/1435 1179/1179 16/16
f 1271/1271 1179/1179 1435/1435
f 1462/1462 1023/1023 1169/1169
f 1463/1463 1462/1462 1169/1169
f 696/696 1464/1464 697/697
f 1465/1465 582/582 1044/1044
f 676/676 678/678 677/677
f 677/677 1107/1107 1105/1105
f 1177/1177 1466/1466 921/921
f 921/921 1466/1466 920/920
f 1467/1467 1183/1183 1335/1335
f 1468/1468 1467/1467 1335/1335
f 15/15 245/245 1181/1181
f 793/793 15/15 1181/1181
f 1469/1469 1470/1470 1349/1349
f 1471/1471 1472/1472 1473/1473
f 599/599 1474/1474 1475/1475
f 1474/1474 1224/1224 1475/1475
f 896/896 895/895 1476/1476
f 590/590 1477/1477 309/309
f 1478/1478 1479/1479 306/306
f 453/453 1159/1159 148/148
f 53/53 1480/1480 1222/1222
f 1224/1224 1222/1222 1475/1475
f 971/971 1481/1481 1482/1482
f 330/330 331/331 1481/1481
f 1483/1483 1484/1484 1485/1485
f 611/611 609/609 1486/1486
f 1487/1487 1488/1488 1489/1489
f 1429/1429 640/640 639/639
f 616/616 1490/1490 1491/1491
f 1491/1491 1490/1490 1492/1492
f 333/333 1493/1493 1494/1494
f 1494/1494 1493/1493 1495/1495
f 1496/1496 995/995 996/996
f 409/409 1497/1497 410/410
f 1478/1478 306/306 1498/1498
f 1499/1499 1478/1478 1498/1498
f 667/667 444/444 666/666
f 389/389 501/501 1286/1286
f 598/598 1135/1135 1291/1291
f 1372/1372 1137/1137 1500/1500
f 1501/1501 1502/1502 747/747
f 1402/1402 1501/1501 1403/1403
f 1503/1503 1504/1504 1505/1505
f 1337/1337 1287/1287 283/283
f 818/818 1506/1506 267/267
f 1507/1507 818/818 267/267
f 1241/1241 10/10 12/12
f 1508/1508 1509/1509 1510/1510
f 1255/1255 1511/1511 1512/1512
f 1513/1513 712/712 1514/1514
f 1163/1163 1515/1515 906/906
f 768/768 769/769 1516/1516
f 1517/1517 1518/1518 1125/1125
f 110/110 1519/1519 1123/1123
f 883/883 885/885 1520/1520
f 1521/1521 1522/1522 1523/1523
f 1279/1279 813/813 1280/1280
f 1279/1279 1280/1280 589/589
f 524/524 699/699 696/696
f 696/696 699/699 1464/1464
f 1432/1432 1431/1431 1524/1524
f 1432/1432 1524/1524 1525/1525
f 346/346 1526/1526 1527/1527
f 1528/1528 346/346 1527/1527
f 1529/1529 1530/1530 628/628
f 1531/1531 1530/1530 1529/1529
f 1532/1532 1533/1533 1534/1534
f 1535/1535 1532/1532 1534/1534
f 437/437 1036/1036 438/438
f 1442/1442 521/521 1444/1444
f 1511/1511 521/521 1442/1442
f 725/725 960/960 726/726
f 836/836 112/112 113/113
f 802/802 1215/1215 1536/1536
f 802/802 1216/1216 1215/1215
f 1537/1537 1538/1538 1539/1539
f 1539/1539 1538/1538 1460/1460
f 760/760 985/985 1540/1540
f 985/985 24/24 1540/1540
f 1541/1541 1542/1542 1543/1543
f 1544/1544 1545/1545 1546/1546
f 1537/1537 1547/1547 1548/1548
f 607/607 1145/1145 1549/1549
f 1537/1537 1550/1550 1538/1538
f 1550/1550 1537/1537 1548/1548
f 1528/1528 1527/1527 1551/1551
f 1306/1306 1305/1305 1551/1551
f 833/833 52/52 328/328
f 833/833 557/557 52/52
f 134/134 8/8 531/531
f 135/135 134/134 531/531
f 1552/1552 1553/1553 735/735
f 735/735 736/736 1552/1552
f 664/664 1166/1166 873/873
f 502/502 1554/1554 1130/1130
f 501/501 390/390 502/502
f 1555/1555 1556/1556 212/212
f 317/317 1557/1557 318/318
f 1178/1178 135/135 1558/1558
f 1559/1559 504/504 1560/1560
f 275/275 1561/1561 1562/1562
f 12/12 275/275 1562/1562
f 1563/1563 1564/1564 1565/1565
f 1563/1563 1566/1566 1564/1564
f 1567/1567 239/239 1568/1568
f 1569/1569 239/239 1567/1567
f 259/259 570/570 1086/1086
f 1086/1086 737/737 259/259
f 1570/1570 1571/1571 1136/1136
f 1572/1572 1570/1570 1136/1136
f 1573/1573 1165/1165 1166/1166
f 663/663 1574/1574 664/664
f 571/571 1575/1575 572/572
f 1576/1576 1575/1575 571/571
f 1168/1168 153/153 152/152
f 1168/1168 1075/1075 1283/1283
f 686/686 1409/1409 1577/1577
f 718/718 460/460 1436/1436
f 460/460 841/841 1436/1436
f 1568/1568 1541/1541 1543/1543
f 239/239 1541/1541 1568/1568
f 1578/1578 1579/1579 1580/1580
f 1579/1579 1299/1299 1580/1580
f 1511/1511 1581/1581 521/521
f 1255/1255 1254/1254 1511/1511
f 562/562 561/561 1582/1582
f 760/760 1540/1540 1583/1583
f 793/793 1181/1181 1180/1180
f 581/581 1249/1249 312/312
f 1249/1249 629/629 312/312
f 1279/1279 896/896 813/813
f 813/813 896/896 1476/1476
f 118/118 120/120 256/256
f 1584/1584 1585/1585 1199/1199
f 1241/1241 12/12 98/98
f 607/607 1549/1549 210/210
f 210/210 1549/1549 1586/1586
f 1220/1220 1060/1060 525/525
f 1119/1119 1221/1221 186/186
f 458/458 289/289 459/459
f 223/223 1587/1587 1588/1588
f 1589/1589 772/772 1590/1590
f 177/177 564/564 566/566
f 314/314 814/814 1591/1591
f 1592/1592 1565/1565 457/457
f 1592/1592 1563/1563 1565/1565
f 1590/1590 772/772 1593/1593
f 1590/1590 1593/1593 31/31
f 827/827 1594/1594 1069/1069
f 1069/1069 1594/1594 808/808
f 1032/1032 767/767 857/857
f 438/438 857/857 767/767
f 650/650 651/651 557/557
f 650/650 557/557 833/833
f 1595/1595 1187/1187 1596/1596
f 1187/1187 1595/1595 1188/1188
f 565/565 1235/1235 1233/1233
f 963/963 1597/1597 480/480
f 963/963 1426/1426 1597/1597
f 672/672 1350/1350 991/991
f 325/325 1598/1598 1599/1599
f 1298/1298 1600/1600 1601/1601
f 1525/1525 1524/1524 1004/1004
f 439/439 440/440 1237/1237
f 258/258 567/567 1236/1236
f 1552/1552 876/876 1553/1553
f 1602/1602 1544/1544 1546/1546
f 1107/1107 322/322 1105/1105
f 1107/1107 54/54 322/322
f 747/747 748/748 1252/1252
f 1379/1379 1378/1378 1603/1603
f 1604/1604 301/301 1605/1605
f 1606/1606 301/301 1604/1604
f 1437/1437 400/400 680/680
f 1276/1276 1278/1278 1607/1607
f 852/852 492/492 228/228
f 228/228 1245/1245 1246/1246
f 768/768 211/211 1608/1608
f 1608/1608 1186/1186 627/627
f 1483/1483 1609/1609 1484/1484
f 574/574 573/573 1422/1422
f 947/947 1260/1260 1610/1610
f 58/58 1611/1611 1612/1612
f 1377/1377 1376/1376 285/285
f 1613/1613 285/285 1091/1091
f 3/3 1231/1231 695/695
f 1444/1444 1231/1231 3/3
f 1614/1614 119/119 1615/1615
f 119/119 1614/1614 1616/1616
f 1058/1058 116/116 117/117
f 964/964 1058/1058 117/117
f 222/222 221/221 1617/1617
f 221/221 1360/1360 1617/1617
f 1284/1284 749/749 1305/1305
f 1131/1131 749/749 1284/1284
f 1618/1618 1244/1244 1245/1245
f 599/599 1475/1475 1244/1244
f 1619/1619 1620/1620 1621/1621
f 1621/1621 1620/1620 1569/1569
f 1622/1622 1623/1623 434/434
f 1622/1622 434/434 1210/1210
f 1496/1496 1447/1447 679/679
f 1447/1447 1624/1624 679/679
f 619/619 1625/1625 1626/1626
f 1625/1625 1627/1627 1626/1626
f 1628/1628 1629/1629 1630/1630
f 773/773 1063/1063 1631/1631
f 1632/1632 1633/1633 1634/1634
f 1513/1513 1632/1632 1634/1634
f 1635/1635 1354/1354 1636/1636
f 1637/1637 1018/1018 1017/1017
f 1017/1017 1638/1638 1637/1637
f 1132/1132 1639/1639 1640/1640
f 1041/1041 1190/1190 1042/1042
f 1641/1641 1642/1642 1615/1615
f 1642/1642 1614/1614 1615/1615
f 1278/1278 917/917 1643/1643
f 1607/1607 1278/1278 1643/1643
f 1644/1644 1645/1645 674/674
f 674/674 1646/1646 1647/1647
f 1648/1648 1360/1360 766/766
f 766/766 1360/1360 221/221
f 1649/1649 1650/1650 1355/1355
f 1651/1651 1649/1649 1355/1355
f 815/815 1152/1152 901/901
f 1153/1153 1152/1152 815/815
f 789/789 788/788 1040/1040
f 1234/1234 739/739 18/18
f 18/18 739/739 1127/1127
f 233/233 167/167 168/168
f 1417/1417 167/167 233/233
f 1652/1652 1653/1653 317/317
f 317/317 1653/1653 1557/1557
f 1559/1559 1560/1560 1654/1654
f 1559/1559 1654/1654 1655/1655
f 552/552 554/554 245/245
f 15/15 552/552 245/245
f 1079/1079 936/936 642/642
f 1080/1080 1079/1079 642/642
f 1656/1656 1657/1657 512/512
f 1303/1303 1302/1302 512/512
f 1658/1658 1505/1505 1659/1659
f 1503/1503 1505/1505 1658/1658
f 9/9 1358/1358 1471/1471
f 1471/1471 1358/1358 1472/1472
f 1584/1584 1199/1199 964/964
f 1199/1199 1058/1058 964/964
f 1637/1637 1638/1638 386/386
f 1638/1638 1660/1660 386/386
f 277/277 1427/1427 1342/1342
f 1661/1661 277/277 1342/1342
f 554/554 1139/1139 138/138
f 1481/1481 331/331 682/682
f 1044/1044 1043/1043 1045/1045
f 1044/1044 582/582 1043/1043
f 233/233 168/168 234/234
f 168/168 1662/1662 234/234
f 1663/1663 1232/1232 412/412
f 4/4 1232/1232 1663/1663
f 1150/1150 1153/1153 155/155
f 156/156 1150/1150 155/155
f 19/19 90/90 1451/1451
f 90/90 91/91 561/561
f 1652/1652 1230/1230 95/95
f 1652/1652 317/317 1230/1230
f 240/240 1369/1369 1664/1664
f 1370/1370 759/759 1371/1371
f 1347/1347 41/41 461/461
f 948/948 58/58 41/41
f 901/901 1308/1308 1665/1665
f 1665/1665 904/904 905/905
f 132/132 131/131 1309/1309
f 1666/1666 1667/1667 1668/1668
f 553/553 551/551 205/205
f 610/610 1196/1196 807/807
f 806/806 610/610 807/807
f 1647/1647 1508/1508 1510/1510
f 1647/1647 1646/1646 1508/1508
f 1669/1669 1572/1572 1670/1670
f 1572/1572 1136/1136 1670/1670
f 1227/1227 1671/1671 974/974
f 1226/1226 1227/1227 974/974
f 1661/1661 1342/1342 602/602
f 1117/1117 1661/1661 602/602
f 901/901 1101/1101 1672/1672
f 617/617 1101/1101 901/901
f 1408/1408 67/67 101/101
f 67/67 1072/1072 101/101
f 1351/1351 1673/1673 1674/1674
f 1675/1675 817/817 989/989
f 1662/1662 225/225 224/224
f 234/234 1662/1662 224/224
f 1120/1120 918/918 831/831
f 1120/1120 1456/1456 918/918
f 1240/1240 1127/1127 240/240
f 18/18 1127/1127 1240/1240
f 206/206 1006/1006 1007/1007
f 1242/1242 1298/1298 206/206
f 1235/1235 310/310 1234/1234
f 1234/1234 310/310 739/739
f 1415/1415 1072/1072 260/260
f 101/101 1072/1072 1415/1415
f 206/206 1007/1007 514/514
f 950/950 949/949 462/462
f 132/132 1310/1310 1427/1427
f 277/277 132/132 1427/1427
f 1676/1676 1677/1677 1326/1326
f 1678/1678 1204/1204 1205/1205
f 1658/1658 1659/1659 1679/1679
f 1667/1667 1680/1680 1668/1668
f 978/978 1487/1487 1366/1366
f 1487/1487 1489/1489 1366/1366
f 1059/1059 1060/1060 1292/1292
f 1220/1220 1219/1219 1060/1060
f 490/490 491/491 1075/1075
f 1168/1168 490/490 1075/1075
f 1529/1529 628/628 1109/1109
f 63/63 1109/1109 628/628
f 1127/1127 1128/1128 240/240
f 240/240 1368/1368 1369/1369
f 1681/1681 1595/1595 1596/1596
f 1243/1243 1531/1531 1529/1529
f 359/359 1682/1682 1683/1683
f 1419/1419 1684/1684 1685/1685
f 137/137 1627/1627 1686/1686
f 1559/1559 1655/1655 137/137
f 566/566 1116/1116 178/178
f 177/177 566/566 178/178
f 1651/1651 1355/1355 1354/1354
f 1635/1635 1651/1651 1354/1354
f 1229/1229 207/207 1139/1139
f 554/554 1229/1229 1139/1139
f 1687/1687 818/818 1688/1688
f 1388/1388 1687/1687 1389/1389
f 1079/1079 1689/1689 936/936
f 975/975 89/89 976/976
f 1407/1407 67/67 1408/1408
f 1690/1690 1407/1407 1408/1408
f 619/619 1626/1626 1691/1691
f 620/620 619/619 1691/1691
f 1692/1692 1184/1184 1183/1183
f 1467/1467 1692/1692 1183/1183
f 246/246 140/140 1693/1693
f 381/381 246/246 1693/1693
f 1242/1242 1694/1694 1695/1695
f 1198/1198 1696/1696 1697/1697
f 222/222 1698/1698 1696/1696
f 13/13 1699/1699 14/14
f 14/14 1699/1699 1700/1700
f 1579/1579 1701/1701 1299/1299
f 484/484 1702/1702 1703/1703
f 884/884 883/883 1315/1315
f 1495/1495 203/203 204/204
f 1493/1493 203/203 1495/1495
f 1415/1415 260/260 536/536
f 536/536 260/260 261/261
f 134/134 1704/1704 8/8
f 705/705 706/706 8/8
f 1490/1490 902/902 1492/1492
f 1492/1492 902/902 360/360
f 1139/1139 207/207 1140/1140
f 1384/1384 1705/1705 292/292
f 292/292 1705/1705 974/974
f 1706/1706 1019/1019 711/711
f 1116/1116 893/893 890/890
f 892/892 893/893 1116/1116
f 566/566 892/892 1116/1116
f 1707/1707 1708/1708 1709/1709
f 119/119 1616/1616 965/965
f 440/440 816/816 1417/1417
f 1417/1417 816/816 167/167
f 1401/1401 320/320 1710/1710
f 828/828 1070/1070 456/456
f 874/874 736/736 1400/1400
f 1711/1711 395/395 1712/1712
f 427/427 1266/1266 428/428
f 1266/1266 1265/1265 618/618
f 1713/1713 1619/1619 1621/1621
f 1028/1028 984/984 1714/1714
f 587/587 586/586 1050/1050
f 586/586 1049/1049 1050/1050
f 1715/1715 1716/1716 1717/1717
f 1597/1597 1716/1716 1715/1715
f 590/590 309/309 1235/1235
f 1235/1235 309/309 310/310
f 1718/1718 1353/1353 1247/1247
f 1719/1719 1718/1718 1247/1247
f 1339/1339 1338/1338 741/741
f 1337/1337 283/283 1720/1720
f 1527/1527 1526/1526 1103/1103
f 606/606 1697/1697 913/913
f 527/527 785/785 1157/1157
f 185/185 187/187 1457/1457
f 837/837 358/358 1690/1690
f 1690/1690 358/358 1407/1407
f 440/440 1417/1417 235/235
f 1237/1237 440/440 235/235
f 1150/1150 615/615 1151/1151
f 14/14 1700/1700 1114/1114
f 1114/1114 1700/1700 551/551
f 136/136 798/798 503/503
f 800/800 1285/1285 1340/1340
f 1015/1015 315/315 1188/1188
f 179/179 891/891 1721/1721
f 1722/1722 1723/1723 1724/1724
f 1536/1536 1215/1215 338/338
f 1210/1210 434/434 917/917
f 1210/1210 917/917 1278/1278
f 419/419 1451/1451 420/420
f 609/609 1196/1196 610/610
f 1484/1484 405/405 406/406
f 1725/1725 1726/1726 1026/1026
f 1726/1726 663/663 1026/1026
f 617/617 1491/1491 1101/1101
f 616/616 1491/1491 617/617
f 1409/1409 725/725 1577/1577
f 1727/1727 1728/1728 836/836
f 333/333 1494/1494 532/532
f 1242/1242 1494/1494 1694/1694
f 1729/1729 1383/1383 1730/1730
f 291/291 1384/1384 292/292
f 791/791 1181/1181 380/380
f 1181/1181 245/245 380/380
f 171/171 170/170 375/375
f 1731/1731 1273/1273 1509/1509
f 1274/1274 11/11 10/10
f 397/397 1514/1514 713/713
f 1271/1271 1512/1512 1732/1732
f 802/802 1115/1115 1216/1216
f 1267/1267 1266/1266 427/427
f 1504/1504 653/653 1413/1413
f 1326/1326 771/771 1733/1733
f 490/490 1500/1500 491/491
f 491/491 598/598 1618/1618
f 1163/1163 1576/1576 1515/1515
f 1576/1576 1163/1163 1575/1575
f 1576/1576 1734/1734 1515/1515
f 1734/1734 211/211 768/768
f 1735/1735 1173/1173 949/949
f 1736/1736 1173/1173 1735/1735
f 828/828 456/456 1737/1737
f 1737/1737 1738/1738 828/828
f 1344/1344 447/447 445/445
f 603/603 1344/1344 445/445
f 624/624 1739/1739 1709/1709
f 1708/1708 624/624 1709/1709
f 1740/1740 1741/1741 732/732
f 1740/1740 732/732 1378/1378
f 351/351 404/404 1333/1333
f 1332/1332 1331/1331 1742/1742
f 255/255 118/118 256/256
f 1743/1743 118/118 255/255
f 1506/1506 1499/1499 752/752
f 301/301 303/303 1605/1605
f 1605/1605 303/303 1744/1744
f 616/616 1745/1745 1490/1490
f 1045/1045 1043/1043 1746/1746
f 835/835 112/112 836/836
f 604/604 603/603 1395/1395
f 485/485 1703/1703 1747/1747
f 484/484 1703/1703 485/485
f 1427/1427 1310/1310 1428/1428
f 1310/1310 1192/1192 1428/1428
f 1672/1672 1102/1102 1203/1203
f 1101/1101 1102/1102 1672/1672
f 1426/1426 1221/1221 1119/1119
f 1426/1426 1119/1119 830/830
f 508/508 1748/1748 509/509
f 806/806 1425/1425 610/610
f 627/627 1749/1749 1110/1110
f 1608/1608 627/627 1110/1110
f 1482/1482 970/970 658/658
f 1288/1288 1482/1482 658/658
f 110/110 1123/1123 1122/1122
f 784/784 1316/1316 1158/1158
f 1750/1750 409/409 1751/1751
f 409/409 1750/1750 1497/1497
f 1130/1130 1131/1131 1522/1522
f 1522/1522 1131/1131 1284/1284
f 1672/1672 1203/1203 1752/1752
f 1587/1587 1753/1753 1518/1518
f 1754/1754 1589/1589 1755/1755
f 1310/1310 1756/1756 1192/1192
f 417/417 1496/1496 679/679
f 1757/1757 410/410 1758/1758
f 1053/1053 1319/1319 1458/1458
f 1622/1622 1759/1759 1623/1623
f 890/890 1579/1579 1578/1578
f 559/559 890/890 1578/1578
f 952/952 954/954 333/333
f 333/333 954/954 1493/1493
f 1339/1339 280/280 88/88
f 1339/1339 741/741 280/280
f 1736/1736 1380/1380 1173/1173
f 851/851 850/850 1381/1381
f 1191/1191 351/351 1333/1333
f 1191/1191 1760/1760 351/351
f 679/679 1624/1624 623/623
f 1332/1332 1742/1742 79/79
f 1200/1200 1761/1761 1199/1199
f 1762/1762 1628/1628 1630/1630
f 1499/1499 1498/1498 752/752
f 303/303 272/272 1744/1744
f 1744/1744 272/272 1763/1763
f 1484/1484 1609/1609 405/405
f 1422/1422 789/789 575/575
f 1764/1764 1669/1669 1214/1214
f 1765/1765 1563/1563 1592/1592
f 1534/1534 1533/1533 1454/1454
f 620/620 863/863 862/862
f 1020/1020 1606/1606 1766/1766
f 1766/1766 1606/1606 1604/1604
f 1648/1648 508/508 1360/1360
f 1550/1550 907/907 1538/1538
f 907/907 62/62 61/61
f 1558/1558 135/135 1466/1466
f 1466/1466 135/135 531/531
f 1335/1335 1334/1334 212/212
f 1556/1556 1335/1335 212/212
f 1201/1201 1202/1202 967/967
f 966/966 1201/1201 967/967
f 1550/1550 1548/1548 1009/1009
f 879/879 1009/1009 1544/1544
f 1015/1015 1188/1188 1595/1595
f 1147/1147 1015/1015 1595/1595
f 1271/1271 1732/1732 1179/1179
f 1169/1169 1024/1024 11/11
f 1274/1274 1169/1169 11/11
f 1695/1695 932/932 787/787
f 1694/1694 932/932 1695/1695
f 1732/1732 1442/1442 1767/1767
f 1767/1767 1442/1442 1443/1443
f 11/11 1024/1024 275/275
f 1024/1024 1636/1636 275/275
f 1347/1347 461/461 1348/1348
f 1348/1348 461/461 1768/1768
f 834/834 1504/1504 1413/1413
f 1504/1504 834/834 832/832
f 1769/1769 1370/1370 762/762
f 1769/1769 1398/1398 1370/1370
f 949/949 403/403 141/141
f 890/890 563/563 1579/1579
f 563/563 1701/1701 1579/1579
f 735/735 1553/1553 1090/1090
f 1546/1546 1545/1545 1089/1089
f 1763/1763 274/274 583/583
f 272/272 274/274 1763/1763
f 1468/1468 1335/1335 1556/1556
f 1653/1653 560/560 1557/1557
f 1177/1177 1558/1558 1466/1466
f 1654/1654 1560/1560 956/956
f 1751/1751 409/409 1259/1259
f 1770/1770 201/201 1581/1581
f 1581/1581 201/201 521/521
f 746/746 745/745 1771/1771
f 1633/1633 1772/1772 1773/1773
f 98/98 99/99 817/817
f 1675/1675 98/98 817/817
f 769/769 1111/1111 1108/1108
f 1516/1516 769/769 1108/1108
f 1291/1291 866/866 1201/1201
f 1135/1135 866/866 1291/1291
f 1136/1136 1571/1571 1134/1134
f 1134/1134 326/326 327/327
f 797/797 798/798 136/136
f 1398/1398 1218/1218 986/986
f 1398/1398 1399/1399 1717/1717
f 1212/1212 1774/1774 1570/1570
f 1774/1774 106/106 1570/1570
f 1466/1466 531/531 920/920
f 920/920 531/531 7/7
f 126/126 125/125 1479/1479
f 1421/1421 1775/1775 788/788
f 1617/1617 1362/1362 668/668
f 1698/1698 407/407 1696/1696
f 213/213 421/421 959/959
f 212/212 1334/1334 213/213
f 1401/1401 1118/1118 320/320
f 1118/1118 603/603 320/320
f 1149/1149 1712/1712 616/616
f 1711/1711 1712/1712 1149/1149
f 262/262 263/263 1046/1046
f 1226/1226 1048/1048 466/466
f 1264/1264 1206/1206 1265/1265
f 1206/1206 488/488 1265/1265
f 1343/1343 1428/1428 447/447
f 1344/1344 1343/1343 447/447
f 1776/1776 1777/1777 526/526
f 914/914 1777/1777 1776/1776
f 695/695 697/697 411/411
f 363/363 57/57 1465/1465
f 446/446 1651/1651 1635/1635
f 1396/1396 446/446 1635/1635
f 1490/1490 17/17 902/902
f 1745/1745 17/17 1490/1490
f 605/605 1697/1697 606/606
f 1198/1198 1697/1697 605/605
f 874/874 1552/1552 736/736
f 874/874 876/876 1552/1552
f 1300/1300 562/562 1778/1778
f 562/562 1582/1582 1778/1778
f 109/109 1519/1519 110/110
f 1779/1779 1518/1518 1517/1517
f 1493/1493 934/934 203/203
f 954/954 934/934 1493/1493
f 1780/1780 1027/1027 214/214
f 1671/1671 973/973 974/974
f 1706/1706 711/711 1781/1781
f 1781/1781 1782/1782 1706/1706
f 1359/1359 704/704 1472/1472
f 1104/1104 1783/1783 1469/1469
f 1183/1183 1185/1185 421/421
f 1185/1185 238/238 421/421
f 1176/1176 952/952 1394/1394
f 1503/1503 957/957 652/652
f 1285/1285 1307/1307 133/133
f 1340/1340 1285/1285 133/133
f 1217/1217 428/428 1532/1532
f 339/339 1217/1217 1532/1532
f 1482/1482 1481/1481 970/970
f 1481/1481 682/682 970/970
f 973/973 1269/1269 464/464
f 1382/1382 262/262 1047/1047
f 608/608 262/262 1382/1382
f 846/846 1206/1206 1264/1264
f 710/710 1264/1264 1267/1267
f 372/372 371/371 1287/1287
f 371/371 724/724 1287/1287
f 975/975 1339/1339 88/88
f 975/975 88/88 89/89
f 1752/1752 1203/1203 1753/1753
f 1192/1192 1760/1760 1193/1193
f 1756/1756 1754/1754 1192/1192
f 1351/1351 1067/1067 1068/1068
f 1351/1351 1068/1068 1673/1673
f 706/706 1359/1359 1358/1358
f 1358/1358 1359/1359 1472/1472
f 1537/1537 1784/1784 1547/1547
f 1784/1784 1537/1537 1539/1539
f 1396/1396 1635/1635 1023/1023
f 1462/1462 1396/1396 1023/1023
f 1562/1562 1561/1561 5/5
f 1561/1561 1356/1356 5/5
f 521/521 522/522 1444/1444
f 1444/1444 522/522 1231/1231
f 1785/1785 1786/1786 394/394
f 396/396 1787/1787 1788/1788
f 1463/1463 319/319 604/604
f 1592/1592 457/457 1272/1272
f 1355/1355 1650/1650 125/125
f 1356/1356 1355/1355 125/125
f 1593/1593 1631/1631 1789/1789
f 1789/1789 1628/1628 1790/1790
f 639/639 641/641 1791/1791
f 1366/1366 1489/1489 1078/1078
f 5/5 1356/1356 533/533
f 1356/1356 125/125 533/533
f 891/891 890/890 559/559
f 1392/1392 891/891 559/559
f 1394/1394 952/952 332/332
f 332/332 952/952 333/333
f 1027/1027 316/316 1028/1028
f 1028/1028 316/316 984/984
f 1580/1580 1299/1299 1184/1184
f 1692/1692 1580/1580 1184/1184
f 1379/1379 293/293 1269/1269
f 748/748 291/291 293/293
f 641/641 1133/1133 1689/1689
f 352/352 976/976 1133/1133
f 1785/1785 1435/1435 1786/1786
f 1786/1786 1435/1435 1434/1434
f 1463/1463 604/604 1462/1462
f 1614/1614 183/183 184/184
f 183/183 1614/1614 1642/1642
f 1456/1456 1054/1054 918/918
f 1456/1456 1055/1055 1054/1054
f 979/979 1366/1366 1365/1365
f 1366/1366 1078/1078 1365/1365
f 1792/1792 1022/1022 1016/1016
f 1637/1637 387/387 1018/1018
f 1393/1393 1392/1392 559/559
f 689/689 1189/1189 1793/1793
f 1696/1696 408/408 1697/1697
f 1696/1696 407/407 408/408
f 1794/1794 3/3 4/4
f 371/371 1577/1577 724/724
f 1577/1577 725/725 724/724
f 522/522 524/524 1231/1231
f 1231/1231 524/524 696/696
f 933/933 7/7 1329/1329
f 920/920 7/7 933/933
f 9/9 706/706 1358/1358
f 8/8 706/706 9/9
f 1726/1726 1795/1795 663/663
f 1795/1795 1574/1574 663/663
f 1008/1008 907/907 1550/1550
f 1008/1008 1550/1550 1009/1009
f 979/979 1365/1365 238/238
f 1185/1185 979/979 238/238
f 1129/1129 656/656 1796/1796
f 1129/1129 1796/1796 1797/1797
f 1232/1232 695/695 411/411
f 3/3 695/695 1232/1232
f 991/991 992/992 673/673
f 672/672 991/991 673/673
f 1314/1314 1520/1520 1798/1798
f 1523/1523 1799/1799 799/799
f 1243/1243 1529/1529 1800/1800
f 1800/1800 1529/1529 1109/1109
f 743/743 370/370 1801/1801
f 743/743 1801/1801 1353/1353
f 1524/1524 1005/1005 1004/1004
f 1431/1431 1005/1005 1524/1524
f 1212/1212 1570/1570 1572/1572
f 1764/1764 1572/1572 1669/1669
f 441/441 1621/1621 442/442
f 446/446 448/448 1651/1651
f 448/448 1649/1649 1651/1651
f 1425/1425 612/612 1486/1486
f 611/611 1486/1486 612/612
f 1802/1802 1432/1432 1525/1525
f 1695/1695 787/787 1600/1600
f 1176/1176 921/921 953/953
f 953/953 921/921 1803/1803
f 1/1 1692/1692 1467/1467
f 1593/1593 773/773 1631/1631
f 772/772 773/773 1593/1593
f 1743/1743 255/255 1437/1437
f 1743/1743 1437/1437 1381/1381
f 1804/1804 1667/1667 87/87
f 87/87 1667/1667 1666/1666
f 1527/1527 1103/1103 703/703
f 1551/1551 1527/1527 703/703
f 1597/1597 830/830 1716/1716
f 1426/1426 830/830 1597/1597
f 1596/1596 1805/1805 1806/1806
f 1596/1596 1187/1187 1805/1805
f 1523/1523 1522/1522 1799/1799
f 1807/1807 1372/1372 1500/1500
f 1378/1378 732/732 1253/1253
f 1603/1603 1378/1378 1253/1253
f 847/847 485/485 1747/1747
f 846/846 847/847 1747/1747
f 1808/1808 1014/1014 626/626
f 626/626 1749/1749 627/627
f 433/433 1809/1809 990/990
f 1810/1810 1658/1658 1811/1811
f 1811/1811 1658/1658 1679/1679
f 986/986 23/23 985/985
f 745/745 608/608 1382/1382
f 1158/1158 1316/1316 1319/1319
f 397/397 1632/1632 1513/1513
f 1513/1513 1514/1514 397/397
f 1812/1812 1115/1115 802/802
f 1812/1812 802/802 46/46
f 1729/1729 1502/1502 1402/1402
f 1502/1502 1729/1729 1730/1730
f 126/126 1479/1479 1478/1478
f 753/753 533/533 1478/1478
f 1687/1687 990/990 818/818
f 433/433 990/990 1687/1687
f 1508/1508 1731/1731 1509/1509
f 1646/1646 1731/1731 1508/1508
f 1639/1639 1041/1041 1640/1640
f 1795/1795 1813/1813 1574/1574
f 1814/1814 441/441 1304/1304
f 1797/1797 46/46 47/47
f 1350/1350 1067/1067 1351/1351
f 237/237 171/171 1542/1542
f 1542/1542 171/171 375/375
f 1637/1637 386/386 922/922
f 1637/1637 922/922 387/387
f 1668/1668 1680/1680 1815/1815
f 1680/1680 1816/1816 1815/1815
f 1817/1817 1818/1818 1405/1405
f 1403/1403 1397/1397 547/547
f 1612/1612 1430/1430 42/42
f 1611/1611 849/849 1612/1612
f 1659/1659 1505/1505 1816/1816
f 1504/1504 832/832 1505/1505
f 1819/1819 1277/1277 1276/1276
f 919/919 1209/1209 1277/1277
f 1639/1639 1190/1190 1041/1041
f 1654/1654 955/955 1655/1655
f 1654/1654 956/956 955/955
f 1653/1653 690/690 560/560
f 690/690 1653/1653 1652/1652
f 912/912 911/911 1783/1783
f 912/912 1783/1783 1104/1104
f 466/466 465/465 1227/1227
f 1226/1226 466/466 1227/1227
f 1045/1045 363/363 1044/1044
f 363/363 1465/1465 1044/1044
f 1604/1604 523/523 801/801
f 200/200 1604/1604 801/801
f 1683/1683 1682/1682 1820/1820
f 1540/1540 24/24 1821/1821
f 1819/1819 1276/1276 24/24
f 563/563 1300/1300 1701/1701
f 1300/1300 1778/1778 1701/1701
f 42/42 1432/1432 1802/1802
f 42/42 1430/1430 1432/1432
f 1583/1583 585/585 584/584
f 1778/1778 1582/1582 354/354
f 931/931 1495/1495 932/932
f 1494/1494 1495/1495 931/931
f 1285/1285 1284/1284 1307/1307
f 1284/1284 1305/1305 1307/1307
f 1656/1656 1569/1569 1567/1567
f 1621/1621 1569/1569 1656/1656
f 1610/1610 1642/1642 1641/1641
f 1611/1611 1641/1641 849/849
f 959/959 237/237 1541/1541
f 1541/1541 237/237 1542/1542
f 1822/1822 1492/1492 1102/1102
f 1491/1491 1492/1492 1822/1822
f 1610/1610 1260/1260 1642/1642
f 1260/1260 183/183 1642/1642
f 1014/1014 1147/1147 1681/1681
f 1147/1147 1595/1595 1681/1681
f 1518/1518 1753/1753 1678/1678
f 1518/1518 1678/1678 1125/1125
f 200/200 1766/1766 1604/1604
f 1016/1016 1022/1022 200/200
f 933/933 1329/1329 203/203
f 203/203 1329/1329 1471/1471
f 1299/1299 1487/1487 978/978
f 1184/1184 1299/1299 978/978
f 865/865 864/864 1666/1666
f 864/864 87/87 1666/1666
f 883/883 1314/1314 1315/1315
f 1314/1314 883/883 1520/1520
f 1691/1691 1626/1626 863/863
f 620/620 1691/1691 863/863
f 744/744 1353/1353 1718/1718
f 743/743 1353/1353 744/744
f 1806/1806 688/688 94/94
f 1530/1530 1823/1823 628/628
f 918/918 1054/1054 1209/1209
f 918/918 1209/1209 919/919
f 902/902 4/4 1663/1663
f 1540/1540 1821/1821 585/585
f 1583/1583 1540/1540 585/585
f 1810/1810 957/957 1503/1503
f 1810/1810 1503/1503 1658/1658
f 903/903 331/331 330/330
f 903/903 905/905 331/331
f 1362/1362 507/507 1361/1361
f 1361/1361 507/507 804/804
f 757/757 1676/1676 758/758
f 757/757 1677/1677 1676/1676
f 905/905 904/904 682/682
f 905/905 682/682 331/331
f 1428/1428 1192/1192 1824/1824
f 1102/1102 360/360 1203/1203
f 1492/1492 360/360 1102/1102
f 758/758 772/772 1589/1589
f 1825/1825 1587/1587 223/223
f 1825/1825 223/223 682/682
f 239/239 959/959 1541/1541
f 213/213 959/959 239/239
f 1157/1157 1158/1158 1052/1052
f 1456/1456 1457/1457 1055/1055
f 1215/1215 1217/1217 339/339
f 1215/1215 339/339 338/338
f 134/134 1306/1306 1704/1704
f 1306/1306 1551/1551 1704/1704
f 1565/1565 1564/1564 1737/1737
f 83/83 1638/1638 1017/1017
f 82/82 1826/1826 83/83
f 1455/1455 864/864 865/865
f 326/326 1455/1455 865/865
f 1303/1303 512/512 535/535
f 1827/1827 1303/1303 535/535
f 1360/1360 507/507 1362/1362
f 1360/1360 1362/1362 1617/1617
f 735/735 1090/1090 396/396
f 396/396 1788/1788 735/735
f 1461/1461 63/63 628/628
f 61/61 63/63 1461/1461
f 527/527 526/526 785/785
f 526/526 1828/1828 785/785
f 818/818 6/6 1506/1506
f 6/6 753/753 1506/1506
f 1604/1604 1605/1605 523/523
f 523/523 1605/1605 698/698
f 1708/1708 1074/1074 624/624
f 1614/1614 184/184 1616/1616
f 641/641 1689/1689 1079/1079
f 1080/1080 641/641 1079/1079
f 412/412 1685/1685 1684/1684
f 412/412 411/411 1685/1685
f 660/660 659/659 1588/1588
f 659/659 223/223 1588/1588
f 1108/1108 1111/1111 1109/1109
f 1800/1800 1109/1109 1111/1111
f 1551/1551 703/703 705/705
f 1704/1704 1551/1551 705/705
f 817/817 99/99 818/818
f 818/818 99/99 6/6
f 1421/1421 788/788 789/789
f 1422/1422 1421/1421 789/789
f 689/689 1187/1187 1189/1189
f 1187/1187 689/689 1805/1805
f 1829/1829 1830/1830 888/888
f 1547/1547 1831/1831 373/373
f 1739/1739 1200/1200 1709/1709
f 32/32 1789/1789 1790/1790
f 1564/1564 1566/1566 1832/1832
f 1564/1564 1738/1738 1737/1737
f 1833/1833 16/16 17/17
f 1435/1435 16/16 1434/1434
f 753/753 1478/1478 1499/1499
f 1506/1506 753/753 1499/1499
f 980/980 355/355 1834/1834
f 587/587 1050/1050 1835/1835
f 1449/1449 933/933 934/934
f 953/953 1803/1803 1449/1449
f 1/1 2/2 1692/1692
f 1836/1836 1580/1580 1692/1692
f 572/572 1575/1575 877/877
f 1086/1086 570/570 875/875
f 91/91 760/760 1583/1583
f 91/91 759/759 760/760
f 758/758 1589/1589 1756/1756
f 1756/1756 1589/1589 1754/1754
f 1752/1752 1753/1753 1587/1587
f 1825/1825 1752/1752 1587/1587
f 1605/1605 1744/1744 698/698
f 698/698 1744/1744 1763/1763
f 1348/1348 1768/1768 1837/1837
f 418/418 623/623 624/624
f 1074/1074 418/418 624/624
f 1703/1703 1702/1702 1838/1838
f 1315/1315 797/797 1154/1154
f 823/823 1030/1030 1341/1341
f 249/249 823/823 1341/1341
f 1829/1829 581/581 1830/1830
f 176/176 581/581 1829/1829
f 1650/1650 788/788 1839/1839
f 1839/1839 788/788 1775/1775
f 956/956 1176/1176 957/957
f 957/957 1176/1176 652/652
f 1273/1273 1274/1274 10/10
f 1273/1273 1272/1272 1274/1274
f 713/713 1512/1512 1271/1271
f 713/713 1271/1271 1787/1787
f 1341/1341 1030/1030 54/54
f 1495/1495 204/204 932/932
f 932/932 204/204 787/787
f 1787/1787 1785/1785 394/394
f 1272/1272 319/319 1463/1463
f 1272/1272 1169/1169 1274/1274
f 1674/1674 1673/1673 1675/1675
f 747/747 1252/1252 1251/1251
f 1501/1501 747/747 1251/1251
f 803/803 1375/1375 709/709
f 1755/1755 1589/1589 1590/1590
f 1514/1514 1512/1512 713/713
f 1514/1514 1255/1255 1512/1512
f 1509/1509 10/10 1241/1241
f 1509/1509 1273/1273 10/10
f 1400/1400 736/736 395/395
f 1788/1788 394/394 395/395
f 1787/1787 394/394 1788/1788
f 1272/1272 457/457 319/319
f 457/457 456/456 1710/1710
f 1070/1070 1710/1710 456/456
f 1328/1328 1677/1677 757/757
f 1327/1327 1677/1677 1328/1328
f 1701/1701 1778/1778 353/353
f 1778/1778 354/354 353/353
f 1007/1007 1006/1006 950/950
f 1007/1007 950/950 462/462
f 1130/1130 392/392 1131/1131
f 1131/1131 392/392 749/749
f 1793/1793 1392/1392 1393/1393
f 514/514 462/462 463/463
f 514/514 1007/1007 462/462
f 1070/1070 1401/1401 1710/1710
f 808/808 1401/1401 1070/1070
f 737/737 1400/1400 1711/1711
f 1400/1400 395/395 1711/1711
f 712/712 1254/1254 1255/1255
f 712/712 1255/1255 1514/1514
f 1510/1510 1509/1509 1241/1241
f 699/699 1763/1763 583/583
f 698/698 1763/1763 699/699
f 1781/1781 1634/1634 1782/1782
f 1634/1634 1633/1633 1773/1773
f 1357/1357 1424/1424 1138/1138
f 139/139 1357/1357 1138/1138
f 740/740 1840/1840 1320/1320
f 1320/1320 1840/1840 761/761
f 1688/1688 818/818 1507/1507
f 1841/1841 1688/1688 1507/1507
f 1839/1839 1775/1775 1479/1479
f 1479/1479 1775/1775 790/790
f 1646/1646 1842/1842 1731/1731
f 1645/1645 25/25 1842/1842
f 90/90 759/759 91/91
f 1664/1664 1371/1371 759/759
f 1268/1268 1740/1740 1378/1378
f 1270/1270 1740/1740 1268/1268
f 1270/1270 1726/1726 1725/1725
f 215/215 1313/1313 1726/1726
f 175/175 1248/1248 1249/1249
f 898/898 1248/1248 175/175
f 1626/1626 900/900 863/863
f 1626/1626 1627/1627 900/900
f 583/583 413/413 582/582
f 1464/1464 582/582 1465/1465
f 1703/1703 1838/1838 486/486
f 1747/1747 1703/1703 486/486
f 830/830 831/831 1716/1716
f 1717/1717 1716/1716 1843/1843
f 1019/1019 1770/1770 711/711
f 1844/1844 109/109 111/111
f 1777/1777 1828/1828 526/526
f 1528/1528 430/430 1121/1121
f 429/429 430/430 1528/1528
f 203/203 1471/1471 1845/1845
f 1845/1845 1471/1471 1473/1473
f 1299/1299 980/980 1487/1487
f 980/980 1488/1488 1487/1487
f 1498/1498 306/306 305/305
f 752/752 1498/1498 393/393
f 1534/1534 1454/1454 106/106
f 1774/1774 1534/1534 106/106
f 448/448 1132/1132 1649/1649
f 1132/1132 1640/1640 1649/1649
f 359/359 1663/1663 1682/1682
f 902/902 1663/1663 359/359
f 1535/1535 1534/1534 1774/1774
f 1655/1655 955/955 1846/1846
f 1627/1627 86/86 900/900
f 1193/1193 1190/1190 1639/1639
f 398/398 139/139 399/399
f 139/139 1138/1138 399/399
f 926/926 520/520 740/740
f 740/740 520/520 1840/1840
f 488/488 487/487 1686/1686
f 1265/1265 488/488 1625/1625
f 435/435 1847/1847 370/370
f 684/684 686/686 687/687
f 683/683 1683/1683 1820/1820
f 359/359 1683/1683 683/683
f 251/251 361/361 1848/1848
f 361/361 648/648 1848/1848
f 411/411 697/697 57/57
f 1066/1066 1644/1644 674/674
f 1066/1066 674/674 323/323
f 956/956 1177/1177 1176/1176
f 1560/1560 1177/1177 956/956
f 560/560 1393/1393 1468/1468
f 1557/1557 560/560 1468/1468
f 498/498 1160/1160 1849/1849
f 1159/1159 1160/1160 498/498
f 995/995 805/805 807/807
f 1750/1750 804/804 1497/1497
f 1011/1011 1539/1539 1460/1460
f 1831/1831 1539/1539 1011/1011
f 688/688 1652/1652 95/95
f 688/688 690/690 1652/1652
f 660/660 1588/1588 1779/1779
f 660/660 1779/1779 77/77
f 225/225 330/330 1367/1367
f 697/697 1465/1465 57/57
f 697/697 1464/1464 1465/1465
f 1030/1030 1029/1029 415/415
f 1793/1793 1189/1189 1392/1392
f 1431/1431 1735/1735 1005/1005
f 1433/1433 1736/1736 1735/1735
f 652/652 1176/1176 1394/1394
f 652/652 1394/1394 653/653
f 1479/1479 790/790 306/306
f 306/306 790/790 307/307
f 1850/1850 1851/1851 1632/1632
f 397/397 1850/1850 1632/1632
f 848/848 1736/1736 1433/1433
f 848/848 850/850 851/851
f 315/315 1721/1721 1188/1188
f 1189/1189 1188/1188 1721/1721
f 1601/1601 1004/1004 950/950
f 1601/1601 1600/1600 1004/1004
f 1760/1760 1754/1754 351/351
f 1192/1192 1754/1754 1760/1760
f 1203/1203 1204/1204 1753/1753
f 1753/1753 1204/1204 1678/1678
f 1373/1373 1289/1289 841/841
f 1557/1557 1468/1468 1556/1556
f 318/318 1557/1557 1556/1556
f 1560/1560 1558/1558 1177/1177
f 504/504 1558/1558 1560/1560
f 183/183 1757/1757 184/184
f 1054/1054 1055/1055 1622/1622
f 808/808 459/459 809/809
f 808/808 809/809 1401/1401
f 737/737 156/156 567/567
f 737/737 1711/1711 156/156
f 1195/1195 1438/1438 898/898
f 898/898 1438/1438 1248/1248
f 1413/1413 1412/1412 13/13
f 1413/1413 653/653 1412/1412
f 247/247 249/249 1282/1282
f 722/722 247/247 1282/1282
f 95/95 1230/1230 1780/1780
f 465/465 1671/1671 1227/1227
f 749/749 429/429 1305/1305
f 1221/1221 525/525 186/186
f 186/186 525/525 527/527
f 256/256 120/120 1585/1585
f 911/911 1852/1852 1853/1853
f 911/911 1853/1853 1470/1470
f 338/338 339/339 1211/1211
f 1723/1723 1854/1854 1724/1724
f 1616/1616 184/184 1708/1708
f 1616/1616 1708/1708 1707/1707
f 711/711 1855/1855 712/712
f 711/711 1770/1770 1855/1855
f 1784/1784 1831/1831 1547/1547
f 1831/1831 1784/1784 1539/1539
f 1567/1567 1856/1856 1657/1657
f 1656/1656 1567/1567 1657/1657
f 1289/1289 1095/1095 26/26
f 1095/1095 299/299 26/26
f 538/538 1071/1071 1073/1073
f 1073/1073 1071/1071 770/770
f 31/31 1593/1593 1789/1789
f 31/31 1789/1789 32/32
f 1230/1230 1027/1027 1780/1780
f 1230/1230 316/316 1027/1027
f 1600/1600 787/787 1525/1525
f 1600/1600 1525/1525 1004/1004
f 1772/1772 82/82 1773/1773
f 1729/1729 1402/1402 1771/1771
f 315/315 179/179 1721/1721
f 656/656 803/803 1796/1796
f 803/803 656/656 1375/1375
f 1501/1501 1251/1251 1397/1397
f 1501/1501 1397/1397 1403/1403
f 187/187 1157/1157 1457/1457
f 1457/1457 1157/1157 1052/1052
f 436/436 1718/1718 1719/1719
f 1218/1218 1843/1843 23/23
f 986/986 1218/1218 23/23
f 504/504 1178/1178 1558/1558
f 503/503 1178/1178 504/504
f 318/318 1556/1556 1555/1555
f 1459/1459 783/783 685/685
f 1458/1458 1459/1459 685/685
f 296/296 843/843 294/294
f 294/294 843/843 1373/1373
f 1414/1414 13/13 793/793
f 1414/1414 1413/1413 13/13
f 136/136 137/137 1155/1155
f 1155/1155 137/137 1686/1686
f 184/184 1074/1074 1708/1708
f 334/334 335/335 66/66
f 357/357 334/334 66/66
f 1018/1018 1792/1792 1016/1016
f 1018/1018 1016/1016 1019/1019
f 1073/1073 770/770 1857/1857
f 1857/1857 770/770 771/771
f 568/568 1858/1858 350/350
f 1236/1236 1238/1238 568/568
f 1670/1670 776/776 1859/1859
f 294/294 1373/1373 840/840
f 840/840 1373/1373 841/841
f 425/425 762/762 1371/1371
f 424/424 762/762 425/425
f 149/149 191/191 998/998
f 1368/1368 1371/1371 1369/1369
f 1369/1369 1371/1371 1664/1664
f 1022/1022 1766/1766 200/200
f 1021/1021 1386/1386 1022/1022
f 1674/1674 1675/1675 989/989
f 1856/1856 1543/1543 795/795
f 795/795 1860/1860 376/376
f 996/996 1448/1448 1447/1447
f 1496/1496 996/996 1447/1447
f 26/26 299/299 691/691
f 299/299 1297/1297 691/691
f 1175/1175 383/383 872/872
f 872/872 383/383 467/467
f 1568/1568 1543/1543 1856/1856
f 1567/1567 1568/1568 1856/1856
f 232/232 1295/1295 468/468
f 1295/1295 1312/1312 470/470
f 1575/1575 1010/1010 877/877
f 1830/1830 763/763 888/888
f 1861/1861 763/763 765/765
f 1293/1293 855/855 839/839
f 855/855 856/856 839/839
f 147/147 149/149 647/647
f 361/361 147/147 647/647
f 787/787 1802/1802 1525/1525
f 1582/1582 1583/1583 584/584
f 91/91 1583/1583 1582/1582
f 873/873 1827/1827 534/534
f 467/467 232/232 468/468
f 383/383 232/232 467/467
f 186/186 527/527 187/187
f 187/187 527/527 1157/1157
f 1862/1862 802/802 1536/1536
f 1066/1066 1065/1065 1644/1644
f 515/515 514/514 463/463
f 515/515 463/463 1424/1424
f 1643/1643 1863/1863 1864/1864
f 780/780 1643/1643 1864/1864
f 1346/1346 1453/1453 946/946
f 256/256 1584/1584 729/729
f 256/256 1585/1585 1584/1584
f 1221/1221 1220/1220 525/525
f 482/482 1220/1220 1221/1221
f 288/288 494/494 838/838
f 1533/1533 620/620 862/862
f 1533/1533 618/618 620/620
f 545/545 452/452 722/722
f 452/452 247/247 722/722
f 1538/1538 61/61 1460/1460
f 1538/1538 907/907 61/61
f 1571/1571 326/326 1134/1134
f 1571/1571 105/105 326/326
f 1759/1759 1052/1052 1053/1053
f 1759/1759 1053/1053 1623/1623
f 1758/1758 410/410 417/417
f 1758/1758 417/417 1074/1074
f 263/263 1460/1460 1461/1461
f 1460/1460 61/61 1461/1461
f 856/856 334/334 357/357
f 374/374 745/745 746/746
f 1632/1632 1851/1851 1633/1633
f 1082/1082 927/927 477/477
f 927/927 311/311 477/477
f 1457/1457 1052/1052 1055/1055
f 1516/1516 1108/1108 62/62
f 1454/1454 862/862 1455/1455
f 1533/1533 862/862 1454/1454
f 1835/1835 1324/1324 1429/1429
f 980/980 1834/1834 1488/1488
f 1194/1194 899/899 1195/1195
f 1195/1195 899/899 1438/1438
f 742/742 741/741 1865/1865
f 1046/1046 263/263 1048/1048
f 263/263 1461/1461 1048/1048
f 1137/1137 1134/1134 1135/1135
f 1137/1137 1135/1135 598/598
f 350/350 236/236 1175/1175
f 1175/1175 236/236 383/383
f 1591/1591 564/564 177/177
f 1591/1591 177/177 179/179
f 984/984 1555/1555 1619/1619
f 1714/1714 984/984 1619/1619
f 1796/1796 46/46 1797/1797
f 1796/1796 1812/1812 46/46
f 1349/1349 1348/1348 1837/1837
f 1845/1845 1473/1473 1866/1866
f 1103/1103 1526/1526 913/913
f 1103/1103 913/913 1104/1104
f 474/474 1867/1867 431/431
f 1384/1384 1047/1047 1705/1705
f 1640/1640 1041/1041 1868/1868
f 1868/1868 1041/1041 1040/1040
f 1682/1682 1684/1684 1820/1820
f 1205/1205 1820/1820 1684/1684
f 906/906 1516/1516 62/62
f 1515/1515 1516/1516 906/906
f 1082/1082 477/477 308/308
f 1500/1500 1137/1137 598/598
f 1500/1500 598/598 491/491
f 556/556 792/792 381/381
f 555/555 792/792 556/556
f 344/344 1020/1020 1021/1021
f 342/342 344/344 388/388
f 1827/1827 1304/1304 1303/1303
f 1304/1304 1302/1302 1303/1303
f 428/428 1266/1266 618/618
f 170/170 1080/1080 1869/1869
f 1078/1078 1080/1080 170/170
f 1317/1317 1870/1870 1318/1318
f 1318/1318 783/783 1459/1459
f 885/885 502/502 1130/1130
f 1520/1520 885/885 1521/1521
f 704/704 1103/1103 1104/1104
f 704/704 1104/1104 1469/1469
f 1454/1454 1455/1455 105/105
f 105/105 1455/1455 326/326
f 251/251 1848/1848 1037/1037
f 1383/1383 1382/1382 1384/1384
f 1383/1383 1384/1384 291/291
f 289/289 288/288 837/837
f 289/289 837/837 1871/1871
f 1489/1489 1791/1791 1078/1078
f 1476/1476 895/895 1477/1477
f 895/895 894/894 1872/1872
f 1528/1528 1121/1121 346/346
f 346/346 1121/1121 347/347
f 1135/1135 327/327 866/866
f 327/327 865/865 866/866
f 636/636 1693/1693 637/637
f 637/637 1693/1693 140/140
f 1236/1236 439/439 1237/1237
f 1236/1236 1237/1237 1238/1238
f 1835/1835 1050/1050 1324/1324
f 1050/1050 1322/1322 1324/1324
f 1526/1526 606/606 913/913
f 346/346 348/348 1526/1526
f 1419/1419 1685/1685 56/56
f 1582/1582 584/584 354/354
f 354/354 584/584 587/587
f 911/911 1470/1470 1783/1783
f 1783/1783 1470/1470 1469/1469
f 1042/1042 1190/1190 1191/1191
f 926/926 740/740 311/311
f 927/927 926/926 311/311
f 1312/1312 1873/1873 470/470
f 398/398 140/140 139/139
f 637/637 140/140 398/398
f 636/636 381/381 1693/1693
f 814/814 590/590 564/564
f 1591/1591 814/814 564/564
f 798/798 799/799 800/800
f 798/798 800/800 503/503
f 1046/1046 1048/1048 1226/1226
f 1047/1047 1046/1046 1226/1226
f 583/583 582/582 1464/1464
f 699/699 583/583 1464/1464
f 503/503 1340/1340 1178/1178
f 503/503 800/800 1340/1340
f 917/917 1863/1863 1643/1643
f 917/917 435/435 1863/1863
f 1453/1453 1750/1750 1751/1751
f 1453/1453 1751/1751 946/946
f 170/170 1869/1869 375/375
f 375/375 1869/1869 376/376
f 416/416 1874/1874 1875/1875
f 576/576 1042/1042 1099/1099
f 475/475 1809/1809 433/433
f 475/475 433/433 474/474
f 1115/1115 710/710 1267/1267
f 1115/1115 1267/1267 1216/1216
f 747/747 291/291 748/748
f 1730/1730 1383/1383 291/291
f 1876/1876 1877/1877 1197/1197
f 807/807 1876/1876 1197/1197
f 66/66 335/335 538/538
f 538/538 335/335 1071/1071
f 370/370 687/687 371/371
f 1847/1847 687/687 370/370
f 1515/1515 1734/1734 768/768
f 1515/1515 768/768 1516/1516
f 410/410 995/995 1496/1496
f 410/410 1496/1496 417/417
f 1623/1623 1053/1053 1458/1458
f 1663/1663 412/412 1682/1682
f 1682/1682 412/412 1684/1684
f 651/651 793/793 1180/1180
f 1414/1414 793/793 651/651
f 497/497 1159/1159 498/498
f 148/148 1159/1159 497/497
f 424/424 761/761 762/762
f 296/296 842/842 843/843
f 819/819 842/842 296/296
f 1216/1216 1267/1267 427/427
f 1216/1216 427/427 1217/1217
f 509/509 1748/1748 806/806
f 509/509 806/806 805/805
f 992/992 1809/1809 475/475
f 992/992 989/989 990/990
f 1649/1649 1640/1640 1650/1650
f 1640/1640 1868/1868 1650/1650
f 1376/1376 614/614 1194/1194
f 614/614 899/899 1194/1194
f 1801/1801 370/370 372/372
f 387/387 388/388 1792/1792
f 1018/1018 387/387 1792/1792
f 814/814 1476/1476 590/590
f 1476/1476 1477/1477 590/590
f 210/210 1586/1586 437/437
f 210/210 437/437 211/211
f 873/873 1166/1166 1827/1827
f 1166/1166 1165/1165 1827/1827
f 1497/1497 804/804 805/805
f 804/804 509/509 805/805
f 390/390 392/392 1554/1554
f 502/502 390/390 1554/1554
f 567/567 439/439 1236/1236
f 459/459 1871/1871 809/809
f 459/459 289/289 1871/1871
f 508/508 1648/1648 1301/1301
f 764/764 1301/1301 1648/1648
f 1338/1338 1720/1720 741/741
f 1865/1865 741/741 1720/1720
f 710/710 846/846 1264/1264
f 598/598 599/599 1618/1618
f 1618/1618 599/599 1244/1244
f 1489/1489 639/639 1791/1791
f 1488/1488 639/639 1489/1489
f 1124/1124 1878/1878 364/364
f 1126/1126 1419/1419 661/661
f 211/211 1186/1186 1608/1608
f 211/211 437/437 438/438
f 748/748 1379/1379 1252/1252
f 748/748 293/293 1379/1379
f 1748/1748 1425/1425 806/806
f 787/787 786/786 1768/1768
f 786/786 1837/1837 1768/1768
f 354/354 587/587 355/355
f 355/355 587/587 1835/1835
f 1472/1472 1469/1469 1349/1349
f 1472/1472 704/704 1469/1469
f 895/895 1872/1872 1477/1477
f 555/555 791/791 792/792
f 1182/1182 791/791 555/555
f 1714/1714 1619/1619 1713/1713
f 764/764 173/173 1301/1301
f 172/172 173/173 764/764
f 492/492 1245/1245 228/228
f 1574/1574 1814/1814 1573/1573
f 1813/1813 1814/1814 1574/1574
f 1020/1020 1766/1766 1386/1386
f 1022/1022 1386/1386 1766/1766
f 568/568 1238/1238 1858/1858
f 235/235 236/236 1858/1858
f 1246/1246 819/819 296/296
f 1246/1246 1244/1244 819/819
f 437/437 1586/1586 1036/1036
f 1586/1586 1037/1037 1036/1036
f 1543/1543 1860/1860 795/795
f 1543/1543 1542/1542 1860/1860
f 545/545 723/723 452/452
f 544/544 723/723 545/545
f 348/348 606/606 1526/1526
f 348/348 605/605 606/606
f 1498/1498 305/305 1879/1879
f 1879/1879 305/305 307/307
f 1867/1867 1388/1388 431/431
f 1867/1867 1687/1687 1388/1388
f 435/435 370/370 743/743
f 435/435 743/743 744/744
f 1361/1361 1750/1750 1453/1453
f 1750/1750 1361/1361 804/804
f 1798/1798 1523/1523 799/799
f 885/885 1130/1130 1521/1521
f 1521/1521 1130/1130 1522/1522
f 1520/1520 1521/1521 1523/1523
f 1798/1798 1520/1520 1523/1523
f 1473/1473 1472/1472 1349/1349
f 1473/1473 1349/1349 1837/1837
f 1623/1623 684/684 1847/1847
f 1847/1847 684/684 687/687
f 1497/1497 805/805 995/995
f 410/410 1497/1497 995/995
f 388/388 344/344 1021/1021
f 1182/1182 1180/1180 791/791
f 651/651 1180/1180 1182/1182
f 1423/1423 515/515 1424/1424
f 1357/1357 1423/1423 1424/1424
f 1849/1849 869/869 870/870
f 1160/1160 869/869 1849/1849
f 1388/1388 1389/1389 1841/1841
f 1841/1841 1389/1389 1688/1688
f 482/482 1219/1219 1220/1220
f 257/257 256/256 729/729
f 1297/1297 257/257 729/729
f 1252/1252 1603/1603 829/829
f 1252/1252 1379/1379 1603/1603
f 1813/1813 441/441 1814/1814
f 1338/1338 372/372 1337/1337
f 1338/1338 1337/1337 1720/1720
f 1834/1834 1835/1835 1429/1429
f 355/355 1835/1835 1834/1834
f 1574/1574 1573/1573 664/664
f 664/664 1573/1573 1166/1166
f 1377/1377 285/285 1613/1613
f 710/710 709/709 1613/1613
f 1488/1488 1429/1429 639/639
f 1834/1834 1429/1429 1488/1488
f 298/298 257/257 1297/1297
f 299/299 298/298 1297/1297
f 829/829 1603/1603 730/730
f 613/613 614/614 1376/1376
f 494/494 1293/1293 838/838
f 494/494 855/855 1293/1293
f 1866/1866 1473/1473 1837/1837
f 786/786 1866/1866 1837/1837
f 121/121 122/122 717/717
f 717/717 1880/1880 1881/1881
f 983/983 145/145 1882/1882
f 1883/1883 983/983 1882/1882
f 1884/1884 1088/1088 908/908
f 1087/1087 1088/1088 1884/1884
f 1883/1883 1882/1882 1061/1061
f 75/75 1883/1883 43/43
f 716/716 734/734 1885/1885
f 734/734 455/455 1885/1885
f 653/653 1886/1886 1412/1412
f 653/653 1394/1394 332/332
f 717/717 716/716 1880/1880
f 716/716 1885/1885 1880/1880
f 254/254 60/60 845/845
f 60/60 844/844 845/845
f 1887/1887 738/738 1888/1888
f 1888/1888 738/738 1889/1889
f 384/384 707/707 548/548
f 1088/1088 1890/1890 68/68
f 1891/1891 1890/1890 1088/1088
f 72/72 1892/1892 73/73
f 252/252 1892/1892 72/72
f 1881/1881 1880/1880 192/192
f 541/541 542/542 356/356
f 356/356 542/542 161/161
f 1882/1882 145/145 1062/1062
f 1061/1061 1882/1882 1062/1062
f 1296/1296 269/269 600/600
f 269/269 1296/1296 1387/1387
f 1889/1889 670/670 671/671
f 738/738 670/670 1889/1889
f 977/977 22/22 1263/1263
f 164/164 166/166 1164/1164
f 384/384 1893/1893 707/707
f 707/707 1893/1893 886/886
f 1088/1088 1894/1894 908/908
f 1895/1895 1896/1896 886/886
f 1893/1893 1895/1895 886/886
f 1897/1897 1894/1894 1898/1898
f 1899/1899 1897/1897 1898/1898
f 811/811 1900/1900 644/644
f 644/644 1900/1900 324/324
f 880/880 480/480 422/422
f 1167/1167 189/189 190/190
f 117/117 104/104 1167/1167
f 910/910 993/993 253/253
f 1901/1901 1900/1900 811/811
f 810/810 1901/1901 811/811
f 422/422 252/252 1076/1076
f 1076/1076 252/252 72/72
f 1902/1902 596/596 1903/1903
f 1142/1142 822/822 1904/1904
f 130/130 822/822 1142/1142
f 909/909 1905/1905 1906/1906
f 1906/1906 577/577 909/909
f 402/402 253/253 142/142
f 403/403 402/402 142/142
f 1885/1885 1883/1883 75/75
f 193/193 1885/1885 75/75
f 34/34 541/541 356/356
f 671/671 541/541 34/34
f 114/114 821/821 925/925
f 820/820 821/821 114/114
f 1907/1907 1908/1908 1909/1909
f 1910/1910 1908/1908 1907/1907
f 1911/1911 1901/1901 810/810
f 812/812 1911/1911 810/810
f 1885/1885 455/455 1883/1883
f 455/455 983/983 1883/1883
f 676/676 1156/1156 29/29
f 1907/1907 1909/1909 676/676
f 1887/1887 1888/1888 103/103
f 103/103 1888/1888 1889/1889
f 30/30 1902/1902 1174/1174
f 1174/1174 1902/1902 1903/1903
f 146/146 781/781 782/782
f 982/982 781/781 146/146
f 226/226 1084/1084 945/945
f 756/756 69/69 543/543
f 290/290 69/69 756/756
f 867/867 657/657 389/389
f 231/231 657/657 867/867
f 181/181 1171/1171 180/180
f 1171/1171 208/208 180/180
f 1257/1257 1258/1258 443/443
f 939/939 1257/1257 443/443
f 1034/1034 940/940 597/597
f 597/597 940/940 941/941
f 1207/1207 1364/1364 1208/1208
f 1363/1363 1364/1364 73/73
f 219/219 1911/1911 812/812
f 578/578 219/219 812/812
f 1912/1912 384/384 1097/1097
f 579/579 601/601 580/580
f 600/600 601/601 1913/1913
f 1904/1904 820/820 114/114
f 822/822 820/820 1904/1904
f 108/108 1898/1898 1894/1894
f 1899/1899 1898/1898 108/108
f 1893/1893 154/154 1895/1895
f 1895/1895 154/154 1896/1896
f 114/114 925/925 345/345
f 924/924 345/345 925/925
f 1880/1880 1885/1885 193/193
f 192/192 1880/1880 193/193
f 69/69 161/161 543/543
f 542/542 543/543 161/161
f 189/189 1889/1889 671/671
f 103/103 1889/1889 189/189
f 1141/1141 1142/1142 1914/1914
f 1914/1914 1142/1142 1904/1904
f 630/630 1239/1239 1915/1915
f 1916/1916 630/630 1915/1915
f 909/909 1161/1161 1905/1905
f 1161/1161 304/304 1905/1905
f 982/982 146/146 145/145
f 983/983 982/982 145/145
f 701/701 1916/1916 1917/1917
f 1916/1916 1915/1915 1917/1917
f 1908/1908 632/632 321/321
f 1918/1918 632/632 1908/1908
f 701/701 1917/1917 702/702
f 701/701 702/702 1051/1051
f 1911/1911 268/268 1901/1901
f 268/268 1919/1919 1901/1901
f 1818/1818 1920/1920 1921/1921
f 935/935 377/377 169/169
f 377/377 20/20 169/169
f 313/313 578/578 1906/1906
f 216/216 1906/1906 217/217
f 1039/1039 190/190 1922/1922
f 1167/1167 190/190 1039/1039
f 644/644 324/324 645/645
f 120/120 965/965 1707/1707
f 965/965 1616/1616 1707/1707
f 1922/1922 163/163 721/721
f 721/721 1087/1087 1884/1884
f 1910/1910 1918/1918 1908/1908
f 961/961 1918/1918 1910/1910
f 341/341 1258/1258 929/929
f 158/158 929/929 1258/1258
f 1923/1923 600/600 1913/1913
f 1296/1296 600/600 1923/1923
f 96/96 97/97 1900/1900
f 1901/1901 1919/1919 1900/1900
f 218/218 81/81 1924/1924
f 987/987 1257/1257 939/939
f 988/988 987/987 939/939
f 1925/1925 188/188 1926/1926
f 1926/1926 127/127 128/128
f 972/972 1288/1288 329/329
f 1164/1164 972/972 329/329
f 220/220 1198/1198 1001/1001
f 1281/1281 220/220 1001/1001
f 22/22 21/21 1927/1927
f 21/21 1256/1256 1927/1927
f 39/39 220/220 1281/1281
f 40/40 39/39 1281/1281
f 85/85 389/389 1112/1112
f 389/389 286/286 1112/1112
f 64/64 65/65 198/198
f 601/601 231/231 580/580
f 580/580 231/231 867/867
f 197/197 202/202 96/96
f 96/96 202/202 426/426
f 1891/1891 34/34 1890/1890
f 33/33 34/34 162/162
f 198/198 65/65 199/199
f 1174/1174 1903/1903 65/65
f 384/384 144/144 1893/1893
f 144/144 154/154 1893/1893
f 678/678 29/29 951/951
f 676/676 29/29 678/678
f 1088/1088 68/68 1894/1894
f 108/108 1894/1894 68/68
f 924/924 1921/1921 345/345
f 386/386 385/385 924/924
f 478/478 1170/1170 479/479
f 479/479 1170/1170 1171/1171
f 578/578 812/812 577/577
f 1906/1906 578/578 577/577
f 1917/1917 194/194 313/313
f 1161/1161 968/968 304/304
f 702/702 218/218 1051/1051
f 1051/1051 218/218 1924/1924
f 129/129 941/941 130/130
f 130/130 941/941 822/822
f 1926/1926 1918/1918 961/961
f 1925/1925 1926/1926 961/961
f 1908/1908 321/321 1909/1909
f 281/281 377/377 937/937
f 88/88 281/281 89/89
f 1034/1034 597/597 127/127
f 1035/1035 1034/1034 127/127
f 1629/1629 499/499 1887/1887
f 499/499 738/738 1887/1887
f 1928/1928 853/853 1899/1899
f 853/853 1897/1897 1899/1899
f 1896/1896 1929/1929 1930/1930
f 1914/1914 1904/1904 1931/1931
f 195/195 268/268 1911/1911
f 219/219 195/195 1911/1911
f 496/496 1912/1912 1097/1097
f 165/165 496/496 621/621
f 1927/1927 1256/1256 592/592
f 122/122 1932/1932 714/714
f 341/341 929/929 1113/1113
f 732/732 341/341 1113/1113
f 1900/1900 97/97 324/324
f 1380/1380 1933/1933 401/401
f 401/401 1933/1933 910/910
f 304/304 124/124 217/217
f 1906/1906 1905/1905 217/217
f 1902/1902 115/115 596/596
f 30/30 115/115 1902/1902
f 124/124 182/182 81/81
f 80/80 124/124 81/81
f 121/121 329/329 1288/1288
f 192/192 329/329 121/121
f 423/423 1399/1399 1406/1406
f 241/241 423/423 1406/1406
f 290/290 756/756 777/777
f 1934/1934 290/290 777/777
f 112/112 1035/1035 1935/1935
f 1935/1935 1035/1035 127/127
f 588/588 589/589 208/208
f 1171/1171 1172/1172 208/208
f 1899/1899 108/108 107/107
f 1928/1928 1899/1899 107/107
f 1936/1936 1929/1929 1896/1896
f 202/202 1129/1129 426/426
f 426/426 1129/1129 1797/1797
f 1817/1817 547/547 1937/1937
f 547/547 64/64 198/198
f 1629/1629 1887/1887 102/102
f 102/102 1887/1887 103/103
f 1925/1925 961/961 960/960
f 1938/1938 1925/1925 960/960
f 1939/1939 1517/1517 1940/1940
f 1941/1941 1517/1517 1939/1939
f 1286/1286 484/484 286/286
f 389/389 1286/1286 286/286
f 404/404 31/31 1942/1942
f 1333/1333 404/404 1942/1942
f 968/968 574/574 1943/1943
f 1943/1943 574/574 1609/1609
f 53/53 52/52 1480/1480
f 423/423 1715/1715 1399/1399
f 1715/1715 1717/1717 1399/1399
f 1937/1937 1920/1920 1818/1818
f 1817/1817 1937/1937 1818/1818
f 426/426 1797/1797 1598/1598
f 97/97 426/426 1598/1598
f 77/77 1779/1779 1941/1941
f 1779/1779 1517/1517 1941/1941
f 782/782 27/27 44/44
f 209/209 589/589 1032/1032
f 110/110 1122/1122 784/784
f 1938/1938 113/113 1925/1925
f 113/113 188/188 1925/1925
f 1624/1624 79/79 623/623
f 365/365 662/662 1944/1944
f 1517/1517 1125/1125 1940/1940
f 1125/1125 1945/1945 1940/1940
f 1624/1624 1446/1446 79/79
f 1946/1946 1100/1100 1330/1330
f 1100/1100 1331/1331 1330/1330
f 1939/1939 1940/1940 1519/1519
f 1941/1941 1939/1939 1519/1519
f 1717/1717 1843/1843 1218/1218
f 1398/1398 1717/1717 1218/1218
f 851/851 1381/1381 1380/1380
f 1380/1380 1381/1381 1933/1933
f 1742/1742 1942/1942 1947/1947
f 1331/1331 1942/1942 1742/1742
f 1945/1945 1126/1126 661/661
f 1125/1125 1126/1126 1945/1945
f 1948/1948 1196/1196 609/609
f 1485/1485 1948/1948 609/609
f 79/79 78/78 1739/1739
f 1739/1739 78/78 1200/1200
f 1122/1122 1317/1317 1316/1316
f 784/784 1122/1122 1316/1316
f 365/365 1944/1944 1949/1949
f 1938/1938 960/960 725/725
f 1409/1409 1938/1938 725/725
f 1874/1874 1946/1946 1875/1875
f 1875/1875 1946/1946 1950/1950
f 576/576 1099/1099 1874/1874
f 1026/1026 1452/1452 1741/1741
f 1725/1725 1026/1026 1741/1741
f 365/365 1949/1949 1951/1951
f 364/364 365/365 1951/1951
f 1952/1952 416/416 1877/1877
f 1953/1953 416/416 1952/1952
f 1954/1954 1723/1723 1722/1722
f 1955/1955 1954/1954 1722/1722
f 1950/1950 1446/1446 1445/1445
f 1875/1875 1950/1950 1098/1098
f 436/436 1956/1956 1323/1323
f 780/780 1321/1321 1323/1323
f 776/776 489/489 775/775
f 775/775 1957/1957 1958/1958
f 774/774 775/775 1958/1958
f 1949/1949 1045/1045 835/835
f 835/835 1045/1045 1746/1746
f 222/222 1617/1617 1698/1698
f 1698/1698 1617/1617 668/668
f 1811/1811 1679/1679 1804/1804
f 1609/1609 575/575 405/405
f 575/575 576/576 405/405
f 1154/1154 1155/1155 1838/1838
f 1702/1702 1154/1154 1838/1838
f 1689/1689 976/976 89/89
f 1133/1133 976/976 1689/1689
f 1828/1828 111/111 110/110
f 1777/1777 111/111 1828/1828
f 1959/1959 1844/1844 1960/1960
f 1844/1844 111/111 1960/1960
f 76/76 77/77 1844/1844
f 77/77 109/109 1844/1844
f 1948/1948 1484/1484 406/406
f 1485/1485 1484/1484 1948/1948
f 220/220 222/222 1198/1198
f 222/222 1696/1696 1198/1198
f 1938/1938 836/836 113/113
f 1727/1727 836/836 1938/1938
f 1950/1950 1332/1332 1446/1446
f 1332/1332 79/79 1446/1446
f 1519/1519 1940/1940 1123/1123
f 1940/1940 1945/1945 1123/1123
f 1862/1862 1536/1536 1954/1954
f 1536/1536 1723/1723 1954/1954
f 1961/1961 1962/1962 1963/1963
f 1964/1964 1962/1962 1961/1961
f 1965/1965 1966/1966 570/570
f 569/569 1965/1965 570/570
f 572/572 877/877 1967/1967
f 1968/1968 572/572 1967/1967
f 1946/1946 1330/1330 1950/1950
f 1950/1950 1330/1330 1332/1332
f 1961/1961 1772/1772 1633/1633
f 1851/1851 1961/1961 1633/1633
f 1547/1547 373/373 1545/1545
f 1548/1548 1547/1547 1545/1545
f 416/416 1875/1875 1877/1877
f 1797/1797 47/47 1969/1969
f 1969/1969 47/47 1955/1955
f 189/189 671/671 528/528
f 1669/1669 1970/1970 1971/1971
f 1214/1214 1669/1669 1971/1971
f 1723/1723 1211/1211 1213/1213
f 1213/1213 1211/1211 1212/1212
f 1967/1967 877/877 1972/1972
f 877/877 879/879 1972/1972
f 1965/1965 1972/1972 1966/1966
f 1972/1972 1602/1602 1966/1966
f 1948/1948 406/406 1953/1953
f 1953/1953 406/406 416/416
f 1090/1090 1973/1973 1974/1974
f 1553/1553 1973/1973 1090/1090
f 1975/1975 1064/1064 1067/1067
f 1964/1964 1961/1961 1851/1851
f 1974/1974 1964/1964 1851/1851
f 266/266 265/265 1964/1964
f 1964/1964 265/265 1962/1962
f 1963/1963 1771/1771 1976/1976
f 1962/1962 1771/1771 1963/1963
f 1200/1200 1977/1977 1761/1761
f 78/78 1977/1977 1200/1200
f 1762/1762 1630/1630 1977/1977
f 1947/1947 1762/1762 1977/1977
f 1942/1942 32/32 1947/1947
f 32/32 1762/1762 1947/1947
f 1122/1122 1124/1124 1317/1317
f 1317/1317 1124/1124 364/364
f 1826/1826 1405/1405 1660/1660
f 1978/1978 1405/1405 1826/1826
f 1644/1644 1724/1724 1645/1645
f 1724/1724 25/25 1645/1645
f 328/328 1224/1224 1202/1202
f 1433/1433 1735/1735 1431/1431
f 1430/1430 1433/1433 1431/1431
f 589/589 1420/1420 625/625
f 625/625 71/71 626/626
f 654/654 243/243 944/944
f 1963/1963 1978/1978 1772/1772
f 1961/1961 1963/1963 1772/1772
f 1951/1951 1949/1949 1728/1728
f 779/779 780/780 1322/1322
f 780/780 1323/1323 1322/1322
f 1764/1764 1212/1212 1572/1572
f 109/109 1941/1941 1519/1519
f 77/77 1941/1941 109/109
f 1790/1790 1628/1628 1762/1762
f 32/32 1790/1790 1762/1762
f 1947/1947 1977/1977 78/78
f 1627/1627 1846/1846 86/86
f 1405/1405 1818/1818 1660/1660
f 1660/1660 1818/1818 1921/1921
f 1979/1979 1967/1967 1965/1965
f 1967/1967 1972/1972 1965/1965
f 1926/1926 128/128 1918/1918
f 128/128 632/632 1918/1918
f 1402/1402 1403/1403 1817/1817
f 1817/1817 1403/1403 547/547
f 324/324 325/325 672/672
f 325/325 1350/1350 672/672
f 835/835 1746/1746 112/112
f 112/112 1746/1746 1035/1035
f 570/570 1966/1966 875/875
f 1966/1966 1980/1980 875/875
f 264/264 373/373 374/374
f 1545/1545 373/373 1089/1089
f 1681/1681 1596/1596 1531/1531
f 1531/1531 1596/1596 1806/1806
f 1945/1945 1878/1878 1124/1124
f 1123/1123 1945/1945 1124/1124
f 265/265 746/746 1962/1962
f 746/746 1771/1771 1962/1962
f 1780/1780 214/214 1671/1671
f 465/465 1780/1780 1671/1671
f 94/94 95/95 1823/1823
f 1530/1530 94/94 1823/1823
f 95/95 1780/1780 465/465
f 851/851 1380/1380 1736/1736
f 848/848 851/851 1736/1736
f 1826/1826 1660/1660 1638/1638
f 83/83 1826/1826 1638/1638
f 1270/1270 1725/1725 1740/1740
f 1725/1725 1741/1741 1740/1740
f 626/626 1014/1014 1749/1749
f 1719/1719 1247/1247 352/352
f 352/352 1247/1247 975/975
f 1347/1347 948/948 41/41
f 1345/1345 1346/1346 1347/1347
f 1819/1819 919/919 1277/1277
f 1804/1804 1679/1679 1667/1667
f 1679/1679 1680/1680 1667/1667
f 1276/1276 1049/1049 1821/1821
f 24/24 1276/1276 1821/1821
f 674/674 1645/1645 1646/1646
f 1646/1646 1645/1645 1842/1842
f 268/268 197/197 1919/1919
f 1777/1777 1960/1960 111/111
f 914/914 1960/1960 1777/1777
f 1065/1065 1722/1722 1644/1644
f 1644/1644 1722/1722 1724/1724
f 1610/1610 1641/1641 1611/1611
f 58/58 1610/1610 1611/1611
f 1945/1945 661/661 1878/1878
f 1878/1878 661/661 662/662
f 1099/1099 1100/1100 1946/1946
f 1874/1874 1099/1099 1946/1946
f 831/831 919/919 1843/1843
f 1716/1716 831/831 1843/1843
f 1669/1669 1670/1670 1970/1970
f 1970/1970 1670/1670 1859/1859
f 1981/1981 1982/1982 1566/1566
f 1982/1982 1832/1832 1566/1566
f 1971/1971 1970/1970 1982/1982
f 1970/1970 1983/1983 1982/1982
f 1955/1955 1722/1722 1065/1065
f 1969/1969 1955/1955 1065/1065
f 1350/1350 1975/1975 1067/1067
f 325/325 1975/1975 1350/1350
f 1599/1599 1064/1064 1975/1975
f 325/325 1599/1599 1975/1975
f 1854/1854 1984/1984 25/25
f 1724/1724 1854/1854 25/25
f 1977/1977 1630/1630 1056/1056
f 1630/1630 1985/1985 1056/1056
f 1977/1977 1056/1056 1761/1761
f 1056/1056 1057/1057 1761/1761
f 1014/1014 1681/1681 1243/1243
f 1243/1243 1681/1681 1531/1531
f 669/669 1345/1345 1852/1852
f 1952/1952 1877/1877 1876/1876
f 1953/1953 1952/1952 1876/1876
f 1986/1986 1089/1089 1973/1973
f 1089/1089 266/266 1973/1973
f 1852/1852 1345/1345 1853/1853
f 1599/1599 1969/1969 1064/1064
f 1969/1969 1065/1065 1064/1064
f 1155/1155 1686/1686 487/487
f 1317/1317 364/364 1870/1870
f 364/364 1951/1951 1870/1870
f 1318/1318 1870/1870 783/783
f 264/264 374/374 265/265
f 265/265 374/374 746/746
f 1286/1286 884/884 484/484
f 884/884 1702/1702 484/484
f 1288/1288 1959/1959 1450/1450
f 121/121 1288/1288 1450/1450
f 714/714 1932/1932 1059/1059
f 122/122 1450/1450 1932/1932
f 1450/1450 914/914 915/915
f 1987/1987 1954/1954 1955/1955
f 47/47 1987/1987 1955/1955
f 47/47 46/46 1987/1987
f 1987/1987 1862/1862 1954/1954
f 1598/1598 1797/1797 1599/1599
f 1599/1599 1797/1797 1969/1969
f 1213/1213 1214/1214 1854/1854
f 1723/1723 1213/1213 1854/1854
f 1870/1870 1951/1951 368/368
f 1951/1951 1728/1728 368/368
f 1772/1772 1978/1978 82/82
f 1978/1978 1826/1826 82/82
f 1771/1771 1402/1402 1976/1976
f 1948/1948 1953/1953 1196/1196
f 1953/1953 1876/1876 1196/1196
f 1505/1505 832/832 1816/1816
f 1816/1816 832/832 328/328
f 849/849 1433/1433 1430/1430
f 1612/1612 849/849 1430/1430
f 1963/1963 1976/1976 1978/1978
f 1978/1978 1404/1404 1405/1405
f 214/214 215/215 1270/1270
f 215/215 1726/1726 1270/1270
f 1009/1009 1548/1548 1544/1544
f 1544/1544 1548/1548 1545/1545
f 1686/1686 1627/1627 1625/1625
f 488/488 1686/1686 1625/1625
f 81/81 182/182 611/611
f 1485/1485 609/609 611/611
f 1333/1333 1942/1942 1331/1331
f 1100/1100 1333/1333 1331/1331
f 1531/1531 1806/1806 1530/1530
f 1530/1530 1806/1806 94/94
f 25/25 1984/1984 1765/1765
f 1984/1984 1981/1981 1765/1765
f 1984/1984 1214/1214 1971/1971
f 1854/1854 1214/1214 1984/1984
f 1689/1689 89/89 936/936
f 1727/1727 1938/1938 1409/1409
f 369/369 368/368 1409/1409
f 71/71 70/70 1808/1808
f 1315/1315 1154/1154 1702/1702
f 884/884 1315/1315 1702/1702
f 1698/1698 668/668 407/407
f 407/407 668/668 669/669
f 1959/1959 1960/1960 914/914
f 1450/1450 1959/1959 914/914
f 1288/1288 658/658 1988/1988
f 1288/1288 1988/1988 1959/1959
f 1988/1988 1844/1844 1959/1959
f 1679/1679 1659/1659 1680/1680
f 1659/1659 1816/1816 1680/1680
f 1655/1655 1846/1846 1627/1627
f 137/137 1655/1655 1627/1627
f 1056/1056 1985/1985 1057/1057
f 1063/1063 499/499 1629/1629
f 1631/1631 1063/1063 1629/1629
f 1629/1629 102/102 1985/1985
f 1630/1630 1629/1629 1985/1985
f 879/879 1544/1544 1602/1602
f 1972/1972 879/879 1602/1602
f 1966/1966 1602/1602 1980/1980
f 1602/1602 1546/1546 1980/1980
f 1980/1980 1546/1546 1986/1986
f 1986/1986 1546/1546 1089/1089
f 266/266 1964/1964 1974/1974
f 1973/1973 266/266 1974/1974
f 1971/1971 1982/1982 1981/1981
f 1984/1984 1971/1971 1981/1981
f 875/875 1980/1980 876/876
f 1980/1980 1986/1986 876/876
f 1773/1773 82/82 83/83
f 1634/1634 1773/1773 1782/1782
f 1789/1789 1631/1631 1628/1628
f 1631/1631 1629/1629 1628/1628
f 1970/1970 1859/1859 1983/1983
f 825/825 826/826 1832/1832
f 1982/1982 1983/1983 1832/1832
f 1832/1832 826/826 1738/1738
f 1564/1564 1832/1832 1738/1738
f 1422/1422 575/575 1609/1609
f 574/574 1422/1422 1609/1609
f 1483/1483 1943/1943 1609/1609
f 124/124 123/123 1483/1483
f 214/214 1268/1268 973/973
f 1671/1671 214/214 973/973
f 1536/1536 338/338 1723/1723
f 338/338 1211/1211 1723/1723
f 948/948 947/947 58/58
f 947/947 1610/1610 58/58
f 436/436 1719/1719 1956/1956
f 1719/1719 352/352 1956/1956
f 1276/1276 1607/1607 1049/1049
f 1986/1986 1973/1973 1553/1553
f 876/876 1986/1986 1553/1553
f 44/44 1336/1336 45/45
f 1336/1336 28/28 45/45
f 152/152 153/153 1989/1989
f 44/44 45/45 1929/1929
f 1929/1929 45/45 1968/1968
f 1929/1929 1979/1979 943/943
f 1989/1989 290/290 1934/1934
f 1957/1957 1989/1989 1934/1934
f 1934/1934 777/777 778/778
f 1990/1990 1934/1934 778/778
f 1974/1974 1851/1851 1850/1850
f 1563/1563 1981/1981 1566/1566
f 1765/1765 1981/1981 1563/1563
f 328/328 53/53 1224/1224
f 53/53 1222/1222 1224/1224
f 28/28 572/572 1968/1968
f 45/45 28/28 1968/1968
f 152/152 1989/1989 1957/1957
f 775/775 152/152 1957/1957
f 1929/1929 1968/1968 1979/1979
f 1979/1979 1968/1968 1967/1967
f 1990/1990 1957/1957 1934/1934
f 1958/1958 1957/1957 1990/1990
f 826/826 1441/1441 1991/1991
f 1979/1979 1965/1965 569/569
f 943/943 1979/1979 569/569
f 379/379 378/378 1223/1223
f 1222/1222 379/379 1223/1223
f 1985/1985 102/102 1275/1275
f 102/102 104/104 116/116
f 29/29 30/30 951/951
f 951/951 30/30 1174/1174
f 1915/1915 595/595 194/194
f 1917/1917 1915/1915 194/194
f 595/595 1250/1250 473/473
f 478/478 1374/1374 1170/1170
f 1239/1239 1250/1250 595/595
f 1915/1915 1239/1239 595/595
f 226/226 945/945 243/243
f 164/164 193/193 165/165
f 193/193 75/75 165/165
f 190/190 528/528 1922/1922
f 1922/1922 528/528 163/163
f 720/720 1922/1922 721/721
f 1039/1039 1922/1922 720/720
f 60/60 1162/1162 844/844
f 50/50 51/51 844/844
f 1992/1992 1993/1993 1994/1994
f 1995/1995 1996/1996 1997/1997
f 1998/1998 1999/1999 2000/2000
f 2001/2001 2002/2002 2003/2003
f 2004/2004 2005/2005 2006/2006
f 2007/2007 2008/2008 2009/2009
f 2010/2010 2011/2011 2012/2012
f 2010/2010 2013/2013 2011/2011
f 2014/2014 2015/2015 2016/2016
f 2017/2017 2018/2018 2019/2019
f 2020/2020 2021/2021 2022/2022
f 2023/2023 2024/2024 2025/2025
f 2026/2026 2027/2027 2028/2028
f 2029/2029 2030/2030 2031/2031
f 2032/2032 2033/2033 2034/2034
f 2035/2035 2007/2007 2009/2009
f 2036/2036 2037/2037 2038/2038
f 2039/2039 2040/2040 2041/2041
f 2042/2042 2043/2043 2044/2044
f 2045/2045 2046/2046 2047/2047
f 2048/2048 2049/2049 2050/2050
f 2051/2051 2052/2052 2053/2053
f 2054/2054 2055/2055 2056/2056
f 2057/2057 2058/2058 2059/2059
f 2060/2060 2061/2061 2062/2062
f 2063/2063 2064/2064 2065/2065
f 2066/2066 2067/2067 2068/2068
f 2069/2069 2070/2070 2071/2071
f 2072/2072 2073/2073 2074/2074
f 2075/2075 2076/2076 2077/2077
f 2078/2078 2079/2079 2080/2080
f 2068/2068 2067/2067 2081/2081
f 2082/2082 2083/2083 2084/2084
f 2085/2085 2086/2086 2087/2087
f 2088/2088 2089/2089 2090/2090
f 2048/2048 2050/2050 2091/2091
f 2092/2092 2093/2093 2094/2094
f 2095/2095 2096/2096 2097/2097
f 2098/2098 2099/2099 2100/2100
f 2101/2101 2102/2102 2103/2103
f 2104/2104 2105/2105 2106/2106
f 2076/2076 2107/2107 2077/2077
f 2108/2108 2109/2109 2110/2110
f 2111/2111 2112/2112 2113/2113
f 2054/2054 2056/2056 2114/2114
f 2115/2115 2116/2116 2117/2117
f 2118/2118 2119/2119 2120/2120
f 2062/2062 2061/2061 2121/2121
f 2122/2122 2123/2123 2124/2124
f 2125/2125 2126/2126 2127/2127
f 2128/2128 2129/2129 2130/2130
f 2131/2131 2132/2132 2133/2133
f 2134/2134 2135/2135 2136/2136
f 2137/2137 2138/2138 2139/2139
f 2140/2140 2141/2141 2142/2142
f 2143/2143 2144/2144 2145/2145
f 2146/2146 2147/2147 2148/2148
f 2149/2149 2150/2150 2151/2151
f 2152/2152 2153/2153 2154/2154
f 2155/2155 2156/2156 2157/2157
f 2158/2158 2159/2159 2160/2160
f 2161/2161 2162/2162 2163/2163
f 2164/2164 2088/2088 2165/2165
f 2166/2166 2167/2167 2168/2168
f 2169/2169 2170/2170 2171/2171
f 2172/2172 2173/2173 2174/2174
f 2175/2175 2176/2176 2177/2177
f 2178/2178 2179/2179 2180/2180
f 2181/2181 2182/2182 2183/2183
f 2184/2184 2185/2185 2186/2186
f 2187/2187 2188/2188 2189/2189
f 2098/2098 2190/2190 2099/2099
f 2191/2191 2192/2192 2181/2181
f 2193/2193 2194/2194 2195/2195
f 2196/2196 2197/2197 2198/2198
f 2199/2199 2200/2200 2201/2201
f 2202/2202 2037/2037 2036/2036
f 2093/2093 2203/2203 2094/2094
f 2204/2204 2085/2085 2087/2087
f 2173/2173 2205/2205 2206/2206
f 2207/2207 2208/2208 2209/2209
f 2125/2125 2127/2127 2210/2210
f 2211/2211 2212/2212 2213/2213
f 2214/2214 2215/2215 2216/2216
f 2211/2211 2213/2213 2217/2217
f 2218/2218 2219/2219 2220/2220
f 2221/2221 2222/2222 2223/2223
f 2224/2224 2225/2225 2196/2196
f 2226/2226 2227/2227 2228/2228
f 2229/2229 2230/2230 2231/2231
f 2158/2158 2232/2232 2159/2159
f 2233/2233 2234/2234 2235/2235
f 2236/2236 2237/2237 2238/2238
f 2175/2175 2177/2177 2239/2239
f 2240/2240 2241/2241 2242/2242
f 2243/2243 2244/2244 2245/2245
f 2246/2246 2247/2247 2248/2248
f 2249/2249 2250/2250 2251/2251
f 2252/2252 2253/2253 2254/2254
f 2255/2255 2256/2256 2257/2257
f 2258/2258 2207/2207 2209/2209
f 2180/2180 2179/2179 2259/2259
f 2205/2205 2260/2260 2206/2206
f 2261/2261 2255/2255 2262/2262
f 2263/2263 2264/2264 2265/2265
f 2266/2266 2267/2267 2268/2268
f 2269/2269 2270/2270 2271/2271
f 2272/2272 2104/2104 2106/2106
f 2273/2273 2274/2274 2275/2275
f 2276/2276 2277/2277 2278/2278
f 2279/2279 2280/2280 2281/2281
f 2282/2282 2283/2283 2284/2284
f 2285/2285 2286/2286 2287/2287
f 2288/2288 2289/2289 2290/2290
f 2264/2264 2291/2291 2265/2265
f 2292/2292 2293/2293 2294/2294
f 2271/2271 2295/2295 2296/2296
f 2297/2297 2014/2014 2298/2298
f 2299/2299 2300/2300 2301/2301
f 2302/2302 2303/2303 2304/2304
f 2305/2305 2306/2306 2307/2307
f 2308/2308 2039/2039 2041/2041
f 2149/2149 2309/2309 2310/2310
f 2084/2084 2083/2083 2311/2311
f 2312/2312 2313/2313 2314/2314
f 2315/2315 2316/2316 2317/2317
f 2318/2318 2319/2319 2320/2320
f 2321/2321 2322/2322 2323/2323
f 2324/2324 2325/2325 2326/2326
f 2327/2327 2328/2328 2329/2329
f 2330/2330 2331/2331 2332/2332
f 2333/2333 2334/2334 2335/2335
f 2336/2336 2337/2337 2338/2338
f 2339/2339 2340/2340 2341/2341
f 2342/2342 2343/2343 2344/2344
f 2345/2345 2346/2346 2347/2347
f 2348/2348 2349/2349 2350/2350
f 2351/2351 2352/2352 2353/2353
f 2287/2287 2354/2354 2355/2355
f 2356/2356 2357/2357 2358/2358
f 2359/2359 2360/2360 2361/2361
f 2341/2341 2340/2340 2362/2362
f 2350/2350 2349/2349 2363/2363
f 2279/2279 2281/2281 2364/2364
f 2116/2116 2365/2365 2117/2117
f 2197/2197 2366/2366 2198/2198
f 2367/2367 2368/2368 2369/2369
f 2370/2370 2115/2115 2371/2371
f 2372/2372 2373/2373 2272/2272
f 2374/2374 2045/2045 2047/2047
f 2305/2305 2375/2375 2306/2306
f 2376/2376 2377/2377 2378/2378
f 2379/2379 2380/2380 2381/2381
f 2382/2382 2032/2032 2034/2034
f 2366/2366 2383/2383 2384/2384
f 2385/2385 2013/2013 2010/2010
f 2386/2386 2387/2387 2388/2388
f 2283/2283 2389/2389 2390/2390
f 2391/2391 2242/2242 2241/2241
f 2392/2392 2346/2346 2345/2345
f 2393/2393 2394/2394 2395/2395
f 2396/2396 2224/2224 2397/2397
f 2398/2398 2399/2399 2400/2400
f 2401/2401 2300/2300 2299/2299
f 2402/2402 2141/2141 2140/2140
f 2283/2283 2390/2390 2284/2284
f 2403/2403 2324/2324 2326/2326
f 2404/2404 2405/2405 2406/2406
f 2407/2407 2408/2408 2409/2409
f 2247/2247 2410/2410 2248/2248
f 2411/2411 2412/2412 2413/2413
f 2414/2414 2415/2415 2416/2416
f 2417/2417 2418/2418 2419/2419
f 2420/2420 2111/2111 2289/2289
f 2421/2421 2422/2422 2423/2423
f 2424/2424 2425/2425 2426/2426
f 2427/2427 2428/2428 2429/2429
f 2428/2428 2430/2430 2429/2429
f 2292/2292 2431/2431 2293/2293
f 2432/2432 2433/2433 2434/2434
f 2435/2435 2436/2436 2437/2437
f 2002/2002 2438/2438 2003/2003
f 2439/2439 2244/2244 2243/2243
f 2411/2411 2413/2413 2440/2440
f 2414/2414 2441/2441 2415/2415
f 2442/2442 2342/2342 2344/2344
f 2443/2443 2204/2204 2444/2444
f 2445/2445 2446/2446 2447/2447
f 2167/2167 2165/2165 2168/2168
f 2448/2448 2026/2026 2028/2028
f 2449/2449 2450/2450 2451/2451
f 2452/2452 2453/2453 2454/2454
f 2078/2078 2080/2080 2455/2455
f 2456/2456 2432/2432 2457/2457
f 2458/2458 2459/2459 2460/2460
f 2461/2461 2462/2462 2463/2463
f 2464/2464 2465/2465 2466/2466
f 2467/2467 2468/2468 2469/2469
f 2470/2470 2471/2471 2472/2472
f 2233/2233 2473/2473 2234/2234
f 2474/2474 2475/2475 2476/2476
f 2024/2024 2477/2477 2025/2025
f 2478/2478 2479/2479 2480/2480
f 2481/2481 2482/2482 2483/2483
f 2484/2484 2485/2485 2486/2486
f 2487/2487 2488/2488 2489/2489
f 2490/2490 2491/2491 2492/2492
f 2493/2493 2494/2494 2490/2490
f 2495/2495 2496/2496 2497/2497
f 2498/2498 2499/2499 2500/2500
f 2465/2465 2501/2501 2466/2466
f 2502/2502 2503/2503 2504/2504
f 2505/2505 2506/2506 2507/2507
f 2508/2508 2509/2509 2263/2263
f 2510/2510 2511/2511 2512/2512
f 2031/2031 2448/2448 2513/2513
f 2514/2514 2515/2515 2516/2516
f 2517/2517 2518/2518 2519/2519
f 2520/2520 2075/2075 2521/2521
f 2522/2522 2523/2523 2524/2524
f 2525/2525 2526/2526 2527/2527
f 2528/2528 2529/2529 2530/2530
f 2118/2118 2120/2120 2531/2531
f 2532/2532 2533/2533 2534/2534
f 2535/2535 2536/2536 2537/2537
f 2538/2538 2539/2539 2540/2540
f 2451/2451 2450/2450 2541/2541
f 2542/2542 2543/2543 2544/2544
f 2545/2545 2546/2546 2547/2547
f 2529/2529 2548/2548 2530/2530
f 2549/2549 2550/2550 2551/2551
f 2552/2552 2553/2553 2554/2554
f 2555/2555 2556/2556 2557/2557
f 2558/2558 2559/2559 2560/2560
f 2561/2561 2562/2562 2563/2563
f 2564/2564 2565/2565 2566/2566
f 2295/2295 2567/2567 2296/2296
f 2427/2427 2429/2429 2568/2568
f 2257/2257 2569/2569 2570/2570
f 2571/2571 2492/2492 2572/2572
f 2019/2019 2018/2018 2573/2573
f 2574/2574 2575/2575 2576/2576
f 2353/2353 2352/2352 2577/2577
f 2578/2578 2274/2274 2273/2273
f 2514/2514 2579/2579 2515/2515
f 2580/2580 2338/2338 2581/2581
f 2259/2259 2179/2179 2582/2582
f 2583/2583 2584/2584 2585/2585
f 2143/2143 2586/2586 2144/2144
f 2587/2587 2536/2536 2535/2535
f 2588/2588 2145/2145 2589/2589
f 2590/2590 2591/2591 2592/2592
f 2593/2593 2555/2555 2557/2557
f 2594/2594 2313/2313 2595/2595
f 2070/2070 2266/2266 2071/2071
f 2596/2596 2597/2597 2598/2598
f 2291/2291 2599/2599 2265/2265
f 2600/2600 2601/2601 2602/2602
f 2603/2603 2604/2604 2605/2605
f 2428/2428 2606/2606 2430/2430
f 2607/2607 2347/2347 2608/2608
f 2407/2407 2409/2409 2609/2609
f 2610/2610 2611/2611 2612/2612
f 2613/2613 2614/2614 2615/2615
f 2616/2616 2527/2527 2617/2617
f 2618/2618 2616/2616 2619/2619
f 2620/2620 2621/2621 2622/2622
f 2423/2423 2422/2422 2621/2621
f 2623/2623 2624/2624 2625/2625
f 2626/2626 2602/2602 2627/2627
f 2628/2628 2629/2629 2630/2630
f 2073/2073 2631/2631 2074/2074
f 2632/2632 2633/2633 2634/2634
f 2635/2635 2554/2554 2636/2636
f 2034/2034 2033/2033 2637/2637
f 2146/2146 2148/2148 2040/2040
f 2043/2043 2298/2298 2044/2044
f 2116/2116 2638/2638 2365/2365
f 2639/2639 2640/2640 2641/2641
f 2642/2642 2643/2643 2644/2644
f 2645/2645 2550/2550 2549/2549
f 2512/2512 2511/2511 2646/2646
f 2647/2647 2648/2648 2649/2649
f 2650/2650 2651/2651 2652/2652
f 2653/2653 2654/2654 2655/2655
f 2467/2467 2469/2469 2656/2656
f 2657/2657 2658/2658 2659/2659
f 2660/2660 2639/2639 2641/2641
f 2364/2364 2281/2281 2661/2661
f 2140/2140 2142/2142 2662/2662
f 2663/2663 2664/2664 2665/2665
f 2666/2666 2499/2499 2498/2498
f 2667/2667 2668/2668 2669/2669
f 2317/2317 2316/2316 2670/2670
f 2562/2562 2671/2671 2563/2563
f 2672/2672 2506/2506 2505/2505
f 2296/2296 2567/2567 2673/2673
f 2014/2014 2674/2674 2015/2015
f 2675/2675 2676/2676 2677/2677
f 2678/2678 2679/2679 2680/2680
f 2681/2681 2682/2682 2683/2683
f 2684/2684 2685/2685 2686/2686
f 2669/2669 2668/2668 2687/2687
f 2688/2688 2689/2689 2690/2690
f 2691/2691 2692/2692 2693/2693
f 2694/2694 2695/2695 2696/2696
f 2252/2252 2697/2697 2253/2253
f 2084/2084 2311/2311 2698/2698
f 2699/2699 2700/2700 2701/2701
f 2702/2702 2703/2703 2699/2699
f 2704/2704 2705/2705 2625/2625
f 2706/2706 2707/2707 2708/2708
f 2339/2339 2709/2709 2340/2340
f 2359/2359 2312/2312 2360/2360
f 2055/2055 2710/2710 2056/2056
f 2711/2711 2614/2614 2613/2613
f 2712/2712 2713/2713 2714/2714
f 2715/2715 2716/2716 2717/2717
f 2718/2718 2719/2719 2720/2720
f 2721/2721 2722/2722 2723/2723
f 2724/2724 2725/2725 2726/2726
f 2727/2727 2728/2728 2729/2729
f 2730/2730 2731/2731 2732/2732
f 2732/2732 2727/2727 2729/2729
f 2650/2650 2652/2652 2733/2733
f 2394/2394 2397/2397 2395/2395
f 2240/2240 2242/2242 2734/2734
f 2735/2735 2716/2716 2715/2715
f 2484/2484 2486/2486 2736/2736
f 2277/2277 2737/2737 2278/2278
f 2738/2738 2739/2739 2740/2740
f 2741/2741 2742/2742 2743/2743
f 2744/2744 2745/2745 2746/2746
f 2747/2747 2748/2748 2749/2749
f 2750/2750 2751/2751 2752/2752
f 2753/2753 2553/2553 2552/2552
f 2351/2351 2131/2131 2754/2754
f 2348/2348 2137/2137 2349/2349
f 2755/2755 2756/2756 2757/2757
f 2756/2756 2758/2758 2759/2759
f 2760/2760 2761/2761 2762/2762
f 2763/2763 2764/2764 2765/2765
f 2462/2462 2766/2766 2463/2463
f 2581/2581 2767/2767 2580/2580
f 2690/2690 2768/2768 2769/2769
f 2768/2768 2770/2770 2510/2510
f 2771/2771 2772/2772 2773/2773
f 2774/2774 2775/2775 2776/2776
f 2721/2721 2777/2777 2722/2722
f 2778/2778 2779/2779 2780/2780
f 2781/2781 2782/2782 2783/2783
f 2784/2784 2785/2785 2786/2786
f 2631/2631 2787/2787 2788/2788
f 2025/2025 2477/2477 2789/2789
f 2790/2790 2791/2791 2792/2792
f 2793/2793 2794/2794 2795/2795
f 2588/2588 2143/2143 2145/2145
f 2474/2474 2476/2476 2796/2796
f 2458/2458 2460/2460 2797/2797
f 2798/2798 2799/2799 2774/2774
f 2695/2695 2800/2800 2696/2696
f 2801/2801 2802/2802 2803/2803
f 2226/2226 2228/2228 2804/2804
f 2527/2527 2526/2526 2805/2805
f 2806/2806 2807/2807 2808/2808
f 2807/2807 2809/2809 2808/2808
f 2502/2502 2504/2504 2618/2618
f 2810/2810 2436/2436 2811/2811
f 2725/2725 2812/2812 2726/2726
f 2813/2813 2814/2814 2815/2815
f 2499/2499 2816/2816 2500/2500
f 2817/2817 2818/2818 2819/2819
f 2707/2707 2059/2059 2708/2708
f 2820/2820 2821/2821 2822/2822
f 2356/2356 2823/2823 2357/2357
f 2752/2752 2108/2108 2110/2110
f 2648/2648 2824/2824 2649/2649
f 2649/2649 2078/2078 2455/2455
f 2825/2825 2826/2826 2249/2249
f 2827/2827 2657/2657 2659/2659
f 2744/2744 2746/2746 2828/2828
f 2596/2596 2829/2829 2597/2597
f 2324/2324 2830/2830 2325/2325
f 2831/2831 2832/2832 2833/2833
f 2834/2834 2835/2835 2836/2836
f 2837/2837 2284/2284 2838/2838
f 2680/2680 2679/2679 2839/2839
f 2840/2840 2841/2841 2842/2842
f 2843/2843 2280/2280 2279/2279
f 2844/2844 2488/2488 2487/2487
f 2845/2845 2846/2846 2847/2847
f 2677/2677 2848/2848 2849/2849
f 2850/2850 2851/2851 2594/2594
f 2361/2361 2314/2314 2852/2852
f 2853/2853 2703/2703 2702/2702
f 2854/2854 2855/2855 2856/2856
f 2436/2436 2041/2041 2437/2437
f 2438/2438 2032/2032 2382/2382
f 2358/2358 2857/2857 2858/2858
f 2784/2784 2859/2859 2785/2785
f 2792/2792 2791/2791 2860/2860
f 2328/2328 2304/2304 2329/2329
f 2600/2600 2861/2861 2601/2601
f 2862/2862 2863/2863 2302/2302
f 2121/2121 2864/2864 2865/2865
f 2479/2479 2866/2866 2867/2867
f 2291/2291 2868/2868 2599/2599
f 2294/2294 2293/2293 2869/2869
f 2870/2870 2871/2871 2872/2872
f 2873/2873 2874/2874 2875/2875
f 2755/2755 2876/2876 2756/2756
f 2877/2877 2443/2443 2878/2878
f 2879/2879 2854/2854 2880/2880
f 2881/2881 2882/2882 2883/2883
f 2034/2034 2637/2637 2082/2082
f 2884/2884 2255/2255 2261/2261
f 2885/2885 2247/2247 2886/2886
f 2887/2887 2334/2334 2333/2333
f 2888/2888 2889/2889 2890/2890
f 2608/2608 2891/2891 2607/2607
f 2892/2892 2893/2893 2894/2894
f 2895/2895 2896/2896 2897/2897
f 2368/2368 1994/1994 2369/2369
f 2475/2475 2115/2115 2476/2476
f 2229/2229 2231/2231 2525/2525
f 2898/2898 2899/2899 2900/2900
f 2503/2503 2901/2901 2900/2900
f 2902/2902 2375/2375 2305/2305
f 2298/2298 2014/2014 2016/2016
f 2903/2903 2054/2054 2114/2114
f 2704/2704 2904/2904 2905/2905
f 2470/2470 2472/2472 2906/2906
f 2269/2269 2271/2271 2208/2208
f 2043/2043 2297/2297 2298/2298
f 2907/2907 2908/2908 2909/2909
f 2910/2910 2911/2911 2912/2912
f 2913/2913 2914/2914 2915/2915
f 2916/2916 2178/2178 2180/2180
f 2685/2685 2564/2564 2917/2917
f 2917/2917 2564/2564 2566/2566
f 2918/2918 2662/2662 2919/2919
f 2136/2136 2590/2590 2592/2592
f 2920/2920 2921/2921 2922/2922
f 2865/2865 2864/2864 2923/2923
f 2924/2924 2772/2772 2771/2771
f 2479/2479 2867/2867 2480/2480
f 2082/2082 2637/2637 2083/2083
f 2148/2148 2149/2149 2310/2310
f 2409/2409 2408/2408 2925/2925
f 2926/2926 2927/2927 2928/2928
f 2606/2606 2929/2929 2430/2430
f 2126/2126 2930/2930 2931/2931
f 2426/2426 2425/2425 2932/2932
f 2569/2569 2933/2933 2570/2570
f 2611/2611 2163/2163 2612/2612
f 2747/2747 2934/2934 2748/2748
f 2633/2633 2935/2935 2634/2634
f 2925/2925 2408/2408 2936/2936
f 2494/2494 2491/2491 2490/2490
f 2260/2260 2884/2884 2261/2261
f 2937/2937 2593/2593 2557/2557
f 2193/2193 2195/2195 2938/2938
f 2793/2793 2939/2939 2794/2794
f 2940/2940 2941/2941 2942/2942
f 2720/2720 2719/2719 2943/2943
f 2944/2944 2945/2945 2946/2946
f 2908/2908 2947/2947 2909/2909
f 2948/2948 2398/2398 2400/2400
f 2493/2493 2949/2949 2950/2950
f 2085/2085 2166/2166 2086/2086
f 2951/2951 2470/2470 2906/2906
f 2952/2952 2953/2953 2954/2954
f 2541/2541 2450/2450 2955/2955
f 2956/2956 2957/2957 2453/2453
f 2958/2958 2959/2959 2960/2960
f 2096/2096 2558/2558 2097/2097
f 2961/2961 2962/2962 2963/2963
f 2964/2964 2560/2560 2965/2965
f 2966/2966 2967/2967 2968/2968
f 2966/2966 2459/2459 2458/2458
f 2342/2342 2969/2969 2343/2343
f 2970/2970 2971/2971 2928/2928
f 2972/2972 2973/2973 2319/2319
f 2153/2153 2974/2974 2154/2154
f 2763/2763 2765/2765 2975/2975
f 2236/2236 2762/2762 2237/2237
f 2258/2258 2209/2209 2582/2582
f 2368/2368 1992/1992 1994/1994
f 2976/2976 2977/2977 2356/2356
f 2978/2978 2979/2979 2980/2980
f 2981/2981 2982/2982 2983/2983
f 2984/2984 2985/2985 2986/2986
f 2687/2687 2184/2184 2186/2186
f 2687/2687 2668/2668 2184/2184
f 2709/2709 2987/2987 2194/2194
f 2988/2988 2989/2989 2990/2990
f 2991/2991 2992/2992 2993/2993
f 2023/2023 2994/2994 2024/2024
f 2995/2995 2996/2996 2997/2997
f 2998/2998 2999/2999 3000/3000
f 2814/2814 3001/3001 2815/2815
f 3002/3002 2419/2419 3003/3003
f 3004/3004 3005/3005 3006/3006
f 3007/3007 3008/3008 3009/3009
f 2122/2122 3010/3010 2058/2058
f 3011/3011 3012/3012 3013/3013
f 3014/3014 3015/3015 3016/3016
f 3017/3017 2953/2953 2952/2952
f 2875/2875 2871/2871 2870/2870
f 2153/2153 3018/3018 2974/2974
f 3019/3019 2861/2861 2600/2600
f 3020/3020 3019/3019 2600/2600
f 2468/2468 3021/3021 3022/3022
f 3023/3023 3021/3021 2468/2468
f 2223/2223 2396/2396 2221/2221
f 2736/2736 2486/2486 2394/2394
f 3024/3024 3025/3025 3026/3026
f 3027/3027 3028/3028 3029/3029
f 2738/2738 2740/2740 3030/3030
f 2801/2801 2803/2803 3031/3031
f 3032/3032 3033/3033 3034/3034
f 3033/3033 2702/2702 2699/2699
f 2652/2652 2648/2648 2647/2647
f 2047/2047 2046/2046 2385/2385
f 2663/2663 3035/3035 2664/2664
f 2386/2386 3036/3036 2387/2387
f 3037/3037 3038/3038 3039/3039
f 2200/2200 2079/2079 3040/3040
f 2523/2523 3041/3041 2524/2524
f 2179/2179 2258/2258 2582/2582
f 3042/3042 3043/3043 3044/3044
f 3022/3022 3021/3021 3045/3045
f 2510/2510 2770/2770 2511/2511
f 2448/2448 2028/2028 2513/2513
f 3046/3046 2226/2226 2804/2804
f 2769/2769 2768/2768 2510/2510
f 2449/2449 2451/2451 3047/3047
f 3048/3048 3049/3049 2543/2543
f 1997/1997 1996/1996 2045/2045
f 2395/2395 2650/2650 2733/2733
f 2076/2076 2817/2817 2819/2819
f 3033/3033 2699/2699 3050/3050
f 2775/2775 3051/3051 3052/3052
f 2924/2924 2771/2771 2170/2170
f 3053/3053 3054/3054 3055/3055
f 3056/3056 2995/2995 2997/2997
f 3057/3057 2860/2860 3058/3058
f 3059/3059 3057/3057 3058/3058
f 2711/2711 3060/3060 2614/2614
f 2576/2576 2575/2575 2160/2160
f 3061/3061 2639/2639 2660/2660
f 3062/3062 2676/2676 3063/3063
f 3064/3064 2805/2805 2528/2528
f 2147/2147 3065/3065 2148/2148
f 2651/2651 2648/2648 2652/2652
f 2198/2198 2366/2366 2384/2384
f 3066/3066 2508/2508 2263/2263
f 3067/3067 3068/3068 3069/3069
f 2509/2509 2264/2264 2263/2263
f 2505/2505 2507/2507 3070/3070
f 2183/2183 2317/2317 2670/2670
f 2669/2669 2687/2687 3071/3071
f 3072/3072 3073/3073 2969/2969
f 2823/2823 3074/3074 2357/2357
f 2816/2816 3075/3075 3076/3076
f 2107/2107 3075/3075 2816/2816
f 3077/3077 3078/3078 3079/3079
f 2913/2913 2915/2915 3080/3080
f 2424/2424 2426/2426 3081/3081
f 2949/2949 3081/3081 2950/2950
f 3082/3082 2747/2747 2749/2749
f 3083/3083 2455/2455 3084/3084
f 2864/2864 2921/2921 2920/2920
f 2060/2060 2435/2435 2061/2061
f 2511/2511 3085/3085 2646/2646
f 3086/3086 2551/2551 2550/2550
f 2741/2741 2738/2738 2742/2742
f 2351/2351 2353/2353 2131/2131
f 3087/3087 3088/3088 2882/2882
f 3087/3087 3089/3089 3088/3088
f 2404/2404 3090/3090 2405/2405
f 2623/2623 2625/2625 2705/2705
f 2789/2789 3091/3091 3092/3092
f 3091/3091 2474/2474 2796/2796
f 3078/3078 3093/3093 3079/3079
f 3093/3093 3094/3094 3095/3095
f 3096/3096 3097/3097 3098/3098
f 3097/3097 2979/2979 2978/2978
f 3099/3099 2240/2240 2734/2734
f 3100/3100 2827/2827 3101/3101
f 2899/2899 2229/2229 2525/2525
f 2306/2306 3102/3102 2307/2307
f 3103/3103 3104/3104 3105/3105
f 3106/3106 3104/3104 3103/3103
f 3107/3107 3108/3108 3109/3109
f 2707/2707 2057/2057 2059/2059
f 3037/3037 3039/3039 3110/3110
f 3111/3111 2778/2778 2780/2780
f 2172/2172 2174/2174 2337/2337
f 3112/3112 2532/2532 2534/2534
f 2478/2478 2480/2480 2063/2063
f 3113/3113 3114/3114 2467/2467
f 3115/3115 3053/3053 3055/3055
f 3051/3051 3116/3116 3052/3052
f 3117/3117 3118/3118 2890/2890
f 2890/2890 2660/2660 2888/2888
f 2225/2225 2197/2197 2196/2196
f 2912/2912 2911/2911 2907/2907
f 2321/2321 2622/2622 2322/2322
f 2322/2322 3100/3100 3101/3101
f 3119/3119 3120/3120 3121/3121
f 3122/3122 3123/3123 3124/3124
f 3125/3125 3126/3126 3127/3127
f 3128/3128 3129/3129 3130/3130
f 3131/3131 2688/2688 2690/2690
f 2377/2377 2000/2000 2378/2378
f 2764/2764 3132/3132 2765/2765
f 2765/2765 3132/3132 3133/3133
f 3134/3134 3135/3135 3136/3136
f 2561/2561 2563/2563 3137/3137
f 2691/2691 2693/2693 3138/3138
f 3139/3139 2695/2695 2694/2694
f 3067/3067 3140/3140 3068/3068
f 3141/3141 3142/3142 2604/2604
f 2918/2918 2919/2919 3143/3143
f 3143/3143 3144/3144 3145/3145
f 2255/2255 2257/2257 2262/2262
f 2492/2492 3146/3146 2572/2572
f 3026/3026 3025/3025 3147/3147
f 2820/2820 2822/2822 3148/3148
f 2500/2500 2496/2496 2495/2495
f 2207/2207 2269/2269 2208/2208
f 2173/2173 2206/2206 2174/2174
f 2579/2579 3149/3149 2515/2515
f 2781/2781 3150/3150 2782/2782
f 3005/3005 3151/3151 3006/3006
f 2725/2725 3152/3152 2812/2812
f 2089/2089 3153/3153 3154/3154
f 3042/3042 3044/3044 3155/3155
f 3155/3155 2901/2901 3042/3042
f 3156/3156 3157/3157 3158/3158
f 3158/3158 3157/3157 2697/2697
f 3159/3159 2866/2866 2479/2479
f 2654/2654 2479/2479 2478/2478
f 2731/2731 2727/2727 2732/2732
f 2166/2166 3160/3160 2086/2086
f 3161/3161 3162/3162 3163/3163
f 3164/3164 3076/3076 3165/3165
f 3166/3166 3167/3167 3168/3168
f 2801/2801 3169/3169 2802/2802
f 3170/3170 2807/2807 2806/2806
f 2876/2876 3170/3170 2806/2806
f 3171/3171 2199/2199 2201/2201
f 2909/2909 2398/2398 2948/2948
f 3137/3137 3172/3172 2219/2219
f 3173/3173 2672/2672 3174/3174
f 2634/2634 2935/2935 3175/3175
f 2885/2885 2410/2410 2247/2247
f 3176/3176 2330/2330 3177/3177
f 2331/2331 2330/2330 3176/3176
f 2126/2126 2931/2931 2127/2127
f 2953/2953 3178/3178 2954/2954
f 2567/2567 3179/3179 2673/2673
f 3179/3179 3180/3180 3181/3181
f 2684/2684 2686/2686 3182/3182
f 3050/3050 2684/2684 3182/3182
f 2774/2774 2776/2776 3183/3183
f 2458/2458 2797/2797 3184/3184
f 2516/2516 2494/2494 2493/2493
f 2518/2518 3185/3185 2519/2519
f 2556/2556 3186/3186 2557/2557
f 2595/2595 2850/2850 2594/2594
f 3086/3086 3187/3187 2551/2551
f 3188/3188 3189/3189 2553/2553
f 2497/2497 2427/2427 2568/2568
f 2270/2270 2295/2295 2271/2271
f 3190/3190 2452/2452 3191/3191
f 3192/3192 3193/3193 3194/3194
f 2844/2844 3195/3195 2488/2488
f 2349/2349 2137/2137 2139/2139
f 2151/2151 2098/2098 2100/2100
f 3008/3008 3005/3005 3004/3004
f 2910/2910 3145/3145 2911/2911
f 3143/3143 3145/3145 2910/2910
f 2542/2542 3049/3049 3196/3196
f 2869/2869 2293/2293 3197/3197
f 2104/2104 2566/2566 2105/2105
f 2596/2596 3198/3198 3199/3199
f 3200/3200 3201/3201 3202/3202
f 3202/3202 2331/2331 3176/3176
f 2602/2602 2601/2601 3203/3203
f 2625/2625 2624/2624 3108/3108
f 2074/2074 2631/2631 2788/2788
f 3204/3204 2628/2628 2630/2630
f 2227/2227 2285/2285 2228/2228
f 2512/2512 2646/2646 2645/2645
f 3032/3032 2702/2702 3033/3033
f 2880/2880 2854/2854 2856/2856
f 3205/3205 2893/2893 2892/2892
f 2553/2553 3189/3189 2554/2554
f 2206/2206 2260/2260 3206/3206
f 2260/2260 2261/2261 3206/3206
f 2676/2676 3062/3062 2677/2677
f 2439/2439 2847/2847 2244/2244
f 3160/3160 3207/3207 2728/2728
f 2725/2725 3208/3208 3152/3152
f 3209/3209 2855/2855 2854/2854
f 2882/2882 3088/3088 3210/3210
f 2958/2958 2965/2965 2959/2959
f 3211/3211 2755/2755 2757/2757
f 2526/2526 3096/3096 3098/3098
f 2230/2230 2804/2804 2231/2231
f 3212/3212 2433/2433 2432/2432
f 2934/2934 3212/3212 2748/2748
f 2154/2154 2974/2974 3213/3213
f 2422/2422 3214/3214 2621/2621
f 2638/2638 2114/2114 2365/2365
f 2536/2536 2538/2538 2537/2537
f 2201/2201 2200/2200 3040/3040
f 2824/2824 2078/2078 2649/2649
f 2317/2317 2183/2183 2182/2182
f 2852/2852 2594/2594 2851/2851
f 2488/2488 3215/3215 2489/2489
f 2485/2485 3216/3216 2486/2486
f 2807/2807 2730/2730 2809/2809
f 2204/2204 2087/2087 2444/2444
f 2530/2530 2548/2548 2546/2546
f 2976/2976 2356/2356 3217/3217
f 2619/2619 2616/2616 2617/2617
f 2039/2039 2146/2146 2040/2040
f 3181/3181 3218/3218 2930/2930
f 3219/3219 2403/2403 2326/2326
f 2397/2397 2650/2650 2395/2395
f 2224/2224 2196/2196 2397/2397
f 3220/3220 2507/2507 3221/3221
f 3221/3221 3222/3222 3223/3223
f 2932/2932 3224/3224 3225/3225
f 2422/2422 3225/3225 3214/3214
f 2030/2030 2448/2448 2031/2031
f 2730/2730 2732/2732 2809/2809
f 2686/2686 2685/2685 2917/2917
f 2373/2373 2104/2104 2272/2272
f 3226/3226 2887/2887 2333/2333
f 3227/3227 2889/2889 2888/2888
f 2586/2586 2587/2587 2144/2144
f 2115/2115 2117/2117 2371/2371
f 2426/2426 2932/2932 2421/2421
f 2167/2167 2164/2164 2165/2165
f 3228/3228 3229/3229 3230/3230
f 3229/3229 3231/3231 3230/3230
f 2539/2539 3232/3232 2711/2711
f 2540/2540 2539/2539 2399/2399
f 2442/2442 2344/2344 3233/3233
f 3234/3234 3235/3235 2981/2981
f 2055/2055 2574/2574 2710/2710
f 3029/3029 3024/3024 3026/3026
f 2496/2496 2427/2427 2497/2497
f 2816/2816 3076/3076 3164/3164
f 3236/3236 3038/3038 3037/3037
f 2948/2948 2400/2400 3236/3236
f 2075/2075 2077/2077 2521/2521
f 2664/2664 2666/2666 2498/2498
f 3237/3237 3238/3238 3239/3239
f 3240/3240 3238/3238 3237/3237
f 2999/2999 3241/3241 3000/3000
f 3000/3000 3241/3241 3156/3156
f 3242/3242 3243/3243 3094/3094
f 3093/3093 3242/3242 3094/3094
f 3244/3244 2379/2379 2381/2381
f 2997/2997 2996/2996 2998/2998
f 2763/2763 3245/3245 3246/3246
f 3247/3247 2994/2994 2023/2023
f 2867/2867 3248/3248 3249/3249
f 3250/3250 2865/2865 2923/2923
f 2432/2432 2434/2434 2457/2457
f 3251/3251 2720/2720 3252/3252
f 3253/3253 2958/2958 2960/2960
f 3254/3254 3253/3253 2960/2960
f 3255/3255 3256/3256 3257/3257
f 3243/3243 3255/3255 3257/3257
f 3258/3258 3015/3015 3014/3014
f 3259/3259 3258/3258 3014/3014
f 3241/3241 3260/3260 3156/3156
f 3156/3156 3260/3260 3157/3157
f 2416/2416 2415/2415 2841/2841
f 3261/3261 2986/2986 3262/3262
f 3263/3263 3264/3264 3265/3265
f 3266/3266 3263/3263 3265/3265
f 2060/2060 2810/2810 2811/2811
f 2466/2466 2501/2501 2502/2502
f 2814/2814 3154/3154 3001/3001
f 3152/3152 3154/3154 2814/2814
f 2949/2949 2424/2424 3081/3081
f 2490/2490 2492/2492 2571/2571
f 3240/3240 2922/2922 3238/3238
f 2920/2920 2922/2922 3240/3240
f 2899/2899 2525/2525 2900/2900
f 2618/2618 2504/2504 2616/2616
f 3267/3267 2945/2945 2944/2944
f 2672/2672 3268/3268 3269/3269
f 2144/2144 2587/2587 2535/2535
f 2911/2911 2908/2908 2907/2907
f 2596/2596 2598/2598 3198/3198
f 2598/2598 3270/3270 3198/3198
f 3091/3091 3271/3271 3092/3092
f 2141/2141 2588/2588 2142/2142
f 3272/3272 3273/3273 3274/3274
f 2735/2735 3177/3177 2716/2716
f 2684/2684 2701/2701 2685/2685
f 3275/3275 2682/2682 2681/2681
f 3146/3146 3276/3276 2572/2572
f 2425/2425 3224/3224 2932/2932
f 2024/2024 2991/2991 2993/2993
f 2024/2024 2993/2993 2477/2477
f 2704/2704 3107/3107 2904/2904
f 2904/2904 3107/3107 3277/3277
f 2523/2523 2665/2665 3041/3041
f 2665/2665 3278/3278 3041/3041
f 3279/3279 3280/3280 3281/3281
f 3282/3282 3279/3279 3283/3283
f 2274/2274 2520/2520 2275/2275
f 3036/3036 3035/3035 2663/2663
f 2754/2754 2131/2131 2133/2133
f 3088/3088 3089/3089 3284/3284
f 2636/2636 2892/2892 2894/2894
f 2109/2109 2188/2188 2187/2187
f 2052/2052 3285/3285 2053/2053
f 2979/2979 2976/2976 3217/3217
f 3286/3286 3287/3287 3288/3288
f 3288/3288 3287/3287 3289/3289
f 2345/2345 2347/2347 2607/2607
f 2660/2660 2641/2641 2888/2888
f 2694/2694 2914/2914 2913/2913
f 2696/2696 3168/3168 2694/2694
f 3286/3286 3239/3239 3287/3287
f 3237/3237 3239/3239 3286/3286
f 3257/3257 3256/3256 3259/3259
f 3256/3256 3258/3258 3259/3259
f 3098/3098 3097/3097 2978/2978
f 2805/2805 2529/2529 2528/2528
f 3290/3290 3291/3291 3292/3292
f 2847/2847 2846/2846 3293/3293
f 2675/2675 2677/2677 2849/2849
f 2839/2839 2157/2157 2680/2680
f 2183/2183 2375/2375 2181/2181
f 2670/2670 3071/3071 2183/2183
f 2388/2388 2387/2387 2522/2522
f 2916/2916 3294/3294 2178/2178
f 2092/2092 3295/3295 2093/2093
f 2581/2581 2579/2579 2514/2514
f 3229/3229 3266/3266 3231/3231
f 3266/3266 3265/3265 3231/3231
f 2741/2741 2743/2743 3296/3296
f 3297/3297 2837/2837 3298/3298
f 2774/2774 3299/3299 2775/2775
f 3299/3299 3300/3300 2775/2775
f 3242/3242 3301/3301 3243/3243
f 3301/3301 3255/3255 3243/3243
f 3302/3302 3303/3303 3304/3304
f 2940/2940 3305/3305 2941/2941
f 2909/2909 2947/2947 2398/2398
f 2537/2537 2538/2538 2540/2540
f 3306/3306 3307/3307 3235/3235
f 2346/2346 2392/2392 2101/2101
f 3308/3308 3309/3309 3310/3310
f 3311/3311 3312/3312 3313/3313
f 2643/2643 3314/3314 2644/2644
f 3063/3063 3314/3314 2643/2643
f 3290/3290 3315/3315 3291/3291
f 3316/3316 2840/2840 2842/2842
f 3078/3078 3317/3317 3318/3318
f 3078/3078 3318/3318 3093/3093
f 2971/2971 3319/3319 2928/2928
f 3073/3073 3320/3320 2969/2969
f 3252/3252 2720/2720 2943/2943
f 3321/3321 2543/2543 2542/2542
f 2530/2530 2546/2546 2545/2545
f 2150/2150 3125/3125 2151/2151
f 2966/2966 2989/2989 2459/2459
f 2987/2987 2709/2709 2339/2339
f 2071/2071 2266/2266 2268/2268
f 2428/2428 3322/3322 2606/2606
f 3323/3323 3324/3324 2172/2172
f 3325/3325 3326/3326 3184/3184
f 3030/3030 2801/2801 3031/3031
f 2742/2742 3327/3327 2743/2743
f 3328/3328 3329/3329 3020/3020
f 3020/3020 3329/3329 3019/3019
f 3330/3330 2877/2877 2878/2878
f 2962/2962 2876/2876 2755/2755
f 3021/3021 3023/3023 3331/3331
f 2709/2709 2194/2194 2193/2193
f 2328/2328 2302/2302 2304/2304
f 2601/2601 2861/2861 3121/3121
f 3166/3166 3332/3332 2803/2803
f 2389/2389 2072/2072 2390/2390
f 2566/2566 3199/3199 2105/2105
f 3162/3162 3333/3333 3163/3163
f 2933/2933 2153/2153 2152/2152
f 3276/3276 2933/2933 2152/2152
f 3334/3334 2321/2321 2323/2323
f 2421/2421 2423/2423 3334/3334
f 2394/2394 2396/2396 2397/2397
f 2221/2221 2396/2396 2394/2394
f 2727/2727 3160/3160 2728/2728
f 2086/2086 3160/3160 2727/2727
f 3265/3265 3264/3264 3027/3027
f 3264/3264 3028/3028 3027/3027
f 3289/3289 3007/3007 3009/3009
f 3287/3287 3007/3007 3289/3289
f 2991/2991 3228/3228 2992/2992
f 3228/3228 3230/3230 2992/2992
f 2454/2454 2453/2453 3335/3335
f 3059/3059 3058/3058 3336/3336
f 3337/3337 2662/2662 2918/2918
f 3104/3104 3338/3338 3105/3105
f 1997/1997 2045/2045 2374/2374
f 2703/2703 2700/2700 2699/2699
f 3030/3030 2740/2740 3339/3339
f 2130/2130 3036/3036 2386/2386
f 2728/2728 3207/3207 3208/3208
f 2165/2165 2088/2088 2090/2090
f 3340/3340 2004/2004 2006/2006
f 2729/2729 2728/2728 2724/2724
f 2568/2568 2429/2429 3341/3341
f 2567/2567 3180/3180 3179/3179
f 2630/2630 2629/2629 3342/3342
f 3343/3343 3104/3104 2838/2838
f 3344/3344 3345/3345 2926/2926
f 2608/2608 3346/3346 2891/2891
f 3194/3194 3190/3190 3191/3191
f 2123/2123 2329/2329 2124/2124
f 3347/3347 2125/2125 2210/2210
f 3258/3258 3347/3347 3015/3015
f 2027/2027 2288/2288 2290/2290
f 3085/3085 3086/3086 2550/2550
f 2190/2190 2786/2786 2099/2099
f 3006/3006 3151/3151 3150/3150
f 2534/2534 3348/3348 3112/3112
f 3056/3056 3244/3244 3348/3348
f 2338/2338 2337/2337 3349/3349
f 2579/2579 3349/3349 3149/3149
f 2038/2038 2445/2445 2447/2447
f 2316/2316 2667/2667 2670/2670
f 2505/2505 3220/3220 3174/3174
f 2672/2672 2505/2505 3174/3174
f 3148/3148 2822/2822 2232/2232
f 2942/2942 2939/2939 2793/2793
f 2256/2256 2569/2569 2257/2257
f 3158/3158 2697/2697 2252/2252
f 3025/3025 3148/3148 3147/3147
f 2575/2575 2158/2158 2160/2160
f 3117/3117 2890/2890 3350/3350
f 3351/3351 3117/3117 3350/3350
f 2377/2377 1998/1998 2000/2000
f 2806/2806 2808/2808 2758/2758
f 2786/2786 2785/2785 2782/2782
f 2840/2840 2416/2416 2841/2841
f 2966/2966 3352/3352 2967/2967
f 2580/2580 2336/2336 2338/2338
f 3353/3353 2642/2642 2644/2644
f 2101/2101 2392/2392 2102/2102
f 2639/2639 3061/3061 3354/3354
f 2319/2319 2973/2973 2320/2320
f 2362/2362 3355/3355 2341/2341
f 2460/2460 2798/2798 3325/3325
f 2527/2527 2805/2805 3064/3064
f 2617/2617 2527/2527 3064/3064
f 2737/2737 2021/2021 2020/2020
f 2736/2736 2394/2394 2393/2393
f 3356/3356 2733/2733 3357/3357
f 3358/3358 2733/2733 3356/3356
f 3359/3359 2935/2935 2633/2633
f 3205/3205 2897/2897 2893/2893
f 2697/2697 2873/2873 2253/2253
f 2698/2698 2311/2311 2035/2035
f 3278/3278 2500/2500 2495/2495
f 2498/2498 2500/2500 3278/3278
f 2880/2880 2856/2856 3032/3032
f 3360/3360 3032/3032 3034/3034
f 2674/2674 2017/2017 2015/2015
f 3016/3016 3017/3017 2952/2952
f 2549/2549 2551/2551 2753/2753
f 2286/2286 2354/2354 2287/2287
f 2012/2012 2011/2011 2744/2744
f 2566/2566 2565/2565 2829/2829
f 2996/2996 2999/2999 2998/2998
f 2003/2003 2438/2438 2382/2382
f 2516/2516 2515/2515 2494/2494
f 2515/2515 3149/3149 3206/3206
f 3361/3361 2096/2096 2095/2095
f 3362/3362 2988/2988 3363/3363
f 2331/2331 3201/3201 3364/3364
f 3201/3201 2331/2331 3202/3202
f 2589/2589 3145/3145 3144/3144
f 2662/2662 2142/2142 2919/2919
f 2176/2176 2367/2367 2177/2177
f 2994/2994 2991/2991 2024/2024
f 2531/2531 2120/2120 3365/3365
f 2923/2923 2864/2864 2920/2920
f 2061/2061 2435/2435 2921/2921
f 2921/2921 2435/2435 2437/2437
f 2302/2302 2863/2863 2303/2303
f 3366/3366 2453/2453 2957/2957
f 3367/3367 3203/3203 3368/3368
f 2123/2123 2327/2327 2329/2329
f 2790/2790 3369/3369 2791/2791
f 3192/3192 3194/3194 3370/3370
f 3371/3371 3372/3372 3312/3312
f 3312/3312 3372/3372 3313/3313
f 3298/3298 2837/2837 2838/2838
f 3106/3106 2838/2838 3104/3104
f 2311/2311 2007/2007 2035/2035
f 3009/3009 3008/3008 3004/3004
f 3028/3028 3024/3024 3029/3029
f 2015/2015 2017/2017 2019/2019
f 2651/2651 3373/3373 2648/2648
f 3373/3373 2824/2824 2648/2648
f 2011/2011 2745/2745 2744/2744
f 3084/3084 2455/2455 3082/3082
f 3374/3374 2141/2141 2402/2402
f 2788/2788 2787/2787 2629/2629
f 3357/3357 2652/2652 2647/2647
f 2733/2733 2652/2652 3357/3357
f 2992/2992 3230/3230 3375/3375
f 3230/3230 3231/3231 3375/3375
f 2699/2699 2701/2701 2684/2684
f 2699/2699 2684/2684 3050/3050
f 3376/3376 3293/3293 3377/3377
f 3378/3378 3376/3376 3377/3377
f 2770/2770 3379/3379 2511/2511
f 3379/3379 3085/3085 2511/2511
f 2299/2299 2301/2301 2778/2778
f 3038/3038 2615/2615 3039/3039
f 2465/2465 3043/3043 2501/2501
f 2468/2468 3022/3022 2469/2469
f 3214/3214 3213/3213 3380/3380
f 3380/3380 3213/3213 2318/2318
f 2184/2184 2690/2690 2769/2769
f 2668/2668 2690/2690 2184/2184
f 3219/3219 2326/2326 3090/3090
f 3381/3381 2627/2627 2602/2602
f 2711/2711 3232/3232 3060/3060
f 2574/2574 2576/2576 2710/2710
f 2486/2486 2221/2221 2394/2394
f 2486/2486 3216/3216 2221/2221
f 3306/3306 3382/3382 3307/3307
f 3307/3307 3382/3382 2927/2927
f 2690/2690 2689/2689 2768/2768
f 2689/2689 3383/3383 2768/2768
f 2215/2215 2721/2721 2216/2216
f 2780/2780 3057/3057 3059/3059
f 3238/3238 3384/3384 3385/3385
f 2922/2922 3384/3384 3238/3238
f 2778/2778 2301/2301 2779/2779
f 2792/2792 2860/2860 3057/3057
f 2455/2455 2080/2080 2747/2747
f 2455/2455 2747/2747 3082/3082
f 2506/2506 3222/3222 2507/2507
f 2507/2507 3222/3222 3221/3221
f 2864/2864 2061/2061 2921/2921
f 2061/2061 2864/2864 2121/2121
f 3043/3043 3042/3042 2501/2501
f 3042/3042 2901/2901 2503/2503
f 2126/2126 3181/3181 2930/2930
f 3179/3179 3181/3181 2126/2126
f 2990/2990 2966/2966 2968/2968
f 2989/2989 2966/2966 2990/2990
f 3128/3128 2858/2858 3129/3129
f 2442/2442 3233/3233 3386/3386
f 2545/2545 2547/2547 3126/3126
f 3128/3128 2358/2358 2858/2858
f 2928/2928 3344/3344 2926/2926
f 3319/3319 3344/3344 2928/2928
f 2790/2790 3387/3387 3369/3369
f 2401/2401 3388/3388 2300/2300
f 3358/3358 2395/2395 2733/2733
f 2393/2393 2395/2395 3358/3358
f 2807/2807 2444/2444 2730/2730
f 3170/3170 2444/2444 2807/2807
f 3131/3131 2690/2690 2668/2668
f 2667/2667 3131/3131 2668/2668
f 3239/3239 3389/3389 3287/3287
f 3287/3287 3389/3389 3007/3007
f 3375/3375 3231/3231 3390/3390
f 3231/3231 3265/3265 3390/3390
f 2670/2670 2669/2669 3071/3071
f 2670/2670 2667/2667 2669/2669
f 3380/3380 2318/2318 3100/3100
f 3100/3100 2657/2657 2827/2827
f 3239/3239 3385/3385 3389/3389
f 3238/3238 3385/3385 3239/3239
f 3083/3083 2649/2649 2455/2455
f 2647/2647 2649/2649 3083/3083
f 3335/3335 2453/2453 3391/3391
f 3366/3366 3391/3391 2453/2453
f 2730/2730 2087/2087 2731/2731
f 2444/2444 2087/2087 2730/2730
f 2665/2665 2498/2498 3278/3278
f 2664/2664 2498/2498 2665/2665
f 2604/2604 3392/3392 2605/2605
f 3067/3067 3069/3069 3392/3392
f 2917/2917 2566/2566 2104/2104
f 2373/2373 2917/2917 2104/2104
f 2768/2768 3383/3383 2770/2770
f 3383/3383 3379/3379 2770/2770
f 3055/3055 3054/3054 3056/3056
f 2534/2534 3056/3056 3348/3348
f 2606/2606 3322/3322 3141/3141
f 2603/2603 3141/3141 2604/2604
f 2467/2467 3393/3393 3113/3113
f 3113/3113 3393/3393 3355/3355
f 3164/3164 3165/3165 2428/2428
f 2428/2428 3165/3165 3322/3322
f 2942/2942 2941/2941 2939/2939
f 3011/3011 3281/3281 3012/3012
f 3072/3072 2969/2969 2342/2342
f 2358/2358 2357/2357 2857/2857
f 2929/2929 3218/3218 3181/3181
f 2605/2605 3392/3392 2403/2403
f 2965/2965 2963/2963 3211/3211
f 2560/2560 2963/2963 2965/2965
f 2883/2883 2882/2882 3394/3394
f 2882/2882 3210/3210 3394/3394
f 3244/3244 2997/2997 2379/2379
f 3056/3056 2997/2997 3244/3244
f 2310/2310 2309/2309 3008/3008
f 3008/3008 2309/2309 3005/3005
f 2466/2466 3395/3395 2464/2464
f 2656/2656 2653/2653 2467/2467
f 2080/2080 2934/2934 2747/2747
f 2079/2079 2612/2612 2080/2080
f 3093/3093 3396/3396 3242/3242
f 3396/3396 3397/3397 3242/3242
f 2731/2731 2086/2086 2727/2727
f 2087/2087 2086/2086 2731/2731
f 2686/2686 2917/2917 2373/2373
f 3182/3182 2686/2686 2373/2373
f 2533/2533 3115/3115 3055/3055
f 2775/2775 3052/3052 2776/2776
f 2155/2155 2157/2157 2839/2839
f 3261/3261 2983/2983 2986/2986
f 3318/3318 3398/3398 3093/3093
f 3093/3093 3398/3398 3396/3396
f 2964/2964 2965/2965 2958/2958
f 3253/3253 2964/2964 2958/2958
f 2493/2493 2950/2950 3399/3399
f 2516/2516 2493/2493 3399/3399
f 3236/3236 2400/2400 3038/3038
f 2613/2613 2615/2615 3038/3038
f 2977/2977 2823/2823 2356/2356
f 2354/2354 3400/3400 2355/2355
f 3390/3390 3265/3265 2903/2903
f 3265/3265 2054/2054 2903/2903
f 3032/3032 2856/2856 2702/2702
f 2856/2856 2853/2853 2702/2702
f 2467/2467 2655/2655 3393/3393
f 2467/2467 2653/2653 2655/2655
f 2460/2460 3325/3325 2797/2797
f 2797/2797 3325/3325 3184/3184
f 3054/3054 2995/2995 3056/3056
f 3401/3401 2002/2002 2001/2001
f 2611/2611 2161/2161 2163/2163
f 3110/3110 3039/3039 3111/3111
f 3166/3166 2803/2803 2802/2802
f 2802/2802 3167/3167 3166/3166
f 3397/3397 3255/3255 3301/3301
f 3242/3242 3397/3397 3301/3301
f 2278/2278 2737/2737 2020/2020
f 2855/2855 2853/2853 2856/2856
f 2504/2504 2525/2525 2616/2616
f 2616/2616 2525/2525 2527/2527
f 2145/2145 2144/2144 2911/2911
f 2144/2144 2535/2535 2911/2911
f 2254/2254 2253/2253 3402/3402
f 3402/3402 2875/2875 3403/3403
f 2429/2429 2430/2430 3180/3180
f 2429/2429 3180/3180 3341/3341
f 2756/2756 2806/2806 2758/2758
f 2876/2876 2806/2806 2756/2756
f 3079/3079 3093/3093 3095/3095
f 3404/3404 2583/2583 2585/2585
f 3030/3030 3031/3031 2742/2742
f 2742/2742 2738/2738 3030/3030
f 3021/3021 3331/3331 3405/3405
f 3045/3045 3021/3021 3405/3405
f 2645/2645 2646/2646 2550/2550
f 3085/3085 2550/2550 2646/2646
f 3155/3155 2898/2898 2901/2901
f 2898/2898 2900/2900 2901/2901
f 2588/2588 3271/3271 2370/2370
f 3092/3092 3271/3271 2588/2588
f 2572/2572 3276/3276 3224/3224
f 3276/3276 2152/2152 3224/3224
f 2751/2751 2108/2108 2752/2752
f 2552/2552 2554/2554 2635/2635
f 2426/2426 2421/2421 3406/3406
f 3081/3081 2426/2426 3406/3406
f 3119/3119 3121/3121 2861/2861
f 3407/3407 3119/3119 2861/2861
f 3408/3408 2514/2514 2517/2517
f 2514/2514 2518/2518 2517/2517
f 2110/2110 2109/2109 2187/2187
f 3074/3074 3073/3073 3072/3072
f 3036/3036 2663/2663 2387/2387
f 2663/2663 2665/2665 2523/2523
f 3409/3409 3410/3410 3256/3256
f 3411/3411 3409/3409 3256/3256
f 2037/2037 2445/2445 2038/2038
f 2757/2757 2756/2756 2759/2759
f 2614/2614 3060/3060 3412/3412
f 2401/2401 3412/3412 3388/3388
f 2500/2500 2816/2816 2496/2496
f 2816/2816 3164/3164 2496/2496
f 2913/2913 3080/3080 3139/3139
f 2913/2913 3139/3139 2694/2694
f 2883/2883 3394/3394 2879/2879
f 3413/3413 2578/2578 2273/2273
f 2423/2423 2321/2321 3334/3334
f 2423/2423 2621/2621 2620/2620
f 3411/3411 3256/3256 3255/3255
f 3397/3397 3411/3411 3255/3255
f 2380/2380 3000/3000 3156/3156
f 2379/2379 3000/3000 2380/2380
f 2618/2618 2039/2039 2308/2308
f 2502/2502 2618/2618 2308/2308
f 2143/2143 2370/2370 2371/2371
f 2588/2588 2370/2370 2143/2143
f 2190/2190 2784/2784 2786/2786
f 3126/3126 3130/3130 3127/3127
f 2477/2477 2993/2993 2474/2474
f 2993/2993 2475/2475 2474/2474
f 2726/2726 2812/2812 2813/2813
f 2288/2288 2420/2420 2289/2289
f 2875/2875 2870/2870 3403/3403
f 3403/3403 2439/2439 2243/2243
f 2536/2536 3414/3414 2538/2538
f 2538/2538 3414/3414 3415/3415
f 2466/2466 2502/2502 3416/3416
f 2466/2466 3416/3416 3395/3395
f 2147/2147 2528/2528 3065/3065
f 2528/2528 2530/2530 3065/3065
f 2716/2716 2332/2332 2717/2717
f 3417/3417 3418/3418 2895/2895
f 2539/2539 3415/3415 3232/3232
f 2538/2538 3415/3415 2539/2539
f 2493/2493 2490/2490 2949/2949
f 2949/2949 2490/2490 2571/2571
f 3256/3256 3410/3410 3258/3258
f 3410/3410 3347/3347 3258/3258
f 2545/2545 3126/3126 3125/3125
f 2150/2150 2545/2545 3125/3125
f 3164/3164 2428/2428 2427/2427
f 2496/2496 3164/3164 2427/2427
f 2380/2380 3156/3156 3419/3419
f 3419/3419 3156/3156 3158/3158
f 2216/2216 2721/2721 2723/2723
f 2433/2433 2718/2718 2434/2434
f 2858/2858 3386/3386 3129/3129
f 2859/2859 2414/2414 2416/2416
f 2300/2300 3388/3388 3387/3387
f 2232/2232 2795/2795 2159/2159
f 3381/3381 2602/2602 3367/3367
f 3367/3367 2602/2602 3203/3203
f 2421/2421 3334/3334 3420/3420
f 3406/3406 2421/2421 3420/3420
f 2978/2978 2980/2980 2548/2548
f 2548/2548 3217/3217 2546/2546
f 2968/2968 2967/2967 2767/2767
f 2766/2766 2094/2094 2203/2203
f 2077/2077 2107/2107 2499/2499
f 2499/2499 2107/2107 2816/2816
f 2336/2336 3323/3323 2337/2337
f 2337/2337 3323/3323 2172/2172
f 3195/3195 3421/3421 2488/2488
f 2488/2488 3421/3421 3215/3215
f 2494/2494 3206/3206 2491/2491
f 2515/2515 3206/3206 2494/2494
f 3422/3422 2404/2404 2406/2406
f 2953/2953 3422/3422 3178/3178
f 2919/2919 3144/3144 3143/3143
f 2919/2919 2589/2589 3144/3144
f 2314/2314 2313/2313 2594/2594
f 2852/2852 2314/2314 2594/2594
f 3294/3294 2388/2388 2522/2522
f 2802/2802 3169/3169 3167/3167
f 2739/2739 2128/2128 2130/2130
f 2352/2352 3423/3423 2577/2577
f 2504/2504 2900/2900 2525/2525
f 2503/2503 2900/2900 2504/2504
f 2589/2589 2145/2145 3145/3145
f 2145/2145 2911/2911 3145/3145
f 2129/2129 3036/3036 2130/2130
f 3036/3036 2129/2129 3035/3035
f 2581/2581 2514/2514 3408/3408
f 2581/2581 3408/3408 2767/2767
f 2425/2425 2572/2572 3224/3224
f 2571/2571 2572/2572 2425/2425
f 2640/2640 2639/2639 2642/2642
f 3424/3424 2640/2640 2642/2642
f 2911/2911 2535/2535 2908/2908
f 2535/2535 2537/2537 2908/2908
f 2526/2526 3098/3098 2805/2805
f 2805/2805 3098/3098 2529/2529
f 2529/2529 2978/2978 2548/2548
f 3098/3098 2978/2978 2529/2529
f 2947/2947 2540/2540 2398/2398
f 2540/2540 2399/2399 2398/2398
f 2424/2424 2571/2571 2425/2425
f 2949/2949 2571/2571 2424/2424
f 3347/3347 2210/2210 3015/3015
f 3015/3015 3017/3017 3016/3016
f 2606/2606 3141/3141 2603/2603
f 2606/2606 2603/2603 2929/2929
f 2559/2559 2961/2961 2560/2560
f 2560/2560 2961/2961 2963/2963
f 2537/2537 2540/2540 2947/2947
f 2908/2908 2537/2537 2947/2947
f 2597/2597 2562/2562 2561/2561
f 2828/2828 2212/2212 2211/2211
f 2566/2566 2596/2596 3199/3199
f 2566/2566 2829/2829 2596/2596
f 2985/2985 3425/3425 3261/3261
f 3234/3234 2981/2981 3425/3425
f 3017/3017 3426/3426 2953/2953
f 3426/3426 3422/3422 2953/2953
f 3329/3329 3407/3407 3019/3019
f 3407/3407 2861/2861 3019/3019
f 2399/2399 2711/2711 2613/2613
f 2539/2539 2711/2711 2399/2399
f 2421/2421 2932/2932 2422/2422
f 2932/2932 3225/3225 2422/2422
f 3427/3427 3354/3354 3061/3061
f 3428/3428 3062/3062 3063/3063
f 3135/3135 2831/2831 3136/3136
f 2561/2561 3137/3137 3270/3270
f 2826/2826 2250/2250 2249/2249
f 3101/3101 2827/2827 3429/3429
f 2889/2889 3430/3430 2890/2890
f 3350/3350 2890/2890 3430/3430
f 3416/3416 2502/2502 2810/2810
f 2502/2502 2308/2308 2810/2810
f 2641/2641 3431/3431 2888/2888
f 3431/3431 3227/3227 2888/2888
f 3281/3281 3280/3280 3012/3012
f 3432/3432 3433/3433 3193/3193
f 3142/3142 3140/3140 3067/3067
f 3136/3136 2831/2831 2833/2833
f 2728/2728 2725/2725 2724/2724
f 2728/2728 3208/3208 2725/2725
f 2927/2927 2970/2970 2928/2928
f 3382/3382 2970/2970 2927/2927
f 2625/2625 3108/3108 3107/3107
f 2704/2704 2625/2625 3107/3107
f 2018/2018 2233/2233 2235/2235
f 2954/2954 3178/3178 2951/2951
f 2875/2875 2874/2874 2871/2871
f 2009/2009 2412/2412 2411/2411
f 2072/2072 2074/2074 2390/2390
f 2074/2074 2788/2788 3204/3204
f 2018/2018 2235/2235 2573/2573
f 3025/3025 2820/2820 3148/3148
f 2009/2009 2008/2008 2412/2412
f 3006/3006 3150/3150 2781/2781
f 2400/2400 2613/2613 3038/3038
f 2399/2399 2613/2613 2400/2400
f 3191/3191 2452/2452 3434/3434
f 2452/2452 2454/2454 3434/3434
f 3435/3435 2623/2623 2705/2705
f 3371/3371 2705/2705 3372/3372
f 2117/2117 2365/2365 2536/2536
f 2536/2536 2365/2365 3414/3414
f 2289/2289 2111/2111 2113/2113
f 3187/3187 3188/3188 2551/2551
f 3436/3436 3078/3078 3077/3077
f 3436/3436 3317/3317 3078/3078
f 2716/2716 2330/2330 2332/2332
f 2330/2330 2716/2716 3177/3177
f 2338/2338 3349/3349 2579/2579
f 2581/2581 2338/2338 2579/2579
f 3051/3051 3300/3300 3116/3116
f 2775/2775 3300/3300 3051/3051
f 2253/2253 2875/2875 3402/3402
f 2253/2253 2873/2873 2875/2875
f 2178/2178 2524/2524 2179/2179
f 2179/2179 2524/2524 2258/2258
f 3437/3437 2675/2675 2849/2849
f 3353/3353 2675/2675 3437/3437
f 2764/2764 3246/3246 3132/3132
f 2763/2763 3246/3246 2764/2764
f 3159/3159 3248/3248 2866/2866
f 2867/2867 2866/2866 3248/3248
f 3104/3104 3342/3342 3338/3338
f 2630/2630 3342/3342 3104/3104
f 3362/3362 2989/2989 2988/2988
f 2989/2989 3362/3362 3438/3438
f 3193/3193 3433/3433 3194/3194
f 3433/3433 3190/3190 3194/3194
f 3041/3041 3278/3278 2207/2207
f 2207/2207 3278/3278 2269/2269
f 2921/2921 2437/2437 2922/2922
f 2922/2922 2437/2437 3384/3384
f 2993/2993 2992/2992 2475/2475
f 2992/2992 3375/3375 2475/2475
f 2258/2258 3041/3041 2207/2207
f 2524/2524 3041/3041 2258/2258
f 2269/2269 2495/2495 2270/2270
f 3278/3278 2495/2495 2269/2269
f 3206/3206 2261/2261 2491/2491
f 2261/2261 2262/2262 2491/2491
f 2491/2491 2262/2262 2492/2492
f 2262/2262 3146/3146 2492/2492
f 2295/2295 2568/2568 3341/3341
f 2270/2270 2568/2568 2295/2295
f 2206/2206 3206/3206 3149/3149
f 2174/2174 2206/2206 3149/3149
f 3224/3224 2152/2152 3225/3225
f 2152/2152 2154/2154 3225/3225
f 2749/2749 2748/2748 2456/2456
f 2828/2828 2746/2746 2212/2212
f 3368/3368 3439/3439 3440/3440
f 3108/3108 3440/3440 3109/3109
f 2430/2430 2929/2929 3181/3181
f 2430/2430 3181/3181 3180/3180
f 3154/3154 2417/2417 3001/3001
f 3153/3153 2417/2417 3154/3154
f 3307/3307 3441/3441 3235/3235
f 3235/3235 2982/2982 2981/2981
f 3065/3065 2530/2530 2150/2150
f 2530/2530 2545/2545 2150/2150
f 2525/2525 2231/2231 2526/2526
f 2231/2231 3096/3096 2526/2526
f 3114/3114 2468/2468 2467/2467
f 3114/3114 3023/3023 2468/2468
f 3087/3087 2881/2881 3089/3089
f 2881/2881 3087/3087 2882/2882
f 2546/2546 3217/3217 2356/2356
f 2546/2546 2356/2356 2547/2547
f 2178/2178 2522/2522 2524/2524
f 3294/3294 2522/2522 2178/2178
f 3204/3204 2630/2630 3343/3343
f 3343/3343 2630/2630 3104/3104
f 2639/2639 3354/3354 2643/2643
f 2639/2639 2643/2643 2642/2642
f 3126/3126 2547/2547 3128/3128
f 3126/3126 3128/3128 3130/3130
f 2974/2974 2972/2972 2319/2319
f 3018/3018 2972/2972 2974/2974
f 2753/2753 2551/2551 2553/2553
f 2551/2551 3188/3188 2553/2553
f 2587/2587 2117/2117 2536/2536
f 2371/2371 2117/2117 2587/2587
f 2617/2617 2147/2147 2146/2146
f 2619/2619 2617/2617 2146/2146
f 2295/2295 3341/3341 2567/2567
f 2567/2567 3341/3341 3180/3180
f 2141/2141 3092/3092 2588/2588
f 3374/3374 3092/3092 2141/2141
f 3359/3359 3442/3442 2935/2935
f 3175/3175 2935/2935 3442/3442
f 2516/2516 3399/3399 2518/2518
f 2514/2514 2516/2516 2518/2518
f 2785/2785 2416/2416 2840/2840
f 2859/2859 2416/2416 2785/2785
f 3035/3035 2521/2521 2664/2664
f 2664/2664 2521/2521 2666/2666
f 2501/2501 2503/2503 2502/2502
f 2501/2501 3042/3042 2503/2503
f 2142/2142 2588/2588 2589/2589
f 2142/2142 2589/2589 2919/2919
f 2387/2387 2523/2523 2522/2522
f 2387/2387 2663/2663 2523/2523
f 2822/2822 2793/2793 2232/2232
f 2232/2232 2793/2793 2795/2795
f 2614/2614 3412/3412 2401/2401
f 2614/2614 2401/2401 2615/2615
f 2979/2979 3217/3217 2980/2980
f 2548/2548 2980/2980 3217/3217
f 2930/2930 3218/3218 3219/3219
f 2930/2930 2404/2404 2931/2931
f 2458/2458 3184/3184 3352/3352
f 2966/2966 2458/2458 3352/3352
f 2618/2618 2619/2619 2039/2039
f 2619/2619 2146/2146 2039/2039
f 3055/3055 3056/3056 2534/2534
f 2534/2534 2533/2533 3055/3055
f 3138/3138 3443/3443 2800/2800
f 3332/3332 3444/3444 3445/3445
f 2658/2658 3427/3427 3061/3061
f 2658/2658 3061/3061 3118/3118
f 3265/3265 3027/3027 2054/2054
f 3027/3027 2055/2055 2054/2054
f 3029/3029 2574/2574 2055/2055
f 3027/3027 3029/3029 2055/2055
f 3007/3007 2310/2310 3008/3008
f 3389/3389 2310/2310 3007/3007
f 3446/3446 2627/2627 3447/3447
f 2325/2325 2627/2627 3446/3446
f 2256/2256 2252/2252 2569/2569
f 2569/2569 2252/2252 2254/2254
f 2666/2666 2077/2077 2499/2499
f 2521/2521 2077/2077 2666/2666
f 2748/2748 2432/2432 2456/2456
f 2748/2748 3212/3212 2432/2432
f 3026/3026 2575/2575 2574/2574
f 3029/3029 3026/3026 2574/2574
f 2419/2419 2715/2715 3003/3003
f 2418/2418 2715/2715 2419/2419
f 2154/2154 3213/3213 3214/3214
f 3225/3225 2154/2154 3214/3214
f 2598/2598 2597/2597 2561/2561
f 2598/2598 2561/2561 3270/3270
f 3005/3005 2100/2100 3151/3151
f 2309/2309 2100/2100 3005/3005
f 3435/3435 3447/3447 3381/3381
f 3447/3447 2627/2627 3381/3381
f 2495/2495 2497/2497 2270/2270
f 2270/2270 2497/2497 2568/2568
f 2640/2640 3448/3448 3449/3449
f 3448/3448 2640/2640 3424/3424
f 3062/3062 3377/3377 2677/2677
f 3377/3377 2848/2848 2677/2677
f 3372/3372 2705/2705 2704/2704
f 3372/3372 2704/2704 2905/2905
f 3148/3148 2232/2232 2158/2158
f 3147/3147 3148/3148 2158/2158
f 3172/3172 3268/3268 2672/2672
f 2219/2219 3172/3172 2672/2672
f 3147/3147 2158/2158 2575/2575
f 3026/3026 3147/3147 2575/2575
f 3450/3450 2799/2799 2798/2798
f 3451/3451 3450/3450 2798/2798
f 2099/2099 2786/2786 3150/3150
f 3150/3150 2786/2786 2782/2782
f 2337/2337 2174/2174 3349/3349
f 2174/2174 3149/3149 3349/3349
f 2100/2100 2099/2099 3151/3151
f 3151/3151 2099/2099 3150/3150
f 2505/2505 3070/3070 3220/3220
f 3070/3070 2507/2507 3220/3220
f 3223/3223 2294/2294 2869/2869
f 3123/3123 2066/2066 3124/3124
f 3064/3064 2528/2528 2147/2147
f 2617/2617 3064/3064 2147/2147
f 2276/2276 2363/2363 2277/2277
f 3452/3452 2844/2844 2487/2487
f 3403/3403 2870/2870 2439/2439
f 2439/2439 2845/2845 2847/2847
f 2969/2969 3453/3453 2343/2343
f 2969/2969 3320/3320 3453/3453
f 2091/2091 2050/2050 2887/2887
f 2886/2886 3201/3201 3200/3200
f 3454/3454 2659/2659 3117/3117
f 3351/3351 3454/3454 3117/3117
f 2788/2788 2629/2629 2628/2628
f 3204/3204 2788/2788 2628/2628
f 2782/2782 2785/2785 2840/2840
f 2782/2782 2840/2840 3316/3316
f 2143/2143 2371/2371 2586/2586
f 2586/2586 2371/2371 2587/2587
f 3378/3378 3377/3377 3062/3062
f 3428/3428 3378/3378 3062/3062
f 3437/3437 2849/2849 3455/3455
f 2849/2849 3456/3456 3455/3455
f 2904/2904 3277/3277 3457/3457
f 2904/2904 3457/3457 3458/3458
f 3328/3328 3020/3020 2830/2830
f 2830/2830 3020/3020 2626/2626
f 3030/3030 3339/3339 2801/2801
f 2801/2801 3339/3339 3169/3169
f 3020/3020 2600/2600 2626/2626
f 2626/2626 2600/2600 2602/2602
f 3459/3459 3267/3267 2944/2944
f 2506/2506 3460/3460 3222/3222
f 3422/3422 2406/2406 3178/3178
f 2406/2406 2471/2471 2470/2470
f 2256/2256 3158/3158 2252/2252
f 3419/3419 3158/3158 2256/2256
f 2620/2620 2622/2622 2321/2321
f 2423/2423 2620/2620 2321/2321
f 2822/2822 2942/2942 2793/2793
f 2821/2821 2942/2942 2822/2822
f 3461/3461 3462/3462 2595/2595
f 2595/2595 2937/2937 3461/3461
f 3463/3463 2844/2844 3452/3452
f 3463/3463 2139/2139 2844/2844
f 2621/2621 3214/3214 3380/3380
f 2621/2621 3380/3380 2622/2622
f 2812/2812 3152/3152 2814/2814
f 2812/2812 2814/2814 2813/2813
f 3118/3118 3061/3061 2660/2660
f 3118/3118 2660/2660 2890/2890
f 3015/3015 2210/2210 3017/3017
f 2210/2210 3426/3426 3017/3017
f 3203/3203 3464/3464 3439/3439
f 3368/3368 3203/3203 3439/3439
f 3465/3465 3307/3307 3466/3466
f 3307/3307 3465/3465 3441/3441
f 3189/3189 2892/2892 2554/2554
f 2554/2554 2892/2892 2636/2636
f 3467/3467 3468/3468 2315/2315
f 3462/3462 2850/2850 2595/2595
f 2544/2544 3049/3049 2542/2542
f 2543/2543 3049/3049 2544/2544
f 2963/2963 2962/2962 2755/2755
f 2963/2963 2755/2755 3211/3211
f 2547/2547 2358/2358 3128/3128
f 2547/2547 2356/2356 2358/2358
f 3039/3039 2778/2778 3111/3111
f 3039/3039 2299/2299 2778/2778
f 2604/2604 3142/3142 3067/3067
f 2604/2604 3067/3067 3392/3392
f 2622/2622 3380/3380 3100/3100
f 2622/2622 3100/3100 2322/2322
f 3370/3370 3194/3194 3191/3191
f 3191/3191 3434/3434 3370/3370
f 3283/3283 3279/3279 3281/3281
f 3283/3283 3281/3281 3011/3011
f 2762/2762 3245/3245 2763/2763
f 2762/2762 2763/2763 2975/2975
f 3469/3469 2712/2712 2714/2714
f 2815/2815 3001/3001 3002/3002
f 2379/2379 2998/2998 3000/3000
f 2997/2997 2998/2998 2379/2379
f 2858/2858 2442/2442 3386/3386
f 2858/2858 2857/2857 2442/2442
f 2300/2300 2790/2790 2301/2301
f 2300/2300 3387/3387 2790/2790
f 3189/3189 3205/3205 2892/2892
f 3417/3417 2895/2895 2112/2112
f 2615/2615 2299/2299 3039/3039
f 2615/2615 2401/2401 2299/2299
f 2603/2603 2605/2605 2929/2929
f 2929/2929 2605/2605 3218/3218
f 2760/2760 2175/2175 2761/2761
f 2915/2915 3077/3077 3080/3080
f 2481/2481 2483/2483 2118/2118
f 3052/3052 3116/3116 3053/3053
f 3124/3124 2066/2066 2068/2068
f 3120/3120 2862/2862 3121/3121
f 2607/2607 2891/2891 3227/3227
f 2091/2091 2887/2887 3226/3226
f 2434/2434 2718/2718 2720/2720
f 2434/2434 2720/2720 3251/3251
f 2473/2473 3310/3310 2234/2234
f 2821/2821 2940/2940 2942/2942
f 3470/3470 3361/3361 2095/2095
f 2593/2593 3254/3254 2555/2555
f 2879/2879 3394/3394 2854/2854
f 3394/3394 3209/3209 2854/2854
f 2482/2482 2867/2867 3249/3249
f 2480/2480 2867/2867 2482/2482
f 2695/2695 3138/3138 2800/2800
f 2695/2695 2691/2691 3138/3138
f 2357/2357 3074/3074 3072/3072
f 2357/2357 3072/3072 2857/2857
f 2332/2332 3364/3364 3471/3471
f 2332/2332 2331/2331 3364/3364
f 3210/3210 3209/3209 3394/3394
f 2350/2350 2363/2363 2276/2276
f 2965/2965 3211/3211 2959/2959
f 2556/2556 2202/2202 3186/3186
f 2974/2974 2319/2319 3213/3213
f 3213/3213 2319/2319 2318/2318
f 2440/2440 3315/3315 3290/3290
f 2845/2845 2872/2872 2846/2846
f 2440/2440 2413/2413 3315/3315
f 2783/2783 2782/2782 3316/3316
f 3267/3267 2213/2213 2945/2945
f 2457/2457 2434/2434 3251/3251
f 2779/2779 2792/2792 3057/3057
f 2780/2780 2779/2779 3057/3057
f 3178/3178 2470/2470 2951/2951
f 3178/3178 2406/2406 2470/2470
f 2217/2217 2213/2213 3267/3267
f 2671/2671 3268/3268 3172/3172
f 2846/2846 3472/3472 3293/3293
f 2848/2848 3456/3456 2849/2849
f 2133/2133 2132/2132 2834/2834
f 2348/2348 3284/3284 2137/2137
f 3296/3296 2282/2282 3297/3297
f 2132/2132 2835/2835 2834/2834
f 2385/2385 2647/2647 3083/3083
f 3357/3357 2647/2647 2385/2385
f 3218/3218 2403/2403 3219/3219
f 2605/2605 2403/2403 3218/3218
f 2487/2487 2489/2489 2484/2484
f 3452/3452 2487/2487 3473/3473
f 2870/2870 2872/2872 2845/2845
f 2870/2870 2845/2845 2439/2439
f 2809/2809 2732/2732 3474/3474
f 2732/2732 2729/2729 3474/3474
f 3308/3308 3310/3310 2473/2473
f 2906/2906 2472/2472 3311/3311
f 2374/2374 2047/2047 3275/3275
f 3275/3275 2047/2047 2682/2682
f 1999/1999 3474/3474 2030/2030
f 2000/2000 1999/1999 2030/2030
f 2985/2985 3261/3261 3262/3262
f 2985/2985 3262/3262 2986/2986
f 2182/2182 2851/2851 2317/2317
f 2851/2851 2315/2315 2317/2317
f 2382/2382 2034/2034 3475/3475
f 3475/3475 2034/2034 2082/2082
f 2378/2378 2000/2000 2029/2029
f 2000/2000 2030/2030 2029/2029
f 1993/1993 2297/2297 2043/2043
f 1994/1994 1993/1993 2043/2043
f 2489/2489 3215/3215 3216/3216
f 2364/2364 2661/2661 2222/2222
f 1996/1996 3476/3476 2045/2045
f 2045/2045 3476/3476 2046/2046
f 2905/2905 2904/2904 3458/3458
f 3309/3309 3302/3302 3310/3310
f 3477/3477 2082/2082 2084/2084
f 3475/3475 2082/2082 3477/3477
f 1994/1994 2043/2043 2042/2042
f 2369/2369 1994/1994 2042/2042
f 3478/3478 3479/3479 2032/2032
f 2032/2032 3479/3479 2033/2033
f 2022/2022 1997/1997 2374/2374
f 2021/2021 1997/1997 2022/2022
f 2298/2298 2016/2016 3480/3480
f 2044/2044 2298/2298 3480/3480
f 2446/2446 1998/1998 2377/2377
f 2447/2447 2446/2446 2377/2377
f 2316/2316 2376/2376 2667/2667
f 2376/2376 3131/3131 2667/2667
f 2682/2682 2010/2010 2683/2683
f 2683/2683 2010/2010 2012/2012
f 2063/2063 2480/2480 2064/2064
f 2480/2480 2482/2482 2064/2064
f 3340/3340 2006/2006 2026/2026
f 3474/3474 3340/3340 2026/2026
f 3022/3022 3045/3045 3044/3044
f 2191/2191 3481/3481 2192/2192
f 2994/2994 2367/2367 2991/2991
f 2367/2367 3228/3228 2991/2991
f 2923/2923 2920/2920 3365/3365
f 3365/3365 2920/2920 3240/3240
f 3365/3365 3478/3478 2438/2438
f 2438/2438 3478/3478 2032/2032
f 2459/2459 3451/3451 2460/2460
f 3451/3451 2798/2798 2460/2460
f 3482/3482 2084/2084 2698/2698
f 3477/3477 2084/2084 3482/3482
f 2956/2956 2453/2453 2452/2452
f 3190/3190 2956/2956 2452/2452
f 2584/2584 1992/1992 2368/2368
f 2585/2585 2584/2584 2368/2368
f 3332/3332 3445/3445 2803/2803
f 3031/3031 2803/2803 3445/3445
f 3483/3483 2393/2393 1995/1995
f 1995/1995 2393/2393 3358/3358
f 3484/3484 2674/2674 2014/2014
f 2297/2297 3484/3484 2014/2014
f 3466/3466 3307/3307 2927/2927
f 3466/3466 2927/2927 2926/2926
f 3379/3379 2027/2027 3085/3085
f 2027/2027 3086/3086 3085/3085
f 2886/2886 2247/2247 3201/3201
f 3201/3201 2247/2247 2246/2246
f 2740/2740 2130/2130 2386/2386
f 2739/2739 2130/2130 2740/2740
f 3473/3473 2736/2736 3483/3483
f 3483/3483 2736/2736 2393/2393
f 3088/3088 3284/3284 2348/2348
f 3088/3088 2348/2348 3210/3210
f 2960/2960 2556/2556 2555/2555
f 3254/3254 2960/2960 2555/2555
f 2192/2192 2361/2361 2852/2852
f 2182/2182 2852/2852 2851/2851
f 3468/3468 2376/2376 2316/2316
f 2315/2315 3468/3468 2316/2316
f 2743/2743 2283/2283 2282/2282
f 3296/3296 2743/2743 2282/2282
f 3485/3485 2698/2698 3486/3486
f 3482/3482 2698/2698 3485/3485
f 2641/2641 3449/3449 3431/3431
f 2640/2640 3449/3449 2641/2641
f 3203/3203 2601/2601 3464/3464
f 2601/2601 3121/3121 3464/3464
f 2301/2301 2790/2790 2792/2792
f 2301/2301 2792/2792 2779/2779
f 2857/2857 3072/3072 2342/2342
f 2857/2857 2342/2342 2442/2442
f 2013/2013 3487/3487 2011/2011
f 2011/2011 3487/3487 2745/2745
f 2987/2987 3363/3363 2194/2194
f 2194/2194 3361/3361 2195/2195
f 2417/2417 2419/2419 3001/3001
f 3001/3001 2419/2419 3002/3002
f 3484/3484 3488/3488 2674/2674
f 3488/3488 3489/3489 2674/2674
f 3392/3392 2324/2324 2403/2403
f 3392/3392 3069/3069 2324/2324
f 3471/3471 3418/3418 3417/3417
f 2715/2715 2717/2717 3003/3003
f 2489/2489 3216/3216 2485/2485
f 2489/2489 2485/2485 2484/2484
f 3121/3121 2302/2302 2328/2328
f 3121/3121 2862/2862 2302/2302
f 3105/3105 3338/3338 3337/3337
f 2134/2134 3490/3490 2135/2135
f 3293/3293 3472/3472 2848/2848
f 3377/3377 3293/3293 2848/2848
f 3132/3132 2789/2789 3133/3133
f 2787/2787 3374/3374 2402/2402
f 2656/2656 3395/3395 2653/2653
f 2653/2653 2062/2062 2654/2654
f 3460/3460 2294/2294 3222/3222
f 3222/3222 2294/2294 3223/3223
f 3323/3323 3184/3184 3326/3326
f 3352/3352 3184/3184 3323/3323
f 2967/2967 3352/3352 2336/2336
f 3352/3352 3323/3323 2336/2336
f 2318/2318 2320/2320 2657/2657
f 3100/3100 2318/2318 2657/2657
f 2005/2005 2420/2420 2288/2288
f 2006/2006 2005/2005 2288/2288
f 2012/2012 2744/2744 3491/3491
f 3491/3491 2744/2744 2828/2828
f 2672/2672 3269/3269 2506/2506
f 3269/3269 3460/3460 2506/2506
f 3109/3109 2123/2123 2122/2122
f 3277/3277 2057/2057 2707/2707
f 3492/3492 3401/3401 3054/3054
f 3054/3054 3401/3401 2995/2995
f 3493/3493 3079/3079 3404/3404
f 3079/3079 3095/3095 3404/3404
f 2487/2487 2484/2484 3473/3473
f 3473/3473 2484/2484 2736/2736
f 2563/2563 2671/2671 3172/3172
f 3137/3137 2563/2563 3172/3172
f 2698/2698 2035/2035 3486/3486
f 3486/3486 2035/2035 3494/3494
f 3489/3489 3495/3495 2017/2017
f 2674/2674 3489/3489 2017/2017
f 2156/2156 3353/3353 2157/2157
f 2102/2102 3448/3448 3424/3424
f 2967/2967 2580/2580 2767/2767
f 2967/2967 2336/2336 2580/2580
f 2850/2850 2315/2315 2851/2851
f 2850/2850 3467/3467 2315/2315
f 2202/2202 2036/2036 3186/3186
f 3462/3462 3467/3467 2850/2850
f 3491/3491 2828/2828 3496/3496
f 3496/3496 2828/2828 2211/2211
f 3294/3294 3169/3169 2388/2388
f 3339/3339 2388/2388 3169/3169
f 2471/2471 3371/3371 2472/2472
f 2405/2405 3447/3447 3435/3435
f 3249/3249 3248/3248 2865/2865
f 2121/2121 2865/2865 3248/3248
f 3245/3245 2023/2023 3246/3246
f 3246/3246 2023/2023 2025/2025
f 3495/3495 2233/2233 2018/2018
f 2017/2017 3495/3495 2018/2018
f 2139/2139 2138/2138 3195/3195
f 2139/2139 3195/3195 2844/2844
f 2459/2459 3438/3438 3451/3451
f 2989/2989 3438/3438 2459/2459
f 2289/2289 2113/2113 3497/3497
f 2290/2290 2289/2289 3497/3497
f 2313/2313 2937/2937 2595/2595
f 2312/2312 3498/3498 2313/2313
f 2121/2121 3248/3248 3159/3159
f 2062/2062 2121/2121 3159/3159
f 3132/3132 2025/2025 2789/2789
f 3246/3246 2025/2025 3132/3132
f 2693/2693 2762/2762 2236/2236
f 2693/2693 2760/2760 2762/2762
f 2035/2035 2009/2009 3494/3494
f 3494/3494 2009/2009 2411/2411
f 3245/3245 3247/3247 2023/2023
f 2175/2175 2239/2239 2761/2761
f 3249/3249 2865/2865 3250/3250
f 2118/2118 2483/2483 2119/2119
f 3031/3031 3445/3445 3327/3327
f 2742/2742 3031/3031 3327/3327
f 2320/2320 3427/3427 2658/2658
f 2657/2657 2320/2320 2658/2658
f 3431/3431 2345/2345 2607/2607
f 2607/2607 3227/3227 3431/3431
f 2245/2245 3378/3378 3428/3428
f 2973/2973 3427/3427 2320/2320
f 3339/3339 2386/2386 2388/2388
f 2740/2740 2386/2386 3339/3339
f 2469/2469 3043/3043 2465/2465
f 2656/2656 2469/2469 2465/2465
f 2047/2047 2385/2385 2682/2682
f 2682/2682 2385/2385 2010/2010
f 3342/3342 2402/2402 2140/2140
f 3342/3342 2140/2140 3338/3338
f 3474/3474 2026/2026 2448/2448
f 2030/2030 3474/3474 2448/2448
f 2692/2692 2760/2760 2693/2693
f 2692/2692 3493/3493 2760/2760
f 2773/2773 2772/2772 2481/2481
f 2773/2773 2481/2481 3492/3492
f 2064/2064 2482/2482 2772/2772
f 2772/2772 2482/2482 2481/2481
f 2170/2170 2771/2771 3299/3299
f 2171/2171 2170/2170 2799/2799
f 3069/3069 2830/2830 2324/2324
f 3069/3069 3328/3328 2830/2830
f 3138/3138 2693/2693 2236/2236
f 3138/3138 2236/2236 3443/3443
f 2830/2830 2626/2626 2325/2325
f 2325/2325 2626/2626 2627/2627
f 2905/2905 3458/3458 3309/3309
f 3372/3372 2905/2905 3313/3313
f 3052/3052 3053/3053 3115/3115
f 2776/2776 3052/3052 3115/3115
f 3337/3337 3338/3338 2662/2662
f 3338/3338 2140/2140 2662/2662
f 3496/3496 2211/2211 3499/3499
f 3499/3499 2211/2211 2217/2217
f 3469/3469 2714/2714 2111/2111
f 2420/2420 3469/3469 2111/2111
f 2585/2585 2368/2368 2367/2367
f 2176/2176 2585/2585 2367/2367
f 2002/2002 3365/3365 2438/2438
f 2531/2531 3365/3365 2002/2002
f 2915/2915 3317/3317 3436/3436
f 2915/2915 3436/3436 3077/3077
f 2472/2472 3371/3371 3312/3312
f 2472/2472 3312/3312 3311/3311
f 2915/2915 2914/2914 3317/3317
f 3168/3168 3167/3167 2916/2916
f 3494/3494 2411/2411 3500/3500
f 3500/3500 2411/2411 2440/2440
f 2157/2157 3353/3353 3437/3437
f 2157/2157 3437/3437 2680/2680
f 3444/3444 3501/3501 3445/3445
f 3443/3443 2236/2236 2238/2238
f 3109/3109 3440/3440 2123/2123
f 3440/3440 2327/2327 2123/2123
f 3495/3495 3502/3502 2233/2233
f 3502/3502 2473/2473 2233/2233
f 3080/3080 3077/3077 3493/3493
f 3077/3077 3079/3079 3493/3493
f 3053/3053 3492/3492 3054/3054
f 3116/3116 3492/3492 3053/3053
f 3362/3362 2987/2987 3438/3438
f 2987/2987 3362/3362 3363/3363
f 2003/2003 2382/2382 2999/2999
f 2999/2999 2382/2382 3241/3241
f 2469/2469 3022/3022 3043/3043
f 3043/3043 3022/3022 3044/3044
f 2787/2787 2402/2402 2629/2629
f 2629/2629 2402/2402 3342/3342
f 1993/1993 3259/3259 2297/2297
f 3259/3259 3014/3014 2297/2297
f 1992/1992 3094/3094 3243/3243
f 1992/1992 3243/3243 3257/3257
f 2464/2464 3395/3395 2656/2656
f 2656/2656 2465/2465 2464/2464
f 3503/3503 3450/3450 3451/3451
f 3503/3503 2169/2169 3450/3450
f 2916/2916 3167/3167 3294/3294
f 3167/3167 3169/3169 3294/3294
f 2244/2244 2847/2847 3376/3376
f 2847/2847 3293/3293 3376/3376
f 2244/2244 3378/3378 2245/2245
f 2244/2244 3376/3376 3378/3378
f 2937/2937 2557/2557 3461/3461
f 2557/2557 3186/3186 3461/3461
f 2349/2349 2139/2139 3463/3463
f 2349/2349 3463/3463 2363/2363
f 3323/3323 3326/3326 3324/3324
f 2532/2532 3183/3183 2533/2533
f 2447/2447 2377/2377 2376/2376
f 3468/3468 2447/2447 2376/2376
f 2659/2659 2658/2658 3118/3118
f 2659/2659 3118/3118 3117/3117
f 2392/2392 3448/3448 2102/2102
f 3448/3448 2392/2392 3449/3449
f 3504/3504 3273/3273 3272/3272
f 2418/2418 2735/2735 2715/2715
f 2006/2006 2288/2288 2027/2027
f 2026/2026 2006/2006 2027/2027
f 2688/2688 2031/2031 2689/2689
f 2031/2031 2513/2513 2689/2689
f 3241/3241 3475/3475 3260/3260
f 2382/2382 3475/3475 3241/3241
f 2701/2701 3275/3275 2681/2681
f 2700/2700 3275/3275 2701/2701
f 3356/3356 3357/3357 2046/2046
f 2046/2046 3357/3357 2385/2385
f 2827/2827 2659/2659 3454/3454
f 2827/2827 3454/3454 3429/3429
f 2042/2042 2044/2044 3266/3266
f 2044/2044 3263/3263 3266/3266
f 2326/2326 2325/2325 3446/3446
f 3090/3090 2326/2326 3446/3446
f 2378/2378 2688/2688 3131/3131
f 2376/2376 2378/2378 3131/3131
f 1996/1996 3358/3358 3356/3356
f 1995/1995 3358/3358 1996/1996
f 2809/2809 3474/3474 1999/1999
f 2808/2808 2809/2809 1999/1999
f 2033/2033 3286/3286 3288/3288
f 3479/3479 3286/3286 2033/2033
f 2700/2700 2374/2374 3275/3275
f 2022/2022 2374/2374 2700/2700
f 3090/3090 3447/3447 2405/2405
f 3090/3090 3446/3446 3447/3447
f 1992/1992 3257/3257 1993/1993
f 3257/3257 3259/3259 1993/1993
f 2685/2685 2681/2681 2564/2564
f 2701/2701 2681/2681 2685/2685
f 3483/3483 1995/1995 2021/2021
f 2021/2021 1995/1995 1997/1997
f 2219/2219 2672/2672 3173/3173
f 2219/2219 3173/3173 2220/2220
f 2028/2028 2027/2027 3379/3379
f 3383/3383 2028/2028 3379/3379
f 2808/2808 1999/1999 1998/1998
f 2758/2758 2808/2808 1998/1998
f 3139/3139 2691/2691 2695/2695
f 3139/3139 2692/2692 2691/2691
f 2042/2042 3266/3266 3229/3229
f 2369/2369 2042/2042 3229/3229
f 3289/3289 3009/3009 2311/2311
f 2311/2311 3009/3009 2007/2007
f 3264/3264 2015/2015 3028/3028
f 2015/2015 2019/2019 3028/3028
f 2016/2016 2015/2015 3264/3264
f 3263/3263 2016/2016 3264/3264
f 2083/2083 3289/3289 2311/2311
f 3288/3288 3289/3289 2083/2083
f 2771/2771 3300/3300 3299/3299
f 3300/3300 2771/2771 2773/2773
f 3188/3188 2112/2112 3189/3189
f 2112/2112 3205/3205 3189/3189
f 2020/2020 2022/2022 2703/2703
f 2703/2703 2022/2022 2700/2700
f 3183/3183 2776/2776 2533/2533
f 2533/2533 2776/2776 3115/3115
f 2681/2681 2683/2683 2564/2564
f 2564/2564 2683/2683 2565/2565
f 2065/2065 2064/2064 2924/2924
f 2064/2064 2772/2772 2924/2924
f 3157/3157 3482/3482 3485/3485
f 3260/3260 3482/3482 3157/3157
f 3499/3499 2217/2217 3505/3505
f 3505/3505 2217/2217 3506/3506
f 2385/2385 3083/3083 2013/2013
f 2013/2013 3083/3083 3084/3084
f 2996/2996 2003/2003 2999/2999
f 2001/2001 2003/2003 2996/2996
f 3500/3500 2440/2440 3507/3507
f 3507/3507 2440/2440 3290/3290
f 3474/3474 2729/2729 3340/3340
f 2729/2729 2724/2724 3340/3340
f 2297/2297 3014/3014 3484/3484
f 3014/3014 3016/3016 3484/3484
f 3291/3291 3316/3316 2842/2842
f 2679/2679 2984/2984 2839/2839
f 3439/3439 3464/3464 2327/2327
f 3440/3440 3439/3439 2327/2327
f 3467/3467 2038/2038 3468/3468
f 2038/2038 2447/2447 3468/3468
f 3502/3502 3508/3508 2473/2473
f 3508/3508 3308/3308 2473/2473
f 2759/2759 2758/2758 2446/2446
f 2758/2758 1998/1998 2446/2446
f 3095/3095 3094/3094 2584/2584
f 3094/3094 1992/1992 2584/2584
f 3157/3157 3485/3485 2697/2697
f 2697/2697 3485/3485 2873/2873
f 3509/3509 2508/2508 3066/3066
f 3069/3069 3068/3068 3328/3328
f 2029/2029 2031/2031 2688/2688
f 2378/2378 2029/2029 2688/2688
f 2565/2565 2012/2012 3491/3491
f 2683/2683 2012/2012 2565/2565
f 3492/3492 2531/2531 3401/3401
f 3401/3401 2531/2531 2002/2002
f 3493/3493 3404/3404 2176/2176
f 3404/3404 2585/2585 2176/2176
f 2737/2737 3483/3483 2021/2021
f 3473/3473 3483/3483 2737/2737
f 2680/2680 3437/3437 3455/3455
f 3455/3455 2678/2678 2680/2680
f 3457/3457 2707/2707 2706/2706
f 3457/3457 3277/3277 2707/2707
f 3364/3364 3201/3201 2246/2246
f 3471/3471 3364/3364 3418/3418
f 2513/2513 2028/2028 3383/3383
f 2689/2689 2513/2513 3383/3383
f 3305/3305 3282/3282 2941/2941
f 2706/2706 2708/2708 3303/3303
f 2708/2708 2059/2059 3282/3282
f 2708/2708 3282/3282 3305/3305
f 3084/3084 3082/3082 2745/2745
f 2745/2745 3082/3082 2746/2746
f 3460/3460 2292/2292 2294/2294
f 3459/3459 2292/2292 3460/3460
f 2369/2369 3229/3229 3228/3228
f 2367/2367 2369/2369 3228/3228
f 3478/3478 3240/3240 3237/3237
f 3365/3365 3240/3240 3478/3478
f 2363/2363 3463/3463 3452/3452
f 2363/2363 3452/3452 2277/2277
f 3186/3186 3462/3462 3461/3461
f 3186/3186 2036/2036 3462/3462
f 2983/2983 2839/2839 2986/2986
f 2839/2839 2984/2984 2986/2986
f 3478/3478 3237/3237 3479/3479
f 3479/3479 3237/3237 3286/3286
f 3401/3401 2001/2001 2995/2995
f 2995/2995 2001/2001 2996/2996
f 2278/2278 2020/2020 2853/2853
f 2853/2853 2020/2020 2703/2703
f 2033/2033 3288/3288 2637/2637
f 2637/2637 3288/3288 2083/2083
f 2004/2004 2726/2726 2005/2005
f 2726/2726 2813/2813 2005/2005
f 2565/2565 3491/3491 2829/2829
f 2829/2829 3491/3491 3496/3496
f 2813/2813 2815/2815 2420/2420
f 2005/2005 2813/2813 2420/2420
f 3003/3003 2717/2717 2713/2713
f 3003/3003 2713/2713 2712/2712
f 3268/3268 3505/3505 3506/3506
f 3268/3268 3506/3506 3269/3269
f 2597/2597 3496/3496 2562/2562
f 2829/2829 3496/3496 2597/2597
f 3475/3475 3477/3477 3260/3260
f 3260/3260 3477/3477 3482/3482
f 2277/2277 3473/3473 2737/2737
f 2277/2277 3452/3452 3473/3473
f 2036/2036 2038/2038 3467/3467
f 2036/2036 3467/3467 3462/3462
f 2290/2290 3187/3187 3086/3086
f 2027/2027 2290/2290 3086/3086
f 2019/2019 2573/2573 3024/3024
f 3028/3028 2019/2019 3024/3024
f 2007/2007 3004/3004 2008/2008
f 3009/3009 3004/3004 2007/2007
f 3082/3082 2749/2749 2746/2746
f 2746/2746 2749/2749 2212/2212
f 2059/2059 3279/3279 3282/3282
f 2059/2059 2058/2058 3279/3279
f 3485/3485 3486/3486 2873/2873
f 2873/2873 3486/3486 2874/2874
f 2952/2952 2954/2954 3489/3489
f 3488/3488 2952/2952 3489/3489
f 2954/2954 2951/2951 3495/3495
f 3489/3489 2954/2954 3495/3495
f 2250/2250 3099/3099 2251/2251
f 3429/3429 3454/3454 3351/3351
f 2008/2008 3006/3006 2781/2781
f 3004/3004 3006/3006 2008/2008
f 2573/2573 2820/2820 3025/3025
f 3024/3024 2573/2573 3025/3025
f 3116/3116 2773/2773 3492/3492
f 3300/3300 2773/2773 3116/3116
f 3080/3080 3493/3493 2692/2692
f 3139/3139 3080/3080 2692/2692
f 3507/3507 3290/3290 3510/3510
f 3510/3510 3290/3290 3292/3292
f 3016/3016 2952/2952 3488/3488
f 3484/3484 3016/3016 3488/3488
f 3340/3340 2724/2724 2004/2004
f 2724/2724 2726/2726 2004/2004
f 2212/2212 2456/2456 2213/2213
f 2749/2749 2456/2456 2212/2212
f 3187/3187 2113/2113 3188/3188
f 2113/2113 2112/2112 3188/3188
f 3310/3310 3304/3304 2234/2234
f 3310/3310 3302/3302 3304/3304
f 3493/3493 2175/2175 2760/2760
f 3493/3493 2176/2176 2175/2175
f 3492/3492 2481/2481 2118/2118
f 3492/3492 2118/2118 2531/2531
f 3445/3445 3501/3501 2389/2389
f 3327/3327 3445/3445 2389/2389
f 2120/2120 2923/2923 3365/3365
f 3250/3250 2923/2923 2120/2120
f 3247/3247 2177/2177 2994/2994
f 2177/2177 2367/2367 2994/2994
f 2276/2276 2278/2278 2855/2855
f 2855/2855 2278/2278 2853/2853
f 2202/2202 2757/2757 2037/2037
f 2757/2757 2759/2759 2037/2037
f 2341/2341 3503/3503 3451/3451
f 3451/3451 2339/2339 2341/2341
f 3486/3486 3494/3494 2874/2874
f 2874/2874 3494/3494 3500/3500
f 2762/2762 2761/2761 3245/3245
f 2761/2761 3247/3247 3245/3245
f 2482/2482 3249/3249 2483/2483
f 2483/2483 3249/3249 3250/3250
f 3464/3464 3121/3121 2328/2328
f 3464/3464 2328/2328 2327/2327
f 3449/3449 2345/2345 3431/3431
f 3449/3449 2392/2392 2345/2345
f 2008/2008 2781/2781 2412/2412
f 2412/2412 2781/2781 2783/2783
f 2573/2573 2235/2235 2820/2820
f 2235/2235 2821/2821 2820/2820
f 3211/3211 2757/2757 2202/2202
f 2959/2959 3211/3211 2202/2202
f 2871/2871 3500/3500 3507/3507
f 2874/2874 3500/3500 2871/2871
f 2111/2111 2714/2714 2112/2112
f 2714/2714 3417/3417 2112/2112
f 3496/3496 3499/3499 2562/2562
f 2562/2562 3499/3499 2671/2671
f 2420/2420 2815/2815 3469/3469
f 2815/2815 3002/3002 3469/3469
f 2925/2925 2936/2936 2049/2049
f 3175/3175 3442/3442 2885/2885
f 2213/2213 2457/2457 2945/2945
f 2456/2456 2457/2457 2213/2213
f 2293/2293 2542/2542 3196/3196
f 2293/2293 3321/3321 2542/2542
f 3309/3309 3458/3458 3302/3302
f 3458/3458 3457/3457 2706/2706
f 3209/3209 2276/2276 2855/2855
f 2350/2350 2276/2276 3209/3209
f 2842/2842 2841/2841 2984/2984
f 2679/2679 2842/2842 2984/2984
f 3456/3456 2678/2678 3455/3455
f 3510/3510 3292/3292 3472/3472
f 2759/2759 2446/2446 2445/2445
f 2037/2037 2759/2759 2445/2445
f 3495/3495 2951/2951 3502/3502
f 2951/2951 2906/2906 3502/3502
f 2235/2235 2234/2234 2821/2821
f 2234/2234 2940/2940 2821/2821
f 2058/2058 3010/3010 3280/3280
f 2058/2058 3280/3280 3279/3279
f 2841/2841 2985/2985 2984/2984
f 2841/2841 3425/3425 2985/2985
f 3438/3438 2987/2987 2339/2339
f 3438/3438 2339/2339 3451/3451
f 2872/2872 3507/3507 3510/3510
f 2871/2871 3507/3507 2872/2872
f 3327/3327 2389/2389 2283/2283
f 2743/2743 3327/3327 2283/2283
f 2960/2960 2959/2959 2556/2556
f 2959/2959 2202/2202 2556/2556
f 2946/2946 3251/3251 3252/3252
f 2431/2431 3321/3321 2293/2293
f 2412/2412 2783/2783 2413/2413
f 2413/2413 2783/2783 3315/3315
f 2941/2941 3283/3283 2939/2939
f 2941/2941 3282/3282 3283/3283
f 2246/2246 2248/2248 2896/2896
f 3364/3364 2246/2246 3418/3418
f 3002/3002 3003/3003 2712/2712
f 3469/3469 3002/3002 2712/2712
f 3499/3499 3505/3505 2671/2671
f 2671/2671 3505/3505 3268/3268
f 3315/3315 2783/2783 3316/3316
f 3315/3315 3316/3316 3291/3291
f 3506/3506 3267/3267 3459/3459
f 3506/3506 2217/2217 3267/3267
f 2713/2713 3471/3471 3417/3417
f 2713/2713 3417/3417 2714/2714
f 3095/3095 2584/2584 2583/2583
f 3404/3404 3095/3095 2583/2583
f 3210/3210 2350/2350 3209/3209
f 3210/3210 2348/2348 2350/2350
f 2846/2846 3510/3510 3472/3472
f 2872/2872 3510/3510 2846/2846
f 3442/3442 2410/2410 2885/2885
f 2248/2248 2410/2410 3442/3442
f 3311/3311 3308/3308 3508/3508
f 3311/3311 3313/3313 3308/3308
f 2945/2945 2457/2457 3251/3251
f 2945/2945 3251/3251 2946/2946
f 2248/2248 3442/3442 3359/3359
f 2896/2896 2248/2248 3359/3359
f 3502/3502 2906/2906 3508/3508
f 2906/2906 3311/3311 3508/3508
f 2939/2939 3283/3283 3011/3011
f 2939/2939 3011/3011 2794/2794
f 3459/3459 2944/2944 2292/2292
f 2944/2944 2431/2431 2292/2292
f 2112/2112 2895/2895 3205/3205
f 2895/2895 2897/2897 3205/3205
f 3304/3304 3305/3305 2940/2940
f 2234/2234 3304/3304 2940/2940
f 2044/2044 3480/3480 3263/3263
f 3480/3480 2016/2016 3263/3263
f 2678/2678 3291/3291 2679/2679
f 3291/3291 2842/2842 2679/2679
f 3418/3418 2896/2896 2895/2895
f 3418/3418 2246/2246 2896/2896
f 3292/3292 3291/3291 2678/2678
f 3456/3456 3292/3292 2678/2678
f 3269/3269 3506/3506 3459/3459
f 3269/3269 3459/3459 3460/3460
f 2717/2717 3471/3471 2713/2713
f 2717/2717 2332/2332 3471/3471
f 3302/3302 2706/2706 3303/3303
f 3458/3458 2706/2706 3302/3302
f 2483/2483 3250/3250 2119/2119
f 2119/2119 3250/3250 2120/2120
f 2239/2239 2177/2177 3247/3247
f 2761/2761 2239/2239 3247/3247
f 3321/3321 2943/2943 2543/2543
f 2943/2943 3048/3048 2543/2543
f 2893/2893 2633/2633 2632/2632
f 2897/2897 2633/2633 2893/2893
f 2722/2722 2449/2449 3047/3047
f 2719/2719 3048/3048 2943/2943
f 3313/3313 2905/2905 3309/3309
f 3313/3313 3309/3309 3308/3308
f 2390/2390 2074/2074 3204/3204
f 2390/2390 3204/3204 3343/3343
f 2894/2894 2893/2893 2632/2632
f 2188/2188 2407/2407 2189/2189
f 2896/2896 3359/3359 2897/2897
f 2897/2897 3359/3359 2633/2633
f 2284/2284 2390/2390 3343/3343
f 2284/2284 3343/3343 2838/2838
f 3023/3023 2709/2709 2193/2193
f 2709/2709 3023/3023 3114/3114
f 2340/2340 3114/3114 3113/3113
f 2709/2709 3114/3114 2340/2340
f 3252/3252 2943/2943 3321/3321
f 2431/2431 3252/3252 3321/3321
f 2946/2946 3252/3252 2431/2431
f 2944/2944 2946/2946 2431/2431
f 2848/2848 3472/3472 3456/3456
f 3472/3472 3292/3292 3456/3456
f 3304/3304 3303/3303 3305/3305
f 3303/3303 2708/2708 3305/3305
f 2304/2304 2957/2957 2956/2956
f 2329/2329 2304/2304 2956/2956
f 2347/2347 3465/3465 3466/3466
f 2347/2347 3466/3466 2608/2608
f 2329/2329 2956/2956 3190/3190
f 2329/2329 3190/3190 3433/3433
f 2065/2065 2169/2169 3503/3503
f 3355/3355 3503/3503 2341/2341
f 2608/2608 3466/3466 2926/2926
f 2926/2926 3345/3345 2608/2608
f 3465/3465 2346/2346 2101/2101
f 2346/2346 3465/3465 2347/2347
f 3501/3501 2072/2072 2389/2389
f 2238/2238 2237/2237 3511/3511
f 3113/3113 3355/3355 2362/2362
f 2340/2340 3113/3113 2362/2362
f 2983/2983 2155/2155 2839/2839
f 2982/2982 2155/2155 2983/2983
f 2863/2863 3366/3366 2957/2957
f 2541/2541 2955/2955 2081/2081
f 2836/2836 2280/2280 2843/2843
f 3298/3298 2838/2838 3106/3106
f 3370/3370 3434/3434 2860/2860
f 2860/2860 3434/3434 3058/3058
f 2343/2343 2971/2971 2970/2970
f 2344/2344 2343/2343 2970/2970
f 2791/2791 3192/3192 3370/3370
f 2791/2791 3370/3370 2860/2860
f 2124/2124 2329/2329 3433/3433
f 2124/2124 3433/3433 3432/3432
f 2791/2791 3369/3369 3192/3192
f 2794/2794 3011/3011 3013/3013
f 3331/3331 2193/2193 2938/2938
f 3023/3023 2193/2193 3331/3331
f 2762/2762 2975/2975 2237/2237
f 2237/2237 2073/2073 3511/3511
f 2344/2344 3382/3382 3233/3233
f 2344/2344 2970/2970 3382/3382
f 2441/2441 3234/3234 2415/2415
f 3233/3233 3382/3382 3306/3306
f 2189/2189 2407/2407 2609/2609
f 3320/3320 3319/3319 2971/2971
f 3297/3297 2282/2282 2837/2837
f 2282/2282 2284/2284 2837/2837
f 3336/3336 2454/2454 3335/3335
f 2777/2777 2449/2449 2722/2722
f 3434/3434 2454/2454 3058/3058
f 3336/3336 3058/3058 2454/2454
f 2293/2293 3196/3196 3197/3197
f 2067/2067 2541/2541 2081/2081
f 2415/2415 3234/3234 3425/3425
f 2841/2841 2415/2415 3425/3425
f 2048/2048 2925/2925 2049/2049
f 3345/3345 3346/3346 2608/2608
f 3465/3465 2101/2101 3441/3441
f 3441/3441 2101/2101 2103/2103
f 1996/1996 3356/3356 3476/3476
f 3476/3476 3356/3356 2046/2046
f 2343/2343 3453/3453 2971/2971
f 3320/3320 2971/2971 3453/3453
f 2304/2304 2303/2303 2957/2957
f 2863/2863 2957/2957 2303/2303
f 3512/3512 3253/3253 3254/3254
f 3513/3513 3512/3512 3254/3254
f 3089/3089 3514/3514 3284/3284
f 3284/3284 3514/3514 3515/3515
f 3497/3497 2113/2113 3187/3187
f 2290/2290 3497/3497 3187/3187
f 2132/2132 3296/3296 3297/3297
f 3516/3516 3296/3296 2132/2132
f 2194/2194 3363/3363 3361/3361
f 3363/3363 2461/2461 3361/3361
f 3175/3175 2885/2885 3517/3517
f 3517/3517 2885/2885 2886/2886
f 2636/2636 2894/2894 3518/3518
f 2894/2894 3519/3519 3518/3518
f 3513/3513 3254/3254 2593/2593
f 3498/3498 3513/3513 2593/2593
f 3520/3520 3197/3197 3521/3521
f 3197/3197 3522/3522 3521/3521
f 2095/2095 2097/2097 3512/3512
f 3513/3513 2095/2095 3512/3512
f 3523/3523 3200/3200 3524/3524
f 3524/3524 3200/3200 2334/2334
f 2137/2137 3515/3515 2138/2138
f 3284/3284 3515/3515 2137/2137
f 3525/3525 3047/3047 2719/2719
f 2718/2718 3525/3525 2719/2719
f 3223/3223 2869/2869 2868/2868
f 2291/2291 3223/3223 2868/2868
f 2754/2754 2133/2133 3514/3514
f 3514/3514 2133/2133 3515/3515
f 2753/2753 2552/2552 2750/2750
f 2286/2286 2753/2753 2750/2750
f 3198/3198 3135/3135 3134/3134
f 3199/3199 3198/3198 3134/3134
f 2635/2635 3526/3526 3527/3527
f 2751/2751 2635/2635 3527/3527
f 3270/3270 3137/3137 2218/2218
f 3137/3137 2219/2219 2218/2218
f 3528/3528 3391/3391 3529/3529
f 2955/2955 3529/3529 3391/3391
f 2780/2780 3059/3059 2162/2162
f 3111/3111 2780/2780 2162/2162
f 2968/2968 3530/3530 3531/3531
f 2990/2990 2968/2968 3531/3531
f 3110/3110 2161/2161 3532/3532
f 3533/3533 3110/3110 3532/3532
f 2461/2461 2463/2463 2096/2096
f 3361/3361 2461/2461 2096/2096
f 2609/2609 3534/3534 3344/3344
f 3344/3344 3534/3534 3345/3345
f 3277/3277 3109/3109 2057/2057
f 3107/3107 3109/3109 3277/3277
f 3099/3099 3351/3351 3350/3350
f 2250/2250 3351/3351 3099/3099
f 2173/2173 3348/3348 2205/2205
f 3112/3112 3348/3348 2173/2173
f 2097/2097 2558/2558 2964/2964
f 2558/2558 2560/2560 2964/2964
f 2131/2131 3516/3516 2132/2132
f 2353/2353 3516/3516 2131/2131
f 3523/3523 2886/2886 3200/3200
f 3517/3517 2886/2886 3523/3523
f 2110/2110 2187/2187 3074/3074
f 2823/2823 2110/2110 3074/3074
f 3324/3324 3183/3183 2532/2532
f 3324/3324 2532/2532 3112/3112
f 2881/2881 2351/2351 2754/2754
f 2881/2881 2883/2883 2351/2351
f 2612/2612 2214/2214 2934/2934
f 2080/2080 2612/2612 2934/2934
f 3408/3408 3530/3530 2767/2767
f 2968/2968 2767/2767 3530/3530
f 2868/2868 2869/2869 3520/3520
f 2869/2869 3197/3197 3520/3520
f 3196/3196 2451/2451 3522/3522
f 3197/3197 3196/3196 3522/3522
f 2098/2098 3127/3127 2190/2190
f 2190/2190 3127/3127 2784/2784
f 2862/2862 2081/2081 2863/2863
f 2081/2081 3366/3366 2863/2863
f 2696/2696 3166/3166 3168/3168
f 2696/2696 3332/3332 3166/3166
f 2577/2577 3423/3423 2128/2128
f 3423/3423 2275/2275 2128/2128
f 2632/2632 2408/2408 3519/3519
f 2894/2894 2632/2632 3519/3519
f 3345/3345 3534/3534 3535/3535
f 3345/3345 3535/3535 3346/3346
f 2769/2769 2510/2510 3536/3536
f 2510/2510 2512/2512 3536/3536
f 3387/3387 2794/2794 3369/3369
f 2794/2794 3013/3013 3369/3369
f 3386/3386 3233/3233 2441/2441
f 3233/3233 3306/3306 2441/2441
f 2632/2632 2634/2634 2408/2408
f 2408/2408 2634/2634 2936/2936
f 2973/2973 3428/3428 3427/3427
f 3428/3428 3354/3354 3427/3427
f 2798/2798 2774/2774 3325/3325
f 2774/2774 3326/3326 3325/3325
f 3537/3537 3336/3336 2777/2777
f 3336/3336 3335/3335 2777/2777
f 2559/2559 2203/2203 2961/2961
f 3330/3330 2961/2961 2203/2203
f 2214/2214 2216/2216 3212/3212
f 2934/2934 2214/2214 3212/3212
f 3526/3526 3518/3518 2109/2109
f 2108/2108 3526/3526 2109/2109
f 3130/3130 3129/3129 2859/2859
f 3129/3129 2414/2414 2859/2859
f 3212/3212 2216/2216 2433/2433
f 2216/2216 2723/2723 2433/2433
f 3346/3346 2048/2048 2091/2091
f 3535/3535 2048/2048 3346/3346
f 2159/2159 2795/2795 3388/3388
f 3412/3412 2159/2159 3388/3388
f 3443/3443 2238/2238 3444/3444
f 2800/2800 3443/3443 3444/3444
f 3133/3133 2789/2789 3374/3374
f 2789/2789 3092/3092 3374/3374
f 3509/3509 3066/3066 3068/3068
f 3140/3140 3509/3509 3068/3068
f 3155/3155 3538/3538 3539/3539
f 3539/3539 2898/2898 3155/3155
f 3540/3540 2739/2739 2738/2738
f 3540/3540 2738/2738 2741/2741
f 2105/2105 3199/3199 3333/3333
f 3199/3199 3134/3134 3333/3333
f 3330/3330 2878/2878 2962/2962
f 3330/3330 2962/2962 2961/2961
f 2162/2162 3059/3059 3537/3537
f 3059/3059 3336/3336 3537/3537
f 2169/2169 2171/2171 3450/3450
f 3450/3450 2171/2171 2799/2799
f 2990/2990 3531/3531 2462/2462
f 2988/2988 2990/2990 2462/2462
f 3012/3012 3432/3432 3193/3193
f 3013/3013 3012/3012 3193/3193
f 3272/3272 3177/3177 2735/2735
f 3504/3504 3272/3272 2735/2735
f 3122/3122 3124/3124 3120/3120
f 3124/3124 2068/2068 3120/3120
f 2156/2156 3424/3424 3353/3353
f 3424/3424 2642/2642 3353/3353
f 3099/3099 2734/2734 3273/3273
f 2251/2251 3099/3099 3273/3273
f 2722/2722 3047/3047 3525/3525
f 2723/2723 2722/2722 3525/3525
f 3518/3518 3519/3519 2188/2188
f 2109/2109 3518/3518 2188/2188
f 3541/3541 2075/2075 2520/2520
f 2274/2274 3541/3541 2520/2520
f 2163/2163 2162/2162 2215/2215
f 2162/2162 3537/3537 2215/2215
f 2981/2981 2983/2983 3261/3261
f 3425/3425 2981/2981 3261/3261
f 3528/3528 3529/3529 2450/2450
f 2450/2450 3529/3529 2955/2955
f 2750/2750 2752/2752 2354/2354
f 2286/2286 2750/2750 2354/2354
f 2751/2751 3527/3527 2108/2108
f 3527/3527 3526/3526 2108/2108
f 2831/2831 2218/2218 2220/2220
f 3135/3135 2218/2218 2831/2831
f 3532/3532 2161/2161 2611/2611
f 3533/3533 3532/3532 2611/2611
f 2069/2069 2071/2071 3165/3165
f 3076/3076 2069/2069 3165/3165
f 2227/2227 2645/2645 2285/2285
f 2645/2645 2549/2549 2285/2285
f 3533/3533 2611/2611 2610/2610
f 3542/3542 3533/3533 2610/2610
f 2354/2354 2752/2752 3400/3400
f 2752/2752 2110/2110 3400/3400
f 2777/2777 3528/3528 2449/2449
f 3528/3528 2450/2450 2449/2449
f 2734/2734 2335/2335 3274/3274
f 3273/3273 2734/2734 3274/3274
f 2267/2267 3140/3140 3142/3142
f 2268/2268 2267/2267 3142/3142
f 2168/2168 3543/3543 3207/3207
f 3543/3543 2090/2090 3207/3207
f 3227/3227 3226/3226 2889/2889
f 2891/2891 3226/3226 3227/3227
f 2774/2774 3183/3183 3326/3326
f 3324/3324 3326/3326 3183/3183
f 2189/2189 3319/3319 3320/3320
f 3073/3073 2189/2189 3320/3320
f 3171/3171 2948/2948 2199/2199
f 2948/2948 3236/3236 2199/2199
f 2878/2878 3170/3170 2876/2876
f 2962/2962 2878/2878 2876/2876
f 2138/2138 2843/2843 3195/3195
f 3195/3195 2843/2843 3421/3421
f 2254/2254 3402/3402 2153/2153
f 3402/3402 3018/3018 2153/2153
f 2070/2070 3134/3134 2266/2266
f 2266/2266 3134/3134 3136/3136
f 2463/2463 2766/2766 2559/2559
f 2766/2766 2203/2203 2559/2559
f 2096/2096 2463/2463 2558/2558
f 2463/2463 2559/2559 2558/2558
f 2609/2609 2409/2409 3534/3534
f 3534/3534 2409/2409 3535/3535
f 2353/2353 3540/3540 3516/3516
f 2353/2353 2577/2577 3540/3540
f 2889/2889 2391/2391 3430/3430
f 3226/3226 2391/2391 2889/2889
f 3498/3498 3470/3470 3513/3513
f 3470/3470 2095/2095 3513/3513
f 3544/3544 3161/3161 3545/3545
f 3161/3161 3163/3163 3545/3545
f 3122/3122 3120/3120 3119/3119
f 3546/3546 3122/3122 3119/3119
f 2238/2238 3511/3511 3501/3501
f 3444/3444 2238/2238 3501/3501
f 3322/3322 2268/2268 3141/3141
f 3141/3141 2268/2268 3142/3142
f 3101/3101 3429/3429 2826/2826
f 3547/3547 3101/3101 2826/2826
f 2151/2151 3125/3125 2098/2098
f 3125/3125 3127/3127 2098/2098
f 3232/3232 2576/2576 3060/3060
f 2576/2576 2160/2160 3060/3060
f 3112/3112 2173/2173 2172/2172
f 2172/2172 3324/3324 3112/3112
f 2285/2285 2549/2549 2286/2286
f 2549/2549 2753/2753 2286/2286
f 2149/2149 2151/2151 2309/2309
f 2151/2151 2100/2100 2309/2309
f 3515/3515 2834/2834 2138/2138
f 2133/2133 2834/2834 3515/3515
f 2352/2352 2273/2273 3423/3423
f 2273/2273 2275/2275 3423/3423
f 2092/2092 2094/2094 3530/3530
f 3531/3531 3530/3530 2094/2094
f 2673/2673 2125/2125 3347/3347
f 3410/3410 2673/2673 3347/3347
f 2066/2066 3521/3521 2067/2067
f 3521/3521 3522/3522 2067/2067
f 2184/2184 2769/2769 2185/2185
f 2769/2769 3536/3536 2185/2185
f 2323/2323 2322/2322 3547/3547
f 2322/2322 3101/3101 3547/3547
f 2907/2907 2909/2909 3171/3171
f 2909/2909 2948/2948 3171/3171
f 2092/2092 2517/2517 3295/3295
f 2517/2517 2519/2519 3295/3295
f 3548/3548 2251/2251 3504/3504
f 2251/2251 3273/3273 3504/3504
f 3549/3549 2204/2204 2443/2443
f 2877/2877 3549/3549 2443/2443
f 2880/2880 3360/3360 2578/2578
f 2880/2880 3032/3032 3360/3360
f 2051/2051 2053/2053 3097/3097
f 3096/3096 2051/2051 3097/3097
f 3285/3285 2977/2977 2976/2976
f 2053/2053 3285/3285 2976/2976
f 3542/3542 3037/3037 3533/3533
f 3037/3037 3110/3110 3533/3533
f 2891/2891 2091/2091 3226/3226
f 3346/3346 2091/2091 2891/2891
f 3219/3219 3090/3090 2404/2404
f 2930/2930 3219/3219 2404/2404
f 2441/2441 3306/3306 3234/3234
f 3306/3306 3235/3235 3234/3234
f 2795/2795 2794/2794 3387/3387
f 3388/3388 2795/2795 3387/3387
f 2181/2181 2192/2192 2182/2182
f 2192/2192 2852/2852 2182/2182
f 2049/2049 2936/2936 3517/3517
f 2049/2049 3517/3517 3523/3523
f 2267/2267 2833/2833 3140/3140
f 2833/2833 3509/3509 3140/3140
f 2887/2887 3524/3524 2334/2334
f 2050/2050 3524/3524 2887/2887
f 3097/3097 2053/2053 2979/2979
f 2053/2053 2976/2976 2979/2979
f 2135/2135 3337/3337 3550/3550
f 2135/2135 3105/3105 3337/3337
f 3198/3198 3270/3270 3135/3135
f 3270/3270 2218/2218 3135/3135
f 2169/2169 2924/2924 2170/2170
f 2065/2065 2924/2924 2169/2169
f 2127/2127 2931/2931 3426/3426
f 2210/2210 2127/2127 3426/3426
f 2800/2800 3444/3444 3332/3332
f 2696/2696 2800/2800 3332/3332
f 3221/3221 2291/2291 2264/2264
f 3221/3221 3223/3223 2291/2291
f 3416/3416 2062/2062 3395/3395
f 3395/3395 2062/2062 2653/2653
f 3040/3040 2079/2079 2078/2078
f 2824/2824 3040/3040 2078/2078
f 2168/2168 3207/3207 3160/3160
f 2166/2166 2168/2168 3160/3160
f 2599/2599 2868/2868 3123/3123
f 2868/2868 3520/3520 3123/3123
f 3285/3285 2355/2355 2977/2977
f 2355/2355 3400/3400 2977/2977
f 3215/3215 2364/2364 2222/2222
f 3421/3421 2364/2364 3215/3215
f 2285/2285 2287/2287 2052/2052
f 2228/2228 2285/2285 2052/2052
f 2903/2903 2114/2114 2638/2638
f 2116/2116 2903/2903 2638/2638
f 2391/2391 2241/2241 3430/3430
f 2240/2240 3430/3430 2241/2241
f 2381/2381 2380/2380 2884/2884
f 2380/2380 3419/3419 2884/2884
f 3063/3063 2676/2676 3314/3314
f 2644/2644 3314/3314 2676/2676
f 3535/3535 2925/2925 2048/2048
f 3535/3535 2409/2409 2925/2925
f 2259/2259 2582/2582 3398/3398
f 2180/2180 2259/2259 3398/3398
f 2612/2612 2163/2163 2214/2214
f 2163/2163 2215/2215 2214/2214
f 3171/3171 2201/2201 2366/2366
f 2197/2197 3171/3171 2366/2366
f 3545/3545 3163/3163 2069/2069
f 3163/3163 2070/2070 2069/2069
f 2093/2093 3295/3295 2877/2877
f 3295/3295 3549/3549 2877/2877
f 2220/2220 3551/3551 2832/2832
f 2831/2831 2220/2220 2832/2832
f 2185/2185 3536/3536 2226/2226
f 3536/3536 2227/2227 2226/2226
f 2164/2164 3552/3552 2088/2088
f 3552/3552 3553/3553 2088/2088
f 3519/3519 2408/2408 2407/2407
f 2188/2188 3519/3519 2407/2407
f 2512/2512 2645/2645 2227/2227
f 3536/3536 2512/2512 2227/2227
f 3013/3013 3193/3193 3192/3192
f 3369/3369 3013/3013 3192/3192
f 2723/2723 3525/3525 2718/2718
f 2433/2433 2723/2723 2718/2718
f 2068/2068 2081/2081 2862/2862
f 3120/3120 2068/2068 2862/2862
f 3129/3129 3386/3386 2414/2414
f 3386/3386 2441/2441 2414/2414
f 2076/2076 2819/2819 2107/2107
f 2819/2819 3075/3075 2107/2107
f 3280/3280 3432/3432 3012/3012
f 3280/3280 3010/3010 3432/3432
f 2183/2183 3071/3071 2375/2375
f 3071/3071 3554/3554 2375/2375
f 3522/3522 2541/2541 2067/2067
f 3522/3522 2451/2451 2541/2541
f 3066/3066 3329/3329 3328/3328
f 3068/3068 3066/3066 3328/3328
f 2160/2160 2159/2159 3412/3412
f 3060/3060 2160/2160 3412/3412
f 2635/2635 2636/2636 3526/3526
f 2636/2636 3518/3518 3526/3526
f 2050/2050 3523/3523 3524/3524
f 2049/2049 3523/3523 2050/2050
f 3385/3385 2148/2148 3389/3389
f 2148/2148 2310/2310 3389/3389
f 2071/2071 2268/2268 3322/3322
f 3165/3165 2071/2071 3322/3322
f 2406/2406 2405/2405 2471/2471
f 2405/2405 3435/3435 2471/2471
f 2582/2582 2209/2209 3396/3396
f 3398/3398 2582/2582 3396/3396
f 2168/2168 2165/2165 3543/3543
f 2165/2165 2090/2090 3543/3543
f 3360/3360 3034/3034 3541/3541
f 3034/3034 3555/3555 3541/3541
f 3537/3537 2777/2777 2721/2721
f 2215/2215 3537/3537 2721/2721
f 2209/2209 2208/2208 3411/3411
f 2208/2208 3409/3409 3411/3411
f 3123/3123 3520/3520 2066/2066
f 3520/3520 3521/3521 2066/2066
f 2052/2052 2287/2287 3285/3285
f 2287/2287 2355/2355 3285/3285
f 2902/2902 2305/2305 3539/3539
f 3539/3539 3538/3538 2902/2902
f 2462/2462 3531/3531 2766/2766
f 3531/3531 2094/2094 2766/2766
f 2265/2265 2599/2599 3546/3546
f 3556/3556 2265/2265 3546/3546
f 2818/2818 3161/3161 3544/3544
f 2819/2819 2818/2818 3544/3544
f 3318/3318 2916/2916 2180/2180
f 2180/2180 3398/3398 3318/3318
f 3426/3426 2931/2931 3422/3422
f 2931/2931 2404/2404 3422/3422
f 2115/2115 3390/3390 2116/2116
f 3390/3390 2903/2903 2116/2116
f 2569/2569 2254/2254 2933/2933
f 2254/2254 2153/2153 2933/2933
f 2914/2914 2916/2916 3317/3317
f 3317/3317 2916/2916 3318/3318
f 3419/3419 2256/2256 2255/2255
f 2884/2884 3419/3419 2255/2255
f 2610/2610 2612/2612 2079/2079
f 2200/2200 2610/2610 2079/2079
f 2093/2093 2877/2877 3330/3330
f 2093/2093 3330/3330 2203/2203
f 2599/2599 3122/3122 3546/3546
f 2599/2599 3123/3123 3122/3122
f 3553/3553 3547/3547 2825/2825
f 3547/3547 2826/2826 2825/2825
f 2266/2266 3136/3136 2267/2267
f 3136/3136 2833/2833 2267/2267
f 3333/3333 3134/3134 2070/2070
f 3163/3163 3333/3333 2070/2070
f 3153/3153 3548/3548 2417/2417
f 2417/2417 3548/3548 2418/2418
f 2249/2249 2251/2251 3548/3548
f 3153/3153 2249/2249 3548/3548
f 3557/3557 2910/2910 3558/3558
f 2910/2910 2912/2912 3558/3558
f 3558/3558 3559/3559 2591/2591
f 2590/2590 3558/3558 2591/2591
f 2578/2578 3360/3360 2274/2274
f 3360/3360 3541/3541 2274/2274
f 2804/2804 2228/2228 2051/2051
f 2228/2228 2052/2052 2051/2051
f 2833/2833 2832/2832 3509/3509
f 2832/2832 2508/2508 3509/3509
f 2519/2519 3560/3560 3549/3549
f 3295/3295 2519/2519 3549/3549
f 2106/2106 3162/3162 3161/3161
f 2818/2818 2106/2106 3161/3161
f 2186/2186 2185/2185 3046/3046
f 2185/2185 2226/2226 3046/3046
f 2592/2592 2591/2591 2224/2224
f 2591/2591 2225/2225 2224/2224
f 2272/2272 2106/2106 2818/2818
f 2817/2817 2272/2272 2818/2818
f 3481/3481 2361/2361 2192/2192
f 3481/3481 2359/2359 2361/2361
f 3541/3541 3555/3555 2075/2075
f 3555/3555 2076/2076 2075/2075
f 3560/3560 3561/3561 2085/2085
f 3561/3561 2166/2166 2085/2085
f 2834/2834 2836/2836 2138/2138
f 2138/2138 2836/2836 2843/2843
f 3562/3562 3563/3563 2280/2280
f 2280/2280 3563/3563 2281/2281
f 2351/2351 3413/3413 2352/2352
f 3413/3413 2273/2273 2352/2352
f 3550/3550 3557/3557 2590/2590
f 2590/2590 3557/3557 3558/3558
f 2734/2734 2242/2242 2335/2335
f 2333/2333 2335/2335 2242/2242
f 3564/3564 3565/3565 3555/3555
f 3034/3034 3564/3564 3555/3555
f 3554/3554 3566/3566 2306/2306
f 2375/2375 3554/3554 2306/2306
f 3567/3567 3568/3568 3498/3498
f 3568/3568 3470/3470 3498/3498
f 3569/3569 3570/3570 3561/3561
f 3185/3185 3569/3569 3561/3561
f 2661/2661 3490/3490 2134/2134
f 2661/2661 3571/3571 3490/3490
f 2912/2912 3572/3572 3559/3559
f 3558/3558 2912/2912 3559/3559
f 2477/2477 3091/3091 2789/2789
f 2477/2477 2474/2474 3091/3091
f 3572/3572 3171/3171 2197/2197
f 2225/2225 3572/3572 2197/2197
f 2907/2907 3171/3171 3572/3572
f 2912/2912 2907/2907 3572/3572
f 2372/2372 2272/2272 2817/2817
f 3565/3565 2372/2372 2817/2817
f 3573/3573 3182/3182 2372/2372
f 3182/3182 2373/2373 2372/2372
f 3110/3110 3111/3111 2161/2161
f 3111/3111 2162/2162 2161/2161
f 3220/3220 3221/3221 2264/2264
f 3174/3174 3220/3220 2264/2264
f 2950/2950 3574/3574 3569/3569
f 3399/3399 2950/2950 3569/3569
f 2655/2655 2654/2654 2478/2478
f 2655/2655 2478/2478 2063/2063
f 2750/2750 2552/2552 2751/2751
f 2552/2552 2635/2635 2751/2751
f 2811/2811 2436/2436 2435/2435
f 2060/2060 2811/2811 2435/2435
f 3363/3363 2988/2988 2461/2461
f 2988/2988 2462/2462 2461/2461
f 2105/2105 3333/3333 3162/3162
f 2106/2106 2105/2105 3162/3162
f 2195/2195 3361/3361 3470/3470
f 3568/3568 2195/2195 3470/3470
f 3089/3089 2754/2754 3514/3514
f 2881/2881 2754/2754 3089/3089
f 2307/2307 2229/2229 2899/2899
f 3575/3575 2307/2307 2899/2899
f 2208/2208 2271/2271 3409/3409
f 2271/2271 2296/2296 3409/3409
f 3540/3540 2741/2741 3516/3516
f 3516/3516 2741/2741 3296/3296
f 2624/2624 3368/3368 3108/3108
f 3108/3108 3368/3368 3440/3440
f 2090/2090 2089/2089 3208/3208
f 3207/3207 2090/2090 3208/3208
f 3511/3511 2073/2073 2072/2072
f 3501/3501 3511/3511 2072/2072
f 3413/3413 2879/2879 2578/2578
f 2879/2879 2880/2880 2578/2578
f 2189/2189 2609/2609 3319/3319
f 2609/2609 3344/3344 3319/3319
f 3047/3047 2451/2451 3048/3048
f 2719/2719 3047/3047 3048/3048
f 3408/3408 2092/2092 3530/3530
f 3408/3408 2517/2517 2092/2092
f 3548/3548 3504/3504 2418/2418
f 3504/3504 2735/2735 2418/2418
f 3272/3272 3274/3274 3177/3177
f 3274/3274 3176/3176 3177/3177
f 3551/3551 2509/2509 2508/2508
f 2832/2832 3551/3551 2508/2508
f 2220/2220 3173/3173 3551/3551
f 3551/3551 3173/3173 2509/2509
f 3010/3010 2124/2124 3432/3432
f 2122/2122 2124/2124 3010/3010
f 2040/2040 2148/2148 3385/3385
f 3384/3384 2040/2040 3385/3385
f 3196/3196 3049/3049 2451/2451
f 3048/3048 2451/2451 3049/3049
f 2313/2313 3498/3498 2937/2937
f 3498/3498 2593/2593 2937/2937
f 2777/2777 3335/3335 3528/3528
f 3335/3335 3391/3391 3528/3528
f 3200/3200 3202/3202 2334/2334
f 2334/2334 3202/3202 2335/2335
f 2196/2196 2651/2651 2650/2650
f 2397/2397 2196/2196 2650/2650
f 2710/2710 2576/2576 3232/3232
f 3415/3415 2710/2710 3232/3232
f 2196/2196 2198/2198 2651/2651
f 2198/2198 3373/3373 2651/2651
f 3403/3403 2243/2243 3018/3018
f 3402/3402 3403/3403 3018/3018
f 3421/3421 2279/2279 2364/2364
f 3421/3421 2843/2843 2279/2279
f 3576/3576 2164/2164 2167/2167
f 3570/3570 3576/3576 2167/2167
f 3574/3574 3406/3406 3576/3576
f 3406/3406 3420/3420 3576/3576
f 3540/3540 2577/2577 2739/2739
f 2577/2577 2128/2128 2739/2739
f 2148/2148 3065/3065 2149/2149
f 3065/3065 2150/2150 2149/2149
f 3018/3018 2243/2243 2972/2972
f 2243/2243 2245/2245 2972/2972
f 2275/2275 2520/2520 2129/2129
f 2275/2275 2129/2129 2128/2128
f 2804/2804 2051/2051 3096/3096
f 2231/2231 2804/2804 3096/3096
f 3560/3560 2085/2085 2204/2204
f 3549/3549 3560/3560 2204/2204
f 2519/2519 3185/3185 3560/3560
f 3185/3185 3561/3561 3560/3560
f 2518/2518 3399/3399 3185/3185
f 3399/3399 3569/3569 3185/3185
f 2384/2384 2383/2383 3373/3373
f 2198/2198 2384/2384 3373/3373
f 2936/2936 2634/2634 3175/3175
f 2936/2936 3175/3175 3517/3517
f 2187/2187 2189/2189 3073/3073
f 3074/3074 2187/2187 3073/3073
f 3130/3130 2859/2859 2784/2784
f 3127/3127 3130/3130 2784/2784
f 3396/3396 2209/2209 3397/3397
f 2209/2209 3411/3411 3397/3397
f 3490/3490 3103/3103 3105/3105
f 3490/3490 3105/3105 2135/2135
f 2799/2799 3299/3299 2774/2774
f 2799/2799 2170/2170 3299/3299
f 2591/2591 3559/3559 2225/2225
f 3559/3559 3572/3572 2225/2225
f 3066/3066 3556/3556 3329/3329
f 3556/3556 3407/3407 3329/3329
f 3066/3066 2263/2263 3556/3556
f 2263/2263 2265/2265 3556/3556
f 3046/3046 2804/2804 2230/2230
f 3566/3566 3046/3046 2230/2230
f 2181/2181 2375/2375 2902/2902
f 2902/2902 2191/2191 2181/2181
f 2089/2089 2825/2825 3153/3153
f 2825/2825 2249/2249 3153/3153
f 3226/3226 2333/2333 2391/2391
f 2391/2391 2333/2333 2242/2242
f 2296/2296 2673/2673 3410/3410
f 3409/3409 2296/2296 3410/3410
f 3091/3091 2796/2796 3271/3271
f 2796/2796 2476/2476 3271/3271
f 3099/3099 3350/3350 2240/2240
f 3350/3350 3430/3430 2240/2240
f 2644/2644 2676/2676 2675/2675
f 3353/3353 2644/2644 2675/2675
f 3546/3546 3119/3119 3407/3407
f 3556/3556 3546/3546 3407/3407
f 2471/2471 3435/3435 3371/3371
f 3435/3435 2705/2705 3371/3371
f 3420/3420 3552/3552 2164/2164
f 3576/3576 3420/3420 2164/2164
f 3244/3244 2381/2381 2205/2205
f 3348/3348 3244/3244 2205/2205
f 3577/3577 2938/2938 3568/3568
f 2938/2938 2195/2195 3568/3568
f 2201/2201 3040/3040 2383/2383
f 2366/2366 2201/2201 2383/2383
f 3554/3554 2186/2186 3566/3566
f 2186/2186 3046/3046 3566/3566
f 3566/3566 2230/2230 3102/3102
f 2306/2306 3566/3566 3102/3102
f 2835/2835 3562/3562 2836/2836
f 2836/2836 3562/3562 2280/2280
f 3570/3570 2167/2167 2166/2166
f 3561/3561 3570/3570 2166/2166
f 3569/3569 3574/3574 3570/3570
f 3574/3574 3576/3576 3570/3570
f 3081/3081 3406/3406 3574/3574
f 2950/2950 3081/3081 3574/3574
f 2245/2245 3428/3428 2973/2973
f 2972/2972 2245/2245 2973/2973
f 3373/3373 2383/2383 2824/2824
f 2383/2383 3040/3040 2824/2824
f 2396/2396 2592/2592 2224/2224
f 2223/2223 2592/2592 2396/2396
f 2982/2982 2103/2103 2155/2155
f 2103/2103 2156/2156 2155/2155
f 2114/2114 2056/2056 3414/3414
f 2365/2365 2114/2114 3414/3414
f 3416/3416 2060/2060 2062/2062
f 3416/3416 2810/2810 2060/2060
f 2955/2955 3391/3391 3366/3366
f 2081/2081 2955/2955 3366/3366
f 2819/2819 3544/3544 3075/3075
f 3544/3544 3545/3545 3075/3075
f 2307/2307 3102/3102 2229/2229
f 3102/3102 2230/2230 2229/2229
f 3545/3545 2069/2069 3076/3076
f 3075/3075 3545/3545 3076/3076
f 3133/3133 3374/3374 2787/2787
f 2631/2631 3133/3133 2787/2787
f 2476/2476 2115/2115 2370/2370
f 3271/3271 2476/2476 2370/2370
f 2129/2129 2520/2520 3035/3035
f 2520/2520 2521/2521 3035/3035
f 2437/2437 2041/2041 3384/3384
f 2041/2041 2040/2040 3384/3384
f 2381/2381 2884/2884 2260/2260
f 2205/2205 2381/2381 2260/2260
f 2687/2687 2186/2186 3554/3554
f 3071/3071 2687/2687 3554/3554
f 3375/3375 3390/3390 2115/2115
f 2475/2475 3375/3375 2115/2115
f 3420/3420 3334/3334 3552/3552
f 3334/3334 2323/2323 3552/3552
f 2223/2223 2134/2134 2136/2136
f 2136/2136 2592/2592 2223/2223
f 3567/3567 3498/3498 2312/2312
f 2359/2359 3567/3567 2312/2312
f 3578/3578 3567/3567 2359/2359
f 3578/3578 2359/2359 3481/3481
f 2136/2136 2135/2135 3550/3550
f 3550/3550 2590/2590 2136/2136
f 3542/3542 2610/2610 2200/2200
f 2199/2199 3542/3542 2200/2200
f 3579/3579 3481/3481 2191/2191
f 3579/3579 3578/3578 3481/3481
f 2222/2222 2134/2134 2223/2223
f 2222/2222 2661/2661 2134/2134
f 2281/2281 3571/3571 2661/2661
f 2281/2281 3563/3563 3571/3571
f 3539/3539 2305/2305 3575/3575
f 2305/2305 2307/2307 3575/3575
f 2975/2975 2631/2631 2073/2073
f 2237/2237 2975/2975 2073/2073
f 3215/3215 2222/2222 3216/3216
f 3216/3216 2222/2222 2221/2221
f 3405/3405 3578/3578 3579/3579
f 3405/3405 3577/3577 3578/3578
f 2673/2673 3179/3179 2125/2125
f 3179/3179 2126/2126 2125/2125
f 3174/3174 2264/2264 2509/2509
f 3173/3173 3174/3174 2509/2509
f 2062/2062 3159/3159 2654/2654
f 2654/2654 3159/3159 2479/2479
f 3034/3034 3033/3033 3564/3564
f 3033/3033 3050/3050 3564/3564
f 2361/2361 2360/2360 2314/2314
f 2360/2360 2312/2312 2314/2314
f 2918/2918 3557/3557 3550/3550
f 3550/3550 3337/3337 2918/2918
f 2624/2624 3367/3367 3368/3368
f 2623/2623 3367/3367 2624/2624
f 3538/3538 3579/3579 2191/2191
f 3538/3538 2191/2191 2902/2902
f 3044/3044 3045/3045 3538/3538
f 3155/3155 3044/3044 3538/3538
f 3428/3428 3063/3063 3354/3354
f 3063/3063 2643/2643 3354/3354
f 2199/2199 3236/3236 3542/3542
f 3236/3236 3037/3037 3542/3542
f 3045/3045 3405/3405 3579/3579
f 3045/3045 3579/3579 3538/3538
f 3400/3400 2110/2110 2823/2823
f 2977/2977 3400/3400 2823/2823
f 2335/2335 3202/3202 3176/3176
f 3274/3274 2335/2335 3176/3176
f 3393/3393 2063/2063 2065/2065
f 2655/2655 2063/2063 3393/3393
f 2443/2443 2444/2444 3170/3170
f 2878/2878 2443/2443 3170/3170
f 3146/3146 2570/2570 3276/3276
f 2570/2570 2933/2933 3276/3276
f 2262/2262 2257/2257 3146/3146
f 2257/2257 2570/2570 3146/3146
f 2826/2826 3429/3429 2250/2250
f 3429/3429 3351/3351 2250/2250
f 2308/2308 2041/2041 2436/2436
f 2810/2810 2308/2308 2436/2436
f 3571/3571 3103/3103 3490/3490
f 3563/3563 3103/3103 3571/3571
f 3143/3143 2910/2910 3557/3557
f 2918/2918 3143/3143 3557/3557
f 3414/3414 2056/2056 3415/3415
f 2056/2056 2710/2710 3415/3415
f 3109/3109 2122/2122 2057/2057
f 2057/2057 2122/2122 2058/2058
f 2914/2914 3168/3168 2916/2916
f 2694/2694 3168/3168 2914/2914
f 3435/3435 3381/3381 2623/2623
f 3381/3381 3367/3367 2623/2623
f 3565/3565 2817/2817 2076/2076
f 3555/3555 3565/3565 2076/2076
f 2132/2132 3297/3297 2835/2835
f 2835/2835 3297/3297 3298/3298
f 2883/2883 2879/2879 3413/3413
f 2351/2351 2883/2883 3413/3413
f 2835/2835 3298/3298 3562/3562
f 3562/3562 3298/3298 3106/3106
f 3573/3573 2372/2372 3565/3565
f 3564/3564 3573/3573 3565/3565
f 3050/3050 3182/3182 3573/3573
f 3564/3564 3050/3050 3573/3573
f 2975/2975 2765/2765 2631/2631
f 2765/2765 3133/3133 2631/2631
f 2103/2103 2102/2102 2156/2156
f 2102/2102 3424/3424 2156/2156
f 3562/3562 3106/3106 3563/3563
f 3563/3563 3106/3106 3103/3103
f 3393/3393 2065/2065 3355/3355
f 3355/3355 2065/2065 3503/3503
f 3512/3512 2097/2097 3253/3253
f 2097/2097 2964/2964 3253/3253
f 3577/3577 3568/3568 3567/3567
f 3578/3578 3577/3577 3567/3567
f 3331/3331 2938/2938 3577/3577
f 3405/3405 3331/3331 3577/3577
f 2898/2898 3575/3575 2899/2899
f 3539/3539 3575/3575 2898/2898
f 3235/3235 3441/3441 2982/2982
f 3441/3441 2103/2103 2982/2982
f 3553/3553 2323/2323 3547/3547
f 3552/3552 2323/2323 3553/3553
f 2088/2088 3553/3553 2089/2089
f 3553/3553 2825/2825 2089/2089
f 3208/3208 2089/2089 3152/3152
f 3152/3152 2089/2089 3154/3154
f 2013/2013 3084/3084 3487/3487
f 3487/3487 3084/3084 2745/2745
f 3580/3580 3581/3581 3582/3582
f 3583/3583 3584/3584 3585/3585
f 3586/3586 3587/3587 3588/3588
f 3589/3589 3590/3590 3591/3591
f 3592/3592 3593/3593 3594/3594
f 3595/3595 3596/3596 3597/3597
f 3598/3598 3599/3599 3600/3600
f 3601/3601 3602/3602 3603/3603
f 3590/3590 3604/3604 3591/3591
f 3605/3605 3606/3606 3607/3607
f 3608/3608 3609/3609 3610/3610
f 3611/3611 3612/3612 3613/3613
f 3614/3614 3615/3615 3616/3616
f 3617/3617 3583/3583 3585/3585
f 3618/3618 3619/3619 3620/3620
f 3621/3621 3622/3622 3623/3623
f 3624/3624 3625/3625 3626/3626
f 3627/3627 3628/3628 3629/3629
f 3630/3630 3631/3631 3632/3632
f 3633/3633 3634/3634 3635/3635
f 3636/3636 3637/3637 3638/3638
f 3639/3639 3640/3640 3641/3641
f 3642/3642 3643/3643 3644/3644
f 3645/3645 3646/3646 3647/3647
f 3648/3648 3649/3649 3650/3650
f 3651/3651 3652/3652 3653/3653
f 3654/3654 3655/3655 3656/3656
f 3657/3657 3658/3658 3659/3659
f 3606/3606 3660/3660 3661/3661
f 3662/3662 3663/3663 3664/3664
f 3665/3665 3666/3666 3667/3667
f 3668/3668 3669/3669 3670/3670
f 3671/3671 3672/3672 3673/3673
f 3674/3674 3675/3675 3676/3676
f 3677/3677 3678/3678 3679/3679
f 3680/3680 3681/3681 3682/3682
f 3683/3683 3684/3684 3685/3685
f 3686/3686 3687/3687 3688/3688
f 3689/3689 3690/3690 3691/3691
f 3624/3624 3626/3626 3692/3692
f 3693/3693 3694/3694 3695/3695
f 3696/3696 3697/3697 3698/3698
f 3699/3699 3700/3700 3701/3701
f 3702/3702 3703/3703 3704/3704
f 3705/3705 3706/3706 3707/3707
f 3708/3708 3709/3709 3710/3710
f 3711/3711 3712/3712 3713/3713
f 3708/3708 3710/3710 3714/3714
f 3715/3715 3716/3716 3717/3717
f 3718/3718 3719/3719 3720/3720
f 3721/3721 3722/3722 3723/3723
f 3724/3724 3725/3725 3726/3726
f 3727/3727 3728/3728 3729/3729
f 3730/3730 3731/3731 3732/3732
f 3733/3733 3734/3734 3735/3735
f 3736/3736 3737/3737 3738/3738
f 3739/3739 3740/3740 3741/3741
f 3742/3742 3743/3743 3744/3744
f 3745/3745 3639/3639 3641/3641
f 3746/3746 3747/3747 3748/3748
f 3749/3749 3750/3750 3751/3751
f 3752/3752 3683/3683 3753/3753
f 3754/3754 3755/3755 3756/3756
f 3757/3757 3758/3758 3759/3759
f 3760/3760 3761/3761 3762/3762
f 3632/3632 3631/3631 3763/3763
f 3733/3733 3735/3735 3764/3764
f 3765/3765 3766/3766 3767/3767
f 3768/3768 3769/3769 3770/3770
f 3771/3771 3772/3772 3773/3773
f 3774/3774 3775/3775 3776/3776
f 3777/3777 3778/3778 3779/3779
f 3780/3780 3781/3781 3782/3782
f 3783/3783 3784/3784 3785/3785
f 3786/3786 3774/3774 3787/3787
f 3645/3645 3788/3788 3789/3789
f 3790/3790 3791/3791 3792/3792
f 3793/3793 3794/3794 3795/3795
f 3796/3796 3797/3797 3798/3798
f 3799/3799 3800/3800 3801/3801
f 3802/3802 3803/3803 3804/3804
f 3805/3805 3806/3806 3807/3807
f 3808/3808 3809/3809 3810/3810
f 3811/3811 3812/3812 3813/3813
f 3814/3814 3815/3815 3780/3780
f 3816/3816 3696/3696 3698/3698
f 3817/3817 3818/3818 3819/3819
f 3820/3820 3821/3821 3822/3822
f 3823/3823 3678/3678 3677/3677
f 3824/3824 3825/3825 3826/3826
f 3827/3827 3828/3828 3829/3829
f 3830/3830 3831/3831 3832/3832
f 3833/3833 3834/3834 3835/3835
f 3836/3836 3837/3837 3838/3838
f 3839/3839 3840/3840 3841/3841
f 3842/3842 3843/3843 3844/3844
f 3845/3845 3846/3846 3847/3847
f 3848/3848 3849/3849 3850/3850
f 3851/3851 3852/3852 3853/3853
f 3854/3854 3855/3855 3856/3856
f 3857/3857 3858/3858 3859/3859
f 3860/3860 3861/3861 3862/3862
f 3863/3863 3864/3864 3865/3865
f 3866/3866 3867/3867 3868/3868
f 3869/3869 3857/3857 3859/3859
f 3870/3870 3871/3871 3872/3872
f 3873/3873 3874/3874 3875/3875
f 3876/3876 3877/3877 3878/3878
f 3879/3879 3880/3880 3881/3881
f 3882/3882 3883/3883 3884/3884
f 3885/3885 3886/3886 3887/3887
f 3888/3888 3889/3889 3890/3890
f 3891/3891 3892/3892 3893/3893
f 3894/3894 3895/3895 3896/3896
f 3897/3897 3898/3898 3899/3899
f 3878/3878 3877/3877 3900/3900
f 3901/3901 3902/3902 3903/3903
f 3904/3904 3905/3905 3906/3906
f 3907/3907 3908/3908 3909/3909
f 3662/3662 3664/3664 3910/3910
f 3743/3743 3911/3911 3744/3744
f 3912/3912 3913/3913 3914/3914
f 3915/3915 3916/3916 3917/3917
f 3874/3874 3918/3918 3875/3875
f 3811/3811 3813/3813 3919/3919
f 3920/3920 3921/3921 3922/3922
f 3923/3923 3636/3636 3638/3638
f 3727/3727 3729/3729 3924/3924
f 3724/3724 3726/3726 3925/3925
f 3926/3926 3927/3927 3928/3928
f 3929/3929 3930/3930 3931/3931
f 3932/3932 3933/3933 3934/3934
f 3898/3898 3935/3935 3899/3899
f 3936/3936 3937/3937 3938/3938
f 3939/3939 3940/3940 3941/3941
f 3942/3942 3943/3943 3944/3944
f 3945/3945 3946/3946 3947/3947
f 3948/3948 3949/3949 3950/3950
f 3951/3951 3952/3952 3953/3953
f 3871/3871 3954/3954 3872/3872
f 3955/3955 3956/3956 3957/3957
f 3958/3958 3959/3959 3960/3960
f 3961/3961 3962/3962 3963/3963
f 3964/3964 3965/3965 3966/3966
f 3967/3967 3968/3968 3969/3969
f 3970/3970 3971/3971 3972/3972
f 3973/3973 3974/3974 3975/3975
f 3615/3615 3976/3976 3977/3977
f 3978/3978 3979/3979 3980/3980
f 3981/3981 3982/3982 3983/3983
f 3984/3984 3985/3985 3986/3986
f 3987/3987 3988/3988 3989/3989
f 3990/3990 3991/3991 3992/3992
f 3993/3993 3994/3994 3995/3995
f 3996/3996 3997/3997 3998/3998
f 3999/3999 4000/4000 4001/4001
f 4002/4002 4003/4003 4004/4004
f 4005/4005 4006/4006 4007/4007
f 4008/4008 4009/4009 4010/4010
f 4004/4004 4003/4003 4011/4011
f 4012/4012 4013/4013 4014/4014
f 4015/4015 4012/4012 4014/4014
f 4016/4016 4017/4017 4018/4018
f 3868/3868 4019/4019 4020/4020
f 4021/4021 4022/4022 4023/4023
f 4024/4024 4025/4025 4026/4026
f 4027/4027 4028/4028 4029/4029
f 4030/4030 4031/4031 4032/4032
f 4033/4033 3793/3793 4034/4034
f 4035/4035 4036/4036 4037/4037
f 3652/3652 4038/4038 3653/3653
f 4039/4039 4040/4040 4041/4041
f 4042/4042 4043/4043 4044/4044
f 4045/4045 4046/4046 4047/4047
f 4048/4048 4049/4049 4050/4050
f 4051/4051 4052/4052 4053/4053
f 4054/4054 4055/4055 4056/4056
f 4057/4057 4058/4058 4059/4059
f 4060/4060 4061/4061 4062/4062
f 4063/4063 3634/3634 3633/3633
f 3686/3686 4064/4064 3687/3687
f 4065/4065 4054/4054 4056/4056
f 4066/4066 4067/4067 4068/4068
f 4069/4069 4023/4023 4070/4070
f 3921/3921 4071/4071 3922/3922
f 4072/4072 4073/4073 4074/4074
f 4075/4075 4076/4076 4077/4077
f 4078/4078 4079/4079 4080/4080
f 4081/4081 4082/4082 4083/4083
f 3921/3921 4084/4084 4071/4071
f 4085/4085 4086/4086 4087/4087
f 3936/3936 3938/3938 4088/4088
f 4089/4089 4090/4090 4091/4091
f 4092/4092 4093/4093 4094/4094
f 4095/4095 4096/4096 4097/4097
f 4098/4098 4099/4099 4100/4100
f 4101/4101 4102/4102 4103/4103
f 4104/4104 4105/4105 4106/4106
f 4107/4107 4108/4108 4109/4109
f 4110/4110 3854/3854 4111/4111
f 3958/3958 3960/3960 4112/4112
f 4113/4113 4114/4114 4115/4115
f 4116/4116 4117/4117 3581/3581
f 4118/4118 4119/4119 4120/4120
f 4121/4121 4122/4122 4123/4123
f 4124/4124 3926/3926 3928/3928
f 4125/4125 3882/3882 4126/4126
f 3763/3763 4127/4127 4128/4128
f 4129/4129 4130/4130 4131/4131
f 3912/3912 4132/4132 3913/3913
f 4133/4133 4134/4134 4135/4135
f 4136/4136 4057/4057 4137/4137
f 3977/3977 3976/3976 4138/4138
f 4139/4139 4140/4140 4141/4141
f 4142/4142 4143/4143 4144/4144
f 4145/4145 4146/4146 4102/4102
f 4147/4147 4148/4148 4149/4149
f 4150/4150 4030/4030 4032/4032
f 4151/4151 4152/4152 3948/3948
f 4030/4030 4153/4153 4031/4031
f 4154/4154 4155/4155 4156/4156
f 4157/4157 4158/4158 4159/4159
f 4160/4160 4161/4161 4162/4162
f 4163/4163 4164/4164 4165/4165
f 4166/4166 4167/4167 4168/4168
f 4169/4169 4170/4170 4171/4171
f 3692/3692 4172/4172 4173/4173
f 4174/4174 4175/4175 4176/4176
f 4177/4177 4178/4178 4179/4179
f 4180/4180 4181/4181 4182/4182
f 4183/4183 4184/4184 4185/4185
f 4186/4186 4187/4187 4188/4188
f 4189/4189 3991/3991 3990/3990
f 3970/3970 4190/4190 3971/3971
f 4191/4191 4192/4192 4193/4193
f 4194/4194 4195/4195 4196/4196
f 4197/4197 4198/4198 4199/4199
f 3621/3621 4200/4200 3622/3622
f 4169/4169 4171/4171 4201/4201
f 4075/4075 4077/4077 4202/4202
f 4203/4203 4204/4204 4205/4205
f 4206/4206 4207/4207 4208/4208
f 4209/4209 4210/4210 4211/4211
f 4212/4212 4213/4213 4214/4214
f 4215/4215 4216/4216 4217/4217
f 4073/4073 4218/4218 4074/4074
f 4219/4219 4220/4220 4221/4221
f 4222/4222 4223/4223 4224/4224
f 4225/4225 4226/4226 4227/4227
f 4228/4228 4229/4229 4230/4230
f 4231/4231 3791/3791 3790/3790
f 4033/4033 4232/4232 3793/3793
f 4005/4005 4233/4233 4006/4006
f 4234/4234 4235/4235 4236/4236
f 3690/3690 3838/3838 3691/3691
f 3947/3947 3627/3627 3629/3629
f 4237/4237 4238/4238 4239/4239
f 4240/4240 3655/3655 3654/3654
f 4241/4241 4242/4242 3911/3911
f 4243/4243 4244/4244 4245/4245
f 3671/3671 3988/3988 4246/4246
f 4247/4247 4248/4248 4249/4249
f 4250/4250 4251/4251 4252/4252
f 4133/4133 4253/4253 4134/4134
f 4254/4254 4255/4255 4256/4256
f 4052/4052 4257/4257 4258/4258
f 4259/4259 4260/4260 4261/4261
f 4262/4262 4263/4263 4264/4264
f 4265/4265 4266/4266 4267/4267
f 4268/4268 4269/4269 4270/4270
f 4193/4193 4192/4192 4271/4271
f 4272/4272 4273/4273 4274/4274
f 4059/4059 4275/4275 4276/4276
f 4277/4277 4278/4278 4279/4279
f 3825/3825 4280/4280 3826/3826
f 4143/4143 4281/4281 4144/4144
f 4282/4282 4222/4222 4224/4224
f 3953/3953 3952/3952 4283/4283
f 4284/4284 4285/4285 4286/4286
f 4287/4287 4288/4288 4289/4289
f 4290/4290 4291/4291 4292/4292
f 4293/4293 4003/4003 4002/4002
f 3725/3725 3746/3746 3748/3748
f 4294/4294 4295/4295 4296/4296
f 4297/4297 3612/3612 3611/3611
f 4298/4298 4299/4299 4300/4300
f 4161/4161 4301/4301 4162/4162
f 4067/4067 4302/4302 4303/4303
f 4304/4304 4305/4305 3614/3614
f 4306/4306 4307/4307 4308/4308
f 4309/4309 4310/4310 4311/4311
f 3987/3987 4246/4246 3988/3988
f 4312/4312 4313/4313 3932/3932
f 4060/4060 3593/3593 4061/4061
f 4314/4314 3771/3771 4315/4315
f 4169/4169 4201/4201 4316/4316
f 3750/3750 4317/4317 3751/3751
f 3978/3978 3980/3980 4318/4318
f 4319/4319 4320/4320 4321/4321
f 4322/4322 4323/4323 4324/4324
f 4325/4325 4326/4326 4327/4327
f 4328/4328 4237/4237 4329/4329
f 4330/4330 4331/4331 4332/4332
f 4333/4333 4334/4334 4335/4335
f 3766/3766 4336/4336 3767/3767
f 4337/4337 4338/4338 4339/4339
f 4340/4340 3978/3978 4318/4318
f 4341/4341 4342/4342 4343/4343
f 4051/4051 4344/4344 4345/4345
f 4346/4346 4347/4347 4348/4348
f 4092/4092 4349/4349 4093/4093
f 4350/4350 4351/4351 4352/4352
f 4327/4327 4326/4326 4353/4353
f 4354/4354 4355/4355 4356/4356
f 4357/4357 4265/4265 4267/4267
f 4004/4004 4011/4011 4358/4358
f 4359/4359 4312/4312 3932/3932
f 4360/4360 4361/4361 4362/4362
f 4363/4363 4364/4364 4365/4365
f 4158/4158 4366/4366 4159/4159
f 4008/4008 4010/4010 4367/4367
f 4023/4023 4022/4022 4070/4070
f 4368/4368 4369/4369 4110/4110
f 3646/3646 4125/4125 4126/4126
f 4209/4209 4211/4211 4370/4370
f 4371/4371 4372/4372 4373/4373
f 4374/4374 4375/4375 3954/3954
f 4247/4247 4376/4376 4248/4248
f 4156/4156 4377/4377 4154/4154
f 4343/4343 3742/3742 4378/4378
f 4379/4379 4380/4380 4381/4381
f 4382/4382 4073/4073 4072/4072
f 3688/3688 3687/3687 4383/4383
f 4384/4384 4385/4385 4386/4386
f 4387/4387 4388/4388 4389/4389
f 4390/4390 4391/4391 4392/4392
f 3957/3957 3817/3817 3819/3819
f 4393/4393 4012/4012 4015/4015
f 4183/4183 4394/4394 4395/4395
f 4396/4396 4397/4397 4398/4398
f 4399/4399 4400/4400 4401/4401
f 4234/4234 4402/4402 4403/4403
f 4404/4404 4405/4405 4406/4406
f 4407/4407 4250/4250 4252/4252
f 4408/4408 4409/4409 4410/4410
f 3604/3604 4411/4411 4412/4412
f 3969/3969 3968/3968 4413/4413
f 4414/4414 4415/4415 4416/4416
f 4417/4417 4347/4347 4418/4418
f 4419/4419 4420/4420 4421/4421
f 4036/4036 4422/4422 4037/4037
f 4423/4423 4064/4064 3686/3686
f 4424/4424 4425/4425 4426/4426
f 4427/4427 4045/4045 4047/4047
f 4428/4428 4429/4429 4430/4430
f 4218/4218 3919/3919 4431/4431
f 4390/4390 4432/4432 4391/4391
f 4433/4433 4434/4434 4435/4435
f 4224/4224 4436/4436 4221/4221
f 3620/3620 4132/4132 3912/3912
f 4437/4437 4438/4438 4439/4439
f 4440/4440 4441/4441 4438/4438
f 4442/4442 3605/3605 3607/3607
f 3690/3690 3836/3836 3838/3838
f 3581/3581 4117/4117 4443/4443
f 4444/4444 4445/4445 4446/4446
f 4447/4447 4448/4448 4449/4449
f 4195/4195 4447/4447 4449/4449
f 3966/3966 3965/3965 4450/4450
f 4098/4098 4100/4100 4451/4451
f 4452/4452 4453/4453 4454/4454
f 4455/4455 4209/4209 4370/4370
f 4456/4456 4457/4457 4458/4458
f 4459/4459 4460/4460 4461/4461
f 4462/4462 3958/3958 4112/4112
f 4240/4240 4237/4237 4239/4239
f 3740/3740 4463/4463 4464/4464
f 4465/4465 4283/4283 4282/4282
f 4140/4140 3580/3580 4141/4141
f 4466/4466 3820/3820 4467/4467
f 4468/4468 4469/4469 4289/4289
f 4470/4470 4471/4471 4472/4472
f 4315/4315 3771/3771 3773/3773
f 4473/4473 4474/4474 4475/4475
f 4043/4043 4042/4042 4476/4476
f 4477/4477 4478/4478 4479/4479
f 4480/4480 4176/4176 4175/4175
f 4260/4260 4481/4481 4261/4261
f 4335/4335 4482/4482 4483/4483
f 4484/4484 4485/4485 4486/4486
f 4487/4487 3692/3692 4173/4173
f 4488/4488 4489/4489 4490/4490
f 4456/4456 4491/4491 4457/4457
f 4492/4492 4419/4419 4421/4421
f 3763/3763 4128/4128 4063/4063
f 4061/4061 3931/3931 4062/4062
f 4493/4493 4494/4494 4495/4495
f 4496/4496 4494/4494 4493/4493
f 4497/4497 4255/4255 4498/4498
f 4499/4499 4500/4500 4501/4501
f 4502/4502 4503/4503 4504/4504
f 4310/4310 4505/4505 4311/4311
f 4506/4506 4507/4507 4508/4508
f 4509/4509 4510/4510 4511/4511
f 4512/4512 4513/4513 4514/4514
f 4515/4515 4516/4516 4517/4517
f 4028/4028 4518/4518 4519/4519
f 4520/4520 4521/4521 3765/3765
f 4522/4522 4098/4098 4451/4451
f 4096/4096 3689/3689 4097/4097
f 4523/4523 4524/4524 4525/4525
f 4459/4459 4461/4461 4526/4526
f 4527/4527 4262/4262 3849/3849
f 4528/4528 4529/4529 4530/4530
f 4138/4138 4531/4531 4532/4532
f 3761/3761 4533/4533 3762/3762
f 4286/4286 4285/4285 4288/4288
f 4058/4058 4275/4275 4059/4059
f 4427/4427 4047/4047 4534/4534
f 4205/4205 4535/4535 4536/4536
f 4355/4355 4122/4122 4121/4121
f 4216/4216 4355/4355 4121/4121
f 4537/4537 4524/4524 4523/4523
f 4538/4538 4539/4539 4540/4540
f 4029/4029 4028/4028 4519/4519
f 4130/4130 3764/3764 4131/4131
f 4270/4270 4269/4269 4541/4541
f 4542/4542 4539/4539 4538/4538
f 4048/4048 4543/4543 4049/4049
f 4544/4544 4545/4545 4546/4546
f 4080/4080 4547/4547 4078/4078
f 4254/4254 4548/4548 4255/4255
f 4549/4549 4550/4550 4279/4279
f 4385/4385 4551/4551 4386/4386
f 4552/4552 4094/4094 4093/4093
f 4553/4553 4554/4554 4555/4555
f 4556/4556 4557/4557 4558/4558
f 4395/4395 4394/4394 4559/4559
f 4560/4560 4561/4561 4562/4562
f 3769/3769 4167/4167 4166/4166
f 4511/4511 4563/4563 4408/4408
f 4510/4510 4563/4563 4511/4511
f 4564/4564 4565/4565 4566/4566
f 4567/4567 4041/4041 4568/4568
f 4569/4569 4570/4570 4571/4571
f 4572/4572 4360/4360 4362/4362
f 4573/4573 4417/4417 4418/4418
f 4052/4052 4258/4258 4053/4053
f 4153/4153 4574/4574 4031/4031
f 3784/3784 3695/3695 3785/3785
f 4088/4088 3938/3938 4085/4085
f 4575/4575 3774/3774 3776/3776
f 4506/4506 4576/4576 4507/4507
f 4577/4577 4578/4578 4579/4579
f 4580/4580 4581/4581 4582/4582
f 4581/4581 4583/4583 4582/4582
f 4216/4216 4544/4544 4546/4546
f 4218/4218 3811/3811 3919/3919
f 3699/3699 3701/3701 4584/4584
f 4585/4585 4586/4586 4587/4587
f 4588/4588 4589/4589 4590/4590
f 4591/4591 4592/4592 4593/4593
f 4594/4594 4577/4577 4579/4579
f 4503/4503 4595/4595 4504/4504
f 4596/4596 4597/4597 4598/4598
f 4599/4599 4142/4142 4600/4600
f 4601/4601 4499/4499 4501/4501
f 4430/4430 4602/4602 4603/4603
f 4604/4604 3662/3662 3910/3910
f 3609/3609 4337/4337 3610/3610
f 4605/4605 4606/4606 4607/4607
f 4227/4227 4226/4226 4608/4608
f 4105/4105 4609/4609 4106/4106
f 4145/4145 4102/4102 4101/4101
f 3702/3702 3704/3704 4610/4610
f 4611/4611 4612/4612 4613/4613
f 4057/4057 4059/4059 4137/4137
f 4277/4277 4279/4279 4614/4614
f 4615/4615 4202/4202 4616/4616
f 4316/4316 4201/4201 4617/4617
f 4618/4618 4619/4619 4620/4620
f 4621/4621 3752/3752 3753/3753
f 4622/4622 4623/4623 4624/4624
f 4452/4452 4454/4454 4625/4625
f 4626/4626 3823/3823 3677/3677
f 4118/4118 4120/4120 4627/4627
f 4628/4628 4629/4629 4630/4630
f 4176/4176 4405/4405 4174/4174
f 4631/4631 4632/4632 4633/4633
f 4631/4631 4633/4633 4634/4634
f 3753/3753 3683/3683 3685/3685
f 4159/4159 4366/4366 4363/4363
f 4402/4402 4026/4026 4403/4403
f 4635/4635 4636/4636 4637/4637
f 4638/4638 4496/4496 4493/4493
f 4203/4203 4639/4639 4204/4204
f 3633/3633 3635/3635 3768/3768
f 4514/4514 4640/4640 4512/4512
f 4641/4641 4642/4642 4643/4643
f 4000/4000 4644/4644 4001/4001
f 3610/3610 4337/4337 4339/4339
f 3797/3797 3990/3990 3798/3798
f 3631/3631 4127/4127 3763/3763
f 4645/4645 3786/3786 3787/3787
f 4646/4646 4647/4647 4648/4648
f 4242/4242 3648/3648 3650/3650
f 3587/3587 4649/4649 3588/3588
f 4650/4650 4520/4520 3765/3765
f 4162/4162 4301/4301 4651/4651
f 4479/4479 4478/4478 4652/4652
f 4653/4653 4654/4654 4655/4655
f 4656/4656 4654/4654 4653/4653
f 3788/3788 4125/4125 3789/3789
f 4063/4063 4128/4128 3634/3634
f 3850/3850 4442/4442 3848/3848
f 3836/3836 3845/3845 3837/3837
f 3795/3795 3794/3794 4657/4657
f 4332/4332 4658/4658 4333/4333
f 4659/4659 4660/4660 4661/4661
f 4043/4043 4476/4476 4662/4662
f 4491/4491 4663/4663 4492/4492
f 3599/3599 4664/4664 3600/3600
f 4200/4200 3993/3993 3995/3995
f 3663/3663 4197/4197 4199/4199
f 4641/4641 4665/4665 4642/4642
f 4666/4666 4250/4250 4407/4407
f 4489/4489 4667/4667 4668/4668
f 4644/4644 4669/4669 4001/4001
f 4670/4670 4082/4082 4081/4081
f 4671/4671 4474/4474 4473/4473
f 3976/3976 4531/4531 4138/4138
f 3774/3774 3973/3973 3975/3975
f 4672/4672 4673/4673 4674/4674
f 4675/4675 4676/4676 4677/4677
f 4141/4141 3580/3580 3582/3582
f 3616/3616 3615/3615 3977/3977
f 4678/4678 4679/4679 4680/4680
f 4678/4678 4681/4681 4682/4682
f 4683/4683 4678/4678 4684/4684
f 4675/4675 4685/4685 4676/4676
f 4212/4212 4686/4686 4687/4687
f 4688/4688 4689/4689 4686/4686
f 4690/4690 4691/4691 4692/4692
f 4693/4693 4694/4694 4695/4695
f 4696/4696 4637/4637 4697/4697
f 4265/4265 4698/4698 4266/4266
f 4699/4699 4700/4700 4701/4701
f 4634/4634 4702/4702 4703/4703
f 3881/3881 3880/3880 4704/4704
f 4457/4457 4705/4705 4458/4458
f 4706/4706 4707/4707 4272/4272
f 4467/4467 3820/3820 3822/3822
f 3959/3959 3595/3595 3597/3597
f 4328/4328 4325/4325 4327/4327
f 4153/4153 4708/4708 4574/4574
f 3946/3946 3627/3627 3947/3947
f 4326/4326 4354/4354 4353/4353
f 4122/4122 4709/4709 4123/4123
f 3991/3991 3799/3799 3992/3992
f 3968/3968 3970/3970 3972/3972
f 4688/4688 4710/4710 4689/4689
f 4711/4711 4350/4350 4712/4712
f 4221/4221 4220/4220 4224/4224
f 4713/4713 3739/3739 3741/3741
f 4714/4714 4715/4715 4716/4716
f 4717/4717 4718/4718 4719/4719
f 3956/3956 3817/3817 3957/3957
f 4237/4237 4240/4240 3654/3654
f 4720/4720 4328/4328 4329/4329
f 3755/3755 4721/4721 3756/3756
f 4722/4722 4723/4723 4724/4724
f 3614/3614 4305/4305 3615/3615
f 4441/4441 4725/4725 4438/4438
f 4726/4726 4727/4727 4728/4728
f 4729/4729 4730/4730 4731/4731
f 4406/4406 4405/4405 4731/4731
f 4732/4732 4733/4733 4734/4734
f 4735/4735 4732/4732 4734/4734
f 4736/4736 4737/4737 4738/4738
f 4739/4739 4740/4740 4741/4741
f 4143/4143 4742/4742 4281/4281
f 4743/4743 4291/4291 4290/4290
f 3965/3965 4340/4340 4450/4450
f 4342/4342 4744/4744 4343/4343
f 4745/4745 4462/4462 4746/4746
f 4747/4747 4748/4748 4448/4448
f 4473/4473 4475/4475 4749/4749
f 3601/3601 4513/4513 4512/4512
f 4186/4186 4188/4188 4750/4750
f 4751/4751 4752/4752 4557/4557
f 3737/3737 4753/4753 3738/3738
f 4754/4754 4755/4755 4756/4756
f 4152/4152 3949/3949 3948/3948
f 4629/4629 3833/3833 3835/3835
f 4287/4287 4289/4289 4469/4469
f 4757/4757 4758/4758 4759/4759
f 4760/4760 4656/4656 4653/4653
f 4761/4761 4561/4561 4560/4560
f 4109/4109 4108/4108 4369/4369
f 4762/4762 3879/3879 3881/3881
f 4025/4025 4024/4024 4763/4763
f 4191/4191 4195/4195 4192/4192
f 4623/4623 4622/4622 4764/4764
f 4453/4453 4452/4452 4213/4213
f 4508/4508 4507/4507 4510/4510
f 3694/3694 4147/4147 4149/4149
f 3735/3735 4298/4298 4300/4300
f 4765/4765 4766/4766 4767/4767
f 4563/4563 4409/4409 4408/4408
f 3784/3784 3693/3693 3695/3695
f 4768/4768 4365/4365 4332/4332
f 4365/4365 4768/4768 4769/4769
f 3656/3656 4191/4191 4193/4193
f 4272/4272 4707/4707 4273/4273
f 4770/4770 4771/4771 4382/4382
f 4545/4545 4772/4772 4773/4773
f 4774/4774 4775/4775 4776/4776
f 3998/3998 3997/3997 4777/4777
f 4109/4109 4369/4369 4368/4368
f 4126/4126 3882/3882 3884/3884
f 4479/4479 4778/4778 4477/4477
f 4042/4042 4044/4044 4779/4779
f 4780/4780 4781/4781 3834/3834
f 4782/4782 4783/4783 4784/4784
f 3880/3880 4785/4785 4704/4704
f 4785/4785 4786/4786 4787/4787
f 4548/4548 4788/4788 4789/4789
f 4789/4789 4788/4788 4790/4790
f 4791/4791 4161/4161 4160/4160
f 4792/4792 4793/4793 4794/4794
f 4795/4795 4796/4796 4797/4797
f 4798/4798 4799/4799 4800/4800
f 4590/4590 4589/4589 4592/4592
f 3975/3975 4722/4722 4724/4724
f 4801/4801 4802/4802 3643/3643
f 4670/4670 4803/4803 4082/4082
f 4804/4804 4805/4805 4806/4806
f 4807/4807 4808/4808 4804/4804
f 4809/4809 4810/4810 4811/4811
f 4812/4812 4813/4813 4814/4814
f 4815/4815 4816/4816 4817/4817
f 4816/4816 4581/4581 4580/4580
f 4818/4818 4819/4819 4820/4820
f 3758/3758 4821/4821 3759/3759
f 4822/4822 4377/4377 4156/4156
f 4159/4159 4822/4822 4157/4157
f 4491/4491 4492/4492 4457/4457
f 3726/3726 3725/3725 3748/3748
f 4099/4099 4823/4823 4100/4100
f 4824/4824 4825/4825 4826/4826
f 4154/4154 4827/4827 4155/4155
f 4221/4221 4436/4436 4827/4827
f 3953/3953 4828/4828 4829/4829
f 4282/4282 4830/4830 4465/4465
f 3743/3743 4241/4241 3911/3911
f 4831/4831 4832/4832 4833/4833
f 4757/4757 4759/4759 4834/4834
f 4333/4333 4658/4658 4334/4334
f 4835/4835 4027/4027 4029/4029
f 3797/3797 4189/4189 3990/3990
f 4389/4389 4388/4388 4836/4836
f 4837/4837 4737/4737 4736/4736
f 4826/4826 4825/4825 4838/4838
f 3663/3663 4199/4199 3664/3664
f 4614/4614 4839/4839 4840/4840
f 4841/4841 4840/4840 4842/4842
f 3982/3982 4843/4843 3983/3983
f 3607/3607 3606/3606 3661/3661
f 4447/4447 4747/4747 4448/4448
f 3655/3655 4191/4191 3656/3656
f 4353/4353 4354/4354 4356/4356
f 3599/3599 4124/4124 4664/4664
f 4844/4844 4845/4845 4846/4846
f 4801/4801 4847/4847 4802/4802
f 3742/3742 3744/3744 4378/4378
f 4377/4377 4219/4219 4154/4154
f 4264/4264 4489/4489 4488/4488
f 3849/3849 4848/4848 3850/3850
f 4455/4455 4370/4370 4849/4849
f 4850/4850 4851/4851 4852/4852
f 4712/4712 4350/4350 4352/4352
f 4853/4853 4735/4735 4854/4854
f 3959/3959 3597/3597 3960/3960
f 4460/4460 4456/4456 4458/4458
f 3580/3580 4116/4116 3581/3581
f 4855/4855 4856/4856 4857/4857
f 4858/4858 4859/4859 4860/4860
f 4809/4809 4811/4811 4861/4861
f 4862/4862 4863/4863 4864/4864
f 4864/4864 3657/3657 3659/3659
f 4585/4585 4865/4865 4866/4866
f 4866/4866 4586/4586 4585/4585
f 4867/4867 4868/4868 4869/4869
f 4870/4870 4691/4691 4690/4690
f 4156/4156 4155/4155 4158/4158
f 4871/4871 3590/3590 3589/3589
f 4803/4803 4872/4872 4873/4873
f 4084/4084 4874/4874 4071/4071
f 4815/4815 4875/4875 4876/4876
f 4618/4618 4875/4875 4815/4815
f 4877/4877 4878/4878 4765/4765
f 4878/4878 4766/4766 4765/4765
f 3938/3938 4086/4086 4085/4085
f 3880/3880 4786/4786 4785/4785
f 4508/4508 4510/4510 4509/4509
f 3914/3914 3913/3913 4879/4879
f 4714/4714 4716/4716 4163/4163
f 4477/4477 4880/4880 4478/4478
f 3953/3953 4829/4829 3951/3951
f 4395/4395 4881/4881 4882/4882
f 4883/4883 4884/4884 4885/4885
f 4886/4886 4887/4887 4888/4888
f 3594/3594 3593/3593 4060/4060
f 4513/4513 4515/4515 4514/4514
f 4889/4889 4890/4890 4891/4891
f 4766/4766 4889/4889 4891/4891
f 4090/4090 4892/4892 4091/4091
f 4893/4893 4894/4894 4895/4895
f 4186/4186 4896/4896 4187/4187
f 4183/4183 4897/4897 4184/4184
f 4898/4898 4134/4134 4253/4253
f 4899/4899 4900/4900 4666/4666
f 4901/4901 4902/4902 4903/4903
f 4797/4797 4904/4904 4795/4795
f 4570/4570 4905/4905 4571/4571
f 4806/4806 4805/4805 4906/4906
f 4907/4907 4908/4908 4540/4540
f 4142/4142 4144/4144 4600/4600
f 4430/4430 4909/4909 4428/4428
f 4909/4909 4610/4610 4428/4428
f 4061/4061 3929/3929 3931/3931
f 4013/4013 4312/4312 4359/4359
f 4910/4910 4342/4342 4341/4341
f 4911/4911 4910/4910 4341/4341
f 4912/4912 4913/4913 4914/4914
f 4914/4914 4824/4824 4826/4826
f 4915/4915 3760/3760 4916/4916
f 4916/4916 3760/3760 3762/3762
f 4528/4528 4530/4530 4917/4917
f 3848/3848 4527/4527 3849/3849
f 4007/4007 3670/3670 4005/4005
f 4918/4918 4236/4236 4919/4919
f 4920/4920 4139/4139 4141/4141
f 4921/4921 4139/4139 4920/4920
f 4462/4462 4112/4112 4746/4746
f 4524/4524 4459/4459 4525/4525
f 3591/3591 3604/3604 4412/4412
f 4366/4366 4364/4364 4363/4363
f 4111/4111 3854/3854 3856/3856
f 4922/4922 3645/3645 3647/3647
f 4699/4699 4923/4923 4924/4924
f 4925/4925 4923/4923 4699/4699
f 4926/4926 4884/4884 4883/4883
f 4927/4927 4928/4928 4929/4929
f 4274/4274 4273/4273 4930/4930
f 4924/4924 4931/4931 4932/4932
f 4763/4763 4024/4024 4933/4933
f 4402/4402 4234/4234 4934/4934
f 4541/4541 4935/4935 4270/4270
f 4266/4266 4936/4936 4267/4267
f 4937/4937 4938/4938 4798/4798
f 4798/4798 4938/4938 4799/4799
f 4569/4569 4612/4612 4611/4611
f 4571/4571 4939/4939 4569/4569
f 4891/4891 4890/4890 4940/4940
f 4941/4941 4726/4726 4942/4942
f 4812/4812 4659/4659 4813/4813
f 4812/4812 4660/4660 4659/4659
f 4734/4734 4733/4733 4943/4943
f 4389/4389 4944/4944 4945/4945
f 4787/4787 4946/4946 4947/4947
f 4786/4786 4948/4948 4787/4787
f 4949/4949 4950/4950 4951/4951
f 4952/4952 4950/4950 4949/4949
f 4953/4953 4410/4410 4409/4409
f 4954/4954 4285/4285 4955/4955
f 3620/3620 3619/3619 4132/4132
f 4579/4579 4578/4578 4506/4506
f 4956/4956 4434/4434 4433/4433
f 4957/4957 4958/4958 4959/4959
f 4530/4530 3996/3996 4960/4960
f 3996/3996 4774/4774 4960/4960
f 4961/4961 4962/4962 4963/4963
f 4962/4962 4964/4964 4963/4963
f 4719/4719 4965/4965 4717/4717
f 4163/4163 4165/4165 4714/4714
f 4755/4755 4877/4877 4756/4756
f 4756/4756 4877/4877 4966/4966
f 4967/4967 4968/4968 4969/4969
f 4850/4850 4970/4970 4851/4851
f 4517/4517 4516/4516 4915/4915
f 4915/4915 4516/4516 3760/3760
f 4706/4706 4971/4971 4819/4819
f 4706/4706 4819/4819 4818/4818
f 4864/4864 4863/4863 3657/3657
f 3822/3822 3821/3821 4972/4972
f 4735/4735 4734/4734 4854/4854
f 4734/4734 4943/4943 4854/4854
f 4973/4973 4914/4914 4913/4913
f 4974/4974 4973/4973 4913/4913
f 4113/4113 4115/4115 4461/4461
f 4705/4705 4113/4113 4458/4458
f 4114/4114 4975/4975 4115/4115
f 4975/4975 4523/4523 4525/4525
f 4976/4976 4977/4977 4978/4978
f 4977/4977 4974/4974 4978/4978
f 4979/4979 4980/4980 4351/4351
f 4688/4688 4981/4981 4982/4982
f 4911/4911 4618/4618 4620/4620
f 4983/4983 4911/4911 4984/4984
f 4505/4505 4310/4310 4985/4985
f 4298/4298 4503/4503 4299/4299
f 4783/4783 4480/4480 4175/4175
f 3845/3845 4986/4986 3837/3837
f 4987/4987 4988/4988 4740/4740
f 4988/4988 4989/4989 4740/4740
f 4672/4672 4646/4646 4648/4648
f 4673/4673 4672/4672 4990/4990
f 4991/4991 4992/4992 4993/4993
f 4857/4857 4856/4856 4991/4991
f 4994/4994 4995/4995 4996/4996
f 4083/4083 4606/4606 4997/4997
f 4998/4998 4912/4912 4914/4914
f 4244/4244 3966/3966 4245/4245
f 3613/3613 3618/3618 3620/3620
f 4224/4224 4223/4223 4436/4436
f 4999/4999 5000/5000 5001/5001
f 5001/5001 5000/5000 5002/5002
f 4825/4825 5003/5003 4838/4838
f 5003/5003 5004/5004 4968/4968
f 3673/3673 4564/4564 4040/4040
f 4896/4896 5005/5005 4187/4187
f 5006/5006 5007/5007 5008/5008
f 5006/5006 5008/5008 5009/5009
f 4877/4877 4765/4765 4966/4966
f 4190/4190 5010/5010 3971/3971
f 4992/4992 5011/5011 4993/4993
f 4792/4792 5012/5012 4793/4793
f 5013/5013 4564/4564 3672/3672
f 3673/3673 3672/3672 4564/4564
f 5014/5014 4855/4855 4857/4857
f 5015/5015 4855/4855 5014/5014
f 4867/4867 5016/5016 5017/5017
f 5018/5018 4867/4867 4869/4869
f 4740/4740 4989/4989 4741/4741
f 3992/3992 3799/3799 3801/3801
f 5019/5019 4761/4761 5020/5020
f 4561/4561 4761/4761 5019/5019
f 4915/4915 5021/5021 4517/4517
f 5021/5021 4640/4640 4514/4514
f 4389/4389 4836/4836 4944/4944
f 4736/4736 5022/5022 5023/5023
f 4421/4421 5024/5024 5025/5025
f 4418/4418 5026/5026 4573/4573
f 3767/3767 4336/4336 4987/4987
f 4336/4336 4988/4988 4987/4987
f 4528/4528 4917/4917 5027/5027
f 4978/4978 5028/5028 4976/4976
f 4648/4648 4647/4647 5029/5029
f 4647/4647 4831/4831 5029/5029
f 4014/4014 4013/4013 4359/4359
f 4804/4804 4808/4808 4805/4805
f 5030/5030 4860/4860 4306/4306
f 4306/4306 4860/4860 4307/4307
f 4598/4598 4597/4597 3936/3936
f 4590/4590 4592/4592 4591/4591
f 4985/4985 4310/4310 5031/5031
f 4565/4565 4564/4564 5013/5013
f 5032/5032 4907/4907 4523/4523
f 4975/4975 5032/5032 4523/4523
f 4408/4408 4410/4410 4284/4284
f 4412/4412 4411/4411 5033/5033
f 4608/4608 3592/3592 3594/3594
f 4606/4606 4605/4605 4997/4997
f 4229/4229 4314/4314 4315/4315
f 4653/4653 4655/4655 5034/5034
f 4541/4541 5035/5035 4935/4935
f 4540/4540 4908/4908 4538/4538
f 4504/4504 4595/4595 4594/4594
f 3612/3612 3618/3618 3613/3613
f 5036/5036 4809/4809 4861/4861
f 5037/5037 4814/4814 5038/5038
f 5039/5039 5040/5040 5041/5041
f 5042/5042 5039/5039 5041/5041
f 4437/4437 4440/4440 4438/4438
f 4089/4089 4091/4091 5043/5043
f 4267/4267 5044/5044 4357/4357
f 3668/3668 3670/3670 4007/4007
f 4780/4780 3834/3834 3833/3833
f 5045/5045 5046/5046 5047/5047
f 4957/4957 5048/5048 5049/5049
f 5050/5050 4957/4957 5049/5049
f 5051/5051 4754/4754 5052/5052
f 5053/5053 5051/5051 5052/5052
f 4578/4578 4576/4576 4506/4506
f 4130/4130 3733/3733 3764/3764
f 4255/4255 5054/5054 4498/4498
f 4500/4500 4379/4379 4501/4501
f 4463/4463 3805/3805 3807/3807
f 4673/4673 4677/4677 4674/4674
f 5055/5055 5056/5056 4999/4999
f 4999/4999 5056/5056 5000/5000
f 5057/5057 4586/4586 4866/4866
f 5058/5058 3699/3699 5059/5059
f 4200/4200 3995/3995 3622/3622
f 4737/4737 4739/4739 4738/4738
f 4645/4645 5060/5060 3786/3786
f 5061/5061 5060/5060 4645/4645
f 4766/4766 4891/4891 4767/4767
f 3968/3968 3972/3972 4413/4413
f 4947/4947 5007/5007 5006/5006
f 4947/4947 4946/4946 5007/5007
f 5062/5062 3662/3662 4604/4604
f 5063/5063 5062/5062 4604/4604
f 4961/4961 4963/4963 4951/4951
f 4950/4950 4961/4961 4951/4951
f 4581/4581 5064/5064 4583/4583
f 4385/4385 5065/5065 4551/4551
f 4595/4595 4577/4577 4594/4594
f 3735/3735 3734/3734 4298/4298
f 4937/4937 5066/5066 4938/4938
f 4068/4068 4067/4067 5067/5067
f 5068/5068 5069/5069 4717/4717
f 4717/4717 5069/5069 4718/4718
f 4550/4550 5070/5070 4279/4279
f 4551/4551 5065/5065 5071/5071
f 5072/5072 5073/5073 4251/4251
f 4250/4250 5072/5072 4251/4251
f 4539/4539 4537/4537 4540/4540
f 3617/3617 3585/3585 4280/4280
f 4832/4832 5074/5074 5075/5075
f 4833/4833 4832/4832 5075/5075
f 5076/5076 5077/5077 5078/5078
f 4607/4607 5078/5078 4605/4605
f 5079/5079 5080/5080 5061/5061
f 5061/5061 5080/5080 5060/5060
f 5081/5081 4844/4844 4846/4846
f 4844/4844 5081/5081 5082/5082
f 5083/5083 5084/5084 5085/5085
f 5085/5085 5084/5084 5086/5086
f 4964/4964 5062/5062 5063/5063
f 4963/4963 4964/4964 5063/5063
f 4272/4272 4971/4971 4706/4706
f 3917/3917 3916/3916 5087/5087
f 4627/4627 4120/4120 4466/4466
f 4856/4856 4992/4992 4991/4991
f 4395/4395 4882/4882 4183/4183
f 4183/4183 4882/4882 4897/4897
f 4934/4934 4234/4234 4918/4918
f 4234/4234 4236/4236 4918/4918
f 5088/5088 5089/5089 4887/4887
f 4886/4886 5088/5088 4887/4887
f 4760/4760 4653/4653 5090/5090
f 5091/5091 5092/5092 5093/5093
f 4784/4784 5094/5094 5095/5095
f 5094/5094 5096/5096 5095/5095
f 5097/5097 4468/4468 4289/4289
f 4056/4056 4055/4055 5098/5098
f 5040/5040 5099/5099 5100/5100
f 5041/5041 5040/5040 5100/5100
f 5101/5101 5102/5102 4749/4749
f 5102/5102 4473/4473 4749/4749
f 5103/5103 5104/5104 5105/5105
f 5105/5105 5104/5104 5106/5106
f 4224/4224 5107/5107 4282/4282
f 4282/4282 5107/5107 4830/4830
f 4787/4787 4948/4948 4946/4946
f 4597/4597 3937/3937 3936/3936
f 5097/5097 4289/4289 5108/5108
f 5108/5108 4289/4289 4288/4288
f 5109/5109 4056/4056 5098/5098
f 5110/5110 4483/4483 4485/4485
f 4019/4019 3621/3621 4020/4020
f 5111/5111 4623/4623 4764/4764
f 4974/4974 4913/4913 5112/5112
f 4978/4978 4974/4974 5112/5112
f 4761/4761 4560/4560 5079/5079
f 5079/5079 4560/4560 5080/5080
f 5095/5095 5096/5096 5113/5113
f 5096/5096 5114/5114 5113/5113
f 4838/4838 5003/5003 4968/4968
f 4324/4324 3961/3961 3963/3963
f 5115/5115 4009/4009 5116/5116
f 5117/5117 4496/4496 5118/5118
f 5053/5053 5052/5052 5119/5119
f 4842/4842 5053/5053 4841/4841
f 5120/5120 5121/5121 5122/5122
f 5122/5122 5121/5121 5123/5123
f 4693/4693 4695/4695 4553/4553
f 4554/4554 4553/4553 4695/4695
f 3973/3973 5030/5030 3974/3974
f 3974/3974 5030/5030 4306/4306
f 5051/5051 5124/5124 4754/4754
f 5124/5124 4755/4755 4754/4754
f 4810/4810 5125/5125 4811/4811
f 4859/4859 4307/4307 4860/4860
f 5126/5126 4660/4660 4812/4812
f 5037/5037 4812/4812 4814/4814
f 5127/5127 5077/5077 4862/4862
f 5078/5078 5077/5077 5127/5127
f 4952/4952 4848/4848 5128/5128
f 5129/5129 4488/4488 5130/5130
f 5131/5131 4510/4510 5132/5132
f 5132/5132 4510/4510 4129/4129
f 4117/4117 3727/3727 4443/4443
f 4993/4993 5012/5012 4792/4792
f 4240/4240 4239/4239 4748/4748
f 4747/4747 4240/4240 4748/4748
f 4633/4633 4632/4632 5133/5133
f 4066/4066 4302/4302 4067/4067
f 3980/3980 3885/3885 3887/3887
f 5028/5028 5134/5134 4976/4976
f 4954/4954 4288/4288 4285/4285
f 5108/5108 4288/4288 4954/4954
f 4732/4732 5135/5135 4733/4733
f 5136/5136 3866/3866 5137/5137
f 4489/4489 4668/4668 4490/4490
f 5138/5138 4487/4487 4173/4173
f 5075/5075 5074/5074 5139/5139
f 5074/5074 4910/4910 5139/5139
f 4673/4673 4990/4990 5140/5140
f 5141/5141 4675/4675 5142/5142
f 4493/4493 4495/4495 5143/5143
f 4205/4205 4204/4204 4535/4535
f 4328/4328 4327/4327 4238/4238
f 4237/4237 4328/4328 4238/4238
f 5048/5048 5144/5144 5145/5145
f 5049/5049 5048/5048 5145/5145
f 4672/4672 4648/4648 4990/4990
f 4323/4323 3961/3961 4324/4324
f 4588/4588 5106/5106 4589/4589
f 5105/5105 5106/5106 4588/4588
f 4439/4439 4438/4438 5146/5146
f 5147/5147 4249/4249 5148/5148
f 4355/4355 4216/4216 4215/4215
f 4356/4356 4355/4355 4215/4215
f 4122/4122 4326/4326 4709/4709
f 4326/4326 4325/4325 4709/4709
f 4192/4192 4763/4763 4271/4271
f 4192/4192 4025/4025 4763/4763
f 4701/4701 4925/4925 4699/4699
f 4633/4633 5149/5149 4634/4634
f 4195/4195 4449/4449 4196/4196
f 3825/3825 3617/3617 4280/4280
f 5150/5150 4265/4265 4357/4357
f 5151/5151 5152/5152 5153/5153
f 4989/4989 5022/5022 4738/4738
f 5022/5022 4736/4736 4738/4738
f 4936/4936 5154/5154 4267/4267
f 4267/4267 5154/5154 5044/5044
f 3932/3932 4313/4313 3933/3933
f 4607/4607 5076/5076 5078/5078
f 4365/4365 4769/4769 4363/4363
f 4363/4363 4769/4769 5155/5155
f 4379/4379 4381/4381 4501/4501
f 5156/5156 4430/4430 4603/4603
f 5055/5055 4790/4790 5056/5056
f 4296/4296 4295/4295 5157/5157
f 4460/4460 4458/4458 4461/4461
f 4458/4458 4113/4113 4461/4461
f 4730/4730 4406/4406 4731/4731
f 5138/5138 4173/4173 5158/5158
f 4708/4708 5159/5159 4574/4574
f 4841/4841 5053/5053 5119/5119
f 5160/5160 4671/4671 4473/4473
f 5161/5161 5162/5162 4473/4473
f 4970/4970 4969/4969 4851/4851
f 4320/4320 3865/3865 4321/4321
f 4863/4863 4862/4862 5163/5163
f 5163/5163 4862/4862 5077/5077
f 4237/4237 3654/3654 5164/5164
f 4329/4329 4237/4237 5164/5164
f 4663/4663 4419/4419 4492/4492
f 4124/4124 3928/3928 4664/4664
f 3804/3804 3803/3803 3611/3611
f 4283/4283 4222/4222 4282/4282
f 4678/4678 4682/4682 4679/4679
f 3942/3942 3944/3944 5165/5165
f 4749/4749 4475/4475 3601/3601
f 4475/4475 3602/3602 3601/3601
f 4463/4463 3807/3807 4464/4464
f 4465/4465 4830/4830 4828/4828
f 4818/4818 4820/4820 4807/4807
f 4807/4807 4820/4820 4808/4808
f 5166/5166 5167/5167 5168/5168
f 5167/5167 5169/5169 5168/5168
f 5170/5170 5171/5171 4921/4921
f 4921/4921 5171/5171 4916/4916
f 4622/4622 5167/5167 5166/5166
f 4764/4764 4622/4622 5166/5166
f 5002/5002 5172/5172 5173/5173
f 5173/5173 5172/5172 4786/4786
f 4678/4678 4683/4683 4681/4681
f 4685/4685 4675/4675 5141/5141
f 3849/3849 4264/4264 4848/4848
f 4262/4262 4264/4264 3849/3849
f 5114/5114 5174/5174 5175/5175
f 5113/5113 5114/5114 5175/5175
f 4244/4244 3964/3964 3966/3966
f 5029/5029 4831/4831 4833/4833
f 5176/5176 5177/5177 5178/5178
f 4185/4185 4184/4184 5179/5179
f 4429/4429 4602/4602 4430/4430
f 4071/4071 4874/4874 5180/5180
f 4363/4363 5155/5155 4159/4159
f 4159/4159 5155/5155 4822/4822
f 4154/4154 4219/4219 4221/4221
f 4221/4221 4827/4827 4154/4154
f 4929/4929 5181/5181 4593/4593
f 4593/4593 5181/5181 5182/5182
f 4696/4696 4635/4635 4637/4637
f 4235/4235 5183/5183 4236/4236
f 4950/4950 4952/4952 5184/5184
f 4952/4952 5128/5128 5184/5184
f 5185/5185 5186/5186 5169/5169
f 5167/5167 5185/5185 5169/5169
f 4157/4157 4822/4822 4156/4156
f 4156/4156 4158/4158 4157/4157
f 5187/5187 4953/4953 4409/4409
f 5187/5187 4409/4409 4563/4563
f 3890/3890 5188/5188 5189/5189
f 5190/5190 5191/5191 5192/5192
f 5193/5193 5194/5194 5068/5068
f 5068/5068 5194/5194 5195/5195
f 5068/5068 5195/5195 5196/5196
f 5196/5196 5195/5195 5170/5170
f 4009/4009 4008/4008 5116/5116
f 5197/5197 4632/4632 4703/4703
f 5198/5198 5175/5175 5174/5174
f 5199/5199 5198/5198 5174/5174
f 5200/5200 5201/5201 5202/5202
f 5202/5202 5201/5201 5203/5203
f 4866/4866 4865/4865 4418/4418
f 4865/4865 5026/5026 4418/4418
f 3979/3979 3885/3885 3980/3980
f 4911/4911 4620/4620 4984/4984
f 4115/4115 4975/4975 4525/4525
f 4525/4525 4459/4459 4526/4526
f 4479/4479 4652/4652 5204/5204
f 4479/4479 5204/5204 4778/4778
f 4258/4258 4257/4257 3724/3724
f 4789/4789 4790/4790 5055/5055
f 4900/4900 5072/5072 4250/4250
f 4666/4666 4900/4900 4250/4250
f 4873/4873 4872/4872 4995/4995
f 4994/4994 4873/4873 4995/4995
f 5030/5030 5123/5123 5205/5205
f 5205/5205 5123/5123 5206/5206
f 4129/4129 4507/4507 4130/4130
f 4510/4510 4507/4507 4129/4129
f 4212/4212 4688/4688 4686/4686
f 4688/4688 4212/4212 4214/4214
f 5207/5207 5045/5045 5208/5208
f 5042/5042 5207/5207 5208/5208
f 4540/4540 4537/4537 4523/4523
f 4523/4523 4907/4907 4540/4540
f 5209/5209 4690/4690 4692/4692
f 4693/4693 4553/4553 5210/5210
f 4443/4443 3727/3727 3924/3924
f 4719/4719 4718/4718 4715/4715
f 4416/4416 4415/4415 3891/3891
f 4299/4299 4505/4505 4985/4985
f 4544/4544 4216/4216 5211/5211
f 4216/4216 4121/4121 5211/5211
f 4382/4382 4771/4771 4073/4073
f 4771/4771 5212/5212 4073/4073
f 5042/5042 5208/5208 5213/5213
f 5039/5039 5042/5042 5213/5213
f 4623/4623 4625/4625 4624/4624
f 4320/4320 3863/3863 3865/3865
f 4709/4709 4325/4325 4720/4720
f 4325/4325 4328/4328 4720/4720
f 5025/5025 5214/5214 4492/4492
f 4421/4421 5025/5025 4492/4492
f 4492/4492 5214/5214 4457/4457
f 5214/5214 4705/4705 4457/4457
f 5131/5131 4563/4563 4510/4510
f 5187/5187 4563/4563 5131/5131
f 4657/4657 4335/4335 5110/5110
f 5110/5110 4335/4335 4483/4483
f 4657/4657 4333/4333 4335/4335
f 3794/3794 4333/4333 4657/4657
f 4224/4224 3741/3741 5107/5107
f 4220/4220 3741/3741 4224/4224
f 3998/3998 4777/4777 4775/4775
f 4641/4641 5215/5215 4665/4665
f 4995/4995 4872/4872 5216/5216
f 4802/4802 4847/4847 5217/5217
f 4247/4247 4249/4249 5147/5147
f 4678/4678 4680/4680 4375/4375
f 4545/4545 4770/4770 4772/4772
f 5058/5058 3700/3700 3699/3699
f 3889/3889 5188/5188 3890/3890
f 4817/4817 4816/4816 4580/4580
f 4898/4898 5218/5218 4134/4134
f 4549/4549 4279/4279 4278/4278
f 5219/5219 5120/5120 5060/5060
f 5206/5206 5120/5120 5219/5219
f 4365/4365 4330/4330 4332/4332
f 4364/4364 4330/4330 4365/4365
f 4840/4840 4839/4839 4842/4842
f 5220/5220 4276/4276 4275/4275
f 4202/4202 4077/4077 4616/4616
f 4497/4497 4256/4256 4255/4255
f 4176/4176 4731/4731 4405/4405
f 4729/4729 4731/4731 4176/4176
f 4782/4782 4784/4784 5095/5095
f 5221/5221 4782/4782 5095/5095
f 5156/5156 5222/5222 4430/4430
f 5222/5222 4909/4909 4430/4430
f 4956/4956 4433/4433 5223/5223
f 5224/5224 4554/4554 4695/4695
f 4290/4290 4292/4292 5225/5225
f 4742/4742 3842/3842 4281/4281
f 5001/5001 5002/5002 5226/5226
f 5226/5226 5002/5002 5173/5173
f 4760/4760 5092/5092 5019/5019
f 5092/5092 4760/4760 5093/5093
f 5227/5227 5203/5203 5083/5083
f 5201/5201 5228/5228 5203/5203
f 5229/5229 4987/4987 4740/4740
f 4739/4739 5229/5229 4740/4740
f 4962/4962 5230/5230 5231/5231
f 5232/5232 4962/4962 5231/5231
f 4440/4440 5233/5233 4441/4441
f 4726/4726 4728/4728 4942/4942
f 5144/5144 5099/5099 5234/5234
f 5145/5145 5144/5144 5234/5234
f 5235/5235 5030/5030 5236/5236
f 5236/5236 5030/5030 5205/5205
f 5206/5206 5121/5121 5120/5120
f 5123/5123 5121/5121 5206/5206
f 5237/5237 5238/5238 4883/4883
f 4929/4929 5239/5239 5181/5181
f 4806/4806 4906/4906 4571/4571
f 4571/4571 4906/4906 4939/4939
f 4965/4965 5193/5193 4717/4717
f 4717/4717 5193/5193 5068/5068
f 5240/5240 5073/5073 5241/5241
f 5045/5045 5047/5047 5073/5073
f 4924/4924 4930/4930 5242/5242
f 4274/4274 4930/4930 4924/4924
f 4488/4488 4490/4490 5130/5130
f 5130/5130 4490/4490 4668/4668
f 5243/5243 4425/4425 4424/4424
f 4778/4778 5244/5244 4477/4477
f 5070/5070 5245/5245 4279/4279
f 5245/5245 4614/4614 4279/4279
f 5246/5246 4255/4255 5247/5247
f 5246/5246 5054/5054 4255/4255
f 5171/5171 5248/5248 4916/4916
f 4916/4916 5248/5248 5249/5249
f 4517/4517 5021/5021 4514/4514
f 4514/4514 4515/4515 4517/4517
f 5250/5250 4690/4690 5209/5209
f 5018/5018 4869/4869 5251/5251
f 5252/5252 4560/4560 4562/4562
f 5253/5253 4560/4560 5252/5252
f 3655/3655 4447/4447 4191/4191
f 4447/4447 4195/4195 4191/4191
f 5062/5062 4964/4964 5186/5186
f 5185/5185 5062/5062 5186/5186
f 5085/5085 5227/5227 5083/5083
f 4170/4170 4922/4922 4171/4171
f 5254/5254 5221/5221 5113/5113
f 5221/5221 5095/5095 5113/5113
f 4924/4924 4932/4932 4274/4274
f 4274/4274 4932/4932 5255/5255
f 4569/4569 4939/4939 4612/4612
f 3934/3934 3933/3933 3829/3829
f 5256/5256 5015/5015 5257/5257
f 5258/5258 5015/5015 5256/5256
f 4544/4544 5211/5211 5212/5212
f 4771/4771 4544/4544 5212/5212
f 4916/4916 5249/5249 4915/4915
f 4915/4915 5249/5249 5021/5021
f 5229/5229 5199/5199 4987/4987
f 5199/5199 5174/5174 4987/4987
f 4420/4420 4417/4417 4573/4573
f 3809/3809 4050/4050 3810/3810
f 4938/4938 5259/5259 4799/4799
f 5260/5260 4904/4904 4797/4797
f 3713/3713 3712/3712 5261/5261
f 4959/4959 4434/4434 4956/4956
f 5235/5235 4860/4860 5030/5030
f 4858/4858 4860/4860 5235/5235
f 4950/4950 5184/5184 5262/5262
f 4961/4961 4950/4950 5262/5262
f 4646/4646 3648/3648 4242/4242
f 4241/4241 4646/4646 4242/4242
f 5263/5263 5090/5090 4653/4653
f 5263/5263 4653/4653 5034/5034
f 5264/5264 5094/5094 4784/4784
f 5264/5264 4175/4175 5265/5265
f 5146/5146 4438/4438 5266/5266
f 4725/4725 5266/5266 4438/4438
f 4684/4684 4678/4678 4374/4374
f 4678/4678 4375/4375 4374/4374
f 5253/5253 5080/5080 4560/4560
f 5267/5267 5080/5080 5253/5253
f 4920/4920 5170/5170 4921/4921
f 5196/5196 5170/5170 4920/4920
f 5268/5268 5269/5269 5103/5103
f 5103/5103 5269/5269 5270/5270
f 5219/5219 5060/5060 5267/5267
f 5267/5267 5060/5060 5080/5080
f 3906/3906 3905/3905 4758/4758
f 4286/4286 4288/4288 4287/4287
f 4610/4610 4611/4611 4428/4428
f 4610/4610 3704/3704 4611/4611
f 5271/5271 4618/4618 4911/4911
f 4618/4618 5271/5271 4875/4875
f 4804/4804 3757/3757 3759/3759
f 4806/4806 3757/3757 4804/4804
f 4962/4962 4961/4961 5230/5230
f 4961/4961 5262/5262 5230/5230
f 4890/4890 4726/4726 4941/4941
f 5272/5272 3674/3674 3676/3676
f 4899/4899 5273/5273 4900/4900
f 5215/5215 5274/5274 4665/4665
f 4818/4818 5275/5275 5276/5276
f 4807/4807 5275/5275 4818/4818
f 4910/4910 4911/4911 4983/4983
f 5139/5139 4910/4910 4983/4983
f 4887/4887 5277/5277 4888/4888
f 4885/4885 5237/5237 4883/4883
f 4887/4887 5089/5089 4901/4901
f 3720/3720 5278/5278 5279/5279
f 4848/4848 4952/4952 3850/3850
f 3850/3850 4952/4952 4949/4949
f 4611/4611 4613/4613 4428/4428
f 4613/4613 4429/4429 4428/4428
f 4281/4281 3842/3842 3844/3844
f 4908/4908 5035/5035 4538/4538
f 4916/4916 3762/3762 4921/4921
f 4921/4921 3762/3762 4139/4139
f 4632/4632 4631/4631 4703/4703
f 4634/4634 4703/4703 4631/4631
f 5099/5099 5040/5040 5280/5280
f 5234/5234 5099/5099 5280/5280
f 3800/3800 4390/4390 4392/4392
f 4836/4836 5023/5023 4944/4944
f 4815/4815 4817/4817 4619/4619
f 4618/4618 4815/4815 4619/4619
f 4747/4747 4447/4447 3655/3655
f 4240/4240 4747/4747 3655/3655
f 4272/4272 5255/5255 4971/4971
f 4274/4274 5255/5255 4272/4272
f 4920/4920 4141/4141 5196/5196
f 5196/5196 4141/4141 3582/3582
f 5185/5185 3663/3663 3662/3662
f 5062/5062 5185/5185 3662/3662
f 5225/5225 4292/4292 3666/3666
f 4495/4495 4494/4494 5281/5281
f 5167/5167 4197/4197 3663/3663
f 5185/5185 5167/5167 3663/3663
f 5196/5196 3582/3582 5068/5068
f 5068/5068 3582/3582 5069/5069
f 3918/3918 4119/4119 4118/4118
f 4993/4993 5011/5011 5012/5012
f 5167/5167 4622/4622 4197/4197
f 4622/4622 4624/4624 4197/4197
f 3734/3734 4595/4595 4298/4298
f 4298/4298 4595/4595 4503/4503
f 4940/4940 4890/4890 4941/4941
f 3861/3861 3969/3969 3862/3862
f 5282/5282 4445/4445 4444/4444
f 4714/4714 4165/4165 4965/4965
f 3944/3944 3943/3943 5283/5283
f 5018/5018 5016/5016 4867/4867
f 5247/5247 4548/4548 5284/5284
f 4255/4255 4548/4548 5247/5247
f 4311/4311 4505/4505 4502/4502
f 3896/3896 3895/3895 5285/5285
f 5186/5186 4964/4964 5232/5232
f 4964/4964 4962/4962 5232/5232
f 4040/4040 4564/4564 4041/4041
f 4041/4041 4564/4564 4566/4566
f 4861/4861 4811/4811 4858/4858
f 3638/3638 3637/3637 4304/4304
f 4609/4609 3777/3777 3779/3779
f 4928/4928 4926/4926 4929/4929
f 5198/5198 5254/5254 5175/5175
f 5254/5254 5113/5113 5175/5175
f 4768/4768 4332/4332 3794/3794
f 3794/3794 4332/4332 4333/4333
f 3733/3733 4578/4578 3734/3734
f 4576/4576 4578/4578 3733/3733
f 4179/4179 4396/4396 4398/4398
f 3951/3951 4829/4829 4881/4881
f 4953/4953 4955/4955 4410/4410
f 3903/3903 5286/5286 3901/3901
f 4435/4435 4434/4434 5287/5287
f 4958/4958 4957/4957 5050/5050
f 4465/4465 4828/4828 3953/3953
f 3953/3953 4283/4283 4465/4465
f 4181/4181 3909/3909 4182/4182
f 4970/4970 4967/4967 4969/4969
f 5217/5217 4847/4847 5288/5288
f 4845/4845 5086/5086 5289/5289
f 4388/4388 4837/4837 4836/4836
f 4020/4020 3621/3621 3623/3623
f 4507/4507 4576/4576 4130/4130
f 4130/4130 4576/4576 3733/3733
f 4264/4264 4488/4488 4848/4848
f 4848/4848 4488/4488 5129/5129
f 5290/5290 5291/5291 5292/5292
f 5292/5292 5291/5291 5293/5293
f 4933/4933 4402/4402 4934/4934
f 3678/3678 4399/4399 4401/4401
f 4675/4675 4673/4673 5142/5142
f 4673/4673 4675/4675 4677/4677
f 3840/3840 3826/3826 3841/3841
f 4269/4269 4542/4542 4541/4541
f 5103/5103 5270/5270 5200/5200
f 5200/5200 5270/5270 5201/5201
f 4573/4573 5026/5026 5024/5024
f 3925/3925 4258/4258 3724/3724
f 4025/4025 4195/4195 4194/4194
f 4195/4195 4025/4025 4192/4192
f 4815/4815 4876/4876 4816/4816
f 4816/4816 4876/4876 5294/5294
f 5295/5295 5296/5296 5297/5297
f 5296/5296 5298/5298 5297/5297
f 4354/4354 4326/4326 4122/4122
f 4355/4355 4354/4354 4122/4122
f 5271/5271 4911/4911 5299/5299
f 5299/5299 4911/4911 4341/4341
f 3899/3899 3935/3935 4145/4145
f 5238/5238 5239/5239 4929/4929
f 4512/4512 5101/5101 4749/4749
f 4749/4749 3601/3601 4512/4512
f 4989/4989 4738/4738 4741/4741
f 4738/4738 4739/4739 4741/4741
f 4816/4816 5294/5294 4581/4581
f 4581/4581 5294/5294 5064/5064
f 4174/4174 5265/5265 4175/4175
f 4629/4629 3835/3835 4630/4630
f 4571/4571 4905/4905 4806/4806
f 4806/4806 4905/4905 3757/3757
f 4891/4891 4940/4940 5300/5300
f 4767/4767 4891/4891 5300/5300
f 5125/5125 4307/4307 4859/4859
f 4307/4307 3715/3715 4308/4308
f 4832/4832 4831/4831 4744/4744
f 4342/4342 4832/4832 4744/4744
f 5057/5057 4866/4866 4347/4347
f 4347/4347 4866/4866 4418/4418
f 5009/5009 4743/4743 4290/4290
f 5301/5301 4290/4290 5225/5225
f 4786/4786 5302/5302 4948/4948
f 5172/5172 5302/5302 4786/4786
f 5303/5303 5304/5304 4877/4877
f 5304/5304 4878/4878 4877/4877
f 5281/5281 4494/4494 5117/5117
f 5117/5117 4494/4494 4496/4496
f 5305/5305 4839/4839 4614/4614
f 5245/5245 5305/5305 4614/4614
f 4818/4818 5276/5276 4706/4706
f 4706/4706 5276/5276 4707/4707
f 4606/4606 4994/4994 4996/4996
f 3829/3829 3828/3828 5306/5306
f 4656/4656 4760/4760 5019/5019
f 4656/4656 5019/5019 5020/5020
f 5307/5307 4469/4469 5308/5308
f 5308/5308 4469/4469 4468/4468
f 4765/4765 4767/4767 5309/5309
f 4966/4966 4765/4765 5309/5309
f 4923/4923 4931/4931 4924/4924
f 3875/3875 3918/3918 4118/4118
f 3734/3734 4577/4577 4595/4595
f 4578/4578 4577/4577 3734/3734
f 4831/4831 4647/4647 5310/5310
f 4744/4744 4831/4831 5310/5310
f 4623/4623 4452/4452 4625/4625
f 4452/4452 4623/4623 5111/5111
f 3973/3973 5123/5123 5030/5030
f 5122/5122 5123/5123 3973/3973
f 4957/4957 4959/4959 5311/5311
f 5048/5048 4957/4957 5311/5311
f 4636/4636 3840/3840 5312/5312
f 4026/4026 4025/4025 4194/4194
f 3935/3935 4146/4146 4145/4145
f 5008/5008 4743/4743 5009/5009
f 5313/5313 4787/4787 4947/4947
f 4785/4785 4787/4787 5313/5313
f 4924/4924 5242/5242 4699/4699
f 4699/4699 5242/5242 4700/4700
f 5314/5314 4868/4868 4867/4867
f 5315/5315 5314/5314 4867/4867
f 3951/3951 4559/4559 3952/3952
f 4556/4556 4558/4558 3896/3896
f 4530/4530 5316/5316 4917/4917
f 4530/4530 4960/4960 5316/5316
f 5182/5182 5317/5317 4590/4590
f 4590/4590 5317/5317 4588/4588
f 3809/3809 4048/4048 4050/4050
f 4216/4216 4546/4546 4217/4217
f 4719/4719 4715/4715 4714/4714
f 4714/4714 4965/4965 4719/4719
f 5295/5295 5297/5297 5318/5318
f 5319/5319 5295/5295 5318/5318
f 4890/4890 5272/5272 3676/3676
f 4889/4889 5272/5272 4890/4890
f 4461/4461 4115/4115 4526/4526
f 4115/4115 4525/4525 4526/4526
f 4530/4530 5320/5320 3996/3996
f 3996/3996 5320/5320 3997/3997
f 4332/4332 4331/4331 4658/4658
f 3906/3906 4758/4758 4757/4757
f 5321/5321 4793/4793 5012/5012
f 5322/5322 5066/5066 5323/5323
f 5324/5324 4856/4856 4855/4855
f 5325/5325 4856/4856 5324/5324
f 4676/4676 4683/4683 4684/4684
f 4178/4178 4396/4396 4179/4179
f 3678/3678 4401/4401 3679/3679
f 4701/4701 4700/4700 4702/4702
f 5326/5326 4824/4824 4914/4914
f 4973/4973 5326/5326 4914/4914
f 4887/4887 4903/4903 5277/5277
f 4901/4901 4903/4903 4887/4887
f 4998/4998 4914/4914 4826/4826
f 5327/5327 4998/4998 4826/4826
f 5073/5073 5072/5072 5328/5328
f 5072/5072 5329/5329 5328/5328
f 4912/4912 5330/5330 4913/4913
f 5330/5330 5112/5112 4913/4913
f 5015/5015 4863/4863 5257/5257
f 5257/5257 4863/4863 5163/5163
f 5009/5009 4290/4290 5301/5301
f 5331/5331 5009/5009 5301/5301
f 5309/5309 4767/4767 5332/5332
f 4767/4767 5300/5300 5332/5332
f 5112/5112 5333/5333 4978/4978
f 5333/5333 5028/5028 4978/4978
f 5060/5060 5120/5120 3786/3786
f 3786/3786 5120/5120 5122/5122
f 4082/4082 4994/4994 4083/4083
f 4083/4083 4994/4994 4606/4606
f 4284/4284 4410/4410 4285/4285
f 4955/4955 4285/4285 4410/4410
f 4593/4593 5182/5182 4591/4591
f 4591/4591 5182/5182 4590/4590
f 3767/3767 4987/4987 5174/5174
f 5114/5114 3767/3767 5174/5174
f 4851/4851 3707/3707 4852/4852
f 5315/5315 4867/4867 5017/5017
f 5303/5303 4877/4877 4755/4755
f 5334/5334 5303/5303 4755/4755
f 5335/5335 5295/5295 5319/5319
f 5336/5336 5335/5335 5319/5319
f 4335/4335 4334/4334 4482/4482
f 4658/4658 5337/5337 4334/4334
f 4969/4969 3705/3705 4851/4851
f 3705/3705 3707/3707 4851/4851
f 5322/5322 5259/5259 4938/4938
f 5322/5322 4938/4938 5066/5066
f 4783/4783 4175/4175 4784/4784
f 5264/5264 4784/4784 4175/4175
f 5331/5331 5006/5006 5009/5009
f 5338/5338 5006/5006 5331/5331
f 4845/4845 4844/4844 5086/5086
f 5085/5085 5086/5086 4844/4844
f 4771/4771 4770/4770 4545/4545
f 4544/4544 4771/4771 4545/4545
f 5338/5338 4947/4947 5006/5006
f 5313/5313 4947/4947 5338/5338
f 4593/4593 4927/4927 4929/4929
f 4592/4592 4927/4927 4593/4593
f 4553/4553 4555/4555 5339/5339
f 5210/5210 4553/4553 5339/5339
f 4968/4968 5004/5004 4969/4969
f 5004/5004 3705/3705 4969/4969
f 5072/5072 4900/4900 5329/5329
f 5273/5273 5329/5329 4900/4900
f 4935/4935 4936/4936 4266/4266
f 5340/5340 4293/4293 4002/4002
f 4762/4762 5001/5001 3879/3879
f 4999/4999 5001/5001 4762/4762
f 5341/5341 5334/5334 5051/5051
f 5053/5053 5341/5341 5051/5051
f 5228/5228 5342/5342 5083/5083
f 5203/5203 5228/5228 5083/5083
f 3861/3861 3967/3967 3969/3969
f 5287/5287 4958/4958 5050/5050
f 5343/5343 5039/5039 5344/5344
f 5039/5039 5213/5213 5344/5344
f 4251/4251 5073/5073 5345/5345
f 5073/5073 5047/5047 5345/5345
f 4588/4588 5346/5346 5105/5105
f 5317/5317 5346/5346 4588/4588
f 5324/5324 4855/4855 5258/5258
f 5258/5258 4855/4855 5015/5015
f 5085/5085 5082/5082 5227/5227
f 4844/4844 5082/5082 5085/5085
f 4698/4698 4268/4268 4270/4270
f 4637/4637 4636/4636 5312/5312
f 4967/4967 5347/5347 4968/4968
f 5347/5347 4838/4838 4968/4968
f 5048/5048 5311/5311 5348/5348
f 5144/5144 5048/5048 5348/5348
f 3998/3998 4775/4775 4774/4774
f 3996/3996 3998/3998 4774/4774
f 4453/4453 4687/4687 4454/4454
f 5349/5349 4455/4455 4849/4849
f 5350/5350 4999/4999 4762/4762
f 5055/5055 4999/4999 5350/5350
f 4528/4528 5027/5027 4976/4976
f 4976/4976 5027/5027 4977/4977
f 5325/5325 4992/4992 4856/4856
f 5351/5351 4992/4992 5325/5325
f 4842/4842 4276/4276 5220/5220
f 5220/5220 5053/5053 4842/4842
f 4573/4573 5024/5024 4421/4421
f 4421/4421 4420/4420 4573/4573
f 5352/5352 5055/5055 5350/5350
f 5352/5352 4789/4789 5055/5055
f 5346/5346 5268/5268 5105/5105
f 5105/5105 5268/5268 5103/5103
f 5280/5280 5040/5040 5343/5343
f 5040/5040 5039/5039 5343/5343
f 4566/4566 4565/4565 4309/4309
f 4557/4557 4752/4752 3894/3894
f 5353/5353 5012/5012 5011/5011
f 5321/5321 5012/5012 5353/5353
f 5354/5354 5077/5077 5076/5076
f 5163/5163 5077/5077 5354/5354
f 4614/4614 4840/4840 4277/4277
f 3949/3949 5355/5355 3950/3950
f 5076/5076 4607/4607 3827/3827
f 3827/3827 4607/4607 3828/3828
f 4976/4976 5134/5134 4528/4528
f 5134/5134 4529/4529 4528/4528
f 5356/5356 5357/5357 5358/5358
f 4640/4640 5101/5101 4512/4512
f 4979/4979 4351/4351 4350/4350
f 4688/4688 4982/4982 4710/4710
f 5327/5327 4826/4826 4838/4838
f 5347/5347 5327/5327 4838/4838
f 5126/5126 4812/4812 5037/5037
f 4044/4044 4425/4425 5243/5243
f 4980/4980 5136/5136 4351/4351
f 5359/5359 4732/4732 4735/4735
f 4181/4181 3907/3907 3909/3909
f 5142/5142 4673/4673 5140/5140
f 3892/3892 3989/3989 3893/3893
f 4727/4727 4725/4725 4441/4441
f 5045/5045 5073/5073 5240/5240
f 5208/5208 5045/5045 5240/5240
f 5360/5360 5361/5361 5362/5362
f 4183/4183 4185/4185 4394/4394
f 3886/3886 3889/3889 3888/3888
f 4529/4529 5320/5320 4530/4530
f 4548/4548 4254/4254 4788/4788
f 3856/3856 3855/3855 5363/5363
f 4548/4548 4789/4789 5284/5284
f 5284/5284 4789/4789 5352/5352
f 5351/5351 5011/5011 4992/4992
f 5353/5353 5011/5011 5351/5351
f 5330/5330 5364/5364 5112/5112
f 5364/5364 5333/5333 5112/5112
f 4230/4230 4229/4229 4315/4315
f 4473/4473 5162/5162 5160/5160
f 4883/4883 5238/5238 4929/4929
f 4929/4929 4926/4926 4883/4883
f 5354/5354 5076/5076 5365/5365
f 5365/5365 5076/5076 3827/3827
f 4538/4538 5035/5035 4541/4541
f 4541/4541 4542/4542 4538/4538
f 5366/5366 4076/4076 4075/4075
f 5083/5083 5342/5342 5084/5084
f 5367/5367 4133/4133 4135/4135
f 5073/5073 5328/5328 5241/5241
f 5220/5220 5368/5368 5053/5053
f 5368/5368 5341/5341 5053/5053
f 3728/3728 4160/4160 3729/3729
f 4163/4163 4716/4716 4880/4880
f 3768/3768 3635/3635 3769/3769
f 4562/4562 4561/4561 5091/5091
f 3704/3704 4570/4570 4569/4569
f 3704/3704 4569/4569 4611/4611
f 4235/4235 5369/5369 5183/5183
f 4234/4234 4403/4403 4235/4235
f 4807/4807 3759/3759 5275/5275
f 4804/4804 3759/3759 4807/4807
f 5042/5042 5041/5041 5370/5370
f 5207/5207 5042/5042 5370/5370
f 5051/5051 5334/5334 5124/5124
f 5334/5334 4755/4755 5124/5124
f 5371/5371 5372/5372 5373/5373
f 5374/5374 5375/5375 5376/5376
f 5092/5092 4561/4561 5019/5019
f 4561/4561 5092/5092 5091/5091
f 4647/4647 4646/4646 4241/4241
f 5310/5310 4647/4647 4241/4241
f 4646/4646 4672/4672 3648/3648
f 4672/4672 4674/4674 3648/3648
f 5127/5127 4862/4862 3929/3929
f 3929/3929 4862/4862 4864/4864
f 4890/4890 3676/3676 4726/4726
f 4726/4726 3676/3676 4727/4727
f 5045/5045 5207/5207 5046/5046
f 5207/5207 5370/5370 5046/5046
f 5202/5202 3646/3646 4126/4126
f 3647/3647 3646/3646 5202/5202
f 5377/5377 5378/5378 5379/5379
f 5379/5379 5378/5378 5380/5380
f 3892/3892 3987/3987 3989/3989
f 5031/5031 4565/4565 5013/5013
f 4863/4863 5015/5015 3657/3657
f 3657/3657 5015/5015 5014/5014
f 4299/4299 4503/4503 4505/4505
f 4505/4505 4503/4503 4502/4502
f 4082/4082 4873/4873 4994/4994
f 4803/4803 4873/4873 4082/4082
f 5381/5381 5382/5382 5383/5383
f 5382/5382 5384/5384 5383/5383
f 5385/5385 3802/3802 5386/5386
f 5386/5386 3802/3802 3804/3804
f 4794/4794 5066/5066 4937/4937
f 3728/3728 4791/4791 4160/4160
f 5074/5074 4832/4832 4342/4342
f 4910/4910 5074/5074 4342/4342
f 4402/4402 4024/4024 4026/4026
f 4024/4024 4402/4402 4933/4933
f 4434/4434 4958/4958 5287/5287
f 4959/4959 4958/4958 4434/4434
f 5161/5161 5387/5387 5162/5162
f 5388/5388 5389/5389 5102/5102
f 5100/5100 5099/5099 3797/3797
f 5099/5099 4189/4189 3797/3797
f 3828/3828 4606/4606 4996/4996
f 4607/4607 4606/4606 3828/3828
f 5390/5390 5391/5391 5392/5392
f 5393/5393 5390/5390 5392/5392
f 5394/5394 5395/5395 5396/5396
f 5397/5397 5395/5395 5394/5394
f 5396/5396 5398/5398 5290/5290
f 5395/5395 5398/5398 5396/5396
f 5399/5399 4871/4871 5400/5400
f 5401/5401 4871/4871 5399/5399
f 3951/3951 4881/4881 4395/4395
f 4395/4395 4559/4559 3951/3951
f 4811/4811 4859/4859 4858/4858
f 4811/4811 5125/5125 4859/4859
f 4535/4535 3898/3898 3897/3897
f 4291/4291 5143/5143 4292/4292
f 5402/5402 5401/5401 5399/5399
f 5403/5403 5401/5401 5402/5402
f 5144/5144 5348/5348 4189/4189
f 5099/5099 5144/5144 4189/4189
f 4683/4683 5141/5141 4681/4681
f 3943/3943 3939/3939 3941/3941
f 3778/3778 4427/4427 4534/4534
f 4884/4884 4886/4886 4888/4888
f 5375/5375 5373/5373 5376/5376
f 4480/4480 4729/4729 4176/4176
f 3613/3613 5403/5403 5404/5404
f 5404/5404 5403/5403 5402/5402
f 3880/3880 5173/5173 4786/4786
f 3879/3879 5173/5173 3880/3880
f 5405/5405 5406/5406 5407/5407
f 5406/5406 5408/5408 5407/5407
f 3867/3867 4019/4019 3868/3868
f 4213/4213 4452/4452 5111/5111
f 4942/4942 4728/4728 5233/5233
f 4895/4895 3984/3984 3986/3986
f 4836/4836 4736/4736 5023/5023
f 4836/4836 4837/4837 4736/4736
f 5149/5149 4925/4925 4701/4701
f 4068/4068 5067/5067 3873/3873
f 5204/5204 5409/5409 4778/4778
f 5410/5410 5411/5411 5412/5412
f 5093/5093 4760/4760 5090/5090
f 5413/5413 5414/5414 5415/5415
f 4339/4339 3586/3586 5416/5416
f 3586/3586 3588/3588 5416/5416
f 5417/5417 4406/4406 4730/4730
f 5371/5371 5418/5418 5372/5372
f 3666/3666 4495/4495 5281/5281
f 3666/3666 5281/5281 3667/3667
f 5305/5305 4276/4276 4839/4839
f 4842/4842 4839/4839 4276/4276
f 5419/5419 5393/5393 5420/5420
f 5393/5393 5392/5392 5420/5420
f 5421/5421 5178/5178 5422/5422
f 5421/5421 5176/5176 5178/5178
f 3584/3584 5423/5423 5419/5419
f 5423/5423 5393/5393 5419/5419
f 5103/5103 3884/3884 5104/5104
f 5200/5200 3884/3884 5103/5103
f 5424/5424 4462/4462 4745/4745
f 5425/5425 5424/5424 4745/4745
f 4292/4292 5143/5143 4495/4495
f 4292/4292 4495/4495 3666/3666
f 4733/4733 4945/4945 4943/4943
f 4391/4391 4016/4016 4018/4018
f 5426/5426 5427/5427 5428/5428
f 5429/5429 5426/5426 5428/5428
f 5378/5378 5430/5430 5380/5380
f 5380/5380 5430/5430 5431/5431
f 5432/5432 5433/5433 5425/5425
f 5433/5433 5424/5424 5425/5425
f 5290/5290 5434/5434 5291/5291
f 5398/5398 5434/5434 5290/5290
f 4848/4848 5129/5129 5128/5128
f 3846/3846 5435/5435 3847/3847
f 5202/5202 4126/4126 5200/5200
f 5200/5200 4126/4126 3884/3884
f 4701/4701 4702/4702 4634/4634
f 4634/4634 5149/5149 4701/4701
f 4685/4685 4683/4683 4676/4676
f 4683/4683 4685/4685 5141/5141
f 5227/5227 3647/3647 5203/5203
f 5203/5203 3647/3647 5202/5202
f 5431/5431 5436/5436 5437/5437
f 5430/5430 5436/5436 5431/5431
f 3706/3706 5315/5315 3707/3707
f 3707/3707 5315/5315 5017/5017
f 5383/5383 5384/5384 5432/5432
f 5384/5384 5433/5433 5432/5432
f 5038/5038 4809/4809 5036/5036
f 4424/4424 4426/4426 3636/3636
f 5223/5223 4433/4433 5224/5224
f 4391/4391 4432/4432 4016/4016
f 5135/5135 4387/4387 4389/4389
f 3866/3866 3868/3868 5137/5137
f 4794/4794 4793/4793 5066/5066
f 5323/5323 5066/5066 4793/4793
f 5001/5001 5226/5226 3879/3879
f 3879/3879 5226/5226 5173/5173
f 5438/5438 5439/5439 4231/4231
f 5400/5400 5439/5439 5438/5438
f 5130/5130 4668/4668 5440/5440
f 5129/5129 5130/5130 5441/5441
f 5439/5439 5442/5442 4231/4231
f 4231/4231 5442/5442 3791/3791
f 5443/5443 4550/4550 4549/4549
f 3782/3782 3781/3781 5444/5444
f 4728/4728 4441/4441 5233/5233
f 4728/4728 4727/4727 4441/4441
f 4310/4310 4565/4565 5031/5031
f 4565/4565 4310/4310 4309/4309
f 5445/5445 4532/4532 5446/5446
f 4138/4138 4532/4532 5445/5445
f 3717/3717 3716/3716 5447/5447
f 4814/4814 4813/4813 4810/4810
f 5293/5293 5448/5448 5449/5449
f 5291/5291 5448/5448 5293/5293
f 4532/4532 5450/5450 5446/5446
f 5446/5446 5450/5450 5451/5451
f 5452/5452 5453/5453 5454/5454
f 5453/5453 4346/4346 5454/5454
f 5293/5293 5449/5449 5455/5455
f 5455/5455 5449/5449 5456/5456
f 5452/5452 5454/5454 3927/3927
f 3926/3926 5452/5452 3927/3927
f 4775/4775 4777/4777 5457/5457
f 5192/5192 3814/3814 5458/5458
f 5459/5459 5460/5460 5461/5461
f 5461/5461 5460/5460 5462/5462
f 3630/3630 5462/5462 3631/3631
f 5461/5461 5462/5462 3630/3630
f 4980/4980 3866/3866 5136/5136
f 4688/4688 4214/4214 4981/4981
f 4554/4554 4435/4435 4555/4555
f 4894/4894 3984/3984 4895/4895
f 3853/3853 4615/4615 4616/4616
f 5463/5463 4497/4497 4498/4498
f 3943/3943 3941/3941 5283/5283
f 5016/5016 4850/4850 5017/5017
f 5323/5323 4793/4793 5321/5321
f 5067/5067 3874/3874 3873/3873
f 5216/5216 5464/5464 5465/5465
f 4874/4874 5466/5466 5180/5180
f 5298/5298 5467/5467 5468/5468
f 4773/4773 4772/4772 5469/5469
f 4412/4412 5033/5033 3904/3904
f 3904/3904 5033/5033 3905/3905
f 4888/4888 5277/5277 5237/5237
f 4536/4536 4535/4535 3897/3897
f 5470/5470 5471/5471 5472/5472
f 5472/5472 5471/5471 5473/5473
f 5474/5474 5451/5451 5475/5475
f 5446/5446 5451/5451 5474/5474
f 5476/5476 5335/5335 5336/5336
f 5477/5477 5476/5476 5336/5336
f 3792/3792 5478/5478 5479/5479
f 5479/5479 5478/5478 5337/5337
f 3923/3923 4424/4424 3636/3636
f 5244/5244 4164/4164 4163/4163
f 5480/5480 3792/3792 5479/5479
f 3790/3790 3792/3792 5480/5480
f 5481/5481 5467/5467 5298/5298
f 5296/5296 5481/5481 5298/5298
f 5482/5482 5483/5483 5484/5484
f 5484/5484 5483/5483 5485/5485
f 5102/5102 5389/5389 5161/5161
f 5102/5102 5161/5161 4473/4473
f 4163/4163 4880/4880 4477/4477
f 4477/4477 5244/5244 4163/4163
f 5486/5486 4096/4096 4095/4095
f 5487/5487 5486/5486 4095/4095
f 3707/3707 5017/5017 4852/4852
f 5017/5017 4850/4850 4852/4852
f 4698/4698 4270/4270 4266/4266
f 4270/4270 4935/4935 4266/4266
f 5488/5488 3808/3808 5489/5489
f 3808/3808 3810/3810 5489/5489
f 5490/5490 5491/5491 4649/4649
f 3587/3587 5490/5490 4649/4649
f 5492/5492 5477/5477 5493/5493
f 5477/5477 5336/5336 5493/5493
f 5356/5356 5494/5494 5357/5357
f 5495/5495 5494/5494 5356/5356
f 5496/5496 5497/5497 4698/4698
f 5497/5497 4268/4268 4698/4698
f 5498/5498 5499/5499 5500/5500
f 5501/5501 5498/5498 5500/5500
f 5178/5178 5385/5385 5422/5422
f 5422/5422 5385/5385 5386/5386
f 5453/5453 5502/5502 4346/4346
f 5503/5503 4586/4586 5057/5057
f 4239/4239 5477/5477 5492/5492
f 4748/4748 4239/4239 5492/5492
f 5455/5455 5456/5456 5504/5504
f 5505/5505 5308/5308 4055/4055
f 5399/5399 5400/5400 5506/5506
f 5506/5506 5400/5400 5438/5438
f 5507/5507 5508/5508 5482/5482
f 5482/5482 5508/5508 5483/5483
f 3770/3770 3769/3769 4166/4166
f 5358/5358 5357/5357 5509/5509
f 3597/3597 3596/3596 5510/5510
f 3596/3596 5488/5488 5510/5510
f 5511/5511 5495/5495 5512/5512
f 5512/5512 5495/5495 5356/5356
f 5513/5513 5514/5514 5515/5515
f 5515/5515 5514/5514 5516/5516
f 5517/5517 5518/5518 5519/5519
f 5520/5520 5517/5517 5519/5519
f 4986/4986 4259/4259 4261/4261
f 5375/5375 5371/5371 5373/5373
f 5521/5521 5382/5382 5381/5381
f 4635/4635 5521/5521 5381/5381
f 4212/4212 4453/4453 4213/4213
f 4453/4453 4212/4212 4687/4687
f 5522/5522 5523/5523 5524/5524
f 5525/5525 5522/5522 5524/5524
f 5510/5510 5488/5488 5526/5526
f 5488/5488 5489/5489 5526/5526
f 4381/4381 4603/4603 5527/5527
f 4603/4603 4601/4601 5527/5527
f 5528/5528 5529/5529 4268/4268
f 5497/5497 5528/5528 4268/4268
f 5530/5530 4309/4309 5377/5377
f 4566/4566 4309/4309 5530/5530
f 5531/5531 5375/5375 5374/5374
f 5491/5491 5531/5531 5374/5374
f 5532/5532 5525/5525 5533/5533
f 5525/5525 5524/5524 5533/5533
f 4602/4602 4601/4601 4603/4603
f 5180/5180 5466/5466 3830/3830
f 5491/5491 5374/5374 5534/5534
f 4649/4649 5491/5491 5534/5534
f 4433/4433 4554/4554 5224/5224
f 4554/4554 4433/4433 4435/4435
f 5535/5535 5536/5536 5537/5537
f 5538/5538 5535/5535 5537/5537
f 4582/4582 4583/4583 4384/4384
f 5192/5192 5191/5191 3814/3814
f 5500/5500 5499/5499 5539/5539
f 5499/5499 5540/5540 5539/5539
f 5541/5541 5542/5542 4304/4304
f 4304/4304 5542/5542 4305/4305
f 5543/5543 5397/5397 5544/5544
f 5544/5544 5397/5397 5394/5394
f 5545/5545 5437/5437 5543/5543
f 5431/5431 5437/5437 5545/5545
f 4485/4485 4483/4483 5546/5546
f 4483/4483 4065/4065 5546/5546
f 5129/5129 5441/5441 5547/5547
f 5128/5128 5129/5129 5547/5547
f 5195/5195 5548/5548 5170/5170
f 5170/5170 5548/5548 5171/5171
f 4751/4751 5549/5549 4752/4752
f 5550/5550 4039/4039 5551/5551
f 5552/5552 5553/5553 5554/5554
f 5555/5555 5553/5553 5552/5552
f 4041/4041 4566/4566 4568/4568
f 4568/4568 4566/4566 5530/5530
f 5556/5556 3839/3839 5152/5152
f 5151/5151 5556/5556 5152/5152
f 5557/5557 5153/5153 5150/5150
f 5558/5558 5557/5557 5150/5150
f 5559/5559 4902/4902 5279/5279
f 5560/5560 4639/4639 4203/4203
f 5429/5429 5428/5428 5561/5561
f 5562/5562 5429/5429 5561/5561
f 5194/5194 5563/5563 5195/5195
f 5195/5195 5563/5563 5548/5548
f 5564/5564 4089/4089 5043/5043
f 5565/5565 4693/4693 5210/5210
f 5545/5545 5543/5543 5566/5566
f 5566/5566 5543/5543 5544/5544
f 4482/4482 4065/4065 4483/4483
f 5567/5567 4757/4757 4834/4834
f 4586/4586 5568/5568 4587/4587
f 5503/5503 5568/5568 4586/4586
f 4733/4733 4389/4389 4945/4945
f 5135/5135 4389/4389 4733/4733
f 5443/5443 5569/5569 4550/4550
f 5569/5569 5071/5071 4550/4550
f 5570/5570 5571/5571 5538/5538
f 5571/5571 5535/5535 5538/5538
f 5572/5572 4638/4638 5573/5573
f 5574/5574 5575/5575 5576/5576
f 5577/5577 5578/5578 5579/5579
f 5580/5580 4437/4437 4439/4439
f 4772/4772 3700/3700 5058/5058
f 5469/5469 4772/4772 5058/5058
f 5581/5581 5516/5516 5563/5563
f 5515/5515 5516/5516 5581/5581
f 4155/4155 5582/5582 5506/5506
f 4827/4827 5582/5582 4155/4155
f 3689/3689 3691/3691 5583/5583
f 4338/4338 3689/3689 5583/5583
f 4348/4348 4347/4347 4417/4417
f 4420/4420 5584/5584 4417/4417
f 4884/4884 4888/4888 4885/4885
f 4888/4888 5237/5237 4885/4885
f 3923/3923 5282/5282 5585/5585
f 5585/5585 5282/5282 5586/5586
f 5587/5587 4287/4287 4469/4469
f 5588/5588 4287/4287 5587/5587
f 5415/5415 5414/5414 5263/5263
f 5589/5589 5263/5263 5034/5034
f 5562/5562 5561/5561 5590/5590
f 5591/5591 5562/5562 5590/5590
f 4827/4827 5592/5592 5582/5582
f 4436/4436 5592/5592 4827/4827
f 5038/5038 4814/4814 4809/4809
f 4814/4814 4810/4810 4809/4809
f 5091/5091 5093/5093 5593/5593
f 5593/5593 5093/5093 5594/5594
f 3604/3604 5595/5595 4411/4411
f 4879/4879 5595/5595 3604/3604
f 5596/5596 5597/5597 5417/5417
f 5596/5596 5417/5417 5372/5372
f 3590/3590 4879/4879 3604/3604
f 3914/3914 4879/4879 3590/3590
f 5357/5357 5598/5598 5509/5509
f 4228/4228 4166/4166 4168/4168
f 5252/5252 4562/4562 5599/5599
f 5599/5599 4562/4562 5600/5600
f 4297/4297 5285/5285 3612/3612
f 5601/5601 5285/5285 4297/4297
f 5231/5231 5230/5230 5408/5408
f 5230/5230 5602/5602 5408/5408
f 5600/5600 5091/5091 5593/5593
f 4562/4562 5091/5091 5600/5600
f 4436/4436 5485/5485 5592/5592
f 4223/4223 5485/5485 4436/4436
f 5603/5603 3773/3773 5160/5160
f 5160/5160 4230/4230 5603/5603
f 5604/5604 5470/5470 5472/5472
f 5605/5605 5470/5470 5604/5604
f 5168/5168 5169/5169 5523/5523
f 5169/5169 5486/5486 5523/5523
f 5606/5606 5253/5253 5607/5607
f 5607/5607 5253/5253 5252/5252
f 5595/5595 5608/5608 4411/4411
f 4411/4411 5608/5608 5292/5292
f 4419/4419 5609/5609 4420/4420
f 5609/5609 5584/5584 4420/4420
f 5553/5553 5606/5606 5554/5554
f 5554/5554 5606/5606 5610/5610
f 4775/4775 5611/5611 4776/4776
f 4775/4775 5457/5457 5611/5611
f 5612/5612 5464/5464 4872/4872
f 4872/4872 5464/5464 5216/5216
f 5613/5613 5614/5614 5615/5615
f 5616/5616 5613/5613 5615/5615
f 5588/5588 4286/4286 4287/4287
f 5617/5617 4286/4286 5588/5588
f 3837/3837 4986/4986 5375/5375
f 4986/4986 4261/4261 5375/5375
f 3960/3960 3597/3597 3598/3598
f 3597/3597 5510/5510 3598/3598
f 5618/5618 5619/5619 5570/5570
f 5619/5619 5571/5571 5570/5570
f 5597/5597 4406/4406 5417/5417
f 5597/5597 4404/4404 4406/4406
f 4112/4112 3960/3960 5620/5620
f 3960/3960 3598/3598 5620/5620
f 5621/5621 5622/5622 5623/5623
f 5607/5607 5622/5622 5621/5621
f 5624/5624 5038/5038 5625/5625
f 5625/5625 5038/5038 5036/5036
f 4403/4403 5626/5626 5627/5627
f 4235/4235 4403/4403 5627/5627
f 5628/5628 5629/5629 5135/5135
f 5629/5629 4387/4387 5135/5135
f 5529/5529 5591/5591 5630/5630
f 5591/5591 5590/5590 5630/5630
f 5412/5412 5411/5411 5631/5631
f 5412/5412 5631/5631 5632/5632
f 5633/5633 5498/5498 5501/5501
f 5634/5634 5633/5633 5501/5501
f 4449/4449 4448/4448 5520/5520
f 4448/4448 5517/5517 5520/5520
f 4746/4746 5423/5423 3584/3584
f 3583/3583 4746/4746 3584/3584
f 4583/4583 4385/4385 4384/4384
f 4583/4583 5635/5635 4385/4385
f 5385/5385 5601/5601 3802/3802
f 3802/3802 5601/5601 4297/4297
f 5383/5383 3825/3825 3824/3824
f 5381/5381 5383/5383 3824/3824
f 3609/3609 5636/5636 4337/4337
f 5636/5636 4097/4097 4337/4337
f 5440/5440 4487/4487 5138/5138
f 4259/4259 5637/5637 4260/4260
f 5638/5638 5602/5602 5616/5616
f 5602/5602 5613/5613 5616/5616
f 5519/5519 5518/5518 3958/3958
f 5518/5518 3959/3959 3958/3958
f 5639/5639 5640/5640 3618/3618
f 3618/3618 5640/5640 3619/3619
f 5641/5641 5619/5619 5618/5618
f 5641/5641 5618/5618 4980/4980
f 5359/5359 5628/5628 4732/4732
f 5628/5628 5135/5135 4732/4732
f 4449/4449 5520/5520 5642/5642
f 4196/4196 4449/4449 5642/5642
f 3993/3993 3610/3610 3994/3994
f 3610/3610 4339/4339 3994/3994
f 5643/5643 5644/5644 3637/3637
f 5645/5645 5644/5644 5643/5643
f 5274/5274 5273/5273 4899/4899
f 5646/5646 5218/5218 4898/4898
f 5647/5647 5648/5648 5634/5634
f 5648/5648 5633/5633 5634/5634
f 4339/4339 4338/4338 3586/3586
f 4338/4338 5583/5583 3586/3586
f 5184/5184 5128/5128 5614/5614
f 5128/5128 5547/5547 5614/5614
f 5649/5649 4480/4480 4783/4783
f 5534/5534 5649/5649 4783/4783
f 4309/4309 4311/4311 5377/5377
f 5377/5377 4311/4311 5378/5378
f 5529/5529 5630/5630 4269/4269
f 4268/4268 5529/5529 4269/4269
f 5548/5548 5650/5650 5171/5171
f 5171/5171 5650/5650 5248/5248
f 5585/5585 5586/5586 5513/5513
f 5513/5513 5586/5586 5514/5514
f 5285/5285 5639/5639 3612/3612
f 3612/3612 5639/5639 3618/3618
f 5651/5651 5387/5387 5161/5161
f 5509/5509 5598/5598 5387/5387
f 3831/3831 5652/5652 3832/3832
f 4499/4499 5463/5463 4500/4500
f 5558/5558 5150/5150 4357/4357
f 4357/4357 3668/3668 5558/5558
f 5550/5550 4040/4040 4039/4039
f 5005/5005 4040/4040 5550/5550
f 5248/5248 5653/5653 5511/5511
f 5650/5650 5653/5653 5248/5248
f 5434/5434 4284/4284 5617/5617
f 5617/5617 4284/4284 4286/4286
f 5178/5178 5654/5654 5385/5385
f 5178/5178 5177/5177 5654/5654
f 5427/5427 4460/4460 4459/4459
f 4524/4524 5427/5427 4459/4459
f 3780/3780 3815/3815 3781/3781
f 4386/4386 4551/4551 5443/5443
f 5270/5270 4110/4110 5201/5201
f 5201/5201 4110/4110 5228/5228
f 5655/5655 4730/4730 4729/4729
f 5656/5656 5655/5655 4729/4729
f 4305/4305 5459/5459 3615/3615
f 3615/3615 5459/5459 3976/3976
f 5624/5624 5037/5037 5038/5038
f 5126/5126 5037/5037 5657/5657
f 5658/5658 4660/4660 5126/5126
f 5658/5658 5126/5126 4425/4425
f 5213/5213 5208/5208 4151/4151
f 5208/5208 5240/5240 4151/4151
f 5101/5101 5388/5388 5102/5102
f 5659/5659 5388/5388 5101/5101
f 5660/5660 5661/5661 4696/4696
f 5183/5183 4233/4233 4005/4005
f 5465/5465 4802/4802 5217/5217
f 5466/5466 3831/3831 3830/3830
f 5415/5415 5263/5263 5589/5589
f 4228/4228 4168/4168 4229/4229
f 5458/5458 3814/3814 3780/3780
f 5457/5457 5215/5215 4641/4641
f 5059/5059 5568/5568 5503/5503
f 4050/4050 4049/4049 5502/5502
f 4260/4260 5158/5158 4481/4481
f 5418/5418 5596/5596 5372/5372
f 5469/5469 4543/4543 4048/4048
f 3809/3809 5468/5468 4048/4048
f 3838/3838 5531/5531 5662/5662
f 3691/3691 3838/3838 5662/5662
f 4054/4054 5505/5505 4055/4055
f 4758/4758 5504/5504 4759/4759
f 3952/3952 5507/5507 4283/4283
f 4283/4283 5507/5507 4222/4222
f 5663/5663 4660/4660 5658/5658
f 4660/4660 5663/5663 4661/4661
f 5664/5664 5665/5665 5359/5359
f 4352/4352 5664/5664 5359/5359
f 5666/5666 5667/5667 4164/4164
f 4164/4164 5667/5667 5668/5668
f 5355/5355 4278/4278 4277/4277
f 3950/3950 5355/5355 4277/4277
f 3855/3855 4254/4254 5363/5363
f 5363/5363 4254/4254 4256/4256
f 5410/5410 4779/4779 5411/5411
f 4779/4779 4044/4044 5243/5243
f 4667/4667 5669/5669 4487/4487
f 5670/5670 5671/5671 5669/5669
f 5205/5205 5206/5206 5555/5555
f 5555/5555 5206/5206 5219/5219
f 5439/5439 3591/3591 5442/5442
f 3589/3589 3591/3591 5439/5439
f 3595/3595 5319/5319 3596/3596
f 5319/5319 5318/5318 3596/3596
f 5672/5672 5609/5609 4419/4419
f 4663/4663 5672/5672 4419/4419
f 4486/4486 4485/4485 5673/5673
f 4485/4485 5546/5546 5673/5673
f 5391/5391 4663/4663 4491/4491
f 5392/5392 5391/5391 4491/4491
f 5451/5451 3633/3633 5475/5475
f 5475/5475 3633/3633 3768/3768
f 5674/5674 4196/4196 5675/5675
f 4196/4196 5642/5642 5675/5675
f 5536/5536 3608/3608 3993/3993
f 3608/3608 3610/3610 3993/3993
f 5159/5159 3950/3950 4841/4841
f 5119/5119 5159/5159 4841/4841
f 5676/5676 4138/4138 5445/5445
f 3977/3977 4138/4138 5676/5676
f 5361/5361 5176/5176 5421/5421
f 5179/5179 4186/4186 4750/4750
f 4847/4847 5289/5289 5288/5288
f 3852/3852 4615/4615 3853/3853
f 5649/5649 5656/5656 4480/4480
f 5656/5656 4729/4729 4480/4480
f 5279/5279 4902/4902 4901/4901
f 4901/4901 3720/3720 5279/5279
f 4403/4403 4026/4026 5626/5626
f 4026/4026 4194/4194 5626/5626
f 5629/5629 5677/5677 4387/4387
f 5677/5677 5678/5678 4387/4387
f 5249/5249 5511/5511 5512/5512
f 5248/5248 5511/5511 5249/5249
f 4295/4295 4790/4790 5157/5157
f 5157/5157 4790/4790 4788/4788
f 5679/5679 5413/5413 4167/4167
f 4167/4167 5413/5413 5415/5415
f 4445/4445 3614/3614 4446/4446
f 4446/4446 3614/3614 3616/3616
f 5463/5463 4498/4498 4500/4500
f 4498/4498 5680/5680 4500/4500
f 5342/5342 5366/5366 4075/4075
f 4111/4111 5366/5366 5342/5342
f 4152/4152 5241/5241 5367/5367
f 5241/5241 4133/4133 5367/5367
f 3847/3847 5435/5435 4259/4259
f 5435/5435 5637/5637 4259/4259
f 5486/5486 5232/5232 5405/5405
f 5232/5232 5231/5231 5405/5405
f 4020/4020 3623/3623 5681/5681
f 5682/5682 4020/4020 5681/5681
f 4394/4394 5683/5683 4559/4559
f 4559/4559 5683/5683 5684/5684
f 5544/5544 5394/5394 4879/4879
f 4879/4879 5394/5394 5595/5595
f 4128/4128 5610/5610 3634/3634
f 5554/5554 5610/5610 4128/4128
f 5401/5401 3914/3914 4871/4871
f 4871/4871 3914/3914 3590/3590
f 5496/5496 4698/4698 4265/4265
f 5150/5150 5496/5496 4265/4265
f 4531/4531 3632/3632 4532/4532
f 4532/4532 3632/3632 5450/5450
f 4155/4155 5506/5506 4158/4158
f 4158/4158 5506/5506 4366/4366
f 4655/4655 5685/5685 5686/5686
f 5034/5034 4655/4655 5686/5686
f 5687/5687 5688/5688 5221/5221
f 5688/5688 4782/4782 5221/5221
f 4710/4710 5689/5689 4711/4711
f 4710/4710 4979/4979 5689/5689
f 5678/5678 5690/5690 5647/5647
f 5690/5690 5648/5648 5647/5647
f 5691/5691 4439/4439 5692/5692
f 5691/5691 5580/5580 4439/4439
f 5118/5118 4496/4496 5572/5572
f 5572/5572 4496/4496 4638/4638
f 5442/5442 4412/4412 3904/3904
f 3591/3591 4412/4412 5442/5442
f 5318/5318 3808/3808 5488/5488
f 3596/3596 5318/5318 5488/5488
f 5336/5336 5319/5319 3595/3595
f 5493/5493 5336/5336 3595/3595
f 5401/5401 3912/3912 3914/3914
f 5403/5403 3912/3912 5401/5401
f 5394/5394 5396/5396 5595/5595
f 5595/5595 5396/5396 5608/5608
f 5391/5391 5693/5693 4663/4663
f 5693/5693 5672/5672 4663/4663
f 4486/4486 5673/5673 5694/5694
f 4583/4583 5064/5064 5635/5635
f 3598/3598 5510/5510 3599/3599
f 5510/5510 5526/5526 3599/3599
f 5664/5664 5695/5695 5665/5665
f 5695/5695 5137/5137 5665/5665
f 5661/5661 4635/4635 4696/4696
f 5661/5661 5521/5521 4635/4635
f 5644/5644 5541/5541 3637/3637
f 3637/3637 5541/5541 4304/4304
f 4364/4364 4231/4231 4330/4330
f 5438/5438 4231/4231 4364/4364
f 4356/4356 4215/4215 5295/5295
f 5335/5335 4356/4356 5295/5295
f 4108/4108 5000/5000 4294/4294
f 4294/4294 5000/5000 5056/5056
f 3700/3700 4770/4770 3701/3701
f 4772/4772 4770/4770 3700/3700
f 5621/5621 5623/5623 3635/3635
f 3635/3635 5623/5623 3769/3769
f 4353/4353 4356/4356 5335/5335
f 5476/5476 4353/4353 5335/5335
f 5506/5506 5438/5438 4366/4366
f 4366/4366 5438/5438 4364/4364
f 5623/5623 5679/5679 3769/3769
f 3769/3769 5679/5679 4167/4167
f 4619/4619 4817/4817 4422/4422
f 4422/4422 4817/4817 5188/5188
f 4039/4039 4041/4041 4567/4567
f 5551/5551 4039/4039 5549/5549
f 5403/5403 3620/3620 3912/3912
f 3613/3613 3620/3620 5403/5403
f 4996/4996 4084/4084 5306/5306
f 3828/3828 4996/4996 5306/5306
f 5536/5536 3993/3993 4200/4200
f 5537/5537 5536/5536 4200/4200
f 4871/4871 3589/3589 5400/5400
f 5400/5400 3589/3589 5439/5439
f 5251/5251 4869/4869 5696/5696
f 4869/4869 4870/4870 5696/5696
f 5213/5213 4151/4151 5697/5697
f 5344/5344 5213/5213 5697/5697
f 5450/5450 3763/3763 4063/4063
f 3632/3632 3763/3763 5450/5450
f 4344/4344 5698/5698 5699/5699
f 4587/4587 5568/5568 5700/5700
f 4680/4680 4679/4679 4376/4376
f 4373/4373 3857/3857 3869/3869
f 4185/4185 5362/5362 4394/4394
f 4394/4394 5362/5362 5683/5683
f 5152/5152 3839/3839 5528/5528
f 3839/3839 3841/3841 5528/5528
f 5133/5133 4008/4008 4367/4367
f 4302/4302 3876/3876 3878/3878
f 5701/5701 5143/5143 4291/4291
f 5702/5702 5143/5143 5701/5701
f 5512/5512 5659/5659 4640/4640
f 4640/4640 5659/5659 5101/5101
f 5534/5534 4783/4783 4782/4782
f 5688/5688 5534/5534 4782/4782
f 5483/5483 3613/3613 5404/5404
f 5508/5508 3613/3613 5483/5483
f 5251/5251 5696/5696 5250/5250
f 4373/4373 4372/4372 3857/3857
f 5540/5540 5254/5254 5198/5198
f 5539/5539 5540/5540 5198/5198
f 5162/5162 4228/4228 4230/4230
f 5162/5162 4230/4230 5160/5160
f 4746/4746 4112/4112 5423/5423
f 4112/4112 5620/5620 5423/5423
f 5703/5703 5036/5036 5704/5704
f 5625/5625 5036/5036 5703/5703
f 4097/4097 3689/3689 4338/4338
f 4337/4337 4097/4097 4338/4338
f 5441/5441 5130/5130 5440/5440
f 5637/5637 5440/5440 5138/5138
f 5567/5567 4834/4834 4482/4482
f 4334/4334 5567/5567 4482/4482
f 3913/3913 5544/5544 4879/4879
f 5566/5566 5544/5544 3913/3913
f 5033/5033 5292/5292 5293/5293
f 4411/4411 5292/5292 5033/5033
f 4555/4555 3860/3860 4892/4892
f 5339/5339 4555/4555 4892/4892
f 4661/4661 5663/5663 5705/5705
f 4207/4207 5706/5706 4208/4208
f 5440/5440 4668/4668 4487/4487
f 4667/4667 4487/4487 4668/4668
f 3616/3616 3977/3977 5707/5707
f 5707/5707 3977/3977 5676/5676
f 5236/5236 5205/5205 5473/5473
f 5473/5473 5205/5205 5555/5555
f 4531/4531 3630/3630 3632/3632
f 5461/5461 3630/3630 4531/4531
f 3906/3906 4757/4757 5478/5478
f 5478/5478 4757/4757 5567/5567
f 5540/5540 5687/5687 5254/5254
f 5687/5687 5221/5221 5254/5254
f 5620/5620 3598/3598 5390/5390
f 3598/3598 3600/3600 5390/5390
f 5033/5033 5293/5293 3905/3905
f 3905/3905 5293/5293 5455/5455
f 5244/5244 5666/5666 4164/4164
f 5244/5244 5708/5708 5666/5666
f 4302/4302 3878/3878 4303/4303
f 5259/5259 5260/5260 4799/4799
f 3976/3976 5461/5461 4531/4531
f 5459/5459 5461/5461 3976/3976
f 4435/4435 5287/5287 3860/3860
f 4555/4555 4435/4435 3860/3860
f 4752/4752 5530/5530 3894/3894
f 3894/3894 5530/5530 3895/3895
f 5518/5518 5493/5493 3959/3959
f 5493/5493 3595/3595 3959/3959
f 5098/5098 4055/4055 4468/4468
f 4055/4055 5308/5308 4468/4468
f 3810/3810 4050/4050 5453/5453
f 4050/4050 5502/5502 5453/5453
f 4758/4758 5455/5455 5504/5504
f 3905/3905 5455/5455 4758/4758
f 4981/4981 5709/5709 4982/4982
f 4981/4981 5710/5710 5711/5711
f 3952/3952 5684/5684 5507/5507
f 4559/4559 5684/5684 3952/3952
f 4214/4214 5712/5712 5710/5710
f 4981/4981 4214/4214 5710/5710
f 3792/3792 3906/3906 5478/5478
f 3791/3791 3906/3906 3792/3792
f 5298/5298 5468/5468 3809/3809
f 5297/5297 5298/5298 3809/3809
f 5713/5713 4352/4352 4853/4853
f 5714/5714 5713/5713 4349/4349
f 5526/5526 3926/3926 4124/4124
f 3599/3599 5526/5526 4124/4124
f 4681/4681 4180/4180 5715/5715
f 4682/4682 4681/4681 5715/5715
f 5149/5149 5716/5716 5717/5717
f 5149/5149 5717/5717 4925/4925
f 5526/5526 5489/5489 3926/3926
f 5489/5489 5452/5452 3926/3926
f 4194/4194 4196/4196 5674/5674
f 5626/5626 4194/4194 5674/5674
f 3810/3810 5453/5453 5452/5452
f 5489/5489 3810/3810 5452/5452
f 4327/4327 4353/4353 5476/5476
f 4238/4238 4327/4327 5476/5476
f 5637/5637 5138/5138 4260/4260
f 4260/4260 5138/5138 5158/5158
f 4776/4776 5611/5611 5718/5718
f 4644/4644 5719/5719 4669/4669
f 5608/5608 5290/5290 5292/5292
f 5396/5396 5290/5290 5608/5608
f 5638/5638 5616/5616 3690/3690
f 3689/3689 5638/5638 3690/3690
f 5612/5612 4872/4872 4803/4803
f 5720/5720 4803/4803 4670/4670
f 5462/5462 5552/5552 3631/3631
f 3631/3631 5552/5552 4127/4127
f 4764/4764 5166/5166 5532/5532
f 5721/5721 4764/4764 5532/5532
f 4344/4344 5699/5699 4345/4345
f 5054/5054 5680/5680 4498/4498
f 5444/5444 4278/4278 5722/5722
f 5355/5355 5722/5722 4278/4278
f 5277/5277 5723/5723 5237/5237
f 5237/5237 5723/5723 5238/5238
f 4501/4501 4381/4381 5527/5527
f 4601/4601 4501/4501 5527/5527
f 5318/5318 5297/5297 3808/3808
f 5297/5297 3809/3809 3808/3808
f 5442/5442 3904/3904 3791/3791
f 3791/3791 3904/3904 3906/3906
f 5724/5724 5725/5725 4256/4256
f 5363/5363 4256/4256 5725/5725
f 3997/3997 5190/5190 5192/5192
f 5320/5320 5190/5190 3997/3997
f 5582/5582 5399/5399 5506/5506
f 5402/5402 5399/5399 5582/5582
f 5543/5543 4506/4506 4508/4508
f 4579/4579 4506/4506 5543/5543
f 4613/4613 5726/5726 4429/4429
f 5726/5726 5727/5727 4429/4429
f 4339/4339 5416/5416 5499/5499
f 5498/5498 4339/4339 5499/5499
f 4697/4697 5556/5556 5151/5151
f 4007/4007 4006/4006 5557/5557
f 4096/4096 5407/5407 3689/3689
f 5407/5407 5638/5638 3689/3689
f 5620/5620 5390/5390 5393/5393
f 5423/5423 5620/5620 5393/5393
f 5034/5034 5686/5686 4314/4314
f 5589/5589 5034/5034 4314/4314
f 5583/5583 3691/3691 5490/5490
f 3691/3691 5662/5662 5490/5490
f 5111/5111 4764/4764 5721/5721
f 5712/5712 5111/5111 5721/5721
f 4187/4187 5551/5551 4188/4188
f 5177/5177 4751/4751 5654/5654
f 4681/4681 5141/5141 4180/4180
f 5141/5141 5142/5142 4180/4180
f 4165/4165 5668/5668 5513/5513
f 4164/4164 5668/5668 4165/4165
f 5451/5451 4063/4063 3633/3633
f 5450/5450 4063/4063 5451/5451
f 3868/3868 4020/4020 5682/5682
f 5728/5728 3868/3868 5682/5682
f 4236/4236 5183/5183 4005/4005
f 4005/4005 4919/4919 4236/4236
f 5729/5729 5417/5417 4730/4730
f 5655/5655 5729/5729 4730/4730
f 5404/5404 5402/5402 5592/5592
f 5592/5592 5402/5402 5582/5582
f 4184/4184 5730/5730 4186/4186
f 4184/4184 4186/4186 5179/5179
f 4897/4897 5730/5730 4184/4184
f 5731/5731 3651/3651 5732/5732
f 4005/4005 5733/5733 4919/4919
f 5734/5734 3682/3682 4021/4021
f 5519/5519 3958/3958 4462/4462
f 5424/5424 5519/5519 4462/4462
f 4925/4925 5735/5735 4923/4923
f 5717/5717 5735/5735 4925/4925
f 5468/5468 5469/5469 4048/4048
f 4773/4773 5469/5469 5468/5468
f 3584/3584 5419/5419 5426/5426
f 3585/3585 3584/3584 5426/5426
f 5594/5594 5093/5093 5090/5090
f 5414/5414 5090/5090 5263/5263
f 5640/5640 5545/5545 3619/3619
f 3619/3619 5545/5545 5566/5566
f 4665/4665 4899/4899 4642/4642
f 4665/4665 5274/5274 4899/4899
f 4847/4847 4845/4845 5289/5289
f 4845/4845 4847/4847 4801/4801
f 4511/4511 4408/4408 5434/5434
f 5434/5434 4408/4408 4284/4284
f 4213/4213 5111/5111 5712/5712
f 4214/4214 4213/4213 5712/5712
f 5139/5139 4983/4983 4340/4340
f 3965/3965 5139/5139 4340/4340
f 3608/3608 5487/5487 3609/3609
f 5487/5487 4095/4095 3609/3609
f 3886/3886 3888/3888 4529/4529
f 5134/5134 3886/3886 4529/4529
f 4745/4745 4746/4746 3583/3583
f 5425/5425 4745/4745 3583/3583
f 4551/4551 5569/5569 5443/5443
f 4551/4551 5071/5071 5569/5569
f 5546/5546 4056/4056 5109/5109
f 4065/4065 4056/4056 5546/5546
f 4692/4692 5736/5736 4694/4694
f 5714/5714 4349/4349 4092/4092
f 5380/5380 5431/5431 5640/5640
f 5640/5640 5431/5431 5545/5545
f 4132/4132 5566/5566 3913/3913
f 3619/3619 5566/5566 4132/4132
f 5579/5579 4893/4893 4440/4440
f 4893/4893 5233/5233 4440/4440
f 4612/4612 3920/3920 3922/3922
f 4939/4939 3920/3920 4612/4612
f 5583/5583 5490/5490 3587/3587
f 3586/3586 5583/5583 3587/3587
f 4238/4238 5476/5476 5477/5477
f 4239/4239 4238/4238 5477/5477
f 5704/5704 4861/4861 5605/5605
f 5036/5036 4861/4861 5704/5704
f 5678/5678 5647/5647 4388/4388
f 4387/4387 5678/5678 4388/4388
f 3940/3940 4322/4322 4967/4967
f 4322/4322 5347/5347 4967/4967
f 5434/5434 5617/5617 5291/5291
f 5291/5291 5617/5617 5448/5448
f 5426/5426 5419/5419 5427/5427
f 5419/5419 5420/5420 5427/5427
f 3985/3985 4940/4940 4941/4941
f 3986/3986 3985/3985 4941/4941
f 4820/4820 5737/5737 4808/4808
f 4808/4808 5737/5737 5738/5738
f 5059/5059 3699/3699 5568/5568
f 5568/5568 3699/3699 4584/4584
f 5739/5739 5740/5740 4931/4931
f 4931/4931 5740/5740 3915/3915
f 4819/4819 4393/4393 4015/4015
f 4971/4971 4393/4393 4819/4819
f 5238/5238 5741/5741 5239/5239
f 5723/5723 5741/5741 5238/5238
f 5137/5137 3868/3868 5728/5728
f 5137/5137 5728/5728 5665/5665
f 5517/5517 5492/5492 5518/5518
f 5492/5492 5493/5493 5518/5518
f 5702/5702 4493/4493 5143/5143
f 4638/4638 4493/4493 5702/5702
f 4972/4972 5257/5257 4013/4013
f 5256/5256 5257/5257 4972/4972
f 3981/3981 5364/5364 5330/5330
f 5742/5742 3981/3981 5330/5330
f 5742/5742 5330/5330 4912/4912
f 3962/3962 5742/5742 4912/4912
f 3770/3770 4166/4166 5598/5598
f 5598/5598 4166/4166 4228/4228
f 5432/5432 5425/5425 3617/3617
f 5425/5425 3583/3583 3617/3617
f 5379/5379 5380/5380 5639/5639
f 5639/5639 5380/5380 5640/5640
f 5169/5169 5186/5186 5486/5486
f 5186/5186 5232/5232 5486/5486
f 4923/4923 5739/5739 4931/4931
f 5735/5735 5739/5739 4923/4923
f 4426/4426 5657/5657 5645/5645
f 4426/4426 5645/5645 5643/5643
f 4482/4482 4834/4834 4065/4065
f 4834/4834 4054/4054 4065/4065
f 5209/5209 4692/4692 5565/5565
f 3858/3858 5578/5578 5577/5577
f 5483/5483 5404/5404 5485/5485
f 5485/5485 5404/5404 5592/5592
f 4217/4217 4546/4546 5467/5467
f 4546/4546 4545/4545 4773/4773
f 3940/3940 4967/4967 4970/4970
f 3941/3941 3940/3940 4970/4970
f 4778/4778 5409/5409 5708/5708
f 4778/4778 5708/5708 5244/5244
f 5375/5375 4261/4261 5371/5371
f 4261/4261 4481/4481 5371/5371
f 3773/3773 3772/3772 4671/4671
f 3773/3773 4671/4671 5160/5160
f 4127/4127 5554/5554 4128/4128
f 5552/5552 5554/5554 4127/4127
f 3859/3859 3858/3858 5577/5577
f 4249/4249 4248/4248 5580/5580
f 5508/5508 3611/3611 3613/3613
f 3804/3804 3611/3611 5508/5508
f 5385/5385 5654/5654 4556/4556
f 5385/5385 4556/4556 5601/5601
f 5514/5514 3616/3616 5516/5516
f 5516/5516 3616/3616 5707/5707
f 4904/4904 5559/5559 4795/4795
f 3900/3900 5574/5574 5576/5576
f 3877/3877 5574/5574 3900/3900
f 4009/4009 5573/5573 4010/4010
f 5432/5432 3617/3617 3825/3825
f 5383/5383 5432/5432 3825/3825
f 5158/5158 4173/4173 5597/5597
f 4173/4173 4172/4172 5597/5597
f 4481/4481 5158/5158 5596/5596
f 5158/5158 5597/5597 5596/5596
f 4805/4805 5738/5738 5743/5743
f 4808/4808 5738/5738 4805/4805
f 5459/5459 5472/5472 5460/5460
f 5604/5604 5472/5472 5459/5459
f 3837/3837 5375/5375 5531/5531
f 3838/3838 3837/3837 5531/5531
f 5387/5387 4228/4228 5162/5162
f 5598/5598 4228/4228 5387/5387
f 4280/4280 3585/3585 5429/5429
f 3585/3585 5426/5426 5429/5429
f 4110/4110 4296/4296 3854/3854
f 4369/4369 4296/4296 4110/4110
f 3701/3701 4770/4770 4382/4382
f 5744/5744 4382/4382 4072/4072
f 5420/5420 4456/4456 4460/4460
f 5427/5427 5420/5420 4460/4460
f 4633/4633 5716/5716 5149/5149
f 4633/4633 5133/5133 5716/5716
f 4229/4229 5589/5589 4314/4314
f 4168/4168 5589/5589 4229/4229
f 4748/4748 5492/5492 5517/5517
f 4448/4448 4748/4748 5517/5517
f 3994/3994 4339/4339 5498/5498
f 5633/5633 3994/3994 5498/5498
f 5494/5494 3770/3770 5357/5357
f 5357/5357 3770/3770 5598/5598
f 5464/5464 4802/4802 5465/5465
f 3643/3643 4802/4802 5464/5464
f 5610/5610 5621/5621 3634/3634
f 3634/3634 5621/5621 3635/3635
f 3847/3847 4259/4259 4986/4986
f 3845/3845 3847/3847 4986/4986
f 5364/5364 4843/4843 5333/5333
f 4843/4843 5745/5745 5333/5333
f 3963/3963 3962/3962 4998/4998
f 3962/3962 4912/4912 4998/4998
f 5433/5433 5520/5520 5424/5424
f 5520/5520 5519/5519 5424/5424
f 3802/3802 4297/4297 3803/3803
f 3803/3803 4297/4297 3611/3611
f 5543/5543 4508/4508 5397/5397
f 5397/5397 4508/4508 4509/4509
f 5255/5255 5087/5087 4971/4971
f 4971/4971 5087/5087 4393/4393
f 5697/5697 4151/4151 4708/4708
f 4151/4151 3948/3948 4708/4708
f 4425/4425 5126/5126 5657/5657
f 4425/4425 5657/5657 4426/4426
f 5084/5084 4075/4075 4202/4202
f 5342/5342 4075/4075 5084/5084
f 5241/5241 5328/5328 4133/4133
f 5328/5328 4253/4253 4133/4133
f 5420/5420 5392/5392 4456/4456
f 5392/5392 4491/4491 4456/4456
f 5606/5606 5607/5607 5610/5610
f 5610/5610 5607/5607 5621/5621
f 4371/4371 5283/5283 5018/5018
f 4371/4371 5018/5018 5251/5251
f 5746/5746 5300/5300 4940/4940
f 3985/3985 5746/5746 4940/4940
f 5601/5601 3896/3896 5285/5285
f 4556/4556 3896/3896 5601/5601
f 4636/4636 3824/3824 3840/3840
f 3824/3824 3826/3826 3840/3840
f 5390/5390 3600/3600 5391/5391
f 3600/3600 5693/5693 5391/5391
f 5494/5494 3768/3768 3770/3770
f 5475/5475 3768/3768 5494/5494
f 4230/4230 4315/4315 5603/5603
f 4315/4315 3773/3773 5603/5603
f 5611/5611 5457/5457 4641/4641
f 5611/5611 4641/4641 4643/4643
f 5381/5381 3824/3824 4636/4636
f 4635/4635 5381/5381 4636/4636
f 4168/4168 5415/5415 5589/5589
f 4168/4168 4167/4167 5415/5415
f 5533/5533 5524/5524 3608/3608
f 5524/5524 5487/5487 3608/3608
f 4990/4990 4243/4243 3908/3908
f 5140/5140 4990/4990 3908/3908
f 5741/5741 5747/5747 5239/5239
f 5239/5239 5747/5747 4101/4101
f 4042/4042 5204/5204 4476/4476
f 5204/5204 4042/4042 5409/5409
f 3950/3950 4277/4277 4840/4840
f 4841/4841 3950/3950 4840/4840
f 5460/5460 5555/5555 5462/5462
f 5462/5462 5555/5555 5552/5552
f 4330/4330 3790/3790 4331/4331
f 4231/4231 3790/3790 4330/4330
f 5295/5295 4215/4215 5296/5296
f 4215/4215 4217/4217 5296/5296
f 5551/5551 5549/5549 4751/4751
f 4188/4188 5551/5551 4751/4751
f 5409/5409 4779/4779 5410/5410
f 5409/5409 4042/4042 4779/4779
f 4445/4445 4304/4304 3614/3614
f 3638/3638 4304/4304 4445/4445
f 5469/5469 5058/5058 4543/4543
f 4543/4543 5058/5058 5059/5059
f 4796/4796 4800/4800 4797/4797
f 3731/3731 4301/4301 3732/3732
f 4352/4352 4735/4735 4853/4853
f 4352/4352 5359/5359 4735/4735
f 4008/4008 4632/4632 5197/5197
f 4632/4632 4008/4008 5133/5133
f 4680/4680 4247/4247 5147/5147
f 4680/4680 4376/4376 4247/4247
f 5374/5374 5376/5376 5649/5649
f 5534/5534 5374/5374 5649/5649
f 4697/4697 4637/4637 5556/5556
f 4637/4637 5312/5312 5556/5556
f 4932/4932 3915/3915 3917/3917
f 4931/4931 3915/3915 4932/4932
f 3625/3625 5748/5748 3626/3626
f 4172/4172 4404/4404 5597/5597
f 4481/4481 5418/5418 5371/5371
f 4481/4481 5596/5596 5418/5418
f 5398/5398 4511/4511 5434/5434
f 4509/4509 4511/4511 5398/5398
f 5632/5632 3923/3923 5585/5585
f 5631/5631 3923/3923 5632/5632
f 5448/5448 5588/5588 5587/5587
f 5617/5617 5588/5588 5448/5448
f 5654/5654 4557/4557 4556/4556
f 5654/5654 4751/4751 4557/4557
f 5565/5565 4692/4692 4693/4693
f 4692/4692 4694/4694 4693/4693
f 4594/4594 4579/4579 5437/5437
f 5437/5437 4579/4579 5543/5543
f 4537/4537 5428/5428 4524/4524
f 5428/5428 5427/5427 4524/4524
f 5378/5378 4502/4502 5430/5430
f 4311/4311 4502/4502 5378/5378
f 4861/4861 4858/4858 5605/5605
f 5605/5605 4858/4858 5235/5235
f 5616/5616 5615/5615 3836/3836
f 3690/3690 5616/5616 3836/3836
f 4269/4269 5630/5630 4542/4542
f 5630/5630 5590/5590 4542/4542
f 3855/3855 4788/4788 4254/4254
f 5157/5157 4788/4788 3855/3855
f 5542/5542 5604/5604 4305/4305
f 4305/4305 5604/5604 5459/5459
f 5386/5386 3804/3804 5507/5507
f 5507/5507 3804/3804 5508/5508
f 5548/5548 5676/5676 5650/5650
f 5707/5707 5676/5676 5548/5548
f 3948/3948 3950/3950 5159/5159
f 4708/4708 3948/3948 5159/5159
f 4076/4076 5363/5363 5725/5725
f 3856/3856 5363/5363 4076/4076
f 3949/3949 4135/4135 5355/5355
f 4135/4135 5722/5722 5355/5355
f 4982/4982 4980/4980 4979/4979
f 4710/4710 4982/4982 4979/4979
f 5648/5648 3995/3995 5633/5633
f 3995/3995 3994/3994 5633/5633
f 3836/3836 5615/5615 3845/3845
f 5615/5615 3846/3846 3845/3845
f 3928/3928 5609/5609 5672/5672
f 4664/4664 3928/3928 5672/5672
f 4990/4990 4648/4648 4243/4243
f 4648/4648 5029/5029 4243/4243
f 4165/4165 5513/5513 4965/4965
f 4965/4965 5513/5513 5193/5193
f 5650/5650 5445/5445 5653/5653
f 5676/5676 5445/5445 5650/5650
f 5622/5622 5599/5599 5623/5623
f 5623/5623 5599/5599 5679/5679
f 5010/5010 4150/4150 4966/4966
f 5309/5309 5010/5010 4966/4966
f 5727/5727 5749/5749 4602/4602
f 4429/4429 5727/5727 4602/4602
f 5189/5189 4582/4582 5750/5750
f 4580/4580 4582/4582 5189/5189
f 4380/4380 5156/5156 4381/4381
f 4381/4381 5156/5156 4603/4603
f 3588/3588 4649/4649 5688/5688
f 4649/4649 5534/5534 5688/5688
f 4658/4658 5479/5479 5337/5337
f 4331/4331 5479/5479 4658/4658
f 4797/4797 4800/4800 4799/4799
f 4799/4799 5260/5260 4797/4797
f 4996/4996 4995/4995 4084/4084
f 4995/4995 5216/5216 4084/4084
f 5320/5320 3888/3888 5190/5190
f 4529/4529 3888/3888 5320/5320
f 4966/4966 4150/4150 4756/4756
f 4150/4150 4032/4032 4756/4756
f 4107/4107 5172/5172 4108/4108
f 5302/5302 5172/5172 4107/4107
f 4280/4280 5429/5429 5562/5562
f 3826/3826 4280/4280 5562/5562
f 5653/5653 5446/5446 5474/5474
f 5445/5445 5446/5446 5653/5653
f 5408/5408 5602/5602 5638/5638
f 5407/5407 5408/5408 5638/5638
f 4006/4006 5151/5151 5557/5557
f 5557/5557 5151/5151 5153/5153
f 4120/4120 5324/5324 4466/4466
f 4466/4466 5324/5324 5258/5258
f 5474/5474 5475/5475 5495/5495
f 5495/5495 5475/5475 5494/5494
f 4982/4982 5709/5709 4980/4980
f 5709/5709 5641/5641 4980/4980
f 5376/5376 5655/5655 5656/5656
f 5649/5649 5376/5376 5656/5656
f 3854/3854 5157/5157 3855/3855
f 4296/4296 5157/5157 3854/3854
f 3937/3937 5302/5302 5751/5751
f 5751/5751 5302/5302 4107/4107
f 5490/5490 5662/5662 5491/5491
f 5662/5662 5531/5531 5491/5491
f 4358/4358 4011/4011 5752/5752
f 5118/5118 5572/5572 5753/5753
f 5344/5344 5697/5697 4518/4518
f 4028/4028 5344/5344 4518/4518
f 4152/4152 5367/5367 3949/3949
f 5367/5367 4135/4135 3949/3949
f 5366/5366 3856/3856 4076/4076
f 4111/4111 3856/3856 5366/5366
f 5586/5586 4446/4446 5514/5514
f 5514/5514 4446/4446 3616/3616
f 5692/5692 4439/4439 5146/5146
f 5692/5692 5146/5146 4038/4038
f 5558/5558 3668/3668 4007/4007
f 4007/4007 5557/5557 5558/5558
f 4108/4108 4294/4294 4369/4369
f 4369/4369 4294/4294 4296/4296
f 5600/5600 5593/5593 5413/5413
f 5413/5413 5593/5593 5414/5414
f 4187/4187 5550/5550 5551/5551
f 4187/4187 5005/5005 5550/5550
f 4664/4664 5672/5672 5693/5693
f 3600/3600 4664/4664 5693/5693
f 5269/5269 4087/4087 4368/4368
f 4085/4085 4087/4087 5269/5269
f 5537/5537 4200/4200 3621/3621
f 4019/4019 5537/5537 3621/3621
f 4295/4295 5056/5056 4790/4790
f 4294/4294 5056/5056 4295/4295
f 4103/4103 5754/5754 5317/5317
f 5317/5317 5754/5754 5346/5346
f 4032/4032 4031/4031 5052/5052
f 4031/4031 5119/5119 5052/5052
f 4574/4574 5159/5159 5119/5119
f 4031/4031 4574/4574 5119/5119
f 4543/4543 5059/5059 4049/4049
f 4049/4049 5059/5059 5503/5503
f 5755/5755 5234/5234 4835/4835
f 5234/5234 5280/5280 4835/4835
f 5016/5016 3941/3941 4850/4850
f 3941/3941 4970/4970 4850/4850
f 4759/4759 5505/5505 4054/4054
f 4834/4834 4759/4759 4054/4054
f 4895/4895 4942/4942 5233/5233
f 4893/4893 4895/4895 5233/5233
f 5277/5277 4536/4536 5723/5723
f 4903/4903 4536/4536 5277/5277
f 3867/3867 5538/5538 4019/4019
f 5538/5538 5537/5537 4019/4019
f 5422/5422 5386/5386 5684/5684
f 5684/5684 5386/5386 5507/5507
f 4316/4316 4617/4617 5756/5756
f 4846/4846 4845/4845 4801/4801
f 3922/3922 5726/5726 4613/4613
f 4612/4612 3922/3922 4613/4613
f 5500/5500 5199/5199 5229/5229
f 5501/5501 5500/5500 5229/5229
f 5358/5358 5509/5509 5389/5389
f 5509/5509 5387/5387 5651/5651
f 5749/5749 4499/4499 4601/4601
f 4602/4602 5749/5749 4601/4601
f 5549/5549 4568/4568 4752/4752
f 4752/4752 4568/4568 5530/5530
f 4013/4013 5163/5163 5354/5354
f 5257/5257 5163/5163 4013/4013
f 4642/4642 4899/4899 4666/4666
f 5757/5757 4666/4666 4407/4407
f 5152/5152 5528/5528 5497/5497
f 5153/5153 5152/5152 5497/5497
f 5547/5547 5441/5441 5435/5435
f 3846/3846 5547/5547 5435/5435
f 5750/5750 4384/4384 3815/3815
f 4582/4582 4384/4384 5750/5750
f 3698/3698 3697/3697 4471/4471
f 5098/5098 4468/4468 5097/5097
f 5701/5701 4291/4291 3898/3898
f 3898/3898 4291/4291 4743/4743
f 5405/5405 5407/5407 4096/4096
f 5486/5486 5405/5405 4096/4096
f 5555/5555 5219/5219 5553/5553
f 5553/5553 5219/5219 5267/5267
f 5285/5285 5379/5379 5639/5639
f 3895/3895 5379/5379 5285/5285
f 4817/4817 4580/4580 5188/5188
f 5188/5188 4580/4580 5189/5189
f 5679/5679 5600/5600 5413/5413
f 5599/5599 5600/5600 5679/5679
f 5501/5501 5229/5229 4739/4739
f 4737/4737 5501/5501 4739/4739
f 4049/4049 5503/5503 5502/5502
f 5502/5502 5503/5503 5057/5057
f 5084/5084 4202/4202 5086/5086
f 5289/5289 5086/5086 4202/4202
f 5642/5642 5520/5520 5433/5433
f 5384/5384 5642/5642 5433/5433
f 4222/4222 5482/5482 4223/4223
f 5507/5507 5482/5482 4222/4222
f 5499/5499 5416/5416 5540/5540
f 5416/5416 5687/5687 5540/5540
f 5607/5607 5252/5252 5622/5622
f 5622/5622 5252/5252 5599/5599
f 3622/3622 3995/3995 5648/5648
f 5690/5690 3622/3622 5648/5648
f 5697/5697 4708/4708 4153/4153
f 4518/4518 5697/5697 4153/4153
f 5373/5373 5729/5729 5655/5655
f 5376/5376 5373/5373 5655/5655
f 5758/5758 5306/5306 3921/3921
f 5306/5306 4084/4084 3921/3921
f 5395/5395 4509/4509 5398/5398
f 5397/5397 4509/4509 5395/5395
f 3928/3928 3927/3927 5609/5609
f 3927/3927 5584/5584 5609/5609
f 5283/5283 3941/3941 5016/5016
f 5018/5018 5283/5283 5016/5016
f 3927/3927 5454/5454 5584/5584
f 5454/5454 4346/4346 4348/4348
f 4044/4044 5658/5658 4425/4425
f 4043/4043 5658/5658 4044/4044
f 5556/5556 5312/5312 3839/3839
f 5312/5312 3840/3840 3839/3839
f 4894/4894 3860/3860 3984/3984
f 3860/3860 3862/3862 3984/3984
f 4067/4067 5323/5323 5067/5067
f 5067/5067 5323/5323 5321/5321
f 3609/3609 4095/4095 5636/5636
f 4095/4095 4097/4097 5636/5636
f 4091/4091 4892/4892 4894/4894
f 4892/4892 3860/3860 4894/4894
f 4535/4535 5701/5701 3898/3898
f 4204/4204 5701/5701 4535/4535
f 3588/3588 5688/5688 5687/5687
f 5416/5416 3588/3588 5687/5687
f 3889/3889 4422/4422 5188/5188
f 4037/4037 4422/4422 3889/3889
f 5614/5614 5547/5547 3846/3846
f 5615/5615 5614/5614 3846/3846
f 4805/4805 5743/5743 4906/4906
f 4906/4906 5743/5743 5759/5759
f 5329/5329 4898/4898 4253/4253
f 5328/5328 5329/5329 4253/4253
f 5606/5606 5267/5267 5253/5253
f 5553/5553 5267/5267 5606/5606
f 5511/5511 5474/5474 5495/5495
f 5653/5653 5474/5474 5511/5511
f 5460/5460 5473/5473 5555/5555
f 5472/5472 5473/5473 5460/5460
f 5181/5181 4103/4103 5182/5182
f 5182/5182 4103/4103 5317/5317
f 5228/5228 4111/4111 5342/5342
f 4110/4110 4111/4111 5228/5228
f 4151/4151 5240/5240 4152/4152
f 5240/5240 5241/5241 4152/4152
f 4351/4351 5136/5136 5664/5664
f 4351/4351 5664/5664 4352/4352
f 4334/4334 5337/5337 5567/5567
f 5337/5337 5478/5478 5567/5567
f 5262/5262 5184/5184 5613/5613
f 5184/5184 5614/5614 5613/5613
f 4558/4558 3894/3894 3896/3896
f 4557/4557 3894/3894 4558/4558
f 4146/4146 5007/5007 4596/4596
f 4596/4596 5007/5007 4946/4946
f 5663/5663 4043/4043 4662/4662
f 4043/4043 5663/5663 5658/5658
f 5760/5760 3671/3671 3673/3673
f 5005/5005 3673/3673 4040/4040
f 5535/5535 5533/5533 5536/5536
f 5533/5533 3608/3608 5536/5536
f 5665/5665 5728/5728 5628/5628
f 5359/5359 5665/5665 5628/5628
f 4067/4067 4303/4303 5322/5322
f 4067/4067 5322/5322 5323/5323
f 5145/5145 5234/5234 5755/5755
f 5761/5761 5145/5145 5755/5755
f 5659/5659 5358/5358 5388/5388
f 5388/5388 5358/5358 5389/5389
f 5150/5150 5153/5153 5496/5496
f 5153/5153 5497/5497 5496/5496
f 5333/5333 5745/5745 5028/5028
f 5745/5745 3887/3887 5028/5028
f 5524/5524 5523/5523 5487/5487
f 5523/5523 5486/5486 5487/5487
f 5674/5674 5675/5675 5382/5382
f 5521/5521 5674/5674 5382/5382
f 4476/4476 5204/5204 4652/4652
f 3731/3731 4651/4651 4301/4301
f 4759/4759 5504/5504 5505/5505
f 5504/5504 5456/5456 5505/5505
f 4689/4689 4710/4710 4711/4711
f 5762/5762 3709/3709 3708/3708
f 5563/5563 5707/5707 5548/5548
f 5516/5516 5707/5707 5563/5563
f 5190/5190 3890/3890 5191/5191
f 3888/3888 3890/3890 5190/5190
f 4620/4620 4036/4036 4035/4035
f 4984/4984 4620/4620 4035/4035
f 4939/4939 5759/5759 3920/3920
f 4906/4906 5759/5759 4939/4939
f 5723/5723 3897/3897 5741/5741
f 4536/4536 3897/3897 5723/5723
f 5686/5686 5685/5685 5763/5763
f 4314/4314 5686/5686 3771/3771
f 4217/4217 5467/5467 5481/5481
f 5296/5296 4217/4217 5481/5481
f 5071/5071 5070/5070 4550/4550
f 3698/3698 4471/4471 4470/4470
f 4331/4331 5480/5480 5479/5479
f 3790/3790 5480/5480 4331/4331
f 5215/5215 5764/5764 5274/5274
f 5458/5458 5764/5764 5215/5215
f 5647/5647 5634/5634 4837/4837
f 4388/4388 5647/5647 4837/4837
f 5466/5466 5217/5217 3851/3851
f 5217/5217 5288/5288 3851/3851
f 5717/5717 4068/4068 5735/5735
f 5717/5717 4066/4066 4068/4068
f 5715/5715 3939/3939 3943/3943
f 3942/3942 5715/5715 3943/3943
f 5561/5561 5428/5428 4537/4537
f 4539/4539 5561/5561 4537/4537
f 4546/4546 4773/4773 5467/5467
f 5467/5467 4773/4773 5468/5468
f 5659/5659 5356/5356 5358/5358
f 5512/5512 5356/5356 5659/5659
f 5669/5669 3692/3692 4487/4487
f 5669/5669 3624/3624 3692/3692
f 4135/4135 4134/4134 5722/5722
f 5218/5218 5722/5722 4134/4134
f 5448/5448 5587/5587 5449/5449
f 5449/5449 5307/5307 5456/5456
f 5287/5287 5050/5050 3861/3861
f 3860/3860 5287/5287 3861/3861
f 3967/3967 5049/5049 5761/5761
f 5049/5049 5145/5145 5761/5761
f 5586/5586 4444/4444 4446/4446
f 5282/5282 4444/4444 5586/5586
f 3923/3923 3638/3638 5282/5282
f 5282/5282 3638/3638 4445/4445
f 4795/4795 5559/5559 5279/5279
f 5279/5279 5278/5278 4795/4795
f 5631/5631 5243/5243 4424/4424
f 5631/5631 4424/4424 3923/3923
f 4076/4076 5725/5725 4077/4077
f 5724/5724 4077/4077 5725/5725
f 4180/4180 4182/4182 3939/3939
f 5715/5715 4180/4180 3939/3939
f 3922/3922 4071/4071 5726/5726
f 4071/4071 5180/5180 5726/5726
f 5657/5657 5624/5624 5645/5645
f 5657/5657 5037/5037 5624/5624
f 5689/5689 4979/4979 4350/4350
f 4711/4711 5689/5689 4350/4350
f 5044/5044 3669/3669 3668/3668
f 4357/4357 5044/5044 3668/3668
f 5500/5500 5539/5539 5199/5199
f 5539/5539 5198/5198 5199/5199
f 4980/4980 5618/5618 3866/3866
f 5618/5618 3867/3867 3866/3866
f 5075/5075 5139/5139 3965/3965
f 3964/3964 5075/5075 3965/3965
f 4450/4450 4340/4340 3982/3982
f 4340/4340 4318/4318 3982/3982
f 3874/3874 5353/5353 3918/3918
f 3918/3918 5353/5353 5351/5351
f 4180/4180 5142/5142 4181/4181
f 5142/5142 5140/5140 4181/4181
f 3898/3898 4743/4743 3935/3935
f 3935/3935 4743/4743 5008/5008
f 4903/4903 4205/4205 4536/4536
f 4902/4902 4205/4205 4903/4903
f 3636/3636 4426/4426 5643/5643
f 3636/3636 5643/5643 3637/3637
f 4820/4820 4015/4015 5737/5737
f 4819/4819 4015/4015 4820/4820
f 5435/5435 5441/5441 5637/5637
f 5441/5441 5440/5440 5637/5637
f 5572/5572 4009/4009 5115/5115
f 4009/4009 5572/5572 5573/5573
f 5696/5696 4870/4870 4690/4690
f 5250/5250 5696/5696 4690/4690
f 5618/5618 5570/5570 3867/3867
f 5570/5570 5538/5538 3867/3867
f 5735/5735 3873/3873 5739/5739
f 4068/4068 3873/3873 5735/5735
f 5549/5549 4567/4567 4568/4568
f 4039/4039 4567/4567 5549/5549
f 4779/4779 5243/5243 5411/5411
f 5411/5411 5243/5243 5631/5631
f 3885/3885 4037/4037 3886/3886
f 4037/4037 3889/3889 3886/3886
f 4182/4182 3909/3909 4322/4322
f 3909/3909 4323/4323 4322/4322
f 5043/5043 4091/4091 4893/4893
f 4091/4091 4894/4894 4893/4893
f 5136/5136 5695/5695 5664/5664
f 5136/5136 5137/5137 5695/5695
f 5694/5694 5673/5673 5765/5765
f 5673/5673 5546/5546 5109/5109
f 5502/5502 5057/5057 4346/4346
f 4346/4346 5057/5057 4347/4347
f 5542/5542 5605/5605 5604/5604
f 5704/5704 5605/5605 5542/5542
f 3623/3623 3622/3622 5690/5690
f 5681/5681 3623/3623 5690/5690
f 5759/5759 5758/5758 3920/3920
f 3920/3920 5758/5758 3921/3921
f 5456/5456 5307/5307 5308/5308
f 5505/5505 5456/5456 5308/5308
f 5712/5712 5721/5721 5619/5619
f 5641/5641 5712/5712 5619/5619
f 4467/4467 3822/3822 4393/4393
f 4393/4393 3822/3822 4012/4012
f 5627/5627 5661/5661 5660/5660
f 5627/5627 5626/5626 5661/5661
f 4245/4245 3966/3966 5742/5742
f 3966/3966 4450/4450 5742/5742
f 4243/4243 5029/5029 4244/4244
f 5029/5029 4833/4833 4244/4244
f 5632/5632 5585/5585 5668/5668
f 5668/5668 5585/5585 5513/5513
f 5683/5683 5422/5422 5684/5684
f 5421/5421 5422/5422 5683/5683
f 5661/5661 5626/5626 5521/5521
f 5626/5626 5674/5674 5521/5521
f 5482/5482 5484/5484 4223/4223
f 4223/4223 5484/5484 5485/5485
f 5724/5724 4256/4256 4497/4497
f 5652/5652 5724/5724 4497/4497
f 3841/3841 3826/3826 5591/5591
f 3826/3826 5562/5562 5591/5591
f 5021/5021 5512/5512 4640/4640
f 5249/5249 5512/5512 5021/5021
f 3897/3897 3899/3899 5741/5741
f 5741/5741 3899/3899 5747/5747
f 3862/3862 5746/5746 3985/3985
f 3984/3984 3862/3862 3985/3985
f 4466/4466 5258/5258 3820/3820
f 3820/3820 5258/5258 5256/5256
f 5362/5362 5361/5361 5421/5421
f 5362/5362 5421/5421 5683/5683
f 4385/4385 5635/5635 5065/5065
f 5766/5766 3696/3696 3816/3816
f 5675/5675 5642/5642 5384/5384
f 5382/5382 5675/5675 5384/5384
f 5740/5740 4118/4118 4627/4627
f 3875/3875 4118/4118 5740/5740
f 5645/5645 5624/5624 5625/5625
f 5645/5645 5625/5625 5644/5644
f 5742/5742 4450/4450 3981/3981
f 4450/4450 3982/3982 3981/3981
f 3939/3939 4182/4182 3940/3940
f 4182/4182 4322/4322 3940/3940
f 5568/5568 4584/4584 5700/5700
f 5698/5698 3721/3721 3723/3723
f 5728/5728 5629/5629 5628/5628
f 5728/5728 5682/5682 5629/5629
f 4012/4012 4972/4972 4013/4013
f 3822/3822 4972/4972 4012/4012
f 4204/4204 5702/5702 5701/5701
f 4639/4639 5702/5702 4204/4204
f 5430/5430 4504/4504 5436/5436
f 4502/4502 4504/4504 5430/5430
f 3781/3781 4549/4549 5444/5444
f 5444/5444 4549/4549 4278/4278
f 4249/4249 5691/5691 5148/5148
f 4249/4249 5580/5580 5691/5691
f 5532/5532 5533/5533 5535/5535
f 5571/5571 5532/5532 5535/5535
f 5739/5739 3875/3875 5740/5740
f 3873/3873 3875/3875 5739/5739
f 5579/5579 4440/4440 4437/4437
f 5577/5577 5579/5579 4437/4437
f 5454/5454 4348/4348 5584/5584
f 5584/5584 4348/4348 4417/4417
f 5573/5573 4638/4638 5575/5575
f 5575/5575 4638/4638 5702/5702
f 3874/3874 5321/5321 5353/5353
f 5067/5067 5321/5321 3874/3874
f 5738/5738 4359/4359 5743/5743
f 4014/4014 4359/4359 5738/5738
f 4679/4679 5165/5165 3869/3869
f 4682/4682 5165/5165 4679/4679
f 5698/5698 3723/3723 5699/5699
f 5680/5680 4379/4379 4500/4500
f 3982/3982 4318/4318 4843/4843
f 4318/4318 5745/5745 4843/4843
f 5605/5605 5235/5235 5470/5470
f 5470/5470 5235/5235 5236/5236
f 4504/4504 4594/4594 5436/5436
f 5436/5436 4594/4594 5437/5437
f 3644/3644 3643/3643 5612/5612
f 3643/3643 5464/5464 5612/5612
f 3997/3997 5192/5192 4777/4777
f 4777/4777 5192/5192 5458/5458
f 4120/4120 5325/5325 5324/5324
f 4119/4119 5325/5325 4120/4120
f 5089/5089 3720/3720 4901/4901
f 5089/5089 3718/3718 3720/3720
f 5172/5172 5002/5002 4108/4108
f 4108/4108 5002/5002 5000/5000
f 3961/3961 4245/4245 3962/3962
f 4245/4245 5742/5742 3962/3962
f 4682/4682 5715/5715 3942/3942
f 4682/4682 3942/3942 5165/5165
f 5716/5716 5133/5133 5767/5767
f 5133/5133 4367/4367 5767/5767
f 5716/5716 5767/5767 4066/4066
f 5716/5716 4066/4066 5717/5717
f 4777/4777 5458/5458 5457/5457
f 5457/5457 5458/5458 5215/5215
f 4750/4750 4188/4188 5177/5177
f 4188/4188 4751/4751 5177/5177
f 4015/4015 4014/4014 5737/5737
f 5737/5737 4014/4014 5738/5738
f 4597/4597 4948/4948 3937/3937
f 3937/3937 4948/4948 5302/5302
f 5706/5706 3730/3730 3719/3719
f 5663/5663 4662/4662 5705/5705
f 4874/4874 5465/5465 5466/5466
f 5465/5465 5217/5217 5466/5466
f 5611/5611 4643/4643 5718/5718
f 5671/5671 3624/3624 5669/5669
f 5532/5532 5166/5166 5525/5525
f 5166/5166 5168/5168 5525/5525
f 5710/5710 5712/5712 5641/5641
f 5709/5709 5710/5710 5641/5641
f 3862/3862 3969/3969 5746/5746
f 3969/3969 4413/4413 5746/5746
f 5193/5193 5515/5515 5194/5194
f 5513/5513 5515/5515 5193/5193
f 3908/3908 4243/4243 4323/4323
f 3909/3909 3908/3908 4323/4323
f 5730/5730 4896/4896 4186/4186
f 3651/3651 3653/3653 5732/5732
f 3916/3916 4467/4467 5087/5087
f 5087/5087 4467/4467 4393/4393
f 5721/5721 5532/5532 5571/5571
f 5619/5619 5721/5721 5571/5571
f 5593/5593 5594/5594 5414/5414
f 5414/5414 5594/5594 5090/5090
f 4088/4088 4085/4085 5268/5268
f 5268/5268 4085/4085 5269/5269
f 4027/4027 5343/5343 4028/4028
f 5343/5343 5344/5344 4028/4028
f 4084/4084 5216/5216 4874/4874
f 5216/5216 5465/5465 4874/4874
f 4244/4244 4833/4833 3964/3964
f 4833/4833 5075/5075 3964/3964
f 3986/3986 4941/4941 4942/4942
f 4895/4895 3986/3986 4942/4942
f 3832/3832 5652/5652 5463/5463
f 5652/5652 4497/4497 5463/5463
f 5346/5346 4088/4088 5268/5268
f 5754/5754 4088/4088 5346/5346
f 3710/3710 5713/5713 5714/5714
f 4712/4712 4352/4352 5713/5713
f 3899/3899 4145/4145 5747/5747
f 5747/5747 4145/4145 4101/4101
f 4006/4006 4697/4697 5151/5151
f 4233/4233 4697/4697 4006/4006
f 5666/5666 5412/5412 5667/5667
f 5410/5410 5412/5412 5666/5666
f 3670/3670 5733/5733 4005/4005
f 3680/3680 3682/3682 5734/5734
f 4756/4756 4032/4032 4754/4754
f 4032/4032 5052/5052 4754/4754
f 4323/4323 4243/4243 3961/3961
f 4243/4243 4245/4245 3961/3961
f 4597/4597 4946/4946 4948/4948
f 4596/4596 4946/4946 4597/4597
f 5262/5262 5613/5613 5602/5602
f 5230/5230 5262/5262 5602/5602
f 5412/5412 5632/5632 5667/5667
f 5667/5667 5632/5632 5668/5668
f 5740/5740 4627/4627 3915/3915
f 3915/3915 4627/4627 3916/3916
f 5274/5274 5646/5646 5273/5273
f 5764/5764 5646/5646 5274/5274
f 4837/4837 5634/5634 4737/4737
f 5634/5634 5501/5501 4737/4737
f 4190/4190 4029/4029 5010/5010
f 4029/4029 4519/4519 5010/5010
f 5528/5528 3841/3841 5529/5529
f 3841/3841 5591/5591 5529/5529
f 3916/3916 4466/4466 4467/4467
f 4627/4627 4466/4466 3916/3916
f 5191/5191 5189/5189 5750/5750
f 3890/3890 5189/5189 5191/5191
f 4869/4869 4868/4868 4870/4870
f 4211/4211 4210/4210 5768/5768
f 3895/3895 5377/5377 5379/5379
f 5530/5530 5377/5377 3895/3895
f 3815/3815 4386/4386 3781/3781
f 4384/4384 4386/4386 3815/3815
f 4119/4119 5351/5351 5325/5325
f 3918/3918 5351/5351 4119/4119
f 5270/5270 4368/4368 4110/4110
f 5269/5269 4368/4368 5270/5270
f 5726/5726 5180/5180 5727/5727
f 5180/5180 3830/3830 5727/5727
f 5365/5365 3827/3827 3933/3933
f 3933/3933 3827/3827 3829/3829
f 3887/3887 3886/3886 5134/5134
f 5028/5028 3887/3887 5134/5134
f 4680/4680 5147/5147 4375/4375
f 4375/4375 5769/5769 3954/3954
f 5708/5708 5410/5410 5666/5666
f 5409/5409 5410/5410 5708/5708
f 5751/5751 4107/4107 4086/4086
f 4086/4086 4107/4107 4109/4109
f 5010/5010 4519/4519 4150/4150
f 4519/4519 4030/4030 4150/4150
f 3944/3944 4371/4371 4373/4373
f 3944/3944 5283/5283 4371/4371
f 5660/5660 4696/4696 4233/4233
f 4233/4233 4696/4696 4697/4697
f 4519/4519 4518/4518 4030/4030
f 4518/4518 4153/4153 4030/4030
f 5260/5260 5770/5770 4904/4904
f 5770/5770 5560/5560 4904/4904
f 3935/3935 5008/5008 4146/4146
f 4146/4146 5008/5008 5007/5007
f 5755/5755 4835/4835 4190/4190
f 4835/4835 4029/4029 4190/4190
f 4598/4598 3936/3936 5754/5754
f 5754/5754 3936/3936 4088/4088
f 5564/5564 5565/5565 5210/5210
f 5771/5771 5565/5565 5564/5564
f 5772/5772 5209/5209 5771/5771
f 5771/5771 5209/5209 5565/5565
f 5181/5181 4101/4101 4103/4103
f 5239/5239 4101/4101 5181/5181
f 3971/3971 5010/5010 5309/5309
f 5332/5332 3971/3971 5309/5309
f 5050/5050 5049/5049 3967/3967
f 3861/3861 5050/5050 3967/3967
f 5677/5677 5681/5681 5678/5678
f 5681/5681 5690/5690 5678/5678
f 3714/3714 3710/3710 5714/5714
f 4691/4691 5736/5736 4692/4692
f 5541/5541 5704/5704 5542/5542
f 5703/5703 5704/5704 5541/5541
f 4904/4904 5560/5560 5559/5559
f 5560/5560 4203/4203 5559/5559
f 4372/4372 5250/5250 5772/5772
f 5772/5772 5250/5250 5209/5209
f 3830/3830 3832/3832 5749/5749
f 5727/5727 3830/3830 5749/5749
f 5116/5116 4008/4008 5197/5197
f 3682/3682 4022/4022 4021/4021
f 5773/5773 5770/5770 5260/5260
f 5259/5259 5773/5773 5260/5260
f 5746/5746 4413/4413 5300/5300
f 4413/4413 5332/5332 5300/5300
f 4835/4835 5280/5280 4027/4027
f 5280/5280 5343/5343 4027/4027
f 3814/3814 5750/5750 3815/3815
f 5191/5191 5750/5750 3814/3814
f 4981/4981 5711/5711 5709/5709
f 5711/5711 5710/5710 5709/5709
f 5278/5278 4796/4796 4795/4795
f 3730/3730 3732/3732 3719/3719
f 4324/4324 3963/3963 5327/5327
f 3963/3963 4998/4998 5327/5327
f 3938/3938 5751/5751 4086/4086
f 3937/3937 5751/5751 3938/3938
f 3832/3832 5463/5463 4499/4499
f 5749/5749 3832/3832 4499/4499
f 5273/5273 4898/4898 5329/5329
f 5646/5646 4898/4898 5273/5273
f 5682/5682 5681/5681 5677/5677
f 5629/5629 5682/5682 5677/5677
f 5625/5625 5703/5703 5644/5644
f 5644/5644 5703/5703 5541/5541
f 4087/4087 4109/4109 4368/4368
f 4086/4086 4109/4109 4087/4087
f 4359/4359 3932/3932 5743/5743
f 5743/5743 3932/3932 3934/3934
f 4103/4103 4598/4598 5754/5754
f 4102/4102 4598/4598 4103/4103
f 5761/5761 5755/5755 3970/3970
f 5755/5755 4190/4190 3970/3970
f 4324/4324 5327/5327 5347/5347
f 4322/4322 4324/4324 5347/5347
f 5587/5587 4469/4469 5307/5307
f 5449/5449 5587/5587 5307/5307
f 3978/3978 4984/4984 3979/3979
f 4984/4984 4035/4035 3979/3979
f 4303/4303 5773/5773 5259/5259
f 5322/5322 4303/4303 5259/5259
f 5564/5564 5210/5210 4089/4089
f 5210/5210 5339/5339 4089/4089
f 5590/5590 5561/5561 4539/4539
f 4542/4542 5590/5590 4539/4539
f 4340/4340 4983/4983 3978/3978
f 4983/4983 4984/4984 3978/3978
f 3980/3980 3887/3887 5745/5745
f 4318/4318 3980/3980 5745/5745
f 3979/3979 4035/4035 3885/3885
f 4035/4035 4037/4037 3885/3885
f 5759/5759 3934/3934 5758/5758
f 5743/5743 3934/3934 5759/5759
f 4013/4013 5354/5354 4312/4312
f 4312/4312 5354/5354 5365/5365
f 5753/5753 5572/5572 5115/5115
f 5774/5774 3681/3681 3680/3680
f 5373/5373 5372/5372 5729/5729
f 5372/5372 5417/5417 5729/5729
f 5761/5761 3970/3970 3968/3968
f 3967/3967 5761/5761 3968/3968
f 5183/5183 5369/5369 5660/5660
f 5183/5183 5660/5660 4233/4233
f 5361/5361 4750/4750 5176/5176
f 4750/4750 5177/5177 5176/5176
f 5255/5255 3917/3917 5087/5087
f 4932/4932 3917/3917 5255/5255
f 3781/3781 5443/5443 4549/4549
f 4386/4386 5443/5443 3781/3781
f 5559/5559 4203/4203 4902/4902
f 4902/4902 4203/4203 4205/4205
f 4146/4146 4596/4596 4102/4102
f 4102/4102 4596/4596 4598/4598
f 5652/5652 4616/4616 5724/5724
f 4616/4616 4077/4077 5724/5724
f 5179/5179 4750/4750 5361/5361
f 5179/5179 5361/5361 5360/5360
f 5458/5458 3780/3780 5764/5764
f 5764/5764 3780/3780 3782/3782
f 3851/3851 3853/3853 3831/3831
f 5466/5466 3851/3851 3831/3831
f 5231/5231 5408/5408 5406/5406
f 5405/5405 5231/5231 5406/5406
f 3944/3944 4373/4373 5165/5165
f 5165/5165 4373/4373 3869/3869
f 5218/5218 5444/5444 5722/5722
f 3782/3782 5444/5444 5218/5218
f 4248/4248 5577/5577 5580/5580
f 5580/5580 5577/5577 4437/4437
f 4185/4185 5360/5360 5362/5362
f 4185/4185 5179/5179 5360/5360
f 5369/5369 5627/5627 5660/5660
f 4235/4235 5627/5627 5369/5369
f 5525/5525 5168/5168 5522/5522
f 5168/5168 5523/5523 5522/5522
f 5194/5194 5581/5581 5563/5563
f 5515/5515 5581/5581 5194/5194
f 5767/5767 3876/3876 4302/4302
f 4066/4066 5767/5767 4302/4302
f 5578/5578 5043/5043 5579/5579
f 5043/5043 4893/4893 5579/5579
f 5573/5573 5575/5575 5574/5574
f 4010/4010 5573/5573 5574/5574
f 3652/3652 5692/5692 4038/4038
f 5148/5148 5691/5691 5692/5692
f 3853/3853 4616/4616 5652/5652
f 3831/3831 3853/3853 5652/5652
f 4367/4367 4010/4010 3877/3877
f 4010/4010 5574/5574 3877/3877
f 4248/4248 3859/3859 5577/5577
f 4376/4376 3859/3859 4248/4248
f 5389/5389 5651/5651 5161/5161
f 5389/5389 5509/5509 5651/5651
f 4413/4413 3972/3972 5332/5332
f 3972/3972 3971/3971 5332/5332
f 3900/3900 5576/5576 5770/5770
f 5773/5773 3900/3900 5770/5770
f 5772/5772 5771/5771 3858/3858
f 3858/3858 5771/5771 5578/5578
f 4372/4372 5772/5772 3857/3857
f 3857/3857 5772/5772 3858/3858
f 4639/4639 5575/5575 5702/5702
f 5576/5576 5575/5575 4639/4639
f 5770/5770 5576/5576 5560/5560
f 5576/5576 4639/4639 5560/5560
f 5646/5646 3782/3782 5218/5218
f 5764/5764 3782/3782 5646/5646
f 3878/3878 3900/3900 5773/5773
f 4303/4303 3878/3878 5773/5773
f 5288/5288 5289/5289 4615/4615
f 5289/5289 4202/4202 4615/4615
f 5578/5578 5564/5564 5043/5043
f 5771/5771 5564/5564 5578/5578
f 4371/4371 5251/5251 4372/4372
f 4372/4372 5251/5251 5250/5250
f 5758/5758 3829/3829 5306/5306
f 3934/3934 3829/3829 5758/5758
f 4679/4679 3869/3869 4376/4376
f 4376/4376 3869/3869 3859/3859
f 4619/4619 4422/4422 4036/4036
f 4620/4620 4619/4619 4036/4036
f 3851/3851 5288/5288 3852/3852
f 5288/5288 4615/4615 3852/3852
f 4367/4367 3877/3877 3876/3876
f 5767/5767 4367/4367 3876/3876
f 4089/4089 5339/5339 4090/4090
f 5339/5339 4892/4892 4090/4090
f 3820/3820 5256/5256 3821/3821
f 3821/3821 5256/5256 4972/4972
f 5471/5471 5236/5236 5473/5473
f 5470/5470 5236/5236 5471/5471
f 3981/3981 3983/3983 5364/5364
f 3983/3983 4843/4843 5364/5364
f 4312/4312 5365/5365 4313/4313
f 4313/4313 5365/5365 3933/3933
f 5026/5026 5775/5775 3925/3925
f 4865/4865 5775/5775 5026/5026
f 4404/4404 5776/5776 4405/4405
f 5776/5776 4174/4174 4405/4405
f 5777/5777 4780/4780 3833/3833
f 5778/5778 5777/5777 3833/3833
f 5065/5065 5779/5779 5071/5071
f 5071/5071 5779/5779 5070/5070
f 5733/5733 5780/5780 5781/5781
f 5782/5782 5780/5780 5733/5733
f 4375/4375 5147/5147 5769/5769
f 5147/5147 5148/5148 5769/5769
f 4534/4534 4047/4047 4206/4206
f 4047/4047 4207/4207 4206/4206
f 3806/3806 4398/4398 4829/4829
f 4828/4828 3806/3806 4829/4829
f 5054/5054 5783/5783 5680/5680
f 5783/5783 5784/5784 5680/5680
f 4881/4881 4397/4397 4882/4882
f 4397/4397 5731/5731 4882/4882
f 5247/5247 5284/5284 4257/4257
f 4257/4257 5284/5284 5785/5785
f 5786/5786 4651/4651 3731/3731
f 5787/5787 5786/5786 3731/3731
f 4674/4674 4177/4177 3649/3649
f 3648/3648 4674/4674 3649/3649
f 4400/4400 4021/4021 4023/4023
f 4401/4401 4400/4400 4023/4023
f 4210/4210 3708/3708 5768/5768
f 5768/5768 3708/3708 3714/3714
f 4252/4252 4251/4251 5778/5778
f 4251/4251 5345/5345 5778/5778
f 4053/4053 4258/4258 5775/5775
f 5775/5775 4258/4258 3925/3925
f 4018/4018 4017/4017 4854/4854
f 4853/4853 4854/4854 4017/4017
f 3800/3800 4392/4392 4944/4944
f 4392/4392 4945/4945 4944/4944
f 3834/3834 5265/5265 3835/3835
f 4630/4630 3835/3835 5265/5265
f 5352/5352 5788/5788 5785/5785
f 5785/5785 5284/5284 5352/5352
f 5789/5789 3729/3729 5790/5790
f 3924/3924 3729/3729 5789/5789
f 5247/5247 4257/4257 4547/4547
f 5246/5246 5247/5247 4547/4547
f 4585/4585 4587/4587 4051/4051
f 4051/4051 4053/4053 4585/4585
f 5109/5109 5098/5098 3697/3697
f 3697/3697 5098/5098 5097/5097
f 3682/3682 5116/5116 4022/4022
f 5115/5115 5116/5116 3682/3682
f 3850/3850 4949/4949 4442/4442
f 4949/4949 3605/3605 4442/4442
f 5779/5779 3698/3698 4470/4470
f 3816/3816 3698/3698 5779/5779
f 5778/5778 5345/5345 5777/5777
f 5345/5345 3945/3945 5777/5777
f 4293/4293 5117/5117 4003/4003
f 4003/4003 5117/5117 5118/5118
f 5791/5791 5792/5792 5154/5154
f 5154/5154 5792/5792 5793/5793
f 5108/5108 4954/4954 4472/4472
f 4471/4471 5108/5108 4472/4472
f 3732/3732 5794/5794 4796/4796
f 5278/5278 3732/3732 4796/4796
f 4830/4830 4464/4464 3807/3807
f 5107/5107 4464/4464 4830/4830
f 5732/5732 5795/5795 5730/5730
f 4897/4897 5732/5732 5730/5730
f 4206/4206 4208/4208 5088/5088
f 4534/4534 4206/4206 5088/5088
f 4628/4628 4630/4630 5776/5776
f 4628/4628 5776/5776 5796/5796
f 5699/5699 5784/5784 5783/5783
f 4345/4345 5699/5699 5783/5783
f 4178/4178 4684/4684 3870/3870
f 4684/4684 4374/4374 3870/3870
f 4197/4197 4624/4624 4198/4198
f 4624/4624 3863/3863 4198/4198
f 4513/4513 5797/5797 4515/4515
f 4515/4515 5797/5797 5798/5798
f 5047/5047 3946/3946 3945/3945
f 5047/5047 3945/3945 5345/5345
f 4344/4344 5700/5700 5698/5698
f 5700/5700 3721/3721 5698/5698
f 5799/5799 4800/4800 5794/5794
f 4796/4796 5794/5794 4800/4800
f 4919/4919 5781/5781 4400/4400
f 5733/5733 5781/5781 4919/4919
f 4791/4791 5799/5799 4161/4161
f 4161/4161 5799/5799 5794/5794
f 4396/4396 3872/3872 4397/4397
f 3872/3872 5800/5800 4397/4397
f 4700/4700 4069/4069 4702/4702
f 4069/4069 4070/4070 4702/4702
f 4674/4674 4677/4677 4177/4177
f 4677/4677 4178/4178 4177/4177
f 5801/5801 5266/5266 5802/5802
f 5803/5803 5802/5802 5266/5266
f 5261/5261 5223/5223 4432/4432
f 5223/5223 4552/4552 4432/4432
f 3843/3843 4936/4936 4935/4935
f 5035/5035 3843/3843 4935/4935
f 5730/5730 5795/5795 4896/4896
f 5795/5795 5760/5760 4896/4896
f 5352/5352 5350/5350 5788/5788
f 5350/5350 5804/5804 5788/5788
f 3728/3728 4794/4794 4937/4937
f 5805/5805 4794/4794 3728/3728
f 4463/4463 3649/3649 3805/3805
f 5806/5806 3649/3649 4463/4463
f 4179/4179 4398/4398 3806/3806
f 3805/3805 4179/4179 3806/3806
f 4106/4106 5807/5807 4928/4928
f 4928/4928 5807/5807 3779/3779
f 4038/4038 5146/5146 5801/5801
f 5146/5146 5266/5266 5801/5801
f 4470/4470 4472/4472 4057/4057
f 4472/4472 4058/4058 4057/4057
f 3740/3740 4464/4464 5107/5107
f 3741/3741 3740/3740 5107/5107
f 5808/5808 4985/4985 5809/5809
f 4985/4985 5031/5031 5809/5809
f 4046/4046 5810/5810 4207/4207
f 4047/4047 4046/4046 4207/4207
f 4392/4392 4391/4391 5811/5811
f 4391/4391 4018/4018 5811/5811
f 4209/4209 5812/5812 4210/4210
f 5813/5813 5812/5812 4209/4209
f 5800/5800 5731/5731 4397/4397
f 5800/5800 3651/3651 5731/5731
f 5070/5070 4136/4136 5245/5245
f 5779/5779 4136/4136 5070/5070
f 5798/5798 5814/5814 4516/4516
f 4515/4515 5798/5798 4516/4516
f 3603/3603 5797/5797 4513/4513
f 3601/3601 3603/3603 4513/4513
f 4079/4079 5783/5783 5054/5054
f 5246/5246 4079/4079 5054/5054
f 5791/5791 5154/5154 4936/4936
f 3843/3843 5791/5791 4936/4936
f 3712/3712 4956/4956 5261/5261
f 4956/4956 5223/5223 5261/5261
f 3669/3669 5782/5782 3670/3670
f 3670/3670 5782/5782 5733/5733
f 5784/5784 4380/4380 4379/4379
f 5680/5680 5784/5784 4379/4379
f 4686/4686 4689/4689 5762/5762
f 5762/5762 4689/4689 3709/3709
f 5815/5815 3844/3844 4908/4908
f 4907/4907 5815/5815 4908/4908
f 4136/4136 4137/4137 5245/5245
f 4137/4137 5305/5305 5245/5245
f 5786/5786 4652/4652 4651/4651
f 4478/4478 4651/4651 4652/4652
f 5789/5789 5790/5790 4716/4716
f 4715/4715 5789/5789 4716/4716
f 4662/4662 4476/4476 5786/5786
f 4476/4476 4652/4652 5786/5786
f 5447/5447 4659/4659 4045/4045
f 4659/4659 4661/4661 4045/4045
f 4870/4870 5768/5768 4691/4691
f 4868/4868 5768/5768 4870/4870
f 4919/4919 4400/4400 4918/4918
f 4399/4399 4918/4918 4400/4400
f 4201/4201 5081/5081 4617/4617
f 4201/4201 4171/4171 5081/5081
f 3709/3709 4711/4711 4712/4712
f 4689/4689 4711/4711 3709/3709
f 4078/4078 4052/4052 4051/4051
f 4051/4051 4345/4345 4078/4078
f 4991/4991 4993/4993 5816/5816
f 4993/4993 4792/4792 5816/5816
f 3726/3726 3748/3748 5025/5025
f 5024/5024 3726/3726 5025/5025
f 4605/4605 5078/5078 3593/3593
f 5078/5078 5127/5127 3593/3593
f 5765/5765 5109/5109 3697/3697
f 5673/5673 5109/5109 5765/5765
f 4792/4792 4794/4794 5805/5805
f 5816/5816 4792/4792 5805/5805
f 3641/3641 3640/3640 5032/5032
f 3640/3640 5817/5817 5032/5032
f 3807/3807 3806/3806 4828/4828
f 4830/4830 3807/3807 4828/4828
f 4791/4791 4798/4798 5799/5799
f 4798/4798 4800/4800 5799/5799
f 4443/4443 3924/3924 4718/4718
f 5069/5069 4443/4443 4718/4718
f 4677/4677 4676/4676 4178/4178
f 4676/4676 4684/4684 4178/4178
f 3750/3750 4442/4442 3607/3607
f 5818/5818 4442/4442 3750/3750
f 3704/3704 3703/3703 4570/4570
f 3703/3703 4362/4362 4570/4570
f 3603/3603 4060/4060 5797/5797
f 4060/4060 4062/4062 5797/5797
f 4016/4016 4093/4093 4017/4017
f 4349/4349 4017/4017 4093/4093
f 4922/4922 3647/3647 5227/5227
f 5082/5082 4922/4922 5227/5227
f 3749/3749 3751/3751 4917/4917
f 4917/4917 5316/5316 3749/3749
f 4080/4080 4079/4079 5246/5246
f 5246/5246 4547/4547 4080/4080
f 5027/5027 3751/3751 4317/4317
f 4917/4917 3751/3751 5027/5027
f 5780/5780 5734/5734 5781/5781
f 5782/5782 5734/5734 5780/5780
f 4252/4252 4629/4629 4628/4628
f 4252/4252 4628/4628 5748/5748
f 4960/4960 4000/4000 3999/3999
f 5316/5316 4960/4960 3999/3999
f 5819/5819 5061/5061 5820/5820
f 5061/5061 4645/4645 5820/5820
f 3947/3947 3629/3629 4781/4781
f 4780/4780 3947/3947 4781/4781
f 4694/4694 5821/5821 4094/4094
f 5736/5736 5821/5821 4694/4694
f 5768/5768 3714/3714 5822/5822
f 5822/5822 3714/3714 5823/5823
f 3665/3665 5340/5340 3842/3842
f 4742/4742 3665/3665 3842/3842
f 4472/4472 4954/4954 5824/5824
f 4954/4954 4955/4955 5824/5824
f 4317/4317 3661/3661 4977/4977
f 5027/5027 4317/4317 4977/4977
f 4104/4104 4927/4927 4592/4592
f 4589/4589 4104/4104 4592/4592
f 5825/5825 4169/4169 5826/5826
f 5825/5825 4170/4170 4169/4169
f 4263/4263 4489/4489 4264/4264
f 4263/4263 4667/4667 4489/4489
f 5827/5827 5079/5079 5819/5819
f 5079/5079 5061/5061 5819/5819
f 4053/4053 5775/5775 4865/4865
f 4585/4585 4053/4053 4865/4865
f 3834/3834 4781/4781 5264/5264
f 3834/3834 5264/5264 5265/5265
f 5769/5769 3652/3652 3651/3651
f 5800/5800 5769/5769 3651/3651
f 4654/4654 5825/5825 5826/5826
f 4654/4654 5828/5828 5825/5825
f 4829/4829 4398/4398 4881/4881
f 4398/4398 4397/4397 4881/4881
f 4849/4849 4370/4370 5314/5314
f 5314/5314 4370/4370 4211/4211
f 5311/5311 4959/4959 3712/3712
f 4959/4959 4956/4956 3712/3712
f 4702/4702 4070/4070 4703/4703
f 4070/4070 5197/5197 4703/4703
f 4880/4880 4162/4162 4478/4478
f 4478/4478 4162/4162 4651/4651
f 5829/5829 4934/4934 4399/4399
f 4934/4934 4918/4918 4399/4399
f 5778/5778 3833/3833 4629/4629
f 4252/4252 5778/5778 4629/4629
f 5803/5803 5266/5266 4725/4725
f 3675/3675 5803/5803 4725/4725
f 3679/3679 4069/4069 4700/4700
f 5242/5242 3679/3679 4700/4700
f 5830/5830 5802/5802 3988/3988
f 3989/3989 3988/3988 5802/5802
f 4198/4198 3863/3863 4320/4320
f 4199/4199 4198/4198 4320/4320
f 5816/5816 5805/5805 4117/4117
f 4116/4116 5816/5816 4117/4117
f 4742/4742 5301/5301 5225/5225
f 4143/4143 5301/5301 4742/4742
f 5785/5785 3725/3725 3724/3724
f 3724/3724 4257/4257 5785/5785
f 5831/5831 4321/4321 5003/5003
f 4825/4825 5831/5831 5003/5003
f 3902/3902 5187/5187 5131/5131
f 3901/3901 5187/5187 3902/3902
f 5792/5792 4004/4004 4358/4358
f 5791/5791 4004/4004 5792/5792
f 4171/4171 4922/4922 5082/5082
f 5081/5081 4171/4171 5082/5082
f 3925/3925 3726/3726 5024/5024
f 5026/5026 3925/3925 5024/5024
f 5781/5781 4021/4021 4400/4400
f 5734/5734 4021/4021 5781/5781
f 3732/3732 4301/4301 5794/5794
f 4161/4161 5794/5794 4301/4301
f 5832/5832 5833/5833 5834/5834
f 5835/5835 5832/5832 5834/5834
f 4547/4547 4257/4257 4052/4052
f 4078/4078 4547/4547 4052/4052
f 5788/5788 3746/3746 3725/3725
f 5785/5785 5788/5788 3725/3725
f 3945/3945 4780/4780 5777/5777
f 3945/3945 3947/3947 4780/4780
f 5836/5836 5837/5837 5222/5222
f 5837/5837 5838/5838 5222/5222
f 5839/5839 5819/5819 3788/3788
f 5819/5819 5840/5840 3788/3788
f 3735/3735 4300/4300 4414/4414
f 4300/4300 4415/4415 4414/4414
f 5815/5815 4281/4281 3844/3844
f 4144/4144 4281/4281 5815/5815
f 3975/3975 4724/4724 3775/3775
f 3774/3774 3975/3975 3775/3775
f 5736/5736 5841/5841 5821/5821
f 5822/5822 5841/5841 5736/5736
f 3644/3644 5612/5612 5720/5720
f 5720/5720 5612/5612 4803/4803
f 5842/5842 4114/4114 4113/4113
f 4705/4705 5842/5842 4113/4113
f 4645/4645 3787/3787 5843/5843
f 5820/5820 4645/4645 5843/5843
f 4271/4271 4763/4763 5844/5844
f 4763/4763 4933/4933 5844/5844
f 5801/5801 5802/5802 5830/5830
f 5845/5845 5801/5801 5830/5830
f 4669/4669 5719/5719 5846/5846
f 5719/5719 5847/5847 5846/5846
f 5370/5370 5041/5041 3628/3628
f 5041/5041 5100/5100 3628/3628
f 3746/3746 5848/5848 3747/3747
f 5848/5848 5842/5842 3747/3747
f 5844/5844 4933/4933 5829/5829
f 4933/4933 4934/4934 5829/5829
f 3667/3667 5281/5281 4293/4293
f 5281/5281 5117/5117 4293/4293
f 3783/3783 3785/3785 5368/5368
f 3785/3785 3736/3736 5368/5368
f 4474/4474 4227/4227 4475/4475
f 4475/4475 4227/4227 3602/3602
f 4022/4022 5197/5197 4070/4070
f 5116/5116 5197/5197 4022/4022
f 5164/5164 5849/5849 3956/3956
f 3955/3955 5164/5164 3956/3956
f 3892/3892 5013/5013 3987/3987
f 5013/5013 3672/3672 3987/3987
f 3723/3723 4380/4380 5784/5784
f 5699/5699 3723/3723 5784/5784
f 4321/4321 5850/5850 5004/5004
f 5003/5003 4321/4321 5004/5004
f 4937/4937 4798/4798 4791/4791
f 3728/3728 4937/4937 4791/4791
f 5812/5812 5762/5762 4210/4210
f 4210/4210 5762/5762 3708/3708
f 3778/3778 4534/4534 4886/4886
f 4534/4534 5088/5088 4886/4886
f 3581/3581 4443/4443 5069/5069
f 3582/3582 3581/3581 5069/5069
f 4114/4114 3641/3641 4975/4975
f 3641/3641 5032/5032 4975/4975
f 3793/3793 4232/4232 4768/4768
f 3793/3793 4768/4768 3794/3794
f 4003/4003 5118/5118 4011/4011
f 4011/4011 5118/5118 5753/5753
f 3779/3779 3778/3778 4926/4926
f 4928/4928 3779/3779 4926/4926
f 3697/3697 5097/5097 4471/4471
f 4471/4471 5097/5097 5108/5108
f 4106/4106 4609/4609 5807/5807
f 4609/4609 3779/3779 5807/5807
f 3736/3736 3738/3738 5341/5341
f 5368/5368 3736/3736 5341/5341
f 3640/3640 4600/4600 5817/5817
f 3639/3639 4600/4600 3640/3640
f 4178/4178 3870/3870 4396/4396
f 3870/3870 3872/3872 4396/4396
f 5732/5732 3653/3653 5795/5795
f 3653/3653 5845/5845 5795/5795
f 3669/3669 3680/3680 5782/5782
f 5782/5782 3680/3680 5734/5734
f 3649/3649 4177/4177 3805/3805
f 4177/4177 4179/4179 3805/3805
f 4374/4374 3954/3954 3871/3871
f 3870/3870 4374/4374 3871/3871
f 5805/5805 3728/3728 3727/3727
f 4117/4117 5805/5805 3727/3727
f 5809/5809 3892/3892 3891/3891
f 4415/4415 5809/5809 3891/3891
f 4762/4762 3881/3881 5804/5804
f 5350/5350 4762/4762 5804/5804
f 3843/3843 4002/4002 5791/5791
f 4002/4002 4004/4004 5791/5791
f 5261/5261 4432/4432 4390/4390
f 3713/3713 5261/5261 4390/4390
f 5851/5851 4997/4997 3592/3592
f 5852/5852 4997/4997 5851/5851
f 5064/5064 5766/5766 5635/5635
f 5635/5635 5766/5766 3816/3816
f 3883/3883 3776/3776 5853/5853
f 3776/3776 5854/5854 5853/5853
f 5348/5348 5311/5311 3711/3711
f 5311/5311 3712/3712 3711/3711
f 3759/3759 4821/4821 5275/5275
f 4821/4821 3819/3819 5275/5275
f 3702/3702 4572/4572 3703/3703
f 4572/4572 4362/4362 3703/3703
f 4104/4104 4106/4106 4927/4927
f 4106/4106 4928/4928 4927/4927
f 3738/3738 5303/5303 5334/5334
f 5341/5341 3738/3738 5334/5334
f 5214/5214 3747/3747 4705/4705
f 3747/3747 5842/5842 4705/4705
f 4078/4078 4345/4345 4079/4079
f 4345/4345 5783/5783 4079/4079
f 4059/4059 4276/4276 5305/5305
f 4137/4137 4059/4059 5305/5305
f 4876/4876 3686/3686 3688/3688
f 4875/4875 3686/3686 4876/4876
f 4849/4849 5314/5314 5315/5315
f 3706/3706 4849/4849 5315/5315
f 4362/4362 4361/4361 4905/4905
f 4570/4570 4362/4362 4905/4905
f 4643/4643 5757/5757 5847/5847
f 5718/5718 4643/4643 5847/5847
f 5847/5847 5757/5757 5855/5855
f 5846/5846 5847/5847 5855/5855
f 5671/5671 5855/5855 3624/3624
f 5855/5855 3625/3625 3624/3624
f 4001/4001 4669/4669 4263/4263
f 5856/5856 4001/4001 4263/4263
f 4484/4484 5110/5110 4485/4485
f 5857/5857 5110/5110 4484/4484
f 3687/3687 4484/4484 5858/5858
f 4064/4064 4484/4484 3687/3687
f 3679/3679 4401/4401 4069/4069
f 4401/4401 4023/4023 4069/4069
f 3739/3739 5806/5806 3740/3740
f 5806/5806 4463/4463 3740/3740
f 3823/3823 5829/5829 3678/3678
f 5829/5829 4399/4399 3678/3678
f 4724/4724 4105/4105 4104/4104
f 3775/3775 4724/4724 4104/4104
f 4753/4753 5304/5304 5303/5303
f 3738/3738 4753/4753 5303/5303
f 3750/3750 3607/3607 4317/4317
f 3607/3607 3661/3661 4317/4317
f 4621/4621 5299/5299 3752/3752
f 5299/5299 5859/5859 3752/3752
f 4721/4721 3957/3957 4821/4821
f 3957/3957 3819/3819 4821/4821
f 4599/4599 5338/5338 4142/4142
f 5338/5338 5331/5331 4142/4142
f 4609/4609 4308/4308 3777/3777
f 4105/4105 4308/4308 4609/4609
f 5797/5797 4062/4062 5798/5798
f 4062/4062 5860/5860 5798/5798
f 3602/3602 3594/3594 3603/3603
f 3594/3594 4060/4060 3603/3603
f 5824/5824 5286/5286 4058/4058
f 4472/4472 5824/5824 4058/4058
f 4341/4341 4343/4343 5859/5859
f 5299/5299 4341/4341 5859/5859
f 3749/3749 5861/5861 5818/5818
f 5818/5818 3750/3750 3749/3749
f 4486/4486 5694/5694 5862/5862
f 5862/5862 5694/5694 5765/5765
f 5863/5863 5313/5313 4599/4599
f 5313/5313 5338/5338 4599/4599
f 4142/4142 5331/5331 4143/4143
f 5331/5331 5301/5301 4143/4143
f 3954/3954 5769/5769 5800/5800
f 3954/3954 5800/5800 3872/3872
f 5779/5779 4470/4470 4136/4136
f 4136/4136 4470/4470 4057/4057
f 4878/4878 5834/5834 4766/4766
f 5834/5834 4889/4889 4766/4766
f 5148/5148 5692/5692 3652/3652
f 5769/5769 5148/5148 3652/3652
f 5820/5820 5843/5843 5864/5864
f 5843/5843 3787/3787 5864/5864
f 3667/3667 4293/4293 5340/5340
f 3665/3665 3667/3667 5340/5340
f 3788/3788 5840/5840 4125/4125
f 5840/5840 3882/3882 4125/4125
f 3664/3664 4199/4199 4319/4319
f 4199/4199 4320/4320 4319/4319
f 5865/5865 3735/3735 5832/5832
f 3735/3735 4414/4414 5832/5832
f 5835/5835 5834/5834 4878/4878
f 5304/5304 5835/5835 4878/4878
f 5866/5866 4114/4114 5842/5842
f 5848/5848 5866/5866 5842/5842
f 5867/5867 4123/4123 4572/4572
f 4123/4123 4360/4360 4572/4572
f 3711/3711 3713/3713 3799/3799
f 3991/3991 3711/3711 3799/3799
f 3785/3785 3695/3695 3736/3736
f 3695/3695 3737/3737 3736/3736
f 5864/5864 4575/4575 3882/3882
f 5840/5840 5864/5864 3882/3882
f 5020/5020 5827/5827 5868/5868
f 5828/5828 5020/5020 5868/5868
f 4170/4170 5868/5868 4922/4922
f 5868/5868 5839/5839 4922/4922
f 4416/4416 3891/3891 3674/3674
f 3891/3891 3893/3893 3674/3674
f 5788/5788 5804/5804 3746/3746
f 5804/5804 5848/5848 3746/3746
f 4599/4599 4600/4600 3639/3639
f 5863/5863 4599/4599 3639/3639
f 5220/5220 4275/4275 3783/3783
f 3783/3783 5368/5368 5220/5220
f 3903/3903 3784/3784 3783/3783
f 3783/3783 4275/4275 3903/3903
f 5819/5819 5820/5820 5840/5840
f 5820/5820 5864/5864 5840/5840
f 3650/3650 3649/3649 5806/5806
f 5869/5869 3650/3650 5806/5806
f 3881/3881 5866/5866 5848/5848
f 5804/5804 3881/3881 5848/5848
f 3902/3902 3693/3693 3784/3784
f 3903/3903 3902/3902 3784/3784
f 3628/3628 3796/3796 4520/4520
f 3629/3629 3628/3628 4520/4520
f 5870/5870 5865/5865 5835/5835
f 5865/5865 5832/5832 5835/5835
f 5839/5839 3645/3645 4922/4922
f 5839/5839 3788/3788 3645/3645
f 5871/5871 4081/4081 5852/5852
f 5871/5871 4670/4670 4081/4081
f 3787/3787 3774/3774 4575/4575
f 5864/5864 3787/3787 4575/4575
f 3771/3771 5763/5763 3772/3772
f 5686/5686 5763/5763 3771/3771
f 5866/5866 3745/3745 4114/4114
f 3745/3745 3641/3641 4114/4114
f 5316/5316 3999/3999 5861/5861
f 5316/5316 5861/5861 3749/3749
f 4484/4484 4486/4486 5858/5858
f 5858/5858 4486/4486 5862/5862
f 5872/5872 4271/4271 5844/5844
f 5873/5873 4271/4271 5872/5872
f 4671/4671 5874/5874 4474/4474
f 3772/3772 5874/5874 4671/4671
f 3580/3580 5875/5875 4116/4116
f 3580/3580 5876/5876 5875/5875
f 4951/4951 4963/4963 4522/4522
f 4963/4963 5063/5063 4522/4522
f 3910/3910 3664/3664 5877/5877
f 3664/3664 4319/4319 5877/5877
f 5877/5877 5831/5831 5878/5878
f 4823/4823 5877/5877 5878/5878
f 3674/3674 3893/3893 3675/3675
f 3893/3893 5803/5803 3675/3675
f 5879/5879 4610/4610 4909/4909
f 5879/5879 3702/3702 4610/4610
f 5447/5447 4045/4045 4427/4427
f 3717/3717 5447/5447 4427/4427
f 3744/3744 5880/5880 5881/5881
f 4378/4378 3744/3744 5881/5881
f 5792/5792 4358/4358 5793/5793
f 5793/5793 4358/4358 5774/5774
f 4160/4160 4162/4162 5790/5790
f 3729/3729 4160/4160 5790/5790
f 5808/5808 5809/5809 4415/4415
f 4300/4300 5808/5808 4415/4415
f 4064/4064 5857/5857 4484/4484
f 4034/4034 5857/5857 4064/4064
f 3687/3687 5858/5858 4383/4383
f 4383/4383 5858/5858 5766/5766
f 4321/4321 3865/3865 5850/5850
f 3865/3865 5349/5349 5850/5850
f 5882/5882 5816/5816 4116/4116
f 5875/5875 5882/5882 4116/4116
f 3626/3626 5748/5748 5796/5796
f 5748/5748 4628/4628 5796/5796
f 5872/5872 3823/3823 4626/4626
f 5883/5883 5872/5872 4626/4626
f 4360/4360 3756/3756 4361/4361
f 3756/3756 3758/3758 4361/4361
f 5874/5874 5884/5884 4225/4225
f 5885/5885 5884/5884 5874/5874
f 4884/4884 3778/3778 4886/4886
f 4926/4926 3778/3778 4884/4884
f 4378/4378 5881/5881 5886/5886
f 5887/5887 4378/4378 5886/5886
f 4669/4669 5670/5670 4263/4263
f 4669/4669 5846/5846 5670/5670
f 3713/3713 4390/4390 3800/3800
f 3799/3799 3713/3713 3800/3800
f 4781/4781 3629/3629 4650/4650
f 3629/3629 4520/4520 4650/4650
f 4358/4358 5752/5752 5774/5774
f 5774/5774 5752/5752 3681/3681
f 4621/4621 4033/4033 4423/4423
f 4621/4621 3753/3753 4033/4033
f 3658/3658 5888/5888 5875/5875
f 5888/5888 5882/5882 5875/5875
f 3956/3956 5849/5849 3817/3817
f 5849/5849 5889/5889 3817/3817
f 3694/3694 4149/4149 3737/3737
f 3695/3695 3694/3694 3737/3737
f 3715/3715 3717/3717 3777/3777
f 4308/4308 3715/3715 3777/3777
f 4552/4552 4093/4093 4016/4016
f 4432/4432 4552/4552 4016/4016
f 4977/4977 3661/3661 4974/4974
f 3661/3661 4973/4973 4974/4974
f 3592/3592 4997/4997 4605/4605
f 4605/4605 3593/3593 3592/3592
f 4742/4742 5225/5225 3665/3665
f 5225/5225 3666/3666 3665/3665
f 3675/3675 4725/4725 4727/4727
f 3676/3676 3675/3675 4727/4727
f 3817/3817 5889/5889 3818/3818
f 5889/5889 5873/5873 3818/3818
f 3818/3818 5883/5883 4707/4707
f 5276/5276 3818/3818 4707/4707
f 4824/4824 5878/5878 4825/4825
f 5878/5878 5831/5831 4825/4825
f 5271/5271 4621/4621 4423/4423
f 5271/5271 5299/5299 4621/4621
f 4617/4617 4846/4846 3642/3642
f 5081/5081 4846/4846 4617/4617
f 5132/5132 4129/4129 4147/4147
f 4129/4129 4131/4131 4147/4147
f 3813/3813 5879/5879 5838/5838
f 3813/3813 5867/5867 5879/5879
f 5014/5014 4857/4857 5888/5888
f 4857/4857 5882/5882 5888/5888
f 5122/5122 3973/3973 3774/3774
f 3786/3786 5122/5122 3774/3774
f 5348/5348 3711/3711 3991/3991
f 4189/4189 5348/5348 3991/3991
f 5766/5766 5862/5862 3696/3696
f 5858/5858 5862/5862 5766/5766
f 4011/4011 5753/5753 5752/5752
f 5752/5752 5753/5753 3681/3681
f 5846/5846 5855/5855 5671/5671
f 5670/5670 5846/5846 5671/5671
f 3974/3974 4723/4723 4722/4722
f 3975/3975 3974/3974 4722/4722
f 3671/3671 4246/4246 3672/3672
f 3987/3987 3672/3672 4246/4246
f 4617/4617 3642/3642 5756/5756
f 5756/5756 3642/3642 3644/3644
f 5685/5685 5756/5756 5890/5890
f 4316/4316 5756/5756 5685/5685
f 5164/5164 3654/3654 5849/5849
f 3654/3654 3656/3656 5849/5849
f 3693/3693 5132/5132 3694/3694
f 5132/5132 4147/4147 3694/3694
f 5212/5212 3811/3811 4218/4218
f 4073/4073 5212/5212 4218/4218
f 4630/4630 5265/5265 4174/4174
f 5776/5776 4630/4630 4174/4174
f 4650/4650 3765/3765 5096/5096
f 5094/5094 4650/4650 5096/5096
f 4051/4051 4587/4587 4344/4344
f 4587/4587 5700/5700 4344/4344
f 5140/5140 3908/3908 3907/3907
f 4181/4181 5140/5140 3907/3907
f 3753/3753 3685/3685 4232/4232
f 4033/4033 3753/3753 4232/4232
f 4232/4232 3685/3685 4769/4769
f 4768/4768 4232/4232 4769/4769
f 3748/3748 3747/3747 5214/5214
f 5025/5025 3748/3748 5214/5214
f 4694/4694 4094/4094 4695/4695
f 5224/5224 4695/4695 4094/4094
f 4686/4686 5762/5762 5812/5812
f 4687/4687 4686/4686 5812/5812
f 3919/3919 5838/5838 5837/5837
f 3919/3919 3813/3813 5838/5838
f 5838/5838 5879/5879 4909/4909
f 5838/5838 4909/4909 5222/5222
f 5700/5700 4584/4584 3721/3721
f 4584/4584 5744/5744 3721/3721
f 4208/4208 3718/3718 5089/5089
f 5088/5088 4208/4208 5089/5089
f 5023/5023 3800/3800 4944/4944
f 3801/3801 3800/3800 5023/5023
f 3710/3710 4712/4712 5713/5713
f 3709/3709 4712/4712 3710/3710
f 3719/3719 3732/3732 5278/5278
f 3720/3720 3719/3719 5278/5278
f 4307/4307 5125/5125 3715/3715
f 5125/5125 3716/3716 3715/3715
f 3789/3789 4125/4125 3646/3646
f 3645/3645 3789/3789 3646/3646
f 5223/5223 5224/5224 4552/4552
f 5224/5224 4094/4094 4552/4552
f 5718/5718 5847/5847 5719/5719
f 4644/4644 5718/5718 5719/5719
f 5793/5793 5774/5774 3669/3669
f 3669/3669 5774/5774 3680/3680
f 5856/5856 4263/4263 4262/4262
f 5891/5891 5856/5856 4262/4262
f 5861/5861 3999/3999 5856/5856
f 3999/3999 4001/4001 5856/5856
f 3901/3901 5892/5892 4953/4953
f 4953/4953 5187/5187 3901/3901
f 5713/5713 4853/4853 4349/4349
f 4349/4349 4853/4853 4017/4017
f 5104/5104 5853/5853 5106/5106
f 5853/5853 5854/5854 5106/5106
f 5212/5212 5211/5211 3811/3811
f 5211/5211 3812/3812 3811/3811
f 5096/5096 3765/3765 5114/5114
f 3765/3765 3767/3767 5114/5114
f 3593/3593 5127/5127 4061/4061
f 5127/5127 3929/3929 4061/4061
f 4868/4868 4211/4211 5768/5768
f 5314/5314 4211/4211 4868/4868
f 3992/3992 3801/3801 5893/5893
f 5894/5894 3992/3992 5893/5893
f 5893/5893 5022/5022 4989/4989
f 4988/4988 5893/5893 4989/4989
f 3685/3685 3684/3684 5155/5155
f 4769/4769 3685/3685 5155/5155
f 3684/3684 5886/5886 4377/4377
f 5886/5886 4219/4219 4377/4377
f 4691/4691 5822/5822 5736/5736
f 5768/5768 5822/5822 4691/4691
f 5830/5830 3988/3988 3671/3671
f 5760/5760 5830/5830 3671/3671
f 4263/4263 5670/5670 4667/4667
f 5670/5670 5669/5669 4667/4667
f 5811/5811 4018/4018 4943/4943
f 4018/4018 4854/4854 4943/4943
f 3844/3844 3843/3843 5035/5035
f 4908/4908 3844/3844 5035/5035
f 3696/3696 5765/5765 3697/3697
f 5862/5862 5765/5765 3696/3696
f 5031/5031 5013/5013 3892/3892
f 5809/5809 5031/5031 3892/3892
f 3737/3737 4149/4149 4753/4753
f 4149/4149 5870/5870 4753/4753
f 3764/3764 3735/3735 5865/5865
f 4148/4148 3764/3764 5865/5865
f 4704/4704 3745/3745 5866/5866
f 3881/3881 4704/4704 5866/5866
f 5340/5340 4002/4002 3843/3843
f 3842/3842 5340/5340 3843/3843
f 5895/5895 3659/3659 5896/5896
f 3659/3659 5876/5876 5896/5896
f 3762/3762 4533/4533 4139/4139
f 4533/4533 4140/4140 4139/4139
f 5896/5896 4140/4140 4533/4533
f 3761/3761 5896/5896 4533/4533
f 3893/3893 3989/3989 5803/5803
f 3989/3989 5802/5802 5803/5803
f 3848/3848 4442/4442 5818/5818
f 5818/5818 5891/5891 3848/3848
f 4522/4522 4451/4451 3606/3606
f 3605/3605 4522/4522 3606/3606
f 3717/3717 4427/4427 3778/3778
f 3777/3777 3717/3717 3778/3778
f 5877/5877 4319/4319 5831/5831
f 4319/4319 4321/4321 5831/5831
f 3864/3864 4454/4454 5813/5813
f 4625/4625 4454/4454 3864/3864
f 5850/5850 5349/5349 3706/3706
f 3706/3706 5349/5349 4849/4849
f 3865/3865 3864/3864 5349/5349
f 3864/3864 4455/4455 5349/5349
f 3752/3752 5859/5859 3683/3683
f 5859/5859 5887/5887 3683/3683
f 4227/4227 4608/4608 3602/3602
f 3602/3602 4608/4608 3594/3594
f 4608/4608 5851/5851 3592/3592
f 4226/4226 5851/5851 4608/4608
f 4131/4131 3764/3764 4148/4148
f 4147/4147 4131/4131 4148/4148
f 4148/4148 5865/5865 5870/5870
f 4149/4149 4148/4148 5870/5870
f 3656/3656 4193/4193 5889/5889
f 5849/5849 3656/3656 5889/5889
f 5861/5861 5891/5891 5818/5818
f 5861/5861 5856/5856 5891/5891
f 5891/5891 4262/4262 4527/4527
f 5891/5891 4527/4527 3848/3848
f 4713/4713 5869/5869 3739/3739
f 5869/5869 5806/5806 3739/3739
f 5880/5880 5897/5897 5869/5869
f 5897/5897 3650/3650 5869/5869
f 5898/5898 4074/4074 4431/4431
f 4074/4074 4218/4218 4431/4431
f 5832/5832 4414/4414 5833/5833
f 4414/4414 4416/4416 5833/5833
f 4431/4431 3919/3919 5837/5837
f 5836/5836 4431/4431 5837/5837
f 3677/3677 3679/3679 5242/5242
f 4930/4930 3677/3677 5242/5242
f 5833/5833 4416/4416 5272/5272
f 4416/4416 3674/3674 5272/5272
f 5833/5833 5272/5272 4889/4889
f 5834/5834 5833/5833 4889/4889
f 5821/5821 4092/4092 4094/4094
f 5823/5823 4092/4092 5821/5821
f 4753/4753 5870/5870 5304/5304
f 5870/5870 5835/5835 5304/5304
f 5863/5863 3639/3639 3745/3745
f 4704/4704 5863/5863 3745/3745
f 4704/4704 4785/4785 5863/5863
f 4785/4785 5313/5313 5863/5863
f 5763/5763 5885/5885 3772/3772
f 3772/3772 5885/5885 5874/5874
f 4046/4046 5705/5705 5810/5810
f 5705/5705 5787/5787 5810/5810
f 5706/5706 3719/3719 3718/3718
f 4208/4208 5706/5706 3718/3718
f 3911/3911 4242/4242 5897/5897
f 4242/4242 3650/3650 5897/5897
f 4905/4905 4361/4361 3757/3757
f 4361/4361 3758/3758 3757/3757
f 3681/3681 5115/5115 3682/3682
f 5753/5753 5115/5115 3681/3681
f 5822/5822 5823/5823 5841/5841
f 5841/5841 5823/5823 5821/5821
f 3714/3714 5714/5714 5823/5823
f 5823/5823 5714/5714 4092/4092
f 5884/5884 4670/4670 5871/5871
f 5720/5720 4670/4670 5884/5884
f 5844/5844 5829/5829 3823/3823
f 5872/5872 5844/5844 3823/3823
f 5810/5810 3730/3730 5706/5706
f 4207/4207 5810/5810 5706/5706
f 3819/3819 3818/3818 5276/5276
f 5275/5275 3819/3819 5276/5276
f 5836/5836 5222/5222 5156/5156
f 4380/4380 5836/5836 5156/5156
f 4380/4380 5898/5898 5836/5836
f 5898/5898 4431/4431 5836/5836
f 3722/3722 4072/4072 5898/5898
f 4072/4072 4074/4074 5898/5898
f 4343/4343 4744/4744 3742/3742
f 4744/4744 5310/5310 3742/3742
f 5370/5370 3628/3628 3627/3627
f 5046/5046 5370/5370 3627/3627
f 4273/4273 4626/4626 4930/4930
f 4930/4930 4626/4626 3677/3677
f 5763/5763 5890/5890 5885/5885
f 5685/5685 5890/5890 5763/5763
f 5890/5890 3644/3644 5720/5720
f 5756/5756 3644/3644 5890/5890
f 4034/4034 3795/3795 5857/5857
f 4034/4034 3793/3793 3795/3795
f 5876/5876 3580/3580 4140/4140
f 5896/5896 5876/5876 4140/4140
f 4058/4058 5286/5286 4275/4275
f 4275/4275 5286/5286 3903/3903
f 4521/4521 5899/5899 3766/3766
f 3765/3765 4521/4521 3766/3766
f 4423/4423 4033/4033 4034/4034
f 4423/4423 4034/4034 4064/4064
f 5871/5871 5852/5852 4226/4226
f 4226/4226 5852/5852 5851/5851
f 4451/4451 5900/5900 3660/3660
f 3606/3606 4451/4451 3660/3660
f 3754/3754 3756/3756 4360/4360
f 4123/4123 3754/3754 4360/4360
f 3775/3775 4104/4104 5854/5854
f 3776/3776 3775/3775 5854/5854
f 5889/5889 4193/4193 5873/5873
f 4193/4193 4271/4271 5873/5873
f 3818/3818 5873/5873 5883/5883
f 5873/5873 5872/5872 5883/5883
f 3796/3796 3798/3798 4521/4521
f 4520/4520 3796/3796 4521/4521
f 3910/3910 5877/5877 4823/4823
f 4099/4099 3910/3910 4823/4823
f 4100/4100 4823/4823 5901/5901
f 4823/4823 5878/5878 5901/5901
f 3882/3882 4575/4575 3883/3883
f 4575/4575 3776/3776 3883/3883
f 3661/3661 3660/3660 4973/4973
f 3660/3660 5326/5326 4973/4973
f 4123/4123 4709/4709 3754/3754
f 4709/4709 4720/4720 3754/3754
f 5854/5854 4104/4104 4589/4589
f 5106/5106 5854/5854 4589/4589
f 5883/5883 4626/4626 4273/4273
f 4707/4707 5883/5883 4273/4273
f 5310/5310 4241/4241 3743/3743
f 3742/3742 5310/5310 3743/3743
f 3625/3625 4407/4407 5748/5748
f 4407/4407 4252/4252 5748/5748
f 5271/5271 4423/4423 4875/4875
f 4875/4875 4423/4423 3686/3686
f 5004/5004 5850/5850 3705/3705
f 5850/5850 3706/3706 3705/3705
f 4991/4991 5816/5816 5882/5882
f 4857/4857 4991/4991 5882/5882
f 5065/5065 3816/3816 5779/5779
f 5635/5635 3816/3816 5065/5065
f 3883/3883 5853/5853 5104/5104
f 3884/3884 3883/3883 5104/5104
f 4720/4720 4329/4329 3755/3755
f 3754/3754 4720/4720 3755/3755
f 5046/5046 3627/3627 3946/3946
f 5047/5047 5046/5046 3946/3946
f 5885/5885 5720/5720 5884/5884
f 5890/5890 5720/5720 5885/5885
f 5294/5294 3688/3688 4383/4383
f 4876/4876 3688/3688 5294/5294
f 3659/3659 3658/3658 5876/5876
f 3658/3658 5875/5875 5876/5876
f 5014/5014 5888/5888 3658/3658
f 3657/3657 5014/5014 3658/3658
f 5064/5064 4383/4383 5766/5766
f 5294/5294 4383/4383 5064/5064
f 4451/4451 4100/4100 5900/5900
f 4100/4100 5901/5901 5900/5900
f 3660/3660 5900/5900 5326/5326
f 5900/5900 5901/5901 5326/5326
f 3653/3653 4038/4038 5845/5845
f 4038/4038 5801/5801 5845/5845
f 5760/5760 3673/3673 5005/5005
f 4896/4896 5760/5760 5005/5005
f 5795/5795 5845/5845 5760/5760
f 5845/5845 5830/5830 5760/5760
f 3911/3911 5897/5897 5880/5880
f 3744/3744 3911/3911 5880/5880
f 5867/5867 3702/3702 5879/5879
f 5867/5867 4572/4572 3702/3702
f 4343/4343 4378/4378 5887/5887
f 5859/5859 4343/4343 5887/5887
f 5880/5880 5869/5869 4713/4713
f 5881/5881 5880/5880 4713/4713
f 3812/3812 4123/4123 5867/5867
f 3812/3812 5867/5867 3813/3813
f 5813/5813 4209/4209 4455/4455
f 3864/3864 5813/5813 4455/4455
f 3723/3723 3722/3722 4380/4380
f 3722/3722 5898/5898 4380/4380
f 5744/5744 4072/4072 3722/3722
f 3721/3721 5744/5744 3722/3722
f 3931/3931 3930/3930 5860/5860
f 4062/4062 3931/3931 5860/5860
f 5798/5798 5860/5860 5814/5814
f 5860/5860 5895/5895 5814/5814
f 4516/4516 5814/5814 3760/3760
f 5814/5814 3761/3761 3760/3760
f 5881/5881 4713/4713 4220/4220
f 4713/4713 3741/3741 4220/4220
f 5211/5211 4121/4121 3812/3812
f 4121/4121 4123/4123 3812/3812
f 5063/5063 4604/4604 4098/4098
f 4522/4522 5063/5063 4098/4098
f 5131/5131 5132/5132 3693/3693
f 3902/3902 5131/5131 3693/3693
f 5857/5857 4657/4657 5110/5110
f 3795/3795 4657/4657 5857/5857
f 3642/3642 4801/4801 3643/3643
f 4846/4846 4801/4801 3642/3642
f 4960/4960 4774/4774 4000/4000
f 4774/4774 4776/4776 4000/4000
f 4300/4300 4299/4299 5808/5808
f 5808/5808 4299/4299 4985/4985
f 4000/4000 4776/4776 4644/4644
f 4776/4776 5718/5718 4644/4644
f 4098/4098 4604/4604 4099/4099
f 4604/4604 3910/3910 4099/4099
f 3683/3683 5887/5887 3684/3684
f 5887/5887 5886/5886 3684/3684
f 3684/3684 4377/4377 4822/4822
f 5155/5155 3684/3684 4822/4822
f 4718/4718 3924/3924 4715/4715
f 3924/3924 5789/5789 4715/4715
f 5901/5901 5878/5878 4824/4824
f 5326/5326 5901/5901 4824/4824
f 5044/5044 5793/5793 3669/3669
f 5154/5154 5793/5793 5044/5044
f 5790/5790 4162/4162 4880/4880
f 4716/4716 5790/5790 4880/4880
f 3628/3628 5100/5100 3796/3796
f 5100/5100 3797/3797 3796/3796
f 4951/4951 4522/4522 3605/3605
f 4949/4949 4951/4951 3605/3605
f 5895/5895 5896/5896 3761/3761
f 5814/5814 5895/5895 3761/3761
f 3930/3930 3659/3659 5895/5895
f 5860/5860 3930/3930 5895/5895
f 4081/4081 4083/4083 5852/5852
f 5852/5852 4083/4083 4997/4997
f 4721/4721 4821/4821 3758/3758
f 3756/3756 4721/4721 3758/3758
f 3955/3955 3957/3957 4721/4721
f 3755/3755 3955/3955 4721/4721
f 3755/3755 4329/4329 3955/3955
f 4329/4329 5164/5164 3955/3955
f 5881/5881 4220/4220 4219/4219
f 5886/5886 5881/5881 4219/4219
f 3990/3990 3992/3992 5894/5894
f 3798/3798 3990/3990 5894/5894
f 4723/4723 4308/4308 4105/4105
f 4724/4724 4723/4723 4105/4105
f 4225/4225 5871/5871 4226/4226
f 4225/4225 5884/5884 5871/5871
f 3798/3798 5894/5894 5899/5899
f 4521/4521 3798/3798 5899/5899
f 3766/3766 5899/5899 5902/5902
f 5899/5899 5903/5903 5902/5902
f 4600/4600 4144/4144 5817/5817
f 4144/4144 5815/5815 5817/5817
f 3701/3701 4382/4382 5744/5744
f 4584/4584 3701/3701 5744/5744
f 5893/5893 3801/3801 5022/5022
f 3801/3801 5023/5023 5022/5022
f 3974/3974 4306/4306 4723/4723
f 4306/4306 4308/4308 4723/4723
f 5796/5796 5776/5776 4404/4404
f 4172/4172 5796/5796 4404/4404
f 4474/4474 4225/4225 4227/4227
f 5874/5874 4225/4225 4474/4474
f 3929/3929 4864/4864 3930/3930
f 4864/4864 3659/3659 3930/3930
f 4454/4454 4687/4687 5813/5813
f 4687/4687 5812/5812 5813/5813
f 5757/5757 4407/4407 3625/3625
f 5855/5855 5757/5757 3625/3625
f 4643/4643 4642/4642 5757/5757
f 4642/4642 4666/4666 5757/5757
f 4781/4781 4650/4650 5094/5094
f 5264/5264 4781/4781 5094/5094
f 4624/4624 4625/4625 3863/3863
f 4625/4625 3864/3864 3863/3863
f 5817/5817 5815/5815 4907/4907
f 5032/5032 5817/5817 4907/4907
f 5824/5824 5892/5892 5286/5286
f 5286/5286 5892/5892 3901/3901
f 5824/5824 4955/4955 5892/5892
f 5892/5892 4955/4955 4953/4953
f 3626/3626 5796/5796 4172/4172
f 3692/3692 3626/3626 4172/4172
f 5810/5810 5787/5787 3730/3730
f 5787/5787 3731/3731 3730/3730
f 5827/5827 5819/5819 5839/5839
f 5827/5827 5839/5839 5868/5868
f 5894/5894 5893/5893 5903/5903
f 5899/5899 5894/5894 5903/5903
f 5705/5705 4662/4662 5787/5787
f 4662/4662 5786/5786 5787/5787
f 5125/5125 4810/4810 3716/3716
f 4810/4810 4813/4813 3716/3716
f 5825/5825 5828/5828 4170/4170
f 5828/5828 5868/5868 4170/4170
f 4656/4656 5020/5020 5828/5828
f 4654/4654 4656/4656 5828/5828
f 4813/4813 4659/4659 5447/5447
f 3716/3716 4813/4813 5447/5447
f 4661/4661 5705/5705 4046/4046
f 4045/4045 4661/4661 4046/4046
f 4945/4945 5811/5811 4943/4943
f 4392/4392 5811/5811 4945/4945
f 4761/4761 5827/5827 5020/5020
f 4761/4761 5079/5079 5827/5827
f 5731/5731 5732/5732 4897/4897
f 5731/5731 4897/4897 4882/4882
f 5903/5903 5893/5893 4988/4988
f 4336/4336 5903/5903 4988/4988
f 5902/5902 5903/5903 4336/4336
f 3766/3766 5902/5902 4336/4336
f 5826/5826 4316/4316 5685/5685
f 5826/5826 4169/4169 4316/4316
f 4655/4655 5826/5826 5685/5685
f 4654/4654 5826/5826 4655/4655
f 5904/5904 5905/5905 5906/5906
f 5907/5907 5908/5908 5909/5909
f 5910/5910 5911/5911 5912/5912
f 5913/5913 5914/5914 5915/5915
f 5916/5916 5904/5904 5906/5906
f 5917/5917 5918/5918 5919/5919
f 5920/5920 5921/5921 5922/5922
f 5923/5923 5924/5924 5925/5925
f 5926/5926 5927/5927 5928/5928
f 5929/5929 5930/5930 5931/5931
f 5932/5932 5933/5933 5934/5934
f 5935/5935 5936/5936 5937/5937
f 5938/5938 5939/5939 5940/5940
f 5941/5941 5942/5942 5943/5943
f 5944/5944 5945/5945 5946/5946
f 5947/5947 5948/5948 5949/5949
f 5950/5950 5951/5951 5952/5952
f 5953/5953 5954/5954 5955/5955
f 5956/5956 5957/5957 5958/5958
f 5959/5959 5960/5960 5961/5961
f 5962/5962 5963/5963 5964/5964
f 5965/5965 5966/5966 5967/5967
f 5968/5968 5939/5939 5938/5938
f 5969/5969 5970/5970 5971/5971
f 5972/5972 5973/5973 5974/5974
f 5975/5975 5976/5976 5977/5977
f 5978/5978 5979/5979 5980/5980
f 5908/5908 5981/5981 5909/5909
f 5982/5982 5983/5983 5984/5984
f 5985/5985 5986/5986 5987/5987
f 5988/5988 5989/5989 5990/5990
f 5915/5915 5914/5914 5991/5991
f 5992/5992 5993/5993 5994/5994
f 5995/5995 5996/5996 5997/5997
f 5998/5998 5999/5999 6000/6000
f 5919/5919 6001/6001 6002/6002
f 6003/6003 6004/6004 6005/6005
f 6006/6006 6007/6007 6008/6008
f 6009/6009 6010/6010 6011/6011
f 6012/6012 6013/6013 6014/6014
f 5971/5971 6015/6015 6016/6016
f 6017/6017 6018/6018 6019/6019
f 6020/6020 5945/5945 5944/5944
f 6021/6021 6022/6022 6023/6023
f 6024/6024 5976/5976 5975/5975
f 6025/6025 6026/6026 6027/6027
f 6028/6028 5932/5932 6029/6029
f 6030/6030 6031/6031 6032/6032
f 6033/6033 6034/6034 6035/6035
f 5978/5978 6036/6036 5979/5979
f 6037/6037 6038/6038 6039/6039
f 6019/6019 6040/6040 6041/6041
f 5923/5923 6042/6042 5924/5924
f 5970/5970 6015/6015 5971/5971
f 6043/6043 6044/6044 6045/6045
f 6046/6046 6047/6047 6048/6048
f 6034/6034 6049/6049 6035/6035
f 6050/6050 6051/6051 6052/6052
f 5987/5987 5986/5986 6053/6053
f 6054/6054 5998/5998 6000/6000
f 6055/6055 5956/5956 6056/6056
f 6057/6057 6058/6058 6059/6059
f 6060/6060 5972/5972 5974/5974
f 6061/6061 6062/6062 6063/6063
f 6064/6064 5950/5950 5952/5952
f 6065/6065 6066/6066 6067/6067
f 5907/5907 6068/6068 5908/5908
f 5926/5926 5928/5928 6069/6069
f 6070/6070 6071/6071 6072/6072
f 6073/6073 6074/6074 6075/6075
f 6076/6076 6077/6077 6078/6078
f 6079/6079 6080/6080 6081/6081
f 6003/6003 6082/6082 6004/6004
f 6083/6083 6084/6084 6085/6085
f 6086/6086 6087/6087 6088/6088
f 6089/6089 6090/6090 6091/6091
f 6092/6092 6093/6093 6094/6094
f 6083/6083 6095/6095 6084/6084
f 6096/6096 6097/6097 6098/6098
f 6099/6099 6100/6100 6101/6101
f 5913/5913 5915/5915 6102/6102
f 6103/6103 5942/5942 5941/5941
f 6104/6104 6105/6105 6106/6106
f 6000/6000 5999/5999 6107/6107
f 6108/6108 6092/6092 6094/6094
f 6109/6109 6110/6110 6111/6111
f 6112/6112 6113/6113 6114/6114
f 5984/5984 5983/5983 6115/6115
f 6116/6116 6117/6117 6118/6118
f 6119/6119 6120/6120 6121/6121
f 6122/6122 6123/6123 6124/6124
f 6125/6125 6126/6126 6127/6127
f 6128/6128 5998/5998 6054/6054
f 6129/6129 5917/5917 5919/5919
f 6130/6130 6131/6131 6132/6132
f 6133/6133 6134/6134 6135/6135
f 6136/6136 5968/5968 5938/5938
f 6137/6137 6018/6018 6017/6017
f 6138/6138 6055/6055 6056/6056
f 6123/6123 6139/6139 6124/6124
f 6090/6090 6140/6140 6091/6091
f 6141/6141 6080/6080 6079/6079
f 6142/6142 5985/5985 5987/5987
f 6143/6143 5966/5966 5965/5965
f 6144/6144 6145/6145 6146/6146
f 6147/6147 6148/6148 6144/6144
f 6015/6015 6149/6149 6016/6016
f 6150/6150 6151/6151 6152/6152
f 6153/6153 6154/6154 6155/6155
f 6156/6156 6157/6157 6158/6158
f 6159/6159 6160/6160 6161/6161
f 6162/6162 6163/6163 6164/6164
f 6165/6165 6166/6166 6103/6103
f 5988/5988 5990/5990 6167/6167
f 5939/5939 6121/6121 5940/5940
f 6168/6168 6169/6169 6170/6170
f 6145/6145 6171/6171 6146/6146
f 5977/5977 6063/6063 6062/6062
f 5919/5919 5918/5918 6001/6001
f 6172/6172 6069/6069 6173/6173
f 6174/6174 6175/6175 6176/6176
f 6177/6177 6178/6178 6179/6179
f 5948/5948 6180/6180 5949/5949
f 6019/6019 6041/6041 6181/6181
f 6182/6182 6183/6183 6184/6184
f 6185/6185 6186/6186 6187/6187
f 6029/6029 6188/6188 6028/6028
f 6189/6189 6190/6190 6191/6191
f 6078/6078 6077/6077 6192/6192
f 6193/6193 5948/5948 5947/5947
f 6194/6194 5963/5963 5962/5962
f 6195/6195 6196/6196 6197/6197
f 6198/6198 6025/6025 6027/6027
f 6199/6199 5977/5977 6062/6062
f 6200/6200 6201/6201 6202/6202
f 6133/6133 6203/6203 6134/6134
f 6204/6204 6143/6143 6205/6205
f 6122/6122 6143/6143 6204/6204
f 6206/6206 6068/6068 5907/5907
f 6207/6207 6105/6105 6104/6104
f 6208/6208 6209/6209 6210/6210
f 6013/6013 6012/6012 6211/6211
f 6212/6212 6213/6213 6214/6214
f 6215/6215 6009/6009 6011/6011
f 6042/6042 5913/5913 6102/6102
f 6077/6077 6216/6216 6192/6192
f 6217/6217 6218/6218 6038/6038
f 6181/6181 6041/6041 6219/6219
f 6220/6220 6221/6221 6024/6024
f 6026/6026 5923/5923 5925/5925
f 6222/6222 6223/6223 6224/6224
f 6225/6225 6226/6226 6227/6227
f 6086/6086 6228/6228 6087/6087
f 6098/6098 6229/6229 6230/6230
f 6210/6210 6209/6209 6231/6231
f 6232/6232 6233/6233 6234/6234
f 6235/6235 6185/6185 6187/6187
f 6104/6104 6106/6106 6236/6236
f 6125/6125 6237/6237 6238/6238
f 6239/6239 6237/6237 6125/6125
f 6240/6240 5931/5931 5930/5930
f 6241/6241 6242/6242 6111/6111
f 6184/6184 6183/6183 6243/6243
f 6244/6244 6245/6245 6246/6246
f 6247/6247 6228/6228 6086/6086
f 6091/6091 5934/5934 5933/5933
f 6248/6248 6249/6249 6250/6250
f 6249/6249 6251/6251 6250/6250
f 6252/6252 5944/5944 6253/6253
f 6254/6254 6255/6255 6256/6256
f 6257/6257 6258/6258 6259/6259
f 6260/6260 6261/6261 6262/6262
f 5961/5961 5960/5960 6263/6263
f 6263/6263 6264/6264 6265/6265
f 6266/6266 6172/6172 6173/6173
f 5983/5983 6267/6267 6115/6115
f 6268/6268 6269/6269 6270/6270
f 6270/6270 6269/6269 6271/6271
f 6010/6010 6053/6053 6272/6272
f 6273/6273 6274/6274 6112/6112
f 6275/6275 6276/6276 6277/6277
f 6276/6276 6278/6278 6277/6277
f 6279/6279 6030/6030 6032/6032
f 6280/6280 6281/6281 6256/6256
f 6282/6282 6283/6283 6168/6168
f 6284/6284 6283/6283 6282/6282
f 6285/6285 6286/6286 6287/6287
f 6220/6220 5943/5943 6221/6221
f 6180/6180 6288/6288 6289/6289
f 6288/6288 6290/6290 6289/6289
f 6268/6268 6291/6291 6269/6269
f 6292/6292 6291/6291 6268/6268
f 6293/6293 6131/6131 6130/6130
f 6294/6294 6295/6295 6296/6296
f 6297/6297 6117/6117 6116/6116
f 6119/6119 6121/6121 5939/5939
f 6298/6298 6299/6299 6300/6300
f 6301/6301 6302/6302 6303/6303
f 6304/6304 6305/6305 6162/6162
f 6299/6299 6306/6306 6307/6307
f 6308/6308 6309/6309 6310/6310
f 6310/6310 6311/6311 6312/6312
f 6227/6227 6313/6313 6225/6225
f 6314/6314 6315/6315 6259/6259
f 6316/6316 6317/6317 6318/6318
f 6317/6317 6319/6319 6318/6318
f 6155/6155 6154/6154 6320/6320
f 6321/6321 6322/6322 6323/6323
f 6237/6237 6239/6239 6324/6324
f 6239/6239 6213/6213 6324/6324
f 6108/6108 6094/6094 6325/6325
f 6159/6159 6326/6326 6160/6160
f 6178/6178 6327/6327 6179/6179
f 5906/5906 5905/5905 6328/6328
f 6329/6329 6330/6330 5959/5959
f 5959/5959 6331/6331 6332/6332
f 6333/6333 6334/6334 6335/6335
f 6023/6023 6022/6022 6334/6334
f 5974/5974 5973/5973 6336/6336
f 6148/6148 6145/6145 6144/6144
f 6337/6337 6338/6338 6265/6265
f 6265/6265 6338/6338 6339/6339
f 6340/6340 6341/6341 6188/6188
f 6342/6342 6189/6189 6343/6343
f 6344/6344 6224/6224 6345/6345
f 6222/6222 6224/6224 6346/6346
f 6316/6316 6216/6216 6347/6347
f 6348/6348 6316/6316 6347/6347
f 6338/6338 6349/6349 6339/6339
f 6339/6339 6349/6349 6350/6350
f 5963/5963 6351/6351 5964/5964
f 6352/6352 6050/6050 6052/6052
f 6056/6056 5956/5956 5958/5958
f 6209/6209 6233/6233 6231/6231
f 6098/6098 6353/6353 6229/6229
f 6020/6020 5944/5944 6252/6252
f 6184/6184 6243/6243 6354/6354
f 6084/6084 6008/6008 6007/6007
f 6355/6355 6356/6356 5951/5951
f 6357/6357 6293/6293 6130/6130
f 6358/6358 6359/6359 6160/6160
f 6095/6095 6008/6008 6084/6084
f 6360/6360 6361/6361 6362/6362
f 6361/6361 6363/6363 6362/6362
f 5909/5909 5981/5981 6046/6046
f 6106/6106 6185/6185 6235/6235
f 6364/6364 5972/5972 6060/6060
f 6284/6284 6365/6365 6283/6283
f 6366/6366 6302/6302 6301/6301
f 6367/6367 6366/6366 6301/6301
f 6080/6080 6076/6076 6081/6081
f 5914/5914 5995/5995 5991/5991
f 6368/6368 6148/6148 6147/6147
f 6333/6333 6335/6335 6369/6369
f 5994/5994 5993/5993 6370/6370
f 6371/6371 6372/6372 6373/6373
f 6374/6374 6375/6375 6066/6066
f 6241/6241 6111/6111 6110/6110
f 6262/6262 6376/6376 6260/6260
f 6260/6260 6376/6376 6377/6377
f 6378/6378 6379/6379 6380/6380
f 6238/6238 6379/6379 6378/6378
f 6381/6381 6382/6382 6383/6383
f 6384/6384 6385/6385 6386/6386
f 6372/6372 5970/5970 5969/5969
f 6373/6373 6372/6372 5969/5969
f 6248/6248 6250/6250 6363/6363
f 6361/6361 6248/6248 6363/6363
f 5999/5999 5953/5953 6107/6107
f 6107/6107 5953/5953 5955/5955
f 6329/6329 6387/6387 6330/6330
f 6124/6124 6139/6139 6138/6138
f 6388/6388 6389/6389 6308/6308
f 6310/6310 6388/6388 6308/6308
f 6091/6091 6140/6140 5934/5934
f 6191/6191 6190/6190 6390/6390
f 6391/6391 6392/6392 6393/6393
f 6394/6394 6395/6395 6396/6396
f 6312/6312 6311/6311 6397/6397
f 6398/6398 6399/6399 6397/6397
f 6400/6400 6401/6401 6402/6402
f 6267/6267 6402/6402 6403/6403
f 6059/6059 5917/5917 6129/6129
f 5960/5960 6264/6264 6263/6263
f 6328/6328 5905/5905 6034/6034
f 6404/6404 6133/6133 6135/6135
f 6192/6192 6216/6216 6405/6405
f 6216/6216 6406/6406 6405/6405
f 6407/6407 6408/6408 6409/6409
f 6410/6410 6411/6411 6412/6412
f 6287/6287 6413/6413 6414/6414
f 6414/6414 6413/6413 6415/6415
f 6178/6178 6416/6416 6327/6327
f 6065/6065 6067/6067 6417/6417
f 6082/6082 6418/6418 6004/6004
f 6044/6044 6419/6419 6045/6045
f 6420/6420 6122/6122 6204/6204
f 6122/6122 6420/6420 6212/6212
f 6421/6421 6422/6422 6186/6186
f 6423/6423 6243/6243 6183/6183
f 6059/6059 6058/6058 5917/5917
f 6231/6231 6233/6233 6232/6232
f 6165/6165 6424/6424 6166/6166
f 6217/6217 6038/6038 6037/6037
f 6299/6299 6307/6307 6300/6300
f 6307/6307 6425/6425 6300/6300
f 6154/6154 6323/6323 6320/6320
f 5912/5912 6074/6074 6073/6073
f 6042/6042 6102/6102 5924/5924
f 6261/6261 6257/6257 6262/6262
f 6022/6022 6426/6426 6427/6427
f 6229/6229 6353/6353 6428/6428
f 6355/6355 5951/5951 5950/5950
f 6429/6429 6241/6241 6110/6110
f 5948/5948 6430/6430 6180/6180
f 6430/6430 6288/6288 6180/6180
f 6194/6194 6431/6431 5963/5963
f 6432/6432 6431/6431 6194/6194
f 6433/6433 6434/6434 6408/6408
f 6434/6434 6274/6274 6408/6408
f 6205/6205 5967/5967 6432/6432
f 6432/6432 5967/5967 6431/6431
f 6435/6435 6285/6285 6436/6436
f 6437/6437 6147/6147 6438/6438
f 6018/6018 6040/6040 6019/6019
f 5974/5974 6336/6336 6018/6018
f 6162/6162 6164/6164 6425/6425
f 5981/5981 6047/6047 6046/6046
f 6410/6410 6125/6125 6439/6439
f 6410/6410 6440/6440 6411/6411
f 6441/6441 6189/6189 6191/6191
f 6442/6442 6141/6141 6443/6443
f 6258/6258 6226/6226 6225/6225
f 6259/6259 6258/6258 6314/6314
f 6125/6125 6238/6238 6126/6126
f 6126/6126 6238/6238 6378/6378
f 6444/6444 6445/6445 5929/5929
f 6131/6131 6446/6446 6132/6132
f 6139/6139 6055/6055 6138/6138
f 6214/6214 5982/5982 5984/5984
f 6227/6227 6447/6447 6313/6313
f 6344/6344 6448/6448 6222/6222
f 6275/6275 6277/6277 6322/6322
f 6321/6321 6275/6275 6322/6322
f 6270/6270 6271/6271 6200/6200
f 6200/6200 6271/6271 6201/6201
f 6117/6117 6317/6317 6118/6118
f 6449/6449 6150/6150 6152/6152
f 6053/6053 6197/6197 6272/6272
f 6450/6450 6451/6451 6113/6113
f 6002/6002 6001/6001 6452/6452
f 6303/6303 6302/6302 6298/6298
f 5991/5991 5995/5995 5997/5997
f 6226/6226 6453/6453 6227/6227
f 6454/6454 6358/6358 6159/6159
f 6162/6162 6305/6305 6163/6163
f 5975/5975 5977/5977 6199/6199
f 6310/6310 6309/6309 6311/6311
f 6455/6455 6391/6391 6456/6456
f 6456/6456 6391/6391 6393/6393
f 6155/6155 6320/6320 6457/6457
f 6256/6256 6158/6158 6254/6254
f 6283/6283 6365/6365 6458/6458
f 6283/6283 6459/6459 6168/6168
f 6460/6460 6156/6156 6461/6461
f 6462/6462 6463/6463 6464/6464
f 6111/6111 6242/6242 6465/6465
f 6466/6466 6111/6111 6465/6465
f 6360/6360 6362/6362 6278/6278
f 6276/6276 6360/6360 6278/6278
f 6467/6467 6306/6306 6299/6299
f 6468/6468 6467/6467 6302/6302
f 6469/6469 6470/6470 6262/6262
f 6315/6315 6469/6469 6259/6259
f 6282/6282 6168/6168 6471/6471
f 6472/6472 6471/6471 6168/6168
f 5986/5986 6195/6195 6053/6053
f 6053/6053 6195/6195 6197/6197
f 6473/6473 6340/6340 6188/6188
f 6029/6029 6473/6473 6188/6188
f 6024/6024 6221/6221 5976/5976
f 6436/6436 6285/6285 6287/6287
f 6148/6148 6368/6368 6474/6474
f 6018/6018 6336/6336 6040/6040
f 6451/6451 6416/6416 6178/6178
f 6113/6113 6451/6451 6114/6114
f 6399/6399 6297/6297 6116/6116
f 6312/6312 6475/6475 6476/6476
f 6334/6334 6022/6022 6427/6427
f 5921/5921 5910/5910 5912/5912
f 6413/6413 6251/6251 6415/6415
f 6249/6249 6415/6415 6251/6251
f 6065/6065 6374/6374 6066/6066
f 6328/6328 6034/6034 6033/6033
f 6171/6171 6145/6145 6477/6477
f 6458/6458 6171/6171 6477/6477
f 6478/6478 6202/6202 6479/6479
f 6479/6479 6133/6133 6404/6404
f 6277/6277 6480/6480 6481/6481
f 6278/6278 6480/6480 6277/6277
f 5964/5964 6351/6351 6050/6050
f 5955/5955 5954/5954 6043/6043
f 6482/6482 6296/6296 6446/6446
f 6294/6294 6296/6296 6482/6482
f 6483/6483 6484/6484 6485/6485
f 6176/6176 6385/6385 6384/6384
f 6322/6322 6486/6486 6323/6323
f 6486/6486 6320/6320 6323/6323
f 6407/6407 6433/6433 6408/6408
f 6440/6440 6433/6433 6407/6407
f 6060/6060 5974/5974 6137/6137
f 6137/6137 5974/5974 6018/6018
f 6408/6408 6274/6274 6273/6273
f 6409/6409 6408/6408 6273/6273
f 6341/6341 5992/5992 5994/5994
f 6157/6157 6153/6153 6155/6155
f 6081/6081 6076/6076 6078/6078
f 5993/5993 6371/6371 6370/6370
f 6115/6115 6267/6267 6403/6403
f 5956/5956 6266/6266 5957/5957
f 6207/6207 6339/6339 6105/6105
f 6487/6487 6339/6339 6207/6207
f 6277/6277 6481/6481 6322/6322
f 6322/6322 6481/6481 6486/6486
f 6488/6488 6200/6200 6478/6478
f 6200/6200 6202/6202 6478/6478
f 6202/6202 6203/6203 6133/6133
f 6479/6479 6202/6202 6133/6133
f 6489/6489 6248/6248 6361/6361
f 6289/6289 6489/6489 6361/6361
f 6236/6236 6106/6106 6235/6235
f 5954/5954 6044/6044 6043/6043
f 6234/6234 6301/6301 6303/6303
f 6233/6233 6301/6301 6234/6234
f 6335/6335 6334/6334 6490/6490
f 6334/6334 6427/6427 6490/6490
f 6442/6442 6080/6080 6141/6141
f 6491/6491 6080/6080 6442/6442
f 6492/6492 6421/6421 6185/6185
f 6421/6421 6186/6186 6185/6185
f 6072/6072 6193/6193 5947/5947
f 6154/6154 6321/6321 6323/6323
f 6493/6493 6014/6014 6128/6128
f 6012/6012 6014/6014 6493/6493
f 6494/6494 6130/6130 6495/6495
f 6130/6130 6132/6132 6495/6495
f 6492/6492 6185/6185 6106/6106
f 6105/6105 6492/6492 6106/6106
f 6369/6369 6368/6368 6496/6496
f 6497/6497 6496/6496 6498/6498
f 6499/6499 6280/6280 6254/6254
f 6500/6500 6501/6501 6457/6457
f 6370/6370 6371/6371 6373/6373
f 6071/6071 6193/6193 6072/6072
f 6434/6434 6502/6502 6274/6274
f 6502/6502 6450/6450 6113/6113
f 6404/6404 6135/6135 6503/6503
f 6494/6494 6357/6357 6130/6130
f 6491/6491 6076/6076 6080/6080
f 6077/6077 6076/6076 6491/6491
f 6151/6151 6042/6042 5923/5923
f 6152/6152 6151/6151 5923/5923
f 6129/6129 5919/5919 6504/6504
f 6504/6504 5919/5919 6002/6002
f 6330/6330 6208/6208 6210/6210
f 6330/6330 6505/6505 5959/5959
f 6126/6126 6378/6378 6292/6292
f 6292/6292 6378/6378 6291/6291
f 6362/6362 6363/6363 6472/6472
f 6363/6363 6471/6471 6472/6472
f 6146/6146 6171/6171 6284/6284
f 6287/6287 6286/6286 6413/6413
f 6077/6077 6491/6491 6506/6506
f 6216/6216 6077/6077 6506/6506
f 6339/6339 6350/6350 6105/6105
f 6105/6105 6350/6350 6492/6492
f 6308/6308 6389/6389 6260/6260
f 6389/6389 6261/6261 6260/6260
f 6264/6264 6337/6337 6265/6265
f 5960/5960 6337/6337 6264/6264
f 6052/6052 6051/6051 6294/6294
f 6134/6134 6293/6293 6357/6357
f 6347/6347 6216/6216 6507/6507
f 6216/6216 6506/6506 6507/6507
f 6500/6500 6457/6457 6320/6320
f 6486/6486 6500/6500 6320/6320
f 6307/6307 6304/6304 6162/6162
f 6307/6307 6162/6162 6425/6425
f 5912/5912 5911/5911 6074/6074
f 6508/6508 6020/6020 6252/6252
f 6509/6509 6268/6268 6510/6510
f 6268/6268 6270/6270 6510/6510
f 6487/6487 6265/6265 6339/6339
f 6263/6263 6265/6265 6487/6487
f 6511/6511 6367/6367 6233/6233
f 6367/6367 6301/6301 6233/6233
f 6316/6316 6318/6318 6406/6406
f 6216/6216 6316/6316 6406/6406
f 6362/6362 6512/6512 6278/6278
f 6278/6278 6512/6512 6480/6480
f 6117/6117 6398/6398 6319/6319
f 6317/6317 6117/6117 6319/6319
f 6260/6260 6377/6377 6308/6308
f 6308/6308 6377/6377 6309/6309
f 6270/6270 6200/6200 6488/6488
f 6510/6510 6270/6270 6488/6488
f 6118/6118 6317/6317 6348/6348
f 6317/6317 6316/6316 6348/6348
f 5987/5987 6053/6053 6010/6010
f 6009/6009 5987/5987 6010/6010
f 6033/6033 6513/6513 6375/6375
f 6035/6035 6356/6356 6355/6355
f 6423/6423 6183/6183 6514/6514
f 6182/6182 6514/6514 6183/6183
f 6213/6213 5982/5982 6214/6214
f 6412/6412 6407/6407 6409/6409
f 6399/6399 6515/6515 6312/6312
f 6312/6312 6397/6397 6399/6399
f 6511/6511 6233/6233 6209/6209
f 6387/6387 6511/6511 6209/6209
f 6516/6516 6335/6335 6490/6490
f 6474/6474 6368/6368 6516/6516
f 6126/6126 6292/6292 6517/6517
f 6127/6127 6126/6126 6517/6517
f 6410/6410 6412/6412 6239/6239
f 6239/6239 6125/6125 6410/6410
f 6518/6518 6374/6374 6065/6065
f 6519/6519 6518/6518 6416/6416
f 6520/6520 6148/6148 6474/6474
f 6145/6145 6148/6148 6520/6520
f 6521/6521 6333/6333 6369/6369
f 6394/6394 6396/6396 5936/5936
f 6125/6125 6127/6127 6439/6439
f 6215/6215 6011/6011 6522/6522
f 6477/6477 6145/6145 6523/6523
f 6523/6523 6145/6145 6520/6520
f 6302/6302 6467/6467 6299/6299
f 6302/6302 6299/6299 6298/6298
f 6259/6259 6469/6469 6262/6262
f 6262/6262 6257/6257 6259/6259
f 6519/6519 6416/6416 6451/6451
f 6450/6450 6519/6519 6451/6451
f 5959/5959 6524/6524 6329/6329
f 6524/6524 5959/5959 5961/5961
f 6330/6330 6387/6387 6208/6208
f 6387/6387 6209/6209 6208/6208
f 6525/6525 6039/6039 6526/6526
f 6526/6526 6435/6435 6436/6436
f 6312/6312 6476/6476 6310/6310
f 6310/6310 6476/6476 6388/6388
f 6025/6025 6152/6152 6026/6026
f 6152/6152 5923/5923 6026/6026
f 6472/6472 6527/6527 6362/6362
f 6362/6362 6527/6527 6512/6512
f 6399/6399 6398/6398 6297/6297
f 6117/6117 6297/6297 6398/6398
f 6528/6528 6019/6019 6181/6181
f 6017/6017 6019/6019 6528/6528
f 5959/5959 6332/6332 5960/5960
f 5960/5960 6332/6332 6337/6337
f 6058/6058 6529/6529 5917/5917
f 5917/5917 6529/6529 5918/5918
f 6167/6167 6424/6424 6165/6165
f 6225/6225 6313/6313 6315/6315
f 6272/6272 6197/6197 5916/5916
f 6197/6197 5904/5904 5916/5916
f 5964/5964 6050/6050 6352/6352
f 6202/6202 6201/6201 6203/6203
f 6225/6225 6315/6315 6314/6314
f 6314/6314 6258/6258 6225/6225
f 6530/6530 6095/6095 6083/6083
f 5981/5981 6531/6531 6047/6047
f 6532/6532 6533/6533 6534/6534
f 6168/6168 6459/6459 6169/6169
f 6255/6255 6280/6280 6256/6256
f 6254/6254 6280/6280 6255/6255
f 6535/6535 6089/6089 6536/6536
f 5991/5991 5997/5997 6537/6537
f 6159/6159 6358/6358 6326/6326
f 6326/6326 6358/6358 6160/6160
f 6346/6346 6224/6224 6344/6344
f 6222/6222 6346/6346 6344/6344
f 6168/6168 6170/6170 6472/6472
f 6472/6472 6170/6170 6527/6527
f 6417/6417 6067/6067 6175/6175
f 6466/6466 6465/6465 6381/6381
f 5983/5983 6112/6112 6538/6538
f 6112/6112 6114/6114 6538/6538
f 6292/6292 6268/6268 6509/6509
f 6517/6517 6292/6292 6509/6509
f 6051/6051 6295/6295 6294/6294
f 6045/6045 6419/6419 6082/6082
f 5927/5927 5980/5980 5928/5928
f 6306/6306 6304/6304 6307/6307
f 6156/6156 6158/6158 6256/6256
f 6281/6281 6156/6156 6256/6256
f 5905/5905 6539/6539 6034/6034
f 6034/6034 6539/6539 6049/6049
f 5925/5925 5924/5924 6540/6540
f 5924/5924 6541/6541 6540/6540
f 6190/6190 6342/6342 6390/6390
f 6190/6190 6189/6189 6342/6342
f 6504/6504 6002/6002 6206/6206
f 6206/6206 6002/6002 6068/6068
f 5935/5935 6394/6394 5936/5936
f 6456/6456 6393/6393 6542/6542
f 6021/6021 6543/6543 6022/6022
f 6022/6022 6543/6543 6426/6426
f 5922/5922 5912/5912 6073/6073
f 5921/5921 5912/5912 5922/5922
f 6172/6172 5926/5926 6069/6069
f 6402/6402 6401/6401 6483/6483
f 6544/6544 6100/6100 6099/6099
f 6545/6545 6096/6096 6391/6391
f 5915/5915 5991/5991 6546/6546
f 6546/6546 5991/5991 6537/6537
f 6547/6547 6531/6531 5981/5981
f 5908/5908 6547/6547 5981/5981
f 6548/6548 6549/6549 6064/6064
f 6242/6242 6549/6549 6465/6465
f 6103/6103 6166/6166 5942/5942
f 6037/6037 6039/6039 6525/6525
f 6368/6368 6335/6335 6516/6516
f 6369/6369 6335/6335 6368/6368
f 6171/6171 6365/6365 6284/6284
f 6171/6171 6458/6458 6365/6365
f 6440/6440 6407/6407 6411/6411
f 6411/6411 6407/6407 6412/6412
f 6266/6266 6173/6173 5957/5957
f 6366/6366 6468/6468 6302/6302
f 5941/5941 5943/5943 6220/6220
f 6262/6262 6470/6470 6376/6376
f 6179/6179 6327/6327 6550/6550
f 6401/6401 6484/6484 6483/6483
f 6485/6485 6176/6176 6384/6384
f 5927/5927 5978/5978 5980/5980
f 6502/6502 6113/6113 6274/6274
f 6274/6274 6113/6113 6112/6112
f 6521/6521 6369/6369 6497/6497
f 6497/6497 6369/6369 6496/6496
f 5937/5937 6218/6218 6217/6217
f 6167/6167 5990/5990 6424/6424
f 6031/6031 6551/6551 6552/6552
f 6032/6032 6031/6031 6552/6552
f 6551/6551 6071/6071 6070/6070
f 6552/6552 6551/6551 6070/6070
f 6416/6416 6065/6065 6417/6417
f 6416/6416 6518/6518 6065/6065
f 6237/6237 6553/6553 6554/6554
f 6237/6237 6324/6324 6553/6553
f 6291/6291 6380/6380 6555/6555
f 6378/6378 6380/6380 6291/6291
f 6187/6187 6514/6514 6182/6182
f 6419/6419 6418/6418 6082/6082
f 6343/6343 6141/6141 6079/6079
f 6340/6340 5992/5992 6341/6341
f 6061/6061 6415/6415 6249/6249
f 6556/6556 6061/6061 6249/6249
f 6557/6557 6110/6110 6109/6109
f 6557/6557 6429/6429 6110/6110
f 6153/6153 6558/6558 6154/6154
f 6558/6558 6321/6321 6154/6154
f 6559/6559 6003/6003 6005/6005
f 6559/6559 6560/6560 6561/6561
f 6562/6562 6563/6563 6293/6293
f 6293/6293 6563/6563 6131/6131
f 6564/6564 5915/5915 6546/6546
f 6102/6102 5915/5915 6564/6564
f 6336/6336 6520/6520 6040/6040
f 6523/6523 6520/6520 6336/6336
f 6158/6158 6155/6155 6457/6457
f 6157/6157 6155/6155 6158/6158
f 6382/6382 6565/6565 6240/6240
f 6383/6383 6382/6382 6240/6240
f 6566/6566 6547/6547 5908/5908
f 6068/6068 6566/6566 5908/5908
f 6399/6399 6116/6116 6515/6515
f 6198/6198 6027/6027 6567/6567
f 6098/6098 6097/6097 6353/6353
f 6428/6428 6353/6353 6097/6097
f 5905/5905 6568/6568 6539/6539
f 5904/5904 6568/6568 5905/5905
f 6505/6505 6331/6331 5959/5959
f 6569/6569 6058/6058 6057/6057
f 6050/6050 6570/6570 6051/6051
f 6351/6351 6570/6570 6050/6050
f 6571/6571 6430/6430 5948/5948
f 6193/6193 6571/6571 5948/5948
f 5963/5963 6572/6572 6351/6351
f 6431/6431 6572/6572 5963/5963
f 6219/6219 5910/5910 5921/5921
f 6181/6181 6219/6219 5921/5921
f 6115/6115 6403/6403 6573/6573
f 6574/6574 6115/6115 6573/6573
f 6291/6291 6555/6555 6269/6269
f 6269/6269 6555/6555 5962/5962
f 5996/5996 6090/6090 6089/6089
f 6443/6443 6141/6141 6441/6441
f 5911/5911 6508/6508 6074/6074
f 6427/6427 6426/6426 5911/5911
f 6572/6572 6575/6575 6351/6351
f 6351/6351 6575/6575 6570/6570
f 6527/6527 6017/6017 6512/6512
f 6512/6512 6017/6017 6528/6528
f 6558/6558 6576/6576 6321/6321
f 6576/6576 6275/6275 6321/6321
f 6554/6554 6204/6204 6379/6379
f 6420/6420 6204/6204 6554/6554
f 6279/6279 6032/6032 6460/6460
f 6577/6577 6578/6578 6579/6579
f 6048/6048 6083/6083 6085/6085
f 6422/6422 6423/6423 6514/6514
f 5961/5961 6263/6263 6128/6128
f 6128/6128 6263/6263 6487/6487
f 6203/6203 6562/6562 6134/6134
f 6134/6134 6562/6562 6293/6293
f 6580/6580 6287/6287 6414/6414
f 6436/6436 6287/6287 6580/6580
f 5918/5918 6234/6234 6001/6001
f 6232/6232 6234/6234 5918/5918
f 6285/6285 6438/6438 6286/6286
f 6437/6437 6438/6438 6285/6285
f 6136/6136 5938/5938 6288/6288
f 6430/6430 6136/6136 6288/6288
f 6010/6010 6502/6502 6434/6434
f 6011/6011 6010/6010 6434/6434
f 5985/5985 6510/6510 5986/5986
f 6510/6510 6488/6488 5986/5986
f 6539/6539 6503/6503 6049/6049
f 6035/6035 6049/6049 6356/6356
f 6337/6337 6129/6129 6338/6338
f 6332/6332 6129/6129 6337/6337
f 6581/6581 6136/6136 6430/6430
f 6571/6571 6581/6581 6430/6430
f 6582/6582 6517/6517 6142/6142
f 6517/6517 6509/6509 6142/6142
f 6583/6583 6414/6414 6063/6063
f 6580/6580 6414/6414 6583/6583
f 6584/6584 5984/5984 6574/6574
f 5984/5984 6115/6115 6574/6574
f 6520/6520 6474/6474 6040/6040
f 6040/6040 6474/6474 6041/6041
f 6150/6150 6347/6347 6151/6151
f 6347/6347 6507/6507 6151/6151
f 5972/5972 6534/6534 5973/5973
f 6532/6532 6534/6534 5972/5972
f 6524/6524 6211/6211 6329/6329
f 6211/6211 6138/6138 6329/6329
f 6212/6212 6214/6214 6123/6123
f 6122/6122 6212/6212 6123/6123
f 6123/6123 6214/6214 6584/6584
f 6214/6214 5984/5984 6584/6584
f 5925/5925 6540/6540 6389/6389
f 6388/6388 5925/5925 6389/6389
f 6527/6527 6137/6137 6017/6017
f 6170/6170 6137/6137 6527/6527
f 6010/6010 6272/6272 6502/6502
f 6272/6272 6450/6450 6502/6502
f 6119/6119 6397/6397 6120/6120
f 6311/6311 6120/6120 6397/6397
f 6075/6075 6252/6252 6253/6253
f 6501/6501 6499/6499 6457/6457
f 6585/6585 6118/6118 6449/6449
f 6118/6118 6348/6348 6449/6449
f 6245/6245 6184/6184 6354/6354
f 6418/6418 6184/6184 6245/6245
f 6101/6101 6456/6456 6542/6542
f 6100/6100 6456/6456 6101/6101
f 6531/6531 6530/6530 6047/6047
f 6163/6163 6161/6161 6164/6164
f 6001/6001 6303/6303 6452/6452
f 6234/6234 6303/6303 6001/6001
f 6189/6189 6141/6141 6343/6343
f 6141/6141 6189/6189 6441/6441
f 6187/6187 6186/6186 6514/6514
f 6422/6422 6514/6514 6186/6186
f 6318/6318 6586/6586 6149/6149
f 6406/6406 6318/6318 6149/6149
f 6158/6158 6457/6457 6254/6254
f 6457/6457 6499/6499 6254/6254
f 6319/6319 6119/6119 6586/6586
f 6318/6318 6319/6319 6586/6586
f 6135/6135 6134/6134 6357/6357
f 6503/6503 6135/6135 6357/6357
f 6142/6142 6509/6509 5985/5985
f 6509/6509 6510/6510 5985/5985
f 6513/6513 6355/6355 6587/6587
f 6587/6587 6355/6355 5950/5950
f 6476/6476 6026/6026 6388/6388
f 6026/6026 5925/5925 6388/6388
f 6330/6330 6210/6210 6505/6505
f 6505/6505 6569/6569 6331/6331
f 6295/6295 6003/6003 6296/6296
f 6296/6296 6003/6003 6559/6559
f 6227/6227 6453/6453 6223/6223
f 6537/6537 5997/5997 6535/6535
f 6288/6288 5938/5938 6290/6290
f 5938/5938 5940/5940 6290/6290
f 6061/6061 6063/6063 6415/6415
f 6414/6414 6415/6415 6063/6063
f 6129/6129 6504/6504 6338/6338
f 6338/6338 6504/6504 6349/6349
f 6449/6449 6348/6348 6150/6150
f 6348/6348 6347/6347 6150/6150
f 6396/6396 6333/6333 6521/6521
f 6023/6023 6334/6334 6333/6333
f 6410/6410 6439/6439 6440/6440
f 6440/6440 6522/6522 6433/6433
f 6283/6283 6458/6458 6459/6459
f 6458/6458 6477/6477 6533/6533
f 5940/5940 6061/6061 6556/6556
f 6290/6290 5940/5940 6556/6556
f 6058/6058 6588/6588 6529/6529
f 6569/6569 6588/6588 6058/6058
f 6074/6074 6508/6508 6252/6252
f 6074/6074 6252/6252 6075/6075
f 6512/6512 6528/6528 6480/6480
f 6480/6480 6528/6528 5920/5920
f 6205/6205 5965/5965 5967/5967
f 6143/6143 5965/5965 6205/6205
f 6028/6028 6188/6188 6030/6030
f 6188/6188 6341/6341 6030/6030
f 6498/6498 6496/6496 6437/6437
f 6039/6039 6435/6435 6526/6526
f 6416/6416 6417/6417 6327/6327
f 6327/6327 6174/6174 6550/6550
f 5989/5989 5935/5935 5937/5937
f 6228/6228 6542/6542 6087/6087
f 6114/6114 6451/6451 6178/6178
f 6114/6114 6178/6178 6177/6177
f 6384/6384 6386/6386 6036/6036
f 6383/6383 6092/6092 6108/6108
f 5986/5986 6488/6488 6195/6195
f 6488/6488 6478/6478 6195/6195
f 6389/6389 6540/6540 6261/6261
f 6540/6540 6541/6541 6261/6261
f 6374/6374 6033/6033 6375/6375
f 6328/6328 6033/6033 6374/6374
f 5922/5922 6073/6073 6500/6500
f 6073/6073 6501/6501 6500/6500
f 5937/5937 5936/5936 6218/6218
f 5936/5936 6396/6396 6521/6521
f 6033/6033 6035/6035 6513/6513
f 6513/6513 6035/6035 6355/6355
f 5997/5997 5996/5996 6089/6089
f 5997/5997 6089/6089 6535/6535
f 6047/6047 6530/6530 6083/6083
f 6047/6047 6083/6083 6048/6048
f 6002/6002 6452/6452 6068/6068
f 6068/6068 6452/6452 6566/6566
f 6102/6102 6564/6564 6541/6541
f 5924/5924 6102/6102 6541/6541
f 5909/5909 6046/6046 6421/6421
f 6046/6046 6422/6422 6421/6421
f 5914/5914 6442/6442 5995/5995
f 5995/5995 6442/6442 6443/6443
f 6012/6012 6122/6122 6124/6124
f 6122/6122 6012/6012 6493/6493
f 6151/6151 6507/6507 6042/6042
f 6507/6507 5913/5913 6042/6042
f 6496/6496 6368/6368 6147/6147
f 6496/6496 6147/6147 6437/6437
f 6425/6425 6164/6164 6531/6531
f 6164/6164 6530/6530 6531/6531
f 6568/6568 6404/6404 6539/6539
f 6539/6539 6404/6404 6503/6503
f 6267/6267 6400/6400 6402/6402
f 6538/6538 6114/6114 6177/6177
f 6506/6506 6491/6491 5914/5914
f 5914/5914 6491/6491 6442/6442
f 5909/5909 6421/6421 6492/6492
f 6350/6350 5909/5909 6492/6492
f 6319/6319 6398/6398 6119/6119
f 6398/6398 6397/6397 6119/6119
f 6029/6029 5932/5932 6390/6390
f 6390/6390 6342/6342 6029/6029
f 6055/6055 6573/6573 5956/5956
f 6573/6573 6266/6266 5956/5956
f 6221/6221 6436/6436 6580/6580
f 5943/5943 6436/6436 6221/6221
f 6484/6484 6174/6174 6176/6176
f 6484/6484 6176/6176 6485/6485
f 6564/6564 6546/6546 6226/6226
f 6226/6226 6546/6546 6453/6453
f 6122/6122 6493/6493 6143/6143
f 6143/6143 6493/6493 5966/5966
f 6573/6573 6403/6403 6266/6266
f 6403/6403 6172/6172 6266/6266
f 5942/5942 6526/6526 5943/5943
f 5943/5943 6526/6526 6436/6436
f 6490/6490 6427/6427 5910/5910
f 6427/6427 5911/5911 5910/5910
f 6515/6515 6475/6475 6312/6312
f 6515/6515 6198/6198 6475/6475
f 5906/5906 6328/6328 6518/6518
f 6518/6518 6328/6328 6374/6374
f 6425/6425 6531/6531 6547/6547
f 6300/6300 6425/6425 6547/6547
f 6402/6402 5926/5926 6172/6172
f 6403/6403 6402/6402 6172/6172
f 5976/5976 6580/6580 6583/6583
f 6221/6221 6580/6580 5976/5976
f 5922/5922 6500/6500 6486/6486
f 6481/6481 5922/5922 6486/6486
f 5904/5904 6196/6196 6568/6568
f 5904/5904 6197/6197 6196/6196
f 5942/5942 6525/6525 6526/6526
f 6166/6166 6525/6525 5942/5942
f 6121/6121 6062/6062 6061/6061
f 6121/6121 6061/6061 5940/5940
f 5920/5920 6181/6181 5921/5921
f 6528/6528 6181/6181 5920/5920
f 6028/6028 6030/6030 6279/6279
f 6028/6028 6579/6579 5932/5932
f 5977/5977 6583/6583 6063/6063
f 5976/5976 6583/6583 5977/5977
f 6258/6258 6564/6564 6226/6226
f 6257/6257 6564/6564 6258/6258
f 6402/6402 6483/6483 5926/5926
f 6483/6483 5927/5927 5926/5926
f 6373/6373 5969/5969 6193/6193
f 6071/6071 6373/6373 6193/6193
f 6166/6166 6037/6037 6525/6525
f 6424/6424 6037/6037 6166/6166
f 6582/6582 6142/6142 6009/6009
f 6142/6142 5987/5987 6009/6009
f 6551/6551 6370/6370 6071/6071
f 6370/6370 6373/6373 6071/6071
f 6575/6575 5955/5955 6570/6570
f 6107/6107 5955/5955 6575/6575
f 5955/5955 6043/6043 6570/6570
f 6570/6570 6043/6043 6051/6051
f 6193/6193 5969/5969 6571/6571
f 5969/5969 5971/5971 6571/6571
f 6000/6000 6107/6107 6572/6572
f 6572/6572 6107/6107 6575/6575
f 5990/5990 6217/6217 6424/6424
f 6424/6424 6217/6217 6037/6037
f 6483/6483 6485/6485 5927/5927
f 6485/6485 5978/5978 5927/5927
f 6574/6574 6573/6573 6055/6055
f 6139/6139 6574/6574 6055/6055
f 6384/6384 6036/6036 5978/5978
f 6485/6485 6384/6384 5978/5978
f 5990/5990 5937/5937 6217/6217
f 5989/5989 5937/5937 5990/5990
f 6227/6227 6223/6223 6222/6222
f 6222/6222 6448/6448 6227/6227
f 6043/6043 6045/6045 6051/6051
f 6051/6051 6045/6045 6295/6295
f 5973/5973 6523/6523 6336/6336
f 6534/6534 6523/6523 5973/5973
f 5994/5994 6370/6370 6551/6551
f 6031/6031 5994/5994 6551/6551
f 6546/6546 6537/6537 6453/6453
f 6453/6453 6537/6537 6535/6535
f 5966/5966 6128/6128 6054/6054
f 6493/6493 6128/6128 5966/5966
f 6012/6012 6124/6124 6211/6211
f 6124/6124 6138/6138 6211/6211
f 6431/6431 6000/6000 6572/6572
f 6054/6054 6000/6000 6431/6431
f 6123/6123 6584/6584 6139/6139
f 6584/6584 6574/6574 6139/6139
f 6571/6571 5971/5971 6581/6581
f 5971/5971 6016/6016 6581/6581
f 6585/6585 6449/6449 6025/6025
f 6449/6449 6152/6152 6025/6025
f 6341/6341 6031/6031 6030/6030
f 6341/6341 5994/5994 6031/6031
f 6295/6295 6082/6082 6003/6003
f 6045/6045 6082/6082 6295/6295
f 6170/6170 6060/6060 6137/6137
f 6169/6169 6060/6060 6170/6170
f 6568/6568 6479/6479 6404/6404
f 6196/6196 6479/6479 6568/6568
f 6199/6199 6062/6062 6120/6120
f 6121/6121 6120/6120 6062/6062
f 6004/6004 6418/6418 6245/6245
f 6004/6004 6245/6245 6244/6244
f 6094/6094 6093/6093 6359/6359
f 6444/6444 6589/6589 6445/6445
f 6345/6345 6247/6247 6086/6086
f 6590/6590 6591/6591 6592/6592
f 6503/6503 6357/6357 6494/6494
f 6049/6049 6503/6503 6494/6494
f 6533/6533 6477/6477 6534/6534
f 6534/6534 6477/6477 6523/6523
f 5967/5967 6054/6054 6431/6431
f 5966/5966 6054/6054 5967/5967
f 6011/6011 6434/6434 6433/6433
f 6522/6522 6011/6011 6433/6433
f 6016/6016 5968/5968 6136/6136
f 6581/6581 6016/6016 6136/6136
f 6100/6100 6455/6455 6456/6456
f 6593/6593 6455/6455 6100/6100
f 6588/6588 6232/6232 6529/6529
f 6529/6529 6232/6232 5918/5918
f 6565/6565 5931/5931 6240/6240
f 6594/6594 5931/5931 6565/6565
f 6559/6559 6005/6005 6560/6560
f 6005/6005 6004/6004 6244/6244
f 6014/6014 5961/5961 6128/6128
f 6524/6524 5961/5961 6014/6014
f 6331/6331 6059/6059 6332/6332
f 6332/6332 6059/6059 6129/6129
f 6163/6163 6454/6454 6159/6159
f 6163/6163 6159/6159 6161/6161
f 6305/6305 6454/6454 6163/6163
f 6036/6036 6325/6325 5979/5979
f 6240/6240 5930/5930 6092/6092
f 6383/6383 6240/6240 6092/6092
f 6300/6300 6547/6547 6566/6566
f 6298/6298 6300/6300 6566/6566
f 6228/6228 6101/6101 6542/6542
f 6099/6099 6101/6101 6228/6228
f 6048/6048 6423/6423 6422/6422
f 6046/6046 6048/6048 6422/6422
f 5944/5944 6595/6595 6253/6253
f 5944/5944 5946/5946 6595/6595
f 6586/6586 6119/6119 5939/5939
f 5968/5968 6586/6586 5939/5939
f 6587/6587 5950/5950 6596/6596
f 6596/6596 5950/5950 6064/6064
f 6016/6016 6149/6149 5968/5968
f 6149/6149 6586/6586 5968/5968
f 6223/6223 6535/6535 6536/6536
f 6453/6453 6535/6535 6223/6223
f 6161/6161 6095/6095 6530/6530
f 6164/6164 6161/6161 6530/6530
f 6505/6505 6210/6210 6597/6597
f 6210/6210 6231/6231 6597/6597
f 6536/6536 6091/6091 5933/5933
f 6089/6089 6091/6091 6536/6536
f 6084/6084 6007/6007 6598/6598
f 6085/6085 6084/6084 6598/6598
f 6375/6375 6513/6513 6429/6429
f 6375/6375 6429/6429 6557/6557
f 5911/5911 6428/6428 6508/6508
f 6428/6428 6097/6097 6508/6508
f 6049/6049 6494/6494 6356/6356
f 6356/6356 6494/6494 6495/6495
f 6253/6253 6595/6595 6499/6499
f 6501/6501 6253/6253 6499/6499
f 6443/6443 6441/6441 6090/6090
f 6090/6090 6441/6441 6140/6140
f 5996/5996 6443/6443 6090/6090
f 5995/5995 6443/6443 5996/5996
f 6073/6073 6075/6075 6501/6501
f 6075/6075 6253/6253 6501/6501
f 6447/6447 5988/5988 6167/6167
f 6448/6448 6086/6086 6088/6088
f 6597/6597 6231/6231 6588/6588
f 6588/6588 6231/6231 6232/6232
f 6313/6313 6165/6165 6315/6315
f 6315/6315 6165/6165 6469/6469
f 5980/5980 5979/5979 6304/6304
f 6306/6306 5980/5980 6304/6304
f 6506/6506 5914/5914 5913/5913
f 6507/6507 6506/6506 5913/5913
f 6350/6350 5907/5907 5909/5909
f 6349/6349 5907/5907 6350/6350
f 6116/6116 6118/6118 6585/6585
f 6515/6515 6116/6116 6585/6585
f 6490/6490 5910/5910 6219/6219
f 6516/6516 6490/6490 6219/6219
f 5906/5906 6518/6518 6519/6519
f 5916/5916 5906/5906 6519/6519
f 6313/6313 6167/6167 6165/6165
f 6447/6447 6167/6167 6313/6313
f 6215/6215 6582/6582 6009/6009
f 6439/6439 6127/6127 6215/6215
f 6467/6467 5928/5928 6306/6306
f 5928/5928 5980/5980 6306/6306
f 6532/6532 5972/5972 6364/6364
f 6459/6459 6532/6532 6169/6169
f 6236/6236 6235/6235 6044/6044
f 6044/6044 6235/6235 6419/6419
f 6081/6081 6078/6078 5993/5993
f 5992/5992 6081/6081 5993/5993
f 5993/5993 6078/6078 6371/6371
f 6078/6078 6192/6192 6371/6371
f 6272/6272 5916/5916 6450/6450
f 5916/5916 6519/6519 6450/6450
f 6304/6304 5979/5979 6305/6305
f 5979/5979 6325/6325 6305/6305
f 6419/6419 6182/6182 6418/6418
f 6418/6418 6182/6182 6184/6184
f 6474/6474 6516/6516 6041/6041
f 6041/6041 6516/6516 6219/6219
f 6481/6481 5920/5920 5922/5922
f 6480/6480 5920/5920 6481/6481
f 5999/5999 6104/6104 5953/5953
f 5953/5953 6104/6104 6236/6236
f 6195/6195 6478/6478 6196/6196
f 6478/6478 6479/6479 6196/6196
f 6448/6448 6088/6088 6447/6447
f 6448/6448 6447/6447 6227/6227
f 6371/6371 6192/6192 6372/6372
f 6192/6192 6405/6405 6372/6372
f 6138/6138 6511/6511 6387/6387
f 6329/6329 6138/6138 6387/6387
f 5953/5953 6236/6236 5954/5954
f 5954/5954 6236/6236 6044/6044
f 6235/6235 6187/6187 6419/6419
f 6419/6419 6187/6187 6182/6182
f 6513/6513 6587/6587 6429/6429
f 6429/6429 6587/6587 6241/6241
f 6475/6475 6027/6027 6476/6476
f 6027/6027 6026/6026 6476/6476
f 6343/6343 6340/6340 6473/6473
f 6343/6343 6079/6079 6340/6340
f 6340/6340 6079/6079 5992/5992
f 6079/6079 6081/6081 5992/5992
f 6048/6048 6085/6085 6423/6423
f 6085/6085 6243/6243 6423/6423
f 6345/6345 6086/6086 6344/6344
f 6344/6344 6086/6086 6448/6448
f 6094/6094 6359/6359 6358/6358
f 6094/6094 6358/6358 6454/6454
f 6342/6342 6473/6473 6029/6029
f 6342/6342 6343/6343 6473/6473
f 6599/6599 6495/6495 6132/6132
f 6446/6446 6561/6561 6132/6132
f 6600/6600 6545/6545 6601/6601
f 6020/6020 6600/6600 5945/5945
f 6161/6161 6160/6160 6095/6095
f 6160/6160 6359/6359 6095/6095
f 6223/6223 6536/6536 6224/6224
f 6224/6224 6536/6536 6345/6345
f 6092/6092 5930/5930 6093/6093
f 6445/6445 5930/5930 5929/5929
f 6591/6591 6544/6544 6099/6099
f 6247/6247 6099/6099 6228/6228
f 6377/6377 6024/6024 5975/5975
f 6376/6376 6024/6024 6377/6377
f 6309/6309 5975/5975 6199/6199
f 6377/6377 5975/5975 6309/6309
f 6097/6097 6096/6096 6020/6020
f 6508/6508 6097/6097 6020/6020
f 5998/5998 6207/6207 5999/5999
f 5999/5999 6207/6207 6104/6104
f 6439/6439 6215/6215 6522/6522
f 6439/6439 6522/6522 6440/6440
f 6459/6459 6458/6458 6533/6533
f 6459/6459 6533/6533 6532/6532
f 6056/6056 6367/6367 6511/6511
f 6138/6138 6056/6056 6511/6511
f 5951/5951 6495/6495 6599/6599
f 6356/6356 6495/6495 5951/5951
f 6309/6309 6199/6199 6311/6311
f 6311/6311 6199/6199 6120/6120
f 6595/6595 6281/6281 6280/6280
f 6499/6499 6595/6595 6280/6280
f 6469/6469 6103/6103 6470/6470
f 6165/6165 6103/6103 6469/6469
f 6468/6468 6069/6069 6467/6467
f 6069/6069 5928/5928 6467/6467
f 6140/6140 6191/6191 5934/5934
f 6441/6441 6191/6191 6140/6140
f 6470/6470 6220/6220 6376/6376
f 6376/6376 6220/6220 6024/6024
f 5958/5958 5957/5957 6366/6366
f 5957/5957 6468/6468 6366/6366
f 6426/6426 6428/6428 5911/5911
f 6426/6426 6229/6229 6428/6428
f 5958/5958 6366/6366 6367/6367
f 6056/6056 5958/5958 6367/6367
f 6088/6088 6087/6087 5989/5989
f 6087/6087 5935/5935 5989/5989
f 6386/6386 6108/6108 6036/6036
f 6036/6036 6108/6108 6325/6325
f 6405/6405 6406/6406 6015/6015
f 6406/6406 6149/6149 6015/6015
f 6128/6128 6487/6487 5998/5998
f 5998/5998 6487/6487 6207/6207
f 6405/6405 6015/6015 5970/5970
f 6372/6372 6405/6405 5970/5970
f 6444/6444 6008/6008 6589/6589
f 6095/6095 6589/6589 6008/6008
f 6325/6325 6094/6094 6454/6454
f 6305/6305 6325/6325 6454/6454
f 6536/6536 5933/5933 6592/6592
f 6590/6590 6592/6592 5933/5933
f 6560/6560 6602/6602 6561/6561
f 5952/5952 6548/6548 6064/6064
f 6088/6088 5988/5988 6447/6447
f 6088/6088 5989/5989 5988/5988
f 6331/6331 6057/6057 6059/6059
f 6331/6331 6569/6569 6057/6057
f 6198/6198 6585/6585 6025/6025
f 6515/6515 6585/6585 6198/6198
f 5952/5952 5951/5951 6599/6599
f 6561/6561 6602/6602 6603/6603
f 6066/6066 6557/6557 6067/6067
f 6066/6066 6375/6375 6557/6557
f 6578/6578 6591/6591 6590/6590
f 6579/6579 6578/6578 6590/6590
f 6542/6542 6393/6393 5935/5935
f 6087/6087 6542/6542 5935/5935
f 6386/6386 6381/6381 6383/6383
f 6386/6386 6383/6383 6108/6108
f 6475/6475 6567/6567 6027/6027
f 6198/6198 6567/6567 6475/6475
f 6127/6127 6517/6517 6582/6582
f 6127/6127 6582/6582 6215/6215
f 6587/6587 6596/6596 6241/6241
f 6241/6241 6596/6596 6242/6242
f 5934/5934 6191/6191 6390/6390
f 6390/6390 5932/5932 5934/5934
f 6595/6595 5946/5946 6281/6281
f 6461/6461 6462/6462 6464/6464
f 6505/6505 6597/6597 6569/6569
f 6569/6569 6597/6597 6588/6588
f 6242/6242 6596/6596 6064/6064
f 6064/6064 6549/6549 6242/6242
f 6470/6470 5941/5941 6220/6220
f 6103/6103 5941/5941 6470/6470
f 5957/5957 6173/6173 6468/6468
f 6173/6173 6069/6069 6468/6468
f 6169/6169 6364/6364 6060/6060
f 6169/6169 6532/6532 6364/6364
f 6598/6598 6007/6007 6354/6354
f 6246/6246 6007/6007 6006/6006
f 6541/6541 6564/6564 6257/6257
f 6261/6261 6541/6541 6257/6257
f 6452/6452 6298/6298 6566/6566
f 6303/6303 6298/6298 6452/6452
f 6598/6598 6354/6354 6243/6243
f 6085/6085 6598/6598 6243/6243
f 5945/5945 6600/6600 6604/6604
f 6462/6462 5945/5945 6604/6604
f 6005/6005 6244/6244 6605/6605
f 6244/6244 6246/6246 6606/6606
f 6349/6349 6206/6206 5907/5907
f 6504/6504 6206/6206 6349/6349
f 6230/6230 6229/6229 6543/6543
f 6543/6543 6229/6229 6426/6426
f 6067/6067 6557/6557 6109/6109
f 6067/6067 6109/6109 6175/6175
f 6385/6385 6381/6381 6386/6386
f 6385/6385 6466/6466 6381/6381
f 6246/6246 6006/6006 6606/6606
f 6606/6606 6006/6006 6607/6607
f 6096/6096 6600/6600 6020/6020
f 6600/6600 6096/6096 6545/6545
f 6577/6577 6608/6608 6578/6578
f 6544/6544 6593/6593 6100/6100
f 6592/6592 6247/6247 6345/6345
f 6345/6345 6536/6536 6592/6592
f 6359/6359 6589/6589 6095/6095
f 6589/6589 6359/6359 6093/6093
f 6392/6392 6395/6395 6394/6394
f 6230/6230 6543/6543 6021/6021
f 6524/6524 6013/6013 6211/6211
f 6013/6013 6524/6524 6014/6014
f 6606/6606 6607/6607 6609/6609
f 5929/5929 5931/5931 6610/6610
f 6245/6245 6354/6354 6246/6246
f 6246/6246 6354/6354 6007/6007
f 6592/6592 6591/6591 6247/6247
f 6591/6591 6099/6099 6247/6247
f 6279/6279 6579/6579 6028/6028
f 6279/6279 6577/6577 6579/6579
f 6579/6579 6590/6590 5932/5932
f 5932/5932 6590/6590 5933/5933
f 6006/6006 6444/6444 6607/6607
f 6006/6006 6008/6008 6444/6444
f 6608/6608 6593/6593 6544/6544
f 6604/6604 6600/6600 6601/6601
f 6393/6393 6394/6394 5935/5935
f 6393/6393 6392/6392 6394/6394
f 6589/6589 6093/6093 6445/6445
f 6445/6445 6093/6093 5930/5930
f 6609/6609 6607/6607 6610/6610
f 6602/6602 6594/6594 6603/6603
f 6460/6460 6577/6577 6279/6279
f 6461/6461 6464/6464 6460/6460
f 6244/6244 6606/6606 6605/6605
f 6605/6605 6606/6606 6609/6609
f 6607/6607 5929/5929 6610/6610
f 6607/6607 6444/6444 5929/5929
f 6578/6578 6544/6544 6591/6591
f 6608/6608 6544/6544 6578/6578
f 6560/6560 6605/6605 6609/6609
f 6005/6005 6605/6605 6560/6560
f 6464/6464 6463/6463 6608/6608
f 6463/6463 6593/6593 6608/6608
f 6593/6593 6611/6611 6455/6455
f 6463/6463 6611/6611 6593/6593
f 6602/6602 6609/6609 6610/6610
f 6560/6560 6609/6609 6602/6602
f 6602/6602 6610/6610 6594/6594
f 6610/6610 5931/5931 6594/6594
f 6460/6460 6464/6464 6577/6577
f 6464/6464 6608/6608 6577/6577
f 6553/6553 6324/6324 6420/6420
f 6553/6553 6420/6420 6554/6554
f 6156/6156 6552/6552 6157/6157
f 6552/6552 6070/6070 6157/6157
f 6038/6038 6498/6498 6039/6039
f 6039/6039 6498/6498 6435/6435
f 6290/6290 6556/6556 6489/6489
f 6289/6289 6290/6290 6489/6489
f 6489/6489 6556/6556 6248/6248
f 6556/6556 6249/6249 6248/6248
f 6538/6538 6177/6177 6400/6400
f 6177/6177 6179/6179 6400/6400
f 6455/6455 6545/6545 6391/6391
f 6611/6611 6545/6545 6455/6455
f 6380/6380 6194/6194 6555/6555
f 6555/6555 6194/6194 5962/5962
f 6603/6603 6548/6548 5952/5952
f 6599/6599 6603/6603 5952/5952
f 6409/6409 6273/6273 5982/5982
f 6213/6213 6409/6409 5982/5982
f 6327/6327 6417/6417 6174/6174
f 6417/6417 6175/6175 6174/6174
f 6176/6176 6175/6175 6385/6385
f 6175/6175 6466/6466 6385/6385
f 6175/6175 6109/6109 6466/6466
f 6109/6109 6111/6111 6466/6466
f 6324/6324 6213/6213 6212/6212
f 6420/6420 6324/6324 6212/6212
f 6180/6180 6289/6289 6360/6360
f 6289/6289 6361/6361 6360/6360
f 6412/6412 6409/6409 6213/6213
f 6239/6239 6412/6412 6213/6213
f 6352/6352 6052/6052 6562/6562
f 6562/6562 6052/6052 6563/6563
f 6413/6413 6284/6284 6282/6282
f 6146/6146 6284/6284 6413/6413
f 5947/5947 5949/5949 6576/6576
f 6558/6558 5947/5947 6576/6576
f 6153/6153 6072/6072 6558/6558
f 6072/6072 5947/5947 6558/6558
f 6604/6604 6611/6611 6463/6463
f 6462/6462 6604/6604 6463/6463
f 6604/6604 6601/6601 6611/6611
f 6601/6601 6545/6545 6611/6611
f 6549/6549 6565/6565 6382/6382
f 6548/6548 6565/6565 6549/6549
f 6603/6603 6594/6594 6548/6548
f 6594/6594 6565/6565 6548/6548
f 6465/6465 6549/6549 6382/6382
f 6381/6381 6465/6465 6382/6382
f 6052/6052 6294/6294 6563/6563
f 6563/6563 6294/6294 6482/6482
f 6179/6179 6550/6550 6401/6401
f 6400/6400 6179/6179 6401/6401
f 6157/6157 6070/6070 6153/6153
f 6070/6070 6072/6072 6153/6153
f 6538/6538 6400/6400 6267/6267
f 5983/5983 6538/6538 6267/6267
f 6218/6218 6521/6521 6497/6497
f 5936/5936 6521/6521 6218/6218
f 6379/6379 6205/6205 6432/6432
f 6204/6204 6205/6205 6379/6379
f 6038/6038 6497/6497 6498/6498
f 6218/6218 6497/6497 6038/6038
f 6435/6435 6437/6437 6285/6285
f 6498/6498 6437/6437 6435/6435
f 6460/6460 6032/6032 6156/6156
f 6032/6032 6552/6552 6156/6156
f 6379/6379 6432/6432 6380/6380
f 6380/6380 6432/6432 6194/6194
f 6296/6296 6559/6559 6446/6446
f 6559/6559 6561/6561 6446/6446
f 6550/6550 6174/6174 6484/6484
f 6401/6401 6550/6550 6484/6484
f 6392/6392 6230/6230 6021/6021
f 6391/6391 6230/6230 6392/6392
f 6395/6395 6021/6021 6023/6023
f 6392/6392 6021/6021 6395/6395
f 6286/6286 6146/6146 6413/6413
f 6144/6144 6146/6146 6286/6286
f 6147/6147 6144/6144 6438/6438
f 6438/6438 6144/6144 6286/6286
f 5982/5982 6273/6273 5983/5983
f 6273/6273 6112/6112 5983/5983
f 6271/6271 5962/5962 5964/5964
f 6269/6269 5962/5962 6271/6271
f 6238/6238 6554/6554 6379/6379
f 6237/6237 6554/6554 6238/6238
f 6391/6391 6098/6098 6230/6230
f 6391/6391 6096/6096 6098/6098
f 6271/6271 5964/5964 6201/6201
f 6201/6201 5964/5964 6352/6352
f 6395/6395 6023/6023 6396/6396
f 6396/6396 6023/6023 6333/6333
f 6250/6250 6251/6251 6471/6471
f 6363/6363 6250/6250 6471/6471
f 6131/6131 6482/6482 6446/6446
f 6563/6563 6482/6482 6131/6131
f 5946/5946 5945/5945 6462/6462
f 6461/6461 5946/5946 6462/6462
f 6561/6561 6603/6603 6599/6599
f 6132/6132 6561/6561 6599/6599
f 5949/5949 6276/6276 6275/6275
f 6576/6576 5949/5949 6275/6275
f 6203/6203 6352/6352 6562/6562
f 6201/6201 6352/6352 6203/6203
f 6461/6461 6156/6156 6281/6281
f 6281/6281 5946/5946 6461/6461
f 6471/6471 6251/6251 6282/6282
f 6413/6413 6282/6282 6251/6251
f 5949/5949 6180/6180 6276/6276
f 6180/6180 6360/6360 6276/6276

