# https://github.com/mikedh/trimesh
v -1.93169681 -0.70109789 0.71807759
v -1.92439745 -0.70657159 0.71082092
v -1.93058186 -0.69111055 0.70866480
v -1.91787943 -0.70231462 0.69983624
v -1.93585732 0.67758928 0.68872265
v -1.93165712 0.68242245 0.68808395
v -1.92497058 0.68247139 0.67963283
v -1.91900099 0.68819545 0.67799246
v -1.94008708 0.68867064 0.71994803
v -1.94363015 0.68425817 0.72220382
v -1.92891111 0.69144428 0.70547912
v -1.92490139 0.69674817 0.70526618
v -1.96186119 0.62458559 0.70208417
v -1.95595313 0.63763259 0.69914289
v -1.98303144 0.57593486 0.70298439
v -1.98169455 0.58048575 0.70271064
v -1.97995506 0.58507541 0.70090001
v -1.98346837 0.57035318 0.71402865
v -1.97519849 0.59526348 0.70833324
v -1.97913150 0.58639386 0.71006883
v -1.96484812 0.62114318 0.70010784
v -1.96203335 0.62796752 0.69844280
v -1.99984488 0.52206372 0.72125471
v -1.99375544 0.54531141 0.71974250
v -1.99575781 0.53466691 0.71404339
v -1.99209209 0.57107795 0.75655795
v -1.99510465 0.55849098 0.75550469
v -1.99865944 0.54403279 0.75552588
v -1.99105650 0.55956460 0.74854751
v -1.98508666 0.58342425 0.74931223
v -2.00456584 0.50063958 0.74057000
v -1.99834365 0.52262125 0.73356055
v -1.98508755 -0.58342489 0.74931230
v -1.99105689 -0.55956569 0.74854770
v -1.99209298 -0.57107795 0.75655770
v -1.99865995 -0.54403502 0.75552581
v -1.99510209 -0.55850355 0.75550501
v -1.99771281 -0.53328401 0.72591466
v -1.99686717 -0.53635837 0.72630123
v -2.00456635 -0.50063964 0.74057121
v -2.00322391 -0.50444956 0.73655396
v -1.94211421 -0.68681854 0.72210218
v -1.94080026 -0.68507644 0.71657064
v -1.93089900 -0.69881331 0.71943002
v -1.95129448 -0.64574752 0.68807395
v -1.95422062 -0.63924265 0.68927886
v -1.94346995 -0.65540165 0.68326894
v -1.95284065 -0.63854628 0.68696816
v -1.98792626 0.56804453 0.74793756
v -1.98219728 0.57916473 0.74736909
v -1.98512661 0.57918209 0.74828162
v -1.98446618 0.58535214 0.74655133
v -1.93401080 0.69625664 0.72265734
v -1.92778681 0.70136717 0.71620225
v -1.95280281 0.68104359 0.74064519
v -1.94930382 0.68479530 0.73674139
v -1.91009275 0.69824892 0.67658045
v -1.89676692 0.71784433 0.67836251
v -1.89858361 0.71410036 0.67593457
v -1.89246417 -0.72005304 0.67929279
v -1.89535495 -0.71459346 0.67617620
v -1.93428773 -0.67945357 0.68842183
v -1.92962171 -0.68493258 0.68838043
v -1.91563498 -0.69274588 0.67784586
v -1.92127690 -0.68702386 0.67929042
v -1.90535417 -0.71091191 0.68386504
v -1.89711606 -0.71644967 0.67692701
v -1.96392497 -0.66442486 0.74963154
v -1.96097319 -0.67000903 0.74826657
v -1.96736707 -0.65064431 0.75362415
v -1.96447143 -0.65766065 0.75189277
v -1.96709314 -0.64759672 0.74765259
v -1.98034438 -0.60607313 0.75603371
v -1.97615634 -0.61809150 0.74985013
v -1.97873273 -0.61307630 0.74753789
v -1.98242681 -0.59356647 0.74676442
v -2.02978868 -0.40800266 0.74480871
v -2.03332880 -0.39203436 0.74433055
v -2.02772581 -0.41132428 0.73634845
v -2.03128596 -0.39623577 0.73655300
v -1.97445891 -0.60431715 0.70318486
v -1.97204380 -0.61107416 0.70251759
v -1.99861658 -0.52525620 0.71794818
v -1.99575832 -0.53466745 0.71404415
v -1.99375633 -0.54531198 0.71974364
v -1.99040730 -0.54680741 0.71869146
v -1.96294543 -0.61397705 0.70340958
v -1.96768312 -0.60335613 0.70559129
v -2.03128596 0.39623469 0.73655300
v -2.02772581 0.41132290 0.73634800
v -2.02978856 0.40800157 0.74480859
v -2.03482022 0.38511489 0.74078495
v -2.03332880 0.39203302 0.74433055
v -1.95542734 0.67770507 0.74397457
v -1.97935309 0.59151690 0.75916307
v -1.97543157 0.60634348 0.75936168
v -1.97898815 0.60634552 0.75938855
v -1.98270403 0.57036448 0.70835054
v -1.98038408 0.57614758 0.70437324
v -1.99662120 0.52320972 0.72048909
v -1.99109684 0.54268409 0.71590114
v -1.89535329 0.71459397 0.67617722
v -1.89802295 0.72102188 0.68516016
v -1.89471446 0.72226215 0.68130351
v -1.98745933 0.57364548 0.74623936
v -1.98898578 0.56145570 0.74542853
v -1.98983851 0.53688696 0.73126397
v -1.98868830 0.53854391 0.72975780
v -1.93038861 0.68926863 0.70581888
v -1.92711859 0.69099944 0.70231808
v -1.92749757 0.69119014 0.70238325
v -1.92876006 0.68487709 0.69017962
v -1.93002023 0.68399371 0.68948926
v -1.93956969 0.66851712 0.68233598
v -1.97204403 0.61107096 0.70251807
v -2.00284148 -0.51116511 0.72757034
v -2.00126494 -0.51559348 0.72376058
v -1.98894474 -0.54847478 0.71094244
v -1.95934201 0.65941814 0.75492518
v -1.95954661 0.66283971 0.75390890
v -1.96709276 0.64759563 0.74765259
v -1.96294767 0.65598221 0.74495101
v -1.93347059 -0.67233686 0.69176518
v -1.93748492 -0.66906225 0.69227763
v -1.97096615 -0.60450117 0.70646068
v -1.98218426 -0.57140492 0.71399552
v -1.97519849 -0.59526565 0.70833305
v -1.98745971 -0.57364707 0.74623936
v -1.98898622 -0.56145678 0.74542853
v -1.99694419 -0.53292925 0.73275098
v -1.99863915 -0.53055568 0.73403679
v -1.96491960 -0.65181648 0.74577965
v -1.96356924 -0.65747552 0.74050256
v -1.96417364 -0.65570143 0.74119705
v -1.99061582 0.56210438 0.75823451
v -1.98686233 0.57659089 0.75874490
v -1.99945327 0.50811803 0.72752707
v -1.99606033 0.50812278 0.72753339
v -1.95934239 -0.65941973 0.75492518
v -1.96236005 -0.65203443 0.75675593
v -1.96586022 -0.65203239 0.75675753
v -1.98620879 -0.59154581 0.75814695
v -1.98985779 -0.57678325 0.75776031
v -1.99030620 -0.57681414 0.75753680
v -2.03810031 0.36244758 0.74276205
v -2.03128915 0.37658085 0.74373579
v -2.03530130 0.36305939 0.74304223
v -2.03648330 0.37714833 0.74378998
v -1.88947663 -0.72354305 0.67963424
v -1.89026561 -0.72362717 0.68080979
v -1.91100746 -0.70927333 0.69190631
v -1.89556955 -0.72240837 0.68297369
v -1.96217012 0.65526852 0.74255718
v -1.96436562 0.65072128 0.74508494
v -1.96417325 0.65570034 0.74119705
v -1.96357259 0.65746934 0.74050618
v -1.98954582 -0.54880283 0.75774671
v -1.99355171 -0.53192116 0.75697823
v -1.99269994 -0.53663140 0.75723766
v -1.99861611 -0.50604017 0.72946393
v -2.03514800 -0.36303006 0.74411477
v -2.03942488 -0.33877318 0.74307401
v -2.04037271 -0.34412076 0.74318241
v -2.03460110 -0.36887315 0.73525577
v -1.94225531 -0.66489555 0.68312276
v -1.93710052 -0.67169976 0.68151949
v -1.96895055 -0.61515528 0.69468109
v -1.96712467 -0.61923227 0.69330575
v -1.98298779 -0.56669570 0.70589375
v -1.98517014 -0.55799533 0.70771601
v -1.98566030 -0.55805501 0.70793090
v -1.95793944 -0.63291955 0.69091093
v -1.96102373 -0.62636171 0.69237943
v -1.98606935 -0.55242981 0.71969510
v -1.97532626 -0.58586879 0.71086770
v -1.97984073 -0.57402077 0.71356048
v -1.96138778 0.62806781 0.69879597
v -1.95935898 0.62826432 0.69948225
v -1.92219952 0.68646053 0.68056203
v -1.91563447 0.69274479 0.67784542
v -1.99458938 0.52977967 0.73817034
v -1.99391920 0.52965852 0.73841688
v -2.00182361 0.52313674 0.74054999
v -2.00037984 0.52689286 0.73636689
v -1.99109799 -0.55525370 0.74743616
v -1.99473805 -0.54012384 0.74668478
v -1.99314963 -0.53698300 0.72784051
v -1.99022872 -0.53757406 0.72856585
v -1.98879495 0.56937488 0.75614697
v -2.00736626 0.48940599 0.75378196
v -1.91900150 -0.68819711 0.67799240
v -1.92497096 -0.68247299 0.67963283
v -1.94262239 -0.65125892 0.68417752
v -2.03134162 -0.37743790 0.73611990
v -2.03374135 -0.36574016 0.73622144
v -2.03824097 -0.34452772 0.73644680
v -2.03810082 -0.36244844 0.74276205
v -2.03128915 -0.37658194 0.74373579
v -1.95257515 -0.67203760 0.74963779
v -1.95607939 -0.67203179 0.74963830
v -1.93220704 -0.69952544 0.72470483
v -1.93701804 -0.69589765 0.72825858
v -1.92952680 -0.68412165 0.68995058
v -1.92780634 -0.68660888 0.69015023
v -1.94858215 -0.67593142 0.72356426
v -1.94258780 -0.68170316 0.71658659
v -2.02960168 0.40784566 0.74522222
v -2.02544581 0.42374375 0.74591980
v -2.02595958 0.42379876 0.74571997
v -2.01009504 0.48296051 0.74481997
v -2.00992618 0.48383287 0.74393071
v -2.00932415 -0.48031414 0.74699104
v -2.01052637 -0.48098973 0.74632597
v -2.02574743 -0.40761095 0.74586281
v -2.02621360 -0.41335050 0.74587120
v -1.99767817 0.51526276 0.72172792
v -1.99661150 0.51750915 0.71984985
v -1.98525222 0.55336126 0.70634172
v -1.98061678 0.55734600 0.70537997
v -1.92770270 0.69978941 0.72474747
v -1.93107279 0.69979420 0.72475238
v -1.93375053 0.69432523 0.73112099
v -1.91392134 0.71057167 0.71101443
v -1.91727152 0.71057646 0.71101794
v -1.92446867 0.70521861 0.71798259
v -1.98884492 0.54352035 0.72345991
v -1.99473767 0.54012225 0.74668478
v -1.99109761 0.55525109 0.74743616
v -1.92767340 0.67691043 0.67830382
v -1.92049112 0.68480787 0.67635618
v -1.89739358 0.71450245 0.67488223
v -1.89674705 0.71414644 0.67417440
v -1.89040742 -0.72473545 0.68295333
v -1.92251264 -0.70828197 0.71109165
v -1.93029326 -0.70258031 0.71771102
v -1.92347802 -0.70770138 0.71102713
v -1.98303195 -0.57593645 0.70298446
v -1.97995506 -0.58507649 0.70090001
v -1.98001953 -0.58526726 0.70144110
v -1.98508755 -0.54232042 0.70908150
v -1.98682787 -0.53641919 0.71065019
v -2.03134085 0.37743809 0.73611990
v -2.03032939 0.39737568 0.73611339
v -2.03451054 0.38046181 0.73634168
v -2.04000841 0.33243612 0.73793512
v -2.04356506 0.33442159 0.73769913
v -1.98878518 0.54961127 0.71841064
v -1.98770939 0.54678597 0.72109279
v -1.96081433 0.62483398 0.70025900
v -1.95991743 0.62158650 0.70168809
v -1.92393933 0.68973658 0.69357929
v -1.92428793 0.69030511 0.69325967
v -1.94637383 0.67837649 0.72100262
v -1.94258741 0.68170162 0.71658653
v -1.95009206 0.67376617 0.72543854
v -1.96138816 -0.62806890 0.69879597
v -1.96227096 -0.62140473 0.70103538
v -1.92871811 -0.68221878 0.68899861
v -1.96344427 0.65856974 0.75269649
v -1.96642147 0.65134802 0.75447791
v -1.97580576 0.61319940 0.75764690
v -1.97520577 0.60626274 0.75830312
v -1.99050188 -0.56222026 0.75592592
v -1.99179046 -0.54881329 0.75605541
v -2.00430143 -0.50079210 0.73903168
v -2.00452691 -0.49930865 0.73991186
v -2.00657181 -0.48769121 0.74055412
v -2.00970342 -0.48417339 0.74366270
v -2.02984485 -0.39439391 0.73501124
v -2.03291370 -0.38822673 0.73523710
v -1.97200021 0.63294731 0.75893401
v -1.96537555 0.64335442 0.75808287
v -1.96888260 0.64335174 0.75808287
v -1.96471102 0.66310128 0.75044521
v -1.96615477 0.65482156 0.74417719
v -1.96176484 0.61206754 0.69288663
v -1.96572951 0.60083622 0.69543347
v -1.93654647 0.66950709 0.68073588
v -1.92916896 0.67574531 0.67865079
v -2.00770948 0.48962762 0.73796199
v -2.00828309 0.48574680 0.74233887
v -2.01895619 0.43999526 0.73432763
v -2.01530815 0.45042779 0.73410582
v -1.94391110 0.65590151 0.69377606
v -1.93776306 0.66795027 0.69075265
v -1.93389461 0.67159242 0.69186401
v -1.93539243 0.67201552 0.69176418
v -1.99737361 -0.52758338 0.74265259
v -1.99745784 -0.52708493 0.74197448
v -1.99565314 -0.52567465 0.74248531
v -1.99567114 -0.52638097 0.74351573
v -2.00233754 0.49268060 0.75334487
v -2.00163638 0.49595343 0.75375167
v -2.00477914 0.49901258 0.74057539
v -2.00357098 0.50286341 0.73682431
v -1.92749795 -0.69119122 0.70238325
v -1.92711910 -0.69100052 0.70231808
v -1.93038899 -0.68926971 0.70581888
v -1.92428831 -0.69030619 0.69325967
v -1.92393971 -0.68973766 0.69357929
v -1.96344504 -0.65857083 0.75269636
v -1.96444016 -0.65153776 0.75510273
v -1.92572968 -0.70343598 0.71640776
v -1.93221968 -0.69810953 0.72305776
v -2.00664156 -0.49568281 0.75460157
v -2.00800154 -0.49289074 0.75391640
v -2.00353026 -0.52352619 0.75453388
v -2.00640189 -0.51105980 0.75380420
v -2.00511627 -0.51633902 0.75327048
v -2.00179313 0.50557718 0.73320850
v -2.00033389 0.50964920 0.72941361
v -2.00079316 0.50978961 0.72958657
v -1.97625305 0.57947322 0.70205303
v -1.97644239 0.58508122 0.70143924
v -1.95515843 0.63044415 0.68877374
v -1.95114629 0.63563437 0.68761379
v -1.89583628 0.72382544 0.69249389
v -1.89842125 0.72056649 0.69741810
v -1.89285799 0.72142378 0.67840912
v -1.89524798 0.71868896 0.67737632
v -2.00871853 0.49316476 0.74581143
v -2.00703501 0.49701298 0.74106194
v -2.00284110 0.51116403 0.72757041
v -2.00126494 0.51559239 0.72376058
v -2.00934552 -0.48178777 0.74450051
v -2.02863643 -0.40768144 0.74439808
v -2.02498909 -0.42362354 0.74490445
v -1.99144174 -0.52669273 0.71416507
v -1.99124899 -0.52218061 0.71661289
v -2.00229516 -0.50602290 0.73338947
v -2.00179313 -0.50557827 0.73320850
v -2.00303295 -0.50209843 0.73665901
v -2.01010922 0.48170075 0.74438608
v -2.00934476 0.48178668 0.74450051
v -2.02863605 0.40768035 0.74439808
v -2.02498909 0.42362191 0.74490445
v -2.02654790 0.39857749 0.73584840
v -2.01659718 0.43953727 0.73519498
v -1.92916896 -0.67574640 0.67865124
v -1.93654686 -0.66950818 0.68073588
v -1.90287798 -0.70698816 0.67325452
v -1.89384331 -0.72257669 0.68066135
v -1.89419334 -0.72090019 0.67885947
v -1.89357987 -0.72535509 0.68823364
v -1.89627936 -0.72378437 0.68728957
v -2.04298019 -0.32107675 0.74210021
v -2.04249003 -0.32089122 0.74211106
v -2.04416352 -0.32893222 0.73983459
v -2.03951781 0.33801232 0.74304293
v -2.03514800 0.36302898 0.74411477
v -2.04162868 0.32567083 0.73969320
v -2.04167744 0.32388980 0.74054191
v -1.93309048 0.69586732 0.72668066
v -1.93222045 0.69810800 0.72305738
v -1.95698459 0.66813867 0.74942347
v -1.95703495 0.66535601 0.75130522
v -2.03032977 -0.39737702 0.73611339
v -2.03451054 -0.38046319 0.73634168
v -2.00343593 -0.48944652 0.73749904
v -1.97256683 -0.63292478 0.75886910
v -1.97231595 -0.63931725 0.75801850
v -1.96755890 -0.65159504 0.74467943
v -1.96448062 -0.65723987 0.74228344
v -2.03918555 0.34442889 0.73546246
v -2.04455424 0.33335093 0.73711923
v -2.03648368 -0.37714971 0.74378998
v -2.03482530 -0.38509498 0.74077600
v -2.04372921 -0.32452385 0.74057325
v -2.04262789 -0.32406088 0.74056285
v -1.96217050 -0.65526960 0.74255718
v -1.96436587 -0.65072237 0.74508494
v -1.98512700 -0.57918317 0.74828162
v -1.89257879 0.71328235 0.67173395
v -1.89259488 0.70936128 0.67145907
v -1.89449654 0.71327507 0.67396002
v -1.93721367 -0.68274966 0.71193143
v -1.93668535 -0.68225758 0.71203521
v -1.96007846 -0.65666400 0.73874432
v -1.95809938 -0.65876466 0.73701348
v -1.97365858 -0.59643418 0.70593434
v -1.97699612 -0.58459495 0.70890637
v -1.98878569 -0.54961235 0.71841020
v -1.98827460 -0.54515473 0.72227721
v -1.97331700 0.64234577 0.75611388
v -1.97465452 0.63435467 0.74986730
v -1.98360761 0.60082736 0.74998838
v -1.99058851 0.57461924 0.75212192
v -1.99609815 0.52822220 0.73987094
v -1.99699071 0.52741262 0.74078121
v -1.99543665 0.52581397 0.74115046
v -1.99739499 0.52575947 0.73954347
v -2.00735655 -0.49119714 0.74990629
v -2.00383010 -0.48732898 0.75084991
v -2.00699825 -0.48732898 0.75084972
v -1.95774759 -0.62853263 0.68919640
v -1.96971759 -0.59537623 0.69663062
v -1.97755744 -0.57218196 0.70191297
v -1.90141332 -0.71888259 0.69685550
v -1.90764439 -0.71458248 0.70339962
v -1.93010077 -0.69857327 0.72352373
v -1.96007801 0.65666291 0.73874432
v -1.95809900 0.65876357 0.73701348
v -1.93721310 0.68274854 0.71193143
v -1.93668484 0.68225650 0.71203521
v -1.94880136 -0.68049166 0.74432524
v -1.95213554 -0.67780468 0.74609136
v -1.95285112 -0.67650882 0.74408420
v -1.95081109 -0.67686674 0.74463492
v -1.97150635 0.59522529 0.70712153
v -1.99014116 0.54956090 0.72048621
v -1.98880318 0.55261642 0.71902564
v -1.92383830 0.68763767 0.69105578
v -1.92238218 0.68843702 0.69177369
v -1.92871773 0.68221769 0.68899861
v -1.92657559 0.67985453 0.69010613
v -2.00718044 0.49267855 0.75432390
v -2.00722163 0.49645125 0.75438537
v -2.00353141 0.52351881 0.75453369
v -2.00640240 0.51105454 0.75380394
v -2.00087370 0.49471894 0.74106934
v -2.00508881 0.49232422 0.74381806
v -2.00252671 0.48976503 0.74872819
v -2.00464640 0.48962248 0.75029655
v -1.93524545 0.68393379 0.71003309
v -1.93323050 0.68506616 0.70810239
v -1.92350316 0.69267618 0.69703555
v -1.92525178 0.69242734 0.69941983
v -1.92489131 0.69223970 0.69938735
v -1.92879521 -0.67978746 0.68946337
v -1.92383830 -0.68763876 0.69105610
v -1.92238180 -0.68843811 0.69177433
v -1.98708903 -0.57653166 0.75636783
v -1.96915618 -0.64339224 0.75806272
v -1.96852009 -0.63294942 0.75893362
v -1.97202676 -0.63294840 0.75893311
v -1.99189566 0.52508602 0.71660225
v -1.99454799 0.52319086 0.71843707
v -1.99408591 0.52445367 0.71538855
v -1.98995697 0.52669007 0.71416210
v -1.95752346 0.63804557 0.69881510
v -1.95170949 0.64946313 0.69626160
v -1.95206315 0.65375411 0.69288634
v -1.94898806 0.65656335 0.68830416
v -1.92572930 0.70343432 0.71640757
v -1.90388204 0.71689142 0.70018108
v -1.90270451 0.71856163 0.69674847
v -1.95422024 0.63924156 0.68927886
v -1.95129410 0.64574643 0.68807395
v -1.97318897 0.59437743 0.69933705
v -1.88732402 -0.72186126 0.67552048
v -1.89609887 -0.70934877 0.67146366
v -1.88922287 -0.71328343 0.67174014
v -1.99200338 -0.52495688 0.71668360
v -1.99454977 -0.52319246 0.71843707
v -1.98639183 -0.54490445 0.71006800
v -1.98857176 -0.54295342 0.71105343
v -2.04396229 0.33272228 0.73831297
v -2.02876012 0.40789285 0.74391111
v -2.03198176 0.39335976 0.74116987
v -2.04373919 -0.33380095 0.73790254
v -2.04396267 -0.33272362 0.73831297
v -2.02876012 -0.40789394 0.74391111
v -2.03198201 -0.39336114 0.74116961
v -1.94243781 -0.66450034 0.69302257
v -1.94825473 -0.65566270 0.69488382
v -1.94767634 -0.66060765 0.69077169
v -1.94593274 -0.66363790 0.69067019
v -1.99568084 0.52751643 0.73776091
v -1.99620827 0.52880706 0.73571960
v -2.00228635 0.50957899 0.74024163
v -1.92446855 -0.67592663 0.67885292
v -1.91937588 -0.68168905 0.67723189
v -1.90660127 -0.70264471 0.67343399
v -1.91102635 -0.69771754 0.67412341
v -1.91782206 0.71049732 0.71102113
v -1.92563612 0.70492669 0.71796274
v -1.92711440 0.70464632 0.71342096
v -1.93361905 0.69722865 0.71714121
v -2.00387911 -0.50660221 0.73128374
v -2.00856318 -0.48866421 0.75052065
v -1.95389500 -0.65903871 0.73777284
v -1.95698210 -0.65445535 0.74111377
v -1.93190691 -0.68506873 0.71023545
v -1.93246080 -0.68260708 0.71271013
v -1.93605146 -0.67948672 0.71688426
v -1.88451013 0.72735790 0.68385516
v -1.88987054 0.72665951 0.68629764
v -1.98884199 -0.54352195 0.72346099
v -1.98750886 -0.54074215 0.72650380
v -1.99785273 -0.52800531 0.73875660
v -1.99769470 -0.52967952 0.73642701
v -1.95698172 0.65445376 0.74111377
v -1.95389423 0.65903763 0.73777335
v -1.96121267 0.65206108 0.74353586
v -1.95172752 0.66914452 0.73095339
v -1.97465678 -0.63435296 0.74987123
v -1.97331738 -0.64234686 0.75611388
v -1.98322666 -0.60604588 0.75625421
v -1.98368422 -0.59964101 0.74897838
v -1.93524609 -0.68393491 0.71003309
v -1.93323089 -0.68506725 0.70810239
v -2.00531314 0.48733289 0.75084857
v -2.00303410 0.49160950 0.75429850
v -2.00674564 0.48928003 0.75378557
v -1.94377988 0.68507328 0.73805369
v -1.94847824 0.68195155 0.73994205
v -1.95920331 0.67245030 0.74754985
v -1.99799594 -0.52476390 0.74278509
v -1.99800883 -0.52557189 0.74394641
v -2.00700898 -0.49415934 0.75048670
v -2.00337172 0.49215081 0.73420196
v -2.02319848 0.41183747 0.73494882
v -2.01957910 0.42694618 0.73450161
v -2.01950430 0.42694407 0.73467853
v -1.96722940 0.64911943 0.75063850
v -1.96447105 0.65765899 0.75189277
v -1.97824998 0.61208123 0.75294192
v -2.00882026 -0.47615057 0.74779798
v -2.01090056 -0.46986812 0.74770503
v -1.97285696 0.62876106 0.74912932
v -1.97373015 0.62861792 0.74716096
v -1.97188073 0.63656045 0.74705417
v -1.95739775 0.64414075 0.69504997
v -1.95856886 0.63947790 0.69203887
v -1.94986945 0.64496729 0.68558672
v -1.94656663 0.65136946 0.68424383
v -1.99155209 0.55240960 0.71702516
v -1.99144365 0.55210966 0.71778004
v -1.99074523 0.55445440 0.71691980
v -1.96115929 -0.62639659 0.69250420
v -1.96433702 -0.61948009 0.69419123
v -1.98005629 -0.57994815 0.70879110
v -1.98038446 -0.57614866 0.70437324
v -2.01033005 -0.47582022 0.73401506
v -2.01165501 -0.46489251 0.73391495
v -2.01458077 -0.46811782 0.73558265
v -2.01658965 -0.46001304 0.73502438
v -2.01226796 -0.47654726 0.73493127
v -1.96642262 -0.65134910 0.75447727
v -1.97580595 -0.61320077 0.75764728
v -1.97520628 -0.60626383 0.75830312
v -1.95033795 -0.68378724 0.73904890
v -1.95542808 -0.67770609 0.74397393
v -1.95285824 -0.68076558 0.74038114
v -1.94748692 -0.68667374 0.73477399
v -2.00737864 -0.48902784 0.75355133
v -2.00750057 -0.48948863 0.75372461
v -2.00162202 -0.50686023 0.75389320
v -1.99973115 -0.51047190 0.75445481
v -1.94012692 -0.66500128 0.69310707
v -1.93826585 -0.66484045 0.69314856
v -1.94966300 -0.64752008 0.69698782
v -1.94087543 -0.66315033 0.69174213
v -1.94748784 -0.65204860 0.69416997
v -1.99778009 -0.50812098 0.72752940
v -1.99777856 -0.50396123 0.73140079
v -1.95410255 0.67514321 0.74334749
v -1.94981737 0.68048485 0.73922985
v -1.95285073 0.67650774 0.74408420
v -1.94847863 -0.68195315 0.73994211
v -1.95410293 -0.67514429 0.74334749
v -1.89449730 -0.71327660 0.67396047
v -1.90498298 -0.70335844 0.67563243
v -1.91009313 -0.69825052 0.67658026
v -2.04057401 -0.32560106 0.74026215
v -2.04045153 -0.32691148 0.73942546
v -2.03276307 -0.37004768 0.73613190
v -2.02996394 -0.38276457 0.73598600
v -2.03272593 -0.37004819 0.73591299
v -1.89043331 -0.72637506 0.68762007
v -1.89518454 -0.72431046 0.69140128
v -1.88244491 -0.72618320 0.67952548
v -1.88436276 -0.72731890 0.68379502
v -1.88601119 -0.72620682 0.67951323
v -1.96760088 0.65763285 0.75313748
v -1.96655844 0.65836277 0.75411591
v -1.96070340 0.66814657 0.75079946
v -1.96392715 0.66446466 0.75163608
v -1.99720429 0.52946911 0.71528090
v -1.99547941 0.52248084 0.71665118
v -1.99484987 0.52757143 0.71432746
v -2.01659756 -0.43953836 0.73519498
v -2.02654790 -0.39857909 0.73584840
v -2.01411933 -0.46478928 0.73419296
v -2.01505050 -0.45425745 0.73408868
v -2.02098460 0.43840700 0.74547451
v -2.01447442 0.46876408 0.74713473
v -2.01535047 0.46677518 0.74697345
v -1.89957437 -0.72098742 0.69707614
v -1.92770384 -0.69979050 0.72474747
v -1.93107317 -0.69979528 0.72475232
v -1.98644111 -0.56257004 0.70521786
v -1.98493310 -0.56670470 0.70414941
v -1.99556423 -0.52534553 0.71553470
v -1.99307253 0.53187243 0.74483495
v -1.98609634 0.55518350 0.74577250
v -1.98896721 0.54319601 0.74461182
v -1.98415791 0.56271597 0.74558633
v -1.88938792 0.72423917 0.68052048
v -1.88550290 0.71910821 0.67478059
v -1.88432946 0.72146773 0.67627117
v -2.00291028 -0.48816402 0.75064628
v -2.00259449 -0.48875640 0.74878065
v -1.99758365 -0.50295567 0.73344273
v -1.99711417 -0.50465396 0.73217636
v -1.99489978 -0.51048866 0.72654829
v -2.00678279 0.49199046 0.75174024
v -2.00640547 0.49395284 0.75221310
v -2.00648493 0.49511872 0.74717140
v -2.00446781 0.50277693 0.74563356
v -1.89119379 0.72548958 0.68311071
v -1.89425798 0.72484698 0.68695244
v -1.89582275 0.72327456 0.68462350
v -1.89763470 0.72301824 0.68750829
v -1.93190899 -0.67855606 0.68746266
v -1.95053876 -0.64873879 0.68944489
v -1.94819921 -0.65209998 0.68734050
v -1.92906161 0.68043819 0.68492935
v -1.95179906 0.64577260 0.68872833
v -1.98865664 0.53701702 0.73000026
v -1.98635928 0.54344804 0.72469539
v -1.98129751 0.55921460 0.71684425
v -1.91937550 0.68168797 0.67723189
v -1.90603963 0.69918948 0.67288161
v -1.89733154 0.70458817 0.67189759
v -2.03278158 0.37004819 0.73548959
v -2.03285281 0.37004870 0.73531229
v -2.03005738 0.38276875 0.73516728
v -2.03981260 0.33176087 0.73794606
v -1.98508334 -0.54710974 0.72204145
v -1.98397704 -0.55037376 0.71994322
v -1.98404482 -0.55029934 0.71974358
v -1.96279430 -0.61400117 0.70349740
v -1.96596157 -0.60554959 0.70539765
v -1.96876581 -0.64233632 0.74827467
v -1.96135459 -0.65722229 0.73903768
v -1.96207349 -0.65454177 0.74047994
v -1.98767212 0.53386991 0.71145362
v -1.98638994 0.54489786 0.71006849
v -1.98857074 0.54295233 0.71105343
v -1.91232207 0.69730045 0.67453959
v -1.92691997 0.68774844 0.68766683
v -1.90082832 0.71041698 0.67419952
v -1.92586307 0.68757031 0.68504206
v -1.98346952 -0.57035216 0.71402909
v -1.97912818 -0.58640643 0.71006609
v -2.01640678 0.46409855 0.74269890
v -2.01554257 0.46433129 0.73548244
v -2.01157906 0.47627997 0.73421352
v -2.00870398 0.48790013 0.73429419
v -1.95195977 -0.66921523 0.73103445
v -1.94124101 -0.68375250 0.72255037
v -1.94401947 -0.67893651 0.72249715
v -1.95195939 0.66921415 0.73103445
v -1.94829801 0.67339000 0.72670031
v -1.94401947 0.67893542 0.72249715
v -1.93647103 0.68558753 0.71356459
v -1.99499130 -0.52963079 0.74481573
v -1.97845319 -0.58533587 0.74628034
v -1.97682865 -0.59188905 0.74623547
v -1.98008016 -0.57913914 0.74592874
v -1.94368861 -0.65853726 0.68525037
v -1.93844047 -0.65771726 0.68275344
v -1.94212393 -0.65138682 0.68418396
v -1.96392715 -0.66446574 0.75163652
v -1.96463482 -0.62718125 0.69546736
v -1.96293327 -0.62873101 0.69123445
v -1.95272461 -0.64752002 0.69670074
v -1.95857920 -0.63696118 0.69891327
v -1.88550303 -0.71910929 0.67478033
v -1.88769221 -0.71794335 0.67325475
v -1.88516235 -0.71933982 0.67391164
v -1.96338990 -0.62457282 0.69933255
v -1.96213667 -0.62793742 0.69832859
v -1.96509039 -0.62097769 0.69951448
v -1.96446365 -0.61958540 0.69456618
v -1.98216039 0.57351081 0.71026349
v -1.98021999 0.57804732 0.70658217
v -1.97699446 0.58460070 0.70890426
v -1.97365794 0.59643310 0.70593485
v -2.00753151 -0.49071969 0.73653771
v -2.00757470 -0.49127312 0.73526889
v -2.01378044 -0.47401156 0.74598375
v -2.01046625 -0.48341215 0.73551499
v -1.97381635 -0.59447179 0.69967745
v -1.97318935 -0.59437852 0.69933705
v -1.97644278 -0.58508230 0.70143924
v -1.96160044 -0.61117000 0.69321410
v -1.95843368 -0.61878532 0.69171459
v -1.95848870 -0.61872973 0.69151667
v -2.00103773 0.51748244 0.75624318
v -1.99858532 0.52947423 0.75680523
v -1.99618593 0.52608857 0.75529924
v -1.99828327 0.52610165 0.75467129
v -1.99470716 0.53665495 0.75551943
v -2.00234616 0.52244542 0.74378597
v -2.00278328 0.52066939 0.74335930
v -2.00093011 0.52603377 0.74423706
v -2.00018697 0.52643541 0.74384920
v -1.92683062 0.68223557 0.68967616
v -1.93076210 0.67473666 0.69106047
v -1.98985740 0.57678217 0.75776031
v -1.98620879 0.59154473 0.75814695
v -1.99030582 0.57681306 0.75753680
v -1.97256644 0.63292370 0.75886910
v -1.97231930 0.63931232 0.75801797
v -1.97202970 0.58835564 0.70927641
v -1.97527635 0.57860328 0.71154821
v -1.97971050 0.57623508 0.71299612
v -1.97706581 0.58083835 0.71201293
v -1.96927039 0.60643723 0.70614974
v -2.00938133 -0.49645386 0.75044615
v -2.00160423 -0.52360670 0.73960330
v -1.89833432 -0.70955779 0.67399857
v -1.90274510 -0.70496913 0.67447481
v -1.91990328 -0.68449047 0.67814424
v -1.91320934 -0.69403599 0.67653801
v -1.99758326 0.50295458 0.73344267
v -1.99489914 0.51048811 0.72654752
v -1.99711378 0.50465287 0.73217636
v -2.00070470 0.49447581 0.74139676
v -2.00224998 0.49013079 0.74643702
v -1.91875489 0.68274538 0.67685597
v -1.92464074 0.67583230 0.67857701
v -1.94193515 0.65147483 0.68446185
v -1.93805460 0.65775122 0.68286085
v -1.93800418 0.65782359 0.68308181
v -1.95986778 0.63239499 0.68927324
v -1.95721825 0.63875326 0.68807651
v -1.95666975 0.63870814 0.68786729
v -1.97939138 0.58485114 0.70017026
v -1.97437511 0.59390716 0.69752883
v -1.92378271 -0.69005933 0.69898635
v -1.92382547 -0.68874414 0.70154289
v -1.91990918 -0.69012175 0.69472785
v -1.92143365 -0.69010815 0.69473825
v -1.91990957 0.69012066 0.69472772
v -1.92143327 0.69010707 0.69473825
v -1.92378271 0.69005824 0.69898635
v -1.92579031 0.68878345 0.70152751
v -1.99528118 0.52740220 0.71821273
v -1.99418024 0.52775118 0.71636698
v -1.93094873 0.70136998 0.72132763
v -1.94384400 0.69016867 0.73355420
v -1.94478559 0.68813629 0.73663456
v -1.98926909 -0.53552210 0.73197111
v -1.98774449 -0.53977799 0.72830035
v -1.98867847 -0.53695632 0.73005017
v -1.99620840 -0.52880815 0.73571986
v -1.99453892 -0.52788483 0.73786921
v -2.00656042 -0.48936110 0.75384132
v -2.00541417 -0.48732898 0.75084981
v -2.00385384 -0.48743228 0.75247050
v -1.99189769 0.53062320 0.74361274
v -1.99262386 0.52690863 0.74207857
v -1.99243035 0.52753690 0.74187147
v -2.00905143 0.49377519 0.74568194
v -2.00858488 0.49980219 0.75041604
v -2.00740582 0.50243899 0.74546602
v -2.00860620 -0.46949320 0.73457928
v -2.00861539 -0.46982753 0.73403379
v -2.01460872 -0.44653370 0.73430370
v -2.00453629 -0.49087334 0.73392584
v -2.00448032 -0.48868355 0.73376950
v -2.00871853 -0.49316636 0.74581143
v -2.00905143 -0.49377682 0.74568194
v -2.00322519 -0.51651884 0.73840424
v -2.04400365 -0.33800657 0.73596251
v -2.04254198 -0.34048219 0.73568916
v -2.04349803 -0.34365848 0.73634773
v -2.04266414 -0.34717492 0.73854669
v -1.90220938 0.70493613 0.67425794
v -1.89833394 0.70955670 0.67399857
v -1.90274498 0.70496804 0.67447507
v -1.91320895 0.69403491 0.67653807
v -1.88920398 0.71328235 0.67174020
v -1.88372672 0.72184658 0.67554557
v -1.88630005 0.72429629 0.67730069
v -1.96102322 0.62636062 0.69237943
v -1.95743473 0.63285617 0.69069853
v -1.95793906 0.63291846 0.69091093
v -1.96477663 0.62028046 0.69704033
v -1.96179944 0.62719383 0.69551714
v -1.94910307 0.63858030 0.68708311
v -1.95580259 0.62888169 0.69056357
v -1.95943621 0.62620241 0.69182615
v -1.99683845 0.52597535 0.74373094
v -1.99963133 0.52210667 0.74313643
v -2.00228980 0.51358910 0.74886018
v -1.92338777 -0.69106469 0.69287600
v -1.92329166 -0.69031092 0.69234924
v -1.92362877 0.69040518 0.69221885
v -1.90498132 0.70932362 0.68617938
v -1.89246557 0.72004768 0.67928953
v -1.97532958 -0.62038555 0.75934164
v -1.97193690 -0.62038446 0.75933481
v -1.97564295 -0.60634609 0.75938249
v -1.98305314 -0.57658566 0.75877164
v -1.98629725 -0.56223386 0.75826929
v -1.98673380 -0.56223386 0.75830223
v -1.98475006 0.55743880 0.70544488
v -1.98171976 0.56602658 0.70335731
v -1.99810814 0.52479007 0.71703661
v -1.99671464 0.52914347 0.71468168
v -1.99629762 0.52877139 0.71456227
v -1.99374586 -0.56275682 0.75707338
v -1.99963669 -0.52633173 0.75654985
v -1.99898009 -0.52609696 0.75670589
v -2.00103773 -0.51748352 0.75624318
v -1.94073796 0.69067452 0.73513125
v -1.95255434 0.67203588 0.74963722
v -1.94857028 0.67781087 0.74609136
v -1.94859183 0.68042297 0.74437655
v -1.96235967 0.65203335 0.75675587
v -1.97160872 0.63261141 0.75690406
v -1.96740906 0.64297034 0.75640293
v -1.96949249 0.63271519 0.75752755
v -1.98797170 -0.56155297 0.74529603
v -1.99231866 -0.52849845 0.74284406
v -1.99243073 -0.52753798 0.74187147
v -1.93076248 -0.67473774 0.69106079
v -1.93998013 -0.66089212 0.69298932
v -1.93701034 -0.66568354 0.69215388
v -1.93705105 -0.66562642 0.69195756
v -1.99072935 0.52233778 0.71689907
v -1.98936967 0.52674457 0.71427545
v -1.99782847 0.51268052 0.72357907
v -1.99446195 0.51268415 0.72358385
v -1.99271085 -0.53784968 0.71893855
v -1.99772099 -0.51938509 0.72220018
v -1.99418062 -0.52775227 0.71636698
v -1.93373177 -0.69432574 0.73112061
v -1.94413499 -0.68337844 0.74186311
v -2.00487481 0.48832380 0.74880395
v -2.00588570 0.49008889 0.74642943
v -2.00917556 0.48957539 0.75029609
v -1.97896390 -0.56831386 0.71491119
v -1.98180694 -0.55918473 0.71720274
v -1.98236705 -0.56327040 0.71615337
v -1.98127913 -0.55905587 0.71639742
v -2.03836769 0.36157518 0.74377556
v -2.03267275 0.37781648 0.74471380
v -2.03921337 0.36371044 0.74328418
v -2.04147321 0.35212172 0.74282881
v -2.00154231 -0.51400259 0.75385299
v -1.99922542 -0.51747459 0.75454933
v -1.99875849 -0.52930644 0.75028444
v -1.91310231 -0.70880147 0.69479988
v -1.90918647 -0.71363248 0.69424165
v -1.90042923 -0.72193204 0.69207940
v -1.90437197 -0.71984589 0.69409658
v -2.03921401 -0.36371153 0.74328393
v -2.04147321 -0.35212303 0.74282881
v -2.04012477 -0.35968451 0.74052926
v -2.03266226 -0.37786804 0.74471592
v -2.01044748 -0.47918872 0.74598031
v -2.00628740 -0.48071884 0.74585866
v -2.00799478 -0.47964460 0.74737968
v -1.93997975 0.66089104 0.69298938
v -1.93705067 0.66562534 0.69195756
v -1.93700957 0.66568246 0.69215362
v -1.95408455 0.63487456 0.69946291
v -1.96249025 0.65473403 0.74058672
v -1.95980077 0.65951502 0.73738180
v -1.96965039 0.62835968 0.74645093
v -1.96849635 0.63608656 0.74629623
v -1.91332722 0.71158827 0.70655058
v -1.91871570 0.70865074 0.70962641
v -1.91906826 0.70497551 0.70487386
v -1.90901057 0.71324208 0.69792760
v -1.91906864 -0.70497660 0.70487386
v -1.91302017 -0.70882951 0.69940758
v -1.91442171 -0.71132580 0.70636051
v -1.91653207 -0.70917849 0.71000661
v -1.89561382 -0.71234550 0.67238373
v -1.89375824 -0.71935239 0.67693575
v -2.03405663 0.36302138 0.74405235
v -2.03626413 0.35128175 0.74344151
v -2.03395809 0.36303472 0.74382731
v -2.04089319 0.32387748 0.74064461
v -2.04071512 0.32572116 0.73971879
v -2.04051051 0.32677806 0.73934090
v -2.00568312 0.48223628 0.74487254
v -2.00512187 0.48384755 0.74344342
v -2.00857579 0.47963058 0.74734697
v -2.00846936 0.48109919 0.74663940
v -1.99976191 0.49686309 0.73990413
v -2.04086102 -0.32314205 0.74168319
v -2.04078481 -0.32382406 0.74146836
v -2.03626413 -0.35128283 0.74344151
v -1.88275983 0.72579497 0.67871005
v -1.88344118 0.72711540 0.68242903
v -2.01244258 0.47246057 0.73608460
v -2.01646353 0.45401375 0.73530437
v -2.01004859 0.46488619 0.73485002
v -1.92184766 -0.69484725 0.68988026
v -1.92378951 -0.69188712 0.69451611
v -1.92396792 -0.69202022 0.69375940
v -1.92383330 0.69235135 0.69436013
v -1.92217246 0.69478635 0.69049092
v -1.90942912 0.70525263 0.68260276
v -1.92692240 -0.68774748 0.68766638
v -1.92586371 -0.68757197 0.68504270
v -1.90160510 -0.70980357 0.67465224
v -1.93838878 -0.66927765 0.68138923
v -1.93529386 -0.67226186 0.68034664
v -1.93605070 0.67948564 0.71688471
v -1.93246042 0.68260599 0.71271013
v -1.92604956 0.68698295 0.70468565
v -1.92356533 0.68876979 0.70155234
v -1.95728398 -0.66140277 0.73527048
v -1.93416825 -0.68047968 0.71432989
v -1.93253790 -0.68185148 0.71212679
v -2.01244230 0.47789728 0.74062781
v -2.01268281 0.47647804 0.74708291
v -2.01421379 0.47120036 0.74702145
v -1.93069866 -0.68039581 0.69081533
v -1.93192055 -0.67987911 0.69046562
v -1.92353776 -0.68439705 0.69172576
v -1.92526773 0.68227903 0.69132067
v -1.92353699 0.68439596 0.69172576
v -1.92721713 0.68231362 0.69130261
v -1.93069828 0.68039473 0.69081533
v -1.93192037 0.67987819 0.69046549
v -2.03974208 -0.33352558 0.73669290
v -2.03999737 -0.33140839 0.73738652
v -2.04087136 -0.33353110 0.73660508
v -2.04100564 -0.33140418 0.73729940
v -1.97466136 -0.57538937 0.70223001
v -1.97151988 -0.58472649 0.70009980
v -1.97140794 -0.58466675 0.69987553
v -1.98013938 -0.55743408 0.70569188
v -1.98111089 -0.55442790 0.70617884
v -2.00657607 -0.48448794 0.73485297
v -2.01004898 -0.46488728 0.73485002
v -2.01646405 -0.45401537 0.73530437
v -2.01244258 -0.47246219 0.73608409
v -2.00840427 -0.48706913 0.73519141
v -1.97331100 -0.63224201 0.75564523
v -1.97025364 -0.64232688 0.75486155
v -1.96938501 -0.64282629 0.75576662
v -1.97377901 -0.62636177 0.75694102
v -1.97049668 0.63771805 0.75633534
v -1.97331062 0.63224092 0.75564523
v -1.97025326 0.64232579 0.75486155
v -1.98929117 -0.52704489 0.71489785
v -1.99541463 -0.51505978 0.72171120
v -1.99446157 -0.51268578 0.72358385
v -1.89259526 -0.70936236 0.67145907
v -1.90604001 -0.69919056 0.67288161
v -1.90863006 -0.69336898 0.67421072
v -2.02595958 -0.42379985 0.74571997
v -2.02544619 -0.42374483 0.74591980
v -2.02960207 -0.40784674 0.74522222
v -2.01300716 -0.47647230 0.74678377
v -2.01248377 -0.47827633 0.74664681
v -2.04008494 0.35484021 0.73975773
v -2.03748863 0.36803366 0.73806649
v -2.04262520 0.33942838 0.74179935
v -2.04157622 0.34283645 0.74199222
v -2.03748889 -0.36803475 0.73806643
v -2.04008494 -0.35484130 0.73975773
v -2.04157660 -0.34283753 0.74199216
v -1.91038410 -0.71626654 0.70093278
v -1.91561583 -0.71303408 0.70439640
v -1.90959289 -0.71583213 0.70406376
v -1.98649205 -0.54963706 0.72130595
v -1.98862320 -0.54748291 0.72261841
v -1.98850947 -0.53853140 0.72974127
v -1.98972862 -0.53708323 0.73107638
v -1.93196056 0.68220142 0.68881474
v -1.95353151 0.64931512 0.69574807
v -1.94946877 0.65697571 0.69389662
v -1.99453956 0.52788374 0.73786902
v -1.98920692 0.53608693 0.73180166
v -1.98890964 0.53652654 0.73109789
v -1.96839788 -0.64512621 0.74568286
v -1.96992941 -0.64108660 0.74649245
v -1.96578146 -0.64377651 0.74517052
v -1.96555208 -0.64158283 0.74565570
v -1.94106435 0.66427868 0.69116626
v -1.94616965 0.65849584 0.69110470
v -1.94158999 0.66454801 0.68827665
v -1.94398819 -0.65834815 0.69273179
v -1.93776268 -0.66795250 0.69075246
v -1.94388033 -0.66152301 0.68969080
v -1.94451996 -0.66014387 0.68927509
v -2.00267152 -0.48862043 0.74878802
v -2.00209501 -0.49023039 0.74645547
v -2.00654983 -0.48832094 0.74880414
v -2.00320093 -0.48832882 0.74880376
v -1.99810852 -0.52479115 0.71703661
v -1.99650613 -0.52895826 0.71462223
v -1.99582065 -0.53380781 0.71332203
v -1.98949199 -0.55115012 0.71961867
v -1.99077082 -0.54854673 0.72090557
v -1.99150534 -0.55208821 0.71767251
v -1.99065123 -0.55382216 0.71740365
v -2.01149162 0.46794802 0.73396512
v -2.01107014 0.46490559 0.73387672
v -2.00512416 0.48283625 0.73404464
v -2.00877993 0.46964825 0.73387277
v -2.00055664 -0.50366980 0.73420727
v -2.00252709 -0.48976611 0.74872819
v -2.00557227 -0.49013457 0.74985874
v -1.98476244 0.54263590 0.71006819
v -1.98257460 0.54959927 0.70808025
v -1.98268004 0.54966475 0.70830375
v -1.97140730 0.58466567 0.69987578
v -1.95549505 0.64772860 0.69542998
v -1.95398920 0.65053422 0.69469562
v -1.97059256 0.61352401 0.70343459
v -1.96696626 0.62161949 0.70180725
v -2.00293237 0.49060921 0.73420209
v -2.00362803 0.48806259 0.73463736
v -2.00304827 0.49006161 0.73469927
v -2.00316149 0.49000557 0.73474835
v -1.96997920 0.65107084 0.75569086
v -1.96707565 0.65816836 0.75392833
v -1.98851221 -0.53641788 0.71064697
v -1.99171069 -0.53132279 0.71225623
v -1.99282324 -0.53171473 0.71234864
v -1.99131869 -0.53677130 0.71074746
v -2.00802618 -0.48787134 0.75235510
v -2.00872836 -0.48877472 0.75211602
v -2.01015954 -0.49270299 0.74938025
v -2.00736204 -0.50084397 0.74077321
v -2.00736204 0.50084234 0.74077372
v -2.01015802 0.49270418 0.74937136
v -2.00872785 0.48877364 0.75211583
v -2.00802580 0.48787026 0.75235510
v -1.95605272 0.67203230 0.74963919
v -1.95588359 0.66592977 0.75253547
v -2.01277312 0.47245506 0.74056840
v -2.01159987 0.47646126 0.73902804
v -2.01623901 0.46013696 0.74592204
v -2.01369580 0.46840639 0.74621122
v -2.01623939 -0.46013804 0.74592210
v -2.01310442 -0.47244962 0.74505220
v -1.97217393 0.59896347 0.69866736
v -1.97104861 0.60426528 0.70064890
v -1.96755317 0.61201042 0.69627216
v -1.97474369 -0.58916424 0.69822067
v -1.97563657 -0.58446922 0.69912165
v -1.96346980 -0.62593627 0.69093416
v -1.96651682 -0.61900379 0.69249054
v -1.99825371 0.52817284 0.74350075
v -1.99769202 0.52949297 0.74369386
v -1.99231841 0.52849736 0.74284425
v -1.99195347 0.53066829 0.74337462
v -1.91153911 0.71567179 0.70047441
v -1.90381174 0.72018729 0.69480209
v -1.97745417 -0.59849900 0.74624511
v -1.97376542 -0.60511317 0.74635271
v -1.96736107 -0.63604571 0.74622877
v -1.96757296 -0.62835553 0.74644047
v -1.99132116 0.54353905 0.72509261
v -1.99078296 0.54663975 0.72254054
v -1.99795613 0.53202730 0.73282214
v -1.99704320 0.53255830 0.73313721
v -2.00303746 0.49475050 0.75480661
v -1.99723888 0.51742685 0.75626718
v -1.99980452 0.52122697 0.75648104
v -1.92112475 -0.68788534 0.69306795
v -1.92264067 -0.68787857 0.69308448
v -1.92281222 -0.69159733 0.69362646
v -1.92284681 -0.69242421 0.69515144
v -1.92318431 -0.69257669 0.69510070
v -1.92112411 0.68788425 0.69306769
v -1.92038339 0.68917743 0.69388590
v -1.99212362 -0.52773341 0.73964067
v -1.99177821 -0.52867083 0.73810051
v -2.01513507 -0.44416263 0.73494109
v -2.03278197 -0.37004953 0.73548933
v -2.02998232 -0.38276875 0.73536405
v -2.03005776 -0.38276983 0.73516728
v -1.93961060 0.67533659 0.72049637
v -1.94131045 0.67362544 0.72281259
v -1.95597645 0.66392076 0.73346615
v -1.98648285 -0.55687317 0.71530309
v -1.98485652 -0.55556924 0.71645410
v -1.98876693 -0.55186612 0.71605591
v -2.03999737 0.33140705 0.73738652
v -2.04304567 0.33594146 0.73617051
v -2.04062551 0.33565407 0.73606144
v -1.96876542 0.64233524 0.74827467
v -1.96522288 0.64374585 0.74513896
v -1.95978315 -0.62179456 0.70242569
v -1.96099694 -0.66298584 0.75381238
v -1.96568393 -0.65595113 0.75568032
v -1.97060534 -0.64768103 0.75669455
v -2.00329092 -0.48935589 0.73767660
v -2.00289248 -0.49054823 0.73636641
v -2.00512378 -0.48283886 0.73404509
v -1.98037591 0.56337411 0.71610588
v -1.98173738 0.55960276 0.71708397
v -1.97626688 0.57723958 0.71284084
v -2.02488404 0.42673655 0.73514009
v -2.01947609 0.44834990 0.73486195
v -2.02335957 0.43230798 0.73489993
v -2.01822619 0.45387461 0.73560300
v -2.02140149 0.44109933 0.73529282
v -1.97325841 -0.63059047 0.75261952
v -1.97063019 -0.63661220 0.74888481
v -1.97285735 -0.62876214 0.74912932
v -1.97012867 0.63656606 0.74867777
v -1.97062981 0.63661054 0.74888481
v -2.00743225 -0.49795622 0.74071079
v -2.00329641 -0.49737403 0.73811487
v -1.92491428 -0.68138251 0.67744678
v -1.93188461 -0.67525120 0.67936944
v -2.00066079 0.52295296 0.75319284
v -1.99685479 0.53565881 0.74737604
v -2.00154193 0.51400123 0.75385299
v -1.99922504 0.51747350 0.75454933
v -1.88824256 -0.72545907 0.67985449
v -1.88922172 -0.72637710 0.68273187
v -1.88700057 -0.72714476 0.68242309
v -1.95911378 -0.64072035 0.69576785
v -1.94656663 -0.65137055 0.68424383
v -1.95064349 -0.64497986 0.68574213
v -1.98797106 0.56155166 0.74529619
v -1.98644710 0.55511642 0.74495934
v -1.97376503 0.60511208 0.74635271
v -1.97046859 0.61765757 0.74647187
v -2.04603142 0.32487018 0.74166915
v -2.04574912 0.32702471 0.74027042
v -2.04454793 0.33227740 0.74242564
v -2.03960639 0.35952763 0.74351528
v -2.04369832 0.33883288 0.74259043
v -2.04148776 -0.35359548 0.73585957
v -2.03886465 -0.36560968 0.73566944
v -2.03813911 -0.36963609 0.73576058
v -2.01822657 -0.45387650 0.73560255
v -2.02140162 -0.44110067 0.73529308
v -2.03686942 0.35044545 0.73566823
v -2.03516727 0.35912597 0.73542123
v -2.03509298 0.35912753 0.73561870
v -2.03824059 0.34452663 0.73644680
v -2.03799717 0.34489422 0.73641482
v -2.03374096 0.36573987 0.73622144
v -1.95555158 -0.62592057 0.69083856
v -1.95245784 -0.63246845 0.68937447
v -1.95543185 -0.62585661 0.69061620
v -1.93999532 -0.65461411 0.68366109
v -1.94198723 -0.65141299 0.68426508
v -2.03950260 -0.33691085 0.73682159
v -2.03958571 -0.33367467 0.73729762
v -2.03911917 -0.33753786 0.73646129
v -1.97510633 0.60632037 0.75906108
v -1.98192833 0.57914954 0.75863430
v -1.97503472 0.60628425 0.75858260
v -1.98415294 0.56987592 0.75823266
v -1.99101744 0.54119536 0.75661673
v -1.98153602 0.58020357 0.75803436
v -2.01436658 0.45096044 0.74655592
v -2.01737594 0.43843244 0.74600756
v -2.02574743 0.40760986 0.74586281
v -2.02621557 0.41333933 0.74587085
v -1.96069894 -0.66815229 0.75079860
v -1.94856938 -0.68316093 0.74177331
v -1.95298462 -0.67760987 0.74600901
v -1.95781365 -0.66701450 0.74357196
v -1.96097651 -0.66015069 0.74412243
v -1.95511427 0.66453863 0.73507710
v -1.95558413 0.66466902 0.73524700
v -1.95960674 0.66440498 0.74528981
v -1.95371559 0.67298198 0.74002300
v -1.95698599 -0.66813976 0.74942309
v -1.95609778 -0.66594241 0.75256100
v -2.03960678 -0.35952923 0.74351528
v -2.04454767 -0.33228060 0.74242564
v -2.04369870 -0.33883422 0.74259062
v -2.04575100 -0.32701328 0.74027742
v -2.04603180 -0.32487152 0.74166915
v -2.00658545 0.51012809 0.75411495
v -1.99662274 0.54517027 0.75700544
v -1.93931555 0.66611400 0.68528675
v -1.93816782 0.66801690 0.68529690
v -1.93720972 0.66777007 0.68314582
v -1.94266821 -0.66202025 0.68727285
v -1.93596403 -0.67020978 0.68330098
v -1.93721010 -0.66777115 0.68314582
v -1.94131083 -0.67362678 0.72281237
v -1.93961073 -0.67533768 0.72049643
v -1.94783951 -0.67324429 0.72654554
v -1.95149616 -0.66907597 0.73087234
v -1.96346929 0.62593518 0.69093442
v -1.96294416 0.62587857 0.69073095
v -1.96712429 0.61923119 0.69330575
v -1.96888284 0.61531726 0.69463632
v -2.00298738 0.49090212 0.73550222
v -2.00510515 0.49046567 0.73565642
v -2.01110550 0.47923324 0.74529645
v -2.00941177 0.48426205 0.74082669
v -1.92375175 -0.69123861 0.69617732
v -1.92437103 -0.69187917 0.69661891
v -1.92170088 -0.69061165 0.69644643
v -1.92045589 0.69062626 0.69713007
v -1.92142650 0.69061369 0.69576209
v -1.92437064 0.69187808 0.69661898
v -1.92375118 0.69123753 0.69617732
v -1.94239467 0.69205474 0.73040318
v -1.93902210 0.69498374 0.72789688
v -1.94600410 0.68446987 0.72825274
v -1.93962938 -0.67253057 0.69032160
v -1.93719217 -0.67601089 0.68938210
v -1.99230462 -0.51787549 0.72053096
v -2.00301725 0.48781055 0.75073216
v -2.00274805 0.48848334 0.74879540
v -2.00209463 0.49022930 0.74645547
v -2.00192946 0.49054420 0.74637390
v -1.99777818 0.50396014 0.73140079
v -2.00387911 0.50660112 0.73128374
v -1.99721871 -0.51742793 0.75626660
v -1.99970659 -0.52101801 0.75647547
v -2.00550062 -0.49481608 0.75478276
v -1.98129777 0.55900998 0.71633730
v -1.98485767 0.55556758 0.71645359
v -1.98394436 0.55860101 0.71552133
v -1.98674605 0.56502157 0.71472125
v -1.98562290 0.56621518 0.71474250
v -1.98305391 0.57987948 0.70964135
v -1.90114546 -0.70322026 0.67371481
v -1.90635159 -0.69961971 0.67488538
v -1.90214811 -0.69927130 0.67322012
v -1.90801392 -0.69345335 0.67430868
v -1.98381359 0.55099542 0.71991322
v -1.98604085 0.55245681 0.71968273
v -1.98667393 0.55336359 0.71916548
v -1.96921674 -0.65317360 0.75274900
v -1.96759938 -0.65766065 0.75323247
v -1.96655882 -0.65836385 0.75411591
v -1.96997958 -0.65107192 0.75569086
v -1.96707604 -0.65816945 0.75392833
v -1.98399427 -0.56535536 0.71305790
v -1.98326823 -0.55574316 0.71689626
v -1.98131717 -0.55896627 0.71627731
v -1.97862041 -0.56798581 0.71418022
v -1.97867274 -0.56797483 0.71395633
v -1.90115199 0.70322593 0.67371751
v -1.90635108 0.69961862 0.67488545
v -1.90214721 0.69927066 0.67322089
v -1.90801354 0.69345169 0.67430868
v -1.98707001 0.55611355 0.71176189
v -1.98755877 0.55005618 0.70963637
v -2.00701726 0.49114397 0.73609170
v -2.01058509 0.48380141 0.74334271
v -2.00889059 0.48873435 0.73813280
v -2.00886609 0.48892298 0.73748896
v -2.01044697 0.47918712 0.74598031
v -2.00628701 0.48071775 0.74585866
v -2.01312408 0.45681531 0.74734898
v -2.00959137 0.47011145 0.74744842
v -1.98588853 -0.53817878 0.71052044
v -1.98291861 -0.54834985 0.70808500
v -1.98929117 0.52704380 0.71489785
v -2.02800127 -0.39155464 0.74458138
v -2.03115717 -0.37657798 0.74398464
v -2.01436696 -0.45096152 0.74655592
v -2.01737645 -0.43843378 0.74600749
v -1.99080683 0.52268571 0.71752625
v -1.98938282 0.52714442 0.71510725
v -1.98644519 0.53645793 0.71076073
v -2.00678330 -0.49199157 0.75174024
v -2.00315728 -0.48791328 0.75227277
v -2.00319136 -0.48750507 0.75080683
v -1.92908414 -0.68470911 0.70829316
v -1.92340092 -0.68884472 0.70157793
v -1.92356571 -0.68877088 0.70155234
v -1.90136704 0.70754935 0.67278351
v -1.89816677 0.71138567 0.67308505
v -1.90946148 0.69997178 0.67398679
v -1.91102558 0.69771645 0.67412341
v -1.96156061 -0.64582979 0.74458540
v -1.95679880 -0.65397170 0.74025688
v -1.96319677 -0.64179447 0.74641628
v -2.01009618 -0.48295919 0.74482204
v -2.01058509 -0.48380249 0.74334341
v -2.00886672 -0.48892356 0.73748921
v -2.00889136 -0.48873490 0.73813440
v -2.00569028 -0.49133470 0.73630346
v -2.00285859 -0.49060717 0.73640072
v -1.98902999 0.56080032 0.71410669
v -1.99175699 0.54799343 0.70983288
v -1.98985945 0.55065560 0.70797871
v -1.98644072 0.56256896 0.70521786
v -2.00298777 -0.49090321 0.73550222
v -2.00528079 -0.48994274 0.73649869
v -2.01110601 -0.47923381 0.74529670
v -2.00994443 -0.48260412 0.74066994
v -1.99300796 0.52797914 0.74146714
v -1.99274155 0.52798592 0.74172404
v -1.99586060 0.52837636 0.74268052
v -1.99493450 0.52838156 0.74243177
v -2.00261147 0.49165507 0.73488286
v -2.00260368 0.49179184 0.73442432
v -2.00361667 0.48838483 0.73908357
v -2.00485337 0.48497914 0.74286870
v -1.92005330 0.70655187 0.71342396
v -1.90609592 0.71583583 0.70405942
v -1.90959251 0.71583053 0.70406376
v -1.99760075 0.51886889 0.72209347
v -1.99921278 0.51423938 0.72573353
v -1.99618070 0.52395846 0.71907491
v -1.99394116 0.53159468 0.71593637
v -1.94959809 -0.65626673 0.68961159
v -1.95935054 -0.64024911 0.69709693
v -1.95634298 -0.64567527 0.69607476
v -1.93592816 0.67891238 0.71638013
v -1.93253752 0.68185040 0.71212705
v -1.92424338 0.68600155 0.67771407
v -1.91869821 0.69162981 0.67628138
v -1.92382253 0.68606071 0.67736036
v -1.93838839 0.66927657 0.68138923
v -1.93530020 0.67225242 0.68034851
v -2.00485381 -0.48498074 0.74286857
v -2.00361693 -0.48838646 0.73908331
v -2.00643266 -0.48011174 0.74639729
v -2.03893319 -0.34050759 0.73652996
v -2.04288062 -0.34049952 0.73675819
v -2.04234528 -0.34317463 0.73924095
v -2.04251658 -0.34349886 0.73723992
v -2.04288062 0.34049814 0.73675819
v -2.03893281 0.34050625 0.73652996
v -2.04251632 0.34349749 0.73723999
v -2.04165931 0.34716602 0.73870523
v -1.99394180 -0.53159576 0.71593656
v -1.99618070 -0.52396008 0.71907491
v -1.99921317 -0.51424047 0.72573353
v -1.97731025 -0.62028860 0.75888454
v -1.98249993 -0.60625023 0.75836790
v -1.97894309 -0.62016759 0.75830497
v -1.97898853 -0.60634661 0.75938855
v -1.99123087 -0.53390870 0.74456344
v -1.99111675 -0.53411775 0.74410954
v -1.99113271 -0.53512123 0.74390033
v -1.99134115 -0.53332395 0.74382214
v -2.04165172 0.33781043 0.73579504
v -2.04326721 0.34413995 0.73829473
v -2.04347660 0.34380243 0.73638023
v -1.95688164 0.62866098 0.70086937
v -1.95978289 0.62179296 0.70242569
v -1.96909398 0.59699218 0.70802632
v -1.99300919 -0.52798056 0.74146793
v -1.99398698 -0.52812113 0.74080410
v -1.99028157 -0.53412668 0.73374716
v -1.99278916 -0.53282444 0.73497896
v -1.95143387 0.64329054 0.69791585
v -1.93826547 0.66483936 0.69314856
v -1.94012616 0.66500077 0.69310707
v -1.94249015 0.65665296 0.69412900
v -1.94139546 0.65878093 0.69412791
v -1.98170495 -0.58364757 0.70975661
v -1.97724401 -0.59663956 0.70681592
v -1.97852697 -0.59202206 0.70816807
v -1.98923604 -0.55962844 0.71277101
v -1.98845854 -0.56272331 0.71366256
v -1.95875190 -0.62560458 0.70189430
v -1.96368717 -0.61455803 0.70442208
v -1.94524384 -0.65270725 0.69579317
v -1.95080956 -0.64235100 0.69809398
v -2.00223287 0.49240234 0.75359288
v -2.00222751 0.49260092 0.75341616
v -2.00319136 0.48750398 0.75080683
v -2.00315690 0.48791219 0.75227277
v -1.99562518 0.52203749 0.75617617
v -1.99894951 0.50771982 0.75543142
v -1.99543627 -0.52581506 0.74115046
v -1.99739499 -0.52576055 0.73954347
v -2.00192895 -0.51206801 0.74268246
v -1.89479989 0.72255664 0.69111718
v -1.89479989 -0.72255773 0.69111708
v -1.95543121 0.62585553 0.69061607
v -1.96809758 0.59383564 0.69731183
v -1.96815630 0.59378267 0.69711398
v -1.96485182 0.60276456 0.69509732
v -1.96332320 0.63197455 0.69764613
v -1.96418602 0.62631920 0.69230935
v -1.96135135 0.63614206 0.69803447
v -1.95938171 0.64030262 0.69696323
v -2.00293275 -0.49061084 0.73420209
v -2.00287952 -0.49088696 0.73498220
v -2.00316187 -0.49000666 0.73474841
v -2.00678458 -0.49005072 0.73522443
v -1.95799790 0.66797861 0.74913637
v -1.95474308 0.67119227 0.74812079
v -1.96491921 0.65181539 0.74577958
v -1.95781294 0.66701342 0.74357199
v -1.95960751 -0.66440550 0.74528975
v -1.95677008 -0.67087322 0.74754658
v -2.00667569 -0.47939780 0.74671101
v -2.00668667 -0.47933701 0.74654278
v -2.01213955 -0.46005890 0.74662555
v -2.01130590 -0.46324545 0.74687382
v -1.88396720 -0.72157202 0.67607415
v -1.88415803 -0.72149817 0.67621545
v -1.97973003 0.61999093 0.75723677
v -1.97886000 0.61816267 0.74917080
v -1.98296226 0.60622872 0.75814139
v -1.98249955 0.60624915 0.75836790
v -1.97894309 0.62016593 0.75830452
v -1.97973041 -0.61999202 0.75723677
v -1.97886038 -0.61816375 0.74917080
v -1.98296290 -0.60622981 0.75814120
v -2.00671118 0.49152203 0.74863456
v -2.00710458 0.49181600 0.74861886
v -2.00697911 0.49087015 0.74998556
v -2.00743991 0.49207585 0.75065034
v -2.00738476 0.49195063 0.74971457
v -1.96471887 0.61884499 0.69193158
v -1.97144546 0.58603543 0.69873821
v -2.02081854 0.42360723 0.74570963
v -2.02445975 0.40760543 0.74516631
v -2.02447966 0.40760622 0.74499074
v -2.02800088 0.39155355 0.74458138
v -2.03115717 0.37657664 0.74398464
v -2.03117900 0.37657900 0.74380976
v -1.90609630 -0.71583742 0.70405936
v -1.91392211 -0.71057276 0.71101443
v -1.89849464 -0.71958037 0.69708839
v -1.90603363 -0.71493561 0.70358535
v -1.97193651 0.62038338 0.75933481
v -1.97532907 0.62038446 0.75934164
v -1.97730911 0.62028751 0.75888505
v -1.91571361 0.70660822 0.69648744
v -1.90809939 0.71377720 0.69271823
v -1.91561545 0.71303299 0.70439640
v -2.00870436 -0.48790121 0.73429419
v -2.01157944 -0.47628106 0.73421352
v -2.00743340 -0.49122283 0.73460507
v -2.00731162 -0.49031789 0.73421932
v -1.99195806 0.54046389 0.74425269
v -1.99681969 0.52873421 0.74312060
v -1.99653555 0.53010968 0.74349454
v -1.96532959 -0.64335506 0.75808127
v -1.96740996 -0.64297187 0.75640267
v -1.98303221 0.57658457 0.75877049
v -1.98789818 0.56999105 0.75858522
v -1.99325596 0.53267101 0.75695889
v -1.98696802 0.55886402 0.75807872
v -1.98954544 0.54880174 0.75774671
v -2.00446845 -0.50277802 0.74563356
v -2.00599305 -0.49651258 0.74522682
v -2.00640585 -0.49395393 0.75221310
v -2.00499065 -0.49113744 0.75225267
v -1.96124223 0.66937566 0.74811563
v -1.97447232 -0.59619734 0.70511728
v -1.97567499 -0.58999898 0.70122139
v -1.97693817 -0.58513936 0.70165426
v -1.97957404 -0.57574620 0.70357022
v -1.98006752 -0.57580332 0.70378537
v -2.01447354 -0.46876865 0.74713485
v -2.01535047 -0.46677627 0.74697345
v -2.00910633 -0.47794349 0.74766650
v -2.00942351 -0.47617102 0.74775330
v -1.98587334 -0.55826779 0.70814803
v -1.98871772 -0.54831551 0.71043853
v -1.99479562 -0.52830354 0.71671609
v -1.97431442 -0.60171819 0.74706331
v -1.97336295 -0.60513410 0.74667017
v -1.97526116 -0.61791440 0.74896599
v -1.94213835 -0.69226610 0.73039493
v -1.94296780 -0.69123839 0.72995578
v -2.04254862 -0.33379099 0.73666067
v -1.95657440 -0.63974991 0.69528898
v -1.95519188 -0.63941401 0.69016893
v -1.96142837 -0.62653313 0.69300502
v -1.95588276 0.63958088 0.69272902
v -1.95053838 0.64873745 0.68944509
v -1.96446327 0.61958432 0.69456618
v -1.96142799 0.62653205 0.69300495
v -2.04604048 0.32376097 0.74198938
v -2.04297980 0.32107538 0.74210027
v -2.04214858 0.32380804 0.74061474
v -2.00453572 0.49087225 0.73392580
v -2.00389366 0.49096237 0.73387826
v -1.90361922 0.71392377 0.69044918
v -1.89605572 0.72132464 0.68733967
v -1.89250399 0.72420043 0.68633472
v -1.89312997 0.72397398 0.68633817
v -1.89313035 -0.72397558 0.68633817
v -1.89804188 -0.72161395 0.69096882
v -1.90187622 -0.71661635 0.69093209
v -1.90361960 -0.71392485 0.69044918
v -2.00329054 0.48935477 0.73767660
v -2.00289210 0.49054687 0.73636609
v -2.00313979 0.49039282 0.73635789
v -2.00560105 0.48899111 0.73761948
v -1.98615301 -0.54438866 0.72476968
v -1.98920731 -0.53608802 0.73180185
v -1.98834366 -0.53849049 0.72969149
v -2.03925371 0.33462362 0.74273652
v -2.03999380 0.32980858 0.74243649
v -2.03911177 0.33507686 0.74225696
v -2.04377708 0.33034674 0.74157903
v -2.03931689 0.33535168 0.74197512
v -1.94672670 0.66762656 0.72919533
v -1.94682166 0.66749234 0.72904005
v -1.95679855 0.65397062 0.74025682
v -1.95366166 0.65860957 0.73712842
v -1.95519398 -0.65634278 0.73878414
v -1.95686173 -0.65395074 0.74021980
v -1.94682205 -0.66749400 0.72904005
v -1.92928792 -0.67003899 0.68025759
v -1.92452509 -0.67585904 0.67865284
v -1.94193527 -0.65147592 0.68446185
v -1.93800444 -0.65782519 0.68308187
v -1.93805537 -0.65775230 0.68286034
v -1.95002435 0.65719398 0.69213868
v -1.94660052 0.66186275 0.68980970
v -1.93718991 0.67601217 0.68938152
v -1.99239404 0.53746741 0.71095756
v -1.99190394 0.53133636 0.71225993
v -1.99019617 0.53641549 0.71064375
v -1.95637298 -0.66414038 0.73356508
v -1.96081597 -0.66268659 0.73854179
v -1.95769653 -0.66674989 0.73502400
v -1.95914375 0.66511810 0.73693183
v -1.96126945 0.66194794 0.73889765
v -1.96320481 0.64160217 0.74575967
v -1.96143820 0.64585863 0.74466505
v -1.96226221 0.64379563 0.74540823
v -1.95940877 0.64969323 0.74288625
v -2.00337032 -0.48756375 0.75241650
v -1.99722113 -0.51506104 0.75512801
v -2.00010624 -0.50219351 0.75439545
v -2.02752438 0.39941957 0.73486291
v -2.01267783 0.45452832 0.73403405
v -2.01538493 0.44348247 0.73434422
v -2.00462289 0.49274002 0.74615749
v -2.00501145 0.49647221 0.74271999
v -1.99840161 0.50707195 0.73058446
v -2.00064764 0.50531203 0.73291236
v -2.00325155 -0.49240356 0.74590755
v -2.00504017 -0.49237352 0.74675829
v -1.99976230 -0.49686418 0.73990433
v -1.91514891 -0.69453247 0.67517878
v -1.91729399 -0.69195263 0.67557550
v -1.91294626 -0.69712711 0.67482437
v -1.91325274 -0.69707408 0.67507321
v -1.91841510 -0.69166281 0.67603872
v -2.01258159 0.47786709 0.74676062
v -2.01242918 0.47849229 0.74637065
v -2.01052599 0.48098865 0.74632597
v -2.00895013 0.47759044 0.74772628
v -2.01023189 0.47810664 0.74745621
v -2.00804660 0.47611438 0.74777213
v -2.01121782 0.46466977 0.74758691
v -2.00987117 0.46946381 0.74763504
v -1.93146913 0.67223456 0.67940754
v -1.93921822 0.68884574 0.73689381
v -1.93331462 0.69376762 0.73050529
v -1.92730534 0.69922401 0.72417951
v -1.97141425 -0.64328156 0.74754891
v -1.96842627 -0.64688254 0.74541101
v -1.97046898 -0.61765866 0.74647187
v -1.97655293 -0.61781164 0.74719766
v -1.99698009 -0.53903271 0.74509669
v -1.99784175 -0.53317879 0.74451577
v -1.99150416 -0.53421211 0.74380517
v -1.99348138 -0.53417646 0.74381251
v -1.99193930 -0.53236240 0.74357840
v -1.99067676 -0.55155218 0.70888792
v -1.98889834 -0.55456547 0.70712747
v -1.98753937 -0.55832746 0.70612357
v -2.00377240 0.48932487 0.75169250
v -2.00518965 0.48996575 0.75142936
v -2.00499026 0.49113635 0.75225267
v -2.00337032 0.48756267 0.75241650
v -1.97128361 -0.59216777 0.70944605
v -1.97471012 -0.58096204 0.71189837
v -1.92644935 -0.67986398 0.69018004
v -1.92850839 -0.67734196 0.69040539
v -1.92399498 -0.68333938 0.69136688
v -1.92494709 -0.68227852 0.69126368
v -1.92850775 0.67734088 0.69040559
v -1.92644896 0.67986289 0.69018004
v -1.92399454 0.68333829 0.69136688
v -1.94738675 -0.64794337 0.69605510
v -1.94615216 -0.65025652 0.69533742
v -1.94870750 -0.64551176 0.69638602
v -1.88706785 0.71787727 0.67298672
v -1.89500099 0.71690058 0.67540133
v -1.95564119 0.66580564 0.75226958
v -1.96394126 0.65505321 0.75390000
v -1.96145084 0.65880289 0.75330804
v -1.93299487 0.68941427 0.70595623
v -1.92810388 0.69277728 0.70057841
v -1.93135437 0.69008447 0.70420130
v -1.92336228 0.70223488 0.70408948
v -1.92043368 0.70380685 0.70104106
v -1.92387576 -0.70137259 0.70398155
v -1.91645319 -0.70843546 0.69984706
v -1.93299551 -0.68941536 0.70595642
v -1.93135527 -0.69008556 0.70420174
v -1.92810427 -0.69277836 0.70057841
v -1.99565276 0.52567356 0.74248531
v -1.95378925 0.67386889 0.74609088
v -1.94808956 0.67737234 0.74541516
v -1.94375128 0.68277423 0.74105071
v -1.94367623 0.68289785 0.74121639
v -1.96723534 0.62847290 0.74722574
v -1.97006485 0.61769006 0.74678849
v -1.96718122 0.62839063 0.74668063
v -1.96331203 0.64185842 0.74663870
v -1.96319639 0.64179339 0.74641564
v -1.96152640 0.64618241 0.74552685
v -1.97510659 -0.60632203 0.75906101
v -1.97503510 -0.60628534 0.75858202
v -1.98192910 -0.57914903 0.75863430
v -1.98430879 -0.56892643 0.75770599
v -1.98598669 -0.56222811 0.75729638
v -1.98923564 -0.54880915 0.75677418
v -1.88661968 0.72666514 0.68039547
v -1.88825675 0.72498700 0.67909564
v -1.89384278 0.72257667 0.68066293
v -2.02081854 -0.42360832 0.74570963
v -2.02447966 -0.40760731 0.74499074
v -2.02446026 -0.40760677 0.74516599
v -1.98965604 -0.54310149 0.72593264
v -1.98973589 -0.54428597 0.72493900
v -1.99518238 -0.53661462 0.72984147
v -2.01930096 -0.45113235 0.74660270
v -2.02198534 -0.43855877 0.74636267
v -2.02249465 -0.43860645 0.74615250
v -2.02283772 -0.43686128 0.74108019
v -2.02177473 -0.44043653 0.73818469
v -2.00426754 -0.49204921 0.73424587
v -2.00257745 -0.49193074 0.73471347
v -1.89610603 -0.71642146 0.67570825
v -1.89674743 -0.71414753 0.67417459
v -1.89020357 -0.71654586 0.67259779
v -1.99105791 -0.53059183 0.73675723
v -1.99153939 -0.52919325 0.73777980
v -1.99163695 -0.52994891 0.73808121
v -1.99282975 -0.53097802 0.73698189
v -1.96905817 0.64501167 0.74596395
v -1.96766155 0.64657855 0.74514436
v -1.97141408 0.64328000 0.74754906
v -1.93818008 -0.69272124 0.72934927
v -1.94114745 -0.68780409 0.73563670
v -1.94612204 -0.68054854 0.73039852
v -1.94563035 -0.67943847 0.72752822
v -1.93817982 0.69271965 0.72934908
v -1.94365185 0.68730730 0.73503976
v -1.94839042 0.67815570 0.73290566
v -1.94385251 0.68293876 0.72789144
v -1.94809007 -0.67737343 0.74541560
v -1.94367636 -0.68289894 0.74121684
v -1.94375167 -0.68277582 0.74105071
v -1.93608057 -0.69316353 0.72983758
v -1.96522352 -0.64374693 0.74513896
v -1.96379389 -0.64583400 0.74456370
v -1.96320519 -0.64160377 0.74575967
v -1.96143858 -0.64585972 0.74466505
v -1.99712546 -0.51507154 0.72171225
v -1.99300041 -0.51743795 0.71984334
v -2.04442322 0.33001164 0.73989833
v -2.04346256 0.33805865 0.73701642
v -2.04325813 0.33317907 0.74166328
v -2.04352625 -0.33771471 0.73731300
v -2.04325852 -0.33318043 0.74166328
v -2.03931728 -0.33535305 0.74197537
v -1.97013033 0.61773831 0.74726174
v -1.97336244 0.60513302 0.74667017
v -1.97431518 0.60171340 0.74706338
v -1.97845281 0.58533478 0.74628034
v -1.99402872 -0.51329312 0.72442491
v -1.99238746 -0.51799962 0.72072677
v -1.99505567 -0.51825216 0.72139652
v -1.99730610 -0.51184618 0.72652841
v -2.00856280 0.48866313 0.75052065
v -2.00699825 0.48732789 0.75084972
v -1.94870711 0.64551010 0.69638558
v -1.94615178 0.65025544 0.69533710
v -1.94841404 0.64773081 0.69559934
v -1.94748823 0.65204649 0.69416978
v -1.99538744 -0.52793061 0.74204620
v -1.99403945 -0.53069976 0.74330397
v -1.96881395 0.65131517 0.75614920
v -1.96480548 0.65894540 0.75456937
v -2.00743301 0.49122175 0.73460507
v -2.00698906 0.49138475 0.73453110
v -2.00677589 0.49160848 0.73514035
v -2.00757432 0.49127204 0.73526844
v -2.02198496 0.43855715 0.74636267
v -2.01930058 0.45113123 0.74660277
v -2.02249465 0.43860536 0.74615250
v -2.02201071 0.44032197 0.74121492
v -1.97424281 -0.60529915 0.70447114
v -1.97107834 -0.61365854 0.70284832
v -1.96371303 -0.63141402 0.69857121
v -1.96214638 -0.63457747 0.69824990
v -1.97481606 -0.58973041 0.70038815
v -1.95579607 -0.62889482 0.69056043
v -1.95943647 -0.62620349 0.69182641
v -1.88396618 0.72157093 0.67607370
v -1.88488676 0.71926693 0.67418129
v -2.03925371 -0.33462496 0.74273652
v -2.03999418 -0.32980967 0.74243649
v -2.04377746 -0.33034808 0.74157903
v -2.04148737 0.35359468 0.73585950
v -2.03813873 0.36963500 0.73576058
v -2.03886465 0.36560626 0.73566944
v -2.04229486 0.34989734 0.73612405
v -2.04335521 0.34424106 0.73595090
v -1.98415370 -0.56987643 0.75823240
v -1.99101783 -0.54119644 0.75661673
v -1.99074875 -0.54260712 0.75716191
v -1.99562531 -0.52203966 0.75617591
v -1.99740852 -0.51405867 0.75527014
v -1.99851980 -0.50950879 0.75547865
v -1.98938767 0.54650981 0.71102694
v -1.99189603 0.53751247 0.71323185
v -1.99557962 0.52336427 0.71874967
v -1.99465534 0.52784864 0.71656962
v -1.94769884 0.68337001 0.74186387
v -1.94879220 0.68307260 0.74175132
v -1.95402711 0.67718790 0.74579860
v -1.99177783 0.52866921 0.73810057
v -1.99153926 0.52919217 0.73777954
v -1.99242014 0.52715908 0.74031595
v -1.99245588 0.52703646 0.74096678
v -1.94056027 -0.69092638 0.73488786
v -1.93921860 -0.68884683 0.73689381
v -1.94478355 -0.68813839 0.73663444
v -1.94678043 -0.68721718 0.73628826
v -1.92489182 -0.67582343 0.67854829
v -1.92991096 -0.66993426 0.67994754
v -1.93420788 -0.66392395 0.68135304
v -2.00492184 0.49155848 0.73621716
v -2.00488292 0.48595351 0.74255903
v -2.00364080 0.48922011 0.73903193
v -2.00436548 0.48797538 0.74051807
v -1.97315999 -0.59954458 0.70485695
v -1.97799813 -0.58542184 0.70816736
v -1.97131552 -0.60493868 0.70313980
v -1.97799686 0.58542126 0.70816743
v -1.97315974 0.59954301 0.70485692
v -1.97131514 0.60493759 0.70313980
v -1.96813460 0.61337865 0.70124037
v -1.99932600 -0.53772500 0.75626526
v -2.00175305 -0.52749133 0.75576776
v -2.00099344 -0.53263122 0.75579151
v -2.00658583 -0.51012917 0.75411495
v -1.97524049 0.60633818 0.75929512
v -1.97897092 0.59151275 0.75907665
v -1.96849928 0.63294833 0.75893267
v -1.89222202 -0.70936874 0.67154401
v -1.90218193 -0.69922247 0.67298698
v -1.94276995 0.66348798 0.68278733
v -1.94298426 0.66352308 0.68300994
v -1.93871172 0.66929859 0.68166980
v -1.95228386 0.65107601 0.68951232
v -1.97744849 -0.56609213 0.70365108
v -1.97751066 -0.56603864 0.70345247
v -1.97924191 -0.57218094 0.70190997
v -1.97403832 -0.57821952 0.70052052
v -1.93041746 -0.67958419 0.67971789
v -1.92573721 -0.68497132 0.67909551
v -1.92382343 -0.68606180 0.67736036
v -1.92424376 -0.68600263 0.67771407
v -1.92861793 -0.68073572 0.67855381
v -1.98588853 0.53817712 0.71052000
v -1.98326069 0.54710087 0.70808969
v -1.98032243 0.56890173 0.70266298
v -1.99892307 0.52775528 0.73791992
v -1.99955934 0.52660362 0.73900041
v -2.00214582 0.52244050 0.74214865
v -1.96474633 0.62542836 0.70122891
v -1.96043759 0.63090582 0.70048982
v -1.95228386 -0.65107709 0.68951130
v -1.93871249 -0.66929967 0.68166980
v -1.94298465 -0.66352474 0.68300994
v -2.04152031 -0.32760051 0.74263530
v -2.04555747 -0.32298537 0.74190134
v -2.04515654 -0.32257773 0.74194857
v -2.00234596 -0.52244786 0.74378721
v -2.00180003 -0.52390823 0.74380887
v -1.99918978 -0.53094907 0.74465939
v -1.98753043 -0.57652700 0.75614662
v -1.98771666 -0.57656472 0.75586937
v -1.99103327 -0.56221924 0.75567146
v -1.99855311 -0.53097327 0.75433616
v -1.99877509 -0.53087584 0.75405087
v -2.00262500 -0.51442233 0.75317969
v -1.99855222 0.53097378 0.75433622
v -2.00262398 0.51442332 0.75317963
v -1.99877432 0.53087581 0.75405068
v -1.98752992 0.57652592 0.75614662
v -1.99103276 0.56221816 0.75567152
v -1.98771628 0.57656364 0.75586937
v -1.92934307 0.66997083 0.68005891
v -1.93154073 0.66703097 0.68095667
v -1.93896573 0.66468791 0.68363490
v -1.93444466 0.67071022 0.68223578
v -1.98032728 0.60611914 0.75648379
v -1.97594892 0.62010996 0.75697797
v -1.97397999 0.62018533 0.75762685
v -1.98032766 -0.60612023 0.75648379
v -1.97397999 -0.62018642 0.75762730
v -1.92067901 -0.70497443 0.71776572
v -1.90589245 -0.71511904 0.70368191
v -1.91371749 -0.70976330 0.71042879
v -1.92446906 -0.70521970 0.71798259
v -1.91727190 -0.71057754 0.71101794
v -1.92563752 -0.70492733 0.71796248
v -1.92707915 -0.70426185 0.71791736
v -1.93664999 -0.68024752 0.71410881
v -1.93642840 -0.67867241 0.71616817
v -1.94702041 -0.66743682 0.72897419
v -1.88312972 0.72539665 0.67992769
v -1.97142274 -0.62026971 0.75834116
v -1.97507748 -0.60627015 0.75838405
v -1.96478685 -0.64317681 0.75729906
v -1.96796943 -0.63278488 0.75794042
v -1.94280326 -0.67940439 0.72022490
v -1.94095419 -0.68071442 0.71796414
v -1.93731541 -0.68390032 0.71370851
v -1.94280767 0.67917565 0.72019353
v -1.94094424 0.68116762 0.71802694
v -1.93731490 0.68389923 0.71370851
v -1.99500049 0.51837423 0.72131719
v -1.99713408 0.51874842 0.72190404
v -1.99230424 0.51787440 0.72053096
v -2.04152031 0.32759914 0.74263530
v -2.04555709 0.32298406 0.74190115
v -2.04486181 0.32531349 0.74049488
v -1.98241977 -0.55735130 0.70538036
v -1.99181140 -0.54385364 0.70966350
v -1.96610944 0.64161133 0.74568726
v -1.96489445 0.64590995 0.74462222
v -1.96949606 0.64215552 0.74627715
v -2.01090918 0.47782732 0.74624894
v -2.01198318 0.47622547 0.74605619
v -2.01198357 -0.47622709 0.74605619
v -2.00678087 -0.47931343 0.74647531
v -2.01090918 -0.47782895 0.74624894
v -1.95879990 -0.65913260 0.75417028
v -1.96185266 -0.65174570 0.75579457
v -1.96483344 -0.64313283 0.75710587
v -1.88337136 -0.72370050 0.67789679
v -1.88313011 -0.72539825 0.67992769
v -1.88442558 -0.72520748 0.68002521
v -1.88413646 -0.72615289 0.68264124
v -1.99374548 0.56275574 0.75707338
v -2.00175267 0.52749024 0.75576808
v -2.00099292 0.53262905 0.75579151
v -1.95449113 -0.66965391 0.73044503
v -1.95571082 -0.66728224 0.73193237
v -1.95009245 -0.67376783 0.72543854
v -1.95571024 0.66728115 0.73193237
v -1.89351520 -0.72431097 0.68356086
v -1.89461691 -0.72234389 0.68129075
v -1.92092511 0.69072270 0.69912618
v -1.92999023 0.68908316 0.70572672
v -1.92999061 -0.68908425 0.70572672
v -1.92299526 -0.68966688 0.70185996
v -1.92092550 -0.69072379 0.69912618
v -1.93999532 0.67525490 0.72041736
v -1.95274543 0.66862156 0.72940876
v -1.94832137 0.67229480 0.72492911
v -2.01180944 0.46678851 0.74764495
v -2.01093407 0.47081522 0.74768897
v -1.93444505 -0.67071130 0.68223578
v -1.93896612 -0.66468900 0.68363490
v -1.93398042 -0.66425041 0.68232794
v -1.92946931 -0.67026697 0.68092869
v -1.92934804 -0.67019261 0.68070939
v -1.99905233 -0.49870029 0.73699038
v -1.99569373 -0.50808248 0.72784599
v -1.99717914 -0.50404506 0.73149461
v -2.00299191 -0.49352265 0.74244345
v -2.00169651 -0.49233213 0.74382176
v -2.03923992 0.33775109 0.73579006
v -2.04051153 0.34042711 0.73556936
v -2.03901935 0.34041511 0.73554741
v -1.95207465 -0.67188034 0.74935557
v -1.94367342 -0.68318659 0.74160443
v -1.94809990 -0.67763702 0.74582132
v -2.00293837 0.48934951 0.75332457
v -2.00385346 0.48743119 0.75247050
v -2.00327982 0.48897066 0.75355210
v -1.99616857 0.51743687 0.71984321
v -1.99277614 0.51744105 0.71984940
v -1.99127695 0.52217902 0.71661193
v -2.00315230 0.51170795 0.72779136
v -2.00153110 0.51637957 0.72386651
v -2.00929127 0.49449361 0.74569534
v -2.00797447 0.49831091 0.74138078
v -1.94317445 0.65313796 0.68376586
v -1.93817025 0.65772607 0.68278318
v -1.94198646 0.65141191 0.68426553
v -2.03960920 -0.35813250 0.73708802
v -2.04135028 -0.34956460 0.73708228
v -2.03722275 -0.36946737 0.73664407
v -2.03714412 -0.36958423 0.73652798
v -2.04020403 -0.35496259 0.73664076
v -2.04135028 0.34956351 0.73708164
v -2.03960920 0.35813142 0.73708802
v -2.03722223 0.36946600 0.73664407
v -2.04020403 0.35496151 0.73664076
v -2.03714412 0.36958315 0.73652798
v -1.93884907 0.68819603 0.73611064
v -1.93876495 0.68833382 0.73627690
v -1.93328552 0.69409094 0.73086244
v -1.93328616 -0.69409203 0.73086270
v -1.92726742 -0.69956310 0.72451892
v -1.93876533 -0.68833490 0.73627697
v -1.93339682 -0.69364610 0.73037005
v -1.93884945 -0.68819711 0.73611064
v -1.95205129 -0.67164560 0.74893293
v -1.95560634 -0.66559872 0.75182270
v -1.96198222 -0.65200935 0.75667245
v -1.95896609 -0.65938884 0.75484380
v -1.95884560 -0.65930549 0.75462381
v -1.95658564 -0.63979331 0.69565953
v -1.94208219 -0.66528689 0.69003675
v -1.94475866 -0.66100005 0.69097150
v -1.94477430 0.66085906 0.69112375
v -1.94208181 0.66528580 0.69003675
v -1.95658525 0.63979223 0.69565953
v -1.95387330 0.64499818 0.69413091
v -1.92375335 -0.69387611 0.69275151
v -1.92343352 -0.69379037 0.69149968
v -1.92697082 -0.68702212 0.69088026
v -1.92637544 -0.68860111 0.69077754
v -1.92637852 0.68824140 0.69104350
v -1.92773690 0.68600206 0.69061652
v -1.92370730 0.69395091 0.69260445
v -1.92409429 0.69267459 0.69087085
v -1.99508499 0.53352458 0.72892326
v -1.99099562 0.54312268 0.72285896
v -1.98997075 0.54033809 0.72595863
v -2.00287952 0.49088588 0.73498220
v -2.00678483 0.49004964 0.73522444
v -2.01161480 0.47524614 0.73535920
v -2.00856152 0.48680602 0.73543827
v -1.92726704 0.69956150 0.72451873
v -1.92084048 0.70446033 0.71731283
v -1.91371711 0.70976164 0.71042892
v -2.00577286 -0.48255019 0.74539671
v -2.00502843 -0.48418715 0.74334871
v -2.00696671 -0.48325828 0.74518383
v -2.00875440 -0.48255696 0.74547547
v -2.00753952 0.48267699 0.74560450
v -2.00677130 0.48428247 0.74420380
v -2.00512882 0.48416116 0.74366980
v -1.98770722 -0.54678750 0.72109343
v -1.96294454 -0.62587965 0.69073095
v -1.95854346 -0.63557546 0.68867487
v -1.99434522 0.53278915 0.74537852
v -1.99627311 0.53372897 0.74619507
v -2.00452232 0.50608285 0.75218227
v -1.99809002 0.53028628 0.74684810
v -1.99434560 -0.53279024 0.74537852
v -1.99627349 -0.53373006 0.74619507
v -2.00452270 -0.50608342 0.75218227
v -1.96796904 0.63278380 0.75794022
v -1.96483305 0.64313124 0.75710587
v -1.96478646 0.64317572 0.75729906
v -1.96185228 0.65174461 0.75579457
v -1.95879900 0.65912468 0.75415261
v -2.02760620 0.41146465 0.73605716
v -2.02063715 0.43758146 0.73553413
v -2.02760620 -0.41146574 0.73605716
v -2.02063754 -0.43758312 0.73553413
v -2.00905751 0.49545249 0.75358811
v -2.00882281 0.49849587 0.75367215
v -2.00998664 0.49243136 0.75259100
v -2.00993409 0.49056048 0.75163965
v -2.00882320 -0.49849695 0.75367221
v -2.00905864 -0.49545261 0.75358761
v -2.00993448 -0.49056156 0.75163965
v -2.00998689 -0.49243260 0.75259108
v -2.00314579 -0.48904460 0.75350851
v -2.00293875 -0.48935059 0.75332463
v -2.00355540 -0.48893246 0.75357578
v -1.90218180 0.69922139 0.67298698
v -1.89678215 0.70460502 0.67200928
v -1.89675535 0.70463591 0.67221709
v -1.89219764 0.70938483 0.67176018
v -1.89222126 0.70936766 0.67154408
v -2.01861206 -0.45112737 0.74508168
v -2.01770386 -0.45290030 0.73904827
v -2.01850994 -0.45095862 0.74569323
v -2.02151944 0.43841699 0.74534508
v -2.01850943 0.45095754 0.74569323
v -2.01811118 0.45094369 0.74580984
v -2.01861168 0.45112628 0.74508168
v -2.01464293 0.46408866 0.73639312
v -2.04286983 0.32715944 0.74037878
v -2.04411146 0.33039925 0.73920787
v -2.04037750 0.32697454 0.73982646
v -2.04086051 0.32314020 0.74168319
v -1.99739090 0.53871579 0.74523007
v -1.99842795 0.53287185 0.74467972
v -1.98718809 0.58529502 0.74807401
v -1.99028527 0.57203421 0.74729863
v -1.99523497 0.55303459 0.74696503
v -1.88922070 0.71328031 0.67267725
v -1.88709541 0.71644048 0.67355813
v -1.88839024 0.71897035 0.67529749
v -2.04311383 -0.34476954 0.73580532
v -2.04335559 -0.34424214 0.73595090
v -2.04229486 -0.34989842 0.73612405
v -1.98325631 -0.57891421 0.70869017
v -1.98036889 -0.58797315 0.70837938
v -1.97739539 -0.59653534 0.70644511
v -1.91990472 0.69062997 0.69575648
v -1.91906302 0.69119748 0.69556526
v -1.91905383 0.69059072 0.69437695
v -1.91990446 -0.69063105 0.69575654
v -1.92029320 -0.69067244 0.69712777
v -1.91905913 -0.69089518 0.69497107
v -1.91936924 -0.69030990 0.69458737
v -1.92347764 0.70770029 0.71102694
v -1.93064135 0.70226688 0.71756359
v -1.91491554 0.71291630 0.70726638
v -1.92905820 0.68154891 0.68017521
v -1.92970430 0.68032771 0.67943166
v -1.88887529 -0.71328292 0.67203602
v -1.88709592 -0.71644157 0.67355838
v -1.88838590 -0.71897195 0.67529672
v -2.04304656 -0.33594280 0.73617051
v -2.04062590 -0.33565538 0.73606150
v -2.03686942 -0.35044679 0.73566823
v -2.03733226 -0.34863022 0.73547960
v -2.03885622 -0.34042114 0.73559885
v -1.93919728 -0.66243580 0.69331283
v -1.93912312 -0.66229801 0.69286065
v -1.93552416 -0.66904400 0.69229001
v -1.97409589 0.60539871 0.70484189
v -1.97107880 0.61365537 0.70284867
v -1.97424243 0.60529806 0.70447114
v -1.98036851 0.58797206 0.70837938
v -1.97724362 0.59663848 0.70681592
v -1.97739501 0.59653426 0.70644511
v -1.98686233 -0.57659198 0.75874490
v -1.99009853 -0.56223762 0.75829495
v -1.99719374 -0.53489112 0.75709065
v -1.97681001 -0.59444349 0.69940732
v -1.97672806 -0.59427423 0.69882232
v -1.97615315 -0.59407038 0.69808747
v -1.97260665 -0.60300275 0.69597357
v -1.97405428 -0.60306644 0.70599586
v -1.97059131 -0.61352970 0.70343360
v -1.95502807 -0.64645524 0.69639929
v -1.96008184 -0.63713095 0.69830109
v -2.00315268 -0.51170904 0.72779136
v -2.00153134 -0.51637975 0.72386622
v -2.00892551 -0.49552658 0.74442062
v -2.00773464 -0.49931286 0.74094629
v -2.00803678 0.49090107 0.73542576
v -2.00830662 0.49045358 0.73563159
v -2.01226681 0.47654879 0.73493127
v -2.01072473 0.48193865 0.73462613
v -2.01408703 0.46933074 0.73466838
v -2.00822161 -0.49037450 0.73642191
v -2.00803716 -0.49090215 0.73542576
v -2.01408703 -0.46933233 0.73466838
v -2.01072473 -0.48194078 0.73462619
v -2.00187266 0.50436414 0.73138158
v -2.00035955 0.50848430 0.72752567
v -2.00643827 0.49026019 0.74637256
v -2.00468009 0.49480539 0.74105179
v -2.00337211 -0.49215241 0.73420196
v -2.00387911 -0.49078060 0.73739507
v -2.00286459 -0.49185008 0.73596985
v -2.01485559 -0.46473110 0.73435603
v -2.01802502 -0.45143940 0.73442362
v -2.02488404 -0.42673764 0.73514009
v -2.02335996 -0.43230827 0.73489993
v -2.01947673 -0.44835099 0.73486176
v -1.94921488 -0.65635080 0.69432752
v -1.94448162 -0.66494538 0.69214830
v -1.95665941 -0.64561502 0.69578226
v -1.95405745 -0.65032436 0.69485363
v -1.88687713 -0.72557127 0.68631289
v -1.89198460 -0.72320900 0.69121920
v -1.88442519 0.72520595 0.68002528
v -1.88687675 0.72557012 0.68631283
v -1.92229207 0.68541674 0.69164757
v -1.92020775 0.68848291 0.69292234
v -1.91936886 0.69030881 0.69458756
v -1.91905447 -0.69059180 0.69437714
v -1.92020787 -0.68848450 0.69292256
v -2.00917595 -0.48957675 0.75029609
v -2.01030108 -0.49197272 0.74970997
v -2.01044256 0.49185130 0.75069995
v -1.97137922 0.62029122 0.75853869
v -1.97507697 0.60626855 0.75838405
v -1.97142236 0.62026862 0.75834116
v -1.99505384 -0.52661364 0.73958560
v -1.99259323 -0.52680121 0.74100208
v -1.99224769 -0.52752014 0.73962957
v -1.99067236 0.54780640 0.74635699
v -1.98156544 0.57335361 0.74645042
v -1.98156225 -0.57336785 0.74645062
v -1.98415830 -0.56271757 0.74558633
v -1.99067280 -0.54780748 0.74635699
v -1.95968633 0.65398444 0.74018843
v -1.95439250 0.66073515 0.73496841
v -1.95374042 0.65849431 0.73695508
v -1.95043403 0.66304253 0.73312467
v -1.95028353 0.66319503 0.73332402
v -1.95374080 -0.65849539 0.73695489
v -1.95028391 -0.66319612 0.73332408
v -1.95816123 -0.65624449 0.73853999
v -1.96115885 0.62639550 0.69250420
v -1.97039813 0.60342372 0.69753170
v -1.97368526 0.59443506 0.69955258
v -2.00793581 0.47579319 0.74747931
v -2.00934591 0.47348889 0.74671312
v -2.00798316 0.47598706 0.74682506
v -1.98718962 -0.58529190 0.74807375
v -1.99523459 -0.55303880 0.74696560
v -1.99028527 -0.57203580 0.74729863
v -1.99818383 -0.53820763 0.74553961
v -1.99870527 -0.53777478 0.74583198
v -1.89228649 0.71631578 0.67469858
v -1.89189934 0.71911395 0.67690384
v -1.89190087 -0.71911402 0.67690307
v -1.89228687 -0.71631686 0.67469858
v -1.89331977 -0.71327766 0.67365080
v -2.00959137 -0.47011253 0.74744842
v -2.00911512 -0.47140523 0.74696605
v -2.00935127 -0.47093840 0.74678339
v -2.00798355 -0.47598814 0.74682506
v -1.94809952 0.67763593 0.74582132
v -1.95575671 0.66590469 0.75248269
v -1.95207414 0.67187926 0.74935538
v -1.98663959 0.54994615 0.71906004
v -1.98404444 0.55029826 0.71974339
v -2.04053654 0.32755960 0.74263249
v -2.04060522 0.32606408 0.74252559
v -2.04117247 0.32153308 0.74238798
v -2.04047987 0.32644427 0.74236022
v -1.90218417 0.71734862 0.70036712
v -1.89849426 0.71957928 0.69708839
v -1.91360185 0.70993243 0.71055203
v -1.90589207 0.71511795 0.70368191
v -2.00111629 -0.50642531 0.72945365
v -2.00227225 -0.50243744 0.73313699
v -2.00468047 -0.49480647 0.74105186
v -2.00676530 -0.49052228 0.74634193
v -2.04311383 0.34476820 0.73580532
v -2.02554397 0.42256581 0.73491971
v -2.01848161 0.45083388 0.73452459
v -2.01802464 0.45143831 0.73442362
v -1.92564875 -0.69128447 0.69856142
v -1.92756088 -0.68966557 0.70127621
v -1.92756050 0.68966449 0.70127621
v -1.92564824 0.69128287 0.69856142
v -1.96411364 -0.63900003 0.74670757
v -1.97013072 -0.61773991 0.74726129
v -1.98332209 0.59140898 0.75679416
v -1.98135865 0.59143834 0.75744617
v -1.94037277 0.66769460 0.68980214
v -1.93814000 0.67021029 0.68960123
v -1.93477603 0.67479190 0.68749074
v -1.94037277 -0.66769619 0.68980214
v -1.93335247 -0.67612812 0.68668061
v -1.99060145 -0.54191751 0.71208572
v -1.99197759 -0.53770349 0.71331868
v -1.99040376 -0.53345352 0.71338920
v -1.99280792 -0.53226233 0.71451044
v -1.98962573 0.54306083 0.71139130
v -1.98804688 0.55011904 0.70985062
v -1.99011116 0.54312893 0.71160466
v -1.98298741 0.56669461 0.70589375
v -1.98031324 0.57591335 0.70402591
v -1.98321857 0.56685085 0.70612402
v -2.04048025 -0.32644564 0.74236022
v -2.04151026 -0.32123232 0.74244921
v -1.95779120 -0.67446993 0.74504511
v -1.95500398 -0.67459255 0.73797382
v -1.95058388 0.65134955 0.68549986
v -1.94703560 0.65754220 0.68441825
v -1.94970874 0.65131547 0.68510103
v -2.00676492 0.49052065 0.74634135
v -2.00697655 0.48841313 0.74878301
v -1.98848190 0.56113196 0.71535865
v -1.98360598 0.57691262 0.71160504
v -1.98579203 0.57108842 0.71264561
v -1.99324524 0.54703743 0.71968423
v -1.99227003 0.55005567 0.71809568
v -1.99442006 0.54185021 0.72457067
v -1.99512545 0.53880807 0.72734365
v -2.00689231 0.49421117 0.75198289
v -2.00693609 0.49487977 0.75173328
v -2.00261249 0.51361373 0.75341635
v -2.00499467 0.50348043 0.75263063
v -2.00691471 -0.49454655 0.75185799
v -2.00729069 -0.49305320 0.75129527
v -2.00261287 -0.51361431 0.75341635
v -2.00499467 -0.50348281 0.75263072
v -1.96321362 0.61734529 0.69172684
v -1.95506142 0.63407755 0.68796131
v -1.97637563 0.58452264 0.69926896
v -1.97563899 0.59401167 0.69788496
v -1.90050097 -0.70458926 0.67189727
v -2.00442416 0.50490331 0.75535005
v -2.00564330 0.50347857 0.75493686
v -2.00582494 0.51293935 0.75453350
v -2.00498592 0.51556039 0.75488574
v -2.00331581 0.52378087 0.75514664
v -2.00442454 -0.50490440 0.75535005
v -2.00564368 -0.50348019 0.75493686
v -2.00331581 -0.52378196 0.75514664
v -2.00498631 -0.51556147 0.75488574
v -2.00582532 -0.51294043 0.75453350
v -2.00233792 -0.49268169 0.75334487
v -2.00163677 -0.49595506 0.75375167
v -2.00222789 -0.49260201 0.75341616
v -2.00223325 -0.49240342 0.75359288
v -2.01331516 0.45208857 0.73499490
v -2.00840733 0.47024822 0.73458267
v -2.00807749 0.47188572 0.73401605
v -1.89162962 0.72349142 0.69126419
v -1.88664431 0.72570581 0.68631072
v -1.88622908 0.72628800 0.68630128
v -1.89134625 0.72399236 0.69134320
v -1.88622946 -0.72628909 0.68630160
v -1.89809613 -0.72048263 0.69738951
v -1.89130962 -0.72423342 0.69138099
v -1.89134663 -0.72399345 0.69134301
v -1.98308071 -0.55316351 0.71834121
v -1.98223851 -0.55588044 0.71724448
v -1.98695475 -0.55530508 0.71578377
v -1.98571251 -0.55281344 0.71756474
v -2.01736714 -0.46043380 0.74648725
v -2.01662979 -0.46346107 0.74650309
v -2.01311451 -0.47627161 0.74652120
v -2.04268188 0.32774743 0.73890825
v -2.04136777 0.32936291 0.73808768
v -2.04112537 0.33141309 0.73730100
v -2.04075048 0.33352242 0.73660355
v -1.94796843 0.68645265 0.73582006
v -1.94766425 0.68672619 0.73603521
v -1.92646364 0.68688492 0.70463708
v -1.92480770 0.68876325 0.70153520
v -1.93656268 0.68024095 0.71410919
v -1.93591144 0.68195577 0.71204606
v -1.91989331 0.68449884 0.67814166
v -1.92446804 0.68240272 0.67942171
v -1.93670520 0.66769906 0.68293534
v -2.00539681 -0.48308883 0.74423485
v -2.00568312 -0.48223737 0.74487254
v -1.91349514 0.69675911 0.68179808
v -1.89759474 0.71147617 0.67537433
v -1.92689049 0.68457888 0.68951730
v -1.92534355 0.68674508 0.69027194
v -1.92611753 -0.68566332 0.68989465
v -1.92507027 -0.68452648 0.69016338
v -1.89759487 -0.71147776 0.67537439
v -1.99324363 0.52883954 0.73959272
v -1.99398660 0.52812004 0.74080410
v -1.99105778 0.53059072 0.73675698
v -1.94448186 -0.65758675 0.68333719
v -1.95058452 -0.65135064 0.68549960
v -1.94277033 -0.66348907 0.68278733
v -1.94703624 -0.65754379 0.68441857
v -1.92615142 -0.68732676 0.69166206
v -1.92646683 -0.68584885 0.69170176
v -1.92472888 -0.68639955 0.69226732
v -1.92653666 -0.68459617 0.69160660
v -1.92540521 0.68545421 0.69196442
v -1.92518247 0.68648360 0.69221170
v -1.92646620 0.68584777 0.69170173
v -1.92615091 0.68732568 0.69166206
v -1.98957365 -0.55511016 0.74504224
v -1.98981822 -0.54865036 0.74466696
v -1.98896784 -0.54319601 0.74461214
v -1.99090958 -0.53508300 0.74405567
v -2.00714288 -0.49255379 0.74846499
v -2.00710496 -0.49181708 0.74861886
v -2.00668871 -0.49388264 0.74673616
v -2.04438199 0.33637402 0.74196931
v -2.04506078 0.33227036 0.74181707
v -2.04143198 0.35193883 0.74302059
v -2.04389413 0.33848910 0.74248442
v -2.04438237 -0.33637536 0.74196931
v -2.04506076 -0.33227392 0.74181729
v -2.04143236 -0.35194017 0.74302059
v -2.04389413 -0.33849150 0.74248442
v -1.93295645 -0.68176187 0.71205761
v -1.92480808 -0.68876433 0.70153520
v -1.92646326 -0.68688600 0.70463708
v -1.92190224 -0.69505990 0.69612014
v -1.92152492 -0.69299121 0.69174222
v -1.92660763 -0.69390707 0.70445844
v -1.92724113 -0.69178018 0.70229345
v -1.92660724 0.69390598 0.70445844
v -1.92152492 0.69298955 0.69174210
v -1.92190147 0.69505881 0.69612014
v -2.00856191 -0.48680710 0.73543827
v -2.01161480 -0.47524722 0.73535920
v -1.92582350 0.69361151 0.69782988
v -1.92476570 0.69462307 0.69641353
v -1.92371646 0.69457938 0.69396772
v -2.00371573 -0.48923319 0.75038509
v -1.92371723 -0.69458046 0.69396772
v -1.92582350 -0.69361259 0.69782988
v -1.92476623 -0.69462402 0.69641382
v -1.97630020 0.63242697 0.75732440
v -1.97311889 0.64260610 0.75676327
v -1.97325598 0.64253641 0.75654181
v -1.97024011 0.65096866 0.75551273
v -1.96734728 0.65803734 0.75375716
v -1.97038435 0.65087433 0.75529707
v -1.97630058 -0.63242805 0.75732434
v -1.97325649 -0.64253749 0.75654181
v -1.97311928 -0.64260719 0.75676327
v -1.97024049 -0.65096974 0.75551273
v -1.97038473 -0.65087541 0.75529707
v -1.96734767 -0.65803842 0.75375716
v -1.98661432 -0.53679172 0.71167742
v -1.98798638 -0.53172523 0.71322269
v -1.98599754 -0.53802625 0.71105406
v -1.98789052 -0.53163613 0.71300831
v -1.98661368 0.53679064 0.71167761
v -1.99040456 0.53344839 0.71339054
v -1.98789052 0.53163453 0.71300787
v -2.01181293 -0.48012708 0.74632406
v -2.01080894 -0.48274279 0.74464962
v -2.01080762 0.48274457 0.74464714
v -2.01181274 0.48012532 0.74632458
v -2.01141568 0.48149437 0.74521087
v -1.97615277 0.59406930 0.69808753
v -1.97286386 0.60302917 0.69607495
v -1.97234830 0.60297415 0.69587225
v -1.97680976 0.59444189 0.69940739
v -1.97672755 0.59427315 0.69882239
v -2.04093684 -0.32523676 0.73991192
v -2.04301159 -0.32979684 0.73811161
v -2.04210977 -0.32755022 0.73890614
v -1.96495840 0.60300396 0.69598100
v -1.96484301 0.60294326 0.69575743
v -1.96159801 0.61135285 0.69388322
v -1.96930816 0.59882801 0.69762899
v -1.96990044 0.60336558 0.69731694
v -1.93129617 -0.67480948 0.69139752
v -1.92721752 -0.68231471 0.69130261
v -1.92907603 -0.67999916 0.69112538
v -1.92717169 0.68113855 0.69122303
v -1.93129578 0.67480840 0.69139758
v -1.92490337 -0.70382445 0.70854640
v -1.95558451 -0.66467010 0.73524693
v -1.95855801 0.65983516 0.73897226
v -1.99955953 -0.52702202 0.73826035
v -2.00174600 -0.52358272 0.74330355
v -2.00128727 -0.52394962 0.74281387
v -2.01065057 0.48046830 0.74512993
v -2.01022270 0.48171855 0.74424778
v -2.00900382 0.48448839 0.74187255
v -2.00809664 0.48726873 0.73904189
v -2.00809766 -0.48726982 0.73904157
v -2.00900433 -0.48448951 0.74187255
v -2.01065095 -0.48046993 0.74512987
v -1.95095469 -0.63601373 0.68752974
v -1.94579986 -0.64497680 0.68559093
v -1.94733116 -0.64185057 0.68657045
v -1.94910345 -0.63858138 0.68708355
v -1.91965255 0.69086917 0.69639930
v -1.92089269 0.69092495 0.69916097
v -1.91964904 0.69127081 0.69709988
v -1.91964943 -0.69127241 0.69709988
v -1.91979277 -0.69107749 0.69710910
v -1.91937014 -0.69085794 0.69568046
v -1.96194346 -0.61767828 0.69338209
v -1.96425457 -0.61158396 0.69471866
v -1.96495878 -0.60300504 0.69598100
v -1.96159827 -0.61135394 0.69388315
v -1.96484339 -0.60294435 0.69575699
v -1.98687351 0.54427526 0.72514728
v -1.98547192 0.54798006 0.72248873
v -1.98441857 0.55076461 0.72064852
v -1.98293494 0.57580542 0.70265794
v -1.99153326 0.54812529 0.70923448
v -1.98841744 0.55899613 0.70703802
v -1.98835859 0.55868430 0.70665304
v -1.96344414 -0.61874601 0.69157571
v -1.97145031 -0.59617953 0.69647659
v -1.94672708 -0.66762765 0.72919533
v -1.95036905 -0.66306981 0.73315846
v -1.95049376 -0.66366566 0.73393678
v -1.95479666 -0.66160438 0.73664325
v -1.95036842 0.66306822 0.73315846
v -1.95049313 0.66366458 0.73393672
v -1.95479250 0.66160410 0.73664124
v -1.88299327 0.72385457 0.67774196
v -1.88264148 0.72416998 0.67742719
v -1.88373846 0.72640850 0.68258476
v -1.88236143 0.72603539 0.67960054
v -1.88415599 -0.72186126 0.67552023
v -1.88372723 -0.72184824 0.67554557
v -1.88365766 -0.72177223 0.67569076
v -2.00712232 0.47559199 0.73475141
v -2.00653983 0.48450309 0.73484954
v -2.00735604 0.49119555 0.74990629
v -1.95274594 -0.66862264 0.72940876
v -1.95198364 -0.66816363 0.72922948
v -1.94098164 -0.67526907 0.72041739
v -1.92314321 0.69609472 0.70066635
v -1.92492360 0.69304246 0.69925964
v -1.92385049 -0.69285125 0.69702712
v -1.92326179 -0.69476542 0.69855663
v -1.89710727 -0.70459034 0.67190487
v -1.89678254 -0.70460611 0.67200934
v -2.00643227 0.48011040 0.74639732
v -2.00668667 0.47933593 0.74654233
v -2.01354211 0.47488906 0.74634137
v -2.01663217 0.46344905 0.74650303
v -2.01736675 0.46043271 0.74648725
v -1.99162618 0.53308002 0.73479537
v -1.99028157 0.53412560 0.73374716
v -1.99157998 0.52958098 0.73836882
v -1.99071390 0.53195307 0.73581246
v -1.99089976 0.53177025 0.73608703
v -1.97579702 -0.62037872 0.75931011
v -1.97945431 -0.60634341 0.75935568
v -1.97793757 -0.61604703 0.75915442
v -1.98388450 -0.59152379 0.75896445
v -1.98318449 -0.59151907 0.75913747
v -1.98756068 -0.57662606 0.75857271
v -2.01302566 -0.46420188 0.74752328
v -2.01233217 -0.47093945 0.74747433
v -2.00510157 -0.49974303 0.75508831
v -1.93083230 0.67458470 0.69034872
v -1.92866399 0.67729480 0.69012981
v -1.93067868 0.67461974 0.69051450
v -1.92853111 0.67730731 0.69020601
v -1.92866437 -0.67729588 0.69012981
v -1.93083281 -0.67458578 0.69034872
v -1.92853188 -0.67730897 0.69020608
v -1.93067906 -0.67462082 0.69051447
v -2.00001857 0.53175783 0.74531113
v -1.99870488 0.53777319 0.74583198
v -1.99818332 0.53820654 0.74553955
v -2.00152605 0.52596189 0.74479348
v -2.00157818 0.52512284 0.74438857
v -1.89801214 -0.71364397 0.67461510
v -1.89682721 -0.71634150 0.67629453
v -1.89853408 -0.71345007 0.67490702
v -1.91537123 0.69676785 0.67961543
v -1.91046739 0.70048482 0.67579607
v -1.90660088 0.70264311 0.67343399
v -1.99396349 0.53152685 0.75700210
v -1.98655586 0.56223277 0.75829635
v -2.01443895 0.46445912 0.73546291
v -2.02271611 0.43145515 0.73576977
v -2.01707317 0.45394332 0.73545965
v -2.01872822 0.44762727 0.73564174
v -2.02271573 -0.43146071 0.73576977
v -2.01872860 -0.44762679 0.73564174
v -2.01707355 -0.45394440 0.73545965
v -2.01443908 -0.46446075 0.73546291
v -2.01464306 -0.46409029 0.73639242
v -1.94359887 0.67150672 0.72471160
v -1.94702002 0.66743573 0.72897419
v -1.94376979 0.67340592 0.72256560
v -1.97933637 -0.61571366 0.74854266
v -1.98376885 -0.59769857 0.74792830
v -1.97848536 -0.61798045 0.74815921
v -1.97587399 -0.62919128 0.74907570
v -1.93832495 -0.65805469 0.68378328
v -1.94225758 -0.65170747 0.68518962
v -1.94296501 -0.65510109 0.68509145
v -1.95634847 -0.63275763 0.69035906
v -2.00161152 0.52353494 0.74185781
v -2.00082928 0.52471412 0.74054013
v -1.99984468 0.52582487 0.74316504
v -1.99936111 0.52571495 0.74232716
v -1.88373885 -0.72641016 0.68258476
v -1.88294987 -0.72545805 0.67989712
v -1.88395623 -0.72622360 0.68262554
v -1.88294949 0.72545697 0.67989712
v -1.88395584 0.72622252 0.68262554
v -1.97933522 0.61571513 0.74854266
v -1.97848497 0.61797879 0.74815921
v -1.98376847 0.59769800 0.74792830
v -1.97587361 0.62919020 0.74907570
v -1.93220666 0.69952429 0.72470483
v -1.98293367 0.58548394 0.74618508
v -1.97409780 0.61138668 0.74642055
v -2.04451946 0.32801360 0.73915849
v -2.04461328 0.33044576 0.73814869
v -2.04546927 0.32581756 0.74049283
v -2.03850481 -0.36333268 0.74375564
v -2.04200140 -0.34492884 0.74299015
v -2.02908523 -0.40777599 0.74541031
v -2.04200140 0.34492670 0.74298996
v -2.02908485 0.40777491 0.74541031
v -1.95034601 -0.64856561 0.69457416
v -1.95118726 -0.64529061 0.69566023
v -1.95117692 -0.64974824 0.69369698
v -1.94885467 -0.65412048 0.69249437
v -1.95001541 0.65193302 0.69309568
v -1.95320418 0.64508153 0.69497835
v -1.99391218 -0.54051316 0.71156630
v -1.99535419 -0.53359587 0.71285207
v -1.99492977 0.53325212 0.71272130
v -1.99535381 0.53359478 0.71285207
v -1.99391180 0.54051207 0.71156630
v -1.97625793 -0.57946522 0.70205567
v -1.98176837 -0.56167330 0.70612165
v -1.98636465 -0.55402630 0.70867619
v -1.92867905 0.70022021 0.71117660
v -1.91966410 0.70819964 0.70471584
v -1.91652607 0.71235698 0.70431005
v -1.90936096 0.71681883 0.69803169
v -1.90998897 0.71608365 0.69809098
v -1.95634809 0.63275610 0.69035906
v -1.94225720 0.65170638 0.68518962
v -1.93832444 0.65805361 0.68378328
v -2.04472101 0.32688471 0.74117070
v -2.04418180 0.32556169 0.74141031
v -2.04436897 0.32738195 0.74056770
v -2.04464647 0.32602508 0.74130191
v -2.04428038 -0.32750529 0.74048070
v -2.04464685 -0.32602617 0.74130211
v -2.04472101 -0.32688579 0.74117070
v -1.94524307 0.65270674 0.69579343
v -1.95835365 0.62644978 0.70170149
v -1.95365707 0.63701722 0.69931216
v -2.04444784 -0.33805282 0.73622963
v -2.04403454 -0.34046646 0.73601682
v -2.04482083 -0.33456312 0.73690007
v -2.04471067 -0.33442609 0.73683324
v -1.96081529 -0.62483507 0.70025878
v -1.95991782 -0.62158758 0.70168809
v -1.95688228 -0.62866207 0.70086912
v -1.95421654 -0.63494164 0.69969012
v -1.95408494 -0.63487565 0.69946355
v -1.93331500 -0.69376876 0.73050529
v -2.00719942 -0.48858531 0.74874431
v -2.00643866 -0.49026185 0.74637256
v -1.93064173 -0.70226796 0.71756359
v -1.93724648 -0.69647625 0.72384904
v -1.93692200 -0.69706048 0.72406112
v -2.00510119 0.49974140 0.75508831
v -2.00144326 0.49964554 0.75512233
v -2.00392111 0.50274237 0.75534781
v -1.99425992 -0.52887502 0.73936188
v -1.99679186 -0.52754375 0.74059112
v -1.99776388 -0.52732051 0.74000689
v -1.99682122 -0.52715074 0.73765305
v -1.99541100 -0.53256571 0.73120061
v -1.99309947 -0.53896789 0.72559095
v -1.96411326 0.63899894 0.74670725
v -1.96666757 0.64164091 0.74571882
v -1.96555131 0.64158175 0.74565570
v -2.01141287 0.47792061 0.74604703
v -2.01052599 0.48095354 0.74452496
v -2.01137074 -0.47787822 0.74611401
v -2.01124814 -0.47862989 0.74582892
v -2.01052675 -0.48095463 0.74452470
v -2.04403415 0.34046512 0.73601682
v -2.04444770 0.33804959 0.73622978
v -2.04482045 0.33456178 0.73690007
v -2.04471004 0.33442500 0.73683356
v -1.97736986 0.58598565 0.70825787
v -1.98715183 0.55717783 0.71425407
v -1.98519567 0.56375392 0.71258134
v -2.01029188 0.47622706 0.74763178
v -2.01233178 0.47093837 0.74747433
v -1.94689085 0.66010500 0.69350762
v -1.94447875 0.66494483 0.69214912
v -1.93601100 0.67387484 0.69124048
v -1.93598330 0.67491740 0.69088445
v -1.99888805 0.49912570 0.73675927
v -2.00221270 0.50041683 0.73491154
v -1.99850742 0.50046875 0.73496567
v -1.96495247 0.62111121 0.69999366
v -1.96213591 0.62793583 0.69832853
v -1.97442317 0.59630258 0.70546479
v -1.97127467 0.60503448 0.70349848
v -1.97189631 0.60278345 0.70424904
v -1.97442356 -0.59630418 0.70546479
v -1.97127506 -0.60503556 0.70349848
v -1.96495291 -0.62111255 0.69999376
v -1.90867270 -0.69941535 0.67581132
v -1.91372196 -0.69409203 0.67675328
v -1.90867231 0.69941426 0.67581126
v -1.91372145 0.69409094 0.67675309
v -2.04085030 0.32475110 0.74017184
v -1.99001383 -0.53132409 0.71225983
v -1.98975784 -0.52669431 0.71416829
v -1.98644557 -0.53645953 0.71076073
v -1.96511272 0.62822558 0.69929263
v -1.96227683 0.63447791 0.69788030
v -2.00666880 -0.49308671 0.74695252
v -2.00521179 -0.49777675 0.74194142
v -2.00307890 -0.49888732 0.73952069
v -2.00396298 -0.49637322 0.74230048
v -1.96394515 0.62604783 0.69133197
v -1.96698873 0.61911433 0.69288867
v -1.95593907 0.64265172 0.68809186
v -1.99016784 0.53336062 0.73297248
v -1.99265335 0.53288846 0.73249394
v -1.98734228 0.54079347 0.72657497
v -1.96102667 -0.66034663 0.73786972
v -1.95785520 -0.66533877 0.73426419
v -1.95785481 0.66533769 0.73426419
v -1.96102629 0.66034555 0.73786972
v -2.00712271 -0.47559356 0.73475135
v -2.00600096 -0.47930976 0.73455758
v -1.97616898 0.63247464 0.75755059
v -1.97585599 0.63253387 0.75777531
v -1.97286730 0.64267950 0.75694855
v -1.97957545 0.62009943 0.75791629
v -1.97970284 0.62006796 0.75768723
v -1.98332401 0.60619356 0.75771557
v -1.97286769 -0.64268116 0.75694855
v -1.97585663 -0.63253495 0.75777556
v -1.97616936 -0.63247573 0.75755059
v -1.97957583 -0.62010051 0.75791629
v -1.98332452 -0.60619464 0.75771557
v -1.97970335 -0.62006905 0.75768723
v -2.00265282 0.49127156 0.73534522
v -2.00332641 0.49239394 0.73486234
v -2.00356919 0.49187098 0.73596385
v -1.98562456 -0.56621269 0.71474346
v -1.98674656 -0.56502265 0.71472131
v -1.98360636 -0.57691371 0.71160511
v -1.98848203 -0.56113407 0.71535839
v -1.98579241 -0.57108893 0.71264593
v -1.99788757 0.52621641 0.73768030
v -1.99562582 0.53220725 0.73126319
v -1.99327894 0.53855706 0.72466852
v -1.98279300 -0.55429062 0.71854403
v -1.98578237 -0.55463503 0.71864480
v -1.98075949 -0.59873244 0.74895272
v -1.97948507 -0.60535838 0.74974942
v -1.98075949 0.59872982 0.74895272
v -1.97576549 0.61793482 0.74917629
v -1.97948456 0.60535729 0.74974961
v -1.97615596 0.61809042 0.74985013
v -1.96035966 -0.64785769 0.74396734
v -1.96149960 -0.64584475 0.74462522
v -1.96120736 -0.65206346 0.74353340
v -1.96035928 0.64785660 0.74396772
v -2.04550207 -0.32887250 0.73928403
v -2.04510765 -0.33218470 0.73778261
v -2.04512476 -0.33255621 0.73781803
v -1.96698911 -0.61911541 0.69288867
v -1.96394554 -0.62604891 0.69133197
v -1.95776158 -0.63887206 0.68856040
v -1.95458931 -0.64484835 0.68725047
v -2.00677909 -0.47954293 0.74711699
v -2.00728265 -0.47796620 0.74742672
v -1.96789412 -0.62145553 0.70121778
v -1.96803567 -0.62135131 0.70084818
v -1.96483850 -0.62851623 0.69973066
v -1.96325807 -0.62985571 0.70004545
v -1.93674151 -0.67305621 0.68322215
v -1.94162841 -0.67026384 0.69037425
v -1.94107773 -0.67101737 0.68974983
v -1.93674113 0.67305455 0.68322235
v -1.93448768 0.67482097 0.68075528
v -1.94162790 0.67026276 0.69037425
v -1.94018087 0.67224182 0.68955371
v -1.99257095 0.54039209 0.74428703
v -2.01267821 -0.45452915 0.73403405
v -2.02212767 -0.41725015 0.73457641
v -2.00961536 -0.47043117 0.73384194
v -1.92778681 -0.70136883 0.71620270
v -1.92531879 -0.70063002 0.71069972
v -1.91215716 -0.71320171 0.70283868
v -1.91934946 -0.70844280 0.70947547
v -1.91934857 0.70844172 0.70947554
v -1.91215658 0.71320062 0.70283859
v -1.92828316 0.69834976 0.71368062
v -2.03517314 0.37674877 0.74334060
v -2.03547375 0.37694764 0.74307587
v -2.03170094 -0.39165707 0.74395081
v -2.03517353 -0.37674986 0.74334060
v -2.03547413 -0.37694873 0.74307587
v -1.88570363 0.71789041 0.67353139
v -1.88691045 0.71644840 0.67348499
v -1.88594264 0.71781653 0.67393408
v -1.99798209 0.52582524 0.73861827
v -1.99782656 0.52487916 0.74129126
v -2.03339096 -0.37162126 0.73519728
v -2.01701203 -0.44099482 0.73418384
v -1.98007977 0.57913805 0.74592874
v -1.97682827 0.59188797 0.74623547
v -1.98228778 0.57913275 0.74581839
v -1.98042927 0.57913595 0.74581309
v -2.00872976 -0.48890154 0.73822107
v -2.00872938 0.48890045 0.73822081
v -2.00824824 0.48936653 0.73803558
v -2.00014740 -0.50457427 0.75547386
v -2.00202719 -0.50259049 0.75540161
v -1.99938013 -0.50593405 0.75538374
v -1.98703810 -0.55682390 0.71505782
v -1.98519605 -0.56375501 0.71258140
v -1.95001331 0.65692542 0.69359072
v -1.94567672 0.66445690 0.69150738
v -1.94396343 0.66696261 0.69066509
v -1.95040878 -0.65671019 0.69341404
v -1.94500756 -0.66544330 0.69099510
v -1.99857417 -0.50490705 0.73245916
v -1.99875020 -0.51410893 0.72555189
v -2.04091463 -0.32475796 0.74015556
v -2.04098586 -0.32378188 0.74062508
v -2.04125825 -0.32138537 0.74242404
v -1.97066300 -0.60349297 0.69778214
v -1.97039852 -0.60342531 0.69753170
v -1.97368564 -0.59443615 0.69955258
v -1.92452586 0.67607859 0.67930638
v -1.92928754 0.67003791 0.68025759
v -1.92452484 0.67585796 0.67865309
v -1.94866499 0.65433007 0.69205195
v -1.94451945 0.66014278 0.68927509
v -1.94368823 0.65853617 0.68525037
v -1.94762213 0.65217752 0.68666009
v -1.94711627 -0.65211147 0.68644877
v -1.94762251 -0.65217905 0.68666009
v -1.94659267 -0.65723773 0.69066352
v -1.94744700 -0.65545724 0.69031828
v -2.03958533 0.33367359 0.73729730
v -2.03950268 0.33690982 0.73682157
v -2.04310570 0.33716057 0.73699976
v -1.89810966 0.72071529 0.69401393
v -1.89939965 -0.72039672 0.69390728
v -1.90012493 -0.71920196 0.69696202
v -1.92546201 0.68230003 0.67994090
v -1.93134569 0.67589415 0.68196332
v -2.01024983 0.49346032 0.75209711
v -2.00903560 0.49913885 0.75328730
v -2.00889978 0.49984782 0.75296340
v -2.00978688 0.49552081 0.75291943
v -2.00903598 -0.49913993 0.75328730
v -2.00890017 -0.49984942 0.75296340
v -2.01041951 -0.49237101 0.75161970
v -2.00999843 -0.49461102 0.75200185
v -1.92642560 -0.68150511 0.68061028
v -1.93134659 -0.67589466 0.68196383
v -1.92275784 -0.68517230 0.67923467
v -1.95709471 0.67540498 0.74441526
v -1.95898001 0.66945999 0.74201156
v -1.92446804 -0.68240380 0.67942171
v -1.93005318 -0.67320602 0.68094047
v -1.93670558 -0.66770015 0.68293534
v -1.99671502 -0.52914456 0.71468168
v -1.99629724 -0.52877196 0.71456278
v -1.88254185 -0.72504375 0.67855694
v -1.88274194 -0.72560580 0.67982111
v -1.99153402 -0.54812580 0.70923403
v -1.98835898 -0.55868538 0.70665304
v -1.98841782 -0.55899722 0.70703847
v -1.98293533 -0.57580651 0.70265787
v -2.00503137 0.49871759 0.74123892
v -1.99932256 0.51478229 0.72581465
v -1.99772061 0.51938349 0.72220018
v -1.99932294 -0.51478338 0.72581465
v -2.00503137 -0.49871915 0.74123905
v -2.00357149 -0.50286504 0.73682431
v -1.99627809 0.52311747 0.71674187
v -1.99998899 0.52068876 0.72042955
v -1.90817679 0.69368599 0.67520041
v -1.90804621 0.69362778 0.67497876
v -1.90225252 0.69936818 0.67368494
v -1.91091619 0.69385990 0.67586679
v -1.90817718 -0.69368707 0.67520041
v -1.90225354 -0.69936927 0.67368494
v -1.90805285 -0.69363467 0.67500058
v -1.91091721 -0.69386099 0.67586723
v -2.04217564 -0.34284647 0.74175391
v -2.04209586 -0.34372365 0.74111728
v -2.04331615 -0.33660748 0.74140697
v -2.04312762 0.33725276 0.74163303
v -2.00893910 0.47599149 0.73386166
v -2.00368490 0.48855592 0.73383128
v -1.88594302 -0.71781790 0.67393436
v -1.88691083 -0.71644948 0.67348518
v -1.88501600 -0.71921696 0.67437436
v -1.88790295 -0.71487590 0.67289192
v -1.92903812 -0.68543302 0.70875606
v -1.92507665 -0.68803411 0.70423015
v -1.92507869 0.68803149 0.70423334
v -1.92903774 0.68543193 0.70875606
v -1.93189701 0.68507304 0.71022632
v -1.96578190 0.65262731 0.74977268
v -1.96139850 0.66380499 0.74962081
v -1.96145160 -0.65880397 0.75330823
v -1.96293522 -0.66073362 0.75075679
v -1.89710407 0.72358364 0.69160871
v -1.91950455 0.68954268 0.69339102
v -1.92410578 0.68866755 0.69123407
v -1.91950455 -0.68954377 0.69339102
v -1.92410578 -0.68866863 0.69123471
v -1.99300590 0.54272551 0.72485769
v -1.99302977 0.54023910 0.72739458
v -1.99696881 0.53020221 0.73638143
v -1.99735950 0.52833130 0.73868602
v -2.00556473 0.49941207 0.73787732
v -2.00515059 0.50319038 0.73468497
v -2.00419121 0.49778013 0.73806668
v -2.00265474 0.50050386 0.73490408
v -2.00419159 -0.49778121 0.73806668
v -2.00265512 -0.50050494 0.73490408
v -2.00567891 -0.50170987 0.73623503
v -2.00492300 -0.49859862 0.73796948
v -1.88614126 -0.72657201 0.68629694
v -1.98932563 0.55544632 0.71733446
v -1.98900639 0.55738538 0.71664952
v -1.98539791 0.55618388 0.71808128
v -1.98365001 0.55896097 0.71725801
v -1.92313644 -0.69532872 0.69363552
v -1.92375335 0.69550002 0.69529842
v -1.92313606 0.69532763 0.69363552
v -1.96666795 -0.64164200 0.74571882
v -1.97237019 -0.63480912 0.74717166
v -2.00446140 0.49068818 0.74834221
v -1.88946552 -0.72316758 0.67787701
v -1.88313228 -0.72429795 0.67730069
v -1.88630043 -0.72429795 0.67730069
v -1.93601078 -0.67387735 0.69124018
v -1.93598368 -0.67491900 0.69088445
v -1.94040315 -0.66894284 0.69188078
v -2.01287772 -0.47651477 0.74694952
v -1.96723559 -0.62847398 0.74722549
v -1.96718160 -0.62839171 0.74668063
v -1.97006523 -0.61769114 0.74678849
v -2.00807469 -0.49077585 0.73482877
v -2.00837325 -0.48978867 0.73453033
v -2.00801673 -0.49004699 0.73437346
v -2.00863580 -0.48947862 0.73481964
v -2.00830202 -0.49043842 0.73500779
v -2.00837325 0.48978759 0.73453033
v -2.00807430 0.49077429 0.73482877
v -2.00801622 0.49004591 0.73437346
v -2.00892174 0.48866382 0.73508124
v -2.00836208 0.49028200 0.73489245
v -1.91360185 -0.70993408 0.71055267
v -1.91871557 -0.70865240 0.70962667
v -1.92358345 -0.70392595 0.71683984
v -1.99195347 -0.53066938 0.74337462
v -1.99255570 -0.52938501 0.74292863
v -1.95731653 -0.66312722 0.73752591
v -1.95571675 -0.66502170 0.73542672
v -1.94887107 -0.67490671 0.72965760
v -1.95173180 -0.67057823 0.73144610
v -1.94984175 0.67487815 0.73229156
v -1.94789963 0.67493311 0.72702319
v -1.95918437 0.66028689 0.73933930
v -1.95571637 0.66502062 0.73542672
v -1.98756030 0.57662497 0.75857252
v -1.98318411 0.59151799 0.75913747
v -1.98388450 0.59152271 0.75896445
v -1.97945431 0.60634233 0.75935568
v -1.97579651 0.62037763 0.75931011
v -1.95694400 0.63873070 0.68797190
v -1.95384994 0.64506213 0.68668958
v -1.95027523 0.65132281 0.68531509
v -1.94647689 0.65748246 0.68395146
v -1.96529896 0.61379624 0.70275680
v -1.96294505 0.61397545 0.70340958
v -1.96596118 0.60554850 0.70539765
v -1.96279379 0.61400009 0.70349759
v -1.97897130 -0.59151435 0.75907665
v -1.98265068 -0.57658413 0.75868389
v -2.00677628 -0.49160956 0.73514035
v -2.00698945 -0.49138583 0.73453110
v -2.00364080 -0.48922119 0.73903193
v -2.00432317 -0.48776979 0.74070764
v -2.00324765 -0.49075855 0.73739616
v -1.88465738 -0.72355952 0.67803720
v -1.88337097 0.72369942 0.67789635
v -1.88465700 0.72355843 0.67803695
v -1.88947625 0.72354197 0.67963427
v -1.98236207 0.57564453 0.70221233
v -1.98276084 0.57573522 0.70244107
v -1.98793647 0.55847317 0.70627630
v -1.99808874 0.51197419 0.75586069
v -1.99957650 0.50721308 0.75565739
v -2.00220211 0.51038172 0.75586024
v -2.00089534 0.50627202 0.72946077
v -1.99989517 0.50819819 0.72752688
v -1.99850576 0.51289351 0.72358781
v -1.97643435 0.59411965 0.69826885
v -1.97333066 0.60313709 0.69647454
v -1.97314774 0.60307793 0.69625634
v -1.97010200 0.61155721 0.69462331
v -2.00734889 0.48745005 0.75246686
v -1.99240763 0.51750442 0.71994966
v -1.99420105 0.51270250 0.72360925
v -1.99254153 0.51745723 0.71987525
v -1.99717914 0.50404349 0.73149461
v -1.99574951 0.50816519 0.72758566
v -1.99569373 0.50808085 0.72784593
v -1.96499414 0.61454086 0.70439277
v -1.96293241 0.61424217 0.70437732
v -1.99221339 0.52794010 0.74067221
v -1.99188436 0.52890502 0.73926028
v -1.99242180 0.52784446 0.74177056
v -1.93819253 -0.68606353 0.71199600
v -1.93367560 -0.69008141 0.70784736
v -1.93576422 0.68863473 0.71020802
v -1.93692235 0.68703534 0.71054339
v -1.94169734 0.68381747 0.71689888
v -2.00056039 0.52615783 0.73580239
v -2.00160152 -0.52354260 0.74147787
v -2.00082967 -0.52471520 0.74054006
v -1.99306692 -0.55464796 0.75509775
v -1.98940962 -0.56971138 0.75519317
v -1.99599982 -0.54257565 0.75414335
v -1.98940886 0.56971183 0.75519368
v -1.99644684 0.53851723 0.74979314
v -1.99306730 0.55464534 0.75509712
v -1.92074679 -0.70515000 0.71792093
v -1.91350969 -0.71036163 0.71086164
v -1.92111926 -0.70521548 0.71797863
v -1.94593236 -0.64528908 0.68659907
v -1.94993035 -0.64184983 0.68784045
v -1.94566328 -0.64500245 0.68567269
v -1.95706903 -0.67565992 0.74486194
v -2.00089553 -0.50627311 0.72946077
v -1.99989517 -0.50819927 0.72752688
v -1.99708583 -0.51776961 0.71987359
v -1.99827165 -0.51275809 0.72358181
v -1.94593185 0.64528793 0.68659901
v -1.94991857 0.64186091 0.68783655
v -1.94923595 0.63884331 0.68795914
v -1.94567515 0.64520305 0.68632553
v -2.00721206 -0.49979070 0.73922391
v -2.00571108 -0.50400839 0.73474541
v -2.00615771 -0.50331464 0.73586799
v -2.00586381 -0.50195903 0.73623689
v -2.00586323 0.50195793 0.73623692
v -2.00551639 0.50512510 0.73399662
v -2.00646119 0.50189846 0.73698441
v -1.99243992 -0.52855187 0.74362519
v -1.89351762 0.71546227 0.67330431
v -1.97643473 -0.59412074 0.69826905
v -1.97314812 -0.60307946 0.69625634
v -1.97333104 -0.60313869 0.69647454
v -1.97010238 -0.61155830 0.69462331
v -1.98469406 -0.55902794 0.71719252
v -1.98584321 -0.55605283 0.71807953
v -1.98932517 -0.55544826 0.71733448
v -1.98900678 -0.55738646 0.71664952
v -2.01324815 0.46007904 0.74750363
v -1.98395017 0.59139800 0.75640053
v -1.97594892 -0.62011104 0.75697797
v -1.97763192 -0.60621513 0.75766725
v -1.98395055 -0.59139934 0.75640057
v -1.95357921 0.67619539 0.74376435
v -1.94905469 0.68179749 0.73973449
v -1.96112687 0.66453544 0.74994082
v -1.95732942 0.67074691 0.74732141
v -1.94905507 -0.68179857 0.73973449
v -1.95357940 -0.67619647 0.74376445
v -1.96112738 -0.66453652 0.74994082
v -1.95732981 -0.67074800 0.74732141
v -1.99021507 -0.53432450 0.73193265
v -1.99189603 -0.53497607 0.73054103
v -1.98734254 -0.54079506 0.72657503
v -1.98860003 -0.53733620 0.72948314
v -1.99324562 -0.54703851 0.71968423
v -1.99227041 -0.55005675 0.71809568
v -1.99382949 -0.54382250 0.72297975
v -1.99475107 -0.54141970 0.72467165
v -1.99361605 -0.53689633 0.73056076
v -1.99406536 -0.53734717 0.72982073
v -1.92107382 0.70521280 0.71797723
v -1.98551427 -0.55338335 0.70635263
v -1.97934007 -0.57518922 0.70134798
v -1.98172014 -0.56602767 0.70335731
v -1.96043567 -0.63091213 0.70048893
v -1.98810841 0.53133428 0.71228782
v -1.98795677 0.53136938 0.71237213
v -1.99081487 0.52223505 0.71671360
v -1.98944658 0.52672466 0.71423422
v -1.97939177 -0.58485222 0.70017026
v -1.98276122 -0.57573631 0.70244107
v -1.98236245 -0.57564561 0.70221233
v -2.00426754 0.49204812 0.73424587
v -1.99280754 0.53226124 0.71451044
v -1.99328685 0.53234715 0.71471736
v -1.98273837 0.54938183 0.70733971
v -1.98111038 0.55442733 0.70617884
v -1.98680272 0.53641811 0.71065058
v -1.91465773 0.69274224 0.67482622
v -1.91905154 0.68726804 0.67591312
v -1.92280699 0.68628760 0.67694858
v -1.92861768 0.68073428 0.67855381
v -1.98316611 0.55351141 0.71911403
v -1.98223085 0.55610312 0.71781180
v -1.98233718 0.55619011 0.71803230
v -1.98641724 0.55073161 0.72065031
v -2.03214285 0.39651583 0.73552162
v -2.02857707 0.41157446 0.73533960
v -2.02842990 0.41163209 0.73518732
v -2.02572900 0.42473112 0.74037390
v -2.02900711 0.41050026 0.73818737
v -2.02900737 -0.41050135 0.73818724
v -2.03214285 -0.39651691 0.73552162
v -2.02842990 -0.41163318 0.73518732
v -2.02857746 -0.41157580 0.73533960
v -1.96162163 -0.64965870 0.74278464
v -1.95976911 -0.64964555 0.74278228
v -1.96387763 -0.64783331 0.74373257
v -1.90537741 0.71883511 0.69976308
v -1.96423829 0.64586830 0.74459044
v -1.96285991 0.64975450 0.74284291
v -1.96146041 0.64965180 0.74278120
v -1.95716642 0.65391401 0.74015636
v -1.95959755 0.64965346 0.74280047
v -1.89609848 0.70934768 0.67146366
v -1.90287760 0.70698707 0.67325452
v -2.00666842 0.49308562 0.74695252
v -2.00714249 0.49255270 0.74846499
v -2.00599266 0.49651098 0.74522637
v -1.99338450 0.52671157 0.71416606
v -1.95676498 0.64554731 0.69540679
v -1.95667294 0.64548131 0.69479722
v -1.95630816 -0.64609961 0.69452557
v -1.96817608 -0.64681125 0.75123977
v -1.96898472 0.64297710 0.74885533
v -1.96736605 0.65064323 0.75362441
v -1.93343749 0.70011409 0.72049005
v -1.93954505 0.69443664 0.72618303
v -1.99469082 -0.52218846 0.71660982
v -1.99240801 -0.51750551 0.71994966
v -1.99256616 -0.51745621 0.71987174
v -1.99420143 -0.51270359 0.72360925
v -1.89257969 -0.71328343 0.67173395
v -1.89677250 -0.71301766 0.67331440
v -1.99262424 -0.52690971 0.74207876
v -1.99231968 -0.52871589 0.73968956
v -1.99198436 -0.52857810 0.73968235
v -1.99221321 -0.52794214 0.74067024
v -2.01188580 0.47779751 0.74719475
v -2.01172678 0.47966931 0.74669504
v -2.01120327 0.48092103 0.74615588
v -1.92713991 -0.67996718 0.69114274
v -1.92935588 -0.67770229 0.69121423
v -1.92713914 0.67996610 0.69114274
v -1.92935556 0.67770137 0.69121425
v -1.92879151 0.67745672 0.69109506
v -1.92658401 0.67993310 0.69083626
v -1.92675582 0.67995722 0.69106092
v -2.02291690 -0.41551283 0.74611887
v -2.02837527 -0.39154861 0.74529160
v -2.02484473 -0.40760415 0.74587570
v -2.00987168 -0.46946543 0.74763484
v -2.01312446 -0.45681665 0.74734898
v -2.01121833 -0.46467031 0.74758691
v -1.99210715 0.53015264 0.74408994
v -1.99800845 0.52557081 0.74394641
v -1.99541087 0.52777531 0.74427273
v -2.02998155 0.38276741 0.73536449
v -1.96198184 0.65200820 0.75667245
v -1.95883972 0.65929234 0.75459356
v -1.95896533 0.65938718 0.75484380
v -2.04340831 -0.33806526 0.73695878
v -2.04310631 -0.33716210 0.73699973
v -2.04411431 -0.33288870 0.73845377
v -2.04368300 -0.33635912 0.73731045
v -2.04340793 0.33806417 0.73695878
v -2.04389834 0.33462282 0.73788201
v -1.93757721 0.69427641 0.73111039
v -1.93820803 0.69407837 0.73105506
v -1.94365670 0.68861470 0.73681174
v -2.00082456 0.49886636 0.75425140
v -2.00150989 0.49595136 0.75383017
v -2.00162158 0.50685914 0.75389320
v -1.99973077 0.51047082 0.75445481
v -1.89403382 0.70946454 0.67279156
v -1.89660843 0.70951381 0.67343833
v -1.89859791 0.70479100 0.67327042
v -1.89859829 -0.70479266 0.67327042
v -1.89214225 -0.71327871 0.67334113
v -1.89403382 -0.70946563 0.67279136
v -1.89660881 -0.70951541 0.67343833
v -2.04476526 -0.32225169 0.74225303
v -2.04513624 -0.32256934 0.74220877
v -2.03629681 -0.37692751 0.74413468
v -2.03577627 -0.37682297 0.74429756
v -2.03577589 0.37682188 0.74429756
v -2.03629681 0.37692642 0.74413468
v -1.99894345 -0.52384530 0.74150123
v -1.99848980 -0.52476546 0.73966116
v -1.99747515 -0.52688718 0.73757537
v -1.99138123 0.56924969 0.74822788
v -2.00154397 0.52721405 0.74607234
v -2.00509552 0.51642893 0.75328015
v -1.99138123 -0.56925282 0.74822788
v -2.00154422 -0.52721466 0.74607208
v -2.01787325 0.45412196 0.73461202
v -2.01082761 0.48104417 0.73443753
v -2.01434424 0.46779644 0.73449165
v -1.98332248 -0.59141006 0.75679391
v -1.98610872 -0.57654009 0.75671808
v -1.96453628 0.66383543 0.75095101
v -1.96453666 -0.66383652 0.75095107
v -1.98724859 0.59042336 0.75648264
v -1.98666499 0.59154677 0.75792133
v -1.98724859 -0.59042649 0.75648264
v -1.98666538 -0.59154786 0.75792133
v -2.03920329 -0.34442997 0.73546316
v -2.03992666 -0.34041932 0.73554926
v -2.03833045 -0.34443393 0.73545901
v -2.03902471 -0.34041620 0.73554677
v -1.94419038 0.68715170 0.73485270
v -1.93917060 0.69213803 0.72899882
v -1.95374042 0.67602352 0.74366067
v -1.94922510 0.68161591 0.73963515
v -1.94939589 -0.68143599 0.73953581
v -1.94186296 -0.68945493 0.73183443
v -2.02677166 -0.39684573 0.73515905
v -2.02327686 -0.41184041 0.73474975
v -2.02642765 -0.39864144 0.73494588
v -2.02752477 -0.39942065 0.73486291
v -2.02838624 -0.39077440 0.73498086
v -1.96520961 -0.60224574 0.69511729
v -1.95997934 -0.61537617 0.69218260
v -1.96814302 -0.59396093 0.69777576
v -1.92495539 -0.70515887 0.71797812
v -1.91782244 -0.71049840 0.71102113
v -1.99898623 -0.52769487 0.74369097
v -1.99798573 -0.52807872 0.74331871
v -2.00168352 -0.52515015 0.74455696
v -2.00114712 -0.52716484 0.74485754
v -2.01466450 -0.46669502 0.74589421
v -2.01861398 -0.45099873 0.74553285
v -2.01631483 -0.46039400 0.74528330
v -2.01861359 0.45099765 0.74553285
v -2.01631432 0.46039237 0.74528266
v -2.01466450 0.46669346 0.74589421
v -2.01333023 0.47170918 0.74580224
v -1.92157408 0.70895571 0.70864786
v -1.91944015 0.71050936 0.70807842
v -1.90936185 -0.71681991 0.69803169
v -1.90114884 -0.72082515 0.68994710
v -1.90288653 -0.72048314 0.69235798
v -1.92384589 -0.70737595 0.71091499
v -1.91510759 -0.71300395 0.70261180
v -1.91652646 -0.71235807 0.70431005
v -1.93004441 -0.70013010 0.71945501
v -1.93282319 -0.69792566 0.72287325
v -1.94148328 -0.68984951 0.73200420
v -1.93917099 -0.69213912 0.72899882
v -1.92982627 0.70034700 0.71951580
v -1.93325795 0.69748860 0.72275154
v -1.93897301 0.69234134 0.72907726
v -1.92879125 0.68275004 0.69098235
v -1.92830026 0.68420684 0.69083950
v -1.97965063 -0.59195243 0.74787680
v -1.97712440 -0.59192620 0.74720462
v -1.98219766 -0.57916582 0.74736909
v -1.96750952 -0.62851751 0.74751377
v -1.97069887 -0.62588607 0.74820979
v -1.96750914 0.62851642 0.74751377
v -1.97070401 0.62586763 0.74821018
v -1.97712402 0.59192511 0.74720462
v -1.97964974 0.59195128 0.74787654
v -1.92879164 -0.68275112 0.69098235
v -2.03504078 -0.35913152 0.73604625
v -2.03681377 -0.35045725 0.73609839
v -2.03799717 -0.34489501 0.73641482
v -1.90673351 -0.69908468 0.67297102
v -1.91272901 -0.69328250 0.67432802
v -1.91465811 -0.69274333 0.67482686
v -1.91905154 -0.68726958 0.67591248
v -1.95275143 -0.68110693 0.74069120
v -1.94796881 -0.68645373 0.73582006
v -1.98571429 0.55281191 0.71756404
v -1.98308033 0.55316243 0.71834127
v -1.92475409 -0.68227437 0.69109915
v -1.92357082 -0.68660888 0.69087749
v -1.92357082 0.68660780 0.69087749
v -1.92494671 0.68227743 0.69126368
v -1.88854814 0.72521693 0.68631864
v -1.88977430 0.72493713 0.68290847
v -1.88977468 -0.72493822 0.68290853
v -1.88543002 -0.72592019 0.68269287
v -1.89778302 0.71455845 0.67528931
v -1.99773133 -0.52714021 0.74480450
v -1.99730129 -0.52919061 0.74542588
v -1.99867438 -0.52528581 0.74409913
v -1.99917181 -0.52371016 0.74308550
v -1.99917143 0.52370907 0.74308550
v -1.99867399 0.52528418 0.74409913
v -1.99636195 0.52838416 0.74481050
v -1.99730078 0.52918901 0.74542588
v -2.03981082 0.33351494 0.73665524
v -1.97938296 0.56730616 0.71516679
v -1.97471012 0.58096051 0.71189837
v -1.97458273 0.58088973 0.71163045
v -1.97202459 0.58853121 0.70993774
v -1.93424366 -0.67871388 0.68707101
v -1.92763555 -0.68516783 0.68431671
v -1.91303855 -0.69830537 0.67726117
v -1.90983618 -0.70190539 0.67744799
v -1.95848793 0.61891309 0.69217481
v -1.95525544 0.62681076 0.68958617
v -1.99627847 -0.52311855 0.71674187
v -1.99547980 -0.52248192 0.71665112
v -1.99642207 -0.51746147 0.71984544
v -1.88778056 -0.72360211 0.67716713
v -1.88780971 -0.72179789 0.67555571
v -1.88929773 -0.71914962 0.67392575
v -1.89097189 -0.71637915 0.67264770
v -1.99663065 0.51370123 0.72499038
v -1.95099388 -0.65144292 0.68617459
v -1.95078556 -0.65140093 0.68571832
v -2.00517778 0.49078214 0.73397335
v -1.89147364 0.71877856 0.67601919
v -1.89296275 0.71629120 0.67491998
v -1.88982204 -0.72098727 0.67719174
v -1.89221883 -0.71753597 0.67546946
v -1.89378734 -0.71581700 0.67529672
v -2.00687230 0.50652847 0.75440698
v -2.00525104 0.51241591 0.75492977
v -2.00586042 -0.50965145 0.75476571
v -2.00728316 -0.50542213 0.75422051
v -1.92458609 0.69208941 0.69126143
v -1.92519804 0.69088098 0.69114880
v -1.92506605 0.68897154 0.69241785
v -1.92459027 -0.69210138 0.69135844
v -1.92509541 -0.69125983 0.69081392
v -1.92506644 -0.68897211 0.69241785
v -1.95218417 -0.67199458 0.74956069
v -1.94820317 -0.67776485 0.74601783
v -1.99040679 0.54680633 0.71869146
v -1.98648246 0.55687208 0.71530322
v -2.01012441 -0.49111175 0.74991848
v -2.00969642 -0.49205916 0.74797744
v -2.01012441 0.49111066 0.74991848
v -1.99886725 -0.50042216 0.73491569
v -1.99992951 -0.49737929 0.73811946
v -1.99959010 -0.49742907 0.73816573
v -1.99932122 -0.49806468 0.73757805
v -1.99850780 -0.50046984 0.73496567
v -1.92385010 0.69285017 0.69702712
v -1.92350355 -0.69267733 0.69703555
v -1.92089307 -0.69092604 0.69916097
v -1.91960284 -0.69145851 0.69709114
v -1.97126293 0.64257227 0.74707541
v -1.96938335 0.64736140 0.74596748
v -2.00853325 -0.48797510 0.73424431
v -2.00686939 -0.48835161 0.73399106
v -1.89055550 0.71703844 0.67287804
v -1.88902808 0.71927798 0.67394419
v -1.88778228 0.72359823 0.67716540
v -1.88780933 0.72179629 0.67555571
v -2.04462132 0.32195492 0.74220858
v -2.04251594 0.32066092 0.74226991
v -1.91974222 -0.68165497 0.67712722
v -1.94820279 0.67776377 0.74601783
v -1.94367304 0.68318550 0.74160443
v -1.92334897 -0.68939647 0.69377095
v -1.92471043 -0.68842553 0.69275088
v -1.92289187 -0.69086215 0.69564868
v -1.92344317 -0.69086266 0.69702846
v -1.92289149 0.69086107 0.69564868
v -1.92470967 0.68842445 0.69275088
v -1.92334859 0.68939538 0.69377095
v -1.95383424 -0.63670021 0.69938454
v -1.95433282 -0.63495741 0.69974431
v -1.95877143 -0.62484949 0.70203350
v -1.96180275 0.65180180 0.75598508
v -1.96443825 0.65153668 0.75510350
v -2.04476413 0.32224931 0.74225311
v -2.04513624 0.32256826 0.74220877
v -2.04592050 0.32405299 0.74208936
v -2.04601776 0.32428879 0.74201309
v -1.99347143 0.53817240 0.72600350
v -1.99272751 0.53976120 0.72517840
v -1.99015616 0.54737097 0.71937842
v -1.99042798 0.54629338 0.72025263
v -1.95449205 0.66965115 0.73044647
v -2.04251594 -0.32066200 0.74226991
v -2.04462170 -0.32195629 0.74220858
v -2.03982224 -0.33351577 0.73665371
v -2.03924031 -0.33775217 0.73579006
v -2.03963716 -0.33563757 0.73606961
v -1.88682620 0.71654426 0.67260404
v -1.88906434 0.71328082 0.67248240
v -1.96930268 -0.60303970 0.70518008
v -1.97370964 -0.58741464 0.70906312
v -1.97527674 -0.57860465 0.71154824
v -1.97203021 -0.58835672 0.70927622
v -1.99328723 -0.53234877 0.71471767
v -1.99465572 -0.52784972 0.71656955
v -1.99557962 -0.52336590 0.71874967
v -1.99433644 0.52862577 0.74259875
v -1.99238006 0.52936459 0.74294516
v -1.99249909 0.52787603 0.74148316
v -1.99495939 0.52792567 0.74173916
v -1.99745735 0.52708329 0.74197440
v -1.99816201 0.52707626 0.74280053
v -2.00301776 -0.48781164 0.75073216
v -2.00487538 -0.48832488 0.74880395
v -1.96723010 -0.64912051 0.75063837
v -1.96694635 -0.64678610 0.74712873
v -1.96645287 -0.64671118 0.74692877
v -1.96645249 0.64670958 0.74692877
v -1.96694597 0.64678502 0.74712873
v -1.89443647 -0.72342649 0.68275619
v -1.89806887 -0.72274413 0.68761341
v -1.99197721 0.53770190 0.71331868
v -1.98871728 0.54831442 0.71043878
v -1.98894436 0.54847318 0.71094244
v -1.99479562 0.52830242 0.71671609
v -1.93919677 0.66243472 0.69331283
v -1.93912274 0.66229692 0.69286065
v -1.93552378 0.66904291 0.69229001
v -2.00561522 -0.48596506 0.74257218
v -2.00553580 -0.48427108 0.74427320
v -2.00646420 0.48163083 0.74648436
v -2.00553710 0.48426805 0.74427500
v -1.99428236 0.53881911 0.71164998
v -1.99572079 0.53397734 0.71318185
v -1.99707026 0.52956209 0.71499620
v -1.99428287 -0.53882065 0.71164998
v -1.99707064 -0.52956317 0.71499620
v -1.99007210 -0.55732564 0.71562645
v -1.98597316 -0.57091080 0.71229261
v -1.98039404 -0.58778557 0.70784519
v -1.99007147 0.55732507 0.71562619
v -1.98597239 0.57091176 0.71229222
v -1.98039365 0.58778404 0.70784519
v -1.93071704 0.67971246 0.68877517
v -1.92879445 0.67978637 0.68946337
v -1.93648890 0.67309706 0.68892005
v -1.93547591 0.67452962 0.68844649
v -1.96038334 0.62568263 0.69001901
v -1.95963432 0.62564172 0.68987030
v -1.95412770 0.63858030 0.68716199
v -1.95335736 0.63855145 0.68700135
v -1.93648929 -0.67309865 0.68892005
v -1.92975632 -0.67975076 0.68911927
v -1.93201704 -0.67581743 0.68958904
v -2.04400365 0.33800549 0.73596251
v -2.03291318 0.38822616 0.73523710
v -2.03581099 0.36612421 0.73531401
v -1.96406961 0.62614114 0.69166506
v -1.95979887 0.63492725 0.68943845
v -1.96087809 0.63255850 0.68987471
v -1.99067765 0.53850517 0.72976565
v -1.99362036 0.53688143 0.73057292
v -1.99379654 0.53552784 0.73192496
v -1.96484697 0.64328262 0.75776899
v -1.96102450 -0.63266911 0.69028394
v -1.96087847 -0.63255959 0.68987471
v -1.94796971 0.65691757 0.69448181
v -1.94019979 0.66842009 0.69215286
v -1.98175649 -0.58471605 0.75906811
v -1.98271973 -0.59151799 0.75916958
v -2.01804583 -0.45718711 0.74661100
v -2.01964075 -0.45121123 0.74628851
v -2.01804532 0.45718602 0.74661100
v -2.01964075 0.45120960 0.74628851
v -1.94047233 0.66689605 0.68869099
v -1.93556833 0.67273122 0.68645407
v -1.94301885 0.66310594 0.68953070
v -1.93802084 -0.66981472 0.68757253
v -1.93862033 -0.66872744 0.68733265
v -1.94459476 -0.66080197 0.69031783
v -1.94159038 -0.66454910 0.68827665
v -1.99330715 -0.56268349 0.75729549
v -1.99648666 -0.54956002 0.75678567
v -1.99691466 -0.54968415 0.75656625
v -1.99428784 -0.54895690 0.75758007
v -1.93603730 -0.67875832 0.71624374
v -1.93741312 -0.67868683 0.71616699
v -1.93999570 -0.67525598 0.72041736
v -1.99958972 0.49742799 0.73816573
v -1.99905157 0.49870026 0.73698897
v -1.99210045 -0.55423011 0.74777002
v -1.99704090 -0.53368603 0.74657957
v -1.99543869 0.53993410 0.74693911
v -1.99210045 0.55422823 0.74776977
v -1.99717531 0.53369017 0.74671988
v -1.99690572 0.53367973 0.74643932
v -1.93378777 -0.67522093 0.68010832
v -1.99851750 0.52454381 0.74134148
v -1.99874432 0.52440493 0.74290278
v -1.98528745 0.54231730 0.70907524
v -1.99181102 0.54385255 0.70966350
v -1.93472868 0.68178172 0.71205257
v -1.93839669 0.67870017 0.71616581
v -1.92908369 0.68470805 0.70829294
v -2.02011981 -0.44479039 0.74513596
v -2.02509759 -0.42366518 0.74475791
v -2.02869074 -0.40770973 0.74432931
v -2.02162717 0.43845209 0.74519005
v -2.02874467 0.40773693 0.74426054
v -2.02511214 0.42378648 0.74437772
v -1.95566340 -0.66583659 0.75233328
v -2.00646470 -0.48163117 0.74648496
v -2.00664870 -0.48036245 0.74700357
v -2.00588480 -0.48266492 0.74558792
v -2.00664850 0.48036136 0.74700357
v -2.00588429 0.48266335 0.74558792
v -2.00755670 0.48748094 0.75081213
v -2.00742152 0.48875532 0.74870560
v -2.00320017 0.48832774 0.74880376
v -2.00654945 0.48831986 0.74880414
v -1.96503052 -0.63620559 0.74699885
v -1.96514961 0.63625320 0.74722561
v -1.96503014 0.63620450 0.74699885
v -2.04089382 -0.32387908 0.74064416
v -2.04117286 -0.32153446 0.74238798
v -2.04108376 -0.32165680 0.74217769
v -1.91318611 -0.69737021 0.67541013
v -1.90820794 -0.70215059 0.67419074
v -1.95074420 0.66299859 0.73306764
v -1.95270994 0.66301952 0.73307249
v -1.95509397 0.65844082 0.73686158
v -1.95341039 -0.66072602 0.73496598
v -1.95411327 -0.65843195 0.73685877
v -1.95271032 -0.66302112 0.73307249
v -1.95074459 -0.66300018 0.73306764
v -1.96405403 0.62849383 0.70025048
v -1.96008146 0.63712929 0.69830102
v -1.95645556 0.64300282 0.69729065
v -1.97793754 0.61605149 0.75915392
v -1.92301307 0.69161689 0.69257262
v -1.92656397 0.68569447 0.68968244
v -1.92276869 -0.69228999 0.69324257
v -1.92325860 -0.69094595 0.69190267
v -1.92578074 -0.68679282 0.69006733
v -1.92734835 -0.68459828 0.68929750
v -2.00744029 -0.49207694 0.75065034
v -2.00738527 -0.49195172 0.74971451
v -2.00738540 -0.49126082 0.75038902
v -2.03170055 0.39165573 0.74395081
v -2.02457693 0.40760674 0.74491977
v -2.02083679 -0.42360806 0.74553425
v -2.02820805 -0.40765444 0.74449924
v -2.02457731 -0.40760782 0.74491970
v -1.96413305 -0.62321488 0.70217070
v -1.96781886 -0.61637570 0.70347485
v -1.96696664 -0.62162058 0.70180725
v -1.95165125 0.68180636 0.74118257
v -2.04108376 0.32165521 0.74217769
v -2.04077001 0.32422592 0.74069719
v -2.04227361 0.32061506 0.74227486
v -2.04249003 0.32088991 0.74211106
v -2.04146848 0.32058490 0.74227534
v -2.04132054 0.32072222 0.74224662
v -2.00448147 -0.48964667 0.75156109
v -2.00292509 -0.48862381 0.75198098
v -2.00280281 -0.48851640 0.75056041
v -1.99943540 0.49813224 0.73882068
v -1.99836905 0.50113685 0.73566057
v -2.00093995 0.50161842 0.73616132
v -2.00262359 0.49203290 0.73427549
v -2.00262359 -0.49203398 0.73427549
v -2.00950853 0.48659645 0.73492099
v -2.00950891 -0.48659700 0.73492099
v -2.00959545 -0.48648697 0.73555711
v -1.94592087 -0.68007463 0.74323316
v -1.94815951 -0.67726129 0.74524239
v -1.95379059 -0.67386998 0.74609075
v -1.95474473 -0.67119335 0.74812047
v -2.00373704 0.49746204 0.73810402
v -2.00162273 0.49737505 0.73811691
v -2.00157952 0.50218849 0.73315601
v -1.95080879 0.67686565 0.74463518
v -1.94815900 0.67726021 0.74524226
v -1.95885402 -0.63357667 0.69409422
v -1.95836233 -0.63306991 0.69154118
v -1.95885364 0.63357558 0.69409422
v -1.95836195 0.63306838 0.69154118
v -1.95519149 0.63941293 0.69016899
v -1.99769253 -0.52949405 0.74369418
v -1.99673191 -0.52907453 0.74325419
v -1.99546027 -0.53048075 0.74337494
v -2.01514279 -0.46852488 0.74684632
v -2.01448937 -0.47139690 0.74668382
v -2.01514279 0.46852325 0.74684632
v -2.01287721 0.47651369 0.74694952
v -2.01448899 0.47139581 0.74668389
v -2.03802921 -0.34169495 0.74302359
v -2.03615423 -0.35138109 0.74293443
v -2.03486488 -0.35853915 0.74297541
v -2.03390946 -0.36307091 0.74323944
v -2.03802883 0.34169364 0.74302404
v -2.03615384 0.35138000 0.74293443
v -2.03390946 0.36306982 0.74323944
v -2.03486463 0.35853908 0.74297547
v -1.99428274 0.54881744 0.75514894
v -1.99747604 0.53138299 0.75476955
v -1.99367508 -0.55173324 0.75512335
v -1.99747623 -0.53138408 0.75476955
v -1.99470767 -0.53665604 0.75551943
v -1.99648628 0.54955893 0.75678612
v -1.99330676 0.56268240 0.75729530
v -1.99691427 0.54968307 0.75656625
v -1.99428746 0.54895581 0.75758007
v -1.96811903 -0.63293531 0.75884721
v -1.96497589 -0.64333611 0.75799811
v -1.96484761 -0.64328371 0.75776905
v -1.99113818 -0.54294905 0.72567973
v -1.99236602 -0.54213595 0.72584991
v -1.98085573 -0.57746392 0.70973651
v -1.98216078 -0.57351240 0.71026349
v -1.98715222 -0.55717891 0.71425407
v -1.92968171 -0.68164814 0.68833039
v -1.93121039 -0.67968891 0.68853986
v -1.92809757 0.68363386 0.68885811
v -1.93121001 0.67968783 0.68853986
v -1.93079478 0.68010127 0.68789688
v -2.00728265 0.47796511 0.74742653
v -1.99605101 -0.52347490 0.71894586
v -1.99760126 -0.51886997 0.72209347
v -1.98651808 0.54335633 0.72557882
v -1.98766969 0.54139187 0.72738373
v -2.00259653 -0.51741434 0.73456588
v -2.00521171 -0.50611999 0.73315135
v -2.00396719 -0.50988027 0.73016110
v -2.00259577 0.51741376 0.73456569
v -2.00502191 0.50696102 0.73291510
v -1.92777277 -0.68997502 0.70118810
v -1.93005903 -0.68746507 0.70450828
v -1.92815022 -0.69224289 0.70063642
v -1.92814984 0.69224181 0.70063642
v -1.93005903 0.68746398 0.70450822
v -1.92777239 0.68997393 0.70118810
v -1.99769546 -0.52439031 0.71693104
v -1.99965622 -0.52020514 0.72015632
v -1.99998938 -0.52068984 0.72042955
v -1.88664469 -0.72570747 0.68631072
v -1.88413608 0.72615180 0.68264124
v -1.88542964 0.72591859 0.68269287
v -1.99406574 -0.51275548 0.72368035
v -1.99733142 -0.50398481 0.73142683
v -1.97365092 -0.63632347 0.74820714
v -1.96952006 -0.64822760 0.74681785
v -1.98053071 0.60345309 0.74711661
v -1.99499755 0.55305291 0.74658222
v -1.99436137 0.55393532 0.74630759
v -1.99499794 -0.55305456 0.74658241
v -1.99436124 -0.55394010 0.74630753
v -1.99181121 -0.53143128 0.74426667
v -1.99259386 -0.52843453 0.74372315
v -1.99272572 -0.52728279 0.74303508
v -1.99299116 0.53198037 0.73340546
v -1.99484961 0.53238595 0.73198489
v -1.99378543 0.53681425 0.72763493
v -2.03512247 -0.35871702 0.74393785
v -2.02817742 -0.39154912 0.74522043
v -2.03512209 0.35871594 0.74393785
v -2.02837488 0.39154727 0.74529204
v -2.02817742 0.39154781 0.74522043
v -2.02291690 0.41551044 0.74611887
v -1.92691206 -0.68092771 0.67799380
v -1.92280737 -0.68628875 0.67694858
v -2.02374647 -0.42824542 0.73473546
v -2.03344125 -0.39023182 0.73544695
v -2.01557959 0.44700899 0.74712050
v -2.02317168 0.41496628 0.74612557
v -1.94295572 0.65511368 0.68508837
v -1.93411317 0.66426662 0.68238040
v -1.92960218 0.67028369 0.68098083
v -1.93671522 0.66446938 0.68298410
v -1.99874981 0.51410785 0.72555189
v -1.99535298 0.52566123 0.71775774
v -2.00332169 0.49077639 0.73739476
v -2.00313813 0.49067996 0.73740241
v -2.00285821 0.49060608 0.73640008
v -1.95434776 0.64515544 0.68708962
v -1.94935030 0.65430863 0.68565533
v -1.95078518 0.65139984 0.68571839
v -1.99965584 0.52020352 0.72015632
v -1.99769572 0.52438971 0.71693130
v -1.96290791 -0.65492847 0.74069349
v -1.96556944 -0.65055732 0.74333575
v -1.96556906 0.65055624 0.74333556
v -1.91824333 0.69315133 0.67854234
v -1.92316682 0.68813782 0.67966104
v -1.93356813 0.67986522 0.68750900
v -1.92960053 0.68265686 0.68393863
v -2.00727805 -0.49203501 0.75417392
v -2.00956265 -0.49508314 0.75321543
v -2.00956214 0.49508152 0.75321543
v -2.00727767 0.49203392 0.75417392
v -1.99453969 0.53458828 0.74392796
v -1.99292498 0.53658998 0.74401585
v -1.99641850 0.53921526 0.74492615
v -1.97719308 0.58522265 0.70190151
v -1.98019019 0.57585779 0.70390567
v -1.97447193 0.59619625 0.70511728
v -1.97729021 0.58537570 0.70226600
v -1.97405900 0.59462009 0.70017677
v -1.92960257 -0.67028477 0.68098083
v -1.93411355 -0.66426770 0.68238040
v -1.93671547 -0.66447047 0.68298410
v -1.97759197 0.56627600 0.70433839
v -1.97454992 0.57532752 0.70200216
v -1.97296329 0.58031654 0.70007516
v -1.97470718 -0.57513107 0.70125856
v -1.97927854 -0.56072745 0.70461608
v -1.98349658 -0.55335973 0.70634146
v -1.98301306 -0.54937398 0.70730952
v -1.99587831 0.53910130 0.72595473
v -1.99694542 0.53640030 0.72750639
v -1.99867297 0.53131804 0.73274662
v -1.99902680 0.53060594 0.73263978
v -2.00407683 0.49914510 0.73976079
v -2.00303257 0.50209735 0.73665901
v -2.00348648 0.50225190 0.73681914
v -2.00209098 0.49708694 0.74077759
v -2.00355470 0.50062123 0.73820990
v -2.04024066 0.32936607 0.73816739
v -1.99403906 0.53069813 0.74330397
v -1.99210166 0.53070812 0.74332011
v -1.95532278 -0.63538655 0.68777938
v -1.95653509 -0.63218386 0.68840857
v -1.95412834 -0.63858138 0.68716174
v -1.99945359 0.52603279 0.74028512
v -1.99972802 0.52541609 0.74146701
v -1.99805121 0.52670159 0.74115321
v -1.94641345 -0.68234560 0.74047050
v -2.04546927 -0.32581839 0.74049303
v -2.04486481 -0.32971248 0.73853718
v -1.98516976 0.55799425 0.70771601
v -1.98565992 0.55805341 0.70793090
v -1.98249521 0.56663654 0.70567828
v -1.97957404 0.57574511 0.70357022
v -2.01683894 0.45420033 0.73430159
v -2.01284900 0.47053408 0.73420324
v -2.01128037 0.47560457 0.73412767
v -1.99888805 -0.49912736 0.73675857
v -2.00192946 -0.49054529 0.74637339
v -2.00056863 -0.49457537 0.74136842
v -2.00271780 -0.49008998 0.74642904
v -2.00697694 -0.48841422 0.74878301
v -1.92154917 -0.68666677 0.69231851
v -1.92345779 -0.68709649 0.69270371
v -1.92080308 0.68791776 0.69299008
v -1.92255495 0.68494018 0.69127635
v -1.92264028 0.68787749 0.69308448
v -2.04425358 -0.32561247 0.74150685
v -2.04100334 -0.32404307 0.74165166
v -2.03911177 -0.33507823 0.74225740
v -2.04003566 -0.32932337 0.74199331
v -2.04100334 0.32404176 0.74165166
v -2.04425358 0.32561135 0.74150685
v -2.04003528 0.32932229 0.74199331
v -2.04001613 0.32971272 0.74187147
v -1.98719520 0.55640843 0.71767943
v -1.98710729 0.55819542 0.71703361
v -1.98176054 0.56780426 0.71503267
v -2.01807955 -0.44404647 0.74698544
v -2.02033553 -0.43849039 0.74667048
v -2.01863185 -0.45108413 0.74679813
v -2.01863146 0.45108304 0.74679813
v -2.01403815 0.46114925 0.74743599
v -2.02033725 0.43543895 0.74669448
v -1.93392094 0.67912147 0.68971579
v -1.93162817 0.68184203 0.68960953
v -1.93962221 0.67253868 0.69031946
v -1.93162881 -0.68184312 0.68960921
v -1.93392132 -0.67912255 0.68971579
v -1.97719359 -0.58522373 0.70190151
v -1.98019057 -0.57585888 0.70390567
v -1.98127262 -0.57483053 0.70731836
v -1.98324806 -0.56721924 0.70643758
v -1.96736005 0.65185579 0.74445450
v -1.96958261 0.64766793 0.74638917
v -1.96954393 -0.64766386 0.74631608
v -1.97144993 0.59617844 0.69647640
v -1.96870830 0.60481834 0.69462838
v -1.96912845 0.61138432 0.69399586
v -1.96651095 0.61118206 0.69326152
v -2.00588314 -0.49685058 0.75251798
v -2.00457937 -0.49330310 0.75279197
v -2.00498924 -0.50306886 0.75274717
v -2.00498899 0.50306672 0.75274723
v -2.00588276 0.49684950 0.75251798
v -2.00088647 -0.49841105 0.73907852
v -1.99943540 -0.49813380 0.73882068
v -1.99836905 -0.50113793 0.73566057
v -1.89804125 0.72161235 0.69096901
v -1.90127457 0.71980273 0.69376406
v -1.89885511 0.72096417 0.69112148
v -1.90450827 -0.71799418 0.69655911
v -1.89397842 -0.72332012 0.68654629
v -1.98218426 0.57140332 0.71399552
v -1.97096360 0.60450685 0.70645902
v -1.96793481 0.61375321 0.70430364
v -1.96398651 0.62486200 0.70164935
v -1.96167332 0.64620340 0.74558333
v -1.95963955 0.65011184 0.74378232
v -1.96465280 0.64468370 0.74675890
v -1.96167370 -0.64620500 0.74558333
v -1.96465431 -0.64468477 0.74675929
v -1.95963993 -0.65011343 0.74378232
v -1.92701987 -0.68835818 0.68957393
v -1.92672506 -0.68865089 0.68905146
v -1.92719119 0.68816138 0.68935138
v -1.94691446 -0.66813797 0.72978659
v -1.94329189 -0.67225868 0.72550466
v -1.94775321 -0.67047031 0.72845872
v -1.94691408 0.66813689 0.72978639
v -1.94329151 0.67225702 0.72550466
v -1.94776156 0.67045970 0.72846903
v -2.03780749 0.36612527 0.73996330
v -2.03436260 0.38231443 0.73641125
v -2.03447773 0.38212107 0.73664305
v -2.03447773 -0.38212241 0.73664305
v -2.03626292 -0.37353934 0.73902884
v -2.04581372 -0.32694505 0.74166501
v -2.04516101 -0.33238488 0.73821673
v -2.04538962 -0.32928569 0.74215676
v -2.04529210 -0.32903732 0.74223641
v -2.04601776 -0.32428987 0.74201309
v -2.04588837 0.32641418 0.74160327
v -2.04595202 0.32567792 0.74169672
v -2.04529172 0.32903623 0.74223641
v -2.04538924 0.32928486 0.74215676
v -1.99851788 -0.52454489 0.74134148
v -1.94877693 0.65410576 0.69262227
v -1.94317407 0.66340437 0.69025790
v -1.94866537 -0.65433160 0.69205195
v -2.00818038 -0.47614693 0.74779817
v -2.00804699 -0.47611547 0.74777213
v -2.01162220 -0.46353066 0.74758449
v -2.00739434 -0.47802070 0.74764040
v -2.00729432 -0.47909106 0.74757708
v -1.98170393 0.58364859 0.70975610
v -1.97852697 0.59201944 0.70816788
v -1.97405504 0.60306114 0.70599720
v -1.99805159 -0.52670325 0.74115321
v -2.00113857 -0.52405390 0.74178799
v -1.96415730 0.61128680 0.70510184
v -1.96442944 0.61129682 0.70513087
v -1.97128489 0.59216036 0.70944714
v -1.89556493 -0.72312731 0.68397979
v -1.89556454 0.72312623 0.68397979
v -1.99301236 -0.52846487 0.74239313
v -1.99274270 -0.52798701 0.74172423
v -1.99450101 -0.52934783 0.74293641
v -2.03824148 -0.36944012 0.73601548
v -2.04012332 0.35969172 0.74051755
v -2.03824097 0.36943904 0.73601548
v -1.97557045 -0.59736478 0.74723978
v -1.97427204 -0.60211587 0.74723806
v -1.98143052 -0.57409096 0.74660047
v -1.97370593 -0.60518439 0.74743546
v -1.97442983 -0.61080729 0.74807449
v -1.97557007 0.59736369 0.74723978
v -1.98142809 0.57409721 0.74660060
v -1.97427408 0.60210642 0.74723755
v -1.97370555 0.60518331 0.74743527
v -1.97442341 0.61082189 0.74807408
v -1.95636979 -0.63984418 0.69590123
v -1.95857665 -0.63427150 0.69739506
v -1.95911812 -0.63420175 0.69715687
v -1.95931827 -0.63414309 0.69692781
v -1.95636940 0.63984309 0.69590129
v -1.95911774 0.63420066 0.69715681
v -1.95931788 0.63414201 0.69692781
v -1.97314468 0.63247490 0.75620562
v -1.97015101 0.64263655 0.75526044
v -1.97648235 0.62008054 0.75672498
v -1.97325152 0.63243271 0.75607105
v -1.97303784 0.63251708 0.75634019
v -1.97648273 -0.62008162 0.75672517
v -1.97303822 -0.63251874 0.75634019
v -1.97325190 -0.63243379 0.75607105
v -1.97159481 -0.63757819 0.75580031
v -1.98719701 -0.55640753 0.71767984
v -1.98710767 -0.55819656 0.71703361
v -2.00772309 -0.48964118 0.73600355
v -2.00781761 0.48947843 0.73610299
v -1.97409627 -0.60539980 0.70484189
v -2.01848199 -0.45083576 0.73452459
v -2.01082812 -0.48104526 0.73443753
v -2.01434462 -0.46779753 0.73449165
v -2.01182095 -0.47651685 0.73431142
v -2.04428632 -0.33322731 0.73707564
v -2.04297189 -0.33790178 0.73586199
v -2.04419907 -0.33615265 0.73626567
v -2.00697962 -0.49087174 0.74998556
v -2.00704535 -0.49099648 0.75100704
v -1.98986328 0.55204840 0.71890399
v -1.98687344 0.55579185 0.71801865
v -1.98687382 -0.55579294 0.71801865
v -1.98986379 -0.55205000 0.71890399
v -1.91408371 0.71101767 0.70327587
v -1.92097847 0.70651804 0.70962897
v -1.92438302 -0.70394398 0.71291593
v -1.91970144 -0.70582438 0.70698779
v -1.91408409 -0.71101875 0.70327587
v -1.93884102 0.68878970 0.73682629
v -1.97454992 -0.57532861 0.70200235
v -1.97748347 -0.56621626 0.70411258
v -1.94365797 -0.65466335 0.69457327
v -1.94139584 -0.65878202 0.69412740
v -1.98732313 -0.54134164 0.72731442
v -1.98749112 -0.54138038 0.72736675
v -1.98734282 -0.54324767 0.72593848
v -1.92467648 -0.69026477 0.69891544
v -1.92467610 0.69026369 0.69891544
v -1.92308200 0.69076645 0.69706663
v -1.97729060 -0.58537678 0.70226600
v -1.97714144 0.57839710 0.70049100
v -2.00539222 -0.49683434 0.74264379
v -1.92587252 0.69287691 0.69803909
v -1.92454767 0.69295982 0.69618604
v -1.92392032 0.69373558 0.69436652
v -1.92393974 0.69312590 0.69321053
v -1.92587290 -0.69287850 0.69803909
v -1.92454803 -0.69296103 0.69618595
v -1.92384980 -0.69303311 0.69403258
v -1.92384755 -0.69408264 0.69418682
v -2.01204918 -0.47294792 0.73521891
v -2.01340681 -0.46817743 0.73532186
v -2.00776132 -0.48737777 0.73505872
v -2.00776093 0.48737669 0.73505872
v -2.01340605 0.46817791 0.73532186
v -2.01204918 0.47294683 0.73521891
v -2.00840376 0.48706750 0.73519141
v -1.99454007 -0.53458936 0.74392796
v -1.99271462 -0.53660255 0.74401048
v -1.99634844 -0.53516814 0.74436592
v -1.99560157 -0.53428337 0.74404967
v -1.91869821 -0.69163141 0.67628138
v -1.92313251 -0.68862004 0.68069278
v -1.91546075 -0.69546492 0.67674499
v -1.93965987 -0.67603826 0.72117570
v -1.94086111 -0.67770782 0.72024632
v -1.93965961 0.67603660 0.72117570
v -1.94087091 0.67770197 0.72025480
v -2.00373743 -0.49746363 0.73810402
v -2.00221309 -0.50041792 0.73491154
v -1.92003236 -0.68922727 0.69382022
v -1.92038377 -0.68917851 0.69388590
v -1.93068887 0.69399714 0.70724454
v -1.92441162 0.69918214 0.70223262
v -1.92237436 0.69675871 0.69445086
v -1.92370158 -0.69557127 0.69528442
v -1.92171154 -0.69642545 0.69241587
v -1.92892244 -0.69508984 0.70514038
v -1.92916257 -0.69597326 0.70690585
v -1.91974516 0.69015289 0.69470363
v -1.92066899 0.69036852 0.69524736
v -2.04045153 0.32691091 0.73942566
v -2.04020869 0.32841135 0.73921064
v -1.92217252 0.69099332 0.69976004
v -1.92487814 0.68955749 0.70283154
v -1.92112688 0.69186474 0.69707435
v -1.92305002 0.69156848 0.69927183
v -1.92042142 -0.69167749 0.69708099
v -1.92237168 -0.69134626 0.69922528
v -1.92487725 -0.68955946 0.70282985
v -1.92520046 -0.69031558 0.70208251
v -2.00274175 0.51328745 0.75582073
v -2.00335345 -0.50834874 0.75566685
v -1.99522502 -0.52605975 0.75672498
v -1.94793792 -0.65218907 0.68692119
v -1.94402725 -0.65851735 0.68551811
v -1.95159228 -0.64578319 0.68832950
v -1.95159190 0.64578211 0.68832950
v -1.94793754 0.65218799 0.68692119
v -1.94402687 0.65851626 0.68551811
v -1.92958285 0.70058253 0.71955489
v -1.92682973 0.70276942 0.71615841
v -1.91990025 0.70792916 0.70944880
v -1.92634289 0.70324049 0.71623659
v -1.92658688 -0.70300604 0.71619753
v -1.92336556 -0.70535037 0.71280360
v -1.92634327 -0.70324158 0.71623659
v -1.97512420 0.62881192 0.74778176
v -1.97324001 0.63655651 0.74772042
v -1.98290967 0.59937641 0.74764467
v -1.97806885 0.61793214 0.74784891
v -2.00421929 0.49074758 0.73740171
v -2.00509238 0.48923737 0.73905453
v -2.00332679 -0.49239503 0.73486234
v -2.00397383 -0.49232636 0.73488640
v -1.92066574 0.68981936 0.69301446
v -1.91913596 0.69071692 0.69425593
v -1.92067189 -0.69175925 0.69537117
v -1.91913585 -0.69071823 0.69425586
v -1.92066638 -0.68982095 0.69301421
v -1.94517759 -0.66470425 0.69186298
v -1.94522522 -0.66506966 0.69147389
v -1.94517504 0.66470572 0.69186285
v -1.94642022 0.66320454 0.69188538
v -1.99254025 -0.52697363 0.74152277
v -1.99782656 -0.52488025 0.74129126
v -2.04146887 -0.32058599 0.74227534
v -2.04132093 -0.32072330 0.74224655
v -2.04203165 -0.32057029 0.74227981
v -1.99404711 -0.56091081 0.75225586
v -1.99923053 -0.53716802 0.74681887
v -1.99923014 0.53716636 0.74681887
v -1.98638992 -0.54389716 0.72402748
v -1.98635967 -0.54344913 0.72469526
v -1.93900198 -0.67375207 0.68931109
v -1.93763798 -0.67477090 0.68790737
v -1.93769872 0.67482306 0.68811722
v -2.00275098 -0.49239241 0.73486355
v -2.04471348 0.33593699 0.73666686
v -2.04471348 -0.33593834 0.73666731
v -1.96757258 0.62835393 0.74644047
v -1.96514655 0.63604309 0.74625015
v -1.96502733 0.63606147 0.74633401
v -1.99684828 0.51763883 0.71986194
v -1.99516464 0.52502613 0.71548932
v -1.99259323 0.52679965 0.74100208
v -1.93884102 -0.68879079 0.73682629
v -1.96912896 -0.61138540 0.69399586
v -1.97286437 -0.60303025 0.69607495
v -1.96816045 -0.60698250 0.69420916
v -1.96760819 -0.60685648 0.69410028
v -1.98027775 0.55762325 0.70637816
v -1.97748309 0.56621518 0.70411258
v -1.98177067 0.56166169 0.70612402
v -1.98929232 -0.52683526 0.71446162
v -1.98795715 -0.53137101 0.71237168
v -1.98943503 -0.52672653 0.71423569
v -1.99001102 -0.52458730 0.71568034
v -1.98937005 -0.52674566 0.71427545
v -1.92445999 -0.69169951 0.69244759
v -1.92388087 -0.69341876 0.69301695
v -1.90288615 0.72048154 0.69235798
v -1.99169052 -0.51984617 0.71829267
v -1.99072029 -0.52257411 0.71732304
v -1.99072973 -0.52233934 0.71689907
v -2.03819757 -0.36752831 0.73555851
v -2.04229652 -0.34444254 0.73564168
v -2.04361854 -0.34051177 0.73579913
v -1.97202523 -0.58853230 0.70993742
v -1.97458311 -0.58089081 0.71163083
v -1.98129789 -0.55921460 0.71684444
v -1.97833448 -0.56962752 0.71452251
v -1.97875571 -0.56785165 0.71475654
v -1.89406273 -0.71478394 0.67455820
v -1.89596561 -0.71282761 0.67458108
v -1.90073035 -0.70780560 0.67519352
v -1.90347051 -0.70459717 0.67484990
v -1.90346975 0.70459609 0.67484996
v -1.89516144 0.71327450 0.67419667
v -2.01150171 0.47614269 0.74631467
v -2.00728380 0.47779850 0.74677279
v -2.00728418 -0.47779959 0.74677247
v -2.01177066 -0.47616423 0.74625251
v -2.01150209 -0.47614377 0.74631467
v -2.01557997 -0.44700873 0.74712069
v -2.02120837 -0.42361042 0.74641883
v -2.01537242 -0.45097330 0.74726378
v -1.99518187 0.53661302 0.72984147
v -1.99406536 0.53734609 0.72982073
v -1.98952348 0.52670475 0.71419299
v -1.98854151 0.53132171 0.71225667
v -1.90151703 0.70440749 0.67203902
v -1.90673287 0.69908360 0.67297134
v -1.91225710 0.69337836 0.67423790
v -1.92658797 -0.68801266 0.70519565
v -1.92658899 0.68801158 0.70519578
v -1.93479097 0.68787430 0.71315836
v -1.92719365 0.69519450 0.70755486
v -1.93728011 0.68414444 0.71371694
v -1.93372704 0.68679486 0.70962692
v -1.93099269 -0.69153548 0.71035674
v -1.93724610 -0.68439130 0.71372542
v -1.93372743 -0.68679595 0.70962686
v -2.04417418 0.33417559 0.73674638
v -2.04410136 0.33707853 0.73611409
v -2.04290794 0.34049186 0.73571284
v -2.00779221 0.48925677 0.73672577
v -2.00749849 -0.48941716 0.73666482
v -2.00779259 -0.48925840 0.73672577
v -1.96463890 0.62841054 0.69995065
v -1.96181360 0.63465559 0.69853940
v -1.96497500 0.62832879 0.69966172
v -1.96805759 0.62124257 0.70113437
v -1.98430815 0.56892636 0.75770612
v -1.98923564 0.54880755 0.75677418
v -1.99114566 0.55551544 0.75599076
v -1.98854074 0.56222294 0.75657755
v -1.91841471 0.69166172 0.67603872
v -1.91325235 0.69707299 0.67507321
v -1.91294549 0.69712603 0.67482437
v -1.91318572 0.69736855 0.67541020
v -1.90384538 0.70683151 0.67389813
v -1.90820717 0.70214906 0.67419074
v -1.89532113 0.70948918 0.67311494
v -1.89219854 -0.70938591 0.67175973
v -1.89532132 -0.70949052 0.67311485
v -1.93385009 -0.66395752 0.68145388
v -1.92948092 -0.66994473 0.67997913
v -1.95537409 -0.67355817 0.74559482
v -1.95763565 -0.67042831 0.74710761
v -1.95748234 0.67058707 0.74721451
v -1.95341799 0.67636726 0.74386803
v -1.97512497 -0.63263503 0.75808012
v -1.97348731 0.63873813 0.75768434
v -1.93608172 0.69316245 0.72983713
v -1.93339593 0.69364501 0.73037056
v -1.94514338 -0.67784763 0.71996096
v -1.92813580 -0.69152553 0.70078366
v -1.94514300 0.67784655 0.71996115
v -1.92813541 0.69152444 0.70078366
v -1.92373159 0.68874567 0.69336092
v -1.92373197 -0.68874675 0.69336092
v -1.92518285 -0.68648469 0.69221170
v -1.96809707 0.61347713 0.70159682
v -1.96788684 0.61353999 0.70182620
v -1.97051429 0.60516180 0.70396879
v -1.97051493 -0.60516289 0.70396860
v -1.97189643 -0.60278498 0.70424910
v -1.96788722 -0.61354108 0.70182614
v -1.96809745 -0.61347821 0.70159682
v -1.97457277 -0.57515354 0.70134383
v -1.97136607 -0.58454364 0.69941160
v -1.96809796 -0.59383673 0.69731183
v -1.96815668 -0.59378375 0.69711398
v -1.96083763 0.66482207 0.75016184
v -1.96399213 0.65847854 0.75245658
v -1.96399264 -0.65847963 0.75245684
v -2.03664898 0.36877148 0.73642165
v -2.04181351 0.34433248 0.73663718
v -2.04223601 0.34429476 0.73668186
v -2.04181389 -0.34433382 0.73663718
v -2.04223640 -0.34429585 0.73668186
v -2.03664898 -0.36877282 0.73642165
v -2.00360467 0.52308498 0.75487789
v -1.99397154 0.56279454 0.75687936
v -1.99850142 0.54457515 0.75591462
v -1.99843913 0.54431367 0.75613398
v -2.00360506 -0.52308610 0.75487789
v -1.99397154 -0.56279614 0.75687936
v -1.99843861 -0.54431795 0.75613392
v -1.99850142 -0.54457943 0.75591417
v -1.99773343 -0.53418813 0.72931990
v -1.99702145 -0.53585958 0.72873927
v -1.99521672 -0.54098794 0.72450858
v -1.88922134 -0.71328139 0.67267731
v -1.88990488 -0.71638024 0.67411862
v -1.97457239 0.57515246 0.70134383
v -1.97142529 0.58448958 0.69921388
v -1.97927765 0.56072841 0.70461557
v -1.97788721 0.56600712 0.70333905
v -1.99223916 0.54823035 0.72017509
v -1.99080351 0.55146570 0.71874980
v -1.99358758 0.54476011 0.72222086
v -1.94946979 -0.65697635 0.69389656
v -2.02184978 -0.41749408 0.73552054
v -2.02319912 -0.41183856 0.73494856
v -2.04414623 0.33109892 0.73895152
v -2.04447810 0.32938704 0.73980112
v -2.04414623 -0.33110000 0.73895152
v -2.04020696 -0.32911437 0.73914589
v -2.04442347 -0.33001192 0.73989884
v -2.04447810 -0.32938838 0.73980112
v -1.93789683 0.67049277 0.68793227
v -1.93789734 -0.67049386 0.68793233
v -2.02184978 0.41749194 0.73552054
v -2.00637266 0.49750553 0.75144946
v -2.00568351 0.50031205 0.75239672
v -2.00500035 0.50389415 0.75251402
v -2.00637841 -0.49755847 0.75204627
v -2.00637279 -0.49750662 0.75144952
v -2.04040647 -0.32932446 0.73809853
v -2.04052595 -0.32742758 0.73893888
v -2.00161724 0.50833813 0.73152278
v -2.00152112 0.50775756 0.73148066
v -2.00234086 -0.50631922 0.73340412
v -2.00089400 -0.51036031 0.72964145
v -2.00152150 -0.50775864 0.73148085
v -1.98689884 0.59154473 0.75772565
v -1.98702253 0.59153796 0.75749512
v -1.99192973 0.57164170 0.75694006
v -1.98319879 0.60621194 0.75794603
v -1.98689935 -0.59154581 0.75772565
v -1.99192934 -0.57164489 0.75694051
v -1.98702291 -0.59153905 0.75749506
v -1.98319917 -0.60621353 0.75794603
v -2.04544323 -0.32267937 0.74212995
v -2.04516075 -0.32238224 0.74208846
v -2.04573413 -0.32300739 0.74202541
v -2.04604088 -0.32376323 0.74198905
v -1.96218792 0.61584469 0.69365919
v -1.96248502 0.61925314 0.69338732
v -1.96171264 0.61141157 0.69409639
v -1.98695296 0.55776780 0.71448842
v -1.98389177 0.56796277 0.71194605
v -1.98110815 0.57672894 0.70952730
v -1.98085496 0.57746392 0.70973632
v -2.01154042 -0.47913111 0.74699748
v -2.01229911 -0.47824344 0.74690229
v -2.01268332 -0.47647913 0.74708291
v -2.01421379 -0.47120144 0.74702145
v -2.00261045 -0.49169707 0.75422141
v -2.00241923 -0.49193133 0.75401290
v -2.00172229 -0.49542057 0.75460255
v -2.00164851 -0.49549445 0.75446751
v -2.01563116 -0.46727041 0.74596556
v -1.96990044 -0.60336666 0.69731694
v -1.96931711 -0.59880900 0.69763363
v -1.96825663 -0.59402066 0.69799971
v -1.99024404 -0.55084534 0.70812224
v -1.99248256 -0.54428278 0.70996404
v -1.99390389 -0.53847588 0.71130846
v -1.99390350 0.53847479 0.71130827
v -1.99024353 0.55084375 0.70812218
v -1.94647728 -0.65748355 0.68395146
v -1.95027575 -0.65132389 0.68531509
v -1.95385032 -0.64506321 0.68668983
v -1.95694438 -0.63873178 0.68797190
v -1.98675281 0.55810058 0.71452736
v -1.98655267 0.55843335 0.71456629
v -2.00272073 -0.48996948 0.75295344
v -2.00272035 0.48996840 0.75295344
v -2.00457899 0.49330201 0.75279242
v -1.98271935 0.59151690 0.75916951
v -1.93757836 -0.69427749 0.73111065
v -1.94365708 -0.68861579 0.73681129
v -1.93820841 -0.69407945 0.73105506
v -1.93155375 -0.69973867 0.72474275
v -2.04294776 0.34453266 0.73573339
v -2.03819719 0.36752697 0.73555858
v -2.04229614 0.34444146 0.73564168
v -1.99803309 -0.51272822 0.75596045
v -2.00070177 -0.50094561 0.75518136
v -1.94581377 -0.68574962 0.73988958
v -1.99379692 -0.53552893 0.73192490
v -1.99154232 -0.53610480 0.73187608
v -1.96326538 -0.64159171 0.74571838
v -1.95091084 0.67998352 0.74454099
v -1.95241036 0.67776900 0.74607489
v -1.95662418 0.67194627 0.74959426
v -1.99986292 0.52727193 0.73140253
v -1.93436910 -0.66827261 0.68033102
v -1.93889451 -0.66384328 0.68155026
v -1.98389254 -0.56796232 0.71194701
v -1.98695347 -0.55776946 0.71448836
v -1.96716360 -0.61183918 0.69564408
v -1.96666425 -0.61177995 0.69542977
v -1.96666374 0.61177887 0.69542977
v -1.96716322 0.61183810 0.69564408
v -1.97868767 0.56791739 0.71446842
v -1.97833410 0.56962644 0.71452251
v -1.97875533 0.56785057 0.71475661
v -1.97673917 0.57471648 0.71333228
v -1.93494848 0.67078151 0.68244613
v -1.92961406 0.67659473 0.68083340
v -1.93011621 0.67666544 0.68104414
v -1.93596364 0.67020825 0.68330098
v -1.92840385 0.67909709 0.68095211
v -1.93011660 -0.67666710 0.68104414
v -1.92961444 -0.67659581 0.68083359
v -1.93494886 -0.67078259 0.68244613
v -1.93816833 -0.66801798 0.68529690
v -1.92888609 -0.67869989 0.68128705
v -1.93535095 -0.67069298 0.68273021
v -1.99167820 0.51984614 0.71829442
v -1.89641709 -0.72214269 0.68883379
v -1.89605572 -0.72132630 0.68733967
v -1.89128115 -0.72409193 0.68320601
v -1.99327894 -0.53855916 0.72466801
v -1.99070088 -0.54576915 0.72040759
v -1.99097341 -0.54524382 0.72056255
v -1.92118793 0.69029254 0.69905272
v -1.92136906 0.69011964 0.69902254
v -1.92180050 0.69001587 0.69900524
v -1.92197448 0.69060744 0.69713077
v -1.92136945 -0.69012117 0.69902254
v -1.92045653 -0.69062735 0.69712988
v -1.92180140 -0.69001695 0.69900524
v -1.89040704 0.72473437 0.68295333
v -1.89128077 0.72409039 0.68320601
v -2.00241579 -0.48939252 0.74874715
v -1.94717543 -0.67470679 0.72287057
v -1.94717505 0.67470519 0.72287060
v -1.96094842 0.67003159 0.74837027
v -1.95706865 0.67565832 0.74486188
v -1.99153996 0.52936246 0.73727311
v -1.99040487 0.53227747 0.73423920
v -1.99071633 0.53161826 0.73477024
v -1.98999628 0.53342291 0.73303535
v -1.97445390 0.60432272 0.70316754
v -1.95406298 0.63468380 0.69881058
v -1.95134924 0.64033204 0.69753930
v -1.95130469 0.64038705 0.69772381
v -1.95857601 0.63427042 0.69739531
v -1.95420888 0.63465974 0.69872895
v -1.99216804 -0.53138461 0.71227129
v -1.99358133 -0.52675823 0.71417474
v -2.00196361 -0.52277298 0.74126913
v -1.99867335 -0.53131967 0.73274662
v -1.90253794 -0.69920001 0.67288148
v -1.90184559 -0.70431316 0.67211344
v -1.88319355 -0.72374556 0.67785186
v -1.88284590 -0.72553193 0.67985912
v -1.98620981 -0.55512172 0.74498908
v -1.98963543 -0.54080974 0.74433170
v -1.97694583 -0.59188535 0.74614995
v -1.98019772 -0.57913754 0.74584251
v -1.98963734 -0.54265058 0.70920040
v -1.99013778 -0.53957340 0.70992198
v -1.98845624 -0.54231838 0.70907543
v -1.89811668 0.72022159 0.69730245
v -1.89811681 -0.72022268 0.69730271
v -1.96949377 -0.63271627 0.75752710
v -1.97160910 -0.63261250 0.75690406
v -1.96792233 -0.63281845 0.75814139
v -1.96792169 0.63281737 0.75814171
v -1.97973628 -0.59188273 0.74616632
v -1.97689081 -0.60512153 0.74643543
v -1.94371554 0.65503850 0.68334980
v -1.93889451 0.66384220 0.68155026
v -1.89350218 -0.72288523 0.69116858
v -1.89833509 -0.71976379 0.69714947
v -1.89350180 0.72288415 0.69116858
v -1.89833470 0.71976271 0.69714902
v -1.95126589 -0.65516378 0.69271533
v -1.98804739 -0.55012013 0.70985062
v -1.99011155 -0.54313002 0.71160466
v -2.01223362 0.46005651 0.74655484
v -2.01447878 0.45095706 0.74631014
v -2.01747398 0.43843167 0.74593633
v -1.88991088 0.71637915 0.67411977
v -1.99715629 -0.52791549 0.73608438
v -1.99682454 -0.52898104 0.73454744
v -1.99508333 -0.53353039 0.72891962
v -1.90800473 -0.69973765 0.67545136
v -1.90800435 0.69973657 0.67545136
v -1.90748125 0.69969151 0.67523456
v -1.92997542 -0.68574399 0.70639641
v -1.92955547 -0.68452961 0.70817847
v -1.92703096 -0.68917041 0.70141745
v -1.98639745 -0.55445305 0.74595599
v -1.98990744 -0.54005096 0.74524928
v -1.98994867 -0.54033133 0.74531393
v -1.99341564 -0.53644753 0.74574372
v -2.00369007 -0.48806157 0.73468108
v -2.00304865 -0.49006269 0.73469927
v -2.00362842 -0.48806367 0.73463730
v -2.00415189 -0.48666720 0.74065533
v -2.00279732 -0.49102399 0.73623957
v -2.00506277 -0.48789598 0.73895950
v -2.00506277 0.48789489 0.73895950
v -2.00415125 0.48666666 0.74065456
v -2.00509238 -0.48923846 0.73905453
v -2.00418776 -0.49180132 0.73598389
v -2.00456763 -0.49071091 0.73740956
v -1.98627044 0.56223277 0.75826540
v -1.98998199 0.54880174 0.75778003
v -2.00241540 0.48939144 0.74874715
v -2.00177016 0.49115103 0.74641692
v -2.00242217 0.48969217 0.74873183
v -2.03796858 -0.34181102 0.74277507
v -2.03893268 -0.33796410 0.74303847
v -2.04053654 -0.32756069 0.74263255
v -2.00978753 -0.49552112 0.75291850
v -1.99341564 0.53644644 0.74574372
v -1.98990706 0.54004987 0.74524928
v -1.98639707 0.55445305 0.74595599
v -1.98994829 0.54033024 0.74531393
v -2.04550207 0.32887065 0.73928429
v -2.04512412 0.33255593 0.73781803
v -2.04510765 0.33218362 0.73778261
v -1.96509970 -0.62807522 0.69874587
v -1.96225143 -0.63433960 0.69732958
v -1.95819178 -0.64284833 0.69600603
v -1.96225066 0.63433801 0.69733009
v -1.95950271 0.64021569 0.69659185
v -1.96530036 0.63626577 0.74728446
v -1.96346125 0.64187521 0.74669652
v -1.96781166 0.63640778 0.74794381
v -1.96530087 -0.63626685 0.74728427
v -1.96346202 -0.64187629 0.74669652
v -1.96781204 -0.63640886 0.74794381
v -1.95940940 -0.64969431 0.74288618
v -1.96179944 -0.64581938 0.74455776
v -1.96642134 0.65197942 0.75670353
v -1.96338283 0.65936264 0.75488584
v -1.95999800 0.66587629 0.75256116
v -1.96017923 -0.66586646 0.75252021
v -1.96337913 -0.65936706 0.75488566
v -1.96642224 -0.65198050 0.75670309
v -1.99065340 -0.53647261 0.71065989
v -1.93155312 0.69973759 0.72474294
v -1.96927077 -0.60643832 0.70614974
v -1.99943325 -0.52574664 0.74261413
v -1.99932549 -0.52623163 0.74304568
v -2.00093028 -0.52603528 0.74423705
v -2.00018736 -0.52643650 0.74384920
v -1.99240278 -0.52834333 0.74247006
v -1.99249926 -0.52787716 0.74148280
v -1.99242218 -0.52784554 0.74177056
v -1.99793901 -0.52903766 0.74563745
v -1.99879704 -0.52628348 0.74520269
v -1.99838143 -0.52691753 0.74499067
v -1.99793901 0.52903657 0.74563745
v -1.99838105 0.52691645 0.74499067
v -1.99819430 0.52913246 0.74599211
v -1.96238169 0.64371860 0.74517107
v -1.96332518 0.64157856 0.74567708
v -1.96802916 0.62119718 0.70030301
v -2.04087327 -0.32410099 0.74146447
v -2.04106423 -0.32403733 0.74155574
v -2.04106385 0.32403624 0.74155574
v -2.04087289 0.32409965 0.74146428
v -1.99035694 -0.53252169 0.73390251
v -1.98903307 -0.53612181 0.73055255
v -1.99154022 -0.52936382 0.73727295
v -1.98504096 -0.54758401 0.72245202
v -1.98406754 -0.55072644 0.72057149
v -1.98398240 -0.55064105 0.72040600
v -1.92067235 0.69175840 0.69537116
v -1.92174600 -0.69206578 0.69706324
v -2.04474629 0.32634442 0.74126975
v -2.04422026 0.33021363 0.74148502
v -2.04468770 0.32633660 0.74144960
v -2.04472791 0.32646705 0.74138163
v -2.04474667 -0.32634550 0.74126975
v -2.04422026 -0.33021472 0.74148502
v -1.98831698 -0.53132538 0.71226344
v -1.98792026 -0.53141058 0.71246687
v -1.91529321 0.68803963 0.67553784
v -2.01203794 0.47967920 0.74615735
v -1.89309244 0.71321948 0.67177767
v -1.95000780 0.67773847 0.72910768
v -1.94993863 0.67580505 0.72625655
v -1.94444535 0.68054989 0.71896736
v -1.95030893 -0.67567930 0.72706453
v -1.94810680 -0.67988964 0.72725008
v -1.94596826 -0.67915354 0.72080318
v -1.94248313 -0.68230003 0.71673543
v -1.92369229 0.69166389 0.69469136
v -1.92347317 0.69123252 0.69547987
v -1.92348517 0.69070126 0.69443452
v -1.92380747 -0.69185249 0.69519701
v -2.01203846 -0.47968025 0.74615639
v -1.98462374 -0.57525199 0.71117821
v -1.98586300 -0.56721764 0.70510132
v -1.98586262 0.56721656 0.70510164
v -1.99022809 0.53757298 0.72856566
v -1.99189501 0.53497498 0.73054110
v -1.98859965 0.53733537 0.72948282
v -2.00276119 0.49176255 0.73599238
v -2.00273567 0.49143925 0.73607905
v -2.00269424 0.49135541 0.73571214
v -1.88678472 0.72423080 0.67733432
v -1.88683578 0.72604069 0.67958841
v -1.94212355 0.65138574 0.68418396
v -1.94566277 0.64500086 0.68567269
v -1.94733065 0.64184949 0.68657055
v -2.00041156 0.49604805 0.73959415
v -2.00424022 0.49471371 0.74106513
v -1.97044358 -0.64503875 0.74673891
v -1.97090425 -0.64260253 0.74685640
v -1.99071990 0.52257303 0.71732304
v -2.03948271 0.33499800 0.73653270
v -2.03911879 0.33753649 0.73646129
v -2.03955751 0.33564448 0.73611182
v -1.98598350 0.55553669 0.74510262
v -1.98963492 0.54080866 0.74433170
v -1.99134077 0.53332287 0.74382214
v -1.99828365 -0.52610274 0.75467129
v -2.01695178 0.45396792 0.73538753
v -2.01424097 0.46453089 0.73527986
v -2.02021477 0.44106474 0.73556062
v -2.01424136 -0.46453198 0.73527993
v -2.01695178 -0.45396901 0.73538753
v -2.02021541 -0.44106582 0.73556030
v -2.00121508 0.52416639 0.74314567
v -2.00185211 0.52328621 0.74300968
v -2.00179964 0.52390714 0.74380887
v -2.00747258 -0.49139678 0.74616443
v -2.00935829 0.49145601 0.74809928
v -2.00812204 0.48964510 0.74850488
v -2.00747182 0.49139569 0.74616443
v -2.03931881 0.33453819 0.74282747
v -2.03887843 0.33822635 0.74304887
v -2.03796839 0.34180983 0.74277529
v -1.94269540 -0.69178075 0.73021133
v -1.94269502 0.69177967 0.73021133
v -2.00079354 -0.50979069 0.72958688
v -2.00033440 -0.50965028 0.72941367
v -1.92960972 -0.68131863 0.68743470
v -1.92702094 -0.68505678 0.68893894
v -1.92704787 -0.68448142 0.68777143
v -1.92960908 0.68131754 0.68743502
v -1.92702056 0.68505570 0.68893894
v -1.92704570 0.68448302 0.68777182
v -1.97959689 0.60616369 0.75701607
v -1.98012943 0.60614429 0.75676193
v -1.98012981 -0.60614537 0.75676212
v -1.98520575 -0.58397086 0.75658087
v -1.95537377 -0.62572559 0.69015744
v -1.95450821 -0.62783576 0.68938895
v -1.95232879 -0.63221163 0.68849729
v -1.94923135 -0.63855675 0.68700205
v -1.91931908 0.68175402 0.67743306
v -1.91387003 0.68753374 0.67579958
v -1.91382599 0.68760286 0.67602832
v -1.91931946 -0.68175511 0.67743306
v -1.91382689 -0.68760394 0.67602768
v -1.91387016 -0.68753527 0.67579952
v -1.93330977 -0.68661929 0.70951466
v -1.93688141 -0.68373367 0.71357997
v -1.94050884 -0.68055511 0.71782399
v -1.94416932 -0.67706478 0.72217088
v -1.94462285 -0.67721776 0.72231863
v -1.94416894 0.67706370 0.72217088
v -1.94050845 0.68055403 0.71782399
v -1.94462234 0.67721617 0.72231863
v -1.93688090 0.68373259 0.71357997
v -1.93330939 0.68661820 0.70951466
v -1.95080918 0.64235043 0.69809321
v -1.94738637 0.64794203 0.69605517
v -1.93642406 -0.68897160 0.71217536
v -1.93642368 0.68897051 0.71217536
v -1.92289589 0.69060300 0.69513277
v -1.92143027 -0.69036146 0.69525017
v -1.92290068 -0.69034602 0.69461686
v -1.92348555 -0.69070234 0.69443452
v -2.00604015 0.49534089 0.75474424
v -2.02611173 -0.42384491 0.74555755
v -2.02975243 -0.40790335 0.74507179
v -2.02614683 -0.42392245 0.74527736
v -2.02267871 -0.43871386 0.74568359
v -2.02611173 0.42384328 0.74555755
v -2.02614645 0.42392137 0.74527736
v -2.02975243 0.40790227 0.74507179
v -2.02267833 0.43871278 0.74568359
v -2.01137036 0.47787713 0.74611401
v -2.01099393 0.47924895 0.74576200
v -2.01115955 -0.47854184 0.74598011
v -2.01104040 -0.47929460 0.74567779
v -1.89309320 -0.71322057 0.67177722
v -1.96032698 -0.63038579 0.69480568
v -2.03932991 -0.35778615 0.74233393
v -2.03940918 -0.35707037 0.74242838
v -2.03228798 -0.39176997 0.74372864
v -2.03543750 -0.37688087 0.74316298
v -2.03228759 0.39176863 0.74372864
v -2.03543712 0.37687978 0.74316298
v -2.03940918 0.35706982 0.74242838
v -2.03932953 0.35778494 0.74233409
v -1.92730572 -0.69922573 0.72417970
v -2.00260049 -0.50511555 0.73134641
v -2.00112134 -0.50922844 0.72752280
v -1.99924980 -0.51977759 0.72006895
v -1.99951173 -0.51373956 0.72362444
v -2.00260049 0.50511447 0.73134641
v -2.00112095 0.50922682 0.72752280
v -1.99951173 0.51373847 0.72362444
v -1.96425482 0.66428704 0.75145546
v -1.96077853 0.67019306 0.74856576
v -1.96441655 0.66414452 0.75125333
v -1.96750020 0.65791786 0.75354789
v -1.98143371 0.57549097 0.70190445
v -1.98493272 0.56670304 0.70414941
v -1.96750058 -0.65791894 0.75354789
v -1.96441693 -0.66414561 0.75125333
v -1.96425520 -0.66428813 0.75145546
v -1.96077891 -0.67019415 0.74856576
v -1.95380935 -0.66313696 0.73312221
v -1.94664079 -0.67166130 0.72475008
v -1.95025034 -0.66756784 0.72900827
v -2.03540048 0.37681192 0.74325010
v -2.03216518 0.39169476 0.74385788
v -2.03540086 -0.37681301 0.74325010
v -2.03216557 -0.39169584 0.74385788
v -2.04132169 0.32090903 0.74209408
v -2.04116137 0.32127189 0.74206702
v -1.93071410 0.68340958 0.71030514
v -1.92901565 -0.68479530 0.70834824
v -1.88274117 0.72560471 0.67982156
v -2.04455456 -0.33335202 0.73711907
v -2.04513714 -0.33088412 0.73819018
v -2.04511633 -0.32897784 0.73892567
v -2.04461328 -0.33044713 0.73814869
v -2.00786382 0.48776288 0.75074294
v -2.04155273 -0.34245125 0.73560622
v -2.04544285 0.32267803 0.74212995
v -2.04573375 0.32300630 0.74202541
v -2.04516075 0.32238116 0.74208846
v -2.04311894 -0.34034309 0.73694959
v -2.04346294 -0.33805974 0.73701642
v -2.04311894 0.34034200 0.73694959
v -2.04352625 0.33771334 0.73731300
v -1.94939550 0.68143434 0.73953581
v -1.94366084 -0.66666988 0.68947657
v -1.94105988 -0.66935150 0.68745647
v -1.94413856 0.66507723 0.68842702
v -1.94182555 0.66973238 0.68951978
v -1.94105950 0.66935041 0.68745647
v -1.96503678 0.65109018 0.74548147
v -1.96233669 0.65557876 0.74275279
v -1.95897656 0.66115979 0.73963148
v -1.96057927 -0.65876418 0.74133517
v -1.96233720 -0.65557984 0.74275279
v -1.96503716 -0.65109126 0.74548166
v -1.99375186 -0.53263829 0.73223948
v -1.99332719 -0.53107388 0.73431748
v -1.99449080 -0.53486921 0.72938639
v -1.99408170 -0.53450081 0.73000211
v -1.96141612 -0.64610180 0.74530959
v -1.96141573 0.64610071 0.74530959
v -1.99144416 0.53097008 0.73697793
v -1.99192411 0.52970096 0.73840449
v -1.95130546 -0.64038814 0.69772336
v -1.94866397 -0.64557047 0.69657992
v -1.90384712 -0.70683015 0.67389616
v -1.96561597 -0.61562454 0.69479311
v -1.96743012 -0.61190779 0.69589382
v -1.96755356 -0.61201157 0.69627216
v -1.97053076 -0.60345914 0.69765692
v -1.96742974 0.61190671 0.69589382
v -1.96433664 0.61947901 0.69419123
v -1.97066261 0.60349188 0.69778214
v -1.95078837 -0.64568204 0.68786193
v -1.95313232 -0.63914047 0.68894060
v -1.95313194 0.63913938 0.68894105
v -2.03797675 -0.34446877 0.73615392
v -2.03871300 -0.34046110 0.73602646
v -2.03871268 0.34045988 0.73602649
v -2.03797636 0.34446766 0.73615392
v -1.88678472 -0.72423189 0.67733388
v -1.92683139 -0.68223665 0.68967609
v -1.92599327 -0.68043564 0.69042518
v -1.92453071 0.68225337 0.69036180
v -1.92506950 0.68452539 0.69016344
v -1.90259282 -0.72040879 0.69745563
v -1.91025001 -0.71568757 0.70408310
v -1.96332556 -0.64157964 0.74567708
v -1.96514693 -0.63604418 0.74625008
v -1.96502771 -0.63606256 0.74633408
v -1.93401118 -0.69625778 0.72265734
v -1.93683967 -0.69133265 0.72257571
v -1.94242709 -0.68836372 0.73159175
v -1.94207594 -0.68644429 0.72825771
v -1.94507599 0.68569807 0.73438584
v -1.93977781 0.69102611 0.72879765
v -1.96415755 -0.61128839 0.70510158
v -1.96293280 -0.61424325 0.70437732
v -1.96596552 -0.60572829 0.70605713
v -1.96909487 -0.59699327 0.70802619
v -1.95024996 0.66756676 0.72900827
v -1.94664041 0.67165971 0.72475002
v -1.95380897 0.66313587 0.73312221
v -1.92455094 0.69263875 0.69822348
v -1.92724075 0.69177909 0.70229345
v -1.92492398 -0.69304406 0.69925964
v -1.92455139 -0.69263984 0.69822348
v -2.01447878 -0.45095814 0.74631014
v -2.02098499 -0.43840889 0.74547451
v -2.01747436 -0.43843276 0.74593633
v -2.01369618 -0.46840748 0.74621115
v -2.01223401 -0.46005782 0.74655503
v -2.04327786 0.32529196 0.74245687
v -2.04147014 0.32074290 0.74240400
v -2.04300863 0.32109451 0.74238387
v -1.91693215 -0.70261171 0.69309833
v -1.91349309 -0.70403751 0.68862602
v -1.92086696 0.70003182 0.69667523
v -1.91848593 0.70015799 0.69215372
v -2.00976930 0.48521728 0.74237886
v -2.00833315 0.49022114 0.73650275
v -2.00834562 -0.49034000 0.73605240
v -2.00824931 -0.48936749 0.73803543
v -2.00976982 -0.48521836 0.74237886
v -2.03344125 0.39022942 0.73544695
v -2.01229872 0.47824181 0.74690229
v -1.96965077 -0.62836076 0.74645093
v -1.97245067 -0.61766134 0.74648010
v -2.02002637 0.43139280 0.74666774
v -2.01629964 0.44450006 0.74707033
v -2.01252810 0.46007588 0.74750733
v -2.01537242 0.45097222 0.74726378
v -1.99404583 0.51267681 0.72399998
v -2.01185720 -0.47961892 0.74662166
v -2.01120378 -0.48092211 0.74615569
v -1.92683962 0.70124875 0.72018243
v -1.98784227 -0.57192992 0.74856385
v -1.98729901 -0.57300048 0.74834060
v -1.98729901 0.57299889 0.74834034
v -1.98784227 0.57192782 0.74856385
v -1.98299296 0.55456181 0.71869366
v -1.98269191 0.55622202 0.71811291
v -2.00777332 -0.48955733 0.73556981
v -2.00786879 0.48934794 0.73568501
v -2.00767758 0.48976455 0.73545436
v -1.98856014 0.55219223 0.71661334
v -1.98784622 0.55480407 0.71540773
v -1.98782197 0.55251584 0.71690660
v -1.98784661 -0.55480516 0.71540773
v -1.98872698 -0.55197296 0.71654926
v -1.98782197 -0.55251692 0.71690660
v -1.98663704 -0.54994723 0.71906106
v -1.99786485 -0.51843876 0.71993556
v -1.99830274 -0.51573492 0.72176468
v -1.98534246 0.56681154 0.70431216
v -1.98577914 0.56698131 0.70469809
v -1.98577952 -0.56698239 0.70469809
v -1.98534284 -0.56681262 0.70431216
v -1.98793685 -0.55847426 0.70627630
v -1.92734605 0.69972814 0.72468639
v -1.92074641 0.70514892 0.71792093
v -2.00755708 -0.48748203 0.75081213
v -2.00786458 -0.48776396 0.75074250
v -1.93278783 0.67784967 0.69086651
v -1.93278821 -0.67785076 0.69086651
v -2.00671156 -0.49152312 0.74863456
v -1.98399466 0.56535268 0.71305809
v -1.98163654 0.56656052 0.71350083
v -1.98131704 0.55896518 0.71627737
v -1.97867236 0.56797483 0.71395608
v -1.97862002 0.56798421 0.71418022
v -1.92932851 -0.68048753 0.67899416
v -2.03694205 0.35044123 0.73549424
v -1.93378813 0.67521901 0.68010853
v -1.92932813 0.68048644 0.67899416
v -1.93384971 0.66395644 0.68145388
v -1.93758282 0.66392025 0.68134673
v -1.92972894 0.66993471 0.67995316
v -1.93404999 0.66392861 0.68137047
v -1.94030358 -0.66437250 0.68463889
v -1.94436590 -0.65832607 0.68596997
v -1.94030320 0.66437097 0.68463889
v -1.93535031 0.67069190 0.68273046
v -1.95450655 0.62783729 0.68938857
v -1.94923097 0.63855566 0.68700205
v -1.95540026 0.62569620 0.69005849
v -1.99345547 0.53213969 0.71244910
v -1.99248179 0.53151241 0.71230135
v -1.99131792 0.53676971 0.71074791
v -2.03116227 0.39642750 0.73625654
v -2.02507206 0.42151570 0.73585114
v -2.02507206 -0.42151758 0.73585114
v -2.03116266 -0.39642887 0.73625654
v -1.89676096 -0.70464063 0.67224217
v -2.04208871 -0.32074896 0.74240585
v -2.04301576 -0.32109964 0.74238333
v -1.91781606 0.70356222 0.70119238
v -1.90769634 0.71190480 0.69452451
v -1.91275658 -0.70773485 0.69785860
v -1.91314934 -0.70632632 0.69669499
v -1.99698997 0.52776324 0.74260670
v -1.99913964 0.52727277 0.74357011
v -1.96726533 -0.62836606 0.74651220
v -1.96508732 -0.63605337 0.74629208
v -1.96508694 0.63605228 0.74629208
v -1.96864780 0.62302985 0.74663328
v -1.96726495 0.62836497 0.74651220
v -1.92556770 0.68302990 0.68179214
v -1.92312253 0.68589879 0.68183363
v -1.93418057 0.67312533 0.68410374
v -1.92998665 0.67811058 0.68293546
v -1.92605314 -0.68286256 0.68277833
v -1.92556821 -0.68303099 0.68179214
v -1.93208406 -0.67561904 0.68351960
v -2.03955795 -0.33564569 0.73611167
v -2.03930094 -0.33626835 0.73649699
v -1.97394706 -0.59450744 0.69980232
v -1.97706588 -0.58518155 0.70177789
v -1.97394667 0.59450635 0.69980232
v -1.99550622 -0.52844394 0.73975319
v -1.99574436 -0.52957492 0.73803172
v -1.99534628 -0.53127665 0.73606935
v -1.98310299 0.56677273 0.70600888
v -1.99478326 0.53136292 0.73623235
v -1.99619155 0.52902030 0.73854644
v -1.99272751 0.53590038 0.73189299
v -1.92497121 0.68802520 0.69039151
v -1.92543214 0.68727953 0.68971624
v -1.92416284 -0.68925976 0.69071576
v -1.99181638 -0.53871323 0.71347262
v -1.97365054 0.63632238 0.74820714
v -2.02398580 0.42657176 0.73593526
v -2.02086743 0.44013574 0.73895816
v -2.02086768 -0.44013650 0.73895822
v -2.02398618 -0.42657285 0.73593526
v -2.00265321 -0.49127264 0.73534522
v -2.00273605 -0.49144082 0.73607841
v -1.99999295 0.52769562 0.73637219
v -1.99957364 0.52800009 0.73666679
v -1.96651631 0.61900270 0.69249054
v -1.92286411 -0.68533763 0.69202805
v -1.92561404 -0.68443272 0.69171925
v -1.92286322 0.68533655 0.69202805
v -1.92607490 0.68451336 0.69166280
v -1.92561352 0.68443164 0.69171925
v -1.94249423 -0.67535159 0.72042961
v -1.94463484 -0.67610374 0.72056223
v -1.94024321 -0.67912881 0.71619511
v -1.94249430 0.67535051 0.72042945
v -1.94463395 0.67610266 0.72056223
v -1.94024282 0.67912721 0.71619511
v -2.03581316 -0.35667948 0.73536360
v -2.03172557 -0.37604037 0.73515873
v -1.99573955 -0.52912934 0.74300177
v -1.99493450 -0.52838264 0.74243177
v -1.91183026 -0.71348569 0.70282496
v -1.90641478 -0.71628122 0.69992167
v -1.90517362 0.71657151 0.70007427
v -1.91012785 0.71399812 0.70309391
v -1.90450788 0.71799310 0.69655911
v -1.91182949 0.71348460 0.70282477
v -1.98439974 -0.55708567 0.71598806
v -1.99626162 0.53663868 0.75723677
v -1.99349019 0.54881642 0.75776101
v -1.99545988 0.53047966 0.74337494
v -1.99634847 0.53516455 0.74436546
v -1.99560119 0.53428228 0.74404967
v -2.00241872 0.49193024 0.75401290
v -2.00172191 0.49541949 0.75460255
v -1.98729544 0.56161739 0.74697348
v -1.98888972 -0.55519352 0.74672116
v -2.04127459 -0.32739328 0.73890454
v -2.04145929 -0.32565229 0.73969378
v -1.92930222 0.68455322 0.70819360
v -1.92801019 0.68570650 0.70640755
v -1.92842861 0.68692270 0.70462419
v -2.03644500 -0.37700952 0.74400742
v -2.03917368 -0.36355117 0.74348733
v -2.03644462 0.37700843 0.74400742
v -2.03917368 0.36354980 0.74348733
v -1.98958948 0.57312302 0.74701953
v -1.99297397 0.55669394 0.74608170
v -1.99268245 0.55455523 0.74567409
v -1.98958986 -0.57312519 0.74701953
v -1.99297360 -0.55669257 0.74608095
v -1.99268245 -0.55455842 0.74567364
v -1.96171315 -0.61141266 0.69409639
v -1.95848870 -0.61891418 0.69217417
v -1.99258231 0.52791624 0.74332978
v -1.99257357 0.52752062 0.74290744
v -1.99272508 0.52728170 0.74303502
v -1.99282305 0.52692797 0.74262052
v -2.00911512 0.47140366 0.74696560
v -2.01130552 0.46324437 0.74687370
v -2.01213917 0.46005782 0.74662555
v -1.95843330 0.61878424 0.69171510
v -1.95537339 0.62572450 0.69015744
v -1.96479438 0.60281798 0.69529472
v -1.96160005 0.61116892 0.69321404
v -1.96154466 0.61122763 0.69342650
v -1.92664072 -0.69415963 0.69926402
v -1.92641973 -0.69502792 0.70009495
v -1.93084162 0.69145845 0.70397268
v -1.92584219 0.69466565 0.69836864
v -1.93152248 0.68456311 0.70816871
v -1.93250318 0.68473971 0.70814522
v -2.02477720 0.42465941 0.74172768
v -2.02509759 0.42366410 0.74475766
v -2.02163955 0.43855533 0.74479672
v -2.02163993 -0.43855641 0.74479646
v -2.02282244 -0.43239850 0.74034327
v -1.99389125 0.52689551 0.71420058
v -1.94877948 -0.65953330 0.69259316
v -1.95032251 0.65690468 0.69330003
v -1.94888377 0.65933951 0.69236028
v -1.90381937 -0.71986751 0.69757127
v -2.04372972 0.32452407 0.74057255
v -2.04262763 0.32406008 0.74056266
v -2.04301057 0.32979550 0.73811187
v -1.90259244 0.72040770 0.69745563
v -1.92246962 0.70457247 0.70534513
v -1.92247000 -0.70457356 0.70534513
v -1.98019440 -0.56382164 0.71598794
v -1.97214751 -0.58859255 0.71016514
v -1.97593526 -0.57755717 0.71273802
v -1.97788159 0.60513353 0.74657137
v -1.97664518 0.61390365 0.74690898
v -2.00785667 0.47564857 0.74697530
v -2.00932842 0.47073975 0.74683176
v -2.00779961 0.47596191 0.74688940
v -2.00678049 0.47931231 0.74647525
v -2.00785667 -0.47565017 0.74697530
v -2.00779999 -0.47596299 0.74688940
v -2.00932880 -0.47074083 0.74683176
v -1.98323427 0.56803451 0.74546832
v -1.98620917 0.55512114 0.74498927
v -2.01387999 -0.46872870 0.74615614
v -2.01628828 -0.46016882 0.74584050
v -2.01387999 0.46872704 0.74615614
v -2.01633678 0.46019797 0.74575891
v -2.01461191 0.46699368 0.74537412
v -1.93188423 0.67525011 0.67936944
v -1.92491428 0.68138143 0.67744678
v -1.92691168 0.68092663 0.67799380
v -2.01113907 0.45973870 0.73467157
v -2.01085186 0.46111890 0.73419692
v -1.99455169 -0.54319601 0.72222935
v -1.99321583 -0.54678873 0.72038273
v -1.99249060 -0.54800268 0.72011643
v -1.99283205 -0.54534230 0.72236210
v -1.94508939 -0.65955325 0.69175148
v -1.94651110 -0.65597599 0.69283359
v -1.95064094 -0.64982164 0.69393313
v -1.94869958 0.65409265 0.69275017
v -1.94650995 0.65597695 0.69283321
v -1.94508939 0.65955114 0.69175173
v -1.99512584 -0.53880916 0.72734365
v -1.94243845 -0.66348958 0.68259727
v -1.94970951 -0.65131655 0.68510077
v -1.94243807 0.66348849 0.68259727
v -1.99074875 0.54260495 0.75716191
v -1.99461487 0.52607600 0.75591507
v -1.99722062 0.51505947 0.75512801
v -2.03346117 -0.36633202 0.74423833
v -2.02807926 -0.39155100 0.74500893
v -2.03122993 -0.37657249 0.74440146
v -2.02807926 0.39154963 0.74500822
v -2.03122954 0.37657118 0.74440146
v -2.03346078 0.36633094 0.74423833
v -1.95501113 -0.63936059 0.68974291
v -1.95501075 0.63935951 0.68974291
v -1.99096727 -0.56200857 0.75814980
v -1.98223851 0.55587936 0.71724448
v -2.03360821 0.37084805 0.73520570
v -2.01701152 0.44099374 0.73418384
v -2.02212767 0.41724855 0.73457641
v -2.01151817 0.47789548 0.74581035
v -2.01187507 0.47676257 0.74553170
v -2.00994443 0.48260304 0.74066950
v -2.01151856 -0.47789657 0.74581028
v -2.01187545 -0.47676368 0.74553170
v -1.95205091 0.67164400 0.74893274
v -1.95560596 0.66559764 0.75182270
v -1.95211473 0.67154438 0.74875353
v -1.95211511 -0.67154553 0.74875353
v -1.99803270 0.51272714 0.75596045
v -1.99282860 0.53506357 0.75713446
v -1.97437352 0.58913539 0.69814718
v -1.97396046 0.58789248 0.69831902
v -1.99447944 0.54333011 0.72252471
v -1.99293812 0.54762007 0.71991437
v -1.99283167 0.54534121 0.72236210
v -1.98636171 0.54937079 0.70730372
v -1.98301268 0.54937289 0.70730946
v -1.93868683 0.68504261 0.71215826
v -1.93868734 -0.68504370 0.71215826
v -1.93454525 -0.68878709 0.70794864
v -1.99578895 -0.52783766 0.74087366
v -1.99555858 -0.52776811 0.74154254
v -1.97151950 0.58472490 0.70009980
v -1.96814264 0.59395984 0.69777595
v -1.94207556 0.68644320 0.72825771
v -1.94507637 -0.68569973 0.73438539
v -1.94693910 -0.68143753 0.73352430
v -1.94981775 -0.68048644 0.73922978
v -1.95141243 -0.67634320 0.73819184
v -1.96497551 0.64333502 0.75799811
v -1.96185649 0.65194119 0.75644799
v -1.96185726 -0.65194227 0.75644754
v -1.90581012 0.70120895 0.67293522
v -1.95674072 -0.65431124 0.74085918
v -1.95375382 -0.65900572 0.73772338
v -1.95366205 -0.65887737 0.73753051
v -1.95673996 0.65431016 0.74085943
v -1.95366166 0.65887628 0.73752980
v -1.95375344 0.65900463 0.73772338
v -2.03427795 -0.38762328 0.73716766
v -2.03223807 -0.39639689 0.73575739
v -2.02868123 -0.41146284 0.73563874
v -2.03545588 -0.38220733 0.73593481
v -2.03223769 0.39639581 0.73575739
v -2.03545575 0.38220625 0.73593481
v -2.02868085 0.41146175 0.73563874
v -2.00397344 0.49232527 0.73488640
v -1.95721863 -0.63875434 0.68807651
v -1.96039776 -0.63244905 0.68947703
v -1.95986829 -0.63239659 0.68927324
v -1.96013258 0.63242148 0.68937514
v -2.01027274 -0.49118980 0.75146050
v -2.01027235 0.49118872 0.75146050
v -2.00503679 0.50089369 0.73632723
v -2.00385180 0.50160792 0.73481032
v -2.00503679 -0.50089504 0.73632723
v -2.00385218 -0.50160901 0.73481032
v -1.96714943 -0.64701772 0.74734171
v -1.96898944 -0.64251452 0.74849958
v -1.97321220 -0.62902732 0.74977712
v -1.97087297 -0.63673691 0.74912281
v -1.96898906 0.64251286 0.74849958
v -1.96714905 0.64701663 0.74734171
v -1.97087259 0.63673582 0.74912261
v -1.92247103 -0.69014006 0.69258085
v -1.92031280 -0.68813788 0.69247759
v -1.92139574 -0.68645265 0.69156448
v -1.92247000 0.69013898 0.69258072
v -1.92139523 0.68645156 0.69156403
v -1.93262495 0.68862517 0.70930915
v -1.93896216 0.68436820 0.71781333
v -1.93669199 0.68781717 0.71748088
v -1.93647142 -0.68558862 0.71356478
v -1.93262534 -0.68862625 0.70930909
v -1.93896682 -0.68578538 0.72001550
v -1.93896254 -0.68436986 0.71781339
v -1.98933929 -0.54950079 0.71819403
v -1.99099562 -0.54312427 0.72285940
v -1.98997394 -0.54033867 0.72595793
v -1.91957322 -0.69071179 0.69572929
v -1.92012988 -0.69071753 0.69712566
v -1.92154853 -0.69004261 0.69900939
v -1.92012950 0.69071645 0.69712566
v -1.92154815 0.69004152 0.69900920
v -1.91957246 0.69071013 0.69572929
v -1.93286990 -0.67175352 0.69080377
v -1.93066177 -0.67463971 0.69060312
v -1.93069636 -0.67460193 0.69042582
v -1.93300649 -0.67173572 0.69073172
v -1.94013114 -0.66199775 0.69246862
v -1.99578857 0.52783658 0.74087366
v -1.99555979 0.52776681 0.74154309
v -1.93634900 0.66809291 0.69116054
v -1.93300610 0.67173463 0.69073172
v -1.93282676 0.67179546 0.69097801
v -1.93069598 0.67460084 0.69042588
v -1.93143345 0.67950574 0.68827129
v -1.93318659 -0.67736500 0.68821194
v -1.93338087 -0.67703223 0.68854911
v -1.93547668 -0.67453121 0.68844649
v -2.04439845 0.33227686 0.73740490
v -2.04592088 -0.32405408 0.74208936
v -2.04548816 -0.32350862 0.74219728
v -2.04572261 -0.32328589 0.74213956
v -1.99799569 0.52476281 0.74278503
v -2.04132207 -0.32091037 0.74209383
v -2.04123311 -0.32108435 0.74205438
v -2.00741425 -0.49132450 0.75087174
v -2.00689295 -0.49421225 0.75198270
v -2.00725852 -0.49233267 0.75153588
v -2.00704497 0.49099540 0.75100704
v -2.00741425 0.49132290 0.75087174
v -2.00725814 0.49233105 0.75153588
v -1.96462065 -0.65638420 0.74177446
v -1.96462027 0.65638254 0.74177446
v -2.03863501 -0.33797460 0.74217124
v -2.03617056 -0.35142011 0.74273346
v -2.03875679 -0.33770606 0.74209453
v -2.04016203 -0.32920919 0.74180528
v -2.04016203 0.32920785 0.74180528
v -2.03875679 0.33770549 0.74209453
v -2.03863437 0.33797482 0.74217143
v -1.97455516 0.58075404 0.71111833
v -1.97197711 0.58840804 0.70947318
v -1.96904356 0.59686798 0.70756201
v -1.96798781 -0.63289702 0.75861534
v -1.97158192 -0.62037508 0.75924910
v -1.97455554 -0.58075513 0.71111859
v -1.97197749 -0.58840912 0.70947318
v -1.96904394 -0.59686907 0.70756201
v -2.04204097 0.32121292 0.74244198
v -2.04129019 0.32135203 0.74243488
v -1.96808686 -0.59550250 0.69660219
v -1.95963470 -0.62564281 0.68987037
v -1.96321234 -0.61735103 0.69172595
v -1.95568784 0.67322537 0.74538414
v -1.95552701 -0.67339833 0.74548791
v -1.95374042 -0.67602460 0.74366067
v -1.98636375 -0.55430689 0.74586868
v -1.99050227 -0.53725654 0.74499016
v -1.99217225 -0.53010608 0.74415651
v -1.99184063 -0.53198304 0.74455381
v -1.98773543 -0.55536794 0.75784915
v -1.98696841 -0.55886562 0.75807872
v -1.98967168 0.54716578 0.72258937
v -1.98862320 0.54748125 0.72261841
v -2.00651358 0.48842992 0.73393755
v -2.00524402 0.48861909 0.73381150
v -1.96792839 0.63606559 0.74626250
v -1.92829990 -0.68420943 0.69083964
v -2.04404500 0.32172698 0.74203313
v -2.04404296 0.32151004 0.74217999
v -2.04298325 0.32085692 0.74224911
v -2.04404462 -0.32172781 0.74203268
v -2.04404334 -0.32151138 0.74217999
v -2.04298325 -0.32085800 0.74224911
v -2.01290070 0.45428598 0.73398516
v -2.00949870 0.47037271 0.73383476
v -2.01017100 0.46491134 0.73386702
v -1.96632159 0.61649351 0.69789332
v -1.96799196 0.61350856 0.70171151
v -1.96359694 -0.62450887 0.69910404
v -1.96799234 -0.61350964 0.70171148
v -2.01128075 -0.47560565 0.73412767
v -2.00793491 -0.48816324 0.73411670
v -1.98299775 -0.56803610 0.74549813
v -1.98598426 -0.55553669 0.74510294
v -1.98356462 -0.57911922 0.74589581
v -1.98521622 -0.56802832 0.74547687
v -2.03314078 0.39185250 0.74468541
v -2.03314129 -0.39185381 0.74468541
v -1.98265029 0.57658247 0.75868389
v -1.99225126 0.53007302 0.74420099
v -1.99157857 0.53258875 0.74453026
v -1.98636235 0.55430894 0.74586874
v -1.99050188 0.53725546 0.74499016
v -1.99004236 -0.55697666 0.71611450
v -1.98976001 -0.55680421 0.71647318
v -1.99004211 0.55697557 0.71611443
v -1.90596304 -0.71502732 0.70363363
v -1.90764273 0.71458139 0.70340007
v -1.89109868 0.71634746 0.67440917
v -1.89077925 0.71883205 0.67581720
v -1.96811864 0.63293423 0.75884721
v -1.96798742 0.63289593 0.75861534
v -1.97158153 0.62037348 0.75924910
v -1.89034226 -0.71760668 0.67496819
v -1.89147402 -0.71877965 0.67601919
v -1.91955561 -0.68592400 0.67609310
v -1.93115461 -0.67262387 0.67931531
v -2.04548778 0.32350725 0.74219728
v -2.04572293 0.32328427 0.74213944
v -1.91963104 0.68199081 0.67816000
v -1.91412302 0.68781086 0.67671658
v -1.90831325 0.69370009 0.67525453
v -1.90831363 -0.69370118 0.67525453
v -1.91412341 -0.68781194 0.67671658
v -1.91963156 -0.68199240 0.67816000
v -2.00278328 -0.52067047 0.74335994
v -1.96561258 0.65475691 0.75322868
v -1.96426159 0.65823914 0.75222433
v -1.96696396 -0.65127577 0.75423302
v -1.96412730 -0.65835993 0.75234062
v -1.96426197 -0.65824023 0.75222440
v -1.98475044 -0.55743988 0.70544520
v -1.98985983 -0.55065668 0.70797864
v -1.98829924 -0.54994876 0.70760119
v -1.93304076 -0.69770768 0.72281240
v -1.93877580 -0.69254573 0.72915570
v -1.93877541 0.69254465 0.72915570
v -1.93304037 0.69770659 0.72281237
v -2.04472791 -0.32646814 0.74138163
v -2.04463358 -0.32588442 0.74147066
v -2.04463358 0.32588333 0.74147066
v -2.04424068 0.32590245 0.74152485
v -2.00070177 0.50094401 0.75518092
v -2.00032764 0.50204859 0.75520421
v -1.98018802 0.58550302 0.70996397
v -1.97375201 0.60547728 0.70513260
v -1.97375252 -0.60547887 0.70513247
v -1.98018840 -0.58550411 0.70996397
v -2.04087914 -0.32300793 0.74189310
v -2.04082056 -0.32372603 0.74173712
v -2.04083702 -0.32371716 0.74165351
v -2.04086076 -0.32379209 0.74164416
v -2.04082056 0.32372495 0.74173712
v -2.04083664 0.32371607 0.74165351
v -2.04088451 0.32386593 0.74163481
v -2.04087902 0.32300710 0.74189336
v -1.96561297 -0.65475800 0.75322871
v -1.96721236 -0.65109018 0.75398756
v -1.96992253 -0.64276917 0.75551803
v -1.96708816 -0.65118297 0.75411029
v -1.96992163 0.64276809 0.75551847
v -1.96708778 0.65118163 0.75411029
v -1.91920713 0.69135627 0.67675852
v -1.93055033 0.68090033 0.68274980
v -1.91920739 -0.69135735 0.67675877
v -1.93055110 -0.68090142 0.68274980
v -1.98609442 -0.55519454 0.74577256
v -1.98288044 -0.56803610 0.74558378
v -1.95173141 0.67057715 0.73144610
v -1.94837600 0.67378398 0.72683874
v -1.95206801 0.66958464 0.73119821
v -1.94833700 0.67358699 0.72676953
v -1.95206840 -0.66958572 0.73119821
v -1.94833739 -0.67358807 0.72676956
v -1.94837638 -0.67378506 0.72683881
v -2.04312813 -0.33725385 0.74163296
v -2.04424796 -0.33040676 0.74142114
v -2.04424796 0.33040568 0.74142114
v -2.04217564 0.34284538 0.74175391
v -2.04331577 0.33660614 0.74140697
v -2.02825120 0.39053335 0.73593022
v -2.02674613 0.39683963 0.73579983
v -2.02996356 0.38276348 0.73598600
v -1.92489169 -0.69224079 0.69938735
v -1.96856744 -0.64692967 0.75475279
v -1.97015139 -0.64263763 0.75526044
v -1.97003696 -0.64270340 0.75538923
v -1.97003632 0.64270232 0.75538946
v -1.96721198 0.65108858 0.75398756
v -1.98622079 -0.54445516 0.72487007
v -1.98511066 -0.54764528 0.72255644
v -1.98476648 -0.54960128 0.72131622
v -1.92314640 -0.69172255 0.69353315
v -1.92329166 0.69030932 0.69234924
v -1.92314601 0.69172146 0.69353315
v -1.92281184 0.69159624 0.69362646
v -1.97916200 0.59188273 0.74612920
v -1.98143409 -0.57549206 0.70190438
v -1.98327895 -0.56632004 0.70369486
v -1.97563938 -0.59401275 0.69788515
v -1.97637602 -0.58452424 0.69926889
v -2.04460371 -0.33632925 0.73641827
v -2.04297189 0.33790043 0.73586199
v -2.04460371 0.33632791 0.73641827
v -1.89581013 -0.72415639 0.69144545
v -1.95986883 0.66846859 0.75098427
v -1.89580962 0.72415530 0.69144545
v -1.99268960 0.52844028 0.74241779
v -1.98476244 -0.54263699 0.71006819
v -1.98268042 -0.54966584 0.70830375
v -1.98257498 -0.54960036 0.70808025
v -1.98027813 -0.55762433 0.70637816
v -1.97759248 -0.56627709 0.70433858
v -1.93170157 -0.68225861 0.68917266
v -1.93047472 -0.68395196 0.68879253
v -1.96379325 0.64992477 0.74294496
v -1.96024574 0.65403604 0.74021565
v -1.96155282 0.65189527 0.74152928
v -1.99290054 -0.54905380 0.75784966
v -2.02554371 -0.42256871 0.73491978
v -1.96206021 -0.65764179 0.73927883
v -1.95386909 -0.66954692 0.72983458
v -1.95704426 -0.66459837 0.73379165
v -1.96205983 0.65764071 0.73927883
v -1.95704388 0.66459677 0.73379165
v -1.95755217 0.66501647 0.73403015
v -1.95386832 0.66954584 0.72983458
v -1.90116194 0.72081780 0.68996128
v -1.97369521 0.62668344 0.74938786
v -1.98124862 0.59791021 0.74919550
v -1.97369559 -0.62668452 0.74938786
v -1.98124900 -0.59791231 0.74919550
v -1.94922656 0.64816317 0.68514867
v -1.95026936 0.66348741 0.73370587
v -1.94492939 0.67008613 0.72752656
v -1.94308229 0.67207474 0.72531160
v -1.95026949 -0.66348907 0.73370613
v -1.94127031 -0.67396169 0.72315123
v -1.95760099 0.65619181 0.73851277
v -1.95411289 0.65843087 0.73685884
v -1.95953297 -0.64965870 0.74280909
v -1.95760195 -0.65619289 0.73851277
v -2.01182056 0.47651576 0.73431142
v -2.01485520 0.46473002 0.73435603
v -2.00894229 -0.49927776 0.75214691
v -2.00894229 0.49927770 0.75214691
v -2.04015999 0.33137980 0.73731115
v -2.04103577 0.32837557 0.73849771
v -2.04040647 0.32932337 0.73809853
v -1.90796107 0.69872517 0.67327291
v -1.90839417 0.69342451 0.67420312
v -1.98013900 0.55743248 0.70569188
v -1.97744798 0.56609104 0.70365108
v -1.97451150 0.57520281 0.70153300
v -2.04013778 -0.33138191 0.73731364
v -1.99931771 0.51061410 0.72556035
v -1.99827127 0.51275701 0.72358181
v -2.00291041 -0.48837021 0.74880146
v -2.00338627 -0.48737723 0.75083842
v -2.00328882 -0.48744115 0.75082263
v -1.99346032 -0.53387675 0.73378284
v -1.99272789 -0.53590146 0.73189299
v -1.93500592 0.66895120 0.69195552
v -1.93291445 0.67191015 0.69143932
v -1.93722874 0.66588210 0.69283614
v -1.93515348 0.66902032 0.69220781
v -1.93722912 -0.66588369 0.69283614
v -1.93291496 -0.67191123 0.69143932
v -1.93500630 -0.66895228 0.69195552
v -1.98248862 -0.55625004 0.71809066
v -1.98334060 -0.55353974 0.71917396
v -1.99090461 -0.53242424 0.73543827
v -2.00875516 -0.48626426 0.73976494
v -2.00793325 -0.48902992 0.73686847
v -2.00972488 -0.48312603 0.74305589
v -2.00858476 -0.48651840 0.73969716
v -2.00875491 0.48626263 0.73976538
v -2.00793287 0.48902883 0.73686847
v -2.00972425 0.48312495 0.74305563
v -2.00858412 0.48651779 0.73969671
v -1.92333372 0.69301783 0.69595203
v -1.92280546 0.69316877 0.69484043
v -1.92338739 0.69106332 0.69287600
v -1.92362915 -0.69040684 0.69221885
v -1.92348389 -0.69346114 0.69680336
v -1.96881276 0.64828348 0.74550089
v -1.96687614 0.65124788 0.74385674
v -1.96881362 -0.64828468 0.74550124
v -1.96687665 -0.65124948 0.74385674
v -1.98599664 0.53802574 0.71105387
v -1.98648884 -0.53677290 0.71162534
v -1.99397148 -0.53009925 0.71564361
v -1.99343722 -0.53276796 0.71487915
v -1.99411616 0.53053438 0.71579765
v -1.99287877 0.53515316 0.71470450
v -1.99397109 0.53009789 0.71564349
v -1.94376992 0.68332540 0.74179335
v -2.00242255 -0.48969326 0.74873183
v -2.00184534 -0.49127577 0.74662415
v -2.00177041 -0.49115317 0.74641634
v -1.95920140 -0.67245300 0.74755032
v -1.99314887 0.53698192 0.72784051
v -1.99519540 0.53292200 0.73113803
v -2.02931499 0.39155671 0.74527864
v -2.03103667 0.39164239 0.74510383
v -2.03262228 0.39176369 0.74486054
v -2.02931537 -0.39155780 0.74527864
v -2.03103705 -0.39164373 0.74510383
v -2.03262266 -0.39176477 0.74486060
v -2.00348686 -0.50225298 0.73681914
v -2.00407683 -0.49914619 0.73976079
v -2.00501184 -0.49647330 0.74271980
v -2.00061810 -0.52589857 0.73848216
v -2.00039580 -0.52580402 0.73910929
v -1.99999308 -0.52769671 0.73637193
v -1.96471422 0.65020827 0.74311499
v -1.96379377 -0.64992586 0.74294496
v -1.96286030 -0.64975558 0.74284291
v -1.96471460 -0.65020936 0.74311499
v -1.95972392 -0.62166519 0.70196482
v -1.95829474 -0.62507061 0.70108978
v -1.95686505 -0.62847500 0.70021525
v -1.91485091 -0.71295368 0.70723722
v -1.92014558 -0.70947348 0.71105776
v -1.92474088 -0.69041416 0.69244791
v -1.92526097 -0.69030511 0.69156352
v -1.92526059 0.69030402 0.69156352
v -1.92447932 0.69127735 0.69270367
v -1.92523314 0.68963280 0.69200383
v -1.98929194 0.52683418 0.71446162
v -1.93003998 0.67322241 0.68093658
v -1.92946892 0.67026588 0.68092869
v -1.92464610 0.67615193 0.67952453
v -2.02454029 0.40760383 0.74558729
v -2.02090163 0.42360832 0.74613010
v -2.01735948 0.43843375 0.74618224
v -2.01735948 -0.43843483 0.74618224
v -2.02090202 -0.42360995 0.74613010
v -1.98198679 0.59198013 0.74862563
v -1.97856641 0.60527655 0.74885462
v -1.97856679 -0.60527815 0.74885462
v -1.98198718 -0.59198121 0.74862563
v -1.97344681 0.60322772 0.69680981
v -1.97344720 -0.60322932 0.69680981
v -1.99614521 -0.51268369 0.72358146
v -1.99610653 -0.50812285 0.72753173
v -1.95421616 0.63494056 0.69969006
v -1.95150739 0.64059397 0.69841763
v -1.94886986 0.64577739 0.69726275
v -1.99212004 -0.55681474 0.75144065
v -1.98404699 -0.59140011 0.75626118
v -1.98404661 0.59139902 0.75626111
v -1.98836453 0.57193120 0.75186297
v -2.00137535 0.52407535 0.74062948
v -2.00079066 0.52544960 0.73901736
v -1.98151234 -0.55895005 0.71717434
v -1.95662457 -0.67194735 0.74959426
v -1.95958587 -0.66859989 0.75102277
v -1.99563591 -0.50877521 0.72833558
v -1.99563527 0.50877412 0.72833590
v -1.99402834 0.51329203 0.72442484
v -1.88267913 -0.72412071 0.67747754
v -1.88271079 -0.72427854 0.67731990
v -2.00291003 0.48836913 0.74880146
v -2.00335602 0.48738240 0.75083632
v -1.98963671 0.54264898 0.70920014
v -1.98732926 0.54954898 0.70739549
v -1.98681957 0.54941010 0.70732376
v -1.98414272 0.55735174 0.70537972
v -2.01339124 -0.45149598 0.73498839
v -2.01440449 -0.44697414 0.73479813
v -1.95511478 -0.66917155 0.73907466
v -1.95385671 -0.67007729 0.73671753
v -1.95721244 -0.66356396 0.73767200
v -1.95918513 -0.66028798 0.73933930
v -1.95572550 0.66760451 0.73870714
v -1.95263412 0.67320760 0.73745258
v -1.95544755 0.66596538 0.73571245
v -2.03535185 0.37772921 0.74210212
v -2.03230125 -0.39198771 0.74337494
v -2.00550142 -0.48334402 0.74469380
v -2.00689180 -0.47961837 0.74732722
v -2.00629301 -0.48101063 0.74647666
v -2.00629250 0.48100955 0.74647666
v -2.00550123 0.48334294 0.74469332
v -2.00129098 -0.53278053 0.75438939
v -2.00129072 0.53278002 0.75438964
v -1.89675879 -0.70922725 0.67155308
v -1.89799402 -0.70881636 0.67185457
v -1.89393349 -0.71297434 0.67194795
v -1.89799389 0.70881527 0.67185464
v -1.89675816 0.70922616 0.67155301
v -1.89301456 0.71421110 0.67216998
v -1.89737602 0.70902072 0.67170383
v -2.04294815 -0.34453375 0.73573339
v -1.99972945 -0.52541627 0.74146700
v -1.99998082 -0.52554780 0.74038491
v -2.00042490 -0.52479846 0.74257658
v -2.00042452 0.52479737 0.74257658
v -1.98291005 -0.59937692 0.74764467
v -1.97806923 -0.61793322 0.74784891
v -1.97512458 -0.62881352 0.74778183
v -1.97324038 -0.63655759 0.74772041
v -2.04413206 0.33254463 0.73847642
v -2.04389336 0.33461599 0.73776710
v -2.00276171 -0.49176411 0.73599238
v -2.00413887 -0.48744849 0.74070192
v -2.04413206 -0.33254571 0.73847642
v -2.04389336 -0.33461708 0.73776716
v -2.00070457 -0.49447795 0.74139548
v -2.00218615 -0.49017903 0.74644589
v -2.00251292 -0.48930606 0.74761586
v -1.97908886 -0.59151646 0.75913243
v -2.00448568 -0.50743583 0.73137500
v -2.00429115 -0.50712830 0.73130652
v -2.00448530 0.50743474 0.73137500
v -2.00356593 0.50914562 0.72943846
v -2.00762346 -0.47685118 0.73378820
v -1.93875065 -0.68864617 0.73665160
v -1.96155327 -0.65189635 0.74152928
v -1.95814744 -0.65392451 0.74015879
v -2.01630028 -0.44449958 0.74707027
v -2.02002675 -0.43139388 0.74666774
v -1.99955092 0.49817257 0.73885776
v -1.99848559 0.50117460 0.73570026
v -2.01895619 -0.43999609 0.73432763
v -1.99848942 0.52476438 0.73966116
v -1.99894307 0.52384421 0.74150117
v -1.99909765 0.52461143 0.74429896
v -2.00192793 0.51206900 0.74268182
v -1.99877560 0.52368392 0.73930197
v -2.00700859 0.49415826 0.75048702
v -1.93930093 0.66916028 0.68885808
v -1.94159089 -0.66581087 0.68954423
v -1.94069175 -0.66722413 0.68944742
v -2.00467868 0.48577273 0.74238843
v -1.92080385 -0.68791884 0.69299027
v -1.92003198 0.68922619 0.69382022
v -1.92218944 0.68627713 0.69233035
v -1.93660072 0.69735183 0.72423344
v -1.92941467 0.70310321 0.71782877
v -1.93660123 -0.69735292 0.72423344
v -1.93295333 -0.70030507 0.72141787
v -1.96430371 -0.62121186 0.70034769
v -1.96430320 0.62121077 0.70034724
v -1.93979249 -0.66157177 0.68192215
v -1.94987009 -0.64496882 0.68558678
v -2.00228597 -0.50958266 0.74024118
v -1.99834365 -0.52262444 0.73355984
v -1.99877598 -0.52368552 0.73930178
v -1.89778468 0.70954055 0.67378425
v -1.89778557 -0.70954164 0.67378425
v -2.00719151 0.47781529 0.74684051
v -2.00667531 0.47939621 0.74671082
v -2.00722929 -0.47771735 0.74703453
v -2.00719215 -0.47781637 0.74684057
v -1.99186233 -0.53830924 0.72977561
v -2.02838586 0.39077303 0.73498086
v -2.02642765 0.39864035 0.73494588
v -2.00739395 0.47801962 0.74764040
v -2.00709897 0.47964145 0.74739602
v -2.00760176 0.47803749 0.74771035
v -2.00270299 -0.49023301 0.75279516
v -2.00270248 0.49023192 0.75279516
v -2.00292509 0.48862273 0.75198098
v -1.95977026 0.62160954 0.70177010
v -1.95681846 0.62852900 0.70040896
v -1.95401792 0.63473990 0.69900403
v -2.02825120 -0.39053494 0.73593022
v -2.02674664 -0.39684072 0.73579983
v -1.99945365 -0.50811911 0.72752707
v -1.98406716 0.55072536 0.72057149
v -1.91591612 0.71067918 0.70616397
v -1.91619234 -0.71042399 0.70615057
v -1.93287105 -0.67707206 0.68878806
v -1.93531674 -0.67157431 0.69007983
v -1.93814038 -0.67021138 0.68960168
v -1.93531635 0.67157323 0.69007939
v -1.93338010 0.67703070 0.68854918
v -1.92281822 -0.68446521 0.69090513
v -1.92281784 0.68446361 0.69090513
v -2.04240272 0.34419284 0.73678736
v -2.04126093 0.35001445 0.73674823
v -2.03950951 0.35860227 0.73669309
v -2.04126131 -0.35001579 0.73674823
v -2.03950951 -0.35860358 0.73669309
v -2.04240310 -0.34419392 0.73678736
v -2.04302818 -0.34048168 0.73679801
v -1.91350930 0.71036055 0.71086164
v -1.90573558 0.71555131 0.70390905
v -1.90575868 0.71575822 0.70401832
v -1.90575906 -0.71575931 0.70401832
v -2.00539171 0.49683326 0.74264379
v -2.00452691 0.49930757 0.73991186
v -2.04440432 0.33601610 0.74224458
v -2.04539702 0.32972054 0.74203160
v -2.04539753 -0.32972112 0.74203141
v -2.04440432 -0.33601748 0.74224458
v -2.00184521 0.49127414 0.74662415
v -1.94386961 -0.65487562 0.69525438
v -1.93968527 -0.66177926 0.69363201
v -1.93709050 -0.66581770 0.69261053
v -1.93968553 0.66177760 0.69363227
v -1.93709011 0.66581610 0.69261053
v -1.92114785 0.70628802 0.71323354
v -1.92222263 -0.70604419 0.71301722
v -1.92863246 -0.67742002 0.69086836
v -1.92863208 0.67741893 0.69086836
v -1.99808899 -0.51197575 0.75586075
v -2.00032802 -0.50205018 0.75520440
v -2.00182645 -0.49531163 0.75468616
v -2.00197988 -0.49527282 0.75474239
v -2.00293811 0.49186996 0.73596417
v -1.93190861 0.67855498 0.68746330
v -1.92730017 0.68313135 0.68586811
v -1.91416393 0.69565769 0.68109166
v -1.98031362 -0.57591443 0.70402598
v -1.98321857 -0.56685194 0.70612402
v -1.98310318 -0.56677382 0.70600888
v -1.98967168 -0.54716686 0.72258937
v -1.91348352 -0.69677124 0.68179304
v -1.92499444 -0.68494311 0.68430120
v -1.92693714 -0.67313615 0.68000789
v -1.98950000 -0.52670739 0.71419592
v -1.99094328 -0.52219631 0.71664116
v -1.99081487 -0.52223614 0.71671360
v -1.90075071 -0.71026834 0.67394289
v -1.90357595 -0.70674761 0.67355353
v -1.90357518 0.70674653 0.67355334
v -1.90026368 0.71053191 0.67377710
v -2.00396208 -0.50464662 0.75545172
v -2.00220249 -0.51038281 0.75586018
v -1.95541864 -0.63163604 0.69970643
v -1.95134963 -0.64033312 0.69753930
v -1.95634260 0.64567419 0.69607476
v -2.00921252 -0.49416978 0.74564766
v -2.01005644 -0.49201093 0.74886075
v -2.00989618 -0.49287555 0.74785944
v -2.00921252 0.49416821 0.74564766
v -2.00989580 0.49287447 0.74785944
v -2.01005606 0.49200984 0.74886075
v -2.01658888 0.46001458 0.73502368
v -1.95320418 -0.64508261 0.69497835
v -1.95253966 -0.64737800 0.69409897
v -1.95383003 0.64499505 0.69462423
v -1.95133775 0.64974460 0.69345618
v -2.00721168 0.49978962 0.73922340
v -2.00571069 0.50400731 0.73474541
v -2.00657051 0.50074019 0.73776991
v -2.00657051 -0.50074176 0.73776991
v -1.95257713 -0.64741437 0.69378101
v -1.95387368 -0.64499977 0.69413091
v -1.94978929 -0.65092622 0.69034572
v -1.94978865 0.65092513 0.69034597
v -1.95391964 0.64498088 0.69450670
v -1.95541819 0.63163445 0.69970649
v -1.95139468 0.64054004 0.69823771
v -1.94745976 0.64808269 0.69651293
v -1.93379393 0.66402403 0.68165576
v -1.93807298 0.65797185 0.68353489
v -2.01145588 -0.47796518 0.74598005
v -2.01191502 0.47619091 0.74617439
v -1.99579559 -0.53957624 0.74717985
v -1.99717569 -0.53369125 0.74671982
v -1.99422415 -0.54662922 0.74797259
v -1.99644722 -0.53851934 0.74979314
v -1.99211928 0.55681519 0.75144091
v -1.99422377 0.54662769 0.74797240
v -1.99673206 0.53501954 0.74671063
v -1.99579521 0.53957516 0.74717985
v -1.94495887 -0.65263184 0.69550884
v -1.94887024 -0.64577847 0.69726275
v -1.94631887 -0.65052688 0.69621255
v -1.94618382 -0.65045776 0.69598790
v -1.94618331 0.65045667 0.69598790
v -1.98968035 0.54305632 0.72596598
v -1.99186195 0.53830815 0.72977561
v -2.00373653 -0.50671275 0.75321358
v -2.00394230 -0.49636323 0.75315876
v -2.00394191 0.49636164 0.75315857
v -2.00373615 0.50671109 0.75321352
v -2.03975810 0.33457106 0.73634376
v -1.96596514 0.60572721 0.70605713
v -1.96755483 -0.62153678 0.70150741
v -1.96755445 0.62153569 0.70150741
v -1.98462744 0.57523846 0.71118156
v -1.99065302 0.53647108 0.71065989
v -1.96921844 -0.59705409 0.70825359
v -1.96609049 -0.60578962 0.70628434
v -2.03990240 -0.33350596 0.73661452
v -1.98509994 -0.54717739 0.72175865
v -2.04037763 -0.32697591 0.73982640
v -2.04004000 -0.32985084 0.73859437
v -2.03990240 -0.33126061 0.73830334
v -2.03961546 -0.33372158 0.73748762
v -1.98499756 0.57654586 0.75704907
v -1.98936444 0.54880806 0.75669275
v -1.98611510 0.56222652 0.75721533
v -1.92026327 0.70171877 0.69805645
v -1.92774380 0.69528679 0.70320503
v -1.92026365 -0.70171985 0.69805664
v -1.92625055 -0.69617103 0.70150811
v -1.88734712 0.72710914 0.68243688
v -1.89144068 0.72624637 0.68755922
v -1.88653233 -0.72613304 0.67952653
v -1.88753032 -0.72707474 0.68243756
v -1.89061574 -0.72650130 0.68635310
v -2.00373487 0.48864838 0.73378265
v -2.00302676 0.49091916 0.73392287
v -2.00369058 -0.48861753 0.73379350
v -2.00295764 -0.49087962 0.73395995
v -2.00309677 -0.49096138 0.73388585
v -2.00600058 0.47930867 0.73455822
v -2.00395825 0.48678457 0.73450665
v -2.00369007 0.48806048 0.73468108
v -2.00066985 0.53038377 0.74569189
v -2.00067011 -0.53038639 0.74569215
v -1.97658434 0.62005463 0.75658731
v -1.97658472 -0.62005571 0.75658741
v -2.01232259 -0.47642306 0.74721655
v -2.01139168 -0.47632299 0.74743131
v -1.92941218 -0.66995832 0.68001902
v -1.93385711 -0.66417656 0.68210807
v -1.99406536 0.51275385 0.72368042
v -1.98273875 -0.54938291 0.70733971
v -1.98732913 -0.53388331 0.71148499
v -1.91232259 -0.69730154 0.67453979
v -2.01160025 -0.47646186 0.73902938
v -2.00786905 -0.48934903 0.73568527
v -2.00788717 -0.48899063 0.73523844
v -2.00996958 0.48231485 0.73882317
v -2.00788679 0.48898901 0.73523844
v -1.99186641 0.54599993 0.72246702
v -1.99049410 -0.55098582 0.70828174
v -1.99413773 -0.53866715 0.71145461
v -1.99248205 0.54428170 0.70996423
v -1.99049372 0.55098416 0.70828174
v -1.99413735 0.53866556 0.71145461
v -1.93591858 0.67944109 0.71684559
v -1.93586000 0.67926973 0.71669458
v -1.93945755 0.67584647 0.72099068
v -1.93232346 -0.68239333 0.71254541
v -1.93585885 -0.67928862 0.71671003
v -1.94315607 -0.67221732 0.72546158
v -1.93952533 -0.67599531 0.72113447
v -1.93945793 -0.67584756 0.72099068
v -1.92930260 -0.68455431 0.70819360
v -1.92744600 -0.68690489 0.70463060
v -1.97673955 -0.57471757 0.71333234
v -2.00066168 -0.52295300 0.75319284
v -1.94934228 -0.63885856 0.68800598
v -1.95256455 -0.63248204 0.68942195
v -1.95565842 -0.62593365 0.69088649
v -1.88894397 -0.72296801 0.67862635
v -1.88956496 -0.72284585 0.67874806
v -1.88982166 0.72098619 0.67719174
v -1.88956458 0.72284477 0.67874806
v -1.94934164 0.63885748 0.68800624
v -1.95565804 0.62593256 0.69088649
v -1.95256404 0.63248096 0.68942195
v -1.95683927 -0.65442548 0.74106169
v -1.95937022 -0.64998726 0.74351222
v -1.95936971 0.64998617 0.74351248
v -1.95683888 0.65442440 0.74106149
v -1.99193879 0.53236132 0.74357840
v -1.99162376 0.53233773 0.74363948
v -1.99132443 0.53420684 0.74382616
v -1.96181399 -0.63465667 0.69853940
v -1.98456370 -0.57909255 0.74603073
v -2.00329853 0.50764346 0.75565422
v -1.96479476 -0.60281957 0.69529472
v -1.96154504 -0.61122872 0.69342606
v -1.96485220 -0.60276564 0.69509732
v -2.02313811 0.41183329 0.73537266
v -2.01943920 0.42693906 0.73510276
v -2.01947188 0.42693622 0.73531886
v -2.01583182 0.44135293 0.73488914
v -2.01586526 0.44135003 0.73508406
v -1.93452597 0.66807740 0.68037713
v -1.93934369 0.66270567 0.68173633
v -2.01054845 0.48040751 0.74529970
v -2.01094785 0.47920439 0.74584621
v -2.00997398 -0.48242284 0.74365183
v -2.01054845 -0.48040859 0.74529970
v -2.01074841 -0.47980703 0.74557296
v -1.99189807 -0.53062429 0.74361255
v -1.99156447 -0.53226649 0.74408800
v -1.98629138 0.55532601 0.74604458
v -1.99155572 0.53842552 0.74547241
v -1.98629138 -0.55532710 0.74604458
v -1.99155617 -0.53842686 0.74547241
v -1.99892609 -0.52645590 0.74019644
v -1.93689450 -0.69364275 0.72572772
v -1.93621466 -0.69481440 0.72587518
v -1.93601668 0.69501663 0.72595362
v -1.95566404 0.66551537 0.75164597
v -1.95885262 0.65906067 0.75398430
v -1.95885300 -0.65906182 0.75398430
v -1.92005291 0.68804189 0.67852845
v -1.91432777 0.69382110 0.67709473
v -1.91432815 -0.69382276 0.67709473
v -2.03960726 0.36275023 0.73772222
v -2.03427783 0.38762126 0.73716508
v -2.03960812 -0.36274886 0.73772248
v -1.98335132 0.60616209 0.75735178
v -1.98704499 0.59153477 0.75713127
v -1.98704538 -0.59153637 0.75713127
v -1.98335171 -0.60616375 0.75735178
v -1.96177491 -0.62449085 0.70211659
v -1.99423168 0.54007610 0.74444709
v -1.99165529 0.55479207 0.74539327
v -1.99165567 -0.55479316 0.74539320
v -1.99423206 -0.54007719 0.74444709
v -1.89690661 0.70459296 0.67193027
v -1.90812420 0.69343229 0.67423356
v -1.90253755 0.69919892 0.67288148
v -1.90228890 0.69920524 0.67291154
v -1.99605063 0.52347382 0.71894586
v -1.95233671 -0.63240348 0.68915230
v -1.94923646 -0.63884440 0.68795914
v -1.94567566 -0.64520413 0.68632547
v -1.94911073 -0.63877368 0.68772312
v -1.95233632 0.63240239 0.68915230
v -1.95245746 0.63246736 0.68937447
v -1.94739281 0.64198782 0.68702429
v -1.98019734 0.57913646 0.74584251
v -1.97694532 0.59188427 0.74614995
v -1.98299736 0.56803502 0.74549813
v -2.04388417 -0.34050785 0.73587788
v -2.04388379 0.34050676 0.73587788
v -2.01787363 -0.45412304 0.73461202
v -1.98611548 -0.56222760 0.75721533
v -1.98936482 -0.54880915 0.75669275
v -1.98388705 -0.57655477 0.75738024
v -2.01701088 0.46030854 0.74683840
v -2.01701126 -0.46030963 0.74683840
v -2.00606568 0.49799783 0.73944624
v -2.00492300 0.49859700 0.73796948
v -2.00606606 -0.49799917 0.73944586
v -2.03943420 0.33771101 0.73572605
v -1.99232300 0.51761500 0.72012358
v -1.95139507 -0.64054112 0.69823771
v -1.94746021 -0.64808378 0.69651293
v -1.93788432 0.67345491 0.68654495
v -1.93457627 -0.67744727 0.68569937
v -1.97661510 0.59417939 0.69848777
v -1.97984848 0.58497017 0.70056800
v -1.97967042 0.58490724 0.70034979
v -1.97661548 -0.59418048 0.69848777
v -1.97967080 -0.58490832 0.70034979
v -1.97984886 -0.58497125 0.70056800
v -1.94579922 -0.64527281 0.68654674
v -1.94003693 -0.65479725 0.68422564
v -2.00290786 0.48895492 0.75184484
v -2.00279311 0.48884595 0.75047942
v -2.00290824 -0.48895601 0.75184484
v -2.00286376 0.48856902 0.75127069
v -2.01413643 -0.46426791 0.74734886
v -1.99642412 0.52961241 0.73448846
v -2.01057934 0.46644037 0.74736194
v -2.01744602 0.43843770 0.74660200
v -2.01445223 0.45096647 0.74696203
v -2.01445274 -0.45096756 0.74696203
v -2.01744602 -0.43843901 0.74660200
v -2.01057972 -0.46644145 0.74736194
v -2.00568683 -0.49174005 0.73437869
v -2.00568568 0.49173948 0.73437850
v -2.00731098 0.49031680 0.73421952
v -1.92272121 0.69067132 0.69710479
v -1.92344279 0.69086158 0.69702846
v -1.92272198 -0.69067241 0.69710479
v -1.98479818 0.56279614 0.71606746
v -1.94852318 -0.66579383 0.73172383
v -2.00436276 0.48868824 0.73376606
v -1.94852292 0.66579246 0.73172370
v -1.95035412 0.66362788 0.73388904
v -1.99143209 -0.54997476 0.71933775
v -1.98700900 -0.56750688 0.71251043
v -1.98700849 0.56750580 0.71250979
v -1.95877143 0.62484790 0.70203369
v -1.95433282 0.63495632 0.69974431
v -2.04580830 0.32330761 0.74187798
v -2.04595432 0.32341451 0.74199586
v -2.04597475 0.32364743 0.74185813
v -2.04580868 -0.32330898 0.74187798
v -1.91514846 0.69453138 0.67517868
v -1.89046575 0.72078132 0.67612654
v -1.89165400 0.71830647 0.67453640
v -1.89165477 -0.71830755 0.67453615
v -1.89046652 -0.72078240 0.67612693
v -2.01048680 0.46642780 0.74694696
v -2.01146788 -0.46874287 0.74653435
v -2.01050122 -0.46642310 0.74677203
v -1.97352851 0.60511413 0.74638194
v -1.97023232 0.61766077 0.74650091
v -1.92546239 -0.68230162 0.67994090
v -1.97023283 -0.61766185 0.74650065
v -1.97352889 -0.60511521 0.74638194
v -1.97341158 -0.60512102 0.74646721
v -1.92323997 -0.69278398 0.68908470
v -1.92323120 0.69279489 0.68909029
v -1.99796677 -0.53138775 0.75459451
v -1.99796658 0.53138666 0.75459451
v -1.93003950 0.68013797 0.69101624
v -1.92816094 -0.68246877 0.69119022
v -1.93003988 -0.68013905 0.69101624
v -1.99670966 0.52667306 0.74410957
v -1.99773120 0.52713912 0.74480476
v -1.99963172 -0.52210776 0.74313618
v -1.99670947 -0.52667438 0.74410963
v -2.01380775 -0.45428314 0.73399422
v -2.00972629 -0.46628110 0.73387289
v -2.01290070 -0.45428732 0.73398516
v -1.94902023 -0.66743943 0.72896078
v -2.00917843 -0.48748831 0.73462319
v -2.00917805 0.48748672 0.73462319
v -1.96803912 -0.64528745 0.74825399
v -2.01169164 -0.47891725 0.73538989
v -2.01169126 0.47891569 0.73538989
v -2.01957910 -0.42694726 0.73450161
v -2.01950456 -0.42694516 0.73467846
v -2.00299415 -0.49015808 0.73461311
v -2.00299376 0.49015645 0.73461311
v -2.00277319 0.49095503 0.73494052
v -1.96599399 -0.61894666 0.69228746
v -2.00577682 -0.48220016 0.74481210
v -2.02677166 0.39684435 0.73515854
v -2.02317372 0.41183170 0.73556745
v -1.92497811 -0.69045576 0.69884907
v -1.92497753 0.69045468 0.69884907
v -1.92739647 0.69907792 0.72403208
v -1.90101538 -0.70453373 0.67194093
v -1.95008728 -0.67475868 0.74758845
v -1.92739686 -0.69907900 0.72403208
v -1.92084125 -0.70446142 0.71731238
v -1.99024519 0.53296237 0.73459581
v -1.98993871 0.53406532 0.73368615
v -1.92187811 -0.68916907 0.69389860
v -1.92411497 -0.68809704 0.69295090
v -1.92578431 -0.68680016 0.69200568
v -1.92187722 0.68916798 0.69389841
v -1.92411459 0.68809595 0.69295090
v -1.92578393 0.68679908 0.69200568
v -1.98638954 0.54389608 0.72402748
v -1.98509955 0.54717631 0.72175865
v -2.00817080 0.47614530 0.74779740
v -2.00877252 0.47614843 0.74779932
v -1.97599755 0.57645252 0.71197809
v -1.98153653 -0.58020415 0.75803430
v -1.97880587 -0.59147242 0.75816392
v -1.98247925 -0.57656364 0.75777945
v -1.97893467 -0.59146878 0.75808293
v -1.97876388 0.59148078 0.75836260
v -1.98247887 0.57656255 0.75777945
v -1.97880549 0.59147133 0.75816392
v -1.93943075 -0.67885156 0.71617615
v -1.94302090 -0.67542103 0.72044180
v -1.93591182 -0.68195685 0.71204612
v -2.00995656 -0.49080052 0.74999501
v -2.00995637 0.49079916 0.74999501
v -1.93715406 0.68032797 0.71410593
v -1.93943036 0.67885048 0.71617615
v -1.94196821 0.67528107 0.72041710
v -1.94302039 0.67541994 0.72044180
v -1.97768808 -0.57125426 0.71392991
v -1.97599793 -0.57645418 0.71197790
v -1.94492977 -0.67008721 0.72752666
v -1.96180314 -0.65180288 0.75598508
v -1.89042937 -0.72090711 0.67734543
v -1.89043167 -0.72227266 0.67906717
v -1.89043129 0.72227107 0.67906692
v -1.89042899 0.72090603 0.67734549
v -1.93807337 -0.65797345 0.68353489
v -1.94212432 -0.65169126 0.68513703
v -1.93819144 -0.65803740 0.68373101
v -1.98644749 -0.55511802 0.74495934
v -1.98996731 -0.54068663 0.74425678
v -1.99309800 -0.53538951 0.74391150
v -1.92073990 -0.70461702 0.71745011
v -2.04351330 -0.32118469 0.74221455
v -2.04274736 -0.32075975 0.74233693
v -2.04274736 0.32075866 0.74233693
v -1.92955674 0.68452807 0.70817802
v -1.93278770 0.68177445 0.71206821
v -1.94304553 0.68879966 0.73687977
v -1.98973550 0.54428489 0.72493900
v -1.95035399 0.67464858 0.72587719
v -1.95035450 -0.67464967 0.72587751
v -1.99843938 -0.53053886 0.74423144
v -1.99986786 -0.52796971 0.74423533
v -1.99986748 0.52796863 0.74423533
v -1.99945633 0.52983617 0.74452221
v -1.99843900 0.53053777 0.74423150
v -1.88620712 0.72490203 0.68018132
v -1.88885059 0.72368582 0.67953097
v -1.88708788 0.72557376 0.68276869
v -1.88620751 -0.72490311 0.68018132
v -1.88708902 -0.72557485 0.68276863
v -1.88885098 -0.72368691 0.67953097
v -2.00201217 -0.50785032 0.73319625
v -1.99745077 -0.52376255 0.72827948
v -2.00091500 0.51092089 0.73041824
v -2.00201179 0.50784924 0.73319625
v -1.90072997 0.70780451 0.67519352
v -1.89596522 0.71282595 0.67458108
v -1.97668671 -0.62002980 0.75644965
v -1.97672002 -0.61991868 0.75600959
v -1.97668632 0.62002871 0.75644965
v -1.97671964 0.61991760 0.75600953
v -2.00524364 0.48372444 0.74346461
v -2.00380406 0.48772149 0.73944551
v -2.00471225 0.48525867 0.74193938
v -2.00524364 -0.48372552 0.74346461
v -2.00380431 -0.48772257 0.73944551
v -2.00471264 -0.48525975 0.74193938
v -2.00512251 -0.48384863 0.74344368
v -1.98249559 -0.56663762 0.70567828
v -1.98103482 -0.57119191 0.70462425
v -1.95814667 0.65392342 0.74015879
v -1.91355640 0.71050102 0.71096337
v -1.91355717 -0.71050211 0.71096337
v -2.00276477 0.49100277 0.73546080
v -2.00276898 0.49097890 0.73520066
v -2.00277358 -0.49095612 0.73494052
v -2.00276541 -0.49100386 0.73546061
v -1.92444187 0.69418534 0.69573548
v -1.92444238 -0.69418642 0.69573548
v -1.98119705 0.56269491 0.71495797
v -1.97912129 0.56959395 0.71328167
v -1.97090923 0.59189531 0.70839808
v -1.97581093 0.57737316 0.71169650
v -1.98163730 -0.56656059 0.71350102
v -1.98119884 -0.56269344 0.71495835
v -1.97090935 -0.59189684 0.70839802
v -1.97912205 -0.56959714 0.71328071
v -1.96319396 0.62231175 0.69115333
v -1.94561133 -0.64506321 0.68586907
v -2.00742191 -0.48875640 0.74870560
v -2.00812243 -0.48964667 0.74850488
v -1.93635054 -0.66809291 0.69116073
v -1.93506974 -0.66876101 0.69125749
v -1.93716147 -0.66560549 0.69188716
v -1.93506923 0.66875992 0.69125743
v -1.93716108 0.66560440 0.69188716
v -2.01963041 -0.45137235 0.74564000
v -2.02264731 -0.43864656 0.74597903
v -2.02264693 0.43864548 0.74597903
v -2.01962990 0.45137127 0.74564000
v -1.96168775 0.65516321 0.74237050
v -1.95903426 -0.65995521 0.73915058
v -1.95855839 -0.65983624 0.73897226
v -1.96168813 -0.65516429 0.74237050
v -2.00852821 0.49026546 0.75320139
v -2.00852821 -0.49026654 0.75320139
v -1.92464661 -0.67615352 0.67952453
v -1.92452624 -0.67607968 0.67930638
v -1.91937818 -0.68190381 0.67788805
v -1.99157998 -0.52958206 0.73836882
v -1.99071429 -0.53195416 0.73581215
v -1.99024557 -0.53296393 0.73459537
v -2.00565836 0.50563695 0.73563293
v -2.00565862 -0.50563852 0.73563248
v -1.92031242 0.68813680 0.69247759
v -1.97451189 -0.57520390 0.70153300
v -1.97142568 -0.58449067 0.69921388
v -1.89703821 0.70473803 0.67290931
v -1.89235720 0.70942108 0.67222628
v -2.04056309 0.34441922 0.73552328
v -2.04361854 0.34051043 0.73579913
v -1.89235758 -0.70942216 0.67222628
v -1.89689346 -0.70470982 0.67270788
v -1.90238731 -0.69941171 0.67388637
v -1.89703859 -0.70473962 0.67290931
v -1.99232300 -0.51761608 0.72012358
v -1.99404659 -0.51267790 0.72399947
v -1.99541010 -0.52777687 0.74427286
v -1.93094182 -0.68592713 0.70636444
v -1.93540698 -0.68187532 0.71204896
v -1.93839784 -0.67870126 0.71616581
v -1.99081385 -0.53113311 0.73544306
v -1.99016784 -0.53336218 0.73297248
v -1.99167214 -0.53143282 0.73461534
v -2.00528296 0.48994108 0.73649913
v -2.00313979 -0.49039390 0.73635789
v -2.00559888 -0.48899322 0.73761922
v -1.94369895 0.65460202 0.69438027
v -1.94367865 -0.65463323 0.69447686
v -1.94096262 -0.65944954 0.69322967
v -1.88938830 -0.72424025 0.68052041
v -1.89309678 -0.72241620 0.68393046
v -1.89201869 -0.72205203 0.68154094
v -1.89201818 0.72205094 0.68154094
v -1.89309652 0.72241511 0.68393052
v -2.00738604 -0.50601316 0.75406383
v -2.00898735 -0.49880825 0.75349421
v -2.00738591 0.50601159 0.75406338
v -2.00898684 0.49880716 0.75349447
v -1.98962611 -0.54306192 0.71139149
v -1.99133260 -0.53724761 0.71293409
v -1.98456332 0.57909146 0.74603079
v -1.98356424 0.57911763 0.74589581
v -1.98030966 0.59188056 0.74620343
v -1.99133222 0.53724652 0.71293415
v -1.99181484 0.53732305 0.71314502
v -2.04125749 -0.32086269 0.74230904
v -2.04077039 -0.32422621 0.74069790
v -1.97693778 0.58513827 0.70165426
v -1.98006714 0.57580223 0.70378543
v -1.99122015 -0.53447831 0.74484063
v -1.99307253 -0.53187352 0.74483495
v -1.99401877 0.53386833 0.74550483
v -1.99184012 0.53198192 0.74455381
v -1.99122015 0.53447723 0.74484063
v -1.97311136 -0.59380424 0.69717245
v -1.92464112 -0.67583339 0.67857708
v -1.92934345 -0.66997192 0.68005891
v -1.92572892 -0.68778475 0.70508262
v -1.92572841 0.68778367 0.70508262
v -1.92299488 0.68966535 0.70185996
v -1.92067978 0.70495445 0.71774887
v -1.99505742 0.52661093 0.73958515
v -1.99682211 0.52714911 0.73765279
v -1.99212324 0.52773283 0.73964067
v -1.99224705 0.52751852 0.73962982
v -2.00888574 0.48400315 0.73511820
v -2.00824433 0.48725140 0.73513301
v -2.00824484 -0.48725249 0.73513301
v -2.00888613 -0.48400423 0.73511820
v -1.97634296 0.63233155 0.75697038
v -1.97634347 -0.63233264 0.75697044
v -2.02498947 -0.42664857 0.73546201
v -2.02498960 0.42664749 0.73546201
v -1.88415739 0.72149709 0.67621545
v -1.88514448 0.71916482 0.67456742
v -2.00770809 0.48757738 0.75243290
v -2.00737813 0.48902621 0.75355133
v -1.88570407 -0.71789178 0.67353145
v -1.88485434 -0.71932150 0.67398083
v -1.95387866 -0.67143543 0.73077150
v -1.95643208 -0.67048441 0.73648305
v -1.95643208 0.67048333 0.73648305
v -1.95387828 0.67143435 0.73077194
v -1.88309379 -0.72380061 0.67779669
v -2.00031653 -0.51148400 0.72557362
v -2.00035955 -0.50848539 0.72752567
v -2.00086592 0.51514069 0.72369382
v -1.99223467 -0.52930750 0.74299328
v -1.93854489 -0.68460243 0.71206265
v -1.93854450 0.68460134 0.71206272
v -2.00311260 0.50081298 0.73487810
v -1.88652100 -0.71651554 0.67288161
v -1.98111498 -0.56755986 0.71510425
v -1.98269663 -0.56666015 0.71524593
v -1.98479844 -0.56279722 0.71606740
v -1.96358213 0.64582666 0.74455866
v -1.96162188 0.64582564 0.74457755
v -2.00728265 0.48113691 0.74674484
v -2.00728303 -0.48113799 0.74674484
v -1.97737625 -0.58783434 0.70737647
v -1.97743943 -0.58768805 0.70703802
v -1.97737586 0.58783325 0.70737628
v -1.93617471 -0.67057220 0.68470032
v -1.94081978 -0.66591723 0.68843168
v -1.93861994 0.66872635 0.68733265
v -1.99840677 0.51655414 0.72391350
v -1.92703058 0.68916932 0.70141745
v -1.92890397 0.68701754 0.70460389
v -1.92890441 -0.68701863 0.70460386
v -1.93152210 -0.68456420 0.70816871
v -1.96152704 -0.64618349 0.74552665
v -1.95947514 -0.65008573 0.74372360
v -1.95947476 0.65008465 0.74372360
v -1.96230606 0.64394705 0.74586262
v -1.99519579 -0.53292308 0.73113784
v -1.99347143 -0.53817348 0.72600350
v -1.99158304 -0.54298488 0.72264917
v -1.97136568 0.58454204 0.69941160
v -1.88887491 0.71328133 0.67203602
v -1.99610526 -0.55012064 0.74747280
v -1.99610449 0.55012166 0.74747312
v -2.04054063 0.35852287 0.73606941
v -2.04054063 -0.35852396 0.73606941
v -1.89910606 0.70914122 0.67438291
v -1.89516182 -0.71327558 0.67419667
v -1.89910645 -0.70914281 0.67438291
v -1.96274886 0.61405613 0.70370150
v -1.95972328 0.62166410 0.70196438
v -1.93358651 0.68732510 0.70959418
v -1.93017327 0.68983665 0.70573451
v -1.92525229 -0.69242843 0.69941983
v -1.93358689 -0.68732619 0.70959418
v -1.98903269 0.53612098 0.73055220
v -1.99103142 0.53416780 0.73175679
v -1.99026076 0.53528573 0.73089340
v -1.96835440 0.61527029 0.69352109
v -1.96990581 0.61148758 0.69437095
v -1.96835479 -0.61527137 0.69352109
v -1.96990619 -0.61148867 0.69437095
v -2.03809073 -0.34165094 0.74311799
v -2.03931881 -0.33453928 0.74282747
v -2.03809035 0.34164960 0.74311805
v -1.98999679 -0.53342399 0.73303541
v -1.99375161 -0.54881700 0.75540327
v -1.99428325 -0.54881853 0.75514894
v -1.99179008 0.54881170 0.75605541
v -1.99375122 0.54881591 0.75540327
v -2.01547933 -0.45949535 0.73424728
v -2.00836214 -0.48804899 0.73419443
v -2.00167608 -0.51778272 0.75608305
v -2.00315294 0.51218583 0.75258225
v -2.00315294 -0.51218691 0.75258225
v -2.00261893 -0.51401832 0.75329802
v -2.04538745 0.32876898 0.73917464
v -2.04567708 -0.32631490 0.74041242
v -2.04597475 -0.32364852 0.74185813
v -2.04538809 -0.32877057 0.73917394
v -2.03854898 -0.36103126 0.74265578
v -2.04262584 -0.33943001 0.74179903
v -2.03854860 0.36103018 0.74265578
v -2.00094672 -0.50396123 0.73140047
v -2.00631969 -0.49695487 0.75229971
v -2.00662808 -0.49591786 0.75201649
v -2.00631931 0.49695328 0.75229971
v -1.99231381 -0.51774578 0.72032727
v -1.98773505 0.55536686 0.75784915
v -1.88485344 0.71931984 0.67398076
v -1.88652049 0.71651388 0.67288148
v -1.88651271 0.71653590 0.67267955
v -1.91343986 0.70265518 0.69182411
v -1.91550529 0.70234187 0.69537009
v -1.91550593 -0.70234347 0.69536984
v -1.91344063 -0.70265728 0.69182558
v -1.90491775 -0.71109738 0.68880925
v -2.03832981 0.34247373 0.73619633
v -2.03801325 0.34447947 0.73637149
v -2.03685066 0.35046143 0.73631941
v -2.03833013 -0.34247483 0.73619629
v -2.04384945 0.33453165 0.73773353
v -2.04123311 0.32108326 0.74205438
v -1.95848819 0.61872865 0.69151667
v -1.96024472 0.61485423 0.69229116
v -1.97323071 0.60326391 0.70625830
v -1.97323109 -0.60326550 0.70625830
v -1.92301799 0.69010496 0.68965490
v -1.91231812 0.69954631 0.68435769
v -1.92416207 0.68925867 0.69071570
v -1.92301747 -0.69010758 0.68965554
v -1.93492627 -0.66882751 0.69150040
v -1.93496801 -0.66877984 0.69132546
v -2.00626710 -0.49280324 0.74694492
v -1.93496763 0.66877875 0.69132552
v -1.93286952 0.67175244 0.69080377
v -1.95265288 -0.64022150 0.69716530
v -1.95567380 -0.63724752 0.69729071
v -1.94933755 -0.64866961 0.69491510
v -1.94841621 -0.64772774 0.69560037
v -1.95567342 0.63724618 0.69729071
v -1.95265250 0.64022041 0.69716523
v -1.94933660 0.64866801 0.69491536
v -2.01010961 -0.48170183 0.74438608
v -2.00972795 -0.48325023 0.74281228
v -2.00793491 0.48816215 0.73411670
v -1.97878328 -0.57513631 0.70125052
v -2.04084494 0.32441299 0.74169430
v -2.04084494 -0.32441407 0.74169430
v -2.00350588 0.48748043 0.75245084
v -2.00362803 0.48733788 0.75084742
v -2.01310366 0.47244956 0.74505220
v -1.99223429 0.52930641 0.74299328
v -1.99240240 0.52834224 0.74246987
v -1.98900269 0.55483292 0.71777784
v -1.99153683 0.55095429 0.71856407
v -1.99153683 -0.55095537 0.71856407
v -1.98900307 -0.55483400 0.71777784
v -1.96088728 -0.61389485 0.69248199
v -1.91130966 -0.69573508 0.67404988
v -1.97052208 -0.59363237 0.70908443
v -1.99343671 0.53276633 0.71487921
v -1.96362361 0.65533247 0.74093825
v -1.96290740 0.65492738 0.74069349
v -1.96362400 -0.65533355 0.74093819
v -1.92778758 -0.68711608 0.68970583
v -1.92633064 -0.68914398 0.69034412
v -1.92622937 0.68950532 0.69010549
v -1.92778720 0.68711500 0.68970577
v -1.99227156 0.53408421 0.73375795
v -1.99346032 0.53387516 0.73378284
v -1.92756758 0.69585739 0.70932731
v -1.93200383 -0.69163351 0.71244099
v -1.92313210 -0.70008344 0.70621356
v -1.89252761 -0.70943997 0.67245285
v -1.88906472 -0.71328190 0.67248253
v -1.89252722 0.70943888 0.67245285
v -1.92934766 0.67019153 0.68070939
v -1.92693676 0.67313506 0.68000789
v -1.91763461 -0.69185801 0.67569663
v -1.92280584 -0.69316985 0.69484043
v -1.92316535 -0.69214962 0.69431692
v -1.92318392 0.69257560 0.69510070
v -2.00309626 0.49095979 0.73388585
v -2.00273056 0.49212988 0.73421581
v -2.00273094 -0.49213096 0.73421581
v -2.04033193 -0.33772151 0.73572809
v -2.04123432 -0.34045076 0.73561921
v -2.04318927 0.34312837 0.74214201
v -2.04321939 0.34273299 0.74249725
v -2.04321978 -0.34273408 0.74249725
v -2.04318965 -0.34312968 0.74214201
v -1.93385673 0.66417548 0.68210807
v -1.93397991 0.66424875 0.68232794
v -2.03831832 0.34449338 0.73545876
v -2.03421108 0.36402142 0.73530622
v -2.03772184 0.34681729 0.73546501
v -2.03155593 0.37690546 0.73514239
v -2.03117900 -0.37658038 0.74380976
v -1.94095381 0.68071282 0.71796414
v -1.94464193 0.67742733 0.72237078
v -1.94464238 -0.67742892 0.72237078
v -2.00477646 -0.48591528 0.74252278
v -2.00533848 -0.48427360 0.74416513
v -2.00477595 0.48591419 0.74252284
v -2.00533810 0.48427251 0.74416513
v -1.98755915 -0.55005726 0.70963637
v -1.90814833 -0.69343236 0.67422961
v -1.95150816 -0.64059505 0.69841763
v -1.88339727 0.72684817 0.68248756
v -1.88333230 0.72705828 0.68244192
v -1.88339765 -0.72684977 0.68248756
v -1.88333268 -0.72705936 0.68244192
v -1.88234266 -0.72613763 0.67954897
v -2.03230087 0.39198637 0.74337494
v -2.03328987 0.39192296 0.74454691
v -2.03329025 -0.39192433 0.74454691
v -1.99277461 -0.52666234 0.74215995
v -1.90657931 0.71594528 0.69705769
v -1.90522346 0.71738844 0.69662663
v -1.90313646 0.71658198 0.69271903
v -1.90313685 -0.71658306 0.69271903
v -1.90522398 -0.71739004 0.69662727
v -1.90657970 -0.71594688 0.69705769
v -1.95141204 0.67634212 0.73819184
v -1.98141354 -0.55879911 0.71623519
v -1.98234241 -0.55583430 0.71712666
v -1.98234203 0.55583321 0.71712672
v -1.98141341 0.55879752 0.71623512
v -1.94466152 0.67763848 0.72242292
v -1.94094462 -0.68116871 0.71802688
v -1.94466191 -0.67764008 0.72242292
v -1.94773624 -0.67715886 0.72990989
v -1.94790001 -0.67493419 0.72702364
v -1.96406833 -0.61940989 0.69394213
v -1.95743511 -0.63285726 0.69069853
v -1.96052094 -0.62630095 0.69216632
v -1.96052056 0.62629986 0.69216632
v -1.96356681 0.61934849 0.69372819
v -1.96406795 0.61940880 0.69394213
v -2.02093635 0.42360644 0.74546239
v -2.02442681 0.42360675 0.74503005
v -2.02093674 -0.42360806 0.74546239
v -2.02442745 -0.42360784 0.74502986
v -1.93091770 -0.67718796 0.68948073
v -1.93091731 0.67718630 0.68948073
v -1.98348024 0.55212173 0.71956507
v -2.00611316 -0.49013609 0.74640358
v -1.88240457 -0.72596678 0.67963634
v -1.88262795 -0.72424657 0.67735168
v -1.91415934 0.69483400 0.67484936
v -2.03820472 -0.36353991 0.74256069
v -2.04035631 -0.35293759 0.74134582
v -2.04045511 -0.35203240 0.74210716
v -2.03820434 0.36353857 0.74256069
v -2.04045472 0.35203131 0.74210748
v -2.04035631 0.35293651 0.74134538
v -2.04209548 0.34372256 0.74111753
v -1.99228139 -0.53664717 0.75615721
v -1.99476728 -0.52608279 0.75564797
v -1.99520702 -0.52369704 0.75561019
v -2.00082379 -0.49887057 0.75425210
v -2.04165306 0.32478032 0.74011756
v -2.04089485 0.32565121 0.73969626
v -2.04146274 0.32741182 0.73890474
v -1.99731125 -0.53122741 0.74397404
v -1.99731087 0.53122633 0.74397385
v -1.99094290 0.52219523 0.71664116
v -1.89182403 -0.72328342 0.69123107
v -1.93343724 0.69438258 0.71308071
v -1.93413946 0.69230518 0.71190207
v -1.93496550 -0.69193681 0.71309030
v -1.93141003 -0.69626346 0.71153963
v -1.98211265 0.57298944 0.71101143
v -1.98655305 -0.55843494 0.71456571
v -1.98302666 -0.57073736 0.71110525
v -1.99133260 0.53376486 0.74382415
v -1.99063719 0.53661513 0.74407590
v -1.98840391 0.55520807 0.74497223
v -1.98995327 0.54076411 0.74426092
v -1.94536880 -0.67152147 0.72471083
v -1.91958075 0.69018512 0.69467953
v -1.99747476 0.52688610 0.73757537
v -1.91958114 -0.69018621 0.69467979
v -2.01139091 0.47632136 0.74743112
v -1.99347015 0.53816512 0.71116722
v -1.99347015 -0.53816621 0.71116722
v -1.93455521 0.68602823 0.70830471
v -1.93455559 -0.68602931 0.70830471
v -2.04146529 -0.32076996 0.74214029
v -2.04183266 -0.32378896 0.74060095
v -2.03226641 -0.39118131 0.73625948
v -2.03226641 0.39117968 0.73625948
v -2.03276269 0.37004634 0.73613183
v -2.03272580 0.37004711 0.73591292
v -2.03681326 0.35045617 0.73609858
v -2.03504052 0.35913018 0.73604631
v -1.93209357 0.67762278 0.69105747
v -1.93209395 -0.67762444 0.69105747
v -1.97788759 -0.56600820 0.70333905
v -1.98497306 0.55896039 0.71718161
v -2.00753398 -0.48987196 0.73539838
v -2.00775213 -0.48908442 0.73518177
v -2.00775174 0.48908279 0.73518177
v -2.00753347 0.48987088 0.73539832
v -1.90787644 0.70222501 0.67393864
v -1.97127642 -0.63442473 0.74683015
v -1.96946811 -0.63616423 0.74641998
v -1.96762734 -0.64175152 0.74583492
v -1.95718519 -0.65856240 0.73691685
v -1.95718480 0.65856132 0.73691685
v -1.99883559 -0.51038335 0.75585373
v -1.99325647 -0.53267261 0.75695889
v -1.95376654 -0.65105382 0.69408810
v -1.95144459 -0.65508675 0.69330224
v -1.95407498 0.65049599 0.69431357
v -1.95144421 0.65508567 0.69330224
v -1.95577624 -0.66548448 0.75157825
v -1.95566442 -0.66551646 0.75164597
v -1.99053635 0.57682825 0.75734182
v -1.99053673 -0.57682933 0.75734182
v -2.04604610 -0.32458802 0.74188800
v -2.04604572 0.32458693 0.74188800
v -1.96905645 -0.59154735 0.69753221
v -1.98475376 -0.54234244 0.70915074
v -1.98657258 -0.53642966 0.71067872
v -2.00751726 -0.50214978 0.75422996
v -2.00751688 0.50214869 0.75422996
v -2.00747239 0.48987825 0.73587077
v -2.02374583 0.42824567 0.73473552
v -2.00499869 -0.49211051 0.73496260
v -1.97553369 -0.62888845 0.74808760
v -1.97553330 0.62888736 0.74808760
v -2.00063660 -0.49452666 0.74138195
v -2.00499831 0.49210942 0.73496260
v -1.95693692 -0.63649738 0.69935231
v -1.93347775 0.69430379 0.73109776
v -1.92745047 0.69976746 0.72472609
v -2.00854238 0.48987822 0.73535511
v -2.00854238 -0.48987933 0.73535556
v -1.95511465 -0.66454016 0.73507710
v -1.92888392 -0.68519828 0.70860602
v -1.93237043 0.68256725 0.71268071
v -1.93232307 0.68239225 0.71254541
v -1.94451805 -0.66264642 0.68553930
v -1.94751554 -0.65745100 0.68541772
v -1.94361735 0.66298441 0.68361695
v -2.00304061 0.51145905 0.72765293
v -2.00146942 0.51587267 0.72385714
v -2.00304061 -0.51146013 0.72765299
v -2.00146994 -0.51587430 0.72385714
v -2.04060522 -0.32606516 0.74252559
v -2.04219491 0.33843619 0.74284636
v -1.92446804 0.67592555 0.67885330
v -2.04203127 0.32056920 0.74227981
v -1.93556884 -0.67273231 0.68645407
v -1.93277800 -0.67542307 0.68469659
v -1.93277762 0.67542199 0.68469659
v -1.99808874 0.50220264 0.73317145
v -1.93367879 0.67867758 0.69014870
v -1.93367918 -0.67867866 0.69014870
v -2.04206401 -0.32480774 0.74014513
v -2.04337793 -0.32734085 0.73920802
v -1.99786472 0.51843713 0.71993562
v -2.02812904 0.39155646 0.74433285
v -2.02812942 -0.39155754 0.74433285
v -1.94199999 0.65161946 0.68491601
v -1.94212393 0.65168966 0.68513703
v -1.89486313 -0.72064512 0.67925839
v -2.03516766 -0.35912734 0.73542123
v -2.03285281 -0.37004979 0.73531229
v -1.89486237 0.72064404 0.67925845
v -2.04002571 0.32951751 0.74193239
v -2.04032721 0.32729209 0.74199107
v -2.04002609 -0.32951859 0.74193239
v -2.04032772 -0.32729317 0.74199107
v -2.02313862 -0.41183463 0.73537266
v -2.01943958 -0.42694015 0.73510320
v -2.02943625 0.40915775 0.74174516
v -2.02753913 -0.41741929 0.74217533
v -1.94268225 -0.67338872 0.72256410
v -1.94342413 -0.67152147 0.72472590
v -1.94321734 -0.67158637 0.72479431
v -1.98819597 -0.55858741 0.70644320
v -1.98561026 -0.56690012 0.70448422
v -1.98819559 0.55858633 0.70644313
v -1.98560988 0.56689904 0.70448422
v -1.97457877 0.61770429 0.74668772
v -1.97168008 0.62843314 0.74665025
v -1.97168046 -0.62843422 0.74665025
v -1.97558870 -0.61775299 0.74691173
v -1.97457916 -0.61770538 0.74668772
v -1.96509000 0.62097661 0.69951448
v -1.94964531 0.67329618 0.72524860
v -1.95545610 0.66707130 0.73181311
v -1.95338684 0.66910367 0.72961471
v -1.94964607 -0.67329727 0.72524860
v -1.95545668 -0.66707264 0.73181311
v -1.95338761 -0.66910476 0.72961471
v -1.95807762 -0.63295181 0.69103606
v -1.96129485 -0.62643147 0.69262897
v -1.96129447 0.62643038 0.69262897
v -1.95807723 0.63295073 0.69103606
v -1.95197170 -0.64500740 0.68611102
v -1.94781002 0.65134802 0.68455522
v -2.00969604 0.49205754 0.74797744
v -1.96497346 0.63610443 0.74653378
v -1.96314775 0.64165980 0.74595663
v -1.96497423 -0.63610551 0.74653378
v -1.96314814 -0.64166089 0.74595707
v -1.94579948 0.64497571 0.68559093
v -2.04418663 0.33516358 0.73650603
v -1.91937754 0.68190273 0.67788811
v -1.91949829 0.68197408 0.67810722
v -1.91663585 0.68481987 0.67717943
v -1.91389454 -0.68773810 0.67647029
v -1.91949868 -0.68197517 0.67810722
v -2.04468770 -0.32633769 0.74144960
v -2.03911943 -0.33783837 0.73663182
v -2.03871888 -0.34050105 0.73645675
v -2.03911943 0.33783728 0.73663176
v -2.03871849 0.34049996 0.73645675
v -1.92452445 -0.68874631 0.69105236
v -1.92452407 0.68874522 0.69105236
v -1.92578036 0.68679174 0.69006733
v -1.92319835 0.69134705 0.69273071
v -1.92325821 0.69094487 0.69190267
v -1.97144865 0.62034681 0.75901634
v -1.97137960 -0.62029281 0.75853869
v -1.97144904 -0.62034789 0.75901634
v -1.94200050 -0.65162105 0.68491639
v -2.02454029 -0.40760520 0.74558729
v -1.96226260 -0.64379671 0.74540817
v -2.03505354 -0.37925537 0.74020525
v -2.03334501 -0.38703149 0.73952433
v -2.03471796 -0.38095232 0.73809438
v -2.03505329 0.37925426 0.74020499
v -2.03163609 0.39480653 0.73884340
v -1.91311271 -0.71233867 0.69886681
v -1.91311233 0.71233758 0.69886681
v -1.89408207 0.72267398 0.68113145
v -2.04052544 0.32742621 0.73893888
v -1.92734759 0.68459719 0.68929756
v -2.00997035 -0.48231488 0.73882477
v -2.00842035 -0.48748413 0.73739910
v -2.02671269 -0.39684253 0.73557096
v -2.02992616 -0.38276591 0.73579172
v -1.98657220 0.53642857 0.71067872
v -1.98485473 0.54232770 0.70910773
v -2.04079388 0.32402577 0.74144775
v -2.04034942 0.32746498 0.73981766
v -2.04066138 0.32564020 0.74069330
v -2.04034942 -0.32746636 0.73981766
v -2.04079413 -0.32402686 0.74144769
v -2.04066176 -0.32564128 0.74069324
v -2.01257993 0.45427054 0.73489208
v -2.00984028 0.46489302 0.73477413
v -1.98593167 0.55778612 0.70570624
v -1.98224885 -0.56610304 0.70344442
v -1.92255712 -0.68940674 0.70028086
v -2.00026815 -0.52923101 0.74482250
v -2.00001896 -0.53175970 0.74531104
v -2.00026777 0.52922992 0.74482250
v -1.99926767 0.51451084 0.72577409
v -1.97740190 0.61787349 0.74751933
v -1.97655242 0.61781056 0.74719766
v -2.01943371 -0.43035558 0.74656199
v -2.01943371 0.43035450 0.74656199
v -1.94833758 -0.67779734 0.74606857
v -1.95229548 -0.67202183 0.74960996
v -1.94377030 -0.68332649 0.74179335
v -1.94390203 0.68336108 0.74184192
v -1.94831256 0.67779415 0.74606513
v -1.98598630 0.56222703 0.75729638
v -2.04486181 -0.32531534 0.74049392
v -1.95701235 -0.62872710 0.70109684
v -1.95991233 -0.62185800 0.70265398
v -1.97371002 0.58741298 0.70906312
v -1.96768631 0.60334617 0.70559314
v -1.95910912 0.66012022 0.73924494
v -1.95903387 0.65995355 0.73915058
v -1.95745094 -0.66265484 0.73738301
v -1.91900954 0.69135729 0.69551082
v -1.91960245 0.69145743 0.69709114
v -1.91906379 -0.69119856 0.69556501
v -1.91900992 -0.69135837 0.69551082
v -1.92745085 -0.69976905 0.72472609
v -1.93347813 -0.69430487 0.73109776
v -2.00711320 0.49396594 0.75151427
v -2.00637802 0.49755739 0.75204620
v -2.00500009 -0.50389676 0.75251428
v -2.00693647 -0.49488086 0.75173328
v -1.93384541 -0.67483550 0.69135711
v -1.93641525 -0.67210512 0.69167266
v -1.93432586 0.67402399 0.69145143
v -1.93424541 0.67493936 0.69128557
v -1.98818742 0.57474067 0.74661560
v -1.98818780 -0.57474176 0.74661560
v -2.00267108 0.48861933 0.74878802
v -2.00328020 -0.48897228 0.75355210
v -1.99389470 -0.53232468 0.74358638
v -1.99509673 -0.53213759 0.74365244
v -1.99819430 -0.52913409 0.74599211
v -1.99917487 -0.52521666 0.74563030
v -1.89140663 -0.72429469 0.69139050
v -1.89809575 0.72048154 0.69738951
v -1.89130923 0.72423183 0.69138099
v -1.89140624 0.72429361 0.69139050
v -1.88614049 0.72657042 0.68629694
v -2.00259972 0.49232058 0.73489418
v -2.00275047 0.49239133 0.73486380
v -2.00267554 -0.49235704 0.73487890
v -2.00260011 -0.49232167 0.73489425
v -1.99553800 -0.53052686 0.73386358
v -1.99562621 -0.53220833 0.73126338
v -1.99553711 0.53052578 0.73386377
v -2.00620813 -0.47916412 0.73386141
v -2.00363531 -0.48846454 0.73387991
v -2.04445896 -0.32910829 0.73986769
v -2.04471859 0.32616706 0.74128851
v -2.04445857 0.32910698 0.73986769
v -1.92870739 -0.69080896 0.70401398
v -1.92608256 -0.69241212 0.70077654
v -1.93515386 -0.66902140 0.69220781
v -1.93790883 -0.66500288 0.69308314
v -1.93952686 -0.66220368 0.69363265
v -1.94964084 -0.68271711 0.74158184
v -1.93952648 0.66220259 0.69363265
v -1.93790845 0.66500122 0.69308314
v -1.97908848 0.59151537 0.75913243
v -1.99788808 -0.52621749 0.73768030
v -1.97479526 0.57540296 0.70228464
v -1.97772012 0.56629017 0.70439162
v -1.97479564 -0.57540404 0.70228464
v -1.97772051 -0.56629125 0.70439162
v -1.94157997 -0.66164848 0.68454794
v -1.93947095 0.66475863 0.68384551
v -1.94557138 0.67153078 0.72471409
v -1.95701197 0.62872602 0.70109684
v -1.95991194 0.62185691 0.70265398
v -2.00081339 0.51049124 0.75413167
v -1.99228101 0.53664608 0.75615721
v -1.93154105 -0.66703205 0.68095690
v -1.93379418 -0.66402511 0.68165620
v -1.99851941 0.50950614 0.75547910
v -1.99740890 0.51405599 0.75526944
v -1.92348351 0.69346005 0.69680336
v -2.00292598 0.49048766 0.73633211
v -2.00292637 -0.49048929 0.73633211
v -2.00733619 0.49182698 0.75120381
v -1.90573609 -0.71555239 0.70390905
v -1.90603363 0.71493453 0.70358522
v -1.99606645 -0.53663140 0.75724456
v -1.98622513 -0.54394643 0.72410165
v -1.99763547 -0.52657120 0.73574424
v -1.93904015 0.68753999 0.72256122
v -1.93396995 0.69194203 0.71706973
v -1.92915211 0.68462189 0.70823763
v -1.92745443 0.68597950 0.70656203
v -1.92322554 0.68903127 0.70164220
v -1.93650543 -0.68974210 0.71981548
v -1.93669263 -0.68781826 0.71748062
v -1.93397033 -0.69194312 0.71706973
v -1.92745481 -0.68598058 0.70656226
v -1.92915262 -0.68462292 0.70823808
v -1.92322592 -0.68903236 0.70164220
v -1.96143743 -0.66108602 0.73842613
v -1.95792298 -0.66580410 0.73456026
v -1.93802939 0.65778741 0.68297133
v -1.92945833 0.66994466 0.67998264
v -1.96143705 0.66108493 0.73842613
v -1.95792259 0.66580251 0.73456033
v -2.04145138 -0.32074794 0.74240311
v -2.04125710 0.32086132 0.74230897
v -2.04134799 0.32067218 0.74233393
v -2.00274077 0.49164045 0.75427100
v -2.00279362 -0.48884703 0.75047942
v -2.00244923 -0.51069091 0.72752573
v -1.92495424 0.70515779 0.71797812
v -2.00244910 0.51069033 0.72752580
v -1.95525800 -0.62680821 0.68958693
v -2.01059466 0.46642049 0.74670112
v -2.00935127 0.47093677 0.74678339
v -2.01059504 -0.46642157 0.74670112
v -1.99484999 -0.52757251 0.71432753
v -1.94315569 0.67221624 0.72546152
v -1.93952495 0.67599422 0.72113453
v -1.99590434 -0.53816621 0.72726029
v -1.99754688 0.53358221 0.73121500
v -1.99590396 0.53816512 0.72726029
v -1.98404903 -0.59142372 0.75581142
v -1.98404865 0.59142264 0.75581142
v -1.94711563 0.65211038 0.68644896
v -1.94318211 0.65846699 0.68503995
v -1.94318250 -0.65846807 0.68503995
v -2.00369786 0.51917176 0.75532675
v -2.04032376 -0.32934581 0.73813296
v -2.00369824 -0.51917284 0.75532681
v -1.99015635 -0.54737231 0.71937829
v -1.98968253 -0.54903074 0.71808183
v -1.98839382 -0.55241366 0.71667741
v -1.98886611 0.55095614 0.71743572
v -1.99097341 0.54524223 0.72056281
v -1.98968202 0.54902965 0.71808196
v -1.91400393 0.68750642 0.67570946
v -2.00352873 0.50255765 0.73682172
v -2.00229497 0.50602155 0.73338944
v -2.00089362 0.51035868 0.72964145
v -2.00209482 0.49604543 0.73959204
v -2.00329603 0.49737294 0.73811487
v -2.00490564 0.49496780 0.74102748
v -1.94610391 -0.65672744 0.68845599
v -1.94610353 0.65672635 0.68845599
v -1.94266745 0.66201974 0.68727253
v -2.00010636 0.50219112 0.75439510
v -2.00150989 -0.49595244 0.75383017
v -1.96216501 -0.62784309 0.69797916
v -1.96216488 0.62784201 0.69797891
v -1.95933307 0.63406446 0.69657449
v -1.96359636 0.62450753 0.69910401
v -1.98872698 0.55197188 0.71654926
v -1.94767191 0.65419330 0.69541566
v -1.94076158 0.66575113 0.69287412
v -1.93852331 0.66913252 0.69219166
v -1.94161340 -0.66473217 0.69308535
v -1.93852370 -0.66913360 0.69219160
v -1.95542713 0.62566789 0.68995953
v -1.95227556 0.63226824 0.68869514
v -1.95227595 -0.63226932 0.68869495
v -1.95542751 -0.62566898 0.68995953
v -2.01947226 -0.42693731 0.73531886
v -2.01586564 -0.44135111 0.73508406
v -2.00984028 -0.46489411 0.73477413
v -2.01258031 -0.45427162 0.73489208
v -2.03152989 0.37656751 0.74469626
v -2.03153028 -0.37656886 0.74469619
v -1.98040501 0.55763786 0.70643132
v -1.98280704 0.54967994 0.70835628
v -1.98280755 -0.54968154 0.70835628
v -1.98040540 -0.55763895 0.70643132
v -1.99231362 0.51774470 0.72032727
v -1.95078799 0.64568044 0.68786193
v -2.02151995 -0.43841808 0.74534508
v -2.02874505 -0.40773802 0.74426054
v -1.94490762 -0.65262498 0.69474170
v -1.94096223 0.65944896 0.69322923
v -1.97888233 -0.58478412 0.69996935
v -2.04071027 0.35208055 0.73662193
v -2.04071027 -0.35208323 0.73662193
v -2.01856196 -0.45097868 0.74561304
v -2.01400470 -0.46882197 0.74608102
v -2.01400470 0.46882035 0.74608102
v -1.94561095 0.64506213 0.68586952
v -2.04451959 -0.32801498 0.73915824
v -1.96802955 -0.62119826 0.70030301
v -1.99917449 0.52521503 0.74563011
v -1.99879666 0.52628189 0.74520269
v -1.99553259 -0.53187322 0.73521169
v -1.99568441 -0.53285387 0.73390455
v -1.99453267 0.53349209 0.73382828
v -1.99568403 0.53285278 0.73390455
v -2.04418108 -0.32556229 0.74141022
v -2.04463881 -0.32585953 0.74139561
v -2.04463881 0.32585844 0.74139561
v -2.03932602 -0.33636973 0.73623133
v -2.03947875 -0.33565381 0.73615372
v -2.03996406 -0.33100571 0.73775567
v -2.03974208 0.33352424 0.73669290
v -2.03916895 0.33773954 0.73593041
v -2.04208782 0.34533175 0.73797261
v -2.00311299 -0.50081407 0.73487810
v -1.91400431 -0.68750751 0.67570965
v -1.91949102 -0.68166493 0.67715651
v -1.90238693 0.69941011 0.67388637
v -1.92084891 -0.70519187 0.71795750
v -1.96734013 0.61360598 0.70206649
v -1.93695992 0.67235563 0.68827953
v -1.93430821 0.67563630 0.68771284
v -1.93318595 0.67736392 0.68821213
v -1.96632133 -0.61370226 0.70241130
v -1.96734052 -0.61360771 0.70206649
v -1.93696055 -0.67235671 0.68827927
v -2.00767350 -0.47442822 0.73380084
v -2.03509337 -0.35912861 0.73561870
v -1.92675621 -0.67995831 0.69106092
v -1.92526812 -0.68228011 0.69132067
v -1.97535805 -0.60634341 0.75935109
v -1.90584956 0.71580858 0.70404487
v -1.90584995 -0.71580966 0.70404487
v -1.99932498 0.49799440 0.73833170
v -1.98521584 0.56802723 0.74547687
v -1.99026229 -0.53528682 0.73089282
v -1.96823493 0.63294361 0.75890254
v -1.96509141 0.64334708 0.75805242
v -1.96823544 -0.63294469 0.75890248
v -1.97169871 -0.62038133 0.75930507
v -2.00935880 -0.49145709 0.74809909
v -1.99618631 -0.52608966 0.75529918
v -2.00056091 -0.51399367 0.75417893
v -1.96838581 -0.59403477 0.69805243
v -1.97164880 -0.58474009 0.70015303
v -1.96838529 0.59403368 0.69805243
v -1.97164816 0.58473900 0.70015322
v -1.96995591 -0.64000948 0.74917578
v -1.97059943 -0.63958946 0.75207090
v -1.96736043 0.63604462 0.74622877
v -2.00242166 0.52312950 0.74526026
v -2.00242217 -0.52313116 0.74526007
v -1.96815987 0.60698142 0.69420916
v -1.96760781 0.60685591 0.69409996
v -1.95549727 -0.66084968 0.73501953
v -1.95549688 0.66084860 0.73501953
v -1.93199387 0.67338209 0.69150544
v -2.00640560 -0.48110653 0.74667993
v -2.00640560 0.48110544 0.74667993
v -2.00577286 0.48254911 0.74539601
v -2.04401003 0.33233245 0.74131934
v -2.04419358 0.33104944 0.74128858
v -2.04354387 0.33671410 0.73888336
v -2.04401067 -0.33233376 0.74131940
v -2.04437739 -0.32976751 0.74125781
v -2.01020764 -0.49298769 0.75236053
v -2.01041047 -0.49162370 0.75132335
v -2.01020726 0.49298660 0.75236053
v -2.01040996 0.49162262 0.75132335
v -1.93055965 0.67653659 0.68133964
v -1.96039738 0.63244796 0.68947703
v -1.96193378 -0.62919266 0.69020560
v -1.93056067 -0.67653818 0.68133939
v -1.91993573 0.69088149 0.69711832
v -1.91993612 -0.69088258 0.69711832
v -2.04413589 0.34015937 0.73637819
v -2.04413627 -0.34016046 0.73637838
v -1.99277461 0.52666125 0.74215995
v -1.91995080 0.70956876 0.71105464
v -1.95374119 -0.64501030 0.69474170
v -1.95374042 0.64500922 0.69474176
v -1.92777367 0.67870697 0.69107799
v -1.92879202 -0.67745780 0.69109506
v -1.93199426 -0.67338317 0.69150544
v -2.04165191 -0.33781164 0.73579504
v -1.94475764 0.66099896 0.69097156
v -1.94885429 0.65411888 0.69249437
v -1.94388314 -0.66225352 0.69032172
v -2.03535172 -0.38238441 0.73565967
v -2.03535134 0.38238332 0.73565967
v -1.99544654 0.53137176 0.75540934
v -1.99016579 -0.55551889 0.75631638
v -1.92250523 -0.69937945 0.70437381
v -1.92260952 -0.69830292 0.70297750
v -1.91787905 0.70231353 0.69983624
v -2.04241076 0.32585972 0.73968867
v -2.04351910 0.32634078 0.73967667
v -1.96722187 0.64445146 0.74545039
v -1.96584056 0.64605195 0.74473028
v -1.96722137 -0.64445325 0.74545008
v -1.96584094 -0.64605304 0.74473028
v -2.00044060 0.49558562 0.74171453
v -2.00192129 0.49135593 0.74660385
v -1.99204295 -0.53027272 0.74400327
v -1.99257395 -0.52752225 0.74290744
v -1.92219046 -0.68627822 0.69233035
v -2.00747297 -0.48987933 0.73587054
v -2.00762818 -0.48980284 0.73590411
v -1.99327026 0.53418849 0.74380727
v -2.00762780 0.48980176 0.73590411
v -2.01029188 -0.47622815 0.74763178
v -1.88234228 0.72613604 0.67954897
v -1.92607535 -0.68451445 0.69166292
v -1.97751015 0.56603756 0.70345247
v -1.95015225 0.67022867 0.72707929
v -1.94750916 0.67189815 0.72481729
v -1.94424904 0.67588914 0.72052483
v -1.95015270 -0.67022976 0.72707929
v -1.94750954 -0.67189923 0.72481729
v -1.94386476 -0.67567721 0.72048724
v -1.93239557 0.67661719 0.68564901
v -1.93813042 0.67075796 0.68856880
v -1.93657079 -0.67222147 0.68760048
v -1.93239596 -0.67661828 0.68564901
v -1.93813093 -0.67075904 0.68856867
v -1.96183581 0.61142574 0.69414789
v -1.96508783 0.60301819 0.69603417
v -1.96508847 -0.60301928 0.69603391
v -1.96183620 -0.61142682 0.69414789
v -1.99628881 -0.53635001 0.74670137
v -1.99566386 -0.53637573 0.74645202
v -1.99628881 0.53634892 0.74670137
v -1.99566310 0.53637407 0.74645202
v -1.99090920 0.53508294 0.74405567
v -1.99122027 0.53380675 0.74431725
v -2.01031461 -0.48371971 0.74386637
v -2.00677858 0.47954185 0.74711699
v -2.01031422 0.48371863 0.74386637
v -1.92217648 -0.69042197 0.69522065
v -1.92290030 0.69034493 0.69461686
v -1.92253625 0.69051024 0.69517528
v -1.92217948 0.69016623 0.69470761
v -1.99169001 -0.52967167 0.73839524
v -1.99208724 -0.52868031 0.73968765
v -1.97629215 -0.57712279 0.71286733
v -1.98808569 -0.53133696 0.71229127
v -2.03996393 0.33100462 0.73775561
v -1.99260625 -0.53394750 0.74511698
v -1.99085661 -0.53651505 0.74507288
v -1.99143906 -0.53400200 0.74484707
v -1.99143867 0.53400092 0.74484707
v -1.99085623 0.53651397 0.74507288
v -1.94177955 -0.66354089 0.68235506
v -1.94177916 0.66353980 0.68235487
v -1.94588985 -0.65750186 0.68373076
v -1.94588947 0.65750078 0.68373076
v -1.94307349 0.65767055 0.68294363
v -1.99155295 -0.55240895 0.71702592
v -2.00274077 -0.49164154 0.75427100
v -1.95575709 -0.66590622 0.75248294
v -1.95908021 -0.65940869 0.75489659
v -2.04471859 -0.32616814 0.74128851
v -2.04467174 -0.32612571 0.74145005
v -2.04467927 0.32596952 0.74144261
v -2.04461800 0.32619325 0.74148553
v -1.88896860 -0.71328343 0.67176892
v -1.98017015 0.55756089 0.70615370
v -1.98017040 -0.55756198 0.70615344
v -1.92477860 0.67616973 0.67957680
v -1.92477898 -0.67617082 0.67957680
v -2.04001652 -0.32971381 0.74187147
v -2.03995244 0.33170338 0.73819579
v -2.04042983 0.32754412 0.73983706
v -2.04016637 0.32982144 0.73889535
v -2.03986732 -0.33320758 0.73770787
v -2.04042983 -0.32754550 0.73983706
v -1.98588738 -0.56233974 0.71596764
v -1.98588738 0.56233821 0.71596764
v -2.04071563 -0.32572224 0.73971879
v -2.04024105 -0.32936716 0.73816739
v -1.92642497 0.68150403 0.68061034
v -1.92127652 0.68702226 0.67929042
v -1.92998704 -0.67811166 0.68293546
v -1.96854734 0.63895625 0.74612745
v -1.97045111 0.63629041 0.74662645
v -1.98138750 -0.55910827 0.71703642
v -1.92754659 0.69902130 0.72397509
v -1.93354400 0.69359115 0.73031063
v -1.96720810 0.64925965 0.75729976
v -1.98414694 0.54986911 0.72026137
v -1.98501454 0.54751061 0.72232878
v -1.93054574 -0.69630731 0.72714276
v -1.88262744 0.72424491 0.67735168
v -1.99510924 -0.52943482 0.73846283
v -2.02435291 0.42573052 0.73847068
v -2.02843564 -0.40900349 0.74146568
v -2.02456505 -0.42519605 0.74009950
v -1.95460305 -0.63734657 0.69762249
v -1.95420952 -0.63466133 0.69872889
v -1.95701159 -0.62845145 0.70013350
v -1.95701120 0.62845037 0.70013343
v -1.95460267 0.63734523 0.69762246
v -2.03885558 0.34042006 0.73559904
v -1.99205941 -0.54032507 0.74424714
v -1.99685530 -0.53565989 0.74737604
v -1.99233730 -0.55381961 0.74788082
v -1.98944939 0.56574621 0.74855568
v -1.99233691 0.55381795 0.74788082
v -1.97169833 0.62038025 0.75930507
v -2.00934054 -0.47604210 0.74664285
v -2.00723816 -0.47780798 0.74680652
v -2.00723765 0.47780690 0.74680665
v -2.00934054 0.47604102 0.74664285
v -1.99259348 0.52843345 0.74372315
v -1.99243954 0.52855078 0.74362455
v -1.91945872 -0.68963861 0.69326203
v -1.92027106 -0.68820758 0.69231446
v -1.92027068 0.68820649 0.69231446
v -1.91900009 0.69071906 0.69428115
v -2.00580388 -0.48853998 0.73386543
v -2.00849974 -0.47595042 0.73382088
v -2.00672228 0.47673167 0.73469327
v -2.04126993 0.32238406 0.74130584
v -2.04146529 0.32076887 0.74214029
v -2.00554450 0.49251291 0.74686061
v -1.98375219 -0.57358133 0.74564763
v -1.98323466 -0.56803559 0.74546826
v -1.97718261 -0.59188433 0.74612027
v -1.98042965 -0.57913703 0.74581309
v -1.88853831 0.71933976 0.67390596
v -1.97593488 0.57755608 0.71273796
v -1.97214713 0.58859146 0.71016514
v -1.97844745 0.56964111 0.71457682
v -1.99208686 0.52867923 0.73968765
v -1.90956468 0.70812944 0.69291075
v -1.91859725 0.70075154 0.69886426
v -1.91314896 0.70632523 0.69669499
v -1.91859801 -0.70075262 0.69886451
v -1.90724141 -0.70961421 0.69086000
v -1.98151183 0.55894897 0.71717434
v -1.97997191 0.56417636 0.71584146
v -1.98795849 -0.55381326 0.71611367
v -1.98752277 0.55521177 0.71554992
v -1.90310736 0.70478206 0.67466252
v -2.03961507 0.33372050 0.73748762
v -1.94387855 -0.68336012 0.74183873
v -1.95229509 0.67202075 0.74960996
v -1.92084814 0.70519079 0.71795757
v -1.97935424 0.56604701 0.71435606
v -1.97581106 -0.57737425 0.71169657
v -1.97935475 -0.56604809 0.71435606
v -1.90228928 -0.69920633 0.67291154
v -1.89688542 -0.70459455 0.67193365
v -1.95907944 0.65940761 0.75489639
v -1.96209659 0.65202448 0.75672657
v -1.96209698 -0.65202556 0.75672657
v -2.01146699 0.46874178 0.74653435
v -2.00522998 -0.48413785 0.74399089
v -2.00359855 -0.48912265 0.73901540
v -1.96509179 -0.64334862 0.75805249
v -2.00359817 0.48912157 0.73901509
v -1.98587296 0.55826619 0.70814803
v -1.98907902 0.54662399 0.71072764
v -2.01117876 0.48206859 0.74494395
v -1.94829839 -0.67339109 0.72670031
v -1.94783912 0.67324321 0.72654554
v -1.92978638 0.69284806 0.70374216
v -1.92978676 -0.69284914 0.70374209
v -1.88875799 -0.72440581 0.68043559
v -1.88875760 0.72440472 0.68043559
v -1.88894358 0.72296692 0.67862635
v -1.97889791 -0.60515606 0.74679819
v -1.98130440 -0.59187801 0.74633937
v -1.95335774 -0.63855254 0.68700090
v -2.01140874 -0.48151709 0.74519820
v -2.01117915 -0.48206967 0.74494395
v -1.99514383 -0.52228541 0.71662348
v -1.88651309 -0.71653698 0.67267955
v -1.99713459 -0.51874951 0.72190404
v -1.95000175 -0.65203864 0.69275410
v -1.95123423 -0.64984678 0.69305531
v -1.95392002 -0.64498197 0.69450670
v -1.95133814 -0.64974569 0.69345624
v -2.01380724 0.45428206 0.73399422
v -2.01370601 0.45707195 0.73401101
v -1.98869762 -0.55360606 0.74489334
v -1.96485399 -0.65081357 0.74527941
v -1.96485335 0.65081248 0.74527960
v -1.98883132 0.53749659 0.73062218
v -1.98993910 -0.53406640 0.73368609
v -1.98931185 -0.53612522 0.73184365
v -1.99158266 0.54298380 0.72264923
v -1.98394296 -0.55860209 0.71552203
v -1.98242449 -0.55855129 0.71602317
v -1.98326567 0.55574258 0.71689671
v -1.98318366 0.55857561 0.71577228
v -1.98242296 0.55855021 0.71602323
v -1.96849711 -0.63608764 0.74629623
v -1.97069887 -0.62838642 0.74651974
v -1.93145917 0.68133426 0.69006209
v -1.93145955 -0.68133579 0.69006209
v -1.98984541 0.54642071 0.72047014
v -1.99272751 -0.53976229 0.72517840
v -1.98984617 -0.54642180 0.72047014
v -2.04303073 0.33918158 0.73977592
v -2.04277385 -0.34134051 0.73850817
v -2.04354425 -0.33671439 0.73888310
v -2.04347823 -0.32461809 0.74243036
v -2.00778582 -0.49102948 0.73469876
v -2.00778544 0.49102840 0.73469876
v -1.91949063 0.68166333 0.67715651
v -1.99909560 -0.52275438 0.71871256
v -1.99845240 -0.52524340 0.71733345
v -1.99693700 -0.52937509 0.71481328
v -1.99845202 0.52524231 0.71733345
v -1.99763049 0.52720595 0.71598612
v -1.99986645 0.52046819 0.72026616
v -2.02992577 0.38276482 0.73579191
v -2.02671230 0.39684123 0.73557102
v -1.92217221 0.69067554 0.69573369
v -1.96993121 -0.63962571 0.74881119
v -1.96826837 -0.64227665 0.74806986
v -2.00513119 0.49513021 0.74100316
v -2.00396412 0.49762108 0.73808535
v -2.00592488 0.49576850 0.74110732
v -2.00592488 -0.49577007 0.74110662
v -2.00513119 -0.49513184 0.74100316
v -1.98732275 0.54134056 0.72731442
v -1.92217259 -0.69067662 0.69573369
v -1.98313420 -0.56803980 0.74654348
v -1.98587398 -0.56166434 0.74657197
v -1.98033468 -0.57915694 0.74688818
v -1.98313420 0.56803872 0.74654341
v -1.98587347 0.56166322 0.74657210
v -1.98033430 0.57915586 0.74688825
v -1.92891405 -0.68538374 0.70872428
v -1.92891367 0.68538266 0.70872428
v -1.99250036 0.53125201 0.73446616
v -1.99196368 0.52857756 0.73807294
v -1.99227003 0.52984351 0.73632234
v -1.99196406 -0.52857864 0.73807294
v -1.99395073 -0.52943482 0.73608409
v -1.95759467 0.66513282 0.74069675
v -1.96097612 0.66014904 0.74412243
v -1.95263450 -0.67320919 0.73745258
v -1.95759505 -0.66513390 0.74069675
v -1.98622041 0.54445408 0.72487007
v -1.95676970 0.67087213 0.74754658
v -1.89231138 0.70936345 0.67148989
v -2.00672228 -0.47673378 0.73469327
v -1.95977090 -0.62161062 0.70177036
v -1.93817063 -0.65772716 0.68278318
v -2.00638594 -0.49058722 0.75117502
v -2.00638594 0.49058614 0.75117502
v -1.98771105 0.55308335 0.71911276
v -1.98771143 -0.55308443 0.71911276
v -1.98400257 0.55068177 0.72048724
v -1.98511028 0.54764419 0.72255644
v -2.00182594 0.49531054 0.75468616
v -1.91729309 0.69195154 0.67557531
v -1.91797485 0.69176231 0.67581777
v -1.88432984 -0.72146882 0.67627117
v -1.88583006 -0.72135719 0.67648459
v -1.88531003 -0.71912761 0.67471262
v -1.88582904 0.72135610 0.67648433
v -1.88530927 0.71912601 0.67471243
v -1.95827126 -0.62509789 0.70118702
v -1.99909803 -0.52461299 0.74429896
v -1.95877035 -0.66227420 0.73570556
v -1.95980128 -0.65951611 0.73738186
v -1.95876997 0.66227286 0.73570553
v -1.96207311 0.65454068 0.74047994
v -1.90787683 -0.70222610 0.67393883
v -1.97341120 0.60511993 0.74646721
v -1.93945781 -0.68888847 0.72541671
v -1.93904053 -0.68754108 0.72256122
v -1.93683929 0.69133157 0.72257571
v -1.94124063 0.68375142 0.72255037
v -2.03163648 -0.39480761 0.73884340
v -2.03317703 0.38787888 0.73846851
v -2.01743217 -0.45282041 0.73436261
v -1.97049523 0.65058149 0.75491964
v -1.97046298 -0.65067412 0.75496705
v -2.03680279 -0.37017646 0.74290539
v -1.89378683 0.71581592 0.67529653
v -1.88896822 0.71328235 0.67176892
v -2.00447726 0.48929973 0.73904827
v -2.00447866 -0.48930081 0.73904808
v -1.93287029 0.67707097 0.68878774
v -1.93311600 0.67444582 0.68969735
v -1.98385373 0.59139698 0.75653996
v -1.98578826 0.58396247 0.75620387
v -1.98520537 0.58396978 0.75658099
v -1.98610846 0.57653856 0.75671789
v -1.93311639 -0.67444690 0.68969735
v -1.97736986 -0.58598826 0.70825723
v -1.99520702 0.52369490 0.75561063
v -1.99476690 0.52608120 0.75564803
v -1.99731476 0.51455773 0.75519872
v -1.99300629 -0.54272659 0.72485769
v -1.99186680 -0.54600101 0.72246702
v -2.03936782 -0.33580708 0.73695585
v -1.98288006 0.56803502 0.74558378
v -1.95287831 -0.64537760 0.69154929
v -1.95179945 -0.64577432 0.68872833
v -1.95287792 0.64537601 0.69154967
v -1.95653509 0.63218278 0.68840857
v -1.97259312 0.63255378 0.75655866
v -1.97098888 0.63768924 0.75616264
v -1.97259312 -0.63255487 0.75655866
v -1.97098907 -0.63769058 0.75616264
v -2.03276282 -0.38937232 0.73633390
v -2.03276244 0.38937096 0.73633390
v -1.99063719 -0.53661672 0.74407590
v -1.93479135 -0.68787538 0.71315855
v -1.94217486 -0.68060333 0.72024178
v -1.93268227 -0.68178549 0.71207631
v -1.93617796 -0.67869494 0.71618789
v -1.93974833 -0.67527743 0.72043746
v -1.93617758 0.67869385 0.71618789
v -1.93974794 0.67527577 0.72043746
v -1.93610731 0.67872532 0.71621569
v -2.00356906 -0.49058148 0.75258633
v -2.00356906 0.49058039 0.75258608
v -2.04417418 -0.33417667 0.73674638
v -1.96561558 0.61562345 0.69479311
v -1.95686480 0.62847341 0.70021525
v -1.97906123 0.57516142 0.70129938
v -1.97052169 0.59363128 0.70908443
v -1.96921805 0.59705301 0.70825359
v -1.96609010 0.60578854 0.70628434
v -1.92323268 -0.68629631 0.69232665
v -1.92653627 0.68459509 0.69160634
v -1.92494383 0.68537248 0.69202087
v -1.97860005 0.59850050 0.74631943
v -1.97689043 0.60512044 0.74643543
v -1.97359144 0.61767589 0.74655343
v -2.04459994 -0.32204456 0.74206428
v -2.04460001 0.32204335 0.74206405
v -1.93601228 -0.67584283 0.69043067
v -1.93601189 0.67584175 0.69043067
v -2.00395864 -0.48678566 0.73450665
v -2.00897152 -0.48773457 0.73443249
v -2.00897152 0.48773349 0.73443249
v -1.95794633 -0.63694650 0.69610839
v -1.95933358 -0.63406555 0.69657449
v -1.95657402 0.63974883 0.69528904
v -1.95692466 -0.65392977 0.74018272
v -1.95692428 0.65392869 0.74018272
v -1.95386871 0.65844708 0.73688411
v -2.01316314 -0.46007907 0.74750624
v -2.04426226 -0.33804509 0.73603616
v -2.04426187 0.33804397 0.73603616
v -1.95385632 0.67007620 0.73671753
v -1.95386909 -0.65844816 0.73688411
v -2.03803304 -0.34444570 0.73572828
v -1.98384301 -0.56818653 0.71151339
v -1.98384263 0.56818545 0.71151339
v -1.98324767 0.56721815 0.70643758
v -1.99806908 0.52545293 0.73952822
v -1.99622620 0.52618520 0.73956431
v -1.99806946 -0.52545401 0.73952822
v -1.99593753 -0.52688219 0.73861932
v -1.95049964 0.66301684 0.73309088
v -1.95218455 -0.66073304 0.73498749
v -1.95043454 -0.66304387 0.73312467
v -1.90748202 -0.69969259 0.67523430
v -2.04273958 -0.33601278 0.74174752
v -2.04461851 -0.32619434 0.74148553
v -2.04273919 0.33601141 0.74174752
v -1.99232466 -0.52935830 0.74295128
v -1.98348924 0.55335839 0.70634185
v -1.95947119 -0.64967650 0.74284764
v -1.99181484 -0.53732413 0.71314502
v -1.96538410 0.63603677 0.74622136
v -1.96356298 0.64157020 0.74564894
v -1.96467299 -0.64370842 0.74510970
v -1.96356337 -0.64157128 0.74564894
v -2.00805873 0.48832614 0.73780609
v -2.00805911 -0.48832723 0.73780609
v -1.94335188 0.67152715 0.72473279
v -1.94321683 0.67158478 0.72479431
v -2.03809214 0.36440317 0.74169034
v -2.03809214 -0.36440477 0.74169015
v -2.03535185 -0.37773030 0.74210212
v -1.97017380 -0.61766629 0.74654329
v -2.00618962 -0.48082567 0.74608357
v -2.00618924 0.48082459 0.74608383
v -2.00603268 0.48177933 0.74593633
v -1.91936937 0.69085686 0.69568027
v -1.94158623 -0.67339945 0.72258168
v -1.93603704 0.67875678 0.71624348
v -2.01900240 0.45249075 0.74115385
v -2.01900304 -0.45249183 0.74115436
v -1.90930671 -0.70954636 0.68922314
v -1.90930671 0.70954477 0.68922353
v -1.95794621 0.66963085 0.74679858
v -1.96139901 -0.66380658 0.74962081
v -1.95794659 -0.66963193 0.74679858
v -1.91154963 -0.71566668 0.70047942
v -1.97933675 -0.62013147 0.75810986
v -1.97933637 0.62013038 0.75810986
v -1.98261749 -0.55464803 0.71797008
v -2.01633717 -0.46019960 0.74575891
v -1.98919020 0.54252683 0.74516944
v -1.99136987 0.53329507 0.74449018
v -1.99003662 0.53871744 0.74446394
v -2.00793274 0.49064173 0.73632675
v -2.00793313 -0.49064281 0.73632675
v -1.88854954 -0.72521801 0.68631838
v -1.98601094 -0.55844126 0.71482241
v -1.98211380 -0.57298842 0.71101156
v -1.98601017 0.55844018 0.71482266
v -2.04567682 0.32631327 0.74041235
v -1.92387768 0.68158630 0.67720010
v -1.93399255 0.66960462 0.68008036
v -1.98686636 0.54234292 0.72530285
v -2.04208029 -0.32079431 0.74212695
v -2.04141321 -0.32118835 0.74191340
v -1.93399293 -0.66960519 0.68008036
v -1.93758359 -0.66392134 0.68134673
v -1.92387806 -0.68158738 0.67720010
v -1.95934226 -0.64978283 0.74307542
v -1.95672592 -0.65407440 0.74043916
v -1.95672566 0.65407331 0.74043890
v -2.04363169 -0.33631457 0.73725377
v -2.04384983 -0.33453299 0.73773353
v -2.04363169 0.33631323 0.73725377
v -2.04368262 0.33635778 0.73731045
v -1.94479032 -0.66072235 0.69127549
v -1.93993584 -0.66851312 0.68938761
v -1.93993545 0.66851204 0.68938761
v -1.94479095 0.66071916 0.69127593
v -1.91012785 -0.71399920 0.70309436
v -1.96538448 -0.63603837 0.74622136
v -1.90437874 0.71984041 0.69410199
v -2.03632387 -0.35126423 0.74353826
v -2.03632336 0.35126289 0.74353832
v -2.00797002 0.47611496 0.74772700
v -1.91401223 0.68779669 0.67666865
v -1.91389415 0.68773701 0.67647074
v -1.91401261 -0.68779777 0.67666865
v -2.00618056 0.49014809 0.74639579
v -1.94311663 0.67174663 0.72496542
v -1.94311701 -0.67174772 0.72496523
v -1.94308268 -0.67207583 0.72531179
v -1.98919020 -0.54252951 0.74516989
v -1.98961360 -0.54062402 0.74481714
v -2.04106793 0.32178333 0.74192310
v -2.04106832 -0.32178388 0.74192310
v -1.88319355 0.72374448 0.67785141
v -1.97662046 -0.57465687 0.71310328
v -1.97661625 0.57464896 0.71307833
v -1.98127849 0.55905479 0.71639723
v -1.96825625 0.59401958 0.69799971
v -1.89250476 -0.72420196 0.68633472
v -1.89609759 -0.72223022 0.69106558
v -1.94496998 0.67636493 0.72061390
v -1.94156766 0.68015629 0.71627642
v -1.94156829 -0.68015737 0.71627622
v -1.94530639 -0.67662881 0.72066556
v -1.98648846 0.53677181 0.71162534
v -1.98422123 0.55025792 0.71966553
v -1.98411439 0.55300842 0.71799931
v -1.98411502 -0.55300951 0.71799931
v -1.99690610 -0.53368082 0.74643932
v -1.99742243 -0.53138046 0.74610036
v -1.99499270 0.52962920 0.74481624
v -1.99683973 0.53146317 0.74588502
v -2.00743186 0.49795513 0.74071041
v -2.00703578 -0.49701352 0.74106239
v -2.03813898 0.34207010 0.74223647
v -2.03530168 -0.36306073 0.74304223
v -2.03813898 -0.34207118 0.74223647
v -1.99262182 -0.54032322 0.74428435
v -1.99318384 0.54032029 0.74432136
v -1.95514612 0.66352570 0.73329080
v -1.95198313 0.66816254 0.72922948
v -1.95471155 0.66334859 0.73321437
v -1.95471231 -0.66334968 0.73321456
v -1.95378235 -0.66593376 0.73129835
v -2.00134714 0.50320662 0.75397786
v -2.00315894 0.50489862 0.75344775
v -2.00315932 -0.50489974 0.75344775
v -2.00134765 -0.50320770 0.75397786
v -2.04472497 0.32605572 0.74141456
v -2.04472497 -0.32605709 0.74141456
v -1.96630672 0.65091888 0.74358881
v -1.97025440 -0.61776301 0.74749163
v -1.96735826 -0.62850857 0.74745442
v -1.97025402 0.61776192 0.74749163
v -1.96735788 0.62850749 0.74745442
v -1.96591102 0.60560148 0.70559353
v -1.96280745 0.61418198 0.70415988
v -1.96591140 -0.60560307 0.70559353
v -1.96280796 -0.61418352 0.70415943
v -1.96909475 -0.59681673 0.70736550
v -1.96909436 0.59681565 0.70736594
v -1.95860652 0.61897551 0.69239755
v -1.95555120 0.62591897 0.69083862
v -2.00792726 0.47583982 0.73379280
v -1.95544793 -0.66596647 0.73571252
v -1.98895687 -0.54237550 0.70909649
v -1.98681996 -0.54941119 0.70732376
v -1.99393810 0.52626775 0.74228938
v -1.99385321 0.52693690 0.74321876
v -1.92218038 -0.69016732 0.69470761
v -2.00313813 -0.49068104 0.73740241
v -2.00309499 -0.49038446 0.73742469
v -1.93072419 0.68840929 0.70431088
v -1.92802219 0.69073272 0.70098093
v -1.93055506 0.68804981 0.70438262
v -1.92802257 -0.69073381 0.70098093
v -1.93055544 -0.68805089 0.70438262
v -1.94707708 0.65462506 0.68815797
v -1.96193078 0.62799920 0.69855708
v -1.96193117 -0.62800086 0.69855708
v -1.99248983 0.52840718 0.74243547
v -1.99249022 -0.52840827 0.74243547
v -2.00941215 -0.48426313 0.74082688
v -2.00972795 0.48324861 0.74281202
v -1.96515000 -0.63625428 0.74722561
v -1.95401869 -0.63474149 0.69900364
v -1.92657597 -0.67985613 0.69010613
v -1.92620733 -0.68691172 0.70464997
v -1.92620669 0.68691064 0.70465016
v -1.93337206 0.69426601 0.73105589
v -1.93337257 -0.69426709 0.73105589
v -1.92734669 -0.69972923 0.72468620
v -1.92955276 0.68506756 0.68900909
v -1.92957576 -0.68481528 0.68929520
v -2.04360016 0.32122629 0.74228670
v -2.04360093 -0.32122763 0.74228670
v -1.93765839 -0.67756809 0.71885035
v -1.93950465 -0.67550585 0.72065950
v -1.93592292 -0.67893332 0.71639781
v -2.03507933 -0.35913257 0.73624110
v -2.03507933 0.35913149 0.73624103
v -1.93950427 0.67550425 0.72065975
v -1.97574583 -0.60511419 0.74636101
v -1.99393810 -0.52626884 0.74228938
v -1.99385360 -0.52693799 0.74321876
v -1.98416685 0.59185810 0.74718221
v -1.98416749 -0.59185918 0.74718202
v -2.00552038 -0.50368979 0.73468868
v -2.00551999 0.50368870 0.73468868
v -1.99599727 0.54258242 0.75414361
v -2.04460894 -0.32580317 0.74144635
v -2.04470838 -0.32597690 0.74139739
v -2.04460894 0.32580183 0.74144635
v -2.04470799 0.32597581 0.74139739
v -1.99105497 0.53079249 0.73687428
v -1.94579833 0.64527121 0.68654680
v -1.98895636 0.54237384 0.70909649
v -1.98845586 0.54231730 0.70907543
v -1.99574989 -0.50816628 0.72758566
v -1.92671293 -0.68898468 0.70147058
v -1.92579070 -0.68878453 0.70152751
v -1.92671255 0.68898360 0.70147058
v -1.99848597 -0.50117620 0.73570026
v -1.99953011 -0.49817002 0.73885425
v -2.00044150 -0.49558670 0.74171497
v -1.99359294 0.52821543 0.74390518
v -1.99359358 -0.52821651 0.74390486
v -1.92313172 0.70008236 0.70621356
v -1.99809040 -0.53028737 0.74684810
v -1.99742205 0.53137937 0.74610036
v -1.99094290 0.53662196 0.74400844
v -1.95472610 -0.63930654 0.68949107
v -1.95821579 -0.63298407 0.69116118
v -1.95472572 0.63930545 0.68949107
v -1.95821541 0.63298299 0.69116118
v -1.94386412 0.67567562 0.72048743
v -1.95366205 -0.65861116 0.73712913
v -1.95035450 -0.66362897 0.73388923
v -1.92402996 -0.69124362 0.69687478
v -1.92347355 -0.69123360 0.69547987
v -1.92402919 0.69124254 0.69687478
v -2.00730026 0.48736619 0.75084066
v -1.99681752 -0.53207469 0.73398261
v -1.99681714 0.53207360 0.73398261
v -2.04136777 -0.32936400 0.73808768
v -1.96116963 0.65422527 0.74031490
v -1.95898639 0.65910056 0.73717374
v -1.96117002 -0.65422636 0.74031490
v -1.95898690 -0.65910164 0.73717374
v -1.99367285 0.52642393 0.74105830
v -1.99367093 -0.52642603 0.74105875
v -1.93092089 0.67479059 0.69131538
v -1.93092127 -0.67479167 0.69131538
v -1.92312393 -0.68589943 0.68183408
v -1.91883722 -0.69037110 0.68097394
v -1.99162376 -0.53233882 0.74363948
v -1.91883645 0.69037059 0.68097375
v -1.97657923 0.57452578 0.71261612
v -2.04413908 -0.33205029 0.73862060
v -2.04460396 -0.32759943 0.74057095
v -2.04413908 0.33204921 0.73862060
v -2.04460332 0.32759946 0.74057025
v -1.99674119 -0.51755162 0.71985399
v -1.92438392 -0.69231252 0.69206025
v -1.92438353 0.69231144 0.69206025
v -1.88841705 0.72112819 0.67691986
v -1.88841807 -0.72112985 0.67691986
v -1.92148356 -0.68648047 0.69144283
v -1.92390831 -0.68449661 0.69052296
v -1.92291727 -0.68447568 0.69077359
v -1.92463474 -0.68225337 0.69031068
v -1.92291651 0.68447459 0.69077359
v -1.92390793 0.68449553 0.69052296
v -1.92148292 0.68647939 0.69144277
v -1.92463436 0.68225229 0.69031068
v -2.00255084 0.49206692 0.73500326
v -2.00255084 -0.49206800 0.73500326
v -1.99476983 0.52932524 0.74294292
v -1.93896816 0.68815097 0.73605665
v -1.94389374 0.68272706 0.74098612
v -1.94114706 0.68780250 0.73563670
v -1.93354425 -0.69359223 0.73031038
v -1.93896854 -0.68815256 0.73605665
v -1.94389412 -0.68272815 0.74098612
v -1.99413671 -0.53953546 0.72738353
v -1.99413633 0.53953437 0.72738353
v -1.98135955 -0.59143993 0.75744617
v -1.97893429 0.59146769 0.75808268
v -1.98388667 0.57655317 0.75738024
v -2.01067635 0.46723790 0.74766637
v -1.97155192 -0.62026033 0.75826074
v -1.97155154 0.62025924 0.75826074
v -1.94301924 -0.66310702 0.68953070
v -1.94047284 -0.66689713 0.68869099
v -1.94388250 0.66225244 0.69032191
v -1.94159050 0.66580978 0.68954423
v -1.90901159 -0.71324361 0.69792740
v -1.91301978 0.70882842 0.69940758
v -1.96496427 -0.64311451 0.75702692
v -1.96496389 0.64311343 0.75702692
v -1.96198516 -0.65172272 0.75571690
v -1.95637221 0.66413872 0.73356508
v -1.96198439 0.65172113 0.75571690
v -2.04070376 0.32738824 0.73890774
v -1.95898690 -0.65903297 0.75390848
v -1.95703686 -0.66535709 0.75130497
v -1.95898652 0.65903188 0.75390848
v -1.99186399 0.55463852 0.74765871
v -1.92034394 -0.68822385 0.69227712
v -1.92245162 -0.68653345 0.69120905
v -1.99186361 -0.55464062 0.74765922
v -1.98792690 -0.56804561 0.74793749
v -1.92245124 0.68653236 0.69120905
v -1.92034356 0.68822226 0.69227712
v -1.92187722 -0.68629813 0.69224463
v -1.92187722 0.68629705 0.69224412
v -1.97878277 0.57513471 0.70125078
v -1.99050125 0.56221918 0.75592611
v -2.04011978 0.32948922 0.74263900
v -2.04012017 -0.32949030 0.74263900
v -2.00416274 -0.50035352 0.75312551
v -2.00416274 0.50035244 0.75312551
v -2.00363493 0.48846346 0.73387991
v -2.04526797 0.32744510 0.73965497
v -2.04526797 -0.32744619 0.73965497
v -1.95113824 0.66778995 0.72909143
v -1.94866359 0.64556939 0.69657992
v -1.95113901 -0.66779154 0.72909143
v -1.92583027 0.69206419 0.69829834
v -1.92583065 -0.69206527 0.69829834
v -1.90070176 0.70457458 0.67190812
v -2.04116150 -0.32127298 0.74206728
v -2.04041503 -0.32851748 0.74176125
v -2.04041464 0.32851640 0.74176125
v -1.99514383 0.52228433 0.71662348
v -1.99478732 0.52219577 0.71661104
v -1.94873660 -0.64570980 0.69703797
v -1.94196757 -0.67528215 0.72041742
v -1.99408170 0.53449969 0.73000211
v -1.99484999 -0.53238704 0.73198508
v -1.95225259 0.67150513 0.74868320
v -1.94829916 0.67721668 0.74517544
v -1.94829954 -0.67721776 0.74517544
v -1.95225310 -0.67150672 0.74868320
v -1.99235976 -0.53005052 0.74423329
v -1.93250356 -0.68474080 0.70814528
v -1.98259030 0.57656051 0.75769527
v -1.98259068 -0.57656160 0.75769527
v -1.99575423 -0.50880977 0.72837853
v -1.99414820 -0.51332557 0.72446933
v -1.99575385 0.50880868 0.72837853
v -1.99414782 0.51332398 0.72446933
v -1.95117654 0.64974716 0.69369698
v -1.94869996 -0.65409431 0.69275017
v -1.99250809 0.51802841 0.72077336
v -2.03957793 -0.36079783 0.74348235
v -2.03957755 0.36079646 0.74348235
v -1.97466098 0.57538828 0.70223001
v -2.00379678 -0.48868668 0.73376969
v -1.96356720 -0.61934958 0.69372819
v -1.97405938 -0.59462117 0.70017677
v -2.00668833 0.49388155 0.74673616
v -1.99461513 -0.52607708 0.75591481
v -1.99189986 0.54081759 0.72739228
v -1.98862090 -0.55027266 0.72058534
v -1.98862052 0.55027158 0.72058534
v -2.04088451 -0.32386701 0.74163481
v -1.98950625 0.52716848 0.71515729
v -1.98811083 0.53174508 0.71327375
v -1.98950663 -0.52716957 0.71515729
v -1.98811122 -0.53174616 0.71327375
v -2.03936744 0.33580600 0.73695585
v -1.91797523 -0.69176339 0.67581777
v -2.00730064 -0.48736727 0.75084066
v -2.00734941 -0.48745114 0.75246654
v -1.97078273 -0.60359406 0.69815774
v -1.97078209 0.60359298 0.69815799
v -1.93591935 -0.67944218 0.71684559
v -2.00577682 0.48219907 0.74481210
v -2.04190388 0.32442294 0.74161171
v -2.04190426 -0.32442428 0.74161171
v -1.93306686 0.67197359 0.69169550
v -1.99243954 0.52741267 0.73962434
v -1.99243992 -0.52741375 0.73962440
v -2.02802182 -0.39155646 0.74440587
v -2.02802143 0.39155512 0.74440587
v -1.93492614 0.66882643 0.69150014
v -1.95027485 0.64262499 0.69695309
v -1.95027549 -0.64262557 0.69695334
v -2.04513675 0.33088304 0.73819024
v -2.04150754 -0.32058210 0.74235390
v -2.04134799 -0.32067352 0.74233393
v -1.91900009 -0.69072066 0.69428115
v -1.92262509 -0.68922625 0.69386682
v -1.92338867 -0.68793301 0.69305129
v -1.92338816 0.68793193 0.69305129
v -1.92262471 0.68922517 0.69386682
v -1.98526230 0.54713125 0.72168245
v -1.98526268 -0.54713284 0.72168245
v -1.96505682 0.62107923 0.69987948
v -1.96505720 -0.62108032 0.69987948
v -2.02692649 0.39684617 0.73491525
v -1.99105536 -0.53079358 0.73687428
v -1.94904410 0.67278318 0.72507564
v -1.94904448 -0.67278477 0.72507558
v -1.98422161 -0.55025901 0.71966553
v -1.99389431 0.53232360 0.74358619
v -1.91388216 0.70969354 0.71037990
v -1.92099455 0.70440066 0.71725986
v -1.98593167 -0.55778721 0.70570624
v -1.98732964 -0.54955006 0.70739549
v -1.91388254 -0.70969513 0.71037939
v -1.92099545 -0.70440175 0.71725986
v -1.92475358 0.68227328 0.69109915
v -1.92599340 0.68043353 0.69042511
v -1.92754722 -0.69902239 0.72397515
v -1.92658491 -0.67993418 0.69083626
v -1.92229449 -0.68541470 0.69164674
v -1.98151949 0.55874876 0.71619670
v -1.98151987 -0.55874984 0.71619676
v -1.97514884 0.57512054 0.70122416
v -1.98316649 -0.55351249 0.71911410
v -1.92129171 -0.68831237 0.69206970
v -1.91953059 -0.68966165 0.69323114
v -1.92129120 0.68831129 0.69206970
v -1.91953020 0.68966056 0.69323114
v -2.02464126 0.40760332 0.74580454
v -2.02464164 -0.40760441 0.74580454
v -2.03990240 0.33125953 0.73830334
v -2.01094836 -0.47920547 0.74584621
v -1.92888329 0.68519770 0.70860608
v -1.92589358 0.68716478 0.70477583
v -1.92589396 -0.68716586 0.70477628
v -2.04595470 -0.32341585 0.74199579
v -2.04515705 0.32257665 0.74194812
v -1.99229556 -0.52748603 0.74067275
v -1.99245626 -0.52703755 0.74096678
v -1.99229505 0.52748549 0.74067186
v -1.99763509 0.52656957 0.73574405
v -1.96630723 -0.65091996 0.74358881
v -2.00722929 0.47771627 0.74703453
v -2.04234132 0.34425937 0.73672009
v -2.04234132 -0.34426074 0.73672009
v -2.00164826 0.49549336 0.75446776
v -1.94873622 0.64570871 0.69703797
v -1.95050002 -0.66301793 0.73309088
v -2.01720426 -0.45384768 0.73580781
v -2.02404069 -0.42649974 0.73614632
v -2.02045602 -0.44095158 0.73595007
v -2.02404030 0.42649865 0.73614632
v -2.02045564 0.44095050 0.73594949
v -2.01720388 0.45384580 0.73580761
v -1.94391173 -0.65590260 0.69377651
v -1.99680041 0.51745621 0.75518653
v -1.99680080 -0.51745729 0.75518653
v -2.04214858 -0.32058682 0.74235512
v -2.03868326 0.34047980 0.73623874
v -2.03801364 -0.34448055 0.73637168
v -2.03868352 -0.34048088 0.73623867
v -2.00797065 -0.47611604 0.74772675
v -1.88365728 0.72177114 0.67569076
v -1.88364503 0.72182616 0.67558501
v -1.88364605 -0.72182724 0.67558482
v -1.93923736 -0.67091879 0.68567754
v -1.93561160 -0.67541522 0.68465031
v -1.93923698 0.67091719 0.68567754
v -1.93561122 0.67541414 0.68465031
v -2.00267223 -0.49124431 0.73476239
v -2.00260406 -0.49179347 0.73442368
v -2.00267210 0.49124322 0.73476245
v -2.04078418 0.32382323 0.74146843
v -2.00947661 0.48308621 0.74323810
v -2.00961626 0.48320511 0.74305097
v -2.00056863 0.49457378 0.74136931
v -2.00010183 0.50281098 0.75427336
v -1.99838781 0.51044985 0.75478177
v -2.00010222 -0.50281312 0.75427355
v -1.99838819 -0.51045145 0.75478183
v -2.00961664 -0.48320674 0.74305097
v -2.00947661 -0.48308729 0.74323810
v -2.04229537 -0.32582653 0.73968931
v -1.99509635 0.53213650 0.74365244
v -2.00502805 0.48418555 0.74334896
v -2.04278080 0.33175814 0.73734134
v -2.04278080 -0.33175923 0.73734134
v -1.98196586 0.57224329 0.74662409
v -1.98196586 -0.57224489 0.74662409
v -1.98788337 -0.53145015 0.71256206
v -1.98788299 0.53144907 0.71256206
v -2.04206918 0.32057785 0.74235582
v -1.94631849 0.65052579 0.69621255
v -1.94386923 0.65487454 0.69525438
v -2.01073098 -0.46491191 0.73386300
v -1.96577240 0.60990663 0.69337066
v -1.98931836 -0.53544768 0.73107587
v -1.98845228 -0.53787645 0.72893704
v -2.04147946 0.32058675 0.74235282
v -2.00619894 -0.48075183 0.74592689
v -2.00619894 0.48075020 0.74592689
v -1.98931797 0.53544660 0.73107580
v -1.98845190 0.53787537 0.72893704
v -1.97563580 0.58446814 0.69912165
v -2.03395834 -0.36303580 0.74382725
v -2.03405663 -0.36302247 0.74405235
v -2.03388712 -0.36306047 0.74341457
v -2.03388674 0.36305936 0.74341457
v -2.04112703 0.32358087 0.74069828
v -2.02692688 -0.39684751 0.73491525
v -2.00309435 0.49038337 0.73742488
v -1.98318602 0.55311009 0.71822511
v -1.98318641 -0.55311118 0.71822511
v -1.95232828 0.63221003 0.68849722
v -1.93200345 0.69163243 0.71244106
v -2.01411895 0.46478819 0.73419296
v -1.92714846 0.68489646 0.69139777
v -1.92714935 -0.68489754 0.69139784
v -2.00312524 0.48981742 0.73746783
v -2.00312562 -0.48981851 0.73746783
v -1.96484863 -0.62114478 0.70010803
v -1.95871284 0.61898853 0.69244555
v -1.95871323 -0.61898962 0.69244555
v -2.03982224 -0.35666477 0.73827519
v -2.03982199 0.35666369 0.73827525
v -1.99432027 0.53302887 0.72197527
v -1.99432282 -0.53302000 0.72197399
v -1.99981820 -0.51399472 0.72763934
v -1.99662260 -0.52320816 0.72049114
v -2.03943458 -0.33771209 0.73572605
v -1.99733104 0.50398372 0.73142683
v -1.94271608 -0.66627671 0.68674714
v -1.94271570 0.66627563 0.68674695
v -1.98233756 -0.55619119 0.71803230
v -1.93640006 0.67092664 0.68572088
v -1.93640057 -0.67092772 0.68572068
v -1.95149565 0.66907489 0.73087234
v -1.94032950 0.68226907 0.71798622
v -1.93724533 0.68438964 0.71372536
v -1.94033026 -0.68227016 0.71798642
v -1.99130222 -0.53005681 0.73644539
v -1.99071709 -0.53161938 0.73476960
v -1.99226913 -0.52984460 0.73632215
v -1.99130209 0.53005572 0.73644565
v -1.99167175 0.53143174 0.73461534
v -1.99210205 -0.53070920 0.74332011
v -2.01333023 -0.47170973 0.74580224
v -2.01461191 -0.46699476 0.74537412
v -1.99228841 0.52897785 0.74353788
v -2.00693622 0.48488036 0.74190044
v -2.00742523 0.48341161 0.74334935
v -2.00693520 -0.48488195 0.74190051
v -2.00742523 -0.48341269 0.74334935
v -1.93775234 0.67157584 0.68885093
v -1.93775272 -0.67157744 0.68885093
v -1.92938008 -0.68711347 0.70458360
v -1.92937932 0.68711238 0.70458360
v -2.00229018 -0.51359174 0.74886107
v -1.92898234 -0.67982569 0.68372259
v -1.92898196 0.67982460 0.68372259
v -1.95406336 -0.63468488 0.69881058
v -2.04098547 0.32378105 0.74062488
v -1.90796580 0.69350569 0.67451285
v -1.97888195 0.58478253 0.69996935
v -1.93508927 -0.67429967 0.68900672
v -1.93508889 0.67429858 0.68900672
v -1.88939826 -0.71328082 0.67275243
v -1.88939826 0.71327973 0.67275243
v -1.89213944 0.71327763 0.67334088
v -2.02139626 0.43906489 0.74291095
v -2.02139703 -0.43906597 0.74291069
v -1.97526078 0.61791331 0.74896599
v -2.01104001 0.47929352 0.74567779
v -1.96826799 0.64227557 0.74806986
v -1.94455494 -0.68677074 0.73467004
v -1.94455417 0.68676965 0.73467004
v -1.97576587 -0.61793590 0.74917629
v -1.97235379 0.62872966 0.74892036
v -1.97235417 -0.62873074 0.74892036
v -1.97012906 -0.63656714 0.74867777
v -1.92284643 0.69242313 0.69515144
v -2.03874249 -0.34044131 0.73581425
v -2.03916934 -0.33774062 0.73592996
v -2.03874211 0.34043997 0.73581425
v -2.03803265 0.34444462 0.73572809
v -2.00118822 -0.51749242 0.75389744
v -1.99666881 -0.53666542 0.75486780
v -1.99926473 -0.52611008 0.75432122
v -2.00118784 0.51749080 0.75389744
v -1.99926435 0.52610899 0.75432122
v -1.99666881 0.53666433 0.75486780
v -1.97722728 -0.57835571 0.70048688
v -1.98125654 -0.56600616 0.70333305
v -2.04302780 0.34048059 0.73679801
v -1.93987967 -0.66628456 0.68678933
v -1.93987929 0.66628348 0.68678933
v -2.04076005 -0.32667984 0.73923151
v -1.93109883 -0.68952073 0.70411029
v -1.93109844 0.68951964 0.70411029
v -1.92604994 -0.68698403 0.70468565
v -1.94490762 0.65262390 0.69474125
v -2.02511253 -0.42378756 0.74437772
v -1.96038410 -0.62568372 0.69001920
v -1.95728781 -0.63222056 0.68855786
v -1.95728781 0.63221948 0.68855786
v -1.89182364 0.72328234 0.69123107
v -1.98708865 0.57653058 0.75636783
v -2.04579642 0.32312974 0.74207672
v -2.04579681 -0.32313108 0.74207672
v -1.96049605 0.65994895 0.73761941
v -1.95755255 -0.66501755 0.73403015
v -1.96049643 -0.65995004 0.73761948
v -2.00259411 0.48875532 0.74878065
v -2.00280242 0.48851531 0.75056041
v -1.94307387 -0.65767163 0.68294363
v -1.94781040 -0.65134910 0.68455522
v -2.00143113 0.50405974 0.73139587
v -2.00094633 0.50396014 0.73140047
v -1.96083801 -0.66482315 0.75016177
v -1.93979288 0.66156915 0.68192241
v -2.00143151 -0.50406082 0.73139587
v -2.00278596 -0.49032472 0.75274008
v -2.00278558 0.49032363 0.75274008
v -1.90497851 -0.70932675 0.68617638
v -1.92906199 -0.68043928 0.68492935
v -1.93071742 -0.67971406 0.68877517
v -1.98385412 -0.59139857 0.75653996
v -1.99558204 -0.53380757 0.71299127
v -1.99558204 0.53380648 0.71299127
v -1.96807767 -0.63277333 0.75786919
v -1.96807703 0.63277174 0.75786951
v -1.99543921 -0.53993569 0.74693911
v -1.92097923 -0.70651913 0.70962916
v -1.91194833 -0.69341353 0.67420708
v -2.04232588 0.32456441 0.74156014
v -2.04232971 -0.32456734 0.74156040
v -1.94365223 -0.68730838 0.73503976
v -2.02317410 -0.41183278 0.73556745
v -1.91183153 0.69333388 0.67421971
v -1.95064311 0.64497833 0.68574213
v -2.00477646 -0.51463556 0.74796296
v -2.00477480 0.51463869 0.74796194
v -1.98472606 0.54234608 0.70916466
v -1.95751387 -0.63879940 0.68825757
v -1.95751349 0.63879774 0.68825757
v -1.94744649 0.65545616 0.69031828
v -1.99081347 0.53113203 0.73544306
v -2.03617056 0.35141903 0.74273320
v -1.99181638 0.53871164 0.71347262
v -2.00841997 0.48748305 0.73739929
v -2.00781799 -0.48947952 0.73610299
v -2.00767758 -0.48976563 0.73545436
v -1.97011476 -0.61767072 0.74658592
v -1.97011438 0.61766906 0.74658592
v -1.93843996 0.65771618 0.68275344
v -1.93673551 -0.68523912 0.71031653
v -1.93089370 -0.68876986 0.70423914
v -1.93673513 0.68523753 0.71031749
v -1.93089332 0.68876877 0.70423914
v -1.97743892 0.58768697 0.70703802
v -1.96606968 0.60552865 0.70532445
v -1.96607019 -0.60552974 0.70532445
v -2.00034832 0.49554579 0.74168523
v -1.92499125 0.68494516 0.68430120
v -1.99938817 0.50551588 0.75453880
v -1.99938868 -0.50551646 0.75453880
v -2.02820767 0.40765310 0.74449924
v -2.00387107 0.48807462 0.73897156
v -2.00343554 0.48944543 0.73749911
v -2.00387171 -0.48807570 0.73897130
v -1.89688389 0.70470503 0.67268369
v -2.00776515 0.48847967 0.73775772
v -1.94610915 0.65031467 0.69553042
v -1.94365734 0.65466227 0.69457282
v -1.94610953 -0.65031626 0.69553029
v -1.94369933 -0.65460310 0.69438046
v -2.00776553 -0.48848130 0.73775772
v -1.96651133 -0.61118315 0.69326152
v -1.96344376 0.61874492 0.69157571
v -1.93237081 -0.68256834 0.71268071
v -1.97718223 0.59188324 0.74612027
v -1.95577585 0.66548340 0.75157825
v -1.95329992 -0.64503494 0.68647992
v -1.95329928 0.64503334 0.68648017
v -1.92543252 -0.68728062 0.68971624
v -1.98461105 -0.58704408 0.75228471
v -1.98034400 0.60607204 0.75603371
v -1.98460978 0.58704721 0.75228503
v -2.00034832 -0.49554688 0.74168523
v -1.99683973 -0.53146480 0.74588502
v -1.96375764 0.62598598 0.69111421
v -1.96375802 -0.62598707 0.69111421
v -1.99042836 -0.54629447 0.72025263
v -1.99273785 0.52670159 0.74101701
v -1.96068816 0.63249717 0.68965771
v -1.96068854 -0.63249826 0.68965771
v -1.99273823 -0.52670267 0.74101701
v -1.94132334 -0.65864474 0.69368518
v -1.94132296 0.65864365 0.69368518
v -1.96980879 0.60278077 0.69515680
v -1.90796848 -0.69351411 0.67454023
v -1.92734899 -0.68935613 0.70136432
v -1.92527973 -0.69064675 0.69878269
v -1.92527897 0.69064567 0.69878269
v -1.92734861 0.68935505 0.70136432
v -2.02162755 -0.43845340 0.74519025
v -1.99287188 -0.52719577 0.74308110
v -1.99287149 0.52719468 0.74308110
v -1.99291655 -0.52657225 0.74218943
v -1.99642450 -0.52961349 0.73448846
v -2.04448653 0.33624749 0.73633645
v -2.04419907 0.33615157 0.73626567
v -2.04448691 -0.33624883 0.73633645
v -1.92010308 0.68882902 0.69336708
v -2.01006697 -0.48042637 0.74541624
v -2.01006697 0.48042528 0.74541624
v -1.92010295 -0.68883113 0.69336753
v -1.98876693 0.55186395 0.71605591
v -2.02083615 0.42360698 0.74553451
v -1.92323549 0.68440330 0.69163462
v -1.92323588 -0.68440439 0.69163462
v -1.99107067 0.53431844 0.74414432
v -2.00298355 -0.48902886 0.75181497
v -2.00298355 0.48902724 0.75181497
v -2.01346438 0.47109658 0.74600252
v -2.01346476 -0.47109767 0.74600245
v -2.03947837 0.33565247 0.73615372
v -1.92816018 0.68246769 0.69119022
v -1.90769672 -0.71190640 0.69452451
v -1.90956506 -0.70813103 0.69291075
v -1.98829885 0.54994768 0.70760119
v -1.99215221 -0.53664608 0.75623858
v -1.94385327 -0.68293985 0.72789144
v -1.99215170 0.53664500 0.75623852
v -1.94984213 -0.67487924 0.73229156
v -1.94419077 -0.68715329 0.73485270
v -1.99874471 -0.52440601 0.74290278
v -1.98063095 -0.55734708 0.70537921
v -1.98326223 -0.54709934 0.70808976
v -1.94562997 0.67943739 0.72752822
v -2.04492882 -0.33262275 0.73747013
v -2.04492844 0.33262166 0.73747013
v -1.95415157 -0.64510042 0.68687204
v -1.95415106 0.64509934 0.68687185
v -1.98750796 0.54074107 0.72650406
v -2.00192167 -0.49135702 0.74660385
v -2.01062938 -0.47913479 0.73554479
v -2.01062861 0.47913370 0.73554466
v -1.89198384 0.72320792 0.69121926
v -2.01212423 0.46006094 0.74680043
v -2.01438241 0.45095754 0.74638111
v -2.01221486 0.46006930 0.74721661
v -2.01221550 -0.46007039 0.74721687
v -2.01212462 -0.46006203 0.74680068
v -2.01438279 -0.45095862 0.74638111
v -2.04056348 -0.34442030 0.73552328
v -2.01022308 -0.48171964 0.74424778
v -2.00089464 -0.49471999 0.74106883
v -2.03772222 -0.34681812 0.73546501
v -1.97933969 0.57518813 0.70134798
v -2.00287135 -0.48891934 0.75046212
v -2.00287084 0.48891826 0.75046212
v -1.96274924 -0.61405721 0.70370176
v -1.89077963 -0.71883313 0.67581777
v -1.90617404 0.71486955 0.70355146
v -1.90617480 -0.71487064 0.70355082
v -1.88488714 -0.71926802 0.67418129
v -2.04101292 0.32397385 0.74161503
v -2.04101292 -0.32397494 0.74161503
v -1.92917496 -0.68221310 0.68877728
v -1.92917457 0.68221201 0.68877728
v -1.99682416 0.52897996 0.73454680
v -1.92326140 0.69476382 0.69855663
v -1.92689087 -0.68457996 0.68951730
v -1.94911047 0.63877260 0.68772306
v -2.01585365 -0.46010840 0.74604087
v -2.01585326 0.46010731 0.74604094
v -1.99248575 -0.51802633 0.72076927
v -2.00770847 -0.48757846 0.75243290
v -1.91950723 0.68825998 0.67820512
v -1.91950761 -0.68826106 0.67820512
v -1.99090537 -0.52271088 0.71757004
v -1.99090499 0.52270980 0.71757004
v -1.99157947 -0.53258983 0.74453006
v -1.93430898 -0.67563796 0.68771221
v -2.01770361 0.45289867 0.73904827
v -1.89864501 0.71950857 0.69706459
v -1.89864539 -0.71950965 0.69706414
v -1.93875027 0.68864508 0.73665160
v -1.93983793 0.66470470 0.68412110
v -1.93983870 -0.66470636 0.68412110
v -1.94669823 -0.66793833 0.72955555
v -1.94669785 0.66793725 0.72955548
v -1.98752315 -0.55521286 0.71554992
v -1.98834328 0.53848941 0.72969149
v -1.99213600 0.53991055 0.72538046
v -1.99213638 -0.53991163 0.72538046
v -1.98636975 -0.56799577 0.74554982
v -1.98737611 -0.56793494 0.74568359
v -1.98031005 -0.59188165 0.74620343
v -1.99401915 -0.53386941 0.74550483
v -1.98486698 0.54265103 0.71011613
v -1.98486737 -0.54265211 0.71011613
v -1.96813498 -0.61337973 0.70124037
v -2.02843526 0.40900215 0.74146594
v -1.98636924 0.56799423 0.74555014
v -1.98933891 0.54949971 0.71819403
v -1.97234894 -0.60297524 0.69587219
v -2.01048718 -0.46642888 0.74694696
v -2.01050084 0.46642202 0.74677228
v -1.93947134 -0.66475971 0.68384551
v -1.93282714 -0.67179654 0.69097801
v -2.00169612 0.49233105 0.74382176
v -1.97574532 0.60511310 0.74636101
v -1.99884644 0.50042156 0.73491608
v -1.99721143 0.50468638 0.73221344
v -1.99721182 -0.50468746 0.73221344
v -1.89026522 0.72362609 0.68080979
v -1.94905099 -0.63863793 0.68727183
v -1.94905035 0.63863685 0.68727157
v -1.92118832 -0.69029362 0.69905279
v -2.00731775 -0.48995582 0.73583697
v -1.89296364 -0.71629229 0.67491972
v -2.00731698 0.48995474 0.73583742
v -1.97876426 -0.59148186 0.75836260
v -2.02802769 -0.41035382 0.73848146
v -2.02802743 0.41035248 0.73848191
v -1.93241293 0.68202495 0.71226203
v -1.95218379 0.67199350 0.74956069
v -1.99059596 0.55497754 0.74517346
v -1.99059634 -0.55497863 0.74517346
v -1.99318422 -0.54032137 0.74432156
v -2.02984446 0.39439254 0.73501124
v -2.03471796 0.38095124 0.73809361
v -1.92866157 0.69612822 0.71156905
v -1.92866195 -0.69612988 0.71156911
v -1.92283801 -0.68447197 0.69081826
v -1.92453109 -0.68225446 0.69036180
v -1.92283698 0.68447089 0.69081858
v -2.04422001 -0.32553358 0.74147647
v -2.04421924 0.32553199 0.74147647
v -1.92140774 -0.68647103 0.69148451
v -1.92140736 0.68646994 0.69148451
v -1.98585228 0.55880014 0.70842176
v -1.98585266 -0.55880122 0.70842176
v -1.92005330 -0.68804298 0.67852845
v -1.97997230 -0.56417745 0.71584146
v -2.03132872 -0.37656962 0.74462503
v -2.03132834 0.37656854 0.74462503
v -1.93241357 -0.68202604 0.71226197
v -1.90511701 0.70704471 0.68271215
v -1.90511024 -0.70705262 0.68270947
v -1.94373354 0.65480485 0.69502979
v -1.94373392 -0.65480593 0.69502979
v -2.01177014 0.47616260 0.74625251
v -1.98138699 0.55910661 0.71703642
v -1.98737560 0.56793386 0.74568359
v -1.90249849 0.69942052 0.67393443
v -1.90249888 -0.69942160 0.67393443
v -2.03685130 -0.35046252 0.73631915
v -2.04303112 -0.33918215 0.73977643
v -1.93058148 0.69110947 0.70866480
v -2.00984691 -0.49247573 0.74790832
v -2.00984653 0.49247465 0.74790832
v -1.89264389 -0.70944361 0.67250059
v -1.89715245 0.70474543 0.67295743
v -1.89715284 -0.70474652 0.67295749
v -1.89264325 0.70944252 0.67250078
v -1.96218161 -0.65636690 0.74303885
v -1.95897694 -0.66116145 0.73963148
v -2.03247625 -0.39352902 0.73531248
v -2.03247587 0.39352771 0.73531248
v -2.04033155 0.33772042 0.73572809
v -1.93930131 -0.66916137 0.68885808
v -2.00056008 0.49445117 0.74165185
v -2.00056046 -0.49445223 0.74165224
v -1.92096558 0.69096848 0.69916844
v -1.91967176 0.69149719 0.69708954
v -1.92096596 -0.69096957 0.69916844
v -1.91967215 -0.69149885 0.69708954
v -1.91907592 0.69139233 0.69549921
v -1.92531841 0.70062893 0.71069972
v -1.91907643 -0.69139341 0.69549921
v -1.90221027 -0.70493722 0.67425794
v -1.99160232 -0.52910575 0.73822892
v -1.99160193 0.52910467 0.73822892
v -1.94519878 -0.67867184 0.71971135
v -1.94519750 0.67867133 0.71971154
v -1.89163013 -0.72349250 0.69126419
v -1.97134832 -0.59524995 0.69665906
v -2.02435291 -0.42573160 0.73847068
v -1.97916251 -0.59188382 0.74612920
v -1.92307160 -0.68971092 0.70187522
v -1.92580946 -0.68782771 0.70510362
v -1.92580908 0.68782611 0.70510369
v -1.92307109 0.68970932 0.70187522
v -1.99238708 0.51799854 0.72072677
v -1.98798600 0.53172414 0.71322269
v -1.98938320 -0.52714602 0.71510725
v -1.96226968 0.62140364 0.70103576
v -2.03436298 -0.38231577 0.73641125
v -1.94677686 -0.66809859 0.72974153
v -1.94677648 0.66809751 0.72974153
v -2.00260994 0.49169598 0.75422173
v -1.93396280 -0.66393340 0.68138176
v -1.99378582 -0.53681534 0.72763493
v -1.97657961 -0.57453369 0.71264108
v -2.00350626 -0.48748152 0.75245084
v -2.00467919 -0.48577432 0.74238843
v -2.04208029 0.32079322 0.74212714
v -1.98570229 -0.56804293 0.74722625
v -1.98570153 0.56804185 0.74722581
v -2.00187304 -0.50436522 0.73138164
v -1.99080721 -0.52268679 0.71752645
v -1.99981820 0.51399255 0.72764023
v -1.93819105 0.65803631 0.68373101
v -1.92176630 -0.68308339 0.67676707
v -1.98745703 -0.55528734 0.74632137
v -1.99245588 -0.54042145 0.74599282
v -1.98429092 -0.56804134 0.74682257
v -1.98745640 0.55528670 0.74632163
v -1.98429054 0.56803974 0.74682257
v -1.99245537 0.54041985 0.74599282
v -1.90498221 0.70335735 0.67563268
v -1.89102420 0.72461336 0.68632776
v -1.89609797 0.72222913 0.69106577
v -1.96331254 -0.64185951 0.74663870
v -1.89102739 -0.72461380 0.68632802
v -1.95118496 0.64528953 0.69566093
v -1.95860690 -0.61897660 0.69239755
v -1.99019656 -0.53641657 0.71064375
v -1.90365917 0.70369274 0.67259753
v -1.90136666 -0.70755044 0.67278377
v -1.90366019 -0.70369382 0.67259804
v -1.99332897 0.53107229 0.73431697
v -1.91483516 -0.69455525 0.68038677
v -1.91483273 0.69455627 0.68038524
v -1.97325764 0.63058932 0.75261959
v -2.04141283 0.32118726 0.74191340
v -1.97524087 -0.60633927 0.75929512
v -1.97245029 0.61766025 0.74648010
v -1.97359182 -0.61767698 0.74655343
v -2.00793632 -0.47579319 0.74747931
v -1.92314359 -0.69609580 0.70066667
v -2.00697719 0.49372647 0.74911642
v -2.00429077 0.50712721 0.73130652
v -2.01026597 -0.49154612 0.74981318
v -2.01026559 0.49154504 0.74981318
v -1.97788198 -0.60513461 0.74657143
v -1.97069836 0.62838489 0.74652005
v -1.99109467 -0.54036643 0.74559539
v -1.99201767 -0.53648729 0.74534942
v -1.99109416 0.54036484 0.74559539
v -1.99201729 0.53648621 0.74534942
v -2.04051089 -0.32677915 0.73934096
v -1.94530600 0.67662721 0.72066556
v -1.95064094 0.64982004 0.69393294
v -2.00377291 -0.48932650 0.75169282
v -2.02327635 0.41183933 0.73474975
v -1.91945821 0.68963752 0.69326165
v -1.99616512 0.53179540 0.74377262
v -1.99616551 -0.53179648 0.74377262
v -1.98420859 -0.55735551 0.70538151
v -1.96762695 0.64174992 0.74583492
v -1.96037900 -0.66491748 0.75036390
v -1.96037862 0.66491640 0.75036390
v -1.99693661 0.52937400 0.71481328
v -1.95716719 -0.65391509 0.74015636
v -1.93524423 -0.67394909 0.68726864
v -1.93524385 0.67394749 0.68726864
v -1.96946773 0.63616257 0.74641998
v -1.99832437 0.52503789 0.71715896
v -1.99832437 -0.52503901 0.71715896
v -2.01811156 -0.45094477 0.74580984
v -1.99937962 0.50593350 0.75538374
v -1.99986684 -0.52046975 0.72026616
v -1.89231214 -0.70936453 0.67148989
v -2.00314541 0.48904351 0.75350851
v -1.96680300 0.61905299 0.69267123
v -1.96680339 -0.61905408 0.69267123
v -1.93642725 0.67867133 0.71616817
v -2.03694231 -0.35044232 0.73549418
v -2.00508919 -0.49232530 0.74381806
v -1.98130402 0.59187641 0.74633937
v -1.97321182 0.62902624 0.74977712
v -2.01191541 -0.47619199 0.74617439
v -1.92491135 0.67582235 0.67854778
v -1.99291617 0.52657117 0.74218943
v -1.92382509 0.68874305 0.70154289
v -1.94679639 -0.65749765 0.68413878
v -1.94679588 0.65749657 0.68413878
v -1.96218122 0.65636525 0.74303878
v -2.00322314 0.50444848 0.73655459
v -1.99260586 0.53394641 0.74511698
v -2.00846579 0.48704133 0.73526755
v -2.00846617 -0.48704289 0.73526755
v -1.94839081 -0.67815723 0.73290560
v -1.94693871 0.68143644 0.73352436
v -1.91301532 0.69321223 0.67439165
v -1.92197487 -0.69060852 0.69713077
v -2.00626672 0.49280215 0.74694467
v -1.99003700 -0.53871853 0.74446439
v -1.92340054 0.68884363 0.70157793
v -2.00424073 -0.49471479 0.74106520
v -1.98224872 0.56610151 0.70344417
v -1.98327857 0.56631895 0.70369486
v -1.93017365 -0.68983774 0.70573451
v -1.88888206 -0.71328343 0.67182107
v -1.88888168 0.71328235 0.67182107
v -2.00596267 0.49273613 0.74374588
v -2.00596267 -0.49273721 0.74374588
vt 0.10840584 0.50278497
vt 0.09791871 0.55077469
vt 0.04356015 0.84601915
vt 0.04357014 0.84602910
vt 0.15978809 0.71178639
vt 0.14994185 0.71111506
vt 0.04356015 0.84601915
vt 0.04356015 0.84602910
vt 0.13503794 0.46369380
vt 0.14555117 0.46784055
vt 0.04357014 0.84602910
vt 0.04356015 0.84602910
vt 0.27378839 0.61404681
vt 0.24751072 0.63434243
vt 0.37693936 0.60787761
vt 0.37625897 0.60410202
vt 0.35738337 0.62308431
vt 0.38871717 0.52740431
vt 0.33553866 0.56890190
vt 0.35447377 0.55625582
vt 0.04357014 0.84602910
vt 0.04356015 0.84602910
vt 0.49180621 0.47475648
vt 0.44217637 0.48577243
vt 0.46490046 0.52729619
vt 0.38716981 0.21753532
vt 0.41404027 0.22520852
vt 0.44490585 0.22505635
vt 0.04357014 0.84602910
vt 0.04356015 0.84601915
vt 0.04357014 0.84602910
vt 0.04356015 0.84602910
vt 0.04356015 0.84601915
vt 0.04356015 0.84601915
vt 0.38717219 0.21753561
vt 0.44490418 0.22505611
vt 0.41401619 0.22520542
vt 0.46129176 0.43798673
vt 0.46129176 0.43798673
vt 0.04357014 0.84602910
vt 0.04357014 0.84602910
vt 0.13503796 0.46369380
vt 0.14649132 0.50649047
vt 0.10840584 0.50278497
vt 0.04357014 0.84602910
vt 0.24185529 0.70683038
vt 0.04357014 0.84602910
vt 0.04356015 0.84601915
vt 0.04356015 0.84602910
vt 0.04356015 0.84602910
vt 0.04356015 0.84602910
vt 0.35823238 0.29073495
vt 0.04356015 0.84602910
vt 0.04356015 0.84601915
vt 0.15228091 0.33314085
vt 0.14197440 0.37076336
vt 0.04356015 0.84602910
vt 0.07204802 0.79445505
vt 0.08181731 0.80504769
vt 0.04356015 0.84602910
vt 0.04356015 0.84602910
vt 0.15610856 0.70748723
vt 0.14411330 0.71427733
vt 0.04356015 0.84601915
vt 0.04356015 0.84602910
vt 0.08865269 0.74717867
vt 0.07706224 0.80234027
vt 0.18914993 0.25838596
vt 0.17592254 0.27718925
vt 0.04356015 0.84601915
vt 0.04356015 0.84601915
vt 0.04356015 0.84602910
vt 0.04356015 0.84602910
vt 0.04356015 0.84602910
vt 0.29188377 0.27593267
vt 0.04356015 0.84602910
vt 0.73759139 0.31661594
vt 0.77168089 0.32000029
vt 0.04357014 0.84602910
vt 0.04356015 0.84602910
vt 0.31443653 0.60109138
vt 0.29642341 0.61509526
vt 0.48455313 0.50786686
vt 0.46490219 0.52729380
vt 0.44217813 0.48576736
vt 0.04356015 0.84601915
vt 0.04356015 0.84601915
vt 0.04356015 0.84601915
vt 0.04356015 0.84602910
vt 0.04357014 0.84602910
vt 0.73759139 0.31661588
vt 0.04356015 0.84601915
vt 0.77168095 0.32000017
vt 0.16251561 0.29902375
vt 0.34364602 0.19845206
vt 0.31157649 0.19656348
vt 0.31188050 0.19691199
vt 0.04356015 0.84601915
vt 0.04356015 0.84601915
vt 0.04357014 0.84602910
vt 0.04357014 0.84602910
vt 0.04357014 0.84602910
vt 0.06422795 0.74428630
vt 0.06424768 0.76593786
vt 0.38282746 0.29302245
vt 0.04357014 0.84602910
vt 0.46183649 0.39719492
vt 0.45676300 0.41245419
vt 0.04356015 0.84602910
vt 0.04356015 0.84601915
vt 0.04356015 0.84602910
vt 0.14535969 0.70436633
vt 0.14535969 0.70436633
vt 0.17758362 0.76024759
vt 0.29642344 0.61509532
vt 0.04356015 0.84601915
vt 0.04356015 0.84602910
vt 0.04357014 0.84602910
vt 0.19849300 0.22902125
vt 0.18466416 0.24664122
vt 0.04356015 0.84601915
vt 0.04357014 0.84602910
vt 0.17168368 0.68962276
vt 0.17799409 0.68588459
vt 0.31582022 0.58254695
vt 0.38647425 0.52764720
vt 0.33553579 0.56890416
vt 0.38282692 0.29302233
vt 0.04356015 0.84601915
vt 0.46940148 0.38817990
vt 0.47367966 0.38162553
vt 0.04356015 0.84602910
vt 0.20510349 0.32449663
vt 0.04357014 0.84602910
vt 0.40602139 0.20505595
vt 0.37540036 0.20159924
vt 0.04356015 0.84602910
vt 0.04357014 0.84602910
vt 0.19849299 0.22902113
vt 0.21421835 0.21588194
vt 0.21435024 0.21607786
vt 0.34347683 0.20595551
vt 0.37499267 0.20877486
vt 0.37492636 0.21040279
vt 0.04356015 0.84601915
vt 0.04357014 0.84602910
vt 0.04356015 0.84601915
vt 0.80345690 0.32382554
vt 0.04356015 0.84601915
vt 0.04356015 0.84601915
vt 0.09215071 0.68858987
vt 0.06257513 0.74634433
vt 0.04356015 0.84602910
vt 0.21926473 0.28400135
vt 0.04356015 0.84602910
vt 0.20510352 0.32449657
vt 0.43532613 0.20860869
vt 0.47329748 0.21445054
vt 0.46107674 0.21256787
vt 0.04357014 0.84602910
vt 0.83359975 0.32152647
vt 0.88538355 0.32889229
vt 0.87224239 0.32948649
vt 0.04357014 0.84602910
vt 0.04356015 0.84602910
vt 0.16946822 0.75186330
vt 0.30022305 0.66220176
vt 0.28418508 0.67859501
vt 0.04357014 0.84602910
vt 0.04357014 0.84602910
vt 0.04356015 0.84601915
vt 0.04356015 0.84602910
vt 0.04357014 0.84602910
vt 0.42498693 0.48997825
vt 0.35559618 0.55043769
vt 0.38170540 0.52999604
vt 0.04357014 0.84602910
vt 0.04356015 0.84601915
vt 0.04357014 0.84602910
vt 0.04356015 0.84601915
vt 0.47607288 0.34937835
vt 0.47559267 0.34971029
vt 0.48856705 0.33660138
vt 0.48149645 0.36464572
vt 0.04356015 0.84602910
vt 0.04357014 0.84602910
vt 0.04356015 0.84601915
vt 0.04356015 0.84602910
vt 0.04356015 0.84602910
vt 0.56543893 0.23557687
vt 0.04356015 0.84601915
vt 0.04356015 0.84602910
vt 0.04356015 0.84602910
vt 0.80313599 0.37801480
vt 0.82952899 0.37708402
vt 0.87371057 0.37571859
vt 0.04356015 0.84601915
vt 0.04357014 0.84602910
vt 0.17156251 0.26758653
vt 0.17165437 0.26794821
vt 0.11296084 0.44961739
vt 0.12405131 0.40283620
vt 0.14535969 0.70436633
vt 0.14053568 0.70138323
vt 0.16283900 0.45759892
vt 0.15041055 0.50976652
vt 0.73792440 0.31368941
vt 0.70398533 0.30875379
vt 0.70386732 0.31016815
vt 0.57884192 0.31354940
vt 0.57570535 0.32283026
vt 0.58465689 0.30000907
vt 0.58177793 0.30587918
vt 0.73842758 0.30915934
vt 0.72182965 0.30704486
vt 0.04356015 0.84602910
vt 0.04356015 0.84601915
vt 0.04356015 0.84602910
vt 0.04356015 0.84602910
vt 0.11238059 0.44913805
vt 0.11238454 0.44926989
vt 0.12405331 0.40235567
vt 0.08934163 0.54934692
vt 0.08936605 0.54933923
vt 0.10080428 0.49859679
vt 0.04357014 0.84602910
vt 0.04357014 0.84602910
vt 0.04357014 0.84602910
vt 0.04356015 0.84602910
vt 0.04356015 0.84602910
vt 0.08132580 0.81902742
vt 0.08132580 0.81902742
vt 0.04356015 0.84602910
vt 0.09426749 0.54880464
vt 0.10643880 0.50057590
vt 0.09550641 0.54927427
vt 0.37693936 0.60787761
vt 0.35738337 0.62308431
vt 0.35688058 0.61911893
vt 0.04356015 0.84602910
vt 0.04356015 0.84601915
vt 0.80313283 0.37801492
vt 0.76027548 0.37814331
vt 0.79660308 0.37654096
vt 0.90052110 0.36330837
vt 0.89466906 0.36707121
vt 0.04357014 0.84602910
vt 0.04356015 0.84602910
vt 0.26966283 0.61677867
vt 0.04357014 0.84602910
vt 0.04357014 0.84602910
vt 0.13256435 0.67793512
vt 0.15748146 0.47436619
vt 0.15041053 0.50976646
vt 0.04357014 0.84602910
vt 0.04357014 0.84602910
vt 0.04356015 0.84601915
vt 0.04356015 0.84601915
vt 0.04357014 0.84602910
vt 0.04356015 0.84602910
vt 0.04356015 0.84601915
vt 0.04356015 0.84602910
vt 0.04356015 0.84602910
vt 0.04356015 0.84602910
vt 0.04357014 0.84602910
vt 0.04356015 0.84602910
vt 0.56474471 0.35713488
vt 0.57570547 0.32283056
vt 0.04357014 0.84602910
vt 0.04356015 0.84602910
vt 0.25508967 0.20022112
vt 0.23250347 0.20612073
vt 0.23287818 0.20642245
vt 0.19071697 0.26207232
vt 0.21325535 0.30220324
vt 0.04356015 0.84601915
vt 0.04357014 0.84602910
vt 0.04356015 0.84602910
vt 0.04356015 0.84602910
vt 0.56252348 0.36841863
vt 0.57225287 0.33340514
vt 0.04356015 0.84602910
vt 0.64230806 0.38609827
vt 0.04356015 0.84602910
vt 0.04356015 0.84602910
vt 0.17168367 0.68962276
vt 0.17168649 0.68962395
vt 0.47963879 0.31918377
vt 0.48064733 0.32427704
vt 0.04356015 0.84602910
vt 0.04356015 0.84601915
vt 0.04356015 0.84602910
vt 0.04356015 0.84602910
vt 0.04356015 0.84601915
vt 0.04356015 0.84602910
vt 0.04357014 0.84602910
vt 0.04356015 0.84602910
vt 0.04356015 0.84602910
vt 0.13256435 0.67793512
vt 0.04356015 0.84601915
vt 0.04356015 0.84601915
vt 0.04356015 0.84601915
vt 0.04356015 0.84601915
vt 0.04356015 0.84602910
vt 0.54819220 0.23147798
vt 0.55482244 0.23585647
vt 0.48868653 0.23228103
vt 0.51529986 0.23759842
vt 0.50568992 0.22971892
vt 0.04356015 0.84601915
vt 0.04356015 0.84601915
vt 0.04356015 0.84601915
vt 0.04357014 0.84602910
vt 0.04357014 0.84602910
vt 0.04357014 0.84602910
vt 0.04356015 0.84601915
vt 0.06037883 0.69194692
vt 0.06793105 0.64861941
vt 0.06575814 0.78509235
vt 0.07204802 0.79445505
vt 0.04357014 0.84602910
vt 0.04356015 0.84602910
vt 0.04356015 0.84601915
vt 0.04356015 0.84602910
vt 0.04357014 0.84602910
vt 0.04356015 0.84601915
vt 0.04356015 0.84602910
vt 0.04356015 0.84602910
vt 0.04357014 0.84602910
vt 0.04356015 0.84602910
vt 0.04356015 0.84601915
vt 0.04356015 0.84601915
vt 0.04356015 0.84601915
vt 0.04357014 0.84602910
vt 0.04356015 0.84601915
vt 0.04356015 0.84602910
vt 0.75805092 0.37991238
vt 0.66975707 0.38464755
vt 0.04357014 0.84602910
vt 0.04356015 0.84601915
vt 0.09294214 0.83693975
vt 0.06354055 0.76709402
vt 0.06725673 0.78220075
vt 0.05664885 0.72754264
vt 0.06117305 0.72222710
vt 0.04356015 0.84602910
vt 0.04357014 0.84602910
vt 0.90629679 0.35187691
vt 0.88700557 0.32910913
vt 0.83359975 0.32152653
vt 0.04356015 0.84602910
vt 0.04357014 0.84602910
vt 0.11426730 0.45040524
vt 0.04357014 0.84602910
vt 0.04356015 0.84601915
vt 0.04356015 0.84602910
vt 0.76027536 0.37814337
vt 0.79660296 0.37654096
vt 0.04357014 0.84602910
vt 0.25514063 0.20069414
vt 0.23431325 0.21468830
vt 0.21482220 0.30459934
vt 0.20323299 0.32153988
vt 0.04357014 0.84602910
vt 0.89871907 0.36908191
vt 0.80345690 0.32382554
vt 0.04356015 0.84602910
vt 0.04357014 0.84602910
vt 0.04357014 0.84602910
vt 0.04356015 0.84601915
vt 0.04356015 0.84601915
vt 0.04356015 0.84602910
vt 0.08178331 0.84083641
vt 0.08742993 0.85077757
vt 0.04356015 0.84601915
vt 0.04357014 0.84602910
vt 0.04357014 0.84602910
vt 0.04357014 0.84602910
vt 0.04356015 0.84602910
vt 0.04356015 0.84602910
vt 0.04357014 0.84602910
vt 0.04357014 0.84602910
vt 0.04356015 0.84602910
vt 0.23502594 0.22076935
vt 0.24788482 0.27838057
vt 0.32619560 0.27275759
vt 0.04357014 0.84602910
vt 0.47908714 0.33928013
vt 0.48039067 0.33104604
vt 0.04356015 0.84601915
vt 0.04357014 0.84602910
vt 0.04356015 0.84601915
vt 0.04357014 0.84602910
vt 0.04356015 0.84601915
vt 0.04356015 0.84602910
vt 0.04356015 0.84601915
vt 0.04356015 0.84601915
vt 0.04356015 0.84602910
vt 0.04356015 0.84602910
vt 0.04356015 0.84601915
vt 0.04356015 0.84602910
vt 0.04357014 0.84602910
vt 0.04356015 0.84601915
vt 0.04356015 0.84601915
vt 0.15930647 0.29375350
vt 0.15933047 0.29379249
vt 0.04356015 0.84602910
vt 0.04356015 0.84602910
vt 0.33968976 0.56266081
vt 0.43264875 0.48014498
vt 0.42658177 0.49099874
vt 0.04356015 0.84602910
vt 0.04357014 0.84602910
vt 0.04356015 0.84602910
vt 0.04357014 0.84602910
vt 0.55671579 0.23391443
vt 0.54648346 0.23336458
vt 0.48869982 0.23228341
vt 0.51530814 0.23760033
vt 0.04357014 0.84602910
vt 0.04356015 0.84602910
vt 0.56136179 0.27361137
vt 0.56279516 0.26085901
vt 0.04357014 0.84602910
vt 0.04357014 0.84602910
vt 0.04356015 0.84602910
vt 0.04357014 0.84602910
vt 0.12382078 0.64430159
vt 0.04356015 0.84601915
vt 0.04356015 0.84602910
vt 0.04356015 0.84601915
vt 0.04356015 0.84602910
vt 0.23295191 0.20683062
vt 0.25453573 0.19979483
vt 0.25509045 0.20022827
vt 0.48026463 0.51529324
vt 0.48905557 0.49840510
vt 0.04357014 0.84602910
vt 0.04357014 0.84602910
vt 0.24652360 0.63753682
vt 0.22289483 0.65553212
vt 0.20782882 0.67841977
vt 0.20467438 0.71483642
vt 0.04356015 0.84601915
vt 0.04356015 0.84601915
vt 0.04357014 0.84602910
vt 0.04356015 0.84602910
vt 0.04356015 0.84602910
vt 0.04356015 0.84601915
vt 0.06527834 0.80798090
vt 0.04356015 0.84601915
vt 0.08178331 0.84083641
vt 0.49009493 0.49956208
vt 0.48905495 0.49840605
vt 0.44762680 0.55348003
vt 0.44871330 0.54783434
vt 0.89839822 0.36267525
vt 0.04357014 0.84602910
vt 0.04356015 0.84602910
vt 0.89466906 0.36707127
vt 0.89839822 0.36267525
vt 0.04356015 0.84602910
vt 0.04356015 0.84601915
vt 0.18773232 0.68045789
vt 0.20392056 0.66982341
vt 0.19831733 0.69039154
vt 0.18957368 0.69759810
vt 0.04356015 0.84601915
vt 0.04356015 0.84602910
vt 0.04356015 0.84602910
vt 0.04356015 0.84601915
vt 0.04356015 0.84601915
vt 0.04357014 0.84602910
vt 0.04356015 0.84602910
vt 0.08953564 0.54931843
vt 0.10142761 0.49874228
vt 0.04356015 0.84602910
vt 0.11786127 0.50472778
vt 0.04357014 0.84602910
vt 0.04357014 0.84602910
vt 0.19937675 0.35335904
vt 0.20958659 0.32689971
vt 0.14180990 0.56328624
vt 0.14853123 0.53799605
vt 0.15537724 0.50716591
vt 0.04356015 0.84601915
vt 0.05503151 0.72945619
vt 0.04356015 0.84602910
vt 0.04356015 0.84601915
vt 0.47842553 0.34775209
vt 0.47555038 0.36420870
vt 0.20958661 0.32689965
vt 0.19937676 0.35335886
vt 0.21791287 0.30547392
vt 0.04356015 0.84601915
vt 0.24788460 0.27838057
vt 0.23502597 0.22076941
vt 0.31242236 0.21728212
vt 0.32619485 0.27275747
vt 0.04356015 0.84601915
vt 0.04356015 0.84601915
vt 0.04356015 0.84602910
vt 0.55760264 0.23301977
vt 0.56554556 0.23546755
vt 0.13727254 0.36269939
vt 0.04357014 0.84602910
vt 0.17427863 0.27263761
vt 0.04356015 0.84602910
vt 0.04356015 0.84601915
vt 0.04356015 0.84601915
vt 0.04357014 0.84602910
vt 0.04356015 0.84602910
vt 0.04356015 0.84602910
vt 0.04356015 0.84602910
vt 0.04356015 0.84601915
vt 0.04356015 0.84601915
vt 0.29187748 0.27593255
vt 0.59210885 0.29546392
vt 0.60349560 0.29623443
vt 0.04356015 0.84602910
vt 0.26096511 0.28714323
vt 0.24726903 0.28577965
vt 0.22833197 0.66752845
vt 0.24114831 0.68762439
vt 0.04357014 0.84602910
vt 0.04357014 0.84602910
vt 0.42577720 0.50644082
vt 0.42577720 0.50644082
vt 0.42401052 0.50281698
vt 0.04356015 0.84601915
vt 0.04356015 0.84601915
vt 0.04356015 0.84601915
vt 0.04357014 0.84602910
vt 0.04356015 0.84601915
vt 0.04356015 0.84601915
vt 0.04356015 0.84602910
vt 0.62579268 0.38601196
vt 0.59090835 0.38660842
vt 0.04356015 0.84602910
vt 0.04356015 0.84602910
vt 0.04356015 0.84601915
vt 0.04356015 0.84602910
vt 0.16251661 0.29902560
vt 0.15334524 0.33545941
vt 0.14086601 0.36863184
vt 0.56543899 0.23557687
vt 0.56480557 0.23619699
vt 0.04356015 0.84602910
vt 0.04357014 0.84602910
vt 0.18666299 0.67984188
vt 0.18696205 0.67952687
vt 0.22391447 0.65172923
vt 0.04356015 0.84601915
vt 0.04356015 0.84602910
vt 0.04356015 0.84602910
vt 0.04357014 0.84602910
vt 0.04356015 0.84601915
vt 0.04356015 0.84602910
vt 0.04356015 0.84602910
vt 0.04356015 0.84602910
vt 0.04357014 0.84602910
vt 0.04356015 0.84602910
vt 0.04356015 0.84602910
vt 0.04357014 0.84602910
vt 0.91341358 0.34556061
vt 0.04356015 0.84601909
vt 0.82054293 0.37733698
vt 0.04357014 0.84602910
vt 0.04356015 0.84601915
vt 0.05537261 0.72905254
vt 0.06004933 0.69226742
vt 0.05555582 0.77997762
vt 0.04356015 0.84602910
vt 0.05600083 0.77888739
vt 0.20233415 0.24176133
vt 0.20083319 0.23532635
vt 0.18481652 0.24695343
vt 0.18780635 0.25339353
vt 0.47545844 0.52349937
vt 0.04356015 0.84601915
vt 0.04356015 0.84601915
vt 0.66975713 0.38464755
vt 0.75804961 0.37991244
vt 0.04357014 0.84602910
vt 0.04356015 0.84601915
vt 0.04356015 0.84601915
vt 0.60838825 0.30219764
vt 0.61212021 0.30129862
vt 0.06793093 0.64861965
vt 0.11238061 0.44913864
vt 0.11238454 0.44926989
vt 0.04356015 0.84602910
vt 0.04356015 0.84601915
vt 0.04356015 0.84602910
vt 0.47124797 0.30314559
vt 0.04357014 0.84602910
vt 0.04357014 0.84602910
vt 0.04356015 0.84601915
vt 0.04356015 0.84602910
vt 0.04356015 0.84602910
vt 0.04356015 0.84602910
vt 0.04357014 0.84602910
vt 0.04357014 0.84602910
vt 0.04356015 0.84602910
vt 0.53208405 0.38827848
vt 0.04356015 0.84602910
vt 0.04356015 0.84602910
vt 0.04357014 0.84602910
vt 0.04356015 0.84602910
vt 0.04356015 0.84602910
vt 0.04357014 0.84602910
vt 0.04356015 0.84602910
vt 0.06257513 0.74634433
vt 0.06280504 0.72063446
vt 0.04357014 0.84602910
vt 0.04356015 0.84602910
vt 0.04357014 0.84602910
vt 0.04356015 0.84602910
vt 0.04357014 0.84602910
vt 0.04356015 0.84601909
vt 0.04356015 0.84602910
vt 0.04357014 0.84602910
vt 0.04357014 0.84602910
vt 0.04357014 0.84602910
vt 0.04356015 0.84601915
vt 0.04356015 0.84601915
vt 0.04356015 0.84601909
vt 0.04357014 0.84602910
vt 0.90052110 0.36330837
vt 0.04357014 0.84602910
vt 0.04356015 0.84602910
vt 0.04356015 0.84601915
vt 0.04356015 0.84601915
vt 0.04356015 0.84602910
vt 0.04356015 0.84601915
vt 0.04357014 0.84602910
vt 0.04357014 0.84602910
vt 0.04356015 0.84602910
vt 0.44762680 0.55347979
vt 0.44871283 0.54783559
vt 0.04356015 0.84602910
vt 0.13809925 0.71947837
vt 0.08907975 0.82091349
vt 0.13848040 0.73860407
vt 0.38872215 0.52740037
vt 0.35444885 0.55627513
vt 0.04356015 0.84601915
vt 0.61733806 0.38260937
vt 0.04357014 0.84602910
vt 0.04357014 0.84602910
vt 0.04357014 0.84602910
vt 0.04356015 0.84602910
vt 0.04356015 0.84601915
vt 0.04356015 0.84601915
vt 0.04357014 0.84602910
vt 0.04356015 0.84601915
vt 0.04357014 0.84602910
vt 0.04356015 0.84602910
vt 0.04356015 0.84602910
vt 0.04356015 0.84602910
vt 0.04356015 0.84601915
vt 0.04356015 0.84602910
vt 0.04357014 0.84602910
vt 0.04357014 0.84602910
vt 0.18780617 0.25339305
vt 0.26740196 0.66264236
vt 0.26952988 0.68987048
vt 0.22288768 0.65553749
vt 0.24652362 0.63753676
vt 0.04356015 0.84601915
vt 0.04356015 0.84602910
vt 0.07064103 0.81985718
vt 0.27235192 0.61760265
vt 0.04357014 0.84602910
vt 0.04356015 0.84602910
vt 0.04356015 0.84601915
vt 0.04356015 0.84602910
vt 0.04356015 0.84601915
vt 0.04357014 0.84602910
vt 0.04357014 0.84602910
vt 0.55916625 0.38015133
vt 0.04357014 0.84602910
vt 0.59285009 0.30767405
vt 0.57660615 0.38237846
vt 0.04357014 0.84602910
vt 0.04356015 0.84602910
vt 0.04356015 0.84602910
vt 0.04356015 0.84602910
vt 0.04356015 0.84601915
vt 0.04356015 0.84602910
vt 0.50158638 0.21982700
vt 0.47171152 0.21471685
vt 0.04356015 0.84601915
vt 0.04357014 0.84602910
vt 0.04357014 0.84602910
vt 0.49121591 0.31428850
vt 0.49478263 0.31369936
vt 0.48408478 0.30808139
vt 0.48247319 0.31013131
vt 0.04357014 0.84602910
vt 0.04356015 0.84602910
vt 0.37499267 0.20877504
vt 0.34347683 0.20595574
vt 0.37492636 0.21040279
vt 0.25514057 0.20069420
vt 0.23431325 0.21468830
vt 0.04357014 0.84602910
vt 0.04356015 0.84602910
vt 0.37616071 0.53493059
vt 0.36633277 0.54208946
vt 0.31168425 0.58481169
vt 0.55071592 0.25033951
vt 0.48856643 0.33660448
vt 0.04356015 0.84602910
vt 0.04356015 0.84601915
vt 0.15043707 0.78842807
vt 0.04357014 0.84602910
vt 0.04356015 0.84602910
vt 0.04356015 0.84601915
vt 0.04357014 0.84602910
vt 0.04356015 0.84602910
vt 0.04356015 0.84602910
vt 0.04356015 0.84602910
vt 0.04357014 0.84602910
vt 0.04356015 0.84601915
vt 0.04356015 0.84601915
vt 0.04356015 0.84602910
vt 0.04356015 0.84601915
vt 0.04356015 0.84601915
vt 0.04356015 0.84602910
vt 0.04356015 0.84602910
vt 0.04356015 0.84601915
vt 0.04356015 0.84602910
vt 0.04356015 0.84601915
vt 0.04357014 0.84602910
vt 0.04357014 0.84602910
vt 0.04356015 0.84602910
vt 0.04356015 0.84601915
vt 0.04356015 0.84602910
vt 0.04356015 0.84602910
vt 0.04356015 0.84602910
vt 0.04356015 0.84601915
vt 0.04356015 0.84602910
vt 0.04357014 0.84602910
vt 0.13727254 0.36269939
vt 0.04357014 0.84602910
vt 0.04357014 0.84602910
vt 0.04356015 0.84602910
vt 0.04356015 0.84601915
vt 0.04356015 0.84602910
vt 0.56554556 0.23546755
vt 0.04357014 0.84602910
vt 0.57323760 0.23789883
vt 0.04356015 0.84602910
vt 0.04357014 0.84602910
vt 0.04356015 0.84601915
vt 0.04357014 0.84602910
vt 0.53933018 0.26228392
vt 0.53370118 0.29834998
vt 0.04356015 0.84602910
vt 0.04357014 0.84602910
vt 0.04356015 0.84602910
vt 0.04357014 0.84602910
vt 0.04357014 0.84602910
vt 0.04356015 0.84601915
vt 0.04357014 0.84602910
vt 0.50364554 0.34980428
vt 0.04357014 0.84602910
vt 0.04357014 0.84602910
vt 0.87464446 0.37625617
vt 0.86744732 0.36092687
vt 0.04356015 0.84602910
vt 0.04356015 0.84601915
vt 0.04356015 0.84601915
vt 0.04356015 0.84602910
vt 0.08177330 0.84083641
vt 0.06514858 0.80886519
vt 0.06007662 0.79500753
vt 0.04357014 0.84602910
vt 0.25531751 0.69645494
vt 0.04356015 0.84601915
vt 0.04356015 0.84602910
vt 0.04356015 0.84602910
vt 0.04357014 0.84602910
vt 0.04357014 0.84602910
vt 0.26929408 0.68900186
vt 0.04357014 0.84602910
vt 0.04356015 0.84601915
vt 0.04356015 0.84602910
vt 0.04356015 0.84602910
vt 0.04356015 0.84602910
vt 0.04356015 0.84602910
vt 0.04356015 0.84602910
vt 0.04357014 0.84602910
vt 0.28190973 0.19724977
vt 0.28144687 0.19692218
vt 0.31181347 0.19683516
vt 0.37556180 0.20129269
vt 0.40660566 0.20455539
vt 0.40605214 0.20482326
vt 0.04356015 0.84602910
vt 0.04356015 0.84602910
vt 0.04357014 0.84602910
vt 0.04356015 0.84601915
vt 0.04356015 0.84602910
vt 0.40493622 0.21377623
vt 0.48269731 0.21759057
vt 0.48319843 0.21645457
vt 0.50158638 0.21982694
vt 0.04356015 0.84602910
vt 0.17155415 0.26754934
vt 0.15928641 0.29352993
vt 0.15928641 0.29352993
vt 0.21421832 0.21588188
vt 0.04356015 0.84601915
vt 0.04356015 0.84602910
vt 0.04356015 0.84601915
vt 0.04356015 0.84601915
vt 0.04356015 0.84601915
vt 0.04357014 0.84602910
vt 0.04356015 0.84601915
vt 0.04356015 0.84602910
vt 0.04356015 0.84602910
vt 0.04357014 0.84602910
vt 0.04357014 0.84602910
vt 0.04356015 0.84602910
vt 0.04356015 0.84601915
vt 0.04356015 0.84601915
vt 0.04356015 0.84601915
vt 0.04357014 0.84602910
vt 0.47904500 0.51507819
vt 0.12405354 0.40230554
vt 0.14742464 0.32403064
vt 0.04356015 0.84601915
vt 0.04357014 0.84602910
vt 0.04356015 0.84601915
vt 0.39335230 0.52061743
vt 0.41266158 0.50416231
vt 0.40384004 0.51192200
vt 0.04356015 0.84602910
vt 0.04357014 0.84602910
vt 0.80467647 0.31748229
vt 0.83214480 0.32740319
vt 0.85688400 0.33062315
vt 0.04357014 0.84602910
vt 0.04356015 0.84601915
vt 0.04356015 0.84601915
vt 0.04356015 0.84601915
vt 0.08284440 0.67157513
vt 0.06512651 0.68732870
vt 0.07009039 0.68429410
vt 0.83214480 0.32740331
vt 0.85688400 0.33062321
vt 0.04356015 0.84601915
vt 0.80467647 0.31748223
vt 0.04356015 0.84601915
vt 0.04357014 0.84602910
vt 0.58464962 0.29842615
vt 0.04356015 0.84602910
vt 0.04357014 0.84602910
vt 0.04356015 0.84601915
vt 0.04356015 0.84601915
vt 0.04356015 0.84602910
vt 0.04356015 0.84601915
vt 0.04357014 0.84602910
vt 0.04356015 0.84602910
vt 0.08266819 0.59798396
vt 0.04356015 0.84601915
vt 0.04357014 0.84602910
vt 0.04356015 0.84602910
vt 0.04357014 0.84602910
vt 0.04356015 0.84602910
vt 0.08412206 0.59758413
vt 0.04356015 0.84602910
vt 0.08380699 0.83602113
vt 0.07063346 0.79766631
vt 0.04357014 0.84602910
vt 0.04356015 0.84601915
vt 0.04357014 0.84602910
vt 0.04357014 0.84602910
vt 0.04357014 0.84602910
vt 0.04357014 0.84602910
vt 0.04356015 0.84602910
vt 0.04357014 0.84602910
vt 0.58464968 0.29842609
vt 0.58154130 0.30366319
vt 0.04356015 0.84601915
vt 0.04357014 0.84602910
vt 0.04356015 0.84601915
vt 0.04357014 0.84602910
vt 0.05590722 0.77911675
vt 0.05235915 0.76138288
vt 0.04357014 0.84602910
vt 0.63936305 0.38386887
vt 0.61555588 0.38709491
vt 0.12307519 0.69890356
vt 0.12939893 0.66505158
vt 0.12901567 0.67488945
vt 0.12743045 0.66820914
vt 0.12307552 0.69890296
vt 0.10073183 0.75637579
vt 0.13810472 0.71948242
vt 0.13847952 0.73859990
vt 0.09085369 0.81485444
vt 0.17718300 0.76543140
vt 0.04356015 0.84602910
vt 0.15537721 0.50716591
vt 0.14853121 0.53799605
vt 0.04357014 0.84602910
vt 0.04356015 0.84602910
vt 0.04356015 0.84602910
vt 0.04356015 0.84602910
vt 0.04356015 0.84601915
vt 0.04356015 0.84602910
vt 0.59140712 0.30052584
vt 0.60267335 0.30095994
vt 0.15373501 0.69730049
vt 0.15287748 0.69933993
vt 0.04356015 0.84602910
vt 0.14872211 0.69716346
vt 0.04356015 0.84601915
vt 0.14873210 0.69716346
vt 0.15373501 0.69730049
vt 0.15287749 0.69933993
vt 0.04357014 0.84602910
vt 0.04357014 0.84602910
vt 0.04356015 0.84601915
vt 0.04357014 0.84602910
vt 0.37912217 0.61239398
vt 0.35847047 0.62815702
vt 0.04357014 0.84602910
vt 0.04356015 0.84602910
vt 0.04356015 0.84602910
vt 0.04356015 0.84602910
vt 0.61555588 0.38709491
vt 0.63936305 0.38386887
vt 0.04357014 0.84602910
vt 0.56524855 0.38502026
vt 0.04357014 0.84602910
vt 0.04356015 0.84602910
vt 0.04356015 0.84601915
vt 0.04357014 0.84602910
vt 0.04357014 0.84602910
vt 0.04356015 0.84601915
vt 0.04357014 0.84602910
vt 0.04357014 0.84602910
vt 0.04356015 0.84602910
vt 0.04356015 0.84602910
vt 0.04357014 0.84602910
vt 0.04357014 0.84602910
vt 0.04356015 0.84602910
vt 0.70386732 0.31016821
vt 0.70398545 0.30875367
vt 0.73792440 0.31368941
vt 0.59142172 0.30263978
vt 0.58756602 0.30316800
vt 0.04357014 0.84602910
vt 0.04356015 0.84602910
vt 0.04356015 0.84602910
vt 0.04357014 0.84602910
vt 0.04357014 0.84602910
vt 0.04356015 0.84601915
vt 0.04356015 0.84602910
vt 0.07760961 0.64352751
vt 0.08412206 0.59758413
vt 0.07814965 0.60000861
vt 0.43057749 0.47914493
vt 0.43754390 0.46482009
vt 0.45716959 0.41163057
vt 0.46183625 0.39719546
vt 0.14994185 0.71111506
vt 0.21745124 0.66611135
vt 0.20379449 0.67408895
vt 0.04356015 0.84601915
vt 0.46269241 0.39546102
vt 0.04357014 0.84602910
vt 0.22685935 0.29475057
vt 0.23547463 0.29102063
vt 0.04356015 0.84602910
vt 0.04356015 0.84602910
vt 0.04356015 0.84601915
vt 0.04357014 0.84602910
vt 0.04356015 0.84601915
vt 0.04356015 0.84602910
vt 0.04357014 0.84602910
vt 0.04356015 0.84602910
vt 0.04357014 0.84602910
vt 0.04357014 0.84602910
vt 0.04356015 0.84601915
vt 0.04357014 0.84602910
vt 0.04356015 0.84602910
vt 0.04357014 0.84602910
vt 0.04356015 0.84601915
vt 0.46651101 0.53446394
vt 0.42779383 0.49188334
vt 0.43393981 0.48087597
vt 0.42577720 0.50644082
vt 0.42401052 0.50281698
vt 0.60978001 0.38478440
vt 0.04356015 0.84602910
vt 0.04356015 0.84602910
vt 0.04357014 0.84602910
vt 0.52817327 0.38829780
vt 0.56136179 0.27361137
vt 0.56279516 0.26085901
vt 0.04356015 0.84601915
vt 0.04356015 0.84602910
vt 0.04356015 0.84602910
vt 0.04356015 0.84601915
vt 0.22297417 0.65963912
vt 0.21754529 0.66826779
vt 0.29569715 0.60609770
vt 0.27927271 0.61645043
vt 0.04357014 0.84602910
vt 0.04357014 0.84602910
vt 0.56143606 0.38827097
vt 0.56194192 0.38826877
vt 0.21639971 0.22384995
vt 0.20124769 0.23669326
vt 0.04356015 0.84601915
vt 0.04356015 0.84602910
vt 0.04356015 0.84602910
vt 0.04357014 0.84602910
vt 0.04356015 0.84602910
vt 0.04356015 0.84602910
vt 0.55743372 0.26568192
vt 0.53710830 0.33254206
vt 0.53710914 0.33253860
vt 0.55743372 0.26568186
vt 0.04356015 0.84601915
vt 0.04357014 0.84602910
vt 0.17165135 0.26794285
vt 0.18399955 0.24371654
vt 0.04356015 0.84602910
vt 0.04356015 0.84602910
vt 0.04356015 0.84602910
vt 0.04356015 0.84602910
vt 0.04356015 0.84602910
vt 0.04356015 0.84601915
vt 0.04356015 0.84601915
vt 0.04356015 0.84602910
vt 0.04356015 0.84601915
vt 0.04356015 0.84602910
vt 0.04356015 0.84602910
vt 0.04356015 0.84602910
vt 0.04357014 0.84602910
vt 0.47896343 0.31402326
vt 0.47592714 0.31136566
vt 0.04356015 0.84601915
vt 0.04356015 0.84601915
vt 0.07760938 0.64352763
vt 0.07009110 0.68429351
vt 0.04357014 0.84602910
vt 0.04356015 0.84602910
vt 0.04356015 0.84602910
vt 0.04356015 0.84602910
vt 0.44625828 0.44818795
vt 0.43934035 0.46538585
vt 0.47204927 0.39102471
vt 0.46940157 0.38817984
vt 0.54916131 0.23054051
vt 0.50203526 0.21964151
vt 0.04357014 0.84602910
vt 0.04356015 0.84601915
vt 0.04356015 0.84601915
vt 0.04356015 0.84601915
vt 0.04356015 0.84601915
vt 0.04356015 0.84601915
vt 0.04357014 0.84602910
vt 0.04356015 0.84602910
vt 0.04356015 0.84602910
vt 0.04357014 0.84602910
vt 0.04356015 0.84602910
vt 0.04356015 0.84601915
vt 0.04356015 0.84601915
vt 0.04356015 0.84601915
vt 0.04357014 0.84602910
vt 0.04356015 0.84601915
vt 0.04356015 0.84602910
vt 0.04356015 0.84602910
vt 0.04356015 0.84602910
vt 0.04356015 0.84602910
vt 0.04357014 0.84602910
vt 0.04357014 0.84602910
vt 0.04356015 0.84602910
vt 0.04356015 0.84602910
vt 0.04356015 0.84602910
vt 0.04356015 0.84602910
vt 0.18536331 0.24807394
vt 0.20083319 0.23532635
vt 0.21821140 0.23309612
vt 0.04356015 0.84602910
vt 0.04356015 0.84601915
vt 0.04356015 0.84602910
vt 0.40409514 0.51175696
vt 0.04357014 0.84602910
vt 0.37440249 0.53571475
vt 0.69719058 0.38536859
vt 0.64823741 0.38764131
vt 0.04356015 0.84601915
vt 0.63966000 0.38175714
vt 0.66641021 0.38406825
vt 0.04356015 0.84602910
vt 0.04356015 0.84601915
vt 0.04357014 0.84602910
vt 0.04356015 0.84601915
vt 0.04356015 0.84601915
vt 0.04356015 0.84602910
vt 0.04356015 0.84601915
vt 0.04357014 0.84602910
vt 0.04357014 0.84602910
vt 0.04357014 0.84602910
vt 0.04356015 0.84602910
vt 0.04356015 0.84602910
vt 0.04356015 0.84601915
vt 0.05759726 0.77639997
vt 0.05563710 0.75543594
vt 0.05399892 0.75768661
vt 0.23982385 0.65873241
vt 0.04357014 0.84602910
vt 0.04356015 0.84601915
vt 0.04356015 0.84601915
vt 0.04356015 0.84602910
vt 0.04357014 0.84602910
vt 0.04356015 0.84601915
vt 0.91514146 0.33872634
vt 0.91195178 0.34667963
vt 0.89924824 0.33347940
vt 0.84107393 0.32576764
vt 0.88525367 0.33231235
vt 0.85748059 0.38006032
vt 0.83137804 0.38173670
vt 0.82041907 0.38081944
vt 0.63966000 0.38175696
vt 0.66641039 0.38406765
vt 0.04356015 0.84601909
vt 0.04356015 0.84601915
vt 0.04356015 0.84602910
vt 0.87371057 0.37571859
vt 0.87527984 0.37569577
vt 0.82952702 0.37708408
vt 0.04357014 0.84602910
vt 0.04356015 0.84602910
vt 0.04356015 0.84601915
vt 0.04357014 0.84602910
vt 0.04356015 0.84602910
vt 0.04357014 0.84602910
vt 0.04357014 0.84602910
vt 0.04357014 0.84602910
vt 0.04357014 0.84602910
vt 0.04356015 0.84601915
vt 0.04356015 0.84601915
vt 0.04356015 0.84602910
vt 0.04356015 0.84602910
vt 0.04356015 0.84601915
vt 0.04356015 0.84602910
vt 0.04356015 0.84602910
vt 0.73842758 0.30915934
vt 0.72278327 0.30724406
vt 0.18481651 0.24695337
vt 0.14789633 0.32525748
vt 0.15961331 0.29425246
vt 0.17714286 0.32352000
vt 0.04356015 0.84602910
vt 0.04356015 0.84602910
vt 0.04357014 0.84602910
vt 0.04357014 0.84602910
vt 0.04356015 0.84602910
vt 0.04356015 0.84602910
vt 0.18450406 0.24596739
vt 0.84107327 0.32576758
vt 0.89924383 0.33347893
vt 0.88525313 0.33231229
vt 0.91195434 0.34667486
vt 0.91514134 0.33872658
vt 0.51728618 0.23533463
vt 0.44430616 0.22062355
vt 0.04356015 0.84601915
vt 0.04357014 0.84602910
vt 0.04357014 0.84602910
vt 0.04357014 0.84602910
vt 0.04357014 0.84602910
vt 0.04356015 0.84602910
vt 0.04357014 0.84602910
vt 0.04357014 0.84602910
vt 0.04357014 0.84602910
vt 0.04357014 0.84602910
vt 0.04356015 0.84601915
vt 0.04357014 0.84602910
vt 0.28418508 0.67859495
vt 0.30022305 0.66220176
vt 0.55760539 0.38876855
vt 0.04357014 0.84602910
vt 0.04356015 0.84602910
vt 0.04356015 0.84601915
vt 0.13143620 0.66175264
vt 0.12831885 0.65845925
vt 0.04357014 0.84602910
vt 0.04356015 0.84601915
vt 0.04357014 0.84602910
vt 0.12831885 0.65845925
vt 0.04357014 0.84602910
vt 0.12890680 0.40809774
vt 0.04356015 0.84601915
vt 0.14509960 0.42376757
vt 0.17155717 0.69508219
vt 0.16454661 0.70131904
vt 0.04356015 0.84601915
vt 0.04357014 0.84602910
vt 0.04356015 0.84602910
vt 0.04356015 0.84602910
vt 0.04356015 0.84601915
vt 0.04357014 0.84602910
vt 0.04356015 0.84602910
vt 0.50207335 0.21964526
vt 0.50170577 0.21960884
vt 0.54892915 0.23066413
vt 0.04357014 0.84602910
vt 0.04357014 0.84602910
vt 0.04356015 0.84602910
vt 0.40009955 0.52235937
vt 0.39755073 0.52220595
vt 0.36838049 0.55937266
vt 0.09965337 0.82442737
vt 0.11228754 0.81352955
vt 0.04356015 0.84601915
vt 0.04356015 0.84601915
vt 0.04356015 0.84601915
vt 0.42498693 0.48997825
vt 0.42498693 0.48997825
vt 0.04356015 0.84602910
vt 0.20233415 0.24176133
vt 0.20083319 0.23532635
vt 0.21639971 0.22384989
vt 0.20124769 0.23669326
vt 0.04357014 0.84602910
vt 0.04357014 0.84602910
vt 0.04356015 0.84602910
vt 0.04356015 0.84601915
vt 0.04356015 0.84602910
vt 0.09965336 0.82442689
vt 0.11228754 0.81352949
vt 0.04356015 0.84601915
vt 0.04356015 0.84601915
vt 0.04357014 0.84602910
vt 0.04356015 0.84601915
vt 0.55916619 0.38015145
vt 0.57577270 0.32698739
vt 0.56508446 0.36416250
vt 0.56472874 0.36862862
vt 0.04356015 0.84602910
vt 0.04356015 0.84602910
vt 0.04356015 0.84602910
vt 0.04356015 0.84602910
vt 0.04357014 0.84602910
vt 0.04356015 0.84601915
vt 0.04356015 0.84602910
vt 0.04356015 0.84602910
vt 0.04357014 0.84602910
vt 0.04356015 0.84602910
vt 0.04356015 0.84602910
vt 0.04357014 0.84602910
vt 0.04356015 0.84601915
vt 0.04356015 0.84601915
vt 0.04357014 0.84602910
vt 0.04356015 0.84602910
vt 0.04356015 0.84602910
vt 0.04356015 0.84602910
vt 0.04357014 0.84602910
vt 0.04356015 0.84602910
vt 0.04356015 0.84601915
vt 0.08666932 0.82920253
vt 0.04356015 0.84602910
vt 0.04356015 0.84601915
vt 0.04356015 0.84602910
vt 0.04356015 0.84602910
vt 0.04356015 0.84602910
vt 0.57884204 0.31354970
vt 0.57577300 0.32698607
vt 0.56472915 0.36862755
vt 0.56508684 0.36415416
vt 0.55781603 0.38146096
vt 0.04356015 0.84601915
vt 0.40840289 0.51771450
vt 0.43752024 0.56183076
vt 0.04356015 0.84602910
vt 0.39679503 0.59733462
vt 0.04356015 0.84602910
vt 0.04356015 0.84602910
vt 0.04356015 0.84602910
vt 0.04357014 0.84602910
vt 0.47933978 0.32537991
vt 0.47933978 0.32537991
vt 0.47875866 0.32003254
vt 0.47831860 0.32045698
vt 0.04357014 0.84602910
vt 0.04357014 0.84602910
vt 0.04356015 0.84602910
vt 0.04356015 0.84602910
vt 0.09417263 0.54880601
vt 0.07810743 0.60002518
vt 0.07814965 0.60000861
vt 0.04356015 0.84602910
vt 0.04356015 0.84601915
vt 0.04356015 0.84602910
vt 0.04356015 0.84601915
vt 0.20467421 0.71483833
vt 0.23938765 0.65174395
vt 0.22792062 0.65821671
vt 0.04357014 0.84602910
vt 0.04356015 0.84601915
vt 0.14201684 0.79205036
vt 0.13002394 0.80253524
vt 0.14231162 0.79465240
vt 0.17718300 0.76543140
vt 0.17395402 0.75814390
vt 0.04356015 0.84602910
vt 0.04357014 0.84602910
vt 0.04356015 0.84602910
vt 0.88184553 0.37518090
vt 0.88227773 0.37379587
vt 0.04356015 0.84602910
vt 0.04356015 0.84602910
vt 0.88227779 0.37379587
vt 0.88184559 0.37518096
vt 0.04356015 0.84601915
vt 0.04357014 0.84602910
vt 0.04357014 0.84602910
vt 0.04356015 0.84602910
vt 0.04357014 0.84602910
vt 0.28211644 0.20058149
vt 0.31208614 0.20434844
vt 0.28237548 0.20480561
vt 0.31188050 0.19691199
vt 0.04356015 0.84602910
vt 0.04356015 0.84602910
vt 0.04356015 0.84601915
vt 0.04356015 0.84601915
vt 0.04356015 0.84601915
vt 0.04356015 0.84601915
vt 0.87464440 0.37625629
vt 0.04356015 0.84601915
vt 0.04357014 0.84602910
vt 0.04356015 0.84602910
vt 0.47933939 0.32538044
vt 0.47887680 0.33231854
vt 0.46607986 0.38362455
vt 0.47088653 0.36736655
vt 0.23300970 0.64480376
vt 0.18696196 0.67952693
vt 0.18666171 0.67984283
vt 0.04356015 0.84602910
vt 0.04357014 0.84602910
vt 0.36033824 0.55853081
vt 0.33260319 0.57995725
vt 0.34246072 0.57010692
vt 0.40840071 0.51771635
vt 0.40500790 0.53007114
vt 0.27065808 0.61585546
vt 0.04357014 0.84602910
vt 0.21263047 0.66022813
vt 0.23451093 0.64373618
vt 0.04357014 0.84602910
vt 0.04356015 0.84602910
vt 0.04357014 0.84602910
vt 0.04356015 0.84602910
vt 0.04357014 0.84602910
vt 0.04357014 0.84602910
vt 0.04356015 0.84601915
vt 0.04357014 0.84602910
vt 0.04356015 0.84602910
vt 0.04356015 0.84601915
vt 0.04356015 0.84602910
vt 0.04357014 0.84602910
vt 0.04356015 0.84601915
vt 0.04356015 0.84602910
vt 0.04357014 0.84602910
vt 0.25212082 0.64907372
vt 0.26923996 0.68565345
vt 0.24616209 0.64199710
vt 0.23938765 0.65174395
vt 0.04356015 0.84602910
vt 0.55951810 0.38851613
vt 0.56194198 0.38826877
vt 0.56136447 0.38613778
vt 0.04356015 0.84601915
vt 0.04357014 0.84602910
vt 0.04357014 0.84602910
vt 0.17714207 0.32351893
vt 0.04357014 0.84602910
vt 0.04356015 0.84602910
vt 0.04356015 0.84602910
vt 0.04356015 0.84601915
vt 0.04356015 0.84601915
vt 0.61854643 0.29686391
vt 0.04357014 0.84602910
vt 0.04357014 0.84602910
vt 0.28275013 0.21258622
vt 0.28665262 0.27135760
vt 0.31212956 0.20599759
vt 0.31208619 0.20434886
vt 0.28237548 0.20480585
vt 0.28275013 0.21258622
vt 0.28665265 0.27135772
vt 0.31212956 0.20599759
vt 0.04356015 0.84601915
vt 0.04356015 0.84602910
vt 0.04357014 0.84602910
vt 0.04357014 0.84602910
vt 0.04356015 0.84602910
vt 0.04357014 0.84602910
vt 0.04356015 0.84602910
vt 0.04356015 0.84601915
vt 0.04356015 0.84602910
vt 0.04356015 0.84601915
vt 0.04357014 0.84602910
vt 0.04356015 0.84602910
vt 0.04357014 0.84602910
vt 0.07810743 0.60002518
vt 0.08934163 0.54934692
vt 0.04357014 0.84602910
vt 0.04356015 0.84601915
vt 0.28144690 0.19692218
vt 0.28190970 0.19724977
vt 0.28211632 0.20058000
vt 0.09783766 0.65521252
vt 0.08284377 0.67157578
vt 0.08412226 0.59758407
vt 0.04357014 0.84602910
vt 0.04357014 0.84602910
vt 0.04357014 0.84602910
vt 0.04356015 0.84602910
vt 0.04356015 0.84601915
vt 0.47757292 0.31546652
vt 0.47465733 0.31282568
vt 0.23240733 0.20605260
vt 0.04357014 0.84602910
vt 0.37557894 0.20128435
vt 0.04356015 0.84602910
vt 0.04356015 0.84602910
vt 0.41450933 0.20531642
vt 0.43532613 0.20860869
vt 0.04356015 0.84602910
vt 0.04356015 0.84602910
vt 0.04356015 0.84602910
vt 0.04356015 0.84602910
vt 0.17689693 0.27980113
vt 0.04357014 0.84602910
vt 0.33729154 0.63393658
vt 0.04356015 0.84602910
vt 0.04356015 0.84602910
vt 0.04356015 0.84602910
vt 0.60838723 0.30219764
vt 0.61212021 0.30129856
vt 0.58806211 0.29620934
vt 0.59206432 0.29578060
vt 0.04357014 0.84602910
vt 0.04357014 0.84602910
vt 0.04356015 0.84601915
vt 0.04357014 0.84602910
vt 0.04356015 0.84601915
vt 0.04357014 0.84602910
vt 0.12890683 0.40809786
vt 0.13065191 0.41135758
vt 0.04356015 0.84601915
vt 0.04357014 0.84602910
vt 0.04356015 0.84601915
vt 0.04356015 0.84601915
vt 0.04356015 0.84602910
vt 0.04356015 0.84602910
vt 0.04357014 0.84602910
vt 0.04356015 0.84601915
vt 0.91779435 0.33629805
vt 0.04357014 0.84602910
vt 0.04356015 0.84602910
vt 0.04356015 0.84602910
vt 0.04356015 0.84602910
vt 0.04356015 0.84602910
vt 0.04356015 0.84601915
vt 0.04356015 0.84602910
vt 0.04356015 0.84602910
vt 0.04356015 0.84601915
vt 0.04356015 0.84602910
vt 0.04357014 0.84602910
vt 0.04357014 0.84602910
vt 0.04357014 0.84602910
vt 0.04357014 0.84602910
vt 0.04357014 0.84602910
vt 0.04357014 0.84602910
vt 0.04357014 0.84602910
vt 0.04356015 0.84602910
vt 0.45900291 0.40791690
vt 0.04356015 0.84601915
vt 0.04357014 0.84602910
vt 0.04356015 0.84602910
vt 0.04357014 0.84602910
vt 0.04356015 0.84601915
vt 0.04357014 0.84602910
vt 0.04357014 0.84602910
vt 0.04356015 0.84601915
vt 0.04356015 0.84602910
vt 0.04356015 0.84601915
vt 0.04356015 0.84602910
vt 0.04356015 0.84602910
vt 0.04356015 0.84602910
vt 0.04357014 0.84602910
vt 0.04356015 0.84602910
vt 0.04356015 0.84601915
vt 0.04356015 0.84602910
vt 0.20390135 0.67631656
vt 0.19523241 0.71204185
vt 0.16454521 0.70131981
vt 0.04357014 0.84602910
vt 0.04356015 0.84601915
vt 0.04357014 0.84602910
vt 0.04357014 0.84602910
vt 0.19317922 0.34620863
vt 0.18293011 0.37443048
vt 0.18481739 0.37760943
vt 0.19317940 0.34620893
vt 0.04357014 0.84602910
vt 0.04357014 0.84602910
vt 0.04357014 0.84602910
vt 0.04357014 0.84602910
vt 0.04356015 0.84601915
vt 0.04356015 0.84602910
vt 0.04356015 0.84602910
vt 0.04356015 0.84601915
vt 0.04356015 0.84602910
vt 0.04356015 0.84601915
vt 0.55595493 0.28843135
vt 0.04356015 0.84602910
vt 0.51932067 0.41899008
vt 0.52817327 0.38829780
vt 0.55697215 0.28932363
vt 0.55512768 0.28674835
vt 0.04356015 0.84601915
vt 0.12162930 0.79905665
vt 0.04357014 0.84602910
vt 0.04356015 0.84601915
vt 0.11815875 0.81197774
vt 0.13023996 0.80448258
vt 0.58756602 0.30316800
vt 0.58710641 0.30556452
vt 0.58177793 0.30587894
vt 0.58806211 0.29620922
vt 0.58793032 0.29788327
vt 0.59148514 0.29540163
vt 0.61480993 0.29652643
vt 0.60475665 0.29596275
vt 0.04356015 0.84602910
vt 0.13575217 0.36004084
vt 0.04357014 0.84602910
vt 0.04357014 0.84602910
vt 0.23365980 0.28328562
vt 0.22604173 0.29272890
vt 0.04356015 0.84602910
vt 0.28661001 0.28572464
vt 0.45625681 0.30007184
vt 0.46804437 0.30538648
vt 0.04357014 0.84602910
vt 0.04357014 0.84602910
vt 0.04356015 0.84601915
vt 0.42905849 0.56479365
vt 0.42905849 0.56479365
vt 0.04356015 0.84602910
vt 0.04357014 0.84602910
vt 0.04357014 0.84602910
vt 0.04356015 0.84602910
vt 0.57323760 0.23789883
vt 0.34232071 0.56061310
vt 0.04356015 0.84601915
vt 0.04357014 0.84602910
vt 0.04356015 0.84601915
vt 0.04356015 0.84602910
vt 0.04356015 0.84602910
vt 0.04356015 0.84601915
vt 0.04356015 0.84602910
vt 0.04356015 0.84601915
vt 0.04356015 0.84601915
vt 0.04356015 0.84602910
vt 0.04356015 0.84602910
vt 0.07616692 0.83062106
vt 0.07586623 0.80884564
vt 0.04356015 0.84602910
vt 0.04356015 0.84601915
vt 0.04357014 0.84602910
vt 0.13388760 0.58754873
vt 0.12611654 0.62870550
vt 0.04356015 0.84601915
vt 0.10218410 0.59067607
vt 0.10381873 0.62203276
vt 0.04356015 0.84602910
vt 0.09394019 0.63073188
vt 0.13388808 0.58754647
vt 0.04357014 0.84602910
vt 0.12611657 0.62870550
vt 0.04356015 0.84602910
vt 0.04356015 0.84601915
vt 0.04356015 0.84602910
vt 0.04356015 0.84602910
vt 0.04356015 0.84602910
vt 0.04356015 0.84602910
vt 0.04356015 0.84602910
vt 0.04357014 0.84602910
vt 0.04356015 0.84602910
vt 0.04356015 0.84602910
vt 0.22770739 0.29109120
vt 0.04356015 0.84602910
vt 0.04356015 0.84601915
vt 0.04356015 0.84602910
vt 0.04356015 0.84602910
vt 0.04357014 0.84602910
vt 0.04356015 0.84602910
vt 0.05635355 0.77833784
vt 0.05759650 0.77640116
vt 0.06354065 0.76709384
vt 0.04357014 0.84602910
vt 0.04357014 0.84602910
vt 0.04357014 0.84602910
vt 0.44436857 0.44791090
vt 0.44436857 0.44791090
vt 0.46074530 0.41219258
vt 0.64551741 0.30391979
vt 0.67236066 0.30562049
vt 0.67225796 0.30710816
vt 0.67029792 0.33539599
vt 0.66835123 0.36348629
vt 0.04357014 0.84602910
vt 0.04356015 0.84602910
vt 0.07714551 0.80549049
vt 0.08132588 0.81902719
vt 0.07617117 0.83059210
vt 0.04356015 0.84601915
vt 0.04357014 0.84602910
vt 0.47573000 0.34937906
vt 0.47277808 0.36016715
vt 0.22604173 0.29272896
vt 0.22685935 0.29475057
vt 0.23365980 0.28328562
vt 0.04356015 0.84602910
vt 0.04356015 0.84602910
vt 0.04357014 0.84602910
vt 0.04357014 0.84602910
vt 0.04356015 0.84601915
vt 0.04357014 0.84602910
vt 0.04356015 0.84602910
vt 0.04356015 0.84601915
vt 0.04356015 0.84601915
vt 0.04356015 0.84602910
vt 0.04356015 0.84601915
vt 0.04357014 0.84602910
vt 0.04356015 0.84602910
vt 0.04357014 0.84602910
vt 0.04356015 0.84602910
vt 0.04356015 0.84601915
vt 0.04356015 0.84601915
vt 0.04357014 0.84602910
vt 0.04356015 0.84602910
vt 0.04356015 0.84601915
vt 0.04356015 0.84602910
vt 0.04356015 0.84602910
vt 0.04357014 0.84602910
vt 0.04357014 0.84602910
vt 0.04356015 0.84601915
vt 0.04357014 0.84602910
vt 0.04356015 0.84601915
vt 0.04356015 0.84602910
vt 0.04356015 0.84602910
vt 0.49990377 0.48378837
vt 0.49904233 0.47420931
vt 0.50966161 0.44754547
vt 0.04356015 0.84601915
vt 0.04357014 0.84602910
vt 0.04356015 0.84602910
vt 0.04357014 0.84602910
vt 0.04356015 0.84601915
vt 0.04356015 0.84601915
vt 0.47929224 0.32550275
vt 0.47379503 0.31376261
vt 0.21605185 0.22229958
vt 0.19958864 0.23202538
vt 0.04357014 0.84602910
vt 0.04357014 0.84602910
vt 0.04357014 0.84602910
vt 0.04356015 0.84601915
vt 0.67236066 0.30562049
vt 0.64551741 0.30391985
vt 0.67225796 0.30710822
vt 0.67029762 0.33539921
vt 0.31411564 0.59704399
vt 0.29586777 0.60821211
vt 0.25852433 0.63025206
vt 0.25161213 0.64236999
vt 0.35768551 0.62393147
vt 0.04356015 0.84601915
vt 0.26929414 0.68900210
vt 0.04357014 0.84602910
vt 0.04356015 0.84601915
vt 0.04357014 0.84602910
vt 0.04356015 0.84602910
vt 0.04356015 0.84602910
vt 0.85748029 0.38006032
vt 0.82041907 0.38081944
vt 0.04356015 0.84602910
vt 0.86239517 0.37808406
vt 0.87601680 0.37939668
vt 0.04356015 0.84602910
vt 0.04357014 0.84602910
vt 0.04356015 0.84602910
vt 0.04356015 0.84602910
vt 0.04356015 0.84602910
vt 0.04356015 0.84602910
vt 0.04356015 0.84602910
vt 0.04356015 0.84601915
vt 0.04356015 0.84602910
vt 0.04356015 0.84601915
vt 0.14744750 0.32459617
vt 0.14789633 0.32525748
vt 0.16064443 0.29592937
vt 0.04356015 0.84602910
vt 0.04357014 0.84602910
vt 0.04357014 0.84602910
vt 0.04357014 0.84602910
vt 0.13575217 0.36004055
vt 0.13575217 0.36004055
vt 0.13727006 0.36269629
vt 0.13923657 0.36522156
vt 0.04356015 0.84601915
vt 0.04356015 0.84602910
vt 0.04357014 0.84602910
vt 0.55781585 0.38146108
vt 0.57114154 0.33242834
vt 0.56401980 0.35738409
vt 0.04356015 0.84602910
vt 0.04356015 0.84602910
vt 0.04356015 0.84601915
vt 0.04356015 0.84601915
vt 0.04357014 0.84602910
vt 0.04357014 0.84602910
vt 0.04356015 0.84602910
vt 0.04357014 0.84602910
vt 0.45837468 0.21966511
vt 0.48022121 0.22329032
vt 0.46924934 0.22311902
vt 0.51728642 0.23533469
vt 0.04356015 0.84601915
vt 0.34477568 0.19790518
vt 0.25447184 0.19974965
vt 0.04356015 0.84601915
vt 0.04357014 0.84602910
vt 0.04356015 0.84601915
vt 0.18954732 0.75366360
vt 0.17730410 0.76331955
vt 0.21638884 0.70603198
vt 0.04356015 0.84602910
vt 0.04356015 0.84601915
vt 0.04356015 0.84602910
vt 0.04356015 0.84601915
vt 0.15397257 0.77948302
vt 0.14403126 0.78192967
vt 0.14231165 0.79465234
vt 0.14201684 0.79205048
vt 0.15378390 0.78481185
vt 0.04356015 0.84602910
vt 0.04357014 0.84602910
vt 0.04357014 0.84602910
vt 0.48022982 0.34656930
vt 0.48211378 0.34546041
vt 0.49100170 0.32252109
vt 0.27235067 0.61760366
vt 0.25944787 0.62605059
vt 0.21638854 0.70603830
vt 0.17730410 0.76331955
vt 0.18954732 0.75366354
vt 0.90923542 0.33199722
vt 0.04356015 0.84602910
vt 0.04357014 0.84602910
vt 0.49121591 0.31428850
vt 0.48787093 0.31042439
vt 0.47369626 0.30740356
vt 0.04356015 0.84602910
vt 0.04357014 0.84602910
vt 0.04357014 0.84602910
vt 0.04356015 0.84601915
vt 0.04356015 0.84602910
vt 0.04356015 0.84601915
vt 0.04356015 0.84601915
vt 0.04356015 0.84602910
vt 0.04357014 0.84602910
vt 0.04356015 0.84601915
vt 0.04357014 0.84602910
vt 0.04357014 0.84602910
vt 0.04357014 0.84602910
vt 0.04357014 0.84602910
vt 0.18617311 0.74800467
vt 0.17395402 0.75814390
vt 0.04356015 0.84602910
vt 0.04356015 0.84601915
vt 0.04356015 0.84601915
vt 0.04356015 0.84601915
vt 0.04357014 0.84602910
vt 0.04356015 0.84601915
vt 0.04357014 0.84602910
vt 0.04357014 0.84602910
vt 0.10080428 0.49859685
vt 0.08936605 0.54933929
vt 0.10142846 0.49874252
vt 0.10284991 0.49907446
vt 0.04356015 0.84602910
vt 0.04356015 0.84602910
vt 0.04356015 0.84602910
vt 0.04357014 0.84602910
vt 0.04356015 0.84602910
vt 0.04357014 0.84602910
vt 0.04356015 0.84602910
vt 0.04356015 0.84602910
vt 0.04356015 0.84601915
vt 0.04356015 0.84601915
vt 0.04356015 0.84601915
vt 0.04357014 0.84602910
vt 0.04357014 0.84602910
vt 0.04356015 0.84602910
vt 0.49963668 0.47466022
vt 0.49823418 0.47479218
vt 0.04357014 0.84602910
vt 0.90923572 0.33199733
vt 0.04356015 0.84602910
vt 0.04356015 0.84602910
vt 0.04356015 0.84601915
vt 0.04356015 0.84602910
vt 0.04356015 0.84602910
vt 0.04356015 0.84601915
vt 0.23547463 0.29102069
vt 0.04357014 0.84602910
vt 0.04357014 0.84602910
vt 0.04357014 0.84602910
vt 0.04356015 0.84601915
vt 0.04356015 0.84601915
vt 0.04356015 0.84602910
vt 0.04356015 0.84602910
vt 0.04356015 0.84601915
vt 0.04357014 0.84602910
vt 0.04357014 0.84602910
vt 0.04356015 0.84601915
vt 0.04356015 0.84602910
vt 0.40493631 0.21377623
vt 0.48022127 0.22329021
vt 0.46925047 0.22311914
vt 0.17553334 0.40948111
vt 0.04357014 0.84602910
vt 0.04357014 0.84602910
vt 0.04356015 0.84602910
vt 0.06004772 0.74939334
vt 0.06424768 0.76593786
vt 0.04356015 0.84602910
vt 0.04357014 0.84602910
vt 0.13431539 0.58866715
vt 0.04356015 0.84602910
vt 0.04356015 0.84602910
vt 0.04356015 0.84602910
vt 0.04356015 0.84602910
vt 0.04357014 0.84602910
vt 0.61094344 0.29633653
vt 0.60349560 0.29623455
vt 0.04356015 0.84602910
vt 0.18617311 0.74800467
vt 0.18716541 0.75788230
vt 0.17494801 0.76803970
vt 0.04356015 0.84602910
vt 0.04357014 0.84602910
vt 0.04356015 0.84602910
vt 0.04357014 0.84602910
vt 0.04357014 0.84602910
vt 0.04356015 0.84602910
vt 0.04356015 0.84601915
vt 0.04357014 0.84602910
vt 0.04356015 0.84602910
vt 0.04356015 0.84602910
vt 0.04357014 0.84602910
vt 0.04356015 0.84602910
vt 0.04356015 0.84601915
vt 0.04356015 0.84601915
vt 0.56554568 0.23546755
vt 0.04356015 0.84602910
vt 0.04357014 0.84602910
vt 0.04356015 0.84601915
vt 0.51445258 0.42625201
vt 0.50452030 0.45546216
vt 0.55076921 0.29644418
vt 0.54203033 0.33089316
vt 0.04356015 0.84601915
vt 0.04356015 0.84601915
vt 0.04356015 0.84602910
vt 0.04356015 0.84602910
vt 0.04357014 0.84602910
vt 0.04356015 0.84602910
vt 0.82144582 0.37553328
vt 0.04356015 0.84601915
vt 0.04357014 0.84602910
vt 0.04357014 0.84602910
vt 0.04357014 0.84602910
vt 0.86038971 0.37457675
vt 0.04357014 0.84602910
vt 0.04357014 0.84602910
vt 0.04357014 0.84602910
vt 0.04357014 0.84602910
vt 0.04356015 0.84601915
vt 0.04356015 0.84602910
vt 0.04357014 0.84602910
vt 0.04356015 0.84602910
vt 0.04357014 0.84602910
vt 0.04357014 0.84602910
vt 0.04357014 0.84602910
vt 0.04356015 0.84601915
vt 0.04357014 0.84602910
vt 0.04356015 0.84601915
vt 0.04356015 0.84602910
vt 0.04357014 0.84602910
vt 0.04357014 0.84602910
vt 0.04356015 0.84602910
vt 0.04356015 0.84601915
vt 0.04357014 0.84602910
vt 0.04356015 0.84602910
vt 0.12502073 0.68243092
vt 0.12352912 0.68525213
vt 0.13930538 0.68960899
vt 0.13628224 0.69681221
vt 0.13772401 0.69329089
vt 0.14188240 0.69795442
vt 0.12502076 0.68243092
vt 0.12758380 0.69613588
vt 0.04356015 0.84601915
vt 0.04356015 0.84602910
vt 0.04357014 0.84602910
vt 0.55951810 0.38851613
vt 0.56136459 0.38613766
vt 0.04357014 0.84602910
vt 0.04357014 0.84602910
vt 0.04356015 0.84601915
vt 0.04356015 0.84602910
vt 0.04356015 0.84601915
vt 0.04356015 0.84602910
vt 0.04357014 0.84602910
vt 0.57814378 0.31073523
vt 0.57843155 0.31189740
vt 0.57814372 0.31073523
vt 0.57474554 0.32089883
vt 0.04356015 0.84601915
vt 0.04356015 0.84601915
vt 0.04356015 0.84602910
vt 0.24249946 0.71393931
vt 0.04357014 0.84602910
vt 0.04356015 0.84601915
vt 0.04356015 0.84602910
vt 0.04356015 0.84601915
vt 0.04356015 0.84601915
vt 0.04356015 0.84601915
vt 0.04356015 0.84601915
vt 0.04356015 0.84601915
vt 0.04357014 0.84602910
vt 0.04356015 0.84602910
vt 0.04357014 0.84602910
vt 0.04357014 0.84602910
vt 0.04356015 0.84601915
vt 0.67444396 0.38224167
vt 0.04356015 0.84602910
vt 0.67444319 0.38224173
vt 0.55011398 0.24098432
vt 0.54211909 0.23855811
vt 0.55757582 0.24334615
vt 0.56614304 0.24441510
vt 0.54211909 0.23855811
vt 0.55011398 0.24098432
vt 0.56614310 0.24441510
vt 0.55757576 0.24334615
vt 0.04357014 0.84602910
vt 0.04357014 0.84602910
vt 0.56555569 0.23546755
vt 0.04357014 0.84602910
vt 0.04356015 0.84602910
vt 0.04357014 0.84602910
vt 0.04356015 0.84602910
vt 0.04356015 0.84601915
vt 0.04356015 0.84602910
vt 0.04356015 0.84602910
vt 0.04357014 0.84602910
vt 0.04356015 0.84601915
vt 0.04356015 0.84602910
vt 0.04356015 0.84601915
vt 0.04356015 0.84602910
vt 0.04356015 0.84602910
vt 0.91134840 0.34627074
vt 0.90209699 0.35772413
vt 0.04357014 0.84602910
vt 0.04357014 0.84602910
vt 0.45625684 0.30007184
vt 0.46938986 0.30311388
vt 0.35681945 0.27935046
vt 0.38512874 0.28499925
vt 0.42568928 0.28742659
vt 0.04357014 0.84602910
vt 0.04356015 0.84601915
vt 0.04356015 0.84602910
vt 0.87897611 0.38066405
vt 0.87601674 0.37939668
vt 0.86239529 0.37808454
vt 0.36838049 0.55937266
vt 0.35110384 0.56856549
vt 0.33282569 0.58265674
vt 0.04356015 0.84602910
vt 0.04357014 0.84602910
vt 0.04357014 0.84602910
vt 0.04356015 0.84601915
vt 0.04357014 0.84602910
vt 0.04357014 0.84602910
vt 0.04356015 0.84601915
vt 0.09550641 0.54927427
vt 0.10710619 0.50164896
vt 0.08412226 0.59758407
vt 0.15397207 0.77948576
vt 0.15397207 0.77948576
vt 0.04357014 0.84602910
vt 0.04356015 0.84602910
vt 0.04357014 0.84602910
vt 0.04357014 0.84602910
vt 0.04356015 0.84601915
vt 0.04356015 0.84601909
vt 0.04356015 0.84602910
vt 0.04357014 0.84602910
vt 0.04356015 0.84602910
vt 0.04356015 0.84601915
vt 0.17799854 0.68584216
vt 0.31390116 0.59434044
vt 0.29586777 0.60821211
vt 0.31411564 0.59704399
vt 0.35110384 0.56856549
vt 0.33260319 0.57995725
vt 0.33282572 0.58265668
vt 0.37540039 0.20159924
vt 0.40604475 0.20487911
vt 0.46063411 0.21275765
vt 0.33729154 0.63393658
vt 0.33762422 0.63830101
vt 0.04357014 0.84602910
vt 0.04356015 0.84601915
vt 0.31888297 0.58593130
vt 0.29569715 0.60609770
vt 0.22792062 0.65821671
vt 0.24616198 0.64199716
vt 0.51445258 0.42625201
vt 0.50452030 0.45546216
vt 0.55076921 0.29644418
vt 0.54039693 0.33125150
vt 0.55657309 0.39099211
vt 0.56051058 0.38365549
vt 0.59090179 0.38660842
vt 0.57766300 0.38904148
vt 0.60494959 0.38886613
vt 0.56034064 0.37873280
vt 0.55657309 0.39099211
vt 0.60494876 0.38886613
vt 0.57766151 0.38904148
vt 0.04357014 0.84602910
vt 0.04357014 0.84602910
vt 0.04356015 0.84602910
vt 0.04356015 0.84602910
vt 0.04356015 0.84602910
vt 0.56046629 0.36985725
vt 0.55689740 0.38233984
vt 0.04356015 0.84602910
vt 0.04356015 0.84602910
vt 0.69719058 0.38536859
vt 0.04356015 0.84601915
vt 0.64823765 0.38764125
vt 0.20379537 0.67408836
vt 0.18729764 0.68890321
vt 0.22804983 0.66034877
vt 0.21754529 0.66826779
vt 0.04357014 0.84602910
vt 0.04356015 0.84601915
vt 0.04356015 0.84601915
vt 0.04356015 0.84602910
vt 0.04356015 0.84602910
vt 0.04356015 0.84602910
vt 0.04357014 0.84602910
vt 0.04357014 0.84602910
vt 0.04356015 0.84602910
vt 0.04357014 0.84602910
vt 0.55743372 0.26568192
vt 0.55797952 0.25404882
vt 0.04356015 0.84601915
vt 0.04356015 0.84602910
vt 0.04356015 0.84602910
vt 0.04356015 0.84601915
vt 0.04356015 0.84601915
vt 0.04357014 0.84602910
vt 0.04357014 0.84602910
vt 0.04356015 0.84602910
vt 0.04357014 0.84602910
vt 0.04356015 0.84601915
vt 0.04357014 0.84602910
vt 0.04356015 0.84602910
vt 0.04357014 0.84602910
vt 0.04357014 0.84602910
vt 0.04357014 0.84602910
vt 0.04356015 0.84602910
vt 0.04356015 0.84602910
vt 0.04356015 0.84602910
vt 0.04356015 0.84602910
vt 0.04356015 0.84602910
vt 0.04357014 0.84602910
vt 0.04356015 0.84601915
vt 0.04356015 0.84602910
vt 0.04356015 0.84602910
vt 0.04356015 0.84602910
vt 0.35682812 0.27935117
vt 0.42568222 0.28742588
vt 0.38512745 0.28499913
vt 0.45734403 0.29781377
vt 0.45826834 0.29568166
vt 0.04357014 0.84602910
vt 0.04356015 0.84602910
vt 0.04356015 0.84601915
vt 0.04356015 0.84602910
vt 0.04356015 0.84602910
vt 0.04356015 0.84602910
vt 0.04357014 0.84602910
vt 0.04356015 0.84601915
vt 0.04357014 0.84602910
vt 0.04356015 0.84601915
vt 0.04356015 0.84602910
vt 0.04356015 0.84601915
vt 0.04356015 0.84602910
vt 0.04357014 0.84602910
vt 0.90980470 0.33196992
vt 0.04356015 0.84602910
vt 0.04356015 0.84602910
vt 0.04356015 0.84601915
vt 0.04357014 0.84602910
vt 0.04356015 0.84602910
vt 0.04357014 0.84602910
vt 0.04356015 0.84602910
vt 0.04356015 0.84602910
vt 0.04356015 0.84602910
vt 0.04356015 0.84601915
vt 0.04356015 0.84601915
vt 0.87897617 0.38066405
vt 0.04356015 0.84601915
vt 0.04357014 0.84602910
vt 0.04356015 0.84602910
vt 0.04356015 0.84602910
vt 0.04356015 0.84601915
vt 0.04356015 0.84602910
vt 0.12732872 0.65183699
vt 0.04356015 0.84602910
vt 0.04357014 0.84602910
vt 0.04356015 0.84602910
vt 0.04356015 0.84602910
vt 0.04356015 0.84601915
vt 0.04357014 0.84602910
vt 0.04356015 0.84602910
vt 0.04357014 0.84602910
vt 0.04357014 0.84602910
vt 0.04356015 0.84602910
vt 0.04356015 0.84602910
vt 0.47063798 0.52858311
vt 0.47043139 0.52397990
vt 0.04357014 0.84602910
vt 0.04356015 0.84601915
vt 0.04356015 0.84601915
vt 0.04356015 0.84602910
vt 0.04357014 0.84602910
vt 0.04357014 0.84602910
vt 0.04356015 0.84601915
vt 0.92304945 0.33330166
vt 0.16492911 0.30521083
vt 0.16618739 0.35294038
vt 0.04356015 0.84602910
vt 0.20244594 0.74338424
vt 0.04356015 0.84602910
vt 0.04356015 0.84602910
vt 0.04356015 0.84602910
vt 0.40840289 0.51771450
vt 0.37471414 0.54506278
vt 0.38714731 0.53747976
vt 0.43849227 0.48619980
vt 0.43204829 0.49777055
vt 0.44917816 0.44903713
vt 0.45606002 0.43039179
vt 0.04357014 0.84602910
vt 0.04356015 0.84602910
vt 0.04356015 0.84602910
vt 0.04356015 0.84602910
vt 0.04356015 0.84601915
vt 0.04356015 0.84602910
vt 0.04357014 0.84602910
vt 0.04357014 0.84602910
vt 0.04356015 0.84601915
vt 0.04356015 0.84602910
vt 0.04357014 0.84602910
vt 0.04356015 0.84601915
vt 0.04357014 0.84602910
vt 0.52844006 0.22633541
vt 0.53148192 0.22934598
vt 0.51128471 0.23228425
vt 0.50568974 0.22971892
vt 0.48814049 0.22781718
vt 0.52844012 0.22633541
vt 0.53148109 0.22934574
vt 0.48814067 0.22781718
vt 0.50568992 0.22971892
vt 0.51128471 0.23228425
vt 0.04356015 0.84602910
vt 0.04357014 0.84602910
vt 0.04356015 0.84602910
vt 0.04356015 0.84601915
vt 0.64230806 0.38609827
vt 0.04357014 0.84602910
vt 0.04357014 0.84602910
vt 0.04357014 0.84602910
vt 0.04356015 0.84602910
vt 0.04356015 0.84602910
vt 0.04356015 0.84601915
vt 0.04356015 0.84602910
vt 0.04356015 0.84601915
vt 0.04357014 0.84602910
vt 0.04356015 0.84602910
vt 0.04356015 0.84602910
vt 0.04357014 0.84602910
vt 0.04357014 0.84602910
vt 0.04356015 0.84601915
vt 0.62566000 0.30473953
vt 0.61633503 0.30023777
vt 0.59184951 0.30450082
vt 0.04356015 0.84602910
vt 0.04356015 0.84601915
vt 0.04356015 0.84601915
vt 0.04356015 0.84601915
vt 0.14086601 0.36863184
vt 0.14028293 0.36706483
vt 0.04356015 0.84602910
vt 0.04356015 0.84601915
vt 0.04356015 0.84601915
vt 0.04356015 0.84601915
vt 0.04356015 0.84602910
vt 0.04357014 0.84602910
vt 0.04357014 0.84602910
vt 0.04357014 0.84602910
vt 0.04356015 0.84601915
vt 0.04356015 0.84602910
vt 0.04356015 0.84602910
vt 0.04356015 0.84601915
vt 0.04357014 0.84602910
vt 0.04356015 0.84601915
vt 0.04356015 0.84602910
vt 0.04356015 0.84602910
vt 0.47764558 0.34037292
vt 0.47887680 0.33231854
vt 0.04356015 0.84602910
vt 0.04357014 0.84602910
vt 0.21581902 0.73593938
vt 0.04356015 0.84601915
vt 0.20244594 0.74338400
vt 0.13930538 0.68960899
vt 0.14095655 0.68584681
vt 0.04356015 0.84602910
vt 0.04357014 0.84602910
vt 0.04356015 0.84602910
vt 0.04356015 0.84602910
vt 0.04356015 0.84601915
vt 0.13930538 0.68960899
vt 0.04356015 0.84601915
vt 0.04357014 0.84602910
vt 0.04357014 0.84602910
vt 0.04356015 0.84602910
vt 0.04356015 0.84602910
vt 0.04356015 0.84601915
vt 0.04357014 0.84602910
vt 0.89050245 0.33670986
vt 0.90033388 0.33753622
vt 0.85727465 0.32926875
vt 0.88598746 0.33306468
vt 0.89050251 0.33670974
vt 0.90033394 0.33753610
vt 0.85727465 0.32926881
vt 0.88598490 0.33306432
vt 0.04356015 0.84602910
vt 0.04357014 0.84602910
vt 0.04356015 0.84602910
vt 0.04356015 0.84601915
vt 0.04356015 0.84601915
vt 0.04356015 0.84602910
vt 0.04356015 0.84601915
vt 0.04356015 0.84602910
vt 0.04356015 0.84601915
vt 0.04356015 0.84602910
vt 0.04356015 0.84601915
vt 0.04356015 0.84602910
vt 0.04356015 0.84601915
vt 0.12256393 0.66583729
vt 0.12325095 0.67432344
vt 0.56459266 0.25916022
vt 0.12325095 0.67432344
vt 0.04356015 0.84602910
vt 0.12256393 0.66583729
vt 0.25620168 0.21195078
vt 0.23447077 0.21603751
vt 0.23461929 0.21765411
vt 0.21661821 0.22514951
vt 0.20152777 0.23793983
vt 0.21681932 0.22672331
vt 0.25620168 0.21195078
vt 0.23461929 0.21765411
vt 0.23447077 0.21603751
vt 0.21661821 0.22514951
vt 0.21681932 0.22672331
vt 0.20152777 0.23793983
vt 0.46154389 0.54359150
vt 0.04356015 0.84602910
vt 0.04356015 0.84601915
vt 0.04356015 0.84602910
vt 0.46154386 0.54359156
vt 0.47063798 0.52858317
vt 0.04356015 0.84601915
vt 0.58457369 0.30707943
vt 0.57916361 0.31467992
vt 0.57916367 0.31467986
vt 0.58457279 0.30707312
vt 0.57947195 0.31565821
vt 0.04356015 0.84601915
vt 0.04356015 0.84601915
vt 0.04356015 0.84602910
vt 0.33729151 0.63393593
vt 0.33762422 0.63830096
vt 0.04357014 0.84602910
vt 0.04357014 0.84602910
vt 0.04356015 0.84601915
vt 0.04356015 0.84602910
vt 0.04356015 0.84601915
vt 0.04357014 0.84602910
vt 0.04356015 0.84601915
vt 0.04356015 0.84601915
vt 0.16569121 0.69233966
vt 0.04356015 0.84602910
vt 0.15426144 0.69592905
vt 0.15430096 0.69584429
vt 0.16569121 0.69233966
vt 0.09791871 0.55077469
vt 0.04356015 0.84602910
vt 0.04357014 0.84602910
vt 0.48211378 0.34546041
vt 0.48919621 0.31625003
vt 0.48778236 0.31767589
vt 0.04356015 0.84602910
vt 0.04356015 0.84601915
vt 0.04356015 0.84601915
vt 0.04357014 0.84602910
vt 0.04357014 0.84602910
vt 0.04356015 0.84602910
vt 0.04356015 0.84601915
vt 0.04356015 0.84601915
vt 0.04356015 0.84601915
vt 0.04356015 0.84601915
vt 0.04357014 0.84602910
vt 0.04357014 0.84602910
vt 0.04357014 0.84602910
vt 0.04356015 0.84601915
vt 0.04356015 0.84602910
vt 0.04356015 0.84602910
vt 0.04357014 0.84602910
vt 0.28357470 0.67803258
vt 0.30055746 0.66816306
vt 0.04357014 0.84602910
vt 0.04357014 0.84602910
vt 0.04357014 0.84602910
vt 0.44390461 0.44789124
vt 0.43685213 0.46615773
vt 0.43042848 0.47971892
vt 0.37763229 0.61026734
vt 0.43752024 0.56183076
vt 0.41303346 0.57835793
vt 0.41397640 0.58124238
vt 0.04356015 0.84601915
vt 0.04356015 0.84601915
vt 0.04357014 0.84602910
vt 0.04357014 0.84602910
vt 0.18911895 0.38171929
vt 0.19937675 0.35335904
vt 0.04357014 0.84602910
vt 0.18911889 0.38171929
vt 0.19937676 0.35335886
vt 0.04357014 0.84602910
vt 0.04357014 0.84602910
vt 0.04356015 0.84602910
vt 0.04356015 0.84602910
vt 0.06527834 0.80798090
vt 0.06514858 0.80886519
vt 0.04356015 0.84601915
vt 0.59223914 0.38762122
vt 0.04356015 0.84602910
vt 0.04356015 0.84602910
vt 0.04357014 0.84602910
vt 0.04356015 0.84602910
vt 0.04356015 0.84601915
vt 0.04356015 0.84601915
vt 0.04357014 0.84602910
vt 0.04356015 0.84602910
vt 0.04357014 0.84602910
vt 0.04356015 0.84601915
vt 0.04357014 0.84602910
vt 0.04356015 0.84602910
vt 0.04356015 0.84601915
vt 0.59284967 0.30767381
vt 0.61633390 0.30023760
vt 0.62566000 0.30473959
vt 0.46971929 0.37129241
vt 0.46607986 0.38362455
vt 0.47606456 0.34924090
vt 0.04356015 0.84601915
vt 0.47126400 0.36602390
vt 0.28192425 0.19748396
vt 0.31188706 0.19714862
vt 0.28211644 0.20058149
vt 0.34352377 0.19999778
vt 0.34353402 0.19874179
vt 0.37532797 0.20285583
vt 0.61761618 0.29740769
vt 0.60323292 0.29775381
vt 0.53945935 0.22824180
vt 0.04357014 0.84602910
vt 0.04356015 0.84601915
vt 0.04357014 0.84602910
vt 0.04356015 0.84602910
vt 0.04356015 0.84602910
vt 0.04357014 0.84602910
vt 0.04357014 0.84602910
vt 0.04357014 0.84602910
vt 0.47160763 0.29883260
vt 0.45826879 0.29568172
vt 0.45734456 0.29781389
vt 0.48408478 0.30808139
vt 0.48527509 0.30620283
vt 0.08247039 0.81570613
vt 0.07706224 0.80234027
vt 0.08304714 0.81307203
vt 0.04356015 0.84602910
vt 0.11090975 0.80597281
vt 0.04357014 0.84602910
vt 0.04356015 0.84602910
vt 0.40615082 0.20477551
vt 0.04356015 0.84602910
vt 0.04357014 0.84602910
vt 0.62699419 0.38450503
vt 0.04356015 0.84602910
vt 0.68528622 0.38132805
vt 0.04356015 0.84601915
vt 0.62699419 0.38450503
vt 0.04356015 0.84602910
vt 0.04356015 0.84602910
vt 0.04356015 0.84601915
vt 0.04356015 0.84601915
vt 0.04356015 0.84601915
vt 0.29188377 0.27593267
vt 0.33034238 0.28040785
vt 0.28704473 0.27872688
vt 0.26311058 0.27204943
vt 0.20127107 0.74757147
vt 0.21498549 0.73731786
vt 0.04357014 0.84602910
vt 0.25551760 0.69956219
vt 0.48897603 0.32408476
vt 0.48614833 0.33424115
vt 0.48291075 0.31598711
vt 0.48401067 0.32121998
vt 0.04356015 0.84602910
vt 0.04357014 0.84602910
vt 0.04357014 0.84602910
vt 0.04357014 0.84602910
vt 0.04356015 0.84602910
vt 0.29187748 0.27593255
vt 0.28704473 0.27872688
vt 0.33034077 0.28040779
vt 0.26311058 0.27204943
vt 0.11296074 0.44961733
vt 0.35823238 0.29073495
vt 0.04357014 0.84602910
vt 0.04356015 0.84602910
vt 0.04357014 0.84602910
vt 0.04357014 0.84602910
vt 0.83295375 0.32406825
vt 0.87224239 0.32948649
vt 0.73807532 0.31236005
vt 0.87224460 0.32948679
vt 0.73807532 0.31236005
vt 0.04356015 0.84602910
vt 0.04356015 0.84602910
vt 0.04356015 0.84601915
vt 0.04357014 0.84602910
vt 0.04356015 0.84602910
vt 0.04356015 0.84601915
vt 0.45272559 0.54524046
vt 0.04356015 0.84601915
vt 0.04357014 0.84602910
vt 0.04357014 0.84602910
vt 0.45272490 0.54524112
vt 0.04356015 0.84602910
vt 0.04356015 0.84602910
vt 0.04356015 0.84601915
vt 0.11147516 0.54818642
vt 0.09444050 0.59526169
vt 0.08556508 0.59821463
vt 0.07604027 0.64395922
vt 0.07760938 0.64352763
vt 0.25551760 0.69956219
vt 0.21498549 0.73731792
vt 0.20127110 0.74757147
vt 0.04356015 0.84601915
vt 0.91373980 0.34043479
vt 0.90974015 0.34658521
vt 0.91273957 0.34132755
vt 0.90974122 0.34658343
vt 0.91273957 0.34132743
vt 0.04356015 0.84601915
vt 0.21262895 0.66022921
vt 0.26884404 0.61725783
vt 0.24631879 0.63465613
vt 0.88685566 0.37841910
vt 0.88231832 0.37910479
vt 0.89437526 0.37341386
vt 0.04356015 0.84602910
vt 0.26847878 0.61768556
vt 0.04357014 0.84602910
vt 0.04356015 0.84602910
vt 0.04356015 0.84601915
vt 0.04357014 0.84602910
vt 0.04357014 0.84602910
vt 0.04356015 0.84602910
vt 0.04357014 0.84602910
vt 0.10710619 0.50164896
vt 0.11947031 0.45585370
vt 0.11822250 0.45430917
vt 0.53945935 0.22824180
vt 0.53966486 0.22799444
vt 0.53305393 0.22635341
vt 0.47769853 0.34034932
vt 0.48039067 0.33104604
vt 0.48058671 0.33812553
vt 0.04357014 0.84602910
vt 0.04356015 0.84601915
vt 0.04356015 0.84601915
vt 0.04357014 0.84602910
vt 0.04356015 0.84601915
vt 0.04356015 0.84602910
vt 0.04357014 0.84602910
vt 0.04356015 0.84602910
vt 0.04356015 0.84602910
vt 0.04356015 0.84601915
vt 0.04357014 0.84602910
vt 0.88231832 0.37910491
vt 0.88685566 0.37841916
vt 0.89437526 0.37341392
vt 0.04356015 0.84602910
vt 0.04356015 0.84602910
vt 0.04357014 0.84602910
vt 0.04357014 0.84602910
vt 0.59194237 0.29664218
vt 0.60323292 0.29775387
vt 0.19711317 0.67692530
vt 0.18729167 0.68890774
vt 0.16549136 0.69603753
vt 0.16549136 0.69603753
vt 0.04356015 0.84602910
vt 0.04356015 0.84601915
vt 0.04357014 0.84602910
vt 0.04357014 0.84602910
vt 0.04356015 0.84602910
vt 0.04356015 0.84602910
vt 0.04356015 0.84602910
vt 0.04356015 0.84602910
vt 0.04357014 0.84602910
vt 0.04356015 0.84601915
vt 0.04357014 0.84602910
vt 0.04356015 0.84601915
vt 0.04356015 0.84601915
vt 0.04356015 0.84602910
vt 0.04356015 0.84602910
vt 0.04356015 0.84602910
vt 0.04356015 0.84602910
vt 0.04356015 0.84602910
vt 0.04356015 0.84602910
vt 0.26517034 0.63477409
vt 0.25182271 0.64506352
vt 0.04356015 0.84602910
vt 0.04356015 0.84602910
vt 0.54141712 0.34092480
vt 0.54687214 0.32013094
vt 0.26961723 0.69323123
vt 0.28374293 0.68237936
vt 0.22887240 0.72049689
vt 0.04356015 0.84601915
vt 0.04356015 0.84601915
vt 0.04357014 0.84602910
vt 0.04356015 0.84602910
vt 0.18541197 0.37916017
vt 0.18541197 0.37916017
vt 0.04357014 0.84602910
vt 0.59223866 0.38762122
vt 0.04356015 0.84602910
vt 0.25609940 0.21030122
vt 0.25597298 0.20866299
vt 0.23431325 0.21468830
vt 0.28251812 0.20763779
vt 0.28258556 0.20930719
vt 0.31220436 0.20910001
vt 0.23431325 0.21468830
vt 0.25597298 0.20866323
vt 0.25609940 0.21030122
vt 0.28251812 0.20763773
vt 0.31220436 0.20910007
vt 0.28258556 0.20930713
vt 0.04357014 0.84602910
vt 0.55333620 0.39481777
vt 0.55690533 0.38233435
vt 0.39755869 0.52219951
vt 0.40009984 0.52235925
vt 0.37471357 0.54506326
vt 0.40840071 0.51771635
vt 0.38714907 0.53747839
vt 0.04357014 0.84602910
vt 0.04356015 0.84602910
vt 0.04356015 0.84602910
vt 0.04356015 0.84601915
vt 0.42463639 0.48975396
vt 0.04356015 0.84602910
vt 0.04356015 0.84601915
vt 0.04357014 0.84602910
vt 0.04356015 0.84601915
vt 0.04356015 0.84601915
vt 0.04357014 0.84602910
vt 0.04357014 0.84602910
vt 0.04356015 0.84602910
vt 0.21791285 0.30547392
vt 0.04356015 0.84602910
vt 0.90682185 0.35559547
vt 0.89959675 0.36646694
vt 0.89869159 0.36611509
vt 0.28374290 0.68237942
vt 0.26961723 0.69323123
vt 0.24249946 0.71393931
vt 0.22906496 0.72399616
vt 0.04357014 0.84602910
vt 0.04356015 0.84602910
vt 0.27962595 0.62074620
vt 0.27984756 0.62343836
vt 0.26494947 0.63208473
vt 0.26459739 0.62779367
vt 0.16946822 0.75186330
vt 0.17542849 0.69975257
vt 0.17506072 0.70292485
vt 0.16946870 0.75186139
vt 0.16569461 0.76984560
vt 0.17542849 0.69975257
vt 0.17292382 0.69906342
vt 0.04357014 0.84602910
vt 0.04356015 0.84602910
vt 0.04356015 0.84602910
vt 0.04357014 0.84602910
vt 0.04357014 0.84602910
vt 0.04356015 0.84601915
vt 0.04357014 0.84602910
vt 0.04357014 0.84602910
vt 0.04356015 0.84601915
vt 0.04357014 0.84602910
vt 0.04356015 0.84602910
vt 0.04356015 0.84601915
vt 0.04356015 0.84601915
vt 0.04357014 0.84602910
vt 0.04356015 0.84602910
vt 0.04356015 0.84601915
vt 0.07064243 0.81984758
vt 0.04357014 0.84602910
vt 0.04356015 0.84602910
vt 0.04356015 0.84601915
vt 0.04356015 0.84601915
vt 0.04357014 0.84602910
vt 0.04357014 0.84602910
vt 0.04356015 0.84602910
vt 0.04357014 0.84602910
vt 0.04356015 0.84602910
vt 0.04356015 0.84602910
vt 0.56465662 0.36368537
vt 0.56465638 0.36368603
vt 0.56347978 0.36634880
vt 0.52924860 0.22539020
vt 0.04356015 0.84601915
vt 0.04357014 0.84602910
vt 0.04356015 0.84602910
vt 0.04356015 0.84601915
vt 0.20390135 0.67631656
vt 0.18729167 0.68890774
vt 0.18247393 0.69763279
vt 0.20390241 0.67631578
vt 0.18729764 0.68890321
vt 0.52843446 0.39312118
vt 0.04356015 0.84602910
vt 0.04356015 0.84601915
vt 0.04356015 0.84602910
vt 0.92304945 0.33330166
vt 0.04356015 0.84601915
vt 0.04357014 0.84602910
vt 0.04356015 0.84601915
vt 0.04357014 0.84602910
vt 0.04357014 0.84602910
vt 0.04357014 0.84602910
vt 0.04356015 0.84601915
vt 0.04356015 0.84602910
vt 0.04357014 0.84602910
vt 0.04356015 0.84602910
vt 0.21401420 0.72741753
vt 0.04356015 0.84601915
vt 0.04356015 0.84602910
vt 0.04356015 0.84602910
vt 0.04357014 0.84602910
vt 0.04356015 0.84602910
vt 0.04357014 0.84602910
vt 0.04356015 0.84601915
vt 0.06512651 0.68732870
vt 0.04356015 0.84602910
vt 0.04356015 0.84602910
vt 0.04356015 0.84602910
vt 0.55444980 0.24761659
vt 0.54074579 0.24136454
vt 0.53923297 0.24372637
vt 0.54924673 0.24233758
vt 0.54074585 0.24136454
vt 0.53923196 0.24372607
vt 0.55797952 0.25404882
vt 0.55071592 0.25033951
vt 0.04357014 0.84602910
vt 0.04357014 0.84602910
vt 0.14201684 0.79205048
vt 0.16492932 0.30521119
vt 0.17714207 0.32351893
vt 0.04357014 0.84602910
vt 0.04356015 0.84602910
vt 0.04357014 0.84602910
vt 0.04356015 0.84601915
vt 0.04356015 0.84601915
vt 0.04356015 0.84602910
vt 0.04356015 0.84602910
vt 0.43752170 0.56182957
vt 0.41397640 0.58124238
vt 0.41303357 0.57835823
vt 0.37763229 0.61026734
vt 0.04356015 0.84601915
vt 0.04356015 0.84601915
vt 0.04356015 0.84601915
vt 0.04356015 0.84602910
vt 0.04356015 0.84602910
vt 0.04356015 0.84602910
vt 0.04357014 0.84602910
vt 0.49439713 0.48392743
vt 0.12552036 0.80952322
vt 0.04356015 0.84602910
vt 0.04357014 0.84602910
vt 0.12505613 0.80538690
vt 0.04356015 0.84602910
vt 0.04356015 0.84601915
vt 0.04356015 0.84601915
vt 0.12505610 0.80538630
vt 0.04357014 0.84602910
vt 0.04356015 0.84602910
vt 0.04356015 0.84601915
vt 0.04357014 0.84602910
vt 0.04356015 0.84602910
vt 0.04357014 0.84602910
vt 0.04356015 0.84601915
vt 0.04357014 0.84602910
vt 0.04357014 0.84602910
vt 0.04356015 0.84602910
vt 0.14267717 0.56641924
vt 0.04356015 0.84601915
vt 0.04356015 0.84601915
vt 0.14267711 0.56641912
vt 0.14180988 0.56328619
vt 0.04357014 0.84602910
vt 0.04356015 0.84601915
vt 0.04356015 0.84601915
vt 0.04356015 0.84601915
vt 0.06159879 0.69076025
vt 0.04356015 0.84602910
vt 0.04356015 0.84602910
vt 0.04357014 0.84602910
vt 0.04356015 0.84602910
vt 0.44769689 0.44850409
vt 0.45300445 0.43001771
vt 0.47383907 0.36500579
vt 0.47842553 0.34775209
vt 0.04356015 0.84601915
vt 0.04356015 0.84601915
vt 0.04357014 0.84602910
vt 0.04356015 0.84602910
vt 0.04356015 0.84602910
vt 0.04356015 0.84602910
vt 0.53222501 0.36771178
vt 0.04356015 0.84602910
vt 0.04357014 0.84602910
vt 0.42185003 0.50008976
vt 0.41640106 0.50830960
vt 0.41924831 0.49788964
vt 0.41303760 0.50387537
vt 0.12185337 0.67617834
vt 0.12128603 0.66462761
vt 0.12185337 0.67617834
vt 0.04356015 0.84602910
vt 0.24726903 0.28577965
vt 0.55949742 0.27415264
vt 0.06248888 0.79080832
vt 0.06008662 0.79500753
vt 0.06008662 0.79500759
vt 0.16549134 0.69603759
vt 0.16549134 0.69603759
vt 0.17824924 0.68877637
vt 0.59133047 0.30146754
vt 0.04356015 0.84602910
vt 0.04356015 0.84601915
vt 0.04356015 0.84602910
vt 0.55900931 0.39098680
vt 0.04356015 0.84602910
vt 0.04356015 0.84601915
vt 0.56289476 0.38874084
vt 0.56071275 0.38775581
vt 0.04357014 0.84602910
vt 0.04357014 0.84602910
vt 0.04357014 0.84602910
vt 0.56458032 0.38547254
vt 0.56071275 0.38775581
vt 0.04357014 0.84602910
vt 0.04356015 0.84601915
vt 0.04356015 0.84601915
vt 0.47377312 0.31379533
vt 0.47630849 0.31674421
vt 0.04356015 0.84602910
vt 0.04356015 0.84602910
vt 0.04356015 0.84601915
vt 0.04357014 0.84602910
vt 0.04356015 0.84602910
vt 0.04356015 0.84601915
vt 0.04356015 0.84601915
vt 0.04356015 0.84602910
vt 0.37532797 0.20285594
vt 0.34353399 0.19874173
vt 0.34352377 0.19999796
vt 0.31188703 0.19714850
vt 0.28192419 0.19748390
vt 0.04356015 0.84602910
vt 0.04356015 0.84602910
vt 0.04356015 0.84602910
vt 0.04356015 0.84601915
vt 0.04356015 0.84602910
vt 0.04356015 0.84602910
vt 0.04356015 0.84602910
vt 0.04356015 0.84601915
vt 0.04356015 0.84602910
vt 0.04357014 0.84602910
vt 0.55536342 0.39242816
vt 0.04356015 0.84601915
vt 0.04357014 0.84602910
vt 0.04356015 0.84602910
vt 0.56045860 0.36986196
vt 0.04357014 0.84602910
vt 0.04356015 0.84602910
vt 0.04356015 0.84602910
vt 0.04356015 0.84602910
vt 0.04356015 0.84602910
vt 0.04356015 0.84602910
vt 0.04356015 0.84602910
vt 0.04356015 0.84601915
vt 0.04357014 0.84602910
vt 0.51674533 0.22261679
vt 0.04356015 0.84602910
vt 0.04357014 0.84602910
vt 0.04356015 0.84601915
vt 0.04357014 0.84602910
vt 0.31784999 0.65625286
vt 0.04357014 0.84602910
vt 0.29952770 0.66998094
vt 0.57323754 0.23789883
vt 0.04356015 0.84601915
vt 0.04356015 0.84601915
vt 0.04356015 0.84602910
vt 0.04356015 0.84602910
vt 0.04356015 0.84602910
vt 0.04357014 0.84602910
vt 0.29438460 0.59761178
vt 0.04357014 0.84602910
vt 0.48063001 0.33231866
vt 0.47786427 0.34013939
vt 0.48235691 0.32139826
vt 0.14230692 0.54076165
vt 0.13312188 0.57244325
vt 0.13549170 0.54090822
vt 0.04357014 0.84602910
vt 0.14649166 0.50649047
vt 0.48149645 0.36464572
vt 0.48897603 0.32408476
vt 0.48614833 0.33424115
vt 0.04357014 0.84602910
vt 0.04357014 0.84602910
vt 0.04356015 0.84602910
vt 0.04356015 0.84602910
vt 0.04356015 0.84602910
vt 0.04356015 0.84602910
vt 0.04356015 0.84601915
vt 0.04356015 0.84602910
vt 0.10078806 0.49860197
vt 0.22877966 0.72705185
vt 0.24227898 0.71480715
vt 0.04356015 0.84602910
vt 0.16390963 0.30275065
vt 0.04356015 0.84602910
vt 0.04356015 0.84601915
vt 0.04357014 0.84602910
vt 0.04357014 0.84602910
vt 0.22877966 0.72705185
vt 0.24227899 0.71480727
vt 0.04356015 0.84602910
vt 0.04356015 0.84601915
vt 0.04356015 0.84601915
vt 0.04356015 0.84602910
vt 0.53222501 0.36771178
vt 0.53222501 0.36771178
vt 0.53222531 0.36771029
vt 0.04356015 0.84602910
vt 0.04357014 0.84602910
vt 0.04356015 0.84602910
vt 0.07849440 0.82541347
vt 0.04356015 0.84602910
vt 0.04357014 0.84602910
vt 0.31784999 0.65625286
vt 0.29952767 0.66998100
vt 0.41303805 0.50443077
vt 0.41924831 0.49788964
vt 0.42184994 0.50008976
vt 0.41640115 0.50830948
vt 0.62641579 0.29754794
vt 0.04357014 0.84602910
vt 0.04356015 0.84602910
vt 0.04356015 0.84601915
vt 0.04357014 0.84602910
vt 0.04357014 0.84602910
vt 0.04356015 0.84601915
vt 0.04357014 0.84602910
vt 0.04357014 0.84602910
vt 0.04356015 0.84602910
vt 0.04356015 0.84601915
vt 0.04356015 0.84602910
vt 0.04357014 0.84602910
vt 0.04357014 0.84602910
vt 0.04356015 0.84602910
vt 0.04357014 0.84602910
vt 0.04356015 0.84602910
vt 0.43849224 0.48619980
vt 0.43204829 0.49777055
vt 0.44422331 0.46905160
vt 0.45048714 0.44986075
vt 0.45918071 0.41234165
vt 0.45918071 0.41234165
vt 0.10078406 0.49860322
vt 0.04356015 0.84601915
vt 0.04356015 0.84602910
vt 0.04357014 0.84602910
vt 0.25943768 0.62605846
vt 0.04356015 0.84602910
vt 0.04357014 0.84602910
vt 0.04357014 0.84602910
vt 0.04357014 0.84602910
vt 0.04357014 0.84602910
vt 0.04356015 0.84601915
vt 0.04356015 0.84601915
vt 0.04356015 0.84602910
vt 0.04356015 0.84602910
vt 0.04356015 0.84602910
vt 0.04356015 0.84602910
vt 0.04356015 0.84602910
vt 0.04356015 0.84601915
vt 0.04356015 0.84602910
vt 0.04356015 0.84601915
vt 0.04357014 0.84602910
vt 0.15378390 0.78481185
vt 0.42395854 0.49356210
vt 0.04356015 0.84601915
vt 0.04356015 0.84601915
vt 0.43060556 0.47915846
vt 0.76354641 0.38237107
vt 0.73091465 0.38375884
vt 0.73172569 0.38512802
vt 0.70164746 0.33666527
vt 0.73225725 0.36346793
vt 0.73225707 0.36347026
vt 0.76354641 0.38237107
vt 0.04357014 0.84602910
vt 0.73091465 0.38375890
vt 0.04357014 0.84602910
vt 0.04357014 0.84602910
vt 0.04357014 0.84602910
vt 0.07290006 0.64485407
vt 0.04356015 0.84601915
vt 0.04356015 0.84602910
vt 0.04357014 0.84602910
vt 0.04357014 0.84602910
vt 0.04356015 0.84602910
vt 0.08742993 0.85077757
vt 0.04356015 0.84602910
vt 0.04356015 0.84601915
vt 0.04356015 0.84601915
vt 0.04356015 0.84602910
vt 0.04356015 0.84602910
vt 0.22819164 0.66308665
vt 0.22833197 0.66752845
vt 0.22833198 0.66752779
vt 0.04356015 0.84602910
vt 0.04356015 0.84601915
vt 0.04356015 0.84601915
vt 0.04357014 0.84602910
vt 0.04356015 0.84601915
vt 0.04357014 0.84602910
vt 0.04356015 0.84601915
vt 0.04356015 0.84602910
vt 0.04357014 0.84602910
vt 0.08177330 0.84083641
vt 0.08132588 0.81902719
vt 0.04356015 0.84602910
vt 0.47764552 0.34037292
vt 0.47824764 0.33992261
vt 0.48063058 0.33231556
vt 0.58774740 0.30019581
vt 0.58470440 0.30378604
vt 0.58192188 0.30708307
vt 0.15429097 0.69584429
vt 0.15992546 0.69430846
vt 0.15430096 0.69584429
vt 0.15992546 0.69430846
vt 0.15985981 0.69452506
vt 0.04356015 0.84602910
vt 0.15429097 0.69584429
vt 0.72182965 0.30704486
vt 0.77304786 0.31314391
vt 0.73865145 0.30901730
vt 0.04357014 0.84602910
vt 0.04356015 0.84602910
vt 0.61481124 0.29652655
vt 0.04356015 0.84602910
vt 0.04357014 0.84602910
vt 0.04357014 0.84602910
vt 0.04357014 0.84602910
vt 0.04356015 0.84601915
vt 0.04356015 0.84601915
vt 0.19765836 0.22529745
vt 0.04357014 0.84602910
vt 0.04356015 0.84602910
vt 0.04356015 0.84601915
vt 0.04356015 0.84601915
vt 0.04356015 0.84601915
vt 0.04356015 0.84602910
vt 0.12416419 0.40294433
vt 0.12458671 0.40334958
vt 0.13625069 0.36140752
vt 0.04356015 0.84602910
vt 0.04357014 0.84602910
vt 0.04356015 0.84601915
vt 0.04356015 0.84602910
vt 0.04356015 0.84601915
vt 0.08700130 0.83535737
vt 0.09988885 0.82990450
vt 0.09988886 0.82990468
vt 0.04356015 0.84602910
vt 0.04356015 0.84601915
vt 0.04356015 0.84601915
vt 0.04356015 0.84602910
vt 0.92026806 0.33485162
vt 0.80393100 0.32138473
vt 0.80415410 0.32023394
vt 0.80415416 0.32023394
vt 0.80393100 0.32138467
vt 0.04356015 0.84601915
vt 0.04356015 0.84602910
vt 0.04357014 0.84602910
vt 0.39107293 0.27822715
vt 0.48081115 0.29393387
vt 0.50568974 0.22971892
vt 0.39106902 0.27822673
vt 0.48081201 0.29393399
vt 0.04356015 0.84601915
vt 0.04356015 0.84601915
vt 0.04357014 0.84602910
vt 0.04357014 0.84602910
vt 0.04356015 0.84601915
vt 0.18914995 0.25838596
vt 0.18914993 0.25838596
vt 0.34587035 0.21808350
vt 0.34347251 0.20760000
vt 0.34586617 0.21808350
vt 0.34347251 0.20760000
vt 0.04357014 0.84602910
vt 0.04356015 0.84601915
vt 0.04356015 0.84602910
vt 0.04356015 0.84601915
vt 0.04357014 0.84602910
vt 0.04357014 0.84602910
vt 0.04357014 0.84602910
vt 0.04356015 0.84601915
vt 0.04356015 0.84601915
vt 0.13065191 0.41135758
vt 0.04356015 0.84602910
vt 0.04357014 0.84602910
vt 0.04357014 0.84602910
vt 0.04356015 0.84602910
vt 0.04357014 0.84602910
vt 0.04356015 0.84602910
vt 0.04357014 0.84602910
vt 0.04357014 0.84602910
vt 0.10093430 0.49862719
vt 0.08953564 0.54931843
vt 0.48068458 0.31217211
vt 0.47896343 0.31402326
vt 0.48527500 0.30620283
vt 0.48091879 0.30278516
vt 0.04357014 0.84602910
vt 0.04356015 0.84602910
vt 0.04356015 0.84601915
vt 0.04356015 0.84602910
vt 0.04356015 0.84601915
vt 0.04356015 0.84602910
vt 0.04356015 0.84602910
vt 0.04357014 0.84602910
vt 0.04356015 0.84601915
vt 0.07604027 0.64395922
vt 0.06682850 0.68587005
vt 0.06822042 0.68529832
vt 0.09620167 0.55009186
vt 0.08412206 0.59758413
vt 0.08556508 0.59821463
vt 0.10840584 0.50278497
vt 0.04357014 0.84602910
vt 0.12890683 0.40809786
vt 0.04356015 0.84601915
vt 0.10840536 0.50278479
vt 0.04357014 0.84602910
vt 0.04357014 0.84602910
vt 0.04356015 0.84601915
vt 0.14781098 0.69825542
vt 0.34614313 0.28066486
vt 0.34445849 0.28534365
vt 0.04356015 0.84602910
vt 0.26000857 0.28222126
vt 0.26372281 0.27838618
vt 0.26000857 0.28222126
vt 0.26372245 0.27838540
vt 0.34445849 0.28534359
vt 0.34614316 0.28066552
vt 0.04356015 0.84602910
vt 0.04356015 0.84602910
vt 0.04356015 0.84602910
vt 0.87527990 0.37569577
vt 0.04357014 0.84602910
vt 0.04357014 0.84602910
vt 0.04356015 0.84602910
vt 0.04356015 0.84601915
vt 0.15228091 0.33314085
vt 0.14086601 0.36863184
vt 0.04356015 0.84601915
vt 0.04357014 0.84602910
vt 0.04356015 0.84602910
vt 0.04356015 0.84601915
vt 0.04356015 0.84602910
vt 0.04356015 0.84601915
vt 0.04357014 0.84602910
vt 0.05398818 0.76079059
vt 0.05398818 0.76079059
vt 0.04356015 0.84601915
vt 0.08181731 0.80504769
vt 0.04357014 0.84602910
vt 0.04356015 0.84601915
vt 0.04356015 0.84602910
vt 0.04356015 0.84602910
vt 0.04356015 0.84602910
vt 0.04357014 0.84602910
vt 0.04357014 0.84602910
vt 0.04356015 0.84602910
vt 0.04356015 0.84601915
vt 0.39532527 0.51898313
vt 0.04356015 0.84602910
vt 0.04357014 0.84602910
vt 0.04356015 0.84601915
vt 0.15927741 0.71795130
vt 0.14361194 0.74388647
vt 0.11753554 0.80902052
vt 0.10788070 0.79393661
vt 0.04357014 0.84602910
vt 0.04356015 0.84602910
vt 0.04356015 0.84602910
vt 0.04356015 0.84602910
vt 0.04356015 0.84601915
vt 0.06085257 0.79365677
vt 0.06541375 0.80772102
vt 0.07079099 0.81946462
vt 0.07628903 0.83033377
vt 0.50966185 0.44754612
vt 0.21560749 0.73040968
vt 0.21569154 0.73394817
vt 0.04356015 0.84602910
vt 0.04356015 0.84601915
vt 0.04356015 0.84601915
vt 0.04356015 0.84602910
vt 0.07286463 0.81514966
vt 0.04357014 0.84602910
vt 0.52423835 0.23206580
vt 0.51240200 0.22939765
vt 0.51728642 0.23533469
vt 0.52733499 0.23456246
vt 0.12835886 0.68746912
vt 0.13141303 0.69410813
vt 0.13558093 0.68398392
vt 0.12835886 0.68746912
vt 0.13060650 0.69655001
vt 0.13558093 0.68398392
vt 0.17072012 0.26382816
vt 0.15908350 0.29126936
vt 0.04356015 0.84602910
vt 0.04357014 0.84602910
vt 0.04356015 0.84601915
vt 0.04356015 0.84601915
vt 0.04356015 0.84602910
vt 0.04356015 0.84601915
vt 0.04357014 0.84602910
vt 0.04356015 0.84602910
vt 0.04356015 0.84602910
vt 0.04356015 0.84601915
vt 0.04356015 0.84602910
vt 0.04357014 0.84602910
vt 0.04356015 0.84601915
vt 0.04356015 0.84601915
vt 0.23420949 0.28538680
vt 0.22459653 0.29171276
vt 0.04357014 0.84602910
vt 0.04356015 0.84601915
vt 0.07628904 0.83033371
vt 0.07079083 0.81946492
vt 0.06085283 0.79365635
vt 0.06541376 0.80772102
vt 0.04356015 0.84601915
vt 0.04357014 0.84602910
vt 0.04357014 0.84602910
vt 0.04357014 0.84602910
vt 0.04357014 0.84602910
vt 0.04356015 0.84601915
vt 0.04356015 0.84602910
vt 0.04356015 0.84602910
vt 0.04357014 0.84602910
vt 0.04357014 0.84602910
vt 0.04357014 0.84602910
vt 0.04356015 0.84602910
vt 0.24700752 0.63412607
vt 0.25027761 0.63165009
vt 0.27169985 0.61503869
vt 0.04356015 0.84602910
vt 0.04356015 0.84602910
vt 0.04356015 0.84601915
vt 0.92026764 0.33485168
vt 0.91685820 0.33582288
vt 0.91633493 0.33638591
vt 0.04356015 0.84602910
vt 0.04357014 0.84602910
vt 0.04356015 0.84602910
vt 0.04357014 0.84602910
vt 0.17553334 0.40948105
vt 0.04356015 0.84601915
vt 0.04356015 0.84602910
vt 0.04357014 0.84602910
vt 0.04356015 0.84601915
vt 0.04357014 0.84602910
vt 0.07616692 0.83062106
vt 0.04356015 0.84601915
vt 0.04356015 0.84601915
vt 0.04357014 0.84602910
vt 0.04357014 0.84602910
vt 0.04356015 0.84601915
vt 0.04357014 0.84602910
vt 0.04356015 0.84602910
vt 0.04356015 0.84602910
vt 0.47817191 0.32059848
vt 0.47639775 0.31662577
vt 0.48007980 0.32441199
vt 0.47929221 0.32550281
vt 0.48064733 0.32427704
vt 0.48110563 0.31776905
vt 0.04357014 0.84602910
vt 0.04356015 0.84602910
vt 0.04356015 0.84602910
vt 0.04356015 0.84601915
vt 0.04356015 0.84601915
vt 0.04356015 0.84602910
vt 0.04356015 0.84601915
vt 0.06177728 0.74719608
vt 0.06370144 0.72008204
vt 0.04356015 0.84601915
vt 0.04356015 0.84601915
vt 0.04356015 0.84601915
vt 0.04356015 0.84602910
vt 0.04356015 0.84601915
vt 0.04357014 0.84602910
vt 0.17799853 0.68584216
vt 0.57115620 0.33244097
vt 0.57467693 0.32049519
vt 0.04356015 0.84602910
vt 0.57467687 0.32049555
vt 0.45710874 0.54439950
vt 0.46651101 0.53446394
vt 0.47545844 0.52349937
vt 0.45710874 0.54439950
vt 0.47545844 0.52349937
vt 0.41653094 0.51576346
vt 0.38752890 0.54005492
vt 0.35150510 0.57245731
vt 0.41652972 0.51576453
vt 0.38752452 0.54005849
vt 0.35150510 0.57245737
vt 0.04356015 0.84601915
vt 0.04357014 0.84602910
vt 0.04357014 0.84602910
vt 0.04356015 0.84602910
vt 0.04357014 0.84602910
vt 0.04357014 0.84602910
vt 0.04357014 0.84602910
vt 0.04357014 0.84602910
vt 0.04356015 0.84602910
vt 0.04356015 0.84601915
vt 0.04356015 0.84602910
vt 0.04356015 0.84601915
vt 0.04357014 0.84602910
vt 0.04357014 0.84602910
vt 0.26956964 0.69046342
vt 0.04356015 0.84601915
vt 0.25594318 0.70371777
vt 0.45670703 0.41274196
vt 0.45918071 0.41234165
vt 0.46306276 0.39701164
vt 0.04356015 0.84602910
vt 0.25569218 0.70048022
vt 0.25594318 0.70371783
vt 0.20391826 0.66982508
vt 0.17825097 0.68877518
vt 0.04356015 0.84602910
vt 0.34353599 0.19850534
vt 0.63259113 0.30386281
vt 0.64534998 0.30614692
vt 0.63259184 0.30386287
vt 0.64534998 0.30614680
vt 0.04356015 0.84602910
vt 0.04357014 0.84602910
vt 0.04356015 0.84601915
vt 0.04356015 0.84602910
vt 0.04356015 0.84601915
vt 0.04357014 0.84602910
vt 0.04356015 0.84602910
vt 0.40509275 0.21216083
vt 0.43310931 0.21587300
vt 0.43284369 0.21747398
vt 0.43439648 0.21008724
vt 0.04357014 0.84602910
vt 0.04356015 0.84602910
vt 0.04356015 0.84601915
vt 0.04357014 0.84602910
vt 0.04356015 0.84602910
vt 0.04357014 0.84602910
vt 0.04356015 0.84602910
vt 0.04357014 0.84602910
vt 0.04356015 0.84602910
vt 0.04357014 0.84602910
vt 0.04356015 0.84602910
vt 0.16544004 0.77505177
vt 0.04356015 0.84602910
vt 0.04356015 0.84601915
vt 0.04356015 0.84601915
vt 0.04356015 0.84602910
vt 0.04357014 0.84602910
vt 0.04356015 0.84602910
vt 0.04356015 0.84601915
vt 0.65874439 0.30045271
vt 0.04356015 0.84602910
vt 0.04357014 0.84602910
vt 0.04357014 0.84602910
vt 0.04356015 0.84602910
vt 0.04356015 0.84601915
vt 0.04356015 0.84602910
vt 0.04357014 0.84602910
vt 0.58147800 0.30239844
vt 0.04356015 0.84601915
vt 0.58147806 0.30239844
vt 0.04357014 0.84602910
vt 0.04356015 0.84602910
vt 0.04357014 0.84602910
vt 0.04356015 0.84601915
vt 0.04356015 0.84602910
vt 0.04357014 0.84602910
vt 0.04357014 0.84602910
vt 0.04357014 0.84602910
vt 0.04357014 0.84602910
vt 0.04356015 0.84601915
vt 0.04357014 0.84602910
vt 0.11753554 0.80902052
vt 0.10668688 0.82023895
vt 0.04356015 0.84602910
vt 0.04357014 0.84602910
vt 0.04357014 0.84602910
vt 0.04356015 0.84602910
vt 0.04356015 0.84601915
vt 0.04357014 0.84602910
vt 0.04356015 0.84602910
vt 0.26459742 0.62779373
vt 0.24616209 0.64199710
vt 0.23362294 0.64935786
vt 0.28211632 0.20058000
vt 0.04356015 0.84602910
vt 0.04356015 0.84602910
vt 0.04356015 0.84601915
vt 0.04356015 0.84602910
vt 0.04356015 0.84601915
vt 0.04356015 0.84601915
vt 0.04356015 0.84602910
vt 0.04357014 0.84602910
vt 0.04356015 0.84601915
vt 0.04357014 0.84602910
vt 0.04357014 0.84602910
vt 0.04356015 0.84602910
vt 0.04356015 0.84601915
vt 0.04357014 0.84602910
vt 0.27235192 0.61760265
vt 0.28688353 0.60834098
vt 0.27927268 0.61645043
vt 0.15078503 0.32956016
vt 0.04357014 0.84602910
vt 0.04356015 0.84602910
vt 0.04356015 0.84601915
vt 0.04356015 0.84601915
vt 0.04357014 0.84602910
vt 0.04357014 0.84602910
vt 0.04357014 0.84602910
vt 0.04356015 0.84602910
vt 0.04356015 0.84601915
vt 0.04356015 0.84601915
vt 0.04357014 0.84602910
vt 0.53553295 0.36592120
vt 0.04356015 0.84601915
vt 0.04356015 0.84601915
vt 0.56934547 0.38667560
vt 0.56934637 0.38667566
vt 0.57004207 0.38207847
vt 0.04357014 0.84602910
vt 0.04356015 0.84602910
vt 0.04357014 0.84602910
vt 0.04356015 0.84601915
vt 0.04356015 0.84602910
vt 0.04356015 0.84601915
vt 0.04356015 0.84601915
vt 0.04356015 0.84602910
vt 0.04356015 0.84602910
vt 0.04356015 0.84601915
vt 0.04357014 0.84602910
vt 0.04356015 0.84602910
vt 0.04356015 0.84602910
vt 0.04356015 0.84602910
vt 0.47592714 0.31136572
vt 0.47757292 0.31546652
vt 0.47404566 0.31350553
vt 0.60838723 0.30219764
vt 0.60225648 0.30334538
vt 0.60838825 0.30219764
vt 0.59133053 0.30146754
vt 0.60225648 0.30334538
vt 0.04357014 0.84602910
vt 0.04356015 0.84602910
vt 0.04356015 0.84601915
vt 0.04356015 0.84602910
vt 0.04356015 0.84602910
vt 0.04356015 0.84601915
vt 0.04356015 0.84602910
vt 0.04356015 0.84601915
vt 0.04356015 0.84601915
vt 0.04356015 0.84601915
vt 0.04356015 0.84602910
vt 0.04356015 0.84601915
vt 0.04357014 0.84602910
vt 0.43310928 0.21587318
vt 0.40509275 0.21216083
vt 0.43284369 0.21747398
vt 0.43439651 0.21008724
vt 0.24356326 0.19202888
vt 0.04356015 0.84602910
vt 0.04356015 0.84602910
vt 0.44625828 0.44818795
vt 0.44769689 0.44850409
vt 0.04357014 0.84602910
vt 0.04357014 0.84602910
vt 0.04356015 0.84602910
vt 0.04356015 0.84602910
vt 0.04356015 0.84602910
vt 0.04357014 0.84602910
vt 0.04356015 0.84601915
vt 0.04356015 0.84601915
vt 0.04356015 0.84601915
vt 0.04357014 0.84602910
vt 0.04356015 0.84601915
vt 0.04356015 0.84601915
vt 0.45063400 0.42985177
vt 0.50173444 0.37777030
vt 0.04356015 0.84602910
vt 0.51800013 0.40954739
vt 0.50173235 0.37776965
vt 0.52333564 0.39858890
vt 0.04357014 0.84602910
vt 0.04357014 0.84602910
vt 0.04357014 0.84602910
vt 0.04356015 0.84602910
vt 0.04356015 0.84602910
vt 0.04356015 0.84602910
vt 0.04357014 0.84602910
vt 0.04357014 0.84602910
vt 0.49439713 0.48392743
vt 0.04356015 0.84601915
vt 0.04356015 0.84601915
vt 0.05089656 0.76277208
vt 0.04356015 0.84602910
vt 0.04356015 0.84602910
vt 0.24788460 0.27838057
vt 0.22247151 0.28849900
vt 0.31430161 0.28416562
vt 0.42565027 0.29021537
vt 0.42376572 0.29221994
vt 0.42564932 0.29021519
vt 0.42375794 0.29221874
vt 0.47124797 0.30314559
vt 0.04357014 0.84602910
vt 0.04356015 0.84602910
vt 0.04356015 0.84601915
vt 0.04356015 0.84602910
vt 0.04356015 0.84601915
vt 0.84307122 0.32279903
vt 0.77846116 0.31294429
vt 0.84307081 0.32279897
vt 0.77304786 0.31314391
vt 0.77846116 0.31294429
vt 0.72183257 0.30704516
vt 0.04356015 0.84601915
vt 0.04356015 0.84602910
vt 0.04357014 0.84602910
vt 0.77900904 0.38295096
vt 0.64940959 0.29942906
vt 0.72278327 0.30724406
vt 0.04356015 0.84601915
vt 0.18790652 0.75779974
vt 0.17516181 0.76798970
vt 0.18774439 0.75354671
vt 0.50880975 0.44340789
vt 0.04356015 0.84602910
vt 0.56045860 0.36986196
vt 0.56045860 0.36986196
vt 0.04357014 0.84602910
vt 0.22906496 0.72399616
vt 0.04357014 0.84602910
vt 0.21569154 0.73394817
vt 0.04356015 0.84602910
vt 0.04357014 0.84602910
vt 0.04357014 0.84602910
vt 0.21962035 0.29880643
vt 0.04356015 0.84602910
vt 0.12452790 0.77320707
vt 0.13726836 0.77780950
vt 0.15171459 0.72050834
vt 0.14896969 0.74664283
vt 0.55671573 0.23391449
vt 0.55011398 0.24098432
vt 0.55011398 0.24098432
vt 0.55671579 0.23391443
vt 0.04357014 0.84602910
vt 0.04356015 0.84602910
vt 0.45556375 0.30249608
vt 0.04357014 0.84602910
vt 0.04357014 0.84602910
vt 0.04356015 0.84601915
vt 0.04357014 0.84602910
vt 0.04356015 0.84601915
vt 0.17516181 0.76798970
vt 0.18790652 0.75779974
vt 0.18774447 0.75354707
vt 0.04356015 0.84602910
vt 0.04357014 0.84602910
vt 0.04357014 0.84602910
vt 0.04356015 0.84601915
vt 0.04356015 0.84602910
vt 0.04356015 0.84602910
vt 0.04357014 0.84602910
vt 0.45743245 0.43099916
vt 0.46120042 0.42920393
vt 0.47204927 0.39102471
vt 0.47356996 0.39180225
vt 0.04356015 0.84602910
vt 0.04356015 0.84601915
vt 0.04356015 0.84601915
vt 0.54726756 0.32264340
vt 0.04356015 0.84601915
vt 0.04357014 0.84602910
vt 0.47379503 0.31376272
vt 0.47376314 0.31379539
vt 0.04357014 0.84602910
vt 0.04356015 0.84601915
vt 0.04357014 0.84602910
vt 0.48243240 0.33674419
vt 0.48377195 0.32821667
vt 0.48190454 0.32977355
vt 0.04357014 0.84602910
vt 0.04356015 0.84602910
vt 0.04356015 0.84601915
vt 0.04356015 0.84602910
vt 0.04357014 0.84602910
vt 0.04356015 0.84602910
vt 0.04356015 0.84602910
vt 0.04356015 0.84602910
vt 0.60494959 0.38886613
vt 0.04357014 0.84602910
vt 0.04356015 0.84601915
vt 0.04356015 0.84601915
vt 0.04356015 0.84602910
vt 0.04357014 0.84602910
vt 0.04357014 0.84602910
vt 0.04356015 0.84602910
vt 0.04357014 0.84602910
vt 0.04357014 0.84602910
vt 0.04356015 0.84602910
vt 0.04357014 0.84602910
vt 0.04356015 0.84602910
vt 0.04356015 0.84601915
vt 0.04357014 0.84602910
vt 0.04357014 0.84602910
vt 0.04356015 0.84602910
vt 0.04356015 0.84601915
vt 0.04357014 0.84602910
vt 0.04356015 0.84602910
vt 0.41980278 0.49833506
vt 0.41467163 0.50551116
vt 0.39660388 0.51853371
vt 0.65874439 0.30045271
vt 0.67250592 0.30344331
vt 0.64562041 0.30253774
vt 0.64562041 0.30253774
vt 0.62641579 0.29754794
vt 0.67250592 0.30344331
vt 0.15651673 0.70455205
vt 0.15070923 0.70532668
vt 0.17155729 0.69508213
vt 0.15070921 0.70532668
vt 0.15651673 0.70455205
vt 0.04357014 0.84602910
vt 0.04356015 0.84602910
vt 0.04357014 0.84602910
vt 0.04357014 0.84602910
vt 0.21482222 0.30459929
vt 0.22374563 0.29141104
vt 0.22374561 0.29141116
vt 0.04356015 0.84601915
vt 0.04357014 0.84602910
vt 0.04357014 0.84602910
vt 0.04356015 0.84602910
vt 0.04357014 0.84602910
vt 0.04356015 0.84602910
vt 0.04357014 0.84602910
vt 0.04356015 0.84602910
vt 0.04356015 0.84601915
vt 0.54230213 0.34489125
vt 0.04357014 0.84602910
vt 0.53765023 0.36677903
vt 0.04356015 0.84601915
vt 0.06682885 0.68586981
vt 0.04356015 0.84601915
vt 0.04356015 0.84601915
vt 0.04356015 0.84602910
vt 0.38647491 0.52764666
vt 0.31580538 0.58255839
vt 0.29552051 0.60390675
vt 0.27235067 0.61760366
vt 0.22720863 0.29432517
vt 0.21906641 0.30607378
vt 0.22632881 0.29233843
vt 0.22720863 0.29432517
vt 0.22632881 0.29233843
vt 0.21906643 0.30607378
vt 0.13617574 0.70939159
vt 0.13617574 0.70939159
vt 0.13617893 0.70939505
vt 0.17939058 0.41173768
vt 0.17076936 0.44317162
vt 0.17939058 0.41173768
vt 0.17939058 0.41173768
vt 0.17076939 0.44317156
vt 0.17939058 0.41173768
vt 0.04357014 0.84602910
vt 0.04357014 0.84602910
vt 0.04357014 0.84602910
vt 0.04356015 0.84602910
vt 0.82144582 0.37553328
vt 0.04356015 0.84601915
vt 0.89902145 0.36326092
vt 0.90563774 0.33538330
vt 0.90616769 0.33481771
vt 0.91633511 0.33638591
vt 0.91333669 0.33863544
vt 0.91333669 0.33863544
vt 0.90616763 0.33481771
vt 0.90563661 0.33538318
vt 0.04356015 0.84602910
vt 0.04357014 0.84602910
vt 0.04356015 0.84601915
vt 0.04356015 0.84601915
vt 0.59200215 0.29542357
vt 0.59148514 0.29540163
vt 0.61854643 0.29686391
vt 0.04356015 0.84602910
vt 0.58466220 0.29798508
vt 0.36033368 0.55853432
vt 0.34246323 0.57010496
vt 0.31889108 0.58592510
vt 0.48190451 0.32977355
vt 0.48755968 0.32514775
vt 0.30012557 0.59306777
vt 0.30109125 0.59234798
vt 0.34233370 0.56060314
vt 0.06257513 0.74634433
vt 0.06257513 0.74634433
vt 0.47831610 0.32040709
vt 0.47933939 0.32538044
vt 0.47636056 0.31670213
vt 0.82010072 0.37887323
vt 0.04357014 0.84602910
vt 0.82010061 0.37887365
vt 0.04357014 0.84602910
vt 0.04356015 0.84601915
vt 0.04356015 0.84601915
vt 0.31404996 0.28358608
vt 0.31404996 0.28358608
vt 0.04356015 0.84602910
vt 0.04356015 0.84601915
vt 0.04356015 0.84602910
vt 0.31404990 0.28358603
vt 0.31404990 0.28358603
vt 0.04357014 0.84602910
vt 0.04356015 0.84602910
vt 0.04356015 0.84602910
vt 0.04357014 0.84602910
vt 0.04356015 0.84601915
vt 0.04356015 0.84602910
vt 0.04357014 0.84602910
vt 0.04357014 0.84602910
vt 0.04356015 0.84601915
vt 0.04357014 0.84602910
vt 0.04357014 0.84602910
vt 0.04357014 0.84602910
vt 0.04357014 0.84602910
vt 0.04357014 0.84602910
vt 0.04357014 0.84602910
vt 0.04357014 0.84602910
vt 0.41980278 0.49833506
vt 0.41467169 0.50551116
vt 0.04356015 0.84602910
vt 0.04356015 0.84601915
vt 0.31390116 0.59434044
vt 0.04356015 0.84602910
vt 0.04356015 0.84601915
vt 0.04356015 0.84602910
vt 0.04357014 0.84602910
vt 0.04356015 0.84601915
vt 0.04356015 0.84602910
vt 0.04356015 0.84602910
vt 0.04356015 0.84601915
vt 0.56248796 0.25295830
vt 0.42779377 0.49188334
vt 0.41980278 0.49833506
vt 0.41980278 0.49833506
vt 0.42779383 0.49188334
vt 0.04357014 0.84602910
vt 0.04356015 0.84601915
vt 0.09791871 0.55077469
vt 0.04357014 0.84602910
vt 0.04356015 0.84602910
vt 0.13581029 0.34615171
vt 0.04357014 0.84602910
vt 0.04356015 0.84602910
vt 0.04356015 0.84601915
vt 0.04357014 0.84602910
vt 0.04356015 0.84601915
vt 0.45090422 0.42930436
vt 0.04356015 0.84601915
vt 0.04356015 0.84601915
vt 0.04356015 0.84601915
vt 0.04356015 0.84601915
vt 0.04356015 0.84602910
vt 0.04356015 0.84601915
vt 0.04357014 0.84602910
vt 0.12262335 0.65756083
vt 0.12613165 0.66146898
vt 0.12559955 0.67108405
vt 0.12599729 0.68049562
vt 0.04356015 0.84601915
vt 0.12613165 0.66146898
vt 0.12559955 0.67108405
vt 0.12413134 0.67326069
vt 0.59798777 0.38469940
vt 0.60535854 0.38457859
vt 0.56814009 0.38560545
vt 0.56814009 0.38560545
vt 0.04357014 0.84602910
vt 0.59798777 0.38469940
vt 0.04357014 0.84602910
vt 0.04356015 0.84601915
vt 0.04356015 0.84602910
vt 0.04356015 0.84601915
vt 0.04356015 0.84601915
vt 0.13002394 0.80253524
vt 0.13726728 0.77781248
vt 0.12162930 0.79905665
vt 0.16288747 0.47524083
vt 0.16202806 0.47186083
vt 0.16288745 0.47524071
vt 0.16202743 0.47185898
vt 0.04356015 0.84601915
vt 0.04356015 0.84601915
vt 0.04356015 0.84601915
vt 0.04356015 0.84602910
vt 0.12827718 0.57474780
vt 0.11369126 0.61335295
vt 0.11893746 0.65953922
vt 0.12128603 0.66462761
vt 0.11957862 0.68487859
vt 0.12054457 0.57930046
vt 0.12054457 0.57930046
vt 0.04356015 0.84602910
vt 0.04357014 0.84602910
vt 0.04356015 0.84601909
vt 0.04356015 0.84601915
vt 0.13082539 0.63544238
vt 0.13250297 0.61467338
vt 0.12875338 0.65129638
vt 0.12976795 0.63529861
vt 0.12971433 0.65088665
vt 0.13082537 0.63544232
vt 0.13250235 0.61467320
vt 0.13250235 0.61467320
vt 0.04356015 0.84602910
vt 0.51660633 0.22283107
vt 0.48377168 0.21632415
vt 0.04356015 0.84602910
vt 0.04356015 0.84601915
vt 0.04356015 0.84601915
vt 0.04356015 0.84601915
vt 0.04357014 0.84602910
vt 0.04357014 0.84602910
vt 0.10840536 0.50278479
vt 0.04356015 0.84601915
vt 0.04357014 0.84602910
vt 0.04356015 0.84602910
vt 0.04356015 0.84602910
vt 0.09791871 0.55077469
vt 0.04356015 0.84602910
vt 0.26391795 0.28147769
vt 0.24670450 0.28135216
vt 0.32675755 0.28247654
vt 0.28714523 0.28098929
vt 0.56052858 0.36981785
vt 0.56416821 0.35733294
vt 0.55334628 0.39481777
vt 0.04356015 0.84601915
vt 0.04356015 0.84601915
vt 0.13127068 0.67184037
vt 0.12899756 0.66392863
vt 0.13127063 0.67184043
vt 0.04356015 0.84602910
vt 0.18729764 0.68890321
vt 0.18729764 0.68890321
vt 0.18729167 0.68890774
vt 0.19049694 0.68874139
vt 0.04356015 0.84601915
vt 0.04357014 0.84602910
vt 0.04356015 0.84602910
vt 0.04357014 0.84602910
vt 0.04356015 0.84601915
vt 0.40887728 0.24887770
vt 0.45956370 0.28849339
vt 0.45956492 0.28849363
vt 0.04356015 0.84602910
vt 0.04356015 0.84601915
vt 0.16798253 0.70749849
vt 0.16620183 0.71467215
vt 0.16620217 0.71467090
vt 0.55333620 0.39481777
vt 0.89143026 0.37450284
vt 0.89142984 0.37450320
vt 0.04356015 0.84602910
vt 0.04356015 0.84602910
vt 0.04356015 0.84602910
vt 0.04356015 0.84601915
vt 0.04357014 0.84602910
vt 0.04356015 0.84601915
vt 0.13581029 0.34615171
vt 0.04356015 0.84602910
vt 0.04356015 0.84601915
vt 0.04356015 0.84601915
vt 0.04356015 0.84601915
vt 0.04357014 0.84602910
vt 0.04356015 0.84601915
vt 0.04356015 0.84602910
vt 0.04356015 0.84602910
vt 0.04357014 0.84602910
vt 0.04357014 0.84602910
vt 0.04356015 0.84602910
vt 0.04357014 0.84602910
vt 0.12966707 0.68464619
vt 0.12599729 0.68049562
vt 0.06822048 0.68529832
vt 0.04357014 0.84602910
vt 0.04356015 0.84602910
vt 0.04356015 0.84602910
vt 0.04356015 0.84602910
vt 0.04356015 0.84601915
vt 0.04357014 0.84602910
vt 0.04356015 0.84602910
vt 0.04356015 0.84602910
vt 0.04357014 0.84602910
vt 0.39120018 0.52245718
vt 0.04356015 0.84602910
vt 0.04357014 0.84602910
vt 0.04356015 0.84602910
vt 0.04356015 0.84601915
vt 0.04356015 0.84602910
vt 0.04357014 0.84602910
vt 0.04356015 0.84602910
vt 0.04356015 0.84602910
vt 0.04357014 0.84602910
vt 0.04356015 0.84601915
vt 0.04356015 0.84602910
vt 0.04356015 0.84601915
vt 0.64941269 0.29942942
vt 0.70415741 0.30516267
vt 0.64585638 0.29924411
vt 0.46074528 0.41219258
vt 0.45918071 0.41234165
vt 0.04357014 0.84602910
vt 0.04356015 0.84601915
vt 0.04356015 0.84601915
vt 0.04357014 0.84602910
vt 0.04356015 0.84602910
vt 0.13753884 0.59176433
vt 0.13753797 0.59176284
vt 0.04357014 0.84602910
vt 0.04356015 0.84602910
vt 0.04356015 0.84602910
vt 0.04356015 0.84602910
vt 0.04356015 0.84601915
vt 0.04357014 0.84602910
vt 0.04357014 0.84602910
vt 0.04356015 0.84602910
vt 0.88768566 0.37515378
vt 0.04356015 0.84602910
vt 0.04356015 0.84602910
vt 0.04356015 0.84601915
vt 0.04356015 0.84601915
vt 0.26477563 0.62997770
vt 0.25144359 0.64026177
vt 0.26494950 0.63208473
vt 0.27962595 0.62074614
vt 0.04356015 0.84602910
vt 0.04357014 0.84602910
vt 0.04356015 0.84602910
vt 0.04357014 0.84602910
vt 0.04356015 0.84602910
vt 0.11815875 0.81197774
vt 0.04356015 0.84601915
vt 0.11753560 0.80902046
vt 0.09664750 0.82424277
vt 0.10668688 0.82023895
vt 0.04356015 0.84601915
vt 0.04356015 0.84602910
vt 0.04356015 0.84601915
vt 0.04357014 0.84602910
vt 0.04357014 0.84602910
vt 0.16492911 0.30521083
vt 0.04356015 0.84601915
vt 0.04357014 0.84602910
vt 0.04357014 0.84602910
vt 0.25575963 0.20644385
vt 0.23502594 0.22076935
vt 0.04357014 0.84602910
vt 0.04356015 0.84602910
vt 0.04357014 0.84602910
vt 0.04356015 0.84602910
vt 0.04357014 0.84602910
vt 0.04356015 0.84601915
vt 0.04356015 0.84602910
vt 0.04356015 0.84601915
vt 0.04356015 0.84602910
vt 0.04356015 0.84602910
vt 0.04356015 0.84601915
vt 0.04356015 0.84601915
vt 0.04357014 0.84602910
vt 0.04356015 0.84602910
vt 0.04356015 0.84602910
vt 0.04357014 0.84602910
vt 0.04357014 0.84602910
vt 0.04356015 0.84602910
vt 0.04356015 0.84602910
vt 0.04357014 0.84602910
vt 0.04356015 0.84602910
vt 0.04357014 0.84602910
vt 0.04356015 0.84602910
vt 0.82134002 0.37596309
vt 0.87351263 0.37443596
vt 0.87626469 0.37418044
vt 0.87351274 0.37443602
vt 0.87626469 0.37418044
vt 0.82133979 0.37596303
vt 0.48962623 0.22977531
vt 0.40485281 0.21519101
vt 0.44374871 0.22222364
vt 0.44430616 0.22062355
vt 0.48962593 0.22977525
vt 0.40485281 0.21519101
vt 0.44430017 0.22062266
vt 0.44374204 0.22222251
vt 0.46721601 0.40218502
vt 0.46120468 0.42919153
vt 0.45140904 0.45104873
vt 0.04357014 0.84602910
vt 0.04357014 0.84602910
vt 0.04357014 0.84602910
vt 0.04357014 0.84602910
vt 0.04356015 0.84602910
vt 0.04356015 0.84601915
vt 0.43643412 0.48304963
vt 0.42903769 0.49300647
vt 0.44335374 0.46771377
vt 0.20379537 0.67408836
vt 0.71780276 0.38202518
vt 0.04357014 0.84602910
vt 0.90209699 0.35772413
vt 0.04357014 0.84602910
vt 0.90209699 0.35772413
vt 0.90477818 0.35795969
vt 0.04356015 0.84601915
vt 0.04356015 0.84601915
vt 0.04356015 0.84602910
vt 0.04356015 0.84602910
vt 0.71780485 0.38202506
vt 0.04356015 0.84601915
vt 0.04357014 0.84602910
vt 0.04356015 0.84602910
vt 0.04356015 0.84602910
vt 0.04356015 0.84601915
vt 0.04356015 0.84602910
vt 0.04356015 0.84602910
vt 0.04357014 0.84602910
vt 0.04357014 0.84602910
vt 0.04357014 0.84602910
vt 0.04356015 0.84602910
vt 0.04356015 0.84602910
vt 0.34347749 0.20902520
vt 0.34349144 0.21070629
vt 0.38596606 0.21474874
vt 0.31216478 0.20742118
vt 0.34347749 0.20902526
vt 0.38596213 0.21474832
vt 0.34349144 0.21070629
vt 0.31216478 0.20742112
vt 0.04356015 0.84601915
vt 0.04356015 0.84601915
vt 0.04357014 0.84602910
vt 0.91779435 0.33629805
vt 0.04356015 0.84601915
vt 0.28357473 0.67803264
vt 0.29651546 0.67544621
vt 0.04356015 0.84602910
vt 0.04356015 0.84601915
vt 0.04357014 0.84602910
vt 0.04357014 0.84602910
vt 0.58466727 0.30224234
vt 0.58764088 0.30180317
vt 0.59140712 0.30052584
vt 0.60267335 0.30095994
vt 0.04356015 0.84602910
vt 0.04357014 0.84602910
vt 0.04356015 0.84602910
vt 0.04357014 0.84602910
vt 0.61106580 0.30843210
vt 0.04357014 0.84602910
vt 0.04356015 0.84601915
vt 0.33781883 0.64392006
vt 0.04357014 0.84602910
vt 0.04357014 0.84602910
vt 0.04356015 0.84601915
vt 0.04356015 0.84602910
vt 0.04356015 0.84602910
vt 0.04356015 0.84601915
vt 0.04356015 0.84601915
vt 0.04356015 0.84602910
vt 0.04356015 0.84601915
vt 0.04356015 0.84602910
vt 0.04356015 0.84602910
vt 0.04357014 0.84602910
vt 0.04357014 0.84602910
vt 0.04357014 0.84602910
vt 0.34353599 0.19850534
vt 0.12416440 0.40294462
vt 0.13625050 0.36140728
vt 0.12458659 0.40334946
vt 0.11250539 0.44934279
vt 0.04356015 0.84601915
vt 0.04356015 0.84602910
vt 0.04356015 0.84601915
vt 0.51287091 0.22172463
vt 0.53765470 0.22735858
vt 0.04357014 0.84602910
vt 0.46306276 0.39701164
vt 0.46183363 0.39736891
vt 0.04356015 0.84601915
vt 0.15930647 0.29375350
vt 0.15940449 0.29391295
vt 0.17183432 0.26826978
vt 0.47610205 0.39292991
vt 0.04356015 0.84601915
vt 0.04356015 0.84602910
vt 0.04356015 0.84601915
vt 0.04356015 0.84602910
vt 0.04356015 0.84601915
vt 0.29570404 0.66532862
vt 0.04357014 0.84602910
vt 0.04356015 0.84602910
vt 0.04357014 0.84602910
vt 0.39120018 0.52245718
vt 0.04357014 0.84602910
vt 0.04356015 0.84602910
vt 0.04356015 0.84601915
vt 0.04356015 0.84601915
vt 0.04357014 0.84602910
vt 0.04357014 0.84602910
vt 0.15397207 0.77948576
vt 0.04356015 0.84601915
vt 0.04356015 0.84602910
vt 0.04356015 0.84601915
vt 0.04356015 0.84602910
vt 0.04356015 0.84602910
vt 0.04356015 0.84602910
vt 0.04356015 0.84601915
vt 0.04357014 0.84602910
vt 0.04357014 0.84602910
vt 0.04356015 0.84601915
vt 0.04356015 0.84602910
vt 0.04356015 0.84601915
vt 0.04357014 0.84602910
vt 0.04357014 0.84602910
vt 0.04357014 0.84602910
vt 0.04356015 0.84602910
vt 0.04356015 0.84601915
vt 0.04357014 0.84602910
vt 0.04357014 0.84602910
vt 0.04357014 0.84602910
vt 0.04357014 0.84602910
vt 0.04356015 0.84601915
vt 0.04356015 0.84602910
vt 0.16283900 0.45759892
vt 0.16283871 0.45759994
vt 0.17592254 0.27718925
vt 0.16390964 0.30275071
vt 0.04357014 0.84602910
vt 0.04356015 0.84601915
vt 0.04356015 0.84601915
vt 0.04356015 0.84602910
vt 0.31443653 0.60109138
vt 0.04357014 0.84602910
vt 0.04357014 0.84602910
vt 0.04357014 0.84602910
vt 0.04357014 0.84602910
vt 0.04356015 0.84602910
vt 0.04356015 0.84601915
vt 0.04357014 0.84602910
vt 0.48897603 0.32408476
vt 0.47204921 0.39102471
vt 0.04356015 0.84602910
vt 0.04357014 0.84602910
vt 0.04356015 0.84601915
vt 0.04356015 0.84602910
vt 0.04357014 0.84602910
vt 0.04356015 0.84602910
vt 0.04356015 0.84602910
vt 0.04356015 0.84602910
vt 0.04356015 0.84601915
vt 0.04357014 0.84602910
vt 0.04356015 0.84601915
vt 0.04356015 0.84602910
vt 0.04356015 0.84601915
vt 0.04356015 0.84601915
vt 0.04357014 0.84602910
vt 0.04357014 0.84602910
vt 0.04356015 0.84602910
vt 0.04356015 0.84602910
vt 0.04357014 0.84602910
vt 0.04356015 0.84601915
vt 0.04357014 0.84602910
vt 0.04357014 0.84602910
vt 0.04356015 0.84601915
vt 0.04356015 0.84601915
vt 0.04356015 0.84601915
vt 0.20766455 0.68269539
vt 0.04356015 0.84602910
vt 0.04356015 0.84602910
vt 0.04357014 0.84602910
vt 0.04356015 0.84601915
vt 0.04356015 0.84602910
vt 0.04357014 0.84602910
vt 0.04356015 0.84601915
vt 0.04357014 0.84602910
vt 0.04356015 0.84601915
vt 0.04357014 0.84602910
vt 0.04356015 0.84601915
vt 0.04357014 0.84602910
vt 0.04356015 0.84602910
vt 0.04356015 0.84602910
vt 0.04356015 0.84601915
vt 0.04356015 0.84602910
vt 0.04356015 0.84601915
vt 0.45461008 0.29946953
vt 0.04357014 0.84602910
vt 0.56504637 0.38804531
vt 0.04357014 0.84602910
vt 0.04357014 0.84602910
vt 0.04356015 0.84602910
vt 0.04356015 0.84601915
vt 0.04356015 0.84602910
vt 0.04356015 0.84602910
vt 0.04356015 0.84602910
vt 0.56416821 0.35733294
vt 0.55700582 0.38225096
vt 0.56060213 0.36977100
vt 0.40667203 0.20452321
vt 0.43472558 0.20862985
vt 0.04356015 0.84601915
vt 0.04357014 0.84602910
vt 0.04356015 0.84602910
vt 0.04357014 0.84602910
vt 0.88764858 0.32920009
vt 0.90980500 0.33196998
vt 0.54924679 0.24233758
vt 0.04356015 0.84602910
vt 0.04357014 0.84602910
vt 0.04356015 0.84602910
vt 0.45461062 0.29946959
vt 0.90682304 0.35559350
vt 0.89868999 0.36611742
vt 0.89959669 0.36646706
vt 0.26549372 0.63875759
vt 0.25212082 0.64907384
vt 0.23362699 0.64935482
vt 0.25212082 0.64907372
vt 0.23957357 0.65445244
vt 0.24497120 0.28422332
vt 0.23536660 0.28826559
vt 0.24728853 0.28013659
vt 0.24497110 0.28422332
vt 0.23536658 0.28826559
vt 0.24728867 0.28013706
vt 0.04356015 0.84601915
vt 0.04357014 0.84602910
vt 0.21445975 0.21647477
vt 0.19864553 0.22957003
vt 0.18481652 0.24695343
vt 0.18481651 0.24695337
vt 0.19864550 0.22956991
vt 0.21445985 0.21647519
vt 0.04357014 0.84602910
vt 0.11250535 0.44934273
vt 0.31168455 0.58481145
vt 0.48401067 0.32121998
vt 0.48291075 0.31598711
vt 0.48408476 0.30808139
vt 0.48247319 0.31013131
vt 0.04356015 0.84601915
vt 0.48007980 0.32441199
vt 0.04357014 0.84602910
vt 0.04356015 0.84602910
vt 0.04357014 0.84602910
vt 0.04356015 0.84602910
vt 0.04356015 0.84601915
vt 0.04357014 0.84602910
vt 0.04357014 0.84602910
vt 0.04357014 0.84602910
vt 0.04357014 0.84602910
vt 0.28017458 0.62741065
vt 0.91659570 0.34030455
vt 0.91702479 0.33950859
vt 0.91702479 0.33950859
vt 0.91659546 0.34030497
vt 0.04356015 0.84602910
vt 0.04356015 0.84601915
vt 0.04357014 0.84602910
vt 0.04356015 0.84602910
vt 0.04356015 0.84601915
vt 0.04357014 0.84602910
vt 0.12899794 0.66392815
vt 0.12875319 0.65129656
vt 0.04357014 0.84602910
vt 0.04357014 0.84602910
vt 0.04357014 0.84602910
vt 0.04356015 0.84602910
vt 0.04357014 0.84602910
vt 0.04357014 0.84602910
vt 0.04356015 0.84601915
vt 0.04357014 0.84602910
vt 0.04357014 0.84602910
vt 0.58457279 0.30707312
vt 0.08184377 0.84067869
vt 0.15487948 0.43107378
vt 0.16359727 0.43831146
vt 0.04357014 0.84602910
vt 0.16359693 0.43831122
vt 0.15487948 0.43107378
vt 0.15748148 0.47436631
vt 0.14958414 0.50793409
vt 0.12939893 0.66505158
vt 0.04357014 0.84602910
vt 0.04356015 0.84602910
vt 0.12939893 0.66505158
vt 0.58457369 0.30707943
vt 0.37471357 0.54506326
vt 0.39548612 0.59247392
vt 0.39548594 0.59247315
vt 0.04356015 0.84602910
vt 0.04356015 0.84602910
vt 0.04356015 0.84601909
vt 0.04356015 0.84602910
vt 0.04357014 0.84602910
vt 0.04357014 0.84602910
vt 0.06021708 0.79476303
vt 0.05635355 0.77833784
vt 0.04356015 0.84602910
vt 0.04356015 0.84601915
vt 0.04357014 0.84602910
vt 0.04356015 0.84601915
vt 0.04357014 0.84602910
vt 0.23271188 0.27958262
vt 0.23461094 0.28691339
vt 0.04356015 0.84602910
vt 0.04356015 0.84602910
vt 0.04356015 0.84602910
vt 0.04357014 0.84602910
vt 0.04356015 0.84602910
vt 0.04356015 0.84602910
vt 0.04357014 0.84602910
vt 0.04356015 0.84602910
vt 0.63610375 0.38379633
vt 0.61466318 0.38444483
vt 0.66475779 0.38247335
vt 0.61466312 0.38444483
vt 0.63610375 0.38379633
vt 0.66475779 0.38247335
vt 0.48778236 0.31767589
vt 0.48919621 0.31625003
vt 0.48787096 0.31042439
vt 0.04356015 0.84601915
vt 0.04357014 0.84602910
vt 0.04357014 0.84602910
vt 0.04356015 0.84601915
vt 0.89988011 0.33103037
vt 0.88713956 0.32913268
vt 0.04356015 0.84602910
vt 0.12949449 0.40949571
vt 0.12949449 0.40949571
vt 0.04356015 0.84601915
vt 0.04356015 0.84602910
vt 0.04356015 0.84601915
vt 0.04356015 0.84602910
vt 0.04356015 0.84601915
vt 0.04356015 0.84602910
vt 0.04356015 0.84602910
vt 0.04356015 0.84602910
vt 0.04357014 0.84602910
vt 0.04356015 0.84602910
vt 0.04356015 0.84601915
vt 0.04356015 0.84601915
vt 0.04357014 0.84602910
vt 0.04356015 0.84601915
vt 0.04356015 0.84602910
vt 0.04356015 0.84602910
vt 0.04356015 0.84601915
vt 0.04357014 0.84602910
vt 0.04357014 0.84602910
vt 0.04356015 0.84601915
vt 0.04356015 0.84602910
vt 0.04356015 0.84601915
vt 0.04357014 0.84602910
vt 0.04357014 0.84602910
vt 0.04356015 0.84601915
vt 0.04356015 0.84601915
vt 0.04356015 0.84601915
vt 0.04356015 0.84602910
vt 0.04356015 0.84602910
vt 0.04357014 0.84602910
vt 0.14480998 0.53303266
vt 0.04357014 0.84602910
vt 0.23450989 0.64373696
vt 0.04356015 0.84601915
vt 0.13549170 0.54090822
vt 0.13549170 0.54090822
vt 0.04357014 0.84602910
vt 0.04357014 0.84602910
vt 0.04356015 0.84601915
vt 0.04357014 0.84602910
vt 0.54885477 0.23074639
vt 0.70377117 0.31131756
vt 0.73780328 0.31475431
vt 0.70360529 0.31330043
vt 0.67202836 0.31042725
vt 0.70377117 0.31131756
vt 0.70360529 0.31330025
vt 0.73780328 0.31475431
vt 0.67202836 0.31042737
vt 0.04357014 0.84602910
vt 0.04356015 0.84602910
vt 0.04357014 0.84602910
vt 0.04356015 0.84601915
vt 0.08184381 0.84067863
vt 0.25377759 0.67304248
vt 0.04356015 0.84601915
vt 0.04356015 0.84601915
vt 0.04356015 0.84602910
vt 0.04356015 0.84601915
vt 0.04356015 0.84601915
vt 0.04356015 0.84601915
vt 0.04357014 0.84602910
vt 0.04357014 0.84602910
vt 0.04356015 0.84602910
vt 0.04356015 0.84602910
vt 0.04356015 0.84602910
vt 0.04356015 0.84601915
vt 0.04357014 0.84602910
vt 0.04356015 0.84602910
vt 0.04357014 0.84602910
vt 0.04356015 0.84602910
vt 0.18818554 0.25471133
vt 0.17557751 0.27576673
vt 0.18849008 0.25618464
vt 0.20178264 0.23946476
vt 0.04357014 0.84602910
vt 0.04357014 0.84602910
vt 0.20178264 0.23946476
vt 0.18849008 0.25618464
vt 0.18818554 0.25471133
vt 0.17557751 0.27576673
vt 0.04356015 0.84602910
vt 0.04356015 0.84602910
vt 0.04357014 0.84602910
vt 0.04356015 0.84601915
vt 0.04356015 0.84601915
vt 0.04357014 0.84602910
vt 0.04356015 0.84602910
vt 0.04357014 0.84602910
vt 0.04356015 0.84601915
vt 0.04356015 0.84601915
vt 0.04356015 0.84601915
vt 0.04356015 0.84601915
vt 0.04356015 0.84601915
vt 0.04356015 0.84601915
vt 0.04356015 0.84602910
vt 0.04356015 0.84601915
vt 0.04356015 0.84601915
vt 0.04356015 0.84601915
vt 0.04356015 0.84602910
vt 0.04357014 0.84602910
vt 0.04356015 0.84601915
vt 0.04357014 0.84602910
vt 0.04356015 0.84601915
vt 0.04357014 0.84602910
vt 0.04357014 0.84602910
vt 0.04356015 0.84602910
vt 0.18142381 0.70381403
vt 0.17737629 0.72101229
vt 0.18649839 0.71394104
vt 0.17506069 0.70292485
vt 0.17737629 0.72101229
vt 0.04357014 0.84602910
vt 0.04356015 0.84602910
vt 0.04357014 0.84602910
vt 0.04356015 0.84601915
vt 0.04356015 0.84602910
vt 0.04356015 0.84602910
vt 0.04357014 0.84602910
vt 0.04356015 0.84602910
vt 0.04357014 0.84602910
vt 0.04357014 0.84602910
vt 0.04356015 0.84602910
vt 0.04356015 0.84601915
vt 0.47284204 0.36003804
vt 0.47553590 0.34970015
vt 0.04356015 0.84602910
vt 0.04357014 0.84602910
vt 0.09664750 0.82424277
vt 0.29570404 0.66532862
vt 0.04357014 0.84602910
vt 0.04356015 0.84602910
vt 0.04356015 0.84601915
vt 0.04356015 0.84602910
vt 0.04356015 0.84601915
vt 0.04357014 0.84602910
vt 0.04356015 0.84601915
vt 0.24191317 0.70990181
vt 0.24191318 0.70990217
vt 0.04356015 0.84602910
vt 0.04356015 0.84601915
vt 0.04356015 0.84602910
vt 0.04357014 0.84602910
vt 0.06021683 0.79476345
vt 0.04356015 0.84602910
vt 0.04356015 0.84602910
vt 0.04357014 0.84602910
vt 0.04356015 0.84601915
vt 0.06837896 0.64815748
vt 0.07845756 0.59987062
vt 0.04356015 0.84601915
vt 0.04356015 0.84602910
vt 0.04357014 0.84602910
vt 0.04356015 0.84601915
vt 0.04357014 0.84602910
vt 0.13065191 0.41135758
vt 0.04356015 0.84602910
vt 0.04356015 0.84601915
vt 0.04356015 0.84602910
vt 0.30012405 0.59306896
vt 0.04357014 0.84602910
vt 0.04357014 0.84602910
vt 0.04357014 0.84602910
vt 0.04356015 0.84601915
vt 0.04357014 0.84602910
vt 0.04356015 0.84602910
vt 0.04357014 0.84602910
vt 0.04357014 0.84602910
vt 0.04357014 0.84602910
vt 0.04357014 0.84602910
vt 0.04356015 0.84601915
vt 0.04356015 0.84601915
vt 0.04356015 0.84602910
vt 0.04356015 0.84601915
vt 0.04356015 0.84602910
vt 0.91669047 0.33349514
vt 0.92424041 0.33341777
vt 0.92375153 0.33359438
vt 0.10437324 0.67583787
vt 0.10332865 0.71248972
vt 0.10827586 0.64377999
vt 0.11315944 0.68202537
vt 0.57275009 0.33381057
vt 0.56034064 0.37873280
vt 0.56034064 0.37873280
vt 0.56347930 0.36635029
vt 0.57275009 0.33381057
vt 0.04356015 0.84601915
vt 0.58764088 0.30180323
vt 0.04357014 0.84602910
vt 0.04357014 0.84602910
vt 0.68765527 0.30346012
vt 0.65874112 0.30045241
vt 0.62575829 0.29739875
vt 0.64585638 0.29924411
vt 0.04357014 0.84602910
vt 0.58470440 0.30378604
vt 0.58192188 0.30708307
vt 0.10284555 0.49907345
vt 0.04356015 0.84601915
vt 0.04356015 0.84601915
vt 0.04356015 0.84602910
vt 0.04356015 0.84601915
vt 0.04357014 0.84602910
vt 0.41888765 0.49767715
vt 0.04357014 0.84602910
vt 0.04356015 0.84602910
vt 0.04357014 0.84602910
vt 0.04356015 0.84602910
vt 0.04357014 0.84602910
vt 0.04357014 0.84602910
vt 0.04356015 0.84601915
vt 0.04357014 0.84602910
vt 0.04357014 0.84602910
vt 0.04357014 0.84602910
vt 0.04356015 0.84602910
vt 0.04357014 0.84602910
vt 0.04356015 0.84602910
vt 0.39627033 0.59550691
vt 0.39627033 0.59550691
vt 0.04356015 0.84601915
vt 0.04357014 0.84602910
vt 0.11234128 0.44782329
vt 0.04356015 0.84602910
vt 0.04356015 0.84602910
vt 0.04356015 0.84602910
vt 0.15921605 0.69635737
vt 0.15921603 0.69635737
vt 0.04357014 0.84602910
vt 0.04357014 0.84602910
vt 0.04356015 0.84602910
vt 0.04357014 0.84602910
vt 0.04356015 0.84602910
vt 0.04357014 0.84602910
vt 0.15373345 0.78270066
vt 0.04356015 0.84602910
vt 0.16544004 0.77505177
vt 0.15373345 0.78270066
vt 0.04357014 0.84602910
vt 0.04356015 0.84602910
vt 0.04357014 0.84602910
vt 0.04357014 0.84602910
vt 0.04357014 0.84602910
vt 0.04356015 0.84602910
vt 0.04356015 0.84601915
vt 0.04356015 0.84601915
vt 0.04357014 0.84602910
vt 0.04356015 0.84601915
vt 0.04356015 0.84602910
vt 0.04357014 0.84602910
vt 0.04357014 0.84602910
vt 0.04356015 0.84602910
vt 0.76713181 0.37686735
vt 0.70880091 0.38018477
vt 0.70879894 0.38018489
vt 0.04357014 0.84602910
vt 0.04356015 0.84602910
vt 0.92421585 0.33342665
vt 0.92375141 0.33359444
vt 0.04356015 0.84602910
vt 0.04356015 0.84601915
vt 0.04356015 0.84601915
vt 0.04356015 0.84601915
vt 0.47963879 0.31918377
vt 0.48068458 0.31217206
vt 0.04356015 0.84602910
vt 0.04356015 0.84602910
vt 0.04356015 0.84602910
vt 0.04357014 0.84602910
vt 0.04356015 0.84601915
vt 0.04356015 0.84601915
vt 0.04356015 0.84601915
vt 0.04357014 0.84602910
vt 0.04356015 0.84601915
vt 0.04356015 0.84602910
vt 0.04356015 0.84602910
vt 0.04357014 0.84602910
vt 0.04356015 0.84601915
vt 0.04356015 0.84601915
vt 0.04357014 0.84602910
vt 0.04356015 0.84602910
vt 0.04357014 0.84602910
vt 0.47818750 0.33997279
vt 0.47607285 0.34937835
vt 0.47214073 0.36681312
vt 0.04357014 0.84602910
vt 0.47161123 0.36612284
vt 0.47695509 0.34876847
vt 0.46226710 0.39724290
vt 0.04356015 0.84602910
vt 0.04356015 0.84601915
vt 0.04356015 0.84601915
vt 0.04356015 0.84601915
vt 0.24788482 0.27838057
vt 0.04357014 0.84602910
vt 0.04357014 0.84602910
vt 0.04356015 0.84601915
vt 0.04357014 0.84602910
vt 0.04356015 0.84602910
vt 0.04356015 0.84602910
vt 0.47978327 0.36460954
vt 0.47913262 0.36246461
vt 0.04356015 0.84602910
vt 0.04356015 0.84601915
vt 0.04357014 0.84602910
vt 0.04356015 0.84602910
vt 0.04356015 0.84602910
vt 0.04356015 0.84602910
vt 0.04357014 0.84602910
vt 0.04357014 0.84602910
vt 0.04356015 0.84602910
vt 0.04356015 0.84601915
vt 0.04357014 0.84602910
vt 0.04356015 0.84601915
vt 0.04356015 0.84602910
vt 0.04356015 0.84602910
vt 0.47677609 0.31628340
vt 0.47831860 0.32045698
vt 0.04357014 0.84602910
vt 0.04357014 0.84602910
vt 0.07290006 0.64485407
vt 0.04357014 0.84602910
vt 0.04356015 0.84601915
vt 0.04356015 0.84601915
vt 0.04356015 0.84602910
vt 0.46069106 0.21258569
vt 0.43469369 0.20877099
vt 0.47404566 0.31350553
vt 0.04356015 0.84601915
vt 0.04356015 0.84601915
vt 0.04356015 0.84602910
vt 0.04356015 0.84602910
vt 0.04356015 0.84601915
vt 0.04356015 0.84602910
vt 0.04356015 0.84601915
vt 0.04356015 0.84602910
vt 0.04356015 0.84602910
vt 0.04356015 0.84602910
vt 0.04356015 0.84602910
vt 0.80375588 0.32228643
vt 0.83248746 0.32596588
vt 0.80375588 0.32228637
vt 0.83248746 0.32596582
vt 0.38280338 0.28703183
vt 0.42270896 0.29702371
vt 0.42270896 0.29702371
vt 0.38280168 0.28703171
vt 0.42270496 0.29702312
vt 0.42270496 0.29702312
vt 0.04357014 0.84602910
vt 0.04357014 0.84602910
vt 0.04356015 0.84601915
vt 0.04356015 0.84601915
vt 0.04357014 0.84602910
vt 0.04356015 0.84601915
vt 0.04356015 0.84602910
vt 0.61480993 0.29652643
vt 0.04357014 0.84602910
vt 0.04356015 0.84602910
vt 0.04356015 0.84601915
vt 0.04356015 0.84601915
vt 0.04356015 0.84601915
vt 0.04356015 0.84602910
vt 0.12256254 0.62892854
vt 0.12256254 0.62892854
vt 0.13001536 0.60102975
vt 0.12286910 0.64486331
vt 0.04356015 0.84601915
vt 0.04357014 0.84602910
vt 0.04356015 0.84601915
vt 0.04357014 0.84602910
vt 0.04357014 0.84602910
vt 0.04357014 0.84602910
vt 0.68528622 0.38132805
vt 0.04356015 0.84602910
vt 0.19882225 0.68238086
vt 0.20390135 0.67631656
vt 0.19874753 0.68528283
vt 0.06953380 0.64731365
vt 0.04356015 0.84602910
vt 0.04357014 0.84602910
vt 0.04356015 0.84601915
vt 0.06837902 0.64815736
vt 0.10218410 0.59067607
vt 0.10218411 0.59067607
vt 0.40324226 0.51250684
vt 0.04357014 0.84602910
vt 0.37513563 0.53520846
vt 0.04356015 0.84602910
vt 0.29187748 0.27593255
vt 0.04356015 0.84602910
vt 0.04356015 0.84601915
vt 0.04356015 0.84601915
vt 0.04357014 0.84602910
vt 0.04357014 0.84602910
vt 0.04356015 0.84602910
vt 0.04356015 0.84601915
vt 0.04356015 0.84602910
vt 0.04356015 0.84602910
vt 0.04356015 0.84601915
vt 0.04356015 0.84602910
vt 0.04357014 0.84602910
vt 0.04356015 0.84602910
vt 0.04356015 0.84601915
vt 0.04356015 0.84601915
vt 0.04356015 0.84602910
vt 0.04356015 0.84602910
vt 0.04356015 0.84602910
vt 0.04357014 0.84602910
vt 0.44669533 0.46765351
vt 0.43849224 0.48619980
vt 0.43643412 0.48304963
vt 0.44211343 0.46668470
vt 0.04357014 0.84602910
vt 0.04357014 0.84602910
vt 0.04356015 0.84602910
vt 0.04356015 0.84602910
vt 0.04356015 0.84602910
vt 0.04357014 0.84602910
vt 0.45606005 0.43039179
vt 0.04356015 0.84602910
vt 0.04357014 0.84602910
vt 0.04356015 0.84602910
vt 0.04356015 0.84602910
vt 0.04357014 0.84602910
vt 0.04357014 0.84602910
vt 0.82755297 0.32050103
vt 0.04357014 0.84602910
vt 0.04357014 0.84602910
vt 0.04357014 0.84602910
vt 0.04357014 0.84602910
vt 0.82755274 0.32050103
vt 0.04356015 0.84602910
vt 0.04357014 0.84602910
vt 0.40595576 0.20555174
vt 0.04356015 0.84601915
vt 0.04357014 0.84602910
vt 0.04357014 0.84602910
vt 0.04356015 0.84602910
vt 0.04356015 0.84601915
vt 0.04356015 0.84601915
vt 0.04357014 0.84602910
vt 0.04357014 0.84602910
vt 0.04356015 0.84601915
vt 0.04356015 0.84602910
vt 0.04356015 0.84602910
vt 0.04356015 0.84601915
vt 0.04357014 0.84602910
vt 0.51287055 0.22172457
vt 0.46609002 0.21328807
vt 0.04356015 0.84602910
vt 0.04356015 0.84602910
vt 0.44669512 0.46765399
vt 0.43724847 0.48452002
vt 0.44211343 0.46668476
vt 0.04356015 0.84602910
vt 0.04356015 0.84601915
vt 0.14309293 0.54252362
vt 0.14309293 0.54252362
vt 0.13572130 0.57201242
vt 0.47948235 0.33180952
vt 0.47974393 0.32509422
vt 0.35847047 0.62815702
vt 0.04356015 0.84602910
vt 0.04357014 0.84602910
vt 0.04356015 0.84601915
vt 0.04357014 0.84602910
vt 0.04357014 0.84602910
vt 0.04356015 0.84602910
vt 0.04356015 0.84601915
vt 0.04356015 0.84602910
vt 0.04356015 0.84602910
vt 0.04357014 0.84602910
vt 0.04357014 0.84602910
vt 0.19941157 0.35246420
vt 0.04357014 0.84602910
vt 0.04357014 0.84602910
vt 0.04357014 0.84602910
vt 0.04356015 0.84602910
vt 0.04356015 0.84602910
vt 0.76271069 0.38067198
vt 0.73040640 0.38153332
vt 0.79284865 0.37942755
vt 0.76271069 0.38067204
vt 0.79284865 0.37942797
vt 0.73040640 0.38153267
vt 0.55334628 0.39481777
vt 0.04356015 0.84601915
vt 0.04356015 0.84602910
vt 0.04357014 0.84602910
vt 0.04356015 0.84601915
vt 0.04356015 0.84602910
vt 0.56477094 0.24567574
vt 0.04356015 0.84602910
vt 0.04356015 0.84602910
vt 0.04356015 0.84601915
vt 0.04356015 0.84602910
vt 0.04356015 0.84602910
vt 0.04356015 0.84602910
vt 0.04356015 0.84602910
vt 0.04356015 0.84602910
vt 0.04356015 0.84601915
vt 0.04356015 0.84602910
vt 0.04356015 0.84602910
vt 0.04357014 0.84602910
vt 0.04356015 0.84602910
vt 0.04357014 0.84602910
vt 0.13110210 0.68615067
vt 0.04356015 0.84601915
vt 0.04356015 0.84601915
vt 0.04356015 0.84601915
vt 0.04356015 0.84602910
vt 0.04356015 0.84602910
vt 0.04356015 0.84602910
vt 0.04357014 0.84602910
vt 0.04357014 0.84602910
vt 0.04356015 0.84601915
vt 0.04356015 0.84602910
vt 0.04356015 0.84602910
vt 0.04356015 0.84602910
vt 0.04356015 0.84602910
vt 0.04357014 0.84602910
vt 0.04356015 0.84602910
vt 0.04356015 0.84602910
vt 0.04357014 0.84602910
vt 0.04356015 0.84602910
vt 0.04356015 0.84602910
vt 0.04357014 0.84602910
vt 0.04357014 0.84602910
vt 0.04356015 0.84601915
vt 0.47948235 0.33180952
vt 0.47974393 0.32509422
vt 0.04356015 0.84601915
vt 0.04356015 0.84601915
vt 0.04356015 0.84602910
vt 0.04357014 0.84602910
vt 0.04356015 0.84601915
vt 0.04357014 0.84602910
vt 0.04356015 0.84602910
vt 0.04356015 0.84602910
vt 0.04356015 0.84602910
vt 0.91685820 0.33582288
vt 0.91803741 0.33505678
vt 0.91888046 0.33541548
vt 0.04356015 0.84602910
vt 0.04357014 0.84602910
vt 0.04356015 0.84602910
vt 0.04356015 0.84601915
vt 0.04356015 0.84601915
vt 0.04356015 0.84602910
vt 0.04357014 0.84602910
vt 0.04356015 0.84602910
vt 0.04356015 0.84602910
vt 0.20510349 0.32449663
vt 0.20510352 0.32449657
vt 0.04356015 0.84602910
vt 0.04356015 0.84601915
vt 0.04356015 0.84602910
vt 0.04356015 0.84602910
vt 0.04356015 0.84601915
vt 0.04357014 0.84602910
vt 0.04356015 0.84601915
vt 0.04356015 0.84601915
vt 0.04356015 0.84602910
vt 0.04356015 0.84602910
vt 0.04356015 0.84602910
vt 0.27730075 0.19398767
vt 0.04356015 0.84601915
vt 0.04357014 0.84602910
vt 0.04356015 0.84602910
vt 0.92295796 0.33331364
vt 0.92304933 0.33330160
vt 0.04356015 0.84601915
vt 0.04356015 0.84602910
vt 0.04357014 0.84602910
vt 0.16492932 0.30521119
vt 0.16492911 0.30521083
vt 0.04356015 0.84601915
vt 0.04356015 0.84601915
vt 0.04357014 0.84602910
vt 0.04357014 0.84602910
vt 0.47124797 0.30314559
vt 0.04356015 0.84601915
vt 0.41450933 0.20531642
vt 0.43821755 0.46503222
vt 0.43754390 0.46482009
vt 0.04356015 0.84602910
vt 0.04356015 0.84602910
vt 0.04356015 0.84602910
vt 0.14781098 0.69825542
vt 0.04356015 0.84601915
vt 0.04356015 0.84601915
vt 0.04356015 0.84602910
vt 0.04356015 0.84601915
vt 0.04356015 0.84601915
vt 0.04356015 0.84602910
vt 0.04356015 0.84602910
vt 0.04357014 0.84602910
vt 0.04356015 0.84602910
vt 0.28214192 0.65130317
vt 0.04356015 0.84601915
vt 0.27235192 0.61760265
vt 0.04356015 0.84602910
vt 0.04356015 0.84601915
vt 0.04356015 0.84601915
vt 0.04356015 0.84602910
vt 0.04357014 0.84602910
vt 0.04357014 0.84602910
vt 0.04357014 0.84602910
vt 0.77206635 0.31748903
vt 0.77206635 0.31748903
vt 0.37851313 0.19986397
vt 0.04356015 0.84602910
vt 0.04356015 0.84602910
vt 0.04356015 0.84601915
vt 0.04356015 0.84602910
vt 0.41727588 0.51220858
vt 0.41764450 0.50959325
vt 0.41727608 0.51220840
vt 0.04357014 0.84602910
vt 0.04357014 0.84602910
vt 0.04357014 0.84602910
vt 0.04357014 0.84602910
vt 0.04356015 0.84601915
vt 0.04356015 0.84602910
vt 0.27730075 0.19398767
vt 0.07286463 0.81514966
vt 0.04356015 0.84601915
vt 0.04356015 0.84601915
vt 0.04356015 0.84602910
vt 0.91803741 0.33505678
vt 0.91888028 0.33541554
vt 0.15043707 0.78842807
vt 0.13804968 0.79888117
vt 0.12544478 0.80959547
vt 0.12544478 0.80959547
vt 0.13804968 0.79888117
vt 0.15043707 0.78842807
vt 0.49478266 0.31369770
vt 0.20354296 0.24541306
vt 0.04356015 0.84602910
vt 0.04356015 0.84601915
vt 0.04356015 0.84601915
vt 0.04356015 0.84601915
vt 0.04356015 0.84602910
vt 0.04356015 0.84601915
vt 0.04356015 0.84601915
vt 0.04356015 0.84602910
vt 0.04356015 0.84602910
vt 0.04356015 0.84601915
vt 0.04357014 0.84602910
vt 0.04357014 0.84602910
vt 0.04356015 0.84601915
vt 0.04357014 0.84602910
vt 0.04356015 0.84602910
vt 0.53765529 0.22735876
vt 0.04357014 0.84602910
vt 0.35637498 0.55702072
vt 0.31373313 0.59222192
vt 0.31373313 0.59222192
vt 0.35637483 0.55702090
vt 0.04356015 0.84602910
vt 0.04356015 0.84602910
vt 0.91736364 0.33903742
vt 0.04356015 0.84601915
vt 0.04357014 0.84602910
vt 0.04357014 0.84602910
vt 0.91746789 0.33886379
vt 0.04356015 0.84601915
vt 0.20354317 0.24541354
vt 0.04356015 0.84602910
vt 0.04357014 0.84602910
vt 0.04356015 0.84601915
vt 0.04356015 0.84601915
vt 0.04356015 0.84601915
vt 0.13044669 0.79898000
vt 0.15271932 0.75530499
vt 0.13044672 0.79897988
vt 0.15271969 0.75530392
vt 0.04356015 0.84601915
vt 0.04357014 0.84602910
vt 0.04356015 0.84602910
vt 0.04357014 0.84602910
vt 0.04356015 0.84602910
vt 0.04357014 0.84602910
vt 0.04356015 0.84602910
vt 0.04356015 0.84602910
vt 0.04356015 0.84602910
vt 0.04356015 0.84601915
vt 0.04356015 0.84602910
vt 0.04357014 0.84602910
vt 0.04356015 0.84601915
vt 0.04356015 0.84602910
vt 0.77613080 0.37901425
vt 0.04356015 0.84602910
vt 0.04356015 0.84602910
vt 0.12382078 0.64430159
vt 0.21821140 0.23309612
vt 0.04356015 0.84601915
vt 0.04356015 0.84601915
vt 0.04356015 0.84601915
vt 0.04356015 0.84601915
vt 0.44397768 0.44831741
vt 0.43646505 0.46851766
vt 0.43041605 0.47979456
vt 0.04357014 0.84602910
vt 0.04356015 0.84601915
vt 0.04356015 0.84602910
vt 0.12891747 0.67771733
vt 0.04357014 0.84602910
vt 0.04356015 0.84602910
vt 0.04356015 0.84601915
vt 0.04356015 0.84601915
vt 0.04356015 0.84601915
vt 0.89056897 0.37720740
vt 0.04356015 0.84601915
vt 0.89056897 0.37720740
vt 0.06037867 0.69194710
vt 0.18466416 0.24664122
vt 0.06037883 0.69194692
vt 0.47831613 0.32040709
vt 0.04356015 0.84601915
vt 0.04356015 0.84602910
vt 0.04356015 0.84601915
vt 0.04356015 0.84601915
vt 0.04356015 0.84602910
vt 0.14982186 0.70850980
vt 0.14436428 0.70761359
vt 0.04356015 0.84601915
vt 0.04356015 0.84602910
vt 0.04357014 0.84602910
vt 0.43469372 0.20877093
vt 0.04356015 0.84602910
vt 0.04357014 0.84602910
vt 0.04356015 0.84602910
vt 0.04357014 0.84602910
vt 0.04356015 0.84602910
vt 0.04356015 0.84602910
vt 0.04356015 0.84601915
vt 0.04356015 0.84602910
vt 0.06682885 0.68586981
vt 0.04357014 0.84602910
vt 0.04356015 0.84602910
vt 0.04356015 0.84602910
vt 0.04356015 0.84602910
vt 0.04356015 0.84602910
vt 0.04356015 0.84602910
vt 0.17010990 0.44009513
vt 0.04356015 0.84601915
vt 0.04357014 0.84602910
vt 0.16202806 0.47186083
vt 0.04357014 0.84602910
vt 0.04357014 0.84602910
vt 0.04356015 0.84602910
vt 0.04357014 0.84602910
vt 0.04356015 0.84601915
vt 0.04357014 0.84602910
vt 0.54045266 0.24967253
vt 0.54045033 0.24967182
vt 0.04356015 0.84602910
vt 0.04357014 0.84602910
vt 0.04356015 0.84602910
vt 0.04357014 0.84602910
vt 0.04356015 0.84602910
vt 0.04356015 0.84601915
vt 0.04357014 0.84602910
vt 0.04357014 0.84602910
vt 0.04356015 0.84602910
vt 0.04357014 0.84602910
vt 0.04356015 0.84601915
vt 0.04356015 0.84602910
vt 0.04357014 0.84602910
vt 0.04357014 0.84602910
vt 0.46659040 0.38347530
vt 0.46226710 0.39724290
vt 0.04356015 0.84601915
vt 0.04356015 0.84602910
vt 0.04357014 0.84602910
vt 0.04357014 0.84602910
vt 0.18447463 0.68152952
vt 0.04356015 0.84602910
vt 0.04356015 0.84601915
vt 0.41892168 0.49799955
vt 0.42434746 0.49119103
vt 0.46971929 0.37129235
vt 0.04356015 0.84601915
vt 0.04357014 0.84602910
vt 0.04357014 0.84602910
vt 0.04356015 0.84601915
vt 0.04357014 0.84602910
vt 0.04356015 0.84601915
vt 0.04357014 0.84602910
vt 0.04356015 0.84602910
vt 0.04357014 0.84602910
vt 0.04356015 0.84602910
vt 0.04356015 0.84601915
vt 0.04357014 0.84602910
vt 0.04356015 0.84602910
vt 0.22527868 0.29146802
vt 0.04357014 0.84602910
vt 0.22527866 0.29146802
vt 0.04357014 0.84602910
vt 0.04356015 0.84602910
vt 0.04356015 0.84602910
vt 0.04357014 0.84602910
vt 0.04356015 0.84602910
vt 0.04356015 0.84601915
vt 0.04357014 0.84602910
vt 0.04356015 0.84601915
vt 0.04356015 0.84602910
vt 0.04356015 0.84601915
vt 0.04356015 0.84601915
vt 0.04356015 0.84602910
vt 0.17427848 0.27263737
vt 0.04356015 0.84601915
vt 0.04356015 0.84602910
vt 0.77269799 0.31329286
vt 0.77251494 0.31452936
vt 0.77225614 0.31625009
vt 0.77269799 0.31329292
vt 0.77251482 0.31452954
vt 0.77225614 0.31625009
vt 0.04357014 0.84602910
vt 0.04356015 0.84601915
vt 0.04356015 0.84601915
vt 0.48382318 0.34466565
vt 0.48382318 0.34466565
vt 0.47978291 0.36461073
vt 0.22071819 0.30064529
vt 0.04356015 0.84601915
vt 0.04356015 0.84602910
vt 0.04356015 0.84601915
vt 0.04356015 0.84602910
vt 0.27065808 0.61585546
vt 0.04357014 0.84602910
vt 0.08412206 0.59758413
vt 0.09172334 0.54904985
vt 0.13115105 0.68140674
vt 0.13264437 0.69108826
vt 0.13264437 0.69108826
vt 0.13115107 0.68140674
vt 0.13410038 0.68765777
vt 0.04356015 0.84602910
vt 0.04356015 0.84602910
vt 0.04356015 0.84601915
vt 0.04356015 0.84602910
vt 0.04356015 0.84602910
vt 0.04356015 0.84601915
vt 0.04356015 0.84602910
vt 0.04357014 0.84602910
vt 0.04356015 0.84602910
vt 0.34607625 0.27370942
vt 0.04356015 0.84601915
vt 0.04357014 0.84602910
vt 0.04356015 0.84601915
vt 0.31831589 0.65309966
vt 0.31831586 0.65309966
vt 0.04356015 0.84601915
vt 0.04356015 0.84601915
vt 0.24977635 0.63207829
vt 0.04356015 0.84602910
vt 0.22664049 0.64977098
vt 0.04356015 0.84602910
vt 0.04357014 0.84602910
vt 0.04357014 0.84602910
vt 0.04356015 0.84601915
vt 0.48751143 0.33358943
vt 0.48510367 0.34442520
vt 0.41397074 0.50325072
vt 0.17183428 0.26826960
vt 0.17427848 0.27263737
vt 0.04357014 0.84602910
vt 0.04357014 0.84602910
vt 0.04357014 0.84602910
vt 0.04357014 0.84602910
vt 0.05999205 0.79558396
vt 0.04356015 0.84601915
vt 0.04356015 0.84602910
vt 0.04356015 0.84602910
vt 0.04356015 0.84602910
vt 0.04356015 0.84602910
vt 0.04356015 0.84602910
vt 0.64216876 0.38620597
vt 0.04356015 0.84602910
vt 0.04357014 0.84602910
vt 0.04357014 0.84602910
vt 0.04356015 0.84602910
vt 0.04356015 0.84601915
vt 0.04356015 0.84602910
vt 0.04356015 0.84602910
vt 0.04356015 0.84602910
vt 0.04356015 0.84601915
vt 0.04357014 0.84602910
vt 0.57467693 0.32049519
vt 0.04357014 0.84602910
vt 0.04356015 0.84602910
vt 0.04356015 0.84602910
vt 0.57467687 0.32049555
vt 0.46892995 0.23333329
vt 0.46892893 0.23333311
vt 0.08741992 0.85077757
vt 0.04356015 0.84602910
vt 0.08228324 0.83965129
vt 0.04356015 0.84602910
vt 0.08742993 0.85077757
vt 0.08184377 0.84067869
vt 0.04356015 0.84602910
vt 0.04356015 0.84602910
vt 0.48377195 0.32821667
vt 0.48437080 0.33537102
vt 0.48597053 0.31940305
vt 0.48597053 0.31940305
vt 0.32675889 0.28247660
vt 0.28714523 0.28098929
vt 0.26391795 0.28147769
vt 0.24670450 0.28135216
vt 0.04356015 0.84601915
vt 0.04356015 0.84602910
vt 0.55690747 0.38233984
vt 0.04356015 0.84602910
vt 0.04356015 0.84602910
vt 0.04356015 0.84602910
vt 0.04356015 0.84601915
vt 0.04356015 0.84601915
vt 0.04356015 0.84602910
vt 0.34415582 0.19820529
vt 0.04356015 0.84601915
vt 0.04356015 0.84602910
vt 0.04356015 0.84601915
vt 0.51799983 0.40954810
vt 0.04356015 0.84602910
vt 0.04356015 0.84602910
vt 0.04357014 0.84602910
vt 0.04357014 0.84602910
vt 0.65874439 0.30045271
vt 0.68765545 0.30346018
vt 0.54297721 0.34581822
vt 0.53697658 0.36809039
vt 0.04356015 0.84601915
vt 0.04357014 0.84602910
vt 0.04356015 0.84601915
vt 0.04356015 0.84601915
vt 0.04356015 0.84602910
vt 0.04357014 0.84602910
vt 0.04356015 0.84602910
vt 0.04356015 0.84601915
vt 0.04356015 0.84602910
vt 0.04357014 0.84602910
vt 0.04356015 0.84602910
vt 0.04356015 0.84601915
vt 0.04356015 0.84602910
vt 0.04357014 0.84602910
vt 0.11759882 0.45305234
vt 0.10532041 0.49971813
vt 0.11759859 0.45305198
vt 0.04357014 0.84602910
vt 0.04356015 0.84601915
vt 0.04356015 0.84601915
vt 0.04356015 0.84601915
vt 0.04356015 0.84602910
vt 0.04356015 0.84602910
vt 0.04357014 0.84602910
vt 0.04357014 0.84602910
vt 0.04357014 0.84602910
vt 0.04357014 0.84602910
vt 0.04357014 0.84602910
vt 0.04356015 0.84602910
vt 0.04356015 0.84602910
vt 0.04356015 0.84602910
vt 0.45712695 0.41267407
vt 0.04356015 0.84602910
vt 0.04356015 0.84602910
vt 0.04356015 0.84601915
vt 0.58466220 0.29798508
vt 0.58804715 0.29597461
vt 0.04357014 0.84602910
vt 0.04356015 0.84601915
vt 0.04357014 0.84602910
vt 0.04357014 0.84602910
vt 0.04356015 0.84601915
vt 0.04357014 0.84602910
vt 0.77612996 0.37901431
vt 0.04356015 0.84602910
vt 0.04356015 0.84602910
vt 0.04356015 0.84602910
vt 0.08702963 0.59834534
vt 0.08702909 0.59834552
vt 0.04356015 0.84602910
vt 0.04356015 0.84602910
vt 0.04356015 0.84601915
vt 0.04357014 0.84602910
vt 0.04357014 0.84602910
vt 0.04356015 0.84602910
vt 0.04357014 0.84602910
vt 0.04357014 0.84602910
vt 0.04357014 0.84602910
vt 0.04356015 0.84601915
vt 0.04357014 0.84602910
vt 0.04357014 0.84602910
vt 0.04356015 0.84602910
vt 0.88313043 0.37387460
vt 0.04357014 0.84602910
vt 0.04356015 0.84602910
vt 0.04357014 0.84602910
vt 0.04356015 0.84602910
vt 0.04356015 0.84602910
vt 0.04356015 0.84601915
vt 0.89126664 0.33475840
vt 0.90470648 0.33626693
vt 0.90470785 0.33626705
vt 0.89126664 0.33475834
vt 0.04356015 0.84601915
vt 0.04356015 0.84602910
vt 0.04356015 0.84601915
vt 0.04356015 0.84601915
vt 0.04356015 0.84602910
vt 0.04356015 0.84601915
vt 0.09417263 0.54880601
vt 0.09550641 0.54927427
vt 0.04356015 0.84602910
vt 0.04356015 0.84602910
vt 0.04356015 0.84602910
vt 0.04356015 0.84601915
vt 0.04357014 0.84602910
vt 0.54955316 0.23056531
vt 0.55690747 0.38233984
vt 0.04356015 0.84602910
vt 0.04356015 0.84602910
vt 0.04356015 0.84602910
vt 0.04357014 0.84602910
vt 0.04356015 0.84602910
vt 0.04357014 0.84602910
vt 0.43821755 0.46503222
vt 0.04357014 0.84602910
vt 0.04356015 0.84602910
vt 0.16237146 0.77396965
vt 0.04357014 0.84602910
vt 0.04357014 0.84602910
vt 0.04357014 0.84602910
vt 0.08907975 0.82091349
vt 0.04356015 0.84601915
vt 0.09378736 0.83482373
vt 0.08805262 0.82522017
vt 0.52899098 0.22559464
vt 0.51674533 0.22261679
vt 0.04356015 0.84602910
vt 0.04357014 0.84602910
vt 0.22792062 0.65821671
vt 0.55154544 0.29667240
vt 0.55743372 0.26568192
vt 0.55447590 0.28048927
vt 0.55154544 0.29667240
vt 0.55447590 0.28048921
vt 0.55743372 0.26568186
vt 0.62578678 0.38601214
vt 0.04356015 0.84602910
vt 0.22288768 0.65553749
vt 0.04356015 0.84602910
vt 0.04356015 0.84602910
vt 0.04356015 0.84601915
vt 0.04356015 0.84602910
vt 0.04357014 0.84602910
vt 0.04356015 0.84602910
vt 0.04356015 0.84602910
vt 0.04356015 0.84601915
vt 0.04356015 0.84602910
vt 0.04356015 0.84602910
vt 0.04356015 0.84602910
vt 0.04356015 0.84602910
vt 0.04357014 0.84602910
vt 0.04356015 0.84601915
vt 0.04356015 0.84602910
vt 0.04357014 0.84602910
vt 0.04357014 0.84602910
vt 0.04356015 0.84601915
vt 0.04357014 0.84602910
vt 0.04356015 0.84602910
vt 0.04356015 0.84602910
vt 0.04356015 0.84602910
vt 0.04356015 0.84602910
vt 0.04357014 0.84602910
vt 0.04356015 0.84602910
vt 0.04356015 0.84602910
vt 0.21263047 0.66022813
vt 0.04356015 0.84602910
vt 0.21707758 0.65690476
vt 0.04357014 0.84602910
vt 0.04356015 0.84601915
vt 0.44436857 0.44791090
vt 0.45712695 0.41267407
vt 0.04356015 0.84602910
vt 0.04356015 0.84601915
vt 0.04356015 0.84602910
vt 0.04356015 0.84601915
vt 0.04356015 0.84602910
vt 0.04356015 0.84602910
vt 0.27945238 0.61863637
vt 0.27945238 0.61863637
vt 0.37471414 0.54506278
vt 0.04356015 0.84601915
vt 0.04356015 0.84601915
vt 0.04356015 0.84602910
vt 0.04356015 0.84602910
vt 0.04356015 0.84602910
vt 0.04357014 0.84602910
vt 0.04356015 0.84602910
vt 0.04357014 0.84602910
vt 0.89601225 0.36935174
vt 0.04356015 0.84601915
vt 0.04356015 0.84602910
vt 0.04357014 0.84602910
vt 0.10827586 0.64377999
vt 0.12200656 0.60626805
vt 0.10827586 0.64378005
vt 0.12256254 0.62892854
vt 0.05407213 0.75758600
vt 0.05665214 0.72753870
vt 0.05607213 0.77877629
vt 0.05407213 0.75758600
vt 0.05537261 0.72905254
vt 0.04357014 0.84602910
vt 0.04356015 0.84602910
vt 0.04356015 0.84601915
vt 0.04356015 0.84602910
vt 0.04356015 0.84602910
vt 0.04356015 0.84601915
vt 0.04356015 0.84601915
vt 0.56504637 0.38804531
vt 0.47404382 0.29670507
vt 0.47404155 0.29670417
vt 0.04356015 0.84602910
vt 0.04357014 0.84602910
vt 0.59152710 0.29957783
vt 0.59174079 0.29806054
vt 0.04356015 0.84601915
vt 0.04356015 0.84602910
vt 0.04357014 0.84602910
vt 0.04356015 0.84601915
vt 0.04356015 0.84601915
vt 0.04356015 0.84601915
vt 0.04356015 0.84601915
vt 0.04357014 0.84602910
vt 0.04357014 0.84602910
vt 0.04356015 0.84602910
vt 0.04357014 0.84602910
vt 0.44070730 0.46592271
vt 0.43224311 0.56872678
vt 0.04357014 0.84602910
vt 0.04357014 0.84602910
vt 0.04357014 0.84602910
vt 0.04357014 0.84602910
vt 0.15504369 0.50800431
vt 0.04356015 0.84602910
vt 0.04356015 0.84602910
vt 0.04357014 0.84602910
vt 0.04356015 0.84602910
vt 0.04357014 0.84602910
vt 0.04356015 0.84601915
vt 0.04356015 0.84602910
vt 0.04356015 0.84602910
vt 0.04356015 0.84602910
vt 0.38231182 0.52963829
vt 0.04356015 0.84601915
vt 0.24253683 0.71679860
vt 0.25612181 0.70647687
vt 0.26983738 0.69596595
vt 0.06114678 0.78252065
vt 0.04356015 0.84601915
vt 0.04356015 0.84601915
vt 0.04357014 0.84602910
vt 0.24253683 0.71679860
vt 0.26983738 0.69596595
vt 0.25612181 0.70647687
vt 0.04357014 0.84602910
vt 0.04356015 0.84602910
vt 0.04357014 0.84602910
vt 0.04357014 0.84602910
vt 0.47094139 0.31121331
vt 0.47095141 0.31121331
vt 0.04356015 0.84601915
vt 0.25144356 0.64026177
vt 0.37875578 0.29519415
vt 0.04356015 0.84601915
vt 0.04356015 0.84602910
vt 0.04357014 0.84602910
vt 0.04356015 0.84601915
vt 0.04357014 0.84602910
vt 0.04356015 0.84602910
vt 0.04356015 0.84602910
vt 0.04357014 0.84602910
vt 0.04356015 0.84601915
vt 0.04356015 0.84601915
vt 0.04356015 0.84601915
vt 0.04356015 0.84601915
vt 0.04357014 0.84602910
vt 0.04357014 0.84602910
vt 0.04357014 0.84602910
vt 0.04356015 0.84601915
vt 0.04356015 0.84602910
vt 0.47094139 0.31121331
vt 0.42201608 0.29401737
vt 0.04356015 0.84602910
vt 0.42201599 0.29401737
vt 0.04357014 0.84602910
vt 0.48243240 0.33674419
vt 0.11947031 0.45585370
vt 0.11947031 0.45585370
vt 0.11947079 0.45585412
vt 0.04357014 0.84602910
vt 0.04356015 0.84601915
vt 0.04357014 0.84602910
vt 0.04357014 0.84602910
vt 0.04356015 0.84601915
vt 0.04356015 0.84602910
vt 0.04356015 0.84602910
vt 0.04357014 0.84602910
vt 0.83137804 0.38173670
vt 0.31227106 0.21174943
vt 0.34349766 0.21335888
vt 0.34349766 0.21335888
vt 0.31227106 0.21174943
vt 0.27378565 0.61404896
vt 0.04356015 0.84601915
vt 0.42300397 0.29963243
vt 0.42300370 0.29963231
vt 0.04356015 0.84602910
vt 0.04356015 0.84601915
vt 0.04356015 0.84602910
vt 0.04357014 0.84602910
vt 0.04356015 0.84601915
vt 0.04357014 0.84602910
vt 0.04356015 0.84602910
vt 0.04356015 0.84602910
vt 0.04357014 0.84602910
vt 0.04356015 0.84602910
vt 0.04357014 0.84602910
vt 0.04357014 0.84602910
vt 0.22877966 0.72705185
vt 0.04357014 0.84602910
vt 0.04357014 0.84602910
vt 0.04356015 0.84602910
vt 0.04356015 0.84601915
vt 0.04357014 0.84602910
vt 0.62657470 0.39080858
vt 0.04356015 0.84601915
vt 0.04357014 0.84602910
vt 0.04357014 0.84602910
vt 0.62592566 0.30225241
vt 0.62592566 0.30225253
vt 0.04357014 0.84602910
vt 0.04356015 0.84601915
vt 0.04356015 0.84602910
vt 0.04356015 0.84602910
vt 0.04357014 0.84602910
vt 0.04357014 0.84602910
vt 0.04356015 0.84601915
vt 0.16861428 0.72765517
vt 0.16009338 0.73381388
vt 0.33773878 0.64103788
vt 0.35789403 0.62557685
vt 0.04356015 0.84601915
vt 0.33773878 0.64103794
vt 0.04356015 0.84602910
vt 0.35789403 0.62557685
vt 0.22884089 0.72709966
vt 0.20103212 0.74331897
vt 0.56854194 0.24448389
vt 0.04356015 0.84601915
vt 0.04357014 0.84602910
vt 0.56854194 0.24448389
vt 0.61747533 0.29864234
vt 0.04357014 0.84602910
vt 0.04357014 0.84602910
vt 0.04356015 0.84602910
vt 0.04357014 0.84602910
vt 0.04357014 0.84602910
vt 0.04357014 0.84602910
vt 0.04356015 0.84602910
vt 0.04357014 0.84602910
vt 0.04356015 0.84602910
vt 0.04357014 0.84602910
vt 0.04356015 0.84601915
vt 0.04356015 0.84601915
vt 0.04356015 0.84602910
vt 0.40484971 0.51255059
vt 0.17892754 0.40869892
vt 0.04356015 0.84602910
vt 0.17892753 0.40869880
vt 0.04356015 0.84601915
vt 0.43013003 0.49435985
vt 0.39479518 0.53846979
vt 0.39479557 0.53847051
vt 0.27170074 0.61503792
vt 0.25027761 0.63165015
vt 0.04357014 0.84602910
vt 0.04356015 0.84601915
vt 0.91800338 0.33729690
vt 0.04356015 0.84601915
vt 0.12162933 0.79905653
vt 0.06758130 0.80356157
vt 0.07286451 0.81514990
vt 0.07286463 0.81514966
vt 0.06758155 0.80356109
vt 0.04357014 0.84602910
vt 0.04356015 0.84601915
vt 0.04357014 0.84602910
vt 0.04356015 0.84601915
vt 0.04357014 0.84602910
vt 0.04356015 0.84602910
vt 0.04357014 0.84602910
vt 0.04357014 0.84602910
vt 0.04356015 0.84602910
vt 0.12769699 0.70769703
vt 0.12769744 0.70769787
vt 0.04356015 0.84601915
vt 0.04356015 0.84601915
vt 0.15412888 0.69631010
vt 0.14873210 0.69716346
vt 0.15412888 0.69631010
vt 0.04357014 0.84602910
vt 0.04357014 0.84602910
vt 0.04357014 0.84602910
vt 0.04356015 0.84601915
vt 0.04356015 0.84602910
vt 0.04357014 0.84602910
vt 0.04356015 0.84602910
vt 0.04357014 0.84602910
vt 0.56619036 0.38906509
vt 0.56619048 0.38906509
vt 0.04356015 0.84602910
vt 0.58620232 0.38326478
vt 0.58620238 0.38326472
vt 0.04356015 0.84602910
vt 0.04357014 0.84602910
vt 0.04356015 0.84602910
vt 0.04356015 0.84602910
vt 0.55951566 0.38851976
vt 0.04356015 0.84602910
vt 0.04357014 0.84602910
vt 0.04357014 0.84602910
vt 0.04356015 0.84601915
vt 0.04356015 0.84601915
vt 0.12968139 0.64897513
vt 0.04356015 0.84602910
vt 0.04356015 0.84601915
vt 0.15930647 0.29375350
vt 0.04357014 0.84602910
vt 0.04357014 0.84602910
vt 0.04356015 0.84601915
vt 0.46638200 0.38300514
vt 0.04357014 0.84602910
vt 0.04356015 0.84602910
vt 0.14095655 0.68584681
vt 0.04357014 0.84602910
vt 0.04356015 0.84602910
vt 0.14095655 0.68584681
vt 0.04356015 0.84601915
vt 0.04356015 0.84601915
vt 0.59198940 0.29542303
vt 0.59211010 0.29545510
vt 0.04356015 0.84601915
vt 0.04356015 0.84602910
vt 0.04356015 0.84601915
vt 0.04356015 0.84602910
vt 0.04356015 0.84602910
vt 0.04357014 0.84602910
vt 0.04357014 0.84602910
vt 0.04357014 0.84602910
vt 0.04356015 0.84601915
vt 0.04356015 0.84601915
vt 0.04356015 0.84602910
vt 0.04357014 0.84602910
vt 0.04356015 0.84601915
vt 0.04356015 0.84601915
vt 0.04356015 0.84601915
vt 0.04356015 0.84601915
vt 0.04356015 0.84601915
vt 0.39120018 0.52245718
vt 0.04356015 0.84601915
vt 0.17011012 0.44009584
vt 0.04357014 0.84602910
vt 0.04356015 0.84601915
vt 0.04357014 0.84602910
vt 0.04356015 0.84602910
vt 0.04357014 0.84602910
vt 0.04356015 0.84601915
vt 0.21494906 0.73736054
vt 0.04356015 0.84602910
vt 0.04357014 0.84602910
vt 0.04356015 0.84601915
vt 0.04356015 0.84602910
vt 0.04357014 0.84602910
vt 0.04356015 0.84601915
vt 0.92508477 0.33349901
vt 0.92507470 0.33349901
vt 0.04356015 0.84602910
vt 0.04356015 0.84601915
vt 0.13585582 0.36090821
vt 0.44436857 0.44791090
vt 0.16592741 0.44089437
vt 0.16592741 0.44089437
vt 0.47369626 0.30740356
vt 0.47919995 0.30731773
vt 0.47919995 0.30731773
vt 0.47521284 0.30522662
vt 0.47369626 0.30740356
vt 0.05620542 0.77396548
vt 0.04356015 0.84602910
vt 0.05209576 0.76200348
vt 0.05620542 0.77396548
vt 0.05209616 0.76200324
vt 0.06114678 0.78252065
vt 0.04356015 0.84602910
vt 0.04357014 0.84602910
vt 0.04356015 0.84602910
vt 0.04357014 0.84602910
vt 0.04356015 0.84601915
vt 0.04357014 0.84602910
vt 0.04357014 0.84602910
vt 0.04356015 0.84601915
vt 0.04356015 0.84602910
vt 0.04356015 0.84602910
vt 0.04356015 0.84602910
vt 0.04356015 0.84602910
vt 0.04357014 0.84602910
vt 0.04357014 0.84602910
vt 0.04356015 0.84601915
vt 0.04356015 0.84602910
vt 0.04357014 0.84602910
vt 0.04356015 0.84602910
vt 0.04356015 0.84602910
vt 0.04356015 0.84602910
vt 0.04356015 0.84602910
vt 0.04356015 0.84601915
vt 0.04357014 0.84602910
vt 0.55951566 0.38851976
vt 0.04357014 0.84602910
vt 0.04356015 0.84602910
vt 0.12256393 0.66583729
vt 0.12256393 0.66583729
vt 0.04356015 0.84601915
vt 0.04357014 0.84602910
vt 0.04357014 0.84602910
vt 0.04356015 0.84602910
vt 0.04356015 0.84601915
vt 0.04356015 0.84602910
vt 0.04357014 0.84602910
vt 0.04356015 0.84602910
vt 0.04357014 0.84602910
vt 0.04356015 0.84602910
vt 0.04356015 0.84602910
vt 0.04356015 0.84602910
vt 0.04357014 0.84602910
vt 0.04357014 0.84602910
vt 0.04356015 0.84601915
vt 0.04357014 0.84602910
vt 0.04357014 0.84602910
vt 0.64500517 0.31073308
vt 0.67217308 0.30833608
vt 0.67217308 0.30833608
vt 0.64500517 0.31073302
vt 0.20838255 0.31336129
vt 0.04356015 0.84602910
vt 0.04356015 0.84602910
vt 0.20838255 0.31336129
vt 0.56263208 0.23829377
vt 0.56263208 0.23829371
vt 0.04357014 0.84602910
vt 0.04356015 0.84602910
vt 0.04356015 0.84602910
vt 0.47606456 0.34924090
vt 0.04356015 0.84602910
vt 0.04356015 0.84602910
vt 0.52687359 0.36999494
vt 0.52687299 0.36999732
vt 0.04356015 0.84602910
vt 0.04356015 0.84602910
vt 0.04356015 0.84601915
vt 0.04357014 0.84602910
vt 0.04356015 0.84602910
vt 0.04357014 0.84602910
vt 0.04356015 0.84601915
vt 0.04356015 0.84602910
vt 0.04357014 0.84602910
vt 0.04356015 0.84602910
vt 0.04357014 0.84602910
vt 0.04356015 0.84601915
vt 0.04356015 0.84602910
vt 0.04357014 0.84602910
vt 0.04356015 0.84602910
vt 0.04356015 0.84602910
vt 0.04356015 0.84601915
vt 0.04356015 0.84602910
vt 0.04357014 0.84602910
vt 0.04357014 0.84602910
vt 0.04357014 0.84602910
vt 0.04356015 0.84601915
vt 0.04356015 0.84602910
vt 0.04356015 0.84601915
vt 0.04357014 0.84602910
vt 0.04356015 0.84602910
vt 0.04357014 0.84602910
vt 0.04356015 0.84601915
vt 0.04357014 0.84602910
vt 0.04356015 0.84602910
vt 0.04356015 0.84602910
vt 0.52607340 0.23570830
vt 0.54145437 0.23985559
vt 0.52607417 0.23570853
vt 0.54145437 0.23985559
vt 0.04356015 0.84602910
vt 0.04356015 0.84601915
vt 0.37875578 0.29519415
vt 0.04356015 0.84602910
vt 0.04356015 0.84601915
vt 0.04357014 0.84602910
vt 0.04356015 0.84601915
vt 0.04356015 0.84601915
vt 0.04356015 0.84601915
vt 0.04357014 0.84602910
vt 0.04357014 0.84602910
vt 0.46569324 0.30184603
vt 0.04356015 0.84601915
vt 0.04357014 0.84602910
vt 0.04357014 0.84602910
vt 0.04357014 0.84602910
vt 0.04356015 0.84602910
vt 0.04356015 0.84601915
vt 0.04356015 0.84601915
vt 0.04356015 0.84602910
vt 0.04357014 0.84602910
vt 0.04356015 0.84602910
vt 0.04357014 0.84602910
vt 0.04356015 0.84601915
vt 0.04356015 0.84601915
vt 0.04357014 0.84602910
vt 0.04357014 0.84602910
vt 0.57488275 0.38520932
vt 0.56682742 0.38520491
vt 0.56682724 0.38520491
vt 0.57488275 0.38520932
vt 0.25640449 0.21453077
vt 0.25640449 0.21453077
vt 0.69770122 0.38282526
vt 0.69770116 0.38282531
vt 0.04357014 0.84602910
vt 0.04356015 0.84602910
vt 0.04356015 0.84602910
vt 0.56543893 0.23557687
vt 0.07064103 0.81985718
vt 0.04356015 0.84602910
vt 0.17292748 0.40541428
vt 0.17495805 0.36380118
vt 0.17495805 0.36380118
vt 0.17292728 0.40541399
vt 0.04356015 0.84601915
vt 0.04356015 0.84602910
vt 0.04356015 0.84602910
vt 0.04357014 0.84602910
vt 0.47658482 0.31637740
vt 0.04357014 0.84602910
vt 0.04357014 0.84602910
vt 0.04356015 0.84602910
vt 0.04356015 0.84602910
vt 0.39468354 0.51956630
vt 0.39660379 0.51853371
vt 0.40484968 0.51255065
vt 0.04356015 0.84601915
vt 0.04357014 0.84602910
vt 0.58146095 0.30291831
vt 0.58146095 0.30291826
vt 0.04356015 0.84601915
vt 0.04357014 0.84602910
vt 0.04357014 0.84602910
vt 0.04357014 0.84602910
vt 0.04357014 0.84602910
vt 0.04357014 0.84602910
vt 0.04356015 0.84601915
vt 0.04356015 0.84601915
vt 0.04356015 0.84602910
vt 0.04356015 0.84602910
vt 0.04356015 0.84602910
vt 0.04357014 0.84602910
vt 0.04356015 0.84601915
vt 0.04356015 0.84601915
vt 0.22720863 0.29432517
vt 0.04356015 0.84601915
vt 0.04356015 0.84601915
vt 0.04356015 0.84601915
vt 0.04356015 0.84602910
vt 0.04357014 0.84602910
vt 0.43191200 0.28372878
vt 0.43190747 0.28372800
vt 0.84378928 0.37848592
vt 0.84378928 0.37848604
vt 0.04357014 0.84602910
vt 0.04357014 0.84602910
vt 0.04357014 0.84602910
vt 0.04357014 0.84602910
vt 0.04356015 0.84601915
vt 0.04356015 0.84601915
vt 0.04357014 0.84602910
vt 0.04356015 0.84602910
vt 0.04357014 0.84602910
vt 0.04357014 0.84602910
vt 0.04356015 0.84602910
vt 0.04356015 0.84602910
vt 0.04357014 0.84602910
vt 0.04356015 0.84602910
vt 0.04356015 0.84602910
vt 0.04357014 0.84602910
vt 0.04357014 0.84602910
vt 0.04356015 0.84602910
vt 0.89259434 0.33031571
vt 0.04357014 0.84602910
vt 0.04356015 0.84602910
vt 0.04356015 0.84602910
vt 0.04357014 0.84602910
vt 0.04356015 0.84602910
vt 0.62579268 0.38601196
vt 0.04356015 0.84602910
vt 0.50094801 0.22099358
vt 0.04356015 0.84601915
vt 0.04357014 0.84602910
vt 0.04356015 0.84601915
vt 0.04357014 0.84602910
vt 0.04356015 0.84601915
vt 0.04356015 0.84601915
vt 0.90764171 0.35610670
vt 0.04356015 0.84601915
vt 0.04357014 0.84602910
vt 0.04357014 0.84602910
vt 0.04356015 0.84601915
vt 0.04356015 0.84602910
vt 0.04356015 0.84601915
vt 0.04356015 0.84601915
vt 0.04356015 0.84601915
vt 0.04356015 0.84601915
vt 0.04356015 0.84602910
vt 0.04356015 0.84602910
vt 0.04356015 0.84601915
vt 0.04356015 0.84602910
vt 0.04357014 0.84602910
vt 0.04356015 0.84602910
vt 0.04356015 0.84602910
vt 0.04356015 0.84602910
vt 0.04357014 0.84602910
vt 0.87893087 0.37558126
vt 0.04356015 0.84601915
vt 0.04357014 0.84602910
vt 0.89443475 0.36813414
vt 0.04357014 0.84602910
vt 0.04357014 0.84602910
vt 0.04356015 0.84601915
vt 0.31845921 0.58402002
vt 0.31845826 0.58402073
vt 0.04356015 0.84602910
vt 0.04357014 0.84602910
vt 0.04356015 0.84602910
vt 0.04356015 0.84601915
vt 0.04357014 0.84602910
vt 0.04356015 0.84601915
vt 0.04357014 0.84602910
vt 0.04356015 0.84602910
vt 0.04356015 0.84602910
vt 0.04356015 0.84602910
vt 0.24751358 0.63434029
vt 0.04356015 0.84601915
vt 0.04356015 0.84601915
vt 0.24751072 0.63434243
vt 0.04356015 0.84602910
vt 0.04356015 0.84601915
vt 0.04357014 0.84602910
vt 0.04357014 0.84602910
vt 0.04356015 0.84601915
vt 0.04356015 0.84601915
vt 0.04356015 0.84601915
vt 0.04356015 0.84602910
vt 0.57323760 0.23789883
vt 0.04356015 0.84602910
vt 0.04356015 0.84601915
vt 0.04357014 0.84602910
vt 0.04356015 0.84601915
vt 0.42185003 0.50008976
vt 0.43013003 0.49435985
vt 0.43013003 0.49435985
vt 0.42184994 0.50008976
vt 0.04356015 0.84602910
vt 0.04356015 0.84601915
vt 0.33968994 0.56266069
vt 0.04357014 0.84602910
vt 0.04356015 0.84601915
vt 0.04356015 0.84602910
vt 0.04356015 0.84602910
vt 0.13945247 0.70462084
vt 0.13512315 0.69997221
vt 0.13438982 0.70257008
vt 0.13945247 0.70462084
vt 0.46614426 0.38365620
vt 0.46659040 0.38347530
vt 0.04356015 0.84602910
vt 0.04356015 0.84601915
vt 0.04356015 0.84602910
vt 0.04357014 0.84602910
vt 0.04356015 0.84602910
vt 0.04356015 0.84602910
vt 0.04356015 0.84602910
vt 0.16237134 0.77396870
vt 0.04357014 0.84602910
vt 0.04356015 0.84602910
vt 0.04356015 0.84601915
vt 0.04356015 0.84601915
vt 0.04356015 0.84601915
vt 0.04356015 0.84602910
vt 0.04357014 0.84602910
vt 0.04356015 0.84602910
vt 0.04357014 0.84602910
vt 0.87608320 0.33548695
vt 0.87692761 0.33297110
vt 0.87692761 0.33297110
vt 0.87608314 0.33548701
vt 0.04357014 0.84602910
vt 0.04356015 0.84601915
vt 0.04356015 0.84601915
vt 0.04356015 0.84601915
vt 0.04356015 0.84602910
vt 0.04357014 0.84602910
vt 0.04357014 0.84602910
vt 0.04357014 0.84602910
vt 0.04357014 0.84602910
vt 0.04356015 0.84601915
vt 0.04356015 0.84602910
vt 0.04356015 0.84602910
vt 0.04356015 0.84601915
vt 0.57470238 0.31995010
vt 0.04356015 0.84601915
vt 0.04356015 0.84602910
vt 0.23620342 0.64263713
vt 0.04356015 0.84601915
vt 0.04356015 0.84602910
vt 0.04357014 0.84602910
vt 0.04357014 0.84602910
vt 0.05496388 0.78142780
vt 0.04356015 0.84602910
vt 0.77191585 0.31846952
vt 0.77191585 0.31846952
vt 0.04356015 0.84601915
vt 0.04356015 0.84601915
vt 0.04356015 0.84601915
vt 0.04357014 0.84602910
vt 0.04357014 0.84602910
vt 0.04356015 0.84602910
vt 0.04357014 0.84602910
vt 0.04356015 0.84601915
vt 0.04356015 0.84601915
vt 0.04357014 0.84602910
vt 0.04357014 0.84602910
vt 0.04357014 0.84602910
vt 0.04356015 0.84602910
vt 0.04356015 0.84602910
vt 0.04357014 0.84602910
vt 0.04357014 0.84602910
vt 0.04356015 0.84601915
vt 0.04357014 0.84602910
vt 0.04356015 0.84601915
vt 0.04356015 0.84601915
vt 0.04356015 0.84601915
vt 0.04357014 0.84602910
vt 0.04356015 0.84602910
vt 0.04356015 0.84602910
vt 0.04357014 0.84602910
vt 0.04357014 0.84602910
vt 0.04357014 0.84602910
vt 0.04356015 0.84602910
vt 0.04357014 0.84602910
vt 0.04356015 0.84601915
vt 0.04356015 0.84602910
vt 0.04356015 0.84602910
vt 0.05989866 0.79622042
vt 0.04356015 0.84601915
vt 0.04356015 0.84601915
vt 0.04357014 0.84602910
vt 0.04357014 0.84602910
vt 0.04357014 0.84602910
vt 0.04356015 0.84601915
vt 0.04356015 0.84601915
vt 0.04356015 0.84602910
vt 0.04357014 0.84602910
vt 0.04357014 0.84602910
vt 0.04356015 0.84602910
vt 0.04356015 0.84601915
vt 0.04357014 0.84602910
vt 0.04356015 0.84601915
vt 0.04356015 0.84602910
vt 0.47216761 0.30945474
vt 0.47216761 0.30945474
vt 0.04356015 0.84602910
vt 0.04357014 0.84602910
vt 0.12837248 0.54290074
vt 0.12837248 0.54290074
vt 0.12837248 0.54290074
vt 0.11992453 0.54554176
vt 0.04356015 0.84602910
vt 0.04357014 0.84602910
vt 0.04357014 0.84602910
vt 0.04357014 0.84602910
vt 0.04357014 0.84602910
vt 0.04356015 0.84602910
vt 0.04357014 0.84602910
vt 0.04357014 0.84602910
vt 0.04356015 0.84602910
vt 0.04356015 0.84601915
vt 0.04356015 0.84602910
vt 0.59174079 0.29805994
vt 0.04357014 0.84602910
vt 0.04357014 0.84602910
vt 0.04356015 0.84601915
vt 0.04356015 0.84601915
vt 0.04356015 0.84602910
vt 0.04356015 0.84601915
vt 0.77474821 0.37710553
vt 0.77474898 0.37710547
vt 0.04356015 0.84602910
vt 0.04357014 0.84602910
vt 0.04356015 0.84602910
vt 0.04356015 0.84602910
vt 0.15966125 0.69508410
vt 0.15966125 0.69508410
vt 0.04356015 0.84602910
vt 0.41303805 0.50443077
vt 0.56161797 0.38580179
vt 0.56377012 0.38549250
vt 0.56377012 0.38549244
vt 0.56161797 0.38580179
vt 0.04357014 0.84602910
vt 0.24684250 0.28794265
vt 0.04356015 0.84601915
vt 0.04356015 0.84601915
vt 0.04356015 0.84602910
vt 0.04356015 0.84602910
vt 0.51686251 0.22262752
vt 0.04356015 0.84602910
vt 0.21762680 0.67104846
vt 0.20782880 0.67841977
vt 0.21762680 0.67104840
vt 0.20782882 0.67841977
vt 0.04356015 0.84601915
vt 0.04357014 0.84602910
vt 0.37489414 0.21182382
vt 0.37489414 0.21182382
vt 0.91569567 0.33726525
vt 0.91569555 0.33726525
vt 0.04357014 0.84602910
vt 0.04356015 0.84601915
vt 0.04357014 0.84602910
vt 0.53432059 0.23449361
vt 0.53432059 0.23449361
vt 0.55981815 0.38623440
vt 0.04357014 0.84602910
vt 0.04356015 0.84601915
vt 0.26375756 0.27925140
vt 0.26375756 0.27925140
vt 0.04356015 0.84602910
vt 0.04357014 0.84602910
vt 0.24751358 0.63434029
vt 0.12406354 0.39991182
vt 0.11236291 0.44854659
vt 0.56261122 0.38388705
vt 0.56261098 0.38388753
vt 0.04356015 0.84602910
vt 0.04356015 0.84601915
vt 0.04356015 0.84601915
vt 0.04356015 0.84602910
vt 0.19169028 0.73497987
vt 0.20278153 0.73586875
vt 0.18980624 0.75061584
vt 0.04356015 0.84602910
vt 0.04356015 0.84601915
vt 0.51547325 0.42658913
vt 0.50497437 0.45752996
vt 0.91445190 0.33245957
vt 0.88610035 0.33050156
vt 0.04357014 0.84602910
vt 0.04356015 0.84601915
vt 0.04357014 0.84602910
vt 0.04357014 0.84602910
vt 0.04356015 0.84602910
vt 0.04356015 0.84602910
vt 0.15746407 0.70141673
vt 0.15746407 0.70141673
vt 0.04357014 0.84602910
vt 0.04356015 0.84601909
vt 0.04357014 0.84602910
vt 0.04357014 0.84602910
vt 0.04356015 0.84601915
vt 0.04356015 0.84602910
vt 0.04357014 0.84602910
vt 0.06787455 0.78074598
vt 0.04356015 0.84601915
vt 0.04357014 0.84602910
vt 0.06787455 0.78074598
vt 0.04356015 0.84602910
vt 0.04357014 0.84602910
vt 0.04357014 0.84602910
vt 0.04356015 0.84602910
vt 0.04356015 0.84601915
vt 0.04357014 0.84602910
vt 0.73512322 0.33829409
vt 0.72182965 0.30704486
vt 0.04357014 0.84602910
vt 0.04356015 0.84601915
vt 0.04357014 0.84602910
vt 0.41451904 0.58303070
vt 0.04356015 0.84602910
vt 0.04357014 0.84602910
vt 0.39679503 0.59733462
vt 0.28129849 0.28971040
vt 0.24881274 0.28788251
vt 0.04357014 0.84602910
vt 0.28435332 0.28778577
vt 0.04356015 0.84601915
vt 0.04356015 0.84602910
vt 0.04357014 0.84602910
vt 0.04356015 0.84601915
vt 0.04356015 0.84601915
vt 0.04356015 0.84601915
vt 0.04357014 0.84602910
vt 0.04357014 0.84602910
vt 0.04357014 0.84602910
vt 0.04356015 0.84601915
vt 0.04356015 0.84602910
vt 0.04356015 0.84601915
vt 0.04356015 0.84602910
vt 0.04356015 0.84601915
vt 0.04356015 0.84602910
vt 0.04356015 0.84602910
vt 0.04356015 0.84602910
vt 0.04356015 0.84601915
vt 0.04356015 0.84602910
vt 0.04357014 0.84602910
vt 0.89143026 0.37450284
vt 0.04356015 0.84602910
vt 0.04356015 0.84602910
vt 0.04356015 0.84602910
vt 0.04357014 0.84602910
vt 0.04357014 0.84602910
vt 0.04357014 0.84602910
vt 0.04357014 0.84602910
vt 0.04357014 0.84602910
vt 0.04356015 0.84602910
vt 0.04357014 0.84602910
vt 0.04356015 0.84602910
vt 0.04356015 0.84602910
vt 0.04357014 0.84602910
vt 0.04356015 0.84602910
vt 0.04356015 0.84602910
vt 0.04356015 0.84601915
vt 0.04356015 0.84601915
vt 0.04356015 0.84602910
vt 0.04356015 0.84602910
vt 0.04356015 0.84601915
vt 0.04357014 0.84602910
vt 0.04356015 0.84602910
vt 0.04356015 0.84602910
vt 0.04356015 0.84602910
vt 0.04357014 0.84602910
vt 0.04357014 0.84602910
vt 0.08560687 0.63787460
vt 0.08560687 0.63787460
vt 0.06354065 0.76709384
vt 0.04356015 0.84601915
vt 0.04357014 0.84602910
vt 0.04357014 0.84602910
vt 0.04356015 0.84602910
vt 0.04357014 0.84602910
vt 0.04356015 0.84602910
vt 0.04357014 0.84602910
vt 0.04356015 0.84602910
vt 0.04356015 0.84601915
vt 0.91066474 0.35017353
vt 0.91341358 0.34556067
vt 0.91066462 0.35017371
vt 0.04356015 0.84601915
vt 0.91341358 0.34556061
vt 0.04356015 0.84602910
vt 0.04356015 0.84602910
vt 0.04357014 0.84602910
vt 0.04357014 0.84602910
vt 0.04356015 0.84602910
vt 0.47650754 0.30303794
vt 0.47160730 0.29883242
vt 0.47650754 0.30303794
vt 0.04356015 0.84601915
vt 0.28727049 0.28339052
vt 0.28661001 0.28572464
vt 0.04356015 0.84602910
vt 0.68585980 0.30311513
vt 0.15920642 0.29263902
vt 0.17117824 0.26587212
vt 0.14744690 0.31871057
vt 0.14743343 0.32192928
vt 0.15919499 0.29251146
vt 0.04356015 0.84602910
vt 0.04357014 0.84602910
vt 0.26334929 0.62151939
vt 0.04356015 0.84602910
vt 0.04356015 0.84601915
vt 0.04356015 0.84601915
vt 0.04356015 0.84601915
vt 0.04356015 0.84601915
vt 0.04357014 0.84602910
vt 0.04356015 0.84601915
vt 0.12847990 0.65539837
vt 0.04356015 0.84602910
vt 0.12969536 0.66374779
vt 0.11236291 0.44854659
vt 0.12406354 0.39991182
vt 0.04357014 0.84602910
vt 0.04356015 0.84601915
vt 0.04357014 0.84602910
vt 0.04356015 0.84601915
vt 0.16544476 0.69311279
vt 0.17149846 0.69029057
vt 0.16544476 0.69311279
vt 0.16544476 0.69311279
vt 0.37950715 0.29002261
vt 0.37950662 0.29002249
vt 0.04356015 0.84602910
vt 0.56554568 0.23546755
vt 0.04357014 0.84602910
vt 0.04356015 0.84602910
vt 0.04356015 0.84602910
vt 0.04356015 0.84601915
vt 0.05821754 0.69634438
vt 0.04356015 0.84602910
vt 0.04357014 0.84602910
vt 0.05821754 0.69634444
vt 0.04509433 0.75184250
vt 0.04356015 0.84602910
vt 0.55334628 0.39481777
vt 0.04356015 0.84601915
vt 0.04356015 0.84601915
vt 0.04356015 0.84602910
vt 0.04356015 0.84601915
vt 0.04357014 0.84602910
vt 0.04356015 0.84602910
vt 0.04356015 0.84601915
vt 0.90713561 0.35039204
vt 0.04356015 0.84602910
vt 0.04357014 0.84602910
vt 0.04357014 0.84602910
vt 0.04356015 0.84602910
vt 0.04357014 0.84602910
vt 0.18645257 0.67995369
vt 0.04356015 0.84601915
vt 0.14884301 0.32665229
vt 0.04356015 0.84602910
vt 0.18645254 0.67995369
vt 0.34415582 0.19820529
vt 0.04357014 0.84602910
vt 0.37826616 0.61263490
vt 0.39760447 0.59732258
vt 0.37826616 0.61263490
vt 0.39760447 0.59732258
vt 0.18980625 0.75061566
vt 0.04357014 0.84602910
vt 0.04356015 0.84601915
vt 0.04356015 0.84601915
vt 0.04356015 0.84602910
vt 0.04356015 0.84602910
vt 0.04357014 0.84602910
vt 0.04356015 0.84602910
vt 0.04356015 0.84602910
vt 0.04356015 0.84601915
vt 0.04357014 0.84602910
vt 0.04357014 0.84602910
vt 0.04356015 0.84602910
vt 0.04356015 0.84601915
vt 0.04356015 0.84602910
vt 0.04356015 0.84601915
vt 0.04356015 0.84601915
vt 0.46070907 0.21253133
vt 0.04357014 0.84602910
vt 0.04356015 0.84602910
vt 0.04356015 0.84602910
vt 0.04357014 0.84602910
vt 0.04356015 0.84601915
vt 0.04356015 0.84602910
vt 0.04357014 0.84602910
vt 0.04357014 0.84602910
vt 0.04357014 0.84602910
vt 0.04357014 0.84602910
vt 0.04356015 0.84602910
vt 0.04356015 0.84602910
vt 0.04356015 0.84602910
vt 0.19497381 0.34940064
vt 0.18481739 0.37760949
vt 0.04356015 0.84601915
vt 0.04356015 0.84601915
vt 0.19497381 0.34940064
vt 0.18481739 0.37760943
vt 0.92424053 0.33341777
vt 0.92491162 0.33348316
vt 0.92507470 0.33349901
vt 0.55772191 0.23302734
vt 0.04356015 0.84601915
vt 0.04357014 0.84602910
vt 0.10093399 0.49862707
vt 0.04356015 0.84602910
vt 0.04357014 0.84602910
vt 0.04356015 0.84601915
vt 0.04356015 0.84601915
vt 0.04357014 0.84602910
vt 0.04356015 0.84601915
vt 0.04357014 0.84602910
vt 0.16271555 0.47535908
vt 0.45743245 0.43099916
vt 0.46721601 0.40218502
vt 0.45743245 0.43099916
vt 0.04356015 0.84601915
vt 0.04356015 0.84602910
vt 0.04356015 0.84602910
vt 0.04356015 0.84601915
vt 0.04356015 0.84602910
vt 0.49797976 0.22650409
vt 0.04356015 0.84602910
vt 0.49797973 0.22650409
vt 0.04356015 0.84601915
vt 0.04357014 0.84602910
vt 0.04356015 0.84601915
vt 0.04356015 0.84602910
vt 0.04356015 0.84602910
vt 0.04357014 0.84602910
vt 0.04357014 0.84602910
vt 0.04356015 0.84601915
vt 0.04357014 0.84602910
vt 0.04356015 0.84602910
vt 0.04356015 0.84601915
vt 0.04356015 0.84601915
vt 0.04356015 0.84602910
vt 0.04356015 0.84601915
vt 0.04356015 0.84602910
vt 0.04357014 0.84602910
vt 0.04356015 0.84602910
vt 0.04357014 0.84602910
vt 0.04356015 0.84601915
vt 0.04357014 0.84602910
vt 0.04356015 0.84601915
vt 0.27235067 0.61760366
vt 0.04356015 0.84602910
vt 0.20973355 0.66301882
vt 0.18506043 0.68153799
vt 0.17784131 0.68651199
vt 0.18773232 0.68045789
vt 0.17784131 0.68651199
vt 0.04356015 0.84602910
vt 0.04357014 0.84602910
vt 0.04357014 0.84602910
vt 0.04356015 0.84602910
vt 0.69643372 0.38326627
vt 0.04356015 0.84602910
vt 0.04357014 0.84602910
vt 0.04356015 0.84602910
vt 0.80490744 0.31736410
vt 0.80490750 0.31736410
vt 0.41620189 0.58233631
vt 0.43403068 0.56778324
vt 0.43403068 0.56778324
vt 0.41620189 0.58233631
vt 0.04357014 0.84602910
vt 0.04357014 0.84602910
vt 0.04357014 0.84602910
vt 0.04357014 0.84602910
vt 0.04356015 0.84601915
vt 0.04356015 0.84602910
vt 0.04356015 0.84601915
vt 0.86099523 0.37460345
vt 0.86099195 0.37460351
vt 0.04357014 0.84602910
vt 0.04356015 0.84601915
vt 0.04356015 0.84602910
vt 0.04356015 0.84602910
vt 0.04356015 0.84601915
vt 0.28017458 0.62741053
vt 0.04356015 0.84601915
vt 0.04356015 0.84601915
vt 0.47214073 0.36681312
vt 0.46877307 0.38259053
vt 0.46740893 0.38314348
vt 0.46877304 0.38259053
vt 0.91374040 0.34043461
vt 0.91319752 0.34058672
vt 0.91319758 0.34058672
vt 0.04356015 0.84601915
vt 0.04356015 0.84601915
vt 0.04356015 0.84602910
vt 0.04356015 0.84601915
vt 0.04356015 0.84602910
vt 0.87626469 0.37418044
vt 0.04356015 0.84602910
vt 0.04356015 0.84601915
vt 0.04356015 0.84602910
vt 0.04356015 0.84601915
vt 0.10070553 0.49862790
vt 0.04356015 0.84602910
vt 0.04356015 0.84601915
vt 0.04356015 0.84601915
vt 0.04357014 0.84602910
vt 0.04357014 0.84602910
vt 0.04356015 0.84601915
vt 0.04356015 0.84601915
vt 0.04356015 0.84602910
vt 0.04356015 0.84602910
vt 0.04356015 0.84601915
vt 0.04357014 0.84602910
vt 0.31145936 0.19642925
vt 0.07802654 0.60005057
vt 0.07802654 0.60005063
vt 0.04356015 0.84601915
vt 0.04356015 0.84602910
vt 0.04357014 0.84602910
vt 0.25162894 0.19773757
vt 0.23056611 0.20474946
vt 0.25162894 0.19773751
vt 0.27960524 0.19561869
vt 0.04356015 0.84602910
vt 0.04356015 0.84602910
vt 0.04357014 0.84602910
vt 0.33798730 0.64373100
vt 0.35821947 0.62820578
vt 0.33798730 0.64373100
vt 0.35821947 0.62820578
vt 0.04356015 0.84601915
vt 0.04357014 0.84602910
vt 0.04356015 0.84601915
vt 0.48953059 0.29985029
vt 0.48953018 0.29985005
vt 0.04357014 0.84602910
vt 0.04357014 0.84602910
vt 0.04356015 0.84601915
vt 0.04356015 0.84601915
vt 0.16569121 0.69233966
vt 0.04357014 0.84602910
vt 0.04356015 0.84602910
vt 0.04357014 0.84602910
vt 0.04356015 0.84602910
vt 0.04357014 0.84602910
vt 0.04357014 0.84602910
vt 0.04357014 0.84602910
vt 0.04356015 0.84601915
vt 0.55634022 0.24492967
vt 0.04356015 0.84602910
vt 0.55634022 0.24492967
vt 0.04356015 0.84601915
vt 0.04356015 0.84602910
vt 0.04356015 0.84601915
vt 0.04356015 0.84602910
vt 0.04357014 0.84602910
vt 0.04356015 0.84602910
vt 0.04357014 0.84602910
vt 0.88242191 0.37627149
vt 0.88242191 0.37627143
vt 0.04356015 0.84601915
vt 0.09151800 0.54907507
vt 0.04356015 0.84602910
vt 0.04356015 0.84601915
vt 0.15430096 0.69584429
vt 0.04356015 0.84601915
vt 0.16569121 0.69233966
vt 0.04356015 0.84602910
vt 0.04357014 0.84602910
vt 0.04357014 0.84602910
vt 0.04356015 0.84602910
vt 0.79321700 0.38145244
vt 0.79321700 0.38145244
vt 0.47171152 0.21471685
vt 0.04356015 0.84601915
vt 0.04356015 0.84602910
vt 0.04356015 0.84602910
vt 0.04356015 0.84602910
vt 0.04356015 0.84602910
vt 0.04356015 0.84601915
vt 0.22770523 0.29678816
vt 0.04356015 0.84601915
vt 0.22770523 0.29678816
vt 0.04356015 0.84601915
vt 0.54852742 0.32466781
vt 0.55753803 0.28912342
vt 0.04356015 0.84601915
vt 0.04357014 0.84602910
vt 0.04356015 0.84601915
vt 0.04356015 0.84602910
vt 0.55999392 0.38603306
vt 0.04357014 0.84602910
vt 0.55999392 0.38603312
vt 0.59194237 0.29664230
vt 0.04357014 0.84602910
vt 0.04357014 0.84602910
vt 0.04357014 0.84602910
vt 0.04356015 0.84601915
vt 0.04357014 0.84602910
vt 0.04357014 0.84602910
vt 0.04357014 0.84602910
vt 0.04356015 0.84602910
vt 0.04357014 0.84602910
vt 0.04356015 0.84601915
vt 0.04356015 0.84602910
vt 0.04356015 0.84601915
vt 0.04357014 0.84602910
vt 0.04356015 0.84602910
vt 0.29970646 0.67302167
vt 0.31809774 0.65894699
vt 0.31809774 0.65894699
vt 0.29970646 0.67302167
vt 0.04357014 0.84602910
vt 0.04357014 0.84602910
vt 0.04357014 0.84602910
vt 0.04357014 0.84602910
vt 0.04356015 0.84601915
vt 0.04356015 0.84602910
vt 0.57594949 0.32328355
vt 0.04357014 0.84602910
vt 0.57594949 0.32328349
vt 0.04356015 0.84602910
vt 0.04357014 0.84602910
vt 0.04356015 0.84602910
vt 0.04356015 0.84602910
vt 0.47573000 0.34937906
vt 0.47786427 0.34013939
vt 0.37467492 0.53550214
vt 0.04356015 0.84601915
vt 0.04357014 0.84602910
vt 0.46656451 0.30204988
vt 0.46144947 0.30089688
vt 0.46656451 0.30204988
vt 0.46656448 0.30204982
vt 0.46144947 0.30089682
vt 0.18870746 0.75829017
vt 0.18870747 0.75828999
vt 0.04357014 0.84602910
vt 0.04356015 0.84601915
vt 0.04357014 0.84602910
vt 0.42577720 0.50644082
vt 0.55772191 0.23302734
vt 0.18235673 0.23638701
vt 0.19811650 0.22734141
vt 0.04357014 0.84602910
vt 0.04356015 0.84601915
vt 0.91310591 0.34046537
vt 0.04356015 0.84601915
vt 0.08177330 0.84083641
vt 0.04357014 0.84602910
vt 0.04356015 0.84602910
vt 0.16276321 0.77818459
vt 0.16276321 0.77818459
vt 0.04356015 0.84602910
vt 0.90052110 0.36330837
vt 0.90970087 0.35124093
vt 0.90477824 0.35795963
vt 0.89608121 0.36804163
vt 0.90970081 0.35124111
vt 0.40582675 0.51327920
vt 0.40582746 0.51327854
vt 0.04357014 0.84602910
vt 0.04356015 0.84602910
vt 0.04357014 0.84602910
vt 0.04357014 0.84602910
vt 0.04356015 0.84602910
vt 0.04356015 0.84602910
vt 0.24484560 0.28981131
vt 0.04356015 0.84601915
vt 0.04357014 0.84602910
vt 0.04356015 0.84601915
vt 0.21483077 0.21781999
vt 0.04357014 0.84602910
vt 0.04356015 0.84601915
vt 0.11238454 0.44926989
vt 0.04357014 0.84602910
vt 0.47607285 0.34937835
vt 0.04356015 0.84602910
vt 0.04356015 0.84602910
vt 0.04356015 0.84602910
vt 0.24700752 0.63412607
vt 0.04356015 0.84602910
vt 0.04357014 0.84602910
vt 0.04357014 0.84602910
vt 0.24631879 0.63465613
vt 0.04356015 0.84601909
vt 0.04357014 0.84602910
vt 0.04357014 0.84602910
vt 0.04357014 0.84602910
vt 0.04356015 0.84602910
vt 0.04356015 0.84601915
vt 0.27960524 0.19561869
vt 0.04357014 0.84602910
vt 0.04356015 0.84602910
vt 0.04357014 0.84602910
vt 0.04357014 0.84602910
vt 0.04357014 0.84602910
vt 0.04356015 0.84602910
vt 0.04357014 0.84602910
vt 0.04356015 0.84602910
vt 0.13632205 0.68660462
vt 0.13091081 0.67209727
vt 0.04356015 0.84601915
vt 0.04357014 0.84602910
vt 0.04356015 0.84601915
vt 0.04356015 0.84601915
vt 0.04356015 0.84602910
vt 0.55512768 0.28674835
vt 0.04357014 0.84602910
vt 0.04356015 0.84601915
vt 0.04356015 0.84602910
vt 0.04356015 0.84602910
vt 0.07065802 0.81974131
vt 0.37513563 0.53520846
vt 0.04357014 0.84602910
vt 0.39070833 0.52280253
vt 0.47786427 0.34013939
vt 0.04357014 0.84602910
vt 0.04356015 0.84602910
vt 0.04357014 0.84602910
vt 0.04357014 0.84602910
vt 0.09156796 0.70814013
vt 0.04356015 0.84601915
vt 0.04356015 0.84601915
vt 0.04356015 0.84601915
vt 0.04356015 0.84602910
vt 0.04356015 0.84601915
vt 0.04356015 0.84601915
vt 0.14743467 0.32163483
vt 0.17117824 0.26587212
vt 0.10070553 0.49862790
vt 0.04357014 0.84602910
vt 0.04357014 0.84602910
vt 0.04356015 0.84602910
vt 0.04356015 0.84601915
vt 0.04356015 0.84601915
vt 0.19811650 0.22734141
vt 0.21365064 0.21512675
vt 0.21365064 0.21512669
vt 0.04357014 0.84602910
vt 0.04356015 0.84601915
vt 0.04356015 0.84602910
vt 0.23056611 0.20474946
vt 0.04356015 0.84602910
vt 0.04357014 0.84602910
vt 0.04356015 0.84602910
vt 0.57947195 0.31565821
vt 0.04356015 0.84602910
vt 0.04356015 0.84601915
vt 0.12721340 0.60235375
vt 0.12721340 0.60235375
vt 0.05756748 0.77165562
vt 0.05756748 0.77165562
vt 0.04356015 0.84602910
vt 0.31407565 0.28910077
vt 0.04356015 0.84602910
vt 0.04357014 0.84602910
vt 0.57947189 0.31565821
vt 0.57947189 0.31565821
vt 0.04356015 0.84602910
vt 0.07612667 0.83089530
vt 0.49823418 0.47479218
vt 0.04357014 0.84602910
vt 0.04357014 0.84602910
vt 0.04357014 0.84602910
vt 0.04356015 0.84602910
vt 0.04357014 0.84602910
vt 0.04356015 0.84602910
vt 0.04356015 0.84601915
vt 0.04356015 0.84602910
vt 0.04356015 0.84601915
vt 0.04356015 0.84601909
vt 0.04357014 0.84602910
vt 0.46221456 0.39642906
vt 0.04357014 0.84602910
vt 0.04356015 0.84601915
vt 0.04356015 0.84602910
vt 0.04356015 0.84602910
vt 0.04356015 0.84602910
vt 0.04356015 0.84602910
vt 0.04356015 0.84602910
vt 0.04356015 0.84601915
vt 0.15179077 0.70211864
vt 0.15179075 0.70211864
vt 0.04356015 0.84601915
vt 0.04356015 0.84601915
vt 0.04356015 0.84601915
vt 0.04356015 0.84602910
vt 0.04357014 0.84602910
vt 0.04357014 0.84602910
vt 0.91669011 0.33349514
vt 0.04356015 0.84601915
vt 0.04356015 0.84601915
vt 0.04356015 0.84602910
vt 0.49180096 0.47476923
vt 0.48455313 0.50786686
vt 0.47547430 0.52816451
vt 0.48455313 0.50786686
vt 0.48384324 0.50289345
vt 0.04357014 0.84602910
vt 0.04356015 0.84602910
vt 0.04357014 0.84602910
vt 0.04356015 0.84601915
vt 0.04357014 0.84602910
vt 0.04357014 0.84602910
vt 0.04357014 0.84602910
vt 0.04356015 0.84602910
vt 0.04356015 0.84602910
vt 0.04357014 0.84602910
vt 0.04356015 0.84601915
vt 0.04357014 0.84602910
vt 0.04357014 0.84602910
vt 0.39541519 0.29013520
vt 0.04356015 0.84601915
vt 0.37256050 0.28755641
vt 0.39541519 0.29013520
vt 0.04356015 0.84601915
vt 0.37256053 0.28755641
vt 0.04356015 0.84601915
vt 0.04356015 0.84601915
vt 0.04356015 0.84602910
vt 0.04356015 0.84601915
vt 0.04356015 0.84601915
vt 0.04356015 0.84602910
vt 0.04356015 0.84602910
vt 0.04357014 0.84602910
vt 0.04356015 0.84602910
vt 0.04356015 0.84602910
vt 0.04356015 0.84602910
vt 0.04357014 0.84602910
vt 0.04357014 0.84602910
vt 0.08741992 0.85077757
vt 0.04357014 0.84602910
vt 0.04356015 0.84602910
vt 0.04356015 0.84601915
vt 0.04356015 0.84601915
vt 0.04357014 0.84602910
vt 0.42558497 0.49036098
vt 0.42558497 0.49036098
vt 0.04356015 0.84601915
vt 0.43646505 0.46851766
vt 0.04357014 0.84602910
vt 0.04357014 0.84602910
vt 0.04357014 0.84602910
vt 0.04356015 0.84602910
vt 0.04356015 0.84601915
vt 0.04356015 0.84602910
vt 0.04356015 0.84602910
vt 0.04357014 0.84602910
vt 0.27065808 0.61585546
vt 0.04356015 0.84602910
vt 0.04356015 0.84601915
vt 0.04356015 0.84601915
vt 0.04356015 0.84601915
vt 0.04356015 0.84601915
vt 0.04356015 0.84601915
vt 0.04356015 0.84602910
vt 0.13503796 0.46369380
vt 0.04356015 0.84601915
vt 0.04356015 0.84602910
vt 0.04356015 0.84601915
vt 0.04356015 0.84602910
vt 0.04357014 0.84602910
vt 0.62657470 0.39080858
vt 0.21724883 0.22912395
vt 0.21724883 0.22912407
vt 0.04356015 0.84602910
vt 0.04357014 0.84602910
vt 0.08177330 0.84083641
vt 0.56403482 0.35737878
vt 0.56403494 0.35737878
vt 0.04356015 0.84602910
vt 0.04356015 0.84601915
vt 0.04357014 0.84602910
vt 0.04356015 0.84601915
vt 0.04356015 0.84601915
vt 0.04356015 0.84601915
vt 0.04356015 0.84602910
vt 0.04356015 0.84602910
vt 0.04356015 0.84601915
vt 0.04356015 0.84602910
vt 0.04357014 0.84602910
vt 0.44769689 0.44850409
vt 0.44070730 0.46592271
vt 0.04356015 0.84601915
vt 0.04356015 0.84601915
vt 0.04357014 0.84602910
vt 0.04356015 0.84601915
vt 0.04356015 0.84601915
vt 0.04357014 0.84602910
vt 0.04356015 0.84601915
vt 0.04357014 0.84602910
vt 0.04357014 0.84602910
vt 0.04357014 0.84602910
vt 0.77900904 0.38295096
vt 0.04356015 0.84601915
vt 0.04357014 0.84602910
vt 0.04356015 0.84601915
vt 0.04356015 0.84601915
vt 0.04356015 0.84602910
vt 0.04356015 0.84602910
vt 0.04357014 0.84602910
vt 0.04356015 0.84602910
vt 0.04356015 0.84602910
vt 0.04356015 0.84602910
vt 0.04356015 0.84602910
vt 0.04356015 0.84601915
vt 0.04356015 0.84602910
vt 0.04357014 0.84602910
vt 0.04357014 0.84602910
vt 0.04356015 0.84601915
vt 0.33968976 0.56266081
vt 0.33195928 0.56861049
vt 0.04356015 0.84602910
vt 0.04356015 0.84602910
vt 0.04356015 0.84602910
vt 0.04356015 0.84602910
vt 0.32704806 0.28842467
vt 0.04357014 0.84602910
vt 0.04357014 0.84602910
vt 0.04356015 0.84602910
vt 0.04356015 0.84601915
vt 0.16351871 0.69934005
vt 0.16351873 0.69934005
vt 0.04356015 0.84602910
vt 0.56388175 0.39097631
vt 0.56388175 0.39097631
vt 0.24652362 0.63753676
vt 0.04356015 0.84601915
vt 0.04356015 0.84602910
vt 0.04356015 0.84602910
vt 0.04356015 0.84601915
vt 0.04356015 0.84601915
vt 0.62641799 0.29752684
vt 0.04357014 0.84602910
vt 0.04356015 0.84601915
vt 0.04357014 0.84602910
vt 0.04356015 0.84601915
vt 0.04356015 0.84601915
vt 0.04357014 0.84602910
vt 0.04356015 0.84602910
vt 0.04356015 0.84601915
vt 0.04356015 0.84601915
vt 0.04357014 0.84602910
vt 0.04356015 0.84601915
vt 0.04357014 0.84602910
vt 0.04357014 0.84602910
vt 0.04357014 0.84602910
vt 0.04357014 0.84602910
vt 0.04356015 0.84602910
vt 0.04357014 0.84602910
vt 0.04357014 0.84602910
vt 0.04357014 0.84602910
vt 0.47643054 0.31658226
vt 0.04356015 0.84602910
vt 0.04356015 0.84601915
vt 0.04356015 0.84601915
vt 0.04356015 0.84602910
vt 0.04357014 0.84602910
vt 0.04356015 0.84601915
vt 0.04356015 0.84602910
vt 0.04357014 0.84602910
vt 0.04357014 0.84602910
vt 0.04357014 0.84602910
vt 0.04357014 0.84602910
vt 0.04356015 0.84601915
vt 0.04357014 0.84602910
vt 0.04356015 0.84602910
vt 0.04356015 0.84602910
vt 0.04357014 0.84602910
vt 0.04356015 0.84602910
vt 0.04357014 0.84602910
vt 0.04356015 0.84601915
vt 0.04357014 0.84602910
vt 0.04356015 0.84601915
vt 0.64261574 0.34247696
vt 0.64261603 0.34247410
vt 0.09156796 0.70814013
vt 0.09156880 0.70813739
vt 0.04356015 0.84601915
vt 0.04356015 0.84601915
vt 0.04356015 0.84602910
vt 0.07760961 0.64352751
vt 0.28245217 0.20622504
vt 0.28245217 0.20622504
vt 0.04356015 0.84602910
vt 0.04356015 0.84602910
vt 0.04356015 0.84602910
vt 0.04356015 0.84602910
vt 0.04356015 0.84601915
vt 0.55962020 0.37970328
vt 0.55962014 0.37970334
vt 0.04689372 0.74993813
vt 0.04356015 0.84602910
vt 0.04357014 0.84602910
vt 0.04357014 0.84602910
vt 0.91243416 0.34740698
vt 0.04356015 0.84602910
vt 0.04356015 0.84601915
vt 0.04356015 0.84601915
vt 0.04356015 0.84601915
vt 0.04356015 0.84602910
vt 0.04356015 0.84601915
vt 0.04356015 0.84602910
vt 0.04357014 0.84602910
vt 0.04357014 0.84602910
vt 0.04356015 0.84602910
vt 0.04356015 0.84602910
vt 0.89050090 0.37355000
vt 0.04356015 0.84602910
vt 0.89050090 0.37355000
vt 0.04356015 0.84602910
vt 0.04357014 0.84602910
vt 0.04357014 0.84602910
vt 0.04356015 0.84601915
vt 0.04356015 0.84602910
vt 0.04356015 0.84601915
vt 0.04356015 0.84602910
vt 0.07009110 0.68429351
vt 0.04357014 0.84602910
vt 0.04356015 0.84602910
vt 0.59076482 0.29537106
vt 0.13829577 0.79851186
vt 0.04357014 0.84602910
vt 0.04357014 0.84602910
vt 0.04356015 0.84601915
vt 0.04357014 0.84602910
vt 0.04357014 0.84602910
vt 0.04356015 0.84602910
vt 0.04357014 0.84602910
vt 0.04356015 0.84602910
vt 0.04356015 0.84601915
vt 0.04357014 0.84602910
vt 0.04356015 0.84602910
vt 0.04356015 0.84602910
vt 0.04357014 0.84602910
vt 0.04357014 0.84602910
vt 0.33781883 0.64392006
vt 0.05040888 0.74992561
vt 0.04356015 0.84602910
vt 0.04356015 0.84602910
vt 0.04357014 0.84602910
vt 0.04356015 0.84601915
vt 0.04357014 0.84602910
vt 0.04356015 0.84601915
vt 0.04356015 0.84602910
vt 0.04357014 0.84602910
vt 0.04357014 0.84602910
vt 0.04356015 0.84602910
vt 0.04357014 0.84602910
vt 0.04356015 0.84601915
vt 0.04357014 0.84602910
vt 0.04357014 0.84602910
vt 0.04357014 0.84602910
vt 0.04356015 0.84602910
vt 0.04356015 0.84601915
vt 0.04357014 0.84602910
vt 0.04356015 0.84602910
vt 0.04357014 0.84602910
vt 0.04356015 0.84602910
vt 0.04356015 0.84602910
vt 0.04357014 0.84602910
vt 0.04356015 0.84601915
vt 0.04356015 0.84602910
vt 0.04356015 0.84601915
vt 0.04356015 0.84601915
vt 0.04356015 0.84602910
vt 0.04356015 0.84601915
vt 0.04357014 0.84602910
vt 0.04356015 0.84601915
vt 0.04357014 0.84602910
vt 0.28108877 0.28160810
vt 0.04357014 0.84602910
vt 0.04356015 0.84601915
vt 0.04356015 0.84602910
vt 0.04356015 0.84601915
vt 0.04357014 0.84602910
vt 0.04356015 0.84601915
vt 0.04357014 0.84602910
vt 0.04356015 0.84602910
vt 0.04356015 0.84602910
vt 0.04356015 0.84602910
vt 0.04356015 0.84602910
vt 0.04357014 0.84602910
vt 0.04356015 0.84602910
vt 0.04357014 0.84602910
vt 0.04356015 0.84602910
vt 0.04356015 0.84601915
vt 0.04356015 0.84601915
vt 0.04356015 0.84602910
vt 0.56045860 0.36986196
vt 0.04357014 0.84602910
vt 0.04356015 0.84601915
vt 0.04357014 0.84602910
vt 0.04356015 0.84601915
vt 0.04356015 0.84601915
vt 0.04356015 0.84602910
vt 0.04356015 0.84602910
vt 0.04357014 0.84602910
vt 0.04356015 0.84602910
vt 0.47878921 0.31977898
vt 0.47878924 0.31977898
vt 0.04356015 0.84601915
vt 0.04356015 0.84601915
vt 0.24159445 0.28355420
vt 0.04356015 0.84602910
vt 0.04357014 0.84602910
vt 0.04356015 0.84601915
vt 0.04357014 0.84602910
vt 0.04356015 0.84602910
vt 0.12407578 0.39698750
vt 0.04357014 0.84602910
vt 0.14377743 0.71034026
vt 0.14436428 0.70761359
vt 0.92378557 0.33396363
vt 0.04356015 0.84601915
vt 0.15460506 0.50339413
vt 0.04356015 0.84601915
vt 0.04356015 0.84601915
vt 0.04356015 0.84602910
vt 0.04356015 0.84602910
vt 0.04356015 0.84602910
vt 0.04356015 0.84601915
vt 0.04357014 0.84602910
vt 0.04356015 0.84602910
vt 0.34280810 0.28584790
vt 0.34280810 0.28584790
vt 0.04356015 0.84602910
vt 0.04356015 0.84602910
vt 0.04357014 0.84602910
vt 0.04356015 0.84601915
vt 0.91310579 0.34046555
vt 0.04356015 0.84602910
vt 0.91310591 0.34046537
vt 0.04356015 0.84601915
vt 0.04356015 0.84601915
vt 0.04356015 0.84601915
vt 0.04357014 0.84602910
vt 0.04357014 0.84602910
vt 0.04356015 0.84601915
vt 0.04357014 0.84602910
vt 0.04356015 0.84601915
vt 0.53697664 0.36809039
vt 0.54298931 0.34582639
vt 0.54852712 0.32466829
vt 0.04357014 0.84602910
vt 0.04356015 0.84602910
vt 0.04356015 0.84601915
vt 0.04356015 0.84601915
vt 0.04356015 0.84601915
vt 0.04357014 0.84602910
vt 0.04356015 0.84601915
vt 0.04357014 0.84602910
vt 0.04356015 0.84602910
vt 0.04356015 0.84601915
vt 0.04357014 0.84602910
vt 0.04357014 0.84602910
vt 0.04356015 0.84602910
vt 0.13055879 0.65536392
vt 0.13143620 0.66175264
vt 0.13055879 0.65536392
vt 0.04356015 0.84602910
vt 0.47043690 0.38201845
vt 0.47043690 0.38201845
vt 0.04357014 0.84602910
vt 0.04356015 0.84602910
vt 0.04357014 0.84602910
vt 0.04357014 0.84602910
vt 0.04356015 0.84602910
vt 0.04357014 0.84602910
vt 0.04356015 0.84601915
vt 0.16542865 0.69320583
vt 0.04356015 0.84601915
vt 0.04356015 0.84602910
vt 0.04356015 0.84601915
vt 0.47094139 0.31121331
vt 0.04356015 0.84602910
vt 0.04357014 0.84602910
vt 0.04357014 0.84602910
vt 0.04356015 0.84601915
vt 0.04356015 0.84601915
vt 0.04356015 0.84601915
vt 0.04357014 0.84602910
vt 0.12835886 0.68746912
vt 0.12835886 0.68746912
vt 0.04356015 0.84602910
vt 0.04356015 0.84601915
vt 0.14061116 0.69269395
vt 0.04356015 0.84602910
vt 0.14471360 0.69892061
vt 0.04356015 0.84601915
vt 0.14471360 0.69892061
vt 0.04357014 0.84602910
vt 0.14061116 0.69269395
vt 0.14891939 0.70507854
vt 0.04357014 0.84602910
vt 0.04356015 0.84602910
vt 0.47640115 0.31666124
vt 0.04357014 0.84602910
vt 0.04356015 0.84602910
vt 0.04356015 0.84602910
vt 0.04357014 0.84602910
vt 0.04357014 0.84602910
vt 0.04356015 0.84602910
vt 0.45450935 0.43010056
vt 0.45450935 0.43010056
vt 0.04357014 0.84602910
vt 0.04356015 0.84602910
vt 0.04356015 0.84601915
vt 0.61094344 0.29633653
vt 0.04356015 0.84602910
vt 0.04357014 0.84602910
vt 0.04356015 0.84601915
vt 0.04357014 0.84602910
vt 0.04356015 0.84602910
vt 0.04356015 0.84602910
vt 0.04357014 0.84602910
vt 0.04357014 0.84602910
vt 0.04356015 0.84602910
vt 0.04356015 0.84602910
vt 0.04356015 0.84601915
vt 0.04356015 0.84601915
vt 0.04356015 0.84602910
vt 0.04357014 0.84602910
vt 0.04356015 0.84602910
vt 0.04357014 0.84602910
vt 0.04356015 0.84601915
vt 0.04356015 0.84602910
vt 0.13669538 0.68633014
vt 0.04356015 0.84601915
vt 0.04356015 0.84602910
vt 0.04357014 0.84602910
vt 0.04356015 0.84602910
vt 0.13669538 0.68633014
vt 0.04356015 0.84602910
vt 0.04357014 0.84602910
vt 0.04356015 0.84601915
vt 0.04356015 0.84602910
vt 0.04357014 0.84602910
vt 0.04356015 0.84601915
vt 0.04357014 0.84602910
vt 0.04357014 0.84602910
vt 0.04357014 0.84602910
vt 0.04356015 0.84601915
vt 0.04356015 0.84601915
vt 0.04357014 0.84602910
vt 0.04356015 0.84602910
vt 0.04357014 0.84602910
vt 0.04356015 0.84601915
vt 0.04357014 0.84602910
vt 0.04357014 0.84602910
vt 0.04356015 0.84601915
vt 0.04357014 0.84602910
vt 0.04356015 0.84601915
vt 0.04356015 0.84601915
vt 0.04357014 0.84602910
vt 0.04357014 0.84602910
vt 0.04357014 0.84602910
vt 0.04356015 0.84602910
vt 0.04357014 0.84602910
vt 0.04356015 0.84601915
vt 0.04356015 0.84602910
vt 0.04356015 0.84601915
vt 0.04356015 0.84602910
vt 0.04356015 0.84601915
vt 0.04356015 0.84602910
vt 0.04356015 0.84602910
vt 0.04356015 0.84602910
vt 0.52068400 0.42142445
vt 0.51052076 0.45152205
vt 0.52068400 0.42142445
vt 0.51052076 0.45152205
vt 0.04357014 0.84602910
vt 0.04356015 0.84602910
vt 0.50014997 0.48081505
vt 0.83836526 0.32600158
vt 0.83836520 0.32600158
vt 0.04357014 0.84602910
vt 0.04356015 0.84602910
vt 0.04356015 0.84601915
vt 0.04356015 0.84601915
vt 0.04356015 0.84602910
vt 0.04357014 0.84602910
vt 0.45176950 0.43003547
vt 0.43158773 0.47963268
vt 0.43158773 0.47963268
vt 0.04356015 0.84601915
vt 0.48064408 0.52171820
vt 0.47135323 0.53319532
vt 0.48064405 0.52171803
vt 0.47135323 0.53319532
vt 0.89139527 0.37530041
vt 0.04356015 0.84601915
vt 0.04357014 0.84602910
vt 0.57322747 0.23789883
vt 0.04357014 0.84602910
vt 0.04356015 0.84602910
vt 0.04356015 0.84602910
vt 0.04356015 0.84601915
vt 0.04356015 0.84602910
vt 0.04356015 0.84601915
vt 0.04357014 0.84602910
vt 0.04357014 0.84602910
vt 0.04356015 0.84601915
vt 0.04356015 0.84601915
vt 0.04356015 0.84602910
vt 0.04357014 0.84602910
vt 0.04357014 0.84602910
vt 0.04357014 0.84602910
vt 0.04356015 0.84602910
vt 0.04357014 0.84602910
vt 0.92507470 0.33348900
vt 0.13091081 0.67209727
vt 0.04357014 0.84602910
vt 0.04357014 0.84602910
vt 0.04356015 0.84602910
vt 0.04357014 0.84602910
vt 0.04357014 0.84602910
vt 0.04357014 0.84602910
vt 0.04356015 0.84602910
vt 0.04357014 0.84602910
vt 0.04356015 0.84602910
vt 0.04356015 0.84602910
vt 0.04356015 0.84602910
vt 0.04357014 0.84602910
vt 0.04357014 0.84602910
vt 0.47094139 0.31121331
vt 0.04356015 0.84602910
vt 0.04356015 0.84602910
vt 0.04356015 0.84602910
vt 0.04356015 0.84601915
vt 0.04357014 0.84602910
vt 0.04356015 0.84602910
vt 0.04356015 0.84602910
vt 0.04357014 0.84602910
vt 0.04356015 0.84601915
vt 0.04357014 0.84602910
vt 0.04356015 0.84601915
vt 0.04356015 0.84601915
vt 0.04357014 0.84602910
vt 0.04356015 0.84602910
vt 0.42395854 0.49356210
vt 0.13632205 0.68660462
vt 0.13343257 0.67948622
vt 0.04357014 0.84602910
vt 0.13343257 0.67948627
vt 0.04357014 0.84602910
vt 0.04356015 0.84602910
vt 0.04356015 0.84601915
vt 0.04356015 0.84601915
vt 0.04357014 0.84602910
vt 0.04356015 0.84601915
vt 0.04356015 0.84602910
vt 0.04356015 0.84601915
vt 0.04356015 0.84602910
vt 0.04357014 0.84602910
vt 0.04356015 0.84601915
vt 0.04357014 0.84602910
vt 0.04356015 0.84601915
vt 0.04357014 0.84602910
vt 0.04357014 0.84602910
vt 0.04356015 0.84601915
vt 0.04356015 0.84602910
vt 0.04357014 0.84602910
vt 0.04357014 0.84602910
vt 0.04357014 0.84602910
vt 0.04356015 0.84602910
vt 0.04357014 0.84602910
vt 0.04357014 0.84602910
vt 0.04356015 0.84602910
vt 0.04356015 0.84602910
vt 0.04357014 0.84602910
vt 0.04356015 0.84602910
vt 0.04357014 0.84602910
vt 0.04357014 0.84602910
vt 0.92507470 0.33349901
vt 0.04357014 0.84602910
vt 0.87893087 0.37558126
vt 0.04357014 0.84602910
vt 0.59076482 0.29537106
vt 0.04356015 0.84601915
vt 0.04356015 0.84602910
vt 0.04356015 0.84601915
vt 0.17403118 0.73397255
vt 0.16443150 0.74145699
vt 0.17403118 0.73397255
vt 0.16443150 0.74145699
vt 0.04357014 0.84602910
vt 0.04357014 0.84602910
vt 0.04357014 0.84602910
vt 0.04356015 0.84601915
vt 0.04357014 0.84602910
vt 0.04357014 0.84602910
vt 0.04357014 0.84602910
vt 0.04356015 0.84602910
vt 0.04356015 0.84602910
vt 0.04356015 0.84602910
vt 0.04356015 0.84601915
vt 0.04356015 0.84601915
vt 0.04357014 0.84602910
vt 0.04356015 0.84601915
vt 0.47094139 0.31121331
vt 0.04357014 0.84602910
vt 0.04356015 0.84601915
vt 0.04357014 0.84602910
vt 0.04357014 0.84602910
vt 0.39020783 0.28889215
vt 0.04356015 0.84601915
vt 0.04356015 0.84602910
vt 0.04356015 0.84601915
vt 0.21707758 0.65690476
vt 0.04356015 0.84602910
vt 0.04356015 0.84601915
vt 0.04357014 0.84602910
vt 0.04356015 0.84601915
vt 0.04356015 0.84601915
vt 0.92507470 0.33348900
vt 0.04356015 0.84601915
vt 0.04356015 0.84601915
vt 0.04356015 0.84602910
vt 0.04357014 0.84602910
vt 0.04356015 0.84601915
vt 0.04357014 0.84602910
vt 0.83552778 0.32163000
vt 0.04356015 0.84602910
vt 0.04357014 0.84602910
vt 0.04356015 0.84601915
vt 0.04356015 0.84602910
vt 0.04356015 0.84602910
vt 0.04356015 0.84601915
vt 0.04357014 0.84602910
vt 0.04356015 0.84602910
vt 0.04356015 0.84601915
vt 0.04357014 0.84602910
vt 0.04356015 0.84601915
vt 0.04357014 0.84602910
vt 0.04357014 0.84602910
vt 0.04357014 0.84602910
vt 0.04357014 0.84602910
vt 0.28397995 0.68510747
vt 0.28397995 0.68510747
vt 0.04356015 0.84602910
vt 0.04357014 0.84602910
vt 0.04356015 0.84602910
vt 0.04356015 0.84602910
vt 0.04357014 0.84602910
vt 0.04356015 0.84602910
vt 0.04356015 0.84602910
vt 0.04356015 0.84601915
vt 0.18394078 0.72617924
vt 0.18394078 0.72617924
vt 0.41896468 0.49840641
vt 0.04357014 0.84602910
vt 0.04357014 0.84602910
vt 0.04357014 0.84602910
vt 0.04356015 0.84602910
vt 0.04357014 0.84602910
vt 0.04356015 0.84601915
vt 0.04356015 0.84601915
vt 0.04357014 0.84602910
vt 0.04357014 0.84602910
vt 0.04357014 0.84602910
vt 0.04356015 0.84602910
vt 0.47376311 0.31379533
vt 0.04356015 0.84601915
vt 0.04356015 0.84602910
vt 0.04356015 0.84601915
vt 0.04356015 0.84602910
vt 0.04356015 0.84601915
vt 0.04356015 0.84601915
vt 0.04357014 0.84602910
vt 0.04356015 0.84602910
vt 0.04356015 0.84602910
vt 0.04356015 0.84602910
vt 0.04356015 0.84602910
vt 0.04356015 0.84602910
vt 0.04356015 0.84602910
vt 0.04357014 0.84602910
vt 0.04356015 0.84602910
vt 0.04356015 0.84601915
vt 0.04357014 0.84602910
vt 0.04357014 0.84602910
vt 0.04357014 0.84602910
vt 0.04357014 0.84602910
vt 0.04357014 0.84602910
vt 0.04357014 0.84602910
vt 0.04356015 0.84602910
vt 0.04357014 0.84602910
vt 0.04356015 0.84601915
vt 0.28078946 0.27007532
vt 0.04356015 0.84602910
vt 0.04356015 0.84601915
vt 0.04357014 0.84602910
vt 0.04356015 0.84602910
vt 0.04356015 0.84602910
vt 0.24814603 0.26825821
vt 0.24814603 0.26825821
vt 0.04356015 0.84602910
vt 0.04357014 0.84602910
vt 0.04356015 0.84601915
vt 0.04357014 0.84602910
vt 0.04356015 0.84602910
vt 0.04356015 0.84602910
vt 0.04356015 0.84601915
vt 0.04357014 0.84602910
vt 0.04356015 0.84601915
vt 0.04356015 0.84601915
vt 0.04356015 0.84602910
vt 0.04356015 0.84602910
vt 0.04356015 0.84602910
vt 0.04357014 0.84602910
vt 0.04357014 0.84602910
vt 0.04357014 0.84602910
vt 0.04356015 0.84601915
vt 0.04356015 0.84602910
vt 0.04356015 0.84601915
vt 0.04356015 0.84601915
vt 0.04357014 0.84602910
vt 0.04357014 0.84602910
vt 0.04357014 0.84602910
vt 0.04357014 0.84602910
vt 0.04356015 0.84602910
vt 0.04357014 0.84602910
vt 0.04356015 0.84601915
vt 0.04357014 0.84602910
vt 0.04356015 0.84602910
vt 0.04356015 0.84601915
vt 0.04357014 0.84602910
vt 0.04356015 0.84602910
vt 0.04356015 0.84601915
vt 0.04356015 0.84602910
vt 0.04356015 0.84602910
vt 0.04357014 0.84602910
vt 0.04356015 0.84602910
vt 0.04356015 0.84602910
vt 0.04356015 0.84601915
vt 0.04357014 0.84602910
vt 0.04356015 0.84601915
vt 0.04357014 0.84602910
vt 0.04357014 0.84602910
vt 0.04356015 0.84601915
vt 0.04356015 0.84601915
vt 0.04357014 0.84602910
vt 0.04356015 0.84601915
vt 0.04357014 0.84602910
vt 0.46697190 0.53691733
vt 0.04356015 0.84601915
vt 0.04357014 0.84602910
vt 0.04356015 0.84602910
vt 0.04357014 0.84602910
vt 0.04356015 0.84602910
vt 0.04356015 0.84602910
vt 0.04356015 0.84601915
vt 0.04356015 0.84602910
vt 0.04357014 0.84602910
vt 0.04356015 0.84601915
vt 0.04357014 0.84602910
vt 0.04357014 0.84602910
vt 0.50766635 0.28015596
vt 0.50765711 0.28016484
vt 0.04356015 0.84602910
vt 0.24266250 0.71611166
vt 0.24266250 0.71611166
vt 0.04356015 0.84602910
vt 0.04356015 0.84602910
vt 0.04357014 0.84602910
vt 0.04356015 0.84601915
vt 0.04357014 0.84602910
vt 0.04356015 0.84602910
vt 0.04356015 0.84602910
vt 0.04356015 0.84602910
vt 0.04356015 0.84602910
vt 0.04356015 0.84601915
vt 0.04356015 0.84601915
vt 0.04356015 0.84602910
vt 0.04357014 0.84602910
vt 0.04356015 0.84601915
vt 0.04356015 0.84602910
vt 0.04356015 0.84602910
vt 0.04356015 0.84602910
vt 0.04356015 0.84601915
vt 0.04356015 0.84602910
vt 0.04356015 0.84602910
vt 0.04357014 0.84602910
vt 0.04357014 0.84602910
vt 0.04356015 0.84602910
vt 0.04356015 0.84601915
vt 0.04356015 0.84602910
vt 0.04356015 0.84602910
vt 0.04357014 0.84602910
vt 0.04357014 0.84602910
vt 0.04357014 0.84602910
vt 0.04356015 0.84602910
vt 0.04357014 0.84602910
vt 0.04356015 0.84602910
vt 0.04356015 0.84602910
vt 0.04357014 0.84602910
vt 0.04356015 0.84601915
vt 0.04357014 0.84602910
vt 0.04357014 0.84602910
vt 0.04356015 0.84602910
vt 0.04357014 0.84602910
vt 0.04356015 0.84601915
vt 0.04356015 0.84601915
vt 0.04357014 0.84602910
vt 0.04356015 0.84601915
vt 0.54878265 0.32378006
vt 0.04356015 0.84601915
vt 0.04356015 0.84601915
vt 0.26955813 0.69540453
vt 0.04356015 0.84601915
vt 0.04356015 0.84602910
vt 0.04356015 0.84601915
vt 0.04356015 0.84601915
vt 0.04357014 0.84602910
vt 0.04356015 0.84602910
vt 0.04357014 0.84602910
vt 0.04356015 0.84602910
vt 0.04357014 0.84602910
vt 0.04356015 0.84601915
vt 0.12968139 0.64897513
vt 0.12968139 0.64897513
vt 0.04356015 0.84601915
vt 0.04357014 0.84602910
vt 0.04356015 0.84601915
vt 0.04356015 0.84602910
vt 0.04356015 0.84601915
vt 0.04357014 0.84602910
vt 0.89065635 0.38049585
vt 0.04357014 0.84602910
vt 0.04356015 0.84601915
vt 0.04356015 0.84602910
vt 0.04356015 0.84602910
vt 0.04356015 0.84602910
vt 0.04356015 0.84602910
vt 0.04356015 0.84602910
vt 0.04356015 0.84602910
vt 0.04356015 0.84601915
vt 0.04356015 0.84601915
vt 0.04357014 0.84602910
vt 0.56853187 0.24448389
vt 0.04356015 0.84602910
vt 0.04356015 0.84602910
vt 0.04356015 0.84602910
vt 0.04357014 0.84602910
vt 0.04357014 0.84602910
vt 0.04356015 0.84601915
vt 0.04356015 0.84602910
vt 0.04357014 0.84602910
vt 0.04356015 0.84601915
vt 0.04356015 0.84602910
vt 0.04356015 0.84602910
vt 0.04357014 0.84602910
vt 0.04357014 0.84602910
vt 0.04357014 0.84602910
vt 0.04356015 0.84602910
vt 0.04356015 0.84602910
vt 0.04356015 0.84601915
vt 0.04356015 0.84601915
vt 0.89871907 0.36908191
vt 0.22924076 0.72602552
vt 0.04357014 0.84602910
vt 0.04356015 0.84602910
vt 0.55753797 0.28912359
vt 0.04356015 0.84601915
vt 0.04357014 0.84602910
vt 0.04356015 0.84602910
vt 0.04356015 0.84601915
vt 0.04356015 0.84601915
vt 0.04357014 0.84602910
vt 0.04356015 0.84602910
vt 0.04356015 0.84602910
vt 0.04357014 0.84602910
vt 0.04356015 0.84601915
vt 0.04356015 0.84601915
vt 0.04356015 0.84602910
vt 0.04356015 0.84602910
vt 0.04356015 0.84601915
vt 0.56498569 0.25893313
vt 0.56498569 0.25893313
vt 0.04357014 0.84602910
vt 0.04357014 0.84602910
vt 0.04357014 0.84602910
vt 0.04356015 0.84602910
vt 0.04357014 0.84602910
vt 0.04357014 0.84602910
vt 0.91746789 0.33886379
vt 0.04356015 0.84601915
vt 0.04356015 0.84602910
vt 0.04357014 0.84602910
vt 0.04356015 0.84601915
vt 0.04357014 0.84602910
vt 0.04357014 0.84602910
vt 0.04357014 0.84602910
vt 0.04357014 0.84602910
vt 0.50014913 0.48091239
vt 0.04356015 0.84602910
vt 0.04357014 0.84602910
vt 0.04356015 0.84602910
vt 0.49003041 0.50563979
vt 0.49003041 0.50563979
vt 0.04356015 0.84602910
vt 0.04356015 0.84602910
vt 0.04357014 0.84602910
vt 0.04356015 0.84602910
vt 0.04356015 0.84601915
vt 0.04357014 0.84602910
vt 0.04356015 0.84602910
vt 0.04357014 0.84602910
vt 0.04357014 0.84602910
vt 0.04357014 0.84602910
vt 0.04356015 0.84602910
vt 0.04357014 0.84602910
vt 0.04357014 0.84602910
vt 0.04356015 0.84602910
vt 0.04356015 0.84602910
vt 0.39718151 0.29811591
vt 0.04356015 0.84602910
vt 0.04356015 0.84601915
vt 0.44967908 0.55456835
vt 0.44967908 0.55456835
vt 0.04356015 0.84601915
vt 0.04356015 0.84601915
vt 0.04356015 0.84601915
vt 0.04357014 0.84602910
vt 0.04357014 0.84602910
vt 0.04356015 0.84601915
vt 0.04357014 0.84602910
vt 0.04356015 0.84602910
vt 0.04356015 0.84602910
vt 0.04356015 0.84602910
vt 0.04357014 0.84602910
vt 0.04356015 0.84602910
vt 0.52981454 0.39281815
vt 0.52981454 0.39281815
vt 0.04356015 0.84602910
vt 0.04356015 0.84602910
vt 0.04357014 0.84602910
vt 0.04356015 0.84602910
vt 0.04356015 0.84602910
vt 0.04356015 0.84601915
vt 0.55981815 0.38623440
vt 0.04356015 0.84601915
vt 0.04356015 0.84601915
vt 0.04356015 0.84601915
vt 0.04357014 0.84602910
vt 0.04356015 0.84602910
vt 0.42359141 0.30230373
vt 0.42359141 0.30230373
vt 0.04356015 0.84602910
vt 0.04357014 0.84602910
vt 0.04356015 0.84601915
vt 0.04356015 0.84602910
vt 0.04357014 0.84602910
vt 0.04356015 0.84601915
vt 0.14891939 0.70507854
vt 0.04357014 0.84602910
vt 0.04357014 0.84602910
vt 0.91393328 0.33988917
vt 0.04357014 0.84602910
vt 0.04356015 0.84601915
vt 0.04356015 0.84601915
vt 0.04356015 0.84602910
vt 0.04356015 0.84602910
vt 0.40335768 0.51263487
vt 0.80699444 0.31728715
vt 0.80699444 0.31728715
vt 0.04357014 0.84602910
vt 0.04357014 0.84602910
vt 0.04356015 0.84601915
vt 0.04356015 0.84602910
vt 0.04357014 0.84602910
vt 0.04357014 0.84602910
vt 0.04357014 0.84602910
vt 0.04357014 0.84602910
vt 0.11272714 0.82055897
vt 0.11272714 0.82055897
vt 0.04357014 0.84602910
vt 0.04356015 0.84602910
vt 0.04357014 0.84602910
vt 0.04357014 0.84602910
vt 0.04356015 0.84601915
vt 0.04356015 0.84602910
vt 0.09996945 0.83154452
vt 0.09996945 0.83154452
vt 0.08719414 0.84255731
vt 0.04356015 0.84601915
vt 0.04357014 0.84602910
vt 0.04356015 0.84602910
vt 0.04356015 0.84601915
vt 0.04357014 0.84602910
vt 0.04356015 0.84602910
vt 0.04357014 0.84602910
vt 0.04357014 0.84602910
vt 0.13000326 0.63903987
vt 0.12926444 0.65310365
vt 0.13000326 0.63903987
vt 0.12926446 0.65310359
vt 0.12998407 0.66310763
vt 0.04356015 0.84601915
vt 0.12998407 0.66310757
vt 0.09950736 0.82112682
vt 0.47712258 0.35059822
vt 0.47712258 0.35059822
vt 0.04356015 0.84601915
vt 0.04357014 0.84602910
vt 0.04357014 0.84602910
vt 0.04356015 0.84601915
vt 0.04356015 0.84602910
vt 0.04356015 0.84602910
vt 0.13307533 0.61815542
vt 0.13759683 0.59308612
vt 0.13759682 0.59308612
vt 0.13307528 0.61815560
vt 0.04356015 0.84602910
vt 0.04356015 0.84602910
vt 0.04356015 0.84602910
vt 0.04357014 0.84602910
vt 0.04356015 0.84601915
vt 0.04356015 0.84602910
vt 0.04356015 0.84601915
vt 0.04356015 0.84602910
vt 0.04356015 0.84601915
vt 0.04356015 0.84601915
vt 0.04356015 0.84602910
vt 0.04356015 0.84601915
vt 0.04356015 0.84602910
vt 0.04356015 0.84601915
vt 0.04356015 0.84601915
vt 0.04357014 0.84602910
vt 0.04356015 0.84602910
vt 0.04357014 0.84602910
vt 0.04357014 0.84602910
vt 0.20105724 0.74762142
vt 0.04357014 0.84602910
vt 0.04357014 0.84602910
vt 0.04356015 0.84602910
vt 0.04357014 0.84602910
vt 0.04357014 0.84602910
vt 0.04356015 0.84602910
vt 0.04357014 0.84602910
vt 0.04356015 0.84601915
vt 0.04357014 0.84602910
vt 0.04356015 0.84601915
vt 0.23465092 0.28732270
vt 0.04356015 0.84602910
vt 0.04356015 0.84601915
vt 0.28306976 0.68579435
vt 0.04357014 0.84602910
vt 0.04356015 0.84602910
vt 0.04356015 0.84601915
vt 0.04356015 0.84601915
vt 0.04356015 0.84601915
vt 0.04357014 0.84602910
vt 0.04356015 0.84602910
vt 0.04357014 0.84602910
vt 0.04356015 0.84601915
vt 0.31103823 0.19594646
vt 0.04357014 0.84602910
vt 0.04357014 0.84602910
vt 0.04356015 0.84601915
vt 0.04357014 0.84602910
vt 0.04356015 0.84602910
vt 0.04356015 0.84602910
vt 0.04356015 0.84602910
vt 0.04357014 0.84602910
vt 0.04357014 0.84602910
vt 0.04357014 0.84602910
vt 0.45669824 0.29974151
vt 0.04357014 0.84602910
vt 0.04357014 0.84602910
vt 0.46188104 0.30095410
vt 0.04356015 0.84601915
vt 0.04356015 0.84602910
vt 0.04356015 0.84602910
vt 0.04357014 0.84602910
vt 0.04356015 0.84601915
vt 0.13212629 0.68044668
vt 0.04357014 0.84602910
vt 0.47094139 0.31121331
vt 0.04356015 0.84601915
vt 0.04357014 0.84602910
vt 0.04356015 0.84601915
vt 0.04357014 0.84602910
vt 0.04357014 0.84602910
vt 0.04357014 0.84602910
vt 0.04356015 0.84602910
vt 0.04356015 0.84602910
vt 0.04357014 0.84602910
vt 0.04356015 0.84602910
vt 0.48397669 0.51941168
vt 0.04357014 0.84602910
vt 0.04357014 0.84602910
vt 0.49447554 0.48847079
vt 0.04356015 0.84601915
vt 0.04357014 0.84602910
vt 0.04357014 0.84602910
vt 0.28300595 0.68505090
vt 0.04356015 0.84601915
vt 0.04357014 0.84602910
vt 0.04357014 0.84602910
vt 0.04356015 0.84602910
vt 0.04356015 0.84601915
vt 0.04357014 0.84602910
vt 0.04356015 0.84602910
vt 0.04356015 0.84602910
vt 0.04356015 0.84601915
vt 0.04356015 0.84601915
vt 0.04356015 0.84601915
vt 0.04357014 0.84602910
vt 0.04356015 0.84602910
vt 0.46656451 0.30204988
vt 0.04356015 0.84602910
vt 0.04357014 0.84602910
vt 0.04357014 0.84602910
vt 0.04356015 0.84601915
vt 0.04356015 0.84601915
vt 0.04357014 0.84602910
vt 0.04356015 0.84602910
vt 0.04356015 0.84601915
vt 0.04356015 0.84601915
vt 0.04357014 0.84602910
vt 0.04357014 0.84602910
vt 0.04356015 0.84602910
vt 0.04356015 0.84602910
vt 0.04356015 0.84602910
vt 0.04357014 0.84602910
vt 0.04356015 0.84601915
vt 0.04356015 0.84602910
f 15/15 16/16 17/17
f 18/18 19/19 20/20
f 23/23 24/24 25/25
f 26/26 27/27 28/28
f 35/35 36/36 37/37
f 49/49 50/50 51/51
f 2486/2486 52/52 3539/3539
f 70/70 71/71 72/72
f 77/77 78/78 367/367
f 83/83 84/84 85/85
f 91/91 92/92 93/93
f 95/95 96/96 97/97
f 109/109 110/110 111/111
f 125/125 126/126 127/127
f 139/139 140/140 141/141
f 142/142 143/143 144/144
f 145/145 146/146 147/147
f 157/157 158/158 159/159
f 161/161 162/162 163/163
f 169/169 170/170 171/171
f 194/194 195/195 196/196
f 199/199 1089/1089 200/200
f 205/205 1852/1852 206/206
f 207/207 208/208 209/209
f 220/220 221/221 222/222
f 223/223 224/224 225/225
f 234/234 235/235 236/236
f 237/237 238/238 239/239
f 242/242 243/243 244/244
f 253/253 254/254 255/255
f 269/269 270/270 164/164
f 271/271 272/272 273/273
f 296/296 297/297 298/298
f 307/307 308/308 309/309
f 310/310 311/311 312/312
f 330/330 331/331 332/332
f 243/243 337/337 338/338
f 4560/4560 349/349 350/350
f 357/357 194/194 358/358
f 68/68 362/362 363/363
f 364/364 3343/3343 4821/4821
f 368/368 346/346 369/369
f 418/418 3092/3092 419/419
f 426/426 427/427 428/428
f 433/433 434/434 435/435
f 313/313 449/449 314/314
f 245/245 246/246 457/457
f 475/475 2020/2020 476/476
f 481/481 482/482 2643/2643
f 483/483 484/484 485/485
f 492/492 493/493 494/494
f 94/94 507/507 577/577
f 291/291 508/508 509/509
f 512/512 513/513 514/514
f 24/24 527/527 25/25
f 6189/6189 532/532 533/533
f 536/536 537/537 538/538
f 550/550 551/551 552/552
f 328/328 3028/3028 329/329
f 567/567 568/568 569/569
f 572/572 573/573 574/574
f 576/576 577/577 578/578
f 582/582 583/583 357/357
f 590/590 1725/1725 591/591
f 596/596 597/597 598/598
f 604/604 605/605 606/606
f 620/620 621/621 1228/1228
f 626/626 627/627 628/628
f 630/630 631/631 632/632
f 642/642 643/643 644/644
f 85/85 84/84 6727/6727
f 127/127 645/645 646/646
f 659/659 660/660 661/661
f 663/663 193/193 664/664
f 5198/5198 1160/1160 665/665
f 685/685 686/686 687/687
f 688/688 689/689 690/690
f 693/693 694/694 695/695
f 702/702 703/703 704/704
f 709/709 710/710 711/711
f 718/718 719/719 720/720
f 725/725 726/726 727/727
f 728/728 729/729 730/730
f 437/437 436/436 742/742
f 746/746 747/747 748/748
f 758/758 183/183 759/759
f 760/760 761/761 762/762
f 712/712 767/767 713/713
f 772/772 773/773 774/774
f 374/374 373/373 776/776
f 777/777 778/778 891/891
f 779/779 780/780 781/781
f 795/795 796/796 797/797
f 798/798 799/799 800/800
f 803/803 804/804 805/805
f 144/144 143/143 806/806
f 807/807 808/808 809/809
f 811/811 812/812 813/813
f 272/272 814/814 6758/6758
f 815/815 816/816 817/817
f 822/822 823/823 824/824
f 831/831 453/453 454/454
f 590/590 832/832 1725/1725
f 837/837 838/838 839/839
f 843/843 3745/3745 844/844
f 850/850 7069/7069 851/851
f 852/852 853/853 854/854
f 859/859 860/860 861/861
f 875/875 3033/3033 341/341
f 877/877 878/878 879/879
f 880/880 881/881 882/882
f 888/888 889/889 565/565
f 891/891 486/486 892/892
f 894/894 895/895 2401/2401
f 900/900 58/58 901/901
f 902/902 903/903 904/904
f 907/907 908/908 2786/2786
f 587/587 915/915 916/916
f 920/920 921/921 922/922
f 929/929 930/930 931/931
f 934/934 935/935 936/936
f 452/452 451/451 949/949
f 952/952 953/953 954/954
f 971/971 6/6 5/5
f 1001/1001 2220/2220 1002/1002
f 1006/1006 1007/1007 1008/1008
f 1015/1015 1016/1016 1017/1017
f 1018/1018 576/576 1019/1019
f 547/547 1024/1024 1025/1025
f 190/190 1030/1030 1031/1031
f 1032/1032 811/811 813/813
f 119/119 1033/1033 120/120
f 314/314 449/449 1040/1040
f 1066/1066 1067/1067 1068/1068
f 2937/2937 819/819 820/820
f 1074/1074 1075/1075 1076/1076
f 7165/7165 4545/4545 1088/1088
f 1089/1089 139/139 141/141
f 760/760 1094/1094 761/761
f 3653/3653 1097/1097 710/710
f 1098/1098 1099/1099 1100/1100
f 1690/1690 1101/1101 1102/1102
f 520/520 1106/1106 1107/1107
f 1110/1110 1111/1111 339/339
f 1116/1116 1117/1117 342/342
f 573/573 1118/1118 574/574
f 1128/1128 1129/1129 1130/1130
f 1131/1131 1132/1132 1133/1133
f 1134/1134 1135/1135 537/537
f 1136/1136 1137/1137 1138/1138
f 1139/1139 1140/1140 1141/1141
f 1142/1142 1143/1143 1144/1144
f 1150/1150 1151/1151 1152/1152
f 1153/1153 1154/1154 1155/1155
f 1165/1165 495/495 1166/1166
f 199/199 1170/1170 1089/1089
f 1171/1171 1172/1172 1173/1173
f 4086/4086 1174/1174 1175/1175
f 418/418 419/419 1176/1176
f 1186/1186 1187/1187 651/651
f 3027/3027 9/9 1205/1205
f 5112/5112 62/62 63/63
f 1217/1217 6728/6728 751/751
f 1221/1221 1222/1222 20/20
f 1233/1233 1234/1234 1235/1235
f 1238/1238 1239/1239 1240/1240
f 640/640 639/639 1246/1246
f 1248/1248 1249/1249 1250/1250
f 1258/1258 6112/6112 1259/1259
f 1262/1262 1257/1257 1263/1263
f 1279/1279 1280/1280 1281/1281
f 1301/1301 1302/1302 223/223
f 1310/1310 1311/1311 4475/4475
f 1312/1312 1313/1313 1314/1314
f 196/196 1320/1320 1321/1321
f 1324/1324 1325/1325 1139/1139
f 1331/1331 1332/1332 1333/1333
f 795/795 797/797 1334/1334
f 1349/1349 1350/1350 1351/1351
f 1354/1354 1355/1355 1356/1356
f 1361/1361 1362/1362 552/552
f 1375/1375 1376/1376 1377/1377
f 1383/1383 1384/1384 1385/1385
f 121/121 1388/1388 1389/1389
f 132/132 1390/1390 132/132
f 1398/1398 1399/1399 386/386
f 1400/1400 1401/1401 1402/1402
f 1403/1403 498/498 1404/1404
f 1333/1333 1332/1332 1405/1405
f 1406/1406 1407/1407 1408/1408
f 1409/1409 1410/1410 609/609
f 1413/1413 1414/1414 1415/1415
f 1416/1416 1417/1417 1418/1418
f 1419/1419 1420/1420 966/966
f 97/97 1423/1423 1424/1424
f 1401/1401 1425/1425 1402/1402
f 1052/1052 1051/1051 1428/1428
f 1434/1434 1435/1435 1294/1294
f 1436/1436 434/434 433/433
f 1438/1438 95/95 1439/1439
f 1440/1440 1441/1441 1442/1442
f 578/578 577/577 507/507
f 1450/1450 1451/1451 1452/1452
f 1329/1329 1328/1328 1459/1459
f 1460/1460 1461/1461 659/659
f 1105/1105 1105/1105 1462/1462
f 1464/1464 545/545 42/42
f 1473/1473 1126/1126 1127/1127
f 747/747 1490/1490 631/631
f 1491/1491 1492/1492 747/747
f 1493/1493 1494/1494 1495/1495
f 1505/1505 471/471 1506/1506
f 1507/1507 1508/1508 1509/1509
f 2403/2403 1516/1516 911/911
f 1521/1521 1522/1522 1523/1523
f 513/513 1529/1529 1530/1530
f 1540/1540 1541/1541 1542/1542
f 885/885 886/886 1545/1545
f 1548/1548 1549/1549 1550/1550
f 1551/1551 723/723 724/724
f 315/315 1892/1892 316/316
f 813/813 1552/1552 810/810
f 1907/1907 1553/1553 1554/1554
f 1055/1055 1557/1557 1056/1056
f 75/75 76/76 1558/1558
f 1561/1561 1562/1562 1563/1563
f 1358/1358 1357/1357 1564/1564
f 1567/1567 1568/1568 1569/1569
f 1571/1571 176/176 175/175
f 1580/1580 1581/1581 1582/1582
f 232/232 231/231 1584/1584
f 229/229 230/230 723/723
f 1588/1588 1589/1589 1590/1590
f 1595/1595 1596/1596 1597/1597
f 1600/1600 1601/1601 1602/1602
f 1603/1603 1604/1604 1605/1605
f 1606/1606 1607/1607 1608/1608
f 1609/1609 1610/1610 1611/1611
f 1612/1612 1613/1613 1614/1614
f 891/891 1615/1615 486/486
f 1616/1616 1617/1617 611/611
f 1618/1618 1619/1619 1620/1620
f 3654/3654 214/214 215/215
f 1624/1624 1625/1625 1626/1626
f 6951/6951 575/575 1640/1640
f 1645/1645 505/505 1646/1646
f 1649/1649 1650/1650 1651/1651
f 1652/1652 1641/1641 1642/1642
f 1655/1655 6346/6346 1656/1656
f 1667/1667 1668/1668 1666/1666
f 1669/1669 1670/1670 1208/1208
f 4418/4418 1675/1675 1676/1676
f 1677/1677 1678/1678 284/284
f 6758/6758 119/119 120/120
f 1685/1685 1686/1686 1247/1247
f 1687/1687 1688/1688 1689/1689
f 1703/1703 1704/1704 1705/1705
f 1341/1341 1706/1706 1707/1707
f 1708/1708 1709/1709 1710/1710
f 1711/1711 1712/1712 1713/1713
f 1716/1716 742/742 1717/1717
f 1725/1725 1726/1726 405/405
f 1727/1727 542/542 1728/1728
f 1733/1733 1734/1734 1735/1735
f 1743/1743 1744/1744 1745/1745
f 307/307 1746/1746 308/308
f 1747/1747 1748/1748 1150/1150
f 1423/1423 1749/1749 1424/1424
f 1227/1227 1226/1226 1751/1751
f 1752/1752 1753/1753 1754/1754
f 442/442 443/443 1755/1755
f 933/933 1756/1756 1757/1757
f 395/395 1758/1758 1759/1759
f 1762/1762 1763/1763 1764/1764
f 1765/1765 1766/1766 5187/5187
f 697/697 1770/1770 183/183
f 6227/6227 1773/1773 1307/1307
f 1774/1774 1775/1775 2263/2263
f 162/162 1776/1776 163/163
f 1559/1559 1781/1781 1560/1560
f 1782/1782 1783/1783 1784/1784
f 1785/1785 1786/1786 1787/1787
f 1788/1788 1789/1789 1790/1790
f 1791/1791 1792/1792 1793/1793
f 1796/1796 1797/1797 6450/6450
f 1799/1799 943/943 1800/1800
f 1801/1801 73/73 73/73
f 2839/2839 1804/1804 1805/1805
f 1420/1420 1806/1806 1807/1807
f 5220/5220 1808/1808 1809/1809
f 6342/6342 1814/1814 1815/1815
f 1827/1827 349/349 4560/4560
f 1834/1834 1638/1638 1639/1639
f 1817/1817 1816/1816 1842/1842
f 1844/1844 1845/1845 1846/1846
f 1847/1847 702/702 704/704
f 1848/1848 1177/1177 1849/1849
f 344/344 345/345 1854/1854
f 1857/1857 110/110 109/109
f 297/297 1858/1858 298/298
f 1158/1158 3659/3659 1159/1159
f 1866/1866 1867/1867 6449/6449
f 1868/1868 1869/1869 1870/1870
f 1871/1871 1872/1872 1873/1873
f 1339/1339 1877/1877 1878/1878
f 1883/1883 1884/1884 504/504
f 1887/1887 438/438 439/439
f 1897/1897 1898/1898 1899/1899
f 1902/1902 1903/1903 1904/1904
f 1906/1906 1553/1553 1907/1907
f 1910/1910 1911/1911 1912/1912
f 3397/3397 1913/1913 1914/1914
f 1915/1915 1916/1916 1917/1917
f 1960/1960 1961/1961 1962/1962
f 89/89 1965/1965 90/90
f 243/243 338/338 1966/1966
f 80/80 79/79 1967/1967
f 582/582 357/357 1968/1968
f 1977/1977 1978/1978 1525/1525
f 1979/1979 753/753 751/751
f 1980/1980 1981/1981 1982/1982
f 1988/1988 1989/1989 1990/1990
f 1999/1999 2000/2000 2001/2001
f 1132/1132 1131/1131 2005/2005
f 770/770 2006/2006 2007/2007
f 2009/2009 2010/2010 1355/1355
f 2018/2018 2019/2019 3026/3026
f 2991/2991 1312/1312 1314/1314
f 2023/2023 1750/1750 3992/3992
f 2028/2028 2029/2029 2030/2030
f 2031/2031 823/823 2032/2032
f 2033/2033 551/551 550/550
f 2034/2034 2035/2035 2036/2036
f 2037/2037 2038/2038 2039/2039
f 2040/2040 2041/2041 4819/4819
f 2043/2043 2044/2044 81/81
f 4568/4568 2055/2055 2056/2056
f 2057/2057 2058/2058 2059/2059
f 2060/2060 4569/4569 2061/2061
f 538/538 2062/2062 2063/2063
f 2073/2073 2074/2074 2075/2075
f 2086/2086 2085/2085 2013/2013
f 2738/2738 2090/2090 1026/1026
f 2092/2092 2093/2093 2094/2094
f 2095/2095 1370/1370 1369/1369
f 2100/2100 2101/2101 2100/2100
f 2105/2105 2106/2106 2107/2107
f 2108/2108 2109/2109 7035/7035
f 449/449 2112/2112 2113/2113
f 1254/1254 1254/1254 2114/2114
f 2117/2117 2118/2118 2119/2119
f 2120/2120 2121/2121 6375/6375
f 60/60 2124/2124 61/61
f 2127/2127 2128/2128 2127/2127
f 2132/2132 1585/1585 2133/2133
f 2136/2136 349/349 1827/1827
f 2137/2137 2138/2138 2139/2139
f 2142/2142 1942/1942 2143/2143
f 2148/2148 1703/1703 1705/1705
f 2149/2149 2150/2150 2151/2151
f 2169/2169 2170/2170 2171/2171
f 2172/2172 2173/2173 2174/2174
f 1024/1024 480/480 1025/1025
f 543/543 1160/1160 5198/5198
f 2179/2179 2180/2180 1752/1752
f 2066/2066 2182/2182 2066/2066
f 2066/2066 2183/2183 2182/2182
f 2184/2184 2185/2185 2186/2186
f 2187/2187 528/528 2188/2188
f 2201/2201 731/731 2202/2202
f 416/416 2204/2204 2205/2205
f 2206/2206 2207/2207 2208/2208
f 2209/2209 305/305 2210/2210
f 2211/2211 2212/2212 2213/2213
f 573/573 570/570 1118/1118
f 1117/1117 344/344 1854/1854
f 487/487 5501/5501 317/317
f 612/612 7105/7105 1052/1052
f 2218/2218 895/895 894/894
f 2219/2219 2220/2220 1001/1001
f 2221/2221 2222/2222 2223/2223
f 4218/4218 2225/2225 2476/2476
f 2226/2226 2227/2227 2228/2228
f 2236/2236 2489/2489 2237/2237
f 1204/1204 1203/1203 2241/2241
f 2262/2262 2263/2263 2264/2264
f 2282/2282 844/844 2283/2283
f 2286/2286 2287/2287 853/853
f 2288/2288 1810/1810 1811/1811
f 3/3 2293/2293 2294/2294
f 1004/1004 2303/2303 1005/1005
f 2304/2304 1925/1925 1926/1926
f 2307/2307 2308/2308 2309/2309
f 2310/2310 2311/2311 2312/2312
f 2313/2313 2314/2314 2315/2315
f 2316/2316 2317/2317 2318/2318
f 2320/2320 2321/2321 2322/2322
f 2331/2331 2332/2332 2333/2333
f 2334/2334 4186/4186 2335/2335
f 2339/2339 2340/2340 2341/2341
f 286/286 2348/2348 287/287
f 965/965 234/234 236/236
f 2351/2351 1165/1165 1166/1166
f 2367/2367 1856/1856 2368/2368
f 2374/2374 2375/2375 2376/2376
f 15/15 17/17 2380/2380
f 2381/2381 2382/2382 2383/2383
f 2385/2385 1043/1043 1044/1044
f 1160/1160 1233/1233 665/665
f 2397/2397 672/672 2398/2398
f 5940/5940 2399/2399 1396/1396
f 1937/1937 1017/1017 1936/1936
f 949/949 2203/2203 2410/2410
f 2411/2411 3992/3992 1750/1750
f 2419/2419 2420/2420 2421/2421
f 2422/2422 2423/2423 2424/2424
f 2425/2425 2426/2426 2427/2427
f 2209/2209 2430/2430 305/305
f 2439/2439 2440/2440 2441/2441
f 1631/1631 2444/2444 1632/1632
f 2445/2445 67/67 2446/2446
f 120/120 811/811 1032/1032
f 2453/2453 2454/2454 2455/2455
f 2456/2456 2457/2457 2458/2458
f 2464/2464 2465/2465 2466/2466
f 2468/2468 2469/2469 2470/2470
f 2471/2471 1696/1696 1697/1697
f 2477/2477 2478/2478 2476/2476
f 2222/2222 2395/2395 2223/2223
f 2479/2479 2395/2395 2480/2480
f 2481/2481 2482/2482 2483/2483
f 225/225 221/221 220/220
f 476/476 743/743 2485/2485
f 2491/2491 2492/2492 1171/1171
f 953/953 2493/2493 954/954
f 2494/2494 841/841 1129/1129
f 2495/2495 208/208 207/207
f 2502/2502 1564/1564 1357/1357
f 2504/2504 2505/2505 1513/1513
f 2510/2510 477/477 2511/2511
f 2512/2512 2513/2513 2514/2514
f 786/786 785/785 2515/2515
f 2516/2516 2517/2517 3562/3562
f 1659/1659 2518/2518 1659/1659
f 2519/2519 2520/2520 2521/2521
f 2522/2522 6575/6575 2523/2523
f 1349/1349 2525/2525 1350/1350
f 2526/2526 2527/2527 1349/1349
f 2534/2534 2535/2535 2536/2536
f 1910/1910 1908/1908 2537/2537
f 1726/1726 833/833 405/405
f 2146/2146 2147/2147 2539/2539
f 236/236 235/235 2540/2540
f 1464/1464 2541/2541 2542/2542
f 416/416 2543/2543 2204/2204
f 1061/1061 2544/2544 2545/2545
f 1194/1194 2556/2556 2355/2355
f 1290/1290 2361/2361 2559/2559
f 2565/2565 1245/1245 2566/2566
f 1546/1546 1547/1547 2567/2567
f 1864/1864 1865/1865 2568/2568
f 1212/1212 1211/1211 2573/2573
f 2574/2574 137/137 2575/2575
f 2578/2578 2579/2579 2580/2580
f 2585/2585 717/717 191/191
f 8/8 775/775 2587/2587
f 2138/2138 2137/2137 2136/2136
f 2592/2592 2593/2593 1378/1378
f 2596/2596 1535/1535 2597/2597
f 1190/1190 2598/2598 2599/2599
f 620/620 2603/2603 621/621
f 133/133 134/134 2604/2604
f 1850/1850 2605/2605 1851/1851
f 1853/1853 2606/2606 3278/3278
f 155/155 156/156 2607/2607
f 760/760 2609/2609 1094/1094
f 2610/2610 2611/2611 2612/2612
f 2613/2613 2614/2614 2615/2615
f 2616/2616 2617/2617 2618/2618
f 2619/2619 2620/2620 2621/2621
f 4349/4349 2622/2622 1296/1296
f 646/646 2625/2625 2626/2626
f 2627/2627 2628/2628 2629/2629
f 2631/2631 1933/1933 2632/2632
f 2633/2633 840/840 840/840
f 73/73 74/74 2636/2636
f 1798/1798 2639/2639 2640/2640
f 2645/2645 2646/2646 2647/2647
f 168/168 2648/2648 2649/2649
f 858/858 1455/1455 212/212
f 2654/2654 2655/2655 2656/2656
f 2658/2658 166/166 1760/1760
f 2659/2659 2660/2660 1207/1207
f 2661/2661 2021/2021 2662/2662
f 2663/2663 1512/1512 2664/2664
f 754/754 1049/1049 1050/1050
f 2666/2666 5710/5710 2667/2667
f 2678/2678 2679/2679 198/198
f 390/390 2685/2685 391/391
f 1668/1668 2688/2688 2689/2689
f 267/267 4570/4570 681/681
f 2327/2327 1279/1279 2692/2692
f 2328/2328 2693/2693 1248/1248
f 1711/1711 1713/1713 2697/2697
f 1010/1010 2700/2700 1011/1011
f 1672/1672 2705/2705 1003/1003
f 1671/1671 1672/1672 2706/2706
f 2176/2176 2709/2709 6486/6486
f 1738/1738 4516/4516 2710/2710
f 2711/2711 686/686 2712/2712
f 2714/2714 1794/1794 2715/2715
f 662/662 2720/2720 2721/2721
f 2733/2733 2734/2734 2735/2735
f 2736/2736 4260/4260 2737/2737
f 2751/2751 2477/2477 2476/2476
f 2752/2752 2753/2753 2754/2754
f 237/237 2755/2755 238/238
f 2757/2757 2758/2758 100/100
f 216/216 2762/2762 580/580
f 1889/1889 579/579 2763/2763
f 2764/2764 2765/2765 2766/2766
f 2767/2767 1241/1241 1242/1242
f 2768/2768 2769/2769 2770/2770
f 1225/1225 1224/1224 2771/2771
f 2772/2772 2773/2773 2774/2774
f 2783/2783 1859/1859 1860/1860
f 259/259 355/355 1587/1587
f 1169/1169 301/301 2789/2789
f 2013/2013 2085/2085 2792/2792
f 2087/2087 2794/2794 2088/2088
f 1057/1057 2796/2796 2797/2797
f 2808/2808 2225/2225 2228/2228
f 486/486 487/487 317/317
f 6422/6422 2224/2224 2223/2223
f 2306/2306 2813/2813 3843/3843
f 2301/2301 2814/2814 2815/2815
f 1426/1426 1427/1427 103/103
f 422/422 2818/2818 423/423
f 3612/3612 1531/1531 2818/2818
f 1116/1116 342/342 2819/2819
f 2820/2820 574/574 2821/2821
f 2824/2824 464/464 465/465
f 2825/2825 955/955 956/956
f 2826/2826 2827/2827 2828/2828
f 2829/2829 2830/2830 2831/2831
f 2834/2834 2835/2835 2836/2836
f 7040/7040 1680/1680 2843/2843
f 891/891 778/778 1615/1615
f 2852/2852 2853/2853 2854/2854
f 3425/3425 2855/2855 2856/2856
f 2181/2181 2859/2859 2860/2860
f 2865/2865 1609/1609 1611/1611
f 798/798 2866/2866 799/799
f 2070/2070 2871/2871 2069/2069
f 1843/1843 2872/2872 1845/1845
f 2873/2873 2082/2082 2874/2874
f 2876/2876 2877/2877 731/731
f 1367/1367 2879/2879 1368/1368
f 202/202 1727/1727 1728/1728
f 2885/2885 2886/2886 2887/2887
f 2888/2888 1190/1190 2599/2599
f 547/547 546/546 1024/1024
f 751/751 753/753 546/546
f 1031/1031 5933/5933 190/190
f 1883/1883 504/504 2889/2889
f 2890/2890 2891/2891 2892/2892
f 2893/2893 2894/2894 2895/2895
f 850/850 964/964 7069/7069
f 570/570 589/589 571/571
f 2896/2896 2526/2526 1349/1349
f 7163/7163 1343/1343 2897/2897
f 2898/2898 2260/2260 2899/2899
f 10/10 9/9 2905/2905
f 759/759 183/183 2906/2906
f 140/140 433/433 141/141
f 1090/1090 361/361 1091/1091
f 713/713 767/767 38/38
f 1783/1783 2909/2909 1784/1784
f 1793/1793 1792/1792 2914/2914
f 2915/2915 2916/2916 1803/1803
f 1420/1420 2917/2917 1806/1806
f 69/69 2177/2177 2921/2921
f 2930/2930 2931/2931 2932/2932
f 373/373 1583/1583 3284/3284
f 2939/2939 2940/2940 2941/2941
f 2942/2942 2648/2648 168/168
f 1253/1253 1550/1550 1549/1549
f 2964/2964 2965/2965 997/997
f 6571/6571 490/490 491/491
f 223/223 225/225 2970/2970
f 5606/5606 1359/1359 1360/1360
f 668/668 2974/2974 669/669
f 2979/2979 2980/2980 2981/2981
f 1365/1365 1210/1210 1209/1209
f 2983/2983 1715/1715 2984/2984
f 273/273 272/272 6758/6758
f 405/405 200/200 406/406
f 2992/2992 2993/2993 2994/2994
f 2996/2996 2997/2997 2998/2998
f 6293/6293 3001/3001 1627/1627
f 3002/3002 3003/3003 3004/3004
f 318/318 317/317 1302/1302
f 3011/3011 3012/3012 3013/3013
f 1273/1273 3015/3015 1271/1271
f 1010/1010 1011/1011 3020/3020
f 2078/2078 4270/4270 2079/2079
f 539/539 941/941 1437/1437
f 3028/3028 947/947 329/329
f 3029/3029 3030/3030 3031/3031
f 1633/1633 3032/3032 671/671
f 3034/3034 820/820 2096/2096
f 3035/3035 1345/1345 1346/1346
f 3037/3037 3036/3036 1634/1634
f 3045/3045 3046/3046 3047/3047
f 3048/3048 3049/3049 3050/3050
f 3051/3051 3052/3052 3053/3053
f 626/626 628/628 3057/3057
f 1139/1139 1141/1141 242/242
f 3058/3058 3059/3059 3060/3060
f 6758/6758 814/814 119/119
f 3063/3063 1662/1662 3064/3064
f 2485/2485 743/743 744/744
f 3067/3067 3068/3068 3069/3069
f 3070/3070 1363/1363 3071/3071
f 2315/2315 2314/2314 2316/2316
f 2308/2308 2310/2310 2309/2309
f 4001/4001 706/706 1681/1681
f 3074/3074 375/375 3075/3075
f 3078/3078 3079/3079 3080/3080
f 1171/1171 2492/2492 1172/1172
f 78/78 366/366 367/367
f 3083/3083 3084/3084 1171/1171
f 1129/1129 3085/3085 3086/3086
f 93/93 92/92 148/148
f 3090/3090 1999/1999 2001/2001
f 3093/3093 2118/2118 2117/2117
f 1100/1100 1099/1099 3095/3095
f 2059/2059 3096/3096 3097/3097
f 1019/1019 576/576 578/578
f 1232/1232 1231/1231 3101/3101
f 665/665 1233/1233 1235/1235
f 26/26 3102/3102 27/27
f 704/704 703/703 3103/3103
f 35/35 37/37 3104/3104
f 3105/3105 142/142 144/144
f 3108/3108 3109/3109 2030/2030
f 3116/3116 3117/3117 3118/3118
f 2667/2667 3119/3119 3120/3120
f 3121/3121 688/688 3122/3122
f 930/930 3123/3123 931/931
f 964/964 234/234 965/965
f 1807/1807 3124/3124 3125/3125
f 3131/3131 3132/3132 1985/1985
f 3133/3133 1991/1991 3134/3134
f 1428/1428 2018/2018 3138/3138
f 3139/3139 3140/3140 3141/3141
f 3142/3142 3143/3143 3144/3144
f 923/923 3152/3152 924/924
f 2271/2271 2272/2272 3153/3153
f 3154/3154 3155/3155 3156/3156
f 50/50 3161/3161 3162/3162
f 3163/3163 917/917 918/918
f 2265/2265 2266/2266 4974/4974
f 195/195 3166/3166 196/196
f 542/542 3171/3171 3172/3172
f 2255/2255 2256/2256 3176/3176
f 2253/2253 2254/2254 3177/3177
f 3180/3180 1480/1480 1481/1481
f 3181/3181 1482/1482 1482/1482
f 3182/3182 7079/7079 2080/2080
f 3015/3015 1272/1272 1271/1271
f 658/658 3184/3184 3185/3185
f 3193/3193 1097/1097 3653/3653
f 3194/3194 3195/3195 3196/3196
f 276/276 3202/3202 6038/6038
f 671/671 3032/3032 452/452
f 3203/3203 2924/2924 3204/3204
f 3028/3028 3205/3205 1658/1658
f 3210/3210 1824/1824 1825/1825
f 1534/1534 1533/1533 311/311
f 3211/3211 3212/3212 2264/2264
f 1969/1969 3219/3219 1970/1970
f 3222/3222 1974/1974 1973/1973
f 252/252 3225/3225 251/251
f 299/299 300/300 3228/3228
f 405/405 199/199 200/200
f 3229/3229 3230/3230 1881/1881
f 3233/3233 480/480 3234/3234
f 3238/3238 3239/3239 3240/3240
f 1067/1067 3242/3242 2408/2408
f 3243/3243 3244/3244 2370/2370
f 763/763 3248/3248 764/764
f 1718/1718 813/813 810/810
f 951/951 3255/3255 3255/3255
f 3256/3256 2131/2131 3257/3257
f 300/300 3258/3258 3259/3259
f 3263/3263 3264/3264 251/251
f 504/504 1884/1884 503/503
f 3265/3265 3266/3266 3267/3267
f 302/302 539/539 1437/1437
f 816/816 260/260 3269/3269
f 1473/1473 3272/3272 3273/3273
f 55/55 56/56 2743/2743
f 346/346 3279/3279 347/347
f 1587/1587 1386/1386 356/356
f 3286/3286 381/381 3287/3287
f 3291/3291 831/831 3292/3292
f 6728/6728 1979/1979 751/751
f 1295/1295 3296/3296 1294/1294
f 3302/3302 3303/3303 635/635
f 3025/3025 4886/4886 121/121
f 1086/1086 3304/3304 3305/3305
f 345/345 850/850 851/851
f 3308/3308 3309/3309 3310/3310
f 1305/1305 3311/3311 1306/1306
f 3312/3312 3313/3313 861/861
f 1350/1350 3314/3314 1351/1351
f 579/579 3319/3319 3320/3320
f 83/83 3323/3323 994/994
f 3324/3324 1358/1358 3325/3325
f 2008/2008 3326/3326 2009/2009
f 3327/3327 3328/3328 1284/1284
f 1223/1223 2037/2037 3329/3329
f 1411/1411 3334/3334 3335/3335
f 3344/3344 3345/3345 3346/3346
f 1378/1378 3345/3345 1379/1379
f 107/107 108/108 3347/3347
f 271/271 1749/1749 272/272
f 667/667 3352/3352 3351/3351
f 441/441 3354/3354 3353/3353
f 1366/1366 1365/1365 1209/1209
f 423/423 1568/1568 1567/1567
f 797/797 3355/3355 3356/3356
f 3355/3355 798/798 800/800
f 3357/3357 1626/1626 3358/3358
f 3359/3359 3360/3360 1689/1689
f 3368/3368 3369/3369 3370/3370
f 4819/4819 5116/5116 3371/3371
f 3375/3375 2575/2575 3376/3376
f 906/906 3383/3383 905/905
f 2661/2661 2662/2662 114/114
f 1315/1315 4621/4621 1316/1316
f 3189/3189 3188/3188 3385/3385
f 5263/5263 3387/3387 1286/1286
f 1917/1917 3397/3397 1914/1914
f 3316/3316 3400/3400 3398/3398
f 3402/3402 3318/3318 3317/3317
f 3405/3405 1674/1674 3406/3406
f 3408/3408 3409/3409 1606/1606
f 565/565 566/566 3410/3410
f 3411/3411 2175/2175 3412/3412
f 3413/3413 3414/3414 4513/4513
f 3415/3415 3416/3416 2462/2462
f 1812/1812 3420/3420 3421/3421
f 3422/3422 1771/1771 3423/3423
f 1424/1424 1749/1749 271/271
f 3425/3425 705/705 706/706
f 1981/1981 1984/1984 1983/1983
f 625/625 3014/3014 374/374
f 3435/3435 3435/3435 3436/3436
f 3438/3438 2678/2678 3439/3439
f 2657/2657 3441/3441 3442/3442
f 745/745 744/744 3443/3443
f 2241/2241 2240/2240 55/55
f 2138/2138 3444/3444 2139/2139
f 3451/3451 3452/3452 3299/3299
f 3453/3453 718/718 3454/3454
f 3455/3455 1533/1533 1534/1534
f 1477/1477 2982/2982 511/511
f 2837/2837 2838/2838 3458/3458
f 956/956 3460/3460 2832/2832
f 3465/3465 2802/2802 2803/2803
f 360/360 2424/2424 361/361
f 434/434 795/795 435/435
f 3472/3472 3473/3473 3474/3474
f 3475/3475 3126/3126 3127/3127
f 3478/3478 2233/2233 2234/2234
f 2825/2825 3478/3478 3479/3479
f 3480/3480 2415/2415 2416/2416
f 3481/3481 3482/3482 3480/3480
f 198/198 3485/3485 3486/3486
f 146/146 3489/3489 3490/3490
f 3491/3491 1788/1788 2914/2914
f 3496/3496 3497/3497 3498/3498
f 3324/3324 1357/1357 1358/1358
f 85/85 6727/6727 2965/2965
f 24/24 2188/2188 527/527
f 3500/3500 3501/3501 3502/3502
f 140/140 1436/1436 433/433
f 3507/3507 2699/2699 118/118
f 3510/3510 3511/3511 3512/3512
f 976/976 3516/3516 976/976
f 767/767 3518/3518 38/38
f 3525/3525 2305/2305 2306/2306
f 3526/3526 2301/2301 2300/2300
f 2052/2052 3531/3531 83/83
f 1170/1170 139/139 1089/1089
f 1846/1846 3182/3182 2080/2080
f 3533/3533 2083/2083 3534/3534
f 2467/2467 3537/3537 496/496
f 3540/3540 2000/2000 3541/3541
f 2119/2119 3542/3542 3543/3543
f 161/161 3550/3550 162/162
f 3048/3048 3551/3551 3049/3049
f 349/349 3552/3552 350/350
f 3553/3553 3554/3554 3555/3555
f 3170/3170 3169/3169 3556/3556
f 3003/3003 3002/3002 3559/3559
f 3560/3560 1253/1253 1549/1549
f 3553/3553 3555/3555 3561/3561
f 3563/3563 3564/3564 3565/3565
f 3566/3566 1825/1825 1303/1303
f 3345/3345 2600/2600 3571/3571
f 3572/3572 2180/2180 3573/3573
f 4683/4683 1630/1630 4683/4683
f 3577/3577 1556/1556 977/977
f 1639/1639 1638/1638 3578/3578
f 235/235 2542/2542 2540/2540
f 1808/1808 202/202 1809/1809
f 3584/3584 1974/1974 1976/1976
f 1971/1971 1969/1969 3585/3585
f 1998/1998 1997/1997 3589/3589
f 2020/2020 743/743 476/476
f 3138/3138 2018/2018 3026/3026
f 3592/3592 3593/3593 3594/3594
f 3595/3595 3596/3596 3597/3597
f 3600/3600 277/277 1376/1376
f 3601/3601 3602/3602 1757/1757
f 3607/3607 3605/3605 3608/3608
f 3609/3609 3610/3610 3611/3611
f 3294/3294 3293/3293 3616/3616
f 4114/4114 3617/3617 3619/3619
f 1642/1642 560/560 3623/3623
f 3626/3626 2172/2172 3627/3627
f 3628/3628 313/313 3629/3629
f 3636/3636 6161/6161 393/393
f 3645/3645 6740/6740 3646/3646
f 1495/1495 3649/3649 3650/3650
f 1624/1624 3656/3656 1625/1625
f 1687/1687 3657/3657 1688/1688
f 3660/3660 3661/3661 1512/1512
f 3663/3663 3664/3664 1207/1207
f 1555/1555 3671/3671 3538/3538
f 3673/3673 3674/3674 3675/3675
f 1003/1003 3681/3681 2596/2596
f 3682/3682 3683/3683 604/604
f 3689/3689 3690/3690 19/19
f 3693/3693 3694/3694 3695/3695
f 3698/3698 3696/3696 3697/3697
f 3226/3226 3227/3227 1926/1926
f 3702/3702 2388/2388 2389/2389
f 2391/2391 3705/3705 2392/2392
f 1902/1902 3709/3709 3710/3710
f 3715/3715 3716/3716 3717/3717
f 3273/3273 3720/3720 3721/3721
f 5448/5448 3725/3725 2723/2723
f 3726/3726 3727/3727 3728/3728
f 3731/3731 3732/3732 2038/2038
f 2547/2547 3734/3734 2548/2548
f 2907/2907 2908/2908 3735/3735
f 3736/3736 2526/2526 3737/3737
f 3738/3738 3736/3736 3737/3737
f 152/152 1855/1855 3739/3739
f 1117/1117 1854/1854 342/342
f 103/103 3740/3740 104/104
f 2843/2843 3743/3743 3741/3741
f 3744/3744 1131/1131 1133/1133
f 3746/3746 1704/1704 1703/1703
f 3747/3747 3748/3748 3749/3749
f 3752/3752 3753/3753 3754/3754
f 3759/3759 1918/1918 3760/3760
f 3762/3762 3763/3763 1923/1923
f 3766/3766 3767/3767 3768/3768
f 3769/3769 3770/3770 3771/3771
f 127/127 126/126 645/645
f 1936/1936 1193/1193 1937/1937
f 3777/3777 1691/1691 1692/1692
f 3779/3779 3780/3780 3781/3781
f 3783/3783 3784/3784 2026/2026
f 2303/2303 3450/3450 1005/1005
f 3785/3785 3786/3786 392/392
f 410/410 411/411 3787/3787
f 995/995 996/996 3790/3790
f 869/869 870/870 3791/3791
f 222/222 810/810 1552/1552
f 551/551 1361/1361 552/552
f 747/747 3801/3801 1490/1490
f 2578/2578 1741/1741 2579/2579
f 2581/2581 2582/2582 1738/1738
f 1535/1535 1005/1005 1536/1536
f 938/938 3818/3818 3819/3819
f 1385/1385 934/934 3820/3820
f 3821/3821 2401/2401 1937/1937
f 3822/3822 3823/3823 3824/3824
f 3829/3829 1763/1763 1762/1762
f 3832/3832 3703/3703 3704/3704
f 3706/3706 3834/3834 3707/3707
f 2805/2805 2804/2804 3836/3836
f 3236/3236 3837/3837 1109/1109
f 3853/3853 3854/3854 3851/3851
f 3856/3856 3857/3857 3858/3858
f 692/692 1177/1177 1848/1848
f 3219/3219 3859/3859 3220/3220
f 2042/2042 807/807 1744/1744
f 159/159 3861/3861 1216/1216
f 4819/4819 2041/2041 5116/5116
f 619/619 3865/3865 1470/1470
f 3877/3877 2482/2482 3878/3878
f 3880/3880 280/280 281/281
f 3881/3881 2070/2070 3882/3882
f 1282/1282 681/681 682/682
f 3891/3891 3890/3890 2701/2701
f 3104/3104 3897/3897 498/498
f 309/309 3094/3094 3898/3898
f 3092/3092 3899/3899 3091/3091
f 748/748 3901/3901 2962/2962
f 3904/3904 3581/3581 3582/3582
f 4245/4245 1630/1630 4683/4683
f 3713/3713 3714/3714 2528/2528
f 434/434 796/796 795/795
f 3909/3909 1521/1521 3910/3910
f 1885/1885 438/438 1887/1887
f 755/755 3913/3913 1724/1724
f 832/832 1726/1726 1725/1725
f 3919/3919 3920/3920 3598/3598
f 3922/3922 3923/3923 3924/3924
f 3816/3816 3927/3927 3928/3928
f 3817/3817 3816/3816 3928/3928
f 1052/1052 7105/7105 1051/1051
f 2513/2513 3929/3929 5125/5125
f 3931/3931 3922/3922 3932/3932
f 3934/3934 3935/3935 4483/4483
f 1572/1572 3936/3936 3937/3937
f 3938/3938 3939/3939 3940/3940
f 2115/2115 1835/1835 3948/3948
f 1839/1839 2130/2130 3949/3949
f 3952/3952 3048/3048 3953/3953
f 3955/3955 1059/1059 1060/1060
f 3957/3957 2975/2975 826/826
f 3962/3962 2782/2782 483/483
f 2785/2785 3963/3963 2786/2786
f 3971/3971 3972/3972 1084/1084
f 1339/1339 3341/3341 3973/3973
f 3975/3975 3775/3775 3976/3976
f 1692/1692 2655/2655 2654/2654
f 3977/3977 3978/3978 3979/3979
f 3981/3981 1154/1154 3982/3982
f 3985/3985 3986/3986 3987/3987
f 3988/3988 3989/3989 3990/3990
f 1982/1982 1981/1981 1983/1983
f 3995/3995 3994/3994 3994/3994
f 4000/4000 1331/1331 1333/1333
f 2617/2617 2619/2619 2618/2618
f 1402/1402 1425/1425 4001/4001
f 2613/2613 2611/2611 2610/2610
f 4002/4002 505/505 1645/1645
f 4007/4007 3526/3526 2300/2300
f 2580/2580 4011/4011 4012/4012
f 4015/4015 4016/4016 4017/4017
f 4019/4019 4020/4020 4021/4021
f 4022/4022 2954/2954 2955/2955
f 4023/4023 2954/2954 4022/4022
f 4024/4024 2959/2959 2958/2958
f 1139/1139 242/242 4025/4025
f 1324/1324 4026/4026 4027/4027
f 4028/4028 1321/1321 4029/4029
f 194/194 196/196 4030/4030
f 2208/2208 4031/4031 2206/2206
f 4032/4032 4033/4033 4034/4034
f 2211/2211 2213/2213 4035/4035
f 4036/4036 4037/4037 4038/4038
f 4040/4040 4039/4039 4041/4041
f 4043/4043 2126/2126 2125/2125
f 4044/4044 3600/3600 4045/4045
f 4046/4046 4047/4047 3600/3600
f 4051/4051 2076/2076 2049/2049
f 582/582 4052/4052 583/583
f 3116/3116 4053/4053 3117/3117
f 2518/2518 4055/4055 1659/1659
f 4056/4056 4057/4057 348/348
f 2524/2524 4058/4058 4059/4059
f 2160/2160 3332/3332 3332/3332
f 3361/3361 3362/3362 4060/4060
f 337/337 4062/4062 338/338
f 1955/1955 4063/4063 1955/1955
f 4068/4068 2336/2336 4069/4069
f 4075/4075 4076/4076 4077/4077
f 4078/4078 2613/2613 2615/2615
f 4079/4079 4080/4080 4081/4081
f 4082/4082 2620/2620 2619/2619
f 4083/4083 4084/4084 4085/4085
f 4090/4090 1245/1245 4091/4091
f 4096/4096 1453/1453 4097/4097
f 4098/4098 4099/4099 1977/1977
f 4100/4100 4101/4101 4098/4098
f 1628/1628 1135/1135 1134/1134
f 4105/4105 2374/2374 2376/2376
f 4106/4106 4107/4107 1831/1831
f 4108/4108 2503/2503 1022/1022
f 1445/1445 1446/1446 3677/3677
f 607/607 608/608 4119/4119
f 95/95 97/97 4120/4120
f 2853/2853 2855/2855 2854/2854
f 4121/4121 4122/4122 4123/4123
f 4124/4124 4121/4121 4123/4123
f 4125/4125 1705/1705 4126/4126
f 159/159 158/158 3861/3861
f 4128/4128 4129/4129 2695/2695
f 4130/4130 1162/1162 1161/1161
f 2816/2816 1055/1055 7046/7046
f 4136/4136 4135/4135 4134/4134
f 3608/3608 3605/3605 3606/3606
f 2372/2372 2373/2373 4143/4143
f 4087/4087 4088/4088 4144/4144
f 622/622 4146/4146 4147/4147
f 4148/4148 4149/4149 4147/4147
f 4150/4150 4151/4151 4152/4152
f 4155/4155 4156/4156 4157/4157
f 4158/4158 4159/4159 4160/4160
f 149/149 4164/4164 233/233
f 4165/4165 4166/4166 86/86
f 4167/4167 86/86 86/86
f 2875/2875 4175/4175 4176/4176
f 4180/4180 4181/4181 1447/1447
f 3100/3100 4180/4180 1447/1447
f 4183/4183 4184/4184 4185/4185
f 4355/4355 722/722 421/421
f 2008/2008 239/239 3326/3326
f 1223/1223 3329/3329 16/16
f 4187/4187 4188/4188 4189/4189
f 4195/4195 4039/4039 4040/4040
f 2203/2203 950/950 4196/4196
f 1844/1844 1843/1843 1845/1845
f 2921/2921 2177/2177 3171/3171
f 3171/3171 544/544 3172/3172
f 4202/4202 4203/4203 661/661
f 268/268 1278/1278 2327/2327
f 1946/1946 212/212 213/213
f 211/211 2328/2328 210/210
f 1545/1545 886/886 1947/1947
f 318/318 1302/1302 1301/1301
f 589/589 1419/1419 966/966
f 2167/2167 453/453 831/831
f 436/436 2324/2324 742/742
f 4209/4209 4210/4210 540/540
f 2094/2094 1960/1960 4212/4212
f 261/261 815/815 817/817
f 525/525 526/526 4215/4215
f 4217/4217 2728/2728 2729/2729
f 2221/2221 4220/4220 2141/2141
f 466/466 467/467 2704/2704
f 6227/6227 1307/1307 4221/4221
f 1510/1510 2701/2701 1511/1511
f 4222/4222 4223/4223 2165/2165
f 2509/2509 455/455 456/456
f 4224/4224 1036/1036 4786/4786
f 586/586 4225/4225 4226/4226
f 375/375 4227/4227 2122/2122
f 2761/2761 40/40 4230/4230
f 4233/4233 772/772 774/774
f 3523/3523 3524/3524 4236/4236
f 4237/4237 4238/4238 4239/4239
f 2102/2102 4240/4240 186/186
f 4241/4241 2608/2608 934/934
f 4242/4242 4243/4243 1384/1384
f 4244/4244 4245/4245 1092/1092
f 4246/4246 2359/2359 2359/2359
f 4247/4247 2357/2357 2357/2357
f 4248/4248 1486/1486 3570/3570
f 4250/4250 4251/4251 1282/1282
f 1442/1442 4252/4252 2451/2451
f 4253/4253 2451/2451 1439/1439
f 4254/4254 4255/4255 4256/4256
f 4258/4258 4259/4259 1776/1776
f 4261/4261 2098/2098 227/227
f 4262/4262 4263/4263 4264/4264
f 4265/4265 4266/4266 4267/4267
f 4268/4268 4269/4269 1693/1693
f 1378/1378 2593/2593 4271/4271
f 4272/4272 3020/3020 523/523
f 4273/4273 4274/4274 4275/4275
f 3159/3159 4273/4273 3160/3160
f 4276/4276 3157/3157 3158/3158
f 4277/4277 4276/4276 4278/4278
f 2642/2642 2641/2641 4279/4279
f 3005/3005 4280/4280 3006/3006
f 1033/1033 811/811 120/120
f 4287/4287 1022/1022 4192/4192
f 4288/4288 3068/3068 3067/3067
f 221/221 810/810 222/222
f 5606/5606 1360/1360 4289/4289
f 4289/4289 175/175 176/176
f 4294/4294 4295/4295 4296/4296
f 3909/3909 4304/4304 1521/1521
f 115/115 3980/3980 4305/4305
f 6575/6575 4306/4306 4307/4307
f 4308/4308 4309/4309 2519/2519
f 2519/2519 1993/1993 2520/2520
f 4313/4313 4314/4314 4315/4315
f 4319/4319 4320/4320 4321/4321
f 4323/4323 7156/7156 6331/6331
f 1244/1244 1980/1980 1243/1243
f 2329/2329 2330/2330 4327/4327
f 1544/1544 2330/2330 2837/2837
f 4328/4328 5290/5290 3249/3249
f 3262/3262 4337/4337 4338/4338
f 2326/2326 4340/4340 6844/6844
f 956/956 2832/2832 6844/6844
f 4341/4341 2754/2754 4342/4342
f 2754/2754 2753/2753 4342/4342
f 2382/2382 4343/4343 2383/2383
f 5483/5483 4343/4343 2382/2382
f 1808/1808 201/201 202/202
f 2917/2917 591/591 1806/1806
f 4347/4347 1487/1487 4348/4348
f 4350/4350 3251/3251 4351/4351
f 3252/3252 3251/3251 4350/4350
f 4352/4352 726/726 1894/1894
f 1824/1824 436/436 437/437
f 4363/4363 597/597 4364/4364
f 1612/1612 1614/1614 1709/1709
f 1447/1447 4181/4181 2743/2743
f 4181/4181 55/55 2743/2743
f 4367/4367 4368/4368 3822/3822
f 2453/2453 4369/4369 2454/2454
f 3819/3819 4370/4370 4371/4371
f 2458/2458 4372/4372 2456/2456
f 765/765 765/765 4376/4376
f 1673/1673 4377/4377 4378/4378
f 4379/4379 757/757 322/322
f 2136/2136 4380/4380 4381/4381
f 4303/4303 1524/1524 2644/2644
f 3009/3009 3011/3011 3013/3013
f 1463/1463 542/542 3172/3172
f 4383/4383 1464/1464 2542/2542
f 1203/1203 2240/2240 2241/2241
f 4384/4384 3026/3026 3027/3027
f 4385/4385 4386/4386 331/331
f 4386/4386 1672/1672 1003/1003
f 3508/3508 4387/4387 615/615
f 4388/4388 4389/4389 3508/3508
f 4391/4391 3512/3512 4392/4392
f 6067/6067 2900/2900 3295/3295
f 3855/3855 3856/3856 4317/4317
f 3885/3885 3855/3855 4317/4317
f 689/689 4397/4397 690/690
f 4398/4398 4399/4399 4400/4400
f 4401/4401 4402/4402 4403/4403
f 4404/4404 4405/4405 4406/4406
f 1945/1945 212/212 1946/1946
f 4407/4407 4408/4408 1820/1820
f 4409/4409 4410/4410 4411/4411
f 4412/4412 4413/4413 4414/4414
f 4415/4415 4416/4416 1823/1823
f 4417/4417 2525/2525 1349/1349
f 1/1 2349/2349 2/2
f 4419/4419 3845/3845 3846/3846
f 478/478 477/477 2510/2510
f 3260/3260 4423/4423 4424/4424
f 190/190 4425/4425 3586/3586
f 504/504 503/503 1061/1061
f 1334/1334 797/797 3356/3356
f 2423/2423 2426/2426 2425/2425
f 4426/4426 4427/4427 4428/4428
f 4429/4429 4426/4426 4428/4428
f 4430/4430 4431/4431 4432/4432
f 4433/4433 4431/4431 4430/4430
f 3760/3760 1918/1918 1466/1466
f 3763/3763 1469/1469 1923/1923
f 1908/1908 4448/4448 2537/2537
f 4455/4455 324/324 3574/3574
f 4456/4456 4457/4457 4458/4458
f 4459/4459 4456/4456 4458/4458
f 4462/4462 4463/4463 4464/4464
f 4464/4464 4463/4463 4465/4465
f 1812/1812 4466/4466 3420/3420
f 4467/4467 4468/4468 1812/1812
f 336/336 335/335 3395/3395
f 4469/4469 4444/4444 4470/4470
f 4442/4442 4471/4471 4472/4472
f 912/912 4476/4476 913/913
f 4479/4479 4480/4480 4481/4481
f 3404/3404 3403/3403 4482/4482
f 4484/4484 4485/4485 4486/4486
f 1662/1662 4487/4487 4488/4488
f 4490/4490 3066/3066 1660/1660
f 505/505 506/506 1646/1646
f 2953/2953 4491/4491 3110/3110
f 467/467 466/466 4492/4492
f 4492/4492 4493/4493 2660/2660
f 482/482 3698/3698 2643/2643
f 3694/3694 492/492 494/494
f 4509/4509 181/181 182/182
f 4511/4511 4512/4512 1582/1582
f 904/904 4513/4513 5424/5424
f 531/531 4514/4514 4515/4515
f 4518/4518 6995/6995 4519/4519
f 45/45 4521/4521 46/46
f 3026/3026 2019/2019 3027/3027
f 3027/3027 477/477 478/478
f 2542/2542 2541/2541 2540/2540
f 1320/1320 3062/3062 1321/1321
f 2726/2726 1325/1325 1324/1324
f 4528/4528 5502/5502 3206/3206
f 4528/4528 3206/3206 3207/3207
f 4533/4533 966/966 4534/4534
f 966/966 3125/3125 4534/4534
f 1655/1655 4535/4535 4536/4536
f 1655/1655 4536/4536 4537/4537
f 1217/1217 547/547 3583/3583
f 4544/4544 3267/3267 4545/4545
f 2462/2462 4548/4548 4549/4549
f 2104/2104 4550/4550 2462/2462
f 4555/4555 4556/4556 4557/4557
f 384/384 6951/6951 385/385
f 2309/2309 2310/2310 2312/2312
f 497/497 496/496 1231/1231
f 2314/2314 2317/2317 2316/2316
f 4563/4563 896/896 4564/4564
f 2694/2694 2693/2693 4567/4567
f 4570/4570 4571/4571 2692/2692
f 4572/4572 2996/2996 2998/2998
f 1158/1158 3561/3561 4576/4576
f 4577/4577 4578/4578 4579/4579
f 718/718 4580/4580 719/719
f 4094/4094 4095/4095 4581/4581
f 4582/4582 4094/4094 4581/4581
f 4586/4586 51/51 2637/2637
f 4589/4589 1096/1096 2812/2812
f 3775/3775 6677/6677 4590/4590
f 3776/3776 4592/4592 6679/6679
f 3203/3203 4600/4600 2924/2924
f 4603/4603 15/15 2380/2380
f 4604/4604 2755/2755 237/237
f 4607/4607 1940/1940 4608/4608
f 2970/2970 225/225 220/220
f 2538/2538 4610/4610 4609/4609
f 4611/4611 923/923 924/924
f 917/917 4612/4612 918/918
f 4613/4613 3785/3785 2278/2278
f 4616/4616 4617/4617 4618/4618
f 1763/1763 4619/4619 1764/1764
f 1136/1136 4620/4620 1137/1137
f 4622/4622 1312/1312 2991/2991
f 1795/1795 4623/4623 1794/1794
f 4624/4624 4625/4625 4626/4626
f 4628/4628 4627/4627 3863/3863
f 4631/4631 4632/4632 784/784
f 89/89 3709/3709 4637/4637
f 243/243 1966/1966 4638/4638
f 1968/1968 357/357 4639/4639
f 442/442 1511/1511 443/443
f 2180/2180 1753/1753 1752/1752
f 2264/2264 2263/2263 1775/1775
f 964/964 965/965 7069/7069
f 3144/3144 3143/3143 3139/3139
f 1751/1751 4641/4641 2411/2411
f 6877/6877 4643/4643 3081/3081
f 4648/4648 3297/3297 3298/3298
f 4657/4657 2730/2730 4658/4658
f 2854/2854 2855/2855 3425/3425
f 703/703 1401/1401 3103/3103
f 1332/1332 142/142 3105/3105
f 2423/2423 2425/2425 2424/2424
f 4666/4666 4520/4520 1041/1041
f 1714/1714 6831/6831 1245/1245
f 4673/4673 107/107 3347/3347
f 3507/3507 118/118 4677/4677
f 2484/2484 385/385 4678/4678
f 4679/4679 4679/4679 2455/2455
f 3391/3391 1986/1986 4681/4681
f 4682/4682 2457/2457 4682/4682
f 5303/5303 4684/4684 1093/1093
f 565/565 5490/5490 566/566
f 183/183 4685/4685 184/184
f 1768/1768 4686/4686 1769/1769
f 4689/4689 919/919 2345/2345
f 376/376 4694/4694 4695/4695
f 4697/4697 403/403 4698/4698
f 4701/4701 1679/1679 4702/4702
f 840/840 840/840 1238/1238
f 4710/4710 4253/4253 4711/4711
f 692/692 4711/4711 1177/1177
f 319/319 320/320 1617/1617
f 58/58 3183/3183 59/59
f 3696/3696 4277/4277 3697/3697
f 3697/3697 4277/4277 4278/4278
f 4275/4275 4274/4274 3695/3695
f 4274/4274 3693/3693 3695/3695
f 2917/2917 590/590 591/591
f 1052/1052 1428/1428 3138/3138
f 3754/3754 3753/3753 2099/2099
f 3748/3748 2100/2100 3749/3749
f 4720/4720 346/346 2708/2708
f 3390/3390 1311/1311 4721/4721
f 852/852 2286/2286 853/853
f 4724/4724 4725/4725 366/366
f 4726/4726 148/148 4727/4727
f 843/843 844/844 2282/2282
f 4735/4735 1142/1142 1144/1144
f 4738/4738 4739/4739 755/755
f 2114/2114 1254/1254 4740/4740
f 4743/4743 4631/4631 4744/4744
f 4745/4745 4746/4746 4747/4747
f 1588/1588 4750/4750 4751/4751
f 3527/3527 3528/3528 5963/5963
f 4221/4221 466/466 4760/4760
f 344/344 4533/4533 4763/4763
f 4533/4533 4534/4534 4763/4763
f 1474/1474 4764/4764 4765/4765
f 2236/2236 2488/2488 4766/4766
f 2791/2791 3008/3008 4767/4767
f 2512/2512 2514/2514 3137/3137
f 371/371 3303/3303 3302/3302
f 2643/2643 3698/3698 3697/3697
f 3695/3695 3694/3694 494/494
f 3304/3304 154/154 3305/3305
f 1593/1593 1594/1594 4769/4769
f 837/837 4770/4770 838/838
f 4771/4771 1572/1572 4772/4772
f 2487/2487 7006/7006 865/865
f 4775/4775 4776/4776 4777/4777
f 4779/4779 4780/4780 4781/4781
f 4364/4364 4783/4783 4363/4363
f 4784/4784 1038/1038 4558/4558
f 4789/4789 4790/4790 279/279
f 4791/4791 2988/2988 2989/2989
f 4792/4792 1530/1530 4793/4793
f 4792/4792 2220/2220 2219/2219
f 4796/4796 4797/4797 2966/2966
f 3265/3265 1359/1359 5606/5606
f 2163/2163 4798/4798 4799/4799
f 4799/4799 2498/2498 4800/4800
f 2966/2966 4804/4804 2967/2967
f 906/906 905/905 4805/4805
f 2261/2261 4111/4111 4806/4806
f 4807/4807 1315/1315 1316/1316
f 2181/2181 2860/2860 2181/2181
f 4808/4808 4809/4809 1154/1154
f 3551/3551 4811/4811 3049/3049
f 4812/4812 4813/4813 3551/3551
f 4814/4814 3554/3554 4815/4815
f 4816/4816 3554/3554 3553/3553
f 3471/3471 1467/1467 4817/4817
f 3473/3473 4818/4818 1469/1469
f 2425/2425 2427/2427 143/143
f 622/622 1218/1218 4148/4148
f 2613/2613 2610/2610 2614/2614
f 1398/1398 385/385 1399/1399
f 2619/2619 2621/2621 2618/2618
f 1403/1403 1404/1404 496/496
f 1528/1528 4822/4822 4823/4823
f 1836/1836 3136/3136 4824/4824
f 4825/4825 1034/1034 4826/4826
f 1837/1837 4827/4827 1837/1837
f 4830/4830 4831/4831 4829/4829
f 1914/1914 1913/1913 4832/4832
f 4833/4833 4834/4834 1062/1062
f 3808/3808 4835/4835 4836/4836
f 4050/4050 4839/4839 4048/4048
f 2985/2985 219/219 4046/4046
f 1515/1515 4840/4840 4841/4841
f 253/253 4331/4331 254/254
f 4334/4334 206/206 4335/4335
f 2901/2901 4843/4843 4844/4844
f 2546/2546 4845/4845 4667/4667
f 4847/4847 1009/1009 4848/4848
f 1163/1163 4852/4852 4853/4853
f 4854/4854 4855/4855 3058/3058
f 3501/3501 1915/1915 4856/4856
f 4858/4858 4859/4859 4860/4860
f 2388/2388 481/481 2389/2389
f 493/493 2391/2391 2392/2392
f 4861/4861 4862/4862 4863/4863
f 4864/4864 4865/4865 4866/4866
f 4864/4864 4867/4867 4865/4865
f 5600/5600 4868/4868 4869/4869
f 5600/5600 4870/4870 4868/4868
f 4871/4871 1247/1247 1732/1732
f 4872/4872 4873/4873 4874/4874
f 3351/3351 3352/3352 2650/2650
f 1976/1976 1975/1975 4876/4876
f 1975/1975 2089/2089 4876/4876
f 1972/1972 4877/4877 836/836
f 1971/1971 4877/4877 1972/1972
f 3023/3023 4882/4882 4883/4883
f 3024/3024 4886/4886 4887/4887
f 4889/4889 431/431 3887/3887
f 3207/3207 3206/3206 3208/3208
f 2397/2397 671/671 672/672
f 413/413 4892/4892 3883/3883
f 657/657 4894/4894 3964/3964
f 4897/4897 3968/3968 4898/4898
f 4905/4905 4173/4173 4906/4906
f 4907/4907 4908/4908 4170/4170
f 4909/4909 4907/4907 1199/1199
f 4910/4910 4911/4911 4912/4912
f 2258/2258 4915/4915 4916/4916
f 3296/3296 4916/4916 1294/1294
f 3509/3509 3508/3508 4922/4922
f 3338/3338 4923/4923 4924/4924
f 3717/3717 4926/4926 4086/4086
f 290/290 3893/3893 508/508
f 1598/1598 4929/4929 2685/2685
f 3188/3188 3384/3384 3385/3385
f 4569/4569 2833/2833 2061/2061
f 2056/2056 2055/2055 2838/2838
f 3250/3250 3251/3251 3252/3252
f 1583/1583 6799/6799 778/778
f 1265/1265 4932/4932 3786/3786
f 4935/4935 4936/4936 607/607
f 363/363 4938/4938 1517/1517
f 275/275 1520/1520 4939/4939
f 275/275 1519/1519 1520/1520
f 3485/3485 4940/4940 4941/4941
f 4942/4942 1664/1664 4943/4943
f 4944/4944 1497/1497 4945/4945
f 4947/4947 707/707 4948/4948
f 3500/3500 3502/3502 4950/4950
f 4951/4951 3500/3500 4950/4950
f 4952/4952 4953/4953 3289/3289
f 4561/4561 4955/4955 4562/4562
f 3038/3038 3039/3039 4573/4573
f 1546/1546 885/885 1547/1547
f 4958/4958 2384/2384 4959/4959
f 1708/1708 1710/1710 4967/4967
f 2866/2866 1611/1611 4968/4968
f 1058/1058 4969/4969 410/410
f 4970/4970 2995/2995 1229/1229
f 6059/6059 3213/3213 4971/4971
f 1927/1927 203/203 204/204
f 4975/4975 1828/1828 2490/2490
f 3624/3624 1778/1778 4978/4978
f 4823/4823 283/283 4981/4981
f 763/763 4989/4989 3248/3248
f 4990/4990 4200/4200 4991/4991
f 13/13 1349/1349 14/14
f 1349/1349 1351/1351 14/14
f 4994/4994 2495/2495 207/207
f 93/93 148/148 4726/4726
f 954/954 2493/2493 4995/4995
f 78/78 4724/4724 366/366
f 1748/1748 1151/1151 1150/1150
f 4252/4252 4996/4996 1438/1438
f 4999/4999 5000/5000 596/596
f 2629/2629 2628/2628 5001/5001
f 5002/5002 998/998 997/997
f 5003/5003 2184/2184 2186/2186
f 399/399 873/873 874/874
f 3215/3215 5007/5007 3214/3214
f 5008/5008 5009/5009 3350/3350
f 5010/5010 5009/5009 5008/5008
f 5011/5011 3941/3941 5012/5012
f 1128/1128 2494/2494 1129/1129
f 5018/5018 5019/5019 2246/2246
f 5020/5020 5021/5021 716/716
f 4023/4023 5025/5025 2954/2954
f 4024/4024 2958/2958 5028/5028
f 592/592 5030/5030 5031/5031
f 304/304 1641/1641 1652/1652
f 354/354 353/353 1645/1645
f 6331/6331 5036/5036 6732/6732
f 4320/4320 6733/6733 4321/4321
f 5040/5040 5041/5041 2879/2879
f 1221/1221 5042/5042 2185/2185
f 3732/3732 3733/3733 5043/5043
f 5044/5044 2047/2047 1356/1356
f 5045/5045 2626/2626 2627/2627
f 5046/5046 5047/5047 5048/5048
f 5050/5050 5051/5051 5052/5052
f 5053/5053 5051/5051 5050/5050
f 3580/3580 5060/5060 2021/2021
f 3830/3830 1761/1761 5062/5062
f 5063/5063 1760/1760 1761/1761
f 5064/5064 2101/2101 2275/2275
f 5065/5065 4990/4990 4991/4991
f 5076/5076 2775/2775 5077/5077
f 5078/5078 5079/5079 4062/4062
f 1141/1141 5080/5080 5078/5078
f 6759/6759 2135/2135 3174/3174
f 2134/2134 4595/4595 3173/3173
f 2232/2232 4598/4598 4599/4599
f 5081/5081 297/297 296/296
f 428/428 111/111 110/110
f 3803/3803 5087/5087 3802/3802
f 5090/5090 791/791 1066/1066
f 3886/3886 4889/4889 3887/3887
f 5091/5091 5092/5092 5093/5093
f 3883/3883 4892/4892 3884/3884
f 2690/2690 5094/5094 2691/2691
f 5095/5095 5096/5096 2972/2972
f 768/768 3784/3784 2026/2026
f 3907/3907 5099/5099 2528/2528
f 3906/3906 2561/2561 5101/5101
f 5102/5102 4533/4533 344/344
f 5103/5103 4136/4136 4134/4134
f 5104/5104 2791/2791 4767/4767
f 612/612 2791/2791 5104/5104
f 1293/1293 1292/1292 3293/3293
f 5105/5105 1293/1293 3293/3293
f 5106/5106 5107/5107 5108/5108
f 5109/5109 5110/5110 3798/3798
f 7199/7199 6/6 971/971
f 203/203 3663/3663 5111/5111
f 800/800 157/157 5116/5116
f 3558/3558 5117/5117 3933/3933
f 5122/5122 5123/5123 5124/5124
f 614/614 613/613 3929/3929
f 2640/2640 5127/5127 5126/5126
f 4884/4884 4885/4885 5128/5128
f 74/74 5128/5128 5129/5129
f 1455/1455 518/518 1456/1456
f 3730/3730 3727/3727 3726/3726
f 3097/3097 3096/3096 5140/5140
f 5142/5142 2739/2739 712/712
f 2737/2737 4260/4260 2739/2739
f 5143/5143 758/758 2732/2732
f 2734/2734 2732/2732 2735/2735
f 454/454 453/453 1671/1671
f 5144/5144 2238/2238 2239/2239
f 5147/5147 3960/3960 3961/3961
f 4326/4326 624/624 5148/5148
f 5150/5150 5151/5151 3599/3599
f 3281/3281 928/928 5152/5152
f 137/137 827/827 828/828
f 992/992 3530/3530 3529/3529
f 3574/3574 803/803 3575/3575
f 5155/5155 5156/5156 1267/1267
f 1348/1348 4668/4668 5158/5158
f 970/970 4132/4132 5159/5159
f 5162/5162 5160/5160 5163/5163
f 5167/5167 5168/5168 174/174
f 746/746 1491/1491 747/747
f 1347/1347 5169/5169 1348/1348
f 4102/4102 2234/2234 536/536
f 647/647 648/648 2415/2415
f 5170/5170 5171/5171 3775/3775
f 5172/5172 5173/5173 5170/5170
f 5174/5174 3776/3776 5175/5175
f 5176/5176 5174/5174 5177/5177
f 3245/3245 3246/3246 5183/5183
f 4357/4357 4358/4358 5185/5185
f 2321/2321 5106/5106 1256/1256
f 2320/2320 5188/5188 2321/2321
f 3514/3514 1328/1328 5190/5190
f 5194/5194 3257/3257 3796/3796
f 1004/1004 1005/1005 1535/1535
f 5195/5195 5196/5196 5197/5197
f 5201/5201 1159/1159 5202/5202
f 3085/3085 5203/5203 3086/3086
f 215/215 5204/5204 5205/5205
f 5206/5206 3084/3084 3083/3083
f 5207/5207 5208/5208 266/266
f 266/266 5208/5208 5209/5209
f 4194/4194 713/713 5212/5212
f 1639/1639 3578/3578 5213/5213
f 1833/1833 5113/5113 5113/5113
f 5214/5214 979/979 5215/5215
f 3577/3577 977/977 5216/5216
f 200/200 1089/1089 4284/4284
f 1089/1089 4285/4285 4284/4284
f 633/633 5217/5217 633/633
f 5220/5220 1809/1809 5221/5221
f 5223/5223 1927/1927 1928/1928
f 825/825 826/826 5227/5227
f 5229/5229 2713/2713 5230/5230
f 3522/3522 1889/1889 1888/1888
f 3520/3520 2051/2051 2052/2052
f 38/38 83/83 39/39
f 1156/1156 5233/5233 1157/1157
f 1260/1260 1261/1261 5234/5234
f 5236/5236 5237/5237 2637/2637
f 5238/5238 5239/5239 2635/2635
f 2335/2335 4186/4186 5240/5240
f 1191/1191 1190/1190 2888/2888
f 167/167 2942/2942 168/168
f 2044/2044 5241/5241 81/81
f 1748/1748 1747/1747 96/96
f 96/96 1423/1423 97/97
f 2241/2241 94/94 3443/3443
f 5244/5244 5245/5245 4417/4417
f 4417/4417 5246/5246 2525/2525
f 1801/1801 73/73 5248/5248
f 1798/1798 5249/5249 517/517
f 2472/2472 2473/2473 5251/5251
f 4770/4770 5253/5253 838/838
f 1162/1162 5254/5254 5255/5255
f 4582/4582 4581/4581 2326/2326
f 1278/1278 4582/4582 2327/2327
f 3040/3040 210/210 2328/2328
f 3039/3039 3040/3040 2329/2329
f 5256/5256 1669/1669 606/606
f 5257/5257 719/719 5258/5258
f 1533/1533 3210/3210 311/311
f 4151/4151 2246/2246 2247/2247
f 2745/2745 716/716 4156/4156
f 5260/5260 2397/2397 2398/2398
f 5261/5261 5262/5262 834/834
f 5265/5265 801/801 5266/5266
f 935/935 5267/5267 936/936
f 1583/1583 778/778 777/777
f 6128/6128 5276/5276 459/459
f 3710/3710 3709/3709 89/89
f 3711/3711 80/80 4640/4640
f 5277/5277 463/463 2680/2680
f 36/36 5283/5283 37/37
f 37/37 5283/5283 3898/3898
f 28/28 27/27 5284/5284
f 27/27 3899/3899 5284/5284
f 5285/5285 5286/5286 4197/4197
f 3959/3959 5288/5288 5289/5289
f 3933/3933 1132/1132 5292/5292
f 2474/2474 2475/2475 5296/5296
f 2466/2466 5297/5297 5298/5298
f 4059/4059 3063/3063 5305/5305
f 797/797 5310/5310 3355/3355
f 2932/2932 5311/5311 3519/3519
f 116/116 5312/5312 4449/4449
f 762/762 761/761 2666/2666
f 3954/3954 5319/5319 5320/5320
f 3726/3726 3728/3728 519/519
f 1531/1531 3612/3612 3613/3613
f 5321/5321 5322/5322 3455/3455
f 3558/3558 270/270 269/269
f 788/788 5324/5324 5325/5325
f 5326/5326 788/788 3188/3188
f 5329/5329 5327/5327 5327/5327
f 1920/1920 1919/1919 5331/5331
f 210/210 281/281 211/211
f 3838/3838 1064/1064 3839/3839
f 5336/5336 3640/3640 3640/3640
f 1204/1204 5337/5337 1203/1203
f 5338/5338 5337/5337 1204/1204
f 5340/5340 1463/1463 5339/5339
f 4016/4016 1736/1736 4014/4014
f 256/256 5341/5341 257/257
f 1740/1740 4012/4012 4013/4013
f 47/47 1120/1120 5344/5344
f 40/40 5345/5345 5346/5346
f 510/510 5347/5347 1371/1371
f 3076/3076 3991/3991 1241/1241
f 3993/3993 3077/3077 1224/1224
f 4775/4775 4777/4777 5350/5350
f 5352/5352 1392/1392 1393/1393
f 4779/4779 5353/5353 4780/4780
f 3240/3240 3236/3236 3238/3238
f 970/970 5159/5159 5354/5354
f 3057/3057 628/628 5356/5356
f 5357/5357 5358/5358 5359/5359
f 1548/1548 5357/5357 5359/5359
f 2216/2216 5360/5360 4117/4117
f 1364/1364 4118/4118 5361/5361
f 5365/5365 4187/4187 4189/4189
f 5366/5366 4052/4052 5367/5367
f 195/195 5366/5366 568/568
f 4601/4601 2923/2923 2925/2925
f 1657/1657 5368/5368 5243/5243
f 498/498 499/499 1404/1404
f 2467/2467 2464/2464 3537/3537
f 2484/2484 4678/4678 2481/2481
f 2379/2379 4588/4588 1229/1229
f 2378/2378 5369/5369 2379/2379
f 2675/2675 3791/3791 3792/3792
f 2670/2670 3793/3793 3795/3795
f 5372/5372 4923/4923 3338/3338
f 5373/5373 5374/5374 553/553
f 285/285 981/981 5375/5375
f 3332/3332 5376/5376 6958/6958
f 5377/5377 1573/1573 1573/1573
f 3638/3638 5377/5377 4530/4530
f 3641/3641 1577/1577 4531/4531
f 3641/3641 1578/1578 5378/5378
f 5380/5380 1903/1903 5381/5381
f 5382/5382 5383/5383 1899/1899
f 4487/4487 5384/5384 5385/5385
f 5386/5386 5387/5387 5388/5388
f 5389/5389 2226/2226 4208/4208
f 5392/5392 2281/2281 5393/5393
f 5393/5393 3718/3718 3719/3719
f 5395/5395 5394/5394 2285/2285
f 4256/4256 4255/4255 5396/5396
f 5398/5398 5164/5164 5399/5399
f 2673/2673 3871/3871 3870/3870
f 2672/2672 3873/3873 3874/3874
f 5406/5406 5407/5407 4129/4129
f 5408/5408 4098/4098 5409/5409
f 3496/3496 135/135 3497/3497
f 2852/2852 2854/2854 702/702
f 3730/3730 3399/3399 3729/3729
f 3398/3398 3399/3399 3730/3730
f 5357/5357 3401/3401 5358/5358
f 3401/3401 3317/3317 5358/5358
f 5414/5414 169/169 5415/5415
f 995/995 5417/5417 996/996
f 967/967 968/968 174/174
f 5418/5418 3943/3943 563/563
f 5421/5421 5422/5422 3930/3930
f 5423/5423 5422/5422 3030/3030
f 1632/1632 2444/2444 3033/3033
f 1272/1272 231/231 232/232
f 5426/5426 643/643 5427/5427
f 5429/5429 2695/2695 2696/2696
f 3423/3423 3424/3424 972/972
f 1380/1380 5432/5432 1381/1381
f 1890/1890 1891/1891 5436/5436
f 648/648 2057/2057 5439/5439
f 1101/1101 5439/5439 1102/1102
f 5440/5440 3757/3757 3757/3757
f 757/757 7139/7139 321/321
f 5444/5444 5445/5445 5446/5446
f 766/766 1108/1108 2930/2930
f 1466/1466 5450/5450 617/617
f 727/727 4623/4623 5456/5456
f 4436/4436 3950/3950 3951/3951
f 3947/3947 3947/3947 4434/4434
f 5469/5469 5470/5470 5471/5471
f 1097/1097 3738/3738 710/710
f 3349/3349 5474/5474 3348/3348
f 5475/5475 2198/2198 3676/3676
f 3680/3680 4064/4064 5478/5478
f 5481/5481 2048/2048 1692/1692
f 3980/3980 3977/3977 3979/3979
f 2035/2035 1012/1012 5482/5482
f 2629/2629 1354/1354 2627/2627
f 2186/2186 2185/2185 3731/3731
f 5484/5484 4636/4636 5263/5263
f 4635/4635 1513/1513 5484/5484
f 5485/5485 5486/5486 4546/4546
f 3283/3283 5487/5487 925/925
f 4034/4034 4031/4031 2208/2208
f 1849/1849 3496/3496 3498/3498
f 3370/3370 3369/3369 1745/1745
f 4037/4037 2211/2211 4035/4035
f 5490/5490 5491/5491 5492/5492
f 3840/3840 3841/3841 5497/5497
f 5499/5499 4563/4563 5498/5498
f 5500/5500 1615/1615 5501/5501
f 3457/3457 5509/5509 3457/3457
f 5510/5510 1014/1014 5511/5511
f 2400/2400 5512/5512 2401/2401
f 3899/3899 5513/5513 3091/3091
f 5514/5514 3128/3128 3129/3129
f 3898/3898 3094/3094 5514/5514
f 4394/4394 3766/3766 4393/4393
f 4094/4094 5517/5517 4096/4096
f 1455/1455 5518/5518 5517/5517
f 1868/1868 1870/1870 5520/5520
f 137/137 1885/1885 138/138
f 5521/5521 2894/2894 2891/2891
f 3815/3815 4339/4339 897/897
f 3811/3811 899/899 4336/4336
f 3603/3603 3604/3604 5522/5522
f 3414/3414 1541/1541 1540/1540
f 473/473 5524/5524 474/474
f 5526/5526 5527/5527 2298/2298
f 1034/1034 1035/1035 5528/5528
f 4591/4591 1939/1939 5529/5529
f 3553/3553 3561/3561 1158/1158
f 214/214 3050/3050 3049/3049
f 2664/2664 5/5 3904/3904
f 1512/1512 971/971 5/5
f 3902/3902 3903/3903 62/62
f 1207/1207 62/62 5112/5112
f 3742/3742 3741/3741 1345/1345
f 1057/1057 1058/1058 5530/5530
f 4107/4107 5531/5531 2752/2752
f 994/994 5532/5532 3322/3322
f 5533/5533 2381/2381 5534/5534
f 3320/3320 3319/3319 5535/5535
f 5541/5541 5542/5542 5543/5543
f 3879/3879 280/280 3880/3880
f 1735/1735 3569/3569 3568/3568
f 1268/1268 5544/5544 913/913
f 3940/3940 3939/3939 5546/5546
f 5546/5546 3939/3939 837/837
f 1786/1786 5547/5547 1787/1787
f 2910/2910 2911/2911 3493/3493
f 2912/2912 2914/2914 2912/2912
f 2918/2918 5548/5548 2919/2919
f 1696/1696 5549/5549 5550/5550
f 5551/5551 3216/3216 5552/5552
f 5555/5555 2926/2926 2927/2927
f 5556/5556 5557/5557 785/785
f 5558/5558 4859/4859 4858/4858
f 5561/5561 4861/4861 4863/4863
f 3615/3615 5562/5562 3616/3616
f 1023/1023 1022/1022 4287/4287
f 3499/3499 135/135 3496/3496
f 4819/4819 3371/3371 3369/3369
f 1743/1743 2042/2042 1744/1744
f 2545/2545 2880/2880 2881/2881
f 5568/5568 5569/5569 688/688
f 5573/5573 5574/5574 5575/5575
f 2356/2356 5578/5578 2355/2355
f 5579/5579 2355/2355 5578/5578
f 5580/5580 2361/2361 5581/5581
f 5583/5583 2842/2842 819/819
f 4264/4264 5585/5585 5586/5586
f 5587/5587 4239/4239 5588/5588
f 575/575 274/274 275/275
f 575/575 3670/3670 1640/1640
f 1231/1231 362/362 68/68
f 1231/1231 1555/1555 3538/3538
f 1302/1302 224/224 223/223
f 3008/3008 2020/2020 475/475
f 5589/5589 5293/5293 5294/5294
f 1964/1964 5593/5593 4830/4830
f 1963/1963 5594/5594 1964/1964
f 5503/5503 570/570 5504/5504
f 570/570 571/571 5504/5504
f 5500/5500 5501/5501 487/487
f 1841/1841 1840/1840 5595/5595
f 1840/1840 1914/1914 5595/5595
f 65/65 64/64 2742/2742
f 5602/5602 1398/1398 386/386
f 5603/5603 3102/3102 26/26
f 5604/5604 35/35 3104/3104
f 5605/5605 498/498 1403/1403
f 2258/2258 2259/2259 1292/1292
f 3691/3691 1772/1772 3692/3692
f 4714/4714 4713/4713 5607/5607
f 5608/5608 105/105 106/106
f 128/128 5609/5609 129/129
f 5610/5610 3827/3827 3828/3828
f 5613/5613 5611/5611 5614/5614
f 1825/1825 1716/1716 5615/5615
f 1824/1824 437/437 1825/1825
f 1144/1144 1143/1143 5616/5616
f 5617/5617 5618/5618 5619/5619
f 1374/1374 5620/5620 5621/5621
f 5623/5623 5624/5624 2688/2688
f 4783/4783 5625/5625 4363/4363
f 5626/5626 2529/2529 2528/2528
f 2006/2006 2005/2005 1131/1131
f 1707/1707 1703/1703 2148/2148
f 2561/2561 2560/2560 5627/5627
f 2062/2062 3780/3780 3779/3779
f 2074/2074 5628/5628 2075/2075
f 3098/3098 432/432 5631/5631
f 5632/5632 587/587 588/588
f 3480/3480 2416/2416 3359/3359
f 1454/1454 1453/1453 5633/5633
f 3478/3478 3357/3357 2233/2233
f 5637/5637 1878/1878 1876/1876
f 5479/5479 5637/5637 1876/1876
f 5638/5638 4161/4161 825/825
f 719/719 1826/1826 5258/5258
f 3290/3290 2168/2168 831/831
f 2168/2168 2167/2167 831/831
f 742/742 2324/2324 2983/2983
f 167/167 168/168 666/666
f 4495/4495 5641/5641 4496/4496
f 2660/2660 4493/4493 3903/3903
f 5643/5643 2886/2886 2885/2885
f 2877/2877 5644/5644 5645/5645
f 5646/5646 2939/2939 2941/2941
f 2980/2980 5647/5647 5648/5648
f 5617/5617 5649/5649 5618/5618
f 1722/1722 620/620 2260/2260
f 5652/5652 4254/4254 4256/4256
f 5360/5360 5653/5653 3451/3451
f 5361/5361 5362/5362 5651/5651
f 3181/3181 233/233 1482/1482
f 233/233 4164/4164 3688/3688
f 4175/4175 3684/3684 4176/4176
f 3180/3180 1481/1481 4175/4175
f 5291/5291 5290/5290 4328/4328
f 3321/3321 579/579 3320/3320
f 2429/2429 5655/5655 1453/1453
f 3656/3656 3654/3654 3655/3655
f 3659/3659 3658/3658 3657/3657
f 3658/3658 2568/2568 587/587
f 2631/2631 3274/3274 5200/5200
f 1253/1253 5658/5658 5659/5659
f 3052/3052 5660/5660 5661/5661
f 5663/5663 1432/1432 763/763
f 763/763 1432/1432 4989/4989
f 1683/1683 5664/5664 1476/1476
f 6059/6059 5665/5665 3213/3213
f 4170/4170 739/739 4171/4171
f 5666/5666 739/739 5667/5667
f 5668/5668 3261/3261 733/733
f 4174/4174 4173/4173 733/733
f 18/18 3689/3689 19/19
f 3652/3652 3651/3651 5669/5669
f 2009/2009 3326/3326 2010/2010
f 2037/2037 2039/2039 3329/3329
f 4982/4982 3213/3213 5671/5671
f 4863/4863 4862/4862 5673/5673
f 5674/5674 4797/4797 4796/4796
f 5675/5675 4341/4341 3325/3325
f 5675/5675 2754/2754 4341/4341
f 5676/5676 5483/5483 2382/2382
f 5676/5676 3328/3328 5483/5483
f 5677/5677 5678/5678 2527/2527
f 5680/5680 5681/5681 5679/5679
f 2991/2991 1314/1314 2990/2990
f 2938/2938 5685/5685 3249/3249
f 3208/3208 5686/5686 3033/3033
f 5689/5689 1038/1038 4559/4559
f 5691/5691 5692/5692 6943/6943
f 2688/2688 5624/5624 2689/2689
f 192/192 2745/2745 4155/4155
f 5694/5694 5695/5695 5696/5696
f 660/660 4202/4202 661/661
f 1926/1926 3699/3699 3700/3700
f 1932/1932 3701/3701 6081/6081
f 4830/4830 5593/5593 4831/4831
f 845/845 2197/2197 5475/5475
f 5478/5478 2193/2193 1114/1114
f 4689/4689 2345/2345 5702/5702
f 5708/5708 585/585 2687/2687
f 4251/4251 4249/4249 267/267
f 2871/2871 2870/2870 2069/2069
f 5711/5711 3418/3418 1812/1812
f 2387/2387 2386/2386 1504/1504
f 2390/2390 1499/1499 1498/1498
f 2831/2831 2830/2830 1429/1429
f 3459/3459 2063/2063 5712/5712
f 650/650 2834/2834 2836/2836
f 3458/3458 5713/5713 2058/2058
f 3301/3301 132/132 4502/4502
f 515/515 4497/4497 1388/1388
f 3024/3024 4887/4887 2787/2787
f 683/683 5715/5715 684/684
f 538/538 2063/2063 3459/3459
f 2057/2057 3458/3458 2058/2058
f 2414/2414 914/914 5716/5716
f 5717/5717 762/762 2666/2666
f 5718/5718 762/762 5717/5717
f 33/33 4584/4584 34/34
f 1947/1947 1948/1948 210/210
f 3880/3880 281/281 1735/1735
f 4249/4249 3315/3315 267/267
f 1945/1945 1946/1946 1278/1278
f 4349/4349 5721/5721 1296/1296
f 1951/1951 5722/5722 2384/2384
f 333/333 334/334 1252/1252
f 325/325 325/325 857/857
f 2249/2249 5723/5723 2250/2250
f 3057/3057 5356/5356 5724/5724
f 5079/5079 5571/5571 5725/5725
f 2152/2152 1196/1196 1197/1197
f 2155/2155 1201/1201 1202/1202
f 1554/1554 5728/5728 1941/1941
f 5285/5285 4197/4197 5729/5729
f 1913/1913 1649/1649 3462/3462
f 4829/4829 3469/3469 1600/1600
f 4448/4448 5732/5732 5731/5731
f 5733/5733 976/976 975/975
f 2421/2421 2420/2420 5734/5734
f 1064/1064 1065/1065 5735/5735
f 5736/5736 2267/2267 5737/5737
f 1069/1069 1070/1070 5738/5738
f 2270/2270 5739/5739 5740/5740
f 226/226 247/247 5741/5741
f 621/621 5742/5742 1228/1228
f 1864/1864 5743/5743 5744/5744
f 5743/5743 1546/1546 5744/5744
f 5746/5746 5747/5747 5748/5748
f 5750/5750 5751/5751 5752/5752
f 5753/5753 5754/5754 2405/2405
f 5755/5755 5753/5753 3373/3373
f 836/836 3235/3235 4377/4377
f 3703/3703 3702/3702 3704/3704
f 3705/3705 3706/3706 3707/3707
f 1816/1816 5765/5765 1842/1842
f 4854/4854 3350/3350 4855/4855
f 1615/1615 4350/4350 4351/4351
f 149/149 3216/3216 5766/5766
f 149/149 5766/5766 5767/5767
f 2875/2875 5768/5768 5769/5769
f 5771/5771 5772/5772 5770/5770
f 5773/5773 5774/5774 2276/2276
f 5776/5776 1805/1805 5732/5732
f 4643/4643 4642/4642 5778/5778
f 4561/4561 4562/4562 5779/5779
f 4130/4130 1161/1161 4122/4122
f 4121/4121 4130/4130 4122/4122
f 5781/5781 3389/3389 2244/2244
f 3067/3067 3069/3069 5782/5782
f 5782/5782 3069/3069 1719/1719
f 4970/4970 2378/2378 2995/2995
f 3278/3278 5784/5784 253/253
f 205/205 206/206 4334/4334
f 1850/1850 205/205 5785/5785
f 5787/5787 4292/4292 4293/4293
f 699/699 698/698 5788/5788
f 5789/5789 1998/1998 5790/5790
f 5791/5791 5793/5793 5792/5792
f 1732/1732 1247/1247 280/280
f 4568/4568 2693/2693 2694/2694
f 2060/2060 4570/4570 2692/2692
f 5794/5794 5796/5796 5795/5795
f 4072/4072 5797/5797 4073/4073
f 4070/4070 5799/5799 5800/5800
f 3943/3943 3942/3942 3943/3943
f 5418/5418 2257/2257 3943/3943
f 5413/5413 5801/5801 2252/2252
f 3769/3769 3771/3771 5803/5803
f 5804/5804 939/939 74/74
f 3766/3766 5805/5805 3767/3767
f 5806/5806 2640/2640 944/944
f 5808/5808 884/884 5809/5809
f 2249/2249 5810/5810 5723/5723
f 5811/5811 5812/5812 5813/5813
f 3666/3666 1451/1451 5814/5814
f 3011/3011 2103/2103 3012/3012
f 4608/4608 5386/5386 5817/5817
f 2915/2915 5818/5818 2916/2916
f 5818/5818 5389/5389 2916/2916
f 902/902 904/904 5697/5697
f 67/67 904/904 5424/5424
f 642/642 5698/5698 643/643
f 3570/3570 5819/5819 2622/2622
f 1283/1283 4683/4683 5822/5822
f 2301/2301 2815/2815 2302/2302
f 2306/2306 2304/2304 2813/2813
f 5824/5824 3816/3816 3817/3817
f 2756/2756 31/31 31/31
f 2595/2595 40/40 41/41
f 5826/5826 5827/5827 5828/5828
f 5829/5829 4709/4709 5830/5830
f 1951/1951 2384/2384 2384/2384
f 4114/4114 4874/4874 3617/3617
f 3336/3336 728/728 2857/2857
f 664/664 193/193 2363/2363
f 2147/2147 5835/5835 3637/3637
f 5836/5836 4376/4376 765/765
f 4378/4378 321/321 4379/4379
f 2182/2182 2183/2183 3404/3404
f 4913/4913 5837/5837 5838/5838
f 5838/5838 5837/5837 5839/5839
f 4917/4917 4918/4918 5840/5840
f 5841/5841 4917/4917 5840/5840
f 3358/3358 4429/4429 5842/5842
f 3358/3358 5843/5843 4429/4429
f 3360/3360 4433/4433 5844/5844
f 3360/3360 5845/5845 4433/4433
f 5846/5846 2351/2351 6393/6393
f 494/494 493/493 2392/2392
f 2389/2389 481/481 2643/2643
f 5847/5847 5848/5848 5849/5849
f 3209/3209 5287/5287 4438/4438
f 4438/4438 5287/5287 5285/5285
f 5850/5850 1971/1971 1972/1972
f 5850/5850 416/416 1971/1971
f 306/306 5851/5851 1976/1976
f 5851/5851 1975/1975 1976/1976
f 1869/1869 5852/5852 5853/5853
f 2799/2799 2798/2798 1768/1768
f 4890/4890 4891/4891 3175/3175
f 3638/3638 4891/4891 5377/5377
f 1028/1028 5858/5858 3522/3522
f 2053/2053 2932/2932 2054/2054
f 1027/1027 3519/3519 5859/5859
f 5860/5860 2084/2084 4893/4893
f 5861/5861 4019/4019 5862/5862
f 1756/1756 3797/3797 5861/5861
f 1878/1878 5865/5865 364/364
f 3973/3973 5866/5866 4127/4127
f 5869/5869 5870/5870 5868/5868
f 606/606 5871/5871 5872/5872
f 4965/4965 2937/2937 3545/3545
f 658/658 5873/5873 3184/3184
f 1352/1352 5883/5883 859/859
f 5891/5891 5892/5892 2736/2736
f 4035/4035 2213/2213 1746/1746
f 4031/4031 1176/1176 2206/2206
f 5893/5893 2733/2733 5894/5894
f 315/315 525/525 4215/4215
f 2199/2199 3335/3335 315/315
f 4223/4223 5895/5895 5896/5896
f 2165/2165 5896/5896 2168/2168
f 2983/2983 5900/5900 5901/5901
f 5900/5900 2169/2169 2171/2171
f 5902/5902 3412/3412 3895/3895
f 3628/3628 3629/3629 3591/3591
f 3629/3629 5904/5904 5905/5905
f 5906/5906 4965/4965 4966/4966
f 595/595 595/595 5908/5908
f 5909/5909 4998/4998 5910/5910
f 2979/2979 5098/5098 5911/5911
f 5912/5912 3995/3995 5913/5913
f 545/545 1464/1464 4383/4383
f 56/56 4384/4384 3027/3027
f 56/56 3027/3027 1205/1205
f 5914/5914 1859/1859 2783/2783
f 5915/5915 2784/2784 5916/5916
f 4608/4608 5917/5917 5386/5386
f 5920/5920 5921/5921 4182/4182
f 3823/3823 5923/5923 3824/3824
f 5924/5924 3818/3818 938/938
f 1071/1071 4312/4312 2097/2097
f 2307/2307 2309/2309 5926/5926
f 2307/2307 5926/5926 1398/1398
f 2313/2313 1403/1403 5927/5927
f 2313/2313 5927/5927 2314/2314
f 5928/5928 2073/2073 2075/2075
f 1627/1627 5928/5928 1628/1628
f 2999/2999 1690/1690 5929/5929
f 5929/5929 1099/1099 1098/1098
f 2393/2393 5930/5930 1698/1698
f 5931/5931 2002/2002 1699/1699
f 360/360 2422/2422 2424/2424
f 3425/3425 2856/2856 705/705
f 2889/2889 5932/5932 3403/3403
f 710/710 2896/2896 711/711
f 3737/3737 2526/2526 2896/2896
f 2399/2399 5935/5935 2780/2780
f 5936/5936 1850/1850 5785/5785
f 2177/2177 5937/5937 2178/2178
f 2744/2744 2743/2743 5938/5938
f 5939/5939 5784/5784 3278/3278
f 4601/4601 5942/5942 2923/2923
f 5944/5944 4294/4294 819/819
f 1596/1596 5945/5945 4004/4004
f 5945/5945 1596/1596 1595/1595
f 5946/5946 1588/1588 1590/1590
f 3202/3202 316/316 4632/4632
f 2200/2200 1892/1892 316/316
f 2803/2803 5947/5947 2064/2064
f 4495/4495 4496/4496 4494/4494
f 165/165 166/166 2658/2658
f 176/176 5949/5949 5950/5950
f 5951/5951 3773/3773 3774/3774
f 5953/5953 5952/5952 3013/3013
f 885/885 5954/5954 886/886
f 886/886 5954/5954 1947/1947
f 5955/5955 858/858 212/212
f 1945/1945 5955/5955 212/212
f 3505/3505 5956/5956 5957/5957
f 5956/5956 1448/1448 1448/1448
f 5958/5958 3592/3592 3592/3592
f 3005/3005 1654/1654 4280/4280
f 1305/1305 5615/5615 5191/5191
f 3142/3142 2/2 3143/3143
f 1/1 2/2 3142/3142
f 2592/2592 1380/1380 2593/2593
f 5967/5967 5968/5968 4507/4507
f 3021/3021 1755/1755 523/523
f 2600/2600 3572/3572 3571/3571
f 1608/1608 4508/4508 5969/5969
f 5151/5151 4045/4045 5974/5974
f 5974/5974 1376/1376 1375/1375
f 5975/5975 1983/1983 1984/1984
f 498/498 3897/3897 5976/5976
f 3093/3093 5976/5976 2118/2118
f 3090/3090 2001/2001 5977/5977
f 5599/5599 3746/3746 5978/5978
f 1340/1340 1706/1706 1341/1341
f 771/771 770/770 2007/2007
f 5601/5601 5979/5979 3744/3744
f 5348/5348 375/375 773/773
f 562/562 5349/5349 714/714
f 5983/5983 2864/2864 5984/5984
f 3966/3966 3967/3967 5985/5985
f 3969/3969 5988/5988 3970/3970
f 2099/2099 4999/4999 596/596
f 3753/3753 4999/4999 2099/2099
f 3749/3749 2100/2100 4963/4963
f 3674/3674 5993/5993 4687/4687
f 1046/1046 5995/5995 3915/3915
f 2700/2700 3890/3890 4761/4761
f 973/973 2569/2569 2570/2570
f 3888/3888 2703/2703 4760/4760
f 2077/2077 2076/2076 4051/4051
f 3550/3550 5996/5996 4258/4258
f 5996/5996 5997/5997 4258/4258
f 4380/4380 5998/5998 4381/4381
f 4381/4381 5998/5998 3552/3552
f 1072/1072 1634/1634 748/748
f 6001/6001 1785/1785 3494/3494
f 6002/6002 6003/6003 189/189
f 1788/1788 3491/3491 3492/3492
f 6005/6005 1430/1430 534/534
f 6006/6006 3860/3860 3221/3221
f 1246/1246 3626/3626 3627/3627
f 1246/1246 3921/3921 3626/3626
f 1112/1112 1789/1789 6007/6007
f 2194/2194 4063/4063 1955/1955
f 847/847 6008/6008 6009/6009
f 2198/2198 1959/1959 4067/4067
f 6011/6011 6012/6012 3624/3624
f 197/197 6014/6014 6015/6015
f 4472/4472 4443/4443 2679/2679
f 2676/2676 4445/4445 4470/4470
f 6018/6018 4933/4933 3676/3676
f 4937/4937 6020/6020 3680/3680
f 1208/1208 3925/3925 5871/5871
f 4996/4996 1441/1441 1151/1151
f 1441/1441 1440/1440 6022/6022
f 6023/6023 6024/6024 6025/6025
f 6024/6024 5975/5975 6025/6025
f 2407/2407 6026/6026 6027/6027
f 2409/2409 6028/6028 6029/6029
f 6032/6032 4527/4527 6033/6033
f 3062/3062 6744/6744 460/460
f 5301/5301 6035/6035 5302/5302
f 245/245 2726/2726 246/246
f 3449/3449 6036/6036 4474/4474
f 4746/4746 6037/6037 4743/4743
f 3691/3691 3692/3692 1771/1771
f 6039/6039 3691/3691 1771/1771
f 6041/6041 5413/5413 6042/6042
f 3428/3428 6044/6044 6336/6336
f 6045/6045 4910/4910 6046/6046
f 1535/1535 1536/1536 2597/2597
f 5209/5209 6047/6047 2594/2594
f 6048/6048 6049/6049 4919/4919
f 1771/1771 3424/3424 3423/3423
f 3692/3692 1772/1772 440/440
f 669/669 2974/2974 3440/3440
f 2049/2049 2657/2657 2050/2050
f 2972/2972 2973/2973 6060/6060
f 6063/6063 1883/1883 6064/6064
f 3132/3132 2460/2460 3391/3391
f 3136/3136 893/893 6065/6065
f 5105/5105 3293/3293 3294/3294
f 6066/6066 1049/1049 6067/6067
f 6069/6069 4049/4049 2809/2809
f 2945/2945 5674/5674 6070/6070
f 6074/6074 4771/4771 4772/4772
f 5486/5486 5485/5485 6074/6074
f 741/741 6075/6075 5192/5192
f 6076/6076 155/155 2607/2607
f 5213/5213 3578/3578 6077/6077
f 2604/2604 134/134 6078/6078
f 3226/3226 6080/6080 3227/3227
f 3224/3224 3223/3223 6081/6081
f 6081/6081 3701/3701 6082/6082
f 6083/6083 6084/6084 4671/4671
f 2417/2417 2418/2418 6083/6083
f 2021/2021 2022/2022 2662/2662
f 54/54 869/869 3791/3791
f 1321/1321 3062/3062 3061/3061
f 2726/2726 1324/1324 3065/3065
f 5863/5863 5864/5864 6090/6090
f 3557/3557 1762/1762 1764/1764
f 1068/1068 6094/6094 790/790
f 5093/5093 5180/5180 6096/6096
f 6097/6097 6098/6098 3456/3456
f 6099/6099 5509/5509 3457/3457
f 844/844 6103/6103 2283/2283
f 853/853 2287/2287 6104/6104
f 6105/6105 770/770 771/771
f 6107/6107 6106/6106 6091/6091
f 6108/6108 6109/6109 6110/6110
f 6108/6108 6111/6111 6109/6109
f 1259/1259 6112/6112 3486/3486
f 1417/1417 3489/3489 1418/1418
f 4414/4414 4413/4413 6113/6113
f 2869/2869 6116/6116 2870/2870
f 3316/3316 6117/6117 3400/3400
f 6118/6118 1734/1734 1733/1733
f 3402/3402 6119/6119 3318/3318
f 4222/4222 5895/5895 4223/4223
f 171/171 170/170 6120/6120
f 1751/1751 6121/6121 1227/1227
f 2535/2535 6122/6122 5639/5639
f 1362/1362 3266/3266 3265/3265
f 1694/1694 1693/1693 1308/1308
f 4272/4272 1010/1010 3020/3020
f 1380/1380 1381/1381 2593/2593
f 2223/2223 6123/6123 6124/6124
f 6123/6123 2396/2396 6124/6124
f 6125/6125 6126/6126 6127/6127
f 4994/4994 4432/4432 6129/6129
f 4432/4432 91/91 6129/6129
f 4427/4427 4995/4995 6130/6130
f 4427/4427 6130/6130 77/77
f 6131/6131 3892/3892 2096/2096
f 5370/5370 6132/6132 6133/6133
f 4708/4708 6134/6134 1479/1479
f 3687/3687 1484/1484 6135/6135
f 5371/5371 6136/6136 6137/6137
f 3114/3114 3147/3147 3115/3115
f 4852/4852 4850/4850 4853/4853
f 558/558 6138/6138 4542/4542
f 4491/4491 3110/3110 3110/3110
f 2230/2230 6139/6139 6140/6140
f 2229/2229 2230/2230 6140/6140
f 3174/3174 6141/6141 4820/4820
f 4820/4820 6141/6141 6142/6142
f 6149/6149 6150/6150 530/530
f 6151/6151 780/780 2111/2111
f 4145/4145 6152/6152 6153/6153
f 336/336 586/586 6154/6154
f 3436/3436 6155/6155 6154/6154
f 6156/6156 6157/6157 3439/3439
f 429/429 6158/6158 2437/2437
f 6159/6159 414/414 2434/2434
f 5369/5369 4588/4588 2379/2379
f 6160/6160 2993/2993 2992/2992
f 2943/2943 2634/2634 2944/2944
f 6165/6165 6166/6166 6167/6167
f 6168/6168 6169/6169 6170/6170
f 6172/6172 6173/6173 6174/6174
f 1560/1560 1781/1781 5786/5786
f 3827/3827 6179/6179 3477/3477
f 6180/6180 4713/4713 4712/4712
f 1887/1887 1887/1887 6181/6181
f 1887/1887 3957/3957 6181/6181
f 4218/4218 6182/6182 1421/1421
f 3481/3481 1543/1543 3482/3482
f 3479/3479 683/683 2235/2235
f 2825/2825 3479/3479 955/955
f 5451/5451 3866/3866 3867/3867
f 5450/5450 3863/3863 617/617
f 9/9 4420/4420 2905/2905
f 4093/4093 5958/5958 1739/1739
f 3505/3505 1737/1737 5956/5956
f 2665/2665 6192/6192 6193/6193
f 3375/3375 721/721 3466/3466
f 4467/4467 1812/1812 6194/6194
f 7060/7060 6194/6194 1812/1812
f 6195/6195 2011/2011 737/737
f 4909/4909 1199/1199 2011/2011
f 6197/6197 2014/2014 2014/2014
f 4904/4904 2014/2014 2015/2015
f 6198/6198 1547/1547 3038/3038
f 6199/6199 4109/4109 3387/3387
f 4636/4636 6199/6199 3387/3387
f 1831/1831 4108/4108 6200/6200
f 1831/1831 6200/6200 4205/4205
f 2707/2707 6204/6204 3896/3896
f 4639/4639 6205/6205 1967/1967
f 6206/6206 4638/4638 1965/1965
f 6207/6207 6208/6208 5080/5080
f 6211/6211 2347/2347 5701/5701
f 2345/2345 2346/2346 5703/5703
f 5703/5703 2346/2346 6212/6212
f 1096/1096 3193/3193 3653/3653
f 2811/2811 2812/2812 6214/6214
f 6215/6215 1385/1385 6216/6216
f 1385/1385 3820/3820 6216/6216
f 6217/6217 1937/1937 6218/6218
f 3821/3821 1937/1937 6217/6217
f 3894/3894 3896/3896 3894/3894
f 2176/2176 6486/6486 4642/4642
f 1895/1895 5383/5383 5382/5382
f 1901/1901 5380/5380 5381/5381
f 6949/6949 3708/3708 1902/1902
f 1861/1861 2461/2461 5760/5760
f 5683/5683 6219/6219 2449/2449
f 3986/3986 3990/3990 3987/3987
f 6222/6222 6220/6220 6221/6221
f 3420/3420 2110/2110 3421/3421
f 6223/6223 5214/5214 3418/3418
f 5114/5114 6224/6224 3417/3417
f 1215/1215 4128/4128 6225/6225
f 1215/1215 6225/6225 1216/1216
f 4967/4967 5406/5406 6226/6226
f 158/158 4128/4128 1215/1215
f 3784/3784 3782/3782 2026/2026
f 2026/2026 1465/1465 2027/2027
f 1119/1119 3022/3022 4270/4270
f 523/523 3020/3020 3021/3021
f 6229/6229 6230/6230 442/442
f 6232/6232 6231/6231 5595/5595
f 1229/1229 4588/4588 4589/4589
f 1230/1230 1229/1229 2811/2811
f 4077/4077 4033/4033 4032/4032
f 4075/4075 4077/4077 6233/6233
f 4079/4079 6234/6234 4080/4080
f 4080/4080 4036/4036 4038/4038
f 174/174 5089/5089 967/967
f 6235/6235 4086/4086 1175/1175
f 5394/5394 6235/6235 3713/3713
f 735/735 3838/3838 3839/3839
f 2547/2547 289/289 3734/3734
f 5393/5393 3719/3719 6236/6236
f 6236/6236 1126/1126 1473/1473
f 5738/5738 1070/1070 3847/3847
f 737/737 1070/1070 5335/5335
f 389/389 3622/3622 3297/3297
f 6237/6237 5570/5570 5570/5570
f 2591/2591 5523/5523 3923/3923
f 6238/6238 6239/6239 2591/2591
f 3222/3222 6240/6240 1974/1974
f 1969/1969 6241/6241 3219/3219
f 416/416 2205/2205 417/417
f 1937/1937 6242/6242 6218/6218
f 1385/1385 6215/6215 6676/6676
f 3342/3342 282/282 4821/4821
f 4126/4126 2149/2149 6243/6243
f 1974/1974 306/306 1976/1976
f 305/305 306/306 1974/1974
f 416/416 417/417 1969/1969
f 1971/1971 416/416 1969/1969
f 1629/1629 6244/6244 5663/5663
f 1629/1629 5663/5663 763/763
f 5300/5300 6245/6245 5299/5299
f 3875/3875 6246/6246 3876/3876
f 3237/3237 2146/2146 1874/1874
f 2982/2982 5664/5664 6248/6248
f 3213/3213 5664/5664 2982/2982
f 6538/6538 6249/6249 668/668
f 464/464 6538/6538 465/465
f 1552/1552 6250/6250 222/222
f 6250/6250 6251/6251 222/222
f 3383/3383 1774/1774 905/905
f 1774/1774 2263/2263 905/905
f 1315/1315 1754/1754 4621/4621
f 1752/1752 1754/1754 1315/1315
f 2056/2056 2838/2838 6252/6252
f 2330/2330 1250/1250 2837/2837
f 4569/4569 6253/6253 2833/2833
f 6844/6844 2832/2832 1280/1280
f 3683/3683 605/605 604/604
f 1165/1165 495/495 654/654
f 2392/2392 3705/3705 3707/3707
f 3704/3704 3702/3702 2389/2389
f 651/651 1187/1187 6254/6254
f 5536/5536 5537/5537 6256/6256
f 6258/6258 6259/6259 165/165
f 6261/6261 1889/1889 6262/6262
f 3530/3530 117/117 4451/4451
f 6263/6263 6264/6264 2052/2052
f 4258/4258 5997/5997 4259/4259
f 4259/4259 6265/6265 3411/3411
f 3659/3659 4579/4579 3658/3658
f 4576/4576 4577/4577 4579/4579
f 2714/2714 2715/2715 6267/6267
f 4266/4266 2561/2561 3906/3906
f 4266/4266 3906/3906 4267/4267
f 2647/2647 3907/3907 2528/2528
f 2647/2647 2646/2646 3907/3907
f 6268/6268 3448/3448 3448/3448
f 4061/4061 2164/2164 6269/6269
f 6270/6270 4659/4659 4660/4660
f 6271/6271 4655/4655 4655/4655
f 6244/6244 1282/1282 682/682
f 6244/6244 2867/2867 5663/5663
f 6248/6248 1685/1685 1247/1247
f 6248/6248 5664/5664 1685/1685
f 2894/2894 2893/2893 6272/6272
f 3354/3354 2571/2571 2572/2572
f 2823/2823 2822/2822 2824/2824
f 6276/6276 369/369 6275/6275
f 6277/6277 3574/3574 3575/3575
f 6278/6278 3435/3435 3436/3436
f 6281/6281 6280/6280 5457/5457
f 67/67 2445/2445 6282/6282
f 152/152 6282/6282 1855/1855
f 1075/1075 3118/3118 1076/1076
f 58/58 6285/6285 3183/3183
f 4314/4314 2633/2633 4315/4315
f 5168/5168 5089/5089 174/174
f 3000/3000 4870/4870 5600/5600
f 91/91 6292/6292 92/92
f 77/77 367/367 6293/6293
f 3001/3001 4864/4864 4866/4866
f 1184/1184 1185/1185 6296/6296
f 6297/6297 6298/6298 4604/4604
f 2752/2752 5531/5531 2753/2753
f 6299/6299 4603/4603 6300/6300
f 2381/2381 2383/2383 5534/5534
f 4773/4773 4774/4774 6301/6301
f 6302/6302 521/521 6753/6753
f 6221/6221 6220/6220 6303/6303
f 6306/6306 1042/1042 1471/1471
f 675/675 676/676 4516/4516
f 4516/4516 531/531 4515/4515
f 6307/6307 255/255 4006/4006
f 4004/4004 1852/1852 6310/6310
f 2701/2701 2702/2702 1511/1511
f 4112/4112 6317/6317 4806/4806
f 525/525 2859/2859 6318/6318
f 5320/5320 3050/3050 214/214
f 5319/5319 3953/3953 5320/5320
f 5434/5434 5433/5433 2053/2053
f 5438/5438 1890/1890 5436/5436
f 1605/1605 4654/4654 3910/3910
f 6320/6320 4652/4652 6321/6321
f 2827/2827 4537/4537 4650/4650
f 6322/6322 6323/6323 4651/4651
f 6324/6324 4352/4352 1894/1894
f 1085/1085 1084/1084 5100/5100
f 1084/1084 6325/6325 1339/1339
f 5262/5262 6063/6063 502/502
f 3405/3405 5262/5262 502/502
f 6017/6017 3236/3236 556/556
f 3536/3536 3236/3236 3240/3240
f 5309/5309 3300/3300 5155/5155
f 5155/5155 991/991 5156/5156
f 5852/5852 6330/6330 5854/5854
f 4441/4441 5073/5073 6015/6015
f 2775/2775 4446/4446 959/959
f 4137/4137 24/24 23/23
f 3606/3606 3605/3605 4837/4837
f 4039/4039 4794/4794 4041/4041
f 39/39 83/83 85/85
f 6333/6333 6332/6332 1147/1147
f 6334/6334 6335/6335 2725/2725
f 6337/6337 6338/6338 6043/6043
f 5010/5010 6341/6341 5009/5009
f 6342/6342 4211/4211 1814/1814
f 4951/4951 4950/4950 6343/6343
f 5834/5834 1507/1507 1146/1146
f 3882/3882 4250/4250 1282/1282
f 4537/4537 6323/6323 4133/4133
f 4842/4842 2904/2904 1588/1588
f 4842/4842 1588/1588 5946/5946
f 4843/4843 1595/1595 4844/4844
f 4843/4843 5945/5945 1595/1595
f 6350/6350 3708/3708 6949/6949
f 849/849 848/848 3140/3140
f 3137/3137 2514/2514 6353/6353
f 611/611 613/613 612/612
f 611/611 6354/6354 613/613
f 1854/1854 345/345 3306/3306
f 5144/5144 3192/3192 1083/1083
f 6355/6355 5146/5146 3614/3614
f 3431/3431 4388/4388 3508/3508
f 6357/6357 5526/5526 2298/2298
f 568/568 6360/6360 569/569
f 3756/3756 3159/3159 3160/3160
f 3157/3157 3751/3751 3158/3158
f 2976/2976 2975/2975 1264/1264
f 6361/6361 6362/6362 1264/1264
f 4309/4309 1993/1993 2519/2519
f 6363/6363 6364/6364 6365/6365
f 2522/2522 4306/4306 6575/6575
f 6366/6366 6367/6367 6368/6368
f 2218/2218 6369/6369 6370/6370
f 5573/5573 5575/5575 2218/2218
f 522/522 1638/1638 1834/1834
f 4357/4357 5300/5300 4358/4358
f 4550/4550 4548/4548 2462/2462
f 4468/4468 4466/4466 1812/1812
f 2403/2403 911/911 2404/2404
f 1091/1091 2617/2617 2616/2616
f 2612/2612 4001/4001 1681/1681
f 2611/2611 4001/4001 2612/2612
f 801/801 6371/6371 801/801
f 6372/6372 593/593 5029/5029
f 4908/4908 4169/4169 910/910
f 4174/4174 733/733 734/734
f 6375/6375 6374/6374 1781/1781
f 6376/6376 2439/2439 5789/5789
f 2759/2759 830/830 1330/1330
f 3539/3539 6378/6378 6379/6379
f 3052/3052 6380/6380 3952/3952
f 6381/6381 1253/1253 3560/3560
f 6382/6382 3230/3230 6383/6383
f 6384/6384 3230/3230 6382/6382
f 2177/2177 2178/2178 544/544
f 2177/2177 544/544 3171/3171
f 5194/5194 3796/3796 6385/6385
f 6386/6386 5194/5194 6385/6385
f 2612/2612 1681/1681 1018/1018
f 1018/1018 1681/1681 576/576
f 1091/1091 2616/2616 1234/1234
f 1233/1233 1091/1091 1234/1234
f 3981/3981 3982/3982 6387/6387
f 3586/3586 4425/4425 416/416
f 4425/4425 2543/2543 416/416
f 2337/2337 368/368 369/369
f 3267/3267 3266/3266 6389/6389
f 4545/4545 3267/3267 6390/6390
f 6391/6391 4013/4013 6392/6392
f 87/87 380/380 88/88
f 88/88 4014/4014 3287/3287
f 5846/5846 6394/6394 153/153
f 2012/2012 2013/2013 6396/6396
f 6397/6397 2012/2012 6396/6396
f 6398/6398 6399/6399 2087/2087
f 6400/6400 6401/6401 832/832
f 832/832 6401/6401 1726/1726
f 4065/4065 6403/6403 4063/4063
f 6405/6405 510/510 2196/2196
f 6408/6408 3044/3044 6409/6409
f 3669/3669 275/275 4939/4939
f 362/362 4938/4938 363/363
f 4728/4728 3877/3877 6410/6410
f 2483/2483 2482/2482 3877/3877
f 5297/5297 4731/4731 6411/6411
f 2466/2466 2465/2465 5297/5297
f 1384/1384 934/934 1385/1385
f 1384/1384 4241/4241 934/934
f 2401/2401 1017/1017 1937/1937
f 2401/2401 5512/5512 1017/1017
f 6414/6414 6415/6415 1680/1680
f 1610/1610 1815/1815 5747/5747
f 1152/1152 5752/5752 2093/2093
f 6418/6418 2808/2808 2226/2226
f 6419/6419 6420/6420 6421/6421
f 6420/6420 6422/6422 6421/6421
f 1720/1720 94/94 577/577
f 1719/1719 94/94 1720/1720
f 6426/6426 2070/2070 3905/3905
f 4504/4504 4503/4503 6427/6427
f 4228/4228 4505/4505 6428/6428
f 5656/5656 2631/2631 5200/5200
f 3547/3547 6429/6429 3548/3548
f 5061/5061 3580/3580 2021/2021
f 5063/5063 1761/1761 3830/3830
f 3903/3903 5642/5642 3197/3197
f 5507/5507 6430/6430 6431/6431
f 6731/6731 2522/2522 2523/2523
f 4056/4056 348/348 6432/6432
f 2521/2521 2520/2520 6433/6433
f 1994/1994 4054/4054 6434/6434
f 4552/4552 427/427 2407/2407
f 5986/5986 111/111 4552/4552
f 6437/6437 5164/5164 6438/6438
f 1361/1361 6438/6438 6439/6439
f 6440/6440 543/543 542/542
f 1727/1727 6440/6440 542/542
f 2525/2525 6441/6441 6442/6442
f 6442/6442 5162/5162 5163/5163
f 3814/3814 3815/3815 2305/2305
f 4005/4005 3814/3814 2305/2305
f 4007/4007 2300/2300 3810/3810
f 3810/3810 2300/2300 3811/3811
f 6443/6443 96/96 95/95
f 4996/4996 95/95 1438/1438
f 743/743 1204/1204 744/744
f 202/202 1728/1728 1463/1463
f 3863/3863 4627/4627 4627/4627
f 3867/3867 4629/4629 4629/4629
f 2461/2461 2462/2462 6451/6451
f 2462/2462 4549/4549 2463/2463
f 826/826 2975/2975 2976/2976
f 5227/5227 2978/2978 2976/2976
f 5677/5677 6452/6452 5678/5678
f 2897/2897 6453/6453 5677/5677
f 4409/4409 3833/3833 4410/4410
f 4412/4412 3835/3835 4413/4413
f 6456/6456 5913/5913 3994/3994
f 1508/1508 6457/6457 3994/3994
f 6458/6458 3070/3070 6459/6459
f 6459/6459 3070/3070 4810/4810
f 4554/4554 5182/5182 6095/6095
f 5987/5987 4553/4553 2408/2408
f 4551/4551 6096/6096 6460/6460
f 427/427 3241/3241 2407/2407
f 1487/1487 6461/6461 5820/5820
f 1093/1093 4683/4683 6462/6462
f 4934/4934 3432/3432 3434/3434
f 4218/4218 1422/1422 1804/1804
f 5388/5388 5387/5387 4207/4207
f 4220/4220 2143/2143 6465/6465
f 159/159 1216/1216 6466/6466
f 2042/2042 808/808 807/807
f 2784/2784 6473/6473 1856/1856
f 6476/6476 6086/6086 6086/6086
f 2783/2783 1860/1860 6479/6479
f 6480/6480 133/133 6481/6481
f 1173/1173 3716/3716 3715/3715
f 2287/2287 5394/5394 5395/5395
f 2283/2283 5392/5392 5393/5393
f 3720/3720 1130/1130 3721/3721
f 4626/4626 6483/6483 4623/4623
f 6484/6484 6485/6485 156/156
f 3411/3411 3412/3412 5902/5902
f 6488/6488 4956/4956 4561/4561
f 1205/1205 9/9 10/10
f 4329/4329 4331/4331 4330/4330
f 4333/4333 4332/4332 4334/4334
f 503/503 6489/6489 1061/1061
f 1884/1884 6489/6489 503/503
f 6490/6490 5195/5195 4177/4177
f 5653/5653 6490/6490 602/602
f 117/117 6491/6491 4450/4450
f 475/475 476/476 6492/6492
f 6492/6492 476/476 2485/2485
f 4454/4454 6493/6493 324/324
f 6493/6493 323/323 5943/5943
f 5338/5338 3026/3026 5337/5337
f 3138/3138 3026/3026 5338/5338
f 5340/5340 5339/5339 235/235
f 234/234 5340/5340 235/235
f 3730/3730 3729/3729 3727/3727
f 3122/3122 6072/6072 3121/3121
f 6494/6494 6072/6072 3122/3122
f 642/642 644/644 6/6
f 3197/3197 3198/3198 62/62
f 902/902 62/62 903/903
f 4742/4742 6495/6495 4742/4742
f 5690/5690 6497/6497 1394/1394
f 2503/2503 2749/2749 6498/6498
f 993/993 3203/3203 6498/6498
f 3832/3832 5542/5542 5541/5541
f 485/485 3832/3832 3833/3833
f 3834/3834 907/907 3835/3835
f 6499/6499 6500/6500 3834/3834
f 4804/4804 130/130 6501/6501
f 3607/3607 6502/6502 3605/3605
f 2190/2190 6503/6503 1059/1059
f 1783/1783 2910/2910 2909/2909
f 1793/1793 2914/2914 2912/2912
f 342/342 1854/1854 3306/3306
f 1617/1617 6354/6354 611/611
f 6506/6506 3562/3562 6507/6507
f 3565/3565 5228/5228 2248/2248
f 6508/6508 2470/2470 2720/2720
f 2746/2746 3597/3597 2747/2747
f 136/136 2853/2853 2852/2852
f 1439/1439 95/95 4120/4120
f 3220/3220 3859/3859 6509/6509
f 2207/2207 1848/1848 1849/1849
f 3281/3281 5152/5152 926/926
f 1745/1745 1744/1744 2212/2212
f 6511/6511 6006/6006 3221/3221
f 6512/6512 6514/6514 4597/4597
f 6516/6516 6517/6517 6515/6515
f 6518/6518 5148/5148 5612/5612
f 4402/4402 623/623 6518/6518
f 532/532 1449/1449 3667/3667
f 5414/5414 3807/3807 3665/3665
f 2173/2173 3590/3590 3593/3593
f 678/678 99/99 3593/3593
f 4034/4034 4033/4033 4031/4031
f 28/28 5284/5284 418/418
f 4037/4037 4035/4035 4038/4038
f 36/36 307/307 5283/5283
f 1181/1181 1182/1182 4627/4627
f 6525/6525 1181/1181 4627/4627
f 6526/6526 4629/4629 6527/6527
f 293/293 5477/5477 3072/3072
f 548/548 5476/5476 2215/2215
f 22/22 6531/6531 6532/6532
f 4090/4090 2565/2565 2566/2566
f 6535/6535 6536/6536 3354/3354
f 286/286 287/287 6537/6537
f 123/123 124/124 6539/6539
f 4744/4744 6540/6540 6541/6541
f 690/690 4397/4397 690/690
f 4397/4397 6542/6542 6543/6543
f 2703/2703 6228/6228 4760/4760
f 6227/6227 6228/6228 2703/2703
f 6229/6229 4761/4761 6230/6230
f 6544/6544 5267/5267 6545/6545
f 6546/6546 6547/6547 5267/5267
f 842/842 3553/3553 5201/5201
f 3552/3552 6548/6548 350/350
f 6549/6549 3550/3550 161/161
f 5204/5204 3049/3049 855/855
f 6550/6550 6446/6446 3921/3921
f 6448/6448 6553/6553 2508/2508
f 5044/5044 1356/1356 1355/1355
f 2048/2048 3777/3777 1692/1692
f 3732/3732 5043/5043 2038/2038
f 2034/2034 1012/1012 2035/2035
f 719/719 4580/4580 5638/5638
f 2560/2560 2148/2148 5627/5627
f 5866/5866 4127/4127 4127/4127
f 2005/2005 2529/2529 5626/5626
f 3934/3934 3935/3935 3934/3934
f 4521/4521 2919/2919 4522/4522
f 4523/4523 2927/2927 6555/6555
f 1987/1987 3391/3391 6556/6556
f 327/327 3392/3392 6557/6557
f 336/336 3395/3395 3395/3395
f 822/822 5885/5885 6558/6558
f 859/859 5841/5841 860/860
f 4461/4461 4602/4602 2876/2876
f 2981/2981 4605/4605 593/593
f 6560/6560 5095/5095 1043/1043
f 4027/4027 4026/4026 6561/6561
f 6561/6561 1904/1904 1903/1903
f 1898/1898 6562/6562 1899/1899
f 6562/6562 4028/4028 4029/4029
f 972/972 2569/2569 973/973
f 6565/6565 1036/1036 4787/4787
f 6566/6566 1894/1894 725/725
f 4481/4481 6567/6567 2337/2337
f 2651/2651 3212/3212 3211/3211
f 3571/3571 3572/3572 3573/3573
f 82/82 6568/6568 2655/2655
f 6568/6568 4268/4268 1693/1693
f 6569/6569 788/788 5326/5326
f 5158/5158 4668/4668 4669/4669
f 1090/1090 1091/1091 1233/1233
f 1160/1160 1090/1090 1233/1233
f 6573/6573 6574/6574 2798/2798
f 1681/1681 1682/1682 576/576
f 576/576 1682/1682 577/577
f 6580/6580 6578/6578 925/925
f 1326/1326 5379/5379 1900/1900
f 1323/1323 1896/1896 5384/5384
f 2144/2144 6584/6584 2922/2922
f 5947/5947 2064/2064 2882/2882
f 2424/2424 142/142 1332/1332
f 1331/1331 2424/2424 1332/1332
f 703/703 3425/3425 1401/1401
f 1401/1401 3425/3425 1425/1425
f 385/385 1640/1640 4678/4678
f 6951/6951 1640/1640 385/385
f 496/496 3537/3537 1555/1555
f 1231/1231 496/496 1555/1555
f 1505/1505 1506/1506 5519/5519
f 6382/6382 6383/6383 199/199
f 199/199 6383/6383 1170/1170
f 6585/6585 3255/3255 6586/6586
f 2854/2854 3425/3425 703/703
f 702/702 2854/2854 703/703
f 142/142 2425/2425 143/143
f 2424/2424 2425/2425 142/142
f 4336/4336 252/252 251/251
f 897/897 300/300 299/299
f 4339/4339 4424/4424 897/897
f 2225/2225 2808/2808 6125/6125
f 2223/2223 6124/6124 6422/6422
f 2764/2764 2766/2766 6587/6587
f 5019/5019 1241/1241 2767/2767
f 1224/1224 5020/5020 2771/2771
f 5818/5818 6588/6588 2917/2917
f 6588/6588 590/590 2917/2917
f 409/409 6589/6589 2861/2861
f 6589/6589 5342/5342 2861/2861
f 3333/3333 6590/6590 6591/6591
f 5341/5341 6594/6594 87/87
f 3508/3508 615/615 4922/4922
f 6596/6596 2668/2668 5709/5709
f 5507/5507 6596/6596 5709/5709
f 6597/6597 6284/6284 6283/6283
f 1190/1190 3344/3344 2598/2598
f 1191/1191 1379/1379 1190/1190
f 1576/1576 3175/3175 6598/6598
f 6599/6599 3041/3041 2346/2346
f 797/797 6600/6600 5310/5310
f 796/796 6600/6600 797/797
f 2970/2970 5817/5817 223/223
f 5817/5817 6601/6601 223/223
f 6602/6602 5818/5818 1420/1420
f 1420/1420 5818/5818 2917/2917
f 2573/2573 2895/2895 718/718
f 3634/3634 1537/1537 3633/3633
f 3633/3633 604/604 1872/1872
f 489/489 188/188 2963/2963
f 2419/2419 2421/2421 2899/2899
f 2417/2417 181/181 4509/4509
f 6606/6606 6607/6607 272/272
f 6607/6607 814/814 272/272
f 434/434 6608/6608 6609/6609
f 1436/1436 6608/6608 434/434
f 1650/1650 1910/1910 1912/1912
f 6610/6610 765/765 3234/3234
f 5836/5836 3234/3234 6610/6610
f 4378/4378 4377/4377 6319/6319
f 4377/4377 6319/6319 321/321
f 1602/1602 1905/1905 1906/1906
f 2507/2507 6614/6614 6447/6447
f 6445/6445 6616/6616 313/313
f 940/940 5714/5714 6618/6618
f 3908/3908 865/865 4973/4973
f 865/865 866/866 6619/6619
f 4288/4288 2485/2485 3068/3068
f 6492/6492 2485/2485 4288/4288
f 3124/3124 4124/4124 201/201
f 4124/4124 4123/4123 201/201
f 3796/3796 6250/6250 1552/1552
f 6385/6385 3796/3796 1552/1552
f 5513/5513 2442/2442 6620/6620
f 6620/6620 696/696 697/697
f 6401/6401 3914/3914 1726/1726
f 1726/1726 3914/3914 833/833
f 5514/5514 6621/6621 3128/3128
f 6621/6621 5023/5023 1779/1779
f 2199/2199 5833/5833 3335/3335
f 3420/3420 6223/6223 5139/5139
f 5136/5136 6224/6224 3416/3416
f 2344/2344 6653/6653 123/123
f 2033/2033 6437/6437 6438/6438
f 6442/6442 5163/5163 3314/3314
f 6626/6626 2348/2348 286/286
f 6627/6627 3400/3400 1943/1943
f 3400/3400 3399/3399 3398/3398
f 6628/6628 6629/6629 3402/3402
f 3401/3401 3402/3402 3317/3317
f 5075/5075 6631/6631 6630/6630
f 5074/5074 6633/6633 6634/6634
f 3659/3659 3657/3657 1687/1687
f 2495/2495 1159/1159 208/208
f 953/953 215/215 2493/2493
f 3656/3656 3655/3655 1625/1625
f 5600/5600 4869/4869 5599/5599
f 148/148 92/92 3745/3745
f 4864/4864 5601/5601 4867/4867
f 366/366 854/854 367/367
f 855/855 163/163 2491/2491
f 5206/5206 5205/5205 3084/3084
f 3085/3085 5202/5202 5203/5203
f 3119/3119 4700/4700 3120/3120
f 6635/6635 6636/6636 2738/2738
f 6637/6637 2732/2732 6638/6638
f 4153/4153 6639/6639 2731/2731
f 2731/2731 6639/6639 2730/2730
f 5833/5833 1188/1188 6640/6640
f 3344/3344 3346/3346 2598/2598
f 667/667 2649/2649 3352/3352
f 1182/1182 2741/2741 6642/6642
f 4278/4278 4276/4276 3158/3158
f 520/520 1106/1106 520/520
f 3160/3160 4273/4273 4275/4275
f 2748/2748 594/594 1022/1022
f 1856/1856 6643/6643 2368/2368
f 4907/4907 4168/4168 4169/4169
f 1860/1860 2369/2369 6644/6644
f 2561/2561 6645/6645 2560/2560
f 2528/2528 2529/2529 6646/6646
f 6648/6648 3138/3138 743/743
f 130/130 2352/2352 5210/5210
f 6572/6572 6571/6571 491/491
f 3757/3757 6649/6649 5448/5448
f 3759/3759 3757/3757 1918/1918
f 3761/3761 5452/5452 6650/6650
f 3762/3762 1923/1923 3761/3761
f 1060/1060 4686/4686 1768/1768
f 6651/6651 3043/3043 3044/3044
f 3041/3041 6652/6652 3042/3042
f 6101/6101 768/768 6654/6654
f 4629/4629 4630/4630 4153/4153
f 1178/1178 4630/4630 6639/6639
f 6656/6656 982/982 1921/1921
f 2499/2499 1920/1920 986/986
f 4867/4867 6658/6658 4865/4865
f 6658/6658 3559/3559 3002/3002
f 6659/6659 2996/2996 4572/4572
f 4869/4869 4868/4868 6659/6659
f 2448/2448 3989/3989 3988/3988
f 1313/1313 3986/3986 3985/3985
f 3199/3199 3413/3413 4513/4513
f 1541/1541 3829/3829 1542/1542
f 4253/4253 1442/1442 2451/2451
f 4765/4765 6665/6665 351/351
f 6668/6668 6667/6667 5113/5113
f 5214/5214 6669/6669 6670/6670
f 6671/6671 3612/3612 6672/6672
f 897/897 299/299 898/898
f 3816/3816 5222/5222 3927/3927
f 4336/4336 899/899 252/252
f 2426/2426 2040/2040 2427/2427
f 6516/6516 3231/3231 3231/3231
f 1933/1933 2632/2632 3274/3274
f 6673/6673 819/819 6674/6674
f 3544/3544 5583/5583 819/819
f 3638/3638 4688/4688 1064/1064
f 1064/1064 6675/6675 2267/2267
f 5336/5336 5335/5335 2269/2269
f 4690/4690 3640/3640 1069/1069
f 5562/5562 6678/6678 6190/6190
f 1455/1455 1456/1456 6680/6680
f 2429/2429 519/519 2428/2428
f 6681/6681 891/891 892/892
f 3152/3152 2271/2271 3153/3153
f 4974/4974 2266/2266 3163/3163
f 4932/4932 3433/3433 392/392
f 3434/3434 2277/2277 2278/2278
f 4936/4936 2402/2402 1410/1410
f 2402/2402 1407/1407 3017/3017
f 4046/4046 3600/3600 6683/6683
f 2986/2986 6683/6683 5150/5150
f 441/441 6535/6535 3354/3354
f 14/14 6535/6535 440/440
f 168/168 2649/2649 667/667
f 666/666 168/168 667/667
f 4060/4060 6690/6690 2162/2162
f 6615/6615 6696/6696 2342/2342
f 4104/4104 6697/6697 6613/6613
f 2372/2372 6698/6698 2373/2373
f 6191/6191 6703/6703 4365/4365
f 5279/5279 5280/5280 2652/2652
f 281/281 4567/4567 211/211
f 1636/1636 5855/5855 6712/6712
f 3037/3037 6713/6713 3036/3036
f 1571/1571 6714/6714 176/176
f 6714/6714 5949/5949 176/176
f 4305/4305 2592/2592 1378/1378
f 1378/1378 1379/1379 1191/1191
f 20/20 19/19 6039/6039
f 5042/5042 3733/3733 3732/3732
f 6040/6040 127/127 646/646
f 2047/2047 5045/5045 1356/1356
f 3849/3849 3614/3614 6716/6716
f 507/507 4457/4457 578/578
f 5198/5198 665/665 4465/4465
f 906/906 4805/4805 6722/6722
f 340/340 6722/6722 4139/4139
f 6723/6723 278/278 5577/5577
f 4807/4807 1316/1316 6723/6723
f 4139/4139 6724/6724 4139/4139
f 6725/6725 4216/4216 6726/6726
f 6726/6726 4216/4216 5577/5577
f 1378/1378 524/524 3345/3345
f 667/667 3351/3351 1119/1119
f 2793/2793 6339/6339 5091/5091
f 792/792 6337/6337 3426/3426
f 790/790 3429/3429 6336/6336
f 5181/5181 2795/2795 791/791
f 5001/5001 5002/5002 997/997
f 2825/2825 956/956 4095/4095
f 4095/4095 4094/4094 4096/4096
f 915/915 3038/3038 4573/4573
f 3481/3481 4573/4573 1543/1543
f 1170/1170 6729/6729 6730/6730
f 6383/6383 6729/6729 1170/1170
f 3864/3864 616/616 3862/3862
f 671/671 452/452 6735/6735
f 1091/1091 4000/4000 2617/2617
f 4000/4000 1333/1333 2617/2617
f 1402/1402 4001/4001 2611/2611
f 3100/3100 1447/1447 274/274
f 575/575 3100/3100 274/274
f 5149/5149 5149/5149 6736/6736
f 1231/1231 68/68 3101/3101
f 3101/3101 68/68 69/69
f 5611/5611 1984/1984 1981/1981
f 932/932 6737/6737 932/932
f 6738/6738 5017/5017 5228/5228
f 5022/5022 6739/6739 2746/2746
f 3488/3488 3487/3487 4946/4946
f 3484/3484 4940/4940 3484/3484
f 1135/1135 2075/2075 537/537
f 2075/2075 3780/3780 2062/2062
f 1099/1099 2059/2059 3097/3097
f 1102/1102 5439/5439 1099/1099
f 2311/2311 4456/4456 4459/4459
f 2312/2312 2311/2311 4459/4459
f 2317/2317 4462/4462 2318/2318
f 2318/2318 4462/4462 4464/4464
f 6742/6742 6743/6743 1994/1994
f 2625/2625 2945/2945 2946/2946
f 126/126 6746/6746 645/645
f 2810/2810 2809/2809 1222/1222
f 6747/6747 3689/3689 18/18
f 4747/4747 4746/4746 4743/4743
f 2341/2341 3201/3201 4089/4089
f 5569/5569 689/689 688/688
f 2375/2375 4734/4734 4735/4735
f 6184/6184 6183/6183 1591/1591
f 6183/6183 4768/4768 1591/1591
f 6752/6752 65/65 4159/4159
f 2740/2740 65/65 2742/2742
f 6186/6186 1593/1593 4769/4769
f 6185/6185 1593/1593 6186/6186
f 4011/4011 1742/1742 4984/4984
f 2579/2579 1041/1041 1742/1742
f 2582/2582 1738/1738 1738/1738
f 4017/4017 675/675 675/675
f 3521/3521 2906/2906 4137/4137
f 6753/6753 6667/6667 6668/6668
f 6754/6754 6667/6667 6753/6753
f 6670/6670 6669/6669 6222/6222
f 6669/6669 6220/6220 6222/6222
f 3519/3519 3520/3520 5859/5859
f 6756/6756 4003/4003 6757/6757
f 4281/4281 6758/6758 4282/4282
f 4285/4285 141/141 4286/4286
f 141/141 433/433 4286/4286
f 6760/6760 1228/1228 6160/6160
f 2000/2000 3540/3540 2001/2001
f 2001/2001 5513/5513 3899/3899
f 2118/2118 3898/3898 5514/5514
f 2119/2119 2118/2118 3542/3542
f 2455/2455 2454/2454 2452/2452
f 2457/2457 2459/2459 2458/2458
f 25/25 1285/1285 2506/2506
f 1284/1284 1285/1285 25/25
f 6681/6681 6762/6762 891/891
f 777/777 891/891 6762/6762
f 4827/4827 4828/4828 1837/1837
f 4824/4824 1194/1194 4435/4435
f 4824/4824 3136/3136 4825/4825
f 84/84 2502/2502 1357/1357
f 5169/5169 1637/1637 1348/1348
f 1348/1348 2546/2546 6763/6763
f 4754/4754 90/90 6764/6764
f 3392/3392 6765/6765 462/462
f 1876/1876 1878/1878 1876/1876
f 1878/1878 6108/6108 6772/6772
f 5774/5774 3826/3826 1337/1337
f 2273/2273 6773/6773 6855/6855
f 4584/4584 6775/6775 34/34
f 96/96 6778/6778 1423/1423
f 6778/6778 1749/1749 1423/1423
f 6780/6780 6779/6779 2130/2130
f 2116/2116 6782/6782 6781/6781
f 311/311 3566/3566 6377/6377
f 311/311 3210/3210 1825/1825
f 2706/2706 1672/1672 4386/4386
f 1330/1330 2706/2706 4386/4386
f 3124/3124 201/201 1808/1808
f 3125/3125 3124/3124 1808/1808
f 521/521 6754/6754 6753/6753
f 4997/4997 6783/6783 3054/3054
f 6783/6783 4738/4738 6784/6784
f 5896/5896 2167/2167 2168/2168
f 2983/2983 2324/2324 5900/5900
f 2794/2794 6785/6785 6786/6786
f 2400/2400 6791/6791 1015/1015
f 2218/2218 6370/6370 895/895
f 1531/1531 1532/1532 6794/6794
f 1531/1531 6794/6794 1406/1406
f 4763/4763 4534/4534 5220/5220
f 6797/6797 6795/6795 6798/6798
f 3252/3252 4350/4350 6799/6799
f 4528/4528 3207/3207 450/450
f 450/450 3207/3207 671/671
f 1713/1713 1712/1712 6175/6175
f 6800/6800 3194/3194 6801/6801
f 6802/6802 4149/4149 6800/6800
f 2900/2900 2898/2898 3295/3295
f 6803/6803 3295/3295 2898/2898
f 6713/6713 3037/3037 4295/4295
f 4296/4296 4295/4295 3037/3037
f 12/12 6805/6805 6806/6806
f 4823/4823 4981/4981 1529/1529
f 3193/3193 6802/6802 6800/6800
f 6809/6809 6810/6810 1095/1095
f 6111/6111 1528/1528 5355/5355
f 6109/6109 6111/6111 5355/5355
f 2231/2231 4598/4598 2232/2232
f 5982/5982 715/715 3944/3944
f 4231/4231 2585/2585 2584/2584
f 2587/2587 4232/4232 2586/2586
f 3062/3062 1147/1147 6744/6744
f 245/245 2725/2725 2726/2726
f 6741/6741 6814/6814 245/245
f 833/833 6815/6815 6382/6382
f 3914/3914 6815/6815 833/833
f 6386/6386 6385/6385 812/812
f 811/811 6386/6386 812/812
f 6816/6816 6386/6386 811/811
f 1033/1033 6816/6816 811/811
f 6602/6602 1420/1420 1419/1419
f 2226/2226 6602/6602 1419/1419
f 6419/6419 1301/1301 6601/6601
f 6601/6601 1301/1301 223/223
f 6817/6817 220/220 6251/6251
f 222/222 6251/6251 220/220
f 590/590 6400/6400 832/832
f 6588/6588 6400/6400 590/590
f 6142/6142 6818/6818 4617/4617
f 4715/4715 1570/1570 1363/1363
f 3070/3070 4715/4715 4118/4118
f 6821/6821 951/951 6121/6121
f 6822/6822 4196/4196 6821/6821
f 6541/6541 784/784 4354/4354
f 5620/5620 5622/5622 2928/2928
f 5616/5616 5617/5617 5619/5619
f 6542/6542 2364/2364 2365/2365
f 6823/6823 1033/1033 119/119
f 6824/6824 6823/6823 119/119
f 139/139 6730/6730 6825/6825
f 1170/1170 6730/6730 139/139
f 6419/6419 6421/6421 318/318
f 1301/1301 6419/6419 318/318
f 1682/1682 5103/5103 577/577
f 589/589 2226/2226 1419/1419
f 6418/6418 2226/2226 589/589
f 4786/4786 6782/6782 6826/6826
f 3951/3951 4784/4784 6779/6779
f 4082/4082 4079/4079 4081/4081
f 1332/1332 3105/3105 1405/1405
f 4078/4078 4076/4076 4075/4075
f 3103/3103 1401/1401 1400/1400
f 5255/5255 1090/1090 1160/1160
f 3400/3400 6117/6117 6827/6827
f 6116/6116 6828/6828 1317/1317
f 6607/6607 6824/6824 814/814
f 6824/6824 119/119 814/814
f 139/139 6825/6825 140/140
f 140/140 6825/6825 6829/6829
f 6118/6118 1299/1299 6830/6830
f 2328/2328 1248/1248 6833/6833
f 956/956 683/683 3460/3460
f 2235/2235 683/683 956/956
f 2475/2475 3621/3621 5296/5296
f 4374/4374 4373/4373 2472/2472
f 6606/6606 272/272 1749/1749
f 6778/6778 6606/6606 1749/1749
f 2353/2353 3735/3735 2354/2354
f 4290/4290 5295/5295 5293/5293
f 3833/3833 3832/3832 3704/3704
f 4410/4410 1186/1186 6834/6834
f 6835/6835 4412/4412 5069/5069
f 3707/3707 3834/3834 3835/3835
f 5322/5322 1533/1533 3455/3455
f 3454/3454 718/718 720/720
f 4750/4750 6836/6836 4751/4751
f 5497/5497 5496/5496 4565/4565
f 4748/4748 4749/4749 6837/6837
f 6838/6838 5551/5551 5886/5886
f 6838/6838 149/149 233/233
f 6839/6839 4175/4175 599/599
f 6839/6839 599/599 6840/6840
f 6304/6304 6841/6841 6305/6305
f 76/76 5566/5566 6842/6842
f 2517/2517 3563/3563 3562/3562
f 3596/3596 2468/2468 2470/2470
f 1120/1120 6317/6317 5344/5344
f 2327/2327 6845/6845 1279/1279
f 4193/4193 6846/6846 3028/3028
f 6127/6127 5260/5260 6163/6163
f 5260/5260 2398/2398 6163/6163
f 672/672 671/671 6847/6847
f 671/671 6735/6735 6847/6847
f 1711/1711 2697/2697 5406/5406
f 4967/4967 1710/1710 5406/5406
f 1303/1303 3567/3567 1305/1305
f 1825/1825 5615/5615 5962/5962
f 3515/3515 1329/1329 3514/3514
f 3514/3514 6848/6848 3515/3515
f 5612/5612 624/624 5614/5614
f 1544/1544 2837/2837 914/914
f 2414/2414 1544/1544 914/914
f 283/283 6853/6853 4981/4981
f 371/371 371/371 3302/3302
f 3305/3305 154/154 154/154
f 81/81 5241/5241 167/167
f 82/82 81/81 167/167
f 115/115 1191/1191 4186/4186
f 4186/4186 1191/1191 5240/5240
f 3293/3293 3615/3615 3616/3616
f 3572/3572 6260/6260 2180/2180
f 3211/3211 2264/2264 6259/6259
f 6259/6259 2264/2264 165/165
f 2421/2421 5734/5734 2418/2418
f 6858/6858 108/108 107/107
f 6428/6428 6512/6512 4165/4165
f 1347/1347 6859/6859 5856/5856
f 969/969 6860/6860 970/970
f 3274/3274 6516/6516 6861/6861
f 6866/6866 6865/6865 5825/5825
f 3209/3209 3033/3033 875/875
f 3208/3208 3033/3033 3209/3209
f 2938/2938 3249/3249 5290/5290
f 1272/1272 2938/2938 5290/5290
f 6867/6867 4574/4574 1055/1055
f 6867/6867 6868/6868 4574/4574
f 976/976 620/620 3516/3516
f 2742/2742 64/64 5598/5598
f 2585/2585 191/191 191/191
f 5596/5596 5597/5597 180/180
f 8/8 2587/2587 8/8
f 6273/6273 924/924 6869/6869
f 3661/3661 112/112 113/113
f 6870/6870 918/918 6274/6274
f 3275/3275 6861/6861 1934/1934
f 4902/4902 5973/5973 6872/6872
f 1950/1950 6873/6873 488/488
f 6630/6630 6632/6632 1326/1326
f 6633/6633 1322/1322 6876/6876
f 2492/2492 4927/4927 1172/1172
f 6878/6878 2061/2061 2829/2829
f 6879/6879 2835/2835 2055/2055
f 2836/2836 2835/2835 6879/6879
f 6586/6586 3255/3255 5912/5912
f 724/724 4326/4326 6880/6880
f 6882/6882 6881/6881 6883/6883
f 6886/6886 6884/6884 6885/6885
f 5080/5080 6208/6208 6887/6887
f 6889/6889 3262/3262 6709/6709
f 635/635 6891/6891 1104/1104
f 6892/6892 6894/6894 4878/4878
f 4880/4880 6895/6895 6896/6896
f 6897/6897 2377/2377 3517/3517
f 6898/6898 4423/4423 3260/3260
f 3155/3155 6901/6901 3156/3156
f 1708/1708 5746/5746 1709/1709
f 6904/6904 3161/3161 50/50
f 3035/3035 1346/1346 2546/2546
f 2546/2546 4846/4846 4845/4845
f 5914/5914 6905/6905 2782/2782
f 2782/2782 484/484 483/483
f 6906/6906 5915/5915 2785/2785
f 908/908 2785/2785 2786/2786
f 3298/3298 1047/1047 4648/4648
f 4701/4701 3476/3476 1679/1679
f 6029/6029 60/60 2292/2292
f 2296/2296 6043/6043 6042/6042
f 6026/6026 2296/2296 102/102
f 1389/1389 6912/6912 5274/5274
f 6913/6913 6912/6912 557/557
f 561/561 6914/6914 6915/6915
f 1164/1164 561/561 6915/6915
f 4370/4370 936/936 4371/4371
f 4372/4372 1968/1968 4639/4639
f 4367/4367 894/894 4368/4368
f 4638/4638 1966/1966 4369/4369
f 4329/4329 4330/4330 5939/5939
f 5938/5938 4329/4329 5939/5939
f 5937/5937 5936/5936 4332/4332
f 6897/6897 6916/6916 2377/2377
f 2165/2165 118/118 1457/1457
f 3668/3668 533/533 5416/5416
f 98/98 4670/4670 678/678
f 5611/5611 374/374 6918/6918
f 4243/4243 6919/6919 2608/2608
f 6546/6546 5267/5267 935/935
f 90/90 1965/1965 4679/4679
f 4754/4754 6764/6764 4680/4680
f 1005/1005 6922/6922 3785/3785
f 2818/2818 1408/1408 423/423
f 423/423 1408/1408 6923/6923
f 79/79 4682/4682 1967/1967
f 6364/6364 6743/6743 6742/6742
f 6365/6365 6364/6364 6742/6742
f 6745/6745 6366/6366 6368/6368
f 4057/4057 6366/6366 6745/6745
f 4293/4293 4292/4292 4290/4290
f 2474/2474 698/698 699/699
f 4375/4375 4373/4373 4374/4374
f 410/410 6924/6924 411/411
f 2786/2786 3963/3963 3852/3852
f 3857/3857 3962/3962 483/483
f 4344/4344 7086/7086 4346/4346
f 1935/1935 6871/6871 7086/7086
f 5369/5369 6926/6926 2992/2992
f 6927/6927 6926/6926 5369/5369
f 1061/1061 6928/6928 5040/5040
f 6489/6489 6928/6928 1061/1061
f 3455/3455 1534/1534 3613/3613
f 3610/3610 310/310 6520/6520
f 6929/6929 6930/6930 6164/6164
f 6931/6931 670/670 6932/6932
f 6933/6933 2024/2024 2024/2024
f 600/600 601/601 6934/6934
f 2003/2003 6935/6935 2003/2003
f 1088/1088 6389/6389 2534/2534
f 5706/5706 3087/3087 3088/3088
f 6939/6939 637/637 911/911
f 6941/6941 864/864 402/402
f 473/473 6942/6942 1538/1538
f 341/341 6942/6942 473/473
f 1461/1461 660/660 659/659
f 1666/1666 1668/1668 2689/2689
f 6948/6948 80/80 3712/3712
f 6948/6948 79/79 80/80
f 6949/6949 89/89 90/90
f 3778/3778 5117/5117 3558/3558
f 497/497 1231/1231 6952/6952
f 6952/6952 1231/1231 1232/1232
f 4471/4471 6014/6014 197/197
f 6016/6016 4469/4469 145/145
f 5766/5766 5012/5012 5767/5767
f 5793/5793 3180/3180 5792/5792
f 2123/2123 6954/6954 3214/3214
f 4325/4325 6715/6715 3926/3926
f 6023/6023 1583/1583 777/777
f 6025/6025 1583/1583 6023/6023
f 5795/5795 5796/5796 3181/3181
f 3251/3251 5684/5684 1616/1616
f 3206/3206 1116/1116 2819/2819
f 3206/3206 2819/2819 5687/5687
f 1829/1829 2490/2490 2488/2488
f 4764/4764 2488/2488 6666/6666
f 6918/6918 776/776 6955/6955
f 776/776 3284/3284 6955/6955
f 1735/1735 3879/3879 6956/6956
f 1568/1568 423/423 6923/6923
f 3450/3450 6922/6922 1005/1005
f 2870/2870 3315/3315 6957/6957
f 2870/2870 6957/6957 2069/2069
f 705/705 273/273 6758/6758
f 4428/4428 4427/4427 77/77
f 6959/6959 3330/3330 2431/2431
f 4431/4431 91/91 4432/4432
f 91/91 2999/2999 6292/6292
f 680/680 2580/2580 4013/4013
f 4015/4015 1737/1737 6965/6965
f 4014/4014 4015/4015 380/380
f 6966/6966 6967/6967 6455/6455
f 6334/6334 4361/4361 6335/6335
f 6332/6332 6333/6333 4663/4663
f 6971/6971 6332/6332 4663/4663
f 598/598 597/597 4363/4363
f 4363/4363 5625/5625 6972/6972
f 6973/6973 6974/6974 1467/1467
f 1469/1469 4818/4818 3865/3865
f 6975/6975 3474/3474 3865/3865
f 6976/6976 3337/3337 315/315
f 1437/1437 6979/6979 2949/2949
f 6205/6205 358/358 1898/1898
f 1904/1904 244/244 6206/6206
f 5856/5856 5855/5855 1636/1636
f 1347/1347 5856/5856 5169/5169
f 5774/5774 1337/1337 6983/6983
f 3358/3358 1626/1626 5843/5843
f 952/952 954/954 4426/4426
f 3360/3360 5844/5844 1689/1689
f 209/209 4430/4430 207/207
f 6899/6899 5587/5587 6900/6900
f 5587/5587 5588/5588 6900/6900
f 5586/5586 5585/5585 6903/6903
f 6903/6903 5585/5585 6902/6902
f 652/652 6984/6984 4897/4897
f 5978/5978 3746/3746 1703/1703
f 1706/1706 1703/1703 1707/1707
f 2007/2007 2006/2006 1131/1131
f 5979/5979 1131/1131 3744/3744
f 913/913 6986/6986 6987/6987
f 3372/3372 6987/6987 6988/6988
f 1311/1311 6989/6989 5781/5781
f 523/523 524/524 1378/1378
f 4271/4271 4272/4272 523/523
f 4269/4269 1119/1119 4270/4270
f 1567/1567 607/607 6993/6993
f 6993/6993 607/607 4119/4119
f 1399/1399 2481/2481 386/386
f 386/386 1999/1999 3090/3090
f 1404/1404 499/499 2464/2464
f 499/499 3093/3093 2117/2117
f 3557/3557 1764/1764 3556/3556
f 2991/2991 2990/2990 4791/4791
f 2563/2563 2562/2562 5101/5101
f 5099/5099 2530/2530 2531/2531
f 1893/1893 4626/4626 4623/4623
f 2113/2113 2112/2112 4520/4520
f 1342/1342 862/862 5244/5244
f 1973/1973 1974/1974 3584/3584
f 5892/5892 4260/4260 2736/2736
f 1969/1969 1970/1970 3585/3585
f 5894/5894 2733/2733 2735/2735
f 6998/6998 6999/6999 7000/7000
f 6800/6800 6801/6801 6998/6998
f 3639/3639 4689/4689 2268/2268
f 4692/4692 1069/1069 7002/7002
f 3837/3837 3836/3836 3236/3236
f 2166/2166 118/118 1458/1458
f 7009/7009 2077/2077 1206/1206
f 2570/2570 7010/7010 3662/3662
f 6919/6919 4243/4243 2609/2609
f 6415/6415 3477/3477 1680/1680
f 1680/1680 3743/3743 2843/2843
f 2063/2063 7012/7012 5712/5712
f 2062/2062 3779/3779 2063/2063
f 2059/2059 2058/2058 3096/3096
f 2058/2058 5713/5713 7013/7013
f 6264/6264 6881/6881 3531/3531
f 3531/3531 6881/6881 6882/6882
f 6262/6262 2763/2763 6886/6886
f 2763/2763 6884/6884 6886/6886
f 4135/4135 1718/1718 4134/4134
f 5782/5782 4134/4134 1718/1718
f 7014/7014 1467/1467 4439/4439
f 7016/7016 3472/3472 1469/1469
f 5313/5313 1888/1888 6261/6261
f 1888/1888 1889/1889 6261/6261
f 5311/5311 6263/6263 2051/2051
f 2051/2051 6263/6263 2052/2052
f 5226/5226 5224/5224 1929/1929
f 2271/2271 3225/3225 2272/2272
f 5222/5222 1927/1927 5223/5223
f 3228/3228 2266/2266 2265/2265
f 2108/2108 7017/7017 1276/1276
f 1500/1500 3013/3013 7018/7018
f 2105/2105 1500/1500 7019/7019
f 5655/5655 3654/3654 3656/3656
f 2428/2428 7020/7020 3654/3654
f 3658/3658 2947/2947 1864/1864
f 5626/5626 2528/2528 7021/7021
f 2528/2528 5099/5099 7021/7021
f 5101/5101 2561/2561 7022/7022
f 7022/7022 2561/2561 5627/5627
f 5274/5274 7023/7023 1647/1647
f 6138/6138 4542/4542 4542/4542
f 6914/6914 1643/1643 5270/5270
f 4853/4853 4540/4540 4851/4851
f 2390/2390 2105/2105 7019/7019
f 3355/3355 2866/2866 798/798
f 2108/2108 7024/7024 7017/7017
f 2387/2387 7024/7024 2108/2108
f 395/395 4959/4959 4957/4957
f 4668/4668 490/490 6571/6571
f 3282/3282 3109/3109 3282/3282
f 5905/5905 5904/5904 3590/3590
f 7026/7026 3506/3506 3668/3668
f 4091/4091 7027/7027 677/677
f 7027/7027 7028/7028 4092/4092
f 3088/3088 7031/7031 3089/3089
f 2767/2767 1242/1242 775/775
f 775/775 4233/4233 4232/4232
f 1225/1225 2771/2771 717/717
f 4231/4231 7036/7036 717/717
f 7038/7038 5037/5037 3644/3644
f 5038/5038 6734/6734 3647/3647
f 2843/2843 3741/3741 7040/7040
f 2329/2329 2328/2328 6833/6833
f 2329/2329 3040/3040 2328/2328
f 2326/2326 6845/6845 2327/2327
f 2327/2327 4582/4582 2326/2326
f 4841/4841 7041/7041 2985/2985
f 4823/4823 1529/1529 513/513
f 744/744 2241/2241 3443/3443
f 1204/1204 2241/2241 744/744
f 1463/1463 1728/1728 542/542
f 3561/3561 3555/3555 3560/3560
f 3561/3561 4577/4577 4576/4576
f 296/296 2294/2294 4554/4554
f 111/111 4551/4551 11/11
f 428/428 427/427 111/111
f 5189/5189 2166/2166 7043/7043
f 3291/3291 5190/5190 3290/3290
f 5193/5193 5901/5901 3308/3308
f 3567/3567 2984/2984 6075/6075
f 7044/7044 1832/1832 7045/7045
f 5952/5952 2554/2554 5952/5952
f 2898/2898 2899/2899 6803/6803
f 6955/6955 3284/3284 6025/6025
f 6025/6025 3284/3284 1583/1583
f 1388/1388 4497/4497 4498/4498
f 132/132 1390/1390 1164/1164
f 132/132 4501/4501 4502/4502
f 7051/7051 2462/2462 7050/7050
f 3168/3168 3170/3170 5013/5013
f 950/950 3168/3168 950/950
f 2193/2193 1788/1788 5700/5700
f 1788/1788 2193/2193 1789/1789
f 1785/1785 2197/2197 5699/5699
f 4445/4445 7052/7052 5276/5276
f 6953/6953 7053/7053 6166/6166
f 4443/4443 7054/7054 7053/7053
f 2305/2305 5824/5824 2306/2306
f 5824/5824 2304/2304 2306/2306
f 5823/5823 2301/2301 2302/2302
f 2300/2300 2301/2301 5823/5823
f 1125/1125 865/865 3908/3908
f 5692/5692 4654/4654 4653/4653
f 6627/6627 1943/1943 5280/5280
f 81/81 82/82 1691/1691
f 1691/1691 82/82 1692/1692
f 4186/4186 2036/2036 115/115
f 2036/2036 2035/2035 115/115
f 2371/2371 6398/6398 2017/2017
f 4904/4904 6197/6197 2014/2014
f 4909/4909 3848/3848 6195/6195
f 1077/1077 7050/7050 6990/6990
f 7061/7061 1077/1077 6990/6990
f 2415/2415 648/648 7062/7062
f 5845/5845 7062/7062 1690/1690
f 5842/5842 1627/1627 7063/7063
f 2234/2234 7063/7063 536/536
f 7064/7064 66/66 67/67
f 2788/2788 7066/7066 3998/3998
f 2954/2954 7066/7066 3112/3112
f 2959/2959 2956/2956 7068/7068
f 4870/4870 5929/5929 1098/1098
f 4868/4868 4870/4870 2997/2997
f 4866/4866 2073/2073 5928/5928
f 4865/4865 3004/3004 4866/4866
f 1428/1428 1051/1051 2018/2018
f 965/965 236/236 7069/7069
f 1333/1333 1405/1405 7070/7070
f 2617/2617 1333/1333 7070/7070
f 7071/7071 1402/1402 2611/2611
f 1400/1400 1402/1402 7071/7071
f 1325/1325 1140/1140 1139/1139
f 2725/2725 6335/6335 1325/1325
f 1320/1320 6333/6333 1147/1147
f 3166/3166 1320/1320 196/196
f 2633/2633 840/840 7072/7072
f 6230/6230 4761/4761 4762/4762
f 1757/1757 3602/3602 933/933
f 5522/5522 3604/3604 6238/6238
f 4130/4130 406/406 1162/1162
f 406/406 5254/5254 1162/1162
f 5459/5459 6565/6565 1836/1836
f 6565/6565 4787/4787 4787/4787
f 6564/6564 3130/3130 7073/7073
f 7074/7074 5000/5000 754/754
f 183/183 184/184 2906/2906
f 3608/3608 3606/3606 2906/2906
f 5125/5125 3740/3740 103/103
f 3140/3140 152/152 3739/3739
f 1197/1197 1196/1196 4339/4339
f 1196/1196 4424/4424 4339/4339
f 1202/1202 4336/4336 4338/4338
f 1201/1201 4336/4336 1202/1202
f 1247/1247 1686/1686 7077/7077
f 1247/1247 7077/7077 280/280
f 681/681 7078/7078 682/682
f 5089/5089 3803/3803 1621/1621
f 5089/5089 5087/5087 3803/3803
f 5793/5793 3179/3179 3180/3180
f 5795/5795 3181/3181 7079/7079
f 1236/1236 7080/7080 6862/6862
f 7081/7081 2698/2698 1236/1236
f 7082/7082 1739/1739 6865/6865
f 4116/4116 6187/6187 4614/4614
f 5409/5409 6728/6728 1217/1217
f 2695/2695 4129/4129 2696/2696
f 4265/4265 4267/4267 6010/6010
f 5681/5681 1127/1127 7083/7083
f 6012/6012 6011/6011 1174/1174
f 2645/2645 6013/6013 2646/2646
f 5817/5817 2970/2970 6817/6817
f 6817/6817 2970/2970 220/220
f 5576/5576 279/279 7084/7084
f 4624/4624 7085/7085 229/229
f 1595/1595 1597/1597 4748/4748
f 1588/1588 4751/4751 1589/1589
f 2336/2336 7087/7087 7088/7088
f 2676/2676 4470/4470 3435/3435
f 4472/4472 2679/2679 6279/6279
f 3438/3438 4472/4472 6279/6279
f 5014/5014 7089/7089 7090/7090
f 7091/7091 339/339 4138/4138
f 7092/7092 7093/7093 7042/7042
f 5306/5306 7095/7095 7096/7096
f 3064/3064 4488/4488 7095/7095
f 7098/7098 7097/7097 1660/1660
f 7099/7099 2163/2163 5332/5332
f 2163/2163 3338/3338 7100/7100
f 2160/2160 7101/7101 3332/3332
f 7102/7102 1922/1922 2160/2160
f 1447/1447 2743/2743 2744/2744
f 69/69 68/68 2177/2177
f 4704/4704 2671/2671 5403/5403
f 3687/3687 2671/2671 7103/7103
f 3685/3685 867/867 2674/2674
f 4706/4706 5402/5402 2674/2674
f 1483/1483 3687/3687 398/398
f 2728/2728 3687/3687 873/873
f 1055/1055 1056/1056 7104/7104
f 1653/1653 1055/1055 7104/7104
f 7044/7044 6619/6619 1087/1087
f 3908/3908 4973/4973 7044/7044
f 1480/1480 446/446 4707/4707
f 4095/4095 2326/2326 4581/4581
f 4573/4573 3039/3039 2329/2329
f 5949/5949 2943/2943 5950/5950
f 2575/2575 3375/3375 6522/6522
f 6272/6272 4355/4355 2574/2574
f 4811/4811 7106/7106 3550/3550
f 6549/6549 4811/4811 3550/3550
f 3552/3552 4816/4816 6548/6548
f 7107/7107 4816/4816 3552/3552
f 4293/4293 4290/4290 4291/4291
f 3127/3127 3126/3126 288/288
f 3298/3298 4649/4649 1047/1047
f 6636/6636 2090/2090 2738/2738
f 2732/2732 2091/2091 6638/6638
f 1550/1550 7108/7108 1548/1548
f 7108/7108 1550/1550 2114/2114
f 7109/7109 7110/7110 2765/2765
f 7111/7111 2770/2770 6329/6329
f 251/251 6710/6710 4338/4338
f 4338/4338 4336/4336 251/251
f 4424/4424 300/300 897/897
f 434/434 6609/6609 796/796
f 796/796 6609/6609 6600/6600
f 5672/5672 5131/5131 5133/5133
f 1498/1498 1499/1499 7113/7113
f 2386/2386 7114/7114 1504/1504
f 5670/5670 7115/7115 5134/5134
f 7116/7116 5584/5584 4964/4964
f 140/140 6829/6829 1436/1436
f 1436/1436 6829/6829 6608/6608
f 6487/6487 7118/7118 1996/1996
f 3412/3412 6289/6289 6289/6289
f 3412/3412 888/888 7119/7119
f 1698/1698 7120/7120 5930/5930
f 2396/2396 7120/7120 2394/2394
f 5685/5685 5684/5684 3251/3251
f 319/319 1584/1584 320/320
f 876/876 343/343 1631/1631
f 3206/3206 5687/5687 5686/5686
f 3731/3731 2038/2038 2037/2037
f 3328/3328 3731/3731 5483/5483
f 3325/3325 4341/4341 1354/1354
f 1354/1354 2009/2009 1355/1355
f 6243/6243 3630/3630 282/282
f 3342/3342 2151/2151 282/282
f 3940/3940 7121/7121 1239/1239
f 7124/7124 4848/4848 2340/2340
f 4020/4020 5568/5568 5570/5570
f 1480/1480 2727/2727 3685/3685
f 1372/1372 4705/4705 3684/3684
f 1373/1373 1483/1483 4704/4704
f 7125/7125 1483/1483 7126/7126
f 1537/1537 604/604 3633/3633
f 6603/6603 2573/2573 718/718
f 887/887 718/718 3453/3453
f 403/403 7128/7128 6201/6201
f 6202/6202 7129/7129 376/376
f 455/455 2319/2319 2167/2167
f 7131/7131 5187/5187 1006/1006
f 2323/2323 639/639 2324/2324
f 7132/7132 3173/3173 7133/7133
f 3173/3173 1219/1219 7133/7133
f 4709/4709 2232/2232 7134/7134
f 1957/1957 658/658 3185/3185
f 3191/3191 7137/7137 1953/1953
f 586/586 586/586 4225/4225
f 4555/4555 4556/4556 4556/4556
f 1353/1353 1352/1352 3312/3312
f 4177/4177 1537/1537 3634/3634
f 5397/5397 5398/5398 3800/3800
f 4255/4255 1212/1212 887/887
f 4254/4254 1212/1212 4255/4255
f 322/322 321/321 2934/2934
f 519/519 7020/7020 2428/2428
f 519/519 3728/3728 7020/7020
f 2933/2933 1108/1108 7140/7140
f 4945/4945 7141/7141 3490/3490
f 7142/7142 963/963 7143/7143
f 3485/3485 7143/7143 4942/4942
f 129/129 5609/5609 5610/5610
f 5607/5607 5608/5608 106/106
f 7145/7145 1122/1122 1433/1433
f 3027/3027 478/478 9/9
f 402/402 1079/1079 7148/7148
f 1464/1464 42/42 2541/2541
f 2541/2541 42/42 1/1
f 911/911 379/379 7149/7149
f 7151/7151 7152/7152 1114/1114
f 3680/3680 2193/2193 5477/5477
f 845/845 7153/7153 7154/7154
f 3678/3678 3676/3676 5476/5476
f 4321/4321 2518/2518 6631/6631
f 4597/4597 4596/4596 1082/1082
f 5184/5184 156/156 155/155
f 7157/7157 155/155 6076/6076
f 133/133 5186/5186 134/134
f 672/672 6847/6847 5935/5935
f 2398/2398 672/672 5935/5935
f 7158/7158 3748/3748 3747/3747
f 7158/7158 7159/7159 3748/3748
f 7160/7160 3754/3754 7161/7161
f 7162/7162 2864/2864 5983/5983
f 4953/4953 7166/7166 3289/3289
f 4948/4948 707/707 7167/7167
f 6391/6391 6392/6392 5827/5827
f 7168/7168 3201/3201 7169/7169
f 6809/6809 1095/1095 1096/1096
f 2994/2994 622/622 622/622
f 3319/3319 2381/2381 5533/5533
f 2506/2506 1285/1285 2381/2381
f 3322/3322 4107/4107 2752/2752
f 2502/2502 2752/2752 1564/1564
f 4315/4315 3938/3938 7072/7072
f 4983/4983 7170/7170 4983/4983
f 5513/5513 2439/2439 2442/2442
f 5514/5514 3129/3129 6375/6375
f 1231/1231 3538/3538 362/362
f 3538/3538 3671/3671 362/362
f 575/575 275/275 3670/3670
f 4049/4049 6068/6068 2809/2809
f 3787/3787 411/411 3651/3651
f 6071/6071 5674/5674 2945/2945
f 3773/3773 995/995 3790/3790
f 5271/5271 6146/6146 2847/2847
f 7171/7171 5072/5072 2845/2845
f 5275/5275 2851/2851 5066/5066
f 5275/5275 2848/2848 2848/2848
f 4335/4335 4843/4843 2901/2901
f 2905/2905 2903/2903 2904/2904
f 4331/4331 2904/2904 4842/4842
f 7174/7174 1598/1598 390/390
f 7175/7175 1598/1598 7174/7174
f 2342/2342 4144/4144 2343/2343
f 2343/2343 4144/4144 4145/4145
f 4142/4142 4142/4142 4103/4103
f 4143/4143 4104/4104 4103/4103
f 4251/4251 267/267 1282/1282
f 1282/1282 267/267 681/681
f 3879/3879 1732/1732 280/280
f 1376/1376 277/277 1377/1377
f 277/277 6038/6038 4746/4746
f 4995/4995 5206/5206 3083/3083
f 6130/6130 4995/4995 3083/3083
f 3086/3086 4994/4994 6129/6129
f 3086/3086 5203/5203 4994/4994
f 4008/4008 6711/6711 4421/4421
f 4423/4423 7176/7176 4009/4009
f 3728/3728 5319/5319 3954/3954
f 3053/3053 3052/3052 3952/3952
f 2411/2411 6822/6822 6821/6821
f 1750/1750 6822/6822 2411/2411
f 2871/2871 2869/2869 2870/2870
f 5304/5304 7177/7177 7178/7178
f 5674/5674 4796/4796 6070/6070
f 4795/4795 2964/2964 997/997
f 4838/4838 528/528 2187/2187
f 4048/4048 4049/4049 6069/6069
f 614/614 3929/3929 7105/7105
f 7181/7181 7180/7180 2154/2154
f 3307/3307 851/851 3141/3141
f 7182/7182 7183/7183 2153/2153
f 1929/1929 112/112 1930/1930
f 6080/6080 6079/6079 3699/3699
f 1928/1928 1927/1927 204/204
f 6526/6526 3867/3867 4629/4629
f 5450/5450 6525/6525 3862/3862
f 3047/3047 2347/2347 3043/3043
f 589/589 966/966 4533/4533
f 5102/5102 589/589 4533/4533
f 2015/2015 4174/4174 4906/4906
f 4906/4906 4174/4174 1270/1270
f 1199/1199 4908/4908 4170/4170
f 4908/4908 910/910 4170/4170
f 317/317 4767/4767 1302/1302
f 5104/5104 4767/4767 317/317
f 6067/6067 3295/3295 7187/7187
f 4294/4294 7188/7188 4295/4295
f 4437/4437 2559/2559 7189/7189
f 5176/5176 7190/7190 5174/5174
f 5236/5236 3756/3756 5237/5237
f 5238/5238 3751/3751 5239/5239
f 1764/1764 4619/4619 3383/3383
f 4621/4621 4622/4622 2991/2991
f 4039/4039 39/39 4794/4794
f 38/38 39/39 4039/4039
f 3606/3606 4837/4837 4137/4137
f 2906/2906 3606/3606 4137/4137
f 7191/7191 3407/3407 2826/2826
f 7159/7159 7191/7191 2826/2826
f 1603/1603 3409/3409 3408/3408
f 7161/7161 1603/1603 3408/3408
f 2995/2995 2379/2379 1229/1229
f 2378/2378 2379/2379 2995/2995
f 4341/4341 4342/4342 2008/2008
f 4342/4342 4604/4604 237/237
f 4343/4343 15/15 4603/4603
f 5483/5483 16/16 4343/4343
f 5430/5430 5639/5639 4511/4511
f 7192/7192 4511/4511 5431/5431
f 2801/2801 5314/5314 1214/1214
f 5312/5312 2806/2806 479/479
f 4529/4529 3339/3339 7193/7193
f 3331/3331 700/700 415/415
f 969/969 1492/1492 1491/1491
f 5087/5087 3801/3801 3802/3802
f 332/332 1003/1003 2596/2596
f 910/910 909/909 7195/7195
f 3257/3257 1907/1907 3796/3796
f 7196/7196 1907/1907 4607/4607
f 7197/7197 7198/7198 1908/1908
f 5316/5316 3914/3914 1908/1908
f 3888/3888 3889/3889 1206/1206
f 1206/1206 2659/2659 1207/1207
f 3662/3662 1512/1512 2663/2663
f 3890/3890 3662/3662 2701/2701
f 2886/2886 2888/2888 2887/2887
f 5240/5240 1191/1191 2888/2888
f 2941/2941 2940/2940 2942/2942
f 5241/5241 2942/2942 167/167
f 5003/5003 2186/2186 3327/3327
f 527/527 5003/5003 3327/3327
f 6727/6727 3324/3324 5001/5001
f 5001/5001 3324/3324 2629/2629
f 3022/3022 1773/1773 6227/6227
f 3021/3021 442/442 1755/1755
f 3021/3021 6229/6229 442/442
f 6082/6082 3701/3701 7199/7199
f 6079/6079 7200/7200 3699/3699
f 1849/1849 3498/3498 4034/4034
f 4034/4034 1847/1847 4032/4032
f 4036/4036 806/806 4037/4037
f 3370/3370 1745/1745 4037/4037
f 5779/5779 4562/4562 7201/7201
f 3270/3270 3271/3271 3253/3253
f 3082/3082 3081/3081 3280/3280
f 7202/7202 4643/4643 5778/5778
f 3902/3902 2660/2660 3903/3903
f 7204/7204 7205/7205 6988/6988
f 2664/2664 3904/3904 4495/4495
f 4495/4495 3904/3904 5641/5641
f 3166/3166 195/195 7206/7206
f 1140/1140 7207/7207 1141/1141
f 7207/7207 6210/6210 6207/6207
f 2430/2430 1217/1217 305/305
f 305/305 1217/1217 3583/3583
f 7208/7208 7061/7061 1310/1310
f 4214/4214 6842/6842 4213/4213
f 4575/4575 7209/7209 1557/1557
f 3677/3677 6992/6992 2214/2214
f 5476/5476 3677/3677 2214/2214
f 6993/6993 608/608 292/292
f 292/292 4119/4119 5477/5477
f 7210/7210 1369/1369 290/290
f 7211/7211 7210/7210 290/290
f 2666/2666 2667/2667 5717/5717
f 2667/2667 3118/3118 3117/3117
f 6004/6004 3558/3558 5323/5323
f 585/585 3558/3558 2687/2687
f 5608/5608 6410/6410 105/105
f 105/105 6410/6410 7212/7212
f 6411/6411 5609/5609 128/128
f 7213/7213 6411/6411 128/128
f 1005/1005 3785/3785 4613/4613
f 1536/1536 1005/1005 4613/4613
f 2818/2818 1406/1406 1408/1408
f 1531/1531 1406/1406 2818/2818
f 6048/6048 4918/4918 6049/6049
f 2431/2431 2432/2432 4920/4920
f 4910/4910 4913/4913 6046/6046
f 2435/2435 2436/2436 4912/4912
f 5410/5410 2623/2623 2624/2624
f 5410/5410 2624/2624 3568/3568
f 2932/2932 2931/2931 5311/5311
f 479/479 7214/7214 4880/4880
f 2935/2935 5313/5313 2936/2936
f 4878/4878 7215/7215 1214/1214
f 2909/2909 1786/1786 1785/1785
f 2909/2909 2911/2911 1786/1786
f 2914/2914 1788/1788 1790/1790
f 2914/2914 1790/1790 7216/7216
f 7217/7217 7218/7218 6576/6576
f 6575/6575 7217/7217 6576/6576
f 2519/2519 6577/6577 7219/7219
f 7219/7219 6577/6577 7220/7220
f 2469/2469 2918/2918 2919/2919
f 5649/5649 5771/5771 6344/6344
f 2260/2260 976/976 5733/5733
f 2419/2419 2260/2260 7221/7221
f 2926/2926 2516/2516 2927/2927
f 7222/7222 6280/6280 6281/6281
f 1302/1302 3008/3008 475/475
f 4767/4767 3008/3008 1302/1302
f 2880/2880 4833/4833 1062/1062
f 2881/2881 2880/2880 1062/1062
f 4636/4636 5263/5263 7223/7223
f 4636/4636 3387/3387 5263/5263
f 710/710 3738/3738 3737/3737
f 710/710 3737/3737 2896/2896
f 4204/4204 1023/1023 7172/7172
f 1831/1831 4205/4205 4204/4204
f 5710/5710 5708/5708 2687/2687
f 5710/5710 2687/2687 2667/2667
f 3042/3042 6653/6653 2344/2344
f 3042/3042 2344/2344 6406/6406
f 6626/6626 3044/3044 2348/2348
f 2348/2348 3044/3044 6408/6408
f 7224/7224 218/218 3386/3386
f 7223/7223 5264/5264 5265/5265
f 3031/3031 5243/5243 7225/7225
f 3031/3031 555/555 3536/3536
f 3804/3804 7226/7226 2289/2289
f 7227/7227 5965/5965 2290/2290
f 740/740 2242/2242 5964/5964
f 3805/3805 2243/2243 7228/7228
f 4238/4238 5906/5906 6718/6718
f 4964/4964 3544/3544 5906/5906
f 3327/3327 2186/2186 3328/3328
f 2186/2186 3731/3731 3328/3328
f 2629/2629 3325/3325 1354/1354
f 3324/3324 3325/3325 2629/2629
f 5000/5000 5910/5910 4998/4998
f 5910/5910 4262/4262 6721/6721
f 2866/2866 4968/4968 799/799
f 4968/4968 6226/6226 157/157
f 5499/5499 5498/5498 3845/3845
f 1593/1593 848/848 849/849
f 5497/5497 3841/3841 5496/5496
f 1592/1592 1427/1427 1426/1426
f 5062/5062 3413/3413 3831/3831
f 3830/3830 5062/5062 3831/3831
f 3580/3580 3579/3579 5060/5060
f 5060/5060 3579/3579 3988/3988
f 7229/7229 7230/7230 3681/3681
f 2427/2427 2040/2040 4819/4819
f 5127/5127 2637/2637 5126/5126
f 4586/4586 2637/2637 5127/5127
f 5128/5128 2635/2635 5129/5129
f 2635/2635 4585/4585 5129/5129
f 5202/5202 1159/1159 5203/5203
f 215/215 5205/5205 5206/5206
f 787/787 7175/7175 7232/7232
f 7175/7175 3055/3055 1598/1598
f 7233/7233 7211/7211 291/291
f 7211/7211 290/290 291/291
f 2350/2350 5070/5070 651/651
f 5070/5070 5071/5071 651/651
f 5068/5068 654/654 5069/5069
f 1166/1166 654/654 5068/5068
f 6927/6927 5369/5369 2378/2378
f 6916/6916 2378/2378 2377/2377
f 6426/6426 5303/5303 2070/2070
f 5303/5303 2871/2871 2070/2070
f 3965/3965 4644/4644 7234/7234
f 6470/6470 12/12 7234/7234
f 3968/3968 6087/6087 4646/4646
f 6086/6086 6087/6087 3/3
f 3947/3947 2555/2555 1835/1835
f 1835/1835 4434/4434 5579/5579
f 5582/5582 2557/2557 1839/1839
f 2557/2557 3951/3951 1839/1839
f 1250/1250 4568/4568 2056/2056
f 1250/1250 2056/2056 6252/6252
f 4137/4137 4837/4837 24/24
f 24/24 2187/2187 2188/2188
f 5017/5017 5018/5018 2246/2246
f 6327/6327 6328/6328 7109/7109
f 716/716 5021/5021 5022/5022
f 39/39 85/85 4794/4794
f 85/85 2965/2965 2964/2964
f 4375/4375 4374/4374 696/696
f 1770/1770 2472/2472 5251/5251
f 1780/1780 1779/1779 2353/2353
f 2219/2219 1001/1001 5510/5510
f 6370/6370 6791/6791 2400/2400
f 5461/5461 7136/7136 4297/4297
f 7235/7235 5461/5461 6416/6416
f 1956/1956 4302/4302 5466/5466
f 4302/4302 7236/7236 3381/3381
f 3588/3588 1433/1433 7237/7237
f 7237/7237 1433/1433 6193/6193
f 6689/6689 2403/2403 6688/6688
f 5754/5754 4467/4467 6194/6194
f 7238/7238 172/172 7239/7239
f 46/46 46/46 172/172
f 781/781 7240/7240 7241/7241
f 781/781 448/448 448/448
f 6451/6451 4549/4549 5761/5761
f 6685/6685 1863/1863 7242/7242
f 1501/1501 2105/2105 2107/2107
f 4862/4862 5131/5131 5673/5673
f 7243/7243 2109/2109 2108/2108
f 4860/4860 7244/7244 5134/5134
f 1280/1280 6253/6253 4569/4569
f 3260/3260 7245/7245 3804/3804
f 3261/3261 7246/7246 7245/7245
f 5667/5667 7247/7247 4337/4337
f 3806/3806 3805/3805 7247/7247
f 502/502 2889/2889 7248/7248
f 2183/2183 502/502 7248/7248
f 1603/1603 4653/4653 2552/2552
f 1605/1605 3910/3910 6320/6320
f 2827/2827 6322/6322 4537/4537
f 2826/2826 2156/2156 4650/4650
f 16/16 2334/2334 17/17
f 4186/4186 2334/2334 16/16
f 81/81 239/239 2043/2043
f 239/239 238/238 2043/2043
f 135/135 136/136 2852/2852
f 135/135 2852/2852 3497/3497
f 2969/2969 2968/2968 130/130
f 7249/7249 2352/2352 130/130
f 7250/7250 1060/1060 1768/1768
f 3956/3956 1060/1060 3348/3348
f 928/928 2337/2337 7251/7251
f 928/928 7251/7251 6510/6510
f 7252/7252 863/863 7253/7253
f 5113/5113 863/863 7252/7252
f 637/637 5214/5214 7254/7254
f 7255/7255 637/637 7254/7254
f 2444/2444 2446/2446 5424/5424
f 2445/2445 2446/2446 2444/2444
f 5427/5427 3183/3183 231/231
f 7256/7256 1598/1598 5918/5918
f 7256/7256 7174/7174 390/390
f 7257/7257 1369/1369 7210/7210
f 7257/7257 2095/2095 3893/3893
f 7258/7258 5405/5405 3045/3045
f 6626/6626 6651/6651 3044/3044
f 3042/3042 6652/6652 6653/6653
f 7259/7259 6652/6652 5404/5404
f 615/615 5418/5418 563/563
f 7260/7260 7261/7261 64/64
f 1561/1561 1563/1563 7262/7262
f 1563/1563 1680/1680 7040/7040
f 4656/4656 180/180 7263/7263
f 4146/4146 7264/7264 4148/4148
f 3195/3195 4947/4947 4948/4948
f 6432/6432 4059/4059 7265/7265
f 4322/4322 4059/4059 7266/7266
f 6434/6434 7267/7267 4055/4055
f 7155/7155 7268/7268 4055/4055
f 6846/6846 7269/7269 1657/1657
f 7269/7269 2925/2925 3205/3205
f 3927/3927 5222/5222 5223/5223
f 7271/7271 3223/3223 3224/3224
f 5225/5225 5224/5224 5226/5226
f 4289/4289 126/126 125/125
f 5606/5606 4289/4289 3440/3440
f 3161/3161 3755/3755 3162/3162
f 3752/3752 7160/7160 3755/3755
f 7158/7158 3747/3747 3750/3750
f 3750/3750 3155/3155 3154/3154
f 7272/7272 2874/2874 5792/5792
f 2874/2874 5791/5791 5792/5792
f 3689/3689 711/711 3690/3690
f 711/711 13/13 3691/3691
f 2872/2872 7273/7273 5796/5796
f 2872/2872 5796/5796 5794/5794
f 7274/7274 7275/7275 7276/7276
f 7275/7275 7277/7277 7276/7276
f 7278/7278 7279/7279 7280/7280
f 7281/7281 7279/7279 7278/7278
f 4603/4603 2380/2380 6300/6300
f 4602/4602 2877/2877 2876/2876
f 2980/2980 4605/4605 2981/2981
f 4604/4604 6298/6298 2755/2755
f 47/47 48/48 2362/2362
f 6921/6921 47/47 193/193
f 4347/4347 7282/7282 6423/6423
f 7282/7282 3456/3456 3456/3456
f 5303/5303 6425/6425 7283/7283
f 7283/7283 6099/6099 3457/3457
f 4477/4477 2479/2479 7120/7120
f 1295/1295 1294/1294 7284/7284
f 1294/1294 1435/1435 4712/4712
f 4580/4580 2890/2890 2890/2890
f 2895/2895 2894/2894 5521/5521
f 606/606 3029/3029 3535/3535
f 1872/1872 3535/3535 7225/7225
f 7285/7285 7286/7286 7287/7287
f 6757/6757 7285/7285 7287/7287
f 3044/3044 3043/3043 2347/2347
f 3044/3044 2347/2347 6211/6211
f 2346/2346 3042/3042 6212/6212
f 2346/2346 3041/3041 3042/3042
f 7288/7288 1642/1642 7289/7289
f 7289/7289 1642/1642 7290/7290
f 2966/2966 7291/7291 4804/4804
f 2969/2969 130/130 1623/1623
f 2189/2189 2190/2190 7292/7292
f 3956/3956 3955/3955 1060/1060
f 3937/3937 4953/4953 4952/4952
f 1239/1239 7121/7121 1239/1239
f 2950/2950 3098/3098 5749/5749
f 5749/5749 7293/7293 5631/5631
f 2159/2159 1799/1799 7294/7294
f 7295/7295 2158/2158 7294/7294
f 3853/3853 428/428 3854/3854
f 3854/3854 428/428 110/110
f 4317/4317 3856/3856 5081/5081
f 3856/3856 297/297 5081/5081
f 2947/2947 7296/7296 1864/1864
f 7296/7296 5743/5743 1864/1864
f 4304/4304 5953/5953 1522/1522
f 5953/5953 1524/1524 1522/1522
f 7297/7297 1802/1802 541/541
f 4209/4209 2949/2949 7297/7297
f 262/262 1800/1800 7298/7298
f 1800/1800 817/817 7298/7298
f 1636/1636 3035/3035 2546/2546
f 6712/6712 3036/3036 6713/6713
f 1920/1920 5331/5331 6657/6657
f 7299/7299 7300/7300 3365/3365
f 6655/6655 7301/7301 7302/7302
f 3363/3363 5961/5961 3361/3361
f 1396/1396 6933/6933 1397/1397
f 1397/1397 6933/6933 670/670
f 600/600 6935/6935 5930/5930
f 1698/1698 5930/5930 6935/6935
f 6137/6137 6136/6136 6135/6135
f 872/872 7303/7303 6135/6135
f 7304/7304 6134/6134 870/870
f 6132/6132 6134/6134 6133/6133
f 7305/7305 1437/1437 4209/4209
f 302/302 941/941 7305/7305
f 817/817 816/816 7306/7306
f 816/816 1586/1586 7306/7306
f 2789/2789 302/302 7307/7307
f 7307/7307 539/539 7305/7305
f 401/401 864/864 7308/7308
f 7253/7253 7308/7308 7146/7146
f 1516/1516 6939/6939 378/378
f 1516/1516 7255/7255 7150/7150
f 7306/7306 260/260 7309/7309
f 3269/3269 1587/1587 7309/7309
f 6792/6792 6177/6177 881/881
f 7310/7310 5146/5146 6355/6355
f 3559/3559 6658/6658 1132/1132
f 3559/3559 1132/1132 3933/3933
f 1705/1705 4572/4572 4126/4126
f 1705/1705 6659/6659 4572/4572
f 131/131 4195/4195 4040/4040
f 5212/5212 713/713 4195/4195
f 1059/1059 6502/6502 3607/3607
f 4685/4685 3607/3607 184/184
f 1407/1407 294/294 31/31
f 3016/3016 2756/2756 3017/3017
f 2594/2594 2279/2279 2760/2760
f 2279/2279 40/40 265/265
f 7311/7311 2789/2789 7307/7307
f 7312/7312 301/301 7311/7311
f 7309/7309 1587/1587 7313/7313
f 1587/1587 356/356 7313/7313
f 1891/1891 2935/2935 2936/2936
f 5436/5436 1891/1891 2936/2936
f 5433/5433 2930/2930 2053/2053
f 2053/2053 2930/2930 2932/2932
f 1311/1311 7061/7061 6989/6989
f 1310/1310 7061/7061 1311/1311
f 1237/1237 1081/1081 7134/7134
f 1219/1219 6865/6865 6864/6864
f 7133/7133 1219/1219 6864/6864
f 913/913 6987/6987 3372/3372
f 7205/7205 913/913 3372/3372
f 6285/6285 320/320 3183/3183
f 1500/1500 1524/1524 3013/3013
f 5953/5953 3013/3013 1524/1524
f 6282/6282 2445/2445 343/343
f 1631/1631 2445/2445 2444/2444
f 7314/7314 4586/4586 4587/4587
f 228/228 4717/4717 49/49
f 7315/7315 7316/7316 7274/7274
f 7316/7316 7275/7275 7274/7274
f 4585/4585 7317/7317 4584/4584
f 7318/7318 4718/4718 185/185
f 7279/7279 7319/7319 7280/7280
f 7280/7280 7319/7319 7320/7320
f 4991/4991 4201/4201 2275/2275
f 2101/2101 4991/4991 2275/2275
f 143/143 3368/3368 806/806
f 143/143 2427/2427 3368/3368
f 17/17 2334/2334 2335/2335
f 5644/5644 5643/5643 5645/5645
f 5648/5648 5647/5647 5646/5646
f 238/238 2044/2044 2043/2043
f 2004/2004 6934/6934 7272/7272
f 7272/7272 6934/6934 2874/2874
f 1575/1575 1576/1576 4688/4688
f 7321/7321 919/919 6675/6675
f 921/921 7322/7322 5336/5336
f 3178/3178 1579/1579 4690/4690
f 6932/6932 2025/2025 7273/7273
f 2872/2872 6932/6932 7273/7273
f 545/545 4333/4333 42/42
f 1205/1205 10/10 4329/4329
f 6151/6151 2515/2515 780/780
f 4523/4523 6555/6555 447/447
f 4521/4521 4522/4522 46/46
f 6149/6149 2471/2471 6150/6150
f 219/219 5266/5266 3808/3808
f 802/802 7323/7323 1767/1767
f 263/263 1784/1784 6000/6000
f 1782/1782 1784/1784 263/263
f 6003/6003 1792/1792 7324/7324
f 1792/1792 6961/6961 3983/3983
f 6856/6856 3302/3302 4882/4882
f 4882/4882 3302/3302 6890/6890
f 4886/4886 3305/3305 4887/4887
f 3305/3305 6857/6857 4887/4887
f 2686/2686 3106/3106 3108/3108
f 3108/3108 3106/3106 3107/3107
f 2511/2511 3137/3137 6353/6353
f 477/477 3137/3137 2511/2511
f 2349/2349 6352/6352 3143/3143
f 2/2 2349/2349 3143/3143
f 2136/2136 7325/7325 4380/4380
f 1493/1493 7325/7325 1494/1494
f 1700/1700 1701/1701 7326/7326
f 5997/5997 7326/7326 4259/4259
f 4955/4955 2136/2136 1827/1827
f 5367/5367 6359/6359 6360/6360
f 1075/1075 3116/3116 3118/3118
f 7327/7327 3676/3676 2214/2214
f 3676/3676 1446/1446 5476/5476
f 292/292 3680/3680 7328/7328
f 4119/4119 3680/3680 5477/5477
f 7329/7329 5505/5505 5506/5506
f 1014/1014 2777/2777 5506/5506
f 1382/1382 5508/5508 6431/6431
f 5508/5508 5507/5507 6431/6431
f 2490/2490 7330/7330 2488/2488
f 2490/2490 7083/7083 7330/7330
f 6567/6567 7331/7331 3624/3624
f 7331/7331 6011/6011 3624/3624
f 2954/2954 2788/2788 4960/4960
f 5025/5025 2788/2788 2954/2954
f 5054/5054 2958/2958 7067/7067
f 2958/2958 4961/4961 2790/2790
f 1383/1383 4242/4242 1384/1384
f 5822/5822 5821/5821 1383/1383
f 5819/5819 1936/1936 5721/5721
f 1017/1017 1016/1016 1936/1936
f 3261/3261 3804/3804 733/733
f 733/733 5726/5726 7227/7227
f 5667/5667 739/739 3805/3805
f 739/739 740/740 5727/5727
f 7332/7332 7147/7147 6685/6685
f 7148/7148 6684/6684 7332/7332
f 4189/4189 1675/1675 7333/7333
f 6688/6688 7150/7150 7334/7334
f 6687/6687 7149/7149 7334/7334
f 3528/3528 7180/7180 7335/7335
f 3528/3528 7335/7335 2155/2155
f 7336/7336 7182/7182 3523/3523
f 7336/7336 3523/3523 2152/2152
f 3478/3478 5633/5633 3357/3357
f 3357/3357 1624/1624 1626/1626
f 3959/3959 3014/3014 3014/3014
f 3960/3960 3959/3959 7337/7337
f 3359/3359 5632/5632 3480/3480
f 1689/1689 1688/1688 3359/3359
f 7338/7338 3410/3410 4931/4931
f 2708/2708 7088/7088 4930/4930
f 7339/7339 3644/3644 6062/6062
f 1664/1664 1664/1664 4943/4943
f 6061/6061 3647/3647 7340/7340
f 1497/1497 1497/1497 4944/4944
f 217/217 7341/7341 7342/7342
f 7342/7342 7341/7341 3019/3019
f 934/934 936/936 4370/4370
f 5925/5925 934/934 3818/3818
f 2401/2401 5922/5922 3823/3823
f 894/894 2401/2401 4368/4368
f 3389/3389 2463/2463 5759/5759
f 2244/2244 1861/1861 4696/4696
f 5639/5639 1580/1580 4511/4511
f 5639/5639 5469/5469 7343/7343
f 5876/5876 4693/4693 6294/6294
f 1810/1810 5753/5753 7344/7344
f 4344/4344 4345/4345 5199/5199
f 2602/2602 3548/3548 7345/7345
f 5878/5878 4506/4506 7346/7346
f 188/188 187/187 2961/2961
f 356/356 1387/1387 7347/7347
f 1387/1387 7348/7348 7347/7347
f 7349/7349 1391/1391 7350/7350
f 7350/7350 3464/3464 7312/7312
f 7277/7277 4529/4529 7193/7193
f 2256/2256 258/258 7277/7277
f 415/415 700/700 7281/7281
f 700/700 4532/4532 7281/7281
f 5704/5704 7232/7232 4997/4997
f 787/787 7232/7232 3056/3056
f 7233/7233 291/291 5873/5873
f 7351/7351 7233/7233 5707/5707
f 1003/1003 7229/7229 3681/3681
f 2705/2705 7229/7229 1003/1003
f 5015/5015 4560/4560 6266/6266
f 5015/5015 2494/2494 1128/1128
f 7352/7352 5755/5755 1810/1810
f 7183/7183 501/501 3524/3524
f 425/425 7179/7179 3527/3527
f 4753/4753 3388/3388 2245/2245
f 7353/7353 5752/5752 5751/5751
f 3984/3984 7295/7295 5495/5495
f 5747/5747 7354/7354 5748/5748
f 5631/5631 263/263 5629/5629
f 1672/1672 7355/7355 2705/2705
f 7356/7356 7355/7355 1672/1672
f 7357/7357 7358/7358 1533/1533
f 2491/2491 163/163 2492/2492
f 6012/6012 1174/1174 4086/4086
f 5681/5681 1473/1473 1127/1127
f 7359/7359 3723/3723 4801/4801
f 3761/3761 5442/5442 2501/2501
f 7360/7360 2498/2498 4800/4800
f 5440/5440 5441/5441 3757/3757
f 3259/3259 5736/5736 5737/5737
f 3228/3228 300/300 2266/2266
f 2271/2271 251/251 3225/3225
f 5740/5740 5739/5739 3263/3263
f 5182/5182 2291/2291 6094/6094
f 2291/2291 2292/2292 6094/6094
f 1533/1533 7358/7358 3210/3210
f 7358/7358 7361/7361 3210/3210
f 1671/1671 7356/7356 1672/1672
f 2297/2297 5179/5179 2296/2296
f 6460/6460 5179/5179 2297/2297
f 4724/4724 7362/7362 4725/4725
f 7362/7362 1173/1173 2286/2286
f 7363/7363 4726/4726 4727/4727
f 1130/1130 7363/7363 2282/2282
f 3599/3599 5151/5151 5974/5974
f 7364/7364 3599/3599 1009/1009
f 3797/3797 4019/4019 5861/5861
f 929/929 931/931 3797/3797
f 3210/3210 7361/7361 1824/1824
f 7361/7361 436/436 1824/1824
f 7365/7365 764/764 5315/5315
f 1629/1629 764/764 7365/7365
f 2471/2471 1697/1697 6150/6150
f 7366/7366 2372/2372 4143/4143
f 786/786 2515/2515 6151/6151
f 4144/4144 4088/4088 6152/6152
f 4583/4583 4003/4003 4002/4002
f 6757/6757 505/505 353/353
f 4560/4560 841/841 6266/6266
f 4560/4560 350/350 841/841
f 6761/6761 1652/1652 1642/1642
f 400/400 1652/1652 1911/1911
f 1736/1736 1738/1738 1448/1448
f 1448/1448 1738/1738 7367/7367
f 2402/2402 3016/3016 7368/7368
f 3016/3016 1407/1407 1406/1406
f 1740/1740 3592/3592 1741/1741
f 3592/3592 3594/3594 1741/1741
f 1710/1710 1709/1709 7369/7369
f 6174/6174 1526/1526 1712/1712
f 392/392 2279/2279 2594/2594
f 2594/2594 4613/4613 2278/2278
f 5939/5939 4330/4330 5784/5784
f 4330/4330 4331/4331 253/253
f 6467/6467 3900/3900 489/489
f 3900/3900 488/488 489/489
f 2121/2121 5514/5514 6375/6375
f 2118/2118 5514/5514 2121/2121
f 5936/5936 5785/5785 4332/4332
f 1185/1185 7060/7060 6296/6296
f 1504/1504 6295/6295 1812/1812
f 2440/2440 2439/2439 5513/5513
f 2001/2001 2440/2440 5513/5513
f 7370/7370 2797/2797 3348/3348
f 7370/7370 5473/5473 5783/5783
f 6925/6925 7371/7371 995/995
f 7371/7371 5417/5417 995/995
f 410/410 7372/7372 6924/6924
f 4969/4969 7372/7372 410/410
f 6539/6539 6538/6538 464/464
f 2822/2822 464/464 2824/2824
f 3354/3354 6536/6536 6537/6537
f 6843/6843 3618/3618 48/48
f 395/395 4958/4958 4959/4959
f 6368/6368 6367/6367 4306/4306
f 4306/4306 6367/6367 7373/7373
f 5052/5052 6363/6363 4309/4309
f 6363/6363 6365/6365 4309/4309
f 7349/7349 408/408 1169/1169
f 7290/7290 407/407 7349/7349
f 7286/7286 7348/7348 559/559
f 355/355 3468/3468 7348/7348
f 7374/7374 7375/7375 436/436
f 7377/7377 7376/7376 453/453
f 6332/6332 6971/6971 1147/1147
f 1147/1147 5492/5492 6744/6744
f 6814/6814 2725/2725 245/245
f 7378/7378 6334/6334 2725/2725
f 1542/1542 3829/3829 1762/1762
f 7379/7379 1762/1762 3557/3557
f 1314/1314 6930/6930 2990/2990
f 1314/1314 1313/1313 3985/3985
f 924/924 3152/3152 3153/3153
f 924/924 3153/3153 6869/6869
f 4974/4974 3163/3163 918/918
f 4974/4974 918/918 6870/6870
f 394/394 7380/7380 7381/7381
f 3637/3637 7380/7380 752/752
f 4672/4672 2798/2798 2799/2799
f 5146/5146 2237/2237 2238/2238
f 2237/2237 4766/4766 2238/2238
f 1449/1449 7382/7382 4664/4664
f 1738/1738 4516/4516 1449/1449
f 3594/3594 4666/4666 7383/7383
f 1741/1741 3594/3594 4520/4520
f 607/607 6463/6463 608/608
f 4936/4936 4937/4937 607/607
f 4934/4934 4932/4932 1265/1265
f 1153/1153 4808/4808 1154/1154
f 1151/1151 1441/1441 6022/6022
f 4194/4194 5212/5212 5210/5210
f 183/183 5252/5252 4685/4685
f 1770/1770 5251/5251 183/183
f 3568/3568 3879/3879 1735/1735
f 3568/3568 2624/2624 3879/3879
f 484/484 7384/7384 485/485
f 485/485 5542/5542 3832/3832
f 5536/5536 908/908 907/907
f 6500/6500 907/907 3834/3834
f 436/436 7375/7375 2324/2324
f 7375/7375 2323/2323 2324/2324
f 2319/2319 7377/7377 2167/2167
f 2167/2167 7377/7377 453/453
f 1252/1252 334/334 7385/7385
f 334/334 5807/5807 7385/7385
f 5810/5810 325/325 5723/5723
f 5723/5723 325/325 857/857
f 366/366 4725/4725 852/852
f 366/366 852/852 854/854
f 148/148 843/843 4727/4727
f 148/148 3745/3745 843/843
f 4316/4316 426/426 3853/3853
f 3853/3853 426/426 428/428
f 5052/5052 3647/3647 6061/6061
f 3647/3647 7386/7386 3648/3648
f 3643/3643 7387/7387 3644/3644
f 6062/6062 3644/3644 7373/7373
f 123/123 6653/6653 6437/6437
f 5163/5163 6626/6626 286/286
f 5160/5160 5161/5161 7388/7388
f 7389/7389 7256/7256 7030/7030
f 7389/7389 390/390 974/974
f 4317/4317 5081/5081 3242/3242
f 3885/3885 4317/4317 3242/3242
f 4235/4235 5966/5966 2288/2288
f 5544/5544 6986/6986 913/913
f 7390/7390 750/750 2095/2095
f 7390/7390 7032/7032 7257/7257
f 7187/7187 3294/3294 6067/6067
f 6067/6067 3294/3294 1050/1050
f 3439/3439 6279/6279 7391/7391
f 6156/6156 3439/3439 1619/1619
f 1999/1999 2483/2483 2000/2000
f 4728/4728 2483/2483 3877/3877
f 7392/7392 6278/6278 3436/3436
f 1415/1415 3436/3436 6154/6154
f 2117/2117 2119/2119 2465/2465
f 5297/5297 2465/2465 4731/4731
f 861/861 860/860 7393/7393
f 5162/5162 5401/5401 5160/5160
f 1642/1642 407/407 7290/7290
f 7290/7290 3623/3623 3463/3463
f 5164/5164 5166/5166 5399/5399
f 823/823 6045/6045 824/824
f 7286/7286 1599/1599 505/505
f 505/505 7286/7286 559/559
f 3236/3236 3237/3237 3238/3238
f 3239/3239 3237/3237 5307/5307
f 3192/3192 2239/2239 5479/5479
f 5144/5144 2239/2239 5479/5479
f 1686/1686 6879/6879 2055/2055
f 1686/1686 2055/2055 7077/7077
f 682/682 2061/2061 6878/6878
f 682/682 7078/7078 2061/2061
f 7394/7394 1677/1677 6559/6559
f 4191/4191 6055/6055 7394/7394
f 7395/7395 6050/6050 6768/6768
f 6558/6558 6053/6053 7395/7395
f 2646/2646 2531/2531 2530/2530
f 6013/6013 4479/4479 2646/2646
f 4267/4267 2562/2562 2563/2563
f 6010/6010 4267/4267 7396/7396
f 571/571 589/589 5102/5102
f 5504/5504 571/571 5102/5102
f 6396/6396 2013/2013 6788/6788
f 2013/2013 2792/2792 6788/6788
f 5501/5501 5104/5104 317/317
f 4642/4642 6486/6486 7397/7397
f 6486/6486 7398/7398 7397/7397
f 2016/2016 6785/6785 2794/2794
f 6399/6399 7399/7399 2087/2087
f 1518/1518 6481/6481 5936/5936
f 6480/6480 6481/6481 1518/1518
f 1519/1519 5939/5939 6485/6485
f 6484/6484 1519/1519 6485/6485
f 5783/5783 5473/5473 2378/2378
f 5473/5473 2377/2377 2378/2378
f 1948/1948 281/281 210/210
f 267/267 1278/1278 268/268
f 1945/1945 1278/1278 267/267
f 1547/1547 885/885 3038/3038
f 212/212 1455/1455 4094/4094
f 4094/4094 1455/1455 5517/5517
f 4423/4423 7400/7400 5736/5736
f 7400/7400 7401/7401 5736/5736
f 7402/7402 7403/7403 5739/5739
f 5739/5739 7403/7403 6709/6709
f 367/367 4864/4864 6293/6293
f 92/92 6292/6292 5600/5600
f 3851/3851 110/110 1857/1857
f 3854/3854 110/110 3851/3851
f 3858/3858 1858/1858 297/297
f 3856/3856 3858/3858 297/297
f 248/248 2134/2134 7404/7404
f 5741/5741 248/248 7404/7404
f 7405/7405 1950/1950 6467/6467
f 4599/4599 1950/1950 7405/7405
f 5146/5146 5144/5144 3614/3614
f 5146/5146 2238/2238 5144/5144
f 7406/7406 782/782 6531/6531
f 4011/4011 4984/4984 2576/2576
f 7407/7407 6530/6530 675/675
f 4017/4017 2583/2583 675/675
f 613/613 614/614 612/612
f 612/612 614/614 7105/7105
f 345/345 851/851 3307/3307
f 3306/3306 345/345 3307/3307
f 6067/6067 756/756 2900/2900
f 756/756 2898/2898 2900/2900
f 820/820 4296/4296 3037/3037
f 4294/4294 4296/4296 820/820
f 7408/7408 4823/4823 5356/5356
f 7409/7409 5856/5856 5857/5857
f 1634/1634 746/746 748/748
f 9/9 478/478 6183/6183
f 42/42 6185/6185 1/1
f 1/1 6185/6185 6186/6186
f 1862/1862 7410/7410 1863/1863
f 6309/6309 5124/5124 6307/6307
f 6310/6310 5119/5119 6312/6312
f 7404/7404 2134/2134 7132/7132
f 2134/2134 3173/3173 7132/7132
f 2232/2232 382/382 7412/7412
f 7412/7412 4599/4599 7405/7405
f 6193/6193 1123/1123 4364/4364
f 6191/6191 7237/7237 6193/6193
f 3615/3615 7413/7413 5562/5562
f 7413/7413 6678/6678 5562/5562
f 1514/1514 4635/4635 5484/5484
f 4759/4759 4635/4635 1514/1514
f 1562/1562 6414/6414 1563/1563
f 3825/3825 6415/6415 6414/6414
f 6214/6214 1096/1096 3653/3653
f 1248/1248 2693/2693 1249/1249
f 2692/2692 4569/4569 2060/2060
f 1279/1279 1281/1281 2692/2692
f 1455/1455 3730/3730 3726/3726
f 858/858 3730/3730 1455/1455
f 5743/5743 5359/5359 1546/1546
f 5359/5359 885/885 1546/1546
f 445/445 7414/7414 1300/1300
f 7414/7414 7415/7415 867/867
f 6756/6756 6757/6757 354/354
f 1300/1300 6756/6756 353/353
f 7416/7416 1831/1831 5029/5029
f 5029/5029 7417/7417 2971/2971
f 1286/1286 6371/6371 801/801
f 5265/5265 5264/5264 801/801
f 399/399 2840/2840 7418/7418
f 7418/7418 874/874 7419/7419
f 6908/6908 7389/7389 468/468
f 3860/3860 5429/5429 2696/2696
f 808/808 1216/1216 809/809
f 5167/5167 174/174 2634/2634
f 838/838 5167/5167 2634/2634
f 2811/2811 4589/4589 2812/2812
f 1229/1229 4589/4589 2811/2811
f 5405/5405 1578/1578 3046/3046
f 2084/2084 7420/7420 7421/7421
f 6910/6910 749/749 7390/7390
f 6910/6910 6911/6911 2095/2095
f 2841/2841 304/304 7422/7422
f 7422/7422 304/304 7288/7288
f 5404/5404 7423/7423 4530/4530
f 7424/7424 4530/4530 3175/3175
f 892/892 486/486 6422/6422
f 6422/6422 486/486 6421/6421
f 2808/2808 6418/6418 573/573
f 5724/5724 5356/5356 512/512
f 5079/5079 6888/6888 5571/5571
f 6141/6141 7425/7425 6142/6142
f 7425/7425 6818/6818 6142/6142
f 6139/6139 7426/7426 6140/6140
f 6820/6820 7426/7426 6139/6139
f 3600/3600 1412/1412 277/277
f 4047/4047 7427/7427 3600/3600
f 771/771 5979/5979 5601/5601
f 6105/6105 771/771 854/854
f 1340/1340 5599/5599 5978/5978
f 6102/6102 3745/3745 1340/1340
f 3442/3442 2048/2048 5481/5481
f 2050/2050 2657/2657 2656/2656
f 3977/3977 3422/3422 3423/3423
f 1012/1012 1013/1013 5482/5482
f 5089/5089 1621/1621 967/967
f 967/967 1621/1621 1622/1622
f 5066/5066 5067/5067 2849/2849
f 2849/2849 6114/6114 656/656
f 2847/2847 6147/6147 5072/5072
f 2846/2846 653/653 6115/6115
f 2353/2353 2907/2907 3735/3735
f 1779/1779 2907/2907 2353/2353
f 4372/4372 4639/4639 2456/2456
f 2456/2456 4639/4639 1967/1967
f 696/696 4374/4374 2472/2472
f 4638/4638 4369/4369 2453/2453
f 1965/1965 4638/4638 2453/2453
f 5369/5369 2992/2992 4588/4588
f 5167/5167 7428/7428 5168/5168
f 5168/5168 7428/7428 4314/4314
f 7415/7415 6756/6756 5402/5402
f 867/867 7415/7415 4583/4583
f 7429/7429 7316/7316 7315/7315
f 7430/7430 7429/7429 7315/7315
f 7320/7320 7431/7431 7432/7432
f 7319/7319 7431/7431 7320/7320
f 3589/3589 4729/4729 4730/4730
f 4713/4713 5608/5608 5607/5607
f 4733/4733 4732/4732 1559/1559
f 5609/5609 3827/3827 5610/5610
f 4722/4722 5781/5781 2244/2244
f 4721/4721 1311/1311 5781/5781
f 411/411 3788/3788 3651/3651
f 411/411 6924/6924 3788/3788
f 3056/3056 4997/4997 7137/7137
f 3190/3190 4997/4997 595/595
f 3789/3789 995/995 3773/3773
f 3789/3789 6925/6925 995/995
f 7419/7419 2841/2841 6761/6761
f 874/874 303/303 7419/7419
f 1702/1702 5037/5037 7339/7339
f 1663/1663 7038/7038 3643/3643
f 5039/5039 1496/1496 7340/7340
f 3648/3648 6734/6734 1661/1661
f 1414/1414 1416/1416 7392/7392
f 7433/7433 4814/4814 5231/5231
f 1620/1620 7391/7391 1258/1258
f 7434/7434 6345/6345 4812/4812
f 7435/7435 6814/6814 6741/6741
f 6364/6364 7435/7435 6743/6743
f 5492/5492 5491/5491 6744/6744
f 5491/5491 6366/6366 4057/4057
f 4253/4253 1439/1439 4711/4711
f 4711/4711 135/135 3499/3499
f 4894/4894 5986/5986 4552/4552
f 657/657 5985/5985 4894/4894
f 4898/4898 6435/6435 298/298
f 4897/4897 4898/4898 5988/5988
f 3744/3744 1133/1133 4867/4867
f 5601/5601 3744/3744 4867/4867
f 3746/3746 4869/4869 1704/1704
f 5599/5599 4869/4869 3746/3746
f 3315/3315 2870/2870 3316/3316
f 3315/3315 1945/1945 267/267
f 1835/1835 5579/5579 1835/1835
f 1251/1251 4435/4435 5578/5578
f 3318/3318 1733/1733 1735/1735
f 1735/1735 281/281 1948/1948
f 7436/7436 3949/3949 1838/1838
f 5581/5581 4436/4436 856/856
f 6906/6906 7437/7437 2784/2784
f 4475/4475 7438/7438 2784/2784
f 6905/6905 2783/2783 6255/6255
f 4476/4476 2783/2783 7439/7439
f 2732/2732 758/758 759/759
f 2732/2732 1029/1029 2091/2091
f 2739/2739 2738/2738 1026/1026
f 4510/4510 182/182 2258/2258
f 2258/2258 388/388 4915/4915
f 1931/1931 900/900 1932/1932
f 1932/1932 5698/5698 3701/3701
f 5527/5527 5924/5924 938/938
f 2298/2298 5527/5527 2298/2298
f 4085/4085 5682/5682 7440/7440
f 4085/4085 1778/1778 1777/1777
f 1939/1939 1939/1939 5529/5529
f 3824/3824 5923/5923 5529/5529
f 7441/7441 4485/4485 1828/1828
f 4485/4485 5680/5680 5679/5679
f 857/857 857/857 1393/1393
f 1838/1838 3949/3949 5353/5353
f 1926/1926 3700/3700 5697/5697
f 1252/1252 1252/1252 2413/2413
f 7442/7442 1635/1635 1071/1071
f 820/820 7442/7442 7443/7443
f 7444/7444 5920/5920 1722/1722
f 756/756 1724/1724 7444/7444
f 7445/7445 1933/1933 2631/2631
f 295/295 1933/1933 32/32
f 5183/5183 5184/5184 7157/7157
f 7157/7157 5184/5184 155/155
f 134/134 5186/5186 7446/7446
f 5186/5186 5185/5185 7446/7446
f 2364/2364 2920/2920 2365/2365
f 4354/4354 784/784 4353/4353
f 2027/2027 927/927 5487/5487
f 927/927 928/928 5487/5487
f 2114/2114 4740/4740 5351/5351
f 3513/3513 7447/7447 2412/2412
f 5692/5692 3908/3908 4654/4654
f 3908/3908 3909/3909 4654/4654
f 4536/4536 1056/1056 4650/4650
f 4650/4650 1056/1056 5694/5694
f 3791/3791 6132/6132 2674/2674
f 3870/3870 3791/3791 2674/2674
f 3873/3873 2671/2671 3794/3794
f 3795/3795 2671/2671 6137/6137
f 2127/2127 5352/5352 2128/2128
f 2653/2653 1319/1319 5352/5352
f 1946/1946 213/213 1278/1278
f 1545/1545 1947/1947 210/210
f 213/213 212/212 4094/4094
f 3038/3038 885/885 3039/3039
f 3039/3039 885/885 1545/1545
f 7448/7448 6561/6561 1903/1903
f 5380/5380 7448/7448 1903/1903
f 5382/5382 1899/1899 7449/7449
f 1899/1899 6562/6562 7449/7449
f 5955/5955 3730/3730 858/858
f 5358/5358 5954/5954 885/885
f 5359/5359 5358/5358 885/885
f 5040/5040 4833/4833 2880/2880
f 1061/1061 5040/5040 2544/2544
f 2696/2696 1217/1217 2430/2430
f 3860/3860 2696/2696 5428/5428
f 4716/4716 4716/4716 7450/7450
f 1368/1368 7450/7450 6528/6528
f 5244/5244 5454/5454 5245/5245
f 5454/5454 7451/7451 5246/5246
f 4082/4082 4081/4081 2620/2620
f 5605/5605 5604/5604 3104/3104
f 5602/5602 3102/3102 5603/5603
f 4078/4078 2615/2615 4076/4076
f 918/918 4612/4612 2823/2823
f 7009/7009 2823/2823 2077/2077
f 6296/6296 1812/1812 1504/1504
f 1504/1504 1812/1812 7452/7452
f 1499/1499 7033/7033 2462/2462
f 2570/2570 2572/2572 7010/7010
f 2572/2572 4611/4611 924/924
f 7453/7453 2459/2459 2457/2457
f 7454/7454 7455/7455 2457/2457
f 7456/7456 2455/2455 7457/7457
f 7458/7458 2455/2455 2452/2452
f 4799/4799 4800/4800 554/554
f 553/553 2496/2496 7459/7459
f 2901/2901 4844/4844 2902/2902
f 4844/4844 6837/6837 2902/2902
f 2904/2904 2903/2903 6836/6836
f 1678/1678 284/284 284/284
f 4801/4801 4802/4802 1678/1678
f 6454/6454 1115/1115 7460/7460
f 6968/6968 7460/7460 6966/6966
f 6612/6612 549/549 7461/7461
f 6174/6174 7461/7461 1526/1526
f 6546/6546 2609/2609 760/760
f 6547/6547 6546/6546 760/760
f 2870/2870 6116/6116 3316/3316
f 2919/2919 5548/5548 5549/5549
f 1143/1143 5617/5617 5616/5616
f 5557/5557 5555/5555 2927/2927
f 5621/5621 5620/5620 2928/2928
f 3896/3896 3279/3279 7462/7462
f 7397/7397 3896/3896 7462/7462
f 3318/3318 6118/6118 1733/1733
f 4283/4283 1032/1032 4136/4136
f 4136/4136 1032/1032 4135/4135
f 5089/5089 4314/4314 5088/5088
f 5168/5168 4314/4314 5089/5089
f 7003/7003 7402/7402 2270/2270
f 2270/2270 7402/7402 4008/4008
f 7401/7401 7001/7001 4010/4010
f 4009/4009 7401/7401 4010/4010
f 163/163 1776/1776 6877/6877
f 552/552 5606/5606 6249/6249
f 6335/6335 7463/7463 6032/6032
f 6335/6335 1140/1140 1325/1325
f 6333/6333 7464/7464 7465/7465
f 3166/3166 6333/6333 1320/1320
f 7466/7466 2127/2127 3051/3051
f 3727/3727 3051/3051 3053/3053
f 2545/2545 2881/2881 5567/5567
f 7467/7467 6023/6023 7468/7468
f 2394/2394 7467/7467 7468/7468
f 6163/6163 7469/7469 2399/2399
f 2399/2399 7469/7469 5935/5935
f 3033/3033 5424/5424 341/341
f 2444/2444 5424/5424 3033/3033
f 5427/5427 231/231 1272/1272
f 3015/3015 5427/5427 1272/1272
f 7470/7470 2658/2658 7471/7471
f 7470/7470 165/165 2658/2658
f 7472/7472 2661/2661 114/114
f 7472/7472 7473/7473 2661/2661
f 3316/3316 3398/3398 1945/1945
f 3398/3398 5955/5955 1945/1945
f 1947/1947 3317/3317 3318/3318
f 5954/5954 3317/3317 1947/1947
f 5719/5719 1382/1382 7011/7011
f 7474/7474 7475/7475 1382/1382
f 7476/7476 1014/1014 1297/1297
f 5720/5720 5511/5511 1014/1014
f 889/889 6366/6366 5489/5489
f 565/565 6366/6366 5491/5491
f 1995/1995 7435/7435 6364/6364
f 7477/7477 3850/3850 6364/6364
f 5907/5907 7351/7351 658/658
f 7351/7351 291/291 658/658
f 4416/4416 3852/3852 1857/1857
f 3851/3851 1857/1857 3852/3852
f 3858/3858 3857/3857 1858/1858
f 1858/1858 3857/3857 4407/4407
f 966/966 1807/1807 3125/3125
f 966/966 1420/1420 1807/1807
f 6083/6083 4671/4671 2417/2417
f 2746/2746 3595/3595 3597/3597
f 6739/6739 3595/3595 2746/2746
f 3564/3564 6738/6738 5228/5228
f 3565/3565 3564/3564 5228/5228
f 1761/1761 1763/1763 5062/5062
f 1760/1760 1763/1763 1761/1761
f 2022/2022 2021/2021 1312/1312
f 2021/2021 5060/5060 1312/1312
f 1640/1640 3670/3670 3245/3245
f 1555/1555 4357/4357 3671/3671
f 6729/6729 3229/3229 3397/3397
f 7478/7478 333/333 7479/7479
f 5177/5177 2357/2357 7479/7479
f 7480/7480 3375/3375 3376/3376
f 3375/3375 7480/7480 721/721
f 293/293 7151/7151 7481/7481
f 7481/7481 3072/3072 7482/7482
f 7154/7154 2215/2215 7483/7483
f 7484/7484 548/548 7483/7483
f 5173/5173 7485/7485 2360/2360
f 7486/7486 7485/7485 6057/6057
f 6856/6856 4501/4501 370/370
f 370/370 5272/5272 5847/5847
f 153/153 6394/6394 2850/2850
f 6857/6857 153/153 4498/4498
f 1361/1361 5469/5469 1362/1362
f 1362/1362 6122/6122 2535/2535
f 3669/3669 4939/4939 5183/5183
f 4939/4939 6484/6484 156/156
f 4938/4938 133/133 6480/6480
f 362/362 5185/5185 4938/4938
f 7487/7487 369/369 6204/6204
f 4712/4712 4713/4713 4714/4714
f 7488/7488 3587/3587 7413/7413
f 1944/1944 1318/1318 4244/4244
f 883/883 884/884 1299/1299
f 7489/7489 4248/4248 1298/1298
f 4766/4766 7490/7490 2238/2238
f 4766/4766 365/365 7490/7490
f 4478/4478 2337/2337 7491/7491
f 7491/7491 2337/2337 928/928
f 2775/2775 5075/5075 6631/6631
f 4319/4319 2775/2775 959/959
f 5073/5073 6633/6633 5074/5074
f 6015/6015 5073/5073 4323/4323
f 928/928 4068/4068 5152/5152
f 5152/5152 4068/4068 6749/6749
f 4252/4252 1438/1438 2451/2451
f 2451/2451 1438/1438 1439/1439
f 2889/2889 504/504 5933/5933
f 514/514 513/513 1530/1530
f 5574/5574 1530/1530 4792/4792
f 3843/3843 2813/2813 3844/3844
f 3844/3844 1926/1926 896/896
f 3842/3842 900/900 1931/1931
f 2814/2814 3842/3842 2815/2815
f 4791/4791 2989/2989 4790/4790
f 7084/7084 2989/2989 230/230
f 3170/3170 3556/3556 1110/1110
f 3170/3170 7091/7091 5013/5013
f 6497/6497 4559/4559 1394/1394
f 4224/4224 6495/6495 4742/4742
f 1157/1157 4225/4225 1157/1157
f 7473/7473 5061/5061 2021/2021
f 7473/7473 2021/2021 2661/2661
f 5585/5585 7492/7492 6902/6902
f 7492/7492 3752/3752 6904/6904
f 3747/3747 7493/7493 6901/6901
f 7493/7493 5587/5587 6899/6899
f 7471/7471 2658/2658 1760/1760
f 7471/7471 1760/1760 5063/5063
f 2734/2734 5143/5143 2732/2732
f 2737/2737 2739/2739 5142/5142
f 2322/2322 1255/1255 7494/7494
f 3931/3931 946/946 3922/3922
f 2325/2325 7495/7495 1765/1765
f 4359/4359 5227/5227 1257/1257
f 2614/2614 2307/2307 1398/1398
f 2614/2614 1398/1398 5602/5602
f 7462/7462 3279/3279 5778/5778
f 5778/5778 4980/4980 7202/7202
f 2621/2621 5605/5605 1403/1403
f 2621/2621 1403/1403 2313/2313
f 7496/7496 5779/5779 3254/3254
f 5779/5779 7201/7201 4977/4977
f 540/540 4395/4395 3098/3098
f 2949/2949 4395/4395 541/541
f 4394/4394 6977/6977 262/262
f 2158/2158 4393/4393 261/261
f 7445/7445 31/31 1933/1933
f 470/470 31/31 7445/7445
f 6468/6468 5798/5798 5346/5346
f 5345/5345 6468/6468 5346/5346
f 6714/6714 837/837 5949/5949
f 4772/4772 5546/5546 837/837
f 6439/6439 5397/5397 1361/1361
f 1361/1361 5470/5470 5469/5469
f 5246/5246 7497/7497 2525/2525
f 2525/2525 7498/7498 6441/6441
f 1745/1745 2212/2212 2211/2211
f 4037/4037 1745/1745 2211/2211
f 2207/2207 1849/1849 2208/2208
f 2208/2208 1849/1849 4034/4034
f 4425/4425 2545/2545 2543/2543
f 535/535 585/585 5708/5708
f 6790/6790 584/584 7499/7499
f 3581/3581 3579/3579 3582/3582
f 903/903 3199/3199 3200/3200
f 3198/3198 3197/3197 3830/3830
f 276/276 2200/2200 3202/3202
f 7500/7500 2200/2200 276/276
f 3701/3701 6/6 7199/7199
f 63/63 62/62 902/902
f 3700/3700 5112/5112 63/63
f 6291/6291 5268/5268 762/762
f 5268/5268 760/760 762/762
f 1057/1057 4969/4969 1058/1058
f 5783/5783 2378/2378 4970/4970
f 967/967 1622/1622 968/968
f 5417/5417 3503/3503 996/996
f 839/839 838/838 2943/2943
f 838/838 2634/2634 2943/2943
f 4140/4140 3505/3505 3667/3667
f 4140/4140 7081/7081 3505/3505
f 4091/4091 4093/4093 6187/6187
f 4091/4091 98/98 4093/4093
f 2963/2963 188/188 6605/6605
f 7501/7501 2963/2963 7502/7502
f 7503/7503 7496/7496 6268/6268
f 6268/6268 7496/7496 3254/3254
f 1393/1393 7504/7504 857/857
f 857/857 2250/2250 5723/5723
f 2413/2413 1252/1252 7505/7505
f 1252/1252 7385/7385 883/883
f 4346/4346 5991/5991 4344/4344
f 7506/7506 7507/7507 4346/4346
f 7508/7508 3672/3672 3808/3808
f 3672/3672 2199/2199 7500/7500
f 4813/4813 7509/7509 7510/7510
f 1259/1259 3486/3486 7511/7511
f 4815/4815 877/877 879/879
f 1417/1417 7512/7512 3489/3489
f 5632/5632 588/588 3480/3480
f 3480/3480 916/916 3481/3481
f 3478/3478 1454/1454 5633/5633
f 2825/2825 4097/4097 3478/3478
f 6369/6369 4792/4792 2219/2219
f 5575/5575 5574/5574 4792/4792
f 3423/3423 972/972 1380/1380
f 3977/3977 3423/3423 3978/3978
f 2050/2050 2656/2656 5565/5565
f 2049/2049 2050/2050 1308/1308
f 6268/6268 352/352 7513/7513
f 7513/7513 352/352 6177/6177
f 2667/2667 7514/7514 3118/3118
f 3118/3118 7514/7514 1076/1076
f 74/74 4884/4884 5128/5128
f 939/939 1103/1103 74/74
f 517/517 5126/5126 5126/5126
f 944/944 2640/2640 944/944
f 1734/1734 3569/3569 1735/1735
f 1298/1298 7515/7515 3569/3569
f 3174/3174 7516/7516 6141/6141
f 2135/2135 7516/7516 3174/3174
f 4399/4399 4398/4398 6543/6543
f 6543/6543 6542/6542 4399/4399
f 632/632 2229/2229 7517/7517
f 2229/2229 6140/6140 7517/7517
f 6540/6540 4631/4631 7518/7518
f 6540/6540 7518/7518 6541/6541
f 3219/3219 2207/2207 5893/5893
f 1970/1970 3219/3219 5893/5893
f 2212/2212 3222/3222 5891/5891
f 5891/5891 3222/3222 1973/1973
f 198/198 3486/3486 6112/6112
f 3489/3489 146/146 1418/1418
f 1418/1418 6278/6278 1418/1418
f 3635/3635 5307/5307 989/989
f 989/989 3634/3634 3634/3634
f 2324/2324 639/639 640/640
f 2324/2324 640/640 5900/5900
f 456/456 2167/2167 5896/5896
f 456/456 455/455 2167/2167
f 510/510 6417/6417 510/510
f 1959/1959 6416/6416 4298/4298
f 789/789 5327/5327 1956/1956
f 1955/1955 6569/6569 1956/1956
f 3657/3657 587/587 5632/5632
f 3657/3657 3658/3658 587/587
f 1453/1453 5655/5655 3656/3656
f 1453/1453 3656/3656 5633/5633
f 5902/5902 7338/7338 3895/3895
f 3411/3411 5902/5902 6486/6486
f 6488/6488 6487/6487 2138/2138
f 6487/6487 3449/3449 4474/4474
f 3437/3437 6156/6156 1619/1619
f 4555/4555 4557/4557 1261/1261
f 4226/4226 4225/4225 1157/1157
f 1415/1415 6154/6154 1415/1415
f 2314/2314 497/497 2317/2317
f 5927/5927 497/497 2314/2314
f 2309/2309 2312/2312 384/384
f 5926/5926 2309/2309 384/384
f 2185/2185 3732/3732 3731/3731
f 2185/2185 5042/5042 3732/3732
f 2786/2786 3852/3852 4416/4416
f 4415/4415 2786/2786 4416/4416
f 3857/3857 483/483 4407/4407
f 4407/4407 483/483 4408/4408
f 1356/1356 5045/5045 2627/2627
f 1356/1356 2627/2627 1354/1354
f 7193/7193 2435/2435 2437/2437
f 7277/7277 7193/7193 1573/1573
f 2432/2432 415/415 2434/2434
f 415/415 7281/7281 1578/1578
f 6984/6984 6086/6086 6662/6662
f 4899/4899 6476/6476 6086/6086
f 4896/4896 6085/6085 6470/6470
f 3964/3964 12/12 7519/7519
f 6854/6854 7520/7520 6059/6059
f 282/282 2151/2151 999/999
f 4691/4691 2270/2270 7521/7521
f 3152/3152 7002/7002 7521/7521
f 4010/4010 6682/6682 7522/7522
f 7522/7522 2268/2268 3163/3163
f 1298/1298 1487/1487 7523/7523
f 1298/1298 7515/7515 6830/6830
f 1318/1318 7524/7524 1093/1093
f 1318/1318 6828/6828 7178/7178
f 4977/4977 4975/4975 1474/1474
f 1474/1474 4975/4975 4764/4764
f 368/368 4978/4978 346/346
f 4978/4978 4980/4980 346/346
f 6126/6126 2808/2808 573/573
f 572/572 6126/6126 573/573
f 3278/3278 253/253 255/255
f 6124/6124 892/892 6422/6422
f 6681/6681 892/892 6124/6124
f 205/205 1850/1850 1852/1852
f 4588/4588 1096/1096 4589/4589
f 4588/4588 6809/6809 1096/1096
f 5341/5341 2583/2583 6594/6594
f 7186/7186 7525/7525 5341/5341
f 21/21 7185/7185 5342/5342
f 6589/6589 2576/2576 5342/5342
f 3477/3477 3476/3476 4701/4701
f 3743/3743 4701/4701 4702/4702
f 7526/7526 5556/5556 785/785
f 6695/6695 7526/7526 4087/4087
f 1696/1696 5550/5550 7527/7527
f 2372/2372 7527/7527 6698/6698
f 6220/6220 6305/6305 6303/6303
f 6301/6301 521/521 6302/6302
f 1484/1484 4162/4162 4164/4164
f 1485/1485 4163/4163 5887/5887
f 1478/1478 5890/5890 1479/1479
f 1479/1479 4176/4176 1479/1479
f 962/962 7528/7528 1322/1322
f 2773/2773 962/962 1896/1896
f 957/957 1327/1327 7529/7529
f 6171/6171 6583/6583 957/957
f 1511/1511 2702/2702 4495/4495
f 1511/1511 4495/4495 4494/4494
f 467/467 4492/4492 2704/2704
f 4833/4833 1440/1440 4834/4834
f 6022/6022 1440/1440 2879/2879
f 788/788 5325/5325 3188/3188
f 3188/3188 5325/5325 3384/3384
f 5706/5706 6937/6937 3087/3087
f 3187/3187 3722/3722 3087/3087
f 7216/7216 1112/1112 2913/2913
f 7216/7216 1790/1790 1112/1112
f 2911/2911 847/847 1786/1786
f 2911/2911 2910/2910 847/847
f 5799/5799 1305/1305 7530/7530
f 1933/1933 2757/2757 741/741
f 5798/5798 7531/7531 1328/1328
f 7532/7532 7533/7533 2759/2759
f 4362/4362 1085/1085 5637/5637
f 2239/2239 1085/1085 4362/4362
f 1746/1746 5891/5891 2736/2736
f 1746/1746 2736/2736 308/308
f 1176/1176 419/419 2733/2733
f 1176/1176 2733/2733 5893/5893
f 2027/2027 3281/3281 4662/4662
f 7534/7534 2027/2027 4662/4662
f 2692/2692 4571/4571 2327/2327
f 4571/4571 6705/6705 2327/2327
f 1360/1360 1571/1571 175/175
f 6074/6074 4544/4544 5486/5486
f 4567/4567 2328/2328 6707/6707
f 2693/2693 2328/2328 4567/4567
f 438/438 4634/4634 1514/1514
f 7341/7341 4759/4759 3019/3019
f 496/496 1404/1404 2467/2467
f 1404/1404 2464/2464 2467/2467
f 385/385 2484/2484 1399/1399
f 1399/1399 2484/2484 2481/2481
f 2894/2894 7535/7535 138/138
f 138/138 2891/2891 2894/2894
f 2438/2438 1574/1574 2437/2437
f 7259/7259 5404/5404 821/821
f 7258/7258 701/701 5405/5405
f 2433/2433 2434/2434 1577/1577
f 2257/2257 3942/3942 3943/3943
f 2124/2124 3218/3218 61/61
f 2252/2252 3945/3945 3215/3215
f 2123/2123 102/102 6954/6954
f 537/537 2062/2062 538/538
f 537/537 2075/2075 2062/2062
f 5439/5439 2059/2059 1099/1099
f 5439/5439 2057/2057 2059/2059
f 406/406 200/200 5254/5254
f 200/200 4284/4284 5254/5254
f 2829/2829 2832/2832 2830/2830
f 5712/5712 7012/7012 2830/2830
f 2835/2835 2834/2834 2838/2838
f 5713/5713 2834/2834 7013/7013
f 1925/1925 3226/3226 1926/1926
f 3928/3928 7270/7270 3226/3226
f 3813/3813 3223/3223 7271/7271
f 1931/1931 1932/1932 3223/3223
f 7536/7536 165/165 7470/7470
f 7536/7536 6258/6258 165/165
f 7537/7537 114/114 6260/6260
f 7537/7537 7472/7472 114/114
f 507/507 94/94 4181/4181
f 4180/4180 507/507 4181/4181
f 4292/4292 1780/1780 2353/2353
f 3128/3128 1779/1779 1780/1780
f 2443/2443 4375/4375 696/696
f 698/698 4373/4373 4375/4375
f 5198/5198 2921/2921 543/543
f 69/69 2921/2921 5198/5198
f 1432/1432 2831/2831 4989/4989
f 1431/1431 2831/2831 1432/1432
f 2836/2836 1683/1683 5665/5665
f 6059/6059 2836/2836 5665/5665
f 2374/2374 4734/4734 2375/2375
f 2373/2373 6698/6698 6697/6697
f 2339/2339 2341/2341 4089/4089
f 6696/6696 6695/6695 4087/4087
f 838/838 5253/5253 5167/5167
f 7538/7538 5253/5253 6755/6755
f 4562/4562 4560/4560 3270/3270
f 3692/3692 440/440 1771/1771
f 2657/2657 3440/3440 3441/3441
f 669/669 3440/3440 2657/2657
f 1015/1015 5510/5510 5511/5511
f 1016/1016 1015/1015 5511/5511
f 2546/2546 4667/4667 6763/6763
f 6763/6763 4667/4667 2547/2547
f 4410/4410 3833/3833 1186/1186
f 6835/6835 3835/3835 4412/4412
f 1177/1177 4711/4711 3499/3499
f 3371/3371 5116/5116 2042/2042
f 3371/3371 2042/2042 1743/1743
f 972/972 973/973 1010/1010
f 1380/1380 972/972 5432/5432
f 4051/4051 2049/2049 2079/2079
f 2049/2049 1308/1308 1309/1309
f 7360/7360 7099/7099 1920/1920
f 4798/4798 1920/1920 4799/4799
f 4801/4801 6655/6655 7102/7102
f 3723/3723 4803/4803 4803/4803
f 196/196 1321/1321 4028/4028
f 4030/4030 196/196 4028/4028
f 4026/4026 1139/1139 4025/4025
f 1324/1324 1139/1139 4026/4026
f 529/529 2184/2184 5003/5003
f 2810/2810 1222/1222 1221/1221
f 2625/2625 2946/2946 2626/2626
f 2628/2628 5002/5002 5001/5001
f 4283/4283 120/120 1032/1032
f 544/544 545/545 3172/3172
f 3172/3172 545/545 4383/4383
f 55/55 2240/2240 56/56
f 2240/2240 4384/4384 56/56
f 4846/4846 288/288 289/289
f 4845/4845 4846/4846 289/289
f 4916/4916 3297/3297 4648/4648
f 4915/4915 3297/3297 4916/4916
f 7533/7533 1082/1082 1328/1328
f 1328/1328 4677/4677 5190/5190
f 983/983 7539/7539 3361/3361
f 5961/5961 7539/7539 6271/6271
f 3365/3365 6270/6270 7540/7540
f 986/986 3365/3365 7540/7540
f 3497/3497 702/702 1847/1847
f 3497/3497 2852/2852 702/702
f 386/386 387/387 3102/3102
f 5602/5602 386/386 3102/3102
f 5605/5605 3104/3104 498/498
f 1186/1186 3704/3704 1187/1187
f 3833/3833 3704/3704 1186/1186
f 2396/2396 6762/6762 6681/6681
f 6124/6124 2396/2396 6681/6681
f 3676/3676 2195/2195 3676/3676
f 4933/4933 4934/4934 1445/1445
f 608/608 2191/2191 3680/3680
f 6463/6463 2191/2191 608/608
f 7541/7541 3707/3707 6835/6835
f 3707/3707 3835/3835 6835/6835
f 4139/4139 6722/6722 4111/4111
f 6722/6722 4805/4805 6724/6724
f 6725/6725 4807/4807 6723/6723
f 2860/2860 6723/6723 4216/4216
f 3195/3195 4948/4948 3196/3196
f 1344/1344 4949/4949 7162/7162
f 3937/3937 3936/3936 4953/4953
f 4547/4547 7164/7164 4954/4954
f 1822/1822 3966/3966 7542/7542
f 1822/1822 1823/1823 7543/7543
f 6144/6144 3969/3969 1820/1820
f 1818/1818 7544/7544 3969/3969
f 5087/5087 5088/5088 1490/1490
f 5089/5089 5088/5088 5087/5087
f 7545/7545 5877/5877 7546/7546
f 5879/5879 4504/4504 7547/7547
f 7548/7548 4184/4184 4183/4183
f 7549/7549 6909/6909 3547/3547
f 126/126 5951/5951 6746/6746
f 6747/6747 5669/5669 3689/3689
f 3653/3653 710/710 709/709
f 7550/7550 7040/7040 2842/2842
f 1563/1563 7040/7040 7262/7262
f 3616/3616 5562/5562 5563/5563
f 3294/3294 3616/3616 1050/1050
f 3136/3136 4788/4788 6065/6065
f 3136/3136 1034/1034 4825/4825
f 7551/7551 1039/1039 7552/7552
f 7551/7551 4828/4828 1039/1039
f 1165/1165 3707/3707 7541/7541
f 1187/1187 3704/3704 6254/6254
f 6447/6447 6448/6448 2508/2508
f 3598/3598 3599/3599 7364/7364
f 6446/6446 6445/6445 3921/3921
f 754/754 7553/7553 756/756
f 4737/4737 756/756 1049/1049
f 1659/1659 4055/4055 3066/3066
f 1659/1659 5301/5301 4490/4490
f 2351/2351 2392/2392 1165/1165
f 2392/2392 3707/3707 1165/1165
f 3704/3704 2389/2389 6254/6254
f 6254/6254 2389/2389 5848/5848
f 1662/1662 3063/3063 4059/4059
f 1662/1662 4488/4488 3063/3063
f 267/267 268/268 4570/4570
f 4570/4570 268/268 4571/4571
f 280/280 2694/2694 281/281
f 2694/2694 4567/4567 281/281
f 715/715 7036/7036 4231/4231
f 715/715 4231/4231 3944/3944
f 4232/4232 774/774 3945/3945
f 4233/4233 6813/6813 4232/4232
f 5809/5809 884/884 5807/5807
f 7554/7554 7555/7555 2357/2357
f 5812/5812 5810/5810 2249/2249
f 7556/7556 2360/2360 7557/7557
f 7101/7101 6590/6590 7558/7558
f 7558/7558 6691/6691 3333/3333
f 7559/7559 4924/4924 6694/6694
f 7100/7100 7559/7559 6595/6595
f 1220/1220 679/679 6391/6391
f 5825/5825 4615/4615 5826/5826
f 733/733 4236/4236 4234/4234
f 3804/3804 7560/7560 5545/5545
f 3219/3219 3220/3220 2207/2207
f 3220/3220 6509/6509 2207/2207
f 6511/6511 3221/3221 2212/2212
f 2212/2212 3221/3221 3222/3222
f 7267/7267 457/457 6035/6035
f 6434/6434 4054/4054 7267/7267
f 3805/3805 4723/4723 7561/7561
f 740/740 5780/5780 5963/5963
f 7265/7265 4056/4056 6432/6432
f 7096/7096 461/461 7265/7265
f 5832/5832 5829/5829 5830/5830
f 88/88 381/381 5829/5829
f 5671/5671 1476/1476 5506/5506
f 6097/6097 1477/1477 511/511
f 2068/2068 763/763 5509/5509
f 763/763 7365/7365 5507/5507
f 990/990 3637/3637 394/394
f 6161/6161 2538/2538 3300/3300
f 7112/7112 3406/3406 3403/3403
f 834/834 1674/1674 2183/2183
f 5846/5846 2392/2392 2351/2351
f 5848/5848 2389/2389 5849/5849
f 2396/2396 2394/2394 6762/6762
f 2394/2394 7468/7468 6762/6762
f 4063/4063 5329/5329 789/789
f 2192/2192 5329/5329 4063/4063
f 6019/6019 4067/4067 510/510
f 4066/4066 7562/7562 510/510
f 5141/5141 649/649 7520/7520
f 5141/5141 5141/5141 5140/5140
f 3781/3781 2071/2071 2071/2071
f 1430/1430 2071/2071 584/584
f 3543/3543 3542/3542 2120/2120
f 1997/1997 4729/4729 3589/3589
f 2441/2441 3540/3540 3541/3541
f 3364/3364 7563/7563 6270/6270
f 5960/5960 6269/6269 6270/6270
f 5961/5961 6271/6271 4060/4060
f 3362/3362 6271/6271 7564/7564
f 6996/6996 4187/4187 5453/5453
f 6770/6770 4191/4191 6996/6996
f 6768/6768 6769/6769 5219/5219
f 5219/5219 5430/5430 7565/7565
f 1532/1532 3609/3609 294/294
f 1531/1531 3613/3613 1532/1532
f 3916/3916 2939/2939 2045/2045
f 5647/5647 2980/2980 2979/2979
f 2331/2331 2885/2885 2332/2332
f 2877/2877 5645/5645 731/731
f 5849/5849 2643/2643 371/371
f 2389/2389 2643/2643 5849/5849
f 154/154 494/494 5846/5846
f 494/494 2392/2392 5846/5846
f 1028/1028 2906/2906 3521/3521
f 759/759 2906/2906 1028/1028
f 5615/5615 5193/5193 3311/3311
f 3311/3311 1717/1717 6075/6075
f 1459/1459 5190/5190 3291/3291
f 3514/3514 1459/1459 5189/5189
f 1027/1027 3518/3518 767/767
f 712/712 1027/1027 767/767
f 1747/1747 6778/6778 96/96
f 1747/1747 6341/6341 5010/5010
f 6104/6104 2284/2284 6105/6105
f 5395/5395 2285/2285 2284/2284
f 5392/5392 2280/2280 2281/2281
f 6103/6103 6102/6102 2280/2280
f 4181/4181 94/94 55/55
f 2241/2241 55/55 94/94
f 542/542 543/543 3171/3171
f 2921/2921 3171/3171 543/543
f 4474/4474 6036/6036 880/880
f 4473/4473 7566/7566 880/880
f 6916/6916 6927/6927 2378/2378
f 3516/3516 6927/6927 6916/6916
f 5321/5321 3455/3455 3612/3612
f 3612/3612 3455/3455 3613/3613
f 4402/4402 1244/1244 7567/7567
f 1244/1244 4402/4402 6518/6518
f 5426/5426 5427/5427 3015/3015
f 6219/6219 5426/5426 3015/3015
f 341/341 5425/5425 6942/6942
f 5424/5424 5425/5425 341/341
f 3319/3319 5533/5533 5535/5535
f 4107/4107 4108/4108 1831/1831
f 3322/3322 5532/5532 4107/4107
f 4074/4074 2759/2759 1330/1330
f 1330/1330 4386/4386 4074/4074
f 4071/4071 1304/1304 2757/2757
f 311/311 5962/5962 4071/4071
f 2876/2876 731/731 7568/7568
f 4460/4460 2876/2876 4460/4460
f 6560/6560 2981/2981 5095/5095
f 2979/2979 2981/2981 6560/6560
f 7569/7569 2163/2163 4913/4913
f 3338/3338 2163/2163 5374/5374
f 2160/2160 3332/3332 981/981
f 2161/2161 7570/7570 4917/4917
f 5530/5530 1058/1058 410/410
f 747/747 631/631 630/630
f 748/748 747/747 630/630
f 371/371 2643/2643 3303/3303
f 3304/3304 494/494 154/154
f 5048/5048 7373/7373 6367/6367
f 888/888 5049/5049 889/889
f 1996/1996 1996/1996 5051/5051
f 5051/5051 6363/6363 5052/5052
f 4043/4043 7571/7571 562/562
f 7571/7571 3079/3079 2126/2126
f 3074/3074 7572/7572 7573/7573
f 375/375 7572/7572 4227/4227
f 3984/3984 6963/6963 7295/7295
f 7324/7324 2158/2158 5495/5495
f 5631/5631 3099/3099 6661/6661
f 3099/3099 263/263 5629/5629
f 930/930 4105/4105 3123/3123
f 4104/4104 6613/6613 6614/6614
f 4847/4847 4848/4848 7124/7124
f 6616/6616 6615/6615 2342/2342
f 3394/3394 4756/4756 1991/1991
f 1991/1991 7574/7574 4680/4680
f 2149/2149 1100/1100 2150/2150
f 2997/2997 1100/1100 2998/2998
f 3004/3004 3003/3003 2074/2074
f 3778/3778 2074/2074 5117/5117
f 462/462 5277/5277 4442/4442
f 4442/4442 5277/5277 2680/2680
f 3391/3391 4681/4681 7575/7575
f 4444/4444 2677/2677 6128/6128
f 458/458 4444/4444 6128/6128
f 3756/3756 3160/3160 5237/5237
f 3158/3158 3751/3751 5238/5238
f 4126/4126 6243/6243 3342/3342
f 4127/4127 4126/4126 3342/3342
f 270/270 3933/3933 3934/3934
f 3558/3558 3933/3933 270/270
f 60/60 5767/5767 2124/2124
f 5887/5887 150/150 5888/5888
f 5890/5890 5889/5889 599/599
f 794/794 2123/2123 5768/5768
f 6038/6038 4631/4631 6037/6037
f 4746/4746 6038/6038 6037/6037
f 2878/2878 6299/6299 6300/6300
f 5533/5533 5534/5534 4110/4110
f 5531/5531 4107/4107 4106/4106
f 6298/6298 6297/6297 1565/1565
f 1367/1367 6458/6458 6968/6968
f 4808/4808 1367/1367 4809/4809
f 6301/6301 4774/4774 521/521
f 6220/6220 6304/6304 6305/6305
f 2817/2817 1558/1558 6220/6220
f 1136/1136 6772/6772 4620/4620
f 6772/6772 6108/6108 6110/6110
f 7515/7515 4348/4348 4347/4347
f 4349/4349 1296/1296 4347/4347
f 7577/7577 1194/1194 2355/2355
f 5579/5579 7577/7577 2355/2355
f 7436/7436 2361/2361 4437/4437
f 4437/4437 2361/2361 4437/4437
f 4839/4839 4050/4050 2189/2189
f 2796/2796 1057/1057 5530/5530
f 6970/6970 3504/3504 6969/6969
f 5/5 3581/3581 3904/3904
f 5/5 6/6 3581/3581
f 4040/4040 4041/4041 2967/2967
f 6502/6502 6503/6503 3605/3605
f 62/62 3903/3903 3197/3197
f 3245/3245 3670/3670 3246/3246
f 3246/3246 3669/3669 5183/5183
f 4357/4357 5185/5185 362/362
f 1548/1548 7108/7108 5357/5357
f 7108/7108 3513/3513 5357/5357
f 3604/3604 240/240 6238/6238
f 3604/3604 4206/4206 240/240
f 958/958 1901/1901 1902/1902
f 957/957 7529/7529 958/958
f 962/962 961/961 7528/7528
f 961/961 1897/1897 1895/1895
f 451/451 5285/5285 5729/5729
f 4438/4438 5285/5285 451/451
f 3959/3959 5289/5289 3014/3014
f 5289/5289 4328/4328 3014/3014
f 6127/6127 572/572 5260/5260
f 6127/6127 6126/6126 572/572
f 3303/3303 3697/3697 6891/6891
f 2643/2643 3697/3697 3303/3303
f 7578/7578 3695/3695 3304/3304
f 3695/3695 494/494 3304/3304
f 2700/2700 973/973 2570/2570
f 1010/1010 973/973 2700/2700
f 4051/4051 2079/2079 2703/2703
f 2077/2077 4051/4051 2703/2703
f 2660/2660 3902/3902 1207/1207
f 1207/1207 3902/3902 62/62
f 1512/1512 5/5 2664/2664
f 4788/4788 1992/1992 893/893
f 3134/3134 2452/2452 1034/1034
f 2460/2460 937/937 2459/2459
f 7552/7552 937/937 1985/1985
f 4745/4745 1377/1377 4746/4746
f 277/277 4746/4746 1377/1377
f 5568/5568 688/688 5570/5570
f 688/688 3121/3121 5570/5570
f 6942/6942 1540/1540 5524/5524
f 5524/5524 1540/1540 7379/7379
f 6930/6930 3987/3987 1273/1273
f 3987/3987 6219/6219 641/641
f 1560/1560 5786/5786 6179/6179
f 5790/5790 1998/1998 6180/6180
f 1434/1434 1048/1048 1435/1435
f 561/561 3114/3114 4852/4852
f 3114/3114 7579/7579 4852/4852
f 2100/2100 659/659 2101/2101
f 1460/1460 659/659 2100/2100
f 2099/2099 598/598 1668/1668
f 1667/1667 2099/2099 1668/1668
f 3113/3113 558/558 7580/7580
f 557/557 558/558 4491/4491
f 1104/1104 1105/1105 5128/5128
f 5128/5128 7581/7581 2635/2635
f 2637/2637 2638/2638 5126/5126
f 5126/5126 520/520 1107/1107
f 2362/2362 395/395 6494/6494
f 4400/4400 2362/2362 6494/6494
f 4101/4101 1527/1527 1978/1978
f 6175/6175 6529/6529 2217/2217
f 691/691 1063/1063 692/692
f 692/692 4710/4710 4711/4711
f 1789/1789 4065/4065 1955/1955
f 2193/2193 4065/4065 1789/1789
f 2197/2197 1787/1787 6404/6404
f 1787/1787 1959/1959 2198/2198
f 7576/7576 3160/3160 7582/7582
f 3160/3160 4275/4275 7582/7582
f 7583/7583 3158/3158 1462/1462
f 4278/4278 3158/3158 7583/7583
f 6891/6891 3697/3697 7584/7584
f 1106/1106 3695/3695 7578/7578
f 3247/3247 3779/3779 3781/3781
f 2830/2830 7012/7012 1429/1429
f 5140/5140 3096/3096 650/650
f 7013/7013 2834/2834 650/650
f 4275/4275 3695/3695 1106/1106
f 7582/7582 4275/4275 1106/1106
f 3697/3697 4278/4278 7584/7584
f 7584/7584 4278/4278 7583/7583
f 2481/2481 4678/4678 2482/2482
f 4678/4678 3876/3876 6246/6246
f 2464/2464 2466/2466 3537/3537
f 3537/3537 6245/6245 5300/5300
f 705/705 271/271 273/273
f 2856/2856 271/271 705/705
f 853/853 6104/6104 6105/6105
f 853/853 6105/6105 854/854
f 844/844 3745/3745 6102/6102
f 844/844 6102/6102 6103/6103
f 7178/7178 5303/5303 4684/4684
f 4245/4245 5303/5303 1630/1630
f 6636/6636 5434/5434 2090/2090
f 5434/5434 5435/5435 2090/2090
f 5438/5438 2091/2091 5437/5437
f 6638/6638 2091/2091 5438/5438
f 4316/4316 3884/3884 7585/7585
f 4316/4316 7585/7585 426/426
f 4962/4962 3114/3114 561/561
f 7068/7068 2957/2957 561/561
f 4960/4960 557/557 4491/4491
f 7066/7066 557/557 2952/2952
f 3885/3885 3242/3242 1067/1067
f 3885/3885 1067/1067 3886/3886
f 7586/7586 7025/7025 3282/3282
f 4662/4662 7587/7587 3282/3282
f 4362/4362 1876/1876 6582/6582
f 7588/7588 1876/1876 7589/7589
f 3494/3494 7590/7590 846/846
f 7591/7591 7592/7592 4366/4366
f 1115/1115 7593/7593 3492/3492
f 694/694 7594/7594 7595/7595
f 2332/2332 5993/5993 3674/3674
f 2887/2887 2888/2888 5992/5992
f 2940/2940 5994/5994 2942/2942
f 5995/5995 3916/3916 3915/3915
f 2385/2385 1044/1044 397/397
f 7596/7596 6060/6060 7597/7597
f 3065/3065 1324/1324 7598/7598
f 7598/7598 1324/1324 4027/4027
f 4029/4029 1321/1321 5385/5385
f 1321/1321 3061/3061 5385/5385
f 7095/7095 3062/3062 460/460
f 3061/3061 3062/3062 7095/7095
f 246/246 2726/2726 7097/7097
f 2726/2726 3065/3065 7097/7097
f 2609/2609 7011/7011 1382/1382
f 4243/4243 7011/7011 2609/2609
f 997/997 6727/6727 5001/5001
f 529/529 5003/5003 527/527
f 528/528 529/529 2188/2188
f 2987/2987 3386/3386 6362/6362
f 3386/3386 4841/4841 6362/6362
f 7579/7579 5590/5590 4850/4850
f 4852/4852 7579/7579 4850/4850
f 558/558 4542/4542 7580/7580
f 7580/7580 4542/4542 4543/4543
f 5339/5339 1463/1463 4383/4383
f 1463/1463 3172/3172 4383/4383
f 5337/5337 4384/4384 1203/1203
f 1203/1203 4384/4384 2240/2240
f 5676/5676 2382/2382 1285/1285
f 2381/2381 1285/1285 2382/2382
f 2139/2139 6487/6487 6287/6287
f 1494/1494 6286/6286 1495/1495
f 2716/2716 2717/2717 982/982
f 2500/2500 2716/2716 982/982
f 2752/2752 2754/2754 1564/1564
f 5675/5675 1564/1564 2754/2754
f 2175/2175 6289/6289 3412/3412
f 1701/1701 1700/1700 6288/6288
f 2499/2499 3366/3366 3725/3725
f 6849/6849 1920/1920 987/987
f 381/381 1236/1236 5829/5829
f 6965/6965 1236/1236 381/381
f 2068/2068 5509/5509 6099/6099
f 6099/6099 3905/3905 2068/2068
f 2722/2722 3367/3367 7599/7599
f 3367/3367 7540/7540 7599/7599
f 2717/2717 7600/7600 3363/3363
f 3363/3363 7600/7600 7539/7539
f 4614/4614 2564/2564 679/679
f 4614/4614 679/679 4615/4615
f 6097/6097 511/511 6098/6098
f 6098/6098 511/511 6424/6424
f 5111/5111 3663/3663 1207/1207
f 1512/1512 3661/3661 113/113
f 6394/6394 1166/1166 2851/2851
f 2351/2351 1166/1166 6394/6394
f 2350/2350 5848/5848 5847/5847
f 370/370 2845/2845 651/651
f 1593/1593 849/849 1594/1594
f 6352/6352 849/849 3143/3143
f 1592/1592 1591/1591 1427/1427
f 6353/6353 2514/2514 1427/1427
f 6522/6522 7112/7112 6524/6524
f 6523/6523 4356/4356 2067/2067
f 6488/6488 7503/7503 3448/3448
f 3448/3448 7503/7503 3446/3446
f 2863/2863 2862/2862 2864/2864
f 2862/2862 177/177 250/250
f 2533/2533 257/257 87/87
f 633/633 87/87 634/634
f 1692/1692 82/82 2655/2655
f 2035/2035 3980/3980 115/115
f 4068/4068 4719/4719 7601/7601
f 7601/7601 4720/4720 2707/2707
f 1172/1172 4927/4927 4928/4928
f 3716/3716 4926/4926 3717/3717
f 5015/5015 1128/1128 5016/5016
f 3272/3272 3720/3720 3273/3273
f 3525/3525 1596/1596 7602/7602
f 1596/1596 3525/3525 1597/1597
f 1590/1590 1589/1589 3526/3526
f 7603/7603 1590/1590 3526/3526
f 909/909 6471/6471 7195/7195
f 7195/7195 909/909 7438/7438
f 2205/2205 3859/3859 3219/3219
f 1969/1969 2205/2205 6241/6241
f 6455/6455 6002/6002 5494/5494
f 3982/3982 5494/5494 5495/5495
f 2210/2210 1974/1974 6240/6240
f 3860/3860 2210/2210 3221/3221
f 5629/5629 5630/5630 1614/1614
f 6000/6000 6172/6172 5630/5630
f 7572/7572 2003/2003 5006/5006
f 4227/4227 2003/2003 2004/2004
f 7194/7194 7439/7439 7604/7604
f 7604/7604 7194/7194 6478/6478
f 2024/2024 7571/7571 5011/5011
f 2025/2025 2024/2024 4043/4043
f 2325/2325 1765/1765 5187/5187
f 5187/5187 1765/1765 1007/1007
f 2174/2174 3591/3591 99/99
f 99/99 2173/2173 3593/3593
f 5885/5885 7459/7459 6558/6558
f 4914/4914 6053/6053 6558/6558
f 5415/5415 3667/3667 3666/3666
f 533/533 3807/3807 5414/5414
f 1677/1677 284/284 7605/7605
f 7605/7605 284/284 284/284
f 2322/2322 2321/2321 1255/1255
f 2321/2321 5108/5108 1255/1255
f 4444/4444 4444/4444 6128/6128
f 3396/3396 3395/3395 3396/3396
f 3393/3393 462/462 4442/4442
f 7606/7606 462/462 6557/6557
f 1952/1952 7607/7607 7608/7608
f 7608/7608 7607/7607 3618/3618
f 3334/3334 4875/4875 7609/7609
f 3334/3334 7609/7609 6976/6976
f 2222/2222 7610/7610 2083/2083
f 2480/2480 2222/2222 2083/2083
f 3532/3532 2080/2080 6182/6182
f 2478/2478 2080/2080 3532/3532
f 235/235 5339/5339 2542/2542
f 5339/5339 4383/4383 2542/2542
f 5337/5337 3026/3026 4384/4384
f 6960/6960 4394/4394 2158/2158
f 7611/7611 2948/2948 2158/2158
f 4395/4395 2951/2951 3098/3098
f 3098/3098 2951/2951 432/432
f 2005/2005 2006/2006 2529/2529
f 6646/6646 2529/2529 2006/2006
f 2560/2560 1707/1707 2148/2148
f 6645/6645 1707/1707 2560/2560
f 1473/1473 5681/5681 5680/5680
f 7612/7612 5016/5016 1473/1473
f 4086/4086 7440/7440 6012/6012
f 4086/4086 4928/4928 7613/7613
f 1348/1348 6763/6763 4668/4668
f 3770/3770 5516/5516 2949/2949
f 942/942 3769/3769 4395/4395
f 4393/4393 3766/3766 1799/1799
f 5515/5515 3768/3768 1799/1799
f 627/627 5355/5355 628/628
f 628/628 7408/7408 5356/5356
f 5698/5698 642/642 3701/3701
f 3701/3701 642/642 6/6
f 2005/2005 5626/5626 5292/5292
f 1132/1132 2005/2005 5292/5292
f 5627/5627 2148/2148 4125/4125
f 4125/4125 2148/2148 1705/1705
f 5697/5697 3700/3700 902/902
f 3700/3700 63/63 902/902
f 2018/2018 3137/3137 2019/2019
f 2512/2512 3137/3137 2018/2018
f 236/236 2540/2540 3142/3142
f 3144/3144 236/236 3142/3142
f 6983/6983 1338/1338 2276/2276
f 1335/1335 1336/1336 5583/5583
f 2607/2607 2606/2606 1853/1853
f 7614/7614 2607/2607 5123/5123
f 7615/7615 2604/2604 7616/7616
f 2605/2605 2604/2604 1851/1851
f 2101/2101 5065/5065 4991/4991
f 659/659 5065/5065 2101/2101
f 598/598 4363/4363 6972/6972
f 1668/1668 598/598 6972/6972
f 1209/1209 7617/7617 5651/5651
f 5362/5362 1209/1209 7618/7618
f 1778/1778 4085/4085 5777/5777
f 4979/4979 3280/3280 3280/3280
f 4976/4976 4485/4485 7441/7441
f 4976/4976 3253/3253 3253/3253
f 6553/6553 6552/6552 455/455
f 5107/5107 5109/5109 6737/6737
f 1008/1008 6736/6736 3919/3919
f 6551/6551 6550/6550 639/639
f 1771/1771 440/440 3424/3424
f 440/440 441/441 3424/3424
f 668/668 669/669 2049/2049
f 2049/2049 669/669 2657/2657
f 5386/5386 2142/2142 2143/2143
f 5917/5917 2142/2142 5386/5386
f 6621/6621 1779/1779 3128/3128
f 2442/2442 2443/2443 696/696
f 6620/6620 2442/2442 696/696
f 260/260 4023/4023 259/259
f 4023/4023 4022/4022 1586/1586
f 597/597 6703/6703 4364/4364
f 596/596 7076/7076 597/597
f 2916/2916 5004/5004 2839/2839
f 7619/7619 7620/7620 1120/1120
f 5343/5343 2261/2261 1120/1120
f 2803/2803 7621/7621 7622/7622
f 3467/3467 7621/7621 2883/2883
f 301/301 4024/4024 539/539
f 7623/7623 5027/5027 301/301
f 6318/6318 6726/6726 526/526
f 526/526 6726/6726 7624/7624
f 2923/2923 7625/7625 6017/6017
f 7625/7625 2805/2805 6017/6017
f 5360/5360 7626/7626 5653/5653
f 2214/2214 7626/7626 5360/5360
f 941/941 5082/5082 6979/6979
f 5026/5026 5084/5084 941/941
f 5361/5361 7627/7627 292/292
f 5361/5361 5651/5651 7627/7627
f 6977/6977 5085/5085 260/260
f 5085/5085 5024/5024 943/943
f 950/950 3167/3167 3168/3168
f 5729/5729 3167/3167 950/950
f 3960/3960 624/624 624/624
f 3961/3961 3960/3960 624/624
f 283/283 649/649 2776/2776
f 3632/3632 4971/4971 2776/2776
f 5059/5059 4023/4023 260/260
f 6978/6978 5059/5059 260/260
f 539/539 5054/5054 6980/6980
f 4024/4024 5057/5057 539/539
f 4359/4359 825/825 5227/5227
f 1826/1826 5638/5638 825/825
f 6804/6804 793/793 794/794
f 6027/6027 6026/6026 5889/5889
f 4471/4471 2680/2680 6165/6165
f 2680/2680 7053/7053 4440/4440
f 2677/2677 4447/4447 7052/7052
f 4469/4469 6168/6168 2677/2677
f 6028/6028 5887/5887 6029/6029
f 6808/6808 60/60 7628/7628
f 2572/2572 2571/2571 4611/4611
f 6409/6409 3044/3044 6211/6211
f 4612/4612 2822/2822 2823/2823
f 6212/6212 3042/3042 6406/6406
f 6799/6799 4350/4350 778/778
f 1615/1615 778/778 4350/4350
f 807/807 809/809 6006/6006
f 807/807 6006/6006 6511/6511
f 3859/3859 692/692 6509/6509
f 691/691 692/692 3859/3859
f 3121/3121 4957/4957 1759/1759
f 6072/6072 396/396 3121/3121
f 182/182 388/388 2258/2258
f 182/182 181/181 388/388
f 6247/6247 1875/1875 5309/5309
f 5308/5308 3636/3636 991/991
f 671/671 3208/3208 1633/1633
f 3207/3207 3208/3208 671/671
f 4924/4924 615/615 7629/7629
f 4922/4922 615/615 2164/2164
f 6591/6591 618/618 3512/3512
f 6592/6592 2162/2162 5411/5411
f 4419/4419 3846/3846 6185/6185
f 43/43 4419/4419 6185/6185
f 9/9 6184/6184 4420/4420
f 4420/4420 6184/6184 3840/3840
f 3355/3355 5310/5310 2866/2866
f 2865/2865 1611/1611 2866/2866
f 1748/1748 4996/4996 1151/1151
f 4996/4996 6443/6443 95/95
f 1141/1141 5078/5078 242/242
f 242/242 337/337 243/243
f 583/583 194/194 357/357
f 5366/5366 195/195 194/194
f 3355/3355 800/800 2041/2041
f 2041/2041 800/800 5116/5116
f 6959/6959 6958/6958 6159/6159
f 6958/6958 3330/3330 2432/2432
f 7630/7630 5372/5372 2435/2435
f 6158/6158 5372/5372 6964/6964
f 2522/2522 6368/6368 4306/4306
f 6745/6745 6368/6368 2522/2522
f 4309/4309 6365/6365 1993/1993
f 6365/6365 6742/6742 1993/1993
f 5517/5517 5518/5518 2429/2429
f 6680/6680 1456/1456 2429/2429
f 2568/2568 1546/1546 2567/2567
f 2568/2568 6198/6198 3038/3038
f 5821/5821 4242/4242 1383/1383
f 5821/5821 5719/5719 4242/4242
f 5820/5820 1016/1016 5720/5720
f 1016/1016 5721/5721 1936/1936
f 559/559 1386/1386 2955/2955
f 4022/4022 3998/3998 1599/1599
f 4395/4395 5803/5803 1801/1801
f 4395/4395 1801/1801 7631/7631
f 407/407 2959/2959 1391/1391
f 3463/3463 3996/3996 7623/7623
f 4394/4394 6960/6960 1798/1798
f 4394/4394 1798/1798 5805/5805
f 3465/3465 2803/2803 3467/3467
f 2574/2574 2803/2803 3467/3467
f 3323/3323 6883/6883 7632/7632
f 6882/6882 6883/6883 3323/3323
f 3321/3321 7633/7633 6885/6885
f 6884/6884 3321/3321 6885/6885
f 2758/2758 1305/1305 100/100
f 2758/2758 1303/1303 1305/1305
f 830/830 830/830 1329/1329
f 830/830 1329/1329 3515/3515
f 5587/5587 4237/4237 4239/4239
f 7493/7493 4237/4237 5587/5587
f 4264/4264 4263/4263 5585/5585
f 4263/4263 7492/7492 5585/5585
f 6214/6214 2812/2812 1096/1096
f 2871/2871 7177/7177 2869/2869
f 5303/5303 7177/7177 2871/2871
f 1817/1817 7634/7634 7297/7297
f 7305/7305 7634/7634 1817/1817
f 3836/3836 6896/6896 6161/6161
f 1109/1109 3836/3836 2146/2146
f 7298/7298 7635/7635 1960/1960
f 7635/7635 7306/7306 1960/1960
f 506/506 559/559 3999/3999
f 559/559 2955/2955 2952/2952
f 5780/5780 3388/3388 4752/4752
f 4752/4752 3388/3388 4753/4753
f 407/407 2957/2957 2959/2959
f 560/560 4961/4961 407/407
f 6702/6702 227/227 3379/3379
f 6701/6701 227/227 7314/7314
f 186/186 6700/6700 7636/7636
f 7317/7317 186/186 6699/6699
f 137/137 2883/2883 216/216
f 7622/7622 5153/5153 137/137
f 3145/3145 5371/5371 7637/7637
f 3793/3793 3873/3873 3794/3794
f 3792/3792 3791/3791 3870/3870
f 3149/3149 3792/3792 3870/3870
f 7638/7638 3168/3168 5013/5013
f 7638/7638 1729/1729 951/951
f 6814/6814 2724/2724 7378/7378
f 6814/6814 7378/7378 2725/2725
f 5492/5492 6971/6971 1148/1148
f 1147/1147 6971/6971 5492/5492
f 3544/3544 6674/6674 2937/2937
f 4965/4965 3544/3544 2937/2937
f 4484/4484 5016/5016 7612/7612
f 3271/3271 3270/3270 5016/5016
f 5052/5052 4309/4309 4308/4308
f 4308/4308 2519/2519 7639/7639
f 4928/4928 4083/4083 7613/7613
f 4928/4928 3081/3081 3082/3082
f 4306/4306 7373/7373 4307/4307
f 6575/6575 4307/4307 7640/7640
f 4845/4845 289/289 2547/2547
f 4667/4667 4845/4845 2547/2547
f 388/388 389/389 4915/4915
f 4915/4915 389/389 3297/3297
f 3323/3323 7632/7632 994/994
f 994/994 7632/7632 5532/5532
f 1759/1759 397/397 3601/3601
f 6237/6237 1759/1759 3601/3601
f 3320/3320 5535/5535 7633/7633
f 3321/3321 3320/3320 7633/7633
f 466/466 1307/1307 6258/6258
f 466/466 6258/6258 7536/7536
f 1511/1511 6260/6260 443/443
f 1511/1511 7537/7537 6260/6260
f 2655/2655 6568/6568 1693/1693
f 2655/2655 1693/1693 2656/2656
f 3980/3980 3979/3979 2592/2592
f 3980/3980 2592/2592 4305/4305
f 6207/6207 6210/6210 6208/6208
f 1138/1138 627/627 626/626
f 5483/5483 1223/1223 16/16
f 6597/6597 1074/1074 6284/6284
f 567/567 569/569 3164/3164
f 7392/7392 3436/3436 1415/1415
f 1414/1414 7392/7392 1415/1415
f 5773/5773 6855/6855 5774/5774
f 2274/2274 6773/6773 5774/5774
f 3439/3439 7391/7391 1619/1619
f 1620/1620 1619/1619 7391/7391
f 435/435 2422/2422 360/360
f 433/433 435/435 360/360
f 1509/1509 664/664 1146/1146
f 1146/1146 664/664 2363/2363
f 2570/2570 3662/3662 3890/3890
f 2700/2700 2570/2570 3890/3890
f 1206/1206 2077/2077 3888/3888
f 3888/3888 2077/2077 2703/2703
f 3828/3828 3827/3827 3477/3477
f 3825/3825 3828/3828 6415/6415
f 1646/1646 506/506 3113/3113
f 506/506 3999/3999 2953/2953
f 7641/7641 2956/2956 560/560
f 560/560 2956/2956 3996/3996
f 7642/7642 6291/6291 6290/6290
f 4053/4053 5718/5718 5717/5717
f 230/230 2989/2989 3961/3961
f 4326/4326 230/230 7643/7643
f 3337/3337 3336/3336 7644/7644
f 3336/3336 2857/2857 5130/5130
f 1121/1121 4114/4114 3619/3619
f 1121/1121 3619/3619 3617/3617
f 3925/3925 3926/3926 5423/5423
f 5871/5871 3932/3932 3930/3930
f 1150/1150 2092/2092 2092/2092
f 6343/6343 4211/4211 6342/6342
f 4694/4694 2403/2403 6689/6689
f 4694/4694 7411/7411 6687/6687
f 6684/6684 7410/7410 4697/4697
f 1863/1863 7127/7127 7242/7242
f 2369/2369 3244/3244 2016/2016
f 2369/2369 6398/6398 2371/2371
f 2368/2368 7059/7059 2012/2012
f 2368/2368 2012/2012 6397/6397
f 6161/6161 2539/2539 3637/3637
f 2146/2146 2539/2539 6161/6161
f 5142/5142 7645/7645 3094/3094
f 3094/3094 6621/6621 5514/5514
f 3091/3091 5513/5513 6620/6620
f 5143/5143 3091/3091 7646/7646
f 1294/1294 4712/4712 7284/7284
f 7284/7284 4712/4712 3615/3615
f 7647/7647 2986/2986 1766/1766
f 1264/1264 1766/1766 1765/1765
f 3352/3352 7648/7648 2650/2650
f 2650/2650 7648/7648 2651/2651
f 3346/3346 3345/3345 7649/7649
f 3345/3345 3571/3571 7649/7649
f 461/461 460/460 4057/4057
f 6743/6743 245/245 1994/1994
f 1994/1994 245/245 457/457
f 3767/3767 944/944 945/945
f 5805/5805 944/944 3764/3764
f 3771/3771 940/940 939/939
f 5803/5803 3771/3771 939/939
f 2771/2771 5020/5020 716/716
f 717/717 2771/2771 716/716
f 2246/2246 2767/2767 775/775
f 2246/2246 5019/5019 2767/2767
f 1072/1072 1635/1635 5877/5877
f 1635/1635 748/748 5877/5877
f 1924/1924 5451/5451 5443/5443
f 5443/5443 5451/5451 7650/7650
f 6852/6852 2723/2723 5450/5450
f 1918/1918 6850/6850 5450/5450
f 44/44 3872/3872 7637/7637
f 5591/5591 3873/3873 2669/2669
f 4115/4115 4614/4614 3232/3232
f 3173/3173 4115/4115 7082/7082
f 1722/1722 4183/4183 620/620
f 1721/1721 7651/7651 1722/1722
f 5592/5592 54/54 3871/3871
f 54/54 3792/3792 3869/3869
f 1236/1236 4140/4140 1080/1080
f 7080/7080 6188/6188 2231/2231
f 1679/1679 288/288 4846/4846
f 3476/3476 288/288 1679/1679
f 4648/4648 1434/1434 1294/1294
f 1294/1294 4916/4916 4648/4648
f 3424/3424 441/441 972/972
f 441/441 3353/3353 972/972
f 465/465 668/668 2076/2076
f 2076/2076 668/668 2049/2049
f 6389/6389 6390/6390 3267/3267
f 6390/6390 6389/6389 1088/1088
f 6453/6453 6452/6452 5677/5677
f 6453/6453 1343/1343 6452/6452
f 4777/4777 2116/2116 3948/3948
f 2115/2115 2116/2116 4777/4777
f 3488/3488 4946/4946 4946/4946
f 7512/7512 3488/3488 7652/7652
f 3484/3484 4941/4941 4940/4940
f 7511/7511 4941/4941 3484/3484
f 2130/2130 2129/2129 4780/4780
f 3949/3949 2130/2130 4780/4780
f 4460/4460 4461/4461 4460/4460
f 4461/4461 2876/2876 4460/4460
f 2981/2981 593/593 5095/5095
f 5095/5095 593/593 5096/5096
f 66/66 896/896 67/67
f 3206/3206 5686/5686 3208/3208
f 1645/1645 1646/1646 5592/5592
f 3868/3868 1645/1645 3151/3151
f 5685/5685 3251/3251 3249/3249
f 3249/3249 3251/3251 3250/3250
f 58/58 59/59 901/901
f 3146/3146 3147/3147 1641/1641
f 1641/1641 5033/5033 7641/7641
f 5859/5859 3520/3520 38/38
f 3520/3520 83/83 38/38
f 5858/5858 4137/4137 3522/3522
f 3522/3522 4137/4137 23/23
f 7653/7653 3308/3308 3310/3310
f 2565/2565 5192/5192 1245/1245
f 5528/5528 4591/4591 7654/7654
f 3776/3776 4591/4591 4592/4592
f 7655/7655 7656/7656 4590/4590
f 6357/6357 6358/6358 4590/4590
f 7579/7579 5591/5591 5590/5590
f 3148/3148 44/44 4540/4540
f 3151/3151 4543/4543 53/53
f 7580/7580 4543/4543 3111/3111
f 373/373 3249/3249 1583/1583
f 3249/3249 3250/3250 1583/1583
f 1207/1207 3664/3664 1206/1206
f 6274/6274 7009/7009 1206/1206
f 3662/3662 3660/3660 1512/1512
f 3662/3662 7010/7010 6273/6273
f 3197/3197 5063/5063 3830/3830
f 3582/3582 3579/3579 3580/3580
f 3582/3582 3580/3580 5061/5061
f 7221/7221 2260/2260 5733/5733
f 2420/2420 5733/5733 5734/5734
f 2828/2828 2827/2827 7657/7657
f 5851/5851 1025/1025 1975/1975
f 1025/1025 5756/5756 1975/1975
f 1030/1030 1972/1972 5757/5757
f 5850/5850 1972/1972 1030/1030
f 1604/1604 7658/7658 1605/1605
f 2817/2817 75/75 1558/1558
f 6245/6245 5298/5298 5299/5299
f 3878/3878 6246/6246 3875/3875
f 6379/6379 6378/6378 521/521
f 3357/3357 3358/3358 2233/2233
f 2233/2233 3358/3358 5842/5842
f 3359/3359 2416/2416 3360/3360
f 2416/2416 5845/5845 3360/3360
f 197/197 6015/6015 963/963
f 959/959 145/145 960/960
f 1892/1892 7659/7659 4352/4352
f 6324/6324 1892/1892 4352/4352
f 6133/6133 1479/1479 3686/3686
f 3686/3686 4707/4707 6133/6133
f 5027/5027 2790/2790 71/71
f 5082/5082 5028/5028 2790/2790
f 5024/5024 516/516 2788/2788
f 5086/5086 2787/2787 5025/5025
f 4162/4162 6136/6136 3687/3687
f 6136/6136 1483/1483 1484/1484
f 6858/6858 3517/3517 108/108
f 3347/3347 108/108 3517/3517
f 3466/3466 6893/6893 2574/2574
f 6523/6523 2067/2067 3465/3465
f 1510/1510 1511/1511 442/442
f 4221/4221 1307/1307 466/466
f 6998/6998 7000/7000 3736/3736
f 7000/7000 7163/7163 2897/2897
f 7518/7518 4632/4632 784/784
f 4632/4632 4353/4353 784/784
f 2920/2920 4400/4400 2365/2365
f 4321/4321 4318/4318 2518/2518
f 4318/4318 4055/4055 2518/2518
f 4322/4322 2524/2524 4059/4059
f 5036/5036 2524/2524 4322/4322
f 304/304 3146/3146 1641/1641
f 3874/3874 5032/5032 304/304
f 4334/4334 4335/4335 43/43
f 43/43 4335/4335 2901/2901
f 3871/3871 354/354 5035/5035
f 354/354 1645/1645 3149/3149
f 2905/2905 2904/2904 4331/4331
f 30/30 4587/4587 5127/5127
f 6776/6776 4586/4586 5127/5127
f 3111/3111 53/53 3150/3150
f 5035/5035 53/53 54/54
f 5129/5129 4585/4585 4584/4584
f 33/33 5129/5129 4584/4584
f 3250/3250 3252/3252 6799/6799
f 1583/1583 3250/3250 6799/6799
f 5032/5032 3793/3793 5590/5590
f 3115/3115 3145/3145 4538/4538
f 6202/6202 7660/7660 4004/4004
f 4005/4005 7602/7602 7661/7661
f 4006/4006 7662/7662 6201/6201
f 7663/7663 7603/7603 4007/4007
f 4092/4092 3590/3590 7664/7664
f 532/532 5957/5957 1449/1449
f 3505/3505 5957/5957 532/532
f 5157/5157 3299/3299 5309/5309
f 1266/1266 602/602 1267/1267
f 383/383 4902/4902 4903/4903
f 6873/6873 4902/4902 488/488
f 1934/1934 6871/6871 226/226
f 1935/1935 1934/1934 226/226
f 6392/6392 2862/2862 7665/7665
f 5827/5827 2861/2861 7665/7665
f 87/87 88/88 7666/7666
f 7666/7666 88/88 5831/5831
f 2248/2248 5228/5228 4151/4151
f 1797/1797 4151/4151 4150/4150
f 4156/4156 2746/2746 2747/2747
f 4156/4156 1866/1866 4157/4157
f 7667/7667 887/887 3453/3453
f 6671/6671 5321/5321 3612/3612
f 1589/1589 4751/4751 2301/2301
f 3526/3526 1589/1589 2301/2301
f 1597/1597 2306/2306 4748/4748
f 3525/3525 2306/2306 1597/1597
f 1801/1801 5803/5803 5804/5804
f 5516/5516 939/939 5804/5804
f 1798/1798 5806/5806 5805/5805
f 5515/5515 5806/5806 944/944
f 2215/2215 2214/2214 2216/2216
f 2214/2214 5360/5360 2216/2216
f 5361/5361 292/292 1364/1364
f 1364/1364 292/292 293/293
f 5412/5412 4656/4656 7263/7263
f 618/618 179/179 7668/7668
f 5419/5419 7261/7261 4659/4659
f 7629/7629 5419/5419 64/64
f 1776/1776 4259/4259 2176/2176
f 4643/4643 2176/2176 4642/4642
f 3071/3071 7481/7481 7669/7669
f 7481/7481 7482/7482 6528/6528
f 7670/7670 7483/7483 6529/6529
f 7484/7484 7483/7483 1527/1527
f 4673/4673 3347/3347 5474/5474
f 3347/3347 3517/3517 2377/2377
f 5952/5952 5115/5115 3011/3011
f 3011/3011 3010/3010 5136/5136
f 5407/5407 5408/5408 4129/4129
f 1713/1713 4100/4100 2697/2697
f 4751/4751 3842/3842 2814/2814
f 4751/4751 2814/2814 2301/2301
f 996/996 3503/3503 3504/3504
f 996/996 3504/3504 6970/6970
f 4748/4748 2306/2306 3843/3843
f 4470/4470 335/335 7671/7671
f 4470/4470 4444/4444 335/335
f 3393/3393 4472/4472 3438/3438
f 326/326 4442/4442 4472/4472
f 1486/1486 5809/5809 7672/7672
f 7673/7673 4247/4247 1489/1489
f 5252/5252 4686/4686 4685/4685
f 1060/1060 1059/1059 4686/4686
f 359/359 5882/5882 4246/4246
f 1092/1092 7674/7674 5812/5812
f 1873/1873 3536/3536 3240/3240
f 1871/1871 1873/1873 3240/3240
f 130/130 5210/5210 131/131
f 3376/3376 2575/2575 2893/2893
f 2893/2893 2575/2575 7535/7535
f 2672/2672 3872/3872 303/303
f 5403/5403 3874/3874 304/304
f 444/444 354/354 3871/3871
f 2673/2673 444/444 3868/3868
f 4988/4988 6004/6004 535/535
f 1430/1430 584/584 4988/4988
f 6587/6587 2766/2766 7675/7675
f 214/214 3049/3049 5204/5204
f 215/215 214/214 5204/5204
f 5201/5201 1158/1158 1159/1159
f 3553/3553 1158/1158 5201/5201
f 2337/2337 6567/6567 6276/6276
f 3624/3624 368/368 6276/6276
f 6736/6736 5149/5149 3920/3920
f 3798/3798 3797/3797 1756/1756
f 3798/3798 3798/3798 932/932
f 7676/7676 2358/2358 7048/7048
f 4247/4247 2358/2358 1489/1489
f 7451/7451 7677/7677 5472/5472
f 7677/7677 5883/5883 7678/7678
f 7679/7679 3799/3799 7680/7680
f 7343/7343 5468/5468 7679/7679
f 7681/7681 7049/7049 2359/2359
f 4246/4246 5882/5882 2359/2359
f 6791/6791 5510/5510 1015/1015
f 6370/6370 5510/5510 6791/6791
f 4428/4428 77/77 6293/6293
f 4428/4428 6293/6293 1627/1627
f 4431/4431 2999/2999 91/91
f 4431/4431 1690/1690 2999/2999
f 5868/5868 5867/5867 3992/3992
f 5869/5869 5868/5868 2769/2769
f 2974/2974 5606/5606 3440/3440
f 668/668 6249/6249 2974/2974
f 1772/1772 14/14 440/440
f 3691/3691 13/13 1772/1772
f 224/224 475/475 6492/6492
f 1302/1302 475/475 224/224
f 1046/1046 3917/3917 2384/2384
f 2384/2384 7682/7682 4959/4959
f 6622/6622 4687/4687 7683/7683
f 3675/3675 7683/7683 2199/2199
f 6742/6742 1994/1994 1993/1993
f 348/348 6745/6745 2522/2522
f 4057/4057 6745/6745 348/348
f 484/484 7684/7684 7384/7384
f 2782/2782 6905/6905 484/484
f 5505/5505 5671/5671 6097/6097
f 7170/7170 5671/5671 2777/2777
f 4534/4534 3125/3125 5220/5220
f 3125/3125 1808/1808 5220/5220
f 908/908 6906/6906 2785/2785
f 5536/5536 6256/6256 908/908
f 5695/5695 4202/4202 660/660
f 1054/1054 4213/4213 6797/6797
f 5094/5094 1124/1124 7685/7685
f 5624/5624 5691/5691 2689/2689
f 1340/1340 5978/5978 1706/1706
f 1706/1706 5978/5978 1703/1703
f 3772/3772 5055/5055 3301/3301
f 5057/5057 71/71 3023/3023
f 2007/2007 1131/1131 5979/5979
f 771/771 2007/2007 5979/5979
f 873/873 2672/2672 303/303
f 4703/4703 2672/2672 2840/2840
f 5059/5059 3025/3025 516/516
f 3765/3765 3025/3025 5059/5059
f 4708/4708 868/868 2673/2673
f 868/868 444/444 5370/5370
f 848/848 152/152 3140/3140
f 151/151 152/152 848/848
f 1427/1427 5125/5125 103/103
f 4831/4831 5593/5593 7686/7686
f 5594/5594 7686/7686 5593/5593
f 2805/2805 3836/3836 3837/3837
f 6017/6017 2805/2805 6017/6017
f 3884/3884 5093/5093 7585/7585
f 4892/4892 5093/5093 3884/3884
f 7687/7687 4114/4114 1121/1121
f 4113/4113 4114/4114 7687/7687
f 2857/2857 7688/7688 5130/5130
f 2857/2857 2858/2858 7688/7688
f 6044/6044 4389/4389 4388/4388
f 4676/4676 6044/6044 7689/7689
f 1066/1066 4889/4889 3886/3886
f 3886/3886 1067/1067 1066/1066
f 6043/6043 4675/4675 6041/6041
f 6041/6041 4391/4391 4392/4392
f 898/898 299/299 5222/5222
f 299/299 3228/3228 5222/5222
f 252/252 5225/5225 3225/3225
f 899/899 5225/5225 252/252
f 6504/6504 7690/7690 5247/5247
f 73/73 5129/5129 34/34
f 7691/7691 5250/5250 5127/5127
f 6505/6505 5464/5464 7692/7692
f 4234/4234 7352/7352 1810/1810
f 5966/5966 5875/5875 2288/2288
f 7693/7693 3682/3682 1537/1537
f 7230/7230 7231/7231 1535/1535
f 1914/1914 4832/4832 6232/6232
f 5595/5595 1914/1914 6232/6232
f 3511/3511 414/414 414/414
f 5376/5376 3330/3330 6958/6958
f 258/258 3509/3509 258/258
f 3339/3339 4923/4923 5372/5372
f 3460/3460 3459/3459 2832/2832
f 684/684 5715/5715 3459/3459
f 3441/3441 125/125 127/127
f 3441/3441 127/127 6040/6040
f 19/19 3691/3691 6039/6039
f 19/19 3690/3690 3691/3691
f 914/914 3458/3458 5716/5716
f 1864/1864 5744/5744 1865/1865
f 5928/5928 2075/2075 1135/1135
f 1628/1628 5928/5928 1135/1135
f 5929/5929 1102/1102 1099/1099
f 1690/1690 1102/1102 5929/5929
f 5085/5085 945/945 515/515
f 3767/3767 945/945 5085/5085
f 3771/3771 5083/5083 940/940
f 5084/5084 70/70 940/940
f 7636/7636 6700/6700 6699/6699
f 1958/1958 7694/7694 7135/7135
f 6701/6701 6702/6702 3379/3379
f 7138/7138 1954/1954 3382/3382
f 224/224 6492/6492 225/225
f 225/225 6492/6492 4288/4288
f 4787/4787 3134/3134 4788/4788
f 4788/4788 3134/3134 1992/1992
f 3130/3130 2460/2460 3132/3132
f 7073/7073 7552/7552 3132/3132
f 2599/2599 7695/7695 5992/5992
f 2888/2888 2599/2599 5992/5992
f 2648/2648 5994/5994 7696/7696
f 2942/2942 5994/5994 2648/2648
f 4834/4834 1442/1442 4253/4253
f 1440/1440 1442/1442 4834/4834
f 6507/6507 3565/3565 2248/2248
f 6507/6507 1796/1796 1180/1180
f 2747/2747 3597/3597 6508/6508
f 1183/1183 1867/1867 6508/6508
f 3334/3334 1189/1189 4875/4875
f 1189/1189 6640/6640 728/728
f 4873/4873 1951/1951 4874/4874
f 1952/1952 1951/1951 7607/7607
f 6861/6861 6871/6871 1934/1934
f 3277/3277 247/247 247/247
f 382/382 7697/7697 382/382
f 6873/6873 5972/5972 4902/4902
f 1891/1891 3522/3522 2935/2935
f 2054/2054 2932/2932 3519/3519
f 6021/6021 5423/5423 3029/3029
f 5872/5872 5871/5871 3031/3031
f 6554/6554 2890/2890 2977/2977
f 4580/4580 2890/2890 5638/5638
f 5164/5164 5398/5398 6439/6439
f 5164/5164 6439/6439 6438/6438
f 6441/6441 5162/5162 6442/6442
f 5400/5400 5162/5162 6441/6441
f 3480/3480 3482/3482 2415/2415
f 3482/3482 647/647 2415/2415
f 3479/3479 2234/2234 4102/4102
f 3478/3478 2234/2234 3479/3479
f 3178/3178 921/921 920/920
f 6651/6651 3178/3178 920/920
f 919/919 1576/1576 6599/6599
f 7394/7394 1676/1676 1675/1675
f 4189/4189 4188/4188 1675/1675
f 7389/7389 3913/3913 7698/7698
f 1723/1723 4739/4739 7698/7698
f 2925/2925 160/160 947/947
f 3028/3028 2925/2925 5242/5242
f 137/137 2884/2884 827/827
f 827/827 5154/5154 217/217
f 5499/5499 3843/3843 4563/4563
f 6837/6837 4749/4749 5499/5499
f 6836/6836 4565/4565 4751/4751
f 4565/4565 4566/4566 3842/3842
f 7395/7395 1582/1582 1581/1581
f 4511/4511 1582/1582 5431/5431
f 2598/2598 7699/7699 7695/7695
f 2599/2599 2598/2598 7695/7695
f 2648/2648 7696/7696 2649/2649
f 2649/2649 7696/7696 7700/7700
f 2096/2096 7701/7701 6131/6131
f 7390/7390 7701/7701 2096/2096
f 5163/5163 286/286 3314/3314
f 123/123 6437/6437 2033/2033
f 123/123 2033/2033 124/124
f 2821/2821 4528/4528 450/450
f 2821/2821 5502/5502 4528/4528
f 3799/3799 7702/7702 822/822
f 822/822 2032/2032 823/823
f 859/859 861/861 3313/3313
f 7678/7678 859/859 7703/7703
f 7294/7294 2093/2093 5752/5752
f 7353/7353 7294/7294 5752/5752
f 1815/1815 5749/5749 5747/5747
f 5747/5747 5749/5749 7354/7354
f 7081/7081 1737/1737 3505/3505
f 1737/1737 6188/6188 1236/1236
f 4614/4614 6187/6187 1739/1739
f 6187/6187 4093/4093 1739/1739
f 4835/4835 2333/2333 6622/6622
f 732/732 7704/7704 3672/3672
f 2046/2046 1043/1043 3917/3917
f 3915/3915 5911/5911 2385/2385
f 4406/4406 7705/7705 1227/1227
f 4406/4406 6585/6585 472/472
f 7294/7294 262/262 2093/2093
f 262/262 2094/2094 2093/2093
f 1814/1814 541/541 1815/1815
f 1815/1815 541/541 5749/5749
f 3208/3208 3209/3209 1633/1633
f 1633/1633 3209/3209 3032/3032
f 2152/2152 7706/7706 5726/5726
f 7707/7707 1196/1196 2152/2152
f 7708/7708 2155/2155 1202/1202
f 7709/7709 2155/2155 5727/5727
f 7298/7298 1960/1960 2094/2094
f 262/262 7298/7298 2094/2094
f 1817/1817 7297/7297 1814/1814
f 1814/1814 7297/7297 541/541
f 6556/6556 7710/7710 3392/3392
f 7710/7710 4757/4757 3392/3392
f 3394/3394 4755/4755 4756/4756
f 1988/1988 4755/4755 3394/3394
f 991/991 752/752 5157/5157
f 5156/5156 393/393 753/753
f 3071/3071 293/293 7481/7481
f 1364/1364 293/293 3071/3071
f 2215/2215 2216/2216 6529/6529
f 7483/7483 2215/2215 6529/6529
f 827/827 3911/3911 1885/1885
f 1885/1885 217/217 438/438
f 5501/5501 612/612 5104/5104
f 611/611 612/612 5501/5501
f 5504/5504 5102/5102 344/344
f 1117/1117 5504/5504 344/344
f 3545/3545 3546/3546 7711/7711
f 3546/3546 6131/6131 7711/7711
f 7712/7712 4736/4736 6783/6783
f 4738/4738 7712/7712 6647/6647
f 7701/7701 7713/7713 6131/6131
f 6131/6131 7713/7713 7711/7711
f 7085/7085 279/279 5576/5576
f 278/278 279/279 7085/7085
f 6647/6647 3913/3913 755/755
f 4737/4737 6647/6647 755/755
f 339/339 7089/7089 5014/5014
f 339/339 340/340 7089/7089
f 5490/5490 1148/1148 6580/6580
f 3850/3850 6581/6581 2724/2724
f 3849/3849 6716/6716 629/629
f 469/469 2684/2684 5656/5656
f 3274/3274 6429/6429 5656/5656
f 749/749 7714/7714 3089/3089
f 5971/5971 7714/7714 6427/6427
f 365/365 7715/7715 7716/7716
f 7716/7716 7715/7715 3341/3341
f 768/768 7717/7717 3784/3784
f 7717/7717 4478/4478 3784/3784
f 2012/2012 5335/5335 7718/7718
f 1069/1069 3640/3640 5335/5335
f 2429/2429 2428/2428 5655/5655
f 5655/5655 2428/2428 3654/3654
f 1864/1864 2568/2568 3658/3658
f 857/857 5581/5581 856/856
f 6057/6057 5582/5582 7719/7719
f 1251/1251 5578/5578 1251/1251
f 5578/5578 333/333 7720/7720
f 2017/2017 7721/7721 3838/3838
f 3838/3838 5334/5334 1064/1064
f 3039/3039 1545/1545 3040/3040
f 3040/3040 1545/1545 210/210
f 213/213 4094/4094 4582/4582
f 1278/1278 213/213 4582/4582
f 5503/5503 1117/1117 1116/1116
f 5503/5503 5504/5504 1117/1117
f 5205/5205 855/855 3084/3084
f 5205/5205 5204/5204 855/855
f 6666/6666 2488/2488 2236/2236
f 842/842 5202/5202 3085/3085
f 842/842 5201/5201 5202/5202
f 1615/1615 1616/1616 611/611
f 1615/1615 611/611 5501/5501
f 7590/7590 5475/5475 548/548
f 6612/6612 5475/5475 7153/7153
f 7152/7152 5478/5478 6454/6454
f 5478/5478 7593/7593 3072/3072
f 3346/3346 7649/7649 7699/7699
f 2598/2598 3346/3346 7699/7699
f 3352/3352 7700/7700 7648/7648
f 2649/2649 7700/7700 3352/3352
f 7447/7447 6781/6781 2413/2413
f 5350/5350 4778/4778 2413/2413
f 101/101 7653/7653 2565/2565
f 7722/7722 2565/2565 4594/4594
f 1393/1393 1838/1838 5353/5353
f 5352/5352 1393/1393 6780/6780
f 4427/4427 954/954 4995/4995
f 4426/4426 954/954 4427/4427
f 4994/4994 207/207 4432/4432
f 207/207 4430/4430 4432/4432
f 1710/1710 1711/1711 5406/5406
f 1710/1710 7369/7369 1711/1711
f 3353/3353 3354/3354 2569/2569
f 972/972 3353/3353 2569/2569
f 2824/2824 465/465 2076/2076
f 7307/7307 7305/7305 1842/1842
f 1842/1842 7305/7305 1817/1817
f 1960/1960 7306/7306 1961/1961
f 7306/7306 7309/7309 1961/1961
f 6218/6218 6242/6242 4592/4592
f 6217/6217 6218/6218 4592/4592
f 6215/6215 7656/7656 6676/6676
f 6215/6215 6216/6216 7656/7656
f 2593/2593 4272/4272 4271/4271
f 2593/2593 1381/1381 4272/4272
f 1693/1693 4269/4269 4270/4270
f 1693/1693 4270/4270 1308/1308
f 1622/1622 1621/1621 3503/3503
f 5354/5354 4131/4131 2968/2968
f 3982/3982 5495/5495 6387/6387
f 5495/5495 7353/7353 6387/6387
f 1613/1613 5629/5629 1614/1614
f 7354/7354 5629/5629 1613/1613
f 1341/1341 1707/1707 6645/6645
f 1340/1340 1341/1341 2281/2281
f 770/770 6646/6646 2006/2006
f 5041/5041 6928/6928 4716/4716
f 6928/6928 5041/5041 5040/5040
f 7266/7266 4059/4059 6432/6432
f 6432/6432 2522/2522 6731/6731
f 4731/4731 2119/2119 3543/3543
f 2465/2465 2119/2119 4731/4731
f 7268/7268 6434/6434 4055/4055
f 2520/2520 6434/6434 6433/6433
f 3541/3541 2000/2000 4728/4728
f 2000/2000 2483/2483 4728/4728
f 5658/5658 5232/5232 5232/5232
f 5233/5233 1413/1413 7723/7723
f 5234/5234 3437/3437 1618/1618
f 5661/5661 5235/5235 5235/5235
f 1889/1889 23/23 579/579
f 3522/3522 23/23 1889/1889
f 6573/6573 2798/2798 4671/4671
f 4671/4671 2798/2798 4672/4672
f 4669/4669 4668/4668 6571/6571
f 3520/3520 2052/2052 83/83
f 5709/5709 5710/5710 2666/2666
f 6430/6430 5709/5709 2666/2666
f 4239/4239 6718/6718 5588/5588
f 4239/4239 4238/4238 6718/6718
f 5586/5586 6721/6721 4264/4264
f 6721/6721 4262/4262 4264/4264
f 7309/7309 7313/7313 1963/1963
f 1961/1961 7309/7309 1961/1961
f 4351/4351 1616/1616 1615/1615
f 4351/4351 3251/3251 1616/1616
f 1841/1841 7307/7307 1842/1842
f 7311/7311 7307/7307 1841/1841
f 921/921 7724/7724 7322/7322
f 7322/7322 7724/7724 2084/2084
f 5502/5502 5503/5503 1116/1116
f 5502/5502 1116/1116 3206/3206
f 7321/7321 3638/3638 7725/7725
f 7321/7321 7725/7725 919/919
f 7726/7726 4365/4365 6703/6703
f 4365/4365 754/754 1050/1050
f 1482/1482 3688/3688 1483/1483
f 233/233 3688/3688 1482/1482
f 4175/4175 1481/1481 3684/3684
f 3014/3014 4328/4328 373/373
f 4328/4328 3249/3249 373/373
f 5251/5251 2473/2473 5252/5252
f 2907/2907 5211/5211 2908/2908
f 5589/5589 5294/5294 2352/2352
f 1626/1626 952/952 5843/5843
f 1626/1626 1625/1625 952/952
f 1689/1689 5844/5844 209/209
f 209/209 1687/1687 1689/1689
f 3161/3161 3752/3752 3755/3755
f 6904/6904 3752/3752 3161/3161
f 2152/2152 1197/1197 3815/3815
f 1197/1197 4339/4339 3815/3815
f 3750/3750 3747/3747 3155/3155
f 3747/3747 6901/6901 3155/3155
f 1201/1201 3811/3811 4336/4336
f 2155/2155 3811/3811 1201/1201
f 287/287 2348/2348 6408/6408
f 6406/6406 123/123 6407/6407
f 6406/6406 2344/2344 123/123
f 6490/6490 5653/5653 7727/7727
f 7626/7626 7727/7727 5653/5653
f 5651/5651 7728/7728 7627/7627
f 5652/5652 7728/7728 5651/5651
f 5459/5459 7729/7729 1836/1836
f 2557/2557 5458/5458 1837/1837
f 2557/2557 1837/1837 7730/7730
f 6055/6055 2501/2501 1677/1677
f 6771/6771 1677/1677 7394/7394
f 6053/6053 6767/6767 7395/7395
f 6053/6053 2497/2497 6050/6050
f 5819/5819 1192/1192 1936/1936
f 5819/5819 1487/1487 1192/1192
f 5822/5822 1383/1383 1288/1288
f 5822/5822 1288/1288 1093/1093
f 3281/3281 4663/4663 6579/6579
f 6579/6579 3283/3283 925/925
f 6581/6581 5479/5479 7731/7731
f 3192/3192 4362/4362 4360/4360
f 648/648 647/647 2057/2057
f 5716/5716 3458/3458 2057/2057
f 5715/5715 538/538 3459/3459
f 923/923 7732/7732 3152/3152
f 7732/7732 2269/2269 3152/3152
f 2268/2268 5702/5702 3163/3163
f 3163/3163 5702/5702 917/917
f 5496/5496 103/103 4565/4565
f 4565/4565 7065/7065 58/58
f 6206/6206 1965/1965 6982/6982
f 89/89 4637/4637 1965/1965
f 80/80 1967/1967 4640/4640
f 1967/1967 6205/6205 6981/6981
f 4563/4563 66/66 7064/7064
f 5498/5498 4563/4563 151/151
f 3326/3326 239/239 81/81
f 3326/3326 81/81 2010/2010
f 1963/1963 7313/7313 5594/5594
f 7313/7313 7686/7686 5593/5593
f 6805/6805 6804/6804 4644/4644
f 6806/6806 1478/1478 4645/4645
f 6231/6231 7311/7311 5595/5595
f 5595/5595 7311/7311 1841/1841
f 3329/3329 4186/4186 16/16
f 3329/3329 2039/2039 4186/4186
f 4/4 7733/7733 5887/5887
f 6807/6807 4647/4647 7734/7734
f 4106/4106 1831/1831 5030/5030
f 1565/1565 1831/1831 5031/5031
f 5116/5116 159/159 6466/6466
f 157/157 159/159 5116/5116
f 3387/3387 1286/1286 7735/7735
f 3387/3387 4110/4110 1286/1286
f 4482/4482 836/836 4378/4378
f 1031/1031 836/836 4482/4482
f 4609/4609 5836/5836 2089/2089
f 1024/1024 4610/4610 480/480
f 1648/1648 656/656 6469/6469
f 1648/1648 2849/2849 4895/4895
f 1709/1709 7736/7736 6174/6174
f 1709/1709 6174/6174 7369/7369
f 2925/2925 2923/2923 555/555
f 2923/2923 6017/6017 5368/5368
f 7737/7737 4899/4899 6146/6146
f 7737/7737 6945/6945 652/652
f 1154/1154 4809/4809 6966/6966
f 1154/1154 6966/6966 7738/7738
f 5270/5270 1643/1643 7739/7739
f 1643/1643 1644/1644 7739/7739
f 7023/7023 2848/2848 1647/1647
f 4918/4918 2431/2431 6049/6049
f 4918/4918 6959/6959 2431/2431
f 2436/2436 4913/4913 4910/4910
f 2436/2436 6964/6964 4913/4913
f 2735/2735 2732/2732 6637/6637
f 4260/4260 6635/6635 2738/2738
f 4260/4260 2738/2738 2739/2739
f 1646/1646 2953/2953 3110/3110
f 5034/5034 1646/1646 3110/3110
f 5033/5033 7740/7740 7641/7641
f 7641/7641 7740/7740 2956/2956
f 2685/2685 4929/4929 3385/3385
f 4929/4929 5704/5704 3385/3385
f 3027/3027 2019/2019 477/477
f 2019/2019 3137/3137 477/477
f 2541/2541 1/1 2540/2540
f 2540/2540 1/1 3142/3142
f 508/508 7741/7741 5707/5707
f 3893/3893 7741/7741 508/508
f 7185/7185 6533/6533 3763/3763
f 2577/2577 6532/6532 3763/3763
f 674/674 3760/3760 7015/7015
f 7186/7186 3760/3760 4986/4986
f 225/225 4288/4288 221/221
f 221/221 4288/4288 3067/3067
f 591/591 4121/4121 4124/4124
f 1806/1806 591/591 4124/4124
f 6040/6040 646/646 2047/2047
f 2048/2048 6040/6040 2047/2047
f 3733/3733 6039/6039 1012/1012
f 20/20 6039/6039 3733/3733
f 7597/7597 2971/2971 7742/7742
f 2973/2973 5029/5029 1830/1830
f 933/933 5522/5522 6238/6238
f 6238/6238 7743/7743 933/933
f 5921/5921 3913/3913 7389/7389
f 6908/6908 1723/1723 7389/7389
f 6121/6121 951/951 951/951
f 4196/4196 951/951 6121/6121
f 3349/3349 4673/4673 5474/5474
f 6084/6084 6573/6573 4671/4671
f 5354/5354 5159/5159 4131/4131
f 5158/5158 4669/4669 6571/6571
f 6910/6910 7390/7390 2097/2097
f 2097/2097 7390/7390 2096/2096
f 1680/1680 3477/3477 3743/3743
f 3477/3477 4701/4701 3743/3743
f 6044/6044 5418/5418 4389/4389
f 4389/4389 2257/2257 5419/5419
f 5150/5150 6683/6683 5151/5151
f 5151/5151 4044/4044 4045/4045
f 5861/5861 5862/5862 4018/4018
f 1756/1756 5861/5861 1757/1757
f 4392/4392 7668/7668 2251/2251
f 6041/6041 4392/4392 5413/5413
f 3803/3803 969/969 970/970
f 3803/3803 970/970 5354/5354
f 3228/3228 2265/2265 5222/5222
f 5225/5225 5226/5226 3225/3225
f 3225/3225 5226/5226 2272/2272
f 4129/4129 5408/5408 5409/5409
f 4129/4129 5409/5409 2696/2696
f 3369/3369 1743/1743 1745/1745
f 3369/3369 3371/3371 1743/1743
f 364/364 4821/4821 6108/6108
f 1878/1878 364/364 6108/6108
f 1177/1177 3499/3499 3496/3496
f 1849/1849 1177/1177 3496/3496
f 3302/3302 635/635 4883/4883
f 4883/4883 635/635 4885/4885
f 4888/4888 1086/1086 4886/4886
f 1086/1086 3305/3305 4886/4886
f 3802/3802 969/969 3803/3803
f 3802/3802 1492/1492 969/969
f 7151/7151 3073/3073 7482/7482
f 7482/7482 6454/6454 7460/7460
f 3894/3894 3896/3896 7397/7397
f 7398/7398 3894/3894 7397/7397
f 7461/7461 549/549 7484/7484
f 549/549 7154/7154 7484/7484
f 1647/1647 2849/2849 656/656
f 7744/7744 6143/6143 6947/6947
f 4585/4585 185/185 3377/3377
f 185/185 186/186 3377/3377
f 1644/1644 652/652 6144/6144
f 1644/1644 6985/6985 6147/6147
f 3380/3380 228/228 4586/4586
f 227/227 228/228 3380/3380
f 6233/6233 4077/4077 4032/4032
f 1847/1847 704/704 4032/4032
f 6234/6234 4036/4036 4080/4080
f 144/144 806/806 4036/4036
f 591/591 1725/1725 4121/4121
f 1725/1725 4130/4130 4121/4121
f 5488/5488 7405/7405 3900/3900
f 632/632 7405/7405 5488/5488
f 5741/5741 7404/7404 5742/5742
f 4118/4118 1366/1366 5654/5654
f 1366/1366 1209/1209 5362/5362
f 1692/1692 2654/2654 5481/5481
f 2035/2035 5482/5482 3980/3980
f 4117/4117 5653/5653 1266/1266
f 1266/1266 3451/3451 3299/3299
f 4479/4479 2531/2531 2646/2646
f 7745/7745 4479/4479 4481/4481
f 2489/2489 7396/7396 7746/7746
f 7396/7396 4267/4267 2563/2563
f 1978/1978 4117/4117 1266/1266
f 2217/2217 5360/5360 1978/1978
f 1363/1363 1882/1882 5362/5362
f 1882/1882 1366/1366 4118/4118
f 4527/4527 7588/7588 7589/7589
f 6209/6209 1136/1136 1138/1138
f 4524/4524 7025/7025 7586/7586
f 3165/3165 6597/6597 2028/2028
f 2196/2196 510/510 4932/4932
f 4934/4934 2196/2196 3432/3432
f 6463/6463 1409/1409 6402/6402
f 2191/2191 1409/1409 5329/5329
f 2651/2651 7747/7747 3212/3212
f 7648/7648 7747/7747 2651/2651
f 3571/3571 3573/3573 7748/7748
f 7649/7649 3571/3571 7748/7748
f 4955/4955 4956/4956 2136/2136
f 4561/4561 4956/4956 4955/4955
f 6175/6175 4117/4117 4099/4099
f 4099/4099 2217/2217 1266/1266
f 4292/4292 3129/3129 3128/3128
f 6375/6375 3129/3129 6374/6374
f 2443/2443 2442/2442 698/698
f 2442/2442 2439/2439 6376/6376
f 7565/7565 6768/6768 5219/5219
f 7395/7395 6768/6768 7565/7565
f 6996/6996 4191/4191 4187/4187
f 4191/4191 7394/7394 4187/4187
f 1584/1584 231/231 320/320
f 320/320 231/231 3183/3183
f 343/343 2445/2445 1631/1631
f 7226/7226 2153/2153 5874/5874
f 7706/7706 3524/3524 5965/5965
f 7709/7709 5964/5964 3527/3527
f 7228/7228 4752/4752 2154/2154
f 3550/3550 7106/7106 5996/5996
f 890/890 3484/3484 3483/3483
f 5831/5831 6819/6819 5763/5763
f 1239/1239 5763/5763 1240/1240
f 2603/2603 7507/7507 7749/7749
f 878/878 3487/3487 3488/3488
f 5998/5998 7107/7107 3552/3552
f 5989/5989 4185/4185 2601/2601
f 4183/4183 4184/4184 2601/2601
f 5745/5745 5828/5828 5827/5827
f 4618/4618 4617/4617 5745/5745
f 133/133 5185/5185 5186/5186
f 5185/5185 133/133 4938/4938
f 5184/5184 5183/5183 156/156
f 5183/5183 4939/4939 156/156
f 1217/1217 751/751 547/547
f 547/547 751/751 546/546
f 5999/5999 5878/5878 7546/7546
f 4311/4311 5878/5878 4310/4310
f 124/124 2033/2033 550/550
f 6535/6535 1351/1351 6536/6536
f 1351/1351 3314/3314 286/286
f 280/280 7077/7077 2694/2694
f 681/681 4570/4570 7078/7078
f 7548/7548 1721/1721 6908/6908
f 1721/1721 1723/1723 6908/6908
f 1316/1316 4789/4789 278/278
f 6723/6723 1316/1316 278/278
f 1111/1111 906/906 340/340
f 340/340 906/906 6722/6722
f 2238/2238 6325/6325 2239/2239
f 1084/1084 3971/3971 1084/1084
f 2026/2026 3782/3782 1465/1465
f 6994/6994 928/928 1465/1465
f 7368/7368 31/31 609/609
f 3018/3018 31/31 470/470
f 1072/1072 6910/6910 2097/2097
f 7545/7545 6910/6910 1072/1072
f 4298/4298 4298/4298 3186/3186
f 4298/4298 4299/4299 6937/6937
f 2279/2279 1444/1444 40/40
f 2277/2277 5345/5345 40/40
f 6569/6569 3188/3188 4302/4302
f 6570/6570 5326/5326 4301/4301
f 4077/4077 26/26 28/28
f 4076/4076 26/26 4077/4077
f 4080/4080 36/36 35/35
f 4081/4081 4080/4080 35/35
f 5196/5196 1004/1004 7750/7750
f 7693/7693 5196/5196 7750/7750
f 1897/1897 1899/1899 5383/5383
f 1895/1895 1897/1897 5383/5383
f 1903/1903 1902/1902 5381/5381
f 1901/1901 5381/5381 1902/1902
f 1046/1046 3915/3915 5722/5722
f 1045/1045 3915/3915 7682/7682
f 3675/3675 3674/3674 1188/1188
f 3674/3674 4687/4687 1411/1411
f 3212/3212 7747/7747 2262/2262
f 2264/2264 3212/3212 2262/2262
f 2179/2179 3573/3573 2180/2180
f 7748/7748 3573/3573 2179/2179
f 5379/5379 7448/7448 5380/5380
f 7598/7598 7448/7448 5379/5379
f 5385/5385 5384/5384 7449/7449
f 5384/5384 5382/5382 7449/7449
f 2864/2864 250/250 2864/2864
f 2862/2862 250/250 2864/2864
f 2533/2533 87/87 633/633
f 6920/6920 2533/2533 633/633
f 3997/3997 561/561 1390/1390
f 7067/7067 7068/7068 1163/1163
f 7066/7066 1167/1167 557/557
f 2788/2788 1167/1167 7066/7066
f 7751/7751 2298/2298 938/938
f 5525/5525 1039/1039 2298/2298
f 1035/1035 1939/1939 5528/5528
f 7752/7752 3824/3824 1939/1939
f 7138/7138 1953/1953 1954/1954
f 3191/3191 1953/1953 7138/7138
f 1957/1957 3185/3185 7694/7694
f 1958/1958 1957/1957 7694/7694
f 1887/1887 439/439 3957/3957
f 3019/3019 638/638 2978/2978
f 2080/2080 2081/2081 6182/6182
f 6182/6182 2081/2081 1421/1421
f 2083/2083 7610/7610 7753/7753
f 2090/2090 5435/5435 1026/1026
f 1026/1026 2053/2053 2054/2054
f 1029/1029 1891/1891 1890/1890
f 2091/2091 1029/1029 5437/5437
f 7754/7754 1156/1156 7755/7755
f 1253/1253 5659/5659 7756/7756
f 3052/3052 7757/7757 5660/5660
f 7758/7758 7759/7759 1260/1260
f 3119/3119 164/164 6284/6284
f 4700/4700 164/164 4699/4699
f 3537/3537 5300/5300 1555/1555
f 5300/5300 4357/4357 1555/1555
f 3876/3876 1640/1640 3245/3245
f 4678/4678 1640/1640 3876/3876
f 3893/3893 3722/3722 7741/7741
f 391/391 2685/2685 3384/3384
f 2685/2685 3385/3385 3384/3384
f 676/676 6314/6314 531/531
f 4516/4516 676/676 531/531
f 1471/1471 4519/4519 6315/6315
f 4984/4984 4519/4519 1471/1471
f 270/270 3934/3934 164/164
f 3934/3934 769/769 7760/7760
f 1878/1878 4127/4127 5865/5865
f 4127/4127 3342/3342 3343/3343
f 5176/5176 333/333 2356/2356
f 333/333 5578/5578 2356/2356
f 5172/5172 2361/2361 6057/6057
f 6057/6057 7761/7761 5581/5581
f 3237/3237 7762/7762 5307/5307
f 5307/5307 1874/1874 1875/1875
f 2720/2720 2470/2470 4521/4521
f 2721/2721 2720/2720 4521/4521
f 6555/6555 6506/6506 2719/2719
f 6555/6555 3562/3562 6506/6506
f 3409/3409 6320/6320 5970/5970
f 3409/3409 1605/1605 6320/6320
f 3407/3407 1277/1277 6322/6322
f 3407/3407 6322/6322 2827/2827
f 2636/2636 5129/5129 33/33
f 7690/7690 2636/2636 33/33
f 7692/7692 30/30 2639/2639
f 2639/2639 30/30 5127/5127
f 4882/4882 4502/4502 6856/6856
f 3301/3301 4502/4502 4882/4882
f 714/714 715/715 5982/5982
f 5981/5981 714/714 5982/5982
f 4887/4887 6857/6857 6857/6857
f 515/515 4887/4887 4497/4497
f 6813/6813 773/773 5980/5980
f 5980/5980 773/773 3946/3946
f 3556/3556 1764/1764 906/906
f 1764/1764 3383/3383 906/906
f 4621/4621 2991/2991 1316/1316
f 1316/1316 2991/2991 4791/4791
f 6341/6341 4212/4212 5009/5009
f 4950/4950 1816/1816 1816/1816
f 6343/6343 4950/4950 4211/4211
f 3059/3059 4830/4830 1585/1585
f 1585/1585 4830/4830 4829/4829
f 7686/7686 7347/7347 4831/4831
f 4832/4832 7350/7350 6231/6231
f 6890/6890 1104/1104 5128/5128
f 635/635 1104/1104 4885/4885
f 1107/1107 1086/1086 4888/4888
f 5126/5126 1107/1107 4888/4888
f 3930/3930 1658/1658 948/948
f 329/329 947/947 3030/3030
f 4966/4966 4965/4965 7351/7351
f 4965/4965 3545/3545 7351/7351
f 6966/6966 6455/6455 7738/7738
f 7738/7738 6455/6455 5494/5494
f 6172/6172 6174/6174 7736/7736
f 5630/5630 6172/6172 7736/7736
f 7404/7404 7132/7132 2135/2135
f 7132/7132 7516/7516 2135/2135
f 7517/7517 7412/7412 632/632
f 632/632 7412/7412 7405/7405
f 4953/4953 4954/4954 7166/7166
f 1572/1572 4954/4954 4953/4953
f 3194/3194 4948/4948 4949/4949
f 4948/4948 7167/7167 4949/4949
f 3502/3502 1841/1841 1816/1816
f 4950/4950 3502/3502 1816/1816
f 3350/3350 1961/1961 3268/3268
f 5009/5009 1962/1962 3350/3350
f 4658/4658 179/179 4655/4655
f 4656/4656 4655/4655 6751/6751
f 2127/2127 5662/5662 3052/3052
f 2127/2127 2128/2128 1395/1395
f 1254/1254 4741/4741 4740/4740
f 1254/1254 1253/1253 5657/5657
f 4659/4659 65/65 4660/4660
f 6752/6752 4660/4660 65/65
f 7763/7763 3108/3108 2030/2030
f 2686/2686 3108/3108 4699/4699
f 5098/5098 5095/5095 2972/2972
f 5098/5098 2972/2972 6060/6060
f 7323/7323 7764/7764 2201/2201
f 6997/6997 4460/4460 2201/2201
f 2156/2156 4507/4507 6323/6323
f 6322/6322 1277/1277 6346/6346
f 6320/6320 1523/1523 1607/1607
f 2552/2552 1521/1521 4508/4508
f 5073/5073 6875/6875 6633/6633
f 5073/5073 2774/2774 6633/6633
f 5190/5190 2166/2166 3290/3290
f 5190/5190 4677/4677 2166/2166
f 6490/6490 7727/7727 7765/7765
f 5195/5195 6490/6490 7765/7765
f 6075/6075 1715/1715 7653/7653
f 5191/5191 2984/2984 3308/3308
f 5077/5077 6630/6630 6874/6874
f 2775/2775 6630/6630 5077/5077
f 4256/4256 7766/7766 5652/5652
f 5652/5652 7766/7766 7728/7728
f 4500/4500 5270/5270 7171/7171
f 5270/5270 2846/2846 2844/2844
f 5273/5273 2851/2851 2848/2848
f 4499/4499 5275/5275 7023/7023
f 4943/4943 6062/6062 5047/5047
f 4943/4943 7339/7339 6062/6062
f 3797/3797 931/931 4019/4019
f 931/931 4020/4020 4019/4019
f 6061/6061 7340/7340 4944/4944
f 5050/5050 6061/6061 4944/4944
f 3599/3599 5974/5974 1009/1009
f 1009/1009 5974/5974 1375/1375
f 7213/7213 128/128 76/76
f 76/76 128/128 129/129
f 106/106 105/105 52/52
f 105/105 7212/7212 52/52
f 92/92 5600/5600 3745/3745
f 367/367 854/854 4864/4864
f 3032/3032 4438/4438 451/451
f 3209/3209 4438/4438 3032/3032
f 4680/4680 6764/6764 7456/7456
f 4680/4680 7456/7456 7457/7457
f 4681/4681 7455/7455 7454/7454
f 4681/4681 7454/7454 6766/6766
f 1725/1725 405/405 4130/4130
f 405/405 406/406 4130/4130
f 6039/6039 1771/1771 1012/1012
f 1012/1012 1771/1771 1013/1013
f 3442/3442 3441/3441 2048/2048
f 3441/3441 6040/6040 2048/2048
f 4545/4545 5486/5486 4544/4544
f 1468/1468 7239/7239 530/530
f 676/676 1468/1468 530/530
f 782/782 2111/2111 1472/1472
f 1472/1472 2111/2111 7241/7241
f 4848/4848 1375/1375 4745/4745
f 1009/1009 1375/1375 4848/4848
f 4787/4787 3133/3133 3134/3134
f 1036/1036 3133/3133 4787/4787
f 7073/7073 3132/3132 3131/3131
f 1038/1038 7073/7073 3131/3131
f 931/931 3123/3123 4020/4020
f 3123/3123 5568/5568 4020/4020
f 4080/4080 4038/4038 36/36
f 4038/4038 307/307 36/36
f 4033/4033 28/28 418/418
f 4077/4077 28/28 4033/4033
f 3350/3350 3268/3268 4855/4855
f 4855/4855 1964/1964 4855/4855
f 3502/3502 4856/4856 5765/5765
f 4547/4547 4546/4546 634/634
f 4546/4546 7767/7767 634/634
f 1344/1344 2863/2863 7163/7163
f 5480/5480 2863/2863 5983/5983
f 499/499 2117/2117 2464/2464
f 2464/2464 2117/2117 2465/2465
f 386/386 2481/2481 1999/1999
f 2481/2481 2483/2483 1999/1999
f 2717/2717 6527/6527 7600/7600
f 2716/2716 1178/1178 982/982
f 987/987 7599/7599 1181/1181
f 2723/2723 987/987 1181/1181
f 3479/3479 4102/4102 683/683
f 4102/4102 5715/5715 683/683
f 647/647 2414/2414 5716/5716
f 3482/3482 2414/2414 647/647
f 6798/6798 6795/6795 6796/6796
f 4990/4990 6796/6796 4200/4200
f 4783/4783 4782/4782 5625/5625
f 4782/4782 2690/2690 2691/2691
f 4848/4848 4745/4745 2340/2340
f 2340/2340 1377/1377 4747/4747
f 3123/3123 2376/2376 5568/5568
f 2376/2376 5569/5569 5568/5568
f 5983/5983 5363/5363 1343/1343
f 1343/1343 5984/5984 1342/1342
f 1088/1088 2534/2534 6920/6920
f 7767/7767 1088/1088 6936/6936
f 1651/1651 7349/7349 3462/3462
f 3462/3462 7349/7349 7350/7350
f 1601/1601 3469/3469 7348/7348
f 3469/3469 7347/7347 7348/7348
f 4215/4215 7085/7085 4624/4624
f 4215/4215 5576/5576 7659/7659
f 4507/4507 5559/5559 6346/6346
f 6323/6323 4507/4507 2641/2641
f 7273/7273 2025/2025 3216/3216
f 670/670 4043/4043 7768/7768
f 5970/5970 1523/1523 5560/5560
f 6321/6321 2644/2644 4508/4508
f 4227/4227 600/600 5007/5007
f 3214/3214 2004/2004 7272/7272
f 4724/4724 3083/3083 7362/7362
f 6130/6130 3083/3083 4724/4724
f 7363/7363 3086/3086 4726/4726
f 3086/3086 6129/6129 4726/4726
f 1942/1942 1941/1941 7414/7414
f 7769/7769 1942/1942 7414/7414
f 7770/7770 7418/7418 1805/1805
f 1805/1805 7418/7418 5732/5732
f 2962/2962 3901/3901 6467/6467
f 6467/6467 489/489 2962/2962
f 4747/4747 4743/4743 3201/3201
f 3201/3201 4743/4743 1374/1374
f 4735/4735 1144/1144 689/689
f 5569/5569 4735/4735 689/689
f 1447/1447 1519/1519 275/275
f 274/274 1447/1447 275/275
f 68/68 363/363 1517/1517
f 5222/5222 2265/2265 1927/1927
f 1927/1927 2265/2265 4974/4974
f 5226/5226 1929/1929 2272/2272
f 3153/3153 2272/2272 1929/1929
f 1806/1806 4124/4124 3124/3124
f 1807/1807 1806/1806 3124/3124
f 4834/4834 4253/4253 2450/2450
f 2450/2450 4253/4253 4710/4710
f 5363/5363 6770/6770 5363/5363
f 250/250 6770/6770 5363/5363
f 6769/6769 2533/2533 5218/5218
f 5219/5219 6769/6769 6920/6920
f 4433/4433 1690/1690 4431/4431
f 4433/4433 5845/5845 1690/1690
f 4429/4429 1627/1627 5842/5842
f 4429/4429 4428/4428 1627/1627
f 191/191 2745/2745 192/192
f 717/717 716/716 2745/2745
f 2247/2247 8/8 7/7
f 2247/2247 2246/2246 775/775
f 1534/1534 311/311 310/310
f 3613/3613 1534/1534 310/310
f 4386/4386 1003/1003 331/331
f 331/331 1003/1003 332/332
f 5217/5217 2534/2534 5430/5430
f 2534/2534 2536/2536 5218/5218
f 1917/1917 1914/1914 1840/1840
f 4856/4856 1917/1917 1840/1840
f 1342/1342 5364/5364 862/862
f 5984/5984 5453/5453 1342/1342
f 2234/2234 5842/5842 7063/7063
f 2233/2233 5842/5842 2234/2234
f 2415/2415 7062/7062 5845/5845
f 2416/2416 2415/2415 5845/5845
f 665/665 4464/4464 4465/4465
f 2318/2318 4464/4464 665/665
f 7488/7488 4714/4714 3587/3587
f 4714/4714 5607/5607 3587/3587
f 3721/3721 6236/6236 3273/3273
f 3273/3273 6236/6236 1473/1473
f 3715/3715 3717/3717 6235/6235
f 3717/3717 4086/4086 6235/6235
f 578/578 4457/4457 4456/4456
f 2311/2311 578/578 4456/4456
f 3655/3655 3654/3654 215/215
f 3655/3655 215/215 953/953
f 1159/1159 3659/3659 208/208
f 1396/1396 5934/5934 2778/2778
f 1396/1396 2399/2399 7771/7771
f 2724/2724 6582/6582 6031/6031
f 4361/4361 4526/4526 6335/6335
f 1149/1149 6333/6333 4525/4525
f 1149/1149 6034/6034 7587/7587
f 1698/1698 1699/1699 2394/2394
f 1698/1698 2683/2683 2681/2681
f 6487/6487 4474/4474 7118/7118
f 4474/4474 880/880 3445/3445
f 2656/2656 1693/1693 1694/1694
f 2656/2656 1694/1694 5565/5565
f 3979/3979 1380/1380 2592/2592
f 3979/3979 3978/3978 1380/1380
f 689/689 1144/1144 4397/4397
f 1144/1144 5616/5616 4397/4397
f 2380/2380 5644/5644 2877/2877
f 6300/6300 2380/2380 2877/2877
f 7338/7338 5903/5903 3410/3410
f 3412/3412 7119/7119 3895/3895
f 1472/1472 7241/7241 3473/3473
f 3473/3473 6316/6316 4818/4818
f 1468/1468 3471/3471 7239/7239
f 3471/3471 4817/4817 6313/6313
f 2727/2727 7769/7769 5005/5005
f 7769/7769 7414/7414 4705/4705
f 6298/6298 2980/2980 2755/2755
f 2755/2755 2980/2980 5648/5648
f 4837/4837 4048/4048 4838/4838
f 4048/4048 6069/6069 4838/4838
f 4796/4796 4795/4795 6070/6070
f 1374/1374 4633/4633 5620/5620
f 4743/4743 4744/4744 1374/1374
f 7772/7772 4308/4308 7639/7639
f 7772/7772 7386/7386 3647/3647
f 7773/7773 7640/7640 4307/4307
f 7387/7387 7773/7773 3644/3644
f 5977/5977 2001/2001 3899/3899
f 387/387 5977/5977 3899/3899
f 1158/1158 4576/4576 3659/3659
f 4576/4576 4579/4579 3659/3659
f 3954/3954 5320/5320 3654/3654
f 3654/3654 5320/5320 214/214
f 3897/3897 3898/3898 5976/5976
f 5976/5976 3898/3898 2118/2118
f 2729/2729 399/399 7770/7770
f 7770/7770 399/399 7418/7418
f 6293/6293 4864/4864 3001/3001
f 2999/2999 3000/3000 6292/6292
f 6292/6292 3000/3000 5600/5600
f 4488/4488 5385/5385 3061/3061
f 7095/7095 4488/4488 3061/3061
f 1660/1660 3065/3065 7598/7598
f 7097/7097 3065/3065 1660/1660
f 3059/3059 1964/1964 4830/4830
f 3268/3268 1964/1964 4855/4855
f 6346/6346 5559/5559 7092/7092
f 4507/4507 4858/4858 2641/2641
f 3185/3185 3186/3186 4297/4297
f 7135/7135 3185/3185 4297/4297
f 5326/5326 3191/3191 4300/4300
f 4300/4300 3191/3191 7138/7138
f 4508/4508 2644/2644 4861/4861
f 1523/1523 1524/1524 5560/5560
f 1601/1601 7348/7348 7286/7286
f 1905/1905 1601/1601 7286/7286
f 3461/3461 7290/7290 7349/7349
f 1912/1912 7290/7290 1651/1651
f 6936/6936 2536/2536 7192/7192
f 2536/2536 5639/5639 5430/5430
f 5364/5364 5365/5365 862/862
f 862/862 5453/5453 5454/5454
f 3745/3745 5600/5600 5599/5599
f 854/854 5601/5601 4864/4864
f 1878/1878 3973/3973 4127/4127
f 5100/5100 3973/3973 1877/1877
f 3946/3946 375/375 2122/2122
f 773/773 375/375 3946/3946
f 2125/2125 2126/2126 5981/5981
f 562/562 5349/5349 3941/3941
f 2626/2626 2946/2946 2628/2628
f 2627/2627 2626/2626 2628/2628
f 2184/2184 1221/1221 2185/2185
f 2810/2810 1221/1221 2184/2184
f 810/810 3067/3067 5782/5782
f 221/221 3067/3067 810/810
f 258/258 7774/7774 3509/3509
f 3431/3431 7774/7774 258/258
f 3511/3511 7775/7775 414/414
f 7775/7775 3427/3427 414/414
f 509/509 7741/7741 3186/3186
f 3184/3184 509/509 3186/3186
f 4229/4229 3089/3089 6428/6428
f 6468/6468 4229/4229 2550/2550
f 5656/5656 2631/2631 5656/5656
f 7445/7445 2631/2631 7776/7776
f 810/810 5782/5782 1718/1718
f 5480/5480 5983/5983 7163/7163
f 7163/7163 5983/5983 1343/1343
f 7165/7165 1088/1088 7767/7767
f 4546/4546 7165/7165 7767/7767
f 3189/3189 787/787 3190/3190
f 3055/3055 3189/3189 3385/3385
f 5396/5396 7667/7667 6672/6672
f 5396/5396 6672/6672 422/422
f 2295/2295 2406/2406 6805/6805
f 2406/2406 7777/7777 6027/6027
f 2409/2409 6028/6028 2409/2409
f 700/700 6356/6356 6338/6338
f 414/414 6356/6356 2253/2253
f 3430/3430 3431/3431 7778/7778
f 3431/3431 258/258 2255/2255
f 4397/4397 5616/5616 6542/6542
f 5616/5616 5619/5619 6542/6542
f 5283/5283 309/309 3898/3898
f 307/307 309/309 5283/5283
f 5284/5284 3899/3899 3092/3092
f 418/418 5284/5284 3092/3092
f 620/620 6760/6760 3516/3516
f 3516/3516 6760/6760 6927/6927
f 4744/4744 6541/6541 5620/5620
f 5620/5620 6541/6541 7779/7779
f 4695/4695 5754/5754 5753/5753
f 377/377 5753/5753 5755/5755
f 5761/5761 4698/4698 5759/5759
f 5760/5760 404/404 2245/2245
f 4785/4785 1987/1987 7780/7780
f 1038/1038 3131/3131 1987/1987
f 1989/1989 1036/1036 7781/7781
f 1036/1036 1989/1989 3133/3133
f 4030/4030 4028/4028 6562/6562
f 358/358 6562/6562 1898/1898
f 6561/6561 244/244 1904/1904
f 4026/4026 4025/4025 6561/6561
f 1671/1671 7782/7782 7356/7356
f 453/453 7782/7782 1671/1671
f 5932/5932 5933/5933 1031/1031
f 5932/5932 1031/1031 4482/4482
f 7783/7783 4610/4610 1024/1024
f 546/546 7783/7783 1024/1024
f 6432/6432 348/348 2522/2522
f 1993/1993 1994/1994 2520/2520
f 2520/2520 1994/1994 6434/6434
f 3440/3440 4289/4289 125/125
f 3440/3440 125/125 3441/3441
f 2591/2591 1255/1255 7743/7743
f 2591/2591 1256/1256 6238/6238
f 7784/7784 2587/2587 5597/5597
f 5597/5597 2587/2587 2586/2586
f 2585/2585 7785/7785 5598/5598
f 2584/2584 2585/2585 5598/5598
f 3690/3690 711/711 3691/3691
f 7295/7295 7294/7294 7353/7353
f 5495/5495 5493/5493 7353/7353
f 7354/7354 5631/5631 5629/5629
f 5749/5749 5631/5631 7354/7354
f 4858/4858 4860/4860 1276/1276
f 2641/2641 4858/4858 1502/1502
f 2644/2644 1500/1500 4861/4861
f 4861/4861 1500/1500 4862/4862
f 3699/3699 5112/5112 3700/3700
f 3699/3699 7200/7200 5112/5112
f 7376/7376 7786/7786 453/453
f 453/453 7786/7786 7782/7782
f 7787/7787 7374/7374 436/436
f 7361/7361 7787/7787 436/436
f 2710/2710 4516/4516 4515/4515
f 4515/4515 2711/2711 2710/2710
f 3958/3958 2987/2987 2975/2975
f 3957/3957 1514/1514 2975/2975
f 2112/2112 4518/4518 4520/4520
f 1040/1040 1042/1042 4984/4984
f 4138/4138 47/47 663/663
f 7089/7089 47/47 1730/1730
f 4964/4964 1335/1335 7788/7788
f 1335/1335 6673/6673 4965/4965
f 2967/2967 4041/4041 2966/2966
f 2966/2966 4795/4795 4796/4796
f 4050/4050 4048/4048 4837/4837
f 2189/2189 4050/4050 3605/3605
f 4382/4382 1495/1495 4946/4946
f 1493/1493 1495/1495 4382/4382
f 5838/5838 5839/5839 824/824
f 4913/4913 5838/5838 6046/6046
f 4257/4257 4940/4940 3645/3645
f 1700/1700 4257/4257 3645/3645
f 5841/5841 5840/5840 860/860
f 5840/5840 4918/4918 6048/6048
f 3364/3364 6693/6693 7563/7563
f 7789/7789 7629/7629 6693/6693
f 6591/6591 6690/6690 618/618
f 3362/3362 7564/7564 6690/6690
f 5974/5974 4045/4045 1376/1376
f 3600/3600 1376/1376 4045/4045
f 4019/4019 4021/4021 5862/5862
f 4021/4021 6237/6237 5862/5862
f 2253/2253 4674/4674 2254/2254
f 2254/2254 3427/3427 6337/6337
f 3430/3430 4529/4529 2795/2795
f 6336/6336 3430/3430 2255/2255
f 4837/4837 4838/4838 2187/2187
f 4837/4837 2187/2187 24/24
f 4794/4794 2964/2964 4795/4795
f 4794/4794 85/85 2964/2964
f 448/448 3866/3866 3865/3865
f 7240/7240 448/448 3865/3865
f 3864/3864 45/45 7238/7238
f 3862/3862 45/45 3864/3864
f 5642/5642 7471/7471 5063/5063
f 5642/5642 5063/5063 3197/3197
f 5933/5933 504/504 190/190
f 504/504 1061/1061 190/190
f 3904/3904 5061/5061 7473/7473
f 3904/3904 3582/3582 5061/5061
f 3626/3626 3628/3628 2172/2172
f 3626/3626 3921/3921 3628/3628
f 5815/5815 2508/2508 2509/2509
f 169/169 5814/5814 170/170
f 2376/2376 2375/2375 5569/5569
f 2375/2375 4735/4735 5569/5569
f 6001/6001 7591/7591 6000/6000
f 6000/6000 5699/5699 4366/4366
f 7595/7595 3491/3491 6003/6003
f 6660/6660 5700/5700 6003/6003
f 1932/1932 6081/6081 3223/3223
f 2341/2341 4747/4747 3201/3201
f 2340/2340 4747/4747 2341/2341
f 1926/1926 3227/3227 3699/3699
f 3227/3227 6080/6080 3699/3699
f 5923/5923 3821/3821 6217/6217
f 3823/3823 5922/5922 5923/5923
f 5924/5924 5925/5925 3818/3818
f 6216/6216 3820/3820 5924/5924
f 568/568 5367/5367 6360/6360
f 5367/5367 568/568 5366/5366
f 5080/5080 6887/6887 5079/5079
f 5080/5080 5079/5079 5078/5078
f 1986/1986 7455/7455 4758/4758
f 7455/7455 7453/7453 2457/2457
f 7457/7457 2455/2455 7458/7458
f 7790/7790 4680/4680 7457/7457
f 7569/7569 3338/3338 2163/2163
f 7093/7093 4860/4860 7243/7243
f 4860/4860 5134/5134 2108/2108
f 2161/2161 3332/3332 7570/7570
f 4862/4862 2105/2105 5131/5131
f 7094/7094 1501/1501 4862/4862
f 1032/1032 813/813 4135/4135
f 4135/4135 813/813 1718/1718
f 7791/7791 7769/7769 2727/2727
f 3179/3179 7791/7791 445/445
f 7079/7079 398/398 7792/7792
f 7792/7792 2729/2729 7770/7770
f 2719/2719 3867/3867 3866/3866
f 448/448 2719/2719 3866/3866
f 3862/3862 2721/2721 45/45
f 3863/3863 2721/2721 3862/3862
f 812/812 6385/6385 813/813
f 6385/6385 1552/1552 813/813
f 6712/6712 5855/5855 3036/3036
f 3036/3036 5855/5855 1634/1634
f 338/338 2218/2218 894/894
f 4062/4062 2218/2218 338/338
f 2899/2899 2260/2260 2419/2419
f 7793/7793 1906/1906 1907/1907
f 3257/3257 1906/1906 7793/7793
f 1880/1880 5316/5316 1910/1910
f 5316/5316 1908/1908 1910/1910
f 6116/6116 6117/6117 3316/3316
f 6117/6117 6116/6116 1317/1317
f 6119/6119 1299/1299 6118/6118
f 6119/6119 6118/6118 3318/3318
f 357/357 358/358 6205/6205
f 4639/4639 357/357 6205/6205
f 6206/6206 243/243 4638/4638
f 244/244 243/243 6206/6206
f 4630/4630 1180/1180 4152/4152
f 7794/7794 4150/4150 4630/4630
f 4155/4155 1183/1183 4160/4160
f 4157/4157 7795/7795 4160/4160
f 833/833 6382/6382 405/405
f 405/405 6382/6382 199/199
f 5209/5209 2597/2597 1536/1536
f 5208/5208 2597/2597 5209/5209
f 574/574 450/450 2397/2397
f 450/450 671/671 2397/2397
f 181/181 4672/4672 388/388
f 4671/4671 4672/4672 181/181
f 6763/6763 2547/2547 4668/4668
f 192/192 6642/6642 2742/2742
f 7785/7785 192/192 5693/5693
f 6639/6639 7/7 2730/2730
f 4154/4154 7/7 7784/7784
f 1418/1418 146/146 6278/6278
f 146/146 3435/3435 6278/6278
f 6279/6279 198/198 6279/6279
f 6279/6279 198/198 6112/6112
f 7395/7395 1581/1581 6558/6558
f 6558/6558 5884/5884 822/822
f 625/625 625/625 5611/5611
f 625/625 374/374 5611/5611
f 7394/7394 7605/7605 1676/1676
f 7605/7605 859/859 5883/5883
f 5728/5728 4003/4003 6756/6756
f 7415/7415 5728/5728 6756/6756
f 7419/7419 7422/7422 5731/5731
f 5731/5731 7422/7422 1911/1911
f 6639/6639 4152/4152 7/7
f 4630/4630 4152/4152 6639/6639
f 4155/4155 4160/4160 6642/6642
f 192/192 4155/4155 6642/6642
f 1502/1502 5670/5670 2386/2386
f 5134/5134 7796/7796 2109/2109
f 1370/1370 7031/7031 3722/3722
f 2549/2549 3087/3087 1370/1370
f 5919/5919 7030/7030 5325/5325
f 391/391 3384/3384 7029/7029
f 1501/1501 1498/1498 5672/5672
f 5131/5131 2107/2107 7797/7797
f 7343/7343 7679/7679 4512/4512
f 5639/5639 5640/5640 1580/1580
f 6083/6083 2418/2418 107/107
f 5734/5734 107/107 2418/2418
f 4596/4596 4141/4141 3507/3507
f 7798/7798 4141/4141 4596/4596
f 4594/4594 2565/2565 4115/4115
f 6812/6812 4594/4594 4090/4090
f 7795/7795 662/662 3863/3863
f 6449/6449 2721/2721 3863/3863
f 2719/2719 2718/2718 3867/3867
f 3867/3867 2718/2718 7794/7794
f 970/970 1347/1347 1348/1348
f 970/970 6859/6859 1347/1347
f 7451/7451 7333/7333 7677/7677
f 5454/5454 4418/4418 5455/5455
f 2823/2823 2824/2824 2077/2077
f 2077/2077 2824/2824 2076/2076
f 3354/3354 2572/2572 2570/2570
f 2569/2569 3354/3354 2570/2570
f 7799/7799 3516/3516 6897/6897
f 6858/6858 6897/6897 3517/3517
f 4977/4977 1829/1829 4765/4765
f 4764/4764 1829/1829 2488/2488
f 6567/6567 6388/6388 368/368
f 1777/1777 4980/4980 368/368
f 707/707 5827/5827 7167/7167
f 5745/5745 5827/5827 707/707
f 7800/7800 5199/5199 3549/3549
f 7801/7801 4505/4505 187/187
f 5763/5763 3289/3289 5831/5831
f 7166/7166 5831/5831 3289/3289
f 7802/7802 7803/7803 2273/2273
f 7804/7804 5566/5566 4992/4992
f 2704/2704 2660/2660 2659/2659
f 2704/2704 4492/4492 2660/2660
f 2702/2702 2663/2663 2664/2664
f 2702/2702 2664/2664 4495/4495
f 7305/7305 4209/4209 7634/7634
f 7634/7634 4209/4209 7297/7297
f 817/817 7306/7306 7635/7635
f 7298/7298 817/817 7635/7635
f 6418/6418 589/589 570/570
f 573/573 6418/6418 570/570
f 6421/6421 317/317 318/318
f 486/486 317/317 6421/6421
f 1291/1291 6358/6358 6357/6357
f 1039/1039 1291/1291 1039/1039
f 6065/6065 5528/5528 4826/4826
f 1194/1194 5528/5528 4826/4826
f 6718/6718 6717/6717 5588/5588
f 4240/4240 7805/7805 6700/6700
f 6720/6720 6721/6721 5586/5586
f 5908/5908 4261/4261 6702/6702
f 2407/2407 5178/5178 7777/7777
f 2407/2407 3241/3241 6460/6460
f 23/23 25/25 579/579
f 579/579 25/25 2506/2506
f 4033/4033 418/418 4031/4031
f 4031/4031 418/418 1176/1176
f 6436/6436 2409/2409 5182/5182
f 4553/4553 5182/5182 2408/2408
f 994/994 2502/2502 84/84
f 83/83 994/994 84/84
f 4035/4035 1746/1746 307/307
f 4038/4038 4035/4035 307/307
f 2254/2254 6337/6337 2793/2793
f 412/412 6337/6337 5180/5180
f 7806/7806 6551/6551 639/639
f 2323/2323 7806/7806 639/639
f 455/455 7807/7807 2319/2319
f 6552/6552 7807/7807 455/455
f 5181/5181 6336/6336 430/430
f 6336/6336 2255/2255 2795/2795
f 2579/2579 1742/1742 4985/4985
f 2580/2580 2579/2579 4011/4011
f 2582/2582 4987/4987 7808/7808
f 4015/4015 4017/4017 2582/2582
f 2150/2150 3095/3095 3097/3097
f 1099/1099 3097/3097 3095/3095
f 2075/2075 5628/5628 3780/3780
f 3780/3780 5628/5628 3778/3778
f 6556/6556 327/327 4556/4556
f 6556/6556 3392/3392 327/327
f 336/336 1988/1988 586/586
f 1988/1988 336/336 4755/4755
f 3153/3153 1929/1929 1930/1930
f 2929/2929 4354/4354 725/725
f 7779/7779 6566/6566 2929/2929
f 7606/7606 6766/6766 6765/6765
f 4757/4757 7575/7575 6766/6766
f 4756/4756 4754/4754 7574/7574
f 3396/3396 7809/7809 4754/4754
f 5619/5619 5618/5618 5834/5834
f 5618/5618 1507/1507 2364/2364
f 5139/5139 3007/3007 3005/3005
f 5317/5317 7046/7046 3005/3005
f 3397/3397 5730/5730 1913/1913
f 1879/1879 1649/1649 1913/1913
f 2133/2133 4829/4829 1600/1600
f 1585/1585 4829/4829 2133/2133
f 2596/2596 3681/3681 1535/1535
f 3681/3681 7230/7230 1535/1535
f 3714/3714 2647/2647 2528/2528
f 1175/1175 1174/1174 3714/3714
f 5732/5732 7419/7419 5731/5731
f 7418/7418 7419/7419 5732/5732
f 6192/6192 7810/7810 6604/6604
f 5898/5898 5094/5094 2690/2690
f 1126/1126 3718/3718 1127/1127
f 3718/3718 2561/2561 4266/4266
f 2182/2182 322/322 2934/2934
f 4379/4379 322/322 6894/6894
f 2933/2933 7140/7140 2147/2147
f 7140/7140 4376/4376 6895/6895
f 6216/6216 5924/5924 5527/5527
f 7656/7656 6216/6216 5527/5527
f 7414/7414 1941/1941 7415/7415
f 1941/1941 5728/5728 7415/7415
f 5529/5529 6217/6217 4592/4592
f 5923/5923 6217/6217 5529/5529
f 4168/4168 6473/6473 4169/4169
f 5266/5266 802/802 1767/1767
f 218/218 801/801 802/802
f 6479/6479 1269/1269 1270/1270
f 4172/4172 1269/1269 6479/6479
f 6811/6811 4901/4901 382/382
f 382/382 4901/4901 7697/7697
f 3277/3277 7811/7811 247/247
f 7811/7811 4594/4594 247/247
f 2202/2202 2331/2331 2333/2333
f 4835/4835 2202/2202 2333/2333
f 7812/7812 2045/2045 5097/5097
f 2046/2046 5097/5097 1043/1043
f 3987/3987 3990/3990 6219/6219
f 3990/3990 3989/3989 6219/6219
f 6942/6942 3414/3414 1540/1540
f 4513/4513 3414/3414 6942/6942
f 2128/2128 5690/5690 7813/7813
f 4779/4779 4781/4781 2128/2128
f 4775/4775 4740/4740 4777/4777
f 4740/4740 5688/5688 7814/7814
f 4827/4827 1290/1290 4828/4828
f 4828/4828 1290/1290 4828/4828
f 4825/4825 4826/4826 1194/1194
f 4824/4824 4825/4825 1194/1194
f 1529/1529 1002/1002 2220/2220
f 4981/4981 1002/1002 1529/1529
f 1080/1080 7798/7798 4598/4598
f 6188/6188 6811/6811 2231/2231
f 6812/6812 4115/4115 3173/3173
f 4595/4595 6812/6812 3232/3232
f 7155/7155 4320/4320 6734/6734
f 6734/6734 4320/4320 1496/1496
f 1702/1702 6331/6331 6732/6732
f 6331/6331 7156/7156 7038/7038
f 2698/2698 6514/6514 4598/4598
f 4598/4598 4596/4596 382/382
f 247/247 4593/4593 4595/4595
f 6515/6515 4090/4090 4595/4595
f 7815/7815 662/662 7795/7795
f 4157/4157 7815/7815 7795/7795
f 2718/2718 6450/6450 7794/7794
f 7794/7794 6450/6450 4150/4150
f 1001/1001 1002/1002 7329/7329
f 1014/1014 1001/1001 2777/2777
f 1094/1094 6431/6431 6430/6430
f 1382/1382 6431/6431 1094/1094
f 6632/6632 4490/4490 4489/4489
f 5075/5075 4490/4490 6632/6632
f 6876/6876 4487/4487 1662/1662
f 5074/5074 6876/6876 4488/4488
f 2052/2052 6264/6264 3531/3531
f 1889/1889 2763/2763 6262/6262
f 4344/4344 1935/1935 7749/7749
f 4344/4344 7800/7800 1935/1935
f 489/489 4903/4903 188/188
f 488/488 7801/7801 188/188
f 5618/5618 5650/5650 1145/1145
f 6344/6344 1508/1508 1507/1507
f 5161/5161 4919/4919 2433/2433
f 7393/7393 4919/4919 5161/5161
f 7665/7665 2862/2862 2863/2863
f 4949/4949 7167/7167 2863/2863
f 4954/4954 634/634 7166/7166
f 87/87 7666/7666 634/634
f 6045/6045 5165/5165 7816/7816
f 5165/5165 2438/2438 7816/7816
f 5622/5622 1894/1894 6280/6280
f 6280/6280 725/725 727/727
f 389/389 3620/3620 3622/3622
f 1768/1768 1769/1769 3620/3620
f 2548/2548 3734/3734 5589/5589
f 490/490 5589/5589 2352/2352
f 6854/6854 1000/1000 4981/4981
f 6853/6853 6854/6854 4982/4982
f 483/483 485/485 3833/3833
f 483/483 3833/3833 4409/4409
f 3860/3860 5428/5428 2209/2209
f 3860/3860 2209/2209 2210/2210
f 2205/2205 2204/2204 3859/3859
f 5567/5567 3859/3859 2204/2204
f 3835/3835 2786/2786 4413/4413
f 907/907 2786/2786 3835/3835
f 579/579 2506/2506 3319/3319
f 3319/3319 2506/2506 2381/2381
f 994/994 3322/3322 2502/2502
f 3322/3322 2752/2752 2502/2502
f 925/925 1148/1148 6578/6578
f 1083/1083 4360/4360 2724/2724
f 629/629 4360/4360 4361/4361
f 4642/4642 7397/7397 7462/7462
f 5778/5778 4642/4642 7462/7462
f 721/721 7817/7817 420/420
f 4355/4355 721/721 420/420
f 4163/4163 4164/4164 5887/5887
f 5887/5887 4164/4164 150/150
f 5898/5898 7004/7004 5094/5094
f 5094/5094 7818/7818 1124/1124
f 5764/5764 7204/7204 7114/7114
f 7796/7796 5135/5135 1184/1184
f 137/137 138/138 7535/7535
f 7535/7535 7819/7819 1213/1213
f 5243/5243 556/556 3536/3536
f 3536/3536 160/160 3236/3236
f 5132/5132 7113/7113 7208/7208
f 7797/7797 1078/1078 5133/5133
f 6473/6473 4168/4168 1856/1856
f 1856/1856 4168/4168 6643/6643
f 4270/4270 3022/3022 6227/6227
f 4270/4270 6227/6227 2079/2079
f 7820/7820 7357/7357 1533/1533
f 5322/5322 7820/7820 1533/1533
f 7355/7355 7821/7821 2705/2705
f 2705/2705 7821/7821 7229/7229
f 5890/5890 7822/7822 4176/4176
f 1479/1479 5890/5890 4176/4176
f 6542/6542 5619/5619 7823/7823
f 5619/5619 5834/5834 7823/7823
f 3020/3020 1011/1011 6229/6229
f 3020/3020 6229/6229 3021/3021
f 3782/3782 4481/4481 2337/2337
f 7745/7745 3625/3625 3782/3782
f 2489/2489 7746/7746 4925/4925
f 4766/4766 2489/2489 4925/4925
f 6541/6541 7824/7824 7779/7779
f 7779/7779 7824/7824 6566/6566
f 1860/1860 6644/6644 7825/7825
f 6479/6479 1860/1860 7825/7825
f 2133/2133 3469/3469 2131/2131
f 2131/2131 1600/1600 1602/1602
f 1881/1881 1650/1650 1649/1649
f 1879/1879 1881/1881 3461/3461
f 523/523 1755/1755 3572/3572
f 1773/1773 3211/3211 6259/6259
f 3022/3022 3211/3211 1773/1773
f 457/457 246/246 6035/6035
f 246/246 7097/7097 6035/6035
f 7096/7096 460/460 461/461
f 7095/7095 460/460 7096/7096
f 936/936 582/582 1968/1968
f 936/936 1968/1968 4371/4371
f 1966/1966 338/338 894/894
f 1966/1966 894/894 4367/4367
f 5207/5207 4072/4072 4074/4074
f 4074/4074 332/332 5207/5207
f 3611/3611 4071/4071 4070/4070
f 3610/3610 4071/4071 6519/6519
f 1050/1050 3616/3616 5563/5563
f 1050/1050 5563/5563 4365/4365
f 7262/7262 7040/7040 2842/2842
f 1338/1338 7262/7262 2842/2842
f 1852/1852 1850/1850 1851/1851
f 1852/1852 6311/6311 6310/6310
f 6308/6308 255/255 6307/6307
f 1853/1853 3278/3278 255/255
f 749/749 3089/3089 2549/2549
f 7032/7032 3089/3089 3722/3722
f 4795/4795 997/997 6070/6070
f 6070/6070 997/997 998/998
f 4838/4838 6069/6069 528/528
f 5538/5538 1078/1078 5537/5537
f 5133/5133 1077/1077 5538/5538
f 469/469 468/468 6196/6196
f 5919/5919 3384/3384 6196/6196
f 7115/7115 7203/7203 3372/3372
f 5543/5543 912/912 1184/1184
f 1383/1383 1385/1385 6676/6676
f 1288/1288 7826/7826 1288/1288
f 2125/2125 5981/5981 3217/3217
f 7768/7768 2125/2125 7827/7827
f 3946/3946 2122/2122 3215/3215
f 3215/3215 5006/5006 5007/5007
f 1193/1193 6242/6242 1937/1937
f 1193/1193 5880/5880 7828/7828
f 5060/5060 3988/3988 1313/1313
f 1312/1312 5060/5060 1313/1313
f 5062/5062 3829/3829 3413/3413
f 1763/1763 3829/3829 5062/5062
f 4578/4578 7296/7296 2947/2947
f 1549/1549 1548/1548 7296/7296
f 610/610 3018/3018 470/470
f 5327/5327 470/470 7445/7445
f 1443/1443 5345/5345 2277/2277
f 1371/1371 6468/6468 5345/5345
f 4376/4376 480/480 2538/2538
f 4610/4610 5835/5835 5836/5836
f 5401/5401 861/861 5160/5160
f 3312/3312 861/861 5401/5401
f 4482/4482 4378/4378 3404/3404
f 3404/3404 4378/4378 4379/4379
f 2031/2031 5399/5399 823/823
f 5399/5399 5166/5166 823/823
f 854/854 771/771 5601/5601
f 3745/3745 5599/5599 1340/1340
f 2452/2452 2454/2454 3822/3822
f 2454/2454 4367/4367 3822/3822
f 3819/3819 4371/4371 2458/2458
f 2459/2459 3819/3819 2458/2458
f 1610/1610 5747/5747 7829/7829
f 1611/1611 1610/1610 7829/7829
f 1151/1151 5750/5750 1152/1152
f 1152/1152 5750/5750 5752/5752
f 5973/5973 7697/7697 4166/4166
f 6873/6873 4166/4166 5973/5973
f 3274/3274 3277/3277 6871/6871
f 6861/6861 3276/3276 3277/3277
f 2986/2986 4046/4046 6683/6683
f 2985/2985 4046/4046 2986/2986
f 6094/6094 3428/3428 5090/5090
f 5182/5182 2292/2292 3429/3429
f 5179/5179 5092/5092 3426/3426
f 5179/5179 6339/6339 2296/2296
f 10/10 2905/2905 4331/4331
f 4329/4329 10/10 4331/4331
f 5457/5457 727/727 6106/6106
f 6280/6280 6482/6482 5457/5457
f 4333/4333 4334/4334 42/42
f 42/42 4334/4334 43/43
f 518/518 3726/3726 519/519
f 1455/1455 3726/3726 518/518
f 5650/5650 5520/5520 1508/1508
f 6344/6344 5770/5770 1509/1509
f 4758/4758 79/79 463/463
f 6765/6765 7830/7830 6348/6348
f 7809/7809 6351/6351 7831/7831
f 4754/4754 459/459 7831/7831
f 7208/7208 1310/1310 5537/5537
f 5537/5537 1310/1310 7832/7832
f 2107/2107 1498/1498 7797/7797
f 7797/7797 1498/1498 1078/1078
f 7796/7796 1184/1184 2386/2386
f 2109/2109 7796/7796 2386/2386
f 2132/2132 7833/7833 1033/1033
f 3060/3060 2132/2132 1033/1033
f 7203/7203 5539/5539 7205/7205
f 5135/5135 5540/5540 7205/7205
f 5730/5730 1880/1880 1651/1651
f 1880/1880 1910/1910 1650/1650
f 2131/2131 1601/1601 3257/3257
f 3257/3257 1602/1602 1906/1906
f 332/332 2596/2596 5208/5208
f 5208/5208 2596/2596 2597/2597
f 1320/1320 1147/1147 3062/3062
f 2725/2725 1325/1325 2726/2726
f 2329/2329 6833/6833 2330/2330
f 2287/2287 3715/3715 5394/5394
f 3715/3715 6235/6235 5394/5394
f 3721/3721 5393/5393 6236/6236
f 2283/2283 5393/5393 3721/3721
f 6354/6354 3740/3740 613/613
f 7581/7581 1462/1462 5238/5238
f 1462/1462 3158/3158 5238/5238
f 5237/5237 3160/3160 7576/7576
f 5237/5237 7576/7576 2638/2638
f 3306/3306 3307/3307 3739/3739
f 5607/5607 7834/7834 2665/2665
f 3587/3587 5607/5607 7145/7145
f 7144/7144 5610/5610 3825/3825
f 7835/7835 5610/5610 7836/7836
f 4821/4821 7837/7837 1528/1528
f 7837/7837 282/282 1528/1528
f 3119/3119 269/269 2686/2686
f 5323/5323 269/269 3119/3119
f 5160/5160 7393/7393 5161/5161
f 861/861 6048/6048 5160/5160
f 7062/7062 648/648 1101/1101
f 1101/1101 648/648 5439/5439
f 7063/7063 1134/1134 536/536
f 1134/1134 537/537 536/536
f 5166/5166 5165/5165 6045/6045
f 823/823 5166/5166 6045/6045
f 6349/6349 80/80 3711/3711
f 3712/3712 3711/3711 1897/1897
f 6350/6350 3710/3710 89/89
f 7838/7838 1902/1902 3710/3710
f 7241/7241 7240/7240 4818/4818
f 7240/7240 3865/3865 4818/4818
f 4817/4817 7238/7238 7239/7239
f 3864/3864 7238/7238 4817/4817
f 4998/4998 3054/3054 6704/6704
f 5000/5000 4998/4998 6704/6704
f 2666/2666 761/761 6430/6430
f 1094/1094 6430/6430 761/761
f 7234/7234 7304/7304 869/869
f 7839/7839 7234/7234 869/869
f 7840/7840 871/871 6087/6087
f 6087/6087 871/871 872/872
f 2568/2568 3038/3038 587/587
f 587/587 3038/3038 915/915
f 5517/5517 2429/2429 1453/1453
f 4096/4096 5517/5517 1453/1453
f 4891/4891 7841/7841 5377/5377
f 5377/5377 7841/7841 7842/7842
f 6848/6848 1671/1671 2706/2706
f 454/454 1671/1671 6848/6848
f 4893/4893 5378/5378 7843/7843
f 5378/5378 4531/4531 7843/7843
f 6130/6130 4724/4724 78/78
f 77/77 6130/6130 78/78
f 91/91 93/93 6129/6129
f 6129/6129 93/93 4726/4726
f 3761/3761 1923/1923 5452/5452
f 1923/1923 1924/1924 5442/5442
f 3757/3757 6851/6851 1918/1918
f 6575/6575 7844/7844 7217/7217
f 7640/7640 7844/7844 6575/6575
f 7639/7639 2519/2519 7845/7845
f 2519/2519 7219/7219 7845/7845
f 190/190 3586/3586 5850/5850
f 190/190 5850/5850 1030/1030
f 547/547 1025/1025 5851/5851
f 3583/3583 547/547 5851/5851
f 6919/6919 6546/6546 2608/2608
f 6546/6546 6919/6919 2609/2609
f 6488/6488 3449/3449 6487/6487
f 3449/3449 6488/6488 3448/3448
f 437/437 742/742 1716/1716
f 1825/1825 437/437 1716/1716
f 7398/7398 5902/5902 3895/3895
f 3895/3895 3894/3894 7398/7398
f 7201/7201 3270/3270 3253/3253
f 7201/7201 3253/3253 7008/7008
f 3292/3292 454/454 6848/6848
f 831/831 454/454 3292/3292
f 7202/7202 7007/7007 3280/3280
f 3280/3280 3081/3081 7202/7202
f 1061/1061 2545/2545 4425/4425
f 190/190 1061/1061 4425/4425
f 6106/6106 5456/5456 2714/2714
f 6482/6482 1795/1795 6106/6106
f 4891/4891 7846/7846 7841/7841
f 6786/6786 7846/7846 4891/4891
f 5520/5520 1505/1505 6457/6457
f 1508/1508 5520/5520 6456/6456
f 3886/3886 3887/3887 7430/7430
f 3887/3887 7429/7429 7430/7430
f 7431/7431 3883/3883 7432/7432
f 7432/7432 3883/3883 3884/3884
f 4893/4893 7843/7843 7847/7847
f 6787/6787 4893/4893 7847/7847
f 3185/3185 3184/3184 4299/4299
f 3184/3184 3186/3186 4299/4299
f 7848/7848 6831/6831 7028/7028
f 7027/7027 7848/7848 7028/7028
f 7026/7026 3668/3668 7849/7849
f 7849/7849 3668/3668 1457/1457
f 3189/3189 3190/3190 4301/4301
f 4301/4301 5705/5705 3191/3191
f 5598/5598 7785/7785 7850/7850
f 7785/7785 5693/5693 7850/7850
f 2730/2730 7784/7784 5596/5596
f 5596/5596 7784/7784 5597/5597
f 1029/1029 759/759 1028/1028
f 2732/2732 759/759 1029/1029
f 2739/2739 1026/1026 712/712
f 1026/1026 1027/1027 712/712
f 2264/2264 1775/1775 165/165
f 165/165 1775/1775 166/166
f 2180/2180 6260/6260 1753/1753
f 6260/6260 114/114 1753/1753
f 3939/3939 6755/6755 7851/7851
f 3939/3939 4770/4770 837/837
f 27/27 387/387 3899/3899
f 3102/3102 387/387 27/27
f 37/37 3898/3898 3897/3897
f 3104/3104 37/37 3897/3897
f 4330/4330 253/253 5784/5784
f 5785/5785 205/205 4334/4334
f 4332/4332 5785/5785 4334/4334
f 2207/2207 6509/6509 1848/1848
f 6509/6509 692/692 1848/1848
f 1744/1744 6511/6511 2212/2212
f 1744/1744 807/807 6511/6511
f 7852/7852 4813/4813 7510/7510
f 3551/3551 7852/7852 4811/4811
f 4816/4816 7853/7853 3554/3554
f 7853/7853 877/877 4815/4815
f 7854/7854 6255/6255 6477/6477
f 6255/6255 2783/2783 1268/1268
f 4441/4441 6167/6167 2772/2772
f 4440/4440 2773/2773 2772/2772
f 7832/7832 6472/6472 7437/7437
f 7437/7437 3390/3390 2784/2784
f 4446/4446 5076/5076 6169/6169
f 4447/4447 5076/5076 6171/6171
f 1553/1553 4003/4003 5728/5728
f 1906/1906 4003/4003 1553/1553
f 254/254 4842/4842 5946/5946
f 4331/4331 4842/4842 254/254
f 206/206 5945/5945 4843/4843
f 4335/4335 206/206 4843/4843
f 2537/2537 5731/5731 1911/1911
f 1910/1910 2537/2537 1911/1911
f 2296/2296 6042/6042 102/102
f 6042/6042 102/102 7855/7855
f 6370/6370 2219/2219 5510/5510
f 6369/6369 2219/2219 6370/6370
f 1775/1775 1774/1774 166/166
f 313/313 314/314 3629/3629
f 3629/3629 314/314 5904/5904
f 1695/1695 2507/2507 5815/5815
f 1450/1450 687/687 1451/1451
f 2292/2292 60/60 6044/6044
f 6044/6044 7856/7856 61/61
f 1110/1110 3556/3556 1111/1111
f 3556/3556 906/906 1111/1111
f 4789/4789 4791/4791 4790/4790
f 1316/1316 4791/4791 4789/4789
f 1753/1753 114/114 1754/1754
f 114/114 2662/2662 1754/1754
f 1760/1760 4619/4619 1763/1763
f 3383/3383 4619/4619 1760/1760
f 3665/3665 7367/7367 685/685
f 4664/4664 1450/1450 3665/3665
f 5904/5904 4666/4666 3590/3590
f 3590/3590 4666/4666 3594/3594
f 3543/3543 2120/2120 1559/1559
f 1559/1559 2120/2120 1781/1781
f 1998/1998 2441/2441 1997/1997
f 2441/2441 3541/3541 1997/1997
f 1776/1776 2176/2176 4643/4643
f 1776/1776 4643/4643 6877/6877
f 4562/4562 1827/1827 4560/4560
f 4955/4955 1827/1827 4562/4562
f 4621/4621 2022/2022 4622/4622
f 2022/2022 1312/1312 4622/4622
f 1360/1360 175/175 4289/4289
f 5358/5358 3317/3317 5954/5954
f 5955/5955 3398/3398 3730/3730
f 5813/5813 4244/4244 5811/5811
f 5813/5813 1944/1944 4244/4244
f 884/884 5808/5808 4248/4248
f 884/884 4248/4248 1949/1949
f 956/956 4340/4340 2326/2326
f 4095/4095 956/956 2326/2326
f 5634/5634 5446/5446 7215/7215
f 7139/7139 5446/5446 2800/2800
f 1543/1543 2329/2329 4327/4327
f 4573/4573 2329/2329 1543/1543
f 5447/5447 2806/2806 5447/5447
f 7214/7214 5447/5447 5636/5636
f 4696/4696 6686/6686 4698/4698
f 4549/4549 7242/7242 5761/5761
f 2047/2047 646/646 5045/5045
f 646/646 2626/2626 5045/5045
f 5042/5042 20/20 3733/3733
f 1221/1221 20/20 5042/5042
f 7651/7651 4346/4346 620/620
f 5989/5989 2603/2603 620/620
f 4695/4695 6689/6689 4693/4693
f 6689/6689 4467/4467 5754/5754
f 4398/4398 6072/6072 3122/3122
f 4400/4400 6494/6494 4398/4398
f 315/315 4632/4632 4631/4631
f 6038/6038 3202/3202 4631/4631
f 2326/2326 6844/6844 6845/6845
f 2662/2662 2022/2022 4621/4621
f 1754/1754 2662/2662 4621/4621
f 5906/5906 4966/4966 6719/6719
f 6718/6718 5906/5906 6719/6719
f 1774/1774 3383/3383 166/166
f 166/166 3383/3383 1760/1760
f 6720/6720 5910/5910 6721/6721
f 5909/5909 5910/5910 6720/6720
f 1907/1907 1553/1553 1940/1940
f 1940/1940 1554/1554 5917/5917
f 2589/2589 4193/4193 328/328
f 4193/4193 3028/3028 328/328
f 1627/1627 3001/3001 4866/4866
f 1627/1627 4866/4866 5928/5928
f 2999/2999 5929/5929 4870/4870
f 2999/2999 4870/4870 3000/3000
f 1909/1909 1803/1803 4448/4448
f 1908/1908 1909/1909 2537/2537
f 5472/5472 4418/4418 7678/7678
f 5455/5455 1352/1352 7857/7857
f 5471/5471 3799/3799 1580/1580
f 5640/5640 7858/7858 5884/5884
f 1047/1047 1048/1048 1434/1434
f 4648/4648 1047/1047 1434/1434
f 5394/5394 3713/3713 2285/2285
f 2285/2285 3713/3713 2528/2528
f 3476/3476 3127/3127 288/288
f 3475/3475 3127/3127 3476/3476
f 5393/5393 2281/2281 3718/3718
f 2281/2281 2561/2561 3718/3718
f 6662/6662 872/872 1484/1484
f 6087/6087 872/872 6663/6663
f 6085/6085 4644/4644 7304/7304
f 4644/4644 1478/1478 869/869
f 289/289 4291/4291 4290/4290
f 289/289 4290/4290 5293/5293
f 3297/3297 3621/3621 2475/2475
f 3297/3297 2475/2475 2474/2474
f 4215/4215 5577/5577 7085/7085
f 526/526 7624/7624 1892/1892
f 2225/2225 6125/6125 2478/2478
f 2476/2476 6125/6125 2750/2750
f 1036/1036 6565/6565 4786/4786
f 4786/4786 6565/6565 7859/7859
f 6564/6564 1038/1038 4784/4784
f 3950/3950 6564/6564 4784/4784
f 2223/2223 2222/2222 6123/6123
f 2395/2395 2396/2396 6123/6123
f 5520/5520 5420/5420 1505/1505
f 1870/1870 471/471 6456/6456
f 6106/6106 2714/2714 6092/6092
f 6091/6091 1795/1795 6267/6267
f 1074/1074 1076/1076 6284/6284
f 6284/6284 1076/1076 3120/3120
f 2198/2198 6019/6019 3676/3676
f 3678/3678 4066/4066 6018/6018
f 3679/3679 6020/6020 6403/6403
f 3680/3680 2191/2191 2194/2194
f 1207/1207 5112/5112 5111/5111
f 7200/7200 5111/5111 5112/5112
f 7860/7860 4147/4147 6810/6810
f 1095/1095 6810/6810 4147/4147
f 7199/7199 971/971 113/113
f 1512/1512 113/113 971/971
f 2765/2765 1243/1243 2766/2766
f 2766/2766 1243/1243 7675/7675
f 2515/2515 4523/4523 780/780
f 2515/2515 2927/2927 4523/4523
f 4522/4522 2471/2471 6149/6149
f 4522/4522 2919/2919 2471/2471
f 6153/6153 779/779 4519/4519
f 6153/6153 6151/6151 2111/2111
f 173/173 6148/6148 531/531
f 530/530 6150/6150 4514/4514
f 7661/7661 6202/6202 500/500
f 7602/7602 6202/6202 7182/7182
f 424/424 6201/6201 7663/7663
f 6201/6201 7603/7603 7179/7179
f 2769/2769 5868/5868 4641/4641
f 2770/2770 2769/2769 1226/1226
f 6122/6122 5469/5469 5639/5639
f 5469/5469 6122/6122 1362/1362
f 5245/5245 5454/5454 5246/5246
f 5245/5245 5246/5246 4417/4417
f 3587/3587 7834/7834 1122/1122
f 7834/7834 7861/7861 1433/1433
f 818/818 7835/7835 3825/3825
f 7803/7803 7835/7835 2273/2273
f 2342/2342 2343/2343 449/449
f 449/449 2343/2343 2112/2112
f 4103/4103 4104/4104 1695/1695
f 2711/2711 4103/4103 686/686
f 2452/2452 3822/3822 1938/1938
f 893/893 2452/2452 1938/1938
f 6757/6757 1905/1905 7285/7285
f 1905/1905 7286/7286 7285/7285
f 937/937 2299/2299 2459/2459
f 2459/2459 2299/2299 3819/3819
f 2751/2751 6162/6162 5259/5259
f 2476/2476 6162/6162 2751/2751
f 7642/7642 6544/6544 6291/6291
f 4052/4052 5267/5267 6544/6544
f 5725/5725 5572/5572 5573/5573
f 4062/4062 5573/5573 2218/2218
f 1912/1912 7289/7289 7290/7290
f 7288/7288 7289/7289 1912/1912
f 1573/1573 7193/7193 2437/2437
f 1574/1574 1573/1573 2437/2437
f 2434/2434 415/415 1578/1578
f 1577/1577 2434/2434 1578/1578
f 2508/2508 455/455 2509/2509
f 2508/2508 6553/6553 455/455
f 639/639 3921/3921 1246/1246
f 639/639 6550/6550 3921/3921
f 4771/4771 4547/4547 3936/3936
f 3936/3936 4547/4547 4954/4954
f 6801/6801 3196/3196 1344/1344
f 3196/3196 4949/4949 1344/1344
f 5474/5474 2377/2377 5473/5473
f 5474/5474 3347/3347 2377/2377
f 7231/7231 7750/7750 1535/1535
f 7750/7750 1004/1004 1535/1535
f 5019/5019 7862/7862 1241/1241
f 7862/7862 3076/3076 1241/1241
f 3077/3077 7863/7863 1224/1224
f 1224/1224 7863/7863 5020/5020
f 2809/2809 6747/6747 1222/1222
f 3652/3652 5669/5669 6747/6747
f 2625/2625 6746/6746 2945/2945
f 5951/5951 3774/3774 6746/6746
f 2562/2562 3906/3906 5101/5101
f 4267/4267 3906/3906 2562/2562
f 2530/2530 5099/5099 3907/3907
f 2646/2646 2530/2530 3907/3907
f 5547/5547 2910/2910 6774/6774
f 2910/2910 5462/5462 847/847
f 1789/1789 5465/5465 2913/2913
f 2913/2913 1113/1113 5465/5465
f 4548/4548 6685/6685 4549/4549
f 4549/4549 6685/6685 7242/7242
f 6689/6689 6688/6688 4467/4467
f 6688/6688 4468/4468 4467/4467
f 4448/4448 1803/1803 4448/4448
f 1803/1803 2916/2916 2839/2839
f 6115/6115 4410/4410 5071/5071
f 5072/5072 1819/1819 651/651
f 5067/5067 655/655 4414/4414
f 655/655 4412/4412 6114/6114
f 7646/7646 3091/3091 6620/6620
f 7646/7646 6620/6620 697/697
f 7645/7645 6621/6621 3094/3094
f 7645/7645 5023/5023 6621/6621
f 1554/1554 1941/1941 5917/5917
f 5917/5917 1941/1941 2142/2142
f 6945/6945 6086/6086 3968/3968
f 4900/4900 6475/6475 6984/6984
f 4895/4895 3964/3964 6469/6469
f 4896/4896 3964/3964 7519/7519
f 7313/7313 356/356 7686/7686
f 356/356 7347/7347 7686/7686
f 7350/7350 7312/7312 6231/6231
f 6231/6231 7312/7312 7311/7311
f 1308/1308 4270/4270 2078/2078
f 1308/1308 2078/2078 1309/1309
f 1381/1381 5432/5432 1010/1010
f 1381/1381 1010/1010 4272/4272
f 3597/3597 2470/2470 6508/6508
f 3597/3597 3596/3596 2470/2470
f 3562/3562 3565/3565 6507/6507
f 3562/3562 3563/3563 3565/3565
f 3811/3811 3812/3812 899/899
f 897/897 898/898 3816/3816
f 3815/3815 897/897 3816/3816
f 3622/3622 3620/3620 3621/3621
f 3622/3622 3621/3621 3297/3297
f 3734/3734 5293/5293 5589/5589
f 3734/3734 289/289 5293/5293
f 6014/6014 2772/2772 6015/6015
f 4471/4471 4441/4441 6014/6014
f 5733/5733 975/975 5734/5734
f 5734/5734 6858/6858 107/107
f 959/959 2775/2775 6016/6016
f 4469/4469 6016/6016 4469/4469
f 5857/5857 6859/6859 1491/1491
f 970/970 6860/6860 6859/6859
f 6819/6819 6862/6862 6820/6820
f 6820/6820 5830/5830 7426/7426
f 6202/6202 4004/4004 7129/7129
f 4004/4004 6310/6310 7130/7130
f 4006/4006 6201/6201 7128/7128
f 6307/6307 4006/4006 7127/7127
f 7425/7425 5825/5825 6818/6818
f 4611/4611 5701/5701 923/923
f 5701/5701 7732/7732 923/923
f 917/917 5703/5703 4612/4612
f 5702/5702 5703/5703 917/917
f 5343/5343 1120/1120 47/47
f 7089/7089 5343/5343 47/47
f 1336/1336 1338/1338 5583/5583
f 6983/6983 2842/2842 5584/5584
f 145/145 4469/4469 2676/2676
f 145/145 2676/2676 146/146
f 6953/6953 197/197 2679/2679
f 2679/2679 197/197 198/198
f 5165/5165 821/821 2438/2438
f 821/821 1574/1574 4911/4911
f 5853/5853 4404/4404 471/471
f 1870/1870 5853/5853 1506/1506
f 701/701 4920/4920 1577/1577
f 5161/5161 2433/2433 701/701
f 898/898 5222/5222 3816/3816
f 899/899 3813/3813 5225/5225
f 3812/3812 3813/3813 899/899
f 1095/1095 3193/3193 1096/1096
f 1095/1095 6802/6802 3193/3193
f 5196/5196 5195/5195 1004/1004
f 5195/5195 7765/7765 1004/1004
f 6091/6091 2715/2715 2713/2713
f 2713/2713 6267/6267 4401/4401
f 2896/2896 1349/1349 13/13
f 711/711 2896/2896 13/13
f 2603/2603 7086/7086 621/621
f 621/621 5742/5742 5742/5742
f 4256/4256 422/422 7766/7766
f 5396/5396 422/422 4256/4256
f 7022/7022 5627/5627 5866/5866
f 5627/5627 4125/4125 3341/3341
f 5292/5292 5626/5626 768/768
f 3935/3935 5626/5626 7021/7021
f 6503/6503 6502/6502 1059/1059
f 130/130 131/131 4040/4040
f 6501/6501 130/130 4040/4040
f 5297/5297 6411/6411 7213/7213
f 5298/5298 5297/5297 75/75
f 3877/3877 3878/3878 3539/3539
f 6410/6410 3877/3877 7212/7212
f 799/799 4968/4968 157/157
f 800/800 799/799 157/157
f 6033/6033 4527/4527 6209/6209
f 6031/6031 7589/7589 6209/6209
f 7864/7864 3165/3165 4524/4524
f 6034/6034 3165/3165 7025/7025
f 6171/6171 1326/1326 6583/6583
f 5077/5077 6874/6874 6171/6171
f 2774/2774 2773/2773 7865/7865
f 2773/2773 1896/1896 1322/1322
f 1062/1062 2450/2450 1063/1063
f 1062/1062 4834/4834 2450/2450
f 3808/3808 2200/2200 6038/6038
f 1412/1412 3672/3672 2200/2200
f 3826/3826 3825/3825 1562/1562
f 3825/3825 6414/6414 5775/5775
f 4668/4668 2547/2547 490/490
f 2547/2547 2548/2548 490/490
f 388/388 2799/2799 389/389
f 4672/4672 2799/2799 388/388
f 387/387 386/386 3090/3090
f 387/387 3090/3090 5977/5977
f 498/498 3093/3093 499/499
f 498/498 5976/5976 3093/3093
f 460/460 6744/6744 4057/4057
f 6744/6744 5491/5491 4057/4057
f 6743/6743 7435/7435 6741/6741
f 6743/6743 6741/6741 245/245
f 5572/5572 512/512 514/514
f 5572/5572 514/514 1530/1530
f 397/397 1830/1830 6213/6213
f 6213/6213 7597/7597 3603/3603
f 2295/2295 6805/6805 12/12
f 7866/7866 2295/2295 6664/6664
f 3/3 6663/6663 2293/2293
f 2293/2293 6663/6663 6807/6807
f 7496/7496 4561/4561 5779/5779
f 1280/1280 2832/2832 6253/6253
f 6253/6253 2832/2832 2833/2833
f 766/766 2930/2930 5433/5433
f 7867/7867 766/766 5433/5433
f 6880/6880 723/723 6518/6518
f 723/723 5148/5148 6518/6518
f 757/757 5436/5436 5444/5444
f 7868/7868 5436/5436 757/757
f 1250/1250 6252/6252 2837/2837
f 6252/6252 2838/2838 2837/2837
f 603/603 3634/3634 5308/5308
f 3299/3299 4177/4177 3634/3634
f 7617/7617 1211/1211 1212/1212
f 1210/1210 1212/1212 4254/4254
f 2230/2230 840/840 1238/1238
f 2229/2229 840/840 2230/2230
f 4865/4865 3002/3002 3004/3004
f 4865/4865 6658/6658 3002/3002
f 4868/4868 2996/2996 6659/6659
f 4868/4868 2997/2997 2996/2996
f 3174/3174 4820/4820 1218/1218
f 4820/4820 1218/1218 7123/7123
f 4199/4199 5259/5259 5940/5940
f 1396/1396 2750/2750 2399/2399
f 5710/5710 535/535 5708/5708
f 2668/2668 5708/5708 5710/5710
f 3758/3758 3759/3759 256/256
f 3758/3758 7186/7186 6769/6769
f 7185/7185 3761/3761 6770/6770
f 177/177 3762/3762 4190/4190
f 6462/6462 1288/1288 5881/5881
f 6462/6462 5881/5881 1092/1092
f 6461/6461 1486/1486 1488/1488
f 6461/6461 1192/1192 1192/1192
f 3122/3122 690/690 4398/4398
f 690/690 3122/3122 688/688
f 2556/2556 7190/7190 2356/2356
f 2556/2556 1195/1195 2356/2356
f 2559/2559 7761/7761 6058/6058
f 2559/2559 6058/6058 1290/1290
f 7503/7503 6488/6488 4561/4561
f 7496/7496 7503/7503 4561/4561
f 4997/4997 4736/4736 7553/7553
f 3054/3054 6783/6783 6784/6784
f 5864/5864 1982/1982 1983/1983
f 5864/5864 1983/1983 5975/5975
f 5633/5633 1624/1624 3357/3357
f 5633/5633 3656/3656 1624/1624
f 3657/3657 5632/5632 1688/1688
f 1688/1688 5632/5632 3359/3359
f 4641/4641 5867/5867 3992/3992
f 5867/5867 2023/2023 3992/3992
f 2779/2779 4042/4042 7571/7571
f 4042/4042 7869/7869 7571/7571
f 7870/7870 3991/3991 3076/3076
f 7862/7862 7870/7870 3076/3076
f 3077/3077 7871/7871 7863/7863
f 3993/3993 7871/7871 3077/3077
f 7572/7572 2002/2002 2682/2682
f 7872/7872 2002/2002 7572/7572
f 7345/7345 3548/3548 5200/5200
f 3548/3548 6429/6429 5200/5200
f 7346/7346 2550/2550 6427/6427
f 4506/4506 5971/5971 4503/4503
f 5267/5267 4052/4052 582/582
f 936/936 5267/5267 582/582
f 572/572 574/574 5260/5260
f 574/574 2397/2397 5260/5260
f 2797/2797 7370/7370 1057/1057
f 7873/7873 6915/6915 5271/5271
f 6915/6915 5270/5270 7874/7874
f 4498/4498 2850/2850 6912/6912
f 6912/6912 4499/4499 7023/7023
f 1063/1063 2450/2450 4710/4710
f 1063/1063 4710/4710 692/692
f 5404/5404 4530/4530 1574/1574
f 821/821 5404/5404 1574/1574
f 5405/5405 1577/1577 7421/7421
f 701/701 1577/1577 5405/5405
f 7220/7220 6433/6433 4318/4318
f 7220/7220 2521/2521 6433/6433
f 7218/7218 6731/6731 2523/2523
f 7218/7218 4322/4322 6731/6731
f 219/219 4047/4047 4046/4046
f 7041/7041 1767/1767 4047/4047
f 157/157 6226/6226 158/158
f 6226/6226 4128/4128 158/158
f 2074/2074 3003/3003 5117/5117
f 5117/5117 3003/3003 7875/7875
f 7876/7876 2998/2998 2149/2149
f 2998/2998 1100/1100 2149/2149
f 6901/6901 7493/7493 6899/6899
f 6901/6901 6899/6899 6900/6900
f 6902/6902 6904/6904 6903/6903
f 6902/6902 7492/7492 6904/6904
f 5637/5637 7877/7877 1878/1878
f 1085/1085 1339/1339 5637/5637
f 3109/3109 6100/6100 3109/3109
f 2027/2027 2027/2027 3282/3282
f 6354/6354 104/104 3740/3740
f 6354/6354 1617/1617 104/104
f 6092/6092 623/623 6328/6328
f 6326/6326 623/623 4403/4403
f 3306/3306 1855/1855 342/342
f 3306/3306 3739/3739 1855/1855
f 3404/3404 4379/4379 2182/2182
f 2182/2182 4379/4379 5634/5634
f 5420/5420 5854/5854 472/472
f 5854/5854 4405/4405 472/472
f 4376/4376 2538/2538 2147/2147
f 5636/5636 4376/4376 2147/2147
f 3153/3153 1930/1930 112/112
f 6869/6869 3153/3153 112/112
f 4012/4012 21/21 6589/6589
f 4012/4012 7406/7406 21/21
f 4088/4088 785/785 786/786
f 4088/4088 786/786 6152/6152
f 203/203 4974/4974 6870/6870
f 1927/1927 4974/4974 203/203
f 1697/1697 2372/2372 7366/7366
f 1697/1697 1696/1696 2372/2372
f 4016/4016 7525/7525 7407/7407
f 673/673 4016/4016 6593/6593
f 5040/5040 2879/2879 4833/4833
f 2879/2879 1440/1440 4833/4833
f 4128/4128 5406/5406 4129/4129
f 6226/6226 5406/5406 4128/4128
f 2946/2946 998/998 5002/5002
f 2628/2628 2946/2946 5002/5002
f 528/528 2810/2810 529/529
f 529/529 2810/2810 2184/2184
f 1323/1323 5384/5384 4487/4487
f 6633/6633 6875/6875 4488/4488
f 4345/4345 2602/2602 3549/3549
f 2601/2601 3547/3547 4345/4345
f 6583/6583 4489/4489 5379/5379
f 6632/6632 1660/1660 6632/6632
f 188/188 4506/4506 5879/5879
f 5878/5878 2961/2961 4503/4503
f 5912/5912 1729/1729 3995/3995
f 3995/3995 1730/1730 1731/1731
f 6191/6191 6193/6193 4364/4364
f 6703/6703 6191/6191 4364/4364
f 4201/4201 6983/6983 2276/2276
f 4201/4201 5774/5774 6983/6983
f 5789/5789 2439/2439 1998/1998
f 2439/2439 2441/2441 1998/1998
f 2120/2120 6375/6375 1781/1781
f 3524/3524 7352/7352 7560/7560
f 3524/3524 501/501 7352/7352
f 4753/4753 3527/3527 7561/7561
f 4753/4753 425/425 3527/3527
f 955/955 2235/2235 956/956
f 955/955 3479/3479 2235/2235
f 1543/1543 2414/2414 3482/3482
f 1543/1543 1544/1544 2414/2414
f 1919/1919 7100/7100 7878/7878
f 1919/1919 2163/2163 7100/7100
f 4187/4187 7394/7394 4188/4188
f 4188/4188 7394/7394 1675/1675
f 1922/1922 7101/7101 2160/2160
f 1922/1922 5330/5330 7101/7101
f 889/889 6367/6367 6366/6366
f 5048/5048 6367/6367 889/889
f 7477/7477 6364/6364 6363/6363
f 5051/5051 7477/7477 6363/6363
f 7879/7879 3376/3376 2573/2573
f 3376/3376 2895/2895 6603/6603
f 7880/7880 3633/3633 1871/1871
f 3239/3239 3633/3633 1872/1872
f 1582/1582 7395/7395 5431/5431
f 3882/3882 1282/1282 6244/6244
f 1629/1629 6244/6244 1629/1629
f 4871/4871 6248/6248 1247/1247
f 2982/2982 2982/2982 6248/6248
f 2638/2638 520/520 5126/5126
f 7576/7576 520/520 2638/2638
f 1105/1105 7581/7581 5128/5128
f 1105/1105 1462/1462 7581/7581
f 1997/1997 3541/3541 4729/4729
f 3541/3541 4728/4728 4729/4729
f 4732/4732 3543/3543 1559/1559
f 4731/4731 3543/3543 4732/4732
f 56/56 1205/1205 4329/4329
f 2912/2912 5464/5464 5250/5250
f 544/544 4332/4332 4333/4333
f 544/544 4333/4333 545/545
f 6504/6504 5462/5462 6504/6504
f 2910/2910 5247/5247 5463/5463
f 7881/7881 3851/3851 3852/3852
f 7882/7882 3851/3851 7881/7881
f 7883/7883 3857/3857 3856/3856
f 7884/7884 7883/7883 3856/3856
f 4904/4904 2015/2015 6644/6644
f 2370/2370 4905/4905 4172/4172
f 4055/4055 7267/7267 5301/5301
f 7267/7267 6035/6035 5301/5301
f 4059/4059 5305/5305 7265/7265
f 7096/7096 7265/7265 5305/5305
f 5386/5386 2143/2143 5387/5387
f 5387/5387 2143/2143 4207/4207
f 4909/4909 6643/6643 4907/4907
f 2366/2366 4168/4168 4907/4907
f 5261/5261 1365/1365 5262/5262
f 1365/1365 1570/1570 5262/5262
f 6464/6464 4208/4208 1804/1804
f 2916/2916 6464/6464 5004/5004
f 1486/1486 7672/7672 7673/7673
f 5881/5881 359/359 1092/1092
f 1092/1092 359/359 7674/7674
f 7715/7715 7022/7022 3341/3341
f 3972/3972 7022/7022 5866/5866
f 7021/7021 7717/7717 768/768
f 3935/3935 7021/7021 768/768
f 2203/2203 5729/5729 950/950
f 2203/2203 5729/5729 2203/2203
f 5203/5203 1159/1159 2495/2495
f 5203/5203 2495/2495 4994/4994
f 2493/2493 215/215 5206/5206
f 2493/2493 5206/5206 4995/4995
f 4259/4259 2709/2709 2176/2176
f 6625/6625 7148/7148 4548/4548
f 402/402 7148/7148 4550/4550
f 6594/6594 4987/4987 4014/4014
f 6594/6594 4014/4014 4014/4014
f 7149/7149 379/379 4466/4466
f 4468/4468 7149/7149 6624/6624
f 49/49 51/51 4586/4586
f 228/228 49/49 4586/4586
f 4013/4013 4013/4013 6589/6589
f 4013/4013 4985/4985 6589/6589
f 372/372 7318/7318 4585/4585
f 4585/4585 7318/7318 185/185
f 6257/6257 7832/7832 7437/7437
f 5537/5537 7832/7832 6257/6257
f 5539/5539 6255/6255 7854/7854
f 912/912 5539/5539 7854/7854
f 5216/5216 6669/6669 5214/5214
f 637/637 5216/5216 5214/5214
f 342/342 1855/1855 6282/6282
f 342/342 6282/6282 343/343
f 5113/5113 5213/5213 6941/6941
f 6667/6667 5213/5213 5113/5113
f 1617/1617 6285/6285 104/104
f 1617/1617 320/320 6285/6285
f 7365/7365 5315/5315 6596/6596
f 5315/5315 2668/2668 6596/6596
f 2039/2039 2036/2036 4186/4186
f 2039/2039 2034/2034 2036/2036
f 2010/2010 81/81 1691/1691
f 2010/2010 1691/1691 3777/3777
f 3993/3993 7869/7869 7871/7871
f 7571/7571 7869/7869 3079/3079
f 3802/3802 3801/3801 1492/1492
f 1492/1492 3801/3801 747/747
f 7885/7885 3853/3853 7882/7882
f 7882/7882 3853/3853 3851/3851
f 7872/7872 7572/7572 3074/3074
f 7870/7870 7872/7872 3991/3991
f 53/53 7839/7839 7886/7886
f 7839/7839 869/869 7886/7886
f 4538/4538 2670/2670 7840/7840
f 7840/7840 2670/2670 871/871
f 7791/7791 2140/2140 7769/7769
f 1942/1942 1942/1942 7769/7769
f 7887/7887 7884/7884 3855/3855
f 7884/7884 3856/3856 3855/3855
f 775/775 1242/1242 4233/4233
f 1242/1242 772/772 4233/4233
f 6455/6455 695/695 3983/3983
f 6660/6660 6003/6003 5494/5494
f 6000/6000 4366/4366 6661/6661
f 264/264 3495/3495 6172/6172
f 7036/7036 1225/1225 717/717
f 7888/7888 1225/1225 7036/7036
f 1227/1227 6121/6121 6585/6585
f 1227/1227 6585/6585 4406/4406
f 640/640 1246/1246 5900/5900
f 2169/2169 1246/1246 3309/3309
f 2509/2509 456/456 5896/5896
f 1458/1458 6120/6120 5895/5895
f 2683/2683 3285/3285 6024/6024
f 1699/1699 2682/2682 6024/6024
f 2778/2778 5948/5948 6089/6089
f 7771/7771 5948/5948 2779/2779
f 7482/7482 7460/7460 4810/4810
f 4810/4810 7482/7482 4810/4810
f 1526/1526 7484/7484 1526/1526
f 7461/7461 7484/7484 1526/1526
f 1020/1020 4192/4192 241/241
f 4192/4192 4193/4193 1021/1021
f 7792/7792 7770/7770 1422/1422
f 5004/5004 7770/7770 1805/1805
f 5228/5228 5017/5017 2246/2246
f 5228/5228 2246/2246 4151/4151
f 716/716 5022/5022 2746/2746
f 716/716 2746/2746 4156/4156
f 7188/7188 3742/3742 4295/4295
f 4295/4295 3742/3742 1345/1345
f 3295/3295 1292/1292 1293/1293
f 7187/7187 3295/3295 1293/1293
f 1429/1429 7012/7012 3779/3779
f 2063/2063 3779/3779 7012/7012
f 2058/2058 7013/7013 3096/3096
f 3096/3096 7013/7013 650/650
f 1720/1720 577/577 5103/5103
f 903/903 3200/3200 904/904
f 644/644 643/643 2447/2447
f 1162/1162 5255/5255 1160/1160
f 7572/7572 2682/2682 2003/2003
f 2003/2003 2682/2682 6935/6935
f 6933/6933 2779/2779 2024/2024
f 2779/2779 7571/7571 2024/2024
f 4821/4821 1528/1528 6111/6111
f 6108/6108 4821/4821 6111/6111
f 1173/1173 3715/3715 2287/2287
f 2286/2286 1173/1173 2287/2287
f 3721/3721 1130/1130 2283/2283
f 2283/2283 1130/1130 2282/2282
f 7442/7442 7889/7889 1635/1635
f 3037/3037 1634/1634 7889/7889
f 820/820 3037/3037 7442/7442
f 7442/7442 3037/3037 7889/7889
f 6101/6101 6654/6654 3109/3109
f 3108/3108 3107/3107 3109/3109
f 7444/7444 1722/1722 7890/7890
f 2898/2898 7890/7890 2260/2260
f 756/756 7444/7444 2898/2898
f 7444/7444 7890/7890 2898/2898
f 1755/1755 443/443 3572/3572
f 443/443 6260/6260 3572/3572
f 5424/5424 4513/4513 5425/5425
f 5425/5425 4513/4513 6942/6942
f 6219/6219 3989/3989 5426/5426
f 3989/3989 643/643 5426/5426
f 1773/1773 6259/6259 1307/1307
f 1307/1307 6259/6259 6258/6258
f 3265/3265 3267/3267 1359/1359
f 1359/1359 3267/3267 4544/4544
f 5945/5945 206/206 1852/1852
f 7660/7660 5945/5945 7891/7891
f 255/255 254/254 5946/5946
f 7892/7892 5946/5946 7662/7662
f 2141/2141 6465/6465 7791/7791
f 7753/7753 2141/2141 7791/7791
f 6173/6173 7461/7461 6174/6174
f 6611/6611 7461/7461 6173/6173
f 7460/7460 693/693 6967/6967
f 7460/7460 6967/6967 6966/6966
f 4923/4923 3509/3509 4922/4922
f 7630/7630 3509/3509 4923/4923
f 5376/5376 6592/6592 3511/3511
f 3333/3333 3511/3511 3330/3330
f 2968/2968 2969/2969 3504/3504
f 6969/6969 3504/3504 7291/7291
f 3348/3348 2797/2797 3956/3956
f 2796/2796 7292/7292 2797/2797
f 7370/7370 5783/5783 1057/1057
f 1057/1057 5783/5783 4970/4970
f 6105/6105 2284/2284 770/770
f 2284/2284 2285/2285 770/770
f 2280/2280 1340/1340 2281/2281
f 6102/6102 1340/1340 2280/2280
f 2681/2681 2002/2002 5975/5975
f 3285/3285 5864/5864 5975/5975
f 1421/1421 7792/7792 1422/1422
f 2081/2081 7792/7792 1421/1421
f 968/968 1622/1622 3503/3503
f 1264/1264 6362/6362 7647/7647
f 1264/1264 7647/7647 1766/1766
f 3298/3298 3297/3297 2474/2474
f 2474/2474 4649/4649 3298/3298
f 288/288 4291/4291 289/289
f 3126/3126 4291/4291 288/288
f 4509/4509 182/182 4510/4510
f 2421/2421 4509/4509 2899/2899
f 5934/5934 2023/2023 4042/4042
f 2781/2781 2023/2023 5867/5867
f 4981/4981 1000/1000 4983/4983
f 4981/4981 4983/4983 1002/1002
f 1296/1296 1297/1297 3456/3456
f 1297/1297 1014/1014 3456/3456
f 1630/1630 3457/3457 7475/7475
f 1630/1630 3457/3457 1382/1382
f 1082/1082 4596/4596 3507/3507
f 1082/1082 3507/3507 1082/1082
f 2927/2927 3562/3562 6555/6555
f 2927/2927 2516/2516 3562/3562
f 2470/2470 2469/2469 2919/2919
f 2470/2470 2919/2919 4521/4521
f 1461/1461 5696/5696 660/660
f 5696/5696 5695/5695 660/660
f 1666/1666 2689/2689 6943/6943
f 2689/2689 5691/5691 6943/6943
f 2228/2228 2225/2225 3532/3532
f 4208/4208 2228/2228 7893/7893
f 7014/7014 5449/5449 616/616
f 5449/5449 5450/5450 6973/6973
f 1924/1924 6975/6975 7184/7184
f 7016/7016 619/619 5452/5452
f 2765/2765 7567/7567 1243/1243
f 4403/4403 1244/1244 2765/2765
f 4207/4207 2221/2221 2224/2224
f 2224/2224 2222/2222 2223/2223
f 5149/5149 5150/5150 3920/3920
f 2986/2986 5150/5150 5149/5149
f 14/14 1351/1351 6535/6535
f 933/933 932/932 1756/1756
f 932/932 3798/3798 1756/1756
f 1804/1804 4208/4208 4218/4218
f 4208/4208 7893/7893 1421/1421
f 3529/3529 3530/3530 4601/4601
f 117/117 4452/4452 4600/4600
f 2385/2385 1758/1758 396/396
f 4959/4959 2385/2385 7894/7894
f 6538/6538 552/552 6249/6249
f 550/550 552/552 6538/6538
f 2143/2143 4220/4220 4207/4207
f 4207/4207 2140/2140 2221/2221
f 7460/7460 1115/1115 6660/6660
f 1115/1115 694/694 693/693
f 4366/4366 6612/6612 6611/6611
f 6172/6172 846/846 7461/7461
f 2855/2855 97/97 1424/1424
f 2853/2853 97/97 2855/2855
f 3921/3921 313/313 3628/3628
f 3921/3921 6445/6445 313/313
f 2507/2507 2508/2508 5815/5815
f 2507/2507 6447/6447 2508/2508
f 7780/7780 4555/4555 4559/4559
f 4559/4559 4555/4555 7759/7759
f 4225/4225 7781/7781 4224/4224
f 4225/4225 4224/4224 7755/7755
f 6181/6181 3957/3957 4161/4161
f 2892/2892 6181/6181 2977/2977
f 6329/6329 2770/2770 7705/7705
f 2770/2770 1226/1226 1226/1226
f 2086/2086 2366/2366 6195/6195
f 2013/2013 3847/3847 5335/5335
f 3933/3933 3559/3559 3933/3933
f 3003/3003 3559/3559 7875/7875
f 4126/4126 4572/4572 4126/4126
f 4572/4572 2998/2998 7876/7876
f 5349/5349 1224/1224 7888/7888
f 7888/7888 1224/1224 1225/1225
f 2087/2087 6197/6197 2371/2371
f 2017/2017 3838/3838 3838/3838
f 1241/1241 5348/5348 772/772
f 1242/1242 1241/1241 772/772
f 7831/7831 90/90 6764/6764
f 6764/6764 90/90 7456/7456
f 6766/6766 7454/7454 79/79
f 7830/7830 7895/7895 79/79
f 6380/6380 7434/7434 3048/3048
f 3952/3952 6380/6380 3048/3048
f 7433/7433 6381/6381 3555/3555
f 3560/3560 3555/3555 6381/6381
f 1530/1530 2220/2220 4793/4793
f 4792/4792 4793/4793 2220/2220
f 7059/7059 4909/4909 6195/6195
f 7059/7059 6643/6643 4909/4909
f 7671/7671 335/335 6155/6155
f 3436/3436 7671/7671 336/336
f 6157/6157 3393/3393 3438/3438
f 327/327 3438/3438 3439/3439
f 2371/2371 4904/4904 6644/6644
f 2371/2371 6197/6197 4904/4904
f 4938/4938 6480/6480 1517/1517
f 1517/1517 6480/6480 1518/1518
f 2084/2084 7718/7718 3640/3640
f 5335/5335 3640/3640 2085/2085
f 7721/7721 7424/7424 5334/5334
f 3838/3838 2088/2088 5334/5334
f 1520/1520 1519/1519 6484/6484
f 4939/4939 1520/1520 6484/6484
f 5698/5698 59/59 643/643
f 901/901 59/59 5698/5698
f 605/605 3683/3683 7229/7229
f 7229/7229 3683/3683 7230/7230
f 896/896 5697/5697 67/67
f 5697/5697 904/904 67/67
f 6671/6671 3453/3453 5321/5321
f 3453/3453 3454/3454 5321/5321
f 7122/7122 3195/3195 3194/3194
f 7122/7122 708/708 3195/3195
f 3454/3454 720/720 5322/5322
f 5321/5321 3454/3454 5322/5322
f 3840/3840 1591/1591 1592/1592
f 6184/6184 1591/1591 3840/3840
f 6185/6185 3846/3846 1593/1593
f 3276/3276 6517/6517 6534/6534
f 3231/3231 6534/6534 4593/4593
f 3429/3429 4676/4676 6336/6336
f 3429/3429 2292/2292 4676/4676
f 86/86 4597/4597 1082/1082
f 4901/4901 4597/4597 6513/6513
f 6340/6340 4674/4674 2296/2296
f 3426/3426 6337/6337 6043/6043
f 7079/7079 4217/4217 2081/2081
f 2081/2081 1373/1373 7792/7792
f 3179/3179 7753/7753 4219/4219
f 7753/7753 7791/7791 1372/1372
f 5254/5254 4284/4284 5255/5255
f 4284/4284 4285/4285 5255/5255
f 5103/5103 4283/4283 4136/4136
f 4282/4282 4283/4283 5103/5103
f 5877/5877 748/748 2963/2963
f 748/748 2962/2962 4311/4311
f 6700/6700 7805/7805 1958/1958
f 6700/6700 1958/1958 5460/5460
f 1954/1954 5908/5908 6702/6702
f 1954/1954 6702/6702 5466/5466
f 6797/6797 7896/7896 6795/6795
f 1053/1053 4992/4992 4992/4992
f 2825/2825 4096/4096 4097/4097
f 4095/4095 4096/4096 2825/2825
f 916/916 915/915 3481/3481
f 915/915 4573/4573 3481/3481
f 7250/7250 1768/1768 2798/2798
f 491/491 490/490 2352/2352
f 7249/7249 491/491 2352/2352
f 720/720 5257/5257 7357/7357
f 5257/5257 7358/7358 7357/7357
f 7355/7355 5256/5256 605/605
f 7356/7356 5256/5256 7355/7355
f 956/956 6844/6844 4340/4340
f 517/517 6505/6505 29/29
f 6961/6961 6505/6505 7691/7691
f 2951/2951 73/73 6504/6504
f 73/73 34/34 6504/6504
f 3216/3216 3217/3217 5766/5766
f 5766/5766 5012/5012 2124/2124
f 3214/3214 5553/5553 5553/5553
f 5768/5768 2123/2123 3214/3214
f 5258/5258 7361/7361 7358/7358
f 5257/5257 5258/5258 7358/7358
f 7782/7782 1669/1669 7356/7356
f 7356/7356 1669/1669 5256/5256
f 3243/3243 1859/1859 7897/7897
f 7897/7897 1859/1859 7898/7898
f 7899/7899 5916/5916 7900/7900
f 5916/5916 2367/2367 7900/7900
f 4466/4466 379/379 6223/6223
f 379/379 7254/7254 6223/6223
f 4128/4128 2695/2695 6225/6225
f 6225/6225 2695/2695 5429/5429
f 7252/7252 402/402 6224/6224
f 6224/6224 402/402 4550/4550
f 1809/1809 202/202 5340/5340
f 202/202 1463/1463 5340/5340
f 5258/5258 7901/7901 7361/7361
f 7901/7901 7787/7787 7361/7361
f 6674/6674 820/820 3892/3892
f 6674/6674 3034/3034 6131/6131
f 6524/6524 2800/2800 6893/6893
f 2802/2802 5635/5635 4879/4879
f 4881/4881 2807/2807 2804/2804
f 2807/2807 6896/6896 6896/6896
f 2590/2590 329/329 5422/5422
f 5422/5422 329/329 3030/3030
f 3128/3128 1780/1780 4292/4292
f 2443/2443 698/698 4375/4375
f 841/841 350/350 842/842
f 350/350 6548/6548 842/842
f 855/855 6549/6549 161/161
f 855/855 161/161 163/163
f 5053/5053 1996/1996 5051/5051
f 3444/3444 1996/1996 5053/5053
f 3412/3412 5046/5046 888/888
f 5046/5046 5048/5048 888/888
f 627/627 6109/6109 5355/5355
f 1138/1138 1137/1137 627/627
f 7057/7057 7505/7505 883/883
f 7505/7505 1252/1252 883/883
f 7504/7504 2250/2250 857/857
f 7056/7056 2250/2250 7504/7504
f 4959/4959 3918/3918 2385/2385
f 4959/4959 3917/3917 3918/3918
f 3672/3672 6623/6623 2199/2199
f 3673/3673 6622/6622 2199/2199
f 1261/1261 4557/4557 3437/3437
f 5234/5234 1261/1261 3437/3437
f 5233/5233 7723/7723 1157/1157
f 7723/7723 4226/4226 1157/1157
f 1543/1543 4327/4327 1544/1544
f 1544/1544 4327/4327 2330/2330
f 1057/1057 4970/4970 4969/4969
f 4969/4969 4970/4970 1229/1229
f 7787/7787 1263/1263 7374/7374
f 1263/1263 7902/7902 7374/7374
f 5221/5221 1809/1809 5340/5340
f 5220/5220 5221/5221 964/964
f 968/968 3503/3503 5417/5417
f 174/174 968/968 5417/5417
f 2020/2020 3138/3138 6648/6648
f 1052/1052 3138/3138 2020/2020
f 2320/2320 7903/7903 7376/7376
f 7376/7376 7903/7903 7786/7786
f 743/743 5338/5338 1204/1204
f 3138/3138 5338/5338 743/743
f 5175/5175 6679/6679 3974/3974
f 7048/7048 5175/5175 3974/3974
f 4945/4945 3490/3490 4946/4946
f 3485/3485 4942/4942 4940/4940
f 5171/5171 3976/3976 6677/6677
f 7049/7049 3976/3976 5171/5171
f 4763/4763 5220/5220 964/964
f 850/850 4763/4763 964/964
f 2071/2071 3778/3778 6950/6950
f 2072/2072 3778/3778 3558/3558
f 5799/5799 100/100 2632/2632
f 2632/2632 3231/3231 3276/3276
f 6243/6243 2150/2150 2151/2151
f 2150/2150 5141/5141 2151/2151
f 3008/3008 1052/1052 2020/2020
f 984/984 4799/4799 6052/6052
f 6056/6056 4802/4802 981/981
f 5481/5481 2654/2654 2656/2656
f 2657/2657 5481/5481 2656/2656
f 718/718 2895/2895 4580/4580
f 2895/2895 5521/5521 4580/4580
f 5482/5482 3422/3422 3977/3977
f 5482/5482 3977/3977 3980/3980
f 1872/1872 5872/5872 3535/3535
f 604/604 5872/5872 1872/1872
f 2833/2833 2832/2832 2829/2829
f 2061/2061 2833/2833 2829/2829
f 2055/2055 2835/2835 2838/2838
f 6084/6084 6083/6083 107/107
f 970/970 1348/1348 4132/4132
f 4132/4132 1348/1348 5158/5158
f 5557/5557 2927/2927 785/785
f 785/785 2927/2927 2515/2515
f 2919/2919 5549/5549 1696/1696
f 2919/2919 1696/1696 2471/2471
f 1844/1844 1846/1846 2478/2478
f 2478/2478 1845/1845 2080/2080
f 2480/2480 2083/2083 2082/2082
f 1813/1813 2480/2480 3533/3533
f 3157/3157 7159/7159 7158/7158
f 7191/7191 7159/7159 3157/3157
f 7160/7160 7161/7161 3159/3159
f 7161/7161 3408/3408 3159/3159
f 7902/7902 7131/7131 7375/7375
f 7374/7374 7902/7902 7375/7375
f 5188/5188 2320/2320 7377/7377
f 7377/7377 2320/2320 7376/7376
f 344/344 4763/4763 850/850
f 345/345 344/344 850/850
f 612/612 1052/1052 2791/2791
f 2791/2791 1052/1052 3008/3008
f 988/988 5155/5155 1267/1267
f 7511/7511 3486/3486 4941/4941
f 3486/3486 3485/3485 4941/4941
f 7652/7652 3490/3490 3489/3489
f 7512/7512 7652/7652 3489/3489
f 6412/6412 1365/1365 5261/5261
f 722/722 1210/1210 5261/5261
f 1517/1517 1518/1518 5937/5937
f 5937/5937 1518/1518 5936/5936
f 5938/5938 5939/5939 1519/1519
f 6789/6789 534/534 2668/2668
f 4988/4988 535/535 764/764
f 3840/3840 1592/1592 3841/3841
f 3841/3841 1592/1592 1426/1426
f 3845/3845 848/848 1593/1593
f 3846/3846 3845/3845 1593/1593
f 5052/5052 7772/7772 3647/3647
f 5052/5052 4308/4308 7772/7772
f 4502/4502 7874/7874 6395/6395
f 4501/4501 2844/2844 371/371
f 435/435 795/795 2422/2422
f 795/795 2423/2423 2422/2422
f 2856/2856 1424/1424 271/271
f 2855/2855 1424/1424 2856/2856
f 7373/7373 7773/7773 4307/4307
f 3644/3644 7773/7773 5049/5049
f 4498/4498 154/154 2850/2850
f 4498/4498 6393/6393 4499/4499
f 7809/7809 459/459 6351/6351
f 459/459 6350/6350 6351/6351
f 6765/6765 6348/6348 463/463
f 999/999 4971/4971 1477/1477
f 4971/4971 3213/3213 1477/1477
f 5570/5570 3121/3121 6237/6237
f 3121/3121 1759/1759 6237/6237
f 1089/1089 141/141 4285/4285
f 6758/6758 120/120 4282/4282
f 4282/4282 120/120 4283/4283
f 3083/3083 1171/1171 7362/7362
f 7362/7362 1171/1171 1173/1173
f 1129/1129 3086/3086 7363/7363
f 1130/1130 1129/1129 7363/7363
f 5947/5947 4879/4879 4453/4453
f 4449/4449 4881/4881 2145/2145
f 3354/3354 6537/6537 2571/2571
f 2571/2571 6408/6408 6409/6409
f 2822/2822 6539/6539 464/464
f 6406/6406 6407/6407 2822/2822
f 7375/7375 7131/7131 2323/2323
f 7131/7131 1006/1006 2323/2323
f 2319/2319 5188/5188 7377/7377
f 5106/5106 5188/5188 2319/2319
f 48/48 395/395 2362/2362
f 48/48 3618/3618 395/395
f 7136/7136 4297/4297 6416/6416
f 7694/7694 4299/4299 7136/7136
f 7236/7236 4302/4302 4300/4300
f 4300/4300 7138/7138 7138/7138
f 524/524 523/523 2600/2600
f 523/523 3572/3572 2600/2600
f 6277/6277 3575/3575 580/580
f 2762/2762 803/803 805/805
f 3022/3022 2651/2651 3211/3211
f 1119/1119 2651/2651 3022/3022
f 3751/3751 3750/3750 3154/3154
f 3751/3751 3154/3154 5239/5239
f 3162/3162 3755/3755 3756/3756
f 3162/3162 3756/3756 5236/5236
f 3529/3529 4601/4601 594/594
f 993/993 992/992 3203/3203
f 2904/2904 6836/6836 4750/4750
f 2904/2904 4750/4750 1588/1588
f 4844/4844 1595/1595 4748/4748
f 4844/4844 4748/4748 6837/6837
f 7220/7220 6577/6577 2521/2521
f 2519/2519 2521/2521 6577/6577
f 2523/2523 6575/6575 6576/6576
f 7218/7218 2523/2523 6576/6576
f 6552/6552 5107/5107 5106/5106
f 6553/6553 5107/5107 6552/6552
f 1006/1006 1008/1008 6551/6551
f 1008/1008 6550/6550 6551/6551
f 3555/3555 3554/3554 7433/7433
f 7433/7433 3554/3554 4814/4814
f 7434/7434 4812/4812 3551/3551
f 3048/3048 7434/7434 3551/3551
f 158/158 1215/1215 3861/3861
f 3861/3861 1215/1215 1216/1216
f 3713/3713 1175/1175 3714/3714
f 6235/6235 1175/1175 3713/3713
f 5329/5329 3017/3017 610/610
f 1409/1409 609/609 788/788
f 6236/6236 3719/3719 1126/1126
f 3719/3719 3718/3718 1126/1126
f 7185/7185 3763/3763 3762/3762
f 22/22 3762/3762 177/177
f 3759/3759 673/673 256/256
f 7186/7186 3759/3759 7014/7014
f 7364/7364 6616/6616 6445/6445
f 3598/3598 7364/7364 6445/6445
f 510/510 1443/1443 2277/2277
f 6447/6447 929/929 5110/5110
f 6614/6614 929/929 6447/6447
f 7083/7083 6010/6010 7330/7330
f 7083/7083 4265/4265 6010/6010
f 6011/6011 6013/6013 2645/2645
f 6013/6013 6011/6011 7331/7331
f 2532/2532 5341/5341 87/87
f 257/257 6593/6593 87/87
f 6553/6553 5109/5109 5107/5107
f 6448/6448 5109/5109 6553/6553
f 3919/3919 6446/6446 6550/6550
f 1008/1008 3919/3919 6550/6550
f 2861/2861 5342/5342 249/249
f 2861/2861 7904/7904 2862/2862
f 3140/3140 3739/3739 3307/3307
f 3141/3141 3140/3140 3307/3307
f 7646/7646 697/697 183/183
f 7409/7409 5857/5857 1634/1634
f 5855/5855 5856/5856 1634/1634
f 3929/3929 613/613 5125/5125
f 5125/5125 613/613 3740/3740
f 7645/7645 713/713 5023/5023
f 5023/5023 713/713 4194/4194
f 3919/3919 3598/3598 6446/6446
f 3598/3598 6445/6445 6446/6446
f 6448/6448 5110/5110 5109/5109
f 6447/6447 5110/5110 6448/6448
f 7898/7898 5914/5914 2782/2782
f 1859/1859 5914/5914 7898/7898
f 7821/7821 605/605 7229/7229
f 7355/7355 605/605 7821/7821
f 720/720 7357/7357 7820/7820
f 5322/5322 720/720 7820/7820
f 5302/5302 5302/5302 7098/7098
f 5302/5302 7097/7097 7098/7098
f 5306/5306 3064/3064 5306/5306
f 5306/5306 3064/3064 7095/7095
f 5915/5915 5916/5916 7899/7899
f 2785/2785 5915/5915 7899/7899
f 2438/2438 2436/2436 4910/4910
f 4919/4919 6049/6049 4920/4920
f 6049/6049 2431/2431 2433/2433
f 1904/1904 6206/6206 6982/6982
f 1902/1902 1904/1904 3709/3709
f 1897/1897 7905/7905 1898/1898
f 6205/6205 1898/1898 6981/6981
f 6345/6345 1258/1258 4812/4812
f 4812/4812 1258/1258 1259/1259
f 4814/4814 1417/1417 1416/1416
f 5231/5231 4814/4814 1416/1416
f 4847/4847 6615/6615 6616/6616
f 7364/7364 4847/4847 6616/6616
f 6613/6613 930/930 6614/6614
f 6614/6614 930/930 929/929
f 3410/3410 2708/2708 4930/4930
f 2707/2707 2708/2708 3410/3410
f 2743/2743 56/56 4329/4329
f 2743/2743 4329/4329 5938/5938
f 3814/3814 4005/4005 7182/7182
f 4005/4005 7661/7661 7182/7182
f 7230/7230 3682/3682 7231/7231
f 3683/3683 3682/3682 7230/7230
f 2178/2178 5937/5937 4332/4332
f 2178/2178 4332/4332 544/544
f 2618/2618 2313/2313 2315/2315
f 2621/2621 2313/2313 2618/2618
f 2614/2614 2610/2610 2307/2307
f 2610/2610 2308/2308 2307/2307
f 3702/3702 7906/7906 7244/7244
f 3703/3703 7906/7906 3702/3702
f 5673/5673 7907/7907 3705/3705
f 7907/7907 3706/3706 3705/3705
f 7180/7180 4007/4007 3810/3810
f 7663/7663 4007/4007 7180/7180
f 3682/3682 7693/7693 7231/7231
f 7231/7231 7693/7693 7750/7750
f 1211/1211 1210/1210 722/722
f 721/721 1211/1211 722/722
f 6613/6613 4105/4105 930/930
f 6697/6697 4105/4105 6613/6613
f 7450/7450 7908/7908 4715/4715
f 7450/7450 1882/1882 6528/6528
f 4847/4847 7124/7124 6615/6615
f 7124/7124 6696/6696 6615/6615
f 1731/1731 7090/7090 663/663
f 7909/7909 663/663 6921/6921
f 6747/6747 18/18 1222/1222
f 1222/1222 18/18 20/20
f 6819/6819 6820/6820 1240/1240
f 6819/6819 1240/1240 3288/3288
f 646/646 645/645 2625/2625
f 645/645 6746/6746 2625/2625
f 5169/5169 1636/1636 1637/1637
f 5169/5169 5856/5856 1636/1636
f 6818/6818 5828/5828 4617/4617
f 4617/4617 5828/5828 708/708
f 2338/2338 2337/2337 7487/7487
f 2338/2338 7487/7487 4068/4068
f 2971/2971 7172/7172 240/240
f 7172/7172 4287/4287 4206/4206
f 4562/4562 3270/3270 7201/7201
f 3081/3081 4643/4643 7202/7202
f 308/308 2737/2737 309/309
f 308/308 2736/2736 2737/2737
f 419/419 2734/2734 2733/2733
f 419/419 3092/3092 2734/2734
f 5758/5758 425/425 4753/4753
f 2245/2245 404/404 425/425
f 501/501 377/377 5875/5875
f 501/501 5755/5755 5874/5874
f 1719/1719 3443/3443 94/94
f 745/745 3443/3443 1719/1719
f 2339/2339 6695/6695 6696/6696
f 7124/7124 2339/2339 6696/6696
f 6697/6697 2374/2374 4105/4105
f 6698/6698 2374/2374 6697/6697
f 2258/2258 1292/1292 3295/3295
f 6022/6022 2879/2879 4808/4808
f 1153/1153 6022/6022 4808/4808
f 3035/3035 4295/4295 1345/1345
f 3503/3503 2968/2968 3504/3504
f 1621/1621 2968/2968 3503/3503
f 5199/5199 7345/7345 3549/3549
f 5990/5990 7345/7345 5199/5199
f 6042/6042 2252/2252 102/102
f 102/102 2252/2252 3214/3214
f 2292/2292 61/61 2257/2257
f 61/61 3218/3218 2257/2257
f 187/187 7910/7910 4506/4506
f 2961/2961 187/187 4506/4506
f 6440/6440 1162/1162 543/543
f 1162/1162 1160/1160 543/543
f 7782/7782 1670/1670 1669/1669
f 7786/7786 1670/1670 7782/7782
f 5682/5682 4085/4085 1777/1777
f 3624/3624 5682/5682 1777/1777
f 1828/1828 4485/4485 5679/5679
f 1828/1828 5679/5679 2490/2490
f 5762/5762 3937/3937 7911/7911
f 7121/7121 1572/1572 3937/3937
f 2206/2206 1176/1176 5893/5893
f 5893/5893 2207/2207 2206/2206
f 2213/2213 5891/5891 1746/1746
f 2212/2212 5891/5891 2213/2213
f 903/903 3198/3198 3199/3199
f 62/62 3198/3198 903/903
f 644/644 2447/2447 3581/3581
f 6/6 644/644 3581/3581
f 697/697 696/696 1770/1770
f 696/696 2472/2472 1770/1770
f 5023/5023 4194/4194 1779/1779
f 1779/1779 4194/4194 2907/2907
f 6427/6427 3089/3089 749/749
f 6911/6911 6427/6427 749/749
f 389/389 1768/1768 3620/3620
f 2799/2799 1768/1768 389/389
f 6326/6326 4403/4403 7110/7110
f 6328/6328 4403/4403 2765/2765
f 2548/2548 5589/5589 490/490
f 3670/3670 275/275 3669/3669
f 3670/3670 3669/3669 3246/3246
f 3671/3671 4357/4357 362/362
f 4230/4230 2551/2551 4165/4165
f 4230/4230 4165/4165 7532/7532
f 5854/5854 6329/6329 4405/4405
f 6329/6329 7705/7705 4405/4405
f 6564/6564 7730/7730 3130/3130
f 6565/6565 3135/3135 7729/7729
f 7729/7729 3135/3135 3136/3136
f 4413/4413 2786/2786 4415/4415
f 4413/4413 4415/4415 1821/1821
f 4408/4408 483/483 4409/4409
f 4408/4408 4409/4409 1819/1819
f 6429/6429 469/469 5656/5656
f 6908/6908 469/469 6429/6429
f 7659/7659 4624/4624 6483/6483
f 7659/7659 4626/4626 1893/1893
f 7842/7842 7277/7277 1573/1573
f 7841/7841 7277/7277 7842/7842
f 7743/7743 5108/5108 6737/6737
f 5107/5107 6737/6737 5108/5108
f 1766/1766 6736/6736 1007/1007
f 1008/1008 1007/1007 6736/6736
f 6933/6933 2778/2778 2779/2779
f 1396/1396 2780/2780 6933/6933
f 1578/1578 7281/7281 4531/4531
f 7281/7281 7843/7843 4531/4531
f 5116/5116 6466/6466 2042/2042
f 2042/2042 6466/6466 808/808
f 5115/5115 401/401 6625/6625
f 5113/5113 7252/7252 2103/2103
f 1037/1037 6782/6782 6496/6496
f 4224/4224 6826/6826 6495/6495
f 6779/6779 5689/5689 4780/4780
f 5689/5689 4559/4559 6497/6497
f 3348/3348 5473/5473 7370/7370
f 3348/3348 5474/5474 5473/5473
f 1525/1525 5156/5156 7912/7912
f 6413/6413 1525/1525 7912/7912
f 5262/5262 1570/1570 6063/6063
f 978/978 5299/5299 2817/2817
f 5299/5299 75/75 2817/2817
f 521/521 3875/3875 522/522
f 6378/6378 3875/3875 521/521
f 1621/1621 5354/5354 2968/2968
f 3803/3803 5354/5354 1621/1621
f 3411/3411 6486/6486 2709/2709
f 4259/4259 3411/3411 2709/2709
f 6080/6080 204/204 6079/6079
f 204/204 203/203 6079/6079
f 6935/6935 2682/2682 2683/2683
f 1698/1698 6935/6935 5931/5931
f 7254/7254 5214/5214 2110/2110
f 6624/6624 378/378 5317/5317
f 6488/6488 2138/2138 4956/4956
f 4956/4956 2138/2138 2136/2136
f 461/461 4056/4056 7265/7265
f 461/461 4057/4057 4056/4056
f 112/112 6082/6082 113/113
f 6081/6081 6082/6082 112/112
f 4054/4054 457/457 7267/7267
f 1994/1994 457/457 4054/4054
f 6117/6117 7913/7913 1943/1943
f 5278/5278 5304/5304 1944/1944
f 5282/5282 1949/1949 5333/5333
f 6119/6119 1949/1949 5333/5333
f 4612/4612 6212/6212 2822/2822
f 5703/5703 6212/6212 4612/4612
f 2571/2571 6211/6211 4611/4611
f 6211/6211 5701/5701 4611/4611
f 240/240 1020/1020 5523/5523
f 6239/6239 241/241 6715/6715
f 1515/1515 5484/5484 1515/1515
f 1514/1514 5484/5484 1515/1515
f 440/440 6535/6535 441/441
f 6538/6538 668/668 465/465
f 4324/4324 328/328 3924/3924
f 5421/5421 328/328 5422/5422
f 7112/7112 2183/2183 2066/2066
f 2067/2067 7112/7112 2066/2066
f 136/136 4120/4120 2853/2853
f 4120/4120 97/97 2853/2853
f 347/347 3896/3896 7087/7087
f 6275/6275 3279/3279 7087/7087
f 7911/7911 4952/4952 3288/3288
f 7911/7911 3937/3937 3288/3288
f 6268/6268 3447/3447 7914/7914
f 7914/7914 3447/3447 6176/6176
f 2701/2701 2663/2663 2702/2702
f 2701/2701 3662/3662 2663/2663
f 3889/3889 2704/2704 2659/2659
f 3889/3889 2659/2659 1206/1206
f 135/135 1439/1439 136/136
f 1439/1439 4120/4120 136/136
f 351/351 6178/6178 5145/5145
f 6176/6176 6665/6665 2236/2236
f 3156/3156 6901/6901 6900/6900
f 3156/3156 7915/7915 7318/7318
f 6903/6903 6904/6904 50/50
f 7916/7916 50/50 49/49
f 2064/2064 4454/4454 2065/2065
f 2882/2882 4454/4454 4455/4455
f 7754/7754 7755/7755 4742/4742
f 7755/7755 4224/4224 4742/4742
f 7758/7758 1394/1394 7759/7759
f 1394/1394 4559/4559 7759/7759
f 4450/4450 7917/7917 5942/5942
f 4452/4452 4450/4450 2922/2922
f 1262/1262 1263/1263 7787/7787
f 7901/7901 1262/1262 7787/7787
f 7786/7786 7918/7918 1670/1670
f 7903/7903 7918/7918 7786/7786
f 6552/6552 5106/5106 7807/7807
f 7807/7807 5106/5106 2319/2319
f 2323/2323 1006/1006 7806/7806
f 1006/1006 6551/6551 7806/7806
f 7887/7887 3855/3855 3885/3885
f 7887/7887 3885/3885 3886/3886
f 7885/7885 4316/4316 3853/3853
f 7885/7885 3884/3884 4316/4316
f 1123/1123 4782/4782 4783/4783
f 4364/4364 1123/1123 4783/4783
f 4200/4200 5773/5773 4201/4201
f 6796/6796 5773/5773 4200/4200
f 7221/7221 5733/5733 2420/2420
f 2419/2419 7221/7221 2420/2420
f 4073/4073 4073/4073 2759/2759
f 4073/4073 2759/2759 4385/4385
f 4070/4070 312/312 2757/2757
f 6521/6521 6377/6377 7919/7919
f 5678/5678 4417/4417 2527/2527
f 2527/2527 4417/4417 1349/1349
f 6499/6499 3834/3834 3706/3706
f 7907/7907 6499/6499 3706/3706
f 4286/4286 433/433 1090/1090
f 4285/4285 4286/4286 1090/1090
f 3832/3832 5541/5541 3703/3703
f 3703/3703 5541/5541 7906/7906
f 1681/1681 4281/4281 4282/4282
f 6758/6758 4281/4281 1681/1681
f 1715/1715 2171/2171 1714/1714
f 5900/5900 6832/6832 5901/5901
f 4223/4223 5896/5896 7043/7043
f 1350/1350 6442/6442 3314/3314
f 2525/2525 6442/6442 1350/1350
f 6438/6438 1361/1361 551/551
f 2033/2033 6438/6438 551/551
f 5673/5673 3705/3705 2391/2391
f 4863/4863 5673/5673 2391/2391
f 2388/2388 7244/7244 4859/4859
f 3702/3702 7244/7244 2388/2388
f 1820/1820 5988/5988 298/298
f 298/298 1858/1858 3970/3970
f 3967/3967 1857/1857 111/111
f 1823/1823 109/109 5985/5985
f 7222/7222 6281/6281 2926/2926
f 5555/5555 7222/7222 2926/2926
f 2607/2607 156/156 2606/2606
f 156/156 6485/6485 2606/2606
f 5771/5771 5649/5649 2918/2918
f 2918/2918 5649/5649 5548/5548
f 133/133 2605/2605 6481/6481
f 2605/2605 133/133 2604/2604
f 5328/5328 7445/7445 7776/7776
f 5327/5327 7445/7445 788/788
f 5347/5347 4229/4229 6468/6468
f 1371/1371 3088/3088 6468/6468
f 6801/6801 1344/1344 6999/6999
f 6801/6801 6999/6999 6998/6998
f 5485/5485 4771/4771 6074/6074
f 4771/4771 5485/5485 4547/4547
f 5561/5561 4863/4863 493/493
f 4863/4863 2391/2391 493/493
f 2388/2388 4859/4859 481/481
f 481/481 4859/4859 5558/5558
f 824/824 6045/6045 6046/6046
f 6046/6046 5838/5838 824/824
f 860/860 5840/5840 6048/6048
f 860/860 6048/6048 7393/7393
f 1885/1885 2892/2892 2891/2891
f 138/138 828/828 2891/2891
f 2210/2210 305/305 1974/1974
f 4269/4269 666/666 667/667
f 4269/4269 667/667 1119/1119
f 417/417 2205/2205 1969/1969
f 1893/1893 4623/4623 6482/6482
f 4352/4352 1893/1893 726/726
f 4271/4271 523/523 1378/1378
f 3994/3994 6921/6921 1509/1509
f 1145/1145 6921/6921 664/664
f 4018/4018 3601/3601 1757/1757
f 1757/1757 5861/5861 4018/4018
f 6683/6683 4044/4044 5151/5151
f 6683/6683 3600/3600 4044/4044
f 482/482 5558/5558 5968/5968
f 481/481 5558/5558 482/482
f 5969/5969 5561/5561 492/492
f 5561/5561 493/493 492/492
f 3031/3031 5242/5242 5243/5243
f 3030/3030 948/948 3031/3031
f 2079/2079 6227/6227 2703/2703
f 3736/3736 2897/2897 5677/5677
f 7000/7000 2897/2897 3736/3736
f 1011/1011 2700/2700 4761/4761
f 1011/1011 4761/4761 6229/6229
f 2946/2946 2945/2945 998/998
f 2945/2945 6070/6070 998/998
f 6069/6069 2809/2809 528/528
f 528/528 2809/2809 2810/2810
f 5772/5772 5771/5771 2469/2469
f 2469/2469 5771/5771 2918/2918
f 6281/6281 7920/7920 2516/2516
f 2926/2926 6281/6281 2516/2516
f 7638/7638 5013/5013 7921/7921
f 5013/5013 5014/5014 7921/7921
f 4238/4238 4964/4964 5906/5906
f 4963/4963 4964/4964 4238/4238
f 4999/4999 4262/4262 5000/5000
f 5910/5910 5000/5000 4262/4262
f 6180/6180 1998/1998 4713/4713
f 1998/1998 3589/3589 4713/4713
f 3827/3827 1560/1560 6179/6179
f 1559/1559 1560/1560 3827/3827
f 7523/7523 3570/3570 7515/7515
f 1298/1298 7523/7523 7515/7515
f 1318/1318 7178/7178 7524/7524
f 7524/7524 7178/7178 1283/1283
f 2048/2048 2047/2047 5044/5044
f 2048/2048 5044/5044 3777/3777
f 5880/5880 1489/1489 3974/3974
f 1192/1192 3974/3974 7828/7828
f 1087/1087 6668/6668 5113/5113
f 2553/2553 6668/6668 3009/3009
f 1289/1289 7826/7826 3976/3976
f 5881/5881 3975/3975 359/359
f 6670/6670 2816/2816 3007/3007
f 5214/5214 6670/6670 1653/1653
f 2034/2034 5043/5043 1012/1012
f 3733/3733 1012/1012 5043/5043
f 3698/3698 5968/5968 3696/3696
f 482/482 5968/5968 3698/3698
f 5969/5969 492/492 3694/3694
f 3693/3693 5969/5969 3694/3694
f 6241/6241 2205/2205 3219/3219
f 3221/3221 2210/2210 6240/6240
f 3221/3221 6240/6240 3222/3222
f 2468/2468 5772/5772 2469/2469
f 1868/1868 5772/5772 2468/2468
f 2516/2516 7920/7920 2517/2517
f 7920/7920 6107/6107 2517/2517
f 1928/1928 204/204 6080/6080
f 3226/3226 1928/1928 6080/6080
f 3224/3224 6081/6081 1929/1929
f 1929/1929 6081/6081 112/112
f 3630/3630 5141/5141 7520/7520
f 3630/3630 3631/3631 6854/6854
f 5141/5141 5140/5140 649/649
f 3631/3631 5140/5140 650/650
f 1429/1429 3781/3781 1430/1430
f 3781/3781 2071/2071 1430/1430
f 5645/5645 2885/2885 2331/2331
f 5645/5645 5643/5643 2885/2885
f 4089/4089 7526/7526 6695/6695
f 2339/2339 4089/4089 6695/6695
f 2939/2939 5647/5647 2045/2045
f 5647/5647 2939/2939 5646/5646
f 6698/6698 4734/4734 2374/2374
f 7527/7527 4734/4734 6698/6698
f 2967/2967 4804/4804 6501/6501
f 4040/4040 2967/2967 6501/6501
f 3605/3605 6503/6503 2189/2189
f 2189/2189 6503/6503 2190/2190
f 5064/5064 2275/2275 7117/7117
f 2275/2275 2276/2276 7117/7117
f 5677/5677 2527/2527 2526/2526
f 3736/3736 5677/5677 2526/2526
f 4809/4809 6459/6459 6966/6966
f 1367/1367 6968/6968 4809/4809
f 3143/3143 849/849 3140/3140
f 3143/3143 3140/3140 3139/3139
f 7369/7369 6174/6174 1712/1712
f 1711/1711 7369/7369 1712/1712
f 7020/7020 3954/3954 3654/3654
f 3728/3728 3954/3954 7020/7020
f 2514/2514 2513/2513 5125/5125
f 2514/2514 5125/5125 1427/1427
f 284/284 285/285 4917/4917
f 2762/2762 805/805 4759/4759
f 3912/3912 804/804 2505/2505
f 5837/5837 985/985 7459/7459
f 4913/4913 985/985 4914/4914
f 346/346 5777/5777 3279/3279
f 3279/3279 4980/4980 5778/5778
f 1869/1869 1868/1868 3596/3596
f 3596/3596 1868/1868 2468/2468
f 3254/3254 4977/4977 1474/1474
f 3446/3446 5779/5779 4977/4977
f 6107/6107 5229/5229 3563/3563
f 2517/2517 6107/6107 3563/3563
f 5968/5968 5967/5967 3696/3696
f 3696/3696 5967/5967 4277/4277
f 7468/7468 777/777 6762/6762
f 6023/6023 777/777 7468/7468
f 2398/2398 5935/5935 7469/7469
f 6163/6163 2398/2398 7469/7469
f 1608/1608 5969/5969 3693/3693
f 4274/4274 1608/1608 3693/3693
f 6209/6209 1138/1138 6210/6210
f 6210/6210 1138/1138 6208/6208
f 3165/3165 3164/3164 2028/2028
f 3164/3164 569/569 6597/6597
f 585/585 2072/2072 5323/5323
f 584/584 6950/6950 585/585
f 1896/1896 5382/5382 5384/5384
f 1895/1895 5382/5382 1896/1896
f 1900/1900 5379/5379 5380/5380
f 1901/1901 1900/1900 5380/5380
f 4762/4762 2701/2701 1510/1510
f 4762/4762 3891/3891 2701/2701
f 4760/4760 466/466 2704/2704
f 4760/4760 2704/2704 3889/3889
f 2330/2330 1248/1248 1250/1250
f 6833/6833 1248/1248 2330/2330
f 7922/7922 7923/7923 4718/4718
f 7924/7924 7922/7922 185/185
f 227/227 7925/7925 7926/7926
f 7927/7927 7925/7925 4717/4717
f 6844/6844 1280/1280 1279/1279
f 6845/6845 6844/6844 1279/1279
f 569/569 6360/6360 1075/1075
f 6360/6360 6359/6359 1075/1075
f 6208/6208 3057/3057 6887/6887
f 6887/6887 3057/3057 6888/6888
f 7159/7159 1460/1460 3748/3748
f 3748/3748 1461/1461 2100/2100
f 3754/3754 2099/2099 1666/1666
f 7161/7161 3754/3754 1667/1667
f 4203/4203 4990/4990 5065/5065
f 6797/6797 6798/6798 4203/4203
f 5625/5625 5623/5623 6972/6972
f 2691/2691 7685/7685 5623/5623
f 2584/2584 563/563 3944/3944
f 3944/3944 4231/4231 2584/2584
f 3595/3595 1869/1869 3596/3596
f 5852/5852 1869/1869 3595/3595
f 5229/5229 5230/5230 3564/3564
f 3563/3563 5229/5229 3564/3564
f 2586/2586 6813/6813 7928/7928
f 2586/2586 4232/4232 3945/3945
f 6359/6359 6290/6290 4053/4053
f 6290/6290 6291/6291 4053/4053
f 5571/5571 512/512 5572/5572
f 6888/6888 512/512 5571/5571
f 4273/4273 1606/1606 4274/4274
f 1606/1606 1608/1608 4274/4274
f 7929/7929 7930/7930 1480/1480
f 5967/5967 7931/7931 4277/4277
f 4277/4277 7931/7931 4276/4276
f 1676/1676 7605/7605 5883/5883
f 7677/7677 1676/1676 5883/5883
f 7679/7679 7680/7680 1581/1581
f 7680/7680 6558/6558 1581/1581
f 3589/3589 4730/4730 4713/4713
f 4733/4733 1559/1559 3827/3827
f 7932/7932 7125/7125 2728/2728
f 4131/4131 6572/6572 2968/2968
f 6572/6572 491/491 7249/7249
f 6574/6574 7250/7250 2798/2798
f 3349/3349 3348/3348 6574/6574
f 6147/6147 1818/1818 5071/5071
f 5072/5072 6145/6145 4411/4411
f 5067/5067 4414/4414 6143/6143
f 2849/2849 5069/5069 1821/1821
f 2928/2928 7222/7222 5555/5555
f 5621/5621 2928/2928 5555/5555
f 5231/5231 1416/1416 1414/1414
f 5232/5232 5231/5231 1414/1414
f 5235/5235 1620/1620 6345/6345
f 6345/6345 1620/1620 1258/1258
f 5548/5548 5617/5617 1143/1143
f 5649/5649 5617/5617 5548/5548
f 1575/1575 7423/7423 6598/6598
f 3175/3175 4530/4530 5404/5404
f 1579/1579 3047/3047 3046/3046
f 7420/7420 3046/3046 1578/1578
f 4276/4276 7191/7191 3157/3157
f 7931/7931 7191/7191 4276/4276
f 3408/3408 1606/1606 4273/4273
f 3159/3159 3408/3408 4273/4273
f 6483/6483 724/724 1794/1794
f 4623/4623 6483/6483 1794/1794
f 6052/6052 3758/3758 6050/6050
f 2497/2497 5440/5440 6051/6051
f 2065/2065 4455/4455 2884/2884
f 5153/5153 5943/5943 6277/6277
f 4190/4190 6056/6056 6055/6055
f 6054/6054 2501/2501 7933/7933
f 6330/6330 5852/5852 6739/6739
f 6739/6739 5852/5852 3595/3595
f 3564/3564 5230/5230 6738/6738
f 5230/5230 6327/6327 6738/6738
f 4452/4452 2144/2144 2924/2924
f 5949/5949 839/839 2943/2943
f 837/837 839/839 5949/5949
f 433/433 360/360 361/361
f 1090/1090 433/433 361/361
f 705/705 6758/6758 706/706
f 706/706 6758/6758 1681/1681
f 4813/4813 7511/7511 7509/7509
f 3484/3484 7511/7511 3484/3484
f 5658/5658 5232/5232 1413/1413
f 5232/5232 1414/1414 1413/1413
f 5661/5661 3437/3437 5235/5235
f 5235/5235 1618/1618 1620/1620
f 1119/1119 2650/2650 2651/2651
f 1119/1119 3351/3351 2650/2650
f 524/524 2600/2600 3345/3345
f 878/878 3488/3488 7512/7512
f 4815/4815 879/879 7512/7512
f 7168/7168 5556/5556 7526/7526
f 4089/4089 7168/7168 7526/7526
f 5550/5550 7934/7934 7527/7527
f 7527/7527 7934/7934 4734/4734
f 569/569 1075/1075 1074/1074
f 569/569 1074/1074 6597/6597
f 4894/4894 4552/4552 7866/7866
f 3964/3964 4894/4894 3964/3964
f 6984/6984 3/3 4898/4898
f 4898/4898 3/3 6436/6436
f 6208/6208 1138/1138 626/626
f 6208/6208 626/626 3057/3057
f 6738/6738 6327/6327 5017/5017
f 6327/6327 7109/7109 5017/5017
f 5022/5022 6330/6330 6739/6739
f 7111/7111 6330/6330 5022/5022
f 3743/3743 4702/4702 3741/3741
f 3741/3741 4702/4702 1345/1345
f 1295/1295 7284/7284 3293/3293
f 3293/3293 1292/1292 1295/1295
f 6291/6291 762/762 5718/5718
f 6291/6291 5718/5718 4053/4053
f 1000/1000 2776/2776 7170/7170
f 7170/7170 2776/2776 4972/4972
f 5661/5661 5234/5234 1618/1618
f 5660/5660 5234/5234 5661/5661
f 5658/5658 1413/1413 5233/5233
f 5659/5659 5658/5658 5233/5233
f 4287/4287 4192/4192 7935/7935
f 240/240 4287/4287 241/241
f 4814/4814 4815/4815 1417/1417
f 4815/4815 7512/7512 1417/1417
f 4812/4812 1259/1259 4813/4813
f 4813/4813 1259/1259 7511/7511
f 7936/7936 1271/1271 5288/5288
f 1271/1271 1272/1272 5291/5291
f 600/600 5930/5930 601/601
f 601/601 5930/5930 7120/7120
f 1397/1397 670/670 1843/1843
f 4198/4198 1397/1397 6931/6931
f 5286/5286 7937/7937 7938/7938
f 875/875 341/341 5285/5285
f 7539/7539 4657/4657 4658/4658
f 7600/7600 2731/2731 7539/7539
f 2764/2764 7862/7862 5019/5019
f 7109/7109 2764/2764 5019/5019
f 7540/7540 6752/6752 5959/5959
f 7599/7599 7540/7540 2741/2741
f 5020/5020 2768/2768 7111/7111
f 7863/7863 2768/2768 5020/5020
f 7168/7168 7169/7169 5556/5556
f 7169/7169 5557/5557 5556/5556
f 5947/5947 4453/4453 2064/2064
f 2064/2064 4453/4453 4454/4454
f 5549/5549 1142/1142 5550/5550
f 5550/5550 1142/1142 7934/7934
f 5941/5941 4449/4449 7917/7917
f 4449/4449 2145/2145 2144/2144
f 4504/4504 6427/6427 6911/6911
f 7547/7547 4504/4504 749/749
f 6907/6907 6908/6908 6429/6429
f 6909/6909 974/974 7939/7939
f 5414/5414 1452/1452 169/169
f 1452/1452 5814/5814 5416/5416
f 3628/3628 5905/5905 4670/4670
f 2172/2172 5905/5905 2173/2173
f 4548/4548 7332/7332 6685/6685
f 7146/7146 7332/7332 4548/4548
f 5940/5940 6931/6931 1843/1843
f 2477/2477 5940/5940 1843/1843
f 2479/2479 2873/2873 7120/7120
f 601/601 7120/7120 2873/2873
f 6818/6818 409/409 5827/5827
f 4615/4615 409/409 6818/6818
f 3287/3287 1236/1236 6819/6819
f 5831/5831 3287/3287 6819/6819
f 5224/5224 3224/3224 1929/1929
f 7271/7271 3224/3224 5224/5224
f 6688/6688 7334/7334 4468/4468
f 7334/7334 7149/7149 4468/4468
f 7661/7661 376/376 3523/3523
f 7183/7183 376/376 501/501
f 7270/7270 5223/5223 3226/3226
f 5223/5223 1928/1928 3226/3226
f 403/403 7663/7663 3527/3527
f 425/425 403/403 7181/7181
f 7903/7903 2322/2322 946/946
f 946/946 2322/2322 4325/4325
f 1257/1257 2976/2976 2325/2325
f 1263/1263 1257/1257 2325/2325
f 4087/4087 785/785 4088/4088
f 7526/7526 785/785 4087/4087
f 1696/1696 7527/7527 2372/2372
f 5552/5552 5767/5767 150/150
f 5888/5888 5886/5886 5767/5767
f 5549/5549 1143/1143 1142/1142
f 5548/5548 1143/1143 5549/5549
f 5621/5621 5555/5555 5557/5557
f 7169/7169 5621/5621 5557/5557
f 674/674 3470/3470 675/675
f 7015/7015 1466/1466 3471/3471
f 6532/6532 783/783 3472/3472
f 3763/3763 1472/1472 1469/1469
f 4326/4326 3961/3961 624/624
f 230/230 3961/3961 7643/7643
f 5554/5554 7822/7822 5768/5768
f 5889/5889 5768/5768 599/599
f 2070/2070 2069/2069 4250/4250
f 2070/2070 4250/4250 3882/3882
f 2038/2038 5043/5043 2034/2034
f 2038/2038 2034/2034 2039/2039
f 5419/5419 7940/7940 7261/7261
f 7261/7261 7940/7940 2584/2584
f 5412/5412 7263/7263 7941/7941
f 7263/7263 2586/2586 5413/5413
f 1794/1794 724/724 2715/2715
f 6880/6880 2715/2715 724/724
f 5044/5044 1355/1355 3777/3777
f 1355/1355 2010/2010 3777/3777
f 945/945 4888/4888 3024/3024
f 7942/7942 4888/4888 3024/3024
f 6586/6586 5912/5912 1506/1506
f 1506/1506 5912/5912 5913/5913
f 1103/1103 6618/6618 6617/6617
f 940/940 5714/5714 4885/4885
f 3627/3627 2174/2174 6831/6831
f 6831/6831 2174/2174 7028/7028
f 1457/1457 3668/3668 5415/5415
f 5415/5415 171/171 1457/1457
f 6604/6604 2690/2690 4782/4782
f 6604/6604 5898/5898 2690/2690
f 7513/7513 2588/2588 7566/7566
f 7943/7943 7513/7513 2588/2588
f 2152/2152 3815/3815 3814/3814
f 3814/3814 7182/7182 7336/7336
f 2155/2155 3810/3810 3811/3811
f 7180/7180 3810/3810 7335/7335
f 313/313 2342/2342 449/449
f 6616/6616 2342/2342 313/313
f 4104/4104 6614/6614 2507/2507
f 1695/1695 4104/4104 2507/2507
f 1713/1713 1527/1527 4099/4099
f 1713/1713 4101/4101 4100/4100
f 7944/7944 6343/6343 1609/1609
f 1609/1609 6343/6343 6342/6342
f 1150/1150 2092/2092 6341/6341
f 1747/1747 1150/1150 6341/6341
f 3174/3174 1218/1218 2993/2993
f 6160/6160 3174/3174 2993/2993
f 5276/5276 7052/7052 6350/6350
f 2677/2677 6350/6350 459/459
f 7054/7054 6347/6347 7053/7053
f 7054/7054 462/462 6347/6347
f 2544/2544 2880/2880 2545/2545
f 2544/2544 5040/5040 2880/2880
f 4803/4803 7102/7102 2160/2160
f 4801/4801 1921/1921 4803/4803
f 1919/1919 7360/7360 4798/4798
f 2163/2163 7099/7099 4798/4798
f 7540/7540 6270/6270 6752/6752
f 6270/6270 4660/4660 4661/4661
f 7539/7539 6750/6750 6271/6271
f 6271/6271 4658/4658 4655/4655
f 5657/5657 5657/5657 7754/7754
f 7756/7756 1156/1156 4741/4741
f 5662/5662 7758/7758 5662/5662
f 7757/7757 1395/1395 1260/1260
f 7818/7818 7005/7005 865/865
f 7004/7004 7006/7006 7945/7945
f 7946/7946 4214/4214 1557/1557
f 4575/4575 4214/4214 1053/1053
f 2753/2753 4604/4604 4342/4342
f 2753/2753 6297/6297 4604/4604
f 2383/2383 4343/4343 4603/4603
f 2383/2383 4603/4603 6299/6299
f 2692/2692 1281/1281 4569/4569
f 1281/1281 1280/1280 4569/4569
f 1249/1249 4568/4568 1250/1250
f 2693/2693 4568/4568 1249/1249
f 6470/6470 7839/7839 53/53
f 6946/6946 6470/6470 2675/2675
f 6944/6944 2669/2669 6476/6476
f 6474/6474 4538/4538 7840/7840
f 7497/7497 7498/7498 2525/2525
f 7497/7497 7857/7857 7498/7498
f 5470/5470 5397/5397 7858/7858
f 5397/5397 5470/5470 1361/1361
f 6678/6678 7237/7237 4365/4365
f 5564/5564 7237/7237 6191/6191
f 1611/1611 1708/1708 4967/4967
f 1611/1611 5746/5746 1708/1708
f 1151/1151 6022/6022 1153/1153
f 1151/1151 1153/1153 1155/1155
f 4465/4465 69/69 5198/5198
f 4463/4463 69/69 4465/4465
f 4457/4457 507/507 4180/4180
f 4458/4458 4457/4457 4180/4180
f 1254/1254 5657/5657 5688/5688
f 5657/5657 7754/7754 5688/5688
f 5662/5662 7813/7813 7758/7758
f 2127/2127 5690/5690 5662/5662
f 5567/5567 691/691 3859/3859
f 2881/2881 691/691 5567/5567
f 6006/6006 809/809 3860/3860
f 809/809 5429/5429 3860/3860
f 1091/1091 361/361 4000/4000
f 361/361 1331/1331 4000/4000
f 1425/1425 706/706 4001/4001
f 472/472 6586/6586 1506/1506
f 6585/6585 6586/6586 472/472
f 2114/2114 7447/7447 3513/3513
f 7108/7108 2114/2114 3513/3513
f 7466/7466 2653/2653 7947/7947
f 7947/7947 2653/2653 5352/5352
f 6518/6518 623/623 6880/6880
f 623/623 2715/2715 6880/6880
f 2837/2837 3458/3458 914/914
f 3460/3460 684/684 3459/3459
f 683/683 684/684 3460/3460
f 314/314 2113/2113 5904/5904
f 5904/5904 2113/2113 4666/4666
f 2712/2712 687/687 4665/4665
f 4664/4664 2712/2712 1450/1450
f 1328/1328 86/86 4677/4677
f 829/829 3507/3507 2166/2166
f 7589/7589 6772/6772 1136/1136
f 6209/6209 7589/7589 1136/1136
f 7025/7025 2028/2028 2030/2030
f 3165/3165 2028/2028 7025/7025
f 6805/6805 6027/6027 6804/6804
f 2406/2406 6027/6027 6805/6805
f 7948/7948 6807/6807 6028/6028
f 6807/6807 7734/7734 6028/6028
f 2402/2402 3017/3017 1410/1410
f 4936/4936 3017/3017 7949/7949
f 3433/3433 3432/3432 2278/2278
f 392/392 3433/3433 2277/2277
f 1943/1943 1944/1944 7056/7056
f 5280/5280 5278/5278 2249/2249
f 5281/5281 883/883 5282/5282
f 6629/6629 883/883 7489/7489
f 5313/5313 323/323 7950/7950
f 7215/7215 5313/5313 7950/7950
f 7214/7214 5312/5312 5311/5311
f 5311/5311 5312/5312 116/116
f 4928/4928 3082/3082 4083/4083
f 4083/4083 3082/3082 3280/3280
f 3253/3253 3271/3271 4484/4484
f 3271/3271 5016/5016 4484/4484
f 2112/2112 6995/6995 4518/4518
f 2343/2343 4145/4145 2112/2112
f 4515/4515 4514/4514 2711/2711
f 4142/4142 4103/4103 4517/4517
f 6141/6141 6866/6866 7425/7425
f 6865/6865 5825/5825 7425/7425
f 5830/5830 6863/6863 7426/7426
f 7426/7426 6863/6863 6140/6140
f 4149/4149 7122/7122 3194/3194
f 4149/4149 3194/3194 6800/6800
f 5546/5546 1572/1572 7121/7121
f 1572/1572 5546/5546 4772/4772
f 2426/2426 3356/3356 2040/2040
f 1334/1334 3356/3356 2426/2426
f 1334/1334 2426/2426 2423/2423
f 795/795 1334/1334 2423/2423
f 3952/3952 3953/3953 5319/5319
f 3053/3053 3952/3952 5319/5319
f 2566/2566 6831/6831 7027/7027
f 2566/2566 7027/7027 4091/4091
f 2699/2699 6189/6189 7026/7026
f 2699/2699 7026/7026 7849/7849
f 3561/3561 3560/3560 4577/4577
f 4577/4577 3560/3560 1549/1549
f 5542/5542 7384/7384 5540/5540
f 485/485 7384/7384 5542/5542
f 6500/6500 5536/5536 907/907
f 6500/6500 5537/5537 5536/5536
f 7184/7184 6526/6526 2716/2716
f 2716/2716 6526/6526 1178/1178
f 2723/2723 1181/1181 6525/6525
f 5450/5450 2723/2723 4627/4627
f 211/211 6707/6707 2328/2328
f 4567/4567 6707/6707 211/211
f 3356/3356 3355/3355 2040/2040
f 2040/2040 3355/3355 2041/2041
f 4711/4711 1439/1439 135/135
f 4571/4571 268/268 6705/6705
f 268/268 2327/2327 6705/6705
f 5756/5756 3234/3234 7951/7951
f 6636/6636 3233/3233 7951/7951
f 5757/5757 7952/7952 6319/6319
f 6638/6638 7952/7952 3235/3235
f 5300/5300 5299/5299 978/978
f 977/977 5300/5300 978/978
f 3875/3875 3876/3876 522/522
f 522/522 3876/3876 1638/1638
f 1337/1337 1561/1561 1337/1337
f 3826/3826 1561/1561 1337/1337
f 6424/6424 511/511 2623/2623
f 6424/6424 2623/2623 5410/5410
f 926/926 5152/5152 6749/6749
f 6510/6510 6580/6580 926/926
f 864/864 5122/5122 1079/1079
f 7308/7308 6940/6940 6309/6309
f 5120/5120 636/636 1516/1516
f 6312/6312 6938/6938 1516/1516
f 3614/3614 5144/5144 1083/1083
f 3614/3614 1083/1083 1083/1083
f 3905/3905 2070/2070 3881/3881
f 6425/6425 3881/3881 2068/2068
f 2157/2157 2826/2826 2828/2828
f 2157/2157 2826/2826 2157/2157
f 1665/1665 1665/1665 1603/1603
f 1665/1665 1604/1604 1603/1603
f 7052/7052 957/957 6350/6350
f 7053/7053 6348/6348 961/961
f 7053/7053 3712/3712 6166/6166
f 3605/3605 4050/4050 4837/4837
f 4041/4041 4795/4795 2966/2966
f 4041/4041 4794/4794 4795/4795
f 552/552 1362/1362 3265/3265
f 552/552 3265/3265 5606/5606
f 5293/5293 3735/3735 2908/2908
f 5295/5295 3735/3735 5293/5293
f 4005/4005 7660/7660 6202/6202
f 1596/1596 7660/7660 7602/7602
f 7662/7662 4007/4007 6201/6201
f 7662/7662 1590/1590 7603/7603
f 5296/5296 3621/3621 2472/2472
f 3621/3621 2473/2473 2472/2472
f 7264/7264 708/708 4947/4947
f 7122/7122 5745/5745 4947/4947
f 4579/4579 4578/4578 2947/2947
f 4579/4579 2947/2947 3658/3658
f 305/305 3583/3583 306/306
f 306/306 3583/3583 5851/5851
f 5850/5850 3586/3586 416/416
f 5280/5280 2249/2249 1319/1319
f 2652/2652 5280/5280 7056/7056
f 6706/6706 7057/7057 7058/7058
f 5281/5281 2412/2412 883/883
f 758/758 7646/7646 183/183
f 5143/5143 7646/7646 758/758
f 712/712 713/713 7645/7645
f 5142/5142 712/712 7645/7645
f 6164/6164 2449/2449 3959/3959
f 2449/2449 1271/1271 4857/4857
f 7616/7616 3576/3576 6939/6939
f 6311/6311 5118/5118 6939/6939
f 864/864 5121/5121 6308/6308
f 6077/6077 7614/7614 864/864
f 1556/1556 4358/4358 977/977
f 4358/4358 5300/5300 977/977
f 3876/3876 3245/3245 1638/1638
f 4373/4373 698/698 2474/2474
f 4373/4373 2474/2474 5296/5296
f 780/780 4523/4523 447/447
f 780/780 447/447 6316/6316
f 4292/4292 2353/2353 4290/4290
f 2353/2353 5295/5295 4290/4290
f 46/46 4522/4522 6149/6149
f 46/46 6149/6149 6313/6313
f 7109/7109 5019/5019 5018/5018
f 5017/5017 7109/7109 5018/5018
f 5021/5021 7111/7111 5022/5022
f 5020/5020 7111/7111 5021/5021
f 964/964 5221/5221 234/234
f 5221/5221 5340/5340 234/234
f 7189/7189 5170/5170 1291/1291
f 6058/6058 6358/6358 7189/7189
f 51/51 5236/5236 2637/2637
f 50/50 3162/3162 5236/5236
f 2635/2635 5239/5239 372/372
f 5239/5239 3154/3154 3156/3156
f 7190/7190 1194/1194 5174/5174
f 1195/1195 4826/4826 5174/5174
f 4969/4969 1229/1229 7372/7372
f 7372/7372 1229/1229 1230/1230
f 174/174 5417/5417 7371/7371
f 2634/2634 174/174 7371/7371
f 3245/3245 5183/5183 1638/1638
f 1638/1638 5183/5183 7157/7157
f 5153/5153 6277/6277 3911/3911
f 216/216 6277/6277 2762/2762
f 5185/5185 4358/4358 1556/1556
f 7446/7446 5185/5185 1556/1556
f 3841/3841 1426/1426 5496/5496
f 5496/5496 1426/1426 103/103
f 3845/3845 5498/5498 848/848
f 5498/5498 151/151 848/848
f 7544/7544 4897/4897 3969/3969
f 3969/3969 4897/4897 5988/5988
f 7542/7542 3966/3966 657/657
f 7543/7543 5985/5985 657/657
f 1029/1029 1028/1028 1891/1891
f 1891/1891 1028/1028 3522/3522
f 2054/2054 3519/3519 1027/1027
f 1026/1026 2054/2054 1027/1027
f 6305/6305 7953/7953 4574/4574
f 6868/6868 6305/6305 7946/7946
f 7006/7006 6301/6301 7954/7954
f 4773/4773 6301/6301 7006/7006
f 6009/6009 6008/6008 1959/1959
f 6008/6008 1959/1959 1959/1959
f 6007/6007 1955/1955 1956/1956
f 1789/1789 1955/1955 6007/6007
f 203/203 6870/6870 3663/3663
f 3663/3663 6870/6870 3664/3664
f 3660/3660 6869/6869 3661/3661
f 6869/6869 112/112 3661/3661
f 5609/5609 4733/4733 3827/3827
f 6411/6411 4733/4733 5609/5609
f 4730/4730 6410/6410 5608/5608
f 4713/4713 4730/4730 5608/5608
f 4751/4751 4565/4565 3842/3842
f 4749/4749 3843/3843 5499/5499
f 4749/4749 4748/4748 3843/3843
f 3368/3368 4819/4819 3369/3369
f 2427/2427 4819/4819 3368/3368
f 4289/4289 176/176 126/126
f 176/176 5950/5950 126/126
f 3653/3653 709/709 3689/3689
f 3689/3689 709/709 711/711
f 2869/2869 7177/7177 6828/6828
f 6116/6116 2869/2869 6828/6828
f 6118/6118 6830/6830 1734/1734
f 1734/1734 6830/6830 3569/3569
f 5748/5748 1613/1613 1612/1612
f 5748/5748 7354/7354 1613/1613
f 6387/6387 7353/7353 5751/5751
f 5751/5751 3981/3981 6387/6387
f 7923/7923 7955/7955 7956/7956
f 7922/7922 7955/7955 7923/7923
f 4606/4606 1831/1831 7416/7416
f 593/593 1566/1566 7416/7416
f 7957/7957 7925/7925 7927/7927
f 7958/7958 7957/7957 7927/7927
f 1244/1244 6518/6518 5612/5612
f 1980/1980 1244/1244 5612/5612
f 6371/6371 2878/2878 4461/4461
f 7735/7735 2878/2878 6371/6371
f 880/880 882/882 3849/3849
f 3849/3849 882/882 3614/3614
f 6803/6803 2258/2258 3295/3295
f 4510/4510 2258/2258 6803/6803
f 6713/6713 4295/4295 3035/3035
f 1636/1636 6713/6713 3035/3035
f 566/566 6749/6749 7959/7959
f 3410/3410 566/566 7959/7959
f 863/863 6076/6076 6940/6940
f 3578/3578 6076/6076 863/863
f 6938/6938 6078/6078 3576/3576
f 6078/6078 3577/3577 636/636
f 3513/3513 2413/2413 6706/6706
f 6706/6706 5351/5351 7057/7057
f 2653/2653 2652/2652 1392/1392
f 2652/2652 7056/7056 1392/1392
f 7130/7130 6310/6310 7411/7411
f 6310/6310 6312/6312 7411/7411
f 4634/4634 2504/2504 4109/4109
f 581/581 2504/2504 4635/4635
f 2411/2411 6821/6821 1751/1751
f 1751/1751 6821/6821 6121/6121
f 2988/2988 1274/1274 3960/3960
f 641/641 7936/7936 5147/5147
f 6309/6309 6307/6307 7410/7410
f 7410/7410 6307/6307 7960/7960
f 478/478 2510/2510 6183/6183
f 6183/6183 2510/2510 4768/4768
f 7938/7938 5524/5524 3167/3167
f 4197/4197 474/474 3169/3169
f 6186/6186 4769/4769 2349/2349
f 1/1 6186/6186 2349/2349
f 1981/1981 1980/1980 5614/5614
f 1980/1980 5612/5612 5614/5614
f 918/918 2823/2823 7009/7009
f 6274/6274 918/918 7009/7009
f 7010/7010 924/924 6273/6273
f 2572/2572 924/924 7010/7010
f 4685/4685 1059/1059 3607/3607
f 4686/4686 1059/1059 4685/4685
f 5212/5212 4195/4195 131/131
f 5210/5210 5212/5212 131/131
f 3978/3978 3423/3423 1380/1380
f 2796/2796 2189/2189 7292/7292
f 4839/4839 2189/2189 2796/2796
f 5565/5565 1694/1694 1308/1308
f 1308/1308 2050/2050 5565/5565
f 4797/4797 6969/6969 2966/2966
f 6969/6969 7291/7291 2966/2966
f 554/554 4800/4800 5440/5440
f 4800/4800 2498/2498 2496/2496
f 2501/2501 7961/7961 1678/1678
f 2501/2501 7359/7359 7961/7961
f 2994/2994 7860/7860 6809/6809
f 6809/6809 7860/7860 6810/6810
f 6635/6635 4876/4876 6636/6636
f 4876/4876 3233/3233 6636/6636
f 6637/6637 6638/6638 4877/4877
f 4877/4877 6638/6638 3235/3235
f 6992/6992 7962/7962 7727/7727
f 7765/7765 7727/7727 7962/7962
f 896/896 66/66 4564/4564
f 4563/4563 4564/4564 66/66
f 7728/7728 1567/1567 6993/6993
f 7766/7766 1567/1567 7728/7728
f 4565/4565 58/58 4566/4566
f 900/900 4566/4566 58/58
f 6767/6767 3759/3759 2532/2532
f 6051/6051 256/256 6769/6769
f 249/249 3761/3761 6771/6771
f 178/178 6054/6054 6770/6770
f 203/203 5111/5111 7200/7200
f 203/203 7200/7200 6079/6079
f 5887/5887 5888/5888 60/60
f 5888/5888 5767/5767 60/60
f 113/113 6082/6082 7199/7199
f 5665/5665 1684/1684 5664/5664
f 5664/5664 1685/1685 1685/1685
f 422/422 423/423 7766/7766
f 7766/7766 423/423 1567/1567
f 5889/5889 794/794 5889/5889
f 5889/5889 102/102 5768/5768
f 5248/5248 1783/1783 1782/1782
f 2951/2951 6504/6504 1783/1783
f 5249/5249 1791/1791 1793/1793
f 2948/2948 1793/1793 6505/6505
f 7765/7765 3450/3450 2303/2303
f 1004/1004 7765/7765 2303/2303
f 5299/5299 5298/5298 75/75
f 3539/3539 3878/3878 6378/6378
f 6378/6378 3878/3878 3875/3875
f 5663/5663 1431/1431 1432/1432
f 5663/5663 2867/2867 2868/2868
f 4839/4839 5530/5530 4048/4048
f 5530/5530 4839/4839 2796/2796
f 5674/5674 6970/6970 4797/4797
f 6970/6970 6969/6969 4797/4797
f 4268/4268 666/666 4269/4269
f 4268/4268 167/167 666/666
f 124/124 550/550 6538/6538
f 6539/6539 124/124 6538/6538
f 2809/2809 3652/3652 6747/6747
f 6068/6068 3652/3652 2809/2809
f 1351/1351 286/286 6536/6536
f 6536/6536 286/286 6537/6537
f 6746/6746 3774/3774 2945/2945
f 3774/3774 6071/6071 2945/2945
f 7963/7963 4823/4823 513/513
f 512/512 7963/7963 513/513
f 4053/4053 5717/5717 3117/3117
f 5717/5717 2667/2667 3117/3117
f 5294/5294 5293/5293 2908/2908
f 5294/5294 2908/2908 5211/5211
f 2764/2764 6587/6587 7862/7862
f 6587/6587 7870/7870 7862/7862
f 7871/7871 5869/5869 7863/7863
f 7863/7863 5869/5869 2768/2768
f 3620/3620 5252/5252 2473/2473
f 3620/3620 2473/2473 3621/3621
f 5251/5251 5252/5252 183/183
f 2907/2907 5210/5210 5211/5211
f 2907/2907 4194/4194 5210/5210
f 1358/1358 5675/5675 3325/3325
f 1358/1358 1564/1564 5675/5675
f 3817/3817 3928/3928 1925/1925
f 3928/3928 3226/3226 1925/1925
f 3813/3813 1931/1931 3223/3223
f 3812/3812 1931/1931 3813/3813
f 6177/6177 7310/7310 6355/6355
f 6177/6177 351/351 5145/5145
f 5443/5443 2716/2716 3723/3723
f 7359/7359 5443/5443 6656/6656
f 1284/1284 3328/3328 5676/5676
f 1284/1284 5676/5676 1285/1285
f 5441/5441 2499/2499 2722/2722
f 2498/2498 2499/2499 6852/6852
f 7399/7399 7887/7887 3886/3886
f 3886/3886 6785/6785 7399/7399
f 6788/6788 3884/3884 7885/7885
f 7964/7964 3884/3884 6788/6788
f 7592/7592 2197/2197 7590/7590
f 7592/7592 7590/7590 4366/4366
f 1769/1769 5252/5252 3620/3620
f 1769/1769 4686/4686 5252/5252
f 2352/2352 5294/5294 5211/5211
f 2352/2352 5211/5211 5210/5210
f 2193/2193 7594/7594 7593/7593
f 7593/7593 7594/7594 694/694
f 890/890 4257/4257 5996/5996
f 5996/5996 3483/3483 5997/5997
f 1926/1926 5697/5697 896/896
f 878/878 5998/5998 4382/4382
f 5998/5998 4380/4380 3487/3487
f 900/900 901/901 5698/5698
f 1932/1932 900/900 5698/5698
f 2944/2944 2634/2634 6925/6925
f 2634/2634 7371/7371 6925/6925
f 6924/6924 1230/1230 2811/2811
f 7372/7372 1230/1230 6924/6924
f 7106/7106 890/890 5996/5996
f 7510/7510 890/890 7106/7106
f 7107/7107 5998/5998 878/878
f 877/877 7107/7107 878/878
f 67/67 5424/5424 2446/2446
f 679/679 2564/2564 680/680
f 2564/2564 2580/2580 680/680
f 59/59 3183/3183 643/643
f 643/643 3183/3183 5427/5427
f 2581/2581 6965/6965 380/380
f 380/380 1737/1737 381/381
f 7715/7715 5101/5101 7022/7022
f 2563/2563 5101/5101 7715/7715
f 3815/3815 3816/3816 5824/5824
f 2305/2305 3815/3815 5824/5824
f 2300/2300 5823/5823 3811/3811
f 3811/3811 5823/5823 3812/3812
f 7021/7021 5099/5099 7717/7717
f 5099/5099 2531/2531 7717/7717
f 7722/7722 101/101 2565/2565
f 3231/3231 101/101 6534/6534
f 4380/4380 7325/7325 1493/1493
f 3487/3487 4380/4380 1493/1493
f 3483/3483 1700/1700 5997/5997
f 5997/5997 1700/1700 7326/7326
f 1216/1216 6225/6225 5429/5429
f 809/809 1216/1216 5429/5429
f 6266/6266 841/841 2494/2494
f 5015/5015 6266/6266 2494/2494
f 163/163 6877/6877 2492/2492
f 2492/2492 6877/6877 4927/4927
f 208/208 3659/3659 1687/1687
f 208/208 1687/1687 209/209
f 1625/1625 953/953 952/952
f 1625/1625 3655/3655 953/953
f 7965/7965 4714/4714 7488/7488
f 3828/3828 7966/7966 6415/6415
f 6415/6415 7966/7966 3477/3477
f 2973/2973 7967/7967 1758/1758
f 6060/6060 2973/2973 7597/7597
f 1636/1636 2546/2546 1637/1637
f 1637/1637 2546/2546 1348/1348
f 2608/2608 6546/6546 935/935
f 2608/2608 935/935 934/934
f 895/895 6370/6370 2400/2400
f 895/895 2400/2400 2401/2401
f 5843/5843 952/952 4426/4426
f 5843/5843 4426/4426 4429/4429
f 5844/5844 4430/4430 209/209
f 5844/5844 4433/4433 4430/4430
f 6409/6409 6211/6211 2571/2571
f 6212/6212 6406/6406 2822/2822
f 5572/5572 1530/1530 5574/5574
f 5573/5573 5572/5572 5574/5574
f 5788/5788 6376/6376 5789/5789
f 1047/1047 5789/5789 5790/5790
f 1781/1781 6374/6374 5787/5787
f 5786/5786 1781/1781 3126/3126
f 597/597 7076/7076 6703/6703
f 7076/7076 7726/7726 6703/6703
f 4123/4123 1727/1727 202/202
f 201/201 4123/4123 202/202
f 7261/7261 2584/2584 64/64
f 64/64 564/564 5598/5598
f 7263/7263 180/180 2586/2586
f 180/180 5597/5597 57/57
f 6359/6359 3116/3116 1075/1075
f 6359/6359 4053/4053 3116/3116
f 6888/6888 5724/5724 512/512
f 6888/6888 3057/3057 5724/5724
f 2485/2485 744/744 3068/3068
f 3068/3068 744/744 745/745
f 2479/2479 1813/1813 2873/2873
f 2479/2479 2480/2480 1813/1813
f 4199/4199 1844/1844 2478/2478
f 2477/2477 1843/1843 1844/1844
f 7600/7600 1179/1179 4657/4657
f 1178/1178 4153/4153 7600/7600
f 7790/7790 7458/7458 1992/1992
f 1991/1991 7457/7457 7458/7458
f 7599/7599 4661/4661 1181/1181
f 1181/1181 7599/7599 5959/5959
f 1986/1986 7453/7453 7455/7455
f 1986/1986 2460/2460 7453/7453
f 5831/5831 7166/7166 7666/7666
f 634/634 7666/7666 7166/7166
f 5863/5863 7872/7872 7870/7870
f 6587/6587 5863/5863 7870/7870
f 7167/7167 7665/7665 2863/2863
f 5827/5827 7665/7665 7167/7167
f 7871/7871 5870/5870 5869/5869
f 7869/7869 5870/5870 7871/7871
f 1862/1862 6309/6309 4179/4179
f 7308/7308 6309/6309 1862/1862
f 4178/4178 6312/6312 2403/2403
f 6312/6312 1516/1516 2403/2403
f 474/474 6093/6093 3168/3168
f 6073/6073 1539/1539 3557/3557
f 242/242 5078/5078 337/337
f 5078/5078 4062/4062 337/337
f 4052/4052 5366/5366 583/583
f 583/583 5366/5366 194/194
f 4566/4566 900/900 3842/3842
f 3843/3843 3844/3844 4563/4563
f 4563/4563 3844/3844 896/896
f 7667/7667 3453/3453 6671/6671
f 6672/6672 7667/7667 6671/6671
f 5823/5823 2302/2302 3812/3812
f 3812/3812 2302/2302 1931/1931
f 3817/3817 1925/1925 2304/2304
f 5824/5824 3817/3817 2304/2304
f 1208/1208 946/946 3925/3925
f 7062/7062 1101/1101 1690/1690
f 866/866 7968/7968 1832/1832
f 2553/2553 7968/7968 6668/6668
f 1627/1627 1628/1628 7063/7063
f 7063/7063 1628/1628 1134/1134
f 1826/1826 825/825 1257/1257
f 6670/6670 6222/6222 2816/2816
f 6222/6222 6867/6867 979/979
f 1558/1558 76/76 6841/6841
f 6841/6841 76/76 6842/6842
f 3539/3539 6379/6379 4774/4774
f 2486/2486 3539/3539 4774/4774
f 6696/6696 4087/4087 2342/2342
f 2342/2342 4087/4087 4144/4144
f 2373/2373 6697/6697 4104/4104
f 4143/4143 2373/2373 4104/4104
f 4123/4123 4122/4122 1727/1727
f 4122/4122 6440/6440 1727/1727
f 5331/5331 6692/6692 7300/7300
f 6657/6657 5331/5331 3364/3364
f 7301/7301 3361/3361 1922/1922
f 3724/3724 3361/3361 4060/4060
f 4197/4197 473/473 6073/6073
f 5286/5286 473/473 4197/4197
f 6773/6773 7836/7836 5775/5775
f 5774/5774 7144/7144 5775/5775
f 6466/6466 1216/1216 808/808
f 6170/6170 957/957 3708/3708
f 6170/6170 6171/6171 957/957
f 6166/6166 3712/3712 962/962
f 2773/2773 962/962 2773/2773
f 5623/5623 2691/2691 5624/5624
f 7685/7685 1124/1124 5624/5624
f 1054/1054 6797/6797 4202/4202
f 4202/4202 6797/6797 4203/4203
f 3069/3069 745/745 1719/1719
f 3068/3068 745/745 3069/3069
f 5624/5624 1124/1124 5691/5691
f 1124/1124 1125/1125 5691/5691
f 1557/1557 1054/1054 5695/5695
f 5695/5695 1054/1054 4202/4202
f 1865/1865 5744/5744 1546/1546
f 1865/1865 1546/1546 2568/2568
f 1456/1456 518/518 519/519
f 1456/1456 519/519 2429/2429
f 4820/4820 6142/6142 4616/4616
f 1218/1218 6142/6142 4617/4617
f 7055/7055 1557/1557 5695/5695
f 1056/1056 1557/1557 5694/5694
f 5691/5691 1125/1125 5692/5692
f 1125/1125 3908/3908 5692/5692
f 2230/2230 1238/1238 6139/6139
f 1238/1238 1240/1240 6139/6139
f 4260/4260 1976/1976 6635/6635
f 1976/1976 4876/4876 6635/6635
f 2735/2735 6637/6637 1971/1971
f 1971/1971 6637/6637 4877/4877
f 4097/4097 1453/1453 1454/1454
f 4097/4097 1454/1454 3478/3478
f 588/588 587/587 916/916
f 588/588 916/916 3480/3480
f 7304/7304 4645/4645 6134/6134
f 4645/4645 1479/1479 6134/6134
f 6787/6787 7320/7320 7964/7964
f 7280/7280 7320/7320 6787/6787
f 6785/6785 7315/7315 6786/6786
f 7315/7315 7274/7274 6786/6786
f 872/872 6135/6135 7733/7733
f 4646/4646 6135/6135 4163/4163
f 3662/3662 6273/6273 3660/3660
f 6273/6273 6869/6869 3660/3660
f 6870/6870 6274/6274 3664/3664
f 3664/3664 6274/6274 1206/1206
f 7044/7044 7045/7045 4303/4303
f 7045/7045 5953/5953 4304/4304
f 1359/1359 4544/4544 1360/1360
f 4544/4544 1571/1571 1360/1360
f 1275/1275 1654/1654 4535/4535
f 4133/4133 7047/7047 7104/7104
f 1668/1668 6972/6972 2688/2688
f 6972/6972 5623/5623 2688/2688
f 659/659 661/661 5065/5065
f 661/661 4203/4203 5065/5065
f 5138/5138 4280/4280 2642/2642
f 1275/1275 4280/4280 7047/7047
f 4535/4535 980/980 4651/4651
f 4536/4536 7104/7104 1056/1056
f 7044/7044 4304/4304 4652/4652
f 3908/3908 7044/7044 3909/3909
f 4509/4509 4510/4510 2899/2899
f 2899/2899 4510/4510 6803/6803
f 6712/6712 6713/6713 1636/1636
f 2417/2417 4671/4671 181/181
f 7969/7969 7623/7623 301/301
f 1391/1391 7623/7623 7969/7969
f 4022/4022 6917/6917 7970/7970
f 259/259 4022/4022 7970/7970
f 3182/3182 5795/5795 7079/7079
f 3182/3182 5794/5794 5795/5795
f 7654/7654 4591/4591 3776/3776
f 5174/5174 7654/7654 3776/3776
f 5809/5809 7555/7555 7554/7554
f 5809/5809 7554/7554 4247/4247
f 6358/6358 7655/7655 5526/5526
f 6358/6358 7655/7655 6358/6358
f 5225/5225 7271/7271 5224/5224
f 3813/3813 7271/7271 5225/5225
f 5812/5812 4246/4246 7556/7556
f 5812/5812 7556/7556 7557/7557
f 3534/3534 3179/3179 5793/5793
f 3534/3534 5793/5793 5791/5791
f 3928/3928 3927/3927 7270/7270
f 3927/3927 5223/5223 7270/7270
f 7064/7064 67/67 152/152
f 152/152 67/67 6282/6282
f 7857/7857 7678/7678 1353/1353
f 5397/5397 3800/3800 7858/7858
f 5468/5468 3800/3800 3799/3799
f 4109/4109 5535/5535 5533/5533
f 7633/7633 5535/5535 4109/4109
f 5532/5532 7632/7632 4108/4108
f 4107/4107 5532/5532 4108/4108
f 7065/7065 104/104 58/58
f 104/104 6285/6285 58/58
f 6335/6335 6032/6032 1140/1140
f 6032/6032 6033/6033 1140/1140
f 3166/3166 7464/7464 6333/6333
f 7864/7864 7464/7464 3166/3166
f 7757/7757 1260/1260 5660/5660
f 5660/5660 1260/1260 5234/5234
f 7756/7756 5659/5659 1156/1156
f 5659/5659 5233/5233 1156/1156
f 1631/1631 1632/1632 3033/3033
f 2421/2421 2418/2418 2417/2417
f 4509/4509 2421/2421 2417/2417
f 4719/4719 7487/7487 4720/4720
f 4719/4719 4720/4720 7601/7601
f 5787/5787 4293/4293 3126/3126
f 3126/3126 4293/4293 4291/4291
f 232/232 1584/1584 2938/2938
f 1272/1272 232/232 2938/2938
f 699/699 5788/5788 4649/4649
f 2474/2474 699/699 4649/4649
f 3054/3054 4737/4737 1049/1049
f 6784/6784 4737/4737 7553/7553
f 7034/7034 3005/3005 1503/1503
f 7017/7017 5318/5318 3006/3006
f 3012/3012 7019/7019 7018/7018
f 3013/3013 5816/5816 7018/7018
f 5170/5170 5173/5173 7049/7049
f 7049/7049 5173/5173 2359/2359
f 5174/5174 7048/7048 5177/5177
f 7048/7048 2358/2358 5177/5177
f 1097/1097 6800/6800 6998/6998
f 3193/3193 6800/6800 1097/1097
f 2842/2842 7040/7040 4294/4294
f 7040/7040 7188/7188 4294/4294
f 2357/2357 333/333 7479/7479
f 7555/7555 7478/7478 2357/2357
f 2020/2020 6648/6648 743/743
f 4108/4108 7632/7632 2503/2503
f 7632/7632 6883/6883 2503/2503
f 7971/7971 7633/7633 2505/2505
f 2505/2505 7633/7633 4109/4109
f 4048/4048 410/410 3787/3787
f 5530/5530 410/410 4048/4048
f 3790/3790 996/996 5674/5674
f 996/996 6970/6970 5674/5674
f 2360/2360 7485/7485 6057/6057
f 7557/7557 2360/2360 7486/7486
f 2878/2878 6300/6300 4602/4602
f 1287/1287 6300/6300 2877/2877
f 6298/6298 4606/4606 4605/4605
f 2980/2980 6298/6298 592/592
f 6071/6071 3790/3790 5674/5674
f 4049/4049 3787/3787 6068/6068
f 4048/4048 3787/3787 4049/4049
f 2794/2794 6786/6786 2088/2088
f 2794/2794 4890/4890 2088/2088
f 2792/2792 2085/2085 6787/6787
f 2792/2792 2085/2085 5860/5860
f 1611/1611 4967/4967 4968/4968
f 4968/4968 4967/4967 6226/6226
f 3157/3157 7158/7158 3751/3751
f 3751/3751 7158/7158 3750/3750
f 3755/3755 7160/7160 3756/3756
f 7160/7160 3159/3159 3756/3756
f 3012/3012 3417/3417 7019/7019
f 5137/5137 7033/7033 7019/7019
f 7452/7452 3419/3419 7024/7024
f 7024/7024 3419/3419 7972/7972
f 5331/5331 6694/6694 4061/4061
f 7878/7878 7973/7973 4061/4061
f 5330/5330 4060/4060 7974/7974
f 7302/7302 4060/4060 6691/6691
f 1489/1489 7676/7676 6679/6679
f 1489/1489 2358/2358 7048/7048
f 618/618 7564/7564 4656/4656
f 6690/6690 7564/7564 618/618
f 6693/6693 7629/7629 7563/7563
f 7629/7629 7260/7260 7563/7563
f 5882/5882 7049/7049 2359/2359
f 5882/5882 3975/3975 7681/7681
f 866/866 7975/7975 7968/7968
f 7954/7954 7975/7975 4973/4973
f 6221/6221 6868/6868 2816/2816
f 6222/6222 6221/6221 6867/6867
f 6495/6495 6826/6826 6496/6496
f 6495/6495 6496/6496 7814/7814
f 2129/2129 5689/5689 6497/6497
f 2129/2129 6497/6497 5690/5690
f 804/804 7971/7971 2505/2505
f 7976/7976 7971/7971 804/804
f 2975/2975 2987/2987 6361/6361
f 638/638 6362/6362 2975/2975
f 6883/6883 7977/7977 2748/2748
f 2503/2503 6883/6883 993/993
f 1812/1812 3421/3421 7034/7034
f 7035/7035 3421/3421 3419/3419
f 2462/2462 7033/7033 3415/3415
f 5137/5137 3415/3415 2106/2106
f 5523/5523 4324/4324 5421/5421
f 241/241 2589/2589 6715/6715
f 1241/1241 3991/3991 5348/5348
f 3075/3075 375/375 5348/5348
f 1257/1257 5227/5227 1264/1264
f 5227/5227 2976/2976 7495/7495
f 5349/5349 3993/3993 1224/1224
f 562/562 3080/3080 5349/5349
f 6708/6708 4422/4422 7400/7400
f 1198/1198 736/736 7176/7176
f 3922/3922 7494/7494 3923/3923
f 946/946 2591/2591 3925/3925
f 1200/1200 6711/6711 738/738
f 7403/7403 3848/3848 6711/6711
f 2903/2903 3840/3840 5497/5497
f 2902/2902 5499/5499 3845/3845
f 2901/2901 2902/2902 3845/3845
f 5809/5809 5807/5807 7555/7555
f 334/334 334/334 5807/5807
f 5810/5810 325/325 325/325
f 5812/5812 7557/7557 5810/5810
f 13/13 14/14 1772/1772
f 6249/6249 5606/5606 2974/2974
f 7844/7844 7640/7640 7387/7387
f 7640/7640 7773/7773 7387/7387
f 1990/1990 1989/1989 7781/7781
f 1990/1990 7781/7781 4225/4225
f 7780/7780 7978/7978 4555/4555
f 7780/7780 6563/6563 7978/7978
f 7386/7386 7639/7639 7845/7845
f 7772/7772 7639/7639 7386/7386
f 3166/3166 7206/7206 7864/7864
f 1140/1140 6033/6033 7207/7207
f 3879/3879 3880/3880 6956/6956
f 6956/6956 3880/3880 1735/1735
f 1966/1966 4367/4367 4369/4369
f 4369/4369 4367/4367 2454/2454
f 4371/4371 1968/1968 4372/4372
f 4371/4371 4372/4372 2458/2458
f 2332/2332 2887/2887 5993/5993
f 2885/2885 2887/2887 2332/2332
f 2940/2940 2939/2939 3916/3916
f 5995/5995 2940/2940 2046/2046
f 6957/6957 3315/3315 4249/4249
f 6957/6957 4249/4249 4251/4251
f 2001/2001 3540/3540 2440/2440
f 2440/2440 3540/3540 2441/2441
f 2118/2118 2121/2121 3542/3542
f 3542/3542 2121/2121 2120/2120
f 4760/4760 3889/3889 3888/3888
f 4761/4761 3890/3890 3891/3891
f 4761/4761 3891/3891 4762/4762
f 6458/6458 7979/7979 4716/4716
f 6458/6458 4716/4716 7450/7450
f 1701/1701 6289/6289 2175/2175
f 6265/6265 1701/1701 2175/2175
f 1494/1494 2139/2139 6287/6287
f 2137/2137 2139/2139 1494/1494
f 7951/7951 3234/3234 7867/7867
f 3234/3234 766/766 7867/7867
f 7952/7952 7868/7868 6319/6319
f 3235/3235 7868/7868 757/757
f 4122/4122 1161/1161 6440/6440
f 1161/1161 1162/1162 6440/6440
f 3504/3504 2969/2969 7291/7291
f 2969/2969 1623/1623 7291/7291
f 3956/3956 7292/7292 3955/3955
f 2797/2797 7292/7292 3956/3956
f 1886/1886 6181/6181 2892/2892
f 828/828 1886/1886 4161/4161
f 2409/2409 2291/2291 5182/5182
f 2409/2409 2291/2291 2291/2291
f 7777/7777 2297/2297 2297/2297
f 2407/2407 6460/6460 2297/2297
f 2011/2011 3262/3262 6711/6711
f 2011/2011 4171/4171 6889/6889
f 6084/6084 107/107 4673/4673
f 4673/4673 6573/6573 6084/6084
f 6990/6990 7050/7050 2461/2461
f 7050/7050 2462/2462 2461/2461
f 4132/4132 5158/5158 5159/5159
f 5159/5159 5158/5158 6571/6571
f 3602/3602 7742/7742 5522/5522
f 3602/3602 5522/5522 933/933
f 4422/4422 6898/6898 4173/4173
f 2014/2014 7176/7176 3260/3260
f 7977/7977 7980/7980 992/992
f 2748/2748 7977/7977 992/992
f 803/803 7976/7976 804/804
f 6886/6886 7976/7976 803/803
f 1442/1442 1441/1441 4252/4252
f 1441/1441 4996/4996 4252/4252
f 3581/3581 2447/2447 3579/3579
f 3579/3579 2447/2447 2448/2448
f 6154/6154 4226/4226 7723/7723
f 6154/6154 586/586 4226/4226
f 4557/4557 6156/6156 3437/3437
f 4557/4557 327/327 6156/6156
f 3198/3198 3830/3830 3199/3199
f 6678/6678 3588/3588 7237/7237
f 6678/6678 3587/3587 3588/3588
f 3729/3729 7466/7466 3727/3727
f 7466/7466 3051/3051 3727/3727
f 5899/5899 2487/2487 5094/5094
f 5897/5897 7005/7005 1124/1124
f 4214/4214 7804/7804 1557/1557
f 7209/7209 5566/5566 7896/7896
f 963/963 7037/7037 7143/7143
f 963/963 6015/6015 1663/1663
f 7039/7039 960/960 7141/7141
f 1661/1661 959/959 960/960
f 1515/1515 7223/7223 5265/5265
f 5484/5484 7223/7223 7224/7224
f 4727/4727 843/843 2282/2282
f 2282/2282 7363/7363 4727/4727
f 6836/6836 5497/5497 4565/4565
f 2903/2903 5497/5497 6836/6836
f 2902/2902 6837/6837 5499/5499
f 4725/4725 2286/2286 852/852
f 4725/4725 7362/7362 2286/2286
f 2128/2128 4781/4781 5690/5690
f 2129/2129 5690/5690 4781/4781
f 7814/7814 6496/6496 4776/4776
f 4740/4740 7814/7814 4776/4776
f 2069/2069 4251/4251 4250/4250
f 2069/2069 6957/6957 4251/4251
f 361/361 2424/2424 1331/1331
f 6548/6548 3553/3553 842/842
f 4816/4816 3553/3553 6548/6548
f 3049/3049 4811/4811 6549/6549
f 3049/3049 6549/6549 855/855
f 1425/1425 3425/3425 706/706
f 1345/1345 4702/4702 1679/1679
f 1346/1346 1345/1345 1679/1679
f 2259/2259 3296/3296 1292/1292
f 1292/1292 3296/3296 1295/1295
f 6989/6989 6990/6990 1861/1861
f 6990/6990 2461/2461 1861/1861
f 6987/6987 3374/3374 7060/7060
f 6988/6988 2405/2405 6295/6295
f 7981/7981 2410/2410 6822/6822
f 6822/6822 4196/4196 4196/4196
f 3170/3170 1110/1110 7091/7091
f 7091/7091 1110/1110 339/339
f 4790/4790 2989/2989 7084/7084
f 279/279 4790/4790 229/229
f 7017/7017 3006/3006 7042/7042
f 5138/5138 3006/3006 4280/4280
f 5575/5575 6369/6369 2218/2218
f 5575/5575 4792/4792 6369/6369
f 7967/7967 7173/7173 3604/3604
f 7173/7173 4206/4206 3603/3603
f 4840/4840 5265/5265 5266/5266
f 7224/7224 5265/5265 7041/7041
f 1884/1884 7982/7982 6489/6489
f 1570/1570 7982/7982 1884/1884
f 6728/6728 1977/1977 6413/6413
f 1977/1977 1525/1525 6413/6413
f 7207/7207 6207/6207 1141/1141
f 1141/1141 6207/6207 5080/5080
f 195/195 568/568 567/567
f 567/567 7206/7206 195/195
f 5408/5408 4100/4100 4098/4098
f 5407/5407 4100/4100 5408/5408
f 4687/4687 7983/7983 7695/7695
f 5993/5993 7983/7983 4687/4687
f 7696/7696 7984/7984 1046/1046
f 7984/7984 5995/5995 1046/1046
f 1457/1457 171/171 4222/4222
f 171/171 6120/6120 4222/4222
f 1246/1246 3627/3627 6832/6832
f 2170/2170 3627/3627 6831/6831
f 6559/6559 5841/5841 859/859
f 6559/6559 4917/4917 5841/5841
f 6987/6987 3373/3373 6294/6294
f 6986/6986 1811/1811 6987/6987
f 6989/6989 1861/1861 1861/1861
f 5781/5781 6991/6991 7985/7985
f 5837/5837 5885/5885 5839/5839
f 5839/5839 5885/5885 822/822
f 6531/6531 1471/1471 6532/6532
f 4984/4984 1472/1472 6531/6531
f 6530/6530 7015/7015 1468/1468
f 675/675 6530/6530 4439/4439
f 2257/2257 3218/3218 5982/5982
f 3218/3218 7827/7827 3942/3942
f 5922/5922 3821/3821 5923/5923
f 5922/5922 2401/2401 3821/3821
f 3820/3820 5925/5925 5924/5924
f 934/934 5925/5925 3820/3820
f 4944/4944 4945/4945 3650/3650
f 5050/5050 4944/4944 6286/6286
f 4942/4942 4943/4943 6740/6740
f 6288/6288 4943/4943 5047/5047
f 6954/6954 5802/5802 3215/3215
f 2252/2252 3946/3946 6954/6954
f 3574/3574 6886/6886 803/803
f 6262/6262 6886/6886 3574/3574
f 6264/6264 3530/3530 7980/7980
f 992/992 7980/7980 3530/3530
f 2447/2447 643/643 3989/3989
f 2447/2447 3989/3989 2448/2448
f 2028/2028 6283/6283 2029/2029
f 6283/6283 4699/4699 7986/7986
f 1447/1447 2744/2744 1519/1519
f 2744/2744 5938/5938 1519/1519
f 2177/2177 1517/1517 5937/5937
f 68/68 1517/1517 2177/2177
f 3200/3200 3199/3199 4513/4513
f 3200/3200 4513/4513 904/904
f 7960/7960 7128/7128 403/403
f 4179/4179 4006/4006 7128/7128
f 7129/7129 4004/4004 4178/4178
f 7129/7129 7130/7130 376/376
f 5531/5531 6297/6297 2753/2753
f 6297/6297 5531/5531 4106/4106
f 5534/5534 2383/2383 6299/6299
f 4110/4110 5534/5534 6299/6299
f 7700/7700 7696/7696 1045/1045
f 7696/7696 1046/1046 6641/6641
f 4687/4687 7695/7695 1188/1188
f 1188/1188 7695/7695 7699/7699
f 5098/5098 6060/6060 1044/1044
f 1044/1044 6060/6060 397/397
f 7323/7323 2201/2201 7508/7508
f 1767/1767 6997/6997 7508/7508
f 1875/1875 3636/3636 5309/5309
f 1875/1875 7987/7987 990/990
f 3585/3585 5894/5894 2735/2735
f 3585/3585 2735/2735 1971/1971
f 3584/3584 1976/1976 4260/4260
f 5892/5892 3584/3584 4260/4260
f 1839/1839 3951/3951 6779/6779
f 3951/3951 4558/4558 6779/6779
f 4786/4786 3947/3947 6782/6782
f 6782/6782 3947/3947 1835/1835
f 1665/1665 1666/1666 1604/1604
f 1604/1604 1666/1666 6943/6943
f 3340/3340 7569/7569 4913/4913
f 6964/6964 5373/5373 4913/4913
f 2157/2157 2828/2828 1461/1461
f 2828/2828 5696/5696 1461/1461
f 6150/6150 7366/7366 6148/6148
f 6150/6150 1697/1697 7366/7366
f 6152/6152 786/786 6151/6151
f 6152/6152 6151/6151 6995/6995
f 4917/4917 7570/7570 6959/6959
f 5375/5375 6959/6959 4918/4918
f 4341/4341 2009/2009 1354/1354
f 4341/4341 2008/2008 2009/2009
f 1113/1113 1956/1956 3381/3381
f 6007/6007 1956/1956 3381/3381
f 6008/6008 5460/5460 6416/6416
f 847/847 3378/3378 6416/6416
f 5483/5483 2037/2037 1223/1223
f 5483/5483 3731/3731 2037/2037
f 4042/4042 6088/6088 7869/7869
f 7869/7869 6088/6088 5870/5870
f 7988/7988 4773/4773 7005/7005
f 2486/2486 4774/4774 4773/4773
f 7953/7953 6842/6842 4214/4214
f 6841/6841 6842/6842 6305/6305
f 5863/5863 6090/6090 7872/7872
f 6090/6090 2002/2002 7872/7872
f 3519/3519 5311/5311 2051/2051
f 3519/3519 2051/2051 3520/3520
f 2935/2935 1888/1888 5313/5313
f 2935/2935 3522/3522 1888/1888
f 6640/6640 7699/7699 7649/7649
f 1188/1188 7699/7699 4875/4875
f 7648/7648 7700/7700 4873/4873
f 7700/7700 1045/1045 4873/4873
f 164/164 4483/4483 3106/3106
f 164/164 3934/3934 7760/7760
f 5865/5865 4127/4127 3343/3343
f 5865/5865 3343/3343 364/364
f 6261/6261 6262/6262 324/324
f 6262/6262 3574/3574 324/324
f 4632/4632 6324/6324 4353/4353
f 316/316 6324/6324 4632/4632
f 4721/4721 5781/5781 5780/5780
f 2242/2242 4721/4721 5780/5780
f 6263/6263 117/117 6264/6264
f 6264/6264 117/117 3530/3530
f 2920/2920 2363/2363 4400/4400
f 2363/2363 2362/2362 4400/4400
f 4539/4539 6476/6476 6945/6945
f 4850/4850 4539/4539 6945/6945
f 4849/4849 6947/6947 53/53
f 53/53 6469/6469 6470/6470
f 2881/2881 1062/1062 1063/1063
f 2881/2881 1063/1063 691/691
f 4463/4463 3101/3101 69/69
f 1232/1232 3101/3101 4463/4463
f 575/575 4458/4458 3100/3100
f 4458/4458 4180/4180 3100/3100
f 3612/3612 2818/2818 6672/6672
f 6672/6672 2818/2818 422/422
f 5446/5446 5445/5445 7215/7215
f 5445/5445 5313/5313 2934/2934
f 5447/5447 7214/7214 2931/2931
f 2931/2931 2933/2933 5311/5311
f 731/731 5645/5645 2331/2331
f 731/731 2331/2331 2202/2202
f 2045/2045 5647/5647 2979/2979
f 2045/2045 2979/2979 5097/5097
f 4078/4078 7071/7071 2613/2613
f 2613/2613 7071/7071 2611/2611
f 1103/1103 4884/4884 74/74
f 1103/1103 6617/6617 4884/4884
f 2617/2617 7070/7070 2619/2619
f 7070/7070 4082/4082 2619/2619
f 7942/7942 7989/7989 4888/4888
f 7942/7942 2640/2640 7989/7989
f 1490/1490 5088/5088 4313/4313
f 1490/1490 4314/4314 631/631
f 2620/2620 5604/5604 5605/5605
f 2620/2620 5605/5605 2621/2621
f 5544/5544 4235/4235 6986/6986
f 2290/2290 4235/4235 5544/5544
f 2615/2615 2614/2614 5602/5602
f 2615/2615 5602/5602 5603/5603
f 6013/6013 6013/6013 7331/7331
f 3625/3625 7331/7331 6567/6567
f 7330/7330 6010/6010 6010/6010
f 7330/7330 2488/2488 2488/2488
f 2285/2285 6646/6646 770/770
f 2285/2285 2528/2528 6646/6646
f 2281/2281 1341/1341 6645/6645
f 2281/2281 6645/6645 2561/2561
f 42/42 43/43 6185/6185
f 6183/6183 6184/6184 9/9
f 2620/2620 4081/4081 5604/5604
f 4081/4081 35/35 5604/5604
f 2615/2615 5603/5603 4076/4076
f 4076/4076 5603/5603 26/26
f 6640/6640 7649/7649 2857/2857
f 729/729 7649/7649 7748/7748
f 7648/7648 6641/6641 4114/4114
f 7747/7747 7648/7648 1952/1952
f 7964/7964 7432/7432 3884/3884
f 7320/7320 7432/7432 7964/7964
f 7430/7430 7315/7315 6785/6785
f 3886/3886 7430/7430 6785/6785
f 4493/4493 7470/7470 3903/3903
f 4493/4493 7536/7536 7470/7470
f 1584/1584 5684/5684 5685/5685
f 2938/2938 1584/1584 5685/5685
f 4496/4496 7472/7472 7537/7537
f 4496/4496 5641/5641 7472/7472
f 7859/7859 5459/5459 4434/4434
f 6565/6565 5459/5459 7859/7859
f 7990/7990 6564/6564 3950/3950
f 4436/4436 7990/7990 3950/3950
f 6263/6263 116/116 117/117
f 5311/5311 116/116 6263/6263
f 6261/6261 324/324 5314/5314
f 5313/5313 6261/6261 323/323
f 5686/5686 1631/1631 3033/3033
f 5687/5687 1631/1631 5686/5686
f 6068/6068 3651/3651 3652/3652
f 3787/3787 3651/3651 6068/6068
f 3773/3773 3790/3790 6071/6071
f 3774/3774 3773/3773 6071/6071
f 1405/1405 4079/4079 4082/4082
f 7070/7070 1405/1405 4082/4082
f 4078/4078 1400/1400 7071/7071
f 4075/4075 1400/1400 4078/4078
f 2616/2616 2618/2618 2315/2315
f 1234/1234 2616/2616 2315/2315
f 6179/6179 3475/3475 3476/3476
f 3477/3477 6179/6179 3476/3476
f 2308/2308 2612/2612 1018/1018
f 2610/2610 2612/2612 2308/2308
f 1048/1048 6180/6180 1435/1435
f 1435/1435 6180/6180 4712/4712
f 3995/3995 1731/1731 7909/7909
f 7909/7909 1731/1731 663/663
f 6860/6860 1491/1491 6859/6859
f 969/969 1491/1491 6860/6860
f 5734/5734 975/975 6858/6858
f 1719/1719 1720/1720 4134/4134
f 4134/4134 1720/1720 5103/5103
f 4075/4075 3103/3103 1400/1400
f 6233/6233 3103/3103 4075/4075
f 1405/1405 3105/3105 4079/4079
f 3105/3105 6234/6234 4079/4079
f 2858/2858 7748/7748 2179/2179
f 729/729 7748/7748 2858/2858
f 7747/7747 4872/4872 4113/4113
f 2262/2262 7747/7747 4113/4113
f 3088/3088 4228/4228 6444/6444
f 3088/3088 3089/3089 6444/6444
f 5324/5324 2630/2630 6196/6196
f 5324/5324 2630/2630 2630/2630
f 5951/5951 2943/2943 3773/3773
f 2943/2943 3789/3789 3773/3773
f 3788/3788 6214/6214 3651/3651
f 3651/3651 6214/6214 5669/5669
f 4625/4625 7991/7991 6483/6483
f 4625/4625 5576/5576 724/724
f 3105/3105 144/144 6234/6234
f 6234/6234 144/144 4036/4036
f 1991/1991 4756/4756 7574/7574
f 4756/4756 3396/3396 7574/7574
f 4032/4032 704/704 6233/6233
f 704/704 3103/3103 6233/6233
f 3391/3391 7575/7575 4757/4757
f 4757/4757 7575/7575 7606/7606
f 5159/5159 6571/6571 4131/4131
f 4131/4131 6571/6571 6572/6572
f 5007/5007 7272/7272 5553/5553
f 5553/5553 7272/7272 5792/5792
f 4673/4673 3349/3349 6573/6573
f 3349/3349 6574/6574 6573/6573
f 7713/7713 7210/7210 7211/7211
f 7713/7713 7257/7257 7210/7210
f 7992/7992 7174/7174 7256/7256
f 7992/7992 7175/7175 7174/7174
f 4649/4649 5788/5788 1047/1047
f 5788/5788 5789/5789 1047/1047
f 1781/1781 5787/5787 3126/3126
f 7273/7273 5011/5011 3216/3216
f 5796/5796 7273/7273 3216/3216
f 7684/7684 6905/6905 6255/6255
f 6905/6905 7684/7684 484/484
f 6256/6256 6906/6906 908/908
f 6256/6256 7437/7437 6906/6906
f 5971/5971 6872/6872 2551/2551
f 187/187 2551/2551 7910/7910
f 5199/5199 3549/3549 3275/3275
f 3549/3549 3274/3274 3275/3275
f 1486/1486 5808/5808 5809/5809
f 4248/4248 5808/5808 1486/1486
f 4244/4244 1092/1092 5811/5811
f 1092/1092 5812/5812 5811/5811
f 3084/3084 855/855 2491/2491
f 3084/3084 2491/2491 1171/1171
f 1129/1129 841/841 3085/3085
f 841/841 842/842 3085/3085
f 5857/5857 1491/1491 746/746
f 1634/1634 5857/5857 746/746
f 6798/6798 6796/6796 4990/4990
f 4203/4203 6798/6798 4990/4990
f 4782/4782 2691/2691 5625/5625
f 5625/5625 2691/2691 5623/5623
f 2588/2588 882/882 882/882
f 6177/6177 6355/6355 881/881
f 2707/2707 6748/6748 4069/4069
f 4069/4069 7601/7601 6748/6748
f 7993/7993 7195/7195 4722/4722
f 7195/7195 4721/4721 2242/2242
f 7427/7427 1412/1412 3600/3600
f 7427/7427 4836/4836 1412/1412
f 4606/4606 4106/4106 5030/5030
f 6297/6297 4106/4106 4606/4606
f 1286/1286 4110/4110 2878/2878
f 4110/4110 6299/6299 2878/2878
f 7994/7994 2262/2262 4112/4112
f 2262/2262 4113/4113 4112/4112
f 2858/2858 2179/2179 2859/2859
f 2859/2859 2179/2179 7995/7995
f 3270/3270 5015/5015 5016/5016
f 3270/3270 4560/4560 5015/5015
f 4927/4927 3081/3081 4928/4928
f 6877/6877 3081/3081 4927/4927
f 7301/7301 3363/3363 3361/3361
f 982/982 3363/3363 7301/7301
f 7194/7194 2290/2290 5544/5544
f 734/734 5545/5545 7194/7194
f 3366/3366 6657/6657 5960/5960
f 6657/6657 3364/3364 3366/3366
f 5891/5891 1973/1973 5892/5892
f 5892/5892 1973/1973 3584/3584
f 1970/1970 5893/5893 5894/5894
f 3585/3585 1970/1970 5894/5894
f 3903/3903 7470/7470 7471/7471
f 3903/3903 7471/7471 5642/5642
f 5641/5641 7473/7473 7472/7472
f 5641/5641 3904/3904 7473/7473
f 1455/1455 6680/6680 5518/5518
f 5518/5518 6680/6680 2429/2429
f 6544/6544 7642/7642 4052/4052
f 5367/5367 4052/4052 7642/7642
f 5725/5725 5573/5573 4062/4062
f 5079/5079 5725/5725 4062/4062
f 2567/2567 1547/1547 6198/6198
f 2568/2568 2567/2567 6198/6198
f 7843/7843 7278/7278 7847/7847
f 7281/7281 7278/7278 7843/7843
f 7846/7846 7276/7276 7841/7841
f 7276/7276 7277/7277 7841/7841
f 5037/5037 7218/7218 7217/7217
f 5037/5037 7217/7217 3643/3643
f 3648/3648 7219/7219 6733/6733
f 5038/5038 7219/7219 7220/7220
f 2819/2819 343/343 876/876
f 2819/2819 342/342 343/343
f 6395/6395 2847/2847 5070/5070
f 2845/2845 5070/5070 2350/2350
f 4676/4676 6044/6044 3508/3508
f 7689/7689 4388/4388 3431/3431
f 4675/4675 3510/3510 6041/6041
f 4675/4675 6356/6356 4391/4391
f 2851/2851 5066/5066 5066/5066
f 2851/2851 1166/1166 5068/5068
f 1616/1616 319/319 1617/1617
f 7994/7994 4112/4112 4111/4111
f 2263/2263 7994/7994 4111/4111
f 2860/2860 7995/7995 1752/1752
f 2859/2859 7995/7995 2860/2860
f 6952/6952 1232/1232 4462/4462
f 4462/4462 1232/1232 4463/4463
f 6951/6951 4459/4459 575/575
f 4459/4459 4458/4458 575/575
f 1313/1313 3988/3988 3986/3986
f 3988/3988 3990/3990 3986/3986
f 57/57 3945/3945 5801/5801
f 7941/7941 7928/7928 5801/5801
f 3829/3829 1541/1541 3413/3413
f 3413/3413 1541/1541 3414/3414
f 7940/7940 3943/3943 563/563
f 563/563 3943/3943 3944/3944
f 6481/6481 1850/1850 5936/5936
f 6481/6481 2605/2605 1850/1850
f 6485/6485 5939/5939 3278/3278
f 6485/6485 3278/3278 2606/2606
f 5432/5432 972/972 1010/1010
f 1309/1309 2078/2078 2079/2079
f 2079/2079 2049/2049 1309/1309
f 2209/2209 5428/5428 2430/2430
f 5428/5428 2696/2696 2430/2430
f 2543/2543 5567/5567 2204/2204
f 2543/2543 2545/2545 5567/5567
f 3788/3788 2811/2811 6214/6214
f 6924/6924 2811/2811 3788/3788
f 2944/2944 6925/6925 3789/3789
f 2943/2943 2944/2944 3789/3789
f 7175/7175 4739/4739 7232/7232
f 7712/7712 7175/7175 7992/7992
f 7233/7233 7711/7711 7211/7211
f 7711/7711 7713/7713 7211/7211
f 5167/5167 7538/7538 7428/7428
f 5253/5253 7538/7538 5167/5167
f 2992/2992 2994/2994 4588/4588
f 2994/2994 6809/6809 4588/4588
f 1474/1474 4765/4765 1475/1475
f 3447/3447 4765/4765 351/351
f 2190/2190 1059/1059 3955/3955
f 7292/7292 2190/2190 3955/3955
f 7291/7291 1623/1623 4804/4804
f 4804/4804 1623/1623 130/130
f 4102/4102 536/536 5715/5715
f 536/536 538/538 5715/5715
f 647/647 5716/5716 2057/2057
f 6362/6362 2985/2985 7647/7647
f 6362/6362 4841/4841 2985/2985
f 3800/3800 2031/2031 2032/2032
f 7702/7702 2032/2032 822/822
f 1226/1226 4641/4641 1751/1751
f 2769/2769 4641/4641 1226/1226
f 7703/7703 859/859 3313/3313
f 1352/1352 3313/3313 3312/3312
f 1235/1235 1234/1234 2316/2316
f 1234/1234 2315/2315 2316/2316
f 2308/2308 1018/1018 2310/2310
f 2310/2310 1018/1018 1019/1019
f 197/197 7143/7143 3485/3485
f 198/198 198/198 3485/3485
f 3490/3490 147/147 146/146
f 7141/7141 147/147 3490/3490
f 5352/5352 5353/5353 4779/4779
f 5352/5352 4779/4779 2128/2128
f 6986/6986 2288/2288 1811/1811
f 4235/4235 2288/2288 6986/6986
f 7447/7447 4775/4775 5350/5350
f 7447/7447 4740/4740 4775/4775
f 497/497 6952/6952 2317/2317
f 2317/2317 6952/6952 4462/4462
f 2312/2312 4459/4459 6951/6951
f 384/384 2312/2312 6951/6951
f 7672/7672 5809/5809 4247/4247
f 7673/7673 7672/7672 4247/4247
f 7674/7674 4246/4246 5812/5812
f 359/359 4246/4246 7674/7674
f 5482/5482 1013/1013 3422/3422
f 1013/1013 1771/1771 3422/3422
f 2657/2657 3442/3442 5481/5481
f 7817/7817 5261/5261 421/421
f 806/806 3368/3368 3370/3370
f 806/806 3370/3370 4037/4037
f 3498/3498 3497/3497 1847/1847
f 1847/1847 4034/4034 3498/3498
f 1398/1398 5926/5926 385/385
f 5926/5926 384/384 385/385
f 2924/2924 2925/2925 7269/7269
f 3204/3204 2924/2924 7269/7269
f 5927/5927 496/496 497/497
f 1403/1403 496/496 5927/5927
f 4396/4396 1782/1782 263/263
f 7631/7631 1782/1782 432/432
f 189/189 1791/1791 6962/6962
f 1791/1791 6960/6960 189/189
f 1097/1097 6998/6998 3738/3738
f 3738/3738 6998/6998 3736/3736
f 6074/6074 6714/6714 1571/1571
f 4544/4544 6074/6074 1571/1571
f 1473/1473 5016/5016 3272/3272
f 5016/5016 1128/1128 3272/3272
f 4926/4926 4928/4928 4086/4086
f 1172/1172 4928/4928 4926/4926
f 6926/6926 1228/1228 2992/2992
f 6760/6760 6160/6160 6926/6926
f 184/184 3607/3607 3608/3608
f 184/184 3608/3608 2906/2906
f 6059/6059 2836/2836 6059/6059
f 650/650 2836/2836 6059/6059
f 4989/4989 3247/3247 4988/4988
f 2831/2831 1429/1429 3248/3248
f 4892/4892 5091/5091 5093/5093
f 2793/2793 792/792 4892/4892
f 713/713 38/38 4039/4039
f 713/713 4039/4039 4195/4195
f 791/791 2795/2795 4889/4889
f 1066/1066 791/791 4889/4889
f 6786/6786 7274/7274 7846/7846
f 7274/7274 7276/7276 7846/7846
f 7278/7278 7280/7280 7847/7847
f 7847/7847 7280/7280 6787/6787
f 1845/1845 5794/5794 3182/3182
f 1845/1845 2872/2872 5794/5794
f 6582/6582 1876/1876 4526/4526
f 7463/7463 6582/6582 7588/7588
f 2082/2082 5791/5791 2874/2874
f 2082/2082 3534/3534 5791/5791
f 6578/6578 4525/4525 3282/3282
f 7465/7465 7586/7586 6578/6578
f 5858/5858 3521/3521 4137/4137
f 1028/1028 3521/3521 5858/5858
f 5859/5859 38/38 3518/3518
f 1027/1027 5859/5859 3518/3518
f 7176/7176 5735/5735 7401/7401
f 4422/4422 5735/5735 7400/7400
f 7620/7620 4806/4806 4113/4113
f 7619/7619 4806/4806 1120/1120
f 2858/2858 2181/2181 6318/6318
f 2181/2181 6726/6726 5130/5130
f 6727/6727 1357/1357 3324/3324
f 6727/6727 84/84 1357/1357
f 5738/5738 3848/3848 7403/7403
f 7402/7402 5738/5738 6711/6711
f 3209/3209 875/875 5287/5287
f 5287/5287 875/875 5285/5285
f 527/527 3327/3327 1284/1284
f 527/527 1284/1284 25/25
f 5291/5291 1272/1272 5290/5290
f 5958/5958 3592/3592 2578/2578
f 1739/1739 5958/5958 2578/2578
f 1737/1737 2581/2581 5956/5956
f 5956/5956 2581/2581 1448/1448
f 1172/1172 4926/4926 3716/3716
f 1173/1173 1172/1172 3716/3716
f 3272/3272 1128/1128 3720/3720
f 3720/3720 1128/1128 1130/1130
f 7296/7296 1548/1548 5743/5743
f 1548/1548 5359/5359 5743/5743
f 6772/6772 6110/6110 4620/4620
f 4620/4620 6110/6110 6109/6109
f 1164/1164 5269/5269 4501/4501
f 132/132 1164/1164 4500/4500
f 122/122 7996/7996 5273/5273
f 122/122 4498/4498 1167/1167
f 3768/3768 5058/5058 6977/6977
f 6977/6977 3764/3764 6978/6978
f 5056/5056 3770/3770 6979/6979
f 6980/6980 3772/3772 2949/2949
f 41/41 6428/6428 5797/5797
f 266/266 41/41 5797/5797
f 3512/3512 5412/5412 4392/4392
f 4392/4392 4390/4390 5412/5412
f 6519/6519 5800/5800 7997/7997
f 31/31 5800/5800 1933/1933
f 6667/6667 1639/1639 5213/5213
f 1834/1834 1639/1639 6667/6667
f 5216/5216 977/977 6669/6669
f 977/977 978/978 6669/6669
f 3727/3727 3053/3053 3728/3728
f 3053/3053 5319/5319 3728/3728
f 4305/4305 1378/1378 1191/1191
f 115/115 4305/4305 1191/1191
f 7493/7493 3749/3749 4237/4237
f 3747/3747 3749/3749 7493/7493
f 4389/4389 5419/5419 4387/4387
f 3508/3508 4389/4389 4387/4387
f 82/82 167/167 6568/6568
f 6568/6568 167/167 4268/4268
f 3752/3752 7492/7492 3753/3753
f 7492/7492 4263/4263 3753/3753
f 2632/2632 7530/7530 3231/3231
f 7530/7530 101/101 3231/3231
f 5798/5798 4165/4165 829/829
f 4165/4165 86/86 7531/7531
f 7279/7279 4532/4532 412/412
f 7281/7281 2253/2253 7279/7279
f 430/430 2256/2256 7275/7275
f 2256/2256 7277/7277 7275/7275
f 7479/7479 333/333 5176/5176
f 5177/5177 7479/7479 5176/5176
f 7485/7485 5172/5172 6057/6057
f 5173/5173 5580/5580 7485/7485
f 7386/7386 7845/7845 5038/5038
f 7845/7845 7219/7219 3648/3648
f 4098/4098 1977/1977 6728/6728
f 5409/5409 4098/4098 6728/6728
f 7982/7982 7908/7908 6489/6489
f 6489/6489 7908/7908 6928/6928
f 7217/7217 7844/7844 3643/3643
f 3643/3643 7844/7844 7387/7387
f 3578/3578 7157/7157 5121/5121
f 1638/1638 7157/7157 3578/3578
f 75/75 7213/7213 76/76
f 75/75 5297/5297 7213/7213
f 5118/5118 7446/7446 3577/3577
f 7446/7446 1556/1556 3577/3577
f 7612/7612 5680/5680 4485/4485
f 7612/7612 1473/1473 5680/5680
f 52/52 7212/7212 3539/3539
f 7212/7212 3877/3877 3539/3539
f 7613/7613 4085/4085 7440/7440
f 4086/4086 7613/7613 7440/7440
f 631/631 7072/7072 2229/2229
f 4315/4315 7072/7072 631/631
f 910/910 7195/7195 739/739
f 4170/4170 910/910 2243/2243
f 4174/4174 2289/2289 1270/1270
f 6373/6373 734/734 7194/7194
f 5296/5296 2472/2472 4373/4373
f 6397/6397 7881/7881 2367/2367
f 7900/7900 2367/2367 7881/7881
f 3244/3244 3243/3243 7883/7883
f 7883/7883 3243/3243 7897/7897
f 2353/2353 2354/2354 5295/5295
f 5295/5295 2354/2354 3735/3735
f 6547/6547 6545/6545 5267/5267
f 6545/6545 6547/6547 1073/1073
f 5786/5786 3126/3126 3475/3475
f 6179/6179 5786/5786 3475/3475
f 1047/1047 5790/5790 1048/1048
f 1048/1048 5790/5790 6180/6180
f 17/17 2335/2335 5644/5644
f 2380/2380 17/17 5644/5644
f 7897/7897 3962/3962 3857/3857
f 7883/7883 7897/7897 3857/3857
f 1095/1095 4147/4147 6802/6802
f 4147/4147 4149/4149 6802/6802
f 238/238 5648/5648 2044/2044
f 2755/2755 5648/5648 238/238
f 6795/6795 7802/7802 6855/6855
f 4993/4993 2273/2273 5773/5773
f 7881/7881 3852/3852 7900/7900
f 7900/7900 3852/3852 3963/3963
f 4966/4966 7351/7351 5907/5907
f 6719/6719 4966/4966 5907/5907
f 595/595 5909/5909 6720/6720
f 4997/4997 4997/4997 595/595
f 7734/7734 1485/1485 5887/5887
f 4647/4647 1485/1485 6808/6808
f 6664/6664 6804/6804 1478/1478
f 6804/6804 6804/6804 1478/1478
f 574/574 5503/5503 5502/5502
f 574/574 5502/5502 2821/2821
f 2183/2183 7248/7248 3403/3403
f 7248/7248 2889/2889 3403/3403
f 5525/5525 2298/2298 7751/7751
f 937/937 937/937 937/937
f 1035/1035 893/893 893/893
f 1035/1035 7752/7752 1939/1939
f 7365/7365 6596/6596 5507/5507
f 5509/5509 7365/7365 5507/5507
f 3637/3637 4609/4609 7380/7380
f 7380/7380 4609/4609 7381/7381
f 2558/2558 4437/4437 4827/4827
f 1837/1837 5458/5458 4827/4827
f 106/106 52/52 2486/2486
f 7861/7861 5897/5897 7810/7810
f 1836/1836 4824/4824 5459/5459
f 2555/2555 4824/4824 4435/4435
f 76/76 129/129 5566/5566
f 5566/5566 7803/7803 7802/7802
f 1540/1540 1542/1542 6093/6093
f 1538/1538 1542/1542 1762/1762
f 3985/3985 3987/3987 6930/6930
f 1314/1314 3985/3985 5683/5683
f 7598/7598 4027/4027 7448/7448
f 7448/7448 4027/4027 6561/6561
f 4029/4029 5385/5385 7449/7449
f 6562/6562 4029/4029 7449/7449
f 2044/2044 5646/5646 5241/5241
f 5648/5648 5646/5646 2044/2044
f 5644/5644 2335/2335 5643/5643
f 2335/2335 5240/5240 5643/5643
f 500/500 4695/4695 5753/5753
f 377/377 376/376 4695/4695
f 4698/4698 403/403 404/404
f 5759/5759 4698/4698 424/424
f 3458/3458 2838/2838 5713/5713
f 2838/2838 2834/2834 5713/5713
f 3459/3459 5712/5712 2832/2832
f 2832/2832 5712/5712 2830/2830
f 2696/2696 5409/5409 1217/1217
f 4768/4768 2511/2511 6353/6353
f 2510/2510 2511/2511 4768/4768
f 4769/4769 6352/6352 2349/2349
f 6018/6018 4066/4066 6405/6405
f 4066/4066 4066/4066 2195/2195
f 4064/4064 2192/2192 4063/4063
f 6020/6020 6402/6402 6403/6403
f 5437/5437 1029/1029 1890/1890
f 5438/5438 5437/5437 1890/1890
f 5434/5434 2053/2053 5435/5435
f 5435/5435 2053/2053 1026/1026
f 7187/7187 1293/1293 5105/5105
f 7187/7187 5105/5105 3294/3294
f 7040/7040 3741/3741 7188/7188
f 7188/7188 3741/3741 3742/3742
f 7107/7107 877/877 4816/4816
f 877/877 7853/7853 4816/4816
f 4765/4765 6666/6666 6665/6665
f 6665/6665 6666/6666 2236/2236
f 7852/7852 7510/7510 4811/4811
f 4811/4811 7510/7510 7106/7106
f 1701/1701 3646/3646 6289/6289
f 3646/3646 5047/5047 6289/6289
f 3649/3649 6287/6287 5050/5050
f 1494/1494 6287/6287 3649/3649
f 6704/6704 754/754 6190/6190
f 6704/6704 754/754 7726/7726
f 7516/7516 6864/6864 6141/6141
f 6864/6864 6866/6866 6141/6141
f 6863/6863 1237/1237 6140/6140
f 6140/6140 1237/1237 7517/7517
f 7851/7851 5253/5253 4770/4770
f 3939/3939 7851/7851 4770/4770
f 4729/4729 4728/4728 6410/6410
f 4730/4730 4729/4729 6410/6410
f 6411/6411 4731/4731 4732/4732
f 6411/6411 4732/4732 4733/4733
f 6214/6214 3653/3653 5669/5669
f 5669/5669 3653/3653 3689/3689
f 126/126 5950/5950 5951/5951
f 5950/5950 2943/2943 5951/5951
f 595/595 7998/7998 5908/5908
f 1953/1953 7998/7998 4261/4261
f 6717/6717 658/658 7805/7805
f 4240/4240 6717/6717 1957/1957
f 295/295 6520/6520 5799/5799
f 295/295 3611/3611 4070/4070
f 2761/2761 4072/4072 5207/5207
f 265/265 5797/5797 330/330
f 2310/2310 1019/1019 2311/2311
f 1019/1019 578/578 2311/2311
f 1235/1235 2316/2316 2318/2318
f 1235/1235 2318/2318 665/665
f 6658/6658 1133/1133 1132/1132
f 4867/4867 1133/1133 6658/6658
f 4869/4869 6659/6659 1704/1704
f 1705/1705 1704/1704 6659/6659
f 1594/1594 849/849 6352/6352
f 4769/4769 1594/1594 6352/6352
f 1591/1591 6353/6353 1427/1427
f 4768/4768 6353/6353 1591/1591
f 1724/1724 1723/1723 5920/5920
f 1724/1724 1721/1721 7444/7444
f 3892/3892 7442/7442 1071/1071
f 2096/2096 1071/1071 2097/2097
f 3449/3449 4473/4473 6036/6036
f 4473/4473 880/880 6036/6036
f 3895/3895 4931/4931 4930/4930
f 3410/3410 4930/4930 4931/4931
f 4699/4699 7763/7763 7986/7986
f 4699/4699 3108/3108 2029/2029
f 4578/4578 1549/1549 7296/7296
f 4577/4577 1549/1549 4578/4578
f 5643/5643 5240/5240 2886/2886
f 5240/5240 2888/2888 2886/2886
f 5646/5646 2941/2941 5241/5241
f 5241/5241 2941/2941 2942/2942
f 7627/7627 6993/6993 292/292
f 7728/7728 6993/6993 7627/7627
f 2214/2214 6992/6992 7626/7626
f 6992/6992 7727/7727 7626/7626
f 5310/5310 2865/2865 2866/2866
f 6600/6600 2865/2865 5310/5310
f 1748/1748 96/96 6443/6443
f 4996/4996 1748/1748 6443/6443
f 3315/3315 3316/3316 1945/1945
f 7133/7133 6864/6864 7516/7516
f 7132/7132 7133/7133 7516/7516
f 7517/7517 7134/7134 7134/7134
f 1237/1237 7134/7134 7517/7517
f 1615/1615 5500/5500 486/486
f 486/486 5500/5500 487/487
f 1947/1947 3318/3318 1948/1948
f 1735/1735 1948/1948 3318/3318
f 1792/1792 3491/3491 2914/2914
f 6003/6003 3491/3491 1792/1792
f 1784/1784 3493/3493 6001/6001
f 1784/1784 3493/3493 6000/6000
f 6609/6609 7944/7944 6600/6600
f 6600/6600 7944/7944 2865/2865
f 2879/2879 5041/5041 1368/1368
f 7979/7979 5041/5041 4716/4716
f 5406/5406 2697/2697 5407/5407
f 2697/2697 4100/4100 5407/5407
f 3266/3266 2535/2535 6389/6389
f 1362/1362 2535/2535 3266/3266
f 698/698 6376/6376 5788/5788
f 2442/2442 6376/6376 698/698
f 6374/6374 4292/4292 5787/5787
f 6374/6374 3129/3129 4292/4292
f 6452/6452 5244/5244 5678/5678
f 5244/5244 4417/4417 5678/5678
f 5512/5512 1015/1015 1017/1017
f 2400/2400 1015/1015 5512/5512
f 1384/1384 4243/4243 4241/4241
f 4243/4243 2608/2608 4241/4241
f 1211/1211 7480/7480 7879/7879
f 7879/7879 7480/7480 3376/3376
f 4620/4620 6109/6109 1137/1137
f 1137/1137 6109/6109 627/627
f 510/510 1371/1371 1443/1443
f 1443/1443 1371/1371 5345/5345
f 1938/1938 3824/3824 7999/7999
f 7999/7999 3824/3824 5529/5529
f 989/989 7880/7880 3635/3635
f 7880/7880 1871/1871 6247/6247
f 610/610 470/470 5327/5327
f 5329/5329 610/610 5327/5327
f 1118/1118 570/570 5503/5503
f 574/574 1118/1118 5503/5503
f 521/521 522/522 6754/6754
f 6754/6754 522/522 6667/6667
f 6669/6669 2817/2817 6220/6220
f 2299/2299 8000/8000 938/938
f 8000/8000 5527/5527 938/938
f 6609/6609 4951/4951 7944/7944
f 6608/6608 4951/4951 6609/6609
f 5010/5010 6606/6606 6778/6778
f 1747/1747 5010/5010 6778/6778
f 7390/7390 7257/7257 7701/7701
f 7701/7701 7257/7257 7713/7713
f 6331/6331 5074/5074 5036/5036
f 5073/5073 5074/5074 4323/4323
f 4320/4320 4321/4321 5075/5075
f 2775/2775 4319/4319 5075/5075
f 522/522 1834/1834 6667/6667
f 978/978 2817/2817 6669/6669
f 5467/5467 3379/3379 6777/6777
f 5465/5465 5467/5467 3380/3380
f 6775/6775 7636/7636 5460/5460
f 5462/5462 3377/3377 5460/5460
f 7389/7389 7698/7698 7256/7256
f 7698/7698 7992/7992 7256/7256
f 6829/6829 3500/3500 6608/6608
f 6608/6608 3500/3500 4951/4951
f 5010/5010 5008/5008 6606/6606
f 5008/5008 6607/6607 6606/6606
f 7328/7328 5478/5478 7152/7152
f 7328/7328 7152/7152 7151/7151
f 5475/5475 7327/7327 7153/7153
f 7153/7153 7327/7327 7154/7154
f 349/349 4381/4381 3552/3552
f 2136/2136 4381/4381 349/349
f 6914/6914 4851/4851 8001/8001
f 4851/4851 7737/7737 8001/8001
f 8002/8002 1647/1647 1648/1648
f 5274/5274 1647/1647 8002/8002
f 2988/2988 4857/4857 8003/8003
f 2989/2989 2988/2988 2989/2989
f 7319/7319 3177/3177 413/413
f 7279/7279 2254/2254 7319/7319
f 3092/3092 5143/5143 2734/2734
f 3092/3092 3091/3091 5143/5143
f 309/309 2737/2737 5142/5142
f 309/309 5142/5142 3094/3094
f 6825/6825 3501/3501 6829/6829
f 6829/6829 3501/3501 3500/3500
f 3176/3176 7275/7275 7316/7316
f 431/431 3176/3176 7316/7316
f 5008/5008 4854/4854 6607/6607
f 4854/4854 6824/6824 6607/6607
f 1122/1122 5897/5897 5898/5898
f 1122/1122 5898/5898 4782/4782
f 4992/4992 5566/5566 818/818
f 4992/4992 7802/7802 6796/6796
f 2819/2819 876/876 5687/5687
f 5687/5687 876/876 1631/1631
f 7738/7738 5494/5494 3982/3982
f 3982/3982 1154/1154 7738/7738
f 1614/1614 7736/7736 1709/1709
f 5630/5630 7736/7736 1614/1614
f 7474/7474 1382/1382 5719/5719
f 5821/5821 7474/7474 5719/5719
f 5721/5721 5720/5720 7476/7476
f 1296/1296 5720/5720 1014/1014
f 7196/7196 4607/4607 6250/6250
f 3796/3796 7196/7196 6250/6250
f 29/29 5465/5465 3380/3380
f 5464/5464 5465/5465 4587/4587
f 6825/6825 1915/1915 3501/3501
f 6730/6730 1915/1915 6825/6825
f 5462/5462 34/34 5460/5460
f 34/34 3377/3377 5462/5462
f 4854/4854 3058/3058 6824/6824
f 3058/3058 6823/6823 6824/6824
f 1616/1616 5684/5684 319/319
f 1584/1584 319/319 5684/5684
f 8002/8002 1648/1648 4543/4543
f 4542/4542 1648/1648 6469/6469
f 6401/6401 7197/7197 3914/3914
f 7198/7198 7197/7197 6401/6401
f 4851/4851 6944/6944 7737/7737
f 4541/4541 6474/6474 1643/1643
f 358/358 194/194 4030/4030
f 358/358 4030/4030 6562/6562
f 6561/6561 4025/4025 244/244
f 4025/4025 242/242 244/244
f 2291/2291 6030/6030 60/60
f 2291/2291 7628/7628 7856/7856
f 6729/6729 1916/1916 6730/6730
f 6730/6730 1916/1916 1915/1915
f 3058/3058 3060/3060 6823/6823
f 3060/3060 1033/1033 6823/6823
f 2965/2965 6727/6727 997/997
f 2297/2297 7855/7855 793/793
f 2297/2297 793/793 1478/1478
f 2188/2188 529/529 527/527
f 7923/7923 7956/7956 4240/4240
f 7956/7956 6717/6717 186/186
f 1243/1243 1980/1980 1982/1982
f 1243/1243 1982/1982 7675/7675
f 4261/4261 7958/7958 7927/7927
f 7998/7998 7958/7958 6702/6702
f 748/748 630/630 3901/3901
f 3901/3901 630/630 5488/5488
f 3156/3156 7924/7924 7915/7915
f 7915/7915 7924/7924 2102/2102
f 6396/6396 7882/7882 6397/6397
f 6397/6397 7882/7882 7881/7881
f 2098/2098 7926/7926 7916/7916
f 7926/7926 50/50 4717/4717
f 4678/4678 6246/6246 2482/2482
f 3878/3878 2482/2482 6246/6246
f 3537/3537 2466/2466 6245/6245
f 6245/6245 2466/2466 5298/5298
f 442/442 6230/6230 1510/1510
f 6230/6230 4762/4762 1510/1510
f 6227/6227 4221/4221 6228/6228
f 6228/6228 4221/4221 4760/4760
f 6407/6407 123/123 6539/6539
f 6407/6407 6539/6539 2822/2822
f 3244/3244 7883/7883 7884/7884
f 6399/6399 3244/3244 7884/7884
f 6537/6537 6408/6408 2571/2571
f 6537/6537 287/287 6408/6408
f 4805/4805 2263/2263 4111/4111
f 905/905 2263/2263 4805/4805
f 2860/2860 1752/1752 4807/4807
f 1752/1752 1315/1315 4807/4807
f 2915/2915 7198/7198 6400/6400
f 6400/6400 7198/7198 6401/6401
f 6250/6250 4607/4607 6251/6251
f 4607/4607 4608/4608 6251/6251
f 6985/6985 4900/4900 4897/4897
f 6985/6985 4900/4900 7544/7544
f 3914/3914 6384/6384 6815/6815
f 6815/6815 6384/6384 6382/6382
f 656/656 7542/7542 4895/4895
f 1822/1822 657/657 4895/4895
f 2624/2624 1732/1732 3879/3879
f 2624/2624 4871/4871 1732/1732
f 6918/6918 6955/6955 1984/1984
f 5611/5611 6918/6918 1984/1984
f 7833/7833 3256/3256 6816/6816
f 1033/1033 7833/7833 6816/6816
f 6735/6735 452/452 1750/1750
f 1750/1750 7981/7981 6822/6822
f 975/975 7799/7799 6858/6858
f 7799/7799 6897/6897 6858/6858
f 7326/7326 6265/6265 4259/4259
f 7326/7326 1701/1701 6265/6265
f 2137/2137 7325/7325 2136/2136
f 7325/7325 2137/2137 1494/1494
f 162/162 4258/4258 1776/1776
f 3550/3550 4258/4258 162/162
f 1174/1174 2647/2647 3714/3714
f 1174/1174 2645/2645 2647/2647
f 3230/3230 3229/3229 6383/6383
f 6383/6383 3229/3229 6729/6729
f 6816/6816 3256/3256 6386/6386
f 3256/3256 5194/5194 6386/6386
f 4265/4265 1127/1127 4266/4266
f 1127/1127 3718/3718 4266/4266
f 1346/1346 4846/4846 2546/2546
f 1346/1346 1679/1679 4846/4846
f 2259/2259 2258/2258 4916/4916
f 2259/2259 4916/4916 3296/3296
f 4171/4171 5666/5666 6710/6710
f 1199/1199 739/739 3806/3806
f 1198/1198 5668/5668 733/733
f 8004/8004 6708/6708 5668/5668
f 4494/4494 4496/4496 7537/7537
f 1511/1511 4494/4494 7537/7537
f 466/466 7536/7536 4492/4492
f 4492/4492 7536/7536 4493/4493
f 1379/1379 3345/3345 3344/3344
f 1190/1190 1379/1379 3344/3344
f 6650/6650 2500/2500 2501/2501
f 6650/6650 5443/5443 7359/7359
f 2498/2498 6649/6649 5440/5440
f 6649/6649 2498/2498 6849/6849
f 2302/2302 2815/2815 1931/1931
f 2815/2815 3842/3842 1931/1931
f 7538/7538 6755/6755 3938/3938
f 6755/6755 3939/3939 3938/3938
f 2813/2813 1926/1926 3844/3844
f 2304/2304 1926/1926 2813/2813
f 4870/4870 1098/1098 2997/2997
f 2997/2997 1098/1098 1100/1100
f 5355/5355 4823/4823 7408/7408
f 628/628 5355/5355 7408/7408
f 2074/2074 2073/2073 3004/3004
f 4866/4866 3004/3004 2073/2073
f 3120/3120 7514/7514 2667/2667
f 7514/7514 3120/3120 1076/1076
f 3204/3204 7269/7269 6846/6846
f 4193/4193 3204/3204 6846/6846
f 7341/7341 3912/3912 4759/4759
f 217/217 580/580 7341/7341
f 3139/3139 7069/7069 3144/3144
f 7069/7069 236/236 3144/3144
f 6588/6588 2915/2915 6400/6400
f 5818/5818 2915/2915 6588/6588
f 6251/6251 4608/4608 6817/6817
f 4608/4608 5817/5817 6817/6817
f 1536/1536 4613/4613 6047/6047
f 5209/5209 1536/1536 6047/6047
f 6794/6794 8005/8005 1406/1406
f 6794/6794 1532/1532 8005/8005
f 2513/2513 2512/2512 1051/1051
f 1051/1051 2512/2512 2018/2018
f 5782/5782 1719/1719 4134/4134
f 1121/1121 6843/6843 5344/5344
f 5344/5344 6843/6843 48/48
f 3337/3337 5130/5130 525/525
f 2200/2200 3337/3337 525/525
f 7529/7529 1901/1901 958/958
f 1327/1327 1901/1901 7529/7529
f 6113/6113 4415/4415 3966/3966
f 1822/1822 6113/6113 1823/1823
f 1322/1322 7528/7528 1895/1895
f 7528/7528 961/961 1895/1895
f 6144/6144 1820/1820 1819/1819
f 3970/3970 4408/4408 1819/1819
f 7454/7454 2457/2457 4682/4682
f 79/79 7454/7454 4682/4682
f 7501/7501 6605/6605 2960/2960
f 7502/7502 2960/2960 7501/7501
f 90/90 4679/4679 7456/7456
f 7456/7456 4679/4679 2455/2455
f 7506/7506 5990/5990 4344/4344
f 7507/7507 5989/5989 5991/5991
f 5398/5398 5399/5399 2031/2031
f 3800/3800 5398/5398 2031/2031
f 2960/2960 5879/5879 7546/7546
f 4310/4310 5879/5879 7545/7545
f 5990/5990 4184/4184 7549/7549
f 4184/4184 7548/7548 6907/6907
f 7077/7077 4568/4568 2694/2694
f 7077/7077 2055/2055 4568/4568
f 1353/1353 3312/3312 5400/5400
f 5400/5400 3312/3312 5401/5401
f 7078/7078 4570/4570 2060/2060
f 7078/7078 2060/2060 2061/2061
f 7155/7155 7220/7220 4318/4318
f 5038/5038 7220/7220 7155/7155
f 7156/7156 4322/4322 7218/7218
f 5037/5037 7156/7156 7218/7218
f 1729/1729 1730/1730 5519/5519
f 3255/3255 4138/4138 1730/1730
f 4172/4172 4906/4906 1269/1269
f 4905/4905 6373/6373 4172/4172
f 7548/7548 6908/6908 6909/6909
f 4182/4182 6909/6909 2601/2601
f 6103/6103 5392/5392 2283/2283
f 6103/6103 2280/2280 5392/5392
f 6104/6104 5395/5395 2284/2284
f 6104/6104 2287/2287 5395/5395
f 4312/4312 5879/5879 6910/6910
f 7545/7545 7547/7547 6910/6910
f 1336/1336 2276/2276 1338/1338
f 8006/8006 2276/2276 1336/1336
f 5261/5261 835/835 420/420
f 421/421 835/835 7112/7112
f 1022/1022 6498/6498 4192/4192
f 6498/6498 3204/3204 3204/3204
f 5031/5031 4204/4204 4204/4204
f 5029/5029 1831/1831 7417/7417
f 5264/5264 1286/1286 801/801
f 5263/5263 7735/7735 5264/5264
f 4169/4169 8007/8007 4908/4908
f 4907/4907 4169/4169 4908/4908
f 6477/6477 2783/2783 6479/6479
f 7439/7439 6479/6479 1270/1270
f 3016/3016 5391/5391 3016/3016
f 5390/5390 5391/5391 2756/2756
f 7438/7438 909/909 6473/6473
f 6472/6472 6473/6473 2784/2784
f 266/266 3809/3809 2595/2595
f 3809/3809 2595/2595 266/266
f 7319/7319 2793/2793 7431/7431
f 7431/7431 413/413 3883/3883
f 3887/3887 431/431 7429/7429
f 2795/2795 7316/7316 7429/7429
f 7351/7351 3545/3545 7233/7233
f 3545/3545 7711/7711 7233/7233
f 4739/4739 6783/6783 7232/7232
f 7232/7232 6783/6783 4997/4997
f 2968/2968 6572/6572 7249/7249
f 2968/2968 7249/7249 130/130
f 3348/3348 1060/1060 7250/7250
f 3348/3348 7250/7250 6574/6574
f 6301/6301 6302/6302 7954/7954
f 7954/7954 6302/6302 7975/7975
f 6303/6303 6305/6305 6868/6868
f 6221/6221 6303/6303 6868/6868
f 7897/7897 7898/7898 3962/3962
f 7898/7898 2782/2782 3962/3962
f 1682/1682 4282/4282 5103/5103
f 1681/1681 4282/4282 1682/1682
f 5255/5255 4285/4285 1090/1090
f 596/596 5000/5000 7075/7075
f 596/596 7074/7074 7076/7076
f 5064/5064 7117/7117 4964/4964
f 5064/5064 8006/8006 7116/7116
f 7899/7899 3963/3963 2785/2785
f 7900/7900 3963/3963 7899/7899
f 7762/7762 8008/8008 3636/3636
f 8008/8008 6161/6161 1874/1874
f 3618/3618 4958/4958 395/395
f 3618/3618 7607/7607 4958/4958
f 7399/7399 6399/6399 7887/7887
f 6399/6399 7884/7884 7887/7887
f 6788/6788 7885/7885 6396/6396
f 6396/6396 7885/7885 7882/7882
f 3335/3335 3337/3337 315/315
f 3335/3335 3334/3334 6976/6976
f 6371/6371 4461/4461 8009/8009
f 802/802 8010/8010 6997/6997
f 2008/2008 237/237 239/239
f 4342/4342 237/237 2008/2008
f 4343/4343 16/16 15/15
f 2972/2972 5096/5096 2972/2972
f 5096/5096 7416/7416 5029/5029
f 1174/1174 6011/6011 2645/2645
f 1163/1163 4853/4853 6914/6914
f 4853/4853 4851/4851 5269/5269
f 1168/1168 5274/5274 6138/6138
f 1168/1168 5274/5274 8002/8002
f 1127/1127 4265/4265 7083/7083
f 6074/6074 4772/4772 6714/6714
f 4772/4772 837/837 6714/6714
f 3448/3448 6268/6268 6792/6792
f 6793/6793 4473/4473 4473/4473
f 7088/7088 6203/6203 4930/4930
f 7088/7088 3896/3896 3894/3894
f 1069/1069 1069/1069 7402/7402
f 3642/3642 737/737 7402/7402
f 7401/7401 1065/1065 3639/3639
f 735/735 3639/3639 7401/7401
f 2993/2993 7123/7123 622/622
f 2994/2994 2993/2993 622/622
f 6922/6922 3786/3786 3785/3785
f 1265/1265 3786/3786 6922/6922
f 851/851 7069/7069 3139/3139
f 3141/3141 851/851 3139/3139
f 6923/6923 1408/1408 4935/4935
f 6923/6923 4935/4935 607/607
f 7105/7105 2513/2513 1051/1051
f 3929/3929 2513/2513 7105/7105
f 5654/5654 6412/6412 4254/4254
f 7618/7618 4254/4254 5652/5652
f 579/579 3321/3321 6884/6884
f 2763/2763 579/579 6884/6884
f 3531/3531 6882/6882 83/83
f 83/83 6882/6882 3323/3323
f 3452/3452 6490/6490 4177/4177
f 3452/3452 4177/4177 988/988
f 5332/5332 6595/6595 7973/7973
f 6595/6595 2164/2164 7973/7973
f 5330/5330 7974/7974 6590/6590
f 6590/6590 7974/7974 2162/2162
f 4923/4923 4922/4922 4924/4924
f 3338/3338 4922/4922 7789/7789
f 5985/5985 5986/5986 4894/4894
f 5985/5985 109/109 5986/5986
f 1558/1558 6841/6841 6304/6304
f 6220/6220 1558/1558 6304/6304
f 4774/4774 6379/6379 521/521
f 5988/5988 4898/4898 6435/6435
f 5988/5988 8011/8011 298/298
f 3333/3333 6591/6591 4921/4921
f 5376/5376 3333/3333 6592/6592
f 6847/6847 6735/6735 8012/8012
f 6735/6735 1750/1750 8012/8012
f 3818/3818 934/934 4370/4370
f 3818/3818 4370/4370 3819/3819
f 4368/4368 2401/2401 3823/3823
f 4368/4368 3823/3823 3822/3822
f 1984/1984 6955/6955 8013/8013
f 8013/8013 6955/6955 6025/6025
f 3378/3378 6699/6699 7135/7135
f 6699/6699 1958/1958 3378/3378
f 3381/3381 3382/3382 6701/6701
f 3382/3382 1954/1954 6701/6701
f 2066/2066 2182/2182 6892/6892
f 8014/8014 6892/6892 2067/2067
f 3794/3794 6137/6137 871/871
f 7303/7303 6137/6137 6135/6135
f 1497/1497 7039/7039 7141/7141
f 1497/1497 7141/7141 4945/4945
f 7143/7143 7037/7037 1664/1664
f 7143/7143 1664/1664 4942/4942
f 2147/2147 2146/2146 6896/6896
f 6896/6896 8015/8015 2146/2146
f 870/870 6134/6134 6132/6132
f 3791/3791 870/870 6132/6132
f 2903/2903 4420/4420 3840/3840
f 2905/2905 4420/4420 2903/2903
f 3579/3579 2448/2448 3988/3988
f 2901/2901 3845/3845 4419/4419
f 43/43 2901/2901 4419/4419
f 3830/3830 3831/3831 3199/3199
f 3831/3831 3413/3413 3199/3199
f 7118/7118 3445/3445 1996/1996
f 4474/4474 3445/3445 7118/7118
f 3895/3895 7119/7119 5903/5903
f 7119/7119 888/888 5903/5903
f 1431/1431 6878/6878 2831/2831
f 1431/1431 1431/1431 6878/6878
f 2836/2836 6879/6879 1683/1683
f 1683/1683 6879/6879 1686/1686
f 6602/6602 5389/5389 5818/5818
f 2226/2226 5389/5389 6602/6602
f 5388/5388 6419/6419 6601/6601
f 5817/5817 5388/5388 6601/6601
f 4563/4563 7064/7064 151/151
f 151/151 7064/7064 152/152
f 3749/3749 4963/4963 4237/4237
f 4237/4237 4963/4963 4238/4238
f 103/103 104/104 7065/7065
f 4565/4565 103/103 7065/7065
f 3753/3753 4263/4263 4999/4999
f 4263/4263 4262/4262 4999/4999
f 7284/7284 3615/3615 3293/3293
f 5320/5320 3953/3953 3050/3050
f 3953/3953 3048/3048 3050/3050

