# https://github.com/mikedh/trimesh
v 0.90259883 -0.97525097 0.39019681
v 0.89539029 -0.95181624 0.39163812
v 0.89649488 -0.97525097 0.32805096
v 0.88913259 -0.95181624 0.32805096
v 0.88913259 -0.73676171 0.32805096
v 0.89539029 -0.73676171 0.39163812
v 1.33697246 -0.97525097 0.62239830
v 1.33979375 -0.95181624 0.62917664
v 1.27721973 -0.97525097 0.64052611
v 1.27866103 -0.95181624 0.64773465
v 1.27866103 -0.73676171 0.64773465
v 1.33979375 -0.73676171 0.62917664
v 1.39206257 -0.97525097 0.59295112
v 1.39614224 -0.95181624 0.59905504
v 1.33697246 -0.97525097 0.62239830
v 1.33979375 -0.95181624 0.62917664
v 1.33979375 -0.73676171 0.62917664
v 1.39614224 -0.73676171 0.59905504
v 1.27866103 -0.73676171 0.64773465
v 1.21507387 -0.73676171 0.65399235
v 1.27866103 -0.95181624 0.64773465
v 1.21507387 -0.95181624 0.65399235
v 1.21507388 -0.97525097 0.64663006
v 1.02363802 -0.82921309 0.47320035
v 0.97477449 -0.82921309 0.33305131
v 1.14559790 -0.83132881 0.55786029
v 1.01762561 -0.82921309 0.19096947
v 1.13584356 -0.82921309 0.10118663
v 1.28421325 -0.83132881 0.09802765
v 1.40617212 -0.83132881 0.18268758
v 1.45503566 -0.82921309 0.32283663
v 1.41218454 -0.82921309 0.46491846
v 1.29396759 -0.82921309 0.55470031
v 1.48607790 -0.73676171 0.50911941
v 1.44555760 -0.73676171 0.55853476
v 1.48607790 -0.95181624 0.50911941
v 1.44555760 -0.95181624 0.55853476
v 1.44034318 -0.97525097 0.55332033
v 1.51619952 -0.73676171 0.45277093
v 1.48607790 -0.73676171 0.50911941
v 1.51619952 -0.95181624 0.45277093
v 1.48607790 -0.95181624 0.50911941
v 1.47997397 -0.97525097 0.50503974
v 1.53475755 -0.73676171 0.39163822
v 1.51619952 -0.73676171 0.45277093
v 1.53475755 -0.95181624 0.39163822
v 1.51619952 -0.95181624 0.45277093
v 1.50942118 -0.97525097 0.44994964
v 1.54101527 -0.73676171 0.32805107
v 1.53475755 -0.73676171 0.39163822
v 1.54101527 -0.95181624 0.32805107
v 1.53475755 -0.95181624 0.39163822
v 1.52754901 -0.97525097 0.39019692
v 1.53475757 -0.73676171 0.26446391
v 1.54101527 -0.73676171 0.32805107
v 1.53475757 -0.95181624 0.26446391
v 1.54101527 -0.95181624 0.32805107
v 1.53365297 -0.97525097 0.32805106
v 1.51619956 -0.73676171 0.20333119
v 1.53475757 -0.73676171 0.26446391
v 1.51619956 -0.95181624 0.20333119
v 1.53475757 -0.95181624 0.26446391
v 1.52754903 -0.97525097 0.26590521
v 1.48607796 -0.73676171 0.14698270
v 1.51619956 -0.73676171 0.20333119
v 1.48607796 -0.95181624 0.14698270
v 1.51619956 -0.95181624 0.20333119
v 1.50942122 -0.97525097 0.20615248
v 1.39614233 -0.73676171 0.05704704
v 1.44555767 -0.73676171 0.09756734
v 1.39614233 -0.95181624 0.05704704
v 1.44555767 -0.95181624 0.09756734
v 1.44034325 -0.97525097 0.10278176
v 1.21507398 -0.73676171 0.00210967
v 1.27866114 -0.73676171 0.00836739
v 1.21507398 -0.95181624 0.00210967
v 1.27866114 -0.95181624 0.00836739
v 1.27721983 -0.97525097 0.01557593
v 1.27866114 -0.73676171 0.00836739
v 1.33979385 -0.73676171 0.02692542
v 1.27866114 -0.95181624 0.00836739
v 1.33979385 -0.95181624 0.02692542
v 1.33697255 -0.97525097 0.03370376
v 1.15148682 -0.73676171 0.00836737
v 1.21507398 -0.73676171 0.00210967
v 1.15148682 -0.95181624 0.00836737
v 1.21507398 -0.95181624 0.00210967
v 1.21507398 -0.97525097 0.00947197
v 1.44555767 -0.73676171 0.09756734
v 1.48607796 -0.73676171 0.14698270
v 1.44555767 -0.95181624 0.09756734
v 1.48607796 -0.95181624 0.14698270
v 1.47997403 -0.97525097 0.15106237
v 0.94406996 -0.73676171 0.14698261
v 0.98459026 -0.73676171 0.09756727
v 0.94406996 -0.95181624 0.14698261
v 0.98459026 -0.95181624 0.09756727
v 0.98980468 -0.97525097 0.10278169
v 0.89539031 -0.73676171 0.26446380
v 0.91394834 -0.73676171 0.20333109
v 0.89539031 -0.95181624 0.26446380
v 0.91394834 -0.95181624 0.20333109
v 0.92072667 -0.97525097 0.20615239
v 0.98459026 -0.73676171 0.09756727
v 1.03400562 -0.73676171 0.05704698
v 0.98459026 -0.95181624 0.09756727
v 1.03400562 -0.95181624 0.05704698
v 1.03808529 -0.97525097 0.06315091
v 0.91394830 -0.73676171 0.45277083
v 0.94406990 -0.73676171 0.50911932
v 0.89539029 -0.73676171 0.39163812
v 1.03400553 -0.73676171 0.59905498
v 1.27866103 -0.73676171 0.64773465
v 1.15148672 -0.73676171 0.64773463
v 1.21507387 -0.73676171 0.65399235
v 1.53475757 -0.73676171 0.26446391
v 1.15148682 -0.73676171 0.00836737
v 0.94406996 -0.73676171 0.14698261
v 1.03400562 -0.73676171 0.05704698
v 0.98459026 -0.73676171 0.09756727
v 1.39614233 -0.73676171 0.05704704
v 1.27866114 -0.73676171 0.00836739
v 1.21507398 -0.73676171 0.00210967
v 1.48607796 -0.73676171 0.14698270
v 1.44555767 -0.73676171 0.09756734
v 1.09035411 -0.73676171 0.02692538
v 1.15148682 -0.73676171 0.00836737
v 1.09035411 -0.95181624 0.02692538
v 1.15148682 -0.95181624 0.00836737
v 1.15292813 -0.97525097 0.01557591
v 1.44555760 -0.73676171 0.55853476
v 1.48607790 -0.73676171 0.50911941
v 1.39614224 -0.73676171 0.59905504
v 1.33979375 -0.73676171 0.62917664
v 1.53475755 -0.73676171 0.39163822
v 1.54101527 -0.73676171 0.32805107
v 0.91394834 -0.73676171 0.20333109
v 0.89539031 -0.73676171 0.26446380
v 1.33979385 -0.73676171 0.02692542
v 1.39614233 -0.73676171 0.05704704
v 1.33979385 -0.95181624 0.02692542
v 1.39614233 -0.95181624 0.05704704
v 1.39206266 -0.97525097 0.06315097
v 0.88913259 -0.73676171 0.32805096
v 0.89539031 -0.73676171 0.26446380
v 0.88913259 -0.95181624 0.32805096
v 0.89539031 -0.95181624 0.26446380
v 0.90259885 -0.97525097 0.26590511
v 0.91394834 -0.73676171 0.20333109
v 0.94406996 -0.73676171 0.14698261
v 0.91394834 -0.95181624 0.20333109
v 0.94406996 -0.95181624 0.14698261
v 0.95017388 -0.97525097 0.15106228
v 1.44555760 -0.73676171 0.55853476
v 1.39614224 -0.73676171 0.59905504
v 1.44555760 -0.95181624 0.55853476
v 1.39614224 -0.95181624 0.59905504
v 1.39206257 -0.97525097 0.59295112
v 1.03808529 -0.97525097 0.06315091
v 1.03400562 -0.95181624 0.05704698
v 1.09317540 -0.97525097 0.03370372
v 1.09035411 -0.95181624 0.02692538
v 1.09035411 -0.73676171 0.02692538
v 1.03400562 -0.73676171 0.05704698
v 0.95017382 -0.97525097 0.50503965
v 0.94406990 -0.95181624 0.50911932
v 0.92072664 -0.97525097 0.44994954
v 0.91394830 -0.95181624 0.45277083
v 0.91394830 -0.73676171 0.45277083
v 0.94406990 -0.73676171 0.50911932
v 0.98980461 -0.97525097 0.55332026
v 0.98459018 -0.95181624 0.55853468
v 0.95017382 -0.97525097 0.50503965
v 0.94406990 -0.95181624 0.50911932
v 0.94406990 -0.73676171 0.50911932
v 0.98459018 -0.73676171 0.55853468
v 0.92072664 -0.97525097 0.44994954
v 0.91394830 -0.95181624 0.45277083
v 0.90259883 -0.97525097 0.39019681
v 0.89539029 -0.95181624 0.39163812
v 0.89539029 -0.73676171 0.39163812
v 0.91394830 -0.73676171 0.45277083
v 1.03808520 -0.97525097 0.59295106
v 1.03400553 -0.95181624 0.59905498
v 0.98980461 -0.97525097 0.55332026
v 0.98459018 -0.95181624 0.55853468
v 0.98459018 -0.73676171 0.55853468
v 1.03400553 -0.73676171 0.59905498
v 1.15148672 -0.73676171 0.64773463
v 1.09035401 -0.73676171 0.62917660
v 1.15148672 -0.95181624 0.64773463
v 1.09035401 -0.95181624 0.62917660
v 1.09317530 -0.97525097 0.62239826
v 1.09317530 -0.97525097 0.62239826
v 1.09035401 -0.95181624 0.62917660
v 1.03808520 -0.97525097 0.59295106
v 1.03400553 -0.95181624 0.59905498
v 1.03400553 -0.73676171 0.59905498
v 1.09035401 -0.73676171 0.62917660
v 1.21507387 -0.73676171 0.65399235
v 1.15148672 -0.73676171 0.64773463
v 1.21507387 -0.95181624 0.65399235
v 1.15148672 -0.95181624 0.64773463
v 1.15292802 -0.97525097 0.64052609
v 1.09317540 -0.97525097 0.03370372
v 1.09360556 -0.99745948 0.10081876
v 1.03808529 -0.97525097 0.06315091
v 0.98980468 -0.97525097 0.10278169
v 1.18982907 -0.99745948 0.07161682
v 1.15292813 -0.97525097 0.01557591
v 1.21507398 -0.97525097 0.00947197
v 1.28985684 -0.99745948 0.08146374
v 1.27721983 -0.97525097 0.01557593
v 1.33697255 -0.97525097 0.03370376
v 1.37853511 -0.99745948 0.12888500
v 1.39206266 -0.97525097 0.06315097
v 1.44034325 -0.97525097 0.10278176
v 1.44230618 -0.99745948 0.20658265
v 1.47997403 -0.97525097 0.15106237
v 1.50942122 -0.97525097 0.20615248
v 1.47150812 -0.99745948 0.30280615
v 1.52754903 -0.97525097 0.26590521
v 1.53365297 -0.97525097 0.32805106
v 1.46166120 -0.99745948 0.40283393
v 1.52754901 -0.97525097 0.39019692
v 1.50942118 -0.97525097 0.44994964
v 1.41423994 -0.99745948 0.49151220
v 1.47997397 -0.97525097 0.50503974
v 1.44034318 -0.97525097 0.55332033
v 1.33654229 -0.99745948 0.55528327
v 1.39206257 -0.97525097 0.59295112
v 1.33697246 -0.97525097 0.62239830
v 1.24031879 -0.99745948 0.58448520
v 1.27721973 -0.97525097 0.64052611
v 1.21507388 -0.97525097 0.64663006
v 1.14029101 -0.99745948 0.57463829
v 1.15292802 -0.97525097 0.64052609
v 1.09317530 -0.97525097 0.62239826
v 1.05161274 -0.99745948 0.52721703
v 1.03808520 -0.97525097 0.59295106
v 0.98980461 -0.97525097 0.55332026
v 0.98784167 -0.99745948 0.44951938
v 0.95017382 -0.97525097 0.50503965
v 0.92072664 -0.97525097 0.44994954
v 0.95863974 -0.99745948 0.35329587
v 0.90259883 -0.97525097 0.39019681
v 0.89649488 -0.97525097 0.32805096
v 0.96848665 -0.99745948 0.25326809
v 0.90259885 -0.97525097 0.26590511
v 0.92072667 -0.97525097 0.20615239
v 1.01590791 -0.99745948 0.16458983
v 0.95017388 -0.97525097 0.15106228
v 1.15292802 -0.97525097 0.64052609
v 1.21507388 -0.97525097 0.64663006
v 1.27721973 -0.97525097 0.64052611
v 1.44034318 -0.97525097 0.55332033
v 1.47997397 -0.97525097 0.50503974
v 1.50942118 -0.97525097 0.44994964
v 1.52754901 -0.97525097 0.39019692
v 1.53365297 -0.97525097 0.32805106
v 1.52754903 -0.97525097 0.26590521
v 1.50942122 -0.97525097 0.20615248
v 1.47997403 -0.97525097 0.15106237
v 1.44034325 -0.97525097 0.10278176
v 1.39206266 -0.97525097 0.06315097
v 1.33697255 -0.97525097 0.03370376
v 1.27721983 -0.97525097 0.01557593
v 1.21507398 -0.97525097 0.00947197
v 1.15292813 -0.97525097 0.01557591
v 1.09317540 -0.97525097 0.03370372
v 0.98980468 -0.97525097 0.10278169
v 0.95017388 -0.97525097 0.15106228
v 0.92072667 -0.97525097 0.20615239
v 0.90259885 -0.97525097 0.26590511
v 0.89649488 -0.97525097 0.32805096
v 0.98459018 -0.73676171 0.55853468
v 1.09035401 -0.73676171 0.62917660
v 1.51619952 -0.73676171 0.45277093
v 1.51619956 -0.73676171 0.20333119
v 1.33979385 -0.73676171 0.02692542
v 1.09035411 -0.73676171 0.02692538
v 0.88913259 -0.73676171 0.32805096
v 0.89649488 0.97525097 0.32805096
v 0.90259883 0.97525097 0.39019681
v 0.95863974 0.99745948 0.35329587
v 0.92072664 0.97525097 0.44994954
v 0.98784167 0.99745948 0.44951938
v 0.92072664 0.97525097 0.44994954
v 0.95017382 0.97525097 0.50503965
v 0.98784167 0.99745948 0.44951938
v 0.98980461 0.97525097 0.55332026
v 1.05161274 0.99745948 0.52721703
v 1.14029101 0.99745948 0.57463829
v 1.05161274 0.99745948 0.52721703
v 1.09317530 0.97525097 0.62239826
v 1.03808520 0.97525097 0.59295106
v 1.21507388 0.97525097 0.64663006
v 1.15292802 0.97525097 0.64052609
v 1.21507387 0.95181624 0.65399235
v 1.15148672 0.95181624 0.64773463
v 1.15148672 0.73676171 0.64773463
v 1.27866103 0.73676171 0.64773465
v 1.27866103 0.95181624 0.64773465
v 1.21507387 0.73676171 0.65399235
v 1.21507387 0.95181624 0.65399235
v 1.21507388 0.97525097 0.64663006
v 1.27721973 0.97525097 0.64052611
v 1.33979375 0.73676171 0.62917664
v 1.33979375 0.95181624 0.62917664
v 1.27866103 0.73676171 0.64773465
v 1.27866103 0.95181624 0.64773465
v 1.27721973 0.97525097 0.64052611
v 1.33697246 0.97525097 0.62239830
v 1.39614224 0.73676171 0.59905504
v 1.39614224 0.95181624 0.59905504
v 1.33979375 0.73676171 0.62917664
v 1.33979375 0.95181624 0.62917664
v 1.33697246 0.97525097 0.62239830
v 1.39206257 0.97525097 0.59295112
v 1.41423994 0.99745948 0.49151220
v 1.33654229 0.99745948 0.55528327
v 1.44034318 0.97525097 0.55332033
v 1.39206257 0.97525097 0.59295112
v 0.91394830 0.73676171 0.45277083
v 0.89539029 0.73676171 0.39163812
v 0.94406990 0.73676171 0.50911932
v 1.03400553 0.73676171 0.59905498
v 0.98459018 0.73676171 0.55853468
v 1.27866103 0.73676171 0.64773465
v 1.53475757 0.73676171 0.26446391
v 1.48607790 0.73676171 0.50911941
v 1.53475755 0.73676171 0.39163822
v 1.51619952 0.73676171 0.45277093
v 1.15148682 0.73676171 0.00836737
v 0.94406996 0.73676171 0.14698261
v 1.03400562 0.73676171 0.05704698
v 0.98459026 0.73676171 0.09756727
v 1.39614233 0.73676171 0.05704704
v 1.48607796 0.73676171 0.14698270
v 1.51619956 0.73676171 0.20333119
v 1.27866114 0.73676171 0.00836739
v 1.33979385 0.73676171 0.02692542
v 1.18982907 0.99745948 0.07161682
v 1.28985684 0.99745948 0.08146374
v 1.21507398 0.97525097 0.00947197
v 1.27721983 0.97525097 0.01557593
v 1.53475755 0.73676171 0.39163822
v 1.53475755 0.95181624 0.39163822
v 1.51619952 0.73676171 0.45277093
v 1.51619952 0.95181624 0.45277093
v 1.50942118 0.97525097 0.44994964
v 1.52754901 0.97525097 0.39019692
v 1.51619952 0.73676171 0.45277093
v 1.51619952 0.95181624 0.45277093
v 1.48607790 0.73676171 0.50911941
v 1.48607790 0.95181624 0.50911941
v 1.47997397 0.97525097 0.50503974
v 1.50942118 0.97525097 0.44994964
v 1.44034318 0.97525097 0.55332033
v 1.47997397 0.97525097 0.50503974
v 1.41423994 0.99745948 0.49151220
v 1.50942118 0.97525097 0.44994964
v 1.46166120 0.99745948 0.40283393
v 1.44034318 0.97525097 0.55332033
v 1.39206257 0.97525097 0.59295112
v 1.44555760 0.95181624 0.55853476
v 1.39614224 0.95181624 0.59905504
v 1.39614224 0.73676171 0.59905504
v 1.47997397 0.97525097 0.50503974
v 1.44034318 0.97525097 0.55332033
v 1.48607790 0.95181624 0.50911941
v 1.44555760 0.95181624 0.55853476
v 1.44555760 0.73676171 0.55853476
v 1.51619956 0.73676171 0.20333119
v 1.51619956 0.95181624 0.20333119
v 1.53475757 0.73676171 0.26446391
v 1.53475757 0.95181624 0.26446391
v 1.52754903 0.97525097 0.26590521
v 1.50942122 0.97525097 0.20615248
v 1.02363802 0.82921309 0.47320035
v 1.14559790 0.83132881 0.55786029
v 0.97477449 0.82921309 0.33305131
v 1.01762561 0.82921309 0.19096947
v 1.13584356 0.82921309 0.10118663
v 1.28421325 0.83132881 0.09802765
v 1.40617212 0.83132881 0.18268758
v 1.45503566 0.82921309 0.32283663
v 1.41218454 0.82921309 0.46491846
v 1.29396759 0.82921309 0.55470031
v 1.44555767 0.73676171 0.09756734
v 1.44555767 0.95181624 0.09756734
v 1.48607796 0.73676171 0.14698270
v 1.48607796 0.95181624 0.14698270
v 1.47997403 0.97525097 0.15106237
v 1.44034325 0.97525097 0.10278176
v 1.39614233 0.73676171 0.05704704
v 1.39614233 0.95181624 0.05704704
v 1.44555767 0.73676171 0.09756734
v 1.44555767 0.95181624 0.09756734
v 1.44034325 0.97525097 0.10278176
v 1.39206266 0.97525097 0.06315097
v 1.33979385 0.73676171 0.02692542
v 1.33979385 0.95181624 0.02692542
v 1.39614233 0.73676171 0.05704704
v 1.39614233 0.95181624 0.05704704
v 1.39206266 0.97525097 0.06315097
v 1.33697255 0.97525097 0.03370376
v 0.91394834 0.73676171 0.20333109
v 0.89539031 0.73676171 0.26446380
v 0.88913259 0.73676171 0.32805096
v 1.09317540 0.97525097 0.03370372
v 1.03808529 0.97525097 0.06315091
v 1.09360556 0.99745948 0.10081876
v 0.98980468 0.97525097 0.10278169
v 1.01590791 0.99745948 0.16458983
v 1.53365297 0.97525097 0.32805106
v 1.52754901 0.97525097 0.39019692
v 1.54101527 0.95181624 0.32805107
v 1.53475755 0.95181624 0.39163822
v 1.53475755 0.73676171 0.39163822
v 1.15148682 0.73676171 0.00836737
v 1.15148682 0.95181624 0.00836737
v 1.21507398 0.73676171 0.00210967
v 1.21507398 0.95181624 0.00210967
v 1.21507398 0.97525097 0.00947197
v 1.15292813 0.97525097 0.01557591
v 1.03400562 0.73676171 0.05704698
v 1.03400562 0.95181624 0.05704698
v 1.09035411 0.73676171 0.02692538
v 1.09035411 0.95181624 0.02692538
v 1.09317540 0.97525097 0.03370372
v 1.03808529 0.97525097 0.06315091
v 0.88913259 0.73676171 0.32805096
v 0.88913259 0.95181624 0.32805096
v 0.89539031 0.73676171 0.26446380
v 0.89539031 0.95181624 0.26446380
v 0.90259885 0.97525097 0.26590511
v 0.89649488 0.97525097 0.32805096
v 0.98980468 0.97525097 0.10278169
v 0.95017388 0.97525097 0.15106228
v 1.01590791 0.99745948 0.16458983
v 0.92072667 0.97525097 0.20615239
v 0.96848665 0.99745948 0.25326809
v 1.21507398 0.97525097 0.00947197
v 1.27721983 0.97525097 0.01557593
v 1.21507398 0.95181624 0.00210967
v 1.27866114 0.95181624 0.00836739
v 1.27866114 0.73676171 0.00836739
v 1.44555760 0.73676171 0.55853476
v 1.39614224 0.73676171 0.59905504
v 0.92072667 0.97525097 0.20615239
v 0.90259885 0.97525097 0.26590511
v 0.96848665 0.99745948 0.25326809
v 0.89649488 0.97525097 0.32805096
v 0.95863974 0.99745948 0.35329587
v 1.24031879 0.99745948 0.58448520
v 1.14029101 0.99745948 0.57463829
v 1.21507388 0.97525097 0.64663006
v 1.15292802 0.97525097 0.64052609
v 1.50942118 0.97525097 0.44994964
v 1.52754901 0.97525097 0.39019692
v 1.46166120 0.99745948 0.40283393
v 1.53365297 0.97525097 0.32805106
v 1.47150812 0.99745948 0.30280615
v 1.09317540 0.97525097 0.03370372
v 1.15292813 0.97525097 0.01557591
v 1.09035411 0.95181624 0.02692538
v 1.15148682 0.95181624 0.00836737
v 1.15148682 0.73676171 0.00836737
v 0.89539031 0.73676171 0.26446380
v 0.89539031 0.95181624 0.26446380
v 0.91394834 0.73676171 0.20333109
v 0.91394834 0.95181624 0.20333109
v 0.92072667 0.97525097 0.20615239
v 0.90259885 0.97525097 0.26590511
v 0.91394834 0.73676171 0.20333109
v 0.91394834 0.95181624 0.20333109
v 0.94406996 0.73676171 0.14698261
v 0.94406996 0.95181624 0.14698261
v 0.95017388 0.97525097 0.15106228
v 0.92072667 0.97525097 0.20615239
v 1.53475757 0.73676171 0.26446391
v 1.53475757 0.95181624 0.26446391
v 1.54101527 0.73676171 0.32805107
v 1.54101527 0.95181624 0.32805107
v 1.53365297 0.97525097 0.32805106
v 1.52754903 0.97525097 0.26590521
v 1.09035401 0.73676171 0.62917660
v 1.15148672 0.73676171 0.64773463
v 1.21507387 0.73676171 0.65399235
v 1.09360556 0.99745948 0.10081876
v 1.18982907 0.99745948 0.07161682
v 1.09317540 0.97525097 0.03370372
v 1.15292813 0.97525097 0.01557591
v 0.98459018 0.73676171 0.55853468
v 0.98459018 0.95181624 0.55853468
v 0.94406990 0.73676171 0.50911932
v 0.94406990 0.95181624 0.50911932
v 0.95017382 0.97525097 0.50503965
v 0.98980461 0.97525097 0.55332026
v 0.94406990 0.73676171 0.50911932
v 0.94406990 0.95181624 0.50911932
v 0.91394830 0.73676171 0.45277083
v 0.91394830 0.95181624 0.45277083
v 0.92072664 0.97525097 0.44994954
v 0.95017382 0.97525097 0.50503965
v 0.89539029 0.73676171 0.39163812
v 0.89539029 0.95181624 0.39163812
v 0.88913259 0.73676171 0.32805096
v 0.88913259 0.95181624 0.32805096
v 0.89649488 0.97525097 0.32805096
v 0.90259883 0.97525097 0.39019681
v 0.95017388 0.97525097 0.15106228
v 0.98980468 0.97525097 0.10278169
v 0.94406996 0.95181624 0.14698261
v 0.98459026 0.95181624 0.09756727
v 0.98459026 0.73676171 0.09756727
v 0.98980468 0.97525097 0.10278169
v 1.03808529 0.97525097 0.06315091
v 0.98459026 0.95181624 0.09756727
v 1.03400562 0.95181624 0.05704698
v 1.03400562 0.73676171 0.05704698
v 0.92072664 0.97525097 0.44994954
v 0.90259883 0.97525097 0.39019681
v 0.91394830 0.95181624 0.45277083
v 0.89539029 0.95181624 0.39163812
v 0.89539029 0.73676171 0.39163812
v 1.15148672 0.73676171 0.64773463
v 1.15148672 0.95181624 0.64773463
v 1.09035401 0.73676171 0.62917660
v 1.09035401 0.95181624 0.62917660
v 1.09317530 0.97525097 0.62239826
v 1.15292802 0.97525097 0.64052609
v 1.09035401 0.73676171 0.62917660
v 1.09035401 0.95181624 0.62917660
v 1.03400553 0.73676171 0.59905498
v 1.03400553 0.95181624 0.59905498
v 1.03808520 0.97525097 0.59295106
v 1.09317530 0.97525097 0.62239826
v 1.03808520 0.97525097 0.59295106
v 0.98980461 0.97525097 0.55332026
v 1.03400553 0.95181624 0.59905498
v 0.98459018 0.95181624 0.55853468
v 0.98459018 0.73676171 0.55853468
v 1.50942122 0.97525097 0.20615248
v 1.47997403 0.97525097 0.15106237
v 1.44230618 0.99745948 0.20658265
v 1.44034325 0.97525097 0.10278176
v 1.37853511 0.99745948 0.12888500
v 1.47997403 0.97525097 0.15106237
v 1.50942122 0.97525097 0.20615248
v 1.48607796 0.95181624 0.14698270
v 1.51619956 0.95181624 0.20333119
v 1.51619956 0.73676171 0.20333119
v 1.44230618 0.99745948 0.20658265
v 1.47150812 0.99745948 0.30280615
v 1.50942122 0.97525097 0.20615248
v 1.52754903 0.97525097 0.26590521
v 1.44034325 0.97525097 0.10278176
v 1.39206266 0.97525097 0.06315097
v 1.37853511 0.99745948 0.12888500
v 1.33697255 0.97525097 0.03370376
v 1.28985684 0.99745948 0.08146374
v 1.33654229 0.99745948 0.55528327
v 1.24031879 0.99745948 0.58448520
v 1.33697246 0.97525097 0.62239830
v 1.27721973 0.97525097 0.64052611
v 1.27721983 0.97525097 0.01557593
v 1.33697255 0.97525097 0.03370376
v 1.27866114 0.95181624 0.00836739
v 1.33979385 0.95181624 0.02692542
v 1.33979385 0.73676171 0.02692542
v 0.98980461 0.97525097 0.55332026
v 1.09317530 0.97525097 0.62239826
v 1.21507388 0.97525097 0.64663006
v 1.33697246 0.97525097 0.62239830
v 1.53365297 0.97525097 0.32805106
v 1.33697255 0.97525097 0.03370376
v 1.21507398 0.97525097 0.00947197
v 0.91394830 0.73676171 0.45277083
v 1.03400553 0.73676171 0.59905498
v 1.21507387 0.73676171 0.65399235
v 1.44555760 0.73676171 0.55853476
v 1.48607790 0.73676171 0.50911941
v 1.54101527 0.73676171 0.32805107
v 1.48607796 0.73676171 0.14698270
v 1.27866114 0.73676171 0.00836739
v 1.21507398 0.73676171 0.00210967
v 1.09035411 0.73676171 0.02692538
v 0.98459026 0.73676171 0.09756727
v 0.94406996 0.73676171 0.14698261
v 1.09035411 0.73676171 0.02692538
v 1.21507398 0.73676171 0.00210967
v 1.44555767 0.73676171 0.09756734
v 1.54101527 0.73676171 0.32805107
v 1.33979375 0.73676171 0.62917664
v -1.84127452 -0.99807655 0.41900576
v -1.78078506 -1.02206307 0.37919106
v -1.82170439 -0.99807655 0.48354374
v -1.74928348 -1.02206307 0.48305326
v -1.78992638 -0.99807655 0.54302007
v -1.69502058 -0.99807655 0.63792590
v -1.68042061 -1.02206307 0.56697646
v -1.63554426 -0.99807655 0.66970393
v -1.58465644 -1.02206307 0.61814068
v -1.57100630 -0.99807655 0.68927407
v -1.31282425 -0.99807655 0.63792596
v -1.37230058 -0.99807655 0.66970397
v -1.37279106 -1.02206307 0.59728306
v -1.47665326 -1.02206307 0.62878464
v -1.24985012 -0.68280930 0.14340056
v -1.25509569 -0.71274698 0.10309535
v -1.34898838 -0.68280930 0.06205341
v -1.30840677 -0.71274698 0.05932358
v -1.43683856 -0.99807655 0.68927410
v -1.43527463 -0.97277035 0.69709574
v -1.50392243 -0.99807655 0.69589966
v -1.50392243 -0.97277035 0.70384390
v -1.50392243 -0.71274698 0.70384390
v -1.43527463 -0.71274698 0.69709574
v -1.18939184 -0.68280930 0.25652569
v -1.17877905 -0.71274698 0.21726378
v -1.24985012 -0.68280930 0.14340056
v -1.21132393 -0.71274698 0.15640645
v -1.30840687 -0.71274698 0.64452039
v -1.36926420 -0.71274698 0.67706527
v -1.30840687 -0.97277035 0.64452039
v -1.36926420 -0.97277035 0.67706527
v -1.37230058 -0.99807655 0.66970397
v -1.25509577 -0.71274698 0.60074863
v -1.30840687 -0.71274698 0.64452039
v -1.25509577 -0.97277035 0.60074863
v -1.30840687 -0.97277035 0.64452039
v -1.31282425 -0.99807655 0.63792596
v -1.71244376 -0.68280930 0.09784970
v -1.75274897 -0.71274698 0.10309527
v -1.79379091 -0.68280930 0.19698796
v -1.79652074 -0.71274698 0.15640635
v -1.53612960 -0.68280930 0.67902817
v -1.50392243 -0.71274698 0.70384390
v -1.40852611 -0.68280930 0.66645248
v -1.43527463 -0.71274698 0.69709574
v -1.40852611 -0.68280930 0.66645248
v -1.36926420 -0.71274698 0.67706527
v -1.29540098 -0.68280930 0.60599420
v -1.30840687 -0.71274698 0.64452039
v -1.43683845 -0.99807655 0.01456983
v -1.37230048 -0.99807655 0.03413997
v -1.42318830 -1.02206307 0.08570322
v -1.32742413 -1.02206307 0.13686744
v -1.17877909 -0.71274698 0.48658023
v -1.21132400 -0.71274698 0.54743755
v -1.17877909 -0.97277035 0.48658023
v -1.21132400 -0.97277035 0.54743755
v -1.21791842 -0.99807655 0.54302016
v -1.69943797 -0.71274698 0.64452032
v -1.65885636 -0.68280930 0.64179049
v -1.75274905 -0.71274698 0.60074855
v -1.75799462 -0.68280930 0.56044334
v -1.31282425 -0.99807655 0.63792596
v -1.37279106 -1.02206307 0.59728306
v -1.26070921 -0.99807655 0.59513519
v -1.28886786 -1.02206307 0.52842019
v -1.21791842 -0.99807655 0.54302016
v -1.83102859 -0.68280930 0.31971472
v -1.85584432 -0.71274698 0.35192189
v -1.81845290 -0.68280930 0.44731821
v -1.84906500 -0.71274698 0.42056969
v -1.83102859 -0.68280930 0.31971472
v -1.81845290 -0.68280930 0.44731821
v -1.79379091 -0.68280930 0.19698796
v -1.59931863 -0.68280930 0.03739142
v -1.71244376 -0.68280930 0.09784970
v -1.18939184 -0.68280930 0.25652569
v -1.40852611 -0.68280930 0.66645248
v -1.21405383 -0.68280930 0.50685594
v -1.29540098 -0.68280930 0.60599420
v -1.65885636 -0.68280930 0.64179049
v -1.53612960 -0.68280930 0.67902817
v -1.21791842 -0.99807655 0.54302016
v -1.21132400 -0.97277035 0.54743755
v -1.26070921 -0.99807655 0.59513519
v -1.25509577 -0.97277035 0.60074863
v -1.25509577 -0.71274698 0.60074863
v -1.21132400 -0.71274698 0.54743755
v -1.17877905 -0.71274698 0.21726378
v -1.15874858 -0.71274698 0.28327421
v -1.17877905 -0.97277035 0.21726378
v -1.15874858 -0.97277035 0.28327421
v -1.16657022 -0.99807655 0.28483814
v -1.47171514 -0.68280930 0.02481573
v -1.34898838 -0.68280930 0.06205341
v -1.24985012 -0.68280930 0.14340056
v -1.21132393 -0.71274698 0.15640645
v -1.17877905 -0.71274698 0.21726378
v -1.21132393 -0.97277035 0.15640645
v -1.17877905 -0.97277035 0.21726378
v -1.18614035 -0.99807655 0.22030016
v -1.57100619 -0.99807655 0.01456980
v -1.53119148 -1.02206307 0.07505926
v -1.63554416 -0.99807655 0.03413993
v -1.63505368 -1.02206307 0.10656084
v -1.69502049 -0.99807655 0.06591794
v -1.30840677 -0.71274698 0.05932358
v -1.25509569 -0.71274698 0.10309535
v -1.30840677 -0.97277035 0.05932358
v -1.25509569 -0.97277035 0.10309535
v -1.26070913 -0.99807655 0.10870879
v -1.36926409 -0.71274698 0.02677867
v -1.30840677 -0.71274698 0.05932358
v -1.36926409 -0.97277035 0.02677867
v -1.30840677 -0.97277035 0.05932358
v -1.31282416 -0.99807655 0.06591800
v -1.15994466 -0.99807655 0.35192201
v -1.15200042 -0.97277035 0.35192201
v -1.16657025 -0.99807655 0.41900587
v -1.15874861 -0.97277035 0.42056980
v -1.15874861 -0.71274698 0.42056980
v -1.15200042 -0.71274698 0.35192201
v -1.43527452 -0.71274698 0.00674819
v -1.36926409 -0.71274698 0.02677867
v -1.43527452 -0.97277035 0.00674819
v -1.36926409 -0.97277035 0.02677867
v -1.37230048 -0.99807655 0.03413997
v -1.16657025 -0.99807655 0.41900587
v -1.15874861 -0.97277035 0.42056980
v -1.18614039 -0.99807655 0.48354384
v -1.17877909 -0.97277035 0.48658023
v -1.17877909 -0.71274698 0.48658023
v -1.15874861 -0.71274698 0.42056980
v -1.25509569 -0.71274698 0.10309535
v -1.21132393 -0.71274698 0.15640645
v -1.25509569 -0.97277035 0.10309535
v -1.21132393 -0.97277035 0.15640645
v -1.21791836 -0.99807655 0.16082383
v -1.57257011 -0.71274698 0.00674816
v -1.50392231 -0.71274698 0.00000000
v -1.57257011 -0.97277035 0.00674816
v -1.50392231 -0.97277035 0.00000000
v -1.50392231 -0.99807655 0.00794424
v -1.69943788 -0.71274698 0.05932351
v -1.63858054 -0.71274698 0.02677863
v -1.69943788 -0.97277035 0.05932351
v -1.63858054 -0.97277035 0.02677863
v -1.63554416 -0.99807655 0.03413993
v -1.78992632 -0.99807655 0.16082374
v -1.74713553 -0.99807655 0.10870871
v -1.71897688 -1.02206307 0.17542371
v -1.63505368 -1.02206307 0.10656084
v -1.79652074 -0.71274698 0.15640635
v -1.75274897 -0.71274698 0.10309527
v -1.79652074 -0.97277035 0.15640635
v -1.75274897 -0.97277035 0.10309527
v -1.74713553 -0.99807655 0.10870871
v -1.71060351 -0.84038162 0.50863488
v -1.76336278 -0.84038162 0.35732026
v -1.57895053 -0.84268227 0.60004301
v -1.71710640 -0.84038162 0.20392009
v -1.58947175 -0.84038162 0.10699103
v -1.42926208 -0.84268227 0.10355566
v -1.29761010 -0.84268227 0.19496377
v -1.24481967 -0.84038162 0.34630855
v -1.29110719 -0.84038162 0.49970872
v -1.41874085 -0.84038162 0.59663879
v -1.84909613 -0.71274698 0.28327410
v -1.82906565 -0.71274698 0.21726367
v -1.84909613 -0.97277035 0.28327410
v -1.82906565 -0.97277035 0.21726367
v -1.82170435 -0.99807655 0.22030006
v -1.59931863 -0.68280930 0.03739142
v -1.63858054 -0.71274698 0.02677863
v -1.71244376 -0.68280930 0.09784970
v -1.69943788 -0.71274698 0.05932351
v -1.21405383 -0.68280930 0.50685594
v -1.17877909 -0.71274698 0.48658023
v -1.17681615 -0.68280930 0.38412918
v -1.15874861 -0.71274698 0.42056980
v -1.65885636 -0.68280930 0.64179049
v -1.63858065 -0.71274698 0.67706523
v -1.53612960 -0.68280930 0.67902817
v -1.57257022 -0.71274698 0.69709571
v -1.21791836 -0.99807655 0.16082383
v -1.18614035 -0.99807655 0.22030016
v -1.25856126 -1.02206307 0.22079064
v -1.22705968 -1.02206307 0.32465284
v -1.16657022 -0.99807655 0.28483814
v -1.15994466 -0.99807655 0.35192201
v -1.22705968 -1.02206307 0.32465284
v -1.23770364 -1.02206307 0.43265602
v -1.79652081 -0.71274698 0.54743746
v -1.75799462 -0.68280930 0.56044334
v -1.82906569 -0.71274698 0.48658012
v -1.81845290 -0.68280930 0.44731821
v -1.63554416 -0.99807655 0.03413993
v -1.63858054 -0.97277035 0.02677863
v -1.57100619 -0.99807655 0.01456980
v -1.57257011 -0.97277035 0.00674816
v -1.57257011 -0.71274698 0.00674816
v -1.63858054 -0.71274698 0.02677863
v -1.84127450 -0.99807655 0.28483803
v -1.77014110 -1.02206307 0.27118788
v -1.84790008 -0.99807655 0.35192189
v -1.78078506 -1.02206307 0.37919106
v -1.84127452 -0.99807655 0.41900576
v -1.82906569 -0.71274698 0.48658012
v -1.84906500 -0.71274698 0.42056969
v -1.82906569 -0.97277035 0.48658012
v -1.84906500 -0.97277035 0.42056969
v -1.84127452 -0.99807655 0.41900576
v -1.43683845 -0.99807655 0.01456983
v -1.42318830 -1.02206307 0.08570322
v -1.50392231 -0.99807655 0.00794424
v -1.53119148 -1.02206307 0.07505926
v -1.57100619 -0.99807655 0.01456980
v -1.57100630 -0.99807655 0.68927407
v -1.57257022 -0.97277035 0.69709571
v -1.63554426 -0.99807655 0.66970393
v -1.63858065 -0.97277035 0.67706523
v -1.63858065 -0.71274698 0.67706523
v -1.57257022 -0.71274698 0.69709571
v -1.84790008 -0.99807655 0.35192189
v -1.85584432 -0.97277035 0.35192189
v -1.84127450 -0.99807655 0.28483803
v -1.84909613 -0.97277035 0.28327410
v -1.84909613 -0.71274698 0.28327410
v -1.85584432 -0.71274698 0.35192189
v -1.79379091 -0.68280930 0.19698796
v -1.82906565 -0.71274698 0.21726367
v -1.83102859 -0.68280930 0.31971472
v -1.84909613 -0.71274698 0.28327410
v -1.79652081 -0.71274698 0.54743746
v -1.82906569 -0.71274698 0.48658012
v -1.79652081 -0.97277035 0.54743746
v -1.82906569 -0.97277035 0.48658012
v -1.82170439 -0.99807655 0.48354374
v -1.75274905 -0.71274698 0.60074855
v -1.79652081 -0.71274698 0.54743746
v -1.75274905 -0.97277035 0.60074855
v -1.79652081 -0.97277035 0.54743746
v -1.78992638 -0.99807655 0.54302007
v -1.75274897 -0.71274698 0.10309527
v -1.69943788 -0.71274698 0.05932351
v -1.75274897 -0.97277035 0.10309527
v -1.69943788 -0.97277035 0.05932351
v -1.69502049 -0.99807655 0.06591794
v -1.50392243 -0.99807655 0.69589966
v -1.50392243 -0.97277035 0.70384390
v -1.57100630 -0.99807655 0.68927407
v -1.57257022 -0.97277035 0.69709571
v -1.57257022 -0.71274698 0.69709571
v -1.50392243 -0.71274698 0.70384390
v -1.57257011 -0.71274698 0.00674816
v -1.59931863 -0.68280930 0.03739142
v -1.50392231 -0.71274698 0.00000000
v -1.47171514 -0.68280930 0.02481573
v -1.21791842 -0.99807655 0.54302016
v -1.28886786 -1.02206307 0.52842019
v -1.18614039 -0.99807655 0.48354384
v -1.23770364 -1.02206307 0.43265602
v -1.16657025 -0.99807655 0.41900587
v -1.43683856 -0.99807655 0.68927410
v -1.50392243 -0.99807655 0.69589966
v -1.47665326 -1.02206307 0.62878464
v -1.58465644 -1.02206307 0.61814068
v -1.84127452 -0.99807655 0.41900576
v -1.84906500 -0.97277035 0.42056969
v -1.84790008 -0.99807655 0.35192189
v -1.85584432 -0.97277035 0.35192189
v -1.85584432 -0.71274698 0.35192189
v -1.84906500 -0.71274698 0.42056969
v -1.16657022 -0.99807655 0.28483814
v -1.15874858 -0.97277035 0.28327421
v -1.15994466 -0.99807655 0.35192201
v -1.15200042 -0.97277035 0.35192201
v -1.15200042 -0.71274698 0.35192201
v -1.15874858 -0.71274698 0.28327421
v -1.21132400 -0.71274698 0.54743755
v -1.21405383 -0.68280930 0.50685594
v -1.25509577 -0.71274698 0.60074863
v -1.29540098 -0.68280930 0.60599420
v -1.43527452 -0.71274698 0.00674819
v -1.47171514 -0.68280930 0.02481573
v -1.36926409 -0.71274698 0.02677867
v -1.34898838 -0.68280930 0.06205341
v -1.69943797 -0.71274698 0.64452032
v -1.75274905 -0.71274698 0.60074855
v -1.69943797 -0.97277035 0.64452032
v -1.75274905 -0.97277035 0.60074855
v -1.74713561 -0.99807655 0.59513511
v -1.50392231 -0.99807655 0.00794424
v -1.50392231 -0.97277035 0.00000000
v -1.43683845 -0.99807655 0.01456983
v -1.43527452 -0.97277035 0.00674819
v -1.43527452 -0.71274698 0.00674819
v -1.50392231 -0.71274698 0.00000000
v -1.21791836 -0.99807655 0.16082383
v -1.25856126 -1.02206307 0.22079064
v -1.26070913 -0.99807655 0.10870879
v -1.32742413 -1.02206307 0.13686744
v -1.31282416 -0.99807655 0.06591800
v -1.36926420 -0.71274698 0.67706527
v -1.43527463 -0.71274698 0.69709574
v -1.36926420 -0.97277035 0.67706527
v -1.43527463 -0.97277035 0.69709574
v -1.43683856 -0.99807655 0.68927410
v -1.63858065 -0.71274698 0.67706523
v -1.69943797 -0.71274698 0.64452032
v -1.63858065 -0.97277035 0.67706523
v -1.69943797 -0.97277035 0.64452032
v -1.69502058 -0.99807655 0.63792590
v -1.15874858 -0.71274698 0.28327421
v -1.18939184 -0.68280930 0.25652569
v -1.15200042 -0.71274698 0.35192201
v -1.17681615 -0.68280930 0.38412918
v -1.78992638 -0.99807655 0.54302007
v -1.74928348 -1.02206307 0.48305326
v -1.74713561 -0.99807655 0.59513511
v -1.68042061 -1.02206307 0.56697646
v -1.69502058 -0.99807655 0.63792590
v -1.78992632 -0.99807655 0.16082374
v -1.71897688 -1.02206307 0.17542371
v -1.82170435 -0.99807655 0.22030006
v -1.77014110 -1.02206307 0.27118788
v -1.84127450 -0.99807655 0.28483803
v -1.82906565 -0.71274698 0.21726367
v -1.79652074 -0.71274698 0.15640635
v -1.82906565 -0.97277035 0.21726367
v -1.79652074 -0.97277035 0.15640635
v -1.78992632 -0.99807655 0.16082374
v -1.57100630 -0.99807655 0.68927407
v -1.43683856 -0.99807655 0.68927410
v -1.16657025 -0.99807655 0.41900587
v -1.16657022 -0.99807655 0.28483814
v -1.31282416 -0.99807655 0.06591800
v -1.69502049 -0.99807655 0.06591794
v -1.82170439 -0.99807655 0.48354374
v -1.78992638 -0.99807655 0.54302007
v -1.74713561 -0.99807655 0.59513511
v -1.69502058 -0.99807655 0.63792590
v -1.63554426 -0.99807655 0.66970393
v -1.37230058 -0.99807655 0.66970397
v -1.31282425 -0.99807655 0.63792596
v -1.26070921 -0.99807655 0.59513519
v -1.18614039 -0.99807655 0.48354384
v -1.18614035 -0.99807655 0.22030016
v -1.21791836 -0.99807655 0.16082383
v -1.26070913 -0.99807655 0.10870879
v -1.31282416 -0.99807655 0.06591800
v -1.37230048 -0.99807655 0.03413997
v -1.43683845 -0.99807655 0.01456983
v -1.57100619 -0.99807655 0.01456980
v -1.69502049 -0.99807655 0.06591794
v -1.74713553 -0.99807655 0.10870871
v -1.78992632 -0.99807655 0.16082374
v -1.82170435 -0.99807655 0.22030006
v -1.84127450 -0.99807655 0.28483803
v -1.75799462 -0.68280930 0.56044334
v -1.17681615 -0.68280930 0.38412918
v -1.84906500 -0.71274698 0.42056969
v -1.82906569 -0.71274698 0.48658012
v -1.81845290 -0.68280930 0.44731821
v -1.79652081 -0.71274698 0.54743746
v -1.75274905 -0.71274698 0.60074855
v -1.75799462 -0.68280930 0.56044334
v -1.69943797 -0.71274698 0.64452032
v -1.63858065 -0.71274698 0.67706523
v -1.65885636 -0.68280930 0.64179049
v -1.57257022 -0.71274698 0.69709571
v -1.50392243 -0.71274698 0.70384390
v -1.53612960 -0.68280930 0.67902817
v -1.43527463 -0.71274698 0.69709574
v -1.36926420 -0.71274698 0.67706527
v -1.40852611 -0.68280930 0.66645248
v -1.30840687 -0.71274698 0.64452039
v -1.25509577 -0.71274698 0.60074863
v -1.29540098 -0.68280930 0.60599420
v -1.21132400 -0.71274698 0.54743755
v -1.17877909 -0.71274698 0.48658023
v -1.21405383 -0.68280930 0.50685594
v -1.15874861 -0.71274698 0.42056980
v -1.15200042 -0.71274698 0.35192201
v -1.17681615 -0.68280930 0.38412918
v -1.15874858 -0.71274698 0.28327421
v -1.17877905 -0.71274698 0.21726378
v -1.18939184 -0.68280930 0.25652569
v -1.21132393 -0.71274698 0.15640645
v -1.25509569 -0.71274698 0.10309535
v -1.24985012 -0.68280930 0.14340056
v -1.30840677 -0.71274698 0.05932358
v -1.36926409 -0.71274698 0.02677867
v -1.34898838 -0.68280930 0.06205341
v -1.43527452 -0.71274698 0.00674819
v -1.50392231 -0.71274698 0.00000000
v -1.47171514 -0.68280930 0.02481573
v -1.57257011 -0.71274698 0.00674816
v -1.63858054 -0.71274698 0.02677863
v -1.59931863 -0.68280930 0.03739142
v -1.69943788 -0.71274698 0.05932351
v -1.75274897 -0.71274698 0.10309527
v -1.71244376 -0.68280930 0.09784970
v -1.79652074 -0.71274698 0.15640635
v -1.82906565 -0.71274698 0.21726367
v -1.79379091 -0.68280930 0.19698796
v -1.84909613 -0.71274698 0.28327410
v -1.85584432 -0.71274698 0.35192189
v -1.83102859 -0.68280930 0.31971472
v -1.50392243 0.99807655 0.69589966
v -1.57100630 0.99807655 0.68927407
v -1.50392243 0.97277035 0.70384390
v -1.57257022 0.97277035 0.69709571
v -1.57257022 0.71274698 0.69709571
v -1.43683856 0.99807655 0.68927410
v -1.50392243 0.99807655 0.69589966
v -1.43527463 0.97277035 0.69709574
v -1.50392243 0.97277035 0.70384390
v -1.50392243 0.71274698 0.70384390
v -1.37230058 0.99807655 0.66970397
v -1.43683856 0.99807655 0.68927410
v -1.36926420 0.97277035 0.67706527
v -1.43527463 0.97277035 0.69709574
v -1.43527463 0.71274698 0.69709574
v -1.30840687 0.71274698 0.64452039
v -1.30840687 0.97277035 0.64452039
v -1.36926420 0.71274698 0.67706527
v -1.36926420 0.97277035 0.67706527
v -1.37230058 0.99807655 0.66970397
v -1.31282425 0.99807655 0.63792596
v -1.25509577 0.71274698 0.60074863
v -1.25509577 0.97277035 0.60074863
v -1.30840687 0.71274698 0.64452039
v -1.30840687 0.97277035 0.64452039
v -1.31282425 0.99807655 0.63792596
v -1.26070921 0.99807655 0.59513519
v -1.21132400 0.71274698 0.54743755
v -1.21132400 0.97277035 0.54743755
v -1.25509577 0.71274698 0.60074863
v -1.25509577 0.97277035 0.60074863
v -1.26070921 0.99807655 0.59513519
v -1.21791842 0.99807655 0.54302016
v -1.17877909 0.71274698 0.48658023
v -1.17877909 0.97277035 0.48658023
v -1.21132400 0.71274698 0.54743755
v -1.21132400 0.97277035 0.54743755
v -1.21791842 0.99807655 0.54302016
v -1.18614039 0.99807655 0.48354384
v -1.15874861 0.71274698 0.42056980
v -1.15874861 0.97277035 0.42056980
v -1.17877909 0.71274698 0.48658023
v -1.17877909 0.97277035 0.48658023
v -1.18614039 0.99807655 0.48354384
v -1.16657025 0.99807655 0.41900587
v -1.15200042 0.71274698 0.35192201
v -1.15200042 0.97277035 0.35192201
v -1.15874861 0.71274698 0.42056980
v -1.15874861 0.97277035 0.42056980
v -1.16657025 0.99807655 0.41900587
v -1.15994466 0.99807655 0.35192201
v -1.75274905 0.71274698 0.60074855
v -1.79652081 0.71274698 0.54743746
v -1.71244385 0.68280930 0.60599413
v -1.79379096 0.68280930 0.50685585
v -1.83102860 0.68280930 0.38412907
v -1.84906500 0.71274698 0.42056969
v -1.47171525 0.68280930 0.67902818
v -1.17681614 0.68280930 0.31971483
v -1.24985019 0.68280930 0.56044343
v -1.18939187 0.68280930 0.44731831
v -1.21132400 0.71274698 0.54743755
v -1.17877909 0.71274698 0.48658023
v -1.53612949 0.68280930 0.02481572
v -1.75799455 0.68280930 0.14340047
v -1.65885627 0.68280930 0.06205336
v -1.69943788 0.71274698 0.05932351
v -1.29540089 0.68280930 0.09784977
v -1.21405378 0.68280930 0.19698805
v -1.15874858 0.71274698 0.28327421
v -1.17877905 0.71274698 0.21726378
v -1.21132393 0.71274698 0.15640645
v -1.25509569 0.71274698 0.10309535
v -1.25509569 0.71274698 0.10309535
v -1.25509569 0.97277035 0.10309535
v -1.21132393 0.71274698 0.15640645
v -1.21132393 0.97277035 0.15640645
v -1.21791836 0.99807655 0.16082383
v -1.26070913 0.99807655 0.10870879
v -1.30840677 0.71274698 0.05932358
v -1.30840677 0.97277035 0.05932358
v -1.25509569 0.71274698 0.10309535
v -1.25509569 0.97277035 0.10309535
v -1.26070913 0.99807655 0.10870879
v -1.31282416 0.99807655 0.06591800
v -1.17877905 0.71274698 0.21726378
v -1.17877905 0.97277035 0.21726378
v -1.15874858 0.71274698 0.28327421
v -1.15874858 0.97277035 0.28327421
v -1.16657022 0.99807655 0.28483814
v -1.18614035 0.99807655 0.22030016
v -1.43527452 0.71274698 0.00674819
v -1.43527452 0.97277035 0.00674819
v -1.36926409 0.71274698 0.02677867
v -1.36926409 0.97277035 0.02677867
v -1.37230048 0.99807655 0.03413997
v -1.43683845 0.99807655 0.01456983
v -1.36926409 0.71274698 0.02677867
v -1.36926409 0.97277035 0.02677867
v -1.30840677 0.71274698 0.05932358
v -1.30840677 0.97277035 0.05932358
v -1.31282416 0.99807655 0.06591800
v -1.37230048 0.99807655 0.03413997
v -1.16657022 0.99807655 0.28483814
v -1.15994466 0.99807655 0.35192201
v -1.15874858 0.97277035 0.28327421
v -1.15200042 0.97277035 0.35192201
v -1.15200042 0.71274698 0.35192201
v -1.63858054 0.71274698 0.02677863
v -1.63858054 0.97277035 0.02677863
v -1.57257011 0.71274698 0.00674816
v -1.57257011 0.97277035 0.00674816
v -1.57100619 0.99807655 0.01456980
v -1.63554416 0.99807655 0.03413993
v -1.79652074 0.71274698 0.15640635
v -1.79652074 0.97277035 0.15640635
v -1.75274897 0.71274698 0.10309527
v -1.75274897 0.97277035 0.10309527
v -1.74713553 0.99807655 0.10870871
v -1.78992632 0.99807655 0.16082374
v -1.82906565 0.71274698 0.21726367
v -1.82906565 0.97277035 0.21726367
v -1.79652074 0.71274698 0.15640635
v -1.79652074 0.97277035 0.15640635
v -1.78992632 0.99807655 0.16082374
v -1.82170435 0.99807655 0.22030006
v -1.75274897 0.71274698 0.10309527
v -1.75274897 0.97277035 0.10309527
v -1.69943788 0.71274698 0.05932351
v -1.69943788 0.97277035 0.05932351
v -1.69502049 0.99807655 0.06591794
v -1.74713553 0.99807655 0.10870871
v -1.85584432 0.71274698 0.35192189
v -1.85584432 0.97277035 0.35192189
v -1.84909613 0.71274698 0.28327410
v -1.84909613 0.97277035 0.28327410
v -1.84127450 0.99807655 0.28483803
v -1.84790008 0.99807655 0.35192189
v -1.15874861 0.71274698 0.42056980
v -1.15200042 0.71274698 0.35192201
v -1.71060351 0.84038162 0.50863488
v -1.57895053 0.84268227 0.60004301
v -1.76336278 0.84038162 0.35732026
v -1.71710640 0.84038162 0.20392009
v -1.58947175 0.84038162 0.10699103
v -1.42926208 0.84268227 0.10355566
v -1.29761010 0.84268227 0.19496377
v -1.24481967 0.84038162 0.34630855
v -1.29110719 0.84038162 0.49970872
v -1.41874085 0.84038162 0.59663879
v -1.69943797 0.71274698 0.64452032
v -1.69943797 0.97277035 0.64452032
v -1.75274905 0.71274698 0.60074855
v -1.75274905 0.97277035 0.60074855
v -1.74713561 0.99807655 0.59513511
v -1.69502058 0.99807655 0.63792590
v -1.57257011 0.71274698 0.00674816
v -1.63858054 0.71274698 0.02677863
v -1.79652081 0.71274698 0.54743746
v -1.79652081 0.97277035 0.54743746
v -1.82906569 0.71274698 0.48658012
v -1.82906569 0.97277035 0.48658012
v -1.82170439 0.99807655 0.48354374
v -1.78992638 0.99807655 0.54302007
v -1.84127450 0.99807655 0.28483803
v -1.82170435 0.99807655 0.22030006
v -1.84909613 0.97277035 0.28327410
v -1.82906565 0.97277035 0.21726367
v -1.82906565 0.71274698 0.21726367
v -1.25509577 0.71274698 0.60074863
v -1.30840687 0.71274698 0.64452039
v -1.34898847 0.68280930 0.64179054
v -1.43527463 0.71274698 0.69709574
v -1.82170439 0.99807655 0.48354374
v -1.84127452 0.99807655 0.41900576
v -1.82906569 0.97277035 0.48658012
v -1.84906500 0.97277035 0.42056969
v -1.84906500 0.71274698 0.42056969
v -1.69502049 0.99807655 0.06591794
v -1.63554416 0.99807655 0.03413993
v -1.69943788 0.97277035 0.05932351
v -1.63858054 0.97277035 0.02677863
v -1.63858054 0.71274698 0.02677863
v -1.57257022 0.71274698 0.69709571
v -1.57257022 0.97277035 0.69709571
v -1.63858065 0.71274698 0.67706523
v -1.63858065 0.97277035 0.67706523
v -1.63554426 0.99807655 0.66970393
v -1.57100630 0.99807655 0.68927407
v -1.50392243 0.71274698 0.70384390
v -1.57257022 0.71274698 0.69709571
v -1.59931873 0.68280930 0.66645245
v -1.69943797 0.71274698 0.64452032
v -1.21791836 0.99807655 0.16082383
v -1.18614035 0.99807655 0.22030016
v -1.21132393 0.97277035 0.15640645
v -1.17877905 0.97277035 0.21726378
v -1.17877905 0.71274698 0.21726378
v -1.50392231 0.71274698 0.00000000
v -1.50392231 0.97277035 0.00000000
v -1.43527452 0.71274698 0.00674819
v -1.43527452 0.97277035 0.00674819
v -1.43683845 0.99807655 0.01456983
v -1.50392231 0.99807655 0.00794424
v -1.84906500 0.71274698 0.42056969
v -1.84906500 0.97277035 0.42056969
v -1.85584432 0.71274698 0.35192189
v -1.85584432 0.97277035 0.35192189
v -1.84790008 0.99807655 0.35192189
v -1.84127452 0.99807655 0.41900576
v -1.36926409 0.71274698 0.02677867
v -1.30840677 0.71274698 0.05932358
v -1.40852601 0.68280930 0.03739145
v -1.43527452 0.71274698 0.00674819
v -1.50392231 0.71274698 0.00000000
v -1.57100619 0.99807655 0.01456980
v -1.50392231 0.99807655 0.00794424
v -1.57257011 0.97277035 0.00674816
v -1.50392231 0.97277035 0.00000000
v -1.50392231 0.71274698 0.00000000
v -1.75274905 0.71274698 0.60074855
v -1.75274905 0.97277035 0.60074855
v -1.79652081 0.71274698 0.54743746
v -1.79652081 0.97277035 0.54743746
v -1.78992638 0.99807655 0.54302007
v -1.74713561 0.99807655 0.59513511
v -1.63858065 0.71274698 0.67706523
v -1.63858065 0.97277035 0.67706523
v -1.69943797 0.71274698 0.64452032
v -1.69943797 0.97277035 0.64452032
v -1.69502058 0.99807655 0.63792590
v -1.63554426 0.99807655 0.66970393
v -1.82906565 0.71274698 0.21726367
v -1.79652074 0.71274698 0.15640635
v -1.81845287 0.68280930 0.25652559
v -1.84909613 0.71274698 0.28327410
v -1.85584432 0.71274698 0.35192189
v -1.26070913 0.99807655 0.10870879
v -1.31282416 0.99807655 0.06591800
v -1.28886780 1.02206307 0.17542378
v -1.37279098 1.02206307 0.10656088
v -1.37230048 0.99807655 0.03413997
v -1.43683845 0.99807655 0.01456983
v -1.47665317 1.02206307 0.07505927
v -1.50392231 0.99807655 0.00794424
v -1.57100619 0.99807655 0.01456980
v -1.58465635 1.02206307 0.08570319
v -1.63554416 0.99807655 0.03413993
v -1.69502049 0.99807655 0.06591794
v -1.68042054 1.02206307 0.13686738
v -1.74713553 0.99807655 0.10870871
v -1.78992632 0.99807655 0.16082374
v -1.74928344 1.02206307 0.22079056
v -1.82170435 0.99807655 0.22030006
v -1.84127450 0.99807655 0.28483803
v -1.78078505 1.02206307 0.32465275
v -1.84790008 0.99807655 0.35192189
v -1.77014113 1.02206307 0.43265593
v -1.84127452 0.99807655 0.41900576
v -1.82170439 0.99807655 0.48354374
v -1.78992638 0.99807655 0.54302007
v -1.71897694 1.02206307 0.52842012
v -1.74713561 0.99807655 0.59513511
v -1.69502058 0.99807655 0.63792590
v -1.63505376 1.02206307 0.59728302
v -1.63554426 0.99807655 0.66970393
v -1.57100630 0.99807655 0.68927407
v -1.53116041 1.02206307 0.62878463
v -1.50392243 0.99807655 0.69589966
v -1.43683856 0.99807655 0.68927410
v -1.42318839 1.02206307 0.61814071
v -1.37230058 0.99807655 0.66970397
v -1.31282425 0.99807655 0.63792596
v -1.32742420 1.02206307 0.56697652
v -1.26070921 0.99807655 0.59513519
v -1.21791842 0.99807655 0.54302016
v -1.25856130 1.02206307 0.48305334
v -1.18614039 0.99807655 0.48354384
v -1.16657025 0.99807655 0.41900587
v -1.22705969 1.02206307 0.37919115
v -1.15994466 0.99807655 0.35192201
v -1.16657022 0.99807655 0.28483814
v -1.23770361 1.02206307 0.27118797
v -1.18614035 0.99807655 0.22030016
v -1.21791836 0.99807655 0.16082383
v -1.82906569 0.71274698 0.48658012
v -1.50392243 0.71274698 0.70384390
v -1.43527463 0.71274698 0.69709574
v -1.36926420 0.71274698 0.67706527
v -1.15874858 0.71274698 0.28327421
v -1.21132393 0.71274698 0.15640645
v -1.57257011 0.71274698 0.00674816
v -1.69943788 0.71274698 0.05932351
v -1.84909613 0.71274698 0.28327410
v -1.85584432 0.71274698 0.35192189
v -1.83102860 0.68280930 0.38412907
v -1.84906500 0.71274698 0.42056969
v -1.82906569 0.71274698 0.48658012
v -1.82906569 0.71274698 0.48658012
v -1.79379096 0.68280930 0.50685585
v -1.79652081 0.71274698 0.54743746
v -1.75274905 0.71274698 0.60074855
v -1.71244385 0.68280930 0.60599413
v -1.69943797 0.71274698 0.64452032
v -1.63858065 0.71274698 0.67706523
v -1.63858065 0.71274698 0.67706523
v -1.59931873 0.68280930 0.66645245
v -1.57257022 0.71274698 0.69709571
v -1.50392243 0.71274698 0.70384390
v -1.47171525 0.68280930 0.67902818
v -1.43527463 0.71274698 0.69709574
v -1.36926420 0.71274698 0.67706527
v -1.36926420 0.71274698 0.67706527
v -1.34898847 0.68280930 0.64179054
v -1.30840687 0.71274698 0.64452039
v -1.25509577 0.71274698 0.60074863
v -1.24985019 0.68280930 0.56044343
v -1.21132400 0.71274698 0.54743755
v -1.17877909 0.71274698 0.48658023
v -1.18939187 0.68280930 0.44731831
v -1.15874861 0.71274698 0.42056980
v -1.15200042 0.71274698 0.35192201
v -1.17681614 0.68280930 0.31971483
v -1.15874858 0.71274698 0.28327421
v -1.17877905 0.71274698 0.21726378
v -1.21405378 0.68280930 0.19698805
v -1.21132393 0.71274698 0.15640645
v -1.25509569 0.71274698 0.10309535
v -1.29540089 0.68280930 0.09784977
v -1.30840677 0.71274698 0.05932358
v -1.36926409 0.71274698 0.02677867
v -1.40852601 0.68280930 0.03739145
v -1.43527452 0.71274698 0.00674819
v -1.50392231 0.71274698 0.00000000
v -1.53612949 0.68280930 0.02481572
v -1.57257011 0.71274698 0.00674816
v -1.63858054 0.71274698 0.02677863
v -1.65885627 0.68280930 0.06205336
v -1.69943788 0.71274698 0.05932351
v -1.75274897 0.71274698 0.10309527
v -1.75274897 0.71274698 0.10309527
v -1.75799455 0.68280930 0.14340047
v -1.79652074 0.71274698 0.15640635
v -1.82906565 0.71274698 0.21726367
v -1.81845287 0.68280930 0.25652559
v -1.84909613 0.71274698 0.28327410
vt 0.69353300 0.37769699
vt 0.69353300 0.34913200
vt 0.78765202 0.37769699
vt 0.78765202 0.34913200
vt 0.78765202 0.09863597
vt 0.69353300 0.09863597
vt 0.69353300 0.37769699
vt 0.69353300 0.34913200
vt 0.78765202 0.37769699
vt 0.78765202 0.34913200
vt 0.78765202 0.09863597
vt 0.69353300 0.09863597
vt 0.69353300 0.37769699
vt 0.69353300 0.34913200
vt 0.78765202 0.37769699
vt 0.78765202 0.34913200
vt 0.78765202 0.09863597
vt 0.69353300 0.09863597
vt 0.69353300 0.09863597
vt 0.78765202 0.09863597
vt 0.69353300 0.34913200
vt 0.78765202 0.34913200
vt 0.78765202 0.37769699
vt 0.87292099 0.23065901
vt 0.87887198 0.22235799
vt 0.87301201 0.24085200
vt 0.88857698 0.21912301
vt 0.89828199 0.22220498
vt 0.90435499 0.23041499
vt 0.90441602 0.24063802
vt 0.89849502 0.24893999
vt 0.88879102 0.25217402
vt 0.87905502 0.24906200
vt 0.69353300 0.09863597
vt 0.78765202 0.09863597
vt 0.69353300 0.34913200
vt 0.78765202 0.34913200
vt 0.78765202 0.37769699
vt 0.69353300 0.09863597
vt 0.78765202 0.09863597
vt 0.69353300 0.34913200
vt 0.78765202 0.34913200
vt 0.78765202 0.37769699
vt 0.69353300 0.09863597
vt 0.78765202 0.09863597
vt 0.69353300 0.34913200
vt 0.78765202 0.34913200
vt 0.78765202 0.37769699
vt 0.69353300 0.09863597
vt 0.78765202 0.09863597
vt 0.69353300 0.34913200
vt 0.78765202 0.34913200
vt 0.78765202 0.37769699
vt 0.69353300 0.09863597
vt 0.78765202 0.09863597
vt 0.69353300 0.34913200
vt 0.78765202 0.34913200
vt 0.78765202 0.37769699
vt 0.69353300 0.09863597
vt 0.78765202 0.09863597
vt 0.69353300 0.34913200
vt 0.78765202 0.34913200
vt 0.78765202 0.37769699
vt 0.69353300 0.09863597
vt 0.78765202 0.09863597
vt 0.69353300 0.34913200
vt 0.78765202 0.34913200
vt 0.78765202 0.37769699
vt 0.69353300 0.09863597
vt 0.78765202 0.09863597
vt 0.69353300 0.34913200
vt 0.78765202 0.34913200
vt 0.78765202 0.37769699
vt 0.69353300 0.09863597
vt 0.78765202 0.09863597
vt 0.69353300 0.34913200
vt 0.78765202 0.34913200
vt 0.78765202 0.37769699
vt 0.69353300 0.09863597
vt 0.78765202 0.09863597
vt 0.69353300 0.34913200
vt 0.78765202 0.34913200
vt 0.78765202 0.37769699
vt 0.69353300 0.09863597
vt 0.78765202 0.09863597
vt 0.69353300 0.34913200
vt 0.78765202 0.34913200
vt 0.78765202 0.37769699
vt 0.69353300 0.09863597
vt 0.78765202 0.09863597
vt 0.69353300 0.34913200
vt 0.78765202 0.34913200
vt 0.78765202 0.37769699
vt 0.69353300 0.09863597
vt 0.78765202 0.09863597
vt 0.69353300 0.34913200
vt 0.78765202 0.34913200
vt 0.78765202 0.37769699
vt 0.69353300 0.09863597
vt 0.78765202 0.09863597
vt 0.69353300 0.34913200
vt 0.78765202 0.34913200
vt 0.78765202 0.37769699
vt 0.69353300 0.09863597
vt 0.78765202 0.09863597
vt 0.69353300 0.34913200
vt 0.78765202 0.34913200
vt 0.78765202 0.37769699
vt 0.84548497 0.21988600
vt 0.84954399 0.21228701
vt 0.84298199 0.22809500
vt 0.86162901 0.20023203
vt 0.89449799 0.19366997
vt 0.87740701 0.19366997
vt 0.88595200 0.19284600
vt 0.92892200 0.24518597
vt 0.87740701 0.27958000
vt 0.84954399 0.26096398
vt 0.86162901 0.27304900
vt 0.85497600 0.26761699
vt 0.91027600 0.27304900
vt 0.89449799 0.27958000
vt 0.88595200 0.28043503
vt 0.92236102 0.26096398
vt 0.91692901 0.26761699
vt 0.69353300 0.09863597
vt 0.78765202 0.09863597
vt 0.69353300 0.34913200
vt 0.78765202 0.34913200
vt 0.78765202 0.37769699
vt 0.91692901 0.20566398
vt 0.92236102 0.21228701
vt 0.91027600 0.20023203
vt 0.90270698 0.19617301
vt 0.92892200 0.22809500
vt 0.92974597 0.23664099
vt 0.84548497 0.25339502
vt 0.84298199 0.24518597
vt 0.69353300 0.09863597
vt 0.78765202 0.09863597
vt 0.69353300 0.34913200
vt 0.78765202 0.34913200
vt 0.78765202 0.37769699
vt 0.69353300 0.09863597
vt 0.78765202 0.09863597
vt 0.69353300 0.34913200
vt 0.78765202 0.34913200
vt 0.78765202 0.37769699
vt 0.69353300 0.09863597
vt 0.78765202 0.09863597
vt 0.69353300 0.34913200
vt 0.78765202 0.34913200
vt 0.78765202 0.37769699
vt 0.69353300 0.09863597
vt 0.78765202 0.09863597
vt 0.69353300 0.34913200
vt 0.78765202 0.34913200
vt 0.78765202 0.37769699
vt 0.69353300 0.37769699
vt 0.69353300 0.34913200
vt 0.78765202 0.37769699
vt 0.78765202 0.34913200
vt 0.78765202 0.09863597
vt 0.69353300 0.09863597
vt 0.69353300 0.37769699
vt 0.69353300 0.34913200
vt 0.78765202 0.37769699
vt 0.78765202 0.34913200
vt 0.78765202 0.09863597
vt 0.69353300 0.09863597
vt 0.69353300 0.37769699
vt 0.69353300 0.34913200
vt 0.78765202 0.37769699
vt 0.78765202 0.34913200
vt 0.78765202 0.09863597
vt 0.69353300 0.09863597
vt 0.69353300 0.37769699
vt 0.69353300 0.34913200
vt 0.78765202 0.37769699
vt 0.78765202 0.34913200
vt 0.78765202 0.09863597
vt 0.69353300 0.09863597
vt 0.69353300 0.37769699
vt 0.69353300 0.34913200
vt 0.78765202 0.37769699
vt 0.78765202 0.34913200
vt 0.78765202 0.09863597
vt 0.69353300 0.09863597
vt 0.69353300 0.09863597
vt 0.78765202 0.09863597
vt 0.69353300 0.34913200
vt 0.78765202 0.34913200
vt 0.78765202 0.37769699
vt 0.69353300 0.37769699
vt 0.69353300 0.34913200
vt 0.78765202 0.37769699
vt 0.78765202 0.34913200
vt 0.78765202 0.09863597
vt 0.69353300 0.09863597
vt 0.69353300 0.09863597
vt 0.78765202 0.09863597
vt 0.69353300 0.34913200
vt 0.78765202 0.34913200
vt 0.78765202 0.37769699
vt 0.84438598 0.47187698
vt 0.84688902 0.42518401
vt 0.88641000 0.44892699
vt 0.92297101 0.41825598
vt 0.77129400 0.44853097
vt 0.79854703 0.48609900
vt 0.75075501 0.49089003
vt 0.69252598 0.44062603
vt 0.70293301 0.48609900
vt 0.65709400 0.47187698
vt 0.62306601 0.40287501
vt 0.61510098 0.44892699
vt 0.57850897 0.41825598
vt 0.57356501 0.34150201
vt 0.54872298 0.38114601
vt 0.52671897 0.33912200
vt 0.55113399 0.26603001
vt 0.51304698 0.29374099
vt 0.50956798 0.24668097
vt 0.55867201 0.18768901
vt 0.51304698 0.19962198
vt 0.52671897 0.15420997
vt 0.59526402 0.11795402
vt 0.54872298 0.11221701
vt 0.57850897 0.07510602
vt 0.65587300 0.06735402
vt 0.61510098 0.04443502
vt 0.65709400 0.02148497
vt 0.73149800 0.04400802
vt 0.70293301 0.00726300
vt 0.75075501 0.00247198
vt 0.81026602 0.05191201
vt 0.79854703 0.00726300
vt 0.84438598 0.02148497
vt 0.87972701 0.08966303
vt 0.88641000 0.04443502
vt 0.92297101 0.07510602
vt 0.92922801 0.15106702
vt 0.95275700 0.11221701
vt 0.97479200 0.15420997
vt 0.95165902 0.22650802
vt 0.98846400 0.19962198
vt 0.99191302 0.24668097
vt 0.94412100 0.30484903
vt 0.98846400 0.29374099
vt 0.97479200 0.33912200
vt 0.90749800 0.37458402
vt 0.95275700 0.38114601
vt 0.69353300 0.37769699
vt 0.69353300 0.37769699
vt 0.69353300 0.37769699
vt 0.69353300 0.37769699
vt 0.69353300 0.37769699
vt 0.69353300 0.37769699
vt 0.69353300 0.37769699
vt 0.69353300 0.37769699
vt 0.69353300 0.37769699
vt 0.69353300 0.37769699
vt 0.69353300 0.37769699
vt 0.69353300 0.37769699
vt 0.69353300 0.37769699
vt 0.69353300 0.37769699
vt 0.69353300 0.37769699
vt 0.69353300 0.37769699
vt 0.69353300 0.37769699
vt 0.69353300 0.37769699
vt 0.69353300 0.37769699
vt 0.69353300 0.37769699
vt 0.69353300 0.37769699
vt 0.69353300 0.37769699
vt 0.69353300 0.37769699
vt 0.85497600 0.20566398
vt 0.86919802 0.19617301
vt 0.92641997 0.21988600
vt 0.92641997 0.25339502
vt 0.90270698 0.27710801
vt 0.86919802 0.27710801
vt 0.84215802 0.23664099
vt 0.99191302 0.24668097
vt 0.98846400 0.19962198
vt 0.95165902 0.22650802
vt 0.97479200 0.15420997
vt 0.92922801 0.15106702
vt 0.97479200 0.15420997
vt 0.95275700 0.11221701
vt 0.92922801 0.15106702
vt 0.92297101 0.07510602
vt 0.87972701 0.08966303
vt 0.81026602 0.05191201
vt 0.87972701 0.08966303
vt 0.84438598 0.02148497
vt 0.88641000 0.04443502
vt 0.69353300 0.37769699
vt 0.78765202 0.37769699
vt 0.69353300 0.34913200
vt 0.78765202 0.34913200
vt 0.78765202 0.09863597
vt 0.69353300 0.09863597
vt 0.69353300 0.34913200
vt 0.78765202 0.09863597
vt 0.78765202 0.34913200
vt 0.78765202 0.37769699
vt 0.69353300 0.37769699
vt 0.69353300 0.09863597
vt 0.69353300 0.34913200
vt 0.78765202 0.09863597
vt 0.78765202 0.34913200
vt 0.78765202 0.37769699
vt 0.69353300 0.37769699
vt 0.69353300 0.09863597
vt 0.69353300 0.34913200
vt 0.78765202 0.09863597
vt 0.78765202 0.34913200
vt 0.78765202 0.37769699
vt 0.69353300 0.37769699
vt 0.59526402 0.11795402
vt 0.65587300 0.06735402
vt 0.57850897 0.07510602
vt 0.61510098 0.04443502
vt 0.84548497 0.21988600
vt 0.84298199 0.22809500
vt 0.84954399 0.21228701
vt 0.86162901 0.20023203
vt 0.85497600 0.20566398
vt 0.89449799 0.19366997
vt 0.92892200 0.24518597
vt 0.92236102 0.21228701
vt 0.92892200 0.22809500
vt 0.92641997 0.21988600
vt 0.87740701 0.27958000
vt 0.84954399 0.26096398
vt 0.86162901 0.27304900
vt 0.85497600 0.26761699
vt 0.91027600 0.27304900
vt 0.92236102 0.26096398
vt 0.92641997 0.25339502
vt 0.89449799 0.27958000
vt 0.90270698 0.27710801
vt 0.77129400 0.44853097
vt 0.69252598 0.44062603
vt 0.75075501 0.49089003
vt 0.70293301 0.48609900
vt 0.69353300 0.09863597
vt 0.69353300 0.34913200
vt 0.78765202 0.09863597
vt 0.78765202 0.34913200
vt 0.78765202 0.37769699
vt 0.69353300 0.37769699
vt 0.69353300 0.09863597
vt 0.69353300 0.34913200
vt 0.78765202 0.09863597
vt 0.78765202 0.34913200
vt 0.78765202 0.37769699
vt 0.69353300 0.37769699
vt 0.57850897 0.07510602
vt 0.54872298 0.11221701
vt 0.59526402 0.11795402
vt 0.52671897 0.15420997
vt 0.55867201 0.18768901
vt 0.69353300 0.37769699
vt 0.78765202 0.37769699
vt 0.69353300 0.34913200
vt 0.78765202 0.34913200
vt 0.78765202 0.09863597
vt 0.69353300 0.37769699
vt 0.78765202 0.37769699
vt 0.69353300 0.34913200
vt 0.78765202 0.34913200
vt 0.78765202 0.09863597
vt 0.69353300 0.09863597
vt 0.69353300 0.34913200
vt 0.78765202 0.09863597
vt 0.78765202 0.34913200
vt 0.78765202 0.37769699
vt 0.69353300 0.37769699
vt 0.87292099 0.23065901
vt 0.87301201 0.24085200
vt 0.87887198 0.22235799
vt 0.88857698 0.21912301
vt 0.89828199 0.22220498
vt 0.90435499 0.23041499
vt 0.90441602 0.24063802
vt 0.89849502 0.24893999
vt 0.88879102 0.25217402
vt 0.87905502 0.24906200
vt 0.69353300 0.09863597
vt 0.69353300 0.34913200
vt 0.78765202 0.09863597
vt 0.78765202 0.34913200
vt 0.78765202 0.37769699
vt 0.69353300 0.37769699
vt 0.69353300 0.09863597
vt 0.69353300 0.34913200
vt 0.78765202 0.09863597
vt 0.78765202 0.34913200
vt 0.78765202 0.37769699
vt 0.69353300 0.37769699
vt 0.69353300 0.09863597
vt 0.69353300 0.34913200
vt 0.78765202 0.09863597
vt 0.78765202 0.34913200
vt 0.78765202 0.37769699
vt 0.69353300 0.37769699
vt 0.84548497 0.25339502
vt 0.84298199 0.24518597
vt 0.84215802 0.23664099
vt 0.84438598 0.47187698
vt 0.88641000 0.44892699
vt 0.84688902 0.42518401
vt 0.92297101 0.41825598
vt 0.90749800 0.37458402
vt 0.69353300 0.37769699
vt 0.78765202 0.37769699
vt 0.69353300 0.34913200
vt 0.78765202 0.34913200
vt 0.78765202 0.09863597
vt 0.69353300 0.09863597
vt 0.69353300 0.34913200
vt 0.78765202 0.09863597
vt 0.78765202 0.34913200
vt 0.78765202 0.37769699
vt 0.69353300 0.37769699
vt 0.69353300 0.09863597
vt 0.69353300 0.34913200
vt 0.78765202 0.09863597
vt 0.78765202 0.34913200
vt 0.78765202 0.37769699
vt 0.69353300 0.37769699
vt 0.69353300 0.09863597
vt 0.69353300 0.34913200
vt 0.78765202 0.09863597
vt 0.78765202 0.34913200
vt 0.78765202 0.37769699
vt 0.69353300 0.37769699
vt 0.92297101 0.41825598
vt 0.95275700 0.38114601
vt 0.90749800 0.37458402
vt 0.97479200 0.33912200
vt 0.94412100 0.30484903
vt 0.69353300 0.37769699
vt 0.78765202 0.37769699
vt 0.69353300 0.34913200
vt 0.78765202 0.34913200
vt 0.78765202 0.09863597
vt 0.91692901 0.20566398
vt 0.91027600 0.20023203
vt 0.97479200 0.33912200
vt 0.98846400 0.29374099
vt 0.94412100 0.30484903
vt 0.99191302 0.24668097
vt 0.95165902 0.22650802
vt 0.73149800 0.04400802
vt 0.81026602 0.05191201
vt 0.75075501 0.00247198
vt 0.79854703 0.00726300
vt 0.52671897 0.15420997
vt 0.51304698 0.19962198
vt 0.55867201 0.18768901
vt 0.50956798 0.24668097
vt 0.55113399 0.26603001
vt 0.69353300 0.37769699
vt 0.78765202 0.37769699
vt 0.69353300 0.34913200
vt 0.78765202 0.34913200
vt 0.78765202 0.09863597
vt 0.69353300 0.09863597
vt 0.69353300 0.34913200
vt 0.78765202 0.09863597
vt 0.78765202 0.34913200
vt 0.78765202 0.37769699
vt 0.69353300 0.37769699
vt 0.69353300 0.09863597
vt 0.69353300 0.34913200
vt 0.78765202 0.09863597
vt 0.78765202 0.34913200
vt 0.78765202 0.37769699
vt 0.69353300 0.37769699
vt 0.69353300 0.09863597
vt 0.69353300 0.34913200
vt 0.78765202 0.09863597
vt 0.78765202 0.34913200
vt 0.78765202 0.37769699
vt 0.69353300 0.37769699
vt 0.86919802 0.19617301
vt 0.87740701 0.19366997
vt 0.88595200 0.19284600
vt 0.84688902 0.42518401
vt 0.77129400 0.44853097
vt 0.84438598 0.47187698
vt 0.79854703 0.48609900
vt 0.69353300 0.09863597
vt 0.69353300 0.34913200
vt 0.78765202 0.09863597
vt 0.78765202 0.34913200
vt 0.78765202 0.37769699
vt 0.69353300 0.37769699
vt 0.69353300 0.09863597
vt 0.69353300 0.34913200
vt 0.78765202 0.09863597
vt 0.78765202 0.34913200
vt 0.78765202 0.37769699
vt 0.69353300 0.37769699
vt 0.69353300 0.09863597
vt 0.69353300 0.34913200
vt 0.78765202 0.09863597
vt 0.78765202 0.34913200
vt 0.78765202 0.37769699
vt 0.69353300 0.37769699
vt 0.69353300 0.37769699
vt 0.78765202 0.37769699
vt 0.69353300 0.34913200
vt 0.78765202 0.34913200
vt 0.78765202 0.09863597
vt 0.69353300 0.37769699
vt 0.78765202 0.37769699
vt 0.69353300 0.34913200
vt 0.78765202 0.34913200
vt 0.78765202 0.09863597
vt 0.69353300 0.37769699
vt 0.78765202 0.37769699
vt 0.69353300 0.34913200
vt 0.78765202 0.34913200
vt 0.78765202 0.09863597
vt 0.69353300 0.09863597
vt 0.69353300 0.34913200
vt 0.78765202 0.09863597
vt 0.78765202 0.34913200
vt 0.78765202 0.37769699
vt 0.69353300 0.37769699
vt 0.69353300 0.09863597
vt 0.69353300 0.34913200
vt 0.78765202 0.09863597
vt 0.78765202 0.34913200
vt 0.78765202 0.37769699
vt 0.69353300 0.37769699
vt 0.69353300 0.37769699
vt 0.78765202 0.37769699
vt 0.69353300 0.34913200
vt 0.78765202 0.34913200
vt 0.78765202 0.09863597
vt 0.52671897 0.33912200
vt 0.54872298 0.38114601
vt 0.57356501 0.34150201
vt 0.57850897 0.41825598
vt 0.62306601 0.40287501
vt 0.69353300 0.37769699
vt 0.78765202 0.37769699
vt 0.69353300 0.34913200
vt 0.78765202 0.34913200
vt 0.78765202 0.09863597
vt 0.57356501 0.34150201
vt 0.55113399 0.26603001
vt 0.52671897 0.33912200
vt 0.51304698 0.29374099
vt 0.57850897 0.41825598
vt 0.61510098 0.44892699
vt 0.62306601 0.40287501
vt 0.65709400 0.47187698
vt 0.69252598 0.44062603
vt 0.65587300 0.06735402
vt 0.73149800 0.04400802
vt 0.65709400 0.02148497
vt 0.70293301 0.00726300
vt 0.69353300 0.37769699
vt 0.78765202 0.37769699
vt 0.69353300 0.34913200
vt 0.78765202 0.34913200
vt 0.78765202 0.09863597
vt 0.92297101 0.07510602
vt 0.84438598 0.02148497
vt 0.75075501 0.00247198
vt 0.65709400 0.02148497
vt 0.50956798 0.24668097
vt 0.65709400 0.47187698
vt 0.75075501 0.49089003
vt 0.69353300 0.09863597
vt 0.69353300 0.09863597
vt 0.69353300 0.09863597
vt 0.69353300 0.09863597
vt 0.69353300 0.09863597
vt 0.69353300 0.09863597
vt 0.69353300 0.09863597
vt 0.69353300 0.09863597
vt 0.69353300 0.09863597
vt 0.69353300 0.09863597
vt 0.69353300 0.09863597
vt 0.69353300 0.09863597
vt 0.86919802 0.27710801
vt 0.88595200 0.28043503
vt 0.91692901 0.26761699
vt 0.92974597 0.23664099
vt 0.90270698 0.19617301
vt 0.98846400 0.19962198
vt 0.95165902 0.22650802
vt 0.97479200 0.15420997
vt 0.92922801 0.15106702
vt 0.95275700 0.11221701
vt 0.88641000 0.04443502
vt 0.87972701 0.08966303
vt 0.84438598 0.02148497
vt 0.81026602 0.05191201
vt 0.79854703 0.00726300
vt 0.61510098 0.04443502
vt 0.65709400 0.02148497
vt 0.65587300 0.06735402
vt 0.73149800 0.04400802
vt 0.91897303 0.26374102
vt 0.91888201 0.26990598
vt 0.90609503 0.27429998
vt 0.91216803 0.27539903
vt 0.69353300 0.37769699
vt 0.69353300 0.34913200
vt 0.78765202 0.37769699
vt 0.78765202 0.34913200
vt 0.78765202 0.11725199
vt 0.69353300 0.11725199
vt 0.92684698 0.24903101
vt 0.92910600 0.25476801
vt 0.91897303 0.26374102
vt 0.92498600 0.26242900
vt 0.69353300 0.11725199
vt 0.78765202 0.11725199
vt 0.69353300 0.34913200
vt 0.78765202 0.34913200
vt 0.78765202 0.37769699
vt 0.69353300 0.11725199
vt 0.78765202 0.11725199
vt 0.69353300 0.34913200
vt 0.78765202 0.34913200
vt 0.78765202 0.37769699
vt 0.85885203 0.26966202
vt 0.85268700 0.26953900
vt 0.84826201 0.25678301
vt 0.84719402 0.26282501
vt 0.88177103 0.19412798
vt 0.88619602 0.18982500
vt 0.89834303 0.19574600
vt 0.89483303 0.19068003
vt 0.89834303 0.19574600
vt 0.90407997 0.19348699
vt 0.91305298 0.20361900
vt 0.91174001 0.19757700
vt 0.70293301 0.48609900
vt 0.65709400 0.47187698
vt 0.69252598 0.44062603
vt 0.62306601 0.40287501
vt 0.69353300 0.11725199
vt 0.78765202 0.11725199
vt 0.69353300 0.34913200
vt 0.78765202 0.34913200
vt 0.78765202 0.37769699
vt 0.85976702 0.19785100
vt 0.86580998 0.19894999
vt 0.85302299 0.20337498
vt 0.85293102 0.20954001
vt 0.61510098 0.04443502
vt 0.65587300 0.06735402
vt 0.57850897 0.07510602
vt 0.59526402 0.11795402
vt 0.54872298 0.11221701
vt 0.84344000 0.24082202
vt 0.83916700 0.23639601
vt 0.84505802 0.22421998
vt 0.84002203 0.22772902
vt 0.84344000 0.24082202
vt 0.84505802 0.22421998
vt 0.84826201 0.25678301
vt 0.87356198 0.27750498
vt 0.85885203 0.26966202
vt 0.92684698 0.24903101
vt 0.89834303 0.19574600
vt 0.92364299 0.21649802
vt 0.91305298 0.20361900
vt 0.86580998 0.19894999
vt 0.88177103 0.19412798
vt 0.69353300 0.37769699
vt 0.69353300 0.34913200
vt 0.78765202 0.37769699
vt 0.78765202 0.34913200
vt 0.78765202 0.11725199
vt 0.69353300 0.11725199
vt 0.69353300 0.11725199
vt 0.78765202 0.11725199
vt 0.69353300 0.34913200
vt 0.78765202 0.34913200
vt 0.78765202 0.37769699
vt 0.89013302 0.27915299
vt 0.90609503 0.27429998
vt 0.91897303 0.26374102
vt 0.69353300 0.11725199
vt 0.78765202 0.11725199
vt 0.69353300 0.34913200
vt 0.78765202 0.34913200
vt 0.78765202 0.37769699
vt 0.79854703 0.48609900
vt 0.77129400 0.44853097
vt 0.84438598 0.47187698
vt 0.84688902 0.42518401
vt 0.88641000 0.44892699
vt 0.69353300 0.11725199
vt 0.78765202 0.11725199
vt 0.69353300 0.34913200
vt 0.78765202 0.34913200
vt 0.78765202 0.37769699
vt 0.69353300 0.11725199
vt 0.78765202 0.11725199
vt 0.69353300 0.34913200
vt 0.78765202 0.34913200
vt 0.78765202 0.37769699
vt 0.69353300 0.37769699
vt 0.69353300 0.34913200
vt 0.78765202 0.37769699
vt 0.78765202 0.34913200
vt 0.78765202 0.11725199
vt 0.69353300 0.11725199
vt 0.69353300 0.11725199
vt 0.78765202 0.11725199
vt 0.69353300 0.34913200
vt 0.78765202 0.34913200
vt 0.78765202 0.37769699
vt 0.69353300 0.37769699
vt 0.69353300 0.34913200
vt 0.78765202 0.37769699
vt 0.78765202 0.34913200
vt 0.78765202 0.11725199
vt 0.69353300 0.11725199
vt 0.69353300 0.11725199
vt 0.78765202 0.11725199
vt 0.69353300 0.34913200
vt 0.78765202 0.34913200
vt 0.78765202 0.37769699
vt 0.69353300 0.11725199
vt 0.78765202 0.11725199
vt 0.69353300 0.34913200
vt 0.78765202 0.34913200
vt 0.78765202 0.37769699
vt 0.69353300 0.11725199
vt 0.78765202 0.11725199
vt 0.69353300 0.34913200
vt 0.78765202 0.34913200
vt 0.78765202 0.37769699
vt 0.95275700 0.38114601
vt 0.92297101 0.41825598
vt 0.90749800 0.37458402
vt 0.84688902 0.42518401
vt 0.69353300 0.11725199
vt 0.78765202 0.11725199
vt 0.69353300 0.34913200
vt 0.78765202 0.34913200
vt 0.78765202 0.37769699
vt 0.87292099 0.23065901
vt 0.87887198 0.22235799
vt 0.87301201 0.24085200
vt 0.88857698 0.21912301
vt 0.89828199 0.22220498
vt 0.90435499 0.23041499
vt 0.90441602 0.24063802
vt 0.89849502 0.24893999
vt 0.88879102 0.25217402
vt 0.87905502 0.24906200
vt 0.69353300 0.11725199
vt 0.78765202 0.11725199
vt 0.69353300 0.34913200
vt 0.78765202 0.34913200
vt 0.78765202 0.37769699
vt 0.87356198 0.27750498
vt 0.86782402 0.27976298
vt 0.85885203 0.26966202
vt 0.86016399 0.27567399
vt 0.92364299 0.21649802
vt 0.92928898 0.21894002
vt 0.92846501 0.23245901
vt 0.93179101 0.22727102
vt 0.86580998 0.19894999
vt 0.86828202 0.19330400
vt 0.88177103 0.19412798
vt 0.87658298 0.19077098
vt 0.54872298 0.38114601
vt 0.52671897 0.33912200
vt 0.57356501 0.34150201
vt 0.55113399 0.26603001
vt 0.51304698 0.29374099
vt 0.50956798 0.24668097
vt 0.55113399 0.26603001
vt 0.55867201 0.18768901
vt 0.84691900 0.21085203
vt 0.85293102 0.20954001
vt 0.84279901 0.21851301
vt 0.84505802 0.22421998
vt 0.69353300 0.37769699
vt 0.69353300 0.34913200
vt 0.78765202 0.37769699
vt 0.78765202 0.34913200
vt 0.78765202 0.11725199
vt 0.69353300 0.11725199
vt 0.98846400 0.29374099
vt 0.94412100 0.30484903
vt 0.99191302 0.24668097
vt 0.95165902 0.22650802
vt 0.98846400 0.19962198
vt 0.69353300 0.11725199
vt 0.78765202 0.11725199
vt 0.69353300 0.34913200
vt 0.78765202 0.34913200
vt 0.78765202 0.37769699
vt 0.70293301 0.48609900
vt 0.69252598 0.44062603
vt 0.75075501 0.49089003
vt 0.77129400 0.44853097
vt 0.79854703 0.48609900
vt 0.69353300 0.37769699
vt 0.69353300 0.34913200
vt 0.78765202 0.37769699
vt 0.78765202 0.34913200
vt 0.78765202 0.11725199
vt 0.69353300 0.11725199
vt 0.69353300 0.37769699
vt 0.69353300 0.34913200
vt 0.78765202 0.37769699
vt 0.78765202 0.34913200
vt 0.78765202 0.11725199
vt 0.69353300 0.11725199
vt 0.84826201 0.25678301
vt 0.84261602 0.25431103
vt 0.84344000 0.24082202
vt 0.84011400 0.24601001
vt 0.69353300 0.11725199
vt 0.78765202 0.11725199
vt 0.69353300 0.34913200
vt 0.78765202 0.34913200
vt 0.78765202 0.37769699
vt 0.69353300 0.11725199
vt 0.78765202 0.11725199
vt 0.69353300 0.34913200
vt 0.78765202 0.34913200
vt 0.78765202 0.37769699
vt 0.69353300 0.11725199
vt 0.78765202 0.11725199
vt 0.69353300 0.34913200
vt 0.78765202 0.34913200
vt 0.78765202 0.37769699
vt 0.69353300 0.37769699
vt 0.69353300 0.34913200
vt 0.78765202 0.37769699
vt 0.78765202 0.34913200
vt 0.78765202 0.11725199
vt 0.69353300 0.11725199
vt 0.87707102 0.28257102
vt 0.87356198 0.27750498
vt 0.88570797 0.28342497
vt 0.89013302 0.27915299
vt 0.54872298 0.11221701
vt 0.59526402 0.11795402
vt 0.52671897 0.15420997
vt 0.55867201 0.18768901
vt 0.51304698 0.19962198
vt 0.70293301 0.00726300
vt 0.75075501 0.00247198
vt 0.73149800 0.04400802
vt 0.81026602 0.05191201
vt 0.69353300 0.37769699
vt 0.69353300 0.34913200
vt 0.78765202 0.37769699
vt 0.78765202 0.34913200
vt 0.78765202 0.11725199
vt 0.69353300 0.11725199
vt 0.69353300 0.37769699
vt 0.69353300 0.34913200
vt 0.78765202 0.37769699
vt 0.78765202 0.34913200
vt 0.78765202 0.11725199
vt 0.69353300 0.11725199
vt 0.92474103 0.21042502
vt 0.92364299 0.21649802
vt 0.91921800 0.20371097
vt 0.91305298 0.20361900
vt 0.89532101 0.28247899
vt 0.89013302 0.27915299
vt 0.90365303 0.27994603
vt 0.90609503 0.27429998
vt 0.69353300 0.11725199
vt 0.78765202 0.11725199
vt 0.69353300 0.34913200
vt 0.78765202 0.34913200
vt 0.78765202 0.37769699
vt 0.69353300 0.37769699
vt 0.69353300 0.34913200
vt 0.78765202 0.37769699
vt 0.78765202 0.34913200
vt 0.78765202 0.11725199
vt 0.69353300 0.11725199
vt 0.54872298 0.38114601
vt 0.57356501 0.34150201
vt 0.57850897 0.41825598
vt 0.62306601 0.40287501
vt 0.61510098 0.44892699
vt 0.69353300 0.11725199
vt 0.78765202 0.11725199
vt 0.69353300 0.34913200
vt 0.78765202 0.34913200
vt 0.78765202 0.37769699
vt 0.69353300 0.11725199
vt 0.78765202 0.11725199
vt 0.69353300 0.34913200
vt 0.78765202 0.34913200
vt 0.78765202 0.37769699
vt 0.93188298 0.24552101
vt 0.92684698 0.24903101
vt 0.93273699 0.23688501
vt 0.92846501 0.23245901
vt 0.95275700 0.11221701
vt 0.92922801 0.15106702
vt 0.92297101 0.07510602
vt 0.87972701 0.08966303
vt 0.88641000 0.04443502
vt 0.95275700 0.38114601
vt 0.90749800 0.37458402
vt 0.97479200 0.33912200
vt 0.94412100 0.30484903
vt 0.98846400 0.29374099
vt 0.69353300 0.11725199
vt 0.78765202 0.11725199
vt 0.69353300 0.34913200
vt 0.78765202 0.34913200
vt 0.78765202 0.37769699
vt 0.79854703 0.00726300
vt 0.70293301 0.00726300
vt 0.51304698 0.19962198
vt 0.51304698 0.29374099
vt 0.61510098 0.44892699
vt 0.88641000 0.44892699
vt 0.69353300 0.37769699
vt 0.69353300 0.37769699
vt 0.69353300 0.37769699
vt 0.69353300 0.37769699
vt 0.69353300 0.37769699
vt 0.69353300 0.37769699
vt 0.69353300 0.37769699
vt 0.69353300 0.37769699
vt 0.69353300 0.37769699
vt 0.69353300 0.37769699
vt 0.69353300 0.37769699
vt 0.69353300 0.37769699
vt 0.69353300 0.37769699
vt 0.69353300 0.37769699
vt 0.69353300 0.37769699
vt 0.69353300 0.37769699
vt 0.69353300 0.37769699
vt 0.69353300 0.37769699
vt 0.69353300 0.37769699
vt 0.69353300 0.37769699
vt 0.69353300 0.37769699
vt 0.85293102 0.20954001
vt 0.92846501 0.23245901
vt 0.84011400 0.22727102
vt 0.84261602 0.21894002
vt 0.84505802 0.22421998
vt 0.84719402 0.21042502
vt 0.85268700 0.20371097
vt 0.85293102 0.20954001
vt 0.86016399 0.19757700
vt 0.86782402 0.19348699
vt 0.86580998 0.19894999
vt 0.87707102 0.19068003
vt 0.88570797 0.18982500
vt 0.88177103 0.19412798
vt 0.89532101 0.19077098
vt 0.90365303 0.19330400
vt 0.89834303 0.19574600
vt 0.91216803 0.19785100
vt 0.91888201 0.20337498
vt 0.91305298 0.20361900
vt 0.92498600 0.21085203
vt 0.92910600 0.21851301
vt 0.92364299 0.21649802
vt 0.93188298 0.22772902
vt 0.93273699 0.23639601
vt 0.92846501 0.23245901
vt 0.93179101 0.24601001
vt 0.92928898 0.25431103
vt 0.92684698 0.24903101
vt 0.92474103 0.26282501
vt 0.91921800 0.26953900
vt 0.91897303 0.26374102
vt 0.91174001 0.27567399
vt 0.90407997 0.27976298
vt 0.90609503 0.27429998
vt 0.89483303 0.28257102
vt 0.88619602 0.28342497
vt 0.89013302 0.27915299
vt 0.87658298 0.28247899
vt 0.86828202 0.27994603
vt 0.87356198 0.27750498
vt 0.85976702 0.27539903
vt 0.85302299 0.26990598
vt 0.85885203 0.26966202
vt 0.84691900 0.26242900
vt 0.84279901 0.25476801
vt 0.84826201 0.25678301
vt 0.84002203 0.24552101
vt 0.83916700 0.23688501
vt 0.84344000 0.24082202
vt 0.69353300 0.37769699
vt 0.78765202 0.37769699
vt 0.69353300 0.34913200
vt 0.78765202 0.34913200
vt 0.78765202 0.11725199
vt 0.69353300 0.37769699
vt 0.78765202 0.37769699
vt 0.69353300 0.34913200
vt 0.78765202 0.34913200
vt 0.78765202 0.11725199
vt 0.69353300 0.37769699
vt 0.78765202 0.37769699
vt 0.69353300 0.34913200
vt 0.78765202 0.34913200
vt 0.78765202 0.11725199
vt 0.69353300 0.11725199
vt 0.69353300 0.34913200
vt 0.78765202 0.11725199
vt 0.78765202 0.34913200
vt 0.78765202 0.37769699
vt 0.69353300 0.37769699
vt 0.69353300 0.11725199
vt 0.69353300 0.34913200
vt 0.78765202 0.11725199
vt 0.78765202 0.34913200
vt 0.78765202 0.37769699
vt 0.69353300 0.37769699
vt 0.69353300 0.11725199
vt 0.69353300 0.34913200
vt 0.78765202 0.11725199
vt 0.78765202 0.34913200
vt 0.78765202 0.37769699
vt 0.69353300 0.37769699
vt 0.69353300 0.11725199
vt 0.69353300 0.34913200
vt 0.78765202 0.11725199
vt 0.78765202 0.34913200
vt 0.78765202 0.37769699
vt 0.69353300 0.37769699
vt 0.69353300 0.11725199
vt 0.69353300 0.34913200
vt 0.78765202 0.11725199
vt 0.78765202 0.34913200
vt 0.78765202 0.37769699
vt 0.69353300 0.37769699
vt 0.69353300 0.11725199
vt 0.69353300 0.34913200
vt 0.78765202 0.11725199
vt 0.78765202 0.34913200
vt 0.78765202 0.37769699
vt 0.69353300 0.37769699
vt 0.85268700 0.20371097
vt 0.84719402 0.21042502
vt 0.85885203 0.20361900
vt 0.84826201 0.21649802
vt 0.84344000 0.23245901
vt 0.84011400 0.22727102
vt 0.89013302 0.19412798
vt 0.92846501 0.24082202
vt 0.91897303 0.20954001
vt 0.92684698 0.22421998
vt 0.92498600 0.21085203
vt 0.92910600 0.21851301
vt 0.88177103 0.27915299
vt 0.85293102 0.26374102
vt 0.86580998 0.27429998
vt 0.85976702 0.27539903
vt 0.91305298 0.26966202
vt 0.92364299 0.25678301
vt 0.93179101 0.24601001
vt 0.92928898 0.25431103
vt 0.92474103 0.26282501
vt 0.91921800 0.26953900
vt 0.69353300 0.11725199
vt 0.69353300 0.34913200
vt 0.78765202 0.11725199
vt 0.78765202 0.34913200
vt 0.78765202 0.37769699
vt 0.69353300 0.37769699
vt 0.69353300 0.11725199
vt 0.69353300 0.34913200
vt 0.78765202 0.11725199
vt 0.78765202 0.34913200
vt 0.78765202 0.37769699
vt 0.69353300 0.37769699
vt 0.69353300 0.11725199
vt 0.69353300 0.34913200
vt 0.78765202 0.11725199
vt 0.78765202 0.34913200
vt 0.78765202 0.37769699
vt 0.69353300 0.37769699
vt 0.69353300 0.11725199
vt 0.69353300 0.34913200
vt 0.78765202 0.11725199
vt 0.78765202 0.34913200
vt 0.78765202 0.37769699
vt 0.69353300 0.37769699
vt 0.69353300 0.11725199
vt 0.69353300 0.34913200
vt 0.78765202 0.11725199
vt 0.78765202 0.34913200
vt 0.78765202 0.37769699
vt 0.69353300 0.37769699
vt 0.69353300 0.37769699
vt 0.78765202 0.37769699
vt 0.69353300 0.34913200
vt 0.78765202 0.34913200
vt 0.78765202 0.11725199
vt 0.69353300 0.11725199
vt 0.69353300 0.34913200
vt 0.78765202 0.11725199
vt 0.78765202 0.34913200
vt 0.78765202 0.37769699
vt 0.69353300 0.37769699
vt 0.69353300 0.11725199
vt 0.69353300 0.34913200
vt 0.78765202 0.11725199
vt 0.78765202 0.34913200
vt 0.78765202 0.37769699
vt 0.69353300 0.37769699
vt 0.69353300 0.11725199
vt 0.69353300 0.34913200
vt 0.78765202 0.11725199
vt 0.78765202 0.34913200
vt 0.78765202 0.37769699
vt 0.69353300 0.37769699
vt 0.69353300 0.11725199
vt 0.69353300 0.34913200
vt 0.78765202 0.11725199
vt 0.78765202 0.34913200
vt 0.78765202 0.37769699
vt 0.69353300 0.37769699
vt 0.69353300 0.11725199
vt 0.69353300 0.34913200
vt 0.78765202 0.11725199
vt 0.78765202 0.34913200
vt 0.78765202 0.37769699
vt 0.69353300 0.37769699
vt 0.93188298 0.22772902
vt 0.93273699 0.23639601
vt 0.87292099 0.23065901
vt 0.87301201 0.24085200
vt 0.87887198 0.22235799
vt 0.88857698 0.21912301
vt 0.89828199 0.22220498
vt 0.90435499 0.23041499
vt 0.90441602 0.24063802
vt 0.89849502 0.24893999
vt 0.88879102 0.25217402
vt 0.87905502 0.24906200
vt 0.69353300 0.11725199
vt 0.69353300 0.34913200
vt 0.78765202 0.11725199
vt 0.78765202 0.34913200
vt 0.78765202 0.37769699
vt 0.69353300 0.37769699
vt 0.87658298 0.28247899
vt 0.86828202 0.27994603
vt 0.69353300 0.11725199
vt 0.69353300 0.34913200
vt 0.78765202 0.11725199
vt 0.78765202 0.34913200
vt 0.78765202 0.37769699
vt 0.69353300 0.37769699
vt 0.69353300 0.37769699
vt 0.78765202 0.37769699
vt 0.69353300 0.34913200
vt 0.78765202 0.34913200
vt 0.78765202 0.11725199
vt 0.91888201 0.20337498
vt 0.91216803 0.19785100
vt 0.90609503 0.19894999
vt 0.89532101 0.19077098
vt 0.69353300 0.37769699
vt 0.78765202 0.37769699
vt 0.69353300 0.34913200
vt 0.78765202 0.34913200
vt 0.78765202 0.11725199
vt 0.69353300 0.37769699
vt 0.78765202 0.37769699
vt 0.69353300 0.34913200
vt 0.78765202 0.34913200
vt 0.78765202 0.11725199
vt 0.69353300 0.11725199
vt 0.69353300 0.34913200
vt 0.78765202 0.11725199
vt 0.78765202 0.34913200
vt 0.78765202 0.37769699
vt 0.69353300 0.37769699
vt 0.88570797 0.18982500
vt 0.87707102 0.19068003
vt 0.87356198 0.19574600
vt 0.86016399 0.19757700
vt 0.69353300 0.37769699
vt 0.78765202 0.37769699
vt 0.69353300 0.34913200
vt 0.78765202 0.34913200
vt 0.78765202 0.11725199
vt 0.69353300 0.11725199
vt 0.69353300 0.34913200
vt 0.78765202 0.11725199
vt 0.78765202 0.34913200
vt 0.78765202 0.37769699
vt 0.69353300 0.37769699
vt 0.69353300 0.11725199
vt 0.69353300 0.34913200
vt 0.78765202 0.11725199
vt 0.78765202 0.34913200
vt 0.78765202 0.37769699
vt 0.69353300 0.37769699
vt 0.90407997 0.27976298
vt 0.91174001 0.27567399
vt 0.89834303 0.27750498
vt 0.89483303 0.28257102
vt 0.88619602 0.28342497
vt 0.69353300 0.37769699
vt 0.78765202 0.37769699
vt 0.69353300 0.34913200
vt 0.78765202 0.34913200
vt 0.78765202 0.11725199
vt 0.69353300 0.11725199
vt 0.69353300 0.34913200
vt 0.78765202 0.11725199
vt 0.78765202 0.34913200
vt 0.78765202 0.37769699
vt 0.69353300 0.37769699
vt 0.69353300 0.11725199
vt 0.69353300 0.34913200
vt 0.78765202 0.11725199
vt 0.78765202 0.34913200
vt 0.78765202 0.37769699
vt 0.69353300 0.37769699
vt 0.84279901 0.25476801
vt 0.84691900 0.26242900
vt 0.84505802 0.24903101
vt 0.84002203 0.24552101
vt 0.83916700 0.23688501
vt 0.57850897 0.41825598
vt 0.61510098 0.44892699
vt 0.59526402 0.37458402
vt 0.65587300 0.42518401
vt 0.65709400 0.47187698
vt 0.70293301 0.48609900
vt 0.73149800 0.44853097
vt 0.75075501 0.49089003
vt 0.79854703 0.48609900
vt 0.81026602 0.44062603
vt 0.84438598 0.47187698
vt 0.88641000 0.44892699
vt 0.87972701 0.40287501
vt 0.92297101 0.41825598
vt 0.95275700 0.38114601
vt 0.92922801 0.34150201
vt 0.97479200 0.33912200
vt 0.98846400 0.29374099
vt 0.95165902 0.26603001
vt 0.99191302 0.24668097
vt 0.94412100 0.18768901
vt 0.98846400 0.19962198
vt 0.97479200 0.15420997
vt 0.95275700 0.11221701
vt 0.90749800 0.11795402
vt 0.92297101 0.07510602
vt 0.88641000 0.04443502
vt 0.84688902 0.06735402
vt 0.84438598 0.02148497
vt 0.79854703 0.00726300
vt 0.77129400 0.04400802
vt 0.75075501 0.00247198
vt 0.70293301 0.00726300
vt 0.69252598 0.05191201
vt 0.65709400 0.02148497
vt 0.61510098 0.04443502
vt 0.62306601 0.08966303
vt 0.57850897 0.07510602
vt 0.54872298 0.11221701
vt 0.57356501 0.15106702
vt 0.52671897 0.15420997
vt 0.51304698 0.19962198
vt 0.55113399 0.22650802
vt 0.50956798 0.24668097
vt 0.51304698 0.29374099
vt 0.55867201 0.30484903
vt 0.52671897 0.33912200
vt 0.54872298 0.38114601
vt 0.69353300 0.11725199
vt 0.69353300 0.11725199
vt 0.69353300 0.11725199
vt 0.69353300 0.11725199
vt 0.69353300 0.11725199
vt 0.69353300 0.11725199
vt 0.69353300 0.11725199
vt 0.69353300 0.11725199
vt 0.69353300 0.11725199
vt 0.83916700 0.23639601
vt 0.84344000 0.23245901
vt 0.84002203 0.22772902
vt 0.84261602 0.21894002
vt 0.84279901 0.21851301
vt 0.84826201 0.21649802
vt 0.84691900 0.21085203
vt 0.85302299 0.20337498
vt 0.85885203 0.20361900
vt 0.85976702 0.19785100
vt 0.86782402 0.19348699
vt 0.86828202 0.19330400
vt 0.87356198 0.19574600
vt 0.87658298 0.19077098
vt 0.88619602 0.18982500
vt 0.89013302 0.19412798
vt 0.89483303 0.19068003
vt 0.90365303 0.19330400
vt 0.90407997 0.19348699
vt 0.90609503 0.19894999
vt 0.91174001 0.19757700
vt 0.91921800 0.20371097
vt 0.91897303 0.20954001
vt 0.92474103 0.21042502
vt 0.92928898 0.21894002
vt 0.92684698 0.22421998
vt 0.93179101 0.22727102
vt 0.93273699 0.23688501
vt 0.92846501 0.24082202
vt 0.93188298 0.24552101
vt 0.92910600 0.25476801
vt 0.92364299 0.25678301
vt 0.92498600 0.26242900
vt 0.91888201 0.26990598
vt 0.91305298 0.26966202
vt 0.91216803 0.27539903
vt 0.90365303 0.27994603
vt 0.89834303 0.27750498
vt 0.89532101 0.28247899
vt 0.88570797 0.28342497
vt 0.88177103 0.27915299
vt 0.87707102 0.28257102
vt 0.86782402 0.27976298
vt 0.86580998 0.27429998
vt 0.86016399 0.27567399
vt 0.85302299 0.26990598
vt 0.85268700 0.26953900
vt 0.85293102 0.26374102
vt 0.84719402 0.26282501
vt 0.84261602 0.25431103
vt 0.84505802 0.24903101
vt 0.84011400 0.24601001
f 1/1 2/2 3/3
f 3/3 2/2 4/4
f 4/4 2/2 5/5
f 5/5 2/2 6/6
f 7/7 8/8 9/9
f 9/9 8/8 10/10
f 10/10 8/8 11/11
f 11/11 8/8 12/12
f 13/13 14/14 15/15
f 15/15 14/14 16/16
f 16/16 14/14 17/17
f 17/17 14/14 18/18
f 19/19 20/20 21/21
f 21/21 20/20 22/22
f 21/21 22/22 23/23
f 24/24 25/25 26/26
f 26/26 25/25 27/27
f 26/26 27/27 28/28
f 28/28 29/29 26/26
f 26/26 29/29 30/30
f 26/26 30/30 31/31
f 31/31 32/32 26/26
f 26/26 32/32 33/33
f 34/34 35/35 36/36
f 36/36 35/35 37/37
f 36/36 37/37 38/38
f 39/39 40/40 41/41
f 41/41 40/40 42/42
f 41/41 42/42 43/43
f 44/44 45/45 46/46
f 46/46 45/45 47/47
f 46/46 47/47 48/48
f 49/49 50/50 51/51
f 51/51 50/50 52/52
f 51/51 52/52 53/53
f 54/54 55/55 56/56
f 56/56 55/55 57/57
f 56/56 57/57 58/58
f 59/59 60/60 61/61
f 61/61 60/60 62/62
f 61/61 62/62 63/63
f 64/64 65/65 66/66
f 66/66 65/65 67/67
f 66/66 67/67 68/68
f 69/69 70/70 71/71
f 71/71 70/70 72/72
f 71/71 72/72 73/73
f 74/74 75/75 76/76
f 76/76 75/75 77/77
f 76/76 77/77 78/78
f 79/79 80/80 81/81
f 81/81 80/80 82/82
f 81/81 82/82 83/83
f 84/84 85/85 86/86
f 86/86 85/85 87/87
f 86/86 87/87 88/88
f 89/89 90/90 91/91
f 91/91 90/90 92/92
f 91/91 92/92 93/93
f 94/94 95/95 96/96
f 96/96 95/95 97/97
f 96/96 97/97 98/98
f 99/99 100/100 101/101
f 101/101 100/100 102/102
f 101/101 102/102 103/103
f 104/104 105/105 106/106
f 106/106 105/105 107/107
f 106/106 107/107 108/108
f 109/109 110/110 111/111
f 111/111 110/110 112/112
f 111/111 112/112 113/113
f 113/113 112/112 114/114
f 113/113 114/114 115/115
f 113/113 116/116 111/111
f 111/111 116/116 117/117
f 111/111 117/117 118/118
f 118/118 117/117 119/119
f 118/118 119/119 120/120
f 116/116 121/121 117/117
f 117/117 121/121 122/122
f 117/117 122/122 123/123
f 116/116 124/124 121/121
f 121/121 124/124 125/125
f 126/126 127/127 128/128
f 128/128 127/127 129/129
f 128/128 129/129 130/130
f 131/131 132/132 133/133
f 133/133 132/132 113/113
f 133/133 113/113 134/134
f 113/113 132/132 116/116
f 116/116 132/132 135/135
f 116/116 135/135 136/136
f 137/137 138/138 118/118
f 118/118 138/138 111/111
f 139/139 140/140 141/141
f 141/141 140/140 142/142
f 141/141 142/142 143/143
f 144/144 145/145 146/146
f 146/146 145/145 147/147
f 146/146 147/147 148/148
f 149/149 150/150 151/151
f 151/151 150/150 152/152
f 151/151 152/152 153/153
f 154/154 155/155 156/156
f 156/156 155/155 157/157
f 156/156 157/157 158/158
f 159/159 160/160 161/161
f 161/161 160/160 162/162
f 162/162 160/160 163/163
f 163/163 160/160 164/164
f 165/165 166/166 167/167
f 167/167 166/166 168/168
f 168/168 166/166 169/169
f 169/169 166/166 170/170
f 171/171 172/172 173/173
f 173/173 172/172 174/174
f 174/174 172/172 175/175
f 175/175 172/172 176/176
f 177/177 178/178 179/179
f 179/179 178/178 180/180
f 180/180 178/178 181/181
f 181/181 178/178 182/182
f 183/183 184/184 185/185
f 185/185 184/184 186/186
f 186/186 184/184 187/187
f 187/187 184/184 188/188
f 189/189 190/190 191/191
f 191/191 190/190 192/192
f 191/191 192/192 193/193
f 194/194 195/195 196/196
f 196/196 195/195 197/197
f 197/197 195/195 198/198
f 198/198 195/195 199/199
f 200/200 201/201 202/202
f 202/202 201/201 203/203
f 202/202 203/203 204/204
f 205/205 206/206 207/207
f 207/207 206/206 208/208
f 206/206 205/205 209/209
f 209/209 205/205 210/210
f 209/209 210/210 211/211
f 209/209 211/211 212/212
f 212/212 211/211 213/213
f 212/212 213/213 214/214
f 212/212 214/214 215/215
f 215/215 214/214 216/216
f 215/215 216/216 217/217
f 215/215 217/217 218/218
f 218/218 217/217 219/219
f 218/218 219/219 220/220
f 218/218 220/220 221/221
f 221/221 220/220 222/222
f 221/221 222/222 223/223
f 221/221 223/223 224/224
f 224/224 223/223 225/225
f 224/224 225/225 226/226
f 224/224 226/226 227/227
f 227/227 226/226 228/228
f 227/227 228/228 229/229
f 227/227 229/229 230/230
f 230/230 229/229 231/231
f 230/230 231/231 232/232
f 230/230 232/232 233/233
f 233/233 232/232 234/234
f 233/233 234/234 235/235
f 233/233 235/235 236/236
f 236/236 235/235 237/237
f 236/236 237/237 238/238
f 236/236 238/238 239/239
f 239/239 238/238 240/240
f 239/239 240/240 241/241
f 239/239 241/241 242/242
f 242/242 241/241 243/243
f 242/242 243/243 244/244
f 242/242 244/244 245/245
f 245/245 244/244 246/246
f 245/245 246/246 247/247
f 245/245 247/247 248/248
f 248/248 247/247 249/249
f 248/248 249/249 250/250
f 248/248 250/250 251/251
f 251/251 250/250 252/252
f 251/251 252/252 208/208
f 206/206 251/251 208/208
f 193/193 253/253 191/191
f 204/204 254/254 202/202
f 23/23 255/255 21/21
f 158/158 256/256 156/156
f 38/38 257/257 36/36
f 43/43 258/258 41/41
f 48/48 259/259 46/46
f 53/53 260/260 51/51
f 58/58 261/261 56/56
f 63/63 262/262 61/61
f 68/68 263/263 66/66
f 93/93 264/264 91/91
f 73/73 265/265 71/71
f 143/143 266/266 141/141
f 83/83 267/267 81/81
f 78/78 268/268 76/76
f 88/88 269/269 86/86
f 130/130 270/270 128/128
f 108/108 271/271 106/106
f 98/98 272/272 96/96
f 153/153 273/273 151/151
f 103/103 274/274 101/101
f 148/148 275/275 146/146
f 110/110 276/276 112/112
f 112/112 277/277 114/114
f 132/132 278/278 135/135
f 116/116 279/279 124/124
f 121/121 280/280 122/122
f 117/117 281/281 119/119
f 282/282 111/111 138/138
f 283/283 284/284 285/285
f 285/285 284/284 286/286
f 285/285 286/286 287/287
f 288/288 289/289 290/290
f 290/290 289/289 291/291
f 290/290 291/291 292/292
f 293/293 294/294 295/295
f 295/295 294/294 296/296
f 297/297 298/298 299/299
f 299/299 298/298 300/300
f 299/299 300/300 301/301
f 302/302 303/303 304/304
f 304/304 303/303 305/305
f 305/305 303/303 306/306
f 306/306 303/303 307/307
f 308/308 309/309 310/310
f 310/310 309/309 311/311
f 311/311 309/309 312/312
f 312/312 309/309 313/313
f 314/314 315/315 316/316
f 316/316 315/315 317/317
f 317/317 315/315 318/318
f 318/318 315/315 319/319
f 320/320 321/321 322/322
f 322/322 321/321 323/323
f 324/324 325/325 326/326
f 326/326 325/325 327/327
f 326/326 327/327 328/328
f 327/327 325/325 329/329
f 329/329 325/325 330/330
f 329/329 330/330 331/331
f 331/331 330/330 332/332
f 331/331 332/332 333/333
f 330/330 325/325 334/334
f 334/334 325/325 335/335
f 334/334 335/335 336/336
f 336/336 335/335 337/337
f 334/334 338/338 330/330
f 330/330 338/338 339/339
f 330/330 339/339 340/340
f 334/334 341/341 338/338
f 338/338 341/341 342/342
f 343/343 344/344 345/345
f 345/345 344/344 346/346
f 347/347 348/348 349/349
f 349/349 348/348 350/350
f 350/350 348/348 351/351
f 351/351 348/348 352/352
f 353/353 354/354 355/355
f 355/355 354/354 356/356
f 356/356 354/354 357/357
f 357/357 354/354 358/358
f 359/359 360/360 361/361
f 361/361 360/360 362/362
f 361/361 362/362 363/363
f 364/364 365/365 366/366
f 366/366 365/365 367/367
f 366/366 367/367 368/368
f 369/369 370/370 371/371
f 371/371 370/370 372/372
f 371/371 372/372 373/373
f 374/374 375/375 376/376
f 376/376 375/375 377/377
f 377/377 375/375 378/378
f 378/378 375/375 379/379
f 380/380 381/381 382/382
f 382/382 381/381 383/383
f 383/383 381/381 384/384
f 384/384 381/381 385/385
f 385/385 381/381 386/386
f 386/386 381/381 387/387
f 387/387 381/381 388/388
f 388/388 381/381 389/389
f 390/390 391/391 392/392
f 392/392 391/391 393/393
f 393/393 391/391 394/394
f 394/394 391/391 395/395
f 396/396 397/397 398/398
f 398/398 397/397 399/399
f 399/399 397/397 400/400
f 400/400 397/397 401/401
f 402/402 403/403 404/404
f 404/404 403/403 405/405
f 405/405 403/403 406/406
f 406/406 403/403 407/407
f 408/408 335/335 409/409
f 409/409 335/335 325/325
f 409/409 325/325 410/410
f 411/411 412/412 413/413
f 413/413 412/412 414/414
f 413/413 414/414 415/415
f 416/416 417/417 418/418
f 418/418 417/417 419/419
f 418/418 419/419 420/420
f 421/421 422/422 423/423
f 423/423 422/422 424/424
f 424/424 422/422 425/425
f 425/425 422/422 426/426
f 427/427 428/428 429/429
f 429/429 428/428 430/430
f 430/430 428/428 431/431
f 431/431 428/428 432/432
f 433/433 434/434 435/435
f 435/435 434/434 436/436
f 436/436 434/434 437/437
f 437/437 434/434 438/438
f 439/439 440/440 441/441
f 441/441 440/440 442/442
f 441/441 442/442 443/443
f 444/444 445/445 446/446
f 446/446 445/445 447/447
f 446/446 447/447 448/448
f 449/449 450/450 331/331
f 331/331 450/450 329/329
f 451/451 452/452 453/453
f 453/453 452/452 454/454
f 453/453 454/454 455/455
f 456/456 457/457 458/458
f 458/458 457/457 459/459
f 460/460 461/461 462/462
f 462/462 461/461 463/463
f 462/462 463/463 464/464
f 465/465 466/466 467/467
f 467/467 466/466 468/468
f 467/467 468/468 469/469
f 470/470 471/471 472/472
f 472/472 471/471 473/473
f 473/473 471/471 474/474
f 474/474 471/471 475/475
f 476/476 477/477 478/478
f 478/478 477/477 479/479
f 479/479 477/477 480/480
f 480/480 477/477 481/481
f 482/482 483/483 484/484
f 484/484 483/483 485/485
f 485/485 483/483 486/486
f 486/486 483/483 487/487
f 488/488 327/327 489/489
f 489/489 327/327 329/329
f 489/489 329/329 490/490
f 491/491 492/492 493/493
f 493/493 492/492 494/494
f 495/495 496/496 497/497
f 497/497 496/496 498/498
f 498/498 496/496 499/499
f 499/499 496/496 500/500
f 501/501 502/502 503/503
f 503/503 502/502 504/504
f 504/504 502/502 505/505
f 505/505 502/502 506/506
f 507/507 508/508 509/509
f 509/509 508/508 510/510
f 510/510 508/508 511/511
f 511/511 508/508 512/512
f 513/513 514/514 515/515
f 515/515 514/514 516/516
f 515/515 516/516 517/517
f 518/518 519/519 520/520
f 520/520 519/519 521/521
f 520/520 521/521 522/522
f 523/523 524/524 525/525
f 525/525 524/524 526/526
f 525/525 526/526 527/527
f 528/528 529/529 530/530
f 530/530 529/529 531/531
f 531/531 529/529 532/532
f 532/532 529/529 533/533
f 534/534 535/535 536/536
f 536/536 535/535 537/537
f 537/537 535/535 538/538
f 538/538 535/535 539/539
f 540/540 541/541 542/542
f 542/542 541/541 543/543
f 542/542 543/543 544/544
f 545/545 546/546 547/547
f 547/547 546/546 548/548
f 547/547 548/548 549/549
f 550/550 551/551 552/552
f 552/552 551/551 553/553
f 552/552 553/553 554/554
f 555/555 556/556 557/557
f 557/557 556/556 558/558
f 559/559 560/560 561/561
f 561/561 560/560 562/562
f 561/561 562/562 563/563
f 564/564 565/565 566/566
f 566/566 565/565 567/567
f 568/568 569/569 570/570
f 570/570 569/569 571/571
f 570/570 571/571 572/572
f 573/573 296/296 294/294
f 574/574 459/459 457/457
f 575/575 567/567 565/565
f 576/576 323/323 321/321
f 577/577 558/558 556/556
f 578/578 346/346 344/344
f 579/579 494/494 492/492
f 527/527 580/580 525/525
f 544/544 581/581 542/542
f 301/301 582/582 299/299
f 368/368 583/583 366/366
f 373/373 584/584 371/371
f 420/420 585/585 418/418
f 554/554 586/586 552/552
f 572/572 587/587 570/570
f 448/448 588/588 446/446
f 469/469 589/589 467/467
f 522/522 590/590 520/520
f 517/517 591/591 515/515
f 336/336 592/592 334/334
f 334/334 593/593 341/341
f 338/338 594/594 339/339
f 330/330 595/595 332/332
f 450/450 596/596 329/329
f 597/597 598/598 599/599
f 599/599 598/598 600/600
f 599/599 600/600 601/601
f 602/602 603/603 604/604
f 604/604 603/603 605/605
f 604/604 605/605 606/606
f 607/607 608/608 609/609
f 609/609 608/608 610/610
f 611/611 612/612 613/613
f 613/613 612/612 614/614
f 615/615 616/616 617/617
f 617/617 616/616 618/618
f 618/618 616/616 619/619
f 619/619 616/616 620/620
f 621/621 622/622 623/623
f 623/623 622/622 624/624
f 625/625 626/626 627/627
f 627/627 626/626 628/628
f 627/627 628/628 629/629
f 630/630 631/631 632/632
f 632/632 631/631 633/633
f 632/632 633/633 634/634
f 635/635 636/636 637/637
f 637/637 636/636 638/638
f 639/639 640/640 641/641
f 641/641 640/640 642/642
f 643/643 644/644 645/645
f 645/645 644/644 646/646
f 647/647 648/648 649/649
f 649/649 648/648 650/650
f 651/651 652/652 653/653
f 653/653 652/652 654/654
f 653/653 654/654 655/655
f 656/656 657/657 658/658
f 658/658 657/657 659/659
f 660/660 661/661 662/662
f 662/662 661/661 663/663
f 662/662 663/663 664/664
f 665/665 666/666 667/667
f 667/667 666/666 668/668
f 669/669 670/670 671/671
f 671/671 670/670 672/672
f 671/671 672/672 673/673
f 672/672 670/670 674/674
f 674/674 670/670 675/675
f 674/674 675/675 676/676
f 676/676 675/675 677/677
f 670/670 678/678 675/675
f 675/675 678/678 679/679
f 680/680 681/681 682/682
f 682/682 681/681 683/683
f 683/683 681/681 684/684
f 684/684 681/681 685/685
f 686/686 687/687 688/688
f 688/688 687/687 689/689
f 688/688 689/689 690/690
f 691/691 672/672 692/692
f 692/692 672/672 674/674
f 692/692 674/674 693/693
f 694/694 695/695 696/696
f 696/696 695/695 697/697
f 696/696 697/697 698/698
f 699/699 700/700 701/701
f 701/701 700/700 702/702
f 701/701 702/702 703/703
f 704/704 705/705 706/706
f 706/706 705/705 707/707
f 706/706 707/707 708/708
f 709/709 710/710 711/711
f 711/711 710/710 712/712
f 711/711 712/712 713/713
f 714/714 715/715 716/716
f 716/716 715/715 717/717
f 717/717 715/715 718/718
f 718/718 715/715 719/719
f 720/720 721/721 722/722
f 722/722 721/721 723/723
f 722/722 723/723 724/724
f 725/725 726/726 727/727
f 727/727 726/726 728/728
f 728/728 726/726 729/729
f 729/729 726/726 730/730
f 731/731 732/732 733/733
f 733/733 732/732 734/734
f 733/733 734/734 735/735
f 736/736 737/737 738/738
f 738/738 737/737 739/739
f 738/738 739/739 740/740
f 741/741 742/742 743/743
f 743/743 742/742 744/744
f 743/743 744/744 745/745
f 746/746 747/747 748/748
f 748/748 747/747 749/749
f 750/750 751/751 752/752
f 752/752 751/751 753/753
f 752/752 753/753 754/754
f 755/755 756/756 757/757
f 757/757 756/756 758/758
f 757/757 758/758 759/759
f 759/759 760/760 757/757
f 757/757 760/760 761/761
f 757/757 761/761 762/762
f 762/762 763/763 757/757
f 757/757 763/763 764/764
f 765/765 766/766 767/767
f 767/767 766/766 768/768
f 767/767 768/768 769/769
f 770/770 771/771 772/772
f 772/772 771/771 773/773
f 774/774 775/775 776/776
f 776/776 775/775 777/777
f 778/778 779/779 780/780
f 780/780 779/779 781/781
f 782/782 783/783 784/784
f 784/784 783/783 785/785
f 786/786 787/787 788/788
f 788/788 787/787 789/789
f 790/790 791/791 792/792
f 792/792 791/791 793/793
f 794/794 795/795 796/796
f 796/796 795/795 797/797
f 797/797 795/795 798/798
f 798/798 795/795 799/799
f 800/800 801/801 802/802
f 802/802 801/801 803/803
f 802/802 803/803 804/804
f 805/805 806/806 807/807
f 807/807 806/806 808/808
f 807/807 808/808 809/809
f 810/810 811/811 812/812
f 812/812 811/811 813/813
f 812/812 813/813 814/814
f 815/815 816/816 817/817
f 817/817 816/816 818/818
f 818/818 816/816 819/819
f 819/819 816/816 820/820
f 821/821 822/822 823/823
f 823/823 822/822 824/824
f 824/824 822/822 825/825
f 825/825 822/822 826/826
f 827/827 828/828 829/829
f 829/829 828/828 830/830
f 831/831 832/832 833/833
f 833/833 832/832 834/834
f 833/833 834/834 835/835
f 836/836 837/837 838/838
f 838/838 837/837 839/839
f 838/838 839/839 840/840
f 841/841 842/842 843/843
f 843/843 842/842 844/844
f 843/843 844/844 845/845
f 846/846 847/847 848/848
f 848/848 847/847 849/849
f 849/849 847/847 850/850
f 850/850 847/847 851/851
f 852/852 853/853 854/854
f 854/854 853/853 855/855
f 856/856 857/857 858/858
f 858/858 857/857 859/859
f 858/858 859/859 860/860
f 861/861 862/862 863/863
f 863/863 862/862 864/864
f 865/865 866/866 867/867
f 867/867 866/866 868/868
f 868/868 866/866 869/869
f 869/869 866/866 870/870
f 871/871 872/872 873/873
f 873/873 872/872 874/874
f 874/874 872/872 875/875
f 875/875 872/872 876/876
f 877/877 878/878 879/879
f 879/879 878/878 880/880
f 881/881 882/882 883/883
f 883/883 882/882 884/884
f 885/885 886/886 887/887
f 887/887 886/886 888/888
f 887/887 888/888 889/889
f 890/890 891/891 892/892
f 892/892 891/891 893/893
f 893/893 891/891 894/894
f 894/894 891/891 895/895
f 896/896 897/897 898/898
f 898/898 897/897 899/899
f 898/898 899/899 900/900
f 901/901 902/902 903/903
f 903/903 902/902 904/904
f 903/903 904/904 905/905
f 906/906 907/907 908/908
f 908/908 907/907 909/909
f 908/908 909/909 910/910
f 911/911 912/912 913/913
f 913/913 912/912 914/914
f 915/915 916/916 917/917
f 917/917 916/916 918/918
f 917/917 918/918 919/919
f 920/920 921/921 922/922
f 922/922 921/921 923/923
f 922/922 923/923 924/924
f 925/925 926/926 927/927
f 927/927 926/926 928/928
f 927/927 928/928 929/929
f 862/862 930/930 864/864
f 608/608 931/931 610/610
f 787/787 932/932 789/789
f 783/783 933/933 785/785
f 648/648 934/934 650/650
f 747/747 935/935 749/749
f 809/809 936/936 807/807
f 835/835 937/937 833/833
f 840/840 938/938 838/838
f 889/889 939/939 887/887
f 910/910 940/940 908/908
f 905/905 941/941 903/903
f 629/629 942/942 627/627
f 634/634 943/943 632/632
f 655/655 944/944 653/653
f 690/690 945/945 688/688
f 698/698 946/946 696/696
f 735/735 947/947 733/733
f 708/708 948/948 706/706
f 713/713 949/949 711/711
f 724/724 950/950 722/722
f 740/740 951/951 738/738
f 745/745 952/952 743/743
f 845/845 953/953 843/843
f 754/754 954/954 752/752
f 929/929 955/955 927/927
f 769/769 956/956 767/767
f 670/670 957/957 678/678
f 676/676 958/958 674/674
f 959/959 960/960 961/961
f 962/962 963/963 964/964
f 965/965 966/966 967/967
f 968/968 969/969 970/970
f 971/971 972/972 973/973
f 974/974 975/975 976/976
f 977/977 978/978 979/979
f 980/980 981/981 982/982
f 983/983 984/984 985/985
f 986/986 987/987 988/988
f 989/989 990/990 991/991
f 992/992 993/993 994/994
f 995/995 996/996 997/997
f 998/998 999/999 1000/1000
f 1001/1001 1002/1002 1003/1003
f 1004/1004 1005/1005 1006/1006
f 1007/1007 1008/1008 1009/1009
f 1009/1009 1008/1008 1010/1010
f 1009/1009 1010/1010 1011/1011
f 1012/1012 1013/1013 1014/1014
f 1014/1014 1013/1013 1015/1015
f 1014/1014 1015/1015 1016/1016
f 1017/1017 1018/1018 1019/1019
f 1019/1019 1018/1018 1020/1020
f 1019/1019 1020/1020 1021/1021
f 1022/1022 1023/1023 1024/1024
f 1024/1024 1023/1023 1025/1025
f 1025/1025 1023/1023 1026/1026
f 1026/1026 1023/1023 1027/1027
f 1028/1028 1029/1029 1030/1030
f 1030/1030 1029/1029 1031/1031
f 1031/1031 1029/1029 1032/1032
f 1032/1032 1029/1029 1033/1033
f 1034/1034 1035/1035 1036/1036
f 1036/1036 1035/1035 1037/1037
f 1037/1037 1035/1035 1038/1038
f 1038/1038 1035/1035 1039/1039
f 1040/1040 1041/1041 1042/1042
f 1042/1042 1041/1041 1043/1043
f 1043/1043 1041/1041 1044/1044
f 1044/1044 1041/1041 1045/1045
f 1046/1046 1047/1047 1048/1048
f 1048/1048 1047/1047 1049/1049
f 1049/1049 1047/1047 1050/1050
f 1050/1050 1047/1047 1051/1051
f 1052/1052 1053/1053 1054/1054
f 1054/1054 1053/1053 1055/1055
f 1055/1055 1053/1053 1056/1056
f 1056/1056 1053/1053 1057/1057
f 1058/1058 1059/1059 1060/1060
f 1060/1060 1059/1059 1061/1061
f 1060/1060 1061/1061 1062/1062
f 1062/1062 1061/1061 1063/1063
f 1060/1060 1062/1062 1064/1064
f 1064/1064 1062/1062 1065/1065
f 1064/1064 1065/1065 1066/1066
f 1066/1066 1065/1065 1067/1067
f 1066/1066 1067/1067 1068/1068
f 1068/1068 1067/1067 1069/1069
f 1065/1065 1062/1062 1070/1070
f 1070/1070 1062/1062 1071/1071
f 1070/1070 1071/1071 1072/1072
f 1072/1072 1071/1071 1073/1073
f 1070/1070 1074/1074 1065/1065
f 1065/1065 1074/1074 1075/1075
f 1065/1065 1075/1075 1076/1076
f 1076/1076 1075/1075 1077/1077
f 1075/1075 1074/1074 1078/1078
f 1078/1078 1074/1074 1079/1079
f 1080/1080 1081/1081 1082/1082
f 1082/1082 1081/1081 1083/1083
f 1083/1083 1081/1081 1084/1084
f 1084/1084 1081/1081 1085/1085
f 1086/1086 1087/1087 1088/1088
f 1088/1088 1087/1087 1089/1089
f 1089/1089 1087/1087 1090/1090
f 1090/1090 1087/1087 1091/1091
f 1092/1092 1093/1093 1094/1094
f 1094/1094 1093/1093 1095/1095
f 1095/1095 1093/1093 1096/1096
f 1096/1096 1093/1093 1097/1097
f 1098/1098 1099/1099 1100/1100
f 1100/1100 1099/1099 1101/1101
f 1101/1101 1099/1099 1102/1102
f 1102/1102 1099/1099 1103/1103
f 1104/1104 1105/1105 1106/1106
f 1106/1106 1105/1105 1107/1107
f 1107/1107 1105/1105 1108/1108
f 1108/1108 1105/1105 1109/1109
f 1110/1110 1111/1111 1112/1112
f 1112/1112 1111/1111 1113/1113
f 1112/1112 1113/1113 1114/1114
f 1115/1115 1116/1116 1117/1117
f 1117/1117 1116/1116 1118/1118
f 1118/1118 1116/1116 1119/1119
f 1119/1119 1116/1116 1120/1120
f 1121/1121 1122/1122 1123/1123
f 1123/1123 1122/1122 1124/1124
f 1124/1124 1122/1122 1125/1125
f 1125/1125 1122/1122 1126/1126
f 1127/1127 1128/1128 1129/1129
f 1129/1129 1128/1128 1130/1130
f 1130/1130 1128/1128 1131/1131
f 1131/1131 1128/1128 1132/1132
f 1133/1133 1134/1134 1135/1135
f 1135/1135 1134/1134 1136/1136
f 1136/1136 1134/1134 1137/1137
f 1137/1137 1134/1134 1138/1138
f 1139/1139 1140/1140 1141/1141
f 1141/1141 1140/1140 1142/1142
f 1142/1142 1140/1140 1143/1143
f 1143/1143 1140/1140 1144/1144
f 1067/1067 1065/1065 1145/1145
f 1145/1145 1065/1065 1146/1146
f 1147/1147 1148/1148 1149/1149
f 1149/1149 1148/1148 1150/1150
f 1150/1150 1148/1148 1151/1151
f 1151/1151 1148/1148 1152/1152
f 1152/1152 1148/1148 1153/1153
f 1153/1153 1148/1148 1154/1154
f 1154/1154 1148/1148 1155/1155
f 1155/1155 1148/1148 1156/1156
f 1157/1157 1158/1158 1159/1159
f 1159/1159 1158/1158 1160/1160
f 1160/1160 1158/1158 1161/1161
f 1161/1161 1158/1158 1162/1162
f 1070/1070 1072/1072 1163/1163
f 1163/1163 1072/1072 1164/1164
f 1165/1165 1166/1166 1167/1167
f 1167/1167 1166/1166 1168/1168
f 1168/1168 1166/1166 1169/1169
f 1169/1169 1166/1166 1170/1170
f 1171/1171 1172/1172 1173/1173
f 1173/1173 1172/1172 1174/1174
f 1173/1173 1174/1174 1175/1175
f 1176/1176 1177/1177 1066/1066
f 1066/1066 1177/1177 1178/1178
f 1066/1066 1178/1178 1064/1064
f 1064/1064 1178/1178 1179/1179
f 1180/1180 1181/1181 1182/1182
f 1182/1182 1181/1181 1183/1183
f 1182/1182 1183/1183 1184/1184
f 1185/1185 1186/1186 1187/1187
f 1187/1187 1186/1186 1188/1188
f 1187/1187 1188/1188 1189/1189
f 1190/1190 1191/1191 1192/1192
f 1192/1192 1191/1191 1193/1193
f 1193/1193 1191/1191 1194/1194
f 1194/1194 1191/1191 1195/1195
f 1196/1196 1197/1197 1064/1064
f 1064/1064 1197/1197 1198/1198
f 1064/1064 1198/1198 1060/1060
f 1060/1060 1198/1198 1199/1199
f 1200/1200 1201/1201 1202/1202
f 1202/1202 1201/1201 1203/1203
f 1202/1202 1203/1203 1204/1204
f 1205/1205 1206/1206 1207/1207
f 1207/1207 1206/1206 1208/1208
f 1208/1208 1206/1206 1209/1209
f 1209/1209 1206/1206 1210/1210
f 1211/1211 1212/1212 1213/1213
f 1213/1213 1212/1212 1214/1214
f 1214/1214 1212/1212 1215/1215
f 1215/1215 1212/1212 1216/1216
f 1217/1217 1218/1218 1219/1219
f 1219/1219 1218/1218 1074/1074
f 1219/1219 1074/1074 1070/1070
f 1219/1219 1070/1070 1220/1220
f 1220/1220 1070/1070 1221/1221
f 1222/1222 1223/1223 1224/1224
f 1224/1224 1223/1223 1225/1225
f 1224/1224 1225/1225 1226/1226
f 1227/1227 1228/1228 1229/1229
f 1229/1229 1228/1228 1230/1230
f 1230/1230 1228/1228 1231/1231
f 1231/1231 1228/1228 1232/1232
f 1233/1233 1234/1234 1235/1235
f 1235/1235 1234/1234 1236/1236
f 1236/1236 1234/1234 1237/1237
f 1237/1237 1234/1234 1238/1238
f 1239/1239 1240/1240 1241/1241
f 1241/1241 1240/1240 1071/1071
f 1241/1241 1071/1071 1062/1062
f 1241/1241 1062/1062 1242/1242
f 1242/1242 1062/1062 1243/1243
f 1244/1244 1245/1245 1246/1246
f 1246/1246 1245/1245 1247/1247
f 1245/1245 1248/1248 1247/1247
f 1247/1247 1248/1248 1249/1249
f 1247/1247 1249/1249 1250/1250
f 1250/1250 1249/1249 1251/1251
f 1250/1250 1251/1251 1252/1252
f 1250/1250 1252/1252 1253/1253
f 1253/1253 1252/1252 1254/1254
f 1253/1253 1254/1254 1255/1255
f 1253/1253 1255/1255 1256/1256
f 1256/1256 1255/1255 1257/1257
f 1256/1256 1257/1257 1258/1258
f 1256/1256 1258/1258 1259/1259
f 1259/1259 1258/1258 1260/1260
f 1259/1259 1260/1260 1261/1261
f 1259/1259 1261/1261 1262/1262
f 1262/1262 1261/1261 1263/1263
f 1262/1262 1263/1263 1264/1264
f 1264/1264 1263/1263 1265/1265
f 1264/1264 1265/1265 1266/1266
f 1266/1266 1267/1267 1264/1264
f 1264/1264 1267/1267 1268/1268
f 1267/1267 1269/1269 1268/1268
f 1268/1268 1269/1269 1270/1270
f 1268/1268 1270/1270 1271/1271
f 1271/1271 1270/1270 1272/1272
f 1271/1271 1272/1272 1273/1273
f 1271/1271 1273/1273 1274/1274
f 1274/1274 1273/1273 1275/1275
f 1274/1274 1275/1275 1276/1276
f 1274/1274 1276/1276 1277/1277
f 1277/1277 1276/1276 1278/1278
f 1277/1277 1278/1278 1279/1279
f 1277/1277 1279/1279 1280/1280
f 1280/1280 1279/1279 1281/1281
f 1280/1280 1281/1281 1282/1282
f 1280/1280 1282/1282 1283/1283
f 1283/1283 1282/1282 1284/1284
f 1283/1283 1284/1284 1285/1285
f 1283/1283 1285/1285 1286/1286
f 1286/1286 1285/1285 1287/1287
f 1286/1286 1287/1287 1288/1288
f 1286/1286 1288/1288 1289/1289
f 1289/1289 1288/1288 1290/1290
f 1289/1289 1290/1290 1291/1291
f 1289/1289 1291/1291 1246/1246
f 1246/1246 1291/1291 1244/1244
f 1184/1184 1292/1292 1182/1182
f 1011/1011 1293/1293 1009/1009
f 1016/1016 1294/1294 1014/1014
f 1021/1021 1295/1295 1019/1019
f 1114/1114 1296/1296 1112/1112
f 1204/1204 1297/1297 1202/1202
f 1226/1226 1298/1298 1224/1224
f 1189/1189 1299/1299 1187/1187
f 1175/1175 1300/1300 1173/1173
f 1301/1301 1302/1302 1303/1303
f 1061/1061 1304/1304 1063/1063
f 1305/1305 1306/1306 1307/1307
f 1308/1308 1309/1309 1310/1310
f 1198/1198 1311/1311 1199/1199
f 1312/1312 1313/1313 1314/1314
f 1315/1315 1316/1316 1317/1317
f 1178/1178 1318/1318 1179/1179
f 1319/1319 1320/1320 1321/1321
f 1322/1322 1323/1323 1324/1324
f 1325/1325 1326/1326 1327/1327
f 1328/1328 1329/1329 1330/1330
f 1331/1331 1332/1332 1333/1333
f 1334/1334 1335/1335 1336/1336
f 1337/1337 1338/1338 1339/1339
f 1340/1340 1341/1341 1342/1342
f 1343/1343 1344/1344 1345/1345
f 1071/1071 1346/1346 1073/1073
f 1347/1347 1348/1348 1349/1349
f 1350/1350 1351/1351 1352/1352

