# https://github.com/mikedh/trimesh
v 2.20173662 0.57917566 0.18220954
v 2.19615249 0.58511804 0.17175196
v 2.20144067 0.58274069 0.18268462
v 2.19710266 0.58856428 0.17288125
v 2.19591301 0.58743497 0.18220954
v 2.19276464 0.59201053 0.17406894
v 2.19644845 0.58915813 0.16396768
v 2.19852789 0.59260438 0.16515537
v 2.19383356 0.59628818 0.16616589
v 2.22170357 0.61037120 0.13758523
v 2.22705015 0.60722280 0.13752487
v 2.23750772 0.61851179 0.12581924
v 2.24434185 0.61357989 0.12617555
v 2.22348511 0.60252846 0.13817908
v 2.24428344 0.60829177 0.12575888
v 2.19799439 0.20547745 0.18957715
v 2.15473497 0.22556122 0.14513196
v 2.33703867 0.20880497 0.21994133
v 2.42563506 0.26697874 0.12932590
v 2.34541679 0.20904250 0.22172483
v 2.44013468 0.26834558 0.13039483
v 2.43912417 0.27303989 0.13698947
v 2.44649179 0.28189310 0.12890924
v 2.43038972 0.27369217 0.12130408
v 2.43817208 0.27547567 0.12106654
v 2.44809617 0.27719879 0.12231265
v 2.18682226 0.47988220 0.12035193
v 2.03660585 0.36098204 0.09860537
v 2.08764956 0.62077035 0.12064981
v 1.89060867 0.61880970 0.09860534
v 2.18682226 0.47988220 0.12035193
v 2.26068340 0.34505718 0.11952056
v 2.03660585 0.36098204 0.09860537
v 2.41951548 0.28100135 0.11553888
v 2.28344044 0.34232352 0.11821410
v 2.42842712 0.29668871 0.11060701
v 2.09442332 -0.78180060 0.12861128
v 2.09804872 -0.77663119 0.12873005
v 2.08604519 -0.77817522 0.13520787
v 2.08883726 -0.77377879 0.13538505
v 2.06221726 -0.76266701 0.16004631
v 2.08230103 -0.76991585 0.13592048
v 2.05740417 -0.75928111 0.15850035
v 2.09216475 -0.77158057 0.12962180
v 2.06382162 -0.74602950 0.18363670
v 2.06720753 -0.74888190 0.18524106
v 2.05710626 -0.75458677 0.16783059
v 2.06019623 -0.75844774 0.16872039
v 2.06257356 -0.75339712 0.18524106
v 2.05710626 -0.76201277 0.16895793
v 2.05888976 -0.76646960 0.16052139
v 2.34969447 -0.21938125 0.22326883
v 2.43912417 -0.27303984 0.13698947
v 2.34541679 -0.20904245 0.22172483
v 2.44013468 -0.26834553 0.13039483
v 2.42563506 -0.26697869 0.12932590
v 2.43038972 -0.27369212 0.12130408
v 2.33703867 -0.20880492 0.21994133
v 2.15473497 -0.22556117 0.14513196
v 2.19799439 -0.20547741 0.18957715
v 2.44649179 -0.28189305 0.12890924
v 2.44981929 -0.29223186 0.12367947
v 2.44809617 -0.27719874 0.12231265
v 2.45195908 -0.28831052 0.11666817
v 2.44120361 -0.28563530 0.11482626
v 2.43894505 -0.30572100 0.11036948
v 2.42842712 -0.29668867 0.11060701
v 2.42527875 -0.31213844 0.10894424
v 2.28344044 -0.34232348 0.11821410
v 2.29282909 -0.35206844 0.12486909
v 2.44661055 -0.31112794 0.12094583
v 2.44898789 -0.30780044 0.11334067
v 2.36960107 -0.45373727 0.10823161
v 2.36021242 -0.45356008 0.10668565
v 2.24315415 -0.44565703 0.12439401
v 2.37655394 -0.45349971 0.12023320
v 2.38005863 -0.45397480 0.11167788
v 2.26086059 -0.61643231 0.10686477
v 2.25070091 -0.61625318 0.10543758
v 2.13940395 -0.60223057 0.12201665
v 2.26757593 -0.61809703 0.11880794
v 2.27149727 -0.61702615 0.11078612
v 2.13470963 -0.75589324 0.10591265
v 2.06976401 -0.68571786 0.12201664
v 2.12561887 -0.61874925 0.12201665
v 2.12347907 -0.78506969 0.11880792
v 2.13274895 -0.77972116 0.11120081
v 2.06090885 -0.84496470 0.11221132
v 2.04777799 -0.83337781 0.10662719
v 2.03957704 -0.85566176 0.11286553
v 1.81175726 -0.91953843 0.12112485
v 1.81478880 -0.92613308 0.13788111
v 1.64674524 -0.95738897 0.15006374
v 1.76386385 -0.95406144 0.24870103
v 1.76237824 -0.94782313 0.24870103
v 1.76790591 -0.94734807 0.25202853
v 2.04284612 -0.85857254 0.11583671
v 2.01349248 -0.87342853 0.12629429
v 1.85388739 -0.93457158 0.23895609
v 1.84925342 -0.93587996 0.24234394
v 1.76891448 -0.95323009 0.25214730
v 1.77503598 -0.95198200 0.25434746
v 1.77384828 -0.94627719 0.25398921
v 1.84824290 -0.92839164 0.24555267
v 1.86280095 -0.93136283 0.23925399
v 2.02317708 -0.87015944 0.12617552
v 2.02537529 -0.86457335 0.12932584
v 2.04207314 -0.85429489 0.12225417
v 1.85786910 -0.93278999 0.24228359
v 1.84746993 -0.93534455 0.24632565
v 1.85424370 -0.92726233 0.24371077
v 1.85382703 -0.93374017 0.24442339
v 1.85905680 -0.92583709 0.24109589
v 1.86517635 -0.92375765 0.23758926
v 2.44649179 -0.28189305 0.12890924
v 2.44809617 -0.27719874 0.12231265
v 2.43817208 -0.27547562 0.12106654
v 1.87521923 0.83569485 0.11880788
v 1.77895736 0.86065208 0.09812830
v 1.95068472 0.80556822 0.12058943
v 1.99340677 0.78792023 0.09848464
v 1.99251697 0.78643464 0.11708476
v 2.13470963 0.75589329 0.10591265
v 2.26068340 -0.34505713 0.11952056
v 2.18682226 -0.47988216 0.12035193
v 2.03660585 -0.36098200 0.09860537
v 2.08764956 -0.62077031 0.12064981
v 1.89060867 -0.61880965 0.09860534
v 2.42842712 -0.29668867 0.11060701
v 2.28344044 -0.34232348 0.11821410
v 2.41951548 -0.28100130 0.11553888
v 2.26068340 -0.34505713 0.11952056
v 2.03660585 -0.36098200 0.09860537
v 2.43817208 -0.27547562 0.12106654
v 2.43312143 -0.28397252 0.11470750
v 2.43038972 -0.27369212 0.12130408
v 2.41951548 -0.28100130 0.11553888
v 1.60936978 -0.89232264 0.09676145
v 1.55589226 -0.80176558 0.09860529
v 1.77895736 -0.86065204 0.09812830
v 1.74063172 -0.74751509 0.09860532
v 1.87521923 -0.83569480 0.11880788
v 1.89060867 -0.61880965 0.09860534
v 1.98425761 -0.74097888 0.12130401
v 1.99251697 -0.78643459 0.11708476
v 1.95068472 -0.80556817 0.12058943
v 1.55862396 0.97349304 0.15083476
v 1.55440667 0.95596377 0.11476771
v 1.56177428 0.95780570 0.15142861
v 1.55107917 0.90189043 0.09771355
v 1.56189306 0.91407117 0.15321210
v 1.55589226 0.80176563 0.09860529
v 1.56224937 0.80200319 0.15315369
v 1.55862396 -0.97349299 0.15083476
v 1.56177428 -0.95780565 0.15142861
v 1.55440667 -0.95596372 0.11476771
v 1.55107917 -0.90194882 0.09771355
v 1.56189306 -0.91407112 0.15321210
v 1.55589226 -0.80176558 0.09860529
v 1.65476708 -0.94592085 0.15856065
v 1.62357151 -0.94627719 0.15030128
v 1.61347027 -0.96737149 0.15089513
v 1.56177428 -0.95780565 0.15142861
v 1.55862396 -0.97349299 0.15083476
v 1.55440667 -0.95596372 0.11476771
v 1.60723194 -0.94728772 0.11167776
v 1.55107917 -0.90194882 0.09771355
v 1.60936978 -0.89232264 0.09676145
v 1.80498350 -0.90325726 0.10650644
v 1.77895736 -0.86065204 0.09812830
v 1.99340677 -0.78792018 0.09848464
v 2.05877100 -0.84252893 0.12005596
v 2.09442332 0.78180064 0.12861128
v 2.08604519 0.77817527 0.13520787
v 2.09804872 0.77663124 0.12873005
v 2.08883726 0.77377884 0.13538505
v 2.09216475 0.77158062 0.12962180
v 2.08230103 0.76991590 0.13592048
v 2.06221726 0.76266706 0.16004631
v 2.05888976 0.76646965 0.16052139
v 2.05740417 0.75928116 0.15850035
v 2.06019623 0.75844779 0.16872039
v 2.05710626 0.75458682 0.16783059
v 2.06720753 0.74888195 0.18524106
v 2.06382162 0.74602955 0.18363670
v 2.05710626 0.76201281 0.16895793
v 2.06257356 0.75339716 0.18524106
v 1.98425761 0.74097892 0.12130401
v 1.89060867 0.61880970 0.09860534
v 1.87521923 0.83569485 0.11880788
v 1.74063172 0.74751514 0.09860532
v 1.77895736 0.86065208 0.09812830
v 1.55589226 0.80176563 0.09860529
v 1.60936978 0.89232269 0.09676145
v 1.55107917 0.90189043 0.09771355
v 2.13470963 -0.75589324 0.10591265
v 1.99340677 -0.78792018 0.09848464
v 1.99251697 -0.78643459 0.11708476
v 1.95068472 -0.80556817 0.12058943
v 1.77895736 -0.86065204 0.09812830
v 1.87521923 -0.83569480 0.11880788
v 2.28427378 0.39633648 0.21061303
v 2.27886487 0.40305185 0.19914494
v 2.28706583 0.40079326 0.20942534
v 2.28189643 0.40685441 0.19890740
v 2.28094434 0.40655848 0.20663133
v 2.27785631 0.41000473 0.20021387
v 2.27779597 0.40637935 0.19177733
v 2.28171731 0.41059860 0.19237117
v 2.27779597 0.41350941 0.19385677
v 2.28367796 0.41802657 0.18613090
v 2.28760128 0.41440116 0.18518074
v 2.33733659 0.44607179 0.13603930
v 2.34024740 0.44250676 0.13598088
v 2.34815046 0.45058895 0.12843414
v 2.35153639 0.44643005 0.12813624
v 2.28439253 0.41149032 0.18286376
v 2.33359241 0.43721858 0.13687068
v 2.34945693 0.44215045 0.12849255
v 2.44649179 0.28189310 0.12890924
v 2.44809617 0.27719879 0.12231265
v 2.44981929 0.29223191 0.12367947
v 2.45195908 0.28831057 0.11666817
v 2.44661055 0.31112799 0.12094583
v 2.44898789 0.30780049 0.11334067
v 2.37655394 0.45349976 0.12023320
v 2.38005863 0.45397485 0.11167788
v 2.26757593 0.61809708 0.11880794
v 2.27149727 0.61702620 0.11078612
v 2.12347907 0.78506974 0.11880792
v 2.13274895 0.77966086 0.11120081
v 2.06090885 0.84496475 0.11221132
v 2.13470963 0.75589329 0.10591265
v 2.04777799 0.83337786 0.10662719
v 1.99340677 0.78792023 0.09848464
v 2.44120361 0.28563534 0.11482626
v 2.43894505 0.30572105 0.11036948
v 2.36960107 0.45373732 0.10823161
v 2.26086059 0.61643236 0.10686477
v 2.42842712 0.29668871 0.11060701
v 2.42527875 0.31213849 0.10894424
v 2.36021242 0.45356013 0.10668565
v 2.25070091 0.61625323 0.10543758
v 2.06976401 0.68571790 0.12201664
v 1.99251697 0.78643464 0.11708476
v 1.95068472 0.80556822 0.12058943
v 2.28344044 0.34232352 0.11821410
v 2.29282909 0.35206849 0.12486909
v 2.24315415 0.44565708 0.12439401
v 2.13940395 0.60223062 0.12201665
v 2.12561887 0.61874929 0.12201665
v 2.05877100 0.84258741 0.12005596
v 2.04284612 0.85857259 0.11583671
v 2.04207314 0.85429494 0.12225417
v 2.02537529 0.86457339 0.12932584
v 2.03957704 0.85566181 0.11286553
v 2.01349248 0.87342858 0.12629429
v 2.02317708 0.87015948 0.12617552
v 1.86280095 0.93136288 0.23925399
v 1.86517635 0.92375770 0.23758926
v 1.81478880 0.92613313 0.13788111
v 1.85388739 0.93457162 0.23895609
v 1.84925342 0.93588000 0.24234394
v 1.85786910 0.93279004 0.24228359
v 1.84746993 0.93534459 0.24632565
v 1.85382703 0.93374022 0.24442339
v 1.85424370 0.92726238 0.24371077
v 1.85905680 0.92583713 0.24109589
v 1.84824290 0.92839169 0.24555267
v 1.77503598 0.95198205 0.25434746
v 1.77384828 0.94627724 0.25398921
v 1.76891448 0.95323014 0.25214730
v 1.76790591 0.94740649 0.25202853
v 1.76386385 0.95406149 0.24870103
v 1.76237824 0.94782318 0.24870103
v 1.64674524 0.95738901 0.15006374
v 1.65476708 0.94592090 0.15856065
v 1.62357151 0.94627724 0.15030128
v 1.81175726 0.91953848 0.12112485
v 1.60723194 0.94728777 0.11167776
v 1.80498350 0.90325730 0.10650644
v 1.60936978 0.89232269 0.09676145
v 1.77895736 0.86065208 0.09812830
v 1.55107917 0.90189043 0.09771355
v 1.55440667 0.95596377 0.11476771
v 1.61347027 0.96731310 0.15089513
v 1.55862396 0.97349304 0.15083476
v 1.56177428 0.95780570 0.15142861
v 2.28427378 -0.39633644 0.21061303
v 2.28706583 -0.40079321 0.20942534
v 2.27886487 -0.40305181 0.19914494
v 2.28189643 -0.40685437 0.19890740
v 2.27779597 -0.40637930 0.19177733
v 2.28171731 -0.41059855 0.19237117
v 2.28439253 -0.41149027 0.18286376
v 2.28760128 -0.41440111 0.18518074
v 2.33359241 -0.43721853 0.13687068
v 2.34024740 -0.44250671 0.13598088
v 2.34945693 -0.44215040 0.12849255
v 2.35153639 -0.44643000 0.12813624
v 2.28367796 -0.41802652 0.18613090
v 2.33733659 -0.44607174 0.13603930
v 2.34815046 -0.45058890 0.12843414
v 2.27779597 -0.41350936 0.19385677
v 2.27785631 -0.41000468 0.20021387
v 2.28094434 -0.40655843 0.20663133
v 2.20173662 -0.57917562 0.18220954
v 2.20144067 -0.58274064 0.18268462
v 2.19615249 -0.58511799 0.17175196
v 2.19710266 -0.58856424 0.17288125
v 2.19644845 -0.58915808 0.16396768
v 2.19852789 -0.59260433 0.16515537
v 2.22348511 -0.60252842 0.13817908
v 2.22705015 -0.60722276 0.13752487
v 2.24428344 -0.60823131 0.12575888
v 2.24434185 -0.61357984 0.12617555
v 2.19591301 -0.58743493 0.18220954
v 2.19276464 -0.59201049 0.17406894
v 2.19383356 -0.59628814 0.16616589
v 2.22170357 -0.61037116 0.13758523
v 2.23750772 -0.61851174 0.12581924
v 2.43817208 0.27547567 0.12106654
v 2.43312143 0.28397257 0.11470750
v 2.41951548 0.28100135 0.11553888
v 2.43038972 0.27369217 0.12130408
v 1.98425761 0.74097892 0.12130401
v 2.08764956 0.62077035 0.12064981
v 1.89060867 0.61880970 0.09860534
v 2.34969447 0.21938130 0.22326883
v 1.55107917 -0.90194882 0.09771355
v 1.55589226 -0.80176558 0.09860529
v 1.60936978 -0.89232264 0.09676145
v 1.89060867 -0.61880965 0.09860534
v 2.08764956 -0.62077031 0.12064981
v 1.98425761 -0.74097888 0.12130401
v 1.56224937 -0.80200314 0.15315369
v 2.35935891 0.18250998 0.26049550
v 2.36145700 0.18475012 0.26049550
v 2.36055988 0.18265704 0.26602968
v 2.36205493 0.18504914 0.26573068
v 2.38254962 0.16425557 0.30612179
v 2.38404467 0.16575552 0.30642080
v 2.36100603 0.18864218 0.26528461
v 2.38269659 0.17053971 0.30627376
v 2.36130507 0.18968628 0.26019650
v 2.35741786 0.19312737 0.26453464
v 2.37716241 0.17517685 0.30612179
v -1.13790845 0.61633701 0.10222451
v -1.13835942 0.98345006 0.10342059
v -1.13671245 0.98434710 0.10147454
v -1.13102627 1.00558677 0.12062113
v -1.01553912 1.00917983 0.11538597
v -1.01613712 1.01591001 0.13124339
v -0.48492043 0.99766051 0.11239593
v -0.98427518 1.01830210 0.14081671
v -0.51498830 1.00723374 0.12256724
v -0.95659947 1.02069915 0.15563006
v -0.53832591 1.01187088 0.13468456
v -0.82674989 1.02758126 0.26363708
v -0.73235522 1.02533629 0.25286777
v -0.73908548 1.02503725 0.25690687
v -0.72173294 1.02339020 0.25226974
v -0.73025728 1.02339020 0.25645590
v -0.52396354 1.00977783 0.13483653
v -0.50107689 1.00528773 0.12331721
v -0.46607289 0.99541546 0.11374395
v -0.46786697 0.98972935 0.10641079
v -0.30734660 0.95741643 0.10566574
v -0.47519519 0.97073473 0.10027861
v -0.30779757 0.94859313 0.10237172
v -0.71799285 1.01935114 0.25151977
v -0.52276750 1.00214564 0.13573357
v -0.50122393 0.99810658 0.12556226
v -0.46831304 0.99063128 0.11897912
v -0.30734660 0.96011245 0.11194499
v -0.30765052 0.95786740 0.11374397
v 0.58664011 0.94634808 0.10925405
v 0.58993413 0.94410303 0.11090106
v 0.69270602 0.96684263 0.11149908
v 0.67864261 0.95966148 0.11254320
v 0.69495100 0.96310254 0.11284220
v 0.71634267 0.97252881 0.11643526
v 0.69838724 0.96594566 0.10671002
v 0.58305198 0.94485303 0.10626393
v 0.71708771 0.96938672 0.11703327
v 0.72621495 0.97447483 0.12271941
v 0.73100401 0.97551890 0.12002339
v 0.77184119 0.97941100 0.15637541
v 0.78620357 0.98135212 0.15772343
v 0.78231154 0.98015604 0.16221349
v 0.79368375 0.98000900 0.16445361
v 0.78186547 0.97686691 0.16206152
v 0.79383079 0.97701395 0.16445361
v 0.77169415 0.97656787 0.15637541
v 0.72666102 0.97133273 0.12316548
v -2.11627057 -0.83834111 0.65707768
v -2.12105957 -0.83654703 0.65707768
v -2.30820672 -0.71402569 0.52947310
v -2.31314282 -0.71372665 0.53007112
v -2.31897604 -0.70968752 0.52423304
v -2.32106916 -0.70624646 0.52543398
v -2.32615719 -0.70250637 0.51795378
v -2.32406421 -0.69801627 0.51825280
v -2.32705430 -0.69502618 0.50957655
v -2.32136819 -0.69682026 0.51765477
v -2.32406421 -0.69397714 0.50957655
v -2.31837811 -0.70190837 0.52603201
v -2.31508401 -0.71043263 0.53156618
v -2.12539774 -0.83280694 0.65902371
v -2.31254489 -0.70594743 0.53246322
v -2.30970176 -0.70534942 0.53201225
v -2.31613305 -0.70085932 0.52498302
v -2.12016260 -0.82981188 0.66111679
v -2.11686850 -0.82921388 0.66156286
v -1.13671245 0.98434710 0.10147454
v -1.01478911 0.98554318 0.10057752
v -1.13790845 0.61633701 0.10222451
v -0.47519519 0.97073473 0.10027861
v -0.21325100 0.61633701 0.10222466
v -0.30779757 0.94859313 0.10237172
v 0.58319902 0.93722091 0.10222479
v 0.87267190 0.58626918 0.10267091
v 0.69315203 0.94919113 0.10132781
v 0.87012789 0.94470110 0.10207291
v 0.87850512 0.89174659 0.10446500
v 0.87610814 0.94485303 0.10386696
v -0.72681615 1.01950307 0.25615690
v -0.73743843 1.01980211 0.26094597
v -0.73923252 1.02324317 0.26049500
v -0.81851969 1.02578229 0.27036730
v -0.82031378 1.02742933 0.26693110
v -0.83168599 1.02623326 0.26498508
v -0.96527567 1.01950307 0.15697313
v -0.83318111 1.02234123 0.26573016
v -0.96647175 1.01306696 0.15862014
v -0.82031378 1.02204219 0.27111727
v -0.82570084 1.02608133 0.26842618
v -0.82764693 1.02234123 0.26902418
v -1.87108071 -0.65882613 0.18076160
v -1.94962285 -0.66839937 0.19153091
v -1.85746826 -0.65583108 0.16999225
v -1.96128913 -0.66540439 0.16071307
v -1.83966972 -0.65014497 0.14545860
v -1.83472865 -0.64835089 0.14186554
v -2.14529429 -0.68395782 0.18854075
v -1.96158816 -0.66450735 0.15787491
v -1.96069119 -0.64132166 0.15727197
v -1.80436189 -0.62367016 0.13857642
v -1.96009312 -0.63937565 0.15907095
v -1.80226877 -0.62127318 0.14141947
v -2.14664222 -0.66630143 0.18614866
v -2.14559318 -0.68201181 0.18629573
v -2.24088496 -0.68919296 0.21098134
v -2.14394621 -0.68694791 0.22264771
v -2.25494823 -0.68949200 0.22429470
v -2.25120814 -0.69053608 0.24748039
v -2.26137952 -0.68979097 0.23775514
v -2.26347250 -0.69053608 0.25750466
v -2.27604087 -0.69113898 0.28173931
v -2.27065380 -0.69113898 0.27740118
v -2.29967746 -0.69383010 0.36177156
v -2.29579040 -0.69427617 0.36311955
v -2.24193386 -0.68754599 0.20918236
v -2.25704135 -0.68589894 0.22279966
v -2.26392346 -0.68649695 0.23730911
v -2.27858496 -0.68769792 0.28158734
v -2.30206962 -0.69009001 0.36207056
v -2.32720140 -0.70026132 0.48893003
v -2.32974535 -0.69607515 0.48758202
v -2.32765237 -0.70175636 0.50015032
v -2.33034342 -0.69741827 0.50015032
v -2.32705430 -0.70340341 0.50912559
v -2.32779933 -0.69098705 0.48698400
v -2.29997650 -0.68515383 0.36252153
v -2.27649184 -0.68231078 0.28203831
v -2.26183049 -0.68126181 0.23745614
v -2.25449726 -0.68066380 0.22220162
v -2.23998785 -0.67811972 0.20918236
v -2.24238000 -0.68141374 0.20858436
v -2.14633836 -0.66390934 0.18779078
v -2.32526021 -0.69023704 0.48683695
v -2.29773145 -0.68470286 0.36296760
v -2.27409486 -0.68185981 0.28188638
v -2.26422251 -0.68081573 0.25810266
v -2.32840223 -0.69248209 0.49999837
v -2.32914742 -0.69951621 0.50942460
v -2.32376021 -0.70624646 0.51705185
v -2.32316227 -0.70385438 0.50733151
v -2.32047108 -0.70639350 0.51495877
v -2.32585829 -0.69128609 0.49955230
v -2.31583402 -0.70938856 0.52213995
v -0.72472324 -0.57071076 1.06771924
v -0.69854250 -0.57011272 1.06906725
v -0.70856678 -0.55111321 1.07474850
v -0.69630242 -0.55021616 1.07490043
v -0.63301970 -0.56861767 1.07385147
v -0.65710731 -0.54856915 1.07818957
v 2.35935891 -0.18250998 0.26049550
v 2.36055988 -0.18265704 0.26602968
v 2.36145700 -0.18475012 0.26049550
v 2.36205493 -0.18504914 0.26573068
v 2.36100603 -0.18864218 0.26528461
v 2.38269659 -0.17053971 0.30627376
v 2.37716241 -0.17517685 0.30612179
v 2.35741786 -0.19312737 0.26453464
v 2.36130507 -0.18968628 0.26019650
v -1.80226877 0.62127318 0.14141947
v -1.96009312 0.63937565 0.15907095
v -1.80436189 0.62367016 0.13857642
v -1.96069119 0.64132166 0.15727197
v -1.82605245 0.64206678 0.14111557
v -1.83472865 0.64835089 0.14186554
v -2.14664222 0.66630143 0.18614866
v -1.96158816 0.66450735 0.15787491
v -1.96128913 0.66540439 0.16071307
v -1.83966972 0.65014497 0.14545860
v -1.85178712 0.65448307 0.16460515
v -2.14559318 0.68201181 0.18629573
v -2.14529429 0.68395782 0.18854075
v -1.94962285 0.66839937 0.19153091
v -1.86315452 0.65717908 0.17537450
v -2.24088496 0.68919296 0.21098134
v -2.14394621 0.68694791 0.22264771
v -2.24193386 0.68754599 0.20918236
v -2.25210525 0.68934000 0.21995661
v -2.24686997 0.69053608 0.24553437
v -2.24238000 0.68141374 0.20858436
v -2.25419822 0.68559991 0.21830960
v -2.25763943 0.68949200 0.22863284
v -2.25554631 0.69053608 0.24942643
v -2.26137952 0.68979097 0.23775514
v -2.26347250 0.69053608 0.25750466
v -2.27604087 0.69113898 0.28173931
v -2.27065380 0.69113898 0.27740118
v -2.29967746 0.69383010 0.36177156
v -2.29579040 0.69427617 0.36311955
v -2.32286323 0.70026132 0.48190080
v -2.25988433 0.68619798 0.22713779
v -2.26392346 0.68649695 0.23730911
v -2.27858496 0.68769792 0.28158734
v -2.30206962 0.69009001 0.36207056
v -2.32675526 0.69996228 0.48548894
v -2.32944631 0.69592322 0.48339586
v -2.32765237 0.70115836 0.49625827
v -2.33034342 0.69697219 0.49595926
v -2.32705430 0.70340341 0.50912559
v -2.32914742 0.69951621 0.50942460
v -2.32376021 0.70624646 0.51705185
v -2.32615719 0.70250637 0.51795378
v -2.25749232 0.68141374 0.22653975
v -2.26183049 0.68126181 0.23745614
v -2.27649184 0.68231078 0.28203831
v -2.29997650 0.68515383 0.36252153
v -2.32735333 0.69068801 0.48414094
v -2.32825030 0.69188409 0.49491517
v -2.32705430 0.69502618 0.50957655
v -2.32406421 0.69801627 0.51825280
v -2.29773145 0.68470286 0.36296760
v -2.32496117 0.68993808 0.48489092
v -2.32570621 0.69083512 0.49416519
v -2.32406421 0.69397714 0.50957655
v -2.32136819 0.69682026 0.51765477
v -2.31837811 0.70190837 0.52603201
v -2.32106916 0.70624646 0.52543398
v -2.31508401 0.71043263 0.53156618
v -2.31314282 0.71372665 0.53007112
v -2.12105957 0.83654703 0.65707768
v -2.30820672 0.71402569 0.52947310
v -2.31897604 0.70968752 0.52423304
v -2.31583402 0.70938856 0.52213995
v -2.32047108 0.70639350 0.51495877
v -2.32316227 0.70385438 0.50733151
v -2.32436310 0.70220733 0.49716021
v -2.14633836 0.66390934 0.18779078
v -2.23998785 0.67811972 0.20918236
v -2.25150717 0.68006573 0.21771156
v -2.23714472 0.67587956 0.24284325
v -2.12539774 0.83280694 0.65902371
v -2.31254489 0.70594743 0.53246322
v -2.12016260 0.82981188 0.66111679
v -2.11686850 0.82921388 0.66156286
v -2.30970176 0.70534942 0.53201225
v -2.31613305 0.70085932 0.52498302
v 2.27797875 0.51207010 0.32497423
v 2.28037573 0.51102110 0.32512129
v 2.22532322 0.55739735 0.23701080
v 2.22816635 0.55575034 0.23671180
v 2.22726923 0.55769639 0.23386874
v 2.22996043 0.55440723 0.23401578
v 2.23025932 0.55290729 0.23685887
v 2.28306678 0.50817804 0.32497424
v 2.23041140 0.55066713 0.23701080
v 2.23041140 0.55141221 0.23401578
v 2.28321886 0.50518792 0.32452327
v 2.28127270 0.50429088 0.32422425
v 2.22906331 0.54902012 0.23701080
v 2.22816635 0.54916719 0.23431971
v -2.14633836 0.66390934 0.18779078
v -2.13572098 0.65972317 0.22025563
v -1.96009312 0.63937565 0.15907095
v -1.94692683 0.63533652 0.19123190
v -1.80226877 0.62127318 0.14141947
v -1.81767530 0.62067510 0.17178634
v 0.87655910 -0.89399164 0.11359220
v 0.87446598 -0.94529911 0.10865606
v 0.87850512 -0.89174659 0.10446500
v 0.87610814 -0.94485303 0.10386696
v 0.87281901 -0.96041149 0.11179815
v 0.87401502 -0.96190653 0.10730805
v 0.86863284 -0.96325454 0.10596497
v 0.87236804 -0.96669560 0.11284223
v 0.86683386 -0.96863672 0.11164618
v 0.87057396 -0.96893575 0.11942538
v 0.86503978 -0.97073473 0.11882737
v 0.85950560 -0.97641594 0.15727243
v 0.85292245 -0.97821492 0.15817440
v 0.85651551 -0.97701395 0.16116449
v 0.85247637 -0.97746491 0.16281154
v 0.85292245 -0.97521986 0.16295858
v 0.79383079 -0.97701395 0.16445361
v 0.85681447 -0.97492090 0.16131157
v 0.85980463 -0.97432290 0.15742440
v 0.87057396 -0.96624463 0.12032242
v 0.87192197 -0.96399958 0.11538628
v -1.87482080 0.65942414 0.18210961
v -1.86734061 0.65822316 0.17941359
v -1.01478911 0.98554318 0.10057752
v -2.27409486 0.68185981 0.28188638
v -2.26422251 0.68081573 0.25810266
v -2.25479630 0.67932069 0.24882839
v 2.08889054 -0.72479501 0.23910386
v 2.09472361 -0.72254996 0.23880486
v 2.09098352 -0.72270189 0.24179499
v 2.09442472 -0.72090788 0.24209399
v 2.14828108 -0.67348258 0.33589550
v 2.15306525 -0.67154146 0.33604255
v 2.09801771 -0.71851083 0.23865779
v 2.09682170 -0.71836379 0.24284396
v 2.15501126 -0.66959545 0.33589550
v 2.09816482 -0.71537370 0.23880486
v 2.09801771 -0.71477073 0.24359396
v 2.15576127 -0.66705136 0.33574353
v 2.09547362 -0.71402569 0.23925583
v 2.09591976 -0.71297665 0.24389296
v 2.15381525 -0.66525735 0.33529256
v 0.58319902 0.93722091 0.10222479
v 0.69315203 0.94919113 0.10132781
v 0.87012789 0.94470110 0.10207291
v 0.86863284 0.96325454 0.10596497
v 0.87610814 0.94485303 0.10386696
v 0.87401502 0.96190653 0.10730805
v 0.87281901 0.96041149 0.11179815
v 0.87192197 0.96399958 0.11538628
v 0.87236804 0.96669560 0.11284223
v 0.86683386 0.96863672 0.11164618
v 0.72082781 0.97267585 0.11239613
v 0.86503978 0.97073473 0.11882737
v 0.87057396 0.96893575 0.11942538
v 0.87057396 0.96624463 0.12032242
v 0.85980463 0.97432290 0.15742440
v 0.85950560 0.97641594 0.15727243
v 0.85292245 0.97821492 0.15817440
v 0.85247637 0.97746491 0.16281154
v 0.85651551 0.97701395 0.16116449
v 0.85681447 0.97492090 0.16131157
v 0.85292245 0.97521986 0.16295858
v 0.87012789 -0.94470110 0.10207291
v 0.69838724 -0.96594566 0.10671002
v 0.69315203 -0.94919113 0.10132781
v 0.58305198 -0.94485303 0.10626393
v 0.58319902 -0.93722091 0.10222479
v -0.30779757 -0.94859313 0.10237172
v 0.58664011 -0.94634808 0.10925405
v -0.30734660 -0.96011245 0.11194499
v -0.30734660 -0.95741643 0.10566574
v -0.46607289 -0.99541546 0.11374395
v -0.46786697 -0.98972935 0.10641079
v -0.48492043 -0.99766051 0.11239593
v -1.01553912 -1.00917983 0.11538597
v -1.01613712 -1.01591001 0.13124339
v -1.13102627 -1.00558677 0.12062113
v -1.12668818 -1.00947879 0.13842456
v -1.12863419 -1.00678774 0.13842456
v -1.12668818 -1.00618477 0.14620379
v -1.13671245 -0.98434710 0.10147454
v -1.01478911 -0.98554318 0.10057752
v -0.47519519 -0.97073473 0.10027861
v -1.13835942 -0.98345006 0.10342059
v -1.13297236 -1.00409172 0.12182207
v 0.87446598 0.94529911 0.10865606
v 0.87850512 0.89174659 0.10446500
v 2.22382817 -0.55949044 0.23401578
v 2.22726923 -0.55769639 0.23386874
v 2.22532322 -0.55739735 0.23701080
v 2.22816635 -0.55575034 0.23671180
v 2.28037573 -0.51102110 0.32512129
v 2.23025932 -0.55290729 0.23685887
v 2.28306678 -0.50817804 0.32497424
v 2.23041140 -0.55066713 0.23701080
v 2.28321886 -0.50518792 0.32452327
v 2.28127270 -0.50429088 0.32422425
v 2.22996043 -0.55440723 0.23401578
v 2.23041140 -0.55141221 0.23401578
v 2.22816635 -0.54916719 0.23431971
v 2.22906331 -0.54902012 0.23701080
v -0.65710731 0.54856915 1.07818957
v -0.63301970 0.56861767 1.07385147
v -0.69630242 0.55021616 1.07490043
v -0.69854250 0.57011272 1.06906725
v -0.70856678 0.55111321 1.07474850
v -0.72472324 0.57071076 1.06771924
v -1.12504610 0.99900851 0.15398298
v -1.12310001 1.00140060 0.15473299
v -1.12668818 1.00618477 0.14620379
v -1.12444802 1.00738575 0.14769884
v -1.12668818 1.00947879 0.13842456
v -1.12863419 1.00678774 0.13842456
v -1.13297236 1.00409172 0.12182207
v 0.87610814 -0.94485303 0.10386696
v 0.87012789 -0.94470110 0.10207291
v 0.87850512 -0.89174659 0.10446500
v 0.87267190 -0.58626918 0.10267091
v 0.69315203 -0.94919113 0.10132781
v 0.58319902 -0.93722091 0.10222479
v -0.21325100 -0.61633701 0.10222466
v -0.30779757 -0.94859313 0.10237172
v -0.47519519 -0.97073473 0.10027861
v -1.13790845 -0.61633701 0.10222451
v -1.01478911 -0.98554318 0.10057752
v -1.13671245 -0.98434710 0.10147454
v 2.08889054 0.72479501 0.23910386
v 2.09098352 0.72270189 0.24179499
v 2.09472361 0.72254996 0.23880486
v 2.09442472 0.72090788 0.24209399
v 2.09801771 0.71851083 0.23865779
v 2.09682170 0.71836379 0.24284396
v 2.09816482 0.71537370 0.23880486
v 2.09801771 0.71477073 0.24359396
v 2.09547362 0.71402569 0.23925583
v 2.09591976 0.71297665 0.24389296
v 2.14828108 0.67348258 0.33589550
v 2.15306525 0.67154146 0.33604255
v 2.15501126 0.66959545 0.33589550
v 2.15576127 0.66705136 0.33574353
v 2.15381525 0.66525735 0.33529256
v 2.31223769 0.37698536 0.26094646
v 2.31403177 0.37444131 0.26438756
v 2.31762476 0.37309330 0.26079453
v 2.31852187 0.37100022 0.26423563
v 2.31852187 0.36905421 0.26094646
v 2.31941884 0.36785813 0.26423563
v 2.31702668 0.36636308 0.26064746
v 2.31762476 0.36621112 0.26438756
v 2.34036436 0.35170171 0.31136186
v 2.34484949 0.34871158 0.31150889
v 2.34634454 0.34586853 0.31150889
v 2.34365348 0.34377544 0.31120989
v 2.38254962 -0.16425557 0.30612179
v 2.38404467 -0.16575552 0.30642080
v -0.99070640 1.01052784 0.14964491
v -0.98951032 1.01740506 0.14515481
v -1.02197027 1.01531201 0.14037063
v -1.02152420 1.00872886 0.14755182
v -0.42373592 -0.54138797 1.09404706
v -0.42283888 -0.56293153 1.08731684
v -0.35162994 -0.54064289 1.09718913
v -0.35117897 -0.56143648 1.09045891
v -0.17151693 -0.56293153 1.09195402
v -0.16957090 -0.54288794 1.09913521
v 0.05138417 -0.57355381 1.08297879
v 0.05392822 -0.55440723 1.09060605
v 0.22267387 -0.59434741 1.06173429
v 0.25258975 -0.57848995 1.06622436
v 0.33621506 -0.61110187 1.04333769
v 0.35192541 -0.59374937 1.04871990
v 0.49703444 -0.62965041 1.01236795
v 0.38259132 -0.59883747 1.04273969
v 0.49807851 -0.62711122 1.01326499
v 0.49045125 -0.64490983 1.00683377
v 0.67684839 -0.69383010 0.95058527
v 0.67849544 -0.67722267 0.95761939
v 0.84364806 -0.74080436 0.89284167
v 0.85097632 -0.72614302 0.89882681
v 1.01283973 -0.78971981 0.82731889
v 1.01822687 -0.77550936 0.83404911
v 1.11950366 -0.82218466 0.78199164
v 1.15361066 -0.81604751 0.77839861
v 1.12623392 -0.82771883 0.77615847
v 0.67953952 -0.67423258 0.95851643
v 0.85247625 -0.72314796 0.90002286
v 1.01957488 -0.77236727 0.83554416
v 1.15869876 -0.81380743 0.77884958
v 1.12623392 0.82771883 0.77615847
v 1.11950366 0.82218466 0.78199164
v 1.15361066 0.81604751 0.77839861
v 1.01822687 0.77550936 0.83404911
v 1.15869876 0.81380743 0.77884958
v 1.01957488 0.77236727 0.83554416
v 1.01283973 0.78971981 0.82731889
v 0.85097632 0.72614302 0.89882681
v 0.85247625 0.72314796 0.90002286
v 0.67849544 0.67722267 0.95761939
v 0.67953952 0.67423258 0.95851643
v 0.49807851 0.62711122 1.01326499
v 0.84364806 0.74080436 0.89284167
v 0.67684839 0.69383010 0.95058527
v 0.49703444 0.62965041 1.01236795
v 0.38259132 0.59883747 1.04273969
v 0.35192541 0.59374937 1.04871990
v 0.33621506 0.61110187 1.04333769
v 0.25258975 0.57848995 1.06622436
v 0.22267387 0.59434741 1.06173429
v 0.05392822 0.55440723 1.09060605
v 0.05138417 0.57355381 1.08297879
v -0.16957090 0.54288794 1.09913521
v -0.17151693 0.56293153 1.09195402
v -0.35162994 0.54064289 1.09718913
v -0.35117897 0.56143648 1.09045891
v -0.42283888 0.56293153 1.08731684
v 0.49045125 0.64490983 1.00683377
v -2.32451021 -0.70250637 0.49955230
v -2.32361324 -0.70101132 0.48833201
v 2.31223769 -0.37698536 0.26094646
v 2.31762476 -0.37309330 0.26079453
v 2.31403177 -0.37444131 0.26438756
v 2.31852187 -0.37100022 0.26423563
v 2.34036436 -0.35170171 0.31136186
v 2.34484949 -0.34871158 0.31150889
v 2.31852187 -0.36905421 0.26094646
v 2.31941884 -0.36785813 0.26423563
v 2.34634454 -0.34586853 0.31150889
v 2.31702668 -0.36651016 0.26064746
v 2.31762476 -0.36621112 0.26438756
v 2.34365348 -0.34377544 0.31120989
v -2.24926212 -0.67827172 0.24658334
v -2.23056165 -0.67453162 0.24119624
v -2.14633836 -0.66390934 0.18779078
v -2.13572098 -0.65972317 0.22025563
v -1.96009312 -0.63937565 0.15907095
v -1.94692683 -0.63533652 0.19123190
v -1.80226877 -0.62127318 0.14141947
v -1.85567418 -0.62501328 0.18090864
v -1.81573411 -0.62112607 0.16849232
v -1.81767530 -0.62067510 0.17178634
v -1.12504610 -0.99900851 0.15398298
v -1.12310001 -1.00140060 0.15473299
v -1.12444802 -1.00738575 0.14769884
v -1.02197027 -1.01531201 0.14037063
v -0.98427518 -1.01830210 0.14081671
v -0.51498830 -1.00723374 0.12256724
v -0.50107689 -1.00528773 0.12331721
v -0.52396354 -1.00977783 0.13483653
v -0.52276750 -1.00214564 0.13573357
v -0.71799285 -1.01935114 0.25151977
v -0.72173294 -1.02339020 0.25226974
v -0.53832591 -1.01187088 0.13468456
v -0.95659947 -1.02069915 0.15563006
v -0.96527567 -1.01950307 0.15697313
v -0.98951032 -1.01740506 0.14515481
v -0.99070640 -1.01052784 0.14964491
v -1.02152420 -1.00872886 0.14755182
v -0.73235522 -1.02533629 0.25286777
v -0.82674989 -1.02758126 0.26363708
v -0.73908548 -1.02503725 0.25690687
v -0.73025728 -1.02339020 0.25645590
v -0.73923252 -1.02324317 0.26049500
v -0.73743843 -1.01980211 0.26094597
v -0.81851969 -1.02578229 0.27036730
v -0.82031378 -1.02204219 0.27111727
v -0.82570084 -1.02608133 0.26842618
v -0.82764693 -1.02234123 0.26902418
v -0.83168599 -1.02623326 0.26498508
v -0.83318111 -1.02234123 0.26573016
v -0.96647175 -1.01306696 0.15862014
v -0.82031378 -1.02742933 0.26693110
v -0.72681615 -1.01950307 0.25615690
v -0.50122393 -0.99810658 0.12556226
v -0.46831304 -0.99063128 0.11897912
v -0.30765052 -0.95786740 0.11374397
v 0.58993413 -0.94410303 0.11090106
v 0.69270602 -0.96684263 0.11149908
v 0.67864261 -0.95966148 0.11254320
v 0.69495100 -0.96310254 0.11284220
v 0.71634267 -0.97252881 0.11643526
v 0.71708771 -0.96938672 0.11703327
v 0.72621495 -0.97447483 0.12271941
v 0.73100401 -0.97551890 0.12002339
v 0.77184119 -0.97941100 0.15637541
v 0.78620357 -0.98135212 0.15772343
v 0.78231154 -0.98015604 0.16221349
v 0.79368375 -0.98000900 0.16445361
v 0.78186547 -0.97686691 0.16206152
v 0.72666102 -0.97133273 0.12316548
v 0.77169415 -0.97656787 0.15637541
v 0.72082781 -0.97267585 0.11239613
v -2.44942370 -0.29560510 0.48115080
v -2.41157658 -0.28587986 0.32377743
v -2.41516475 -0.28707591 0.32227745
v -2.38838600 -0.28198780 0.24239719
v -2.39063105 -0.28408580 0.24194622
v -2.38330278 -0.28124273 0.23326995
v -2.38509687 -0.28378678 0.23251998
v -2.37657260 -0.28004668 0.22593680
v -2.37806764 -0.28258584 0.22444176
v -2.36834240 -0.27869868 0.22115263
v -2.36969034 -0.28154175 0.21950562
v -2.26123241 -0.26478727 0.19527095
v -2.26227648 -0.26777739 0.19362394
v -2.14918134 -0.25326796 0.17492838
v -2.14813726 -0.25641004 0.17342840
v -1.97235748 -0.23845953 0.14904671
v -2.26123241 -0.28932096 0.19467295
v -2.36879337 -0.28782589 0.21965755
v -2.37821461 -0.28767395 0.22533880
v -2.38524880 -0.28842392 0.23311799
v -2.39018490 -0.28886999 0.24284323
v -2.41486571 -0.29306105 0.32183140
v -2.45376173 -0.30442841 0.48055277
v -2.45421270 -0.29769819 0.48025376
v -2.45540885 -0.29889423 0.49042506
v -2.36848937 -0.29051700 0.22115263
v -2.37701860 -0.29021800 0.22624073
v -2.38344989 -0.29021800 0.23356896
v -2.38868503 -0.29036505 0.24329419
v -2.35397996 -0.29365907 0.25361259
v -2.26078144 -0.29141404 0.19661896
v -2.14843630 -0.28602692 0.17387937
v -1.96966643 -0.27810065 0.14755166
v -1.97266148 -0.24129769 0.14710069
v -2.37836669 -0.29231108 0.26034770
v -2.39272417 -0.29201206 0.27096998
v -2.40992961 -0.29425709 0.32018437
v -2.44822755 -0.30607542 0.48055277
v -2.44927178 -0.30816850 0.49042506
v -2.45481078 -0.30607542 0.49087604
v -2.44852659 -0.30951651 0.49581219
v -2.45451174 -0.30757050 0.49730724
v -2.45361477 -0.30921751 0.50343944
v -2.45525678 -0.30054126 0.49805722
v -2.45391381 -0.30278140 0.50523841
v -2.44957564 -0.30054126 0.50433647
v -2.44717866 -0.30323237 0.51032161
v -2.44523265 -0.31310464 0.50598349
v -2.45181572 -0.31131060 0.50837559
v -2.45196765 -0.30487938 0.51062063
v -2.43850232 -0.31131060 0.52243895
v -2.44403650 -0.31833982 0.52034586
v -2.44313953 -0.31295761 0.52259090
v -2.37492554 -0.36292199 0.57106025
v -2.43850232 -0.31968783 0.51839984
v -2.37941082 -0.36995121 0.56851620
v -2.37447457 -0.37129922 0.56686919
v -2.29997654 -0.43413094 0.62341675
v -2.29533948 -0.43457701 0.62072565
v -2.26706569 -0.45821366 0.64032319
v -2.37941082 -0.36486804 0.57150632
v -2.29249635 -0.42874383 0.62760782
v -2.29818246 -0.42993987 0.62685784
v -2.26227656 -0.45192951 0.64780339
v -2.26931075 -0.45911070 0.64480836
v -2.26751666 -0.45507157 0.64854846
v -2.45032067 -0.29664920 0.48997900
v -2.45047261 -0.29829621 0.49730724
v -2.39392500 -0.28303681 0.27216602
v -2.38494976 -0.28154175 0.26184274
v -2.34410776 -0.27555660 0.24912738
v -2.25045813 -0.26164519 0.22309866
v -2.14798534 -0.25326796 0.19602097
v -2.03025313 -0.24279765 0.16056602
v -2.24851708 -0.29365907 0.23102493
v -2.14783823 -0.28797295 0.17612442
v -2.05074769 -0.28767395 0.19766311
v -1.96951932 -0.28019374 0.14979668
v -2.24851708 0.29365907 0.23102493
v -2.26078144 0.29141404 0.19661896
v -2.35397996 0.29365907 0.25361259
v -2.36848937 0.29051700 0.22115263
v -2.37926365 0.29021800 0.22818185
v -2.36879337 0.28782589 0.21965755
v -2.38075870 0.28797295 0.22758385
v -2.36969034 0.28154175 0.21950562
v -2.38045966 0.28318876 0.22698581
v -2.36834240 0.27869868 0.22115263
v -2.37911172 0.28049276 0.22818185
v -2.34410776 0.27555660 0.24912738
v -2.38509687 0.28168880 0.23611301
v -2.38838600 0.28198780 0.24239719
v -2.39063105 0.28408580 0.24194622
v -2.41516475 0.28707591 0.32227745
v -2.38569494 0.29021800 0.23701005
v -2.38718999 0.28857097 0.23641204
v -2.38718999 0.28408580 0.23551500
v -2.39018490 0.28886999 0.24284323
v -2.41486571 0.29306105 0.32183140
v -2.45376173 0.30442841 0.48055277
v -2.45421270 0.29769819 0.48025376
v -2.45540885 0.29889423 0.49042506
v -2.45032067 0.29664920 0.48997900
v -2.45047261 0.29829621 0.49730724
v -2.38868503 0.29036505 0.24329419
v -2.37283251 0.29261008 0.25824972
v -2.38838600 0.29201206 0.26677891
v -2.40992961 0.29425709 0.32018437
v -2.44822755 0.30607542 0.48055277
v -2.44927178 0.30816850 0.49042506
v -2.45481078 0.30607542 0.49087604
v -2.45451174 0.30757050 0.49730724
v -2.45525678 0.30054126 0.49805722
v -2.45361477 0.30921751 0.50343944
v -2.45391381 0.30278140 0.50523841
v -2.45181572 0.31131060 0.50837559
v -2.45196765 0.30487938 0.51062063
v -2.44403650 0.31833982 0.52034586
v -2.44313953 0.31295761 0.52259090
v -2.37941082 0.36995121 0.56851620
v -2.37941082 0.36486804 0.57150632
v -2.29997654 0.43413094 0.62341675
v -2.29818246 0.42993987 0.62685784
v -2.44957564 0.30054126 0.50433647
v -2.44717866 0.30323237 0.51032161
v -2.43850232 0.31131060 0.52243895
v -2.37492554 0.36292199 0.57106025
v -2.29249635 0.42874383 0.62760782
v -2.26227656 0.45192951 0.64780339
v -2.26751666 0.45507157 0.64854846
v -2.26931075 0.45911070 0.64480836
v -2.26706569 0.45821366 0.64032319
v -2.29533948 0.43457701 0.62072565
v -2.37447457 0.37129922 0.56686919
v -2.43850232 0.31968783 0.51839984
v -2.44523265 0.31310464 0.50598349
v -2.44852659 0.30951651 0.49581219
v -2.44942370 0.29560510 0.48115080
v -2.41157658 0.28587986 0.32377743
v -2.39392500 0.28303681 0.27216602
v -2.38883697 0.28213977 0.26408779
v -2.38120967 0.28094373 0.25959773
v -2.18733238 0.67408066 0.68041530
v -2.18867549 0.67692371 0.67502818
v -2.41337070 0.50084982 0.51959589
v -2.41576271 0.50623692 0.51615480
v -2.41875777 0.49486467 0.50897361
v -2.41905680 0.50294290 0.50912557
v -2.42174785 0.49232062 0.49940033
v -2.42174785 0.49965374 0.50089539
v -2.42160089 0.49740873 0.48788102
v -2.41770887 0.50159979 0.50104735
v -2.41740983 0.49980081 0.49012606
v -2.18658252 0.67782075 0.67383214
v -2.41262069 0.50653593 0.51361565
v -2.41471863 0.50429088 0.50717954
v -2.18344035 0.67273754 0.67996433
v -2.40768459 0.49905574 0.51885081
v -2.41531671 0.49097751 0.50583644
v -2.41681175 0.48828149 0.49670923
v -2.42219882 0.49067851 0.48863100
v -2.42039991 0.49665872 0.47890576
v -2.41606174 0.49860477 0.48069984
v -2.42144896 0.48992850 0.47950379
v -2.41531671 0.48708545 0.48713594
v -2.41337069 0.48783545 0.47142557
v -2.39512117 0.48364435 0.36955075
v -2.38838602 0.48214931 0.36730570
v -2.35233298 0.47811021 0.23790709
v -2.35667598 0.47870822 0.26872493
v -2.34754881 0.47766414 0.25870069
v -2.39467020 0.49067851 0.36970270
v -2.35383299 0.47960526 0.23805417
v -2.34410775 0.47721317 0.22668681
v -2.31059883 0.47392404 0.24643630
v -2.33288747 0.47631613 0.21920659
v -2.32002006 0.47512009 0.21472142
v -2.33453444 0.47826214 0.21726058
v -2.32077007 0.47706610 0.21292244
v -2.33453444 0.48604137 0.21741254
v -2.32032407 0.48648744 0.21277541
v -2.33228939 0.48738445 0.21860858
v -2.31942213 0.48783545 0.21442242
v -2.30880475 0.48992850 0.24688237
v -2.34395582 0.48678644 0.22683874
v -2.34649977 0.48559040 0.22638777
v -2.34545569 0.47886018 0.22578977
v -2.35248491 0.48663937 0.23790709
v -2.35517611 0.48544333 0.23820610
v -2.33483348 0.47631613 0.25331355
v -2.38898891 0.49157555 0.36790864
v -2.35263685 0.48798249 0.26319075
v -2.33722550 0.48858053 0.25451452
v -2.21320911 0.46659089 0.22653976
v -2.21859632 0.46763986 0.19212890
v -2.02845906 0.45671858 0.19901108
v -2.03160107 0.45940970 0.16415415
v -2.21740017 0.47048295 0.18988874
v -2.03144914 0.46240472 0.16206106
v -2.21724824 0.48738445 0.19003582
v -2.03115010 0.48244831 0.16206106
v -2.21694920 0.48858053 0.19182986
v -2.21231214 0.49097751 0.22743680
v -2.02546882 0.48723741 0.19826601
v -2.03040506 0.48424239 0.16460512
v -2.03144914 -0.46240472 0.16206106
v -2.03115010 -0.48244831 0.16206106
v -2.21740017 -0.47048295 0.18988874
v -2.21724824 -0.48738445 0.19003582
v -2.32077007 -0.47706610 0.21292244
v -2.32032407 -0.48648744 0.21277541
v -2.33872054 -0.48588940 0.22010363
v -2.33648045 -0.48708545 0.22100067
v -2.34724977 -0.48678644 0.23027983
v -2.30880475 -0.48992850 0.24688237
v -2.35248491 -0.48663937 0.23790709
v -2.34275968 -0.48828149 0.25705368
v -2.35667598 -0.48798249 0.26707792
v -2.21694920 -0.48858053 0.19182986
v -2.31942213 -0.48783545 0.21442242
v -2.21231214 -0.49097751 0.22743680
v -2.02546882 -0.48723741 0.19826601
v -2.03040506 -0.48424239 0.16460512
v -2.38898891 -0.49157555 0.36790864
v -2.39467020 -0.49067851 0.36970270
v -2.35517611 -0.48544333 0.23820610
v -2.35383299 -0.47960526 0.23805417
v -2.35009290 -0.48559040 0.22982887
v -2.34859785 -0.47900722 0.22952986
v -2.33842164 -0.47856118 0.21980463
v -2.32002006 -0.47512009 0.21472142
v -2.21859632 -0.46763986 0.19212890
v -2.21320911 -0.46659089 0.22653976
v -2.02845906 -0.45671858 0.19901108
v -2.39512117 -0.48364435 0.36955075
v -2.35233298 -0.47811021 0.23790709
v -2.34709784 -0.47751217 0.22967694
v -2.31059883 -0.47392404 0.24643630
v -2.33692660 -0.47661513 0.22145164
v -2.03160107 -0.45940970 0.16415415
v -2.34111767 -0.47691413 0.25600957
v -2.35667598 -0.47870822 0.26872493
v -2.38838602 -0.48214931 0.36730570
v -2.41337069 -0.48783545 0.47142557
v -2.42189993 -0.49037950 0.48399387
v -2.41531671 -0.48708545 0.48713594
v -2.41681175 -0.48828149 0.49670923
v -2.42099799 -0.49695776 0.48339585
v -2.42174785 -0.49232062 0.49940033
v -2.42174785 -0.49965374 0.50089539
v -2.41905680 -0.50294290 0.50912557
v -2.41770887 -0.50159979 0.50104735
v -2.41471863 -0.50429088 0.50717954
v -2.41740983 -0.49980081 0.49012606
v -2.41606174 -0.49860477 0.48069984
v -2.41531671 -0.49097751 0.50583644
v -2.41875777 -0.49486467 0.50897361
v -2.41576271 -0.50623692 0.51615480
v -2.41262069 -0.50653593 0.51361565
v -2.18658252 -0.67782075 0.67383214
v -2.18867549 -0.67692371 0.67502818
v -2.41337070 -0.50084982 0.51959589
v -2.40768459 -0.49905574 0.51885081
v -2.18733238 -0.67408066 0.68041530
v -2.18344035 -0.67273754 0.67996433
v -2.05074769 0.28767395 0.19766311
v -2.14783823 0.28797295 0.17612442
v -1.96951932 0.28019374 0.14979668
v -1.96966643 0.27810065 0.14755166
v -2.14843630 0.28602692 0.17387937
v -2.14813726 0.25641004 0.17342840
v -2.26123241 0.28932096 0.19467295
v -2.26227648 0.26777739 0.19362394
v -2.26123241 0.26478727 0.19527095
v -2.14918134 0.25326796 0.17492838
v -1.97235748 0.23845953 0.14904671
v -1.97266148 0.24129769 0.14710069
v -2.03025313 0.24279765 0.16056602
v -2.14798534 0.25326796 0.19602097
v -2.25045813 0.26164519 0.22309866
v 2.35831483 0.19492633 0.26004947
v 2.22382817 0.55949044 0.23401578
v 2.35831483 -0.19492633 0.26004947
v 2.27797875 -0.51207010 0.32497423
v 0.87655910 0.89399164 0.11359220
v -1.13790845 -0.61633701 0.10222451
v -0.70916478 0.55365726 1.07415046
v -0.70856678 0.55111321 1.07474850
v -0.72472324 0.57071076 1.06771924
v -2.11627057 0.83834111 0.65707768
v -0.42373592 0.54138797 1.09404706
v -0.70916478 -0.55365726 1.07415046
v -0.72472324 -0.57071076 1.06771924
v -0.70856678 -0.55111321 1.07474850
v -1.80541079 -0.61693501 0.17417843
vt 0.11658100 0.64528298
vt 0.11511600 0.64824402
vt 0.11526800 0.64534402
vt 0.11374200 0.64809096
vt 0.11276600 0.64589399
vt 0.11163700 0.64812201
vt 0.11450500 0.65007496
vt 0.11328500 0.65038002
vt 0.11154500 0.64992201
vt 0.11120900 0.65819299
vt 0.11294900 0.65868104
vt 0.11215600 0.66179401
vt 0.11374200 0.66194600
vt 0.11417000 0.65782601
vt 0.11465800 0.66167200
vt 0.11047700 0.58152997
vt 0.12112800 0.57008600
vt 0.10773000 0.61543596
vt 0.13531899 0.63515103
vt 0.10757800 0.61754203
vt 0.13556300 0.63777602
vt 0.13470900 0.63960701
vt 0.13827901 0.64140701
vt 0.13779099 0.63512099
vt 0.13831000 0.63695204
vt 0.13867600 0.63939297
vt 0.12131100 0.68217999
vt 0.12195200 0.68510997
vt 0.12390500 0.68147802
vt 0.12619400 0.68352300
vt 0.12131100 0.68217999
vt 0.11911400 0.68306500
vt 0.12195200 0.68510997
vt 0.11639800 0.68230200
vt 0.11880900 0.68288201
vt 0.11645900 0.68199700
vt 0.11215600 0.68169200
vt 0.11017200 0.68178296
vt 0.11230800 0.67967796
vt 0.11032400 0.67976904
vt 0.11047700 0.67165101
vt 0.10855400 0.67848700
vt 0.10831000 0.67101002
vt 0.10879800 0.68071496
vt 0.10855400 0.66451001
vt 0.11047700 0.66420501
vt 0.10864600 0.66884398
vt 0.11081300 0.66890502
vt 0.11279600 0.66499799
vt 0.11267400 0.66939300
vt 0.11252200 0.67140698
vt 0.10742500 0.62071598
vt 0.13470900 0.63960701
vt 0.10757800 0.61754203
vt 0.13556300 0.63777602
vt 0.13531899 0.63515103
vt 0.13779099 0.63512099
vt 0.10773000 0.61543596
vt 0.12112800 0.57008600
vt 0.11047700 0.58152997
vt 0.11710000 0.56727803
vt 0.11844200 0.56593502
vt 0.11627600 0.56648499
vt 0.11752700 0.56529403
vt 0.11615300 0.56477600
vt 0.11728300 0.56239498
vt 0.11554300 0.56266999
vt 0.11624500 0.56074703
vt 0.10248100 0.54817301
vt 0.10409900 0.54737997
vt 0.11966300 0.56325001
vt 0.11859500 0.56288302
vt 0.11981600 0.54124600
vt 0.11871700 0.54060501
vt 0.10483100 0.53349400
vt 0.12250100 0.54179502
vt 0.12109700 0.54194796
vt 0.11853400 0.51518297
vt 0.11734400 0.51457298
vt 0.10385400 0.50904900
vt 0.12118900 0.51518297
vt 0.11993800 0.51579297
vt 0.11227800 0.49177498
vt 0.10113800 0.49635297
vt 0.10333600 0.50654602
vt 0.11432200 0.48722798
vt 0.11359000 0.48887599
vt 0.10898200 0.47752303
vt 0.10681500 0.47819501
vt 0.10696700 0.47526503
vt 0.08484100 0.45939499
vt 0.08609300 0.45765603
vt 0.07037600 0.44612002
vt 0.08700800 0.44334197
vt 0.08694700 0.44242698
vt 0.08780200 0.44242698
vt 0.10760800 0.47499001
vt 0.10528900 0.47151101
vt 0.09558400 0.44947702
vt 0.09527900 0.44883603
vt 0.08771000 0.44328099
vt 0.08844300 0.44343400
vt 0.08859500 0.44257897
vt 0.09628600 0.44795102
vt 0.09656100 0.44999498
vt 0.10629600 0.47221297
vt 0.10733400 0.47221297
vt 0.10855400 0.47456300
vt 0.09622500 0.44938499
vt 0.09537000 0.44834697
vt 0.09677400 0.44862199
vt 0.09592000 0.44892699
vt 0.09720100 0.44923198
vt 0.09765900 0.45002598
vt 0.13827901 0.64140701
vt 0.13867600 0.63939297
vt 0.13831000 0.63695204
vt 0.08703900 0.47321999
vt 0.07834100 0.46531600
vt 0.09363100 0.47874397
vt 0.09888000 0.48069698
vt 0.09744600 0.48216200
vt 0.11227800 0.49177498
vt 0.11911400 0.68306500
vt 0.12131100 0.68217999
vt 0.12195200 0.68510997
vt 0.12390500 0.68147802
vt 0.12619400 0.68352300
vt 0.11645900 0.68199700
vt 0.11880900 0.68288201
vt 0.11639800 0.68230200
vt 0.11911400 0.68306500
vt 0.12195200 0.68510997
vt 0.11508500 0.56593502
vt 0.11517700 0.56440902
vt 0.11410900 0.56560004
vt 0.11346800 0.56386000
vt 0.13199300 0.68327904
vt 0.13165700 0.68474400
vt 0.12985601 0.68184501
vt 0.12915400 0.68349302
vt 0.12851299 0.68117297
vt 0.12619400 0.68352300
vt 0.12634701 0.68114299
vt 0.09744600 0.48216200
vt 0.09363100 0.47874397
vt 0.12497300 0.67812097
vt 0.12546200 0.67915899
vt 0.12530901 0.67726696
vt 0.12817800 0.67992198
vt 0.12747601 0.67711401
vt 0.13318300 0.67964697
vt 0.13306101 0.67690098
vt 0.12497300 0.67812097
vt 0.12530901 0.67726696
vt 0.12546200 0.67915899
vt 0.12817800 0.67992198
vt 0.12747601 0.67711401
vt 0.13318300 0.67964697
vt 0.07162700 0.44437999
vt 0.06839200 0.44364798
vt 0.06637800 0.44556999
vt 0.06210500 0.44029099
vt 0.06109800 0.44245702
vt 0.05948100 0.44450200
vt 0.06430200 0.44795102
vt 0.05639800 0.45020902
vt 0.06186100 0.45390201
vt 0.08307100 0.46150100
vt 0.07834100 0.46531600
vt 0.09888000 0.48069698
vt 0.10992800 0.47685200
vt 0.11215600 0.68169200
vt 0.11230800 0.67967796
vt 0.11017200 0.68178296
vt 0.11032400 0.67976904
vt 0.10879800 0.68071496
vt 0.10855400 0.67848700
vt 0.11047700 0.67165101
vt 0.11252200 0.67140698
vt 0.10831000 0.67101002
vt 0.11081300 0.66890502
vt 0.10864600 0.66884398
vt 0.11047700 0.66420501
vt 0.10855400 0.66451001
vt 0.11267400 0.66939300
vt 0.11279600 0.66499799
vt 0.12634701 0.68114299
vt 0.12619400 0.68352300
vt 0.12851299 0.68117297
vt 0.12915400 0.68349302
vt 0.12985601 0.68184501
vt 0.13080201 0.68416399
vt 0.13199300 0.68327904
vt 0.13269401 0.68373704
vt 0.11227800 0.49177498
vt 0.09888000 0.48069698
vt 0.09744600 0.48216200
vt 0.09363100 0.47874397
vt 0.07834100 0.46531600
vt 0.08703900 0.47321999
vt 0.10745600 0.64522201
vt 0.10699800 0.64705300
vt 0.10913400 0.64555800
vt 0.10876800 0.64729798
vt 0.11072100 0.64650404
vt 0.11078200 0.64748096
vt 0.10632600 0.64815199
vt 0.10849300 0.64854896
vt 0.11053800 0.64848799
vt 0.11011100 0.64986098
vt 0.10828000 0.65010500
vt 0.11023300 0.66008496
vt 0.10861500 0.66017604
vt 0.10965300 0.66151899
vt 0.10831000 0.66161096
vt 0.10657100 0.64989197
vt 0.10684500 0.65926099
vt 0.10745600 0.66133600
vt 0.11710000 0.56727803
vt 0.11627600 0.56648499
vt 0.11844200 0.56593502
vt 0.11752700 0.56529403
vt 0.11966300 0.56325001
vt 0.11859500 0.56288302
vt 0.12250100 0.54179502
vt 0.12109700 0.54194796
vt 0.12118900 0.51518297
vt 0.11993800 0.51579297
vt 0.11432200 0.48722798
vt 0.11359000 0.48887599
vt 0.10898200 0.47752303
vt 0.11227800 0.49177498
vt 0.10681500 0.47819501
vt 0.09888000 0.48069698
vt 0.11615300 0.56477600
vt 0.11728300 0.56239498
vt 0.11981600 0.54124600
vt 0.11853400 0.51518297
vt 0.11554300 0.56266999
vt 0.11624500 0.56074703
vt 0.11871700 0.54060501
vt 0.11734400 0.51457298
vt 0.10113800 0.49635297
vt 0.09744600 0.48216200
vt 0.09363100 0.47874397
vt 0.10248100 0.54817301
vt 0.10409900 0.54737997
vt 0.10483100 0.53349400
vt 0.10385400 0.50904900
vt 0.10333600 0.50654602
vt 0.10992800 0.47685200
vt 0.10760800 0.47499001
vt 0.10855400 0.47456300
vt 0.10733400 0.47221297
vt 0.10696700 0.47526503
vt 0.10528900 0.47151101
vt 0.10629600 0.47221297
vt 0.09656100 0.44999498
vt 0.09765900 0.45002598
vt 0.08609300 0.45765603
vt 0.09558400 0.44947702
vt 0.09527900 0.44883603
vt 0.09622500 0.44938499
vt 0.09537000 0.44834697
vt 0.09592000 0.44892699
vt 0.09677400 0.44862199
vt 0.09720100 0.44923198
vt 0.09628600 0.44795102
vt 0.08844300 0.44343400
vt 0.08859500 0.44257897
vt 0.08771000 0.44328099
vt 0.08780200 0.44242698
vt 0.08700800 0.44334197
vt 0.08694700 0.44242698
vt 0.07037600 0.44612002
vt 0.07162700 0.44437999
vt 0.06839200 0.44364798
vt 0.08484100 0.45939499
vt 0.06430200 0.44795102
vt 0.08307100 0.46150100
vt 0.06186100 0.45390201
vt 0.07834100 0.46531600
vt 0.05639800 0.45020902
vt 0.05948100 0.44450200
vt 0.06637800 0.44556999
vt 0.06109800 0.44245702
vt 0.06210500 0.44029099
vt 0.10745600 0.64522201
vt 0.10913400 0.64555800
vt 0.10699800 0.64705300
vt 0.10876800 0.64729798
vt 0.10632600 0.64815199
vt 0.10849300 0.64854896
vt 0.10657100 0.64989197
vt 0.10828000 0.65010500
vt 0.10684500 0.65926099
vt 0.10861500 0.66017604
vt 0.10745600 0.66133600
vt 0.10831000 0.66161096
vt 0.11011100 0.64986098
vt 0.11023300 0.66008496
vt 0.10965300 0.66151899
vt 0.11053800 0.64848799
vt 0.11078200 0.64748096
vt 0.11072100 0.64650404
vt 0.11658100 0.64528298
vt 0.11526800 0.64534402
vt 0.11511600 0.64824402
vt 0.11374200 0.64809096
vt 0.11450500 0.65007496
vt 0.11328500 0.65038002
vt 0.11417000 0.65782601
vt 0.11294900 0.65868104
vt 0.11465800 0.66167200
vt 0.11374200 0.66194600
vt 0.11276600 0.64589399
vt 0.11163700 0.64812201
vt 0.11154500 0.64992201
vt 0.11120900 0.65819299
vt 0.11215600 0.66179401
vt 0.11508500 0.56593502
vt 0.11517700 0.56440902
vt 0.11346800 0.56386000
vt 0.11410900 0.56560004
vt 0.12634701 0.68114299
vt 0.12390500 0.68147802
vt 0.12619400 0.68352300
vt 0.10742500 0.62071598
vt 0.13269401 0.68373704
vt 0.13165700 0.68474400
vt 0.13199300 0.68327904
vt 0.12619400 0.68352300
vt 0.12390500 0.68147802
vt 0.12634701 0.68114299
vt 0.13306101 0.67690098
vt 0.10577700 0.95907497
vt 0.10684500 0.95895302
vt 0.10586900 0.95696902
vt 0.10696700 0.95696902
vt 0.09784200 0.94061100
vt 0.09857500 0.94042802
vt 0.10858500 0.95724398
vt 0.10080300 0.94054997
vt 0.10910400 0.95907497
vt 0.11059900 0.95779300
vt 0.10278600 0.94103801
vt 0.09820900 0.93646002
vt 0.11859500 0.93685699
vt 0.11859500 0.93670499
vt 0.12021200 0.93642998
vt 0.12030400 0.93011302
vt 0.12125000 0.93017399
vt 0.12009000 0.90121198
vt 0.12186000 0.92846501
vt 0.12085300 0.90285999
vt 0.12274500 0.92696899
vt 0.12161600 0.90411103
vt 0.12891001 0.91995001
vt 0.12836100 0.91473103
vt 0.12857400 0.91509801
vt 0.12833001 0.91415101
vt 0.12857400 0.91460901
vt 0.12161600 0.90331697
vt 0.12088400 0.90206599
vt 0.12009000 0.90014303
vt 0.11954100 0.90029597
vt 0.11780100 0.89150703
vt 0.11841200 0.90066200
vt 0.11734400 0.89150703
vt 0.12845200 0.91384602
vt 0.12195200 0.90301198
vt 0.12128100 0.90185201
vt 0.12051800 0.90011299
vt 0.11825900 0.89147598
vt 0.11841200 0.89144599
vt 0.11813700 0.84276903
vt 0.11832000 0.84258598
vt 0.11948000 0.83703101
vt 0.11941900 0.83791602
vt 0.11972400 0.83703101
vt 0.11996800 0.83574903
vt 0.11917500 0.83669502
vt 0.11795400 0.84295201
vt 0.12012100 0.83581001
vt 0.12033400 0.83520001
vt 0.12018200 0.83492500
vt 0.12228800 0.83272803
vt 0.12234900 0.83190399
vt 0.12262300 0.83211803
vt 0.12277600 0.83147699
vt 0.12277600 0.83220899
vt 0.12292900 0.83150697
vt 0.12244000 0.83278900
vt 0.12048700 0.83529198
vt 0.54475498 0.77526200
vt 0.54503000 0.77596402
vt 0.54176497 0.81801802
vt 0.54240501 0.81829298
vt 0.54225302 0.81966603
vt 0.54170400 0.82073402
vt 0.54152000 0.82198602
vt 0.54011703 0.82317603
vt 0.53978097 0.82415199
vt 0.53941500 0.82341999
vt 0.53904802 0.82436597
vt 0.54020798 0.82189399
vt 0.54191703 0.81926900
vt 0.54469401 0.77721500
vt 0.54039103 0.82046002
vt 0.53981102 0.82058203
vt 0.53962803 0.82210803
vt 0.54319900 0.77788603
vt 0.54255801 0.77794701
vt 0.11859500 0.93670499
vt 0.11874800 0.93005198
vt 0.09820900 0.93646002
vt 0.11841200 0.90066200
vt 0.09903300 0.88607401
vt 0.11734400 0.89150703
vt 0.11743500 0.84292102
vt 0.09827000 0.82689899
vt 0.11819800 0.83693999
vt 0.11807600 0.82732600
vt 0.11514600 0.82677698
vt 0.11761800 0.82702100
vt 0.12872700 0.91433501
vt 0.12897100 0.91494501
vt 0.12881900 0.91509801
vt 0.12933700 0.91952300
vt 0.12909301 0.91958398
vt 0.12900200 0.92025501
vt 0.12283700 0.92745799
vt 0.12918501 0.92040801
vt 0.12314200 0.92770201
vt 0.12952100 0.91964501
vt 0.12918501 0.91991901
vt 0.12936801 0.92007202
vt 0.46400300 0.81786597
vt 0.47788900 0.81798798
vt 0.46125701 0.81823200
vt 0.47886601 0.81926900
vt 0.45725900 0.81920803
vt 0.45606899 0.81957501
vt 0.51042199 0.82070398
vt 0.47865200 0.81954402
vt 0.47273201 0.82616699
vt 0.44544801 0.82555598
vt 0.47215199 0.82671601
vt 0.44453299 0.82616699
vt 0.50621098 0.82580000
vt 0.50999498 0.82125300
vt 0.52571201 0.82268703
vt 0.51097101 0.81978798
vt 0.52781802 0.82311499
vt 0.52754301 0.82268703
vt 0.52888602 0.82326698
vt 0.52937400 0.82311499
vt 0.53132701 0.82341999
vt 0.53053403 0.82320601
vt 0.53544700 0.82351100
vt 0.53501999 0.82323700
vt 0.52546799 0.82320601
vt 0.52726799 0.82421303
vt 0.52842802 0.82430500
vt 0.53086901 0.82448798
vt 0.53489798 0.82467103
vt 0.54109299 0.82265699
vt 0.54045200 0.82393897
vt 0.54155099 0.82226002
vt 0.54088002 0.82357299
vt 0.54185599 0.82177198
vt 0.53889602 0.82534301
vt 0.53337198 0.82598299
vt 0.52922100 0.82595301
vt 0.52678001 0.82573903
vt 0.52559000 0.82561702
vt 0.52281302 0.82583100
vt 0.52397197 0.82497597
vt 0.50553900 0.82650197
vt 0.53831601 0.82549500
vt 0.53288400 0.82607502
vt 0.52873302 0.82601398
vt 0.52702397 0.82595301
vt 0.53932297 0.82494599
vt 0.54121500 0.82293200
vt 0.54206997 0.82082599
vt 0.54142898 0.82146698
vt 0.54164201 0.82067299
vt 0.53865200 0.82522100
vt 0.54173398 0.81963599
vt 0.13388500 0.83599401
vt 0.13315199 0.83724499
vt 0.12891001 0.83480299
vt 0.12842201 0.83532202
vt 0.13141300 0.84038800
vt 0.12717099 0.83712304
vt 0.10577700 0.95910501
vt 0.10589900 0.95699900
vt 0.10675400 0.95898300
vt 0.10696700 0.95703000
vt 0.10858500 0.95730501
vt 0.10065000 0.94048899
vt 0.10284700 0.94097698
vt 0.11072100 0.95788401
vt 0.10901200 0.95913601
vt 0.44453299 0.82616699
vt 0.47215199 0.82671601
vt 0.44544801 0.82555598
vt 0.47273201 0.82616699
vt 0.45322999 0.82103902
vt 0.45606899 0.81957501
vt 0.50621098 0.82580000
vt 0.47865200 0.81954402
vt 0.47886601 0.81926900
vt 0.45725900 0.81920803
vt 0.46009699 0.81841499
vt 0.50999498 0.82125300
vt 0.51042199 0.82070398
vt 0.47788900 0.81798798
vt 0.46244699 0.81804901
vt 0.52571201 0.82268703
vt 0.51097101 0.81978798
vt 0.52546799 0.82320601
vt 0.52742100 0.82305402
vt 0.52690202 0.82253498
vt 0.52397197 0.82497597
vt 0.52678001 0.82418299
vt 0.52824497 0.82317603
vt 0.52818400 0.82283998
vt 0.52888602 0.82326698
vt 0.52937400 0.82311499
vt 0.53132701 0.82341999
vt 0.53053403 0.82320601
vt 0.53544700 0.82351100
vt 0.53501999 0.82323700
vt 0.54048300 0.82250398
vt 0.52775699 0.82421303
vt 0.52842802 0.82430500
vt 0.53086901 0.82448798
vt 0.53489798 0.82467103
vt 0.54100198 0.82271802
vt 0.54032999 0.82400000
vt 0.54136801 0.82244301
vt 0.54072702 0.82372499
vt 0.54185599 0.82177198
vt 0.54121500 0.82293200
vt 0.54206997 0.82082599
vt 0.54152000 0.82198602
vt 0.52620000 0.82552600
vt 0.52678001 0.82573903
vt 0.52922100 0.82595301
vt 0.53337198 0.82598299
vt 0.53874302 0.82540399
vt 0.53917098 0.82509798
vt 0.53978097 0.82415199
vt 0.54011703 0.82317603
vt 0.53288400 0.82607502
vt 0.53822398 0.82552600
vt 0.53852999 0.82531202
vt 0.53904802 0.82436597
vt 0.53941500 0.82341999
vt 0.54020798 0.82189399
vt 0.54170400 0.82073402
vt 0.54191703 0.81926900
vt 0.54240501 0.81829298
vt 0.54503000 0.77596402
vt 0.54176497 0.81801802
vt 0.54225302 0.81966603
vt 0.54173398 0.81963599
vt 0.54164201 0.82067299
vt 0.54142898 0.82146698
vt 0.54118502 0.82201600
vt 0.50553900 0.82650197
vt 0.52281302 0.82583100
vt 0.52494901 0.82570899
vt 0.52183598 0.82638001
vt 0.54469401 0.77721500
vt 0.54039103 0.82046002
vt 0.54319900 0.77788603
vt 0.54255801 0.77794701
vt 0.53981102 0.82058203
vt 0.53962803 0.82210803
vt 0.11258300 0.96133298
vt 0.11212500 0.96114999
vt 0.12353900 0.98229897
vt 0.12286800 0.98214698
vt 0.12341700 0.98284900
vt 0.12216600 0.98251301
vt 0.12173800 0.98184198
vt 0.11096500 0.96087497
vt 0.12088400 0.98165798
vt 0.12094500 0.98223799
vt 0.10977500 0.96072298
vt 0.10934800 0.96075302
vt 0.12021200 0.98153597
vt 0.12002900 0.98208600
vt 0.50553900 0.82650197
vt 0.50294501 0.82729602
vt 0.47215199 0.82671601
vt 0.46922201 0.82738698
vt 0.44453299 0.82616699
vt 0.44648600 0.82665503
vt 0.11529900 0.82625800
vt 0.11825900 0.82668501
vt 0.11514600 0.82677698
vt 0.11761800 0.82702100
vt 0.11932700 0.82689899
vt 0.11914400 0.82708198
vt 0.11914400 0.82741797
vt 0.11957200 0.82717401
vt 0.11957200 0.82750899
vt 0.11999900 0.82726502
vt 0.11999900 0.82760102
vt 0.12219600 0.82778400
vt 0.12228800 0.82818103
vt 0.12244000 0.82796699
vt 0.12256200 0.82818103
vt 0.12265400 0.82808900
vt 0.12292900 0.83150697
vt 0.12250100 0.82787597
vt 0.12225700 0.82769299
vt 0.11996800 0.82711303
vt 0.11963300 0.82699102
vt 0.46470499 0.81783497
vt 0.46330100 0.81789601
vt 0.11874800 0.93005198
vt 0.52873302 0.82601398
vt 0.52702397 0.82595301
vt 0.52528501 0.82604396
vt 0.11417000 0.98321497
vt 0.11139300 0.98315400
vt 0.11340700 0.98254299
vt 0.11175900 0.98239100
vt 0.10736400 0.96072298
vt 0.10528900 0.96056998
vt 0.10821900 0.98303199
vt 0.11001900 0.98214698
vt 0.10358000 0.96050900
vt 0.10635700 0.98290998
vt 0.10782200 0.98190302
vt 0.10187100 0.96047902
vt 0.10626500 0.98278803
vt 0.10730300 0.98177999
vt 0.10104700 0.96054000
vt 0.11743500 0.84292102
vt 0.11819800 0.83693999
vt 0.11807600 0.82732600
vt 0.11914400 0.82741797
vt 0.11761800 0.82702100
vt 0.11914400 0.82708198
vt 0.11932700 0.82689899
vt 0.11963300 0.82699102
vt 0.11957200 0.82717401
vt 0.11957200 0.82750899
vt 0.11972400 0.83547497
vt 0.11999900 0.82760102
vt 0.11999900 0.82726502
vt 0.11996800 0.82711303
vt 0.12225700 0.82769299
vt 0.12219600 0.82778400
vt 0.12228800 0.82818103
vt 0.12256200 0.82818103
vt 0.12244000 0.82796699
vt 0.12250100 0.82787597
vt 0.12265400 0.82808900
vt 0.11807600 0.82732600
vt 0.11917500 0.83669502
vt 0.11819800 0.83693999
vt 0.11795400 0.84295201
vt 0.11743500 0.84292102
vt 0.11734400 0.89150703
vt 0.11813700 0.84276903
vt 0.11825900 0.89147598
vt 0.11780100 0.89150703
vt 0.12009000 0.90014303
vt 0.11954100 0.90029597
vt 0.12009000 0.90121198
vt 0.12030400 0.93011302
vt 0.12125000 0.93017399
vt 0.12021200 0.93642998
vt 0.12122000 0.93624699
vt 0.12125000 0.93642998
vt 0.12173800 0.93633801
vt 0.11859500 0.93670499
vt 0.11874800 0.93005198
vt 0.11841200 0.90066200
vt 0.11859500 0.93685699
vt 0.12024300 0.93658298
vt 0.11825900 0.82668501
vt 0.11514600 0.82677698
vt 0.12418000 0.98306203
vt 0.12341700 0.98287898
vt 0.12353900 0.98233002
vt 0.12286800 0.98214698
vt 0.11215600 0.96114999
vt 0.12173800 0.98187202
vt 0.11099600 0.96090603
vt 0.12085300 0.98165798
vt 0.10977500 0.96072298
vt 0.10931700 0.96075302
vt 0.12216600 0.98254299
vt 0.12091400 0.98226899
vt 0.11996800 0.98208600
vt 0.12015100 0.98156703
vt 0.12717099 0.83712304
vt 0.13141300 0.84038800
vt 0.12842201 0.83532202
vt 0.13315199 0.83724499
vt 0.12891001 0.83480299
vt 0.13388500 0.83599401
vt 0.12231800 0.93633801
vt 0.12228800 0.93618602
vt 0.12173800 0.93633801
vt 0.12176900 0.93618602
vt 0.12122000 0.93624699
vt 0.12125000 0.93642998
vt 0.12024300 0.93658298
vt 0.11761800 0.82702100
vt 0.11807600 0.82732600
vt 0.11514600 0.82677698
vt 0.09827000 0.82689899
vt 0.11819800 0.83693999
vt 0.11743500 0.84292102
vt 0.09903300 0.88607401
vt 0.11734400 0.89150703
vt 0.11841200 0.90066200
vt 0.09820900 0.93646002
vt 0.11874800 0.93005198
vt 0.11859500 0.93670499
vt 0.11413900 0.98330599
vt 0.11337600 0.98266500
vt 0.11127000 0.98318398
vt 0.11169800 0.98248202
vt 0.10815800 0.98303199
vt 0.10998900 0.98217702
vt 0.10638800 0.98290998
vt 0.10788300 0.98193300
vt 0.10641800 0.98284900
vt 0.10745600 0.98187202
vt 0.10730300 0.96075302
vt 0.10516700 0.96054000
vt 0.10345800 0.96047902
vt 0.10181000 0.96041799
vt 0.10107700 0.96050900
vt 0.12057900 0.96035600
vt 0.11954100 0.95904398
vt 0.11896100 0.96002102
vt 0.11807600 0.95876998
vt 0.11719100 0.95989901
vt 0.11673300 0.95867801
vt 0.11609200 0.96008199
vt 0.11600100 0.95876998
vt 0.10986700 0.94100797
vt 0.10858500 0.94064200
vt 0.10736400 0.94051898
vt 0.10647900 0.94079399
vt 0.09772000 0.94048899
vt 0.09839200 0.94030601
vt 0.12256200 0.92892200
vt 0.12213500 0.92873901
vt 0.12176900 0.93054003
vt 0.12231800 0.93057001
vt 0.14148401 0.83977801
vt 0.14331500 0.84206700
vt 0.13977499 0.84102899
vt 0.14157499 0.84322602
vt 0.13766900 0.84670603
vt 0.13589901 0.84463000
vt 0.13358000 0.85192400
vt 0.13187000 0.84997100
vt 0.13153499 0.85729504
vt 0.12949000 0.85616601
vt 0.13043600 0.86117101
vt 0.12857400 0.85961497
vt 0.12845200 0.86611497
vt 0.12833001 0.86074400
vt 0.12820800 0.86584103
vt 0.12991700 0.86758000
vt 0.12997800 0.87618601
vt 0.12848300 0.87447703
vt 0.13028400 0.88424301
vt 0.12884900 0.88283902
vt 0.13074100 0.89254403
vt 0.12939800 0.89113998
vt 0.13116901 0.89794600
vt 0.12985601 0.89791602
vt 0.13150400 0.89867902
vt 0.12820800 0.87420297
vt 0.12857400 0.88256502
vt 0.12909301 0.89083499
vt 0.12955099 0.89779401
vt 0.13150400 0.89867902
vt 0.13116901 0.89794600
vt 0.12985601 0.89791602
vt 0.12939800 0.89113998
vt 0.12955099 0.89779401
vt 0.12909301 0.89083499
vt 0.13074100 0.89254403
vt 0.12884900 0.88283902
vt 0.12857400 0.88256502
vt 0.12848300 0.87447703
vt 0.12820800 0.87420297
vt 0.12820800 0.86584103
vt 0.13028400 0.88424301
vt 0.12997800 0.87618601
vt 0.12845200 0.86611497
vt 0.12833001 0.86074400
vt 0.12857400 0.85961497
vt 0.13043600 0.86117101
vt 0.12949000 0.85616601
vt 0.13153499 0.85729504
vt 0.13187000 0.84997100
vt 0.13358000 0.85192400
vt 0.13589901 0.84463000
vt 0.13766900 0.84670603
vt 0.13977499 0.84102899
vt 0.14157499 0.84322602
vt 0.14331500 0.84206700
vt 0.12991700 0.86758000
vt 0.54127598 0.82192498
vt 0.54075700 0.82232100
vt 0.12057900 0.96035600
vt 0.11896100 0.96002102
vt 0.11954100 0.95904398
vt 0.11804600 0.95876998
vt 0.10983600 0.94100797
vt 0.10852400 0.94064200
vt 0.11719100 0.95989901
vt 0.11673300 0.95867801
vt 0.10733400 0.94051898
vt 0.11609200 0.96008199
vt 0.11600100 0.95876998
vt 0.10644900 0.94079399
vt 0.52418602 0.82613599
vt 0.52052402 0.82650197
vt 0.50553900 0.82650197
vt 0.50294501 0.82729602
vt 0.47215199 0.82671601
vt 0.46922201 0.82738698
vt 0.44453299 0.82616699
vt 0.45329100 0.82702100
vt 0.44648600 0.82665503
vt 0.44663799 0.82689899
vt 0.12231800 0.93633801
vt 0.12228800 0.93618602
vt 0.12176900 0.93618602
vt 0.12176900 0.93054003
vt 0.12186000 0.92846501
vt 0.12085300 0.90285999
vt 0.12088400 0.90206599
vt 0.12161600 0.90331697
vt 0.12195200 0.90301198
vt 0.12845200 0.91384602
vt 0.12833001 0.91415101
vt 0.12161600 0.90411103
vt 0.12274500 0.92696899
vt 0.12283700 0.92745799
vt 0.12213500 0.92873901
vt 0.12256200 0.92892200
vt 0.12231800 0.93057001
vt 0.12836100 0.91473103
vt 0.12891001 0.91995001
vt 0.12857400 0.91509801
vt 0.12857400 0.91460901
vt 0.12881900 0.91509801
vt 0.12897100 0.91494501
vt 0.12933700 0.91952300
vt 0.12952100 0.91964501
vt 0.12918501 0.91991901
vt 0.12936801 0.92007202
vt 0.12900200 0.92025501
vt 0.12918501 0.92040801
vt 0.12314200 0.92770201
vt 0.12909301 0.91958398
vt 0.12872700 0.91433501
vt 0.12128100 0.90185201
vt 0.12051800 0.90011299
vt 0.11841200 0.89144599
vt 0.11832000 0.84258598
vt 0.11948000 0.83703101
vt 0.11941900 0.83791602
vt 0.11972400 0.83703101
vt 0.11996800 0.83574903
vt 0.12012100 0.83581001
vt 0.12033400 0.83520001
vt 0.12018200 0.83492500
vt 0.12228800 0.83272803
vt 0.12234900 0.83190399
vt 0.12262300 0.83211803
vt 0.12277600 0.83147699
vt 0.12277600 0.83220899
vt 0.12048700 0.83529198
vt 0.12244000 0.83278900
vt 0.11972400 0.83547497
vt 0.18939801 0.87340903
vt 0.18475901 0.87282902
vt 0.18521699 0.87286001
vt 0.18228699 0.87221897
vt 0.18283600 0.87206602
vt 0.18176800 0.87206602
vt 0.18237901 0.87185299
vt 0.18103600 0.87191403
vt 0.18164600 0.87167001
vt 0.18015100 0.87169999
vt 0.18079200 0.87142599
vt 0.16953000 0.86843503
vt 0.17017099 0.86812901
vt 0.15897100 0.86468101
vt 0.15945899 0.86428398
vt 0.14294900 0.85836399
vt 0.17413899 0.86556602
vt 0.18192101 0.87066299
vt 0.18259200 0.87108999
vt 0.18323299 0.87133402
vt 0.18372101 0.87151700
vt 0.18634599 0.87212700
vt 0.19138201 0.87258500
vt 0.19016100 0.87337899
vt 0.19049700 0.87328702
vt 0.18237901 0.87032700
vt 0.18298900 0.87075400
vt 0.18344700 0.87105900
vt 0.18387400 0.87127298
vt 0.18189000 0.86928898
vt 0.17447400 0.86532199
vt 0.16507500 0.86083603
vt 0.15021200 0.85363299
vt 0.14349800 0.85805798
vt 0.18347700 0.87057102
vt 0.18451500 0.87124199
vt 0.18622400 0.87176096
vt 0.19132100 0.87212700
vt 0.19177800 0.87194401
vt 0.19180900 0.87243301
vt 0.19196101 0.87176096
vt 0.19202200 0.87225002
vt 0.19229700 0.87200499
vt 0.19077100 0.87310398
vt 0.19110700 0.87279898
vt 0.19034401 0.87282902
vt 0.19068000 0.87243301
vt 0.19238900 0.87118101
vt 0.19254100 0.87169999
vt 0.19135100 0.87243301
vt 0.19156501 0.87108999
vt 0.19330400 0.87050998
vt 0.19220600 0.87108999
vt 0.19650900 0.86217797
vt 0.19312100 0.87011302
vt 0.19815700 0.86156797
vt 0.19803500 0.86120200
vt 0.20426001 0.85048997
vt 0.20401600 0.85021502
vt 0.20636600 0.84618700
vt 0.19718000 0.86217797
vt 0.20273399 0.85076499
vt 0.20334500 0.85091698
vt 0.20480999 0.84670603
vt 0.20667100 0.84618700
vt 0.20578600 0.84658301
vt 0.18967301 0.87331802
vt 0.19000800 0.87313497
vt 0.18289700 0.87234104
vt 0.18201201 0.87243301
vt 0.17731300 0.87328702
vt 0.16760799 0.87017399
vt 0.15830000 0.86660397
vt 0.14233799 0.85979801
vt 0.17401700 0.86449802
vt 0.16541000 0.86059099
vt 0.15808600 0.85619700
vt 0.15057801 0.85338902
vt 0.17401700 0.86449802
vt 0.17447400 0.86532199
vt 0.18189000 0.86928898
vt 0.18237901 0.87032700
vt 0.18314201 0.87084603
vt 0.18192101 0.87066299
vt 0.18283600 0.87118101
vt 0.18079200 0.87142599
vt 0.18189000 0.87173098
vt 0.18015100 0.87169999
vt 0.18131000 0.87197500
vt 0.17731300 0.87328702
vt 0.18198200 0.87212700
vt 0.18228699 0.87221897
vt 0.18283600 0.87206602
vt 0.18521699 0.87286001
vt 0.18363000 0.87115097
vt 0.18341599 0.87139499
vt 0.18259200 0.87194401
vt 0.18372101 0.87151700
vt 0.18634599 0.87212700
vt 0.19138201 0.87258500
vt 0.19016100 0.87337899
vt 0.19049700 0.87328702
vt 0.18967301 0.87331802
vt 0.19000800 0.87313497
vt 0.18387400 0.87127298
vt 0.18311100 0.87026602
vt 0.18417899 0.87105900
vt 0.18622400 0.87176096
vt 0.19132100 0.87212700
vt 0.19177800 0.87194401
vt 0.19180900 0.87243301
vt 0.19202200 0.87225002
vt 0.19077100 0.87310398
vt 0.19229700 0.87200499
vt 0.19110700 0.87279898
vt 0.19254100 0.87169999
vt 0.19135100 0.87243301
vt 0.19330400 0.87050998
vt 0.19220600 0.87108999
vt 0.19815700 0.86156797
vt 0.19718000 0.86217797
vt 0.20426001 0.85048997
vt 0.20334500 0.85091698
vt 0.19034401 0.87282902
vt 0.19068000 0.87243301
vt 0.19156501 0.87108999
vt 0.19650900 0.86217797
vt 0.20273399 0.85076499
vt 0.20480999 0.84670603
vt 0.20578600 0.84658301
vt 0.20667100 0.84618700
vt 0.20636600 0.84618700
vt 0.20401600 0.85021502
vt 0.19803500 0.86120200
vt 0.19312100 0.87011302
vt 0.19238900 0.87118101
vt 0.19196101 0.87176096
vt 0.18939801 0.87340903
vt 0.18475901 0.87282902
vt 0.18289700 0.87234104
vt 0.18231800 0.87221897
vt 0.18173800 0.87264597
vt 0.32236701 0.74687898
vt 0.32169601 0.74617803
vt 0.32569399 0.79506803
vt 0.32444200 0.79372501
vt 0.32612100 0.79671597
vt 0.32462499 0.79464102
vt 0.32621199 0.79741800
vt 0.32486999 0.79552603
vt 0.32529700 0.79607499
vt 0.32505301 0.79494601
vt 0.32541901 0.79543400
vt 0.32178700 0.74590302
vt 0.32477799 0.79360300
vt 0.32493100 0.79421401
vt 0.32309899 0.74718499
vt 0.32673100 0.79543400
vt 0.32721901 0.79763198
vt 0.32752499 0.79836398
vt 0.32642600 0.79781497
vt 0.32560199 0.79628897
vt 0.32578501 0.79570901
vt 0.32666999 0.79799801
vt 0.32792100 0.79863900
vt 0.32804301 0.79842502
vt 0.33100399 0.79915798
vt 0.33210200 0.79943198
vt 0.33723000 0.79982901
vt 0.33658901 0.79976797
vt 0.33790100 0.79988998
vt 0.32981399 0.79732698
vt 0.33680201 0.79949301
vt 0.33838901 0.79992104
vt 0.34312001 0.80019498
vt 0.33994600 0.79995102
vt 0.34174600 0.80007303
vt 0.33939600 0.79949301
vt 0.34125799 0.79955399
vt 0.33799201 0.79747903
vt 0.33967099 0.79717398
vt 0.33805400 0.79714298
vt 0.33951801 0.79677701
vt 0.34043401 0.79604501
vt 0.33671099 0.79744899
vt 0.33658901 0.79781497
vt 0.33793101 0.79952401
vt 0.33567300 0.79766202
vt 0.33558199 0.79799801
vt 0.33970201 0.79998201
vt 0.33033201 0.79702103
vt 0.33542901 0.79732698
vt 0.33723000 0.79689902
vt 0.35633400 0.80040902
vt 0.35544899 0.80022597
vt 0.38068801 0.79973799
vt 0.37983301 0.79909700
vt 0.35511300 0.79949301
vt 0.37931499 0.79836398
vt 0.35212299 0.79516000
vt 0.37577400 0.79323697
vt 0.35193899 0.79482400
vt 0.35209200 0.79415298
vt 0.37562200 0.79192501
vt 0.37553000 0.79274899
vt 0.37931499 0.79836398
vt 0.37577400 0.79323697
vt 0.35511300 0.79949301
vt 0.35212299 0.79516000
vt 0.34125799 0.79955399
vt 0.33967099 0.79717398
vt 0.33750400 0.79763198
vt 0.33756500 0.79726601
vt 0.33631399 0.79754001
vt 0.34043401 0.79604501
vt 0.33567300 0.79766202
vt 0.33655801 0.79705203
vt 0.33494100 0.79741800
vt 0.35193899 0.79482400
vt 0.33951801 0.79677701
vt 0.35209200 0.79415298
vt 0.37562200 0.79192501
vt 0.37553000 0.79274899
vt 0.33033201 0.79702103
vt 0.32981399 0.79732698
vt 0.33558199 0.79799801
vt 0.33680201 0.79949301
vt 0.33616099 0.79787600
vt 0.33750400 0.79955399
vt 0.33887801 0.79949301
vt 0.34174600 0.80007303
vt 0.35544899 0.80022597
vt 0.35633400 0.80040902
vt 0.38068801 0.79973799
vt 0.33100399 0.79915798
vt 0.33723000 0.79982901
vt 0.33796200 0.79988998
vt 0.34312001 0.80019498
vt 0.33939600 0.79995102
vt 0.37983301 0.79909700
vt 0.33881599 0.79995102
vt 0.33658901 0.79976797
vt 0.33210200 0.79943198
vt 0.32804301 0.79842502
vt 0.32654801 0.79790598
vt 0.32792100 0.79863900
vt 0.32752499 0.79836398
vt 0.32544899 0.79619700
vt 0.32621199 0.79741800
vt 0.32486999 0.79552603
vt 0.32462499 0.79464102
vt 0.32505301 0.79494601
vt 0.32493100 0.79421401
vt 0.32541901 0.79543400
vt 0.32578501 0.79570901
vt 0.32721901 0.79763198
vt 0.32612100 0.79671597
vt 0.32444200 0.79372501
vt 0.32477799 0.79360300
vt 0.32178700 0.74590302
vt 0.32169601 0.74617803
vt 0.32569399 0.79506803
vt 0.32673100 0.79543400
vt 0.32236701 0.74687898
vt 0.32309899 0.74718499
vt 0.15808600 0.85619700
vt 0.16541000 0.86059099
vt 0.15057801 0.85338902
vt 0.15021200 0.85363299
vt 0.16507500 0.86083603
vt 0.15945899 0.86428398
vt 0.17413899 0.86556602
vt 0.17017099 0.86812901
vt 0.16953000 0.86843503
vt 0.15897100 0.86468101
vt 0.14294900 0.85836399
vt 0.14349800 0.85805798
vt 0.14233799 0.85979801
vt 0.15830000 0.86660397
vt 0.16760799 0.87017399
vt 0.11142300 0.95938003
vt 0.12418000 0.98303199
vt 0.11145400 0.95947099
vt 0.11261300 0.96133298
vt 0.11529900 0.82625800
vt 0.09820900 0.93646002
vt 0.12952100 0.83504701
vt 0.12891001 0.83480299
vt 0.13388500 0.83599401
vt 0.54475498 0.77526200
vt 0.14148401 0.83977801
vt 0.12952100 0.83504701
vt 0.13388500 0.83599401
vt 0.12891001 0.83480299
vt 0.44389200 0.82753998
f 1/1 2/2 3/3
f 3/3 2/2 4/4
f 3/3 4/4 5/5
f 5/5 4/4 6/6
f 2/2 7/7 4/4
f 4/4 7/7 8/8
f 4/4 8/8 6/6
f 6/6 8/8 9/9
f 9/9 8/8 10/10
f 10/10 8/8 11/11
f 10/10 11/11 12/12
f 12/12 11/11 13/13
f 8/8 14/14 11/11
f 11/11 14/14 15/15
f 11/11 15/15 13/13
f 16/16 17/17 18/18
f 18/18 17/17 19/19
f 18/18 19/19 20/20
f 20/20 19/19 21/21
f 20/20 21/21 22/22
f 22/22 21/21 23/23
f 19/19 24/24 21/21
f 21/21 24/24 25/25
f 21/21 25/25 26/26
f 27/27 28/28 29/29
f 29/29 28/28 30/30
f 31/31 32/32 33/33
f 33/33 32/32 34/34
f 32/32 35/35 34/34
f 34/34 35/35 36/36
f 37/37 38/38 39/39
f 39/39 38/38 40/40
f 39/39 40/40 41/41
f 41/41 40/40 42/42
f 41/41 42/42 43/43
f 42/42 40/40 44/44
f 44/44 40/40 38/38
f 45/45 46/46 47/47
f 47/47 46/46 48/48
f 47/47 48/48 43/43
f 43/43 48/48 41/41
f 46/46 49/49 48/48
f 48/48 49/49 50/50
f 48/48 50/50 41/41
f 41/41 50/50 51/51
f 41/41 51/51 39/39
f 52/52 53/53 54/54
f 54/54 53/53 55/55
f 54/54 55/55 56/56
f 56/56 55/55 57/57
f 54/54 56/56 58/58
f 58/58 56/56 59/59
f 58/58 59/59 60/60
f 61/61 62/62 63/63
f 63/63 62/62 64/64
f 63/63 64/64 65/65
f 65/65 64/64 66/66
f 65/65 66/66 67/67
f 67/67 66/66 68/68
f 67/67 68/68 69/69
f 69/69 68/68 70/70
f 62/62 71/71 64/64
f 64/64 71/71 72/72
f 64/64 72/72 66/66
f 66/66 72/72 73/73
f 66/66 73/73 68/68
f 68/68 73/73 74/74
f 68/68 74/74 70/70
f 70/70 74/74 75/75
f 71/71 76/76 72/72
f 72/72 76/76 77/77
f 72/72 77/77 73/73
f 73/73 77/77 78/78
f 73/73 78/78 74/74
f 74/74 78/78 79/79
f 74/74 79/79 75/75
f 75/75 79/79 80/80
f 76/76 81/81 77/77
f 77/77 81/81 82/82
f 77/77 82/82 78/78
f 78/78 82/82 83/83
f 78/78 83/83 79/79
f 79/79 83/83 84/84
f 79/79 84/84 85/85
f 81/81 86/86 82/82
f 82/82 86/86 87/87
f 82/82 87/87 83/83
f 83/83 87/87 88/88
f 83/83 88/88 89/89
f 89/89 88/88 90/90
f 89/89 90/90 91/91
f 91/91 90/90 92/92
f 91/91 92/92 93/93
f 93/93 92/92 94/94
f 93/93 94/94 95/95
f 95/95 94/94 96/96
f 88/88 97/97 90/90
f 90/90 97/97 98/98
f 90/90 98/98 92/92
f 92/92 98/98 99/99
f 92/92 99/99 94/94
f 94/94 99/99 100/100
f 94/94 100/100 101/101
f 101/101 100/100 102/102
f 101/101 102/102 103/103
f 103/103 102/102 104/104
f 100/100 99/99 105/105
f 105/105 99/99 98/98
f 105/105 98/98 106/106
f 106/106 98/98 97/97
f 106/106 97/97 107/107
f 107/107 97/97 108/108
f 105/105 109/109 100/100
f 100/100 109/109 110/110
f 100/100 110/110 102/102
f 102/102 110/110 104/104
f 104/104 110/110 111/111
f 111/111 110/110 112/112
f 111/111 112/112 113/113
f 113/113 112/112 109/109
f 113/113 109/109 105/105
f 113/113 105/105 114/114
f 114/114 105/105 107/107
f 53/53 115/115 55/55
f 55/55 115/115 116/116
f 55/55 116/116 117/117
f 94/94 101/101 96/96
f 96/96 101/101 103/103
f 118/118 119/119 120/120
f 120/120 119/119 121/121
f 120/120 121/121 122/122
f 122/122 121/121 123/123
f 124/124 125/125 126/126
f 126/126 125/125 127/127
f 126/126 127/127 128/128
f 129/129 130/130 131/131
f 131/131 130/130 132/132
f 131/131 132/132 133/133
f 63/63 65/65 134/134
f 134/134 65/65 135/135
f 134/134 135/135 136/136
f 136/136 135/135 137/137
f 137/137 135/135 67/67
f 67/67 135/135 65/65
f 138/138 139/139 140/140
f 140/140 139/139 141/141
f 140/140 141/141 142/142
f 142/142 141/141 143/143
f 142/142 143/143 144/144
f 83/83 145/145 84/84
f 84/84 145/145 146/146
f 147/147 148/148 149/149
f 149/149 148/148 150/150
f 149/149 150/150 151/151
f 151/151 150/150 152/152
f 151/151 152/152 153/153
f 154/154 155/155 156/156
f 156/156 155/155 157/157
f 155/155 158/158 157/157
f 157/157 158/158 159/159
f 95/95 160/160 93/93
f 93/93 160/160 161/161
f 93/93 161/161 162/162
f 162/162 161/161 163/163
f 162/162 163/163 164/164
f 164/164 165/165 162/162
f 162/162 165/165 166/166
f 162/162 166/166 93/93
f 93/93 166/166 91/91
f 165/165 167/167 166/166
f 166/166 167/167 168/168
f 166/166 168/168 169/169
f 169/169 168/168 170/170
f 169/169 170/170 171/171
f 171/171 89/89 169/169
f 169/169 89/89 91/91
f 169/169 91/91 166/166
f 108/108 97/97 172/172
f 172/172 97/97 88/88
f 172/172 88/88 86/86
f 86/86 88/88 87/87
f 173/173 174/174 175/175
f 175/175 174/174 176/176
f 175/175 176/176 177/177
f 177/177 176/176 178/178
f 178/178 176/176 179/179
f 179/179 176/176 174/174
f 179/179 174/174 180/180
f 178/178 179/179 181/181
f 181/181 179/179 182/182
f 181/181 182/182 183/183
f 183/183 182/182 184/184
f 183/183 184/184 185/185
f 179/179 186/186 182/182
f 182/182 186/186 187/187
f 182/182 187/187 184/184
f 188/188 189/189 190/190
f 190/190 189/189 191/191
f 190/190 191/191 192/192
f 192/192 191/191 193/193
f 192/192 193/193 194/194
f 194/194 193/193 195/195
f 196/196 197/197 198/198
f 198/198 197/197 199/199
f 197/197 200/200 199/199
f 199/199 200/200 201/201
f 202/202 203/203 204/204
f 204/204 203/203 205/205
f 204/204 205/205 206/206
f 206/206 205/205 207/207
f 203/203 208/208 205/205
f 205/205 208/208 209/209
f 205/205 209/209 207/207
f 207/207 209/209 210/210
f 210/210 209/209 211/211
f 211/211 209/209 212/212
f 211/211 212/212 213/213
f 213/213 212/212 214/214
f 213/213 214/214 215/215
f 215/215 214/214 216/216
f 209/209 217/217 212/212
f 212/212 217/217 218/218
f 212/212 218/218 214/214
f 214/214 218/218 219/219
f 214/214 219/219 216/216
f 220/220 221/221 222/222
f 222/222 221/221 223/223
f 222/222 223/223 224/224
f 224/224 223/223 225/225
f 224/224 225/225 226/226
f 226/226 225/225 227/227
f 226/226 227/227 228/228
f 228/228 227/227 229/229
f 228/228 229/229 230/230
f 230/230 229/229 231/231
f 230/230 231/231 232/232
f 232/232 231/231 233/233
f 232/232 233/233 234/234
f 234/234 233/233 235/235
f 221/221 236/236 223/223
f 223/223 236/236 237/237
f 223/223 237/237 225/225
f 225/225 237/237 238/238
f 225/225 238/238 227/227
f 227/227 238/238 239/239
f 227/227 239/239 229/229
f 229/229 239/239 233/233
f 229/229 233/233 231/231
f 236/236 240/240 237/237
f 237/237 240/240 241/241
f 237/237 241/241 238/238
f 238/238 241/241 242/242
f 238/238 242/242 239/239
f 239/239 242/242 243/243
f 239/239 243/243 233/233
f 233/233 243/243 244/244
f 233/233 244/244 245/245
f 245/245 244/244 246/246
f 240/240 247/247 241/241
f 241/241 247/247 248/248
f 241/241 248/248 242/242
f 242/242 248/248 249/249
f 242/242 249/249 243/243
f 243/243 249/249 250/250
f 243/243 250/250 251/251
f 230/230 232/232 252/252
f 252/252 232/232 253/253
f 252/252 253/253 254/254
f 254/254 253/253 255/255
f 232/232 256/256 253/253
f 253/253 256/256 257/257
f 253/253 257/257 258/258
f 258/258 257/257 259/259
f 258/258 259/259 255/255
f 255/255 259/259 260/260
f 256/256 261/261 257/257
f 257/257 261/261 262/262
f 257/257 262/262 259/259
f 259/259 262/262 263/263
f 259/259 263/263 264/264
f 264/264 263/263 265/265
f 264/264 265/265 266/266
f 266/266 265/265 267/267
f 266/266 267/267 268/268
f 266/266 268/268 264/264
f 264/264 268/268 259/259
f 267/267 265/265 269/269
f 269/269 265/265 270/270
f 269/269 270/270 271/271
f 271/271 270/270 272/272
f 271/271 272/272 273/273
f 273/273 272/272 274/274
f 273/273 274/274 275/275
f 275/275 274/274 276/276
f 275/275 276/276 277/277
f 277/277 276/276 278/278
f 274/274 272/272 263/263
f 263/263 272/272 270/270
f 263/263 270/270 265/265
f 263/263 262/262 274/274
f 274/274 262/262 261/261
f 274/274 261/261 276/276
f 276/276 261/261 279/279
f 276/276 279/279 280/280
f 280/280 279/279 281/281
f 280/280 281/281 282/282
f 282/282 281/281 283/283
f 261/261 256/256 279/279
f 279/279 256/256 234/234
f 279/279 234/234 281/281
f 281/281 234/234 235/235
f 281/281 235/235 283/283
f 282/282 284/284 280/280
f 280/280 284/284 285/285
f 280/280 285/285 286/286
f 286/286 285/285 287/287
f 286/286 287/287 288/288
f 288/288 278/278 286/286
f 286/286 278/278 276/276
f 286/286 276/276 280/280
f 289/289 290/290 291/291
f 291/291 290/290 292/292
f 291/291 292/292 293/293
f 293/293 292/292 294/294
f 293/293 294/294 295/295
f 295/295 294/294 296/296
f 295/295 296/296 297/297
f 297/297 296/296 298/298
f 297/297 298/298 299/299
f 299/299 298/298 300/300
f 294/294 301/301 296/296
f 296/296 301/301 302/302
f 296/296 302/302 298/298
f 298/298 302/302 303/303
f 298/298 303/303 300/300
f 301/301 294/294 304/304
f 304/304 294/294 305/305
f 294/294 292/292 305/305
f 305/305 292/292 306/306
f 307/307 308/308 309/309
f 309/309 308/308 310/310
f 309/309 310/310 311/311
f 311/311 310/310 312/312
f 311/311 312/312 313/313
f 313/313 312/312 314/314
f 313/313 314/314 315/315
f 315/315 314/314 316/316
f 308/308 317/317 310/310
f 310/310 317/317 318/318
f 310/310 318/318 312/312
f 312/312 318/318 319/319
f 312/312 319/319 320/320
f 312/312 320/320 314/314
f 314/314 320/320 321/321
f 314/314 321/321 316/316
f 221/221 322/322 236/236
f 236/236 322/322 323/323
f 236/236 323/323 240/240
f 240/240 323/323 324/324
f 324/324 323/323 325/325
f 325/325 323/323 322/322
f 253/253 258/258 255/255
f 256/256 232/232 234/234
f 326/326 327/327 328/328
f 209/209 208/208 217/217
f 8/8 7/7 14/14
f 179/179 180/180 186/186
f 22/22 329/329 20/20
f 21/21 26/26 23/23
f 243/243 251/251 244/244
f 268/268 260/260 259/259
f 105/105 106/106 107/107
f 109/109 112/112 110/110
f 89/89 171/171 83/83
f 330/330 331/331 332/332
f 333/333 334/334 335/335
f 292/292 290/290 306/306
f 55/55 117/117 57/57
f 79/79 85/85 80/80
f 158/158 336/336 159/159
f 337/337 338/338 339/339
f 339/339 338/338 340/340
f 339/339 340/340 341/341
f 341/341 340/340 342/342
f 338/338 343/343 340/340
f 340/340 343/343 344/344
f 340/340 344/344 342/342
f 338/338 345/345 343/343
f 343/343 345/345 346/346
f 343/343 346/346 347/347
f 348/348 349/349 350/350
f 350/350 349/349 351/351
f 350/350 351/351 352/352
f 352/352 351/351 353/353
f 352/352 353/353 354/354
f 354/354 353/353 355/355
f 354/354 355/355 356/356
f 356/356 355/355 357/357
f 356/356 357/357 358/358
f 358/358 357/357 359/359
f 358/358 359/359 360/360
f 360/360 359/359 361/361
f 360/360 361/361 362/362
f 362/362 361/361 363/363
f 360/360 362/362 358/358
f 358/358 362/362 364/364
f 358/358 364/364 356/356
f 356/356 364/364 365/365
f 356/356 365/365 354/354
f 354/354 365/365 366/366
f 354/354 366/366 367/367
f 367/367 366/366 368/368
f 367/367 368/368 369/369
f 369/369 368/368 370/370
f 362/362 371/371 364/364
f 364/364 371/371 372/372
f 364/364 372/372 365/365
f 365/365 372/372 373/373
f 365/365 373/373 366/366
f 366/366 373/373 374/374
f 366/366 374/374 375/375
f 375/375 374/374 376/376
f 375/375 376/376 377/377
f 377/377 376/376 378/378
f 377/377 378/378 379/379
f 379/379 378/378 380/380
f 379/379 380/380 381/381
f 381/381 382/382 379/379
f 379/379 382/382 383/383
f 379/379 383/383 377/377
f 377/377 383/383 384/384
f 377/377 384/384 375/375
f 375/375 384/384 368/368
f 375/375 368/368 366/366
f 381/381 385/385 382/382
f 382/382 385/385 386/386
f 382/382 386/386 387/387
f 387/387 386/386 388/388
f 387/387 388/388 389/389
f 389/389 388/388 390/390
f 389/389 390/390 391/391
f 391/391 390/390 392/392
f 391/391 392/392 393/393
f 392/392 390/390 394/394
f 394/394 390/390 388/388
f 394/394 388/388 395/395
f 395/395 388/388 386/386
f 395/395 386/386 385/385
f 396/396 397/397 398/398
f 398/398 397/397 399/399
f 398/398 399/399 400/400
f 400/400 399/399 401/401
f 400/400 401/401 402/402
f 402/402 401/401 403/403
f 402/402 403/403 404/404
f 404/404 403/403 405/405
f 404/404 405/405 406/406
f 405/405 403/403 407/407
f 407/407 403/403 401/401
f 407/407 401/401 408/408
f 408/408 401/401 399/399
f 408/408 399/399 397/397
f 397/397 409/409 408/408
f 408/408 409/409 410/410
f 408/408 410/410 407/407
f 407/407 410/410 411/411
f 407/407 411/411 412/412
f 409/409 413/413 410/410
f 410/410 413/413 414/414
f 410/410 414/414 411/411
f 415/415 416/416 417/417
f 417/417 416/416 418/418
f 417/417 418/418 419/419
f 419/419 418/418 420/420
f 419/419 420/420 421/421
f 419/419 421/421 422/422
f 422/422 421/421 423/423
f 422/422 423/423 424/424
f 422/422 424/424 425/425
f 425/425 424/424 426/426
f 371/371 362/362 427/427
f 427/427 362/362 363/363
f 427/427 363/363 428/428
f 428/428 363/363 429/429
f 428/428 429/429 430/430
f 430/430 429/429 361/361
f 430/430 361/361 431/431
f 431/431 361/361 359/359
f 431/431 359/359 432/432
f 432/432 359/359 433/433
f 432/432 433/433 434/434
f 434/434 433/433 435/435
f 428/428 430/430 436/436
f 436/436 430/430 437/437
f 436/436 437/437 438/438
f 438/438 437/437 432/432
f 438/438 432/432 434/434
f 432/432 437/437 431/431
f 431/431 437/437 430/430
f 439/439 440/440 441/441
f 441/441 440/440 442/442
f 441/441 442/442 443/443
f 443/443 442/442 444/444
f 440/440 445/445 442/442
f 442/442 445/445 446/446
f 442/442 446/446 444/444
f 444/444 446/446 447/447
f 444/444 447/447 448/448
f 448/448 447/447 449/449
f 448/448 449/449 450/450
f 449/449 447/447 451/451
f 451/451 447/447 446/446
f 451/451 446/446 452/452
f 452/452 446/446 445/445
f 452/452 445/445 453/453
f 453/453 445/445 454/454
f 453/453 454/454 455/455
f 455/455 454/454 456/456
f 455/455 456/456 457/457
f 457/457 456/456 458/458
f 457/457 458/458 459/459
f 459/459 458/458 460/460
f 459/459 460/460 461/461
f 461/461 460/460 462/462
f 452/452 453/453 463/463
f 463/463 453/453 455/455
f 463/463 455/455 464/464
f 464/464 455/455 457/457
f 464/464 457/457 465/465
f 465/465 457/457 459/459
f 465/465 459/459 466/466
f 466/466 459/459 461/461
f 466/466 461/461 467/467
f 467/467 461/461 468/468
f 467/467 468/468 469/469
f 469/469 468/468 470/470
f 469/469 470/470 471/471
f 471/471 470/470 472/472
f 471/471 473/473 469/469
f 469/469 473/473 474/474
f 469/469 474/474 467/467
f 467/467 474/474 475/475
f 467/467 475/475 466/466
f 466/466 475/475 476/476
f 466/466 476/476 465/465
f 465/465 476/476 477/477
f 465/465 477/477 464/464
f 464/464 477/477 478/478
f 464/464 478/478 479/479
f 479/479 478/478 480/480
f 479/479 480/480 451/451
f 451/451 480/480 449/449
f 473/473 481/481 474/474
f 474/474 481/481 482/482
f 474/474 482/482 475/475
f 475/475 482/482 483/483
f 475/475 483/483 484/484
f 481/481 473/473 485/485
f 485/485 473/473 471/471
f 485/485 471/471 486/486
f 486/486 471/471 472/472
f 486/486 472/472 487/487
f 487/487 472/472 488/488
f 487/487 488/488 489/489
f 487/487 402/402 486/486
f 486/486 402/402 404/404
f 486/486 404/404 485/485
f 485/485 404/404 406/406
f 485/485 406/406 490/490
f 402/402 487/487 400/400
f 400/400 487/487 491/491
f 400/400 491/491 398/398
f 492/492 493/493 494/494
f 494/494 493/493 495/495
f 493/493 496/496 495/495
f 495/495 496/496 497/497
f 498/498 499/499 500/500
f 500/500 499/499 501/501
f 500/500 501/501 502/502
f 502/502 501/501 503/503
f 502/502 503/503 504/504
f 504/504 505/505 502/502
f 502/502 505/505 506/506
f 502/502 506/506 500/500
f 507/507 508/508 509/509
f 509/509 508/508 510/510
f 509/509 510/510 511/511
f 511/511 510/510 512/512
f 508/508 513/513 510/510
f 510/510 513/513 514/514
f 510/510 514/514 512/512
f 512/512 514/514 515/515
f 512/512 515/515 516/516
f 516/516 515/515 517/517
f 513/513 518/518 514/514
f 514/514 518/518 519/519
f 514/514 519/519 515/515
f 515/515 519/519 520/520
f 515/515 520/520 517/517
f 517/517 520/520 521/521
f 518/518 522/522 519/519
f 519/519 522/522 523/523
f 519/519 523/523 520/520
f 518/518 524/524 522/522
f 522/522 524/524 525/525
f 522/522 525/525 523/523
f 523/523 525/525 526/526
f 518/518 527/527 524/524
f 524/524 527/527 528/528
f 524/524 528/528 525/525
f 525/525 528/528 529/529
f 525/525 529/529 530/530
f 530/530 529/529 531/531
f 530/530 531/531 532/532
f 532/532 531/531 533/533
f 532/532 533/533 534/534
f 534/534 533/533 535/535
f 534/534 535/535 536/536
f 536/536 535/535 537/537
f 529/529 538/538 531/531
f 531/531 538/538 539/539
f 531/531 539/539 533/533
f 533/533 539/539 540/540
f 533/533 540/540 535/535
f 535/535 540/540 541/541
f 535/535 541/541 542/542
f 542/542 541/541 543/543
f 542/542 543/543 544/544
f 544/544 543/543 545/545
f 544/544 545/545 546/546
f 546/546 545/545 547/547
f 546/546 547/547 548/548
f 548/548 547/547 549/549
f 538/538 550/550 539/539
f 539/539 550/550 551/551
f 539/539 551/551 540/540
f 540/540 551/551 552/552
f 540/540 552/552 541/541
f 541/541 552/552 553/553
f 541/541 553/553 543/543
f 543/543 553/553 554/554
f 543/543 554/554 545/545
f 545/545 554/554 555/555
f 545/545 555/555 547/547
f 547/547 555/555 556/556
f 547/547 556/556 549/549
f 549/549 556/556 557/557
f 552/552 558/558 553/553
f 553/553 558/558 559/559
f 553/553 559/559 554/554
f 554/554 559/559 560/560
f 554/554 560/560 555/555
f 555/555 560/560 561/561
f 555/555 561/561 556/556
f 556/556 561/561 562/562
f 556/556 562/562 557/557
f 557/557 562/562 563/563
f 557/557 563/563 564/564
f 564/564 563/563 565/565
f 564/564 565/565 566/566
f 566/566 565/565 567/567
f 567/567 568/568 566/566
f 566/566 568/568 569/569
f 566/566 569/569 564/564
f 564/564 569/569 549/549
f 564/564 549/549 557/557
f 568/568 570/570 569/569
f 569/569 570/570 548/548
f 569/569 548/548 549/549
f 570/570 571/571 548/548
f 548/548 571/571 572/572
f 548/548 572/572 546/546
f 546/546 572/572 573/573
f 546/546 573/573 544/544
f 544/544 573/573 537/537
f 544/544 537/537 542/542
f 542/542 537/537 535/535
f 508/508 574/574 513/513
f 513/513 574/574 527/527
f 513/513 527/527 518/518
f 574/574 575/575 527/527
f 527/527 575/575 528/528
f 528/528 575/575 576/576
f 576/576 575/575 577/577
f 576/576 577/577 550/550
f 550/550 577/577 551/551
f 550/550 538/538 576/576
f 576/576 538/538 528/528
f 567/567 565/565 578/578
f 578/578 565/565 579/579
f 578/578 579/579 580/580
f 580/580 579/579 581/581
f 565/565 563/563 579/579
f 579/579 563/563 582/582
f 579/579 582/582 581/581
f 582/582 563/563 583/583
f 583/583 563/563 562/562
f 584/584 585/585 586/586
f 586/586 585/585 587/587
f 586/586 587/587 588/588
f 588/588 587/587 589/589
f 589/589 587/587 590/590
f 590/590 587/587 585/585
f 590/590 585/585 591/591
f 591/591 592/592 590/590
f 590/590 592/592 593/593
f 590/590 593/593 589/589
f 591/591 594/594 592/592
f 592/592 594/594 595/595
f 592/592 595/595 596/596
f 596/596 597/597 592/592
f 592/592 597/597 593/593
f 575/575 598/598 577/577
f 577/577 598/598 599/599
f 598/598 600/600 599/599
f 599/599 600/600 601/601
f 600/600 602/602 601/601
f 601/601 602/602 603/603
f 604/604 605/605 606/606
f 606/606 605/605 607/607
f 605/605 608/608 607/607
f 607/607 608/608 609/609
f 607/607 609/609 610/610
f 610/610 609/609 611/611
f 610/610 611/611 612/612
f 612/612 611/611 613/613
f 612/612 613/613 614/614
f 614/614 613/613 615/615
f 614/614 615/615 616/616
f 616/616 615/615 617/617
f 616/616 617/617 618/618
f 618/618 617/617 619/619
f 618/618 619/619 620/620
f 619/619 617/617 621/621
f 621/621 617/617 615/615
f 621/621 615/615 622/622
f 622/622 615/615 613/613
f 622/622 613/613 623/623
f 623/623 613/613 624/624
f 613/613 611/611 624/624
f 624/624 611/611 609/609
f 624/624 609/609 608/608
f 625/625 626/626 520/520
f 520/520 626/626 521/521
f 350/350 352/352 627/627
f 627/627 352/352 367/367
f 627/627 367/367 369/369
f 558/558 552/552 628/628
f 628/628 552/552 629/629
f 552/552 551/551 629/629
f 629/629 551/551 630/630
f 631/631 632/632 633/633
f 633/633 632/632 634/634
f 633/633 634/634 635/635
f 635/635 634/634 636/636
f 632/632 637/637 634/634
f 634/634 637/637 638/638
f 634/634 638/638 636/636
f 636/636 638/638 639/639
f 637/637 640/640 638/638
f 638/638 640/640 641/641
f 638/638 641/641 639/639
f 639/639 641/641 642/642
f 640/640 643/643 641/641
f 641/641 643/643 644/644
f 641/641 644/644 645/645
f 368/368 384/384 370/370
f 370/370 384/384 646/646
f 646/646 384/384 647/647
f 647/647 384/384 383/383
f 647/647 383/383 648/648
f 648/648 383/383 649/649
f 648/648 649/649 650/650
f 650/650 649/649 651/651
f 650/650 651/651 652/652
f 652/652 651/651 653/653
f 653/653 651/651 654/654
f 654/654 651/651 649/649
f 654/654 649/649 655/655
f 655/655 649/649 656/656
f 655/655 656/656 657/657
f 657/657 656/656 387/387
f 657/657 387/387 389/389
f 653/653 654/654 658/658
f 658/658 654/654 655/655
f 658/658 655/655 657/657
f 653/653 658/658 659/659
f 659/659 658/658 660/660
f 660/660 658/658 661/661
f 661/661 658/658 657/657
f 661/661 657/657 662/662
f 662/662 657/657 389/389
f 662/662 389/389 391/391
f 391/391 663/663 662/662
f 662/662 663/663 664/664
f 662/662 664/664 661/661
f 661/661 664/664 665/665
f 661/661 665/665 660/660
f 665/665 664/664 666/666
f 666/666 664/664 663/663
f 666/666 663/663 393/393
f 393/393 663/663 391/391
f 607/607 610/610 667/667
f 667/667 610/610 668/668
f 667/667 668/668 669/669
f 669/669 668/668 670/670
f 669/669 670/670 671/671
f 671/671 670/670 672/672
f 668/668 673/673 670/670
f 670/670 673/673 674/674
f 670/670 674/674 675/675
f 675/675 674/674 676/676
f 675/675 676/676 677/677
f 677/677 676/676 678/678
f 677/677 678/678 679/679
f 679/679 678/678 680/680
f 679/679 680/680 681/681
f 681/681 680/680 682/682
f 681/681 682/682 683/683
f 683/683 682/682 684/684
f 681/681 685/685 679/679
f 679/679 685/685 686/686
f 679/679 686/686 677/677
f 677/677 686/686 687/687
f 677/677 687/687 675/675
f 675/675 687/687 672/672
f 675/675 672/672 670/670
f 685/685 681/681 688/688
f 688/688 681/681 689/689
f 387/387 656/656 382/382
f 382/382 656/656 383/383
f 652/652 690/690 650/650
f 650/650 690/690 691/691
f 692/692 693/693 694/694
f 694/694 693/693 695/695
f 694/694 695/695 696/696
f 696/696 695/695 697/697
f 696/696 697/697 698/698
f 698/698 697/697 699/699
f 698/698 699/699 700/700
f 700/700 699/699 701/701
f 693/693 702/702 695/695
f 695/695 702/702 697/697
f 702/702 703/703 697/697
f 697/697 703/703 699/699
f 703/703 704/704 699/699
f 699/699 704/704 705/705
f 699/699 705/705 701/701
f 706/706 707/707 708/708
f 708/708 707/707 709/709
f 708/708 709/709 710/710
f 710/710 709/709 711/711
f 712/712 713/713 714/714
f 714/714 713/713 715/715
f 714/714 715/715 716/716
f 716/716 715/715 353/353
f 716/716 353/353 351/351
f 714/714 716/716 717/717
f 717/717 716/716 351/351
f 717/717 351/351 718/718
f 718/718 351/351 349/349
f 719/719 720/720 721/721
f 721/721 720/720 722/722
f 720/720 723/723 722/722
f 722/722 723/723 724/724
f 722/722 724/724 725/725
f 725/725 724/724 726/726
f 725/725 726/726 727/727
f 725/725 727/727 728/728
f 728/728 727/727 729/729
f 728/728 729/729 730/730
f 731/731 732/732 733/733
f 733/733 732/732 734/734
f 733/733 734/734 735/735
f 735/735 734/734 736/736
f 735/735 736/736 737/737
f 737/737 736/736 738/738
f 737/737 738/738 739/739
f 739/739 738/738 740/740
f 732/732 741/741 734/734
f 734/734 741/741 742/742
f 734/734 742/742 736/736
f 736/736 742/742 743/743
f 736/736 743/743 738/738
f 738/738 743/743 744/744
f 738/738 744/744 745/745
f 746/746 747/747 748/748
f 748/748 747/747 749/749
f 748/748 749/749 750/750
f 750/750 749/749 751/751
f 750/750 751/751 752/752
f 752/752 751/751 753/753
f 747/747 754/754 749/749
f 749/749 754/754 755/755
f 749/749 755/755 751/751
f 751/751 755/755 756/756
f 751/751 756/756 757/757
f 499/499 758/758 501/501
f 501/501 758/758 759/759
f 501/501 759/759 503/503
f 435/435 433/433 760/760
f 760/760 433/433 761/761
f 760/760 761/761 762/762
f 762/762 761/761 355/355
f 762/762 355/355 353/353
f 761/761 433/433 355/355
f 355/355 433/433 357/357
f 760/760 762/762 763/763
f 763/763 762/762 713/713
f 713/713 762/762 715/715
f 715/715 762/762 353/353
f 764/764 765/765 766/766
f 766/766 765/765 767/767
f 766/766 767/767 768/768
f 766/766 768/768 769/769
f 769/769 768/768 770/770
f 769/769 770/770 771/771
f 771/771 770/770 772/772
f 771/771 772/772 773/773
f 773/773 772/772 774/774
f 773/773 774/774 775/775
f 775/775 774/774 776/776
f 775/775 776/776 777/777
f 777/777 776/776 778/778
f 774/774 779/779 776/776
f 776/776 779/779 780/780
f 776/776 780/780 781/781
f 781/781 780/780 782/782
f 781/781 782/782 783/783
f 783/783 782/782 784/784
f 783/783 784/784 785/785
f 785/785 784/784 786/786
f 785/785 786/786 787/787
f 787/787 786/786 788/788
f 776/776 781/781 778/778
f 778/778 781/781 789/789
f 789/789 781/781 790/790
f 790/790 781/781 783/783
f 790/790 783/783 785/785
f 790/790 785/785 791/791
f 791/791 785/785 792/792
f 793/793 794/794 795/795
f 795/795 794/794 796/796
f 795/795 796/796 797/797
f 797/797 796/796 798/798
f 794/794 799/799 796/796
f 796/796 799/799 800/800
f 796/796 800/800 801/801
f 801/801 800/800 802/802
f 801/801 802/802 803/803
f 803/803 802/802 804/804
f 799/799 805/805 800/800
f 800/800 805/805 802/802
f 805/805 806/806 802/802
f 802/802 806/806 807/807
f 802/802 807/807 804/804
f 804/804 807/807 808/808
f 808/808 807/807 809/809
f 809/809 807/807 810/810
f 809/809 810/810 811/811
f 811/811 810/810 812/812
f 811/811 812/812 813/813
f 813/813 812/812 814/814
f 813/813 814/814 815/815
f 815/815 814/814 816/816
f 815/815 816/816 817/817
f 817/817 816/816 818/818
f 817/817 818/818 819/819
f 810/810 807/807 820/820
f 820/820 807/807 806/806
f 488/488 472/472 821/821
f 821/821 472/472 470/470
f 821/821 470/470 468/468
f 821/821 468/468 822/822
f 822/822 468/468 461/461
f 822/822 461/461 462/462
f 823/823 824/824 825/825
f 825/825 824/824 826/826
f 825/825 826/826 827/827
f 827/827 826/826 828/828
f 824/824 829/829 826/826
f 826/826 829/829 830/830
f 826/826 830/830 828/828
f 828/828 830/830 831/831
f 829/829 832/832 830/830
f 830/830 832/832 833/833
f 830/830 833/833 834/834
f 475/475 484/484 476/476
f 476/476 484/484 835/835
f 476/476 835/835 836/836
f 476/476 836/836 477/477
f 477/477 836/836 478/478
f 478/478 836/836 837/837
f 837/837 836/836 838/838
f 837/837 838/838 839/839
f 839/839 838/838 840/840
f 839/839 840/840 841/841
f 841/841 840/840 842/842
f 841/841 842/842 843/843
f 843/843 842/842 844/844
f 464/464 479/479 463/463
f 463/463 479/479 452/452
f 845/845 684/684 846/846
f 846/846 684/684 847/847
f 846/846 847/847 848/848
f 848/848 847/847 680/680
f 848/848 680/680 849/849
f 849/849 680/680 678/678
f 849/849 678/678 850/850
f 850/850 678/678 851/851
f 850/850 851/851 852/852
f 852/852 851/851 853/853
f 852/852 853/853 854/854
f 854/854 855/855 852/852
f 852/852 855/855 856/856
f 852/852 856/856 850/850
f 850/850 856/856 857/857
f 850/850 857/857 849/849
f 849/849 857/857 858/858
f 849/849 858/858 859/859
f 859/859 858/858 860/860
f 859/859 860/860 848/848
f 848/848 860/860 861/861
f 848/848 861/861 846/846
f 855/855 862/862 856/856
f 856/856 862/862 863/863
f 856/856 863/863 857/857
f 857/857 863/863 858/858
f 862/862 855/855 864/864
f 864/864 855/855 865/865
f 864/864 865/865 866/866
f 866/866 865/865 867/867
f 866/866 867/867 868/868
f 868/868 867/867 869/869
f 868/868 869/869 870/870
f 870/870 869/869 871/871
f 870/870 871/871 872/872
f 872/872 871/871 873/873
f 872/872 873/873 858/858
f 858/858 873/873 874/874
f 858/858 874/874 860/860
f 866/866 868/868 864/864
f 864/864 868/868 875/875
f 864/864 875/875 863/863
f 863/863 875/875 872/872
f 863/863 872/872 858/858
f 872/872 875/875 870/870
f 870/870 875/875 868/868
f 867/867 865/865 876/876
f 876/876 865/865 855/855
f 876/876 855/855 854/854
f 680/680 847/847 682/682
f 682/682 847/847 684/684
f 678/678 676/676 851/851
f 851/851 676/676 877/877
f 851/851 877/877 853/853
f 877/877 676/676 878/878
f 878/878 676/676 674/674
f 878/878 674/674 879/879
f 879/879 674/674 673/673
f 879/879 673/673 880/880
f 880/880 673/673 881/881
f 880/880 881/881 882/882
f 882/882 881/881 883/883
f 673/673 668/668 881/881
f 881/881 668/668 884/884
f 881/881 884/884 883/883
f 883/883 884/884 885/885
f 885/885 884/884 886/886
f 886/886 884/884 887/887
f 886/886 887/887 888/888
f 888/888 887/887 889/889
f 888/888 889/889 890/890
f 890/890 889/889 891/891
f 890/890 891/891 892/892
f 892/892 891/891 620/620
f 885/885 886/886 893/893
f 893/893 886/886 888/888
f 893/893 888/888 894/894
f 894/894 888/888 890/890
f 894/894 890/890 892/892
f 620/620 891/891 618/618
f 618/618 891/891 616/616
f 891/891 889/889 616/616
f 616/616 889/889 614/614
f 889/889 887/887 614/614
f 614/614 887/887 895/895
f 614/614 895/895 612/612
f 612/612 895/895 610/610
f 887/887 884/884 895/895
f 895/895 884/884 668/668
f 895/895 668/668 610/610
f 896/896 897/897 898/898
f 898/898 897/897 899/899
f 898/898 899/899 900/900
f 900/900 899/899 901/901
f 900/900 901/901 902/902
f 902/902 901/901 903/903
f 902/902 903/903 904/904
f 904/904 903/903 905/905
f 904/904 905/905 906/906
f 906/906 905/905 907/907
f 906/906 907/907 908/908
f 908/908 907/907 909/909
f 908/908 909/909 910/910
f 910/910 909/909 911/911
f 910/910 912/912 908/908
f 908/908 912/912 913/913
f 908/908 913/913 906/906
f 906/906 913/913 914/914
f 906/906 914/914 904/904
f 904/904 914/914 915/915
f 904/904 915/915 902/902
f 902/902 915/915 916/916
f 902/902 916/916 900/900
f 900/900 916/916 917/917
f 900/900 917/917 898/898
f 898/898 917/917 918/918
f 898/898 918/918 919/919
f 919/919 918/918 920/920
f 912/912 921/921 913/913
f 913/913 921/921 922/922
f 913/913 922/922 914/914
f 914/914 922/922 923/923
f 914/914 923/923 915/915
f 915/915 923/923 924/924
f 915/915 924/924 916/916
f 916/916 924/924 917/917
f 923/923 922/922 925/925
f 925/925 922/922 921/921
f 925/925 921/921 926/926
f 926/926 921/921 912/912
f 926/926 912/912 927/927
f 927/927 912/912 910/910
f 927/927 910/910 928/928
f 928/928 910/910 929/929
f 923/923 925/925 924/924
f 924/924 925/925 930/930
f 924/924 930/930 931/931
f 924/924 931/931 917/917
f 917/917 931/931 932/932
f 917/917 932/932 933/933
f 917/917 933/933 918/918
f 918/918 933/933 934/934
f 918/918 934/934 935/935
f 935/935 934/934 936/936
f 935/935 936/936 937/937
f 937/937 936/936 938/938
f 937/937 938/938 939/939
f 939/939 938/938 940/940
f 939/939 940/940 941/941
f 941/941 940/940 942/942
f 936/936 943/943 938/938
f 938/938 943/943 944/944
f 938/938 944/944 940/940
f 940/940 944/944 945/945
f 940/940 945/945 942/942
f 942/942 945/945 946/946
f 944/944 947/947 945/945
f 945/945 947/947 948/948
f 945/945 948/948 946/946
f 946/946 948/948 949/949
f 944/944 943/943 947/947
f 947/947 943/943 950/950
f 947/947 950/950 951/951
f 951/951 950/950 952/952
f 951/951 952/952 953/953
f 953/953 952/952 954/954
f 953/953 954/954 955/955
f 947/947 951/951 948/948
f 948/948 951/951 956/956
f 948/948 956/956 949/949
f 949/949 956/956 957/957
f 951/951 953/953 956/956
f 956/956 953/953 958/958
f 956/956 958/958 957/957
f 957/957 958/958 959/959
f 953/953 960/960 958/958
f 958/958 960/960 961/961
f 958/958 961/961 959/959
f 898/898 919/919 896/896
f 896/896 919/919 962/962
f 919/919 920/920 962/962
f 962/962 920/920 963/963
f 920/920 939/939 963/963
f 963/963 939/939 941/941
f 939/939 920/920 937/937
f 937/937 920/920 935/935
f 897/897 964/964 899/899
f 899/899 964/964 965/965
f 899/899 965/965 966/966
f 899/899 966/966 901/901
f 901/901 966/966 903/903
f 903/903 966/966 905/905
f 905/905 966/966 907/907
f 966/966 967/967 907/907
f 907/907 967/967 968/968
f 907/907 968/968 909/909
f 909/909 968/968 969/969
f 909/909 969/969 911/911
f 925/925 926/926 970/970
f 970/970 926/926 971/971
f 970/970 971/971 972/972
f 972/972 971/971 973/973
f 926/926 927/927 971/971
f 971/971 927/927 928/928
f 971/971 928/928 973/973
f 974/974 975/975 976/976
f 976/976 975/975 977/977
f 976/976 977/977 978/978
f 978/978 977/977 979/979
f 978/978 979/979 980/980
f 980/980 979/979 981/981
f 980/980 981/981 982/982
f 982/982 981/981 983/983
f 982/982 983/983 984/984
f 984/984 983/983 985/985
f 984/984 985/985 986/986
f 986/986 985/985 987/987
f 986/986 987/987 988/988
f 988/988 987/987 989/989
f 976/976 978/978 990/990
f 990/990 978/978 980/980
f 990/990 980/980 991/991
f 991/991 980/980 992/992
f 991/991 992/992 993/993
f 993/993 992/992 988/988
f 993/993 988/988 994/994
f 994/994 988/988 989/989
f 994/994 989/989 995/995
f 995/995 989/989 996/996
f 995/995 996/996 997/997
f 997/997 996/996 998/998
f 997/997 998/998 999/999
f 990/990 991/991 1000/1000
f 1000/1000 991/991 993/993
f 1000/1000 993/993 994/994
f 990/990 1000/1000 976/976
f 976/976 1000/1000 1001/1001
f 1001/1001 1000/1000 1002/1002
f 1002/1002 1000/1000 994/994
f 1002/1002 994/994 1003/1003
f 1003/1003 994/994 1004/1004
f 994/994 995/995 1004/1004
f 1004/1004 995/995 1005/1005
f 1005/1005 995/995 1006/1006
f 1006/1006 995/995 997/997
f 1006/1006 997/997 1007/1007
f 1007/1007 997/997 1008/1008
f 1007/1007 1008/1008 1009/1009
f 1009/1009 1008/1008 1010/1010
f 1009/1009 1010/1010 1011/1011
f 1011/1011 1010/1010 1012/1012
f 1011/1011 1012/1012 1013/1013
f 1013/1013 1012/1012 1014/1014
f 1013/1013 1014/1014 1015/1015
f 1015/1015 1014/1014 1016/1016
f 1015/1015 1016/1016 1017/1017
f 1017/1017 1016/1016 1018/1018
f 997/997 999/999 1008/1008
f 1008/1008 999/999 1019/1019
f 1008/1008 1019/1019 1010/1010
f 1010/1010 1019/1019 1020/1020
f 1010/1010 1020/1020 1012/1012
f 1012/1012 1020/1020 1021/1021
f 1012/1012 1021/1021 1014/1014
f 1014/1014 1021/1021 1022/1022
f 1014/1014 1022/1022 1016/1016
f 1016/1016 1022/1022 1023/1023
f 1016/1016 1023/1023 1018/1018
f 1018/1018 1023/1023 1024/1024
f 1018/1018 1024/1024 1025/1025
f 1025/1025 1026/1026 1018/1018
f 1018/1018 1026/1026 1017/1017
f 1026/1026 1027/1027 1017/1017
f 1017/1017 1027/1027 1028/1028
f 1017/1017 1028/1028 1029/1029
f 1017/1017 1029/1029 1015/1015
f 1015/1015 1029/1029 1030/1030
f 1015/1015 1030/1030 1013/1013
f 1013/1013 1030/1030 1031/1031
f 1013/1013 1031/1031 1011/1011
f 1011/1011 1031/1031 1009/1009
f 1031/1031 1032/1032 1009/1009
f 1009/1009 1032/1032 1007/1007
f 1007/1007 1032/1032 1006/1006
f 1006/1006 1032/1032 1005/1005
f 988/988 992/992 986/986
f 986/986 992/992 984/984
f 984/984 992/992 982/982
f 982/982 992/992 980/980
f 998/998 996/996 1033/1033
f 1033/1033 996/996 989/989
f 1033/1033 989/989 1034/1034
f 1034/1034 989/989 987/987
f 1034/1034 987/987 1035/1035
f 1035/1035 987/987 1036/1036
f 1036/1036 987/987 1037/1037
f 1037/1037 987/987 985/985
f 1038/1038 1039/1039 1040/1040
f 1040/1040 1039/1039 1041/1041
f 1040/1040 1041/1041 1042/1042
f 1042/1042 1041/1041 1043/1043
f 1042/1042 1043/1043 1044/1044
f 1044/1044 1043/1043 1045/1045
f 1044/1044 1045/1045 1046/1046
f 1046/1046 1045/1045 1047/1047
f 1046/1046 1047/1047 1048/1048
f 1039/1039 1049/1049 1041/1041
f 1041/1041 1049/1049 1050/1050
f 1041/1041 1050/1050 1043/1043
f 1043/1043 1050/1050 1051/1051
f 1043/1043 1051/1051 1047/1047
f 1038/1038 1040/1040 1052/1052
f 1052/1052 1040/1040 1053/1053
f 1040/1040 1042/1042 1053/1053
f 1053/1053 1042/1042 1054/1054
f 1042/1042 1044/1044 1054/1054
f 1054/1054 1044/1044 1055/1055
f 1055/1055 1044/1044 1056/1056
f 1056/1056 1044/1044 1046/1046
f 1056/1056 1046/1046 1057/1057
f 1057/1057 1046/1046 1048/1048
f 1057/1057 1048/1048 1058/1058
f 1057/1057 1059/1059 1056/1056
f 1056/1056 1059/1059 1060/1060
f 1056/1056 1060/1060 1055/1055
f 1060/1060 1059/1059 1061/1061
f 1061/1061 1059/1059 1062/1062
f 1061/1061 1062/1062 1063/1063
f 1063/1063 1062/1062 1064/1064
f 1063/1063 1064/1064 1065/1065
f 1065/1065 1064/1064 1066/1066
f 1059/1059 1067/1067 1062/1062
f 1062/1062 1067/1067 1068/1068
f 1062/1062 1068/1068 1064/1064
f 1064/1064 1068/1068 1069/1069
f 1064/1064 1069/1069 1070/1070
f 1070/1070 1069/1069 1071/1071
f 1070/1070 1071/1071 1072/1072
f 1072/1072 1071/1071 1073/1073
f 1072/1072 1073/1073 1074/1074
f 1074/1074 1073/1073 1075/1075
f 1074/1074 1075/1075 1076/1076
f 1076/1076 1075/1075 1077/1077
f 1076/1076 1077/1077 1078/1078
f 1078/1078 1077/1077 1079/1079
f 1079/1079 1077/1077 1080/1080
f 1080/1080 1077/1077 1075/1075
f 1080/1080 1075/1075 1081/1081
f 1081/1081 1075/1075 1073/1073
f 1081/1081 1073/1073 1082/1082
f 1082/1082 1073/1073 1071/1071
f 1082/1082 1071/1071 1069/1069
f 1079/1079 1080/1080 1083/1083
f 1083/1083 1080/1080 1081/1081
f 1083/1083 1081/1081 1084/1084
f 1084/1084 1081/1081 1068/1068
f 1084/1084 1068/1068 1067/1067
f 1081/1081 1082/1082 1068/1068
f 1068/1068 1082/1082 1069/1069
f 1066/1066 1064/1064 1085/1085
f 1085/1085 1064/1064 1070/1070
f 1059/1059 1057/1057 1067/1067
f 1067/1067 1057/1057 1086/1086
f 1067/1067 1086/1086 1083/1083
f 1083/1083 1086/1086 1087/1087
f 1083/1083 1087/1087 1088/1088
f 1070/1070 1072/1072 1089/1089
f 1089/1089 1072/1072 1090/1090
f 1089/1089 1090/1090 1091/1091
f 1091/1091 1090/1090 1092/1092
f 1072/1072 1074/1074 1090/1090
f 1090/1090 1074/1074 1093/1093
f 1090/1090 1093/1093 1092/1092
f 1092/1092 1093/1093 1094/1094
f 1074/1074 1095/1095 1093/1093
f 1093/1093 1095/1095 1096/1096
f 1093/1093 1096/1096 1094/1094
f 1074/1074 1076/1076 1095/1095
f 1095/1095 1076/1076 1078/1078
f 1095/1095 1078/1078 1097/1097
f 1097/1097 1078/1078 1098/1098
f 1097/1097 1098/1098 1099/1099
f 1099/1099 1100/1100 1097/1097
f 1097/1097 1100/1100 1096/1096
f 1097/1097 1096/1096 1095/1095
f 1101/1101 1102/1102 1103/1103
f 1103/1103 1102/1102 1104/1104
f 1103/1103 1104/1104 1105/1105
f 1105/1105 1104/1104 1106/1106
f 1105/1105 1106/1106 1107/1107
f 1107/1107 1106/1106 1108/1108
f 1107/1107 1108/1108 1109/1109
f 1109/1109 1108/1108 1110/1110
f 1109/1109 1110/1110 1111/1111
f 1111/1111 1110/1110 1112/1112
f 1111/1111 1112/1112 1113/1113
f 1102/1102 1114/1114 1104/1104
f 1104/1104 1114/1114 1115/1115
f 1104/1104 1115/1115 1106/1106
f 1106/1106 1115/1115 1108/1108
f 1114/1114 1116/1116 1115/1115
f 1115/1115 1116/1116 1110/1110
f 1115/1115 1110/1110 1108/1108
f 1116/1116 1114/1114 1117/1117
f 1117/1117 1114/1114 1118/1118
f 1113/1113 1119/1119 1111/1111
f 1111/1111 1119/1119 1120/1120
f 1111/1111 1120/1120 1121/1121
f 1121/1121 1120/1120 1122/1122
f 1121/1121 1122/1122 1123/1123
f 1123/1123 1122/1122 1124/1124
f 1123/1123 1124/1124 1107/1107
f 1107/1107 1124/1124 1125/1125
f 1107/1107 1125/1125 1105/1105
f 1105/1105 1125/1125 1126/1126
f 1105/1105 1126/1126 1127/1127
f 1127/1127 1126/1126 1128/1128
f 1127/1127 1128/1128 1129/1129
f 1120/1120 1130/1130 1122/1122
f 1122/1122 1130/1130 1131/1131
f 1122/1122 1131/1131 1132/1132
f 1132/1132 1131/1131 1133/1133
f 1132/1132 1133/1133 1134/1134
f 1134/1134 1133/1133 1126/1126
f 1134/1134 1126/1126 1125/1125
f 1122/1122 1132/1132 1124/1124
f 1124/1124 1132/1132 1134/1134
f 1124/1124 1134/1134 1125/1125
f 1107/1107 1109/1109 1123/1123
f 1123/1123 1109/1109 1111/1111
f 1123/1123 1111/1111 1121/1121
f 1105/1105 1127/1127 1103/1103
f 1103/1103 1127/1127 1135/1135
f 1103/1103 1135/1135 1101/1101
f 1133/1133 1131/1131 1136/1136
f 1136/1136 1131/1131 1137/1137
f 1137/1137 1131/1131 1138/1138
f 1138/1138 1131/1131 1130/1130
f 1138/1138 1130/1130 1139/1139
f 1139/1139 1130/1130 1140/1140
f 1139/1139 1140/1140 1141/1141
f 1141/1141 1140/1140 1142/1142
f 1130/1130 1120/1120 1140/1140
f 1140/1140 1120/1120 1143/1143
f 1140/1140 1143/1143 1144/1144
f 1144/1144 1143/1143 1145/1145
f 1144/1144 1145/1145 1146/1146
f 1146/1146 1145/1145 1147/1147
f 1146/1146 1147/1147 1148/1148
f 1145/1145 1143/1143 1147/1147
f 1147/1147 1143/1143 1149/1149
f 1149/1149 1143/1143 1150/1150
f 1150/1150 1143/1143 1119/1119
f 1140/1140 1144/1144 1142/1142
f 1142/1142 1144/1144 1151/1151
f 1151/1151 1144/1144 1152/1152
f 1152/1152 1144/1144 1146/1146
f 1152/1152 1146/1146 1153/1153
f 1153/1153 1146/1146 1154/1154
f 1153/1153 1154/1154 1155/1155
f 1155/1155 1156/1156 1153/1153
f 1153/1153 1156/1156 1157/1157
f 1153/1153 1157/1157 1152/1152
f 1152/1152 1157/1157 1158/1158
f 1152/1152 1158/1158 1151/1151
f 1156/1156 1159/1159 1157/1157
f 1157/1157 1159/1159 1160/1160
f 1157/1157 1160/1160 1158/1158
f 974/974 1161/1161 1162/1162
f 1162/1162 1161/1161 1163/1163
f 1162/1162 1163/1163 1164/1164
f 1164/1164 1165/1165 1162/1162
f 1162/1162 1165/1165 975/975
f 1162/1162 975/975 974/974
f 1164/1164 1166/1166 1165/1165
f 1165/1165 1166/1166 1167/1167
f 1165/1165 1167/1167 975/975
f 975/975 1167/1167 977/977
f 1166/1166 1168/1168 1167/1167
f 1167/1167 1168/1168 979/979
f 1167/1167 979/979 977/977
f 979/979 1168/1168 981/981
f 981/981 1168/1168 1169/1169
f 981/981 1169/1169 983/983
f 983/983 1169/1169 985/985
f 1169/1169 1168/1168 1170/1170
f 1170/1170 1168/1168 1166/1166
f 1170/1170 1166/1166 1171/1171
f 1171/1171 1166/1166 1172/1172
f 1171/1171 1173/1173 1170/1170
f 1170/1170 1173/1173 1174/1174
f 1170/1170 1174/1174 1169/1169
f 1169/1169 1174/1174 1175/1175
f 1169/1169 1175/1175 985/985
f 345/345 1176/1176 346/346
f 757/757 753/753 751/751
f 588/588 1177/1177 586/586
f 745/745 740/740 738/738
f 347/347 344/344 343/343
f 505/505 1178/1178 506/506
f 834/834 831/831 830/830
f 645/645 642/642 641/641
f 696/696 1179/1179 694/694
f 359/359 357/357 433/433
f 354/354 367/367 352/352
f 690/690 1180/1180 691/691
f 649/649 383/383 656/656
f 429/429 363/363 361/361
f 849/849 859/859 848/848
f 683/683 689/689 681/681
f 863/863 862/862 864/864
f 1181/1181 685/685 688/688
f 801/801 798/798 796/796
f 1182/1182 1183/1183 1184/1184
f 1083/1083 1084/1084 1067/1067
f 1078/1078 1079/1079 1098/1098
f 528/528 538/538 529/529
f 526/526 525/525 530/530
f 1164/1164 1172/1172 1166/1166
f 567/567 1185/1185 568/568
f 551/551 577/577 630/630
f 1057/1057 1058/1058 1086/1086
f 1047/1047 1045/1045 1043/1043
f 1088/1088 1079/1079 1083/1083
f 1186/1186 817/817 819/819
f 785/785 787/787 792/792
f 1187/1187 1188/1188 1189/1189
f 1102/1102 1118/1118 1114/1114
f 911/911 929/929 910/910
f 487/487 489/489 491/491
f 440/440 454/454 445/445
f 479/479 451/451 452/452
f 1129/1129 1135/1135 1127/1127
f 1126/1126 1133/1133 1128/1128
f 918/918 935/935 920/920
f 1146/1146 1148/1148 1154/1154
f 407/407 412/412 405/405
f 485/485 490/490 481/481
f 844/844 842/842 1190/1190
f 1143/1143 1120/1120 1119/1119
f 955/955 960/960 953/953

