# Objaverse 91b5815c64eb43b0a88f6fdb9df774e4; source material Material_48
v -1.066187581 0.663079933 0.351651594
v -1.096849171 0.663079926 0.404759024
v -1.096848846 -0.669014773 0.404758993
v -1.066187257 -0.669014766 0.351651564
v -1.158172345 0.663079916 0.404759019
v -1.158172020 -0.669014783 0.404758988
v -1.158172345 0.663079916 0.404759019
v -1.188833929 0.663079913 0.351651588
v -1.188833604 -0.669014786 0.351651559
v -1.158172020 -0.669014783 0.404758988
v -1.158172337 0.663079920 0.298544167
v -1.158172012 -0.669014779 0.298544136
v -1.096849174 0.663079930 0.298544167
v -1.096848849 -0.669014769 0.298544136
v -0.636793571 0.571086779 0.332035097
v -0.636793556 0.479673538 0.332035093
v -0.636793556 0.479673540 0.291152965
v -0.636793571 0.571086781 0.291152958
v -0.636793571 0.571086781 0.291152958
v -0.636793556 0.479673540 0.291152965
v -1.128839030 0.439965598 0.238069765
v -1.128839085 0.610794395 0.238069772
v -0.636793571 0.571086779 0.332035097
v -0.636793571 0.571086781 0.291152958
v -1.128839085 0.610794395 0.238069772
v -1.128839085 0.610794393 0.278951901
v -0.636793556 0.479673538 0.332035093
v -0.636793571 0.571086779 0.332035097
v -1.128839085 0.610794393 0.278951901
v -1.128839030 0.439965597 0.278951904
v -0.636793556 0.479673540 0.291152965
v -0.636793556 0.479673538 0.332035093
v -1.128839030 0.439965597 0.278951904
v -1.128839030 0.439965598 0.238069765
v -1.620884544 0.479673207 0.291152965
v -1.620884544 0.479673205 0.332035093
v -1.620884559 0.571086447 0.332035097
v -1.620884559 0.571086449 0.291152958
v -1.620884544 0.479673207 0.291152965
v -1.620884559 0.571086449 0.291152958
v -1.620884559 0.571086449 0.291152958
v -1.620884559 0.571086447 0.332035097
v -1.620884559 0.571086447 0.332035097
v -1.620884544 0.479673205 0.332035093
v -1.620884544 0.479673205 0.332035093
v -1.620884544 0.479673207 0.291152965
v -1.600627113 0.492329425 0.322243574
v -1.600627113 0.492329417 0.505035599
v -1.600627123 0.553652574 0.505035602
v -1.600627123 0.553652582 0.322243577
v -1.600627123 0.553652582 0.322243577
v -1.600627123 0.553652574 0.505035602
v -1.568505354 0.553652623 0.505035624
v -1.568505354 0.553652588 0.322243582
v -1.568505354 0.553652588 0.322243582
v -1.568505354 0.553652623 0.505035624
v -1.568505344 0.492329465 0.505035621
v -1.568505344 0.492329430 0.322243580
v -1.568505344 0.492329430 0.322243580
v -1.568505344 0.492329465 0.505035621
v -1.600627113 0.492329417 0.505035599
v -1.600627113 0.492329425 0.322243574
v -0.636793227 -0.484120292 0.332035094
v -0.636793212 -0.575533533 0.332035090
v -0.636793212 -0.575533531 0.291152961
v -0.636793227 -0.484120290 0.291152955
v -0.636793227 -0.484120290 0.291152955
v -0.636793212 -0.575533531 0.291152961
v -1.128838686 -0.615241516 0.238069762
v -1.128838741 -0.444412633 0.238069769
v -0.636793227 -0.484120292 0.332035094
v -0.636793227 -0.484120290 0.291152955
v -1.128838741 -0.444412633 0.238069769
v -1.128838741 -0.444412635 0.278951897
v -0.636793212 -0.575533533 0.332035090
v -0.636793227 -0.484120292 0.332035094
v -1.128838741 -0.444412635 0.278951897
v -1.128838686 -0.615241518 0.278951901
v -0.636793212 -0.575533531 0.291152961
v -0.636793212 -0.575533533 0.332035090
v -1.128838686 -0.615241518 0.278951901
v -1.128838686 -0.615241516 0.238069762
v -1.620884200 -0.575533864 0.291152961
v -1.620884200 -0.575533866 0.332035090
v -1.620884215 -0.484120624 0.332035094
v -1.620884215 -0.484120622 0.291152955
v -1.620884200 -0.575533864 0.291152961
v -1.620884215 -0.484120622 0.291152955
v -1.620884215 -0.484120622 0.291152955
v -1.620884215 -0.484120624 0.332035094
v -1.620884215 -0.484120624 0.332035094
v -1.620884200 -0.575533866 0.332035090
v -1.620884200 -0.575533866 0.332035090
v -1.620884200 -0.575533864 0.291152961
v -1.600626769 -0.562877689 0.322243571
v -1.600626769 -0.562877697 0.505035596
v -1.600626779 -0.501554454 0.505035599
v -1.600626779 -0.501554446 0.322243574
v -1.600626779 -0.501554446 0.322243574
v -1.600626779 -0.501554454 0.505035599
v -1.568505010 -0.501554405 0.505035621
v -1.568505010 -0.501554440 0.322243579
v -1.568505010 -0.501554440 0.322243579
v -1.568505010 -0.501554405 0.505035621
v -1.568505000 -0.562877649 0.505035618
v -1.568505000 -0.562877684 0.322243577
v -1.568505000 -0.562877684 0.322243577
v -1.568505000 -0.562877649 0.505035618
v -1.600626769 -0.562877697 0.505035596
v -1.600626769 -0.562877689 0.322243571
v 2.127051150 -0.484119410 0.332035094
v 2.127051165 -0.575532652 0.332035090
v 2.127051165 -0.575532650 0.291152961
v 2.127051150 -0.484119409 0.291152955
v 2.127051150 -0.484119409 0.291152955
v 2.127051165 -0.575532650 0.291152961
v 1.635005806 -0.615240635 0.238069762
v 1.635005778 -0.444411752 0.238069769
v 2.127051150 -0.484119410 0.332035094
v 2.127051150 -0.484119409 0.291152955
v 1.635005778 -0.444411752 0.238069769
v 1.635005778 -0.444411754 0.278951897
v 2.127051165 -0.575532652 0.332035090
v 2.127051150 -0.484119410 0.332035094
v 1.635005778 -0.444411754 0.278951897
v 1.635005806 -0.615240636 0.278951901
v 2.127051165 -0.575532650 0.291152961
v 2.127051165 -0.575532652 0.332035090
v 1.635005806 -0.615240636 0.278951901
v 1.635005806 -0.615240635 0.238069762
v 1.142960264 -0.582840741 0.291153123
v 1.142960264 -0.582840743 0.332035251
v 1.142960246 -0.476811985 0.332035256
v 1.142960246 -0.476811983 0.291153117
v 1.142960264 -0.582840741 0.291153123
v 1.142960246 -0.476811983 0.291153117
v 1.142960246 -0.476811983 0.291153117
v 1.142960246 -0.476811985 0.332035256
v 1.142960246 -0.476811985 0.332035256
v 1.142960264 -0.582840743 0.332035251
v 1.142960264 -0.582840743 0.332035251
v 1.142960264 -0.582840741 0.291153123
v 2.106793762 -0.501553246 0.505035599
v 2.106793772 -0.562876447 0.505035596
v 2.106793772 -0.562876482 0.322243571
v 2.106793762 -0.501553281 0.322243574
v 2.074672166 -0.501553295 0.505035621
v 2.106793762 -0.501553246 0.505035599
v 2.106793762 -0.501553281 0.322243574
v 2.074672166 -0.501553287 0.322243579
v 2.074672176 -0.562876495 0.505035618
v 2.074672166 -0.501553295 0.505035621
v 2.074672166 -0.501553287 0.322243579
v 2.074672176 -0.562876487 0.322243577
v 2.106793772 -0.562876447 0.505035596
v 2.074672176 -0.562876495 0.505035618
v 2.074672176 -0.562876487 0.322243577
v 2.106793772 -0.562876482 0.322243571
v 1.685817111 0.663080726 0.351651464
v 1.655155618 0.663080719 0.404758895
v 1.655156007 -0.669013980 0.404758864
v 1.685817500 -0.669013973 0.351651435
v 1.593832460 0.663080709 0.404758890
v 1.593832677 -0.669013990 0.404758858
v 1.593832460 0.663080709 0.404758890
v 1.563170795 0.663080706 0.351651459
v 1.563171185 -0.669013993 0.351651430
v 1.593832677 -0.669013990 0.404758858
v 1.593832460 0.663080713 0.298544038
v 1.593832677 -0.669013986 0.298544006
v 1.655155618 0.663080723 0.298544038
v 1.655156007 -0.669013976 0.298544006
v 2.127050978 0.571087661 0.332035097
v 2.127050993 0.479674419 0.332035093
v 2.127050993 0.479674421 0.291152965
v 2.127050978 0.571087662 0.291152958
v 2.127050978 0.571087662 0.291152958
v 2.127050993 0.479674421 0.291152965
v 1.635005634 0.439966479 0.238069765
v 1.635005607 0.610795276 0.238069772
v 2.127050978 0.571087661 0.332035097
v 2.127050978 0.571087662 0.291152958
v 1.635005607 0.610795276 0.238069772
v 1.635005607 0.610795274 0.278951901
v 2.127050993 0.479674419 0.332035093
v 2.127050978 0.571087661 0.332035097
v 1.635005607 0.610795274 0.278951901
v 1.635005634 0.439966478 0.278951904
v 2.127050993 0.479674421 0.291152965
v 2.127050993 0.479674419 0.332035093
v 1.635005634 0.439966478 0.278951904
v 1.635005634 0.439966479 0.238069765
v 1.142960092 0.472366330 0.291153126
v 1.142960092 0.472366328 0.332035254
v 1.142960074 0.578395086 0.332035259
v 1.142960074 0.578395088 0.291153120
v 1.142960092 0.472366330 0.291153126
v 1.142960074 0.578395088 0.291153120
v 1.142960074 0.578395088 0.291153120
v 1.142960074 0.578395086 0.332035259
v 1.142960074 0.578395086 0.332035259
v 1.142960092 0.472366328 0.332035254
v 1.142960092 0.472366328 0.332035254
v 1.142960092 0.472366330 0.291153126
v 2.106793590 0.553653825 0.505035602
v 2.106793600 0.492330624 0.505035599
v 2.106793600 0.492330589 0.322243574
v 2.106793590 0.553653790 0.322243577
v 2.074671994 0.553653776 0.505035624
v 2.106793590 0.553653825 0.505035602
v 2.106793590 0.553653790 0.322243577
v 2.074671994 0.553653784 0.322243582
v 2.074672004 0.492330576 0.505035621
v 2.074671994 0.553653776 0.505035624
v 2.074671994 0.553653784 0.322243582
v 2.074672004 0.492330584 0.322243580
v 2.106793600 0.492330624 0.505035599
v 2.074672004 0.492330576 0.505035621
v 2.074672004 0.492330584 0.322243580
v 2.106793600 0.492330589 0.322243574
v -2.180331247 0.836668424 0.528995141
v -2.138246062 0.841453753 0.519808050
v -2.134881018 0.748990421 0.403222274
v -2.187366870 0.816940389 0.528917498
v -2.180331247 0.836668424 0.528995141
v -2.134881018 0.748990421 0.403222274
v -2.194609467 0.728827374 0.532560731
v -2.190654329 0.726435490 0.528881259
v -2.134881018 0.748990421 0.403222231
v -2.198049735 0.260875899 0.528799720
v -2.181731756 -0.000000981 0.496359446
v -2.134881018 0.748990421 0.403222231
v -1.864703076 -0.000000878 0.382616973
v -2.134881018 0.748990421 0.403222274
v -2.138246062 0.841453753 0.519808050
v -2.180331247 0.836668424 0.528995141
v -2.134881018 0.748990421 0.403222274
v -2.180331247 0.836668424 0.528995141
v -2.187366870 0.816940389 0.528917498
v -2.194609467 0.728827374 0.532560731
v -2.134881018 0.748990421 0.403222274
v -2.194609640 0.728827374 0.532560688
v -2.190654329 0.726435490 0.528881259
v -2.198049735 0.260875899 0.528799720
v -1.864703076 -0.000000878 0.382616973
v -2.134881018 0.748990421 0.403222274
v -2.181731756 -0.000000981 0.496359446
v 0.618992130 0.830355009 1.105595205
v 0.526617291 0.831361831 1.106767838
v 0.527265821 0.852975749 1.061324216
v 0.619776295 0.849812205 1.060205699
v 1.126899748 0.856954427 0.959421907
v 1.114289978 0.865240412 0.942536698
v 0.799890586 0.875370866 0.945767472
v 0.798077004 0.868111191 0.961642827
v -2.229274235 -0.000000996 0.388894627
v -2.266341261 -0.000001008 0.383268263
v -2.266341309 0.294117516 0.383268276
v 0.355948711 0.695741061 1.556650974
v 0.361115948 0.702949463 1.563476856
v 0.669892751 0.794052337 1.162008779
v 0.655043709 0.786383428 1.168530818
v -0.118417728 0.794179830 1.157552808
v -0.125012929 0.808748295 1.151492137
v -0.181112560 0.692817360 1.610707046
v -0.181112560 0.692817360 1.610707046
v -0.172540136 0.688269574 1.602769369
v -0.118417728 0.794179830 1.157552808
v -0.160985149 0.888253644 0.951305078
v -0.161478398 0.880283909 0.967188275
v 0.541936485 0.861541190 1.159610089
v 0.555685285 0.834086258 1.159642316
v 0.556235926 0.836026254 1.205207141
v 0.542343047 0.860434735 1.206006304
v 0.588381823 0.836670054 1.160016649
v 0.550366384 0.836670824 1.159606814
v 0.552772832 0.836670826 1.117182971
v 0.592589445 0.836669454 1.117622105
v 0.592589445 0.836669454 1.117622105
v 0.618992130 0.830355009 1.105595205
v 0.619776295 0.849812205 1.060205699
v 0.593439789 0.861550767 1.066285933
v 0.550366384 0.836670824 1.159606814
v 0.588381823 0.836670054 1.160016649
v 0.588383713 0.872138929 1.160016651
v 0.550366895 0.872139698 1.159606815
v 0.553486335 0.861552140 1.065845162
v 0.527265821 0.852975749 1.061324216
v 0.526617291 0.831361831 1.106767838
v 0.552772832 0.836670826 1.117182971
v 0.593439789 0.861550767 1.066285933
v 0.619776295 0.849812205 1.060205699
v 0.527265821 0.852975749 1.061324216
v 0.553486335 0.861552140 1.065845162
v 0.526617291 0.831361831 1.106767838
v 0.618992130 0.830355009 1.105595205
v -0.227168758 0.809350537 1.153735719
v -0.235207944 0.794230221 1.160071453
v -0.270884562 0.687751964 1.604907821
v -0.270884562 0.687751964 1.604907821
v -0.263739499 0.693914535 1.612486160
v -0.227168758 0.809350537 1.153735719
v -0.926291116 0.687822604 1.606478915
v -0.932809106 0.694701223 1.614909326
v -0.263739499 0.693914535 1.612486160
v -0.270884562 0.687751964 1.604907821
v -0.995966028 0.802740132 1.156829133
v -0.932809106 0.694701223 1.614909326
v -0.926291116 0.687822604 1.606478915
v -0.987528894 0.793825520 1.163877340
v -0.235207944 0.794230221 1.160071453
v -0.227168758 0.809350537 1.153735719
v -0.995966028 0.802740132 1.156829133
v -0.235207944 0.794230221 1.160071453
v -0.987584490 0.884150845 0.953354256
v -0.992489676 0.875783597 0.969248741
v -2.222213152 0.302095797 0.654553368
v -2.230421409 0.294959943 0.858277976
v -2.254382488 0.306401211 0.867165790
v -2.254382488 0.306401211 0.867165790
v -2.228610932 0.313342169 0.646109988
v -2.222213152 0.302095797 0.654553368
v -2.198050037 -0.000000986 0.528799622
v -2.227458067 -0.000000996 0.552949847
v -2.224574273 0.300424747 0.554758445
v -2.207689737 0.731041827 0.553736762
v 2.057195168 0.825482131 0.678643080
v 2.081242764 0.808539711 0.582393114
v 2.001243128 0.843778572 0.735288029
v 2.014397851 0.840834927 0.750835240
v 1.927366556 0.856431412 0.802594563
v 2.014602597 0.836659266 0.942309978
v 1.999991218 0.834180258 0.955511923
v 2.147303504 0.808943337 0.953594243
v 2.149575351 0.809245717 0.942184596
v 2.170699984 0.789453229 0.940705188
v 2.149575351 0.809245717 0.942184596
v 2.147303504 0.808943337 0.953594243
v 1.827571764 0.851502246 0.959581067
v 1.793440971 0.866416176 0.837909534
v 1.416451860 0.882140152 0.836148603
v 1.997894129 0.827719314 0.967550024
v 2.169792072 0.789003754 0.953029899
v 1.230889751 0.880362381 0.963771715
v 2.179934214 0.764695834 0.953536936
v 2.180065885 0.766866344 0.940772919
v 2.187838639 0.706572774 0.953641805
v 2.188869949 0.706035361 0.941087445
v 2.176641742 0.763628934 0.963435034
v 2.184005694 0.705540299 0.963323094
v 2.163024111 0.704555130 0.977723438
v 2.184005694 0.705540299 0.963323094
v 2.176641742 0.763628934 0.963435034
v 2.155509532 0.750462315 0.977608141
v 2.146651014 0.770363640 0.978153699
v 2.164710318 0.785472152 0.963310172
v 2.164710318 0.785472152 0.963310172
v 2.141526857 0.802110387 0.964776222
v 2.164710318 0.785472152 0.963310172
v 2.169792072 0.789003754 0.953029899
v 2.141526857 0.802110387 0.964776222
v 2.128572747 0.781272882 0.979758487
v 1.997894129 0.827719314 0.967550024
v 2.070675282 0.792128086 0.982938418
v 2.128572747 0.781272882 0.979758487
v 2.070675282 0.792128086 0.982938418
v 1.997894129 0.827719314 0.967550024
v 1.829541664 0.844582435 0.973113741
v 1.829541664 0.844582435 0.973113741
v 1.829503409 0.814440130 0.990454887
v 1.224554362 0.874661477 0.978460908
v 1.224554362 0.874661477 0.978460908
v 1.219265108 0.852509672 0.996859302
v 1.829503409 0.814440130 0.990454887
v 1.147130597 0.859904712 0.973890672
v 1.138381000 0.883412954 0.922954641
v 1.114289978 0.865240412 0.942536698
v 1.126899748 0.856954427 0.959421907
v 1.147130597 0.859904712 0.973890672
v 1.149991514 0.886555920 0.916478188
v 1.277956902 0.885842526 0.782073314
v 1.029203419 0.884316286 0.799365170
v 0.992403356 0.871994241 0.801725085
v 1.041442991 0.886970310 0.796109321
v 1.193866155 0.877830127 0.688855235
v 0.873302343 0.869567272 0.604177050
v 0.856279864 0.859678132 0.628219560
v 0.881863392 0.870747921 0.590291328
v 1.051527578 0.814645894 0.414467895
v 0.778075209 0.819066835 0.413398238
v 0.790263586 0.874054339 0.588756125
v 0.791502572 0.871310612 0.602250797
v 0.792737079 0.860328292 0.628947414
v 0.757269081 0.767311010 1.168661282
v 0.709988218 0.791966973 1.163070250
v 0.377122459 0.693126767 1.585416675
v 0.402573461 0.661691235 1.608973086
v 0.336992869 0.686449783 1.611372814
v 0.347526406 0.659486247 1.642092213
v 0.347526406 0.659486247 1.642092213
v 0.336992869 0.686449783 1.611372814
v 0.290820703 0.682707311 1.623309404
v 0.377473363 0.632132614 1.637434597
v 0.402573461 0.661691235 1.608973086
v 0.300914244 0.658080122 1.655073040
v 0.240971908 0.682392213 1.629572409
v 0.352329483 0.638118009 1.652577316
v 0.250503605 0.657742146 1.662238269
v -0.210521278 0.683926567 1.641055561
v 0.306509158 0.639164780 1.666513105
v 0.363532068 0.573091899 1.663656145
v 0.395431687 0.561848053 1.646327234
v 0.429526151 0.328001310 1.659208952
v -0.210521278 0.683926567 1.641055561
v -0.223757602 0.660817343 1.675445901
v 0.250503605 0.657742146 1.662238269
v -0.236648038 0.684501504 1.640302242
v -0.946594607 0.679352894 1.644002827
v 0.393425462 0.323260576 1.679807585
v 0.447823002 -0.000000124 1.664887350
v -0.951126406 0.656268618 1.680217608
v -1.893625720 0.665871812 1.637739132
v 0.250488700 0.639479644 1.673348294
v -0.223757602 0.660817343 1.675445901
v -0.223312260 0.643143743 1.687503822
v -0.951126406 0.656268618 1.680217608
v -1.893625720 0.665871812 1.637739132
v -1.905277766 0.644530629 1.666654772
v -1.905277766 0.644530629 1.666654772
v -1.991508865 0.658929408 1.635076924
v 0.314171870 0.576384664 1.676153028
v 0.259486481 0.574308634 1.685336930
v 0.347112490 0.316322015 1.693536043
v 0.410201026 -0.000000136 1.685778279
v 0.285894894 0.313601674 1.701970935
v 0.358588972 -0.000000153 1.698961094
v 0.298688434 -0.000000173 1.708070198
v -2.025029448 -0.000000930 1.660140806
v -1.994676797 -0.000000920 1.702177907
v -1.999550926 0.306041102 1.693732688
v -2.023970095 0.307103238 1.654717822
v -2.018422874 0.526884057 1.645233878
v -1.995175304 0.534015337 1.675664084
v -1.994676797 -0.000000920 1.702177907
v -1.971135551 -0.000000912 1.714466598
v -1.972327364 0.305894527 1.706830537
v -1.999550926 0.306041102 1.693732688
v -1.904767693 -0.000000891 1.722629013
v -1.974665602 0.540115263 1.688787785
v -1.995175304 0.534015337 1.675664084
v -1.988818043 0.627942658 1.664706760
v -1.988818043 0.627942658 1.664706760
v -2.013169825 0.626756837 1.637085255
v -2.006477513 0.646745889 1.634270350
v -1.991508865 0.658929408 1.635076924
v -2.006477513 0.646745889 1.634270350
v -1.970461443 0.638297429 1.664879277
v -1.967757869 0.620257726 1.675594461
v -1.905870973 0.627056259 1.678693907
v -1.905404768 0.546540369 1.694471367
v -0.954130715 0.638228612 1.692291729
v -0.954476169 0.566703943 1.707120087
v -0.224403018 0.569531936 1.702374577
v -0.224635554 0.305906832 1.722838598
v -0.954704397 0.305629475 1.727147214
v -0.224714438 -0.000000343 1.729303060
v -1.905205498 0.305281464 1.715134274
v -0.954787848 -0.000000581 1.734070285
v -1.011784322 0.710251526 1.554247456
v -1.038478009 0.704544889 1.544124448
v -1.056683119 0.697066462 1.576700172
v -1.036451494 0.699059674 1.596380725
v -1.088150149 0.693151088 1.592082277
v -1.083262886 0.691660521 1.615670055
v -1.821492074 0.682170718 1.586000751
v -1.820223100 0.679676201 1.608472080
v -1.861068093 0.680077887 1.603616615
v -1.855162704 0.683247393 1.578540985
v -1.891373006 0.683664332 1.586746658
v -1.875398897 0.686228565 1.563458759
v -1.891056582 0.692892485 1.532000173
v -1.920762252 0.694510840 1.542690023
v -1.974097416 0.750395363 1.264509554
v -2.010518670 0.766589378 1.262350765
v -1.974775938 0.758940127 1.225650488
v -2.009020652 0.779647246 1.212458195
v -1.964739621 0.765029239 1.198760241
v -1.984739705 0.788667857 1.174838632
v -1.934404378 0.770444055 1.176484867
v -1.948565769 0.793877498 1.153950805
v -1.899590758 0.773034746 1.167374729
v -1.898155475 0.795424558 1.148294281
v -1.128830569 0.784470111 1.174242664
v -1.123615594 0.800204060 1.154317555
v -1.076966118 0.794850007 1.183205103
v -1.100686341 0.780480164 1.194511946
v -1.059787405 0.785931862 1.224391167
v -1.087421748 0.773528471 1.227095943
v -2.202668650 0.741478134 1.123110244
v -2.192230431 0.784046403 1.123318783
v -1.991508865 0.658929408 1.635076924
v -2.168650237 0.795975932 1.123536454
v -2.192230431 0.784046403 1.123318783
v -1.018767486 0.812931300 1.124801465
v -0.950996551 0.696718040 1.611013820
v -1.019347769 0.803227605 1.153676777
v 1.058451705 0.762567653 0.330164363
v 0.772466950 0.768871802 0.324343466
v -0.161937507 0.772497781 0.324158950
v -0.162810613 0.826030267 0.414458761
v -0.623264418 0.765917415 0.324175753
v -0.637456148 0.826350061 0.425272182
v 2.217973160 0.344644128 0.674195705
v 2.222763307 0.348003353 0.899863967
v 2.231294424 0.000000457 0.674195690
v 2.242627809 0.000000461 0.898921658
v 0.324230747 0.690747929 1.578456881
v 0.327583539 0.696831049 1.585926126
v 0.278290470 0.687950250 1.591465800
v 0.279724808 0.693451147 1.599363149
v 0.234209534 0.687296152 1.595443170
v 0.234643841 0.692319912 1.603320355
v 0.552772832 0.836670826 1.117182971
v 0.550366384 0.836670824 1.159606814
v 0.550366895 0.872139698 1.159606815
v 0.553486335 0.861552140 1.065845162
v 0.553486335 0.861552140 1.065845162
v 0.550366895 0.872139698 1.159606815
v 0.588383713 0.872138929 1.160016651
v 0.593439789 0.861550767 1.066285933
v 0.592589445 0.836669454 1.117622105
v 0.593439789 0.861550767 1.066285933
v 0.588383713 0.872138929 1.160016651
v 0.588381823 0.836670054 1.160016649
v -2.235973272 -0.000000999 0.646385209
v -2.224185932 -0.000000995 0.653262278
v -2.223199800 0.151047309 0.653907844
v -2.235973272 -0.000000999 0.646385209
v -2.223199800 0.151047309 0.653907844
v -2.037368893 0.524696270 1.596896200
v -2.035505848 0.524024213 1.581790708
v -2.040344389 0.308001757 1.587180606
v -2.042424071 0.307930643 1.603021492
v -2.042416438 -0.000000935 1.592316291
v -2.045350434 -0.000000936 1.608170103
v -2.235093229 0.742527025 0.971899741
v -2.242297924 0.741637123 0.954090506
v -2.255582007 0.307935720 0.954989523
v -2.247362546 0.307935462 0.973485465
v -2.259864377 -0.000001006 0.957036447
v -2.250070720 -0.000001003 0.970269845
v 0.799091079 0.878499444 0.803890165
v 0.894170081 0.412519225 1.185140862
v 0.915991911 0.000000028 1.188850907
v 1.027101820 0.000000065 1.185550162
v 1.002170876 0.509744765 1.168836545
v 0.836901813 0.629377650 1.176312861
v 0.942498916 0.737082047 1.144729157
v 0.786833434 0.733601693 1.169772386
v 0.875446155 0.771419641 1.137314374
v 0.807128213 0.792214132 1.134831061
v 0.757269081 0.767311010 1.168661282
v 0.992878004 0.806134183 1.105448022
v 0.992625358 0.737636919 1.135205391
v 0.763720969 0.812045308 1.113606646
v 0.709988218 0.791966973 1.163070250
v 0.770312804 0.828318092 1.104539766
v 1.465709022 0.726507325 1.104590948
v 0.992970723 0.820534613 1.097075692
v 0.790487982 0.855540797 1.050392137
v 0.770312804 0.828318092 1.104539766
v 0.992970723 0.820534613 1.097075692
v 1.466009236 0.788871359 1.088129796
v 0.993522911 0.847323438 1.047079930
v 0.796264455 0.875377930 0.977518355
v 1.467857114 0.798294389 1.080605401
v 0.992878004 0.806134183 1.105448022
v 1.466009236 0.788871359 1.088129796
v 1.467857114 0.798294389 1.080605401
v 1.833130582 0.765976035 1.064968096
v 1.833130582 0.765976035 1.064968096
v 1.834500386 0.712935718 1.077149370
v 2.054797867 0.744080115 1.048966928
v 1.467791447 0.819431515 1.039809742
v 2.054735485 0.702351251 1.052711200
v 1.832183375 0.775674817 1.057645775
v 2.054797867 0.744080115 1.048966928
v 1.831147925 0.793911554 1.029012521
v 2.059288133 0.754657252 1.041472865
v 2.059288133 0.754657252 1.041472865
v 1.832183375 0.775674817 1.057645775
v 2.063973147 0.772299056 1.017061452
v 2.110968778 0.763187977 1.014373306
v 2.146651014 0.770363640 0.978153699
v 2.091280127 0.745031808 1.037896024
v 2.091280127 0.745031808 1.037896024
v 2.082560868 0.736553139 1.045369663
v 2.110968778 0.763187977 1.014373306
v 2.105124920 0.736437931 1.036948042
v 2.126925137 0.753376226 1.012263894
v 2.126925137 0.753376226 1.012263894
v 2.146651014 0.770363640 0.978153699
v 2.126925137 0.753376226 1.012263894
v 2.138490844 0.737183242 1.011592438
v 2.138490844 0.737183242 1.011592438
v 2.155509532 0.750462315 0.977608141
v 2.163024111 0.704555130 0.977723438
v 2.144072749 0.701756463 1.011260673
v 2.093182815 0.727737884 1.044896577
v 2.117798458 0.723441767 1.037646554
v 2.117798458 0.723441767 1.037646554
v 2.120311937 0.698621035 1.039037892
v 2.102942353 0.700163689 1.046187868
v 2.120311937 0.698621035 1.039037892
v 2.101551185 0.711842710 1.045928231
v -0.198690010 0.807620373 1.155556196
v -0.150182918 0.808149134 1.155832120
v -0.173822574 0.818469130 1.123945257
v -1.420137601 0.883689500 0.808605601
v -1.563675533 0.869346100 0.638748828
v -2.187130590 0.847286831 0.646559056
v -2.196309152 0.860030588 0.834751749
v -1.281319153 0.886478575 0.839065967
v -2.199214710 0.856558441 0.955466339
v -0.949424282 0.886434423 0.839471667
v 2.256197765 0.719248448 0.608166650
v 2.208183925 0.708844812 0.608166736
v 2.215870841 0.710800544 0.448691618
v 2.256658614 0.719435966 0.437259480
v 2.263739222 0.720856295 0.599994411
v -0.161970529 0.886840589 0.981964761
v -0.168399412 0.865768262 1.062044531
v -0.173149916 0.838707908 1.113403280
v -0.173149916 0.838707908 1.113403280
v -0.173822574 0.818469130 1.123945257
v -0.155771376 0.872591752 0.633640317
v -0.155564996 0.889267727 0.811404823
v -0.158255553 0.881921890 0.594861650
v -0.156567265 0.882061316 0.604914169
v 0.563458367 0.870092675 1.205286765
v 0.587732082 0.844143950 1.205554588
v 0.583034822 0.886358480 1.205502886
v 0.556235926 0.836026254 1.205207141
v 0.542343047 0.860434735 1.206006304
v -0.673900589 0.885560260 0.601777970
v -0.679164080 0.875380721 0.628866327
v -0.672119321 0.884785399 0.590178701
v -0.995737340 0.881922684 0.983827634
v -1.010071241 0.859661954 1.064198322
v -1.017807788 0.832618575 1.115707700
v -1.017807788 0.832618575 1.115707700
v -1.018767486 0.812931300 1.124801465
v -0.787686407 0.884512119 0.791072290
v 2.126501981 0.000000423 0.466159967
v 2.158649747 0.162451418 0.513960754
v 2.159122688 0.000000434 0.515142902
v 2.160259409 0.390492952 0.517984495
v 2.155067699 0.389382321 0.463193588
v 2.126504282 0.685228891 0.466162409
v 2.128409380 0.685115486 0.524647826
v 2.105459265 0.758045491 0.532564352
v 2.079637209 0.765247255 0.482226744
v 2.050189015 0.809903473 0.507010295
v 2.081242764 0.808539711 0.582393114
v 2.243324023 0.354957118 0.917487242
v 2.257336735 0.000000466 0.917487227
v 2.242627809 0.000000461 0.898921658
v 2.222763307 0.348003353 0.899863967
v 2.230053486 0.349696156 0.635395409
v 2.243364754 0.000000461 0.635395394
v 2.216499670 0.000000452 0.592643536
v 2.195230208 0.386324109 0.594673859
v 2.208434908 0.404199093 0.664211050
v 2.232218819 0.379213516 0.675250801
v -2.196136288 0.849556336 0.970623017
v -2.225573442 0.832646477 0.971370905
v -2.234669794 0.840228520 0.955131645
v -2.225573442 0.832646477 0.971370905
v -2.234669794 0.840228520 0.955131645
v -2.203333743 0.831416992 0.555575899
v -2.180331247 0.836668424 0.528995141
v -2.226583021 0.735089681 0.615635637
v -2.188539680 0.845170959 0.552373779
v -2.188539680 0.845170959 0.552373779
v -2.219937428 0.842595261 0.616008251
v -2.218864238 0.841596695 0.628119470
v -2.223379823 0.736155977 0.627764091
v -2.214388430 0.736671891 0.646105870
v -2.214683672 0.832594444 0.646387529
v -2.219937428 0.842595261 0.616008251
v -2.196451853 0.859610680 0.615725262
v -2.196451853 0.859610680 0.615725262
v -2.196126638 0.857435862 0.627133875
v -2.218864238 0.841596695 0.628119470
v -2.214683672 0.832594444 0.646387529
v -1.544866873 0.882736853 0.614746647
v -1.550692467 0.882482903 0.605597085
v -1.609555052 0.833380099 0.451239954
v -1.594526070 0.760232381 0.362011695
v -1.560989709 0.838901426 0.444722267
v -1.491864516 0.887678156 0.598497778
v -1.389408207 0.902037923 0.734836230
v -1.409461542 0.902553229 0.775352218
v -1.270536068 0.905787213 0.763871823
v -1.277470700 0.907347446 0.807704929
v -0.945262420 0.907872290 0.806898011
v -0.957005727 0.907850575 0.762703068
v -0.802768119 0.902850623 0.769501289
v -0.830562055 0.903549822 0.729946985
v -0.693980982 0.885695805 0.601891761
v -0.752350412 0.893862089 0.598978490
v -0.690873522 0.884889492 0.590229112
v -0.660659771 0.827114147 0.422053387
v 2.233786470 0.356354658 0.943806684
v 2.231723849 0.354231177 0.955858401
v 2.229538519 0.356370102 0.964927177
v 2.207998884 0.354440915 0.982158626
v 2.207998884 0.354440915 0.982158626
v 2.183044411 0.362964495 1.016670385
v 2.154343854 0.374601932 1.045379730
v 2.141346999 0.377956015 1.055852770
v 2.141346999 0.377956015 1.055852770
v 2.090974791 0.386579228 1.063328650
v 1.854261471 0.425901646 1.098460291
v 1.481792783 0.473726019 1.131613717
v 1.053927009 0.516342170 1.161161348
v 2.236080780 0.000000459 0.467200498
v 2.229939106 0.000000457 0.570609444
v 2.229939064 0.258088858 0.570609455
v 2.236080736 0.269490474 0.467200509
v 2.240536518 0.371796330 0.467200557
v 2.234532722 0.358163236 0.595664279
v 2.210115219 0.710697388 0.595664381
v 2.218994760 0.712603484 0.461902568
v 2.195919866 0.788409184 0.608166782
v 2.039279938 0.842916171 0.607756217
v 2.092782269 0.834165127 0.482060521
v 2.204804232 0.797059515 0.453768076
v 2.195919866 0.788409184 0.608166782
v 2.204804232 0.797059515 0.453768076
v 2.215870841 0.710800544 0.448691618
v 2.208183925 0.708844812 0.608166736
v 0.630468739 0.789287259 1.157054559
v 0.638973775 0.795526913 1.149667351
v -0.125012929 0.808748295 1.151492137
v -0.125012929 0.808748295 1.151492137
v -0.118417728 0.794179830 1.157552808
v 0.630468739 0.789287259 1.157054559
v 0.587559738 0.842653257 1.160014926
v 0.579644456 0.896352834 1.159927722
v 0.583034822 0.886358480 1.205502886
v 0.587732082 0.844143950 1.205554588
v 0.587559738 0.842653257 1.160014926
v 0.587732082 0.844143950 1.205554588
v 0.556235926 0.836026254 1.205207141
v 0.555685285 0.834086258 1.159642316
v -2.207932280 -0.000000989 1.167763849
v -2.193992699 -0.000000985 1.181504716
v -2.190201339 0.307933868 1.181434758
v -2.203440166 0.307934125 1.167699578
v -2.182128592 0.604273823 1.181848915
v -2.194420212 0.604081916 1.168119768
v -2.181632759 0.624336637 1.190327583
v -2.190995040 0.635339851 1.181965421
v -2.181467484 0.645001665 1.209196394
v -2.175086766 0.629684448 1.207702165
v -2.049613818 0.583273073 1.553845370
v -2.044967232 0.569407041 1.550072056
v -2.039277444 0.562701929 1.582616413
v -2.034967448 0.553123101 1.569773806
v -2.259522273 -0.000001006 0.873984420
v -2.238860338 0.740723271 0.831537429
v -2.232209461 0.147479614 0.858421705
v -2.233997340 -0.000000998 0.858565261
v -2.259522273 -0.000001006 0.873984420
v -2.230421409 0.294959943 0.858277976
v -2.254382488 0.306401211 0.867165790
v -2.232209461 0.147479614 0.858421705
v -2.230421409 0.294959943 0.858277976
v 2.194013863 0.000000445 0.567433994
v 2.172633754 0.399272748 0.568541369
v 2.165009870 0.684591388 0.598137568
v 2.181051709 0.688036084 0.664786047
v 2.144819004 0.683816740 0.573527269
v 2.173241039 0.750577200 0.664967959
v 2.141337633 0.740621106 0.584917702
v 2.159707507 0.725741905 0.603179599
v 2.143989320 0.787697219 0.633076918
v 2.148154889 0.795003769 0.664670150
v 2.148154889 0.795003769 0.664670150
v 2.143989320 0.787697219 0.633076918
v -2.274204777 0.726223234 0.521539291
v -2.190654329 0.726435490 0.528881259
v -2.194609640 0.728827374 0.532560688
v -2.279731181 0.729251587 0.525125524
v -2.282724980 0.726380669 0.516490583
v -2.279731181 0.729251587 0.525125524
v -2.194609467 0.728827374 0.532560731
v -2.187366870 0.816940389 0.528917498
v -2.289104490 0.729890209 0.519847383
v -2.270331693 0.833547248 0.521673724
v -2.289104490 0.729890209 0.519847383
v -2.244477930 0.850470722 0.521838572
v -2.180331247 0.836668424 0.528995141
v -2.270331693 0.833547248 0.521673724
v -2.276834257 0.834667143 0.516695893
v -2.289104490 0.729890209 0.519847383
v -2.276834257 0.834667143 0.516695893
v -2.282724980 0.726380669 0.516490583
v -2.289104490 0.729890209 0.519847383
v -2.293138217 0.730437404 0.482248631
v -2.293138217 0.730437404 0.482248631
v -2.289104490 0.729890209 0.519847383
v -2.276834257 0.834667143 0.516695893
v -2.293138217 0.730437404 0.482248631
v -2.286340598 0.725398134 0.480880989
v -2.282724980 0.726380669 0.516490583
v -2.258882991 0.717453226 0.383268424
v -2.269088036 0.722325322 0.379480289
v -2.258882991 0.717453226 0.383268424
v -2.253363322 0.800025533 0.383268341
v -2.269088036 0.722325322 0.379480289
v -2.279681219 0.836744500 0.480880822
v -2.279681219 0.836744500 0.480880822
v -2.247376423 0.856293214 0.515787207
v -2.247376423 0.856293214 0.515787207
v -2.253363322 0.800025533 0.383268341
v -2.279681219 0.836744500 0.480880822
v -2.246370792 0.859682631 0.480880823
v -2.247376423 0.856293214 0.515787207
v -2.230586600 0.815138180 0.387589109
v -2.152733005 0.816838803 0.397609658
v -2.155814537 0.874971082 0.480880824
v -2.151381832 0.871030765 0.515264788
v -2.152742664 0.864801109 0.521281254
v -2.151381832 0.871030765 0.515264788
v -2.138246062 0.841453753 0.519808050
v -2.151381832 0.871030765 0.515264788
v -2.152742664 0.864801109 0.521281254
v -2.138246062 0.841453753 0.519808050
v -2.136636364 0.844282964 0.514199180
v -2.155814537 0.874971082 0.480880824
v -2.136146732 0.839507295 0.480880822
v -2.134881018 0.748990421 0.403222274
v -2.152733005 0.816838803 0.397609658
v -2.258882991 0.717453226 0.383268424
v -2.134881018 0.748990421 0.403222274
v -2.152733005 0.816838803 0.397609658
v -2.230586600 0.815138180 0.387589109
v -2.253363322 0.800025533 0.383268341
v -2.269088036 0.722325322 0.379480289
v -2.195461215 0.857081506 0.985753154
v -2.232290403 0.838372712 0.985433282
v -2.189665606 0.838589612 1.059885138
v -2.240714594 0.742011971 0.985068251
v -2.232290403 0.838372712 0.985433282
v -2.221887677 0.818954208 1.058075949
v -2.221887677 0.818954208 1.058075949
v -2.230400456 0.742607765 1.054752538
v -2.177544774 0.809079036 1.115899346
v -2.177544774 0.809079036 1.115899346
v -2.168650237 0.795975932 1.123536454
v -2.206132441 0.793448836 1.114119198
v -2.206132441 0.793448836 1.114119198
v -2.206132441 0.793448836 1.114119198
v -2.213612708 0.742388974 1.113896009
v -2.192230431 0.784046403 1.123318783
v -2.202668650 0.741478134 1.123110244
v 2.195919866 0.788409184 0.608166782
v 2.208183925 0.708844812 0.608166736
v 2.256197765 0.719248448 0.608166650
v 2.246105935 0.821721690 0.608166568
v 2.057241346 0.888468589 0.608166657
v 2.039279938 0.842916171 0.607756217
v 2.039279938 0.842916171 0.607756217
v 2.057241346 0.888468589 0.608166657
v 2.051416096 0.888220154 0.598312076
v 2.253499175 0.822178922 0.599994416
v 2.246105935 0.821721690 0.608166568
v 2.256197765 0.719248448 0.608166650
v 2.263739222 0.720856295 0.599994411
v 2.060926418 0.894410000 0.599994419
v 2.057241346 0.888468589 0.608166657
v 2.246105935 0.821721690 0.608166568
v 2.060926418 0.894410000 0.599994419
v 2.051416096 0.888220154 0.598312076
v 2.057241346 0.888468589 0.608166657
v 2.246105935 0.821721690 0.608166568
v 2.253499175 0.822178922 0.599994416
v 2.060926418 0.894410000 0.599994419
v 2.108028560 0.872206334 0.473920340
v 2.108028560 0.872206334 0.473920340
v 2.039279938 0.842916171 0.607756217
v 2.051416096 0.888220154 0.598312076
v 2.108028560 0.872206334 0.473920340
v 2.092782269 0.834165127 0.482060521
v 2.204804232 0.797059515 0.453768076
v 2.092782269 0.834165127 0.482060521
v 2.108028560 0.872206334 0.473920340
v 2.246050784 0.821537978 0.438103586
v 2.246050784 0.821537978 0.438103586
v 2.246050784 0.821537978 0.438103586
v 2.253499175 0.822178922 0.599994416
v 2.263739222 0.720856295 0.599994411
v 2.215870841 0.710800544 0.448691618
v 2.256658614 0.719435966 0.437259480
v 2.256658614 0.719435966 0.437259480
v -2.242399659 -0.000001001 0.628505744
v -2.243257246 -0.000001001 0.614876987
v -2.237212479 0.300425022 0.628463748
v -2.239520518 0.300425022 0.615757724
v -2.232082936 -0.000000997 1.116130253
v -2.220866746 -0.000000994 1.123760123
v -2.215837434 0.307934922 1.123744970
v -2.215837434 0.307934922 1.123744970
v -2.227146518 0.307934921 1.115089822
v -2.232082936 -0.000000997 1.116130253
v -2.247858331 -0.000001002 1.057004447
v -2.243446186 0.307935459 1.056942330
v -2.260099283 -0.000001006 0.987298359
v -2.255983226 0.307935719 0.987242619
v 2.022171285 0.835135327 0.542984744
v 2.054163279 0.831903869 0.559883568
v 2.050189015 0.809903473 0.507010295
v 2.054163279 0.831903869 0.559883568
v 1.943352899 0.870243120 0.689259254
v 1.973348108 0.867791177 0.714206229
v 1.973348108 0.867791177 0.714206229
v 2.001243128 0.843778572 0.735288029
v 1.887420853 0.880462458 0.737268529
v 1.907550364 0.880208682 0.774538233
v 1.778105740 0.889522080 0.768976671
v 1.784571767 0.889497434 0.807712425
v 1.433674948 0.900838346 0.769366860
v 1.424407459 0.900906160 0.807800493
v 1.294574199 0.899990474 0.760320317
v 1.316487822 0.901342092 0.728359346
v 1.216885539 0.891474744 0.673842078
v 1.247369000 0.889085019 0.652356042
v 1.078967948 0.821130367 0.408509337
v 1.114110574 0.818837500 0.395160640
v 1.078967948 0.821130367 0.408509337
v 1.114110574 0.818837500 0.395160640
v 1.089897193 0.768843158 0.333454251
v 1.058451705 0.762567653 0.330164363
v -0.932809106 0.694701223 1.614909326
v -0.263739499 0.693914535 1.612486160
v -0.995966028 0.802740132 1.156829133
v -0.227168758 0.809350537 1.153735719
v -2.220866746 -0.000000994 1.123760123
v 2.247583062 0.000000462 0.957988048
v 2.247879150 0.000000462 0.945106061
v 2.242731215 0.000000461 0.966263694
v 2.226202329 0.000000455 0.985804389
v 2.195671416 0.352488958 1.016892967
v 2.215007165 0.000000452 1.019046312
v 2.167487894 0.359527119 1.054911078
v 2.183579083 0.000000442 1.060062961
v 2.147143641 0.362734320 1.066320122
v 2.167487894 0.359527119 1.054911078
v 2.154343854 0.374601932 1.045379730
v 2.183579083 0.000000442 1.060062961
v 2.167487894 0.359527119 1.054911078
v 2.147143641 0.362734320 1.066320122
v 2.147143641 0.362734320 1.066320122
v 2.164536378 0.000000435 1.072997858
v 2.134462236 0.000000426 1.081927939
v 2.116271887 0.367145519 1.074028323
v 1.851544978 0.404336848 1.113452035
v 1.869301024 0.000000339 1.122895642
v 1.500268379 0.000000219 1.160132428
v 1.487874485 0.449181426 1.145713060
v 1.069522825 0.495058599 1.171783810
v 1.096097072 0.000000087 1.189676266
v 0.861812545 0.408543098 1.210798327
v 0.886879797 0.000000019 1.212828185
v 0.906626186 0.000000025 1.205916992
v 0.882664007 0.411368735 1.202807568
v 0.810345744 0.619442191 1.203446803
v 0.828061222 0.626415819 1.194556232
v 0.756587465 0.728710718 1.197295138
v 0.447572014 0.334486126 1.648976506
v 0.464817736 -0.000000119 1.655248803
v 0.471425258 -0.000000116 1.635461913
v 0.775786830 0.734436269 1.188572430
v 0.454832893 0.339688739 1.629097757
v 0.761333660 0.751279510 1.187738800
v 0.415497259 0.555943271 1.637457861
v 0.408735477 0.629960560 1.608928619
v 0.427413860 0.543565653 1.620171002
v 0.410560776 0.646947194 1.614188062
v 0.397893274 0.631401747 1.628325148
v 0.410560776 0.646947194 1.614188062
v 0.408735477 0.629960560 1.608928619
v 0.240971908 0.682392213 1.629572409
v 0.290820703 0.682707311 1.623309404
v 0.763720969 0.812045308 1.113606646
v 0.540253364 0.886138901 1.324285579
v 0.537319715 0.875365291 1.329098476
v 0.530854374 0.894327337 1.347351843
v 0.535605226 0.899770414 1.337407557
v 0.545100732 0.871730894 1.205503058
v 0.544730880 0.872737561 1.163288786
v 0.539579840 0.887786092 1.144436005
v 0.535142656 0.881388486 1.134744720
v 0.505517971 0.987514527 1.142390796
v 0.498184534 0.989596450 1.132525443
v 0.500389164 1.002563833 1.160420460
v 0.491293330 1.009816957 1.156750381
v 0.500769185 1.001740363 1.320421272
v 0.491688516 1.008960827 1.323162587
v 0.503270941 0.994438120 1.333273702
v 0.495517844 0.997783759 1.342834177
v 0.040176047 0.897218358 0.901173207
v 0.037408450 0.895577032 0.940040804
v 0.044126361 0.883313160 0.944990370
v 0.047166434 0.885116404 0.902297842
v -0.118868512 0.899267769 0.901476620
v 0.040176047 0.897218358 0.901173207
v 0.047166434 0.885116404 0.902297842
v -0.125726707 0.887344017 0.902627710
v -0.121973990 0.897645659 0.941306590
v -0.118868512 0.899267769 0.901476620
v -0.125726707 0.887344017 0.902627710
v -0.129138872 0.885561712 0.946389206
v -0.779089944 0.898464191 0.896391505
v -0.781628925 0.895724426 0.935501332
v -0.774766418 0.883612044 0.940417377
v -0.771977882 0.886520535 0.897481412
v -0.938137001 0.896953392 0.897479517
v -0.779089944 0.898464191 0.896391505
v -0.771977882 0.886520535 0.897481412
v -0.944874038 0.884877201 0.898664127
v -0.941009814 0.894224657 0.937553354
v -0.938137001 0.896953392 0.897479517
v -0.944874038 0.884877201 0.898664127
v -0.948029754 0.881982325 0.942670956
v -2.276229407 0.264760842 0.889409623
v -2.278376132 0.265985177 0.921993534
v -2.252278847 0.294630197 0.937319715
v -2.250132296 0.302175944 0.892016768
v 0.882664007 0.411368735 1.202807568
v 0.906626186 0.000000025 1.205916992
v 0.915991911 0.000000028 1.188850907
v 0.894170081 0.412519225 1.185140862
v 0.828061222 0.626415819 1.194556232
v 0.836901813 0.629377650 1.176312861
v 0.775786830 0.734436269 1.188572430
v 0.786833434 0.733601693 1.169772386
v 0.761333660 0.751279510 1.187738800
v 0.775786830 0.734436269 1.188572430
v 0.786833434 0.733601693 1.169772386
v 0.397893274 0.631401747 1.628325148
v 0.415497259 0.555943271 1.637457861
v 0.447572014 0.334486126 1.648976506
v 0.464817736 -0.000000119 1.655248803
v -2.293553793 -0.000001017 0.888059205
v -2.250132296 0.302175944 0.892016768
v -2.250132764 -0.000001003 0.892016583
v 0.036990516 0.883187347 0.950112367
v 0.044126361 0.883313160 0.944990370
v 0.037408450 0.895577032 0.940040804
v 0.037408450 0.895577032 0.940040804
v 0.030272607 0.888923665 0.946601362
v 0.036990516 0.883187347 0.950112367
v -0.122588741 0.885254939 0.951642960
v 0.030272607 0.888923665 0.946601362
v -0.115423772 0.890810988 0.947999077
v -0.129138872 0.885561712 0.946389206
v -0.122588741 0.885254939 0.951642960
v -0.115423772 0.890810988 0.947999077
v -0.121973990 0.897645659 0.941306590
v -0.129138872 0.885561712 0.946389206
v 0.565006538 0.880386995 1.159766062
v 0.555685285 0.834086258 1.159642316
v 0.541936485 0.861541190 1.159610089
v 0.587559738 0.842653257 1.160014926
v 0.579644456 0.896352834 1.159927722
v -0.781872446 0.883326985 0.945574360
v -0.774766418 0.883612044 0.940417377
v -0.781628925 0.895724426 0.935501332
v -0.781628925 0.895724426 0.935501332
v -0.788734436 0.888911468 0.942097134
v -0.781872446 0.883326985 0.945574360
v -0.941448688 0.881822045 0.947892395
v -0.788734436 0.888911468 0.942097134
v -0.934427798 0.887537168 0.944213527
v -0.948029754 0.881982325 0.942670956
v -0.941448688 0.881822045 0.947892395
v -0.934427798 0.887537168 0.944213527
v -0.941009814 0.894224657 0.937553354
v -0.948029754 0.881982325 0.942670956
v 2.231294424 0.000000457 0.674195690
v 2.243752875 0.000000461 0.665672256
v 2.229491644 0.339351447 0.665672314
v 2.229491644 0.339351447 0.665672314
v 2.217973160 0.344644128 0.674195705
v 2.231294424 0.000000457 0.674195690
v 2.217973160 0.344644128 0.674195705
v 2.229491644 0.339351447 0.665672314
v 2.237622861 0.360212949 0.693187053
v 2.222763307 0.348003353 0.899863967
v 2.217973160 0.344644128 0.674195705
v 2.237622861 0.360212949 0.693187053
v 2.237622861 0.360212949 0.693187053
v 2.243324023 0.354957118 0.917487242
v 2.222763307 0.348003353 0.899863967
v 2.283869540 0.000000474 0.449516600
v 2.236080780 0.000000459 0.467200498
v 2.236080736 0.269490474 0.467200509
v 2.283869496 0.266946568 0.449516612
v 2.240536518 0.371796330 0.467200557
v 2.283114955 0.368112212 0.449516616
v 2.254553941 0.719952439 0.451361797
v 2.218994760 0.712603484 0.461902568
v 0.040176047 0.897218358 0.901173207
v -0.118868512 0.899267769 0.901476620
v -0.121973990 0.897645659 0.941306590
v -0.115423772 0.890810988 0.947999077
v -0.779089944 0.898464191 0.896391505
v -0.938137001 0.896953392 0.897479517
v -0.941009814 0.894224657 0.937553354
v -0.934427798 0.887537168 0.944213527
v -2.278376132 0.265985177 0.921993534
v -2.296420919 -0.000001018 0.923482236
v -2.256939171 -0.000001005 0.939088906
v -2.293553793 -0.000001017 0.888059205
v -2.296420919 -0.000001018 0.923482236
v 2.243752875 0.000000461 0.665672256
v 2.229491644 0.339351447 0.665672314
v 2.237622861 0.360212949 0.693187053
v 2.232218819 0.379213516 0.675250801
v 2.208434908 0.404199093 0.664211050
v 2.181051709 0.688036084 0.664786047
v 2.187477393 0.775025411 0.679603210
v 2.190139773 0.774945356 0.691855148
v 2.173241039 0.750577200 0.664967959
v 2.175934434 0.798661013 0.681020099
v 2.187477393 0.775025411 0.679603210
v 2.175934434 0.798661013 0.681020099
v 2.148154889 0.795003769 0.664670150
v 2.232615887 0.468836354 0.709200245
v 2.239209463 0.376588101 0.756286136
v 2.243324023 0.354957118 0.917487242
v 2.207981601 0.655332568 0.707151722
v 2.219361878 0.563117279 0.709843569
v 2.239112601 0.405867342 0.860495970
v 2.238299134 0.408583283 0.756860390
v 2.191381000 0.774839795 0.709062599
v 2.234573034 0.461251414 0.907595009
v 2.194268118 0.772142765 0.917487261
v 2.221450007 0.555217293 0.906861945
v 2.210594347 0.647592518 0.908241826
v 2.193819332 0.772492366 0.906655055
v 2.183708212 0.800191511 0.906594477
v 2.178366562 0.799069814 0.691933652
v 2.179677760 0.799691289 0.708902061
v 2.178366562 0.799069814 0.691933652
v 2.175934434 0.798661013 0.681020099
v 2.155601209 0.812781897 0.681685738
v 2.155601209 0.812781897 0.681685738
v 2.179677760 0.799691289 0.708902061
v 2.156946876 0.813426293 0.691924045
v 2.157352575 0.814581863 0.708476628
v 2.067275261 0.830913229 0.689108106
v 2.073213223 0.831948676 0.699543575
v 2.079873311 0.828414749 0.709620825
v 2.031714697 0.842565959 0.749435285
v 2.042133621 0.838916563 0.749231056
v 2.042206006 0.840028782 0.911301986
v 2.022692110 0.843191311 0.749542311
v 2.025937705 0.840662059 0.932432734
v 2.032034914 0.841249325 0.922093950
v 2.161737367 0.819414829 0.928393922
v 2.161451964 0.820445623 0.917487263
v 2.161015588 0.820458205 0.906293133
v 2.161015588 0.820458205 0.906293133
v 2.161451964 0.820445623 0.917487263
v 2.183913991 0.798871092 0.917487262
v 2.161737367 0.819414829 0.928393922
v 2.184244204 0.798137765 0.928393921
v 2.161737367 0.819414829 0.928393922
v 2.149575351 0.809245717 0.942184596
v 2.184244204 0.798137765 0.928393921
v 2.170699984 0.789453229 0.940705188
v 2.195394562 0.772071155 0.928393920
v 2.195394562 0.772071155 0.928393920
v 2.180065885 0.766866344 0.940772919
v 2.241794982 0.352893634 0.928393901
v 2.257336735 0.000000466 0.917487227
v 2.256386427 0.000000465 0.928394058
v 0.541936485 0.861541190 1.159610089
v 0.535142656 0.881388486 1.134744720
v 0.556270902 0.893402636 1.132664866
v 0.556270902 0.893402636 1.132664866
v 0.565006538 0.880386995 1.159766062
v 0.541936485 0.861541190 1.159610089
v 0.556270902 0.893402636 1.132664866
v 0.535142656 0.881388486 1.134744720
v 0.498184534 0.989596450 1.132525443
v 0.565006538 0.880386995 1.159766062
v 0.556270902 0.893402636 1.132664866
v 0.573103975 0.904581429 1.140390560
v 0.579644456 0.896352834 1.159927722
v 0.524396604 0.995772166 1.132777928
v 0.573103975 0.904581429 1.140390560
v 0.491293330 1.009816957 1.156750381
v 0.543240422 1.002890089 1.155587743
v 0.573103975 0.904581429 1.140390560
v 0.544087843 0.989471076 1.143424174
v 0.544087843 0.989471076 1.143424174
v 0.543240422 1.002890089 1.155587743
v 0.519574397 1.017356695 1.156952541
v 0.524396604 0.995772166 1.132777928
v 0.519574397 1.017356695 1.156952541
v 0.543240422 1.002890089 1.155587743
v 0.516129227 1.014762039 1.321858455
v 0.491293330 1.009816957 1.156750381
v 0.491688516 1.008960827 1.323162587
v 0.544201761 1.000360321 1.312931691
v 0.544201761 1.000360321 1.312931691
v 0.517975385 1.001845151 1.339994110
v 0.495517844 0.997783759 1.342834177
v 0.544589365 0.991986697 1.320490038
v 0.516129227 1.014762039 1.321858455
v 0.517975385 1.001845151 1.339994110
v 0.544589365 0.991986697 1.320490038
v 0.579027117 0.898479905 1.311415915
v 0.563458367 0.870092675 1.205286765
v 0.573714075 0.906789329 1.323502791
v 0.544589365 0.991986697 1.320490038
v 0.517975385 1.001845151 1.339994110
v 0.573714075 0.906789329 1.323502791
v 0.552021399 0.897636100 1.342980838
v 0.495517844 0.997783759 1.342834177
v 0.530854374 0.894327337 1.347351843
v 0.556250050 0.883714445 1.325772396
v 0.552021399 0.897636100 1.342980838
v 0.556250050 0.883714445 1.325772396
v 0.542343047 0.860434735 1.206006304
v 0.563458367 0.870092675 1.205286765
v 0.556250050 0.883714445 1.325772396
v 0.537319715 0.875365291 1.329098476
v 0.537319715 0.875365291 1.329098476
v 2.289619991 0.000000476 0.563586529
v 2.283869540 0.000000474 0.449516600
v 2.283869496 0.266946568 0.449516612
v 2.229939064 0.258088858 0.570609455
v 2.229939106 0.000000457 0.570609444
v 2.279648130 0.000000473 0.570609530
v 2.289619948 0.265670955 0.563586540
v 2.279648087 0.260447962 0.570609542
v 2.289619991 0.000000476 0.563586529
v 2.289619948 0.265670955 0.563586540
v 2.234532722 0.358163236 0.595664279
v 2.289881896 0.364721843 0.588641278
v 2.289881896 0.364721843 0.588641278
v 2.283114955 0.368112212 0.449516616
v 2.254553941 0.719952439 0.451361797
v 2.261404986 0.721363808 0.588641293
v 2.261404986 0.721363808 0.588641293
v 2.253544346 0.719729677 0.595664381
v 2.281535589 0.361643507 0.595664279
v 2.210115219 0.710697388 0.595664381
v -2.266341309 0.294117516 0.383268276
v -2.266341261 -0.000001008 0.383268263
v -2.281588938 -0.000001013 0.431522095
v -2.258882991 0.717453226 0.383268424
v -2.297185833 0.300852218 0.480880842
v -2.286340598 0.725398134 0.480880989
v -2.298689147 -0.000001019 0.491205049
v -2.300000000 -0.000001019 0.500205921
v -2.299999870 0.262287451 0.500205975
v -2.299999870 0.262287451 0.500205975
v -2.300000000 -0.000001019 0.500205921
v -2.294708157 -0.000001018 0.503269002
v -2.289396366 0.263288667 0.506343815
v -2.289396323 -0.000001016 0.506343803
v -2.243513178 -0.000001001 0.517623373
v -2.293532644 0.305870010 0.519249760
v -2.293532644 0.305870010 0.519249760
v -2.282724980 0.726380669 0.516490583
v -2.274204777 0.726223234 0.521539291
v -2.282724980 0.726380669 0.516490583
v -2.285886918 0.303777984 0.525389150
v -2.198049735 0.260875899 0.528799720
v -2.190654329 0.726435490 0.528881259
v -2.181731756 -0.000000981 0.496359446
v -2.181731756 -0.000000981 0.496359446
v -2.198050037 -0.000000986 0.528799622
v -1.864703076 -0.000000878 0.382616973
v -2.276229407 0.264760842 0.889409623
v -2.252278847 0.294630197 0.937319715
v -2.297185784 -0.000001019 0.480880828
v -2.198050037 -0.000000986 0.528799622
v -2.231151378 0.842365255 0.833942676
v -2.231151378 0.842365255 0.833942676
v 2.203176611 0.781967878 0.882961370
v 2.216125912 0.706129726 0.884188720
v 2.214312845 0.711784878 0.730591114
v 2.201266343 0.784529701 0.732089482
v 2.174049015 0.603719512 0.840244189
v 2.179366549 0.532653365 0.897685367
v 2.187914508 0.476832139 0.897764643
v 2.192170396 0.419555723 0.840383866
v 2.191862588 0.420842494 0.777605344
v 2.186612271 0.482135106 0.720016553
v 2.177860600 0.539674521 0.719715082
v 2.173671925 0.605439385 0.776948288
v 2.189455215 0.809966995 0.731923343
v 2.193019992 0.809532508 0.882902516
v 2.189455215 0.809966995 0.731923343
v 2.167222063 0.825032327 0.731491792
v 2.169952691 0.829624271 0.882610134
v 2.169952691 0.829624271 0.882610134
v 2.074761221 0.844757156 0.758458044
v 2.074682632 0.844862539 0.886636623
v 2.099374451 0.837063954 0.732495873
v 2.213548725 0.364830618 0.701324823
v 2.213548725 0.364830617 0.727513368
v 2.236084167 0.364830664 0.727513455
v 2.236084167 0.364830665 0.701324823
v 2.233637622 0.000000458 0.701324807
v 2.213548725 0.364830618 0.701324823
v 2.236084167 0.364830665 0.701324823
v 2.248091479 0.000000463 0.701324807
v 2.248091479 0.000000463 0.701324807
v 2.236084167 0.364830665 0.701324823
v 2.236084167 0.364830664 0.727513455
v 2.248091479 0.000000463 0.727513352
v 2.248091479 0.000000463 0.727513352
v 2.236084167 0.364830664 0.727513455
v 2.213548725 0.364830617 0.727513368
v 2.233637622 0.000000458 0.727513352
v 2.213548724 0.373219363 0.753596009
v 2.213548724 0.373219361 0.779784640
v 2.236084166 0.373219451 0.779784640
v 2.236084166 0.373219452 0.753596095
v 2.233637622 0.000000458 0.753595992
v 2.213548724 0.373219363 0.753596009
v 2.236084166 0.373219452 0.753596095
v 2.248091479 0.000000463 0.753595992
v 2.248091479 0.000000463 0.753595992
v 2.236084166 0.373219452 0.753596095
v 2.236084166 0.373219451 0.779784640
v 2.248091479 0.000000463 0.779784624
v 2.248091479 0.000000463 0.779784624
v 2.236084166 0.373219451 0.779784640
v 2.213548724 0.373219361 0.779784640
v 2.233637622 0.000000458 0.779784710
v 2.213548722 0.381614785 0.812482213
v 2.213548722 0.381614784 0.838670759
v 2.236084165 0.381614874 0.838670759
v 2.236084165 0.381614875 0.812482213
v 2.233637593 0.178868150 0.812482291
v 2.213548722 0.381614785 0.812482213
v 2.236084165 0.381614875 0.812482213
v 2.248091450 0.178868163 0.812482291
v 2.248091450 0.178868163 0.812482291
v 2.236084165 0.381614875 0.812482213
v 2.236084165 0.381614874 0.838670759
v 2.248091450 0.178868162 0.838670750
v 2.248091450 0.178868162 0.838670750
v 2.236084165 0.381614874 0.838670759
v 2.213548722 0.381614784 0.838670759
v 2.233637593 0.178868149 0.838670750
v 2.213548721 0.388579532 0.864753485
v 2.213548721 0.388579531 0.890942031
v 2.236084164 0.388579578 0.890942031
v 2.236084164 0.388579579 0.864753571
v 2.233637622 0.000000458 0.864753554
v 2.213548721 0.388579532 0.864753485
v 2.236084164 0.388579579 0.864753571
v 2.248091479 0.000000463 0.864753554
v 2.248091479 0.000000463 0.864753554
v 2.236084164 0.388579579 0.864753571
v 2.236084164 0.388579578 0.890942031
v 2.248091479 0.000000463 0.890942014
v 2.248091479 0.000000463 0.890942014
v 2.236084164 0.388579578 0.890942031
v 2.213548721 0.388579531 0.890942031
v 2.233637622 0.000000458 0.890942014
v 2.219361878 0.563117279 0.709843569
v 2.177860600 0.539674521 0.719715082
v 2.186612271 0.482135106 0.720016553
v 2.232615887 0.468836354 0.709200245
v 2.238299134 0.408583283 0.756860390
v 2.191862588 0.420842494 0.777605344
v 2.192170396 0.419555723 0.840383866
v 2.239112601 0.405867342 0.860495970
v 2.234573034 0.461251414 0.907595009
v 2.187914508 0.476832139 0.897764643
v 2.179366549 0.532653365 0.897685367
v 2.221450007 0.555217293 0.906861945
v 2.216135578 0.614906797 0.860346556
v 2.174049015 0.603719512 0.840244189
v 2.173671925 0.605439385 0.776948288
v 2.215170102 0.618513157 0.756190496
v 2.215170102 0.618513157 0.756190496
v 2.216135578 0.614906797 0.860346556
v 2.215170102 0.618513157 0.756190496
v 2.173671925 0.605439385 0.776948288
v 2.232615887 0.468836354 0.709200245
v 2.186612271 0.482135106 0.720016553
v 2.191862588 0.420842494 0.777605344
v 2.238299134 0.408583283 0.756860390
v 2.187914508 0.476832139 0.897764643
v 2.234573034 0.461251414 0.907595009
v 2.174049015 0.603719512 0.840244189
v 2.216135578 0.614906797 0.860346556
v 2.168094885 0.398254008 0.806977440
v 2.210241422 0.418912021 0.806977440
v 2.210241420 0.436672997 0.861640167
v 2.168094882 0.419960340 0.873782537
v 2.168094882 0.419960340 0.873782537
v 2.210241420 0.436672997 0.861640167
v 2.210241412 0.483171884 0.895423513
v 2.168094873 0.476788187 0.915070459
v 2.210241403 0.540647620 0.895423516
v 2.168094861 0.547031258 0.915070462
v 2.210241395 0.587146467 0.861640174
v 2.168094852 0.603859152 0.873782545
v 2.168094852 0.603859152 0.873782545
v 2.210241395 0.587146467 0.861640174
v 2.210241392 0.604907448 0.806977449
v 2.168094848 0.625565447 0.806977449
v 2.210241395 0.587146472 0.752314808
v 2.168094852 0.603859158 0.740172352
v 2.168094852 0.603859158 0.740172352
v 2.210241395 0.587146472 0.752314808
v 2.210241403 0.540647671 0.718531333
v 2.168094861 0.547031267 0.698884473
v 2.210241412 0.483171892 0.718531373
v 2.168094873 0.476788197 0.698884513
v 2.210241420 0.436672958 0.752314801
v 2.168094882 0.419960303 0.740172344
v 2.168094882 0.419960303 0.740172344
v 2.210241420 0.436672958 0.752314801
v 2.210241420 0.436672958 0.752314801
v 2.210241412 0.483171892 0.718531373
v 2.210241403 0.540647671 0.718531333
v 2.210241395 0.587146472 0.752314808
v 2.210241392 0.604907448 0.806977449
v 2.210241395 0.587146467 0.861640174
v 2.210241403 0.540647620 0.895423516
v 2.210241412 0.483171884 0.895423513
v 2.210241420 0.436672997 0.861640167
v 2.210241422 0.418912021 0.806977440
v 2.191497849 0.774828678 0.718739277
v 2.206833780 0.689157618 0.716974981
v 2.209121139 0.682280844 0.898437657
v 2.193711444 0.772390597 0.896979539
v 2.183588260 0.800024510 0.896919651
v 2.160740181 0.820219077 0.896622013
v 2.160740181 0.820219077 0.896622013
v 2.051680826 0.837994686 0.901223960
v 2.051671175 0.837298507 0.753191708
v 2.083973390 0.827960018 0.719234770
v 2.157463221 0.814873815 0.718148481
v 2.179750144 0.799911114 0.718576412
v 2.179750144 0.799911114 0.718576412
v 2.183588260 0.800024510 0.896919651
v 2.193019992 0.809532508 0.882902516
v 2.169952691 0.829624271 0.882610134
v 2.160740181 0.820219077 0.896622013
v 2.157463221 0.814873815 0.718148481
v 2.167222063 0.825032327 0.731491792
v 2.189455215 0.809966995 0.731923343
v 2.179750144 0.799911114 0.718576412
v -2.224185932 -0.000000995 0.653262278
v -2.233997340 -0.000000998 0.858565261
v 1.114110574 0.818837500 0.395160640
v 1.247369000 0.889085019 0.652356042
v 1.247369050 0.586305450 0.652356029
v 1.114110785 0.586305353 0.395160630
v 1.433674948 0.900838346 0.769366860
v 1.433675171 0.586305518 0.769366846
v 1.316488045 0.586305458 0.728359332
v 1.316487822 0.901342092 0.728359346
v 1.089897050 0.586305352 0.333454264
v 1.074174660 0.000000080 0.331809317
v 2.022171285 0.835135327 0.542984744
v 2.022171326 0.586305710 0.542984733
v 1.943352945 0.586305648 0.689259242
v 1.943352899 0.870243120 0.689259254
v -0.623264418 0.765917415 0.324175753
v -0.623264389 0.586304815 0.324175767
v -0.660659645 0.586304805 0.422053376
v -0.660659771 0.827114147 0.422053387
v -0.752350412 0.893862089 0.598978490
v -0.752350276 0.586304782 0.598978477
v -0.830561917 0.586304763 0.729946971
v -0.830562055 0.903549822 0.729946985
v -1.560989709 0.838901426 0.444722267
v -1.491864516 0.887678156 0.598497778
v -1.491864467 0.586304532 0.598497764
v -1.560989667 0.586304485 0.444722256
v -1.491864516 0.887678156 0.598497778
v -1.389408207 0.902037923 0.734836230
v -1.389408156 0.586304586 0.734836216
v -1.491864467 0.586304532 0.598497764
v 0.772467247 -0.000000018 0.324343476
v 0.772466950 0.768871802 0.324343466
v -0.161937507 0.772497781 0.324158950
v -0.392600708 -0.000000398 0.324167361
v -0.623264418 0.765917415 0.324175753
v -0.623264389 0.586304815 0.324175767
v -1.594526070 0.760232381 0.362011695
v -1.594526041 0.586304483 0.362011687
v -1.270536068 0.905787213 0.763871823
v -0.957005727 0.907850575 0.762703068
v -0.957005588 0.586304698 0.762703054
v -1.270536016 0.586304604 0.763871809
v 1.778105740 0.889522080 0.768976671
v 1.778105789 0.586305618 0.768976658
v 1.247369000 0.889085019 0.652356042
v 1.247369050 0.586305450 0.652356029
v 1.089897193 0.768843158 0.333454251
v 1.089897050 0.586305352 0.333454264
v 1.887420853 0.880462458 0.737268529
v 1.887420901 0.586305637 0.737268516
v 1.943352899 0.870243120 0.689259254
v 1.943352945 0.586305648 0.689259242
v 2.022171326 0.586305710 0.542984733
v 2.022171285 0.835135327 0.542984744
v 2.050189015 0.809903473 0.507010295
v 2.050189052 0.586305716 0.507010285
v 2.050189015 0.809903473 0.507010295
v 2.079637209 0.765247255 0.482226744
v 2.126504282 0.685228891 0.466162409
v 2.126504282 0.685228891 0.466162409
v 2.155067699 0.389382321 0.463193588
v 2.126501981 0.000000423 0.466159967
v -0.830562055 0.903549822 0.729946985
v -0.830561917 0.586304763 0.729946971
v -1.594526070 0.760232381 0.362011695
v -1.594526041 0.586304483 0.362011687
v -0.660659645 0.586304805 0.422053376
v -0.623264389 0.586304815 0.324175767
v -1.594526041 0.586304483 0.362011687
v -1.560989667 0.586304485 0.444722256
v -0.752350276 0.586304782 0.598978477
v -1.491864467 0.586304532 0.598497764
v -1.389408156 0.586304586 0.734836216
v -0.830561917 0.586304763 0.729946971
v 2.050189052 0.586305716 0.507010285
v 1.089897050 0.586305352 0.333454264
v 1.114110785 0.586305353 0.395160630
v 2.022171326 0.586305710 0.542984733
v 1.247369050 0.586305450 0.652356029
v 1.943352945 0.586305648 0.689259242
v 1.316488045 0.586305458 0.728359332
v 1.887420901 0.586305637 0.737268516
v 1.433675171 0.586305518 0.769366846
v 1.778105789 0.586305618 0.768976658
v -1.270536016 0.586304604 0.763871809
v -0.957005588 0.586304698 0.762703054
v 2.233637593 0.178868149 0.838670750
v 2.233637593 0.178868150 0.812482291
v 2.248091450 0.178868163 0.812482291
v 2.248091450 0.178868162 0.838670750
v 2.230939021 0.172569869 0.783417571
v 2.230939021 0.172569867 0.838652567
v 2.246941912 0.172569880 0.838652654
v 2.246941912 0.172569883 0.783417571
v 2.230939050 0.000000457 0.783417563
v 2.230939021 0.172569869 0.783417571
v 2.246941912 0.172569883 0.783417571
v 2.246941595 0.000000462 0.783417563
v 2.246941595 0.000000462 0.783417563
v 2.246941912 0.172569883 0.783417571
v 2.246941912 0.172569880 0.838652654
v 2.246941595 0.000000462 0.838652474
v 2.246941595 0.000000462 0.838652474
v 2.246941912 0.172569880 0.838652654
v 2.230939021 0.172569867 0.838652567
v 2.230939050 0.000000457 0.838652474
v -2.241835093 0.214042775 0.706066491
v -2.241835093 0.214042834 0.856660431
v -2.230478442 0.214042835 0.856660431
v -2.230478442 0.214042777 0.706066491
v -2.241835058 -0.000001000 0.706066439
v -2.241835093 0.214042775 0.706066491
v -2.230478442 0.214042777 0.706066491
v -2.230478580 -0.000000997 0.706066439
v -2.230478580 -0.000000997 0.706066439
v -2.230478442 0.214042777 0.706066491
v -2.230478442 0.214042835 0.856660431
v -2.230478407 -0.000000997 0.856660422
v -2.230478407 -0.000000997 0.856660422
v -2.230478442 0.214042835 0.856660431
v -2.241835093 0.214042834 0.856660431
v -2.241835230 -0.000001000 0.856660422
v -2.241835230 -0.000001000 0.856660422
v -2.241835093 0.214042834 0.856660431
v -2.241835093 0.214042775 0.706066491
v -2.241835058 -0.000001000 0.706066439
v 2.288643107 0.214044174 0.392734777
v 2.288643107 0.214044189 0.543328717
v 2.299999930 0.214044190 0.543328717
v 2.299999930 0.214044175 0.392734777
v 2.288643142 0.000000476 0.392734724
v 2.288643107 0.214044174 0.392734777
v 2.299999930 0.214044175 0.392734777
v 2.299999620 0.000000479 0.392734724
v 2.299999620 0.000000479 0.392734724
v 2.299999930 0.214044175 0.392734777
v 2.299999930 0.214044190 0.543328717
v 2.299999965 0.000000479 0.543328707
v 2.299999965 0.000000479 0.543328707
v 2.299999930 0.214044190 0.543328717
v 2.288643107 0.214044189 0.543328717
v 2.288643142 0.000000476 0.543328707
v 2.288643142 0.000000476 0.543328707
v 2.288643107 0.214044189 0.543328717
v 2.288643107 0.214044174 0.392734777
v 2.288643142 0.000000476 0.392734724
v -2.180330630 -0.836670456 0.528995154
v -2.134880429 -0.748992254 0.403222295
v -2.138245444 -0.841455598 0.519808063
v -2.187366259 -0.816942423 0.528917513
v -2.134880429 -0.748992254 0.403222295
v -2.180330630 -0.836670456 0.528995154
v -2.194608885 -0.728829410 0.532560754
v -2.190653576 -0.726437524 0.528881239
v -2.198049650 -0.260877850 0.528799697
v -2.181731756 -0.000000981 0.496359446
v -1.864703076 -0.000000878 0.382616973
v -2.134880429 -0.748992254 0.403222295
v -2.134880429 -0.748992254 0.403222295
v -2.180330630 -0.836670456 0.528995154
v -2.138245444 -0.841455598 0.519808063
v -2.134880429 -0.748992254 0.403222295
v -2.187366259 -0.816942423 0.528917513
v -2.180330630 -0.836670456 0.528995154
v -2.194609057 -0.728829410 0.532560711
v -2.190653748 -0.726437524 0.528881239
v -2.198049650 -0.260877850 0.528799697
v -2.134880429 -0.748992254 0.403222295
v 0.618992745 -0.830354972 1.105595133
v 0.527266271 -0.852975738 1.061324142
v 0.526617907 -0.831361824 1.106767766
v 0.619776744 -0.849812164 1.060205625
v 1.126900372 -0.856954212 0.959421832
v 0.799891216 -0.875370928 0.945767395
v 1.114290604 -0.865240200 0.942536623
v 0.798077460 -0.868111255 0.961642751
v -2.266341214 -0.294119519 0.383268251
v 0.355949110 -0.695741408 1.556650913
v 0.669893354 -0.794052288 1.162008710
v 0.361116521 -0.702949809 1.563476795
v 0.655044137 -0.786383385 1.168530749
v -0.118417124 -0.794180382 1.157552739
v -0.181112162 -0.692818059 1.610706986
v -0.125012407 -0.808748849 1.151492066
v -0.181112162 -0.692818059 1.610706986
v -0.118417124 -0.794180382 1.157552739
v -0.172539739 -0.688270269 1.602769308
v -0.160984687 -0.888254365 0.951305001
v -0.161477766 -0.880284632 0.967188198
v 0.541937111 -0.861541183 1.159610014
v 0.556236543 -0.836026246 1.205207068
v 0.555685729 -0.834086246 1.159642244
v 0.542343672 -0.860434732 1.206006229
v 0.588382440 -0.836670032 1.160016576
v 0.552773277 -0.836670812 1.117182897
v 0.550367001 -0.836670814 1.159606740
v 0.592590062 -0.836669426 1.117622032
v 0.592590062 -0.836669426 1.117622032
v 0.619776744 -0.849812164 1.060205625
v 0.618992745 -0.830354972 1.105595133
v 0.593440415 -0.861550735 1.066285858
v 0.550367001 -0.836670814 1.159606740
v 0.588384341 -0.872138906 1.160016574
v 0.588382440 -0.836670032 1.160016576
v 0.550367524 -0.872139688 1.159606739
v 0.553486788 -0.861552121 1.065845086
v 0.526617907 -0.831361824 1.106767766
v 0.527266271 -0.852975738 1.061324142
v 0.552773277 -0.836670812 1.117182897
v 0.593440415 -0.861550735 1.066285858
v 0.527266271 -0.852975738 1.061324142
v 0.619776744 -0.849812164 1.060205625
v 0.553486788 -0.861552121 1.065845086
v 0.526617907 -0.831361824 1.106767766
v 0.618992745 -0.830354972 1.105595133
v -0.227168321 -0.809351124 1.153735649
v -0.270884080 -0.687752691 1.604907761
v -0.235207340 -0.794230812 1.160071383
v -0.270884080 -0.687752691 1.604907761
v -0.227168321 -0.809351124 1.153735649
v -0.263739014 -0.693915261 1.612486100
v -0.926290720 -0.687823718 1.606478855
v -0.263739014 -0.693915261 1.612486100
v -0.932808707 -0.694702339 1.614909266
v -0.270884080 -0.687752691 1.604907761
v -0.995965422 -0.802741143 1.156829063
v -0.926290720 -0.687823718 1.606478855
v -0.932808707 -0.694702339 1.614909266
v -0.987528291 -0.793826528 1.163877270
v -0.235207340 -0.794230812 1.160071383
v -0.995965422 -0.802741143 1.156829063
v -0.227168321 -0.809351124 1.153735649
v -0.235207340 -0.794230812 1.160071383
v -0.987583857 -0.884152007 0.953354179
v -0.992489046 -0.875784762 0.969248665
v -2.222213053 -0.302097810 0.654553341
v -2.254382388 -0.306403209 0.867165763
v -2.230421313 -0.294961933 0.858277950
v -2.254382388 -0.306403209 0.867165763
v -2.222213053 -0.302097810 0.654553341
v -2.228610829 -0.313344183 0.646109961
v -2.198049650 -0.260877850 0.528799697
v -2.224574175 -0.300426752 0.554758419
v -2.190653748 -0.726437524 0.528881239
v -2.207689155 -0.731043870 0.553736784
v 2.057195436 -0.825481415 0.678643094
v 2.001243403 -0.843777880 0.735287955
v 2.081243028 -0.808538980 0.582393130
v 2.014398815 -0.840834232 0.750835167
v 1.927367525 -0.856430750 0.802594488
v 2.014603559 -0.836658588 0.942309905
v 1.999991490 -0.834179585 0.955511850
v 2.147304113 -0.808942444 0.953594172
v 2.149576304 -0.809244822 0.942184525
v 2.170700585 -0.789452328 0.940705119
v 2.147304113 -0.808942444 0.953594172
v 2.149576304 -0.809244822 0.942184525
v 1.827572386 -0.851501630 0.959580993
v 1.793441253 -0.866415561 0.837909458
v 1.416452492 -0.882139832 0.836148526
v 1.997895088 -0.827718644 0.967549952
v 2.169793018 -0.789002853 0.953029830
v 1.230890382 -0.880362132 0.963771638
v 2.179934808 -0.764694931 0.953536869
v 2.180066135 -0.766865439 0.940772852
v 2.187838869 -0.706571954 0.953641744
v 2.188870179 -0.706034539 0.941087384
v 2.176642336 -0.763628032 0.963434968
v 2.184006613 -0.705539481 0.963323032
v 2.163024685 -0.704554320 0.977723376
v 2.176642336 -0.763628032 0.963434968
v 2.184006613 -0.705539481 0.963323032
v 2.155509777 -0.750461422 0.977608075
v 2.146651609 -0.770362750 0.978153632
v 2.164710919 -0.785471254 0.963310103
v 2.164710919 -0.785471254 0.963310103
v 2.141527808 -0.802109497 0.964776152
v 2.169793018 -0.789002853 0.953029830
v 2.164710919 -0.785471254 0.963310103
v 2.141527808 -0.802109497 0.964776152
v 2.128573691 -0.781271997 0.979758418
v 1.997895088 -0.827718644 0.967549952
v 2.128573691 -0.781271997 0.979758418
v 2.070676230 -0.792127393 0.982938349
v 2.070676230 -0.792127393 0.982938349
v 1.829541940 -0.844581820 0.973113667
v 1.997895088 -0.827718644 0.967549952
v 1.829541940 -0.844581820 0.973113667
v 1.829504019 -0.814439344 0.990454815
v 1.224554992 -0.874661231 0.978460831
v 1.224554992 -0.874661231 0.978460831
v 1.829504019 -0.814439344 0.990454815
v 1.219265731 -0.852509258 0.996859227
v 1.147131222 -0.859904491 0.973890596
v 1.138381632 -0.883412732 0.922954564
v 1.114290604 -0.865240200 0.942536623
v 1.147131222 -0.859904491 0.973890596
v 1.126900372 -0.856954212 0.959421832
v 1.149992147 -0.886555693 0.916478110
v 1.277957536 -0.885842246 0.782073236
v 1.029204052 -0.884316089 0.799365092
v 0.992403985 -0.871994228 0.801725008
v 1.041443625 -0.886970108 0.796109243
v 1.193866786 -0.877829866 0.688855245
v 0.873302799 -0.869567281 0.604177060
v 0.856280316 -0.859678149 0.628219571
v 0.881863848 -0.870747926 0.590291338
v 1.051528188 -0.814645656 0.414467910
v 0.778075821 -0.819066858 0.413398252
v 0.790264043 -0.874054373 0.588756135
v 0.791503029 -0.871310647 0.602250807
v 0.792737704 -0.860328329 0.628947425
v 0.757269676 -0.767310933 1.168661214
v 0.377122857 -0.693127024 1.585416614
v 0.709988648 -0.791966911 1.163070181
v 0.402573849 -0.661691485 1.608973028
v 0.336993265 -0.686450141 1.611372754
v 0.347526794 -0.659486604 1.642092155
v 0.347526794 -0.659486604 1.642092155
v 0.290821184 -0.682707685 1.623309344
v 0.336993265 -0.686450141 1.611372754
v 0.377473741 -0.632132874 1.637434542
v 0.402573849 -0.661691485 1.608973028
v 0.300914717 -0.658080495 1.655072982
v 0.240972302 -0.682392604 1.629572349
v 0.352329863 -0.638118366 1.652577260
v 0.250504078 -0.657742536 1.662238211
v -0.210520710 -0.683927278 1.641055501
v 0.306509538 -0.639165152 1.666513049
v 0.363532427 -0.573092253 1.663656094
v 0.395432042 -0.561848309 1.646327185
v 0.429526258 -0.328001599 1.659208924
v -0.210520710 -0.683927278 1.641055501
v 0.250504078 -0.657742536 1.662238211
v -0.223757214 -0.660818061 1.675445844
v -0.236647642 -0.684502224 1.640302183
v -0.946594214 -0.679354017 1.644002767
v 0.393425739 -0.323260878 1.679807557
v -0.951126020 -0.656269746 1.680217550
v -1.893625158 -0.665873588 1.637739074
v 0.250489081 -0.639480035 1.673348238
v -0.223757214 -0.660818061 1.675445844
v -0.223311878 -0.643144462 1.687503766
v -0.951126020 -0.656269746 1.680217550
v -1.893625158 -0.665873588 1.637739074
v -1.905277211 -0.644532411 1.666654716
v -1.905277211 -0.644532411 1.666654716
v -1.991508305 -0.658931216 1.635076866
v 0.314172230 -0.576385035 1.676152977
v 0.259486840 -0.574309024 1.685336879
v 0.347112766 -0.316322334 1.693536015
v 0.285895083 -0.313602056 1.701970907
v -1.999550826 -0.306042961 1.693732661
v -2.023969995 -0.307105102 1.654717795
v -2.018422702 -0.526885961 1.645233832
v -1.995174786 -0.534017149 1.675664038
v -1.972327265 -0.305896378 1.706830510
v -1.999550826 -0.306042961 1.693732661
v -1.974665082 -0.540117070 1.688787738
v -1.995174786 -0.534017149 1.675664038
v -1.988817493 -0.627944467 1.664706705
v -1.988817493 -0.627944467 1.664706705
v -2.013169276 -0.626758739 1.637085200
v -2.006476957 -0.646747701 1.634270294
v -1.991508305 -0.658931216 1.635076866
v -2.006476957 -0.646747701 1.634270294
v -1.970460890 -0.638299233 1.664879222
v -1.967757322 -0.620259530 1.675594407
v -1.905870424 -0.627058043 1.678693852
v -1.905404245 -0.546542154 1.694471320
v -0.954130335 -0.638229743 1.692291673
v -0.954475812 -0.566705075 1.707120038
v -0.224402660 -0.569532657 1.702374527
v -0.224635368 -0.305907468 1.722838571
v -0.954704125 -0.305630608 1.727147187
v -1.905205399 -0.305283251 1.715134248
v -1.011783919 -0.710252749 1.554247394
v -1.056682719 -0.697067702 1.576700111
v -1.038477607 -0.704546120 1.544124386
v -1.036451094 -0.699060908 1.596380664
v -1.088149751 -0.693152339 1.592082216
v -1.083262488 -0.691661773 1.615669995
v -1.821491507 -0.682172466 1.586000691
v -1.820222534 -0.679677951 1.608472021
v -1.861067527 -0.680079649 1.603616555
v -1.855162137 -0.683249152 1.578540925
v -1.891372438 -0.683666103 1.586746598
v -1.875398329 -0.686230329 1.563458699
v -1.891056012 -0.692894252 1.532000112
v -1.920761681 -0.694512616 1.542689962
v -1.974096827 -0.750397047 1.264509488
v -2.010518075 -0.766591074 1.262350698
v -1.974775347 -0.758941807 1.225650421
v -2.009020053 -0.779648936 1.212458127
v -1.964739027 -0.765030913 1.198760174
v -1.984739103 -0.788669536 1.174838563
v -1.934403782 -0.770445718 1.176484800
v -1.948565166 -0.793879163 1.153950735
v -1.899590161 -0.773036397 1.167374661
v -1.898154871 -0.795426207 1.148294211
v -1.128830141 -0.784471339 1.174242595
v -1.123614989 -0.800205284 1.154317485
v -1.076965515 -0.794851047 1.183205034
v -1.100685915 -0.780481385 1.194511878
v -1.059786977 -0.785932899 1.224391098
v -1.087421324 -0.773529517 1.227095875
v -2.202668064 -0.741480052 1.123110179
v -2.192229830 -0.784048318 1.123318714
v -1.991508305 -0.658931216 1.635076866
v -2.192229830 -0.784048318 1.123318714
v -2.168649633 -0.795977839 1.123536385
v -1.018766876 -0.812932315 1.124801394
v -0.950996152 -0.696719162 1.611013759
v -1.019347162 -0.803228623 1.153676707
v 0.772467373 -0.768871819 0.324343485
v 1.058452298 -0.762567406 0.330164383
v -0.161937082 -0.772498448 0.324158968
v -0.162809999 -0.826030942 0.414458775
v -0.623263996 -0.765918404 0.324175772
v -0.637455534 -0.826351064 0.425272196
v 2.217973273 -0.344643231 0.674195675
v 2.222763421 -0.348002431 0.899863937
v 0.324231144 -0.690748288 1.578456820
v 0.327583938 -0.696831408 1.585926065
v 0.278290867 -0.687950625 1.591465740
v 0.279725292 -0.693451522 1.599363088
v 0.234210016 -0.687296542 1.595443110
v 0.234644239 -0.692320302 1.603320294
v 0.552773277 -0.836670812 1.117182897
v 0.550367524 -0.872139688 1.159606739
v 0.550367001 -0.836670814 1.159606740
v 0.553486788 -0.861552121 1.065845086
v 0.553486788 -0.861552121 1.065845086
v 0.588384341 -0.872138906 1.160016574
v 0.550367524 -0.872139688 1.159606739
v 0.593440415 -0.861550735 1.066285858
v 0.592590062 -0.836669426 1.117622032
v 0.588384341 -0.872138906 1.160016574
v 0.593440415 -0.861550735 1.066285858
v 0.588382440 -0.836670032 1.160016576
v -2.223199751 -0.151049279 0.653907831
v -2.223199751 -0.151049279 0.653907831
v -2.037368722 -0.524698176 1.596896154
v -2.040344288 -0.308003620 1.587180579
v -2.035505677 -0.524026117 1.581790663
v -2.042423971 -0.307932507 1.603021465
v -2.235092642 -0.742529113 0.971899676
v -2.255581907 -0.307937727 0.954989496
v -2.242297338 -0.741639211 0.954090441
v -2.247362446 -0.307937468 0.973485438
v 0.799091710 -0.878499495 0.803890088
v 0.894170215 -0.412519278 1.185140826
v 1.002171042 -0.509744695 1.168836500
v 0.836902190 -0.629377721 1.176312806
v 0.942499501 -0.737081908 1.144729093
v 0.786833845 -0.733601607 1.169772322
v 0.875446751 -0.771419523 1.137314307
v 0.807128644 -0.792214037 1.134830992
v 0.757269676 -0.767310933 1.168661214
v 0.992878612 -0.806134024 1.105447951
v 0.992625771 -0.737636763 1.135205327
v 0.763721578 -0.812045225 1.113606575
v 0.709988648 -0.791966911 1.163070181
v 0.770313419 -0.828318006 1.104539694
v 1.465709431 -0.726506839 1.104590885
v 0.992971335 -0.820534454 1.097075620
v 0.790488433 -0.855540700 1.050392062
v 0.992971335 -0.820534454 1.097075620
v 0.770313419 -0.828318006 1.104539694
v 1.466009493 -0.788870872 1.088129727
v 0.993523532 -0.847323274 1.047079856
v 0.796265085 -0.875377996 0.977518278
v 1.467857718 -0.798293901 1.080605332
v 0.992878612 -0.806134024 1.105447951
v 1.467857718 -0.798293901 1.080605332
v 1.466009493 -0.788870872 1.088129727
v 1.833131521 -0.765975255 1.064968029
v 1.833131521 -0.765975255 1.064968029
v 1.834500619 -0.712935111 1.077149308
v 2.054798454 -0.744079260 1.048966863
v 1.467792059 -0.819431023 1.039809671
v 2.054735714 -0.702350484 1.052711138
v 1.832183972 -0.775674036 1.057645707
v 2.054798454 -0.744079260 1.048966863
v 1.831148184 -0.793910771 1.029012452
v 2.059288378 -0.754656395 1.041472800
v 1.832183972 -0.775674036 1.057645707
v 2.059288378 -0.754656395 1.041472800
v 2.063973398 -0.772298196 1.017061385
v 2.110969026 -0.763186929 1.014373240
v 2.146651609 -0.770362750 0.978153632
v 2.091280715 -0.745030769 1.037895959
v 2.091280715 -0.745030769 1.037895959
v 2.082561108 -0.736552275 1.045369599
v 2.110969026 -0.763186929 1.014373240
v 2.105125504 -0.736436887 1.036947978
v 2.126925727 -0.753375173 1.012263828
v 2.126925727 -0.753375173 1.012263828
v 2.146651609 -0.770362750 0.978153632
v 2.138491429 -0.737182184 1.011592374
v 2.126925727 -0.753375173 1.012263828
v 2.138491429 -0.737182184 1.011592374
v 2.155509777 -0.750461422 0.977608075
v 2.163024685 -0.704554320 0.977723376
v 2.144073667 -0.701755663 1.011260612
v 2.093183397 -0.727736845 1.044896513
v 2.117799383 -0.723440719 1.037646491
v 2.117799383 -0.723440719 1.037646491
v 2.120312854 -0.698620245 1.039037831
v 2.102943270 -0.700162905 1.046187807
v 2.120312854 -0.698620245 1.039037831
v 2.101552106 -0.711841927 1.045928169
v -0.198689402 -0.807620952 1.155556125
v -0.150182482 -0.808149697 1.155832049
v -0.173822135 -0.818469698 1.123945185
v -1.420136968 -0.883690963 0.808605523
v -2.187129970 -0.847288874 0.646559068
v -1.563674905 -0.869347596 0.638748838
v -2.196308527 -0.860032651 0.834751673
v -1.281318519 -0.886479996 0.839065890
v -2.199214086 -0.856560515 0.955466264
v -0.949423648 -0.886435563 0.839471589
v 2.256198344 -0.719247489 0.608166673
v 2.215871762 -0.710799757 0.448691642
v 2.208184500 -0.708843955 0.608166760
v 2.256659538 -0.719435079 0.437259503
v 2.263740146 -0.720855334 0.599994434
v -0.161969982 -0.886841313 0.981964684
v -0.168398785 -0.865768822 1.062044456
v -0.173149298 -0.838708474 1.113403207
v -0.173149298 -0.838708474 1.113403207
v -0.173822135 -0.818469698 1.123945185
v -0.155770919 -0.872592444 0.633640327
v -0.155564448 -0.889268434 0.811404745
v -0.158255093 -0.881922579 0.594861659
v -0.156566805 -0.882062006 0.604914178
v 0.563458996 -0.870092664 1.205286689
v 0.583035455 -0.886358464 1.205502809
v 0.587732702 -0.844143932 1.205554514
v 0.556236543 -0.836026246 1.205207068
v 0.542343672 -0.860434732 1.206006229
v -0.673899956 -0.885561289 0.601777979
v -0.679163450 -0.875381754 0.628866337
v -0.672118688 -0.884786427 0.590178710
v -0.995736708 -0.881923680 0.983827557
v -1.010070616 -0.859662961 1.064198247
v -1.017807172 -0.832619589 1.115707627
v -1.017807172 -0.832619589 1.115707627
v -1.018766876 -0.812932315 1.124801394
v -0.787685774 -0.884513202 0.791072212
v 2.158649800 -0.162450547 0.513960740
v 2.160259537 -0.390492103 0.517984461
v 2.155067826 -0.389381555 0.463193553
v 2.126504850 -0.685228134 0.466162436
v 2.128409948 -0.685114648 0.524647852
v 2.105460201 -0.758044575 0.532564372
v 2.079637458 -0.765246516 0.482226764
v 2.050189624 -0.809902745 0.507010311
v 2.081243028 -0.808538980 0.582393130
v 2.243324139 -0.354956190 0.917487211
v 2.222763421 -0.348002431 0.899863937
v 2.230053600 -0.349695252 0.635395378
v 2.195230334 -0.386323256 0.594673825
v 2.208435040 -0.404198241 0.664211014
v 2.232218943 -0.379212571 0.675250768
v -2.196135667 -0.849558411 0.970622942
v -2.225572826 -0.832648561 0.971370833
v -2.234669175 -0.840230607 0.955131571
v -2.225572826 -0.832648561 0.971370833
v -2.234669175 -0.840230607 0.955131571
v -2.203333127 -0.831419033 0.555575913
v -2.226582437 -0.735091734 0.615635659
v -2.188539060 -0.845172995 0.552373792
v -2.188539060 -0.845172995 0.552373792
v -2.219936809 -0.842597312 0.616008264
v -2.218863619 -0.841598748 0.628119483
v -2.223379239 -0.736158031 0.627764112
v -2.214387846 -0.736673944 0.646105892
v -2.214683056 -0.832596497 0.646387542
v -2.219936809 -0.842597312 0.616008264
v -2.196451228 -0.859612724 0.615725273
v -2.196451228 -0.859612724 0.615725273
v -2.196126014 -0.857437907 0.627133886
v -2.214683056 -0.832596497 0.646387542
v -2.218863619 -0.841598748 0.628119483
v -1.544866241 -0.882738340 0.614746656
v -1.550691835 -0.882484391 0.605597094
v -1.609554436 -0.833381592 0.451239967
v -1.594525477 -0.760233862 0.362011715
v -1.560989091 -0.838902904 0.444722280
v -1.491863882 -0.887679624 0.598497786
v -1.389407569 -0.902039370 0.734836151
v -1.409460903 -0.902554686 0.775352139
v -1.270535428 -0.905788624 0.763871744
v -1.277470060 -0.907348863 0.807704849
v -0.945261780 -0.907873426 0.806897932
v -0.957005086 -0.907851711 0.762702989
v -0.802767480 -0.902851709 0.769501210
v -0.830561416 -0.903550914 0.729946906
v -0.693980349 -0.885696842 0.601891770
v -0.752349776 -0.893863144 0.598978498
v -0.690872888 -0.884890526 0.590229121
v -0.660659157 -0.827115157 0.422053401
v 2.233786586 -0.356353736 0.943806653
v 2.231723965 -0.354230257 0.955858370
v 2.229538635 -0.356369184 0.964927145
v 2.207999000 -0.354440005 0.982158595
v 2.207999000 -0.354440005 0.982158595
v 2.183044529 -0.362963682 1.016670353
v 2.154343976 -0.374601131 1.045379697
v 2.141347122 -0.377955219 1.055852737
v 2.141347122 -0.377955219 1.055852737
v 2.090974917 -0.386578449 1.063328617
v 1.854261610 -0.425901033 1.098460254
v 1.481793110 -0.473725617 1.131613676
v 1.053927177 -0.516342083 1.161161303
v 2.229939148 -0.258087947 0.570609433
v 2.236080824 -0.269489553 0.467200486
v 2.240536639 -0.371795450 0.467200524
v 2.234532839 -0.358162327 0.595664248
v 2.210116140 -0.710696530 0.595664405
v 2.218995336 -0.712602611 0.461902592
v 2.195920468 -0.788408245 0.608166800
v 2.092783230 -0.834164211 0.482060534
v 2.039280557 -0.842915456 0.607756229
v 2.204804491 -0.797058560 0.453768093
v 2.195920468 -0.788408245 0.608166800
v 2.215871762 -0.710799757 0.448691642
v 2.204804491 -0.797058560 0.453768093
v 2.208184500 -0.708843955 0.608166760
v 0.630469169 -0.789287223 1.157054490
v 0.638974379 -0.795526874 1.149667281
v -0.125012407 -0.808748849 1.151492066
v -0.125012407 -0.808748849 1.151492066
v 0.630469169 -0.789287223 1.157054490
v -0.118417124 -0.794180382 1.157552739
v 0.587560357 -0.842653235 1.160014852
v 0.583035455 -0.886358464 1.205502809
v 0.579644920 -0.896352815 1.159927644
v 0.587732702 -0.844143932 1.205554514
v 0.587560357 -0.842653235 1.160014852
v 0.556236543 -0.836026246 1.205207068
v 0.587732702 -0.844143932 1.205554514
v 0.555685729 -0.834086246 1.159642244
v -2.190201239 -0.307935831 1.181434731
v -2.203440066 -0.307936091 1.167699551
v -2.182128050 -0.604275826 1.181848862
v -2.194419671 -0.604083922 1.168119715
v -2.181632211 -0.624338640 1.190327529
v -2.190994488 -0.635341856 1.181965366
v -2.181466929 -0.645003669 1.209196338
v -2.175086216 -0.629686451 1.207702110
v -2.049613283 -0.583274978 1.553845319
v -2.044966702 -0.569408945 1.550072006
v -2.039276916 -0.562703834 1.582616364
v -2.034966923 -0.553125003 1.569773758
v -2.238859752 -0.740725348 0.831537365
v -2.232209413 -0.147481604 0.858421692
v -2.230421313 -0.294961933 0.858277950
v -2.254382388 -0.306403209 0.867165763
v -2.230421313 -0.294961933 0.858277950
v -2.232209413 -0.147481604 0.858421692
v 2.172633884 -0.399271900 0.568541334
v 2.165010093 -0.684590545 0.598137595
v 2.181051934 -0.688035241 0.664786073
v 2.144819572 -0.683815901 0.573527295
v 2.173241629 -0.750576273 0.664967980
v 2.141338219 -0.740620183 0.584917723
v 2.159708088 -0.725740977 0.603179622
v 2.143990266 -0.787696299 0.633076936
v 2.148155493 -0.795002851 0.664670166
v 2.148155493 -0.795002851 0.664670166
v 2.143990266 -0.787696299 0.633076936
v -2.274204196 -0.726225295 0.521539313
v -2.194608885 -0.728829410 0.532560754
v -2.190653748 -0.726437524 0.528881239
v -2.194608885 -0.728829410 0.532560754
v -2.274204196 -0.726225295 0.521539313
v -2.279730599 -0.729253650 0.525125547
v -2.282724398 -0.726382733 0.516490606
v -2.279730599 -0.729253650 0.525125547
v -2.279730599 -0.729253650 0.525125547
v -2.187366259 -0.816942423 0.528917513
v -2.194608885 -0.728829410 0.532560754
v -2.289103907 -0.729892275 0.519847406
v -2.270331077 -0.833549308 0.521673737
v -2.289103907 -0.729892275 0.519847406
v -2.244477308 -0.850472773 0.521838584
v -2.180330630 -0.836670456 0.528995154
v -2.270331077 -0.833549308 0.521673737
v -2.289103907 -0.729892275 0.519847406
v -2.276833640 -0.834669205 0.516695907
v -2.276833640 -0.834669205 0.516695907
v -2.293137634 -0.730439468 0.482248653
v -2.293137634 -0.730439468 0.482248653
v -2.276833640 -0.834669205 0.516695907
v -2.289103907 -0.729892275 0.519847406
v -2.293137634 -0.730439468 0.482248653
v -2.282724398 -0.726382733 0.516490606
v -2.286340017 -0.725400195 0.480881012
v -2.258882413 -0.717455270 0.383268447
v -2.258882413 -0.717455270 0.383268447
v -2.269087456 -0.722327369 0.379480312
v -2.253362717 -0.800027575 0.383268358
v -2.269087456 -0.722327369 0.379480312
v -2.279680601 -0.836746560 0.480880835
v -2.279680601 -0.836746560 0.480880835
v -2.247375799 -0.856295265 0.515787219
v -2.247375799 -0.856295265 0.515787219
v -2.253362717 -0.800027575 0.383268358
v -2.246370168 -0.859684680 0.480880834
v -2.279680601 -0.836746560 0.480880835
v -2.247375799 -0.856295265 0.515787219
v -2.230585990 -0.815140216 0.387589124
v -2.152732394 -0.816840814 0.397609673
v -2.155813907 -0.874973101 0.480880833
v -2.151381204 -0.871032786 0.515264798
v -2.152742038 -0.864803130 0.521281264
v -2.151381204 -0.871032786 0.515264798
v -2.138245444 -0.841455598 0.519808063
v -2.151381204 -0.871032786 0.515264798
v -2.138245444 -0.841455598 0.519808063
v -2.152742038 -0.864803130 0.521281264
v -2.136635744 -0.844284807 0.514199192
v -2.155813907 -0.874973101 0.480880833
v -2.136146114 -0.839509135 0.480880835
v -2.134880429 -0.748992254 0.403222295
v -2.152732394 -0.816840814 0.397609673
v -2.134880429 -0.748992254 0.403222295
v -2.258882413 -0.717455270 0.383268447
v -2.152732394 -0.816840814 0.397609673
v -2.230585990 -0.815140216 0.387589124
v -2.253362717 -0.800027575 0.383268358
v -2.269087456 -0.722327369 0.379480312
v -2.195460591 -0.857083410 0.985753079
v -2.232289785 -0.838374628 0.985433208
v -2.189664988 -0.838591520 1.059885065
v -2.240714008 -0.742013890 0.985068186
v -2.232289785 -0.838374628 0.985433208
v -2.221887065 -0.818956126 1.058075877
v -2.221887065 -0.818956126 1.058075877
v -2.230399869 -0.742609687 1.054752473
v -2.177544166 -0.809080945 1.115899276
v -2.177544166 -0.809080945 1.115899276
v -2.168649633 -0.795977839 1.123536385
v -2.206131838 -0.793450755 1.114119128
v -2.206131838 -0.793450755 1.114119128
v -2.206131838 -0.793450755 1.114119128
v -2.213612121 -0.742390895 1.113895944
v -2.192229830 -0.784048318 1.123318714
v -2.202668064 -0.741480052 1.123110179
v 2.195920468 -0.788408245 0.608166800
v 2.256198344 -0.719247489 0.608166673
v 2.208184500 -0.708843955 0.608166760
v 2.246106547 -0.821720735 0.608166583
v 2.057242324 -0.888467868 0.608166666
v 2.039280557 -0.842915456 0.607756229
v 2.039280557 -0.842915456 0.607756229
v 2.051416386 -0.888219434 0.598312085
v 2.057242324 -0.888467868 0.608166666
v 2.253499443 -0.822177964 0.599994430
v 2.256198344 -0.719247489 0.608166673
v 2.246106547 -0.821720735 0.608166583
v 2.263740146 -0.720855334 0.599994434
v 2.060927054 -0.894409277 0.599994427
v 2.246106547 -0.821720735 0.608166583
v 2.057242324 -0.888467868 0.608166666
v 2.060927054 -0.894409277 0.599994427
v 2.057242324 -0.888467868 0.608166666
v 2.051416386 -0.888219434 0.598312085
v 2.246106547 -0.821720735 0.608166583
v 2.060927054 -0.894409277 0.599994427
v 2.253499443 -0.822177964 0.599994430
v 2.108029189 -0.872205412 0.473920350
v 2.108029189 -0.872205412 0.473920350
v 2.039280557 -0.842915456 0.607756229
v 2.108029189 -0.872205412 0.473920350
v 2.051416386 -0.888219434 0.598312085
v 2.092783230 -0.834164211 0.482060534
v 2.204804491 -0.797058560 0.453768093
v 2.108029189 -0.872205412 0.473920350
v 2.092783230 -0.834164211 0.482060534
v 2.246051397 -0.821537008 0.438103600
v 2.246051397 -0.821537008 0.438103600
v 2.246051397 -0.821537008 0.438103600
v 2.263740146 -0.720855334 0.599994434
v 2.253499443 -0.822177964 0.599994430
v 2.215871762 -0.710799757 0.448691642
v 2.256659538 -0.719435079 0.437259503
v 2.256659538 -0.719435079 0.437259503
v -2.237212381 -0.300427038 0.628463722
v -2.239520420 -0.300427037 0.615757698
v -2.215837334 -0.307936931 1.123744943
v -2.215837334 -0.307936931 1.123744943
v -2.227146418 -0.307936932 1.115089795
v -2.243446086 -0.307937471 1.056942303
v -2.255983125 -0.307937729 0.987242592
v 2.022171558 -0.835134612 0.542984757
v 2.050189624 -0.809902745 0.507010311
v 2.054164240 -0.831903145 0.559883581
v 2.054164240 -0.831903145 0.559883581
v 1.943353527 -0.870242443 0.689259264
v 1.973348391 -0.867790492 0.714206239
v 1.973348391 -0.867790492 0.714206239
v 2.001243403 -0.843777880 0.735287955
v 1.887421485 -0.880461803 0.737268452
v 1.907550651 -0.880208024 0.774538156
v 1.778106030 -0.889521464 0.768976594
v 1.784572401 -0.889496819 0.807712347
v 1.433675586 -0.900838014 0.769366781
v 1.424408097 -0.900905835 0.807800415
v 1.294574837 -0.899990187 0.760320238
v 1.316488460 -0.901341795 0.728359267
v 1.216886174 -0.891474474 0.673842086
v 1.247369635 -0.889084737 0.652356051
v 1.078968560 -0.821130119 0.408509352
v 1.114111186 -0.818837239 0.395160655
v 1.078968560 -0.821130119 0.408509352
v 1.089897616 -0.768842900 0.333454270
v 1.114111186 -0.818837239 0.395160655
v 1.058452298 -0.762567406 0.330164383
v -0.932808707 -0.694702339 1.614909266
v -0.263739014 -0.693915261 1.612486100
v -0.995965422 -0.802741143 1.156829063
v -0.227168321 -0.809351124 1.153735649
v 2.195671531 -0.352488055 1.016892936
v 2.167488011 -0.359526229 1.054911046
v 2.147143759 -0.362733523 1.066320090
v 2.154343976 -0.374601131 1.045379697
v 2.167488011 -0.359526229 1.054911046
v 2.147143759 -0.362733523 1.066320090
v 2.167488011 -0.359526229 1.054911046
v 2.147143759 -0.362733523 1.066320090
v 2.116272007 -0.367144733 1.074028291
v 1.851545110 -0.404336237 1.113451999
v 1.487874804 -0.449181023 1.145713021
v 1.069523331 -0.495058507 1.171783767
v 0.861812851 -0.408543164 1.210798292
v 0.882664486 -0.411368794 1.202807532
v 0.810346290 -0.619442272 1.203446749
v 0.828061598 -0.626415894 1.194556177
v 0.756588047 -0.728710644 1.197295074
v 0.447572295 -0.334486365 1.648976477
v 0.775787242 -0.734436188 1.188572366
v 0.454833004 -0.339688974 1.629097727
v 0.761334250 -0.751279434 1.187738734
v 0.415497612 -0.555943519 1.637457812
v 0.408736027 -0.629960808 1.608928564
v 0.427414381 -0.543565896 1.620170954
v 0.410561159 -0.646947442 1.614188005
v 0.397893652 -0.631402000 1.628325093
v 0.410561159 -0.646947442 1.614188005
v 0.408736027 -0.629960808 1.608928564
v 0.240972302 -0.682392604 1.629572349
v 0.290821184 -0.682707685 1.623309344
v 0.763721578 -0.812045225 1.113606575
v 0.540253997 -0.886138909 1.324285502
v 0.530854838 -0.894327350 1.347351765
v 0.537320345 -0.875365300 1.329098399
v 0.535605864 -0.899770424 1.337407478
v 0.545101360 -0.871730890 1.205502982
v 0.544731509 -0.872737553 1.163288710
v 0.539580302 -0.887786085 1.144435928
v 0.535143116 -0.881388479 1.134744643
v 0.505518638 -0.987514531 1.142390882
v 0.498185201 -0.989596627 1.132525529
v 0.500389836 -1.002563840 1.160420545
v 0.491294003 -1.009817138 1.156750465
v 0.500769856 -1.001740384 1.320421357
v 0.491689189 -1.008961023 1.323162671
v 0.503271609 -0.994438141 1.333273788
v 0.495518513 -0.997783956 1.342834263
v 0.040176597 -0.897218837 0.901173129
v 0.044126993 -0.883313641 0.944990293
v 0.037409087 -0.895577515 0.940040726
v 0.047166981 -0.885116881 0.902297765
v -0.118867961 -0.899268472 0.901476542
v 0.047166981 -0.885116881 0.902297765
v 0.040176597 -0.897218837 0.901173129
v -0.125726159 -0.887344722 0.902627632
v -0.121973353 -0.897646366 0.941306511
v -0.125726159 -0.887344722 0.902627632
v -0.118867961 -0.899268472 0.901476542
v -0.129138325 -0.885562422 0.946389128
v -0.779089307 -0.898465281 0.896391426
v -0.774765785 -0.883613137 0.940417300
v -0.781628289 -0.895725520 0.935501254
v -0.771977248 -0.886521623 0.897481335
v -0.938136364 -0.896954533 0.897479438
v -0.771977248 -0.886521623 0.897481335
v -0.779089307 -0.898465281 0.896391426
v -0.944873405 -0.884878345 0.898664050
v -0.941009178 -0.894225803 0.937553276
v -0.944873405 -0.884878345 0.898664050
v -0.938136364 -0.896954533 0.897479438
v -0.948029122 -0.881983474 0.942670879
v -2.276229321 -0.264762850 0.889409600
v -2.252278751 -0.294632202 0.937319689
v -2.278376045 -0.265987188 0.921993511
v -2.250132198 -0.302177944 0.892016742
v 0.882664486 -0.411368794 1.202807532
v 0.894170215 -0.412519278 1.185140826
v 0.828061598 -0.626415894 1.194556177
v 0.836902190 -0.629377721 1.176312806
v 0.775787242 -0.734436188 1.188572366
v 0.786833845 -0.733601607 1.169772322
v 0.761334250 -0.751279434 1.187738734
v 0.786833845 -0.733601607 1.169772322
v 0.775787242 -0.734436188 1.188572366
v 0.397893652 -0.631402000 1.628325093
v 0.415497612 -0.555943519 1.637457812
v 0.447572295 -0.334486365 1.648976477
v -2.250132198 -0.302177944 0.892016742
v 0.036991063 -0.883187831 0.950112290
v 0.037409087 -0.895577515 0.940040726
v 0.044126993 -0.883313641 0.944990293
v 0.037409087 -0.895577515 0.940040726
v 0.036991063 -0.883187831 0.950112290
v 0.030273155 -0.888924151 0.946601284
v -0.122588108 -0.885255648 0.951642883
v 0.030273155 -0.888924151 0.946601284
v -0.115423223 -0.890811693 0.947998999
v -0.129138325 -0.885562422 0.946389128
v -0.115423223 -0.890811693 0.947998999
v -0.122588108 -0.885255648 0.951642883
v -0.129138325 -0.885562422 0.946389128
v -0.121973353 -0.897646366 0.941306511
v 0.565006997 -0.880386981 1.159765985
v 0.541937111 -0.861541183 1.159610014
v 0.555685729 -0.834086246 1.159642244
v 0.587560357 -0.842653235 1.160014852
v 0.579644920 -0.896352815 1.159927644
v -0.781871814 -0.883328080 0.945574283
v -0.781628289 -0.895725520 0.935501254
v -0.774765785 -0.883613137 0.940417300
v -0.781628289 -0.895725520 0.935501254
v -0.781871814 -0.883328080 0.945574283
v -0.788733801 -0.888912565 0.942097057
v -0.941448056 -0.881823193 0.947892318
v -0.788733801 -0.888912565 0.942097057
v -0.934427164 -0.887538312 0.944213449
v -0.948029122 -0.881983474 0.942670879
v -0.934427164 -0.887538312 0.944213449
v -0.941448056 -0.881823193 0.947892318
v -0.948029122 -0.881983474 0.942670879
v -0.941009178 -0.894225803 0.937553276
v 2.229491754 -0.339350545 0.665672284
v 2.229491754 -0.339350545 0.665672284
v 2.217973273 -0.344643231 0.674195675
v 2.217973273 -0.344643231 0.674195675
v 2.237622979 -0.360212047 0.693187021
v 2.229491754 -0.339350545 0.665672284
v 2.222763421 -0.348002431 0.899863937
v 2.237622979 -0.360212047 0.693187021
v 2.217973273 -0.344643231 0.674195675
v 2.237622979 -0.360212047 0.693187021
v 2.222763421 -0.348002431 0.899863937
v 2.243324139 -0.354956190 0.917487211
v 2.236080824 -0.269489553 0.467200486
v 2.283869583 -0.266945630 0.449516589
v 2.240536639 -0.371795450 0.467200524
v 2.283115075 -0.368111317 0.449516584
v 2.254554521 -0.719951553 0.451361820
v 2.218995336 -0.712602611 0.461902592
v -0.118867961 -0.899268472 0.901476542
v 0.040176597 -0.897218837 0.901173129
v -0.121973353 -0.897646366 0.941306511
v -0.115423223 -0.890811693 0.947998999
v -0.938136364 -0.896954533 0.897479438
v -0.779089307 -0.898465281 0.896391426
v -0.941009178 -0.894225803 0.937553276
v -0.934427164 -0.887538312 0.944213449
v -2.278376045 -0.265987188 0.921993511
v 2.229491754 -0.339350545 0.665672284
v 2.237622979 -0.360212047 0.693187021
v 2.232218943 -0.379212571 0.675250768
v 2.181051934 -0.688035241 0.664786073
v 2.208435040 -0.404198241 0.664211014
v 2.187478335 -0.775024481 0.679603228
v 2.190140715 -0.774944427 0.691855167
v 2.173241629 -0.750576273 0.664967980
v 2.187478335 -0.775024481 0.679603228
v 2.175934694 -0.798660087 0.681020116
v 2.175934694 -0.798660087 0.681020116
v 2.148155493 -0.795002851 0.664670166
v 2.232616039 -0.468835412 0.709200204
v 2.243324139 -0.354956190 0.917487211
v 2.239209586 -0.376587161 0.756286104
v 2.219362406 -0.563116341 0.709843606
v 2.207981814 -0.655331720 0.707151751
v 2.239112733 -0.405866411 0.860495934
v 2.238299267 -0.408582343 0.756860355
v 2.191381597 -0.774838866 0.709062617
v 2.194268714 -0.772141853 0.917487193
v 2.234573184 -0.461250489 0.907594968
v 2.221450877 -0.555216372 0.906861896
v 2.210595247 -0.647591687 0.908241770
v 2.193819929 -0.772491454 0.906654987
v 2.183708817 -0.800190602 0.906594407
v 2.178366822 -0.799068889 0.691933669
v 2.179678365 -0.799690364 0.708902077
v 2.178366822 -0.799068889 0.691933669
v 2.155601474 -0.812780977 0.681685753
v 2.175934694 -0.798660087 0.681020116
v 2.155601474 -0.812780977 0.681685753
v 2.179678365 -0.799690364 0.708902077
v 2.156947831 -0.813425374 0.691924060
v 2.157353185 -0.814580946 0.708476643
v 2.067275876 -0.830912511 0.689108120
v 2.073213839 -0.831947957 0.699543588
v 2.079873925 -0.828414030 0.709620839
v 2.031715316 -0.842565259 0.749435211
v 2.042134584 -0.838915859 0.749230983
v 2.042206280 -0.840028092 0.911301913
v 2.022692729 -0.843190613 0.749542237
v 2.025938323 -0.840661376 0.932432660
v 2.032035532 -0.841248639 0.922093877
v 2.161737979 -0.819413930 0.928393850
v 2.161452921 -0.820444722 0.917487191
v 2.161015855 -0.820457303 0.906293061
v 2.161015855 -0.820457303 0.906293061
v 2.183914252 -0.798870184 0.917487192
v 2.161452921 -0.820444722 0.917487191
v 2.161737979 -0.819413930 0.928393850
v 2.184245153 -0.798136858 0.928393851
v 2.149576304 -0.809244822 0.942184525
v 2.161737979 -0.819413930 0.928393850
v 2.184245153 -0.798136858 0.928393851
v 2.170700585 -0.789452328 0.940705119
v 2.195395159 -0.772070244 0.928393852
v 2.195395159 -0.772070244 0.928393852
v 2.180066135 -0.766865439 0.940772852
v 2.241795097 -0.352892708 0.928393871
v 0.541937111 -0.861541183 1.159610014
v 0.556271538 -0.893402622 1.132664788
v 0.535143116 -0.881388479 1.134744643
v 0.556271538 -0.893402622 1.132664788
v 0.541937111 -0.861541183 1.159610014
v 0.565006997 -0.880386981 1.159765985
v 0.556271538 -0.893402622 1.132664788
v 0.498185201 -0.989596627 1.132525529
v 0.535143116 -0.881388479 1.134744643
v 0.565006997 -0.880386981 1.159765985
v 0.573104614 -0.904581410 1.140390481
v 0.556271538 -0.893402622 1.132664788
v 0.579644920 -0.896352815 1.159927644
v 0.524397273 -0.995772163 1.132778014
v 0.573104614 -0.904581410 1.140390481
v 0.491294003 -1.009817138 1.156750465
v 0.543241094 -1.002890081 1.155587828
v 0.573104614 -0.904581410 1.140390481
v 0.544088510 -0.989471067 1.143424260
v 0.544088510 -0.989471067 1.143424260
v 0.543241094 -1.002890081 1.155587828
v 0.519575073 -1.017356695 1.156952625
v 0.524397273 -0.995772163 1.132778014
v 0.543241094 -1.002890081 1.155587828
v 0.519575073 -1.017356695 1.156952625
v 0.516129903 -1.014762054 1.321858539
v 0.491294003 -1.009817138 1.156750465
v 0.491689189 -1.008961023 1.323162671
v 0.544202432 -1.000360327 1.312931776
v 0.544202432 -1.000360327 1.312931776
v 0.517976057 -1.001845168 1.339994195
v 0.495518513 -0.997783956 1.342834263
v 0.544590033 -0.991986703 1.320490123
v 0.579027755 -0.898479899 1.311415837
v 0.544590033 -0.991986703 1.320490123
v 0.563458996 -0.870092664 1.205286689
v 0.573714715 -0.906789326 1.323502711
v 0.517976057 -1.001845168 1.339994195
v 0.544590033 -0.991986703 1.320490123
v 0.573714715 -0.906789326 1.323502711
v 0.552022037 -0.897636106 1.342980760
v 0.495518513 -0.997783956 1.342834263
v 0.530854838 -0.894327350 1.347351765
v 0.556250510 -0.883714448 1.325772319
v 0.552022037 -0.897636106 1.342980760
v 0.556250510 -0.883714448 1.325772319
v 0.542343672 -0.860434732 1.206006229
v 0.556250510 -0.883714448 1.325772319
v 0.563458996 -0.870092664 1.205286689
v 0.537320345 -0.875365300 1.329098399
v 0.537320345 -0.875365300 1.329098399
v 2.283869583 -0.266945630 0.449516589
v 2.229939148 -0.258087947 0.570609433
v 2.289620035 -0.265669982 0.563586517
v 2.279648172 -0.260447036 0.570609519
v 2.289620035 -0.265669982 0.563586517
v 2.234532839 -0.358162327 0.595664248
v 2.289882015 -0.364720872 0.588641246
v 2.289882015 -0.364720872 0.588641246
v 2.283115075 -0.368111317 0.449516584
v 2.254554521 -0.719951553 0.451361820
v 2.261405221 -0.721362846 0.588641317
v 2.253544926 -0.719728718 0.595664404
v 2.261405221 -0.721362846 0.588641317
v 2.281535707 -0.361642539 0.595664248
v 2.210116140 -0.710696530 0.595664405
v -2.266341214 -0.294119519 0.383268251
v -2.258882413 -0.717455270 0.383268447
v -2.297185735 -0.300854240 0.480880815
v -2.286340017 -0.725400195 0.480881012
v -2.299999785 -0.262289476 0.500205952
v -2.299999785 -0.262289476 0.500205952
v -2.289396280 -0.263290689 0.506343792
v -2.293532545 -0.305872034 0.519249733
v -2.293532545 -0.305872034 0.519249733
v -2.282724398 -0.726382733 0.516490606
v -2.274204196 -0.726225295 0.521539313
v -2.282724398 -0.726382733 0.516490606
v -2.285886819 -0.303780006 0.525389123
v -2.198049650 -0.260877850 0.528799697
v -2.190653748 -0.726437524 0.528881239
v -2.181731756 -0.000000981 0.496359446
v -2.198050037 -0.000000986 0.528799622
v -2.276229321 -0.264762850 0.889409600
v -2.252278751 -0.294632202 0.937319689
v -2.231150759 -0.842367330 0.833942602
v -2.231150759 -0.842367330 0.833942602
v 2.203176866 -0.781966961 0.882961302
v 2.201266943 -0.784528771 0.732089413
v 2.214313077 -0.711784030 0.730591052
v 2.216126831 -0.706128891 0.884188658
v 2.177861120 -0.539673684 0.719715121
v 2.186612428 -0.482134266 0.720016511
v 2.191862725 -0.420841658 0.777605308
v 2.192170533 -0.419554892 0.840383830
v 2.187914663 -0.476831314 0.897764601
v 2.179367067 -0.532652543 0.897685320
v 2.174049901 -0.603718687 0.840244136
v 2.173672811 -0.605438554 0.776948236
v 2.193020600 -0.809531594 0.882902445
v 2.189455479 -0.809966069 0.731923272
v 2.169953306 -0.829623365 0.882610062
v 2.169953306 -0.829623365 0.882610062
v 2.167222331 -0.825031408 0.731491720
v 2.189455479 -0.809966069 0.731923272
v 2.074682907 -0.844861836 0.886636549
v 2.074761841 -0.844756442 0.758457970
v 2.099375069 -0.837063058 0.732495800
v 2.213548844 -0.364829768 0.701324791
v 2.236084286 -0.364829721 0.701324791
v 2.236084286 -0.364829722 0.727513423
v 2.213548844 -0.364829769 0.727513336
v 2.236084286 -0.364829721 0.701324791
v 2.213548844 -0.364829768 0.701324791
v 2.236084286 -0.364829722 0.727513423
v 2.236084286 -0.364829721 0.701324791
v 2.213548844 -0.364829769 0.727513336
v 2.236084286 -0.364829722 0.727513423
v 2.213548845 -0.373218517 0.753595976
v 2.236084288 -0.373218513 0.753596062
v 2.236084288 -0.373218514 0.779784608
v 2.213548845 -0.373218518 0.779784608
v 2.236084288 -0.373218513 0.753596062
v 2.213548845 -0.373218517 0.753595976
v 2.236084288 -0.373218514 0.779784608
v 2.236084288 -0.373218513 0.753596062
v 2.213548845 -0.373218518 0.779784608
v 2.236084288 -0.373218514 0.779784608
v 2.213548847 -0.381613945 0.812482180
v 2.236084289 -0.381613941 0.812482180
v 2.236084289 -0.381613942 0.838670726
v 2.213548847 -0.381613946 0.838670726
v 2.233637651 -0.178867238 0.812482275
v 2.248091508 -0.178867247 0.812482275
v 2.236084289 -0.381613941 0.812482180
v 2.213548847 -0.381613945 0.812482180
v 2.248091508 -0.178867247 0.812482275
v 2.248091508 -0.178867248 0.838670734
v 2.236084289 -0.381613942 0.838670726
v 2.236084289 -0.381613941 0.812482180
v 2.248091508 -0.178867248 0.838670734
v 2.233637651 -0.178867239 0.838670734
v 2.213548847 -0.381613946 0.838670726
v 2.236084289 -0.381613942 0.838670726
v 2.213548848 -0.388578696 0.864753451
v 2.236084290 -0.388578649 0.864753537
v 2.236084290 -0.388578650 0.890941997
v 2.213548848 -0.388578697 0.890941997
v 2.236084290 -0.388578649 0.864753537
v 2.213548848 -0.388578696 0.864753451
v 2.236084290 -0.388578650 0.890941997
v 2.236084290 -0.388578649 0.864753537
v 2.213548848 -0.388578697 0.890941997
v 2.236084290 -0.388578650 0.890941997
v 2.219362406 -0.563116341 0.709843606
v 2.232616039 -0.468835412 0.709200204
v 2.186612428 -0.482134266 0.720016511
v 2.177861120 -0.539673684 0.719715121
v 2.238299267 -0.408582343 0.756860355
v 2.239112733 -0.405866411 0.860495934
v 2.192170533 -0.419554892 0.840383830
v 2.191862725 -0.420841658 0.777605308
v 2.234573184 -0.461250489 0.907594968
v 2.221450877 -0.555216372 0.906861896
v 2.179367067 -0.532652543 0.897685320
v 2.187914663 -0.476831314 0.897764601
v 2.216136467 -0.614905960 0.860346502
v 2.215170649 -0.618512311 0.756190442
v 2.173672811 -0.605438554 0.776948236
v 2.174049901 -0.603718687 0.840244136
v 2.215170649 -0.618512311 0.756190442
v 2.216136467 -0.614905960 0.860346502
v 2.215170649 -0.618512311 0.756190442
v 2.173672811 -0.605438554 0.776948236
v 2.232616039 -0.468835412 0.709200204
v 2.238299267 -0.408582343 0.756860355
v 2.191862725 -0.420841658 0.777605308
v 2.186612428 -0.482134266 0.720016511
v 2.234573184 -0.461250489 0.907594968
v 2.187914663 -0.476831314 0.897764601
v 2.216136467 -0.614905960 0.860346502
v 2.174049901 -0.603718687 0.840244136
v 2.168095015 -0.398253182 0.806977405
v 2.168095019 -0.419959520 0.873782500
v 2.210241562 -0.436672161 0.861640129
v 2.210241559 -0.418911181 0.806977404
v 2.168095019 -0.419959520 0.873782500
v 2.168095028 -0.476787371 0.915070417
v 2.210241569 -0.483171052 0.895423471
v 2.210241562 -0.436672161 0.861640129
v 2.168095384 -0.547030441 0.915070414
v 2.210242268 -0.540646788 0.895423468
v 2.168095393 -0.603858331 0.873782492
v 2.210241931 -0.587145632 0.861640123
v 2.168095393 -0.603858331 0.873782492
v 2.168095397 -0.625564621 0.806977395
v 2.210241589 -0.604906608 0.806977396
v 2.210241931 -0.587145632 0.861640123
v 2.168095393 -0.603858326 0.740172299
v 2.210241586 -0.587145627 0.752314756
v 2.168095393 -0.603858326 0.740172299
v 2.168095384 -0.547030432 0.698884512
v 2.210241579 -0.540646823 0.718531372
v 2.210241586 -0.587145627 0.752314756
v 2.168095028 -0.476787361 0.698884472
v 2.210241569 -0.483171044 0.718531331
v 2.168095019 -0.419959471 0.740172307
v 2.210241562 -0.436672113 0.752314763
v 2.168095019 -0.419959471 0.740172307
v 2.210241562 -0.436672113 0.752314763
v 2.210241562 -0.436672161 0.861640129
v 2.210241569 -0.483171052 0.895423471
v 2.210242268 -0.540646788 0.895423468
v 2.210241931 -0.587145632 0.861640123
v 2.210241589 -0.604906608 0.806977396
v 2.210241586 -0.587145627 0.752314756
v 2.210241579 -0.540646823 0.718531372
v 2.210241569 -0.483171044 0.718531331
v 2.210241562 -0.436672113 0.752314763
v 2.210241559 -0.418911181 0.806977404
v 2.206834349 -0.689156772 0.716975007
v 2.191498791 -0.774827750 0.718739295
v 2.209121362 -0.682280012 0.898437598
v 2.193711696 -0.772389684 0.896979472
v 2.183588865 -0.800023600 0.896919581
v 2.160740793 -0.820218175 0.896621941
v 2.051681099 -0.837993993 0.901223887
v 2.160740793 -0.820218175 0.896621941
v 2.051671448 -0.837297800 0.753191635
v 2.083974004 -0.827959298 0.719234784
v 2.157463486 -0.814872898 0.718148496
v 2.179750405 -0.799910190 0.718576429
v 2.179750405 -0.799910190 0.718576429
v 2.183588865 -0.800023600 0.896919581
v 2.160740793 -0.820218175 0.896621941
v 2.169953306 -0.829623365 0.882610062
v 2.193020600 -0.809531594 0.882902445
v 2.157463486 -0.814872898 0.718148496
v 2.179750405 -0.799910190 0.718576429
v 2.189455479 -0.809966069 0.731923272
v 2.167222331 -0.825031408 0.731491720
v 1.114111186 -0.818837239 0.395160655
v 1.114110976 -0.586305265 0.395160665
v 1.247369413 -0.586305169 0.652356064
v 1.247369635 -0.889084737 0.652356051
v 1.433675586 -0.900838014 0.769366781
v 1.316488460 -0.901341795 0.728359267
v 1.316488409 -0.586305161 0.728359281
v 1.433675535 -0.586305100 0.769366795
v 1.089897586 -0.586305267 0.333454256
v 2.022171558 -0.835134612 0.542984757
v 1.943353527 -0.870242443 0.689259264
v 1.943353481 -0.586304971 0.689259277
v 2.022171517 -0.586304909 0.542984768
v -0.623263996 -0.765918404 0.324175772
v -0.660659157 -0.827115157 0.422053401
v -0.660659282 -0.586305814 0.422053411
v -0.623264025 -0.586305804 0.324175759
v -0.752349776 -0.893863144 0.598978498
v -0.830561416 -0.903550914 0.729946906
v -0.830561554 -0.586305855 0.729946919
v -0.752349912 -0.586305837 0.598978512
v -1.560989091 -0.838902904 0.444722280
v -1.560989132 -0.586306134 0.444722291
v -1.491863932 -0.586306087 0.598497799
v -1.491863882 -0.887679624 0.598497786
v -1.491863882 -0.887679624 0.598497786
v -1.491863932 -0.586306087 0.598497799
v -1.389407620 -0.586306033 0.734836165
v -1.389407569 -0.902039370 0.734836151
v 0.772467373 -0.768871819 0.324343485
v -0.161937082 -0.772498448 0.324158968
v -0.623263996 -0.765918404 0.324175772
v -0.623264025 -0.586305804 0.324175759
v -1.594525505 -0.586306136 0.362011722
v -1.594525477 -0.760233862 0.362011715
v -1.270535428 -0.905788624 0.763871744
v -1.270535480 -0.586306015 0.763871758
v -0.957005225 -0.586305921 0.762703003
v -0.957005086 -0.907851711 0.762702989
v 1.778105980 -0.586305001 0.768976607
v 1.778106030 -0.889521464 0.768976594
v 1.247369635 -0.889084737 0.652356051
v 1.247369413 -0.586305169 0.652356064
v 1.089897616 -0.768842900 0.333454270
v 1.089897586 -0.586305267 0.333454256
v 1.887421437 -0.586304982 0.737268465
v 1.887421485 -0.880461803 0.737268452
v 1.943353481 -0.586304971 0.689259277
v 1.943353527 -0.870242443 0.689259264
v 2.022171517 -0.586304909 0.542984768
v 2.050189587 -0.586304902 0.507010320
v 2.050189624 -0.809902745 0.507010311
v 2.022171558 -0.835134612 0.542984757
v 2.126504850 -0.685228134 0.466162436
v 2.079637458 -0.765246516 0.482226764
v 2.050189624 -0.809902745 0.507010311
v 2.155067826 -0.389381555 0.463193553
v 2.126504850 -0.685228134 0.466162436
v -0.830561554 -0.586305855 0.729946919
v -0.830561416 -0.903550914 0.729946906
v -1.594525477 -0.760233862 0.362011715
v -1.594525505 -0.586306136 0.362011722
v -0.660659282 -0.586305814 0.422053411
v -1.560989132 -0.586306134 0.444722291
v -1.594525505 -0.586306136 0.362011722
v -0.623264025 -0.586305804 0.324175759
v -0.752349912 -0.586305837 0.598978512
v -1.491863932 -0.586306087 0.598497799
v -0.830561554 -0.586305855 0.729946919
v -1.389407620 -0.586306033 0.734836165
v 2.050189587 -0.586304902 0.507010320
v 2.022171517 -0.586304909 0.542984768
v 1.114110976 -0.586305265 0.395160665
v 1.089897586 -0.586305267 0.333454256
v 1.943353481 -0.586304971 0.689259277
v 1.247369413 -0.586305169 0.652356064
v 1.887421437 -0.586304982 0.737268465
v 1.316488409 -0.586305161 0.728359281
v 1.433675535 -0.586305100 0.769366795
v 1.778105980 -0.586305001 0.768976607
v -0.957005225 -0.586305921 0.762703003
v -1.270535480 -0.586306015 0.763871758
v -1.594525505 -0.586306136 0.362011722
v 2.233637651 -0.178867239 0.838670734
v 2.248091508 -0.178867248 0.838670734
v 2.248091508 -0.178867247 0.812482275
v 2.233637651 -0.178867238 0.812482275
v 2.230939078 -0.172568956 0.783417556
v 2.246941968 -0.172568964 0.783417556
v 2.246941968 -0.172568967 0.838652638
v 2.230939078 -0.172568958 0.838652552
v 2.246941968 -0.172568964 0.783417556
v 2.230939078 -0.172568956 0.783417556
v 2.246941968 -0.172568967 0.838652638
v 2.246941968 -0.172568964 0.783417556
v 2.230939078 -0.172568958 0.838652552
v 2.246941968 -0.172568967 0.838652638
v -2.241835023 -0.214044799 0.706066473
v -2.230478372 -0.214044797 0.706066473
v -2.230478372 -0.214044825 0.856660413
v -2.241835023 -0.214044827 0.856660413
v -2.230478372 -0.214044797 0.706066473
v -2.241835023 -0.214044799 0.706066473
v -2.230478372 -0.214044825 0.856660413
v -2.230478372 -0.214044797 0.706066473
v -2.241835023 -0.214044827 0.856660413
v -2.230478372 -0.214044825 0.856660413
v -2.241835023 -0.214044799 0.706066473
v -2.241835023 -0.214044827 0.856660413
v 2.288643177 -0.214043186 0.392734758
v 2.300000000 -0.214043184 0.392734758
v 2.300000000 -0.214043212 0.543328698
v 2.288643177 -0.214043214 0.543328698
v 2.300000000 -0.214043184 0.392734758
v 2.288643177 -0.214043186 0.392734758
v 2.300000000 -0.214043212 0.543328698
v 2.300000000 -0.214043184 0.392734758
v 2.288643177 -0.214043214 0.543328698
v 2.300000000 -0.214043212 0.543328698
v 2.288643177 -0.214043186 0.392734758
v 2.288643177 -0.214043214 0.543328698
v 0.856395359 -0.346561737 1.228524287
v 0.849294931 -0.345847929 1.217688117
v 0.861658764 -0.346193306 1.221604821
v 0.847846803 0.195452696 1.245481818
v 0.854933615 0.194890616 1.256344701
v 0.860230284 0.195261094 1.249382322
v 0.905939131 -0.514805355 1.209287514
v 0.908408314 -0.518689097 1.179640959
v 0.908013994 -0.548813520 1.175524333
v 0.882938584 0.216721929 1.224263607
v 0.876262814 0.214880943 1.213242338
v 0.888159076 0.218165295 1.217383436
v 0.746528053 0.719864867 1.221205373
v 0.753187106 0.721859757 1.232203892
v 0.758375369 0.723293924 1.225367669
v 0.942466455 0.046380011 1.218486779
v 0.940582902 0.034638324 1.190942311
v 0.950454292 0.006023139 1.193822189
v 0.936632858 -0.546564461 1.172690470
v 0.908013994 -0.548813520 1.175524333
v 0.908408314 -0.518689097 1.179640959
v 0.936377438 -0.514377245 1.187771145
v 0.877023416 -0.062451444 1.250120463
v 0.872044207 -0.063906481 1.256848970
v 0.877061332 -0.062962511 1.260786529
v 0.882087074 -0.061526486 1.254057849
v 0.936632858 -0.546564461 1.172690470
v 0.929638762 -0.517211369 1.211512483
v 0.905939131 -0.514805355 1.209287514
v 0.908013994 -0.548813520 1.175524333
v 0.974288695 0.010335019 1.186203177
v 0.950454292 0.006023139 1.193822189
v 0.940582902 0.034638324 1.190942311
v 0.966035275 0.049394281 1.189762613
v 0.838484993 0.492563395 1.236429428
v 0.833417888 0.491157320 1.243102268
v 0.838170119 0.492893736 1.247098251
v 0.843285653 0.494285248 1.240428169
v 0.974288695 0.010335019 1.186203177
v 0.961274599 0.050986910 1.215180002
v 0.942466455 0.046380011 1.218486779
v 0.950454292 0.006023139 1.193822189
v 0.854933615 0.194890616 1.256344701
v 0.847846803 0.195452696 1.245481818
v 0.856291542 0.055665425 1.242201576
v 0.867449824 0.054685646 1.259661640
v 0.857956584 -0.068861030 1.236525916
v 0.871841876 -0.070019670 1.256022233
v 0.856649197 -0.193256170 1.228752305
v 0.867809376 -0.194348554 1.246212714
v 0.849294931 -0.345847929 1.217688117
v 0.856395359 -0.346561737 1.228524287
v 0.847846803 0.195452696 1.245481818
v 0.860230284 0.195261094 1.249382322
v 0.874435642 0.055183412 1.250675418
v 0.856291542 0.055665425 1.242201576
v 0.878831485 -0.069527624 1.247030151
v 0.857956584 -0.068861030 1.236525916
v 0.874800536 -0.193853772 1.237219943
v 0.856649197 -0.193256170 1.228752305
v 0.861658764 -0.346193306 1.221604821
v 0.849294931 -0.345847929 1.217688117
v 0.860230284 0.195261094 1.249382322
v 0.854933615 0.194890616 1.256344701
v 0.867449824 0.054685646 1.259661640
v 0.874435642 0.055183412 1.250675418
v 0.871841876 -0.070019670 1.256022233
v 0.878831485 -0.069527624 1.247030151
v 0.874800536 -0.193853772 1.237219943
v 0.867809376 -0.194348554 1.246212714
v 0.861658764 -0.346193306 1.221604821
v 0.856395359 -0.346561737 1.228524287
v 0.877023416 -0.062451444 1.250120463
v 0.882087074 -0.061526486 1.254057849
v 0.888178429 -0.095942619 1.254118513
v 0.882863321 -0.096900963 1.249959491
v 0.906342355 -0.129717826 1.239043180
v 0.900670665 -0.130733831 1.234607545
v 0.929638762 -0.517211369 1.211512483
v 0.929638762 -0.517211369 1.211512483
v 0.936377438 -0.514377245 1.187771145
v 0.900670665 -0.130733831 1.234607545
v 0.936632858 -0.546564461 1.172690470
v 0.872044207 -0.063906481 1.256848970
v 0.877023416 -0.062451444 1.250120463
v 0.882863321 -0.096900963 1.249959491
v 0.877743995 -0.098846014 1.257055438
v 0.900670665 -0.130733831 1.234607545
v 0.895534105 -0.132811759 1.241672642
v 0.936377438 -0.514377245 1.187771145
v 0.908103087 -0.494501301 1.193410263
v 0.895534105 -0.132811759 1.241672642
v 0.905939131 -0.514805355 1.209287514
v 0.929638762 -0.517211369 1.211512483
v 0.906342355 -0.129717826 1.239043180
v 0.906342355 -0.129717826 1.239043180
v 0.901306272 -0.131753659 1.246081391
v 0.905939131 -0.514805355 1.209287514
v 0.888178429 -0.095942619 1.254118513
v 0.882998611 -0.097887669 1.261139489
v 0.882087074 -0.061526486 1.254057849
v 0.877061332 -0.062962511 1.260786529
v 0.753187106 0.721859757 1.232203892
v 0.746528053 0.719864867 1.221205373
v 0.789046705 0.600713363 1.226200777
v 0.795200443 0.602534228 1.241714037
v 0.806844403 0.540982716 1.227016310
v 0.824642617 0.481252155 1.227831497
v 0.831992944 0.483368376 1.242572997
v 0.837484027 0.420311648 1.224546950
v 0.850325265 0.359371163 1.221262403
v 0.857761592 0.361465043 1.237422472
v 0.876262814 0.214880943 1.213242338
v 0.882938584 0.216721929 1.224263607
v 0.746528053 0.719864867 1.221205373
v 0.758375369 0.723293924 1.225367669
v 0.802077684 0.604456648 1.232836736
v 0.789046705 0.600713363 1.226200777
v 0.838875872 0.485285626 1.233690871
v 0.806844403 0.540982716 1.227016310
v 0.831758900 0.483269020 1.230761012
v 0.824642617 0.481252155 1.227831497
v 0.837484027 0.420311648 1.224546950
v 0.850325265 0.359371163 1.221262403
v 0.864645382 0.363385826 1.228538795
v 0.888159076 0.218165295 1.217383436
v 0.876262814 0.214880943 1.213242338
v 0.758375369 0.723293924 1.225367669
v 0.753187106 0.721859757 1.232203892
v 0.795200443 0.602534228 1.241714037
v 0.802077684 0.604456648 1.232836736
v 0.831992944 0.483368376 1.242572997
v 0.838875872 0.485285626 1.233690871
v 0.864645382 0.363385826 1.228538795
v 0.857761592 0.361465043 1.237422472
v 0.888159076 0.218165295 1.217383436
v 0.882938584 0.216721929 1.224263607
v 0.838484993 0.492563395 1.236429428
v 0.843285653 0.494285248 1.240428169
v 0.852624671 0.460742628 1.243473152
v 0.847584796 0.458945633 1.239248813
v 0.874480391 0.427837040 1.231748027
v 0.869102893 0.425926297 1.227241904
v 0.961274599 0.050986910 1.215180002
v 0.961274599 0.050986910 1.215180002
v 0.966035275 0.049394281 1.189762613
v 0.869102893 0.425926297 1.227241904
v 0.974288695 0.010335019 1.186203177
v 0.833417888 0.491157320 1.243102268
v 0.838484993 0.492563395 1.236429428
v 0.847584796 0.458945633 1.239248813
v 0.842410665 0.457068583 1.246323388
v 0.869102893 0.425926297 1.227241904
v 0.863924626 0.423912966 1.234296315
v 0.934049829 0.060593974 1.198583040
v 0.874480391 0.427837040 1.231748027
v 0.869400016 0.425873387 1.238774691
v 0.852624671 0.460742628 1.243473152
v 0.847392977 0.458853859 1.250471035
v 0.843285653 0.494285248 1.240428169
v 0.838170119 0.492893736 1.247098251
v 0.882998611 -0.097887669 1.261139489
v 0.877061332 -0.062962511 1.260786529
v 0.872044207 -0.063906481 1.256848970
v 0.877743995 -0.098846014 1.257055438
v 0.901306272 -0.131753659 1.246081391
v 0.882998611 -0.097887669 1.261139489
v 0.877743995 -0.098846014 1.257055438
v 0.895534105 -0.132811759 1.241672642
v 0.905939131 -0.514805355 1.209287514
v 0.901306272 -0.131753659 1.246081391
v 0.895534105 -0.132811759 1.241672642
v 0.895534105 -0.132811759 1.241672642
v 0.908103087 -0.494501301 1.193410263
v 0.847392977 0.458853859 1.250471035
v 0.838170119 0.492893736 1.247098251
v 0.833417888 0.491157320 1.243102268
v 0.842410665 0.457068583 1.246323388
v 0.869400016 0.425873387 1.238774691
v 0.863924626 0.423912966 1.234296315
v 0.869400016 0.425873387 1.238774691
v 0.863924626 0.423912966 1.234296315
v 0.934049829 0.060593974 1.198583040
v -0.683945943 0.806395355 1.149768690
v -0.683945838 0.693165242 1.614071559
v -0.663504815 0.693165245 1.614071559
v -0.663504919 0.806395358 1.149768690
v -0.663504919 0.806395358 1.149768690
v -0.663504815 0.693165245 1.614071559
v -0.663504811 0.669804013 1.614071558
v -0.663504829 0.783034213 1.149768689
v -0.683945838 0.693165242 1.614071559
v -0.683945943 0.806395355 1.149768690
v -0.683945853 0.783034209 1.149768689
v -0.683945835 0.669804010 1.614071558
v -0.683945440 -0.693166191 1.614071498
v -0.683945336 -0.806396263 1.149768620
v -0.663504416 -0.693166187 1.614071498
v -0.663504312 -0.806396260 1.149768620
v -0.663504416 -0.693166187 1.614071498
v -0.663504312 -0.806396260 1.149768620
v -0.663504420 -0.669804956 1.614071499
v -0.663504402 -0.783035114 1.149768621
v -0.683945336 -0.806396263 1.149768620
v -0.683945440 -0.693166191 1.614071498
v -0.683945426 -0.783035118 1.149768621
v -0.683945444 -0.669804959 1.614071499
v 1.981970860 0.842721510 0.356235352
v 1.954854152 0.842721499 0.492560749
v 1.954854183 0.651154600 0.492560654
v 1.981970891 0.651154567 0.356235322
v 1.877632028 0.842721482 0.608131756
v 1.877632059 0.651154582 0.608131661
v 1.877632028 0.842721482 0.608131756
v 1.762060977 0.842721545 0.685353880
v 1.762061009 0.651154560 0.685353785
v 1.877632059 0.651154582 0.608131661
v 1.625735667 0.842721522 0.712470674
v 1.625735698 0.651154537 0.712470579
v 1.489410184 0.842721415 0.685353880
v 1.489410388 0.651154516 0.685353785
v 1.373839306 0.842721399 0.608131756
v 1.373839337 0.651154457 0.608131661
v 1.373839306 0.842721399 0.608131756
v 1.296617182 0.842721392 0.492560749
v 1.296617213 0.651154450 0.492560654
v 1.373839337 0.651154457 0.608131661
v 1.269500302 0.842721393 0.356235373
v 1.269500505 0.651154408 0.356235387
v 1.296617182 0.842721404 0.219910063
v 1.296617213 0.651154418 0.219910055
v 1.373839134 0.842721421 0.104338948
v 1.373839337 0.651154436 0.104338961
v 1.373839134 0.842721421 0.104338948
v 1.489410184 0.842721444 0.027116824
v 1.489410215 0.651154501 0.027116837
v 1.373839337 0.651154436 0.104338961
v 1.625735667 0.842721553 0.000000008
v 1.625735698 0.651154525 0.000000000
v 1.762061322 0.842721574 0.027116867
v 1.762061009 0.651154589 0.027116859
v 1.877632028 0.842721590 0.104339077
v 1.877632059 0.651154561 0.104339004
v 1.877632028 0.842721590 0.104339077
v 1.954854152 0.842721511 0.219910128
v 1.954854183 0.651154612 0.219910141
v 1.877632059 0.651154561 0.104339004
v 1.660982728 0.878797073 0.320988222
v 1.644811284 0.878797070 0.310182751
v 1.625735489 0.878796981 0.306388368
v 1.606660038 0.878797064 0.310182729
v 1.590488422 0.878797061 0.320988157
v 1.579682929 0.878796972 0.337159666
v 1.575888589 0.878797057 0.356235354
v 1.579682929 0.878797057 0.375310891
v 1.590488594 0.878796972 0.391482463
v 1.606660038 0.878797060 0.402287999
v 1.625735661 0.878796977 0.406082339
v 1.644811284 0.878797066 0.402287999
v 1.660982728 0.878796983 0.391482507
v 1.671788221 0.878796986 0.375310977
v 1.675582733 0.878796987 0.356235289
v 1.671788393 0.878796987 0.337159730
v 1.954854183 0.651154600 0.492560654
v 1.877632059 0.651154582 0.608131661
v 1.762061009 0.651154560 0.685353785
v 1.625735698 0.651154537 0.712470579
v 1.489410388 0.651154516 0.685353785
v 1.373839337 0.651154457 0.608131661
v 1.296617213 0.651154450 0.492560654
v 1.269500505 0.651154408 0.356235387
v 1.296617213 0.651154418 0.219910055
v 1.373839337 0.651154436 0.104338961
v 1.489410215 0.651154501 0.027116837
v 1.625735698 0.651154525 0.000000000
v 1.762061009 0.651154589 0.027116859
v 1.877632059 0.651154561 0.104339004
v 1.954854183 0.651154612 0.219910141
v 1.981970891 0.651154567 0.356235322
v 1.981970860 0.842721510 0.356235352
v 1.952297933 0.860606743 0.356235331
v 1.927440319 0.860606734 0.481205391
v 1.954854152 0.842721499 0.492560749
v 1.856650097 0.860606718 0.587149872
v 1.877632028 0.842721482 0.608131756
v 1.750705702 0.860606697 0.657939706
v 1.762060977 0.842721545 0.685353880
v 1.625735664 0.860606676 0.682797837
v 1.625735667 0.842721522 0.712470674
v 1.500765626 0.860606571 0.657939706
v 1.489410184 0.842721415 0.685353880
v 1.394821231 0.860606556 0.587149872
v 1.373839306 0.842721399 0.608131756
v 1.324031354 0.860606549 0.481205434
v 1.296617182 0.842721392 0.492560749
v 1.299173223 0.860606551 0.356235374
v 1.269500302 0.842721393 0.356235373
v 1.324031181 0.860606560 0.231265358
v 1.296617182 0.842721404 0.219910063
v 1.394821058 0.860606577 0.125320855
v 1.373839134 0.842721421 0.104338948
v 1.500765626 0.860606597 0.054530935
v 1.489410184 0.842721444 0.027116824
v 1.625735664 0.860606705 0.029672847
v 1.625735667 0.842721553 0.000000008
v 1.750705702 0.860606724 0.054530956
v 1.762061322 0.842721574 0.027116867
v 1.856650097 0.860606738 0.125320855
v 1.877632028 0.842721590 0.104339077
v 1.927440319 0.860606745 0.231265444
v 1.954854152 0.842721511 0.219910128
v 1.841387255 0.860606725 0.356235310
v 1.824971771 0.860606719 0.438761642
v 1.824971771 0.860606726 0.273709149
v 1.778224318 0.860606722 0.203746677
v 1.708262040 0.860606712 0.156999246
v 1.625735664 0.860606700 0.140583741
v 1.543209288 0.860606599 0.156999246
v 1.473246838 0.860606586 0.203746656
v 1.426499557 0.860606575 0.273709063
v 1.410084073 0.860606569 0.356235374
v 1.426499557 0.860606568 0.438761642
v 1.473247010 0.860606573 0.508724050
v 1.543209288 0.860606582 0.555471417
v 1.625735664 0.860606681 0.571886986
v 1.708261867 0.860606695 0.555471417
v 1.778224318 0.860606708 0.508724050
v 1.824971771 0.860606719 0.438761642
v 1.841387255 0.860606725 0.356235310
v 1.819603596 0.758917430 0.356235305
v 1.804846068 0.758917425 0.430425370
v 1.824971771 0.860606726 0.273709149
v 1.804846068 0.758917345 0.282045413
v 1.778224318 0.860606722 0.203746677
v 1.762821031 0.758917427 0.219150084
v 1.778224318 0.860606722 0.203746677
v 1.708262040 0.860606712 0.156999246
v 1.699925745 0.758917419 0.177124874
v 1.762821031 0.758917427 0.219150084
v 1.625735664 0.860606700 0.140583741
v 1.625735853 0.758917407 0.162367540
v 1.543209288 0.860606599 0.156999246
v 1.551545616 0.758917308 0.177124810
v 1.473246838 0.860606586 0.203746656
v 1.488650503 0.758917296 0.219150084
v 1.473246838 0.860606586 0.203746656
v 1.426499557 0.860606575 0.273709063
v 1.446625293 0.758917287 0.282045327
v 1.488650503 0.758917296 0.219150084
v 1.410084073 0.860606569 0.356235374
v 1.431867765 0.758917281 0.356235370
v 1.426499557 0.860606568 0.438761642
v 1.446625293 0.758917280 0.430425327
v 1.473247010 0.860606573 0.508724050
v 1.488650503 0.758917284 0.493320526
v 1.473247010 0.860606573 0.508724050
v 1.543209288 0.860606582 0.555471417
v 1.551545788 0.758917293 0.535345865
v 1.488650503 0.758917284 0.493320526
v 1.625735664 0.860606681 0.571886986
v 1.625735853 0.758917390 0.550103178
v 1.708261867 0.860606695 0.555471417
v 1.699925573 0.758917403 0.535345865
v 1.778224318 0.860606708 0.508724050
v 1.762820859 0.758917415 0.493320569
v 1.778224318 0.860606708 0.508724050
v 1.762820859 0.758917415 0.493320569
v 1.804846068 0.758917425 0.430425370
v 1.819603596 0.758917430 0.356235305
v 1.757880247 0.806041705 0.356235286
v 1.747821351 0.806041701 0.406804934
v 1.804846068 0.758917345 0.282045413
v 1.747821351 0.806041706 0.305665831
v 1.762821031 0.758917427 0.219150084
v 1.719176118 0.806041703 0.262794991
v 1.699925745 0.758917419 0.177124874
v 1.676305213 0.806041697 0.234149672
v 1.625735853 0.758917407 0.162367540
v 1.625735501 0.806041689 0.224090733
v 1.551545616 0.758917308 0.177124810
v 1.575166132 0.806041681 0.234149629
v 1.488650503 0.758917296 0.219150084
v 1.532295227 0.806041586 0.262794948
v 1.446625293 0.758917287 0.282045327
v 1.503649995 0.806041580 0.305665767
v 1.431867765 0.758917281 0.356235370
v 1.493590927 0.806041576 0.356235372
v 1.446625293 0.758917280 0.430425327
v 1.503649995 0.806041575 0.406804848
v 1.488650503 0.758917284 0.493320526
v 1.532295400 0.806041578 0.449675624
v 1.551545788 0.758917293 0.535345865
v 1.575166132 0.806041670 0.478321072
v 1.625735853 0.758917390 0.550103178
v 1.625735673 0.806041678 0.488379967
v 1.699925573 0.758917403 0.535345865
v 1.676305213 0.806041686 0.478321028
v 1.762820859 0.758917415 0.493320569
v 1.719175946 0.806041695 0.449675710
v 1.747821351 0.806041701 0.406804934
v 1.757880247 0.806041705 0.356235286
v 1.679697651 0.773798765 0.356235284
v 1.675589988 0.773798764 0.376885685
v 1.747821351 0.806041706 0.305665831
v 1.675589988 0.773798765 0.335585034
v 1.719176118 0.806041703 0.262794991
v 1.663892612 0.773798764 0.318078523
v 1.676305213 0.806041697 0.234149672
v 1.646386187 0.773798762 0.306381082
v 1.625735501 0.806041689 0.224090733
v 1.625735678 0.773798759 0.302273462
v 1.575166132 0.806041681 0.234149629
v 1.605085342 0.773798755 0.306381060
v 1.532295227 0.806041586 0.262794948
v 1.587578916 0.773798752 0.318078501
v 1.503649995 0.806041580 0.305665767
v 1.575881368 0.773798749 0.335584969
v 1.493590927 0.806041576 0.356235372
v 1.571773878 0.773798748 0.356235349
v 1.503649995 0.806041575 0.406804848
v 1.575881368 0.773798747 0.376885599
v 1.532295400 0.806041578 0.449675624
v 1.587578916 0.773798748 0.394392111
v 1.575166132 0.806041670 0.478321072
v 1.605085514 0.773798751 0.406089616
v 1.625735673 0.806041678 0.488379967
v 1.625735850 0.773798754 0.410197236
v 1.676305213 0.806041686 0.478321028
v 1.646386015 0.773798758 0.406089616
v 1.719175946 0.806041695 0.449675710
v 1.663892612 0.773798761 0.394392154
v 1.675589988 0.773798764 0.376885685
v 1.679697651 0.773798765 0.356235284
v 1.675582733 0.878796987 0.356235289
v 1.671788221 0.878796986 0.375310977
v 1.675589988 0.773798765 0.335585034
v 1.671788393 0.878796987 0.337159730
v 1.663892612 0.773798764 0.318078523
v 1.660982728 0.878797073 0.320988222
v 1.663892612 0.773798764 0.318078523
v 1.646386187 0.773798762 0.306381082
v 1.644811284 0.878797070 0.310182751
v 1.660982728 0.878797073 0.320988222
v 1.625735678 0.773798759 0.302273462
v 1.625735489 0.878796981 0.306388368
v 1.605085342 0.773798755 0.306381060
v 1.606660038 0.878797064 0.310182729
v 1.587578916 0.773798752 0.318078501
v 1.590488422 0.878797061 0.320988157
v 1.587578916 0.773798752 0.318078501
v 1.575881368 0.773798749 0.335584969
v 1.579682929 0.878796972 0.337159666
v 1.590488422 0.878797061 0.320988157
v 1.571773878 0.773798748 0.356235349
v 1.575888589 0.878797057 0.356235354
v 1.575881368 0.773798747 0.376885599
v 1.579682929 0.878797057 0.375310891
v 1.587578916 0.773798748 0.394392111
v 1.590488594 0.878796972 0.391482463
v 1.587578916 0.773798748 0.394392111
v 1.605085514 0.773798751 0.406089616
v 1.606660038 0.878797060 0.402287999
v 1.590488594 0.878796972 0.391482463
v 1.625735850 0.773798754 0.410197236
v 1.625735661 0.878796977 0.406082339
v 1.646386015 0.773798758 0.406089616
v 1.644811284 0.878797066 0.402287999
v 1.663892612 0.773798761 0.394392154
v 1.660982728 0.878796983 0.391482507
v 1.663892612 0.773798761 0.394392154
v 1.660982728 0.878796983 0.391482507
v 1.981971824 -0.842720791 0.356235364
v 1.981971448 -0.651153848 0.356235308
v 1.954854740 -0.651153816 0.492560683
v 1.954855116 -0.842720801 0.492560761
v 1.877632616 -0.651153919 0.608131690
v 1.877632992 -0.842720819 0.608131768
v 1.877632992 -0.842720819 0.608131768
v 1.877632616 -0.651153919 0.608131690
v 1.762061565 -0.651153942 0.685353815
v 1.762061597 -0.842720927 0.685353892
v 1.625736083 -0.651154051 0.712470609
v 1.625736286 -0.842720950 0.712470686
v 1.489410772 -0.651154072 0.685353815
v 1.489410803 -0.842721058 0.685353892
v 1.373839722 -0.651154131 0.608131690
v 1.373839926 -0.842721073 0.608131768
v 1.373839926 -0.842721073 0.608131768
v 1.373839722 -0.651154131 0.608131690
v 1.296617598 -0.651154138 0.492560683
v 1.296617801 -0.842721081 0.492560761
v 1.269500718 -0.651154180 0.356235373
v 1.269500921 -0.842721079 0.356235386
v 1.296617598 -0.651154170 0.219910041
v 1.296617801 -0.842721069 0.219910076
v 1.373839550 -0.651154152 0.104338969
v 1.373839753 -0.842721051 0.104338939
v 1.373839753 -0.842721051 0.104338939
v 1.373839550 -0.651154152 0.104338969
v 1.489410772 -0.651154087 0.027116845
v 1.489410803 -0.842721029 0.027116815
v 1.625736083 -0.651154063 0.000000008
v 1.625736286 -0.842720919 0.000000021
v 1.762061565 -0.651153999 0.027116845
v 1.762061941 -0.842720898 0.027116858
v 1.877632616 -0.651153941 0.104339012
v 1.877632992 -0.842720883 0.104339047
v 1.877632992 -0.842720883 0.104339047
v 1.877632616 -0.651153941 0.104339012
v 1.954854740 -0.651153890 0.219910127
v 1.954855116 -0.842720789 0.219910140
v 1.675583364 -0.878796368 0.356235298
v 1.671788852 -0.878796370 0.375310986
v 1.660983359 -0.878796372 0.391482516
v 1.644811915 -0.878796461 0.402288009
v 1.625736292 -0.878796379 0.406082349
v 1.606660669 -0.878796468 0.402288009
v 1.590489225 -0.878796384 0.391482473
v 1.579683560 -0.878796471 0.375310900
v 1.575889220 -0.878796471 0.356235363
v 1.579683560 -0.878796383 0.337159675
v 1.590489053 -0.878796467 0.320988167
v 1.606660669 -0.878796464 0.310182739
v 1.625736120 -0.878796374 0.306388377
v 1.644811915 -0.878796457 0.310182760
v 1.660983359 -0.878796455 0.320988231
v 1.671789024 -0.878796368 0.337159740
v 1.954854740 -0.651153890 0.219910127
v 1.877632616 -0.651153941 0.104339012
v 1.762061565 -0.651153999 0.027116845
v 1.625736083 -0.651154063 0.000000008
v 1.489410772 -0.651154087 0.027116845
v 1.373839550 -0.651154152 0.104338969
v 1.296617598 -0.651154170 0.219910041
v 1.269500718 -0.651154180 0.356235373
v 1.296617598 -0.651154138 0.492560683
v 1.373839722 -0.651154131 0.608131690
v 1.489410772 -0.651154072 0.685353815
v 1.625736083 -0.651154051 0.712470609
v 1.762061565 -0.651153942 0.685353815
v 1.877632616 -0.651153919 0.608131690
v 1.954854740 -0.651153816 0.492560683
v 1.981971448 -0.651153848 0.356235308
v 1.981971824 -0.842720791 0.356235364
v 1.954855116 -0.842720801 0.492560761
v 1.927440599 -0.860606044 0.481205402
v 1.952298903 -0.860606034 0.356235342
v 1.877632992 -0.842720819 0.608131768
v 1.856651067 -0.860606060 0.587149883
v 1.762061597 -0.842720927 0.685353892
v 1.750706327 -0.860606080 0.657939717
v 1.625736286 -0.842720950 0.712470686
v 1.625736289 -0.860606102 0.682797848
v 1.489410803 -0.842721058 0.685353892
v 1.500766251 -0.860606207 0.657939717
v 1.373839926 -0.842721073 0.608131768
v 1.394821856 -0.860606221 0.587149883
v 1.296617801 -0.842721081 0.492560761
v 1.324031979 -0.860606228 0.481205445
v 1.269500921 -0.842721079 0.356235386
v 1.299173848 -0.860606227 0.356235385
v 1.296617801 -0.842721069 0.219910076
v 1.324031806 -0.860606217 0.231265368
v 1.373839753 -0.842721051 0.104338939
v 1.394821684 -0.860606201 0.125320844
v 1.489410803 -0.842721029 0.027116815
v 1.500766251 -0.860606181 0.054530924
v 1.625736286 -0.842720919 0.000000021
v 1.625736289 -0.860606073 0.029672836
v 1.762061941 -0.842720898 0.027116858
v 1.750706327 -0.860606054 0.054530967
v 1.877632992 -0.842720883 0.104339047
v 1.856651067 -0.860606040 0.125320844
v 1.954855116 -0.842720789 0.219910140
v 1.927440599 -0.860606033 0.231265455
v 1.824972396 -0.860606059 0.438761653
v 1.841387880 -0.860606052 0.356235321
v 1.824972396 -0.860606051 0.273709160
v 1.778225288 -0.860606056 0.203746688
v 1.708262665 -0.860606065 0.156999257
v 1.625736289 -0.860606078 0.140583730
v 1.543209913 -0.860606178 0.156999257
v 1.473247463 -0.860606192 0.203746667
v 1.426500182 -0.860606203 0.273709074
v 1.410084698 -0.860606209 0.356235385
v 1.426500182 -0.860606210 0.438761653
v 1.473247635 -0.860606205 0.508724061
v 1.543209913 -0.860606196 0.555471428
v 1.625736289 -0.860606097 0.571886997
v 1.708262492 -0.860606083 0.555471428
v 1.778224943 -0.860606069 0.508724061
v 1.824972396 -0.860606059 0.438761653
v 1.804846660 -0.758916770 0.430425390
v 1.819603844 -0.758916764 0.356235325
v 1.841387880 -0.860606052 0.356235321
v 1.804847005 -0.758916677 0.282045433
v 1.824972396 -0.860606051 0.273709160
v 1.762821623 -0.758916768 0.219150104
v 1.778225288 -0.860606056 0.203746688
v 1.778225288 -0.860606056 0.203746688
v 1.762821623 -0.758916768 0.219150104
v 1.699926337 -0.758916776 0.177124873
v 1.708262665 -0.860606065 0.156999257
v 1.625736100 -0.758916787 0.162367539
v 1.625736289 -0.860606078 0.140583730
v 1.551546208 -0.758916886 0.177124808
v 1.543209913 -0.860606178 0.156999257
v 1.488650750 -0.758916898 0.219150104
v 1.473247463 -0.860606192 0.203746667
v 1.473247463 -0.860606192 0.203746667
v 1.488650750 -0.758916898 0.219150104
v 1.446625540 -0.758916908 0.282045346
v 1.426500182 -0.860606203 0.273709074
v 1.431868357 -0.758916914 0.356235390
v 1.410084698 -0.860606209 0.356235385
v 1.446625540 -0.758916915 0.430425347
v 1.426500182 -0.860606210 0.438761653
v 1.488650922 -0.758916910 0.493320546
v 1.473247635 -0.860606205 0.508724061
v 1.473247635 -0.860606205 0.508724061
v 1.488650922 -0.758916910 0.493320546
v 1.551546208 -0.758916902 0.535345885
v 1.543209913 -0.860606196 0.555471428
v 1.625736100 -0.758916804 0.550103198
v 1.625736289 -0.860606097 0.571886997
v 1.699926165 -0.758916792 0.535345885
v 1.708262492 -0.860606083 0.555471428
v 1.762821451 -0.758916780 0.493320589
v 1.778224943 -0.860606069 0.508724061
v 1.778224943 -0.860606069 0.508724061
v 1.762821451 -0.758916780 0.493320589
v 1.804846660 -0.758916770 0.430425390
v 1.747821958 -0.806041063 0.406804950
v 1.757880854 -0.806041059 0.356235301
v 1.819603844 -0.758916764 0.356235325
v 1.747821958 -0.806041059 0.305665847
v 1.804847005 -0.758916677 0.282045433
v 1.719176726 -0.806041061 0.262795007
v 1.762821623 -0.758916768 0.219150104
v 1.676305821 -0.806041067 0.234149688
v 1.699926337 -0.758916776 0.177124873
v 1.625736108 -0.806041075 0.224090749
v 1.625736100 -0.758916787 0.162367539
v 1.575166740 -0.806041084 0.234149645
v 1.551546208 -0.758916886 0.177124808
v 1.532295835 -0.806041178 0.262794964
v 1.488650750 -0.758916898 0.219150104
v 1.503650602 -0.806041185 0.305665782
v 1.446625540 -0.758916908 0.282045346
v 1.493591534 -0.806041188 0.356235388
v 1.431868357 -0.758916914 0.356235390
v 1.503650602 -0.806041189 0.406804864
v 1.446625540 -0.758916915 0.430425347
v 1.532296007 -0.806041186 0.449675639
v 1.488650922 -0.758916910 0.493320546
v 1.575166740 -0.806041094 0.478321087
v 1.551546208 -0.758916902 0.535345885
v 1.625736280 -0.806041087 0.488379983
v 1.625736100 -0.758916804 0.550103198
v 1.676305821 -0.806041078 0.478321044
v 1.699926165 -0.758916792 0.535345885
v 1.719176553 -0.806041070 0.449675725
v 1.762821451 -0.758916780 0.493320589
v 1.747821958 -0.806041063 0.406804950
v 1.675590413 -0.773798146 0.376885704
v 1.679697903 -0.773798145 0.356235303
v 1.757880854 -0.806041059 0.356235301
v 1.675590413 -0.773798145 0.335585053
v 1.747821958 -0.806041059 0.305665847
v 1.663892864 -0.773798146 0.318078541
v 1.719176726 -0.806041061 0.262795007
v 1.646386439 -0.773798148 0.306381100
v 1.676305821 -0.806041067 0.234149688
v 1.625736103 -0.773798151 0.302273481
v 1.625736108 -0.806041075 0.224090749
v 1.605085766 -0.773798155 0.306381079
v 1.575166740 -0.806041084 0.234149645
v 1.587579341 -0.773798158 0.318078520
v 1.532295835 -0.806041178 0.262794964
v 1.575881965 -0.773798161 0.335584988
v 1.503650602 -0.806041185 0.305665782
v 1.571774302 -0.773798162 0.356235367
v 1.493591534 -0.806041188 0.356235388
v 1.575881965 -0.773798163 0.376885618
v 1.503650602 -0.806041189 0.406804864
v 1.587579341 -0.773798161 0.394392129
v 1.532296007 -0.806041186 0.449675639
v 1.605085939 -0.773798159 0.406089635
v 1.575166740 -0.806041094 0.478321087
v 1.625736103 -0.773798156 0.410197254
v 1.625736280 -0.806041087 0.488379983
v 1.646386439 -0.773798152 0.406089635
v 1.676305821 -0.806041078 0.478321044
v 1.663892864 -0.773798149 0.394392172
v 1.719176553 -0.806041070 0.449675725
v 1.675590413 -0.773798146 0.376885704
v 1.671788852 -0.878796370 0.375310986
v 1.675583364 -0.878796368 0.356235298
v 1.679697903 -0.773798145 0.356235303
v 1.671789024 -0.878796368 0.337159740
v 1.675590413 -0.773798145 0.335585053
v 1.660983359 -0.878796455 0.320988231
v 1.663892864 -0.773798146 0.318078541
v 1.663892864 -0.773798146 0.318078541
v 1.660983359 -0.878796455 0.320988231
v 1.644811915 -0.878796457 0.310182760
v 1.646386439 -0.773798148 0.306381100
v 1.625736120 -0.878796374 0.306388377
v 1.625736103 -0.773798151 0.302273481
v 1.606660669 -0.878796464 0.310182739
v 1.605085766 -0.773798155 0.306381079
v 1.590489053 -0.878796467 0.320988167
v 1.587579341 -0.773798158 0.318078520
v 1.587579341 -0.773798158 0.318078520
v 1.590489053 -0.878796467 0.320988167
v 1.579683560 -0.878796383 0.337159675
v 1.575881965 -0.773798161 0.335584988
v 1.575889220 -0.878796471 0.356235363
v 1.571774302 -0.773798162 0.356235367
v 1.579683560 -0.878796471 0.375310900
v 1.575881965 -0.773798163 0.376885618
v 1.590489225 -0.878796384 0.391482473
v 1.587579341 -0.773798161 0.394392129
v 1.587579341 -0.773798161 0.394392129
v 1.590489225 -0.878796384 0.391482473
v 1.606660669 -0.878796468 0.402288009
v 1.605085939 -0.773798159 0.406089635
v 1.625736292 -0.878796379 0.406082349
v 1.625736103 -0.773798156 0.410197254
v 1.644811915 -0.878796461 0.402288009
v 1.646386439 -0.773798152 0.406089635
v 1.660983359 -0.878796372 0.391482516
v 1.663892864 -0.773798149 0.394392172
v 1.663892864 -0.773798149 0.394392172
v 1.660983359 -0.878796372 0.391482516
v -0.795524964 -0.842721594 0.492560890
v -0.768408256 -0.842721583 0.356235494
v -0.795525254 -0.651154608 0.492560813
v -0.768408546 -0.651154641 0.356235437
v -0.872747088 -0.842721611 0.608131897
v -0.872747378 -0.651154669 0.608131820
v -0.988318311 -0.842721720 0.685354022
v -0.872747088 -0.842721611 0.608131897
v -0.988318428 -0.651154734 0.685353944
v -0.872747378 -0.651154669 0.608131820
v -1.124643621 -0.842721829 0.712470816
v -1.124643825 -0.651154801 0.712470738
v -1.260969104 -0.842721850 0.685354022
v -1.260969135 -0.651154865 0.685353944
v -1.376539982 -0.842721866 0.608131897
v -1.376540013 -0.651154881 0.608131820
v -1.453762106 -0.842721873 0.492560890
v -1.376539982 -0.842721866 0.608131897
v -1.453762137 -0.651154888 0.492560813
v -1.376540013 -0.651154881 0.608131820
v -1.480878986 -0.842721872 0.356235515
v -1.480879017 -0.651154930 0.356235502
v -1.453762106 -0.842721862 0.219910205
v -1.453762137 -0.651154919 0.219910170
v -1.376540154 -0.842721844 0.104339047
v -1.376540185 -0.651154902 0.104339098
v -1.260969104 -0.842721822 0.027116944
v -1.376540154 -0.842721844 0.104339047
v -1.260969135 -0.651154879 0.027116952
v -1.376540185 -0.651154902 0.104339098
v -1.124643621 -0.842721798 0.000000129
v -1.124643825 -0.651154813 0.000000137
v -0.988317966 -0.842721691 0.027116987
v -0.988318428 -0.651154792 0.027116974
v -0.872747088 -0.842721676 0.104339176
v -0.872747378 -0.651154690 0.104339141
v -0.795524964 -0.842721582 0.219910269
v -0.872747088 -0.842721676 0.104339176
v -0.795525254 -0.651154683 0.219910256
v -0.872747378 -0.651154690 0.104339141
v -1.105567992 -0.878797336 0.310182889
v -1.089396462 -0.878797334 0.320988361
v -1.124643701 -0.878797253 0.306388506
v -1.143719325 -0.878797343 0.310182868
v -1.159890854 -0.878797346 0.320988296
v -1.170696261 -0.878797262 0.337159804
v -1.174490687 -0.878797350 0.356235492
v -1.170696261 -0.878797350 0.375311029
v -1.159890768 -0.878797263 0.391482602
v -1.143719152 -0.878797347 0.402288138
v -1.124643615 -0.878797257 0.406082478
v -1.105567992 -0.878797340 0.402288138
v -1.089396462 -0.878797251 0.391482645
v -1.078591056 -0.878797162 0.375311115
v -1.074796630 -0.878797161 0.356235427
v -1.078590970 -0.878797161 0.337159869
v -0.872747378 -0.651154669 0.608131820
v -0.795525254 -0.651154608 0.492560813
v -0.988318428 -0.651154734 0.685353944
v -1.124643825 -0.651154801 0.712470738
v -1.260969135 -0.651154865 0.685353944
v -1.376540013 -0.651154881 0.608131820
v -1.453762137 -0.651154888 0.492560813
v -1.480879017 -0.651154930 0.356235502
v -1.453762137 -0.651154919 0.219910170
v -1.376540185 -0.651154902 0.104339098
v -1.260969135 -0.651154879 0.027116952
v -1.124643825 -0.651154813 0.000000137
v -0.988318428 -0.651154792 0.027116974
v -0.872747378 -0.651154690 0.104339141
v -0.795525254 -0.651154683 0.219910256
v -0.768408546 -0.651154641 0.356235437
v -0.798081177 -0.860606827 0.356235471
v -0.768408256 -0.842721583 0.356235494
v -0.822939136 -0.860606837 0.481205531
v -0.795524964 -0.842721594 0.492560890
v -0.893729013 -0.860606853 0.587150012
v -0.872747088 -0.842721611 0.608131897
v -0.999673580 -0.860606873 0.657939846
v -0.988318311 -0.842721720 0.685354022
v -1.124643618 -0.860606981 0.682797977
v -1.124643621 -0.842721829 0.712470816
v -1.249613656 -0.860607000 0.657939846
v -1.260969104 -0.842721850 0.685354022
v -1.355558051 -0.860607014 0.587150012
v -1.376539982 -0.842721866 0.608131897
v -1.426347929 -0.860607021 0.481205574
v -1.453762106 -0.842721873 0.492560890
v -1.451206060 -0.860607020 0.356235514
v -1.480878986 -0.842721872 0.356235515
v -1.426348101 -0.860607010 0.231265498
v -1.453762106 -0.842721862 0.219910205
v -1.355558224 -0.860606994 0.125320974
v -1.376540154 -0.842721844 0.104339047
v -1.249613656 -0.860606974 0.054531053
v -1.260969104 -0.842721822 0.027116944
v -1.124643618 -0.860606952 0.029672965
v -1.124643621 -0.842721798 0.000000129
v -0.999673580 -0.860606847 0.054531075
v -0.988317966 -0.842721691 0.027116987
v -0.893729013 -0.860606833 0.125320974
v -0.872747088 -0.842721676 0.104339176
v -0.822939136 -0.860606826 0.231265584
v -0.795524964 -0.842721582 0.219910269
v -0.908992028 -0.860606845 0.356235450
v -0.925407511 -0.860606851 0.438761782
v -0.925407511 -0.860606844 0.273709290
v -0.972154792 -0.860606849 0.203746818
v -1.042117243 -0.860606858 0.156999364
v -1.124643618 -0.860606957 0.140583859
v -1.207169994 -0.860606971 0.156999364
v -1.277132444 -0.860606985 0.203746796
v -1.323879725 -0.860606995 0.273709203
v -1.340295209 -0.860607002 0.356235514
v -1.323879725 -0.860607003 0.438761782
v -1.277132272 -0.860606998 0.508724190
v -1.207169908 -0.860606989 0.555471557
v -1.124643618 -0.860606976 0.571887127
v -1.042117415 -0.860606876 0.555471557
v -0.972154964 -0.860606862 0.508724190
v -0.908992028 -0.860606845 0.356235450
v -0.925407511 -0.860606851 0.438761782
v -0.930775978 -0.758917557 0.356235454
v -0.945533333 -0.758917563 0.430425519
v -0.925407511 -0.860606844 0.273709290
v -0.945533161 -0.758917470 0.282045562
v -0.972154792 -0.860606849 0.203746818
v -0.987558371 -0.758917560 0.219150233
v -1.042117243 -0.860606858 0.156999364
v -0.972154792 -0.860606849 0.203746818
v -1.050453656 -0.758917569 0.177124991
v -0.987558371 -0.758917560 0.219150233
v -1.124643618 -0.860606957 0.140583859
v -1.124643721 -0.758917666 0.162367668
v -1.207169994 -0.860606971 0.156999364
v -1.198833786 -0.758917679 0.177124926
v -1.277132444 -0.860606985 0.203746796
v -1.261728985 -0.758917691 0.219150233
v -1.323879725 -0.860606995 0.273709203
v -1.277132444 -0.860606985 0.203746796
v -1.303754195 -0.758917701 0.282045476
v -1.261728985 -0.758917691 0.219150233
v -1.340295209 -0.860607002 0.356235514
v -1.318511551 -0.758917706 0.356235519
v -1.323879725 -0.860607003 0.438761782
v -1.303754195 -0.758917707 0.430425476
v -1.277132272 -0.860606998 0.508724190
v -1.261728813 -0.758917703 0.493320675
v -1.207169908 -0.860606989 0.555471557
v -1.277132272 -0.860606998 0.508724190
v -1.198833700 -0.758917695 0.535346014
v -1.261728813 -0.758917703 0.493320675
v -1.124643618 -0.860606976 0.571887127
v -1.124643721 -0.758917683 0.550103327
v -1.042117415 -0.860606876 0.555471557
v -1.050453829 -0.758917584 0.535346014
v -0.972154964 -0.860606862 0.508724190
v -0.987558543 -0.758917572 0.493320718
v -0.972154964 -0.860606862 0.508724190
v -0.987558543 -0.758917572 0.493320718
v -0.930775978 -0.758917557 0.356235454
v -0.945533333 -0.758917563 0.430425519
v -0.992499053 -0.806041852 0.356235431
v -1.002557949 -0.806041856 0.406805079
v -0.945533161 -0.758917470 0.282045562
v -1.002557949 -0.806041851 0.305665976
v -0.987558371 -0.758917560 0.219150233
v -1.031203182 -0.806041854 0.262795136
v -1.050453656 -0.758917569 0.177124991
v -1.074074087 -0.806041860 0.234149817
v -1.124643721 -0.758917666 0.162367668
v -1.124643713 -0.806041954 0.224090878
v -1.198833786 -0.758917679 0.177124926
v -1.175213254 -0.806041963 0.234149774
v -1.261728985 -0.758917691 0.219150233
v -1.218084073 -0.806041971 0.262795093
v -1.303754195 -0.758917701 0.282045476
v -1.246729305 -0.806041977 0.305665912
v -1.318511551 -0.758917706 0.356235519
v -1.256788373 -0.806041981 0.356235517
v -1.303754195 -0.758917707 0.430425476
v -1.246729305 -0.806041982 0.406804993
v -1.261728813 -0.758917703 0.493320675
v -1.218083900 -0.806041979 0.449675769
v -1.198833700 -0.758917695 0.535346014
v -1.175213168 -0.806041973 0.478321216
v -1.124643721 -0.758917683 0.550103327
v -1.124643627 -0.806041966 0.488380112
v -1.050453829 -0.758917584 0.535346014
v -1.074074087 -0.806041871 0.478321173
v -0.987558543 -0.758917572 0.493320718
v -1.031203354 -0.806041862 0.449675855
v -0.992499053 -0.806041852 0.356235431
v -1.002557949 -0.806041856 0.406805079
v -1.070681918 -0.773798938 0.356235432
v -1.074789494 -0.773798939 0.376885833
v -1.002557949 -0.806041851 0.305665976
v -1.074789494 -0.773798937 0.335585182
v -1.031203182 -0.806041854 0.262795136
v -1.086486957 -0.773798938 0.318078670
v -1.074074087 -0.806041860 0.234149817
v -1.103993382 -0.773799027 0.306381229
v -1.124643713 -0.806041954 0.224090878
v -1.124643805 -0.773799030 0.302273610
v -1.175213254 -0.806041963 0.234149774
v -1.145294141 -0.773799034 0.306381208
v -1.218084073 -0.806041971 0.262795093
v -1.162800566 -0.773799037 0.318078649
v -1.246729305 -0.806041977 0.305665912
v -1.174498029 -0.773799040 0.335585117
v -1.256788373 -0.806041981 0.356235517
v -1.178605605 -0.773799041 0.356235497
v -1.246729305 -0.806041982 0.406804993
v -1.174498029 -0.773799042 0.376885747
v -1.218083900 -0.806041979 0.449675769
v -1.162800566 -0.773799040 0.394392258
v -1.175213168 -0.806041973 0.478321216
v -1.145293969 -0.773799038 0.406089764
v -1.124643627 -0.806041966 0.488380112
v -1.124643719 -0.773799035 0.410197383
v -1.074074087 -0.806041871 0.478321173
v -1.103993468 -0.773799031 0.406089764
v -1.031203354 -0.806041862 0.449675855
v -1.086486957 -0.773798942 0.394392301
v -1.070681918 -0.773798938 0.356235432
v -1.074789494 -0.773798939 0.376885833
v -1.074796630 -0.878797161 0.356235427
v -1.078591056 -0.878797162 0.375311115
v -1.074789494 -0.773798937 0.335585182
v -1.078590970 -0.878797161 0.337159869
v -1.086486957 -0.773798938 0.318078670
v -1.089396462 -0.878797334 0.320988361
v -1.103993382 -0.773799027 0.306381229
v -1.086486957 -0.773798938 0.318078670
v -1.105567992 -0.878797336 0.310182889
v -1.089396462 -0.878797334 0.320988361
v -1.124643805 -0.773799030 0.302273610
v -1.124643701 -0.878797253 0.306388506
v -1.145294141 -0.773799034 0.306381208
v -1.143719325 -0.878797343 0.310182868
v -1.162800566 -0.773799037 0.318078649
v -1.159890854 -0.878797346 0.320988296
v -1.174498029 -0.773799040 0.335585117
v -1.162800566 -0.773799037 0.318078649
v -1.170696261 -0.878797262 0.337159804
v -1.159890854 -0.878797346 0.320988296
v -1.178605605 -0.773799041 0.356235497
v -1.174490687 -0.878797350 0.356235492
v -1.174498029 -0.773799042 0.376885747
v -1.170696261 -0.878797350 0.375311029
v -1.162800566 -0.773799040 0.394392258
v -1.159890768 -0.878797263 0.391482602
v -1.145293969 -0.773799038 0.406089764
v -1.162800566 -0.773799040 0.394392258
v -1.143719152 -0.878797347 0.402288138
v -1.159890768 -0.878797263 0.391482602
v -1.124643719 -0.773799035 0.410197383
v -1.124643615 -0.878797257 0.406082478
v -1.103993468 -0.773799031 0.406089764
v -1.105567992 -0.878797340 0.402288138
v -1.086486957 -0.773798942 0.394392301
v -1.089396462 -0.878797251 0.391482645
v -1.086486957 -0.773798942 0.394392301
v -1.089396462 -0.878797251 0.391482645
v -0.768408930 0.651153774 0.356235451
v -0.768408875 0.842720717 0.356235481
v -0.795525638 0.651153807 0.492560783
v -0.795525583 0.842720706 0.492560878
v -0.872747762 0.651153833 0.608131790
v -0.872747707 0.842720689 0.608131885
v -0.872747762 0.651153833 0.608131790
v -0.872747707 0.842720689 0.608131885
v -0.988318813 0.651153767 0.685353915
v -0.988318930 0.842720753 0.685354009
v -1.124644209 0.651153787 0.712470709
v -1.124644240 0.842720643 0.712470803
v -1.260969692 0.651153723 0.685353915
v -1.260969723 0.842720622 0.685354009
v -1.376540570 0.651153707 0.608131790
v -1.376540601 0.842720607 0.608131885
v -1.376540570 0.651153707 0.608131790
v -1.376540601 0.842720607 0.608131885
v -1.453762694 0.651153700 0.492560783
v -1.453762725 0.842720599 0.492560878
v -1.480879574 0.651153658 0.356235516
v -1.480879606 0.842720601 0.356235503
v -1.453762694 0.651153669 0.219910184
v -1.453762725 0.842720611 0.219910192
v -1.376540742 0.651153686 0.104339069
v -1.376540773 0.842720629 0.104339077
v -1.376540742 0.651153686 0.104339069
v -1.376540773 0.842720629 0.104339077
v -1.260969692 0.651153709 0.027116945
v -1.260969723 0.842720651 0.027116932
v -1.124644209 0.651153775 0.000000129
v -1.124644240 0.842720674 0.000000138
v -0.988318813 0.651153796 0.027116966
v -0.988318585 0.842720781 0.027116975
v -0.872747762 0.651153812 0.104339112
v -0.872747707 0.842720797 0.104339185
v -0.872747762 0.651153812 0.104339112
v -0.872747707 0.842720797 0.104339185
v -0.795525638 0.651153819 0.219910270
v -0.795525583 0.842720718 0.219910257
v -1.078591687 0.878796193 0.375311106
v -1.074797261 0.878796194 0.356235418
v -1.089397093 0.878796104 0.391482636
v -1.105568623 0.878796187 0.402288129
v -1.124644246 0.878796098 0.406082468
v -1.143719783 0.878796181 0.402288129
v -1.159891399 0.878796093 0.391482593
v -1.170696892 0.878796178 0.375311020
v -1.174491318 0.878796178 0.356235483
v -1.170696892 0.878796093 0.337159795
v -1.159891486 0.878796182 0.320988287
v -1.143719956 0.878796185 0.310182859
v -1.124644332 0.878796102 0.306388497
v -1.105568623 0.878796191 0.310182880
v -1.089397093 0.878796194 0.320988351
v -1.078591601 0.878796195 0.337159859
v -0.872747762 0.651153812 0.104339112
v -0.795525638 0.651153819 0.219910270
v -0.988318813 0.651153796 0.027116966
v -1.124644209 0.651153775 0.000000129
v -1.260969692 0.651153709 0.027116945
v -1.376540742 0.651153686 0.104339069
v -1.453762694 0.651153669 0.219910184
v -1.480879574 0.651153658 0.356235516
v -1.453762694 0.651153700 0.492560783
v -1.376540570 0.651153707 0.608131790
v -1.260969692 0.651153723 0.685353915
v -1.124644209 0.651153787 0.712470709
v -0.988318813 0.651153767 0.685353915
v -0.872747762 0.651153833 0.608131790
v -0.795525638 0.651153807 0.492560783
v -0.768408930 0.651153774 0.356235451
v -0.795525583 0.842720706 0.492560878
v -0.768408875 0.842720717 0.356235481
v -0.822939761 0.860605941 0.481205520
v -0.798081802 0.860605951 0.356235460
v -0.872747707 0.842720689 0.608131885
v -0.893729638 0.860605925 0.587150001
v -0.988318930 0.842720753 0.685354009
v -0.999674205 0.860605905 0.657939835
v -1.124644240 0.842720643 0.712470803
v -1.124644243 0.860605797 0.682797966
v -1.260969723 0.842720622 0.685354009
v -1.249614282 0.860605778 0.657939835
v -1.376540601 0.842720607 0.608131885
v -1.355558676 0.860605764 0.587150001
v -1.453762725 0.842720599 0.492560878
v -1.426348554 0.860605757 0.481205563
v -1.480879606 0.842720601 0.356235503
v -1.451206685 0.860605758 0.356235504
v -1.453762725 0.842720611 0.219910192
v -1.426348726 0.860605768 0.231265487
v -1.376540773 0.842720629 0.104339077
v -1.355558849 0.860605784 0.125320963
v -1.260969723 0.842720651 0.027116932
v -1.249614282 0.860605804 0.054531042
v -1.124644240 0.842720674 0.000000138
v -1.124644243 0.860605826 0.029672954
v -0.988318585 0.842720781 0.027116975
v -0.999674205 0.860605931 0.054531086
v -0.872747707 0.842720797 0.104339185
v -0.893729638 0.860605945 0.125320963
v -0.795525583 0.842720718 0.219910257
v -0.822939761 0.860605952 0.231265573
v -0.925408136 0.860605926 0.438761771
v -0.908992653 0.860605933 0.356235439
v -0.925408136 0.860605934 0.273709279
v -0.972155417 0.860605929 0.203746807
v -1.042117868 0.860605920 0.156999375
v -1.124644243 0.860605821 0.140583848
v -1.207170619 0.860605807 0.156999375
v -1.277133069 0.860605793 0.203746785
v -1.323880350 0.860605782 0.273709192
v -1.340295834 0.860605776 0.356235504
v -1.323880350 0.860605775 0.438761771
v -1.277132897 0.860605780 0.508724179
v -1.207170533 0.860605789 0.555471546
v -1.124644243 0.860605802 0.571887116
v -1.042118040 0.860605902 0.555471546
v -0.972155590 0.860605916 0.508724179
v -0.945533753 0.758916632 0.430425499
v -0.925408136 0.860605926 0.438761771
v -0.930776397 0.758916638 0.356235434
v -0.908992653 0.860605933 0.356235439
v -0.945533581 0.758916552 0.282045542
v -0.925408136 0.860605934 0.273709279
v -0.987558790 0.758916634 0.219150213
v -0.972155417 0.860605929 0.203746807
v -0.987558790 0.758916634 0.219150213
v -0.972155417 0.860605929 0.203746807
v -1.050454076 0.758916626 0.177124993
v -1.042117868 0.860605920 0.156999375
v -1.124644141 0.758916528 0.162367648
v -1.124644243 0.860605821 0.140583848
v -1.198834205 0.758916516 0.177124928
v -1.207170619 0.860605807 0.156999375
v -1.261729577 0.758916503 0.219150213
v -1.277133069 0.860605793 0.203746785
v -1.261729577 0.758916503 0.219150213
v -1.277133069 0.860605793 0.203746785
v -1.303754787 0.758916494 0.282045456
v -1.323880350 0.860605782 0.273709192
v -1.318512143 0.758916488 0.356235499
v -1.340295834 0.860605776 0.356235504
v -1.303754787 0.758916487 0.430425456
v -1.323880350 0.860605775 0.438761771
v -1.261729405 0.758916491 0.493320656
v -1.277132897 0.860605780 0.508724179
v -1.261729405 0.758916491 0.493320656
v -1.277132897 0.860605780 0.508724179
v -1.198834119 0.758916500 0.535345995
v -1.207170533 0.860605789 0.555471546
v -1.124644141 0.758916511 0.550103307
v -1.124644243 0.860605802 0.571887116
v -1.050454248 0.758916610 0.535345995
v -1.042118040 0.860605902 0.555471546
v -0.987558963 0.758916622 0.493320699
v -0.972155590 0.860605916 0.508724179
v -0.987558963 0.758916622 0.493320699
v -0.972155590 0.860605916 0.508724179
v -1.002558556 0.806040908 0.406805063
v -0.945533753 0.758916632 0.430425499
v -0.992499661 0.806040912 0.356235415
v -0.930776397 0.758916638 0.356235434
v -1.002558556 0.806040913 0.305665960
v -0.945533581 0.758916552 0.282045542
v -1.031203789 0.806040910 0.262795120
v -0.987558790 0.758916634 0.219150213
v -1.074074694 0.806040904 0.234149801
v -1.050454076 0.758916626 0.177124993
v -1.124644321 0.806040810 0.224090863
v -1.124644141 0.758916528 0.162367648
v -1.175213861 0.806040802 0.234149758
v -1.198834205 0.758916516 0.177124928
v -1.218084680 0.806040793 0.262795077
v -1.261729577 0.758916503 0.219150213
v -1.246729913 0.806040787 0.305665896
v -1.303754787 0.758916494 0.282045456
v -1.256788981 0.806040783 0.356235501
v -1.318512143 0.758916488 0.356235499
v -1.246729913 0.806040782 0.406804977
v -1.303754787 0.758916487 0.430425456
v -1.218084508 0.806040785 0.449675753
v -1.261729405 0.758916491 0.493320656
v -1.175213775 0.806040791 0.478321201
v -1.198834119 0.758916500 0.535345995
v -1.124644234 0.806040799 0.488380097
v -1.124644141 0.758916511 0.550103307
v -1.074074694 0.806040894 0.478321158
v -1.050454248 0.758916610 0.535345995
v -1.031203961 0.806040902 0.449675839
v -0.987558963 0.758916622 0.493320699
v -1.074789919 0.773797971 0.376885815
v -1.002558556 0.806040908 0.406805063
v -1.070682343 0.773797972 0.356235414
v -0.992499661 0.806040912 0.356235415
v -1.074789919 0.773797973 0.335585163
v -1.002558556 0.806040913 0.305665960
v -1.086487381 0.773797971 0.318078652
v -1.031203789 0.806040910 0.262795120
v -1.103993807 0.773797883 0.306381211
v -1.074074694 0.806040904 0.234149801
v -1.124644229 0.773797880 0.302273592
v -1.124644321 0.806040810 0.224090863
v -1.145294566 0.773797876 0.306381189
v -1.175213861 0.806040802 0.234149758
v -1.162800991 0.773797873 0.318078630
v -1.218084680 0.806040793 0.262795077
v -1.174498453 0.773797870 0.335585099
v -1.246729913 0.806040787 0.305665896
v -1.178606030 0.773797869 0.356235478
v -1.256788981 0.806040783 0.356235501
v -1.174498453 0.773797868 0.376885728
v -1.246729913 0.806040782 0.406804977
v -1.162800991 0.773797870 0.394392240
v -1.218084508 0.806040785 0.449675753
v -1.145294393 0.773797872 0.406089745
v -1.175213775 0.806040791 0.478321201
v -1.124644143 0.773797875 0.410197365
v -1.124644234 0.806040799 0.488380097
v -1.103993893 0.773797879 0.406089745
v -1.074074694 0.806040894 0.478321158
v -1.086487381 0.773797968 0.394392283
v -1.031203961 0.806040902 0.449675839
v -1.078591687 0.878796193 0.375311106
v -1.074789919 0.773797971 0.376885815
v -1.074797261 0.878796194 0.356235418
v -1.070682343 0.773797972 0.356235414
v -1.078591601 0.878796195 0.337159859
v -1.074789919 0.773797973 0.335585163
v -1.089397093 0.878796194 0.320988351
v -1.086487381 0.773797971 0.318078652
v -1.089397093 0.878796194 0.320988351
v -1.086487381 0.773797971 0.318078652
v -1.105568623 0.878796191 0.310182880
v -1.103993807 0.773797883 0.306381211
v -1.124644332 0.878796102 0.306388497
v -1.124644229 0.773797880 0.302273592
v -1.143719956 0.878796185 0.310182859
v -1.145294566 0.773797876 0.306381189
v -1.159891486 0.878796182 0.320988287
v -1.162800991 0.773797873 0.318078630
v -1.159891486 0.878796182 0.320988287
v -1.162800991 0.773797873 0.318078630
v -1.170696892 0.878796093 0.337159795
v -1.174498453 0.773797870 0.335585099
v -1.174491318 0.878796178 0.356235483
v -1.178606030 0.773797869 0.356235478
v -1.170696892 0.878796178 0.375311020
v -1.174498453 0.773797868 0.376885728
v -1.159891399 0.878796093 0.391482593
v -1.162800991 0.773797870 0.394392240
v -1.159891399 0.878796093 0.391482593
v -1.162800991 0.773797870 0.394392240
v -1.143719783 0.878796181 0.402288129
v -1.145294393 0.773797872 0.406089745
v -1.124644246 0.878796098 0.406082468
v -1.124644143 0.773797875 0.410197365
v -1.105568623 0.878796187 0.402288129
v -1.103993893 0.773797879 0.406089745
v -1.089397093 0.878796104 0.391482636
v -1.086487381 0.773797968 0.394392283
v -1.089397093 0.878796104 0.391482636
v -1.086487381 0.773797968 0.394392283
v -0.235207340 -0.794230812 1.160071383
v -0.270884080 -0.687752691 1.604907761
v -0.172539739 -0.688270269 1.602769308
v -0.172539739 -0.688270269 1.602769308
v -0.118417124 -0.794180382 1.157552739
v -0.235207340 -0.794230812 1.160071383
v -1.038477607 -0.704546120 1.544124386
v -0.926290720 -0.687823718 1.606478855
v -0.987528291 -0.793826528 1.163877270
v -0.987528291 -0.793826528 1.163877270
v -1.087421324 -0.773529517 1.227095875
v -1.038477607 -0.704546120 1.544124386
v -0.683945444 -0.669804959 1.614071499
v -0.663504420 -0.669804956 1.614071499
v -0.663504402 -0.783035114 1.149768621
v -0.663504402 -0.783035114 1.149768621
v -0.683945426 -0.783035118 1.149768621
v -0.683945444 -0.669804959 1.614071499
v -0.663504811 0.669804013 1.614071558
v -0.683945835 0.669804010 1.614071558
v -0.683945853 0.783034209 1.149768689
v -0.683945853 0.783034209 1.149768689
v -0.663504829 0.783034213 1.149768689
v -0.663504811 0.669804013 1.614071558
v -0.172540136 0.688269574 1.602769369
v -0.270884562 0.687751964 1.604907821
v -0.235207944 0.794230221 1.160071453
v -0.235207944 0.794230221 1.160071453
v -0.118417728 0.794179830 1.157552808
v -0.172540136 0.688269574 1.602769369
v -0.987528894 0.793825520 1.163877340
v -0.926291116 0.687822604 1.606478915
v -1.038478009 0.704544889 1.544124448
v -1.038478009 0.704544889 1.544124448
v -1.087421748 0.773528471 1.227095943
v -0.987528894 0.793825520 1.163877340
v -1.974097416 0.750395363 1.264509554
v -1.891056582 0.692892485 1.532000173
v -2.044967232 0.569407041 1.550072056
v -2.044967232 0.569407041 1.550072056
v -2.175086766 0.629684448 1.207702165
v -1.974097416 0.750395363 1.264509554
v -1.974775938 0.758940127 1.225650488
v -1.974097416 0.750395363 1.264509554
v -2.175086766 0.629684448 1.207702165
v -2.175086766 0.629684448 1.207702165
v -2.181632759 0.624336637 1.190327583
v -1.974775938 0.758940127 1.225650488
v -2.181632759 0.624336637 1.190327583
v -2.182128592 0.604273823 1.181848915
v -1.964739621 0.765029239 1.198760241
v -1.964739621 0.765029239 1.198760241
v -1.974775938 0.758940127 1.225650488
v -2.181632759 0.624336637 1.190327583
v -1.891056582 0.692892485 1.532000173
v -1.875398897 0.686228565 1.563458759
v -2.034967448 0.553123101 1.569773806
v -2.034967448 0.553123101 1.569773806
v -2.044967232 0.569407041 1.550072056
v -1.891056582 0.692892485 1.532000173
v -2.034967448 0.553123101 1.569773806
v -1.875398897 0.686228565 1.563458759
v -1.855162704 0.683247393 1.578540985
v -1.855162704 0.683247393 1.578540985
v -2.035505848 0.524024213 1.581790708
v -2.034967448 0.553123101 1.569773806
v -2.044966702 -0.569408945 1.550072006
v -1.891056012 -0.692894252 1.532000112
v -1.974096827 -0.750397047 1.264509488
v -1.974096827 -0.750397047 1.264509488
v -2.175086216 -0.629686451 1.207702110
v -2.044966702 -0.569408945 1.550072006
v -2.034966923 -0.553125003 1.569773758
v -1.875398329 -0.686230329 1.563458699
v -1.891056012 -0.692894252 1.532000112
v -1.891056012 -0.692894252 1.532000112
v -2.044966702 -0.569408945 1.550072006
v -2.034966923 -0.553125003 1.569773758
v -2.034966923 -0.553125003 1.569773758
v -2.035505677 -0.524026117 1.581790663
v -1.855162137 -0.683249152 1.578540925
v -1.855162137 -0.683249152 1.578540925
v -1.875398329 -0.686230329 1.563458699
v -2.034966923 -0.553125003 1.569773758
v -2.175086216 -0.629686451 1.207702110
v -1.974096827 -0.750397047 1.264509488
v -1.974775347 -0.758941807 1.225650421
v -1.974775347 -0.758941807 1.225650421
v -2.181632211 -0.624338640 1.190327529
v -2.175086216 -0.629686451 1.207702110
v -2.181632211 -0.624338640 1.190327529
v -1.974775347 -0.758941807 1.225650421
v -1.964739027 -0.765030913 1.198760174
v -1.964739027 -0.765030913 1.198760174
v -2.182128050 -0.604275826 1.181848862
v -2.181632211 -0.624338640 1.190327529
v -1.126753049 -0.750276511 0.921437506
v -1.126753465 0.750274961 0.921437572
v -1.897386809 0.738841492 0.914578685
v -1.897386809 0.738841492 0.914578685
v -1.897386224 -0.738843292 0.914578620
v -1.126753049 -0.750276511 0.921437506
v -0.985695917 0.759614255 0.911069835
v -0.985695497 -0.759615586 0.911069768
v -0.234507110 -0.760019181 0.907346607
v -0.234507110 -0.760019181 0.907346607
v -0.234507616 0.760018440 0.907346673
v -0.985695917 0.759614255 0.911069835
v 0.629243104 -0.755087484 0.903897042
v 0.629242513 0.755087197 0.903897108
v -0.117838299 0.759968135 0.904828287
v -0.117838299 0.759968135 0.904828287
v -0.117837879 -0.759968837 0.904828220
v 0.629243104 -0.755087484 0.903897042
v 0.655043709 0.786383428 1.168530818
v 0.756587465 0.728710718 1.197295138
v 0.408735477 0.629960560 1.608928619
v 0.408735477 0.629960560 1.608928619
v 0.355948711 0.695741061 1.556650974
v 0.655043709 0.786383428 1.168530818
v 0.655044137 -0.786383385 1.168530749
v 0.355949110 -0.695741408 1.556650913
v 0.408736027 -0.629960808 1.608928564
v 0.408736027 -0.629960808 1.608928564
v 0.756588047 -0.728710644 1.197295074
v 0.655044137 -0.786383385 1.168530749
v -1.126753049 -0.750276511 0.921437506
v -0.985695497 -0.759615586 0.911069768
v -0.985695917 0.759614255 0.911069835
v -0.985695917 0.759614255 0.911069835
v -1.126753465 0.750274961 0.921437572
v -1.126753049 -0.750276511 0.921437506
v -0.234507110 -0.760019181 0.907346607
v -0.117837879 -0.759968837 0.904828220
v -0.117838299 0.759968135 0.904828287
v -0.117838299 0.759968135 0.904828287
v -0.234507616 0.760018440 0.907346673
v -0.234507110 -0.760019181 0.907346607
v -1.821492074 0.682170718 1.586000751
v -1.088150149 0.693151088 1.592082277
v -1.088149951 0.004037842 1.642828096
v -1.088149951 0.004037842 1.642828096
v -1.821491791 0.003973620 1.636746398
v -1.821492074 0.682170718 1.586000751
v -0.270884562 0.687751964 1.604907821
v -0.270884365 0.004006655 1.655653640
v -0.926290918 0.004006829 1.657224734
v -0.926290918 0.004006829 1.657224734
v -0.926291116 0.687822604 1.606478915
v -0.270884562 0.687751964 1.604907821
v 0.234209534 0.687296152 1.595443170
v 0.234209817 0.004004148 1.646188989
v -0.172539938 0.004009703 1.653515188
v -0.172539938 0.004009703 1.653515188
v -0.172540136 0.688269574 1.602769369
v 0.234209534 0.687296152 1.595443170
v -0.270884365 0.004006655 1.655653640
v -0.172539938 0.004009703 1.653515188
v -0.172539739 -0.688270269 1.602769308
v -0.172539739 -0.688270269 1.602769308
v -0.270884080 -0.687752691 1.604907761
v -0.270884365 0.004006655 1.655653640
v -1.088149951 0.004037842 1.642828096
v -0.926290918 0.004006829 1.657224734
v -0.926290720 -0.687823718 1.606478855
v -0.926290720 -0.687823718 1.606478855
v -1.088149751 -0.693152339 1.592082216
v -1.088149951 0.004037842 1.642828096
v -1.930433896 0.736386264 0.922312651
v -1.950945667 0.732290575 0.942737043
v -2.147849410 0.586924205 0.925501710
v -2.147849410 0.586924205 0.925501710
v -2.155369278 0.307260470 0.926473463
v -1.930433896 0.736386264 0.922312651
v -2.147848874 -0.586926175 0.925501659
v -1.950945083 -0.732292396 0.942736979
v -1.930433311 -0.736388076 0.922312587
v -1.930433311 -0.736388076 0.922312587
v -2.155369178 -0.307262399 0.926473436
v -2.147848874 -0.586926175 0.925501659
v -2.155369278 0.307260470 0.926473463
v -2.159138751 -0.000000974 0.926774277
v -2.155369178 -0.307262399 0.926473436
v -2.155369178 -0.307262399 0.926473436
v -1.930433311 -0.736388076 0.922312587
v -1.897386224 -0.738843292 0.914578620
v -2.155369178 -0.307262399 0.926473436
v -1.897386224 -0.738843292 0.914578620
v -1.897386809 0.738841492 0.914578685
v -2.155369278 0.307260470 0.926473463
v -2.155369178 -0.307262399 0.926473436
v -1.897386809 0.738841492 0.914578685
v -1.930433896 0.736386264 0.922312651
v -2.155369278 0.307260470 0.926473463
v -1.897386809 0.738841492 0.914578685
v -1.821491791 0.003973620 1.636746398
v -2.042416438 -0.000000935 1.592316291
v -2.040344389 0.308001757 1.587180606
v -2.040344389 0.308001757 1.587180606
v -2.035505848 0.524024213 1.581790708
v -1.855162704 0.683247393 1.578540985
v -1.821491791 0.003973620 1.636746398
v -2.040344389 0.308001757 1.587180606
v -1.855162704 0.683247393 1.578540985
v -1.821492074 0.682170718 1.586000751
v -1.821491791 0.003973620 1.636746398
v -1.855162704 0.683247393 1.578540985
v 0.355948711 0.695741061 1.556650974
v 0.408735477 0.629960560 1.608928619
v 0.324230747 0.690747929 1.578456881
v 0.408736027 -0.629960808 1.608928564
v 0.324231144 -0.690748288 1.578456820
v 0.278290867 -0.687950625 1.591465740
v 0.408736027 -0.629960808 1.608928564
v 0.278290867 -0.687950625 1.591465740
v 0.234210016 -0.687296542 1.595443110
v 0.408736027 -0.629960808 1.608928564
v 0.355949110 -0.695741408 1.556650913
v 0.324231144 -0.690748288 1.578456820
v 0.427413860 0.543565653 1.620171002
v 0.454832893 0.339688739 1.629097757
v 0.471425258 -0.000000116 1.635461913
v 0.427413860 0.543565653 1.620171002
v 0.471425258 -0.000000116 1.635461913
v 0.234209817 0.004004148 1.646188989
v 0.427413860 0.543565653 1.620171002
v 0.234209817 0.004004148 1.646188989
v 0.234209534 0.687296152 1.595443170
v 0.408735477 0.629960560 1.608928619
v 0.427413860 0.543565653 1.620171002
v 0.234209534 0.687296152 1.595443170
v 0.408735477 0.629960560 1.608928619
v 0.234209534 0.687296152 1.595443170
v 0.278290470 0.687950250 1.591465800
v 0.408735477 0.629960560 1.608928619
v 0.278290470 0.687950250 1.591465800
v 0.324230747 0.690747929 1.578456881
v -1.100686341 0.780480164 1.194511946
v -1.128830569 0.784470111 1.174242664
v -0.987528894 0.793825520 1.163877340
v -0.987528894 0.793825520 1.163877340
v -1.087421748 0.773528471 1.227095943
v -1.100686341 0.780480164 1.194511946
v -1.056683119 0.697066462 1.576700172
v -1.038478009 0.704544889 1.544124448
v -0.926291116 0.687822604 1.606478915
v -0.926291116 0.687822604 1.606478915
v -1.088150149 0.693151088 1.592082277
v -1.056683119 0.697066462 1.576700172
v -0.926290720 -0.687823718 1.606478855
v -1.038477607 -0.704546120 1.544124386
v -1.056682719 -0.697067702 1.576700111
v -1.056682719 -0.697067702 1.576700111
v -1.088149751 -0.693152339 1.592082216
v -0.926290720 -0.687823718 1.606478855
v -0.987528291 -0.793826528 1.163877270
v -1.128830141 -0.784471339 1.174242595
v -1.100685915 -0.780481385 1.194511878
v -1.100685915 -0.780481385 1.194511878
v -1.087421324 -0.773529517 1.227095875
v -0.987528291 -0.793826528 1.163877270
v 0.629243104 -0.755087484 0.903897042
v 0.645565865 -0.753111636 0.913376515
v 0.732072705 -0.703894084 0.938551332
v 0.732072705 -0.703894084 0.938551332
v 0.779588283 -0.607680864 0.943212828
v 0.829478235 -0.403385097 0.950187970
v 0.629243104 -0.755087484 0.903897042
v 0.732072705 -0.703894084 0.938551332
v 0.829478235 -0.403385097 0.950187970
v 0.829478235 -0.403385097 0.950187970
v 0.854239960 0.000000008 0.952145047
v 0.829478104 0.403385044 0.950188005
v 0.829478104 0.403385044 0.950188005
v 0.779587740 0.607680795 0.943212881
v 0.732072131 0.703894000 0.938551394
v 0.829478235 -0.403385097 0.950187970
v 0.829478104 0.403385044 0.950188005
v 0.732072131 0.703894000 0.938551394
v 0.629243104 -0.755087484 0.903897042
v 0.829478235 -0.403385097 0.950187970
v 0.732072131 0.703894000 0.938551394
v 0.629243104 -0.755087484 0.903897042
v 0.732072131 0.703894000 0.938551394
v 0.645565103 0.753111354 0.913376581
v 0.629242513 0.755087197 0.903897108
v 0.629243104 -0.755087484 0.903897042
v 0.645565103 0.753111354 0.913376581
v -1.088149951 0.004037842 1.642828096
v -1.088149751 -0.693152339 1.592082216
v -1.821491507 -0.682172466 1.586000691
v -1.821491507 -0.682172466 1.586000691
v -1.821491791 0.003973620 1.636746398
v -1.088149951 0.004037842 1.642828096
v -0.270884080 -0.687752691 1.604907761
v -0.926290720 -0.687823718 1.606478855
v -0.926290918 0.004006829 1.657224734
v -0.926290918 0.004006829 1.657224734
v -0.270884365 0.004006655 1.655653640
v -0.270884080 -0.687752691 1.604907761
v 0.234210016 -0.687296542 1.595443110
v -0.172539739 -0.688270269 1.602769308
v -0.172539938 0.004009703 1.653515188
v -0.172539938 0.004009703 1.653515188
v 0.234209817 0.004004148 1.646188989
v 0.234210016 -0.687296542 1.595443110
v -0.270884562 0.687751964 1.604907821
v -0.172540136 0.688269574 1.602769369
v -0.172539938 0.004009703 1.653515188
v -0.172539938 0.004009703 1.653515188
v -0.270884365 0.004006655 1.655653640
v -0.270884562 0.687751964 1.604907821
v -1.088149951 0.004037842 1.642828096
v -1.088150149 0.693151088 1.592082277
v -0.926291116 0.687822604 1.606478915
v -0.926291116 0.687822604 1.606478915
v -0.926290918 0.004006829 1.657224734
v -1.088149951 0.004037842 1.642828096
v -1.821491507 -0.682172466 1.586000691
v -1.855162137 -0.683249152 1.578540925
v -2.035505677 -0.524026117 1.581790663
v -1.821491507 -0.682172466 1.586000691
v -2.035505677 -0.524026117 1.581790663
v -2.040344288 -0.308003620 1.587180579
v -1.821491507 -0.682172466 1.586000691
v -2.040344288 -0.308003620 1.587180579
v -2.042416438 -0.000000935 1.592316291
v -1.821491791 0.003973620 1.636746398
v -1.821491507 -0.682172466 1.586000691
v -2.042416438 -0.000000935 1.592316291
v 0.454833004 -0.339688974 1.629097727
v 0.427414381 -0.543565896 1.620170954
v 0.408736027 -0.629960808 1.608928564
v 0.454833004 -0.339688974 1.629097727
v 0.408736027 -0.629960808 1.608928564
v 0.234210016 -0.687296542 1.595443110
v 0.454833004 -0.339688974 1.629097727
v 0.234210016 -0.687296542 1.595443110
v 0.234209817 0.004004148 1.646188989
v 0.471425258 -0.000000116 1.635461913
v 0.454833004 -0.339688974 1.629097727
v 0.234209817 0.004004148 1.646188989
v -0.235207944 0.794230221 1.160071453
v -0.987528894 0.793825520 1.163877340
v -0.985695917 0.759614255 0.911069835
v -0.985695917 0.759614255 0.911069835
v -0.234507616 0.760018440 0.907346673
v -0.235207944 0.794230221 1.160071453
v -0.987528894 0.793825520 1.163877340
v -1.128830569 0.784470111 1.174242664
v -1.126753465 0.750274961 0.921437572
v -1.126753465 0.750274961 0.921437572
v -0.985695917 0.759614255 0.911069835
v -0.987528894 0.793825520 1.163877340
v -1.128830569 0.784470111 1.174242664
v -1.899590758 0.773034746 1.167374729
v -1.897386809 0.738841492 0.914578685
v -1.897386809 0.738841492 0.914578685
v -1.126753465 0.750274961 0.921437572
v -1.128830569 0.784470111 1.174242664
v -1.899590758 0.773034746 1.167374729
v -1.934404378 0.770444055 1.176484867
v -1.930433896 0.736386264 0.922312651
v -1.930433896 0.736386264 0.922312651
v -1.897386809 0.738841492 0.914578685
v -1.899590758 0.773034746 1.167374729
v -1.934404378 0.770444055 1.176484867
v -1.964739621 0.765029239 1.198760241
v -1.950945667 0.732290575 0.942737043
v -1.950945667 0.732290575 0.942737043
v -1.930433896 0.736386264 0.922312651
v -1.934404378 0.770444055 1.176484867
v -1.964739621 0.765029239 1.198760241
v -2.182128592 0.604273823 1.181848915
v -2.147849410 0.586924205 0.925501710
v -2.147849410 0.586924205 0.925501710
v -1.950945667 0.732290575 0.942737043
v -1.964739621 0.765029239 1.198760241
v -2.182128592 0.604273823 1.181848915
v -2.190201339 0.307933868 1.181434758
v -2.155369278 0.307260470 0.926473463
v -2.155369278 0.307260470 0.926473463
v -2.147849410 0.586924205 0.925501710
v -2.182128592 0.604273823 1.181848915
v -2.190201339 0.307933868 1.181434758
v -2.193992699 -0.000000985 1.181504716
v -2.159138751 -0.000000974 0.926774277
v -2.159138751 -0.000000974 0.926774277
v -2.155369278 0.307260470 0.926473463
v -2.190201339 0.307933868 1.181434758
v -2.193992699 -0.000000985 1.181504716
v -2.190201239 -0.307935831 1.181434731
v -2.155369178 -0.307262399 0.926473436
v -2.155369178 -0.307262399 0.926473436
v -2.159138751 -0.000000974 0.926774277
v -2.193992699 -0.000000985 1.181504716
v -2.190201239 -0.307935831 1.181434731
v -2.182128050 -0.604275826 1.181848862
v -2.147848874 -0.586926175 0.925501659
v -2.147848874 -0.586926175 0.925501659
v -2.155369178 -0.307262399 0.926473436
v -2.190201239 -0.307935831 1.181434731
v -2.182128050 -0.604275826 1.181848862
v -1.964739027 -0.765030913 1.198760174
v -1.950945083 -0.732292396 0.942736979
v -1.950945083 -0.732292396 0.942736979
v -2.147848874 -0.586926175 0.925501659
v -2.182128050 -0.604275826 1.181848862
v -1.964739027 -0.765030913 1.198760174
v -1.934403782 -0.770445718 1.176484800
v -1.930433311 -0.736388076 0.922312587
v -1.930433311 -0.736388076 0.922312587
v -1.950945083 -0.732292396 0.942736979
v -1.964739027 -0.765030913 1.198760174
v -1.934403782 -0.770445718 1.176484800
v -1.899590161 -0.773036397 1.167374661
v -1.897386224 -0.738843292 0.914578620
v -1.897386224 -0.738843292 0.914578620
v -1.930433311 -0.736388076 0.922312587
v -1.934403782 -0.770445718 1.176484800
v -1.899590161 -0.773036397 1.167374661
v -1.128830141 -0.784471339 1.174242595
v -1.126753049 -0.750276511 0.921437506
v -1.126753049 -0.750276511 0.921437506
v -1.897386224 -0.738843292 0.914578620
v -1.899590161 -0.773036397 1.167374661
v -1.128830141 -0.784471339 1.174242595
v -0.987528291 -0.793826528 1.163877270
v -0.985695497 -0.759615586 0.911069768
v -0.985695497 -0.759615586 0.911069768
v -1.126753049 -0.750276511 0.921437506
v -1.128830141 -0.784471339 1.174242595
v -0.987528291 -0.793826528 1.163877270
v -0.235207340 -0.794230812 1.160071383
v -0.234507110 -0.760019181 0.907346607
v -0.234507110 -0.760019181 0.907346607
v -0.985695497 -0.759615586 0.911069768
v -0.987528291 -0.793826528 1.163877270
v -0.235207340 -0.794230812 1.160071383
v -0.118417124 -0.794180382 1.157552739
v -0.117837879 -0.759968837 0.904828220
v -0.117837879 -0.759968837 0.904828220
v -0.234507110 -0.760019181 0.907346607
v -0.235207340 -0.794230812 1.160071383
v -0.118417124 -0.794180382 1.157552739
v 0.630469169 -0.789287223 1.157054490
v 0.629243104 -0.755087484 0.903897042
v 0.629243104 -0.755087484 0.903897042
v -0.117837879 -0.759968837 0.904828220
v -0.118417124 -0.794180382 1.157552739
v 0.630469169 -0.789287223 1.157054490
v 0.655044137 -0.786383385 1.168530749
v 0.645565865 -0.753111636 0.913376515
v 0.645565865 -0.753111636 0.913376515
v 0.629243104 -0.755087484 0.903897042
v 0.630469169 -0.789287223 1.157054490
v 0.655044137 -0.786383385 1.168530749
v 0.756588047 -0.728710644 1.197295074
v 0.732072705 -0.703894084 0.938551332
v 0.732072705 -0.703894084 0.938551332
v 0.645565865 -0.753111636 0.913376515
v 0.655044137 -0.786383385 1.168530749
v 0.756588047 -0.728710644 1.197295074
v 0.810346290 -0.619442272 1.203446749
v 0.779588283 -0.607680864 0.943212828
v 0.779588283 -0.607680864 0.943212828
v 0.732072705 -0.703894084 0.938551332
v 0.756588047 -0.728710644 1.197295074
v 0.810346290 -0.619442272 1.203446749
v 0.861812851 -0.408543164 1.210798292
v 0.829478235 -0.403385097 0.950187970
v 0.829478235 -0.403385097 0.950187970
v 0.779588283 -0.607680864 0.943212828
v 0.810346290 -0.619442272 1.203446749
v 0.861812851 -0.408543164 1.210798292
v 0.886879797 0.000000019 1.212828185
v 0.854239960 0.000000008 0.952145047
v 0.854239960 0.000000008 0.952145047
v 0.829478235 -0.403385097 0.950187970
v 0.861812851 -0.408543164 1.210798292
v 0.886879797 0.000000019 1.212828185
v 0.861812545 0.408543098 1.210798327
v 0.829478104 0.403385044 0.950188005
v 0.829478104 0.403385044 0.950188005
v 0.854239960 0.000000008 0.952145047
v 0.886879797 0.000000019 1.212828185
v 0.861812545 0.408543098 1.210798327
v 0.810345744 0.619442191 1.203446803
v 0.779587740 0.607680795 0.943212881
v 0.779587740 0.607680795 0.943212881
v 0.829478104 0.403385044 0.950188005
v 0.861812545 0.408543098 1.210798327
v 0.810345744 0.619442191 1.203446803
v 0.756587465 0.728710718 1.197295138
v 0.732072131 0.703894000 0.938551394
v 0.732072131 0.703894000 0.938551394
v 0.779587740 0.607680795 0.943212881
v 0.810345744 0.619442191 1.203446803
v 0.756587465 0.728710718 1.197295138
v 0.655043709 0.786383428 1.168530818
v 0.645565103 0.753111354 0.913376581
v 0.645565103 0.753111354 0.913376581
v 0.732072131 0.703894000 0.938551394
v 0.756587465 0.728710718 1.197295138
v 0.655043709 0.786383428 1.168530818
v 0.630468739 0.789287259 1.157054559
v 0.629242513 0.755087197 0.903897108
v 0.629242513 0.755087197 0.903897108
v 0.645565103 0.753111354 0.913376581
v 0.655043709 0.786383428 1.168530818
v 0.630468739 0.789287259 1.157054559
v -0.118417728 0.794179830 1.157552808
v -0.117838299 0.759968135 0.904828287
v -0.117838299 0.759968135 0.904828287
v 0.629242513 0.755087197 0.903897108
v 0.630468739 0.789287259 1.157054559
v -0.118417728 0.794179830 1.157552808
v -0.235207944 0.794230221 1.160071453
v -0.234507616 0.760018440 0.907346673
v -0.234507616 0.760018440 0.907346673
v -0.117838299 0.759968135 0.904828287
v -0.118417728 0.794179830 1.157552808
v 0.869411977 0.000148898 1.155371235
v 0.580331740 0.000148803 1.155371235
v 0.580331855 -0.707152293 1.155371204
v 0.869412264 -0.707152203 1.155371204
v 0.580331479 0.543296845 1.039758285
v 0.580331479 0.543296836 1.253236998
v 0.580331440 0.785166232 1.155371269
v 0.580331440 0.785166237 1.039758296
v 0.869411716 0.543296931 1.155371259
v 0.580331479 0.543296836 1.253236998
v 0.580331719 0.131555592 1.253236980
v 0.869411955 0.131555697 1.155371241
v 0.580331740 0.000148803 1.039758262
v 0.580331740 0.000148803 1.155371235
v 0.580331719 0.131555592 1.253236980
v 0.580331719 0.131555590 1.039758267
v 0.869411690 0.701081477 1.155371265
v 0.580331440 0.785166232 1.155371269
v 0.580331855 -0.707152288 1.039758231
v 0.580331855 -0.707152293 1.155371204
v 0.536811557 0.341309450 1.364249695
v 0.542694714 0.341309452 1.347109330
v 0.526360386 0.455758322 1.313702048
v 0.519402315 0.463290341 1.328643985
v 0.525554177 0.341309449 1.341226173
v 0.510294936 0.448226341 1.310017491
v 0.519671020 0.341309448 1.358366538
v 0.503336864 0.455758317 1.324959428
v 0.536811557 0.341309450 1.364249695
v 0.519402315 0.463290341 1.328643985
v 0.483596668 0.526491667 1.226240930
v 0.473824207 0.538678672 1.235426901
v 0.470345435 0.514304657 1.228312168
v 0.460572974 0.526491662 1.237498139
v 0.473824207 0.538678672 1.235426901
v 0.430737701 0.526491663 1.118132748
v 0.417486636 0.538678668 1.120204159
v 0.420965244 0.514304653 1.127318890
v 0.407714179 0.526491659 1.129390129
v 0.417486636 0.538678668 1.120204159
v 0.387974006 0.455758312 1.030671582
v 0.371908554 0.463290331 1.026986940
v 0.381015937 0.448226331 1.045613519
v 0.364950484 0.455758264 1.041928876
v 0.371908554 0.463290331 1.026986940
v 0.371639888 0.341309396 0.997264376
v 0.354499351 0.341309394 0.991381219
v 0.365756731 0.341309394 1.014404827
v 0.348616193 0.341309392 1.008521670
v 0.354499351 0.341309394 0.991381219
v 0.387974216 0.226860483 1.030671572
v 0.371908593 0.219328481 1.026986929
v 0.381015972 0.234392481 1.045613509
v 0.364950521 0.226860479 1.041928866
v 0.371908593 0.219328481 1.026986929
v 0.430737934 0.156127160 1.118132732
v 0.417486700 0.143940150 1.120204142
v 0.420965473 0.168314198 1.127318875
v 0.407714239 0.156127156 1.129390113
v 0.417486700 0.143940150 1.120204142
v 0.483596729 0.156127174 1.226240914
v 0.473824272 0.143940143 1.235426884
v 0.470345663 0.168314201 1.228312153
v 0.460573206 0.156127159 1.237498122
v 0.473824272 0.143940143 1.235426884
v 0.526360424 0.226860493 1.313702038
v 0.519402354 0.219328492 1.328643974
v 0.510294971 0.234392491 1.310017482
v 0.503336901 0.226860489 1.324959418
v 0.519402354 0.219328492 1.328643974
v 0.542694714 0.341309452 1.347109330
v 0.536811557 0.341309450 1.364249695
v 0.525554177 0.341309449 1.341226173
v 0.519671020 0.341309448 1.358366538
v 0.536811557 0.341309450 1.364249695
v -0.134268945 0.205471725 1.310752186
v 0.026053721 0.205471773 1.310752186
v 0.026053560 0.664139299 1.310752206
v -0.134269106 0.664139273 1.310752206
v -0.134268859 0.205471720 0.927600679
v -0.134268945 0.205471725 1.310752186
v -0.134269106 0.664139273 1.310752206
v -0.134269106 0.664139290 0.927600699
v -0.134269106 0.664139290 0.927600699
v -0.134269106 0.664139273 1.310752206
v 0.026053560 0.664139299 1.310752206
v 0.101124823 0.664139328 0.927600699
v 0.101124823 0.664139328 0.927600699
v 0.026053560 0.664139299 1.310752206
v 0.026053721 0.205471773 1.310752186
v 0.101124984 0.205471802 0.927600679
v 0.101124984 0.205471802 0.927600679
v 0.026053721 0.205471773 1.310752186
v -0.134268945 0.205471725 1.310752186
v -0.134268859 0.205471720 0.927600679
v -0.134268718 -0.660635345 1.310752148
v 0.026054035 -0.660635319 1.310752148
v 0.026053745 0.061566012 1.310752179
v -0.134268835 0.061565959 1.310752179
v -0.134268631 -0.660635328 0.927600641
v -0.134268718 -0.660635345 1.310752148
v -0.134268835 0.061565959 1.310752179
v -0.134268835 0.061565959 0.927600672
v -0.134268835 0.061565959 0.927600672
v -0.134268835 0.061565959 1.310752179
v 0.026053745 0.061566012 1.310752179
v 0.101125008 0.061566035 0.927600672
v 0.101125008 0.061566035 0.927600672
v 0.026053745 0.061566012 1.310752179
v 0.026054035 -0.660635319 1.310752148
v 0.101125298 -0.660635290 0.927600641
v 0.101125298 -0.660635290 0.927600641
v 0.026054035 -0.660635319 1.310752148
v -0.134268718 -0.660635345 1.310752148
v -0.134268631 -0.660635328 0.927600641
v -1.108877562 -0.659521382 1.310752148
v -0.948554896 -0.659521313 1.310752148
v -0.948555284 0.666117916 1.310752206
v -1.108877950 0.666117847 1.310752206
v -1.108877476 -0.659521365 0.927600641
v -1.108877562 -0.659521382 1.310752148
v -1.108877950 0.666117847 1.310752206
v -1.108877864 0.666117863 0.927600699
v -1.108877864 0.666117863 0.927600699
v -1.108877950 0.666117847 1.310752206
v -0.948555284 0.666117916 1.310752206
v -0.873484021 0.666117945 0.927600699
v -0.873484021 0.666117945 0.927600699
v -0.948555284 0.666117916 1.310752206
v -0.948554896 -0.659521313 1.310752148
v -0.873483633 -0.659521284 0.927600641
v -0.873483633 -0.659521284 0.927600641
v -0.948554896 -0.659521313 1.310752148
v -1.108877562 -0.659521382 1.310752148
v -1.108877476 -0.659521365 0.927600641
v -1.958766268 -0.659521650 1.310752148
v -1.798443688 -0.659521624 1.310752148
v -1.798444248 0.666117605 1.310752206
v -1.958766828 0.666117579 1.310752206
v -1.958766268 -0.659521633 0.927600641
v -1.958766268 -0.659521650 1.310752148
v -1.958766828 0.666117579 1.310752206
v -1.958766828 0.666117596 0.927600699
v -1.958766828 0.666117596 0.927600699
v -1.958766828 0.666117579 1.310752206
v -1.798444248 0.666117605 1.310752206
v -1.723372985 0.666117677 0.927600699
v -1.723372985 0.666117677 0.927600699
v -1.798444248 0.666117605 1.310752206
v -1.798443688 -0.659521624 1.310752148
v -1.723372425 -0.659521551 0.927600641
v -1.723372425 -0.659521551 0.927600641
v -1.798443688 -0.659521624 1.310752148
v -1.958766268 -0.659521650 1.310752148
v -1.958766268 -0.659521633 0.927600641
v 0.389618065 0.071221975 1.475430943
v 0.370534169 0.068077688 1.482661835
v 0.284365118 0.591070543 1.482661858
v 0.303449013 0.594214760 1.475430966
v 0.464531458 0.083564783 1.610823180
v 0.378362320 0.606557659 1.610823203
v 0.359278597 0.603413357 1.618053923
v 0.445447563 0.080420518 1.618053900
v 0.389618065 0.071221975 1.475430943
v 0.303449013 0.594214760 1.475430966
v 0.378362320 0.606557659 1.610823203
v 0.464531458 0.083564783 1.610823180
v 0.303449013 0.594214760 1.475430966
v 0.284365118 0.591070543 1.482661858
v 0.359278597 0.603413357 1.618053923
v 0.378362320 0.606557659 1.610823203
v 0.284365118 0.591070543 1.482661858
v 0.370534169 0.068077688 1.482661835
v 0.445447563 0.080420518 1.618053900
v 0.359278597 0.603413357 1.618053923
v 0.370534169 0.068077688 1.482661835
v 0.389618065 0.071221975 1.475430943
v 0.464531458 0.083564783 1.610823180
v 0.445447563 0.080420518 1.618053900
v 0.207401525 -0.557718441 1.553907364
v 0.203155901 -0.559668694 1.574020330
v 0.263114866 -0.036851281 1.637372179
v 0.267360490 -0.034901009 1.617259041
v 0.361397595 -0.576153003 1.560291354
v 0.421356732 -0.053335547 1.623643031
v 0.417111021 -0.055285822 1.643756169
v 0.357152057 -0.578103257 1.580404320
v 0.207401525 -0.557718441 1.553907364
v 0.267360490 -0.034901009 1.617259041
v 0.421356732 -0.053335547 1.623643031
v 0.361397595 -0.576153003 1.560291354
v 0.267360490 -0.034901009 1.617259041
v 0.263114866 -0.036851281 1.637372179
v 0.417111021 -0.055285822 1.643756169
v 0.421356732 -0.053335547 1.623643031
v 0.263114866 -0.036851281 1.637372179
v 0.203155901 -0.559668694 1.574020330
v 0.357152057 -0.578103257 1.580404320
v 0.417111021 -0.055285822 1.643756169
v 0.203155901 -0.559668694 1.574020330
v 0.207401525 -0.557718441 1.553907364
v 0.361397595 -0.576153003 1.560291354
v 0.357152057 -0.578103257 1.580404320
vt 0.765540183 0.309567750
vt 0.766281307 0.309567750
vt 0.766281307 0.304337502
vt 0.765540183 0.304337502
vt 0.767022431 0.309567750
vt 0.767022431 0.304337502
vt 0.762575686 0.309567750
vt 0.763316810 0.309567750
vt 0.763316810 0.304337502
vt 0.762575686 0.304337502
vt 0.764057994 0.309567750
vt 0.764057994 0.304337502
vt 0.764799058 0.309567750
vt 0.764799058 0.304337502
vt 0.766651869 0.304337502
vt 0.762205124 0.304337502
vt 0.762205124 0.309567750
vt 0.766651869 0.309567750
vt 0.766651869 0.304337502
vt 0.762205124 0.304337502
vt 0.762205124 0.309567750
vt 0.766651869 0.309567750
vt 0.766651869 0.304337502
vt 0.762205124 0.304337502
vt 0.762205124 0.309567750
vt 0.766651869 0.309567750
vt 0.766651869 0.304337502
vt 0.762205124 0.304337502
vt 0.762205124 0.309567750
vt 0.766651869 0.309567750
vt 0.766651869 0.304337502
vt 0.762205124 0.304337502
vt 0.762205124 0.309567750
vt 0.766651869 0.309567750
vt 0.762205124 0.309567750
vt 0.762205124 0.304337502
vt 0.766651869 0.304337502
vt 0.766651869 0.309567750
vt 0.762205124 0.304337502
vt 0.766651869 0.304337502
vt 0.762205124 0.304337502
vt 0.766651869 0.304337502
vt 0.762205124 0.304337502
vt 0.766651869 0.304337502
vt 0.762205124 0.304337502
vt 0.766651869 0.304337502
vt 0.762205124 0.309567750
vt 0.762205124 0.304337502
vt 0.766651869 0.304337502
vt 0.766651869 0.309567750
vt 0.762205124 0.309567750
vt 0.762205124 0.304337502
vt 0.766651869 0.304337502
vt 0.766651869 0.309567750
vt 0.762205124 0.309567750
vt 0.762205124 0.304337502
vt 0.766651869 0.304337502
vt 0.766651869 0.309567750
vt 0.762205124 0.309567750
vt 0.762205124 0.304337502
vt 0.766651869 0.304337502
vt 0.766651869 0.309567750
vt 0.766651869 0.304337502
vt 0.762205124 0.304337502
vt 0.762205124 0.309567750
vt 0.766651869 0.309567750
vt 0.766651869 0.304337502
vt 0.762205124 0.304337502
vt 0.762205124 0.309567750
vt 0.766651869 0.309567750
vt 0.766651869 0.304337502
vt 0.762205124 0.304337502
vt 0.762205124 0.309567750
vt 0.766651869 0.309567750
vt 0.766651869 0.304337502
vt 0.762205124 0.304337502
vt 0.762205124 0.309567750
vt 0.766651869 0.309567750
vt 0.766651869 0.304337502
vt 0.762205124 0.304337502
vt 0.762205124 0.309567750
vt 0.766651869 0.309567750
vt 0.762205124 0.309567750
vt 0.762205124 0.304337502
vt 0.766651869 0.304337502
vt 0.766651869 0.309567750
vt 0.762205124 0.304337502
vt 0.766651869 0.304337502
vt 0.762205124 0.304337502
vt 0.766651869 0.304337502
vt 0.762205124 0.304337502
vt 0.766651869 0.304337502
vt 0.762205124 0.304337502
vt 0.766651869 0.304337502
vt 0.762205124 0.309567750
vt 0.762205124 0.304337502
vt 0.766651869 0.304337502
vt 0.766651869 0.309567750
vt 0.762205124 0.309567750
vt 0.762205124 0.304337502
vt 0.766651869 0.304337502
vt 0.766651869 0.309567750
vt 0.762205124 0.309567750
vt 0.762205124 0.304337502
vt 0.766651869 0.304337502
vt 0.766651869 0.309567750
vt 0.762205124 0.309567750
vt 0.762205124 0.304337502
vt 0.766651869 0.304337502
vt 0.766651869 0.309567750
vt 0.766651869 0.304337502
vt 0.762205124 0.304337502
vt 0.762205124 0.309567750
vt 0.766651869 0.309567750
vt 0.766651869 0.304337502
vt 0.762205124 0.304337502
vt 0.762205124 0.309567750
vt 0.766651869 0.309567750
vt 0.766651869 0.304337502
vt 0.762205124 0.304337502
vt 0.762205124 0.309567750
vt 0.766651869 0.309567750
vt 0.766651869 0.304337502
vt 0.762205124 0.304337502
vt 0.762205124 0.309567750
vt 0.766651869 0.309567750
vt 0.766651869 0.304337502
vt 0.762205124 0.304337502
vt 0.762205124 0.309567750
vt 0.766651869 0.309567750
vt 0.762205124 0.309567750
vt 0.762205124 0.304337502
vt 0.766651869 0.304337502
vt 0.766651869 0.309567750
vt 0.762205124 0.304337502
vt 0.766651869 0.304337502
vt 0.762205124 0.304337502
vt 0.766651869 0.304337502
vt 0.762205124 0.304337502
vt 0.766651869 0.304337502
vt 0.762205124 0.304337502
vt 0.766651869 0.304337502
vt 0.766651869 0.304337502
vt 0.762205124 0.304337502
vt 0.762205124 0.309567750
vt 0.766651869 0.309567750
vt 0.766651869 0.304337502
vt 0.762205124 0.304337502
vt 0.762205124 0.309567750
vt 0.766651869 0.309567750
vt 0.766651869 0.304337502
vt 0.762205124 0.304337502
vt 0.762205124 0.309567750
vt 0.766651869 0.309567750
vt 0.766651869 0.304337502
vt 0.762205124 0.304337502
vt 0.762205124 0.309567750
vt 0.766651869 0.309567750
vt 0.765540183 0.309567750
vt 0.766281307 0.309567750
vt 0.766281307 0.304337502
vt 0.765540183 0.304337502
vt 0.767022431 0.309567750
vt 0.767022431 0.304337502
vt 0.762575686 0.309567750
vt 0.763316810 0.309567750
vt 0.763316810 0.304337502
vt 0.762575686 0.304337502
vt 0.764057994 0.309567750
vt 0.764057994 0.304337502
vt 0.764799058 0.309567750
vt 0.764799058 0.304337502
vt 0.766651869 0.304337502
vt 0.762205124 0.304337502
vt 0.762205124 0.309567750
vt 0.766651869 0.309567750
vt 0.766651869 0.304337502
vt 0.762205124 0.304337502
vt 0.762205124 0.309567750
vt 0.766651869 0.309567750
vt 0.766651869 0.304337502
vt 0.762205124 0.304337502
vt 0.762205124 0.309567750
vt 0.766651869 0.309567750
vt 0.766651869 0.304337502
vt 0.762205124 0.304337502
vt 0.762205124 0.309567750
vt 0.766651869 0.309567750
vt 0.766651869 0.304337502
vt 0.762205124 0.304337502
vt 0.762205124 0.309567750
vt 0.766651869 0.309567750
vt 0.762205124 0.309567750
vt 0.762205124 0.304337502
vt 0.766651869 0.304337502
vt 0.766651869 0.309567750
vt 0.762205124 0.304337502
vt 0.766651869 0.304337502
vt 0.762205124 0.304337502
vt 0.766651869 0.304337502
vt 0.762205124 0.304337502
vt 0.766651869 0.304337502
vt 0.762205124 0.304337502
vt 0.766651869 0.304337502
vt 0.766651869 0.304337502
vt 0.762205124 0.304337502
vt 0.762205124 0.309567750
vt 0.766651869 0.309567750
vt 0.766651869 0.304337502
vt 0.762205124 0.304337502
vt 0.762205124 0.309567750
vt 0.766651869 0.309567750
vt 0.766651869 0.304337502
vt 0.762205124 0.304337502
vt 0.762205124 0.309567750
vt 0.766651869 0.309567750
vt 0.766651869 0.304337502
vt 0.762205124 0.304337502
vt 0.762205124 0.309567750
vt 0.766651869 0.309567750
vt 0.010920948 0.233195364
vt 0.017830025 0.231687009
vt 0.018382533 0.212546766
vt 0.769249678 0.527256846
vt 0.772506177 0.527269483
vt 0.758033812 0.506509185
vt 0.754705667 0.527858198
vt 0.754310787 0.527250886
vt 0.758033812 0.506509185
vt 0.677464545 0.527237415
vt 0.798319161 0.306802154
vt 0.797623992 0.286401033
vt 0.793615282 0.306802154
vt 0.717993438 0.864921153
vt 0.717978001 0.880550444
vt 0.725112498 0.880008280
vt 0.826098323 0.257863164
vt 0.807343900 0.239968479
vt 0.806847930 0.243266940
vt 0.803966403 0.257896245
vt 0.491544783 0.899597406
vt 0.488157183 0.877867877
vt 0.487755388 0.878486037
vt 0.409538865 0.878499746
vt 0.652969480 0.862661481
vt 0.702330828 0.984331787
vt 0.705208719 0.860611916
vt 0.513803780 0.387549043
vt 0.529104471 0.387743354
vt 0.528997123 0.380216181
vt 0.513674080 0.380030930
vt 0.553880513 0.303860009
vt 0.551810563 0.301087916
vt 0.500194430 0.301618278
vt 0.499896795 0.304224730
vt 0.360869735 0.869616210
vt 0.360869735 0.875546098
vt 0.407921791 0.875546098
vt 0.420071304 0.075037122
vt 0.420919269 0.076157093
vt 0.471579224 0.010289431
vt 0.469142914 0.011359632
vt 0.771743357 0.500862002
vt 0.773340106 0.498644173
vt 0.691318631 0.500083685
vt 0.331957608 0.083905935
vt 0.333363861 0.082603633
vt 0.342243522 0.009558439
vt 0.342444092 0.302527428
vt 0.342363000 0.305135012
vt 0.738003433 0.273818314
vt 0.737837076 0.278407574
vt 0.745465338 0.278368056
vt 0.745751441 0.274293125
vt 0.518874109 0.396563113
vt 0.525170624 0.396495342
vt 0.524772346 0.389468551
vt 0.518177092 0.389541209
vt 0.628624737 0.961238325
vt 0.630739808 0.965881765
vt 0.638722956 0.966019571
vt 0.637653470 0.961387694
vt 0.571526408 0.143732667
vt 0.565458119 0.143732548
vt 0.565457761 0.149394155
vt 0.571526349 0.149394155
vt 0.637515783 0.858079314
vt 0.638298929 0.853538156
vt 0.630428374 0.853425622
vt 0.628624737 0.857955575
vt 0.611835837 0.060505867
vt 0.616372228 0.058684051
vt 0.600678682 0.058633924
vt 0.605066776 0.060253084
vt 0.529104471 0.387743354
vt 0.513803780 0.387549043
vt 0.034328274 0.726565123
vt 0.035973758 0.728829622
vt 0.114071749 0.729091883
vt 0.317228854 0.082954466
vt 0.318401188 0.084197938
vt 0.324401289 0.008932114
vt 0.209698662 0.083212316
vt 0.208629102 0.084595442
vt 0.318401188 0.084197938
vt 0.317228854 0.082954466
vt 0.198267207 0.009439707
vt 0.208629102 0.084595442
vt 0.209698662 0.083212316
vt 0.199651256 0.010596097
vt 0.840605021 0.142020285
vt 0.839268982 0.144533277
vt 0.967043400 0.143434525
vt 0.323082268 0.009971738
vt 0.206738248 0.302863717
vt 0.205933064 0.305473268
vt 0.487730771 0.847593188
vt 0.491544783 0.813386440
vt 0.487772286 0.811293483
vt 0.684979022 0.583088875
vt 0.686124682 0.546600819
vt 0.684268236 0.547994494
vt 0.634403527 0.527237415
vt 0.634403527 0.531223595
vt 0.683992565 0.531522095
vt 0.755071223 0.531353474
vt 0.706610322 0.257763565
vt 0.710558355 0.241961896
vt 0.697424650 0.267063081
vt 0.699584365 0.269615412
vt 0.685295999 0.278113067
vt 0.699618042 0.301050544
vt 0.697218955 0.303218067
vt 0.721403897 0.302903295
vt 0.721776843 0.301029980
vt 0.509694278 0.172622383
vt 0.506338596 0.172873259
vt 0.506389856 0.174807489
vt 0.668912351 0.303886056
vt 0.663308918 0.283911049
vt 0.601417363 0.283621788
vt 0.696874857 0.305194378
vt 0.509770453 0.174711883
vt 0.570952952 0.304574013
vt 0.513891637 0.174797952
vt 0.513523757 0.172633827
vt 0.523746192 0.174815655
vt 0.523837268 0.172687054
vt 0.514072716 0.176476061
vt 0.523921192 0.176456988
vt 0.697933972 0.218153119
vt 0.696742713 0.221584558
vt 0.706540823 0.224138081
vt 0.705786347 0.219899118
vt 0.709550560 0.219756901
vt 0.510369241 0.176454842
vt 0.710814416 0.223627508
vt 0.720455587 0.304738998
vt 0.724261582 0.304498374
vt 0.725096047 0.302810609
vt 0.714976192 0.220976114
vt 0.712464392 0.217556655
vt 0.728323936 0.199566722
vt 0.708823562 0.307720840
vt 0.718328834 0.307198644
vt 0.344560921 0.901479781
vt 0.357590199 0.906629443
vt 0.386841476 0.907255709
vt 0.669235766 0.306107938
vt 0.386439770 0.902058840
vt 0.491544783 0.904244602
vt 0.569912970 0.306985855
vt 0.569044411 0.310006201
vt 0.669229507 0.308954775
vt 0.557202041 0.306235194
vt 0.555765688 0.297873080
vt 0.743150771 0.391060472
vt 0.746597409 0.392149270
vt 0.750448108 0.391074240
vt 0.557671607 0.296809852
vt 0.578680158 0.274744034
vt 0.537841380 0.277583003
vt 0.531799972 0.277970314
vt 0.539850771 0.277048409
vt 0.564874649 0.259440184
vt 0.512246609 0.245538175
vt 0.509451985 0.249485314
vt 0.513652205 0.243258476
vt 0.541506469 0.214393020
vt 0.496612787 0.214217365
vt 0.498613983 0.243006468
vt 0.498817265 0.245221913
vt 0.499020010 0.249604762
vt 0.485914677 0.011380911
vt 0.478157431 0.010463715
vt 0.423545390 0.079756677
vt 0.427720815 0.083621502
vt 0.416961253 0.084015191
vt 0.418689549 0.089055300
vt 0.095058404 0.705639482
vt 0.096811794 0.710127354
vt 0.104496703 0.709504426
vt 0.090073928 0.701086640
vt 0.085896209 0.706006527
vt 0.102816641 0.705405354
vt 0.112793706 0.709452033
vt 0.094258979 0.702082872
vt 0.111207291 0.705349267
vt 0.187941849 0.709707379
vt 0.101885512 0.702257037
vt 0.092394374 0.691259742
vt 0.087084979 0.689388275
vt 0.081410155 0.650466084
vt 0.327132404 0.088885188
vt 0.324960738 0.094527423
vt 0.402771235 0.092360497
vt 0.322845936 0.088761508
vt 0.206367418 0.089368701
vt 0.087418810 0.649677038
vt 0.078364700 0.595872402
vt 0.205623820 0.095310271
vt 0.050990939 0.088340938
vt 0.111209676 0.702309489
vt 0.190144792 0.705861032
vt 0.190070719 0.702919364
vt 0.311210752 0.705104053
vt 0.468083560 0.706702471
vt 0.470023036 0.703150272
vt 0.049079224 0.093085110
vt 0.034931622 0.087904334
vt 0.100610055 0.691807806
vt 0.109712146 0.691462278
vt 0.095127404 0.648522079
vt 0.084626660 0.595872402
vt 0.105316609 0.648069382
vt 0.093217142 0.595872402
vt 0.103187233 0.595872402
vt 0.634403527 0.713979125
vt 0.634403527 0.720917940
vt 0.684919536 0.719523907
vt 0.685094953 0.713083982
vt 0.721372426 0.711518586
vt 0.722549438 0.716541350
vt 0.484902918 0.595872402
vt 0.480984628 0.595872402
vt 0.481182933 0.646786690
vt 0.485714048 0.646811008
vt 0.469938099 0.595872402
vt 0.481572151 0.685771167
vt 0.484985709 0.684755862
vt 0.738053381 0.714732826
vt 0.483927816 0.700389385
vt 0.737857580 0.710173547
vt 0.741156995 0.709708869
vt 0.484375656 0.705546856
vt 0.486866981 0.703519106
vt 0.480872363 0.702112794
vt 0.480422348 0.699110329
vt 0.470121711 0.700241685
vt 0.470044076 0.686840534
vt 0.311710775 0.702101350
vt 0.311768323 0.690196633
vt 0.190252334 0.690667272
vt 0.190291077 0.646788597
vt 0.311806232 0.646742463
vt 0.190304279 0.595872402
vt 0.470010966 0.646684647
vt 0.311820209 0.595872402
vt 0.195671797 0.074642777
vt 0.191292360 0.072982013
vt 0.188305497 0.078326464
vt 0.191624746 0.081555486
vt 0.183142766 0.080850244
vt 0.183944553 0.084720194
vt 0.062825665 0.079852462
vt 0.063033782 0.083539128
vt 0.056332596 0.082742810
vt 0.057301499 0.078628600
vt 0.051360585 0.079974830
vt 0.053981405 0.076154172
vt 0.051412612 0.070992768
vt 0.046538785 0.072746634
vt 0.037788119 0.027106524
vt 0.031812795 0.026752293
vt 0.037676934 0.020730972
vt 0.032058574 0.018566608
vt 0.039323486 0.016319156
vt 0.036042307 0.012394488
vt 0.044300605 0.012664497
vt 0.041977201 0.008967578
vt 0.050012257 0.011169910
vt 0.050247781 0.008039415
vt 0.176468417 0.012296736
vt 0.177324116 0.009027600
vt 0.184977621 0.013767183
vt 0.181086063 0.015622199
vt 0.187796250 0.020524323
vt 0.183262274 0.020968080
vt 0.756793737 0.625335574
vt 0.763820231 0.625370026
vt 0.743168056 0.709841967
vt 0.005868666 0.003977418
vt 0.002000000 0.003941834
vt 0.194526300 0.004185021
vt 0.205645099 0.083956361
vt 0.194431007 0.008922577
vt 0.542643309 0.200552821
vt 0.495692194 0.199596941
vt 0.342287719 0.199566722
vt 0.342144340 0.214391530
vt 0.266550004 0.199569404
vt 0.264220089 0.216166735
vt 0.585108876 0.127437115
vt 0.584539175 0.165697813
vt 0.643541157 0.127437115
vt 0.643541157 0.165538251
vt 0.414867610 0.078614831
vt 0.415417671 0.079840124
vt 0.407330334 0.080749094
vt 0.407565325 0.082044840
vt 0.400097966 0.081401646
vt 0.400169462 0.082693934
vt 0.257121116 0.765548170
vt 0.257121116 0.758772492
vt 0.251456171 0.758772492
vt 0.253147066 0.773747802
vt 0.252635628 0.917887211
vt 0.252136320 0.932901084
vt 0.258223802 0.932966650
vt 0.259033382 0.917957842
vt 0.217590749 0.884647489
vt 0.221569687 0.892856836
vt 0.223262936 0.877867877
vt 0.217590928 0.877867877
vt 0.748294830 0.076187313
vt 0.748294830 0.074162900
vt 0.722351789 0.073993504
vt 0.634403527 0.546646237
vt 0.659335911 0.547887981
vt 0.721011281 0.703539848
vt 0.720900238 0.701046407
vt 0.685243189 0.701936126
vt 0.685231328 0.704550743
vt 0.634403527 0.702783704
vt 0.634403527 0.705400705
vt 0.756966949 0.600376487
vt 0.756820083 0.597436845
vt 0.685232222 0.597585201
vt 0.685232103 0.600638151
vt 0.634403527 0.597923040
vt 0.634403527 0.600107491
vt 0.500063181 0.278325856
vt 0.210648507 0.929035306
vt 0.207117409 0.862282574
vt 0.189137936 0.862282574
vt 0.193172172 0.944768071
vt 0.219915524 0.964126706
vt 0.202828050 0.981555164
vt 0.228017390 0.980991960
vt 0.213678405 0.987111568
vt 0.224733338 0.990476489
vt 0.232801408 0.986446679
vt 0.194675907 0.992728949
vt 0.194716811 0.981644869
vt 0.231757447 0.993685484
vt 0.240452304 0.990436494
vt 0.230690703 0.996318698
vt 0.118163690 0.979843915
vt 0.194660872 0.995059192
vt 0.498650730 0.318794906
vt 0.495338470 0.327684581
vt 0.531893015 0.326458991
vt 0.118115090 0.989935517
vt 0.531983554 0.318251073
vt 0.499599159 0.306830883
vt 0.117816024 0.991460323
vt 0.531877935 0.327833593
vt 0.609553456 0.324990332
vt 0.609856725 0.323755145
vt 0.058708414 0.986230552
vt 0.669824958 0.321187854
vt 0.058486875 0.977647781
vt 0.022838982 0.982687533
vt 0.609845936 0.317057550
vt 0.022848999 0.975935042
vt 0.669669330 0.319985688
vt 0.706216872 0.318560839
vt 0.669499516 0.315284967
vt 0.706954002 0.317330539
vt 0.022112342 0.984399080
vt 0.058861732 0.987800062
vt 0.707723260 0.313322961
vt 0.715438604 0.312881529
vt 0.721296787 0.306935251
vt 0.016935514 0.982841492
vt 0.712206304 0.316743374
vt 0.018346455 0.981469512
vt 0.013749389 0.985779464
vt 0.014695184 0.981450796
vt 0.718058288 0.312535226
vt 0.011167475 0.984191716
vt 0.512930751 0.178971469
vt 0.515810847 0.184754670
vt 0.518556297 0.184640765
vt 0.009295981 0.981571436
vt 0.516304851 0.178878963
vt 0.524088204 0.178898454
vt 0.524562716 0.184584618
vt 0.016627563 0.980042994
vt 0.012644310 0.979347885
vt 0.520886123 0.189058065
vt 0.525094330 0.189293861
vt 0.015048396 0.975581050
vt 0.012237547 0.975331426
vt 0.015273456 0.977470934
vt 0.329073727 0.009230793
vt 0.337031960 0.009276152
vt 0.333153546 0.004044533
vt 0.135724530 0.279100001
vt 0.112159438 0.251214087
vt 0.009804600 0.252496243
vt 0.008297827 0.283392429
vt 0.158514917 0.284100652
vt 0.007820755 0.303210497
vt 0.213003039 0.284167290
vt 0.866856992 0.135155678
vt 0.866856992 0.127405286
vt 0.841114581 0.128646255
vt 0.839268982 0.135230124
vt 0.865537763 0.136373043
vt 0.342282265 0.307560980
vt 0.341226816 0.320707917
vt 0.340447009 0.329139709
vt 0.383359253 0.998000026
vt 0.383468032 0.994725049
vt 0.343300045 0.250375211
vt 0.343333900 0.279559433
vt 0.342892170 0.244008899
vt 0.343169302 0.245659292
vt 0.566314816 0.790301561
vt 0.567530632 0.795842230
vt 0.570327878 0.789665341
vt 0.562545955 0.794388235
vt 0.562629282 0.789905429
vt 0.258236915 0.245144248
vt 0.257372737 0.249591529
vt 0.258529335 0.243240058
vt 0.205399826 0.307866812
vt 0.203046545 0.321061611
vt 0.201776579 0.329517901
vt 0.520039320 0.997014701
vt 0.520194650 0.993828952
vt 0.239556208 0.276221454
vt 0.643541157 0.092166126
vt 0.615998566 0.100270391
vt 0.643541157 0.100470841
vt 0.577335656 0.100952566
vt 0.577523887 0.091663241
vt 0.527364969 0.092166603
vt 0.527383983 0.102082431
vt 0.515019238 0.103424489
vt 0.513798237 0.094889998
vt 0.506227016 0.099092007
vt 0.506458282 0.111872673
vt 0.583360493 0.168685913
vt 0.643541157 0.168685913
vt 0.643541157 0.165538251
vt 0.584539175 0.165697813
vt 0.584252477 0.120858967
vt 0.643541157 0.120858967
vt 0.643541157 0.113610625
vt 0.578042269 0.113954902
vt 0.575011790 0.125744283
vt 0.579247892 0.127616107
vt 0.008326153 0.305698872
vt 0.003493295 0.305821657
vt 0.002000000 0.303155661
vt 0.771842301 0.600289226
vt 0.773093641 0.597608685
vt 0.771639228 0.531657040
vt 0.772506177 0.527269483
vt 0.755739272 0.541570723
vt 0.773909509 0.531128526
vt 0.009573219 0.237033486
vt 0.773484588 0.541632295
vt 0.773319602 0.543631256
vt 0.755915284 0.543572664
vt 0.756000459 0.546600103
vt 0.771833658 0.546646595
vt 0.004418636 0.247480571
vt 0.008274272 0.247434139
vt 0.776293099 0.541585386
vt 0.008327644 0.249307215
vt 0.004594794 0.249468923
vt 0.005281063 0.252468050
vt 0.115247287 0.247273326
vt 0.114290878 0.245771348
vt 0.104627125 0.220430017
vt 0.107094601 0.205781102
vt 0.112600371 0.219359934
vt 0.123948902 0.244605839
vt 0.140769392 0.266988933
vt 0.137477353 0.273640752
vt 0.160285160 0.271755934
vt 0.159146801 0.278952062
vt 0.213686511 0.278819680
vt 0.211758599 0.271563947
vt 0.237080157 0.272680104
vt 0.232517272 0.266186297
vt 0.254940212 0.245163023
vt 0.245357409 0.244684637
vt 0.255450368 0.243248403
vt 0.260410756 0.215638459
vt 0.583123565 0.173148155
vt 0.583483577 0.175191581
vt 0.583120942 0.176728964
vt 0.583448112 0.179650426
vt 0.638840735 0.202856839
vt 0.582002819 0.185501814
vt 0.580029726 0.190369248
vt 0.579461098 0.192144811
vt 0.008833818 0.923442304
vt 0.016984772 0.924837708
vt 0.055289119 0.931200743
vt 0.115561016 0.938939571
vt 0.184797183 0.945835590
vt 0.398988187 0.779309988
vt 0.398988187 0.762777984
vt 0.357727945 0.762777984
vt 0.355905116 0.779309988
vt 0.339549601 0.779309988
vt 0.341729105 0.758772671
vt 0.285369962 0.758772492
vt 0.285065293 0.780156910
vt 0.872961223 0.657396615
vt 0.872066259 0.683147550
vt 0.893056631 0.675125122
vt 0.898395598 0.656885028
vt 0.750295401 0.885210216
vt 0.775115848 0.885626078
vt 0.775387168 0.871757865
vt 0.749794722 0.872447848
vt 0.465111047 0.009476781
vt 0.466506451 0.008264661
vt 0.341161638 0.008563995
vt 0.931443155 0.404525042
vt 0.930347145 0.402104318
vt 0.805907428 0.401291370
vt 0.590471089 0.058985412
vt 0.591166854 0.068025708
vt 0.598706067 0.065740287
vt 0.598156333 0.058633924
vt 0.567211032 0.776973724
vt 0.567183137 0.784367561
vt 0.572296619 0.784311235
vt 0.572386146 0.776913285
vt 0.634403527 0.632706285
vt 0.634403527 0.634974360
vt 0.685231864 0.634962857
vt 0.685231924 0.632695675
vt 0.734146476 0.635031104
vt 0.734114766 0.632764935
vt 0.737458169 0.636430621
vt 0.739274323 0.635050356
vt 0.740869224 0.639545202
vt 0.738340855 0.639298677
vt 0.730680168 0.696433663
vt 0.728391349 0.695810914
vt 0.727284491 0.701182842
vt 0.725703478 0.699062943
vt 0.634403527 0.584214389
vt 0.756669223 0.577207923
vt 0.534857571 0.930074096
vt 0.534555793 0.905168653
vt 0.530245364 0.905168653
vt 0.535159528 0.954979479
vt 0.531113327 0.956911623
vt 0.658747017 0.581645489
vt 0.683090448 0.581621766
vt 0.643541157 0.109336495
vt 0.575846970 0.109524190
vt 0.527473032 0.114542067
vt 0.526888907 0.125841916
vt 0.527604401 0.110369563
vt 0.516285539 0.125872850
vt 0.517973483 0.112300754
vt 0.520496130 0.115397036
vt 0.509992123 0.120465875
vt 0.508753181 0.125822246
vt 0.721543670 0.255469501
vt 0.720859885 0.250282764
vt 0.762135684 0.276914358
vt 0.747846186 0.276538551
vt 0.748444617 0.277238250
vt 0.763002098 0.277628660
vt 0.763676286 0.276224434
vt 0.742569208 0.862503350
vt 0.728203118 0.861894369
vt 0.726424277 0.876722515
vt 0.764691651 0.276916623
vt 0.740324497 0.880049229
vt 0.744147480 0.862670124
vt 0.735853314 0.882743001
vt 0.725112498 0.880008280
vt 0.283182919 0.762566686
vt 0.282367468 0.762350917
vt 0.282240987 0.779681385
vt 0.741415024 0.880279362
vt 0.608369410 0.231425047
vt 0.609137177 0.230465531
vt 0.602975190 0.228577077
vt 0.276032537 0.779358625
vt 0.282240987 0.779681385
vt 0.282367468 0.762350917
vt 0.512911201 0.750869751
vt 0.512091160 0.750647068
vt 0.512251079 0.756441236
vt 0.510798454 0.734764636
vt 0.585000873 0.229285061
vt 0.585305512 0.231115043
vt 0.260109186 0.767250359
vt 0.259003520 0.780064106
vt 0.276463151 0.761786461
vt 0.276463151 0.761786461
vt 0.282350779 0.758772492
vt 0.736306012 0.883744001
vt 0.586538911 0.046568990
vt 0.603360951 0.051104367
vt 0.603360951 0.045363903
vt 0.609376431 0.045537293
vt 0.587283373 0.042643666
vt 0.589010358 0.029226720
vt 0.603360951 0.029757798
vt 0.609286487 0.028994024
vt 0.720277846 0.884583056
vt 0.720008850 0.885626078
vt 0.717978001 0.880550444
vt 0.566660881 0.475697279
vt 0.566493452 0.477132857
vt 0.569052696 0.480081320
vt 0.569510400 0.479138017
vt 0.570823729 0.471693397
vt 0.574414194 0.476398468
vt 0.593881607 0.480544627
vt 0.587757051 0.470975161
vt 0.475645453 0.874352932
vt 0.480690628 0.854515493
vt 0.491544783 0.857371449
vt 0.491272807 0.869826138
vt 0.488855064 0.873469889
vt 0.476424962 0.875985444
vt 0.008436894 0.308182955
vt 0.002390483 0.308130443
vt 0.009388355 0.320353389
vt 0.756881833 0.602550089
vt 0.772787452 0.602610469
vt 0.769582152 0.614600897
vt 0.004098401 0.320056438
vt 0.756980240 0.614052296
vt 0.011378282 0.329549491
vt 0.707704902 0.993205667
vt 0.706265450 0.991085351
vt 0.765372157 0.623851538
vt 0.006685026 0.329257190
vt 0.712330818 0.990676463
vt 0.756944120 0.623814762
vt 0.710081160 0.989154935
vt 0.711770296 0.982266665
vt 0.528148234 0.365079880
vt 0.537637115 0.374207735
vt 0.542847276 0.368091226
vt 0.531368077 0.355769455
vt 0.500190139 0.365830123
vt 0.502374530 0.373534620
vt 0.818597436 0.099532485
vt 0.819258511 0.091825068
vt 0.817586899 0.091738999
vt 0.532283843 0.354976475
vt 0.531368077 0.355769455
vt 0.542847276 0.368091226
vt 0.543668270 0.367134035
vt 0.500079751 0.364691973
vt 0.500190139 0.365830123
vt 0.531368077 0.355769455
vt 0.579177618 0.803676963
vt 0.577616572 0.803340316
vt 0.578518212 0.805004299
vt 0.609722555 0.806171000
vt 0.610994518 0.804866195
vt 0.579177618 0.803676963
vt 0.587738276 0.783137798
vt 0.587738276 0.783137798
vt 0.818597436 0.099532485
vt 0.817586899 0.091738999
vt 0.796316922 0.092834353
vt 0.797201037 0.099381268
vt 0.516352892 0.010994077
vt 0.498929024 0.002664804
vt 0.496412665 0.008881629
vt 0.610763669 0.778072596
vt 0.518442154 0.018560350
vt 0.796452045 0.121528566
vt 0.822374403 0.121631205
vt 0.822374403 0.105407238
vt 0.527442873 0.002073705
vt 0.796316922 0.105179667
vt 0.531275034 0.007718980
vt 0.634403527 0.543694973
vt 0.634403527 0.541445434
vt 0.683992565 0.543688297
vt 0.683992565 0.541590691
vt 0.942150772 0.934493482
vt 0.942150772 0.936462581
vt 0.996207893 0.937345445
vt 0.685232043 0.625440478
vt 0.685232043 0.624011815
vt 0.634403527 0.624183476
vt 0.634403527 0.614423990
vt 0.685232103 0.614413857
vt 0.634403527 0.602918267
vt 0.685232222 0.602908969
vt 0.700860381 0.235492110
vt 0.706112862 0.238266349
vt 0.705460131 0.229585946
vt 0.502497077 0.108056307
vt 0.687920630 0.259506524
vt 0.496412605 0.134220779
vt 0.692845047 0.263602018
vt 0.500483692 0.137795031
vt 0.678737938 0.267388344
vt 0.682042837 0.273507059
vt 0.660791337 0.272593975
vt 0.661852777 0.278953314
vt 0.604245007 0.272657990
vt 0.602723420 0.278967738
vt 0.581408203 0.271172762
vt 0.585005879 0.265925586
vt 0.568653822 0.256975234
vt 0.573658347 0.253448009
vt 0.546011448 0.213414729
vt 0.551780999 0.211223304
vt 0.749938011 0.284436166
vt 0.749416471 0.284498632
vt 0.749775827 0.285860360
vt 0.750242412 0.286031306
vt 0.208629102 0.084595442
vt 0.318401188 0.084197938
vt 0.198267207 0.009439707
vt 0.324401289 0.008932114
vt 0.634403527 0.625442803
vt 0.643541157 0.175552309
vt 0.643541157 0.173368335
vt 0.643541157 0.176955640
vt 0.643541157 0.180268586
vt 0.583779037 0.185539484
vt 0.643541157 0.185904622
vt 0.582585633 0.191985190
vt 0.643541157 0.192858636
vt 0.635960281 0.738663673
vt 0.639925420 0.740555644
vt 0.639964759 0.737497807
vt 0.002000000 0.862282574
vt 0.004603680 0.920460165
vt 0.007895775 0.920979142
vt 0.582041919 0.193919539
vt 0.005081408 0.862282574
vt 0.009947901 0.862282574
vt 0.012891375 0.921692967
vt 0.055728741 0.927711248
vt 0.052855637 0.862282574
vt 0.112571388 0.862282574
vt 0.114576884 0.934967816
vt 0.182273403 0.942391574
vt 0.177973315 0.862282574
vt 0.009458812 0.663871646
vt 0.005286549 0.595872402
vt 0.002000000 0.595872402
vt 0.005988352 0.664342046
vt 0.018025147 0.698974431
vt 0.015076573 0.700134993
vt 0.026972841 0.717161417
vt 0.434619904 0.711250484
vt 0.378690094 0.710201621
vt 0.378690094 0.713510275
vt 0.023777353 0.718114376
vt 0.435489923 0.714574456
vt 0.026182899 0.720917940
vt 0.471650034 0.713176548
vt 0.084870525 0.700725079
vt 0.469580412 0.716067195
vt 0.084566876 0.703552365
vt 0.484267592 0.714703560
vt 0.486866981 0.717067540
vt 0.484026581 0.717947006
vt 0.401207656 0.087001204
vt 0.409386128 0.085973501
vt 0.486973077 0.002348363
vt 0.765682161 0.270735919
vt 0.766419470 0.272566855
vt 0.769588828 0.269511223
vt 0.767960906 0.268539429
vt 0.745737851 0.272402048
vt 0.738688171 0.271970034
vt 0.735630989 0.269336760
vt 0.733971179 0.270345569
vt 0.735912383 0.252654552
vt 0.734276295 0.252245009
vt 0.739020050 0.250251710
vt 0.738451958 0.249016464
vt 0.765758634 0.251389205
vt 0.766262054 0.250199437
vt 0.767861247 0.252690017
vt 0.769480169 0.252190590
vt 0.886804760 0.193115830
vt 0.893502116 0.193083286
vt 0.894432545 0.191005349
vt 0.887076080 0.191040933
vt 0.887069881 0.086015940
vt 0.912513494 0.085688055
vt 0.913632035 0.083751917
vt 0.885973036 0.084108412
vt 0.793429911 0.464324772
vt 0.800260186 0.464334786
vt 0.799983025 0.462301135
vt 0.792478502 0.462289929
vt 0.798274279 0.316482604
vt 0.798319161 0.309699237
vt 0.796294808 0.308690906
vt 0.796228111 0.316136479
vt 0.923166037 0.280499697
vt 0.948610485 0.280741096
vt 0.949748158 0.278830469
vt 0.922088325 0.278567612
vt 0.709015489 0.213223040
vt 0.702155352 0.213294506
vt 0.702518463 0.215335071
vt 0.710050881 0.215239108
vt 0.592346787 0.242968976
vt 0.592147529 0.237665236
vt 0.587484598 0.235170305
vt 0.586256504 0.242544591
vt 0.430545092 0.471368968
vt 0.358829230 0.470826745
vt 0.358829230 0.473802030
vt 0.430745631 0.474448860
vt 0.468035191 0.472807407
vt 0.468551546 0.475987852
vt 0.486866981 0.473850548
vt 0.486721337 0.477128208
vt 0.486581504 0.014510930
vt 0.488952816 0.014647722
vt 0.490765125 0.011563301
vt 0.086675204 0.700964928
vt 0.083745152 0.688405514
vt 0.078406505 0.651545405
vt 0.075536080 0.595872402
vt 0.535159469 0.785839736
vt 0.528212905 0.737497807
vt 0.528213024 0.785839736
vt 0.568203568 0.374095917
vt 0.566956043 0.374117911
vt 0.568130493 0.376262009
vt 0.930271089 0.662937403
vt 0.929096818 0.664016843
vt 0.930202305 0.664594769
vt 0.596101642 0.374457300
vt 0.569378018 0.375098825
vt 0.594848931 0.375428796
vt 0.536922216 0.012040079
vt 0.537723422 0.010762691
vt 0.536924720 0.009560347
vt 0.595994115 0.376623511
vt 0.597246766 0.374511123
vt 0.707121193 0.209504664
vt 0.703723013 0.202774942
vt 0.702771604 0.207582891
vt 0.708991349 0.202741146
vt 0.710050881 0.211340666
vt 0.964931667 0.425241768
vt 0.963689327 0.425291538
vt 0.964889169 0.427409232
vt 0.744216383 0.837315500
vt 0.743046701 0.838401377
vt 0.744176447 0.838973761
vt 0.992831588 0.424978554
vt 0.966131508 0.426217973
vt 0.991604149 0.425977767
vt 0.567512333 0.486198962
vt 0.568801403 0.486998081
vt 0.569983304 0.486191809
vt 0.992754936 0.427147150
vt 0.993982255 0.425006509
vt 0.851429820 0.924323559
vt 0.851429820 0.926512837
vt 0.911063194 0.924006641
vt 0.586006343 0.125992119
vt 0.585108876 0.127437115
vt 0.643541157 0.127437115
vt 0.726986468 0.326652586
vt 0.728323936 0.324688435
vt 0.723711491 0.323519945
vt 0.584539175 0.165697813
vt 0.585108876 0.127437115
vt 0.582469285 0.130657077
vt 0.723711491 0.323519945
vt 0.686503947 0.324033499
vt 0.689558268 0.327326000
vt 0.372848243 0.972325325
vt 0.372848243 0.964446545
vt 0.328417957 0.964446664
vt 0.328837484 0.972325325
vt 0.311551154 0.965181112
vt 0.312158525 0.972200930
vt 0.254151464 0.967492163
vt 0.255363166 0.961629570
vt 0.930726588 0.656541228
vt 0.904553950 0.656591237
vt 0.904042900 0.663145661
vt 0.905120850 0.664247155
vt 0.744634330 0.830876946
vt 0.718451023 0.831056178
vt 0.717978001 0.837653458
vt 0.719061434 0.838749766
vt 0.517336011 0.344869256
vt 0.562159836 0.347910166
vt 0.562159836 0.341256738
vt 0.635443985 0.243188918
vt 0.635443985 0.237422824
vt 0.643541157 0.125992119
vt 0.586006343 0.125992119
vt 0.582469285 0.130657077
vt 0.929323733 0.288449585
vt 0.934130788 0.291779160
vt 0.982385397 0.288937032
vt 0.512140393 0.128353953
vt 0.512153983 0.130431294
vt 0.644975424 0.853425622
vt 0.649435818 0.860595942
vt 0.649222672 0.855988562
vt 0.508133173 0.128594220
vt 0.644854546 0.862370968
vt 0.564052999 0.133371949
vt 0.579693079 0.141355038
vt 0.583360493 0.168685913
vt 0.532433569 0.133024693
vt 0.548068166 0.133481205
vt 0.574728787 0.159023404
vt 0.574268460 0.141452551
vt 0.512171924 0.133348763
vt 0.565338850 0.167008638
vt 0.512629211 0.168685913
vt 0.549407542 0.166884303
vt 0.533746004 0.167118371
vt 0.512569964 0.166849315
vt 0.507873595 0.166838944
vt 0.508063853 0.130444646
vt 0.507958472 0.133321524
vt 0.726503611 0.259945571
vt 0.726104200 0.258153796
vt 0.722765982 0.258263111
vt 0.647496104 0.864479244
vt 0.726718903 0.262731254
vt 0.722987175 0.259943843
vt 0.723053575 0.262661397
vt 0.708265305 0.259481609
vt 0.709240198 0.261194885
vt 0.710333705 0.262849331
vt 0.702427268 0.269385695
vt 0.704137802 0.269352198
vt 0.704149604 0.295960009
vt 0.700945914 0.269403279
vt 0.701478779 0.299429119
vt 0.702479839 0.297731757
vt 0.723773718 0.298766077
vt 0.723726869 0.296975374
vt 0.723655045 0.295137823
vt 0.504437566 0.166788101
vt 0.504439712 0.168685913
vt 0.508097529 0.168685913
vt 0.504614413 0.170534909
vt 0.792833745 0.328771114
vt 0.798319161 0.327654481
vt 0.798079491 0.324799061
vt 0.508221984 0.170534909
vt 0.792957127 0.325865746
vt 0.787820220 0.327710867
vt 0.512641311 0.170534909
vt 0.788643897 0.324903250
vt 0.583710194 0.170534909
vt 0.643541157 0.168685913
vt 0.643541157 0.170534909
vt 0.626180708 0.473039210
vt 0.622612655 0.472961903
vt 0.621755183 0.477007210
vt 0.748655200 0.965184510
vt 0.753941953 0.966888547
vt 0.753911555 0.962388098
vt 0.621755183 0.477007210
vt 0.622612655 0.472961903
vt 0.603162646 0.472554088
vt 0.590928435 0.065340221
vt 0.586538911 0.067889571
vt 0.587987185 0.069669247
vt 0.591166854 0.068025708
vt 0.603514135 0.477122426
vt 0.620811462 0.480313241
vt 0.599528790 0.472480357
vt 0.591845751 0.086015940
vt 0.587987185 0.069669247
vt 0.605551839 0.479989529
vt 0.589620769 0.083917975
vt 0.603332639 0.480544627
vt 0.599765956 0.477454484
vt 0.881922841 0.969548106
vt 0.885988832 0.970359206
vt 0.885759234 0.966378808
vt 0.913723946 0.970938504
vt 0.885954678 0.975115776
vt 0.913943410 0.975049198
vt 0.912222564 0.966217041
vt 0.618297219 0.083508670
vt 0.916774094 0.970628083
vt 0.917251945 0.974405169
vt 0.913493693 0.966151893
vt 0.619990230 0.085814774
vt 0.622872233 0.083400607
vt 0.619458735 0.081999302
vt 0.616694272 0.066379666
vt 0.598454595 0.063005269
vt 0.116747826 0.710425258
vt 0.101097956 0.710201621
vt 0.097925343 0.713980019
vt 0.618838787 0.067618430
vt 0.116975598 0.714511693
vt 0.097274669 0.717893481
vt 0.116277009 0.718169928
vt 0.618915319 0.063704371
vt 0.621996403 0.065820158
vt 0.119501576 0.714635134
vt 0.537112832 0.874155521
vt 0.540658712 0.874409080
vt 0.540204108 0.854104042
vt 0.119759157 0.718222439
vt 0.537041962 0.853425622
vt 0.376230299 0.921892285
vt 0.376230299 0.940127134
vt 0.418903351 0.940127134
vt 0.352773547 0.791839838
vt 0.394970238 0.791839838
vt 0.394970238 0.783712387
vt 0.418699384 0.921892285
vt 0.352387786 0.783712387
vt 0.394970238 0.782082140
vt 0.351533830 0.782082140
vt 0.336411536 0.791088820
vt 0.434533328 0.917887211
vt 0.335339248 0.782039285
vt 0.435075283 0.940127134
vt 0.491319209 0.939832211
vt 0.491544783 0.917887211
vt 0.277029216 0.786695123
vt 0.277296394 0.787980378
vt 0.335842669 0.783403873
vt 0.278773099 0.795080960
vt 0.441917866 0.734764636
vt 0.394062251 0.734764636
vt 0.394062251 0.742616057
vt 0.510798454 0.734764636
vt 0.443013817 0.750647068
vt 0.512091160 0.750647068
vt 0.394062251 0.752326965
vt 0.394062251 0.753791571
vt 0.436738849 0.753791571
vt 0.416252643 0.942009568
vt 0.373705417 0.942009509
vt 0.373705417 0.942867935
vt 0.416415185 0.943729639
vt 0.373705417 0.943729639
vt 0.373705417 0.951172590
vt 0.443830162 0.756890118
vt 0.423322499 0.943058670
vt 0.512251079 0.756441236
vt 0.491510332 0.946193993
vt 0.491535872 0.944811940
vt 0.422983140 0.944298863
vt 0.416023701 0.958547473
vt 0.491544783 0.959747136
vt 0.634403527 0.521882772
vt 0.365710199 0.883949876
vt 0.365710199 0.878499746
vt 0.360869735 0.811293483
vt 0.532387972 0.743483424
vt 0.512508929 0.340471327
vt 0.394062251 0.750647068
vt 0.373705417 0.958547413
vt 0.773446500 0.577605009
vt 0.002577615 0.283259809
vt 0.510963380 0.162832081
vt 0.523821235 0.163040280
vt 0.522862375 0.136998832
vt 0.510528982 0.137252748
vt 0.915327609 0.301996529
vt 0.900751770 0.303280592
vt 0.894311011 0.309478700
vt 0.894092441 0.322459161
vt 0.901221633 0.329549491
vt 0.914687574 0.329369187
vt 0.921350837 0.323005676
vt 0.922564149 0.309098184
vt 0.506216288 0.137224615
vt 0.506290078 0.162822247
vt 0.728323936 0.266510785
vt 0.724674046 0.266439974
vt 0.725122213 0.291249573
vt 0.502883494 0.162772596
vt 0.709494412 0.270867050
vt 0.709481359 0.291910529
vt 0.713535249 0.266604781
vt 0.545156837 0.845310688
vt 0.545156837 0.849491000
vt 0.548754096 0.849491000
vt 0.548754096 0.845310688
vt 0.433310241 0.911445320
vt 0.491544783 0.914651990
vt 0.491544783 0.911054850
vt 0.433310241 0.909138083
vt 0.688651681 0.081834674
vt 0.630401790 0.081834674
vt 0.630401790 0.086015940
vt 0.688651681 0.086015940
vt 0.592852414 0.974866927
vt 0.651087046 0.972950399
vt 0.651087046 0.969353259
vt 0.592852414 0.972559810
vt 0.644854546 0.843376994
vt 0.649034739 0.843376994
vt 0.649034739 0.839779675
vt 0.644854546 0.839779675
vt 0.431971014 0.976514935
vt 0.491544783 0.979721546
vt 0.491544783 0.976124406
vt 0.431971014 0.974207759
vt 0.626082361 0.496680617
vt 0.566493452 0.496680677
vt 0.566493452 0.500862002
vt 0.626082361 0.500862002
vt 0.453337580 0.802477121
vt 0.512911201 0.800560474
vt 0.512911201 0.796963334
vt 0.453337580 0.800169885
vt 0.551219642 0.741094947
vt 0.555399835 0.741094947
vt 0.555399835 0.737497807
vt 0.551219642 0.737497807
vt 0.608971894 0.814671338
vt 0.576457262 0.814010143
vt 0.576739073 0.817596138
vt 0.609152555 0.816971481
vt 0.576457262 0.934121788
vt 0.608848274 0.934121788
vt 0.608848274 0.929937840
vt 0.576457262 0.929937840
vt 0.058374137 0.459715009
vt 0.025959868 0.459150016
vt 0.025684567 0.462736607
vt 0.058197681 0.462015331
vt 0.550636470 0.848907948
vt 0.554816544 0.848907948
vt 0.554816544 0.845310688
vt 0.550636470 0.845310688
vt 0.192964599 0.208047926
vt 0.130939350 0.204841375
vt 0.130939350 0.208438456
vt 0.192964599 0.210355103
vt 0.280638337 0.905661047
vt 0.342678517 0.905661047
vt 0.342678517 0.901479781
vt 0.280638337 0.901479781
vt 0.166883782 0.470826745
vt 0.104858324 0.472743273
vt 0.104858324 0.476340532
vt 0.166883782 0.473133922
vt 0.948157132 0.444536150
vt 0.944881380 0.436793149
vt 0.934622407 0.437172711
vt 0.931369364 0.444967747
vt 0.745953560 0.856096148
vt 0.742103517 0.847477853
vt 0.730452120 0.847534895
vt 0.726719260 0.856247127
vt 0.970970392 0.989864111
vt 0.974614441 0.997643530
vt 0.984470010 0.998000026
vt 0.987535000 0.990244746
vt 0.024107069 0.191338837
vt 0.020831954 0.184481919
vt 0.010519567 0.184420586
vt 0.007137648 0.191181600
vt 0.538676083 0.141339004
vt 0.539287627 0.158998072
vt 0.957948983 0.444912314
vt 0.956490159 0.437377989
vt 0.754799128 0.855041325
vt 0.752791643 0.846503437
vt 0.742103517 0.847477853
vt 0.745953560 0.856096148
vt 0.719802678 0.846745133
vt 0.717978001 0.855404615
vt 0.996904850 0.997488439
vt 0.997996211 0.989962161
vt 0.589101970 0.883566856
vt 0.589101970 0.890812755
vt 0.598499954 0.890812755
vt 0.600587428 0.883566856
vt 0.058995344 0.191985130
vt 0.055995636 0.184420705
vt 0.047650184 0.184420705
vt 0.048795842 0.191985130
vt 0.037334483 0.184420586
vt 0.036188800 0.191985130
vt 0.028989067 0.184420705
vt 0.025989477 0.191985130
vt 0.577616572 0.767639041
vt 0.579704046 0.774884939
vt 0.589102030 0.774884939
vt 0.589102030 0.767639041
vt 0.598499835 0.774884939
vt 0.600587428 0.767639041
vt 0.630401790 0.058056831
vt 0.633401334 0.065621257
vt 0.641746879 0.065621257
vt 0.640601158 0.058056831
vt 0.652062774 0.065621257
vt 0.653208435 0.058056831
vt 0.660408199 0.065621257
vt 0.663407803 0.058056831
vt 0.577616572 0.883566856
vt 0.579704046 0.890812755
vt 0.922887266 0.442336321
vt 0.915465057 0.436943829
vt 0.906290650 0.436943829
vt 0.898868322 0.442336321
vt 0.896033406 0.451061726
vt 0.898868322 0.459787011
vt 0.906290650 0.465179563
vt 0.915465057 0.465179563
vt 0.922887266 0.459787011
vt 0.925722182 0.451061726
vt 0.512173772 0.134989381
vt 0.526698947 0.134690285
vt 0.527864695 0.165456057
vt 0.512587070 0.165208876
vt 0.507902026 0.165198922
vt 0.504478037 0.165148199
vt 0.723609865 0.293549895
vt 0.705705106 0.294305503
vt 0.705703557 0.270002365
vt 0.711006701 0.264427662
vt 0.723071754 0.264249384
vt 0.726730704 0.264319539
vt 0.507921159 0.134961784
vt 0.537199795 0.829080820
vt 0.537041903 0.832171261
vt 0.541924894 0.832235754
vt 0.542066574 0.829170227
vt 0.634077847 0.740202665
vt 0.633674800 0.737584352
vt 0.628624737 0.737497807
vt 0.629030466 0.740094721
vt 0.634403527 0.547781348
vt 0.634403527 0.581669211
vt 0.603670239 0.772431016
vt 0.608673334 0.773878634
vt 0.608673334 0.767639041
vt 0.603670239 0.767639041
vt 0.507049382 0.340481520
vt 0.507049382 0.346879244
vt 0.509299576 0.346879244
vt 0.509299576 0.340471327
vt 0.749775827 0.290832400
vt 0.750009060 0.306802154
vt 0.644854546 0.738185942
vt 0.644854546 0.743064940
vt 0.647892773 0.743064940
vt 0.647892773 0.737497807
vt 0.570904315 0.892841041
vt 0.567183137 0.892841041
vt 0.567183137 0.894755125
vt 0.572172225 0.894755125
vt 0.573555171 0.898215353
vt 0.567183137 0.898215353
vt 0.567183137 0.900776684
vt 0.573755860 0.900776684
vt 0.540172637 0.957926214
vt 0.537041962 0.956988990
vt 0.537041962 0.962780714
vt 0.540172637 0.962780714
vt 0.669055045 0.065206766
vt 0.671042085 0.065501690
vt 0.671042085 0.059014499
vt 0.669055045 0.059014499
vt 0.754485786 0.306802154
vt 0.754485786 0.285859644
vt 0.768350065 0.285760939
vt 0.771772623 0.306802154
vt 0.775195241 0.285940111
vt 0.775195241 0.290832400
vt 0.789606392 0.286094964
vt 0.789606392 0.290832400
vt 0.673347712 0.065578818
vt 0.679428935 0.065621197
vt 0.679428935 0.059014499
vt 0.673347712 0.059014499
vt 0.500436246 0.340711772
vt 0.500436246 0.346879244
vt 0.510626495 0.340720654
vt 0.510626495 0.346879244
vt 0.602469862 0.771400809
vt 0.602469862 0.767639041
vt 0.498337537 0.340896070
vt 0.498337537 0.346879244
vt 0.497263461 0.341103971
vt 0.497263461 0.346879244
vt 0.735943019 0.290832400
vt 0.735943019 0.284054875
vt 0.735527337 0.284741938
vt 0.735527337 0.290832400
vt 0.414816022 0.919616401
vt 0.406218499 0.917887211
vt 0.392289102 0.919426203
vt 0.734394848 0.288137853
vt 0.733971179 0.296196163
vt 0.734394968 0.306802154
vt 0.681881309 0.065532804
vt 0.681881309 0.059014499
vt 0.541856527 0.959438205
vt 0.541856527 0.962780714
vt 0.779455245 0.849828720
vt 0.780210078 0.847949684
vt 0.762328744 0.847979486
vt 0.762888253 0.849614739
vt 0.777647913 0.853207529
vt 0.764053404 0.852659822
vt 0.765843213 0.855389595
vt 0.776120305 0.855701268
vt 0.557449996 0.206882417
vt 0.575400651 0.206624508
vt 0.574746490 0.205534339
vt 0.557829380 0.206089973
vt 0.571435690 0.201110959
vt 0.558738172 0.202998281
vt 0.569920182 0.199914515
vt 0.559579194 0.201871455
vt 0.567659914 0.199566722
vt 0.561441660 0.200857580
vt 0.768008530 0.856041610
vt 0.773773134 0.856247127
vt 0.515981138 0.395628273
vt 0.515981138 0.391447961
vt 0.513674080 0.391447961
vt 0.513674080 0.395628273
vt 0.539596200 0.746314585
vt 0.539596200 0.737497926
vt 0.537041903 0.737497807
vt 0.537041903 0.746314585
vt 0.687341928 0.488479078
vt 0.659796119 0.488479078
vt 0.659796119 0.491033435
vt 0.687341928 0.491033435
vt 0.110931188 0.396759510
vt 0.138476864 0.396759510
vt 0.138476864 0.387942791
vt 0.110931188 0.387942851
vt 0.964636683 0.401970744
vt 0.937090397 0.401970625
vt 0.937090397 0.404525042
vt 0.964636683 0.404525042
vt 0.631465316 0.268630743
vt 0.655503333 0.268630743
vt 0.655503333 0.266817987
vt 0.631465316 0.266817987
vt 0.220823899 0.199566722
vt 0.186658025 0.199566722
vt 0.186658025 0.201379538
vt 0.220823899 0.201379538
vt 0.048660710 0.359234750
vt 0.082826637 0.359234750
vt 0.082826637 0.335196733
vt 0.048660710 0.335196733
vt 0.150609687 0.199566722
vt 0.116443694 0.199566722
vt 0.116443694 0.201379478
vt 0.150609687 0.201379478
vt 0.118874967 0.335196733
vt 0.084709041 0.335196733
vt 0.084709041 0.359234750
vt 0.118874967 0.359234750
vt 0.704286575 0.337009490
vt 0.728323817 0.337009490
vt 0.728323817 0.335196733
vt 0.704286575 0.335196733
vt 0.402935416 0.758772492
vt 0.368770152 0.758772492
vt 0.368770152 0.760585368
vt 0.402935416 0.760585248
vt 0.530578554 0.024207652
vt 0.496412605 0.024207652
vt 0.496412605 0.048245668
vt 0.530578554 0.048245668
vt 0.080395304 0.199566722
vt 0.046229195 0.199566722
vt 0.046229195 0.201379418
vt 0.080395304 0.201379418
vt 0.526680350 0.500862002
vt 0.560846329 0.500862002
vt 0.560846329 0.476824105
vt 0.526680350 0.476824105
vt 0.719402969 0.368825376
vt 0.711941183 0.348177135
vt 0.712493598 0.367317259
vt 0.499557465 0.527256846
vt 0.510773361 0.506509185
vt 0.496301085 0.527269483
vt 0.514101505 0.527858198
vt 0.514496267 0.527250886
vt 0.591342509 0.527237415
vt 0.242270157 0.917887211
vt 0.231430486 0.918434024
vt 0.241673037 0.950897276
vt 0.524911046 0.712015986
vt 0.500445187 0.711985707
vt 0.504634202 0.718660712
vt 0.239875689 0.899597406
vt 0.228459805 0.878479958
vt 0.225145340 0.878466845
vt 0.243263185 0.877867877
vt 0.243665010 0.878486037
vt 0.321881562 0.878499746
vt 0.692646563 0.737497807
vt 0.172153577 0.251919091
vt 0.156960294 0.244586170
vt 0.156853005 0.252113342
vt 0.172283396 0.244400859
vt 0.176443338 0.439490080
vt 0.230129570 0.437248468
vt 0.178513542 0.436717987
vt 0.230427325 0.439854681
vt 0.313817710 0.875546098
vt 0.072693802 0.173646390
vt 0.021185897 0.108898640
vt 0.071845926 0.174766183
vt 0.023622185 0.109968722
vt 0.905643821 0.672456980
vt 0.986066103 0.671530068
vt 0.904042900 0.670241952
vt 0.160807639 0.182515144
vt 0.150521427 0.108167648
vt 0.159401223 0.181212902
vt 0.387879848 0.438157499
vt 0.387960851 0.440765262
vt 0.765564501 0.388654530
vt 0.758110821 0.393218100
vt 0.765739024 0.393243492
vt 0.757817149 0.389143527
vt 0.167083457 0.260933220
vt 0.161185265 0.253838480
vt 0.160786778 0.260865390
vt 0.167780429 0.253911197
vt 0.541823387 0.955106556
vt 0.537041962 0.945008457
vt 0.537179708 0.952991366
vt 0.541673839 0.946077943
vt 0.759421587 0.717647433
vt 0.753353238 0.711985826
vt 0.753353417 0.717647552
vt 0.759421527 0.711985707
vt 0.554047883 0.853425622
vt 0.546960533 0.858079076
vt 0.554830909 0.857966661
vt 0.545156837 0.853549242
vt 0.815032423 0.155304849
vt 0.826185763 0.153412223
vt 0.810492754 0.153491199
vt 0.821800828 0.155039489
vt 0.156853005 0.252113342
vt 0.172153577 0.251919091
vt 0.114071749 0.991989255
vt 0.034287784 0.991682887
vt 0.112347133 0.994193912
vt 0.175536260 0.181563735
vt 0.168363899 0.107541323
vt 0.174363956 0.182807028
vt 0.283066660 0.181821525
vt 0.174363956 0.182807028
vt 0.284136027 0.183204770
vt 0.175536260 0.181563735
vt 0.294497997 0.108048975
vt 0.283066660 0.181821525
vt 0.284136027 0.183204770
vt 0.293113768 0.109205246
vt 0.753884971 0.086015940
vt 0.880325854 0.084601700
vt 0.752548754 0.083502948
vt 0.169682935 0.108580768
vt 0.523585498 0.438494027
vt 0.524390817 0.441103518
vt 0.236244753 0.811293483
vt 0.234997228 0.847571969
vt 0.238841698 0.845614314
vt 0.583828092 0.583088875
vt 0.584538698 0.547994494
vt 0.582682312 0.546600819
vt 0.591342509 0.527237415
vt 0.584814668 0.531522095
vt 0.514496267 0.527250886
vt 0.513735890 0.531353474
vt 0.023713455 0.393393755
vt 0.032899413 0.402693331
vt 0.019765563 0.377591968
vt 0.030739712 0.405245781
vt 0.045027841 0.413743258
vt 0.030706018 0.436680913
vt 0.033104915 0.438848257
vt 0.008920108 0.438533604
vt 0.008547157 0.436660111
vt 0.777388096 0.172622383
vt 0.780692279 0.174807489
vt 0.780743659 0.172873259
vt 0.061411444 0.439516306
vt 0.067014948 0.419541061
vt 0.128906518 0.419251919
vt 0.033449121 0.440824687
vt 0.777311802 0.174711883
vt 0.159370959 0.440204263
vt 0.773190558 0.174797952
vt 0.773558617 0.172633827
vt 0.763336241 0.174815655
vt 0.763244987 0.172687054
vt 0.773009717 0.176476061
vt 0.763161242 0.176456988
vt 0.209298477 0.221723795
vt 0.217652425 0.215390563
vt 0.207967490 0.218344152
vt 0.217072517 0.219656944
vt 0.220839471 0.219644427
vt 0.776713073 0.176454842
vt 0.221943364 0.215725243
vt 0.009868409 0.440369129
vt 0.005227989 0.438440740
vt 0.006062447 0.440128326
vt 0.226210386 0.218203604
vt 0.223841101 0.221723258
vt 0.240425736 0.239046812
vt 0.011995076 0.442828953
vt 0.021500437 0.443350852
vt 0.268630862 0.712657809
vt 0.226171985 0.716928601
vt 0.255427122 0.717341542
vt 0.061088111 0.441738009
vt 0.226757944 0.711749315
vt 0.121641569 0.710201621
vt 0.160411045 0.442615926
vt 0.061094429 0.444584966
vt 0.161279440 0.445636272
vt 0.173121959 0.441865504
vt 0.174558431 0.433503151
vt 0.733971059 0.392155766
vt 0.741268396 0.392128348
vt 0.737415671 0.391060472
vt 0.172652349 0.432439983
vt 0.151643828 0.410374105
vt 0.192482501 0.413213074
vt 0.198524088 0.413600504
vt 0.190473139 0.412678540
vt 0.165449217 0.395070314
vt 0.218077362 0.381168306
vt 0.220872045 0.385115325
vt 0.216671899 0.378888667
vt 0.188817516 0.350023150
vt 0.233711064 0.349847496
vt 0.231710047 0.378636777
vt 0.231506705 0.380852222
vt 0.231303900 0.385234773
vt 0.006850599 0.109990120
vt 0.069219828 0.178365946
vt 0.014607672 0.109072745
vt 0.065044254 0.182230592
vt 0.075803749 0.182624519
vt 0.074075550 0.187664449
vt 0.095058404 0.486105144
vt 0.104496703 0.482240260
vt 0.096811794 0.481617272
vt 0.090073928 0.490658045
vt 0.085896209 0.485738218
vt 0.102816641 0.486339211
vt 0.112793706 0.482292652
vt 0.094258979 0.489661813
vt 0.111207291 0.486395419
vt 0.187941849 0.482037246
vt 0.101885512 0.489487588
vt 0.092394374 0.500484943
vt 0.087084979 0.502356529
vt 0.081410155 0.541278601
vt 0.165632606 0.187494278
vt 0.089993656 0.190969706
vt 0.167804226 0.193136632
vt 0.169919193 0.187370718
vt 0.286397815 0.187977850
vt 0.087418810 0.542067647
vt 0.287141263 0.193919539
vt 0.441774100 0.186950266
vt 0.111209676 0.489435136
vt 0.190144792 0.485883534
vt 0.190070719 0.488825262
vt 0.311210752 0.486640632
vt 0.468083560 0.485042214
vt 0.470023036 0.488594353
vt 0.443685770 0.191694379
vt 0.457833469 0.186513484
vt 0.100610055 0.499936938
vt 0.109712146 0.500282407
vt 0.095127404 0.543222666
vt 0.105316609 0.543675423
vt 0.583887517 0.719523907
vt 0.583712220 0.713083982
vt 0.547434688 0.711518586
vt 0.546257734 0.716541350
vt 0.481182933 0.544958055
vt 0.485714048 0.544933617
vt 0.481572151 0.505973577
vt 0.484985709 0.506988823
vt 0.530753732 0.714732826
vt 0.483927816 0.491355419
vt 0.530949414 0.710173547
vt 0.527649939 0.709708869
vt 0.484375656 0.486197710
vt 0.486866981 0.488225579
vt 0.480872363 0.489631832
vt 0.480422348 0.492634475
vt 0.470121711 0.491502821
vt 0.470044076 0.504904151
vt 0.311710775 0.489643395
vt 0.311768323 0.501547992
vt 0.190252334 0.501077414
vt 0.190291077 0.544956088
vt 0.311806232 0.545002282
vt 0.470010966 0.545060039
vt 0.297093362 0.173251987
vt 0.304459691 0.176935673
vt 0.301472902 0.171591163
vt 0.301140487 0.180164635
vt 0.309622526 0.179459333
vt 0.308820665 0.183329284
vt 0.429939479 0.178461611
vt 0.429731339 0.182148457
vt 0.436432600 0.181351900
vt 0.435463578 0.177237928
vt 0.441404581 0.178584039
vt 0.438783795 0.174763203
vt 0.441352725 0.169601917
vt 0.446226537 0.171355903
vt 0.454976857 0.125715554
vt 0.460952520 0.125361383
vt 0.455088139 0.119340241
vt 0.460706681 0.117175877
vt 0.453441590 0.114928424
vt 0.456723064 0.111003637
vt 0.448464543 0.111273766
vt 0.450787961 0.107576549
vt 0.442752898 0.109778941
vt 0.442517370 0.106648564
vt 0.316296667 0.110905886
vt 0.315441012 0.107636750
vt 0.307787597 0.112376273
vt 0.311679095 0.114231288
vt 0.304969102 0.119133592
vt 0.309502840 0.119577408
vt 0.512013316 0.625335574
vt 0.504986823 0.625370026
vt 0.525638938 0.709841967
vt 0.490765393 0.102550983
vt 0.486896515 0.102586687
vt 0.298238933 0.102794111
vt 0.287120074 0.182565451
vt 0.298334330 0.107531607
vt 0.234631836 0.335227013
vt 0.187680647 0.336182773
vt 0.388036281 0.335196733
vt 0.388179570 0.350021660
vt 0.463773847 0.335199535
vt 0.466103882 0.351796687
vt 0.701973379 0.127437115
vt 0.702543020 0.165697813
vt 0.077897616 0.177223980
vt 0.077347584 0.178449392
vt 0.085434906 0.179358304
vt 0.085199378 0.180654109
vt 0.092666931 0.180010855
vt 0.092595875 0.181303322
vt 0.529494584 0.842839777
vt 0.535159469 0.836064100
vt 0.529494584 0.836064100
vt 0.533468544 0.851039112
vt 0.211223558 0.238694489
vt 0.217948794 0.224086821
vt 0.211874172 0.223686516
vt 0.217607796 0.239113629
vt 0.768083572 0.711985707
vt 0.761303961 0.717657924
vt 0.776293099 0.715964675
vt 0.761303961 0.711985826
vt 0.774237871 0.073993504
vt 0.609471142 0.547887981
vt 0.547795832 0.703539848
vt 0.583563983 0.701936126
vt 0.547906876 0.701046407
vt 0.583575487 0.704550743
vt 0.511840224 0.600376487
vt 0.583574772 0.597585201
vt 0.511987150 0.597436845
vt 0.583574772 0.600638151
vt 0.230260819 0.413955927
vt 0.210648507 0.795529842
vt 0.193172172 0.779797077
vt 0.219915524 0.760438323
vt 0.202828050 0.743009984
vt 0.228017390 0.743573189
vt 0.213678405 0.737453461
vt 0.224733338 0.734088659
vt 0.232801408 0.738118410
vt 0.194675907 0.731836081
vt 0.194716811 0.742920160
vt 0.231757447 0.730879545
vt 0.240452304 0.734128594
vt 0.230690703 0.728246331
vt 0.118163690 0.744721174
vt 0.194660872 0.729505897
vt 0.231673256 0.454425037
vt 0.198430941 0.462089121
vt 0.234985411 0.463314772
vt 0.118115090 0.734629571
vt 0.198340297 0.453881443
vt 0.230724886 0.442460954
vt 0.117816024 0.733104825
vt 0.198446080 0.463463783
vt 0.120467171 0.459385276
vt 0.120770521 0.460620582
vt 0.058708414 0.738334477
vt 0.060498986 0.456817985
vt 0.058486875 0.746917367
vt 0.022838982 0.741877556
vt 0.120477960 0.452687740
vt 0.022848999 0.748630047
vt 0.060654391 0.455615819
vt 0.024107099 0.454191029
vt 0.060824469 0.450915039
vt 0.023369903 0.452960730
vt 0.058861732 0.736765027
vt 0.022112342 0.740166068
vt 0.022600804 0.448953032
vt 0.014885298 0.448511720
vt 0.009027211 0.442565322
vt 0.016935514 0.741723597
vt 0.018117698 0.452373445
vt 0.018346455 0.743095636
vt 0.013749389 0.738785625
vt 0.014695184 0.743114233
vt 0.012265635 0.448165417
vt 0.011167475 0.740373313
vt 0.774151444 0.178971469
vt 0.768526077 0.184640765
vt 0.771271527 0.184754670
vt 0.009295981 0.742993653
vt 0.770777285 0.178878963
vt 0.762994111 0.178898454
vt 0.762519419 0.184584618
vt 0.016627563 0.744522095
vt 0.012644310 0.745217204
vt 0.766196251 0.189058065
vt 0.761988044 0.189293861
vt 0.015048396 0.748984098
vt 0.012237547 0.749233663
vt 0.015273456 0.747094154
vt 0.163691506 0.107840061
vt 0.155733213 0.107885301
vt 0.159611672 0.102653742
vt 0.594599247 0.414730072
vt 0.720519125 0.388126314
vt 0.618164361 0.386844158
vt 0.722025990 0.419022620
vt 0.571808875 0.419730961
vt 0.722503126 0.438840628
vt 0.517320573 0.419797480
vt 0.953053117 0.172896087
vt 0.927310646 0.179405451
vt 0.953053176 0.180646360
vt 0.925465167 0.172821462
vt 0.951734006 0.171678722
vt 0.388041675 0.443190992
vt 0.389097095 0.456338048
vt 0.389877021 0.464769661
vt 0.383359253 0.726565123
vt 0.383468032 0.729840040
vt 0.387023926 0.386005461
vt 0.386990041 0.415189683
vt 0.387431800 0.379638970
vt 0.387154579 0.381289423
vt 0.606484175 0.884195626
vt 0.602469862 0.883566856
vt 0.605278492 0.889738560
vt 0.610260606 0.888275385
vt 0.610168934 0.883792818
vt 0.472086936 0.380774498
vt 0.472951084 0.385221541
vt 0.471794546 0.378870130
vt 0.524923980 0.443497002
vt 0.527277231 0.456691563
vt 0.528547406 0.465148091
vt 0.520039320 0.727550387
vt 0.520194650 0.730736136
vt 0.490767598 0.411851645
vt 0.671083689 0.100270391
vt 0.709746718 0.100952566
vt 0.709558547 0.091663241
vt 0.759717524 0.092166603
vt 0.759698212 0.102082431
vt 0.772063017 0.103424489
vt 0.773284078 0.094889998
vt 0.780855358 0.099092007
vt 0.780624151 0.111872673
vt 0.703722000 0.168685913
vt 0.702543020 0.165697813
vt 0.702830017 0.120858967
vt 0.709040105 0.113954902
vt 0.712070584 0.125744283
vt 0.707834363 0.127616107
vt 0.721997738 0.441329122
vt 0.726830542 0.441451848
vt 0.728323817 0.438785851
vt 0.496964872 0.600289226
vt 0.495713353 0.597608685
vt 0.497167885 0.531657040
vt 0.513067842 0.541570723
vt 0.494897604 0.531128526
vt 0.720750570 0.372663617
vt 0.495322794 0.541632295
vt 0.495487630 0.543631256
vt 0.512891769 0.543572664
vt 0.512806654 0.546600103
vt 0.496973515 0.546646595
vt 0.725905299 0.383110642
vt 0.722049356 0.383064210
vt 0.492514163 0.541585386
vt 0.721996009 0.384937286
vt 0.725042641 0.388098180
vt 0.725728929 0.385098934
vt 0.615076482 0.382903457
vt 0.616032779 0.381401479
vt 0.625696540 0.356060088
vt 0.623229146 0.341411233
vt 0.617723465 0.354990065
vt 0.606374919 0.380235970
vt 0.589554191 0.402619243
vt 0.592846692 0.409270763
vt 0.570038617 0.407386065
vt 0.571177244 0.414582193
vt 0.516637385 0.414449871
vt 0.518565238 0.407194018
vt 0.493243575 0.408310235
vt 0.497806668 0.401816547
vt 0.475383699 0.380793095
vt 0.484966397 0.380314887
vt 0.474873573 0.378878474
vt 0.469913185 0.351268411
vt 0.703958869 0.173148155
vt 0.703598738 0.175191581
vt 0.703961492 0.176728964
vt 0.703634381 0.179650426
vt 0.150882930 0.239432991
vt 0.705079675 0.185501814
vt 0.707052648 0.190369248
vt 0.707621217 0.192144811
vt 0.008833818 0.801122785
vt 0.016984772 0.799727380
vt 0.055289119 0.793364286
vt 0.115561016 0.785625577
vt 0.184797183 0.778729439
vt 0.440248340 0.762777984
vt 0.442071110 0.779309988
vt 0.458426803 0.779309988
vt 0.456247270 0.758772671
vt 0.512606382 0.758772492
vt 0.512911201 0.780156910
vt 0.987959146 0.720917940
vt 0.970955372 0.700205564
vt 0.962192893 0.720897973
vt 0.989373565 0.695517659
vt 0.807056963 0.611741066
vt 0.781940401 0.598335147
vt 0.782237351 0.612202883
vt 0.807533979 0.598977685
vt 0.027654130 0.108085871
vt 0.026258782 0.106873810
vt 0.151603580 0.107173264
vt 0.974675298 0.956995785
vt 0.849139750 0.960229695
vt 0.973579407 0.959416568
vt 0.800923288 0.156149149
vt 0.808584571 0.148787975
vt 0.800908566 0.147104621
vt 0.808593273 0.155898035
vt 0.572358012 0.800159454
vt 0.567272425 0.807496846
vt 0.572386026 0.807553351
vt 0.567183137 0.800098836
vt 0.583575010 0.634962857
vt 0.583575010 0.632695675
vt 0.534660578 0.635031104
vt 0.534692287 0.632764935
vt 0.531348884 0.636430621
vt 0.529532790 0.635050356
vt 0.527937829 0.639545202
vt 0.530466199 0.639298677
vt 0.538127005 0.696433663
vt 0.540415704 0.695810914
vt 0.541522622 0.701182842
vt 0.543103516 0.699062943
vt 0.512138009 0.577207923
vt 0.534857571 0.880263209
vt 0.535159528 0.855357766
vt 0.531113327 0.853425622
vt 0.585716546 0.581621766
vt 0.610060096 0.581645489
vt 0.711235285 0.109524190
vt 0.759609282 0.114542067
vt 0.760193348 0.125841916
vt 0.759477973 0.110369563
vt 0.770796776 0.125872850
vt 0.769108951 0.112300754
vt 0.766586244 0.115397036
vt 0.777090311 0.120465875
vt 0.778329074 0.125822246
vt 0.008780326 0.391099751
vt 0.009464209 0.385913074
vt 0.938556850 0.452796817
vt 0.931369364 0.464315534
vt 0.931664228 0.465179563
vt 0.783049047 0.917129874
vt 0.784948885 0.904267907
vt 0.784560204 0.903315425
vt 0.939923048 0.451830566
vt 0.938384533 0.451696932
vt 0.784560204 0.903315425
vt 0.768622875 0.916669130
vt 0.783049047 0.917129874
vt 0.939844787 0.450615048
vt 0.767469227 0.902904093
vt 0.784630775 0.901783347
vt 0.764244437 0.906783283
vt 0.765292346 0.917444110
vt 0.733971179 0.224034250
vt 0.734944761 0.241146863
vt 0.734786332 0.223816752
vt 0.767408252 0.901828527
vt 0.945923090 0.452584863
vt 0.741152585 0.240812838
vt 0.734786332 0.223816752
vt 0.734944761 0.241146863
vt 0.275213182 0.750869751
vt 0.275873214 0.756441236
vt 0.276033223 0.750647068
vt 0.277325869 0.734764636
vt 0.958830476 0.464692533
vt 0.960118294 0.463379323
vt 0.757053614 0.228675067
vt 0.758183002 0.241486907
vt 0.740689576 0.223241568
vt 0.740689576 0.223241568
vt 0.734796226 0.220238149
vt 0.763353765 0.906205118
vt 0.777119935 0.375668466
vt 0.793942153 0.376873493
vt 0.793942153 0.371133089
vt 0.799957693 0.376700044
vt 0.777864456 0.379593790
vt 0.779591322 0.393010676
vt 0.793942153 0.392479599
vt 0.799867690 0.393243492
vt 0.760217071 0.921396732
vt 0.759181440 0.921501756
vt 0.763734937 0.924181342
vt 0.791041672 0.236589253
vt 0.788658082 0.240977526
vt 0.791211724 0.238024473
vt 0.788198590 0.240035236
vt 0.786871314 0.232592821
vt 0.783289552 0.237304449
vt 0.763830185 0.241486907
vt 0.769936919 0.231905937
vt 0.241048887 0.854515493
vt 0.246094063 0.874352932
vt 0.230194777 0.857371449
vt 0.230466798 0.869826138
vt 0.232884377 0.873469889
vt 0.245314643 0.875985444
vt 0.721886873 0.443813026
vt 0.727933288 0.443760574
vt 0.720935404 0.455983579
vt 0.511925161 0.602550089
vt 0.496019721 0.602610469
vt 0.499224991 0.614600897
vt 0.726225436 0.455686510
vt 0.511826873 0.614052296
vt 0.718945503 0.465179563
vt 0.707704902 0.731359482
vt 0.706265450 0.733479738
vt 0.503434896 0.623851538
vt 0.723638773 0.464887321
vt 0.712330818 0.733888626
vt 0.511862993 0.623814762
vt 0.710081160 0.735410213
vt 0.711770296 0.742298424
vt 0.072310358 0.372848511
vt 0.058939945 0.379657328
vt 0.065588295 0.384169340
vt 0.066732310 0.364728093
vt 0.099462673 0.366142571
vt 0.099404231 0.374150693
vt 0.220517099 0.850672662
vt 0.228312388 0.851668775
vt 0.228223294 0.849997044
vt 0.065638863 0.364207029
vt 0.058939945 0.379657328
vt 0.066732310 0.364728093
vt 0.057894140 0.378952563
vt 0.099266775 0.365015984
vt 0.066732310 0.364728093
vt 0.099462673 0.366142571
vt 0.888003230 0.168373466
vt 0.887341440 0.167047262
vt 0.886442900 0.168713033
vt 0.918543637 0.165823102
vt 0.888003230 0.168373466
vt 0.919817984 0.167125285
vt 0.896602273 0.188896894
vt 0.896602273 0.188896894
vt 0.220517099 0.850672662
vt 0.227256447 0.872940719
vt 0.228312388 0.851668775
vt 0.220707789 0.872068763
vt 0.748898983 0.348753572
vt 0.768835664 0.346604288
vt 0.766307533 0.340392172
vt 0.919636905 0.193919539
vt 0.746823967 0.356323779
vt 0.939400733 0.981651247
vt 0.965323210 0.997772634
vt 0.965323210 0.981548667
vt 0.737792730 0.339853644
vt 0.939265490 0.998000026
vt 0.733971059 0.345506072
vt 0.584814489 0.543688297
vt 0.584814489 0.541590691
vt 0.888093829 0.937345445
vt 0.583574891 0.625440478
vt 0.583574891 0.624011815
vt 0.583574772 0.614413857
vt 0.583574772 0.602908969
vt 0.029463485 0.371122241
vt 0.024863794 0.365216196
vt 0.024211280 0.373896539
vt 0.784585297 0.108056307
vt 0.042403348 0.395136595
vt 0.790669620 0.134220779
vt 0.037479009 0.399232149
vt 0.786598444 0.137795031
vt 0.051585909 0.403018475
vt 0.048281290 0.409137070
vt 0.069532454 0.408223987
vt 0.068471029 0.414583385
vt 0.126078904 0.408288240
vt 0.127600417 0.414597869
vt 0.148915634 0.406802952
vt 0.145317972 0.401555777
vt 0.161670104 0.392605424
vt 0.156665489 0.389077961
vt 0.184312522 0.349044859
vt 0.178543001 0.346853375
vt 0.749938011 0.329168081
vt 0.749775827 0.327743948
vt 0.749416471 0.329105675
vt 0.750242412 0.327572882
vt 0.284136027 0.183204770
vt 0.174363956 0.182807028
vt 0.294497997 0.108048975
vt 0.168363899 0.107541323
vt 0.703303277 0.185539484
vt 0.704496801 0.191985190
vt 0.639687717 0.845362782
vt 0.635517001 0.845310688
vt 0.636373341 0.848246455
vt 0.007895775 0.803585947
vt 0.004603680 0.804104924
vt 0.705040455 0.193919539
vt 0.012891375 0.802872062
vt 0.055728741 0.796853900
vt 0.114576884 0.789597273
vt 0.182273403 0.782173514
vt 0.009458812 0.527872920
vt 0.005988352 0.527402639
vt 0.018025147 0.492770314
vt 0.015076573 0.491609573
vt 0.026972841 0.474583328
vt 0.322760224 0.711250484
vt 0.023777353 0.473630250
vt 0.321890295 0.714574456
vt 0.026182899 0.470826745
vt 0.285730094 0.713176548
vt 0.084870525 0.491019607
vt 0.287799776 0.716067195
vt 0.084566876 0.488192201
vt 0.273112655 0.714703560
vt 0.270513266 0.717067540
vt 0.273353577 0.717947006
vt 0.091557533 0.185610354
vt 0.083378993 0.184582889
vt 0.005791977 0.100957513
vt 0.737879872 0.385623217
vt 0.733971059 0.384405911
vt 0.737146139 0.387455404
vt 0.735597312 0.383430898
vt 0.757827222 0.387252212
vt 0.764876187 0.386807382
vt 0.767928421 0.384168684
vt 0.769590259 0.385174394
vt 0.767616510 0.367486954
vt 0.769251585 0.367074311
vt 0.764504194 0.365089715
vt 0.765070021 0.363853395
vt 0.737767696 0.366276622
vt 0.737262189 0.365087867
vt 0.735667408 0.367581487
vt 0.734047651 0.367084801
vt 0.577616572 0.778890729
vt 0.585248053 0.780987084
vt 0.584313989 0.778910756
vt 0.577891588 0.780964971
vt 0.609297276 0.920562148
vt 0.611561477 0.894000292
vt 0.609625280 0.895118594
vt 0.611204863 0.921659350
vt 0.786774874 0.287986577
vt 0.780217826 0.285975099
vt 0.779944539 0.288009226
vt 0.787722290 0.285949945
vt 0.739526331 0.284112453
vt 0.747321784 0.286077499
vt 0.746309578 0.284054875
vt 0.739876270 0.286157727
vt 0.917788267 0.924580812
vt 0.944370627 0.926249862
vt 0.943232894 0.924339116
vt 0.916710377 0.926512837
vt 0.740461290 0.324799061
vt 0.746962130 0.326899052
vt 0.747321784 0.324857771
vt 0.739429593 0.326817036
vt 0.678541362 0.242968976
vt 0.683403492 0.235170305
vt 0.678740621 0.237665236
vt 0.684631586 0.242544591
vt 0.287113488 0.471368968
vt 0.286912948 0.474448860
vt 0.249623388 0.472807407
vt 0.249107003 0.475987852
vt 0.230791613 0.473850548
vt 0.230937153 0.477128208
vt 0.006183594 0.113120198
vt 0.002000000 0.110172451
vt 0.003812307 0.113256931
vt 0.086675204 0.490779579
vt 0.083745152 0.503339171
vt 0.078406505 0.540199280
vt 0.528212905 0.834181666
vt 0.094868168 0.403657138
vt 0.094795212 0.401490986
vt 0.093620628 0.403634965
vt 0.764285624 0.224601507
vt 0.764354408 0.226258755
vt 0.765459776 0.225680947
vt 0.122767478 0.403295636
vt 0.096042663 0.402654469
vt 0.121514775 0.402324378
vt 0.882957935 0.972334266
vt 0.882965207 0.974813998
vt 0.883761585 0.973609984
vt 0.123912737 0.403241932
vt 0.122659840 0.401129305
vt 0.569305897 0.909939051
vt 0.567376137 0.905593097
vt 0.562569976 0.906553149
vt 0.562545955 0.911821723
vt 0.571147382 0.912865400
vt 0.889927208 0.395381033
vt 0.889884651 0.393213749
vt 0.888684928 0.395331383
vt 0.830204904 0.227882624
vt 0.830164790 0.226224303
vt 0.829035163 0.226796865
vt 0.917826056 0.395644188
vt 0.891126871 0.394404709
vt 0.916598558 0.394645154
vt 0.262585491 0.759574175
vt 0.265056580 0.759576619
vt 0.263872981 0.758772492
vt 0.918976486 0.395616233
vt 0.917749166 0.393475890
vt 0.791796803 0.924006641
vt 0.701075971 0.125992119
vt 0.701973379 0.127437115
vt 0.596481442 0.221825242
vt 0.599750698 0.218686223
vt 0.595140398 0.219863355
vt 0.702543020 0.165697813
vt 0.704612970 0.130657077
vt 0.701973379 0.127437115
vt 0.599750698 0.218686223
vt 0.633910477 0.222429276
vt 0.636958241 0.219130993
vt 0.417278230 0.964446664
vt 0.416858882 0.972325325
vt 0.434145212 0.965181112
vt 0.433537841 0.972200930
vt 0.491544783 0.967492163
vt 0.490333408 0.961629570
vt 0.790002882 0.218255281
vt 0.763830185 0.218205273
vt 0.790513813 0.224809647
vt 0.789435804 0.225911140
vt 0.804439247 0.234142005
vt 0.830622852 0.234321237
vt 0.803966403 0.227544844
vt 0.805050015 0.226448417
vt 0.606983542 0.344869256
vt 0.701075971 0.125992119
vt 0.704612970 0.130657077
vt 0.984891891 0.152810752
vt 0.931831658 0.153396189
vt 0.980091035 0.156149149
vt 0.774941981 0.128353953
vt 0.774928391 0.130431294
vt 0.773886085 0.919176340
vt 0.776464820 0.923414111
vt 0.781072795 0.923610210
vt 0.778949201 0.128594220
vt 0.782830894 0.919022381
vt 0.723029435 0.133371949
vt 0.703722000 0.168685913
vt 0.707389295 0.141355038
vt 0.739014149 0.133481205
vt 0.754648805 0.133024693
vt 0.712353468 0.159023404
vt 0.712813854 0.141452551
vt 0.774910450 0.133348763
vt 0.774453223 0.168685913
vt 0.721743464 0.167008638
vt 0.737674713 0.166884303
vt 0.753336549 0.167118371
vt 0.774512410 0.166849315
vt 0.779208541 0.166838944
vt 0.779018521 0.130444646
vt 0.779123902 0.133321524
vt 0.003820328 0.395575762
vt 0.007557829 0.393893242
vt 0.004219697 0.393783987
vt 0.784948885 0.921656132
vt 0.003605109 0.398361564
vt 0.007336885 0.395574093
vt 0.007270274 0.398291528
vt 0.022058610 0.395111740
vt 0.021083714 0.396825075
vt 0.019990385 0.398479462
vt 0.027896661 0.405015826
vt 0.026186179 0.404982328
vt 0.026174370 0.431590259
vt 0.029378029 0.405033350
vt 0.028845198 0.435059190
vt 0.027844183 0.433361828
vt 0.006550373 0.434396148
vt 0.006597244 0.432605386
vt 0.006668866 0.430767834
vt 0.782644629 0.166788101
vt 0.778984666 0.168685913
vt 0.782642603 0.168685913
vt 0.782467723 0.170534909
vt 0.550168335 0.961238325
vt 0.555421293 0.965200663
vt 0.555655897 0.962344825
vt 0.778860569 0.170534909
vt 0.550297260 0.964143455
vt 0.545156837 0.962307870
vt 0.774440885 0.170534909
vt 0.545985520 0.965114117
vt 0.703372121 0.170534909
vt 0.781940401 0.585224509
vt 0.786373496 0.589184523
vt 0.785508335 0.585140884
vt 0.764028251 0.429598153
vt 0.768196940 0.433849454
vt 0.769582927 0.429567754
vt 0.786373496 0.589184523
vt 0.804957747 0.584697127
vt 0.785508335 0.585140884
vt 0.800881445 0.149793684
vt 0.797617912 0.145718575
vt 0.796316922 0.147601664
vt 0.800908566 0.147104621
vt 0.804614723 0.589265943
vt 0.787323177 0.592488647
vt 0.808591306 0.584616661
vt 0.800177574 0.129160881
vt 0.797617912 0.145718575
vt 0.802582443 0.592136979
vt 0.798128903 0.131421030
vt 0.804802537 0.592687964
vt 0.808363378 0.589591146
vt 0.536922216 0.015150428
vt 0.540774047 0.018332660
vt 0.541004598 0.014336228
vt 0.568851709 0.013754368
vt 0.540970385 0.009560347
vt 0.569071949 0.009627223
vt 0.567344368 0.018494964
vt 0.826678514 0.129587114
vt 0.571914256 0.014066041
vt 0.572393954 0.010273755
vt 0.568620682 0.018560350
vt 0.826423168 0.146746397
vt 0.827951431 0.130997479
vt 0.808548212 0.151527464
vt 0.141197622 0.234877586
vt 0.144717783 0.216048777
vt 0.140945032 0.219228029
vt 0.828458905 0.145346940
vt 0.145284683 0.235097468
vt 0.148629993 0.215390563
vt 0.148941576 0.234392464
vt 0.828841150 0.149233162
vt 0.831739366 0.146888554
vt 0.145412743 0.237623513
vt 0.648400307 0.965738118
vt 0.645271897 0.945692539
vt 0.644854546 0.965998352
vt 0.149000525 0.237874568
vt 0.648432851 0.945008457
vt 0.333557397 0.940127134
vt 0.437167108 0.791839838
vt 0.333761126 0.921892285
vt 0.437552810 0.783712387
vt 0.438406706 0.782082140
vt 0.453528851 0.791088820
vt 0.317927212 0.917887211
vt 0.454601347 0.782039285
vt 0.317385256 0.940127134
vt 0.261141270 0.939832211
vt 0.260915786 0.917887211
vt 0.512644112 0.787980378
vt 0.512911201 0.786695123
vt 0.454097956 0.783403873
vt 0.511167347 0.795080960
vt 0.346206427 0.734764636
vt 0.277325869 0.734764636
vt 0.345110625 0.750647068
vt 0.276033223 0.750647068
vt 0.351385504 0.753791571
vt 0.331158161 0.942009568
vt 0.330995768 0.943729639
vt 0.344294131 0.756890118
vt 0.324088424 0.943058670
vt 0.275873214 0.756441236
vt 0.255900562 0.946193993
vt 0.255875021 0.944811940
vt 0.324427754 0.944298863
vt 0.331387162 0.958547473
vt 0.255866140 0.959747136
vt 0.634403527 0.521882772
vt 0.634403527 0.527237415
vt 0.532387972 0.828195989
vt 0.611810863 0.340471327
vt 0.495360643 0.577605009
vt 0.727746248 0.418889940
vt 0.776118994 0.162832081
vt 0.776553214 0.137252748
vt 0.764219940 0.136998832
vt 0.763261080 0.163040280
vt 0.783179283 0.638870478
vt 0.789854407 0.645221770
vt 0.803320587 0.645377159
vt 0.810436845 0.638273716
vt 0.810194016 0.625293493
vt 0.803741992 0.619107366
vt 0.789163947 0.617850065
vt 0.781940401 0.624965370
vt 0.780792356 0.162822247
vt 0.780865967 0.137224615
vt 0.784198940 0.162772596
vt 0.005201690 0.426879764
vt 0.005650018 0.402070165
vt 0.002000000 0.402140975
vt 0.020842614 0.427540779
vt 0.020829614 0.406497359
vt 0.016788755 0.402234912
vt 0.537041903 0.748196959
vt 0.537041903 0.751794279
vt 0.541222036 0.751794279
vt 0.541222036 0.748196959
vt 0.375075638 0.911054850
vt 0.375075638 0.914651990
vt 0.746901631 0.086015940
vt 0.746901631 0.081834674
vt 0.534617662 0.969353259
vt 0.534617662 0.972950399
vt 0.549337268 0.741095006
vt 0.549337268 0.737497807
vt 0.545156837 0.737497807
vt 0.545156837 0.741095006
vt 0.372397184 0.976124406
vt 0.372397184 0.979721546
vt 0.685671389 0.500862002
vt 0.685671389 0.496680677
vt 0.393763959 0.796963334
vt 0.393763959 0.800560474
vt 0.644854546 0.744947374
vt 0.644854546 0.748544574
vt 0.649034858 0.748544574
vt 0.649034858 0.744947374
vt 0.577793002 0.808774769
vt 0.577616572 0.811075091
vt 0.610030830 0.811640024
vt 0.610306203 0.808053374
vt 0.613554120 0.926391542
vt 0.617737889 0.926391542
vt 0.617737889 0.894000292
vt 0.613554120 0.894000292
vt 0.614178956 0.810767889
vt 0.616478920 0.810587168
vt 0.617140174 0.778072596
vt 0.613554120 0.778354347
vt 0.537041903 0.834118128
vt 0.537041903 0.837715387
vt 0.541222155 0.837715387
vt 0.541222155 0.834118128
vt 0.254989892 0.208438456
vt 0.254989892 0.204841375
vt 0.218597904 0.901479781
vt 0.218597904 0.905661047
vt 0.228909224 0.476340532
vt 0.228909224 0.472743273
vt 0.937973082 0.950947583
vt 0.954761624 0.951348603
vt 0.951494157 0.943559289
vt 0.941234529 0.943198681
vt 0.228161380 0.839269102
vt 0.228312388 0.820034862
vt 0.219600305 0.823767424
vt 0.219543174 0.835419059
vt 0.818822742 0.910198629
vt 0.802258730 0.910609782
vt 0.805338025 0.918359458
vt 0.815192997 0.917984724
vt 0.455876738 0.085811377
vt 0.438907415 0.085968733
vt 0.442289352 0.092729747
vt 0.452601552 0.092668355
vt 0.748406351 0.141339004
vt 0.747794688 0.158998072
vt 0.928181887 0.951342106
vt 0.929627001 0.943805158
vt 0.227106646 0.848114669
vt 0.228161380 0.839269102
vt 0.219543174 0.835419059
vt 0.218568578 0.846107125
vt 0.227469996 0.811293483
vt 0.218810335 0.813117862
vt 0.791796803 0.910346568
vt 0.792902291 0.917870998
vt 0.950751126 0.975901425
vt 0.962236524 0.975901425
vt 0.960149050 0.968655586
vt 0.950751126 0.968655586
vt 0.490765125 0.085811377
vt 0.480565816 0.085811377
vt 0.479420036 0.093375921
vt 0.487765551 0.093375921
vt 0.467958629 0.085811377
vt 0.469104201 0.093375921
vt 0.457759112 0.085811377
vt 0.460758775 0.093375921
vt 0.076491594 0.383467555
vt 0.087977044 0.383467555
vt 0.087977044 0.376221716
vt 0.078579150 0.376221716
vt 0.099462673 0.383467555
vt 0.097375125 0.376221716
vt 0.619544983 0.015782356
vt 0.609345496 0.015782356
vt 0.608199835 0.023346841
vt 0.616545379 0.023346841
vt 0.596738279 0.015782356
vt 0.597884059 0.023346841
vt 0.586538911 0.015782356
vt 0.589538574 0.023346841
vt 0.939265490 0.975901425
vt 0.941353083 0.968655586
vt 0.806801498 0.286386549
vt 0.814223647 0.291779160
vt 0.823397994 0.291779160
vt 0.830820322 0.286386549
vt 0.833655238 0.277661383
vt 0.830820322 0.268936098
vt 0.823398113 0.263543487
vt 0.814223647 0.263543487
vt 0.806801498 0.268936098
vt 0.803966403 0.277661383
vt 0.760383666 0.134690285
vt 0.774908602 0.134989381
vt 0.759217680 0.165456057
vt 0.774495304 0.165208876
vt 0.779180348 0.165198922
vt 0.782604218 0.165148199
vt 0.024618877 0.429935515
vt 0.006714127 0.429180086
vt 0.024620369 0.405632496
vt 0.019317176 0.400057733
vt 0.007252086 0.399879456
vt 0.003593182 0.399949610
vt 0.779161036 0.134961784
vt 0.633492172 0.845310688
vt 0.628624737 0.845375776
vt 0.628751576 0.848442197
vt 0.633634567 0.848401785
vt 0.898395598 0.682597399
vt 0.898278356 0.677550197
vt 0.895680547 0.677149355
vt 0.895776391 0.682199240
vt 0.720515728 0.145180225
vt 0.720515728 0.149972022
vt 0.725518942 0.149972022
vt 0.725518942 0.143732548
vt 0.071716882 0.387953043
vt 0.069466777 0.387942791
vt 0.069466777 0.394350886
vt 0.071716882 0.394350886
vt 0.749775827 0.322771847
vt 0.781058729 0.324799061
vt 0.780370533 0.327837348
vt 0.785937786 0.327837348
vt 0.785937786 0.324799061
vt 0.570034623 0.916026533
vt 0.568766594 0.917940795
vt 0.573755920 0.917940795
vt 0.573755920 0.916026533
vt 0.567383766 0.921401024
vt 0.567183137 0.923962474
vt 0.573755920 0.923962474
vt 0.573755920 0.921401024
vt 0.647985220 0.871216059
vt 0.647985220 0.866361618
vt 0.644854546 0.866361618
vt 0.644854546 0.872153342
vt 0.946027815 0.410763860
vt 0.946027815 0.416956306
vt 0.948014915 0.416956306
vt 0.948014915 0.410468876
vt 0.754485786 0.327744782
vt 0.768350065 0.327843428
vt 0.775195241 0.327664137
vt 0.775195241 0.322771847
vt 0.222979218 0.944676876
vt 0.223212555 0.952323437
vt 0.950320482 0.410391808
vt 0.950320482 0.416956306
vt 0.956401706 0.416956306
vt 0.956401706 0.410349429
vt 0.078330055 0.394350886
vt 0.078330055 0.388183296
vt 0.068139620 0.388192177
vt 0.068139620 0.394350886
vt 0.719315350 0.146210492
vt 0.719315350 0.149972022
vt 0.080428936 0.394350886
vt 0.080428936 0.388367534
vt 0.081502944 0.394350886
vt 0.081502944 0.388575375
vt 0.735943019 0.322771847
vt 0.735527337 0.322771847
vt 0.735527337 0.328862190
vt 0.735943019 0.329549491
vt 0.029556453 0.092066944
vt 0.015624312 0.090553582
vt 0.007030068 0.092298806
vt 0.733971179 0.317408025
vt 0.734394848 0.325466275
vt 0.958853960 0.416956306
vt 0.958853960 0.410437822
vt 0.649669170 0.869704127
vt 0.649669170 0.866361618
vt 0.631159842 0.046002388
vt 0.647726476 0.045755804
vt 0.648283362 0.044119656
vt 0.630401790 0.044124842
vt 0.632973015 0.049377620
vt 0.646566749 0.048803329
vt 0.634505033 0.051868439
vt 0.644781590 0.051536620
vt 0.182169199 0.342469394
vt 0.181789979 0.341678381
vt 0.164871812 0.341193259
vt 0.164217204 0.342286170
vt 0.180882290 0.338590682
vt 0.168184489 0.336756587
vt 0.180041566 0.337467313
vt 0.169700548 0.335554004
vt 0.171961039 0.335196733
vt 0.178179190 0.336461425
vt 0.636853158 0.052409589
vt 0.642617404 0.052192926
vt 0.789606392 0.322771847
vt 0.169664472 0.259998262
vt 0.171971470 0.259998262
vt 0.171971470 0.255818009
vt 0.169664472 0.255818009
vt 0.644854546 0.837897241
vt 0.647408962 0.837897241
vt 0.647408962 0.829080820
vt 0.644854546 0.829080820
vt 0.714887798 0.491033435
vt 0.714887798 0.488479078
vt 0.083385348 0.387942791
vt 0.083385348 0.396759510
vt 0.992182910 0.404525042
vt 0.992182910 0.401970625
vt 0.020309368 0.199566722
vt 0.020309368 0.201379478
vt 0.044346791 0.201379478
vt 0.044346791 0.199566722
vt 0.254989892 0.201379538
vt 0.254989892 0.199566722
vt 0.014494784 0.335196733
vt 0.014494784 0.359234750
vt 0.184775606 0.201379478
vt 0.184775606 0.199566722
vt 0.153040960 0.359234750
vt 0.153040960 0.335196733
vt 0.204015449 0.267312050
vt 0.204015449 0.265499294
vt 0.179977596 0.265499294
vt 0.179977596 0.267312050
vt 0.437100857 0.760585368
vt 0.437100857 0.758772492
vt 0.564744294 0.048245668
vt 0.564744294 0.024207652
vt 0.114561282 0.201379418
vt 0.114561282 0.199566722
vt 0.492514223 0.476824105
vt 0.492514223 0.500862002
vt 0.625712395 0.478945673
vt 0.624108672 0.480254292
vt 0.626180708 0.480253160
vt 0.527870715 0.391447961
vt 0.527178109 0.393400371
vt 0.528575420 0.393398404
vt 0.855702102 0.951348603
vt 0.854279637 0.946497440
vt 0.849139750 0.946596026
vt 0.784337997 0.591086507
vt 0.782389581 0.591856003
vt 0.784336686 0.592490613
vt 0.157618955 0.255818009
vt 0.156853005 0.257766187
vt 0.158250287 0.257762551
vt 0.979968965 0.640821934
vt 0.982348561 0.645377159
vt 0.987206340 0.644499660
vt 0.923676491 0.291353285
vt 0.923676491 0.286388218
vt 0.918487430 0.286864340
vt 0.918122947 0.291745484
vt 0.767483175 0.919577956
vt 0.767606616 0.920925319
vt 0.768635452 0.920860589
vt 0.768517673 0.919507980
vt 0.997803569 0.324636698
vt 0.992872834 0.325618565
vt 0.992324829 0.329549491
vt 0.997999966 0.329415679
vt 0.716704547 0.076026917
vt 0.716485322 0.071861148
vt 0.711298347 0.071337521
vt 0.709830940 0.076187372
vt 0.760078371 0.902908444
vt 0.761446536 0.902799964
vt 0.761416912 0.901783347
vt 0.760043561 0.901885450
vt 0.654148817 0.486191809
vt 0.646705747 0.486789405
vt 0.646741033 0.490176678
vt 0.653933883 0.490423799
vt 0.958018303 0.425650060
vt 0.958042085 0.423748672
vt 0.933602333 0.424133658
vt 0.933551013 0.427190185
vt 0.911811948 0.423995793
vt 0.911743343 0.427409232
vt 0.890030265 0.423490465
vt 0.889958978 0.426547706
vt 0.863300502 0.422603488
vt 0.863250077 0.424501240
vt 0.882446647 0.937345445
vt 0.882414758 0.935273051
vt 0.858971357 0.932895601
vt 0.859051883 0.935932219
vt 0.838099539 0.932160020
vt 0.838211119 0.935653567
vt 0.817292333 0.932834625
vt 0.817392409 0.935872436
vt 0.791796803 0.935034037
vt 0.791854560 0.937103271
vt 0.523356676 0.834956110
vt 0.524609566 0.834936321
vt 0.526146889 0.809776068
vt 0.524529397 0.809805036
vt 0.526330471 0.787352860
vt 0.524711967 0.787380993
vt 0.523784757 0.764984667
vt 0.525403380 0.764956057
vt 0.522002935 0.737517595
vt 0.523248255 0.737497807
vt 0.839393437 0.287635267
vt 0.839302480 0.288520873
vt 0.845319390 0.289104760
vt 0.845412791 0.288175344
vt 0.851389349 0.291779160
vt 0.851487756 0.290787458
vt 0.918520451 0.290545166
vt 0.930938482 0.188176036
vt 0.930957258 0.192073524
vt 0.993958831 0.191598654
vt 0.925465167 0.193919539
vt 0.839576781 0.286756933
vt 0.839393437 0.287635267
vt 0.845412791 0.288175344
vt 0.845678747 0.287266195
vt 0.851487756 0.290787458
vt 0.851776421 0.289873600
vt 0.918122947 0.291745484
vt 0.914312661 0.287139535
vt 0.851776421 0.289873600
vt 0.992324829 0.329549491
vt 0.992872834 0.325618565
vt 0.928211391 0.327085435
vt 0.679576874 0.231833518
vt 0.679359674 0.230550408
vt 0.611019552 0.229307532
vt 0.685841560 0.229855180
vt 0.685640037 0.228577077
vt 0.691913724 0.230560958
vt 0.691796243 0.229344487
vt 0.991216600 0.681364715
vt 0.990873575 0.679473579
vt 0.970385909 0.680332661
vt 0.970698953 0.682999909
vt 0.960115373 0.680472791
vt 0.949844718 0.680612803
vt 0.950208545 0.683147550
vt 0.939366281 0.680048108
vt 0.928887665 0.679483414
vt 0.929247618 0.682261944
vt 0.904042959 0.678104222
vt 0.904359460 0.679999471
vt 0.926158309 0.154630005
vt 0.926184475 0.152574539
vt 0.905153692 0.150815487
vt 0.905129313 0.153075099
vt 0.884374976 0.150180519
vt 0.894743085 0.152860701
vt 0.884366035 0.151413381
vt 0.884357154 0.152646244
vt 0.873996139 0.153281808
vt 0.863635063 0.153917432
vt 0.863646150 0.151438594
vt 0.839269936 0.154092133
vt 0.839268982 0.156149149
vt 0.816084027 0.642217398
vt 0.816347301 0.643472791
vt 0.838260591 0.645219326
vt 0.837907493 0.643589020
vt 0.860144615 0.645377159
vt 0.859792411 0.643745899
vt 0.882178485 0.642799854
vt 0.882531166 0.644431353
vt 0.908847094 0.640751123
vt 0.909112215 0.642014742
vt 0.630500615 0.072324753
vt 0.630401790 0.073197544
vt 0.636393607 0.073437035
vt 0.636495590 0.072521031
vt 0.642773628 0.075799942
vt 0.642881215 0.074823022
vt 0.709375799 0.075452387
vt 0.609005511 0.258906007
vt 0.608430028 0.263015509
vt 0.670067489 0.261620343
vt 0.602040231 0.263106763
vt 0.630536020 0.071419597
vt 0.630500615 0.072324753
vt 0.636495590 0.072521031
vt 0.636605680 0.071579576
vt 0.642881215 0.074823022
vt 0.643014133 0.073875308
vt 0.706689060 0.071268439
vt 0.579054952 0.486561239
vt 0.579187155 0.487504959
vt 0.572579145 0.488973320
vt 0.572692573 0.489939928
vt 0.566493452 0.489227891
vt 0.566526592 0.490154743
vt 0.267136157 0.759655237
vt 0.274321884 0.759582639
vt 0.274127483 0.758772492
vt 0.266939014 0.758814931
vt 0.943874598 0.462190688
vt 0.943883717 0.454878092
vt 0.942919374 0.454562306
vt 0.942814827 0.461844742
vt 0.855702102 0.951348603
vt 0.920652330 0.947496057
vt 0.920360684 0.946787119
vt 0.920360684 0.946787119
vt 0.858679533 0.948166370
vt 0.572692573 0.489939928
vt 0.566526592 0.490154743
vt 0.566633224 0.491033435
vt 0.572798133 0.490859628
vt 0.579187155 0.487504959
vt 0.579302788 0.488515735
vt 0.914759457 0.642453671
vt 0.915155411 0.643193603
vt 0.977804482 0.644418895
vt 0.609441698 0.255623102
vt 0.684631586 0.255623102
vt 0.684631586 0.252312779
vt 0.609441698 0.252312779
vt 0.883037746 0.391291142
vt 0.806756437 0.392013192
vt 0.805907428 0.395644188
vt 0.882188618 0.394922018
vt 0.915585220 0.277111650
vt 0.839302480 0.276530743
vt 0.840158284 0.280160308
vt 0.916441083 0.280741096
vt 0.684631586 0.245071292
vt 0.609441876 0.245071292
vt 0.684631586 0.248381555
vt 0.609441876 0.248381555
vt 0.892366707 0.631474376
vt 0.816084027 0.630893648
vt 0.893222749 0.635103941
vt 0.816939950 0.634522915
vt 0.940380573 0.412603259
vt 0.864099324 0.413325310
vt 0.939531386 0.416234374
vt 0.863250077 0.416956306
vt 0.848146796 0.465179563
vt 0.871006668 0.465179563
vt 0.871006668 0.433056474
vt 0.848146796 0.433056474
vt 0.890386224 0.465179563
vt 0.890386224 0.433056474
vt 0.781940401 0.683147550
vt 0.801319897 0.683147550
vt 0.801319897 0.651024401
vt 0.781940401 0.651024401
vt 0.824179709 0.683147550
vt 0.824179709 0.651024401
vt 0.847039521 0.683147550
vt 0.847039521 0.651024401
vt 0.866419077 0.683147550
vt 0.866419077 0.651024401
vt 0.580891550 0.053892910
vt 0.561511934 0.053892910
vt 0.561511934 0.086015940
vt 0.580891430 0.086015940
vt 0.538652062 0.053892910
vt 0.538652062 0.086015940
vt 0.515792191 0.053892910
vt 0.515792191 0.086015940
vt 0.496412605 0.053892910
vt 0.496412605 0.086015940
vt 0.866419375 0.688794732
vt 0.847039819 0.688794732
vt 0.847039819 0.720917940
vt 0.866419375 0.720917940
vt 0.824179947 0.688794732
vt 0.824179947 0.720917940
vt 0.801320076 0.688794732
vt 0.801320076 0.720917940
vt 0.781940401 0.688794732
vt 0.781940401 0.720917940
vt 0.805907428 0.465179563
vt 0.825287104 0.465179563
vt 0.825287104 0.433056474
vt 0.805907428 0.433056474
vt 0.780481756 0.277195930
vt 0.783345044 0.278395295
vt 0.786449730 0.278407574
vt 0.789322555 0.277230918
vt 0.791526377 0.275044680
vt 0.792725980 0.272180974
vt 0.792738318 0.269076705
vt 0.791561663 0.266203701
vt 0.789375067 0.263999701
vt 0.786511540 0.262800217
vt 0.783407211 0.262787998
vt 0.780534387 0.263964474
vt 0.778330207 0.266151011
vt 0.777130842 0.269014597
vt 0.777118444 0.272118926
vt 0.778295040 0.274991930
vt 0.745758891 0.921702325
vt 0.750775754 0.917095840
vt 0.753506124 0.911062956
vt 0.753534257 0.904522359
vt 0.750855744 0.898469627
vt 0.745878577 0.893826365
vt 0.739360392 0.891299367
vt 0.732293367 0.891273320
vt 0.725753605 0.893752277
vt 0.720736682 0.898358762
vt 0.718006194 0.904391587
vt 0.717978001 0.910932243
vt 0.720656574 0.916984916
vt 0.725633740 0.921628237
vt 0.732152045 0.924155295
vt 0.739219010 0.924181342
vt 0.605171382 0.967470825
vt 0.604246140 0.962721109
vt 0.583467305 0.962638438
vt 0.582504213 0.967380702
vt 0.564301729 0.954610348
vt 0.561597168 0.958623111
vt 0.549667180 0.939858913
vt 0.545632958 0.942531288
vt 0.541791677 0.920629978
vt 0.537041962 0.921555042
vt 0.541874290 0.899850965
vt 0.537132084 0.898887992
vt 0.549902380 0.880685210
vt 0.545889616 0.877980888
vt 0.564653695 0.866050720
vt 0.561981320 0.862016559
vt 0.583882809 0.858175278
vt 0.582957625 0.853425622
vt 0.604661703 0.858257890
vt 0.605624795 0.853515744
vt 0.623827398 0.866286039
vt 0.626531959 0.862273335
vt 0.638461947 0.881037474
vt 0.642496049 0.878365159
vt 0.646337390 0.900266409
vt 0.651087046 0.899341226
vt 0.646254659 0.921045423
vt 0.650997043 0.922008455
vt 0.638226628 0.940211117
vt 0.642239511 0.942915559
vt 0.623475194 0.954845667
vt 0.626147807 0.958879769
vt 0.600788176 0.944967508
vt 0.587066531 0.944913030
vt 0.613486409 0.939766884
vt 0.623227775 0.930102706
vt 0.628529191 0.917446256
vt 0.628583908 0.903724492
vt 0.623383224 0.891026258
vt 0.613719046 0.881284952
vt 0.601062477 0.875983357
vt 0.587340951 0.875928760
vt 0.574642599 0.881129563
vt 0.564901412 0.890793741
vt 0.559599757 0.903450012
vt 0.559545040 0.917172015
vt 0.564745843 0.929870188
vt 0.574409902 0.939611495
vt 0.625099182 0.199566722
vt 0.611110330 0.199566722
vt 0.611110330 0.216803849
vt 0.623686016 0.216803849
vt 0.597121537 0.199566722
vt 0.598534703 0.216803849
vt 0.585262477 0.199566722
vt 0.587873459 0.216803849
vt 0.530986965 0.397267997
vt 0.542846024 0.397267997
vt 0.544259071 0.380030930
vt 0.533597946 0.380030930
vt 0.556834698 0.397267997
vt 0.556834698 0.380030930
vt 0.570823550 0.397267997
vt 0.569410443 0.380030930
vt 0.582682550 0.397267997
vt 0.580071628 0.380030930
vt 0.805907428 0.427409232
vt 0.817766488 0.427409232
vt 0.819179535 0.410172343
vt 0.808518410 0.410172343
vt 0.831755102 0.427409232
vt 0.831755102 0.410172343
vt 0.845743895 0.427409232
vt 0.844330788 0.410172343
vt 0.857602894 0.427409232
vt 0.854991913 0.410172343
vt 0.881922841 0.998000026
vt 0.893781781 0.998000026
vt 0.895194829 0.980762959
vt 0.884533644 0.980762959
vt 0.907770634 0.998000026
vt 0.907770634 0.980762959
vt 0.921759188 0.998000026
vt 0.920346200 0.980762959
vt 0.933618307 0.998000026
vt 0.931007385 0.980762959
vt 0.636958241 0.199566722
vt 0.634347200 0.216803849
vt 0.757841885 0.931763411
vt 0.744666696 0.931710958
vt 0.746722162 0.942263484
vt 0.755702674 0.942299187
vt 0.732474267 0.936704457
vt 0.738411486 0.945667207
vt 0.723120809 0.945983768
vt 0.732035816 0.951992095
vt 0.718030512 0.958136082
vt 0.728566289 0.960275412
vt 0.717978001 0.971311450
vt 0.728530526 0.969255984
vt 0.722971797 0.983503878
vt 0.731934130 0.977566719
vt 0.732250929 0.992857218
vt 0.738259256 0.983942091
vt 0.744403243 0.997947574
vt 0.746542454 0.987411797
vt 0.757578492 0.998000026
vt 0.755523205 0.987447500
vt 0.769770980 0.993006468
vt 0.763833761 0.984043837
vt 0.779124200 0.983727217
vt 0.770209193 0.977718890
vt 0.784214675 0.971574783
vt 0.773678839 0.969435513
vt 0.784267068 0.958399534
vt 0.773714721 0.960455000
vt 0.779273391 0.946207166
vt 0.770310879 0.952144325
vt 0.769994378 0.936853707
vt 0.763985872 0.945768952
vt 0.755702674 0.942299187
vt 0.746722162 0.942263484
vt 0.749325454 0.955629945
vt 0.752992809 0.955644488
vt 0.738411486 0.945667207
vt 0.745931864 0.957019806
vt 0.732035816 0.951992095
vt 0.743328333 0.959602654
vt 0.728566289 0.960275412
vt 0.741911650 0.962985098
vt 0.728530526 0.969255984
vt 0.741897106 0.966652453
vt 0.731934130 0.977566719
vt 0.743286967 0.970046043
vt 0.738259256 0.983942091
vt 0.745869756 0.972649634
vt 0.746542454 0.987411797
vt 0.749252260 0.974066436
vt 0.755523205 0.987447500
vt 0.752919555 0.974081039
vt 0.763833761 0.984043837
vt 0.756313145 0.972691119
vt 0.770209193 0.977718890
vt 0.758916795 0.970108211
vt 0.773678839 0.969435513
vt 0.760333717 0.966725826
vt 0.773714721 0.960455000
vt 0.760348082 0.963058531
vt 0.770310879 0.952144325
vt 0.758958280 0.959664822
vt 0.763985872 0.945768952
vt 0.756375194 0.957061410
vt 0.856915474 0.267946720
vt 0.856915474 0.264482796
vt 0.839302480 0.264482796
vt 0.839302480 0.267682672
vt 0.856915474 0.261018872
vt 0.839302480 0.261282921
vt 0.856915474 0.258081973
vt 0.839302480 0.258570254
vt 0.275146812 0.794840932
vt 0.275146812 0.791904211
vt 0.257533550 0.791639984
vt 0.257533550 0.794352710
vt 0.275146812 0.788440108
vt 0.257533550 0.788440108
vt 0.275146812 0.784976184
vt 0.257533550 0.785240293
vt 0.275146812 0.782039285
vt 0.257533550 0.782527447
vt 0.965765536 0.452378094
vt 0.965765536 0.455314815
vt 0.983378768 0.455578983
vt 0.983378768 0.452866256
vt 0.965765536 0.458778679
vt 0.983378768 0.458778679
vt 0.965765536 0.462242901
vt 0.983378768 0.461978734
vt 0.965765536 0.465179563
vt 0.983378768 0.464691520
vt 0.823520601 0.385643899
vt 0.823520601 0.382707179
vt 0.805907428 0.382443011
vt 0.805907428 0.385155678
vt 0.823520601 0.379243135
vt 0.805907428 0.379243135
vt 0.823520601 0.375779092
vt 0.805907428 0.376043260
vt 0.823520601 0.372842371
vt 0.805907428 0.373330534
vt 0.856915474 0.270883501
vt 0.839302480 0.270395398
vt 0.838556170 0.161796331
vt 0.838556170 0.193919539
vt 0.861415982 0.193919539
vt 0.861415982 0.161796331
vt 0.880795538 0.193919539
vt 0.880795658 0.161796331
vt 0.803966403 0.297426403
vt 0.803966403 0.329549491
vt 0.823346078 0.329549491
vt 0.823346078 0.297426403
vt 0.846205771 0.329549491
vt 0.846205771 0.297426403
vt 0.869065642 0.329549491
vt 0.869065642 0.297426403
vt 0.888445258 0.329549491
vt 0.888445258 0.297426403
vt 0.876275599 0.998000026
vt 0.876275599 0.965876877
vt 0.856895864 0.965876877
vt 0.856895864 0.998000026
vt 0.834036231 0.965876877
vt 0.834036231 0.998000026
vt 0.811176419 0.965876877
vt 0.811176419 0.998000026
vt 0.791796803 0.965876877
vt 0.791796803 0.998000026
vt 0.956545651 0.720917940
vt 0.956545651 0.688795030
vt 0.937166035 0.688795030
vt 0.937166035 0.720917940
vt 0.914306223 0.688795030
vt 0.914306164 0.720917940
vt 0.891446292 0.688795030
vt 0.891446233 0.720917940
vt 0.872066557 0.688795030
vt 0.872066557 0.720917940
vt 0.796316922 0.161796331
vt 0.796316922 0.193919539
vt 0.815696478 0.193919539
vt 0.815696478 0.161796331
vt 0.257710993 0.744095802
vt 0.258887619 0.746968687
vt 0.261074036 0.749172747
vt 0.263937533 0.750372171
vt 0.267042011 0.750384510
vt 0.269914925 0.749207973
vt 0.272119015 0.747021317
vt 0.273318350 0.744157910
vt 0.273330748 0.741053402
vt 0.272154123 0.738180518
vt 0.269967645 0.735976577
vt 0.267104179 0.734777093
vt 0.263999611 0.734764636
vt 0.261126727 0.735941410
vt 0.258922786 0.738127887
vt 0.257723391 0.740991354
vt 0.605170190 0.900999665
vt 0.600998878 0.896483481
vt 0.595536232 0.894025564
vt 0.589613616 0.894000292
vt 0.584132850 0.896411419
vt 0.579928398 0.900891840
vt 0.577640057 0.906759441
vt 0.577616572 0.913120925
vt 0.579861343 0.919007897
vt 0.584032536 0.923524082
vt 0.589495182 0.925981998
vt 0.595417798 0.926007211
vt 0.600898564 0.923596203
vt 0.605103195 0.919115722
vt 0.607391357 0.913248181
vt 0.607414901 0.906886637
vt 0.582957506 0.737497807
vt 0.561981380 0.746088862
vt 0.564653814 0.750123024
vt 0.583882689 0.742247581
vt 0.545889735 0.762053192
vt 0.549902380 0.764757574
vt 0.537131906 0.782960415
vt 0.541874290 0.783923268
vt 0.537041903 0.805627465
vt 0.541791618 0.804702342
vt 0.545632839 0.826603651
vt 0.549667060 0.823931217
vt 0.561597228 0.842695355
vt 0.564301670 0.838682830
vt 0.582504213 0.851453066
vt 0.583467126 0.846710861
vt 0.605171442 0.851543248
vt 0.604246378 0.846793532
vt 0.626147687 0.842952251
vt 0.623475194 0.838918149
vt 0.642239511 0.826987803
vt 0.638226748 0.824283600
vt 0.650997043 0.806080639
vt 0.646254659 0.805117726
vt 0.651087046 0.783413708
vt 0.646337390 0.784338772
vt 0.642496169 0.762437463
vt 0.638462007 0.765109897
vt 0.626531839 0.746345639
vt 0.623827398 0.750358403
vt 0.605624676 0.737587988
vt 0.604661763 0.742330194
vt 0.574642599 0.765201807
vt 0.587340951 0.760001242
vt 0.601062536 0.760055780
vt 0.613719046 0.765357256
vt 0.623383224 0.775098622
vt 0.628583908 0.787796855
vt 0.628529310 0.801518738
vt 0.623227775 0.814175129
vt 0.613486528 0.823839307
vt 0.600788176 0.829039991
vt 0.587066472 0.828985453
vt 0.574409902 0.823683918
vt 0.564745724 0.813942432
vt 0.559544981 0.801244318
vt 0.559599698 0.787522554
vt 0.564901233 0.774866045
vt 0.186024934 0.244400859
vt 0.187437966 0.261637986
vt 0.200013667 0.261637986
vt 0.200013667 0.244400859
vt 0.212589338 0.261637986
vt 0.214002445 0.244400859
vt 0.223250598 0.261637986
vt 0.225861594 0.244400859
vt 0.597246766 0.372213542
vt 0.594635606 0.354976475
vt 0.583974361 0.354976475
vt 0.585387528 0.372213542
vt 0.571398735 0.354976475
vt 0.571398735 0.372213542
vt 0.558822930 0.354976475
vt 0.557409823 0.372213542
vt 0.548161745 0.354976475
vt 0.545550644 0.372213542
vt 0.101345077 0.364207029
vt 0.103956096 0.381444097
vt 0.114617340 0.381444097
vt 0.113204256 0.364207029
vt 0.127193034 0.381444097
vt 0.127193034 0.364207029
vt 0.139768764 0.381444097
vt 0.141181737 0.364207029
vt 0.150429890 0.381444097
vt 0.153040960 0.364207029
vt 0.791796803 0.942992628
vt 0.794407725 0.960229695
vt 0.805069029 0.960229695
vt 0.803655922 0.942992628
vt 0.817644596 0.960229695
vt 0.817644596 0.942992628
vt 0.830220282 0.960229695
vt 0.831633389 0.942992628
vt 0.840881348 0.960229695
vt 0.843492508 0.942992628
vt 0.174165800 0.244400859
vt 0.176776797 0.261637986
vt 0.785763860 0.460186005
vt 0.779826820 0.451223433
vt 0.771516144 0.454627097
vt 0.773571551 0.465179563
vt 0.762535512 0.454591334
vt 0.760396361 0.465127110
vt 0.754252374 0.451121688
vt 0.748243809 0.460036814
vt 0.747927427 0.444746196
vt 0.738964796 0.450683415
vt 0.744523585 0.436435521
vt 0.733971059 0.438491106
vt 0.744559407 0.427455008
vt 0.734023511 0.425315678
vt 0.748029053 0.419171691
vt 0.739113688 0.413163424
vt 0.754404485 0.412846804
vt 0.748467267 0.403884053
vt 0.762715101 0.409442961
vt 0.760659814 0.398890615
vt 0.771695733 0.409478724
vt 0.773835123 0.398943067
vt 0.779978931 0.412948549
vt 0.785987377 0.404033363
vt 0.786304057 0.419323921
vt 0.795266449 0.413386822
vt 0.789707720 0.427634537
vt 0.800260186 0.425579131
vt 0.789671838 0.436615109
vt 0.800207794 0.438754439
vt 0.786202431 0.444898427
vt 0.795117319 0.450906754
vt 0.779826820 0.451223433
vt 0.772306442 0.439870656
vt 0.768912554 0.441260576
vt 0.771516144 0.454627097
vt 0.765245378 0.441246092
vt 0.762535512 0.454591334
vt 0.761862934 0.439829230
vt 0.754252374 0.451121688
vt 0.759279907 0.437225699
vt 0.747927427 0.444746196
vt 0.757890105 0.433832049
vt 0.744523585 0.436435521
vt 0.757904530 0.430164754
vt 0.744559407 0.427455008
vt 0.759321570 0.426782310
vt 0.748029053 0.419171691
vt 0.761924922 0.424199462
vt 0.754404485 0.412846804
vt 0.765318871 0.422809541
vt 0.762715101 0.409442961
vt 0.768985927 0.422824085
vt 0.771695733 0.409478724
vt 0.772368491 0.424241066
vt 0.779978931 0.412948549
vt 0.774951458 0.426844478
vt 0.786304057 0.419323921
vt 0.776341259 0.430238068
vt 0.789707720 0.427634537
vt 0.776326835 0.433905363
vt 0.789671838 0.436615109
vt 0.774909735 0.437287867
vt 0.786202431 0.444898427
vt 0.774482846 0.353386998
vt 0.792096078 0.353122950
vt 0.792096078 0.349922955
vt 0.774482846 0.349922955
vt 0.792096078 0.346723199
vt 0.774482846 0.346459031
vt 0.792096078 0.344010472
vt 0.774482846 0.343522191
vt 0.928211391 0.318989515
vt 0.945824564 0.318501353
vt 0.945824564 0.315788686
vt 0.928211391 0.316052794
vt 0.945824564 0.312588692
vt 0.928211391 0.312588692
vt 0.945824564 0.309388876
vt 0.928211391 0.309124768
vt 0.945824564 0.306676149
vt 0.928211391 0.306188047
vt 0.833697140 0.612445235
vt 0.816084027 0.612933159
vt 0.816084027 0.615645885
vt 0.833697140 0.615381837
vt 0.816084027 0.618845940
vt 0.833697140 0.618845940
vt 0.816084027 0.622045696
vt 0.833697140 0.622309804
vt 0.816084027 0.624758244
vt 0.833697140 0.625246406
vt 0.733971179 0.214590907
vt 0.751584351 0.214102805
vt 0.751584351 0.211390078
vt 0.733971179 0.211654007
vt 0.751584351 0.208190084
vt 0.733971179 0.208190084
vt 0.751584351 0.204990208
vt 0.733971179 0.204726219
vt 0.751584351 0.202277541
vt 0.733971179 0.201789320
vt 0.774482846 0.356323779
vt 0.792096078 0.355835736
vt 0.871006668 0.465179563
vt 0.848146796 0.465179563
vt 0.871006668 0.433056474
vt 0.848146796 0.433056474
vt 0.890386224 0.465179563
vt 0.890386224 0.433056474
vt 0.801319897 0.683147550
vt 0.781940401 0.683147550
vt 0.801319897 0.651024401
vt 0.781940401 0.651024401
vt 0.824179709 0.683147550
vt 0.824179709 0.651024401
vt 0.847039521 0.683147550
vt 0.847039521 0.651024401
vt 0.866419077 0.683147550
vt 0.866419077 0.651024401
vt 0.561511934 0.053892910
vt 0.580891550 0.053892910
vt 0.561511934 0.086015940
vt 0.580891430 0.086015940
vt 0.538652062 0.053892910
vt 0.538652062 0.086015940
vt 0.515792191 0.053892910
vt 0.515792191 0.086015940
vt 0.496412605 0.053892910
vt 0.496412605 0.086015940
vt 0.847039819 0.688794732
vt 0.866419375 0.688794732
vt 0.847039819 0.720917940
vt 0.866419375 0.720917940
vt 0.824179947 0.688794732
vt 0.824179947 0.720917940
vt 0.801320076 0.688794732
vt 0.801320076 0.720917940
vt 0.781940401 0.688794732
vt 0.781940401 0.720917940
vt 0.825287104 0.465179563
vt 0.805907428 0.465179563
vt 0.825287104 0.433056474
vt 0.805907428 0.433056474
vt 0.783345044 0.278395295
vt 0.780481756 0.277195930
vt 0.786449730 0.278407574
vt 0.789322555 0.277230918
vt 0.791526377 0.275044680
vt 0.792725980 0.272180974
vt 0.792738318 0.269076705
vt 0.791561663 0.266203701
vt 0.789375067 0.263999701
vt 0.786511540 0.262800217
vt 0.783407211 0.262787998
vt 0.780534387 0.263964474
vt 0.778330207 0.266151011
vt 0.777130842 0.269014597
vt 0.777118444 0.272118926
vt 0.778295040 0.274991930
vt 0.750775754 0.917095840
vt 0.745758891 0.921702325
vt 0.753506124 0.911062956
vt 0.753534257 0.904522359
vt 0.750855744 0.898469627
vt 0.745878577 0.893826365
vt 0.739360392 0.891299367
vt 0.732293367 0.891273320
vt 0.725753605 0.893752277
vt 0.720736682 0.898358762
vt 0.718006194 0.904391587
vt 0.717978001 0.910932243
vt 0.720656574 0.916984916
vt 0.725633740 0.921628237
vt 0.732152045 0.924155295
vt 0.739219010 0.924181342
vt 0.604246140 0.962721109
vt 0.605171382 0.967470825
vt 0.583467305 0.962638438
vt 0.582504213 0.967380702
vt 0.564301729 0.954610348
vt 0.561597168 0.958623111
vt 0.549667180 0.939858913
vt 0.545632958 0.942531288
vt 0.541791677 0.920629978
vt 0.537041962 0.921555042
vt 0.541874290 0.899850965
vt 0.537132084 0.898887992
vt 0.549902380 0.880685210
vt 0.545889616 0.877980888
vt 0.564653695 0.866050720
vt 0.561981320 0.862016559
vt 0.583882809 0.858175278
vt 0.582957625 0.853425622
vt 0.604661703 0.858257890
vt 0.605624795 0.853515744
vt 0.623827398 0.866286039
vt 0.626531959 0.862273335
vt 0.638461947 0.881037474
vt 0.642496049 0.878365159
vt 0.646337390 0.900266409
vt 0.651087046 0.899341226
vt 0.646254659 0.921045423
vt 0.650997043 0.922008455
vt 0.638226628 0.940211117
vt 0.642239511 0.942915559
vt 0.623475194 0.954845667
vt 0.626147807 0.958879769
vt 0.600788176 0.944967508
vt 0.587066531 0.944913030
vt 0.613486409 0.939766884
vt 0.623227775 0.930102706
vt 0.628529191 0.917446256
vt 0.628583908 0.903724492
vt 0.623383224 0.891026258
vt 0.613719046 0.881284952
vt 0.601062477 0.875983357
vt 0.587340951 0.875928760
vt 0.574642599 0.881129563
vt 0.564901412 0.890793741
vt 0.559599757 0.903450012
vt 0.559545040 0.917172015
vt 0.564745843 0.929870188
vt 0.574409902 0.939611495
vt 0.611110330 0.199566722
vt 0.625099182 0.199566722
vt 0.611110330 0.216803849
vt 0.623686016 0.216803849
vt 0.597121537 0.199566722
vt 0.598534703 0.216803849
vt 0.585262477 0.199566722
vt 0.587873459 0.216803849
vt 0.542846024 0.397267997
vt 0.530986965 0.397267997
vt 0.544259071 0.380030930
vt 0.533597946 0.380030930
vt 0.556834698 0.397267997
vt 0.556834698 0.380030930
vt 0.570823550 0.397267997
vt 0.569410443 0.380030930
vt 0.582682550 0.397267997
vt 0.580071628 0.380030930
vt 0.817766488 0.427409232
vt 0.805907428 0.427409232
vt 0.819179535 0.410172343
vt 0.808518410 0.410172343
vt 0.831755102 0.427409232
vt 0.831755102 0.410172343
vt 0.845743895 0.427409232
vt 0.844330788 0.410172343
vt 0.857602894 0.427409232
vt 0.854991913 0.410172343
vt 0.893781781 0.998000026
vt 0.881922841 0.998000026
vt 0.895194829 0.980762959
vt 0.884533644 0.980762959
vt 0.907770634 0.998000026
vt 0.907770634 0.980762959
vt 0.921759188 0.998000026
vt 0.920346200 0.980762959
vt 0.933618307 0.998000026
vt 0.931007385 0.980762959
vt 0.636958241 0.199566722
vt 0.634347200 0.216803849
vt 0.744666696 0.931710958
vt 0.757841885 0.931763411
vt 0.746722162 0.942263484
vt 0.755702674 0.942299187
vt 0.732474267 0.936704457
vt 0.738411486 0.945667207
vt 0.723120809 0.945983768
vt 0.732035816 0.951992095
vt 0.718030512 0.958136082
vt 0.728566289 0.960275412
vt 0.717978001 0.971311450
vt 0.728530526 0.969255984
vt 0.722971797 0.983503878
vt 0.731934130 0.977566719
vt 0.732250929 0.992857218
vt 0.738259256 0.983942091
vt 0.744403243 0.997947574
vt 0.746542454 0.987411797
vt 0.757578492 0.998000026
vt 0.755523205 0.987447500
vt 0.769770980 0.993006468
vt 0.763833761 0.984043837
vt 0.779124200 0.983727217
vt 0.770209193 0.977718890
vt 0.784214675 0.971574783
vt 0.773678839 0.969435513
vt 0.784267068 0.958399534
vt 0.773714721 0.960455000
vt 0.779273391 0.946207166
vt 0.770310879 0.952144325
vt 0.769994378 0.936853707
vt 0.763985872 0.945768952
vt 0.746722162 0.942263484
vt 0.755702674 0.942299187
vt 0.749325454 0.955629945
vt 0.752992809 0.955644488
vt 0.738411486 0.945667207
vt 0.745931864 0.957019806
vt 0.732035816 0.951992095
vt 0.743328333 0.959602654
vt 0.728566289 0.960275412
vt 0.741911650 0.962985098
vt 0.728530526 0.969255984
vt 0.741897106 0.966652453
vt 0.731934130 0.977566719
vt 0.743286967 0.970046043
vt 0.738259256 0.983942091
vt 0.745869756 0.972649634
vt 0.746542454 0.987411797
vt 0.749252260 0.974066436
vt 0.755523205 0.987447500
vt 0.752919555 0.974081039
vt 0.763833761 0.984043837
vt 0.756313145 0.972691119
vt 0.770209193 0.977718890
vt 0.758916795 0.970108211
vt 0.773678839 0.969435513
vt 0.760333717 0.966725826
vt 0.773714721 0.960455000
vt 0.760348082 0.963058531
vt 0.770310879 0.952144325
vt 0.758958280 0.959664822
vt 0.763985872 0.945768952
vt 0.756375194 0.957061410
vt 0.856915474 0.264482796
vt 0.856915474 0.267946720
vt 0.839302480 0.264482796
vt 0.839302480 0.267682672
vt 0.856915474 0.261018872
vt 0.839302480 0.261282921
vt 0.856915474 0.258081973
vt 0.839302480 0.258570254
vt 0.275146812 0.791904211
vt 0.275146812 0.794840932
vt 0.257533550 0.791639984
vt 0.257533550 0.794352710
vt 0.275146812 0.788440108
vt 0.257533550 0.788440108
vt 0.275146812 0.784976184
vt 0.257533550 0.785240293
vt 0.275146812 0.782039285
vt 0.257533550 0.782527447
vt 0.965765536 0.455314815
vt 0.965765536 0.452378094
vt 0.983378768 0.455578983
vt 0.983378768 0.452866256
vt 0.965765536 0.458778679
vt 0.983378768 0.458778679
vt 0.965765536 0.462242901
vt 0.983378768 0.461978734
vt 0.965765536 0.465179563
vt 0.983378768 0.464691520
vt 0.823520601 0.382707179
vt 0.823520601 0.385643899
vt 0.805907428 0.382443011
vt 0.805907428 0.385155678
vt 0.823520601 0.379243135
vt 0.805907428 0.379243135
vt 0.823520601 0.375779092
vt 0.805907428 0.376043260
vt 0.823520601 0.372842371
vt 0.805907428 0.373330534
vt 0.856915474 0.270883501
vt 0.839302480 0.270395398
vt 0.838556170 0.193919539
vt 0.838556170 0.161796331
vt 0.861415982 0.193919539
vt 0.861415982 0.161796331
vt 0.880795538 0.193919539
vt 0.880795658 0.161796331
vt 0.803966403 0.329549491
vt 0.803966403 0.297426403
vt 0.823346078 0.329549491
vt 0.823346078 0.297426403
vt 0.846205771 0.329549491
vt 0.846205771 0.297426403
vt 0.869065642 0.329549491
vt 0.869065642 0.297426403
vt 0.888445258 0.329549491
vt 0.888445258 0.297426403
vt 0.876275599 0.965876877
vt 0.876275599 0.998000026
vt 0.856895864 0.965876877
vt 0.856895864 0.998000026
vt 0.834036231 0.965876877
vt 0.834036231 0.998000026
vt 0.811176419 0.965876877
vt 0.811176419 0.998000026
vt 0.791796803 0.965876877
vt 0.791796803 0.998000026
vt 0.956545651 0.688795030
vt 0.956545651 0.720917940
vt 0.937166035 0.688795030
vt 0.937166035 0.720917940
vt 0.914306223 0.688795030
vt 0.914306164 0.720917940
vt 0.891446292 0.688795030
vt 0.891446233 0.720917940
vt 0.872066557 0.688795030
vt 0.872066557 0.720917940
vt 0.796316922 0.193919539
vt 0.796316922 0.161796331
vt 0.815696478 0.193919539
vt 0.815696478 0.161796331
vt 0.258887619 0.746968687
vt 0.257710993 0.744095802
vt 0.261074036 0.749172747
vt 0.263937533 0.750372171
vt 0.267042011 0.750384510
vt 0.269914925 0.749207973
vt 0.272119015 0.747021317
vt 0.273318350 0.744157910
vt 0.273330748 0.741053402
vt 0.272154123 0.738180518
vt 0.269967645 0.735976577
vt 0.267104179 0.734777093
vt 0.263999611 0.734764636
vt 0.261126727 0.735941410
vt 0.258922786 0.738127887
vt 0.257723391 0.740991354
vt 0.600998878 0.896483481
vt 0.605170190 0.900999665
vt 0.595536232 0.894025564
vt 0.589613616 0.894000292
vt 0.584132850 0.896411419
vt 0.579928398 0.900891840
vt 0.577640057 0.906759441
vt 0.577616572 0.913120925
vt 0.579861343 0.919007897
vt 0.584032536 0.923524082
vt 0.589495182 0.925981998
vt 0.595417798 0.926007211
vt 0.600898564 0.923596203
vt 0.605103195 0.919115722
vt 0.607391357 0.913248181
vt 0.607414901 0.906886637
vt 0.561981380 0.746088862
vt 0.582957506 0.737497807
vt 0.564653814 0.750123024
vt 0.583882689 0.742247581
vt 0.545889735 0.762053192
vt 0.549902380 0.764757574
vt 0.537131906 0.782960415
vt 0.541874290 0.783923268
vt 0.537041903 0.805627465
vt 0.541791618 0.804702342
vt 0.545632839 0.826603651
vt 0.549667060 0.823931217
vt 0.561597228 0.842695355
vt 0.564301670 0.838682830
vt 0.582504213 0.851453066
vt 0.583467126 0.846710861
vt 0.605171442 0.851543248
vt 0.604246378 0.846793532
vt 0.626147687 0.842952251
vt 0.623475194 0.838918149
vt 0.642239511 0.826987803
vt 0.638226748 0.824283600
vt 0.650997043 0.806080639
vt 0.646254659 0.805117726
vt 0.651087046 0.783413708
vt 0.646337390 0.784338772
vt 0.642496169 0.762437463
vt 0.638462007 0.765109897
vt 0.626531839 0.746345639
vt 0.623827398 0.750358403
vt 0.605624676 0.737587988
vt 0.604661763 0.742330194
vt 0.574642599 0.765201807
vt 0.587340951 0.760001242
vt 0.601062536 0.760055780
vt 0.613719046 0.765357256
vt 0.623383224 0.775098622
vt 0.628583908 0.787796855
vt 0.628529310 0.801518738
vt 0.623227775 0.814175129
vt 0.613486528 0.823839307
vt 0.600788176 0.829039991
vt 0.587066472 0.828985453
vt 0.574409902 0.823683918
vt 0.564745724 0.813942432
vt 0.559544981 0.801244318
vt 0.559599698 0.787522554
vt 0.564901233 0.774866045
vt 0.187437966 0.261637986
vt 0.186024934 0.244400859
vt 0.200013667 0.261637986
vt 0.200013667 0.244400859
vt 0.212589338 0.261637986
vt 0.214002445 0.244400859
vt 0.223250598 0.261637986
vt 0.225861594 0.244400859
vt 0.594635606 0.354976475
vt 0.597246766 0.372213542
vt 0.583974361 0.354976475
vt 0.585387528 0.372213542
vt 0.571398735 0.354976475
vt 0.571398735 0.372213542
vt 0.558822930 0.354976475
vt 0.557409823 0.372213542
vt 0.548161745 0.354976475
vt 0.545550644 0.372213542
vt 0.103956096 0.381444097
vt 0.101345077 0.364207029
vt 0.114617340 0.381444097
vt 0.113204256 0.364207029
vt 0.127193034 0.381444097
vt 0.127193034 0.364207029
vt 0.139768764 0.381444097
vt 0.141181737 0.364207029
vt 0.150429890 0.381444097
vt 0.153040960 0.364207029
vt 0.794407725 0.960229695
vt 0.791796803 0.942992628
vt 0.805069029 0.960229695
vt 0.803655922 0.942992628
vt 0.817644596 0.960229695
vt 0.817644596 0.942992628
vt 0.830220282 0.960229695
vt 0.831633389 0.942992628
vt 0.840881348 0.960229695
vt 0.843492508 0.942992628
vt 0.176776797 0.261637986
vt 0.174165800 0.244400859
vt 0.779826820 0.451223433
vt 0.785763860 0.460186005
vt 0.771516144 0.454627097
vt 0.773571551 0.465179563
vt 0.762535512 0.454591334
vt 0.760396361 0.465127110
vt 0.754252374 0.451121688
vt 0.748243809 0.460036814
vt 0.747927427 0.444746196
vt 0.738964796 0.450683415
vt 0.744523585 0.436435521
vt 0.733971059 0.438491106
vt 0.744559407 0.427455008
vt 0.734023511 0.425315678
vt 0.748029053 0.419171691
vt 0.739113688 0.413163424
vt 0.754404485 0.412846804
vt 0.748467267 0.403884053
vt 0.762715101 0.409442961
vt 0.760659814 0.398890615
vt 0.771695733 0.409478724
vt 0.773835123 0.398943067
vt 0.779978931 0.412948549
vt 0.785987377 0.404033363
vt 0.786304057 0.419323921
vt 0.795266449 0.413386822
vt 0.789707720 0.427634537
vt 0.800260186 0.425579131
vt 0.789671838 0.436615109
vt 0.800207794 0.438754439
vt 0.786202431 0.444898427
vt 0.795117319 0.450906754
vt 0.772306442 0.439870656
vt 0.779826820 0.451223433
vt 0.768912554 0.441260576
vt 0.771516144 0.454627097
vt 0.765245378 0.441246092
vt 0.762535512 0.454591334
vt 0.761862934 0.439829230
vt 0.754252374 0.451121688
vt 0.759279907 0.437225699
vt 0.747927427 0.444746196
vt 0.757890105 0.433832049
vt 0.744523585 0.436435521
vt 0.757904530 0.430164754
vt 0.744559407 0.427455008
vt 0.759321570 0.426782310
vt 0.748029053 0.419171691
vt 0.761924922 0.424199462
vt 0.754404485 0.412846804
vt 0.765318871 0.422809541
vt 0.762715101 0.409442961
vt 0.768985927 0.422824085
vt 0.771695733 0.409478724
vt 0.772368491 0.424241066
vt 0.779978931 0.412948549
vt 0.774951458 0.426844478
vt 0.786304057 0.419323921
vt 0.776341259 0.430238068
vt 0.789707720 0.427634537
vt 0.776326835 0.433905363
vt 0.789671838 0.436615109
vt 0.774909735 0.437287867
vt 0.786202431 0.444898427
vt 0.792096078 0.353122950
vt 0.774482846 0.353386998
vt 0.792096078 0.349922955
vt 0.774482846 0.349922955
vt 0.792096078 0.346723199
vt 0.774482846 0.346459031
vt 0.792096078 0.344010472
vt 0.774482846 0.343522191
vt 0.945824564 0.318501353
vt 0.928211391 0.318989515
vt 0.945824564 0.315788686
vt 0.928211391 0.316052794
vt 0.945824564 0.312588692
vt 0.928211391 0.312588692
vt 0.945824564 0.309388876
vt 0.928211391 0.309124768
vt 0.945824564 0.306676149
vt 0.928211391 0.306188047
vt 0.816084027 0.612933159
vt 0.833697140 0.612445235
vt 0.816084027 0.615645885
vt 0.833697140 0.615381837
vt 0.816084027 0.618845940
vt 0.833697140 0.618845940
vt 0.816084027 0.622045696
vt 0.833697140 0.622309804
vt 0.816084027 0.624758244
vt 0.833697140 0.625246406
vt 0.751584351 0.214102805
vt 0.733971179 0.214590907
vt 0.751584351 0.211390078
vt 0.733971179 0.211654007
vt 0.751584351 0.208190084
vt 0.733971179 0.208190084
vt 0.751584351 0.204990208
vt 0.733971179 0.204726219
vt 0.751584351 0.202277541
vt 0.733971179 0.201789320
vt 0.792096078 0.355835736
vt 0.774482846 0.356323779
vt 0.762517273 0.309961200
vt 0.762020826 0.309945166
vt 0.762816548 0.304773033
vt 0.762816548 0.304773033
vt 0.767562568 0.307907999
vt 0.762517273 0.309961200
vt 0.763720095 0.304711640
vt 0.763603032 0.304776907
vt 0.763666928 0.304313481
vt 0.763666928 0.304313481
vt 0.763771176 0.304379702
vt 0.763720095 0.304711640
vt 0.767292917 0.306277454
vt 0.767483592 0.307669580
vt 0.766998410 0.307665884
vt 0.766998410 0.307665884
vt 0.767778099 0.306272864
vt 0.767292917 0.306277454
vt 0.766928256 0.306141436
vt 0.767631233 0.305408180
vt 0.767146111 0.305404484
vt 0.767146111 0.305404484
vt 0.767413378 0.306136847
vt 0.766928256 0.306141436
vt 0.763922930 0.304143727
vt 0.762528241 0.308269382
vt 0.762031555 0.308267713
vt 0.762031555 0.308267713
vt 0.766710997 0.306812942
vt 0.763922930 0.304143727
vt 0.763072491 0.303684175
vt 0.763136446 0.304147601
vt 0.763019383 0.304082334
vt 0.763019383 0.304082334
vt 0.762968302 0.303750396
vt 0.763072491 0.303684175
vt 0.762043059 0.303789556
vt 0.762129724 0.304069638
vt 0.766435266 0.308057010
vt 0.766435266 0.308057010
vt 0.766498506 0.307696402
vt 0.762043059 0.303789556
vt 0.762042344 0.303748846
vt 0.762043059 0.303789556
vt 0.766498506 0.307696402
vt 0.766498506 0.307696402
vt 0.766492903 0.307678103
vt 0.762042344 0.303748846
vt 0.766492903 0.307678103
vt 0.766471863 0.307669163
vt 0.762052834 0.303720713
vt 0.762052834 0.303720713
vt 0.762042344 0.303748846
vt 0.766492903 0.307678103
vt 0.762129724 0.304069638
vt 0.762146056 0.304102540
vt 0.766418159 0.308077753
vt 0.766418159 0.308077753
vt 0.766435266 0.308057010
vt 0.762129724 0.304069638
vt 0.766418159 0.308077753
vt 0.762146056 0.304102540
vt 0.762167156 0.304118335
vt 0.762167156 0.304118335
vt 0.766387641 0.308090448
vt 0.766418159 0.308077753
vt 0.765239775 0.308057010
vt 0.764609694 0.304698944
vt 0.764696360 0.304418862
vt 0.764696360 0.304418862
vt 0.765176475 0.307696402
vt 0.765239775 0.308057010
vt 0.765256822 0.308077753
vt 0.764593363 0.304731846
vt 0.764609694 0.304698944
vt 0.764609694 0.304698944
vt 0.765239775 0.308057010
vt 0.765256822 0.308077753
vt 0.765256822 0.308077753
vt 0.765287399 0.308090448
vt 0.764572263 0.304747641
vt 0.764572263 0.304747641
vt 0.764593363 0.304731846
vt 0.765256822 0.308077753
vt 0.765176475 0.307696402
vt 0.764696360 0.304418862
vt 0.764697075 0.304378152
vt 0.764697075 0.304378152
vt 0.765182078 0.307678103
vt 0.765176475 0.307696402
vt 0.765182078 0.307678103
vt 0.764697075 0.304378152
vt 0.764686584 0.304350019
vt 0.764686584 0.304350019
vt 0.765203118 0.307669163
vt 0.765182078 0.307678103
vt 0.763814390 0.304324329
vt 0.762925088 0.303695023
vt 0.762120843 0.303687871
vt 0.762120843 0.303687871
vt 0.764618635 0.304317117
vt 0.763814390 0.304324329
vt 0.763072491 0.303684175
vt 0.763666928 0.304313481
vt 0.762517273 0.309961200
vt 0.762517273 0.309961200
vt 0.762031555 0.308267713
vt 0.763072491 0.303684175
vt 0.761978626 0.304306328
vt 0.764760792 0.303677022
vt 0.766710997 0.306812942
vt 0.766710997 0.306812942
vt 0.767562568 0.307907999
vt 0.761978626 0.304306328
vt 0.764786482 0.303689063
vt 0.761974275 0.308193266
vt 0.762342513 0.308088362
vt 0.762342513 0.308088362
vt 0.764474392 0.304095447
vt 0.764786482 0.303689063
vt 0.761952996 0.304318368
vt 0.762265086 0.304724753
vt 0.762342513 0.306750119
vt 0.762342513 0.306750119
vt 0.761974275 0.306645215
vt 0.761952996 0.304318368
vt 0.763814390 0.304324329
vt 0.763666928 0.304313481
vt 0.763072491 0.303684175
vt 0.763072491 0.303684175
vt 0.762925088 0.303695023
vt 0.763814390 0.304324329
vt 0.762517273 0.309961200
vt 0.767562568 0.307907999
vt 0.766710997 0.306812942
vt 0.766710997 0.306812942
vt 0.762031555 0.308267713
vt 0.762517273 0.309961200
vt 0.762202322 0.304126143
vt 0.762967527 0.304132521
vt 0.763367355 0.304445326
vt 0.763367355 0.304445326
vt 0.763362944 0.304438949
vt 0.762202322 0.304126143
vt 0.762528241 0.308269382
vt 0.762275994 0.309102416
vt 0.763368368 0.304460406
vt 0.763368368 0.304460406
vt 0.763136446 0.304147601
vt 0.762528241 0.308269382
vt 0.764347315 0.304136038
vt 0.763375401 0.304448843
vt 0.763372958 0.304456532
vt 0.763372958 0.304456532
vt 0.763922930 0.304143727
vt 0.764347315 0.304136038
vt 0.762275994 0.309102416
vt 0.763372958 0.304456532
vt 0.762816548 0.304773033
vt 0.762816548 0.304773033
vt 0.762020826 0.309945166
vt 0.762275994 0.309102416
vt 0.763367355 0.304445326
vt 0.763368368 0.304460406
vt 0.763603032 0.304776907
vt 0.763603032 0.304776907
vt 0.763771951 0.304761827
vt 0.763367355 0.304445326
vt 0.762084484 0.303697407
vt 0.762052834 0.303720713
vt 0.766471863 0.307669163
vt 0.766471863 0.307669163
vt 0.766160786 0.307668686
vt 0.762084484 0.303697407
vt 0.765203118 0.307669163
vt 0.764686584 0.304350019
vt 0.764654934 0.304326713
vt 0.764654934 0.304326713
vt 0.765514255 0.307668686
vt 0.765203118 0.307669163
vt 0.766160786 0.307668686
vt 0.765837491 0.307668805
vt 0.765514255 0.307668686
vt 0.765514255 0.307668686
vt 0.764654934 0.304326713
vt 0.764618635 0.304317117
vt 0.765514255 0.307668686
vt 0.764618635 0.304317117
vt 0.762120843 0.303687871
vt 0.766160786 0.307668686
vt 0.765514255 0.307668686
vt 0.762120843 0.303687871
vt 0.762084484 0.303697407
vt 0.766160786 0.307668686
vt 0.762120843 0.303687871
vt 0.763362944 0.304438949
vt 0.765837491 0.308101535
vt 0.766160846 0.308096111
vt 0.766160846 0.308096111
vt 0.766387641 0.308090448
vt 0.762167156 0.304118335
vt 0.763362944 0.304438949
vt 0.766160846 0.308096111
vt 0.762167156 0.304118335
vt 0.762202322 0.304126143
vt 0.763362944 0.304438949
vt 0.762167156 0.304118335
vt 0.764474392 0.304095447
vt 0.762342513 0.308088362
vt 0.764441252 0.304118276
vt 0.763541281 0.308198273
vt 0.762298167 0.304747581
vt 0.762346089 0.304761171
vt 0.763541281 0.308198273
vt 0.762346089 0.304761171
vt 0.762392104 0.304765344
vt 0.763541281 0.308198273
vt 0.762265086 0.304724753
vt 0.762298167 0.304747581
vt 0.764789224 0.308186293
vt 0.764572442 0.308176756
vt 0.764211178 0.308169961
vt 0.764789224 0.308186293
vt 0.764211178 0.308169961
vt 0.763375401 0.304448843
vt 0.764789224 0.308186293
vt 0.763375401 0.304448843
vt 0.764347315 0.304136038
vt 0.762342513 0.308088362
vt 0.764789224 0.308186293
vt 0.764347315 0.304136038
vt 0.762342513 0.308088362
vt 0.764347315 0.304136038
vt 0.764393330 0.304131866
vt 0.762342513 0.308088362
vt 0.764393330 0.304131866
vt 0.764441252 0.304118276
vt 0.762954414 0.303716242
vt 0.762925088 0.303695023
vt 0.763072491 0.303684175
vt 0.763072491 0.303684175
vt 0.762968302 0.303750396
vt 0.762954414 0.303716242
vt 0.763000369 0.304116428
vt 0.763019383 0.304082334
vt 0.763136446 0.304147601
vt 0.763136446 0.304147601
vt 0.762967527 0.304132521
vt 0.763000369 0.304116428
vt 0.763603032 0.304776907
vt 0.763720095 0.304711640
vt 0.763739109 0.304745734
vt 0.763739109 0.304745734
vt 0.763771951 0.304761827
vt 0.763603032 0.304776907
vt 0.763666928 0.304313481
vt 0.763814390 0.304324329
vt 0.763785005 0.304345548
vt 0.763785005 0.304345548
vt 0.763771176 0.304379702
vt 0.763666928 0.304313481
vt 0.761978626 0.304306328
vt 0.761952996 0.304318368
vt 0.761974275 0.306645215
vt 0.761974275 0.306645215
vt 0.761917412 0.306761265
vt 0.761862934 0.306985319
vt 0.761978626 0.304306328
vt 0.761974275 0.306645215
vt 0.761862934 0.306985319
vt 0.761862934 0.306985319
vt 0.761836350 0.307419240
vt 0.761862934 0.307853222
vt 0.761862934 0.307853222
vt 0.761917412 0.308077216
vt 0.761974275 0.308193266
vt 0.761862934 0.306985319
vt 0.761862934 0.307853222
vt 0.761974275 0.308193266
vt 0.761978626 0.304306328
vt 0.761862934 0.306985319
vt 0.761974275 0.308193266
vt 0.761978626 0.304306328
vt 0.761974275 0.308193266
vt 0.764786482 0.303689063
vt 0.764760792 0.303677022
vt 0.761978626 0.304306328
vt 0.764786482 0.303689063
vt 0.763367355 0.304445326
vt 0.763771951 0.304761827
vt 0.764537156 0.304755449
vt 0.764537156 0.304755449
vt 0.763362944 0.304438949
vt 0.763367355 0.304445326
vt 0.762020826 0.309945166
vt 0.763603032 0.304776907
vt 0.763368368 0.304460406
vt 0.763368368 0.304460406
vt 0.762275994 0.309102416
vt 0.762020826 0.309945166
vt 0.762392104 0.304765344
vt 0.762816548 0.304773033
vt 0.763372958 0.304456532
vt 0.763372958 0.304456532
vt 0.763375401 0.304448843
vt 0.762392104 0.304765344
vt 0.762528241 0.308269382
vt 0.763922930 0.304143727
vt 0.763372958 0.304456532
vt 0.763372958 0.304456532
vt 0.762275994 0.309102416
vt 0.762528241 0.308269382
vt 0.763367355 0.304445326
vt 0.762967527 0.304132521
vt 0.763136446 0.304147601
vt 0.763136446 0.304147601
vt 0.763368368 0.304460406
vt 0.763367355 0.304445326
vt 0.764537156 0.304755449
vt 0.764572263 0.304747641
vt 0.765287399 0.308090448
vt 0.764537156 0.304755449
vt 0.765287399 0.308090448
vt 0.765514195 0.308096111
vt 0.764537156 0.304755449
vt 0.765514195 0.308096111
vt 0.765837491 0.308101535
vt 0.763362944 0.304438949
vt 0.764537156 0.304755449
vt 0.765837491 0.308101535
vt 0.763849914 0.308176756
vt 0.763633132 0.308186293
vt 0.763541281 0.308198273
vt 0.763849914 0.308176756
vt 0.763541281 0.308198273
vt 0.762392104 0.304765344
vt 0.763849914 0.308176756
vt 0.762392104 0.304765344
vt 0.763375401 0.304448843
vt 0.764211178 0.308169961
vt 0.763849914 0.308176756
vt 0.763375401 0.304448843
vt 0.762031555 0.308267713
vt 0.763072491 0.303684175
vt 0.763072491 0.303684175
vt 0.763072491 0.303684175
vt 0.762031555 0.308267713
vt 0.762031555 0.308267713
vt 0.763072491 0.303684175
vt 0.762925088 0.303695023
vt 0.762925088 0.303695023
vt 0.762925088 0.303695023
vt 0.763072491 0.303684175
vt 0.763072491 0.303684175
vt 0.762925088 0.303695023
vt 0.762120843 0.303687871
vt 0.762120843 0.303687871
vt 0.762120843 0.303687871
vt 0.762925088 0.303695023
vt 0.762925088 0.303695023
vt 0.762120843 0.303687871
vt 0.762084484 0.303697407
vt 0.762084484 0.303697407
vt 0.762084484 0.303697407
vt 0.762120843 0.303687871
vt 0.762120843 0.303687871
vt 0.762084484 0.303697407
vt 0.762052834 0.303720713
vt 0.762052834 0.303720713
vt 0.762052834 0.303720713
vt 0.762084484 0.303697407
vt 0.762084484 0.303697407
vt 0.762052834 0.303720713
vt 0.766471863 0.307669163
vt 0.766471863 0.307669163
vt 0.766471863 0.307669163
vt 0.762052834 0.303720713
vt 0.762052834 0.303720713
vt 0.766471863 0.307669163
vt 0.766160786 0.307668686
vt 0.766160786 0.307668686
vt 0.766160786 0.307668686
vt 0.766471863 0.307669163
vt 0.766471863 0.307669163
vt 0.766160786 0.307668686
vt 0.765837491 0.307668805
vt 0.765837491 0.307668805
vt 0.765837491 0.307668805
vt 0.766160786 0.307668686
vt 0.766160786 0.307668686
vt 0.765837491 0.307668805
vt 0.765514255 0.307668686
vt 0.765514255 0.307668686
vt 0.765514255 0.307668686
vt 0.765837491 0.307668805
vt 0.765837491 0.307668805
vt 0.765514255 0.307668686
vt 0.765203118 0.307669163
vt 0.765203118 0.307669163
vt 0.765203118 0.307669163
vt 0.765514255 0.307668686
vt 0.765514255 0.307668686
vt 0.765203118 0.307669163
vt 0.764686584 0.304350019
vt 0.764686584 0.304350019
vt 0.764686584 0.304350019
vt 0.765203118 0.307669163
vt 0.765203118 0.307669163
vt 0.764686584 0.304350019
vt 0.764654934 0.304326713
vt 0.764654934 0.304326713
vt 0.764654934 0.304326713
vt 0.764686584 0.304350019
vt 0.764686584 0.304350019
vt 0.764654934 0.304326713
vt 0.764618635 0.304317117
vt 0.764618635 0.304317117
vt 0.764618635 0.304317117
vt 0.764654934 0.304326713
vt 0.764654934 0.304326713
vt 0.764618635 0.304317117
vt 0.763814390 0.304324329
vt 0.763814390 0.304324329
vt 0.763814390 0.304324329
vt 0.764618635 0.304317117
vt 0.764618635 0.304317117
vt 0.763814390 0.304324329
vt 0.763666928 0.304313481
vt 0.763666928 0.304313481
vt 0.763666928 0.304313481
vt 0.763814390 0.304324329
vt 0.763814390 0.304324329
vt 0.763666928 0.304313481
vt 0.762517273 0.309961200
vt 0.762517273 0.309961200
vt 0.762517273 0.309961200
vt 0.763666928 0.304313481
vt 0.763666928 0.304313481
vt 0.762517273 0.309961200
vt 0.767562568 0.307907999
vt 0.767562568 0.307907999
vt 0.767562568 0.307907999
vt 0.762517273 0.309961200
vt 0.762517273 0.309961200
vt 0.767562568 0.307907999
vt 0.761978626 0.304306328
vt 0.761978626 0.304306328
vt 0.761978626 0.304306328
vt 0.767562568 0.307907999
vt 0.767562568 0.307907999
vt 0.761978626 0.304306328
vt 0.761952996 0.304318368
vt 0.761952996 0.304318368
vt 0.761952996 0.304318368
vt 0.761978626 0.304306328
vt 0.761978626 0.304306328
vt 0.761952996 0.304318368
vt 0.761974275 0.306645215
vt 0.761974275 0.306645215
vt 0.761974275 0.306645215
vt 0.761952996 0.304318368
vt 0.761952996 0.304318368
vt 0.761974275 0.306645215
vt 0.761917412 0.306761265
vt 0.761917412 0.306761265
vt 0.761917412 0.306761265
vt 0.761974275 0.306645215
vt 0.761974275 0.306645215
vt 0.761917412 0.306761265
vt 0.761862934 0.306985319
vt 0.761862934 0.306985319
vt 0.761862934 0.306985319
vt 0.761917412 0.306761265
vt 0.761917412 0.306761265
vt 0.761862934 0.306985319
vt 0.761836350 0.307419240
vt 0.761836350 0.307419240
vt 0.761836350 0.307419240
vt 0.761862934 0.306985319
vt 0.761862934 0.306985319
vt 0.761836350 0.307419240
vt 0.761862934 0.307853222
vt 0.761862934 0.307853222
vt 0.761862934 0.307853222
vt 0.761836350 0.307419240
vt 0.761836350 0.307419240
vt 0.761862934 0.307853222
vt 0.761917412 0.308077216
vt 0.761917412 0.308077216
vt 0.761917412 0.308077216
vt 0.761862934 0.307853222
vt 0.761862934 0.307853222
vt 0.761917412 0.308077216
vt 0.761974275 0.308193266
vt 0.761974275 0.308193266
vt 0.761974275 0.308193266
vt 0.761917412 0.308077216
vt 0.761917412 0.308077216
vt 0.761974275 0.308193266
vt 0.764786482 0.303689063
vt 0.764786482 0.303689063
vt 0.764786482 0.303689063
vt 0.761974275 0.308193266
vt 0.761974275 0.308193266
vt 0.764786482 0.303689063
vt 0.764760792 0.303677022
vt 0.764760792 0.303677022
vt 0.764760792 0.303677022
vt 0.764786482 0.303689063
vt 0.764786482 0.303689063
vt 0.764760792 0.303677022
vt 0.766710997 0.306812942
vt 0.766710997 0.306812942
vt 0.766710997 0.306812942
vt 0.764760792 0.303677022
vt 0.764760792 0.303677022
vt 0.766710997 0.306812942
vt 0.762031555 0.308267713
vt 0.762031555 0.308267713
vt 0.762031555 0.308267713
vt 0.766710997 0.306812942
vt 0.766710997 0.306812942
vt 0.764456630 0.306577921
vt 0.764456630 0.307041466
vt 0.764157891 0.307041466
vt 0.764157891 0.306577921
vt 0.764224589 0.306577921
vt 0.764224589 0.307041466
vt 0.764157891 0.307041466
vt 0.764157891 0.306577921
vt 0.764686048 0.306577921
vt 0.764686048 0.307041466
vt 0.764512181 0.307041466
vt 0.764512181 0.306577921
vt 0.764453948 0.306577921
vt 0.764453948 0.307041466
vt 0.764398456 0.307041466
vt 0.764398456 0.306577921
vt 0.764752686 0.306577921
vt 0.764752686 0.307041466
vt 0.764752686 0.306577921
vt 0.764752686 0.307041466
vt 0.764157891 0.306577921
vt 0.764306605 0.306577921
vt 0.764306605 0.306624234
vt 0.764157891 0.306624234
vt 0.764455318 0.306577921
vt 0.764455318 0.306624234
vt 0.764603972 0.306577921
vt 0.764603972 0.306624234
vt 0.764752686 0.306577921
vt 0.764752686 0.306624234
vt 0.764306605 0.306670606
vt 0.764157891 0.306670606
vt 0.764455318 0.306670606
vt 0.764603972 0.306670606
vt 0.764752686 0.306670606
vt 0.764306605 0.306716979
vt 0.764157891 0.306716979
vt 0.764455318 0.306716979
vt 0.764603972 0.306716979
vt 0.764752686 0.306716979
vt 0.764306605 0.306763351
vt 0.764157891 0.306763351
vt 0.764455318 0.306763351
vt 0.764603972 0.306763351
vt 0.764752686 0.306763351
vt 0.764306605 0.306809664
vt 0.764157891 0.306809664
vt 0.764455318 0.306809664
vt 0.764603972 0.306809664
vt 0.764752686 0.306809664
vt 0.764306605 0.306856036
vt 0.764157891 0.306856036
vt 0.764455318 0.306856036
vt 0.764603972 0.306856036
vt 0.764752686 0.306856036
vt 0.764306605 0.306902409
vt 0.764157891 0.306902409
vt 0.764455318 0.306902409
vt 0.764603972 0.306902409
vt 0.764752686 0.306902409
vt 0.764306605 0.306948721
vt 0.764157891 0.306948721
vt 0.764455318 0.306948721
vt 0.764603972 0.306948721
vt 0.764752686 0.306948721
vt 0.764306605 0.306995153
vt 0.764157891 0.306995153
vt 0.764455318 0.306995153
vt 0.764603972 0.306995153
vt 0.764752686 0.306995153
vt 0.764306605 0.307041466
vt 0.764157891 0.307041466
vt 0.764455318 0.307041466
vt 0.764603972 0.307041466
vt 0.764752686 0.307041466
vt 0.764157891 0.306577921
vt 0.764157891 0.307041466
vt 0.764752686 0.307041466
vt 0.764752686 0.306577921
vt 0.764157891 0.306577921
vt 0.764157891 0.307041466
vt 0.764752686 0.307041466
vt 0.764752686 0.306577921
vt 0.764157891 0.306577921
vt 0.764157891 0.307041466
vt 0.764752686 0.307041466
vt 0.764752686 0.306577921
vt 0.764157891 0.306577921
vt 0.764157891 0.307041466
vt 0.764752686 0.307041466
vt 0.764752686 0.306577921
vt 0.764157891 0.306577921
vt 0.764157891 0.307041466
vt 0.764752686 0.307041466
vt 0.764752686 0.306577921
vt 0.764157891 0.306577921
vt 0.764157891 0.307041466
vt 0.764752686 0.307041466
vt 0.764752686 0.306577921
vt 0.764157891 0.306577921
vt 0.764157891 0.307041466
vt 0.764752686 0.307041466
vt 0.764752686 0.306577921
vt 0.764157891 0.306577921
vt 0.764157891 0.307041466
vt 0.764752686 0.307041466
vt 0.764752686 0.306577921
vt 0.764157891 0.306577921
vt 0.764157891 0.307041466
vt 0.764752686 0.307041466
vt 0.764752686 0.306577921
vt 0.764157891 0.306577921
vt 0.764157891 0.307041466
vt 0.764752686 0.307041466
vt 0.764752686 0.306577921
vt 0.764157891 0.306577921
vt 0.764157891 0.307041466
vt 0.764752686 0.307041466
vt 0.764752686 0.306577921
vt 0.764157891 0.306577921
vt 0.764157891 0.307041466
vt 0.764752686 0.307041466
vt 0.764752686 0.306577921
vt 0.764157891 0.306577921
vt 0.764157891 0.307041466
vt 0.764752686 0.307041466
vt 0.764752686 0.306577921
vt 0.764157891 0.306577921
vt 0.764157891 0.307041466
vt 0.764752686 0.307041466
vt 0.764752686 0.306577921
vt 0.764157891 0.306577921
vt 0.764157891 0.307041466
vt 0.764752686 0.307041466
vt 0.764752686 0.306577921
vt 0.764157891 0.306577921
vt 0.764157891 0.307041466
vt 0.764752686 0.307041466
vt 0.764752686 0.306577921
vt 0.764157891 0.306577921
vt 0.764157891 0.307041466
vt 0.764752686 0.307041466
vt 0.764752686 0.306577921
vt 0.764157891 0.306577921
vt 0.764157891 0.307041466
vt 0.764752686 0.307041466
vt 0.764752686 0.306577921
vt 0.764157891 0.306577921
vt 0.764157891 0.307041466
vt 0.764752686 0.307041466
vt 0.764752686 0.306577921
vt 0.764157891 0.306577921
vt 0.764157891 0.307041466
vt 0.764752686 0.307041466
vt 0.764752686 0.306577921
vt 0.764752686 0.306577921
vt 0.764752686 0.307041466
vt 0.764157891 0.307041466
vt 0.764157891 0.306577921
vt 0.764157891 0.306577921
vt 0.764752686 0.306577921
vt 0.764752686 0.307041466
vt 0.764157891 0.307041466
vt 0.764157891 0.306577921
vt 0.764752686 0.306577921
vt 0.764752686 0.307041466
vt 0.764157891 0.307041466
vt 0.764157891 0.306577921
vt 0.764752686 0.306577921
vt 0.764752686 0.307041466
vt 0.764157891 0.307041466
vt 0.764157891 0.306577921
vt 0.764752686 0.306577921
vt 0.764752686 0.307041466
vt 0.764157891 0.307041466
vt 0.764157891 0.306577921
vt 0.764752686 0.306577921
vt 0.764752686 0.307041466
vt 0.764157891 0.307041466
vt 0.764752686 0.306577921
vt 0.764752686 0.307041466
vt 0.764157891 0.307041466
vt 0.764157891 0.306577921
vt 0.764157891 0.306577921
vt 0.764752686 0.306577921
vt 0.764752686 0.307041466
vt 0.764157891 0.307041466
vt 0.764157891 0.306577921
vt 0.764752686 0.306577921
vt 0.764752686 0.307041466
vt 0.764157891 0.307041466
vt 0.764157891 0.306577921
vt 0.764752686 0.306577921
vt 0.764752686 0.307041466
vt 0.764157891 0.307041466
vt 0.764157891 0.306577921
vt 0.764752686 0.306577921
vt 0.764752686 0.307041466
vt 0.764157891 0.307041466
vt 0.764157891 0.306577921
vt 0.764752686 0.306577921
vt 0.764752686 0.307041466
vt 0.764157891 0.307041466
f 1/1 2/2 3/3
f 3/3 4/4 1/1
f 2/2 5/5 6/6
f 6/6 3/3 2/2
f 7/7 8/8 9/9
f 9/9 10/10 7/7
f 8/8 11/11 12/12
f 12/12 9/9 8/8
f 11/11 13/13 14/14
f 14/14 12/12 11/11
f 13/13 1/1 4/4
f 4/4 14/14 13/13
f 15/15 16/16 17/17
f 17/17 18/18 15/15
f 19/19 20/20 21/21
f 21/21 22/22 19/19
f 23/23 24/24 25/25
f 25/25 26/26 23/23
f 27/27 28/28 29/29
f 29/29 30/30 27/27
f 31/31 32/32 33/33
f 33/33 34/34 31/31
f 35/35 36/36 37/37
f 37/37 38/38 35/35
f 21/21 39/39 40/40
f 40/40 22/22 21/21
f 25/25 41/41 42/42
f 42/42 26/26 25/25
f 29/29 43/43 44/44
f 44/44 30/30 29/29
f 33/33 45/45 46/46
f 46/46 34/34 33/33
f 47/47 48/48 49/49
f 49/49 50/50 47/47
f 51/51 52/52 53/53
f 53/53 54/54 51/51
f 55/55 56/56 57/57
f 57/57 58/58 55/55
f 59/59 60/60 61/61
f 61/61 62/62 59/59
f 63/63 64/64 65/65
f 65/65 66/66 63/63
f 67/67 68/68 69/69
f 69/69 70/70 67/67
f 71/71 72/72 73/73
f 73/73 74/74 71/71
f 75/75 76/76 77/77
f 77/77 78/78 75/75
f 79/79 80/80 81/81
f 81/81 82/82 79/79
f 83/83 84/84 85/85
f 85/85 86/86 83/83
f 69/69 87/87 88/88
f 88/88 70/70 69/69
f 73/73 89/89 90/90
f 90/90 74/74 73/73
f 77/77 91/91 92/92
f 92/92 78/78 77/77
f 81/81 93/93 94/94
f 94/94 82/82 81/81
f 95/95 96/96 97/97
f 97/97 98/98 95/95
f 99/99 100/100 101/101
f 101/101 102/102 99/99
f 103/103 104/104 105/105
f 105/105 106/106 103/103
f 107/107 108/108 109/109
f 109/109 110/110 107/107
f 111/111 112/112 113/113
f 113/113 114/114 111/111
f 115/115 116/116 117/117
f 117/117 118/118 115/115
f 119/119 120/120 121/121
f 121/121 122/122 119/119
f 123/123 124/124 125/125
f 125/125 126/126 123/123
f 127/127 128/128 129/129
f 129/129 130/130 127/127
f 131/131 132/132 133/133
f 133/133 134/134 131/131
f 117/117 135/135 136/136
f 136/136 118/118 117/117
f 121/121 137/137 138/138
f 138/138 122/122 121/121
f 125/125 139/139 140/140
f 140/140 126/126 125/125
f 129/129 141/141 142/142
f 142/142 130/130 129/129
f 143/143 144/144 145/145
f 145/145 146/146 143/143
f 147/147 148/148 149/149
f 149/149 150/150 147/147
f 151/151 152/152 153/153
f 153/153 154/154 151/151
f 155/155 156/156 157/157
f 157/157 158/158 155/155
f 159/159 160/160 161/161
f 161/161 162/162 159/159
f 160/160 163/163 164/164
f 164/164 161/161 160/160
f 165/165 166/166 167/167
f 167/167 168/168 165/165
f 166/166 169/169 170/170
f 170/170 167/167 166/166
f 169/169 171/171 172/172
f 172/172 170/170 169/169
f 171/171 159/159 162/162
f 162/162 172/172 171/171
f 173/173 174/174 175/175
f 175/175 176/176 173/173
f 177/177 178/178 179/179
f 179/179 180/180 177/177
f 181/181 182/182 183/183
f 183/183 184/184 181/181
f 185/185 186/186 187/187
f 187/187 188/188 185/185
f 189/189 190/190 191/191
f 191/191 192/192 189/189
f 193/193 194/194 195/195
f 195/195 196/196 193/193
f 179/179 197/197 198/198
f 198/198 180/180 179/179
f 183/183 199/199 200/200
f 200/200 184/184 183/183
f 187/187 201/201 202/202
f 202/202 188/188 187/187
f 191/191 203/203 204/204
f 204/204 192/192 191/191
f 205/205 206/206 207/207
f 207/207 208/208 205/205
f 209/209 210/210 211/211
f 211/211 212/212 209/209
f 213/213 214/214 215/215
f 215/215 216/216 213/213
f 217/217 218/218 219/219
f 219/219 220/220 217/217
f 221/221 222/222 223/223
f 224/224 225/225 226/226
f 227/227 224/224 226/226
f 228/228 227/227 229/229
f 230/230 228/228 229/229
f 231/231 232/232 233/233
f 234/234 235/235 236/236
f 237/237 238/238 239/239
f 237/237 239/239 240/240
f 241/241 242/242 243/243
f 241/241 243/243 244/244
f 245/245 246/246 247/247
f 248/248 249/249 250/250
f 250/250 251/251 248/248
f 252/252 253/253 254/254
f 254/254 255/255 252/252
f 256/256 257/257 258/258
f 259/259 260/260 261/261
f 261/261 262/262 259/259
f 263/263 264/264 265/265
f 266/266 267/267 268/268
f 269/269 270/270 255/255
f 255/255 254/254 269/269
f 271/271 272/272 273/273
f 273/273 274/274 271/271
f 275/275 276/276 277/277
f 277/277 278/278 275/275
f 279/279 280/280 281/281
f 281/281 282/282 279/279
f 283/283 284/284 285/285
f 285/285 286/286 283/283
f 287/287 288/288 289/289
f 289/289 290/290 287/287
f 291/291 292/292 293/293
f 293/293 294/294 291/291
f 278/278 277/277 295/295
f 295/295 296/296 278/278
f 297/297 298/298 299/299
f 300/300 301/301 302/302
f 303/303 304/304 305/305
f 305/305 306/306 303/303
f 307/307 308/308 309/309
f 309/309 310/310 307/307
f 311/311 312/312 313/313
f 307/307 310/310 314/314
f 315/315 316/316 270/270
f 270/270 269/269 315/315
f 317/317 318/318 319/319
f 320/320 321/321 322/322
f 323/323 324/324 230/230
f 324/324 325/325 230/230
f 228/228 230/230 325/325
f 325/325 326/326 228/228
f 327/327 328/328 329/329
f 329/329 330/330 327/327
f 330/330 329/329 331/331
f 332/332 330/330 331/331
f 331/331 333/333 332/332
f 332/332 333/333 334/334
f 334/334 335/335 332/332
f 336/336 337/337 338/338
f 339/339 333/333 331/331
f 331/331 340/340 339/339
f 339/339 340/340 341/341
f 334/334 333/333 342/342
f 342/342 333/333 339/339
f 338/338 343/343 336/336
f 341/341 344/344 339/339
f 336/336 343/343 345/345
f 345/345 346/346 336/336
f 347/347 348/348 346/346
f 346/346 345/345 347/347
f 347/347 345/345 349/349
f 349/349 345/345 343/343
f 349/349 350/350 347/347
f 351/351 352/352 353/353
f 353/353 354/354 351/351
f 355/355 354/354 353/353
f 343/343 356/356 349/349
f 353/353 357/357 355/355
f 358/358 359/359 360/360
f 355/355 357/357 361/361
f 360/360 334/334 358/358
f 361/361 362/362 355/355
f 342/342 358/358 334/334
f 362/362 361/361 363/363
f 342/342 364/364 365/365
f 366/366 367/367 368/368
f 339/339 369/369 342/342
f 368/368 370/370 366/366
f 369/369 339/339 344/344
f 370/370 368/368 371/371
f 344/344 372/372 369/369
f 372/372 373/373 374/374
f 375/375 373/373 372/372
f 376/376 372/372 344/344
f 375/375 372/372 376/376
f 377/377 378/378 379/379
f 376/376 253/253 375/375
f 344/344 380/380 376/376
f 380/380 344/344 341/341
f 341/341 381/381 380/380
f 253/253 376/376 382/382
f 382/382 383/383 253/253
f 376/376 380/380 384/384
f 384/384 380/380 381/381
f 384/384 382/382 376/376
f 381/381 385/385 384/384
f 383/383 382/382 386/386
f 386/386 382/382 384/384
f 386/386 387/387 383/383
f 388/388 384/384 385/385
f 384/384 388/388 386/386
f 385/385 389/389 388/388
f 388/388 389/389 390/390
f 390/390 391/391 388/388
f 386/386 388/388 391/391
f 391/391 392/392 386/386
f 387/387 386/386 392/392
f 392/392 393/393 387/387
f 394/394 395/395 396/396
f 396/396 397/397 394/394
f 397/397 396/396 398/398
f 398/398 399/399 397/397
f 400/400 401/401 402/402
f 403/403 404/404 400/400
f 402/402 405/405 400/400
f 405/405 402/402 406/406
f 400/400 407/407 403/403
f 407/407 400/400 405/405
f 406/406 408/408 405/405
f 408/408 406/406 409/409
f 405/405 410/410 407/407
f 410/410 405/405 408/408
f 403/403 407/407 411/411
f 411/411 407/407 410/410
f 411/411 412/412 403/403
f 413/413 412/412 411/411
f 414/414 415/415 416/416
f 414/414 417/417 415/415
f 415/415 417/417 418/418
f 411/411 419/419 413/413
f 420/420 413/413 419/419
f 418/418 421/421 415/415
f 421/421 418/418 422/422
f 423/423 408/408 424/424
f 408/408 423/423 410/410
f 425/425 424/424 426/426
f 424/424 425/425 423/423
f 427/427 428/428 426/426
f 429/429 422/422 430/430
f 431/431 410/410 423/423
f 410/410 431/431 411/411
f 419/419 411/411 431/431
f 423/423 432/432 431/431
f 432/432 423/423 425/425
f 431/431 433/433 419/419
f 433/433 431/431 432/432
f 434/434 419/419 433/433
f 419/419 434/434 420/420
f 432/432 435/435 433/433
f 433/433 436/436 434/434
f 436/436 433/433 435/435
f 435/435 437/437 436/436
f 438/438 439/439 440/440
f 440/440 441/441 438/438
f 442/442 441/441 440/440
f 440/440 443/443 442/442
f 444/444 445/445 446/446
f 446/446 447/447 444/444
f 446/446 445/445 448/448
f 449/449 450/450 447/447
f 447/447 446/446 449/449
f 442/442 443/443 451/451
f 452/452 450/450 449/449
f 451/451 453/453 442/442
f 451/451 454/454 453/453
f 455/455 456/456 452/452
f 452/452 457/457 455/455
f 455/455 457/457 428/428
f 449/449 458/458 452/452
f 452/452 458/458 457/457
f 459/459 428/428 457/457
f 457/457 458/458 459/459
f 458/458 449/449 460/460
f 460/460 459/459 458/458
f 460/460 449/449 446/446
f 428/428 459/459 461/461
f 461/461 426/426 428/428
f 426/426 461/461 425/425
f 462/462 461/461 459/459
f 459/459 460/460 462/462
f 463/463 425/425 461/461
f 461/461 462/462 463/463
f 425/425 463/463 432/432
f 435/435 432/432 463/463
f 463/463 464/464 435/435
f 464/464 463/463 462/462
f 437/437 435/435 464/464
f 465/465 462/462 460/460
f 462/462 465/465 464/464
f 464/464 466/466 437/437
f 466/466 464/464 465/465
f 460/460 467/467 465/465
f 446/446 467/467 460/460
f 448/448 467/467 446/446
f 468/468 465/465 467/467
f 467/467 448/448 468/468
f 465/465 468/468 466/466
f 469/469 470/470 471/471
f 471/471 472/472 469/469
f 472/472 471/471 473/473
f 473/473 474/474 472/472
f 474/474 473/473 475/475
f 475/475 476/476 474/474
f 477/477 476/476 475/475
f 475/475 478/478 477/477
f 479/479 477/477 478/478
f 478/478 480/480 479/479
f 479/479 480/480 481/481
f 481/481 482/482 479/479
f 482/482 481/481 483/483
f 483/483 484/484 482/482
f 484/484 483/483 485/485
f 485/485 486/486 484/484
f 486/486 485/485 487/487
f 487/487 488/488 486/486
f 488/488 487/487 489/489
f 489/489 490/490 488/488
f 490/490 489/489 491/491
f 491/491 492/492 490/490
f 492/492 491/491 493/493
f 493/493 494/494 492/492
f 495/495 494/494 493/493
f 493/493 496/496 495/495
f 497/497 495/495 496/496
f 496/496 498/498 497/497
f 497/497 498/498 470/470
f 470/470 469/469 497/497
f 499/499 453/453 454/454
f 454/454 500/500 499/499
f 500/500 454/454 501/501
f 430/430 502/502 503/503
f 502/502 430/430 482/482
f 479/479 482/482 430/430
f 482/482 484/484 502/502
f 430/430 422/422 479/479
f 486/486 502/502 484/484
f 422/422 477/477 479/479
f 486/486 488/488 502/502
f 477/477 422/422 476/476
f 490/490 502/502 488/488
f 476/476 422/422 418/418
f 502/502 490/490 492/492
f 418/418 474/474 476/476
f 504/504 502/502 492/492
f 472/472 474/474 418/418
f 492/492 494/494 504/504
f 418/418 505/505 472/472
f 504/504 494/494 506/506
f 469/469 472/472 505/505
f 469/469 505/505 506/506
f 494/494 495/495 506/506
f 506/506 497/497 469/469
f 497/497 506/506 495/495
f 389/389 507/507 508/508
f 508/508 390/390 389/389
f 390/390 508/508 509/509
f 509/509 510/510 390/390
f 510/510 509/509 511/511
f 511/511 512/512 510/510
f 513/513 514/514 515/515
f 514/514 516/516 515/515
f 260/260 259/259 517/517
f 517/517 518/518 260/260
f 518/518 517/517 519/519
f 519/519 520/520 518/518
f 520/520 519/519 521/521
f 521/521 522/522 520/520
f 522/522 521/521 267/267
f 267/267 266/266 522/522
f 523/523 524/524 525/525
f 525/525 526/526 523/523
f 527/527 528/528 529/529
f 529/529 530/530 527/527
f 531/531 532/532 533/533
f 533/533 534/534 531/531
f 535/535 536/536 537/537
f 321/321 538/538 539/539
f 539/539 322/322 321/321
f 540/540 541/541 542/542
f 542/542 543/543 540/540
f 543/543 542/542 544/544
f 544/544 545/545 543/543
f 546/546 547/547 548/548
f 548/548 549/549 546/546
f 549/549 548/548 550/550
f 550/550 551/551 549/549
f 383/383 387/387 393/393
f 393/393 552/552 383/383
f 253/253 383/383 552/552
f 552/552 254/254 253/253
f 553/553 554/554 555/555
f 555/555 556/556 553/553
f 557/557 553/553 556/556
f 556/556 558/558 557/557
f 559/559 557/557 558/558
f 558/558 560/560 559/559
f 559/559 560/560 561/561
f 561/561 562/562 559/559
f 563/563 560/560 558/558
f 561/561 560/560 563/563
f 558/558 564/564 563/563
f 562/562 561/561 565/565
f 565/565 566/566 562/562
f 563/563 565/565 561/561
f 567/567 565/565 563/563
f 563/563 564/564 568/568
f 563/563 569/569 567/567
f 570/570 571/571 572/572
f 568/568 573/573 563/563
f 572/572 574/574 570/570
f 575/575 570/570 574/574
f 576/576 569/569 563/563
f 577/577 578/578 579/579
f 574/574 572/572 579/579
f 580/580 573/573 568/568
f 579/579 578/578 581/581
f 568/568 582/582 580/580
f 574/574 375/375 575/575
f 255/255 575/575 375/375
f 375/375 252/252 255/255
f 373/373 375/375 574/574
f 583/583 580/580 582/582
f 574/574 584/584 373/373
f 579/579 584/584 574/574
f 582/582 585/585 583/583
f 581/581 586/586 579/579
f 584/584 579/579 586/586
f 586/586 581/581 587/587
f 373/373 584/584 588/588
f 586/586 588/588 584/584
f 588/588 374/374 373/373
f 588/588 586/586 589/589
f 583/583 590/590 591/591
f 374/374 588/588 592/592
f 589/589 592/592 588/588
f 592/592 364/364 374/374
f 365/365 364/364 592/592
f 592/592 593/593 365/365
f 593/593 592/592 589/589
f 594/594 365/365 593/593
f 595/595 590/590 583/583
f 589/589 596/596 593/593
f 583/583 597/597 595/595
f 597/597 583/583 585/585
f 598/598 595/595 599/599
f 599/599 595/595 597/597
f 593/593 600/600 594/594
f 599/599 601/601 598/598
f 602/602 603/603 604/604
f 605/605 601/601 599/599
f 604/604 606/606 602/602
f 607/607 606/606 604/604
f 604/604 608/608 607/607
f 597/597 609/609 599/599
f 585/585 609/609 597/597
f 599/599 610/610 605/605
f 608/608 604/604 611/611
f 610/610 599/599 609/609
f 611/611 612/612 608/608
f 613/613 614/614 610/610
f 615/615 609/609 585/585
f 609/609 615/615 610/610
f 585/585 613/613 615/615
f 610/610 615/615 613/613
f 616/616 417/417 414/414
f 414/414 617/617 616/616
f 616/616 617/617 618/618
f 619/619 620/620 621/621
f 621/621 622/622 619/619
f 619/619 622/622 623/623
f 623/623 622/622 624/624
f 624/624 315/315 623/623
f 315/315 625/625 623/623
f 626/626 627/627 628/628
f 628/628 629/629 626/626
f 630/630 626/626 629/629
f 575/575 255/255 270/270
f 270/270 631/631 575/575
f 570/570 575/575 631/631
f 631/631 632/632 570/570
f 571/571 570/570 632/632
f 632/632 633/633 571/571
f 565/565 567/567 634/634
f 634/634 635/635 565/565
f 552/552 393/393 636/636
f 636/636 637/637 552/552
f 254/254 552/552 637/637
f 637/637 269/269 254/254
f 391/391 390/390 510/510
f 510/510 638/638 391/391
f 392/392 391/391 638/638
f 638/638 639/639 392/392
f 393/393 392/392 639/639
f 639/639 636/636 393/393
f 640/640 641/641 642/642
f 641/641 640/640 643/643
f 643/643 640/640 644/644
f 645/645 646/646 636/636
f 636/636 639/639 645/645
f 647/647 645/645 639/639
f 639/639 638/638 647/647
f 512/512 647/647 638/638
f 638/638 510/510 512/512
f 631/631 270/270 316/316
f 316/316 648/648 631/631
f 632/632 631/631 648/648
f 648/648 649/649 632/632
f 633/633 632/632 649/649
f 649/649 650/650 633/633
f 635/635 634/634 651/651
f 651/651 652/652 635/635
f 625/625 315/315 269/269
f 269/269 637/637 625/625
f 653/653 625/625 637/637
f 646/646 653/653 637/637
f 637/637 636/636 646/646
f 654/654 655/655 656/656
f 657/657 655/655 654/654
f 654/654 658/658 657/657
f 657/657 658/658 659/659
f 659/659 660/660 657/657
f 661/661 660/660 659/659
f 659/659 662/662 661/661
f 661/661 662/662 663/663
f 663/663 664/664 661/661
f 665/665 666/666 667/667
f 667/667 668/668 665/665
f 669/669 670/670 671/671
f 671/671 672/672 669/669
f 669/669 672/672 673/673
f 673/673 674/674 669/669
f 316/316 315/315 624/624
f 624/624 675/675 316/316
f 676/676 675/675 624/624
f 624/624 677/677 676/676
f 678/678 679/679 547/547
f 547/547 546/546 678/678
f 228/228 326/326 227/227
f 224/224 227/227 326/326
f 326/326 680/680 224/224
f 681/681 224/224 680/680
f 680/680 326/326 682/682
f 680/680 683/683 681/681
f 222/222 221/221 684/684
f 682/682 685/685 680/680
f 683/683 680/680 685/685
f 686/686 685/685 682/682
f 682/682 687/687 686/686
f 686/686 687/687 688/688
f 688/688 689/689 686/686
f 690/690 691/691 684/684
f 692/692 685/685 686/686
f 684/684 691/691 222/222
f 693/693 694/694 695/695
f 694/694 693/693 691/691
f 695/695 621/621 693/693
f 693/693 621/621 620/620
f 691/691 693/693 696/696
f 620/620 696/696 693/693
f 222/222 691/691 697/697
f 696/696 697/697 691/691
f 697/697 698/698 222/222
f 223/223 222/222 698/698
f 698/698 699/699 223/223
f 700/700 699/699 698/698
f 701/701 700/700 698/698
f 698/698 697/697 701/701
f 701/701 697/697 696/696
f 702/702 701/701 696/696
f 696/696 703/703 702/702
f 703/703 696/696 620/620
f 620/620 619/619 703/703
f 704/704 702/702 703/703
f 703/703 619/619 623/623
f 623/623 705/705 703/703
f 703/703 705/705 704/704
f 705/705 623/623 625/625
f 704/704 705/705 706/706
f 625/625 706/706 705/705
f 706/706 707/707 704/704
f 706/706 625/625 653/653
f 707/707 706/706 708/708
f 653/653 708/708 706/706
f 708/708 709/709 707/707
f 708/708 653/653 646/646
f 709/709 708/708 710/710
f 646/646 710/710 708/708
f 710/710 711/711 709/709
f 710/710 646/646 645/645
f 712/712 711/711 710/710
f 712/712 710/710 645/645
f 645/645 647/647 712/712
f 713/713 711/711 712/712
f 712/712 647/647 512/512
f 712/712 512/512 713/713
f 511/511 713/713 512/512
f 714/714 348/348 347/347
f 347/347 715/715 714/714
f 716/716 715/715 347/347
f 347/347 350/350 716/716
f 717/717 716/716 350/350
f 352/352 351/351 718/718
f 717/717 607/607 608/608
f 608/608 719/719 717/717
f 720/720 719/719 608/608
f 608/608 612/612 720/720
f 721/721 720/720 612/612
f 614/614 613/613 722/722
f 723/723 722/722 613/613
f 613/613 585/585 723/723
f 724/724 723/723 585/585
f 585/585 582/582 724/724
f 725/725 724/724 582/582
f 582/582 568/568 725/725
f 726/726 725/725 568/568
f 568/568 564/564 726/726
f 726/726 564/564 558/558
f 558/558 556/556 726/726
f 727/727 728/728 729/729
f 729/729 730/730 727/727
f 731/731 730/730 729/729
f 729/729 732/732 731/731
f 731/731 732/732 733/733
f 733/733 734/734 731/731
f 735/735 736/736 737/737
f 737/737 738/738 735/735
f 739/739 740/740 741/741
f 741/741 742/742 739/739
f 743/743 262/262 261/261
f 261/261 744/744 743/743
f 743/743 744/744 745/745
f 746/746 747/747 748/748
f 749/749 750/750 751/751
f 751/751 752/752 749/749
f 753/753 754/754 755/755
f 755/755 756/756 753/753
f 757/757 758/758 759/759
f 759/759 760/760 757/757
f 760/760 759/759 761/761
f 761/761 762/762 760/760
f 762/762 761/761 763/763
f 763/763 764/764 762/762
f 765/765 764/764 763/763
f 763/763 766/766 765/765
f 767/767 765/765 766/766
f 766/766 768/768 767/767
f 769/769 767/767 768/768
f 768/768 770/770 769/769
f 769/769 770/770 541/541
f 541/541 540/540 769/769
f 320/320 771/771 550/550
f 550/550 548/548 320/320
f 772/772 320/320 548/548
f 548/548 547/547 772/772
f 321/321 320/320 772/772
f 772/772 688/688 321/321
f 773/773 774/774 775/775
f 776/776 773/773 775/775
f 775/775 777/777 776/776
f 539/539 778/778 779/779
f 779/779 322/322 539/539
f 780/780 655/655 657/657
f 671/671 780/780 781/781
f 657/657 781/781 780/780
f 781/781 672/672 671/671
f 781/781 657/657 660/660
f 782/782 672/672 781/781
f 673/673 672/672 782/782
f 782/782 783/783 673/673
f 660/660 784/784 781/781
f 781/781 784/784 782/782
f 785/785 783/783 782/782
f 786/786 784/784 660/660
f 782/782 784/784 786/786
f 660/660 661/661 786/786
f 782/782 787/787 785/785
f 786/786 787/787 782/782
f 785/785 787/787 786/786
f 788/788 786/786 661/661
f 785/785 786/786 788/788
f 661/661 664/664 788/788
f 789/789 785/785 788/788
f 790/790 791/791 328/328
f 328/328 327/327 790/790
f 792/792 793/793 794/794
f 794/794 795/795 792/792
f 796/796 792/792 795/795
f 797/797 798/798 799/799
f 795/795 800/800 796/796
f 799/799 801/801 797/797
f 802/802 797/797 801/801
f 803/803 801/801 799/799
f 799/799 804/804 803/803
f 805/805 806/806 807/807
f 808/808 801/801 803/803
f 809/809 810/810 811/811
f 812/812 813/813 814/814
f 815/815 816/816 817/817
f 818/818 816/816 815/815
f 811/811 819/819 820/820
f 821/821 822/822 812/812
f 814/814 823/823 812/812
f 812/812 823/823 821/821
f 824/824 806/806 825/825
f 803/803 826/826 808/808
f 827/827 828/828 829/829
f 830/830 829/829 828/828
f 829/829 831/831 827/827
f 832/832 831/831 829/829
f 829/829 833/833 832/832
f 834/834 833/833 829/829
f 829/829 830/830 834/834
f 826/826 803/803 835/835
f 835/835 836/836 826/826
f 835/835 803/803 804/804
f 804/804 837/837 835/835
f 838/838 839/839 840/840
f 840/840 841/841 838/838
f 842/842 838/838 841/841
f 843/843 841/841 840/840
f 841/841 843/843 842/842
f 840/840 844/844 843/843
f 845/845 842/842 843/843
f 843/843 844/844 845/845
f 258/258 846/846 847/847
f 848/848 847/847 846/846
f 846/846 849/849 848/848
f 850/850 849/849 846/846
f 846/846 851/851 850/850
f 648/648 316/316 675/675
f 675/675 852/852 648/648
f 649/649 648/648 852/852
f 853/853 852/852 675/675
f 675/675 676/676 853/853
f 852/852 854/854 649/649
f 854/854 852/852 853/853
f 650/650 649/649 854/854
f 855/855 856/856 678/678
f 678/678 546/546 855/855
f 857/857 856/856 855/855
f 853/853 858/858 854/854
f 855/855 859/859 857/857
f 854/854 860/860 650/650
f 860/860 854/854 858/858
f 652/652 651/651 861/861
f 861/861 862/862 652/652
f 863/863 857/857 859/859
f 858/858 864/864 860/860
f 862/862 861/861 865/865
f 859/859 866/866 863/863
f 865/865 867/867 862/862
f 863/863 866/866 499/499
f 868/868 867/867 865/865
f 869/869 870/870 871/871
f 871/871 872/872 869/869
f 869/869 872/872 873/873
f 873/873 874/874 869/869
f 875/875 876/876 877/877
f 878/878 879/879 880/880
f 880/880 881/881 878/878
f 882/882 883/883 884/884
f 885/885 886/886 887/887
f 888/888 889/889 890/890
f 891/891 886/886 885/885
f 892/892 890/890 889/889
f 893/893 894/894 895/895
f 895/895 896/896 893/893
f 897/897 898/898 899/899
f 889/889 900/900 892/892
f 899/899 901/901 897/897
f 902/902 903/903 904/904
f 905/905 897/897 901/901
f 904/904 906/906 902/902
f 901/901 907/907 905/905
f 908/908 538/538 321/321
f 325/325 324/324 909/909
f 321/321 910/910 908/908
f 909/909 911/911 325/325
f 911/911 909/909 908/908
f 908/908 910/910 911/911
f 326/326 325/325 911/911
f 911/911 682/682 326/326
f 687/687 682/682 911/911
f 911/911 910/910 687/687
f 687/687 910/910 321/321
f 321/321 688/688 687/687
f 912/912 913/913 914/914
f 915/915 916/916 917/917
f 918/918 917/917 916/916
f 915/915 499/499 866/866
f 866/866 916/916 915/915
f 919/919 916/916 866/866
f 916/916 919/919 918/918
f 866/866 859/859 919/919
f 920/920 918/918 919/919
f 921/921 919/919 859/859
f 919/919 921/921 920/920
f 859/859 855/855 921/921
f 921/921 855/855 546/546
f 546/546 549/549 921/921
f 920/920 921/921 549/549
f 549/549 551/551 920/920
f 922/922 923/923 924/924
f 925/925 664/664 663/663
f 923/923 922/922 926/926
f 664/664 925/925 927/927
f 926/926 928/928 923/923
f 927/927 929/929 664/664
f 928/928 926/926 930/930
f 329/329 928/928 931/931
f 930/930 931/931 928/928
f 931/931 331/331 329/329
f 931/931 930/930 932/932
f 331/331 931/931 933/933
f 932/932 933/933 931/931
f 933/933 340/340 331/331
f 933/933 932/932 934/934
f 340/340 933/933 935/935
f 934/934 935/935 933/933
f 935/935 341/341 340/340
f 381/381 341/341 935/935
f 936/936 935/935 934/934
f 935/935 936/936 381/381
f 934/934 937/937 936/936
f 385/385 381/381 936/936
f 938/938 936/936 937/937
f 936/936 938/938 385/385
f 937/937 939/939 938/938
f 389/389 385/385 938/938
f 940/940 938/938 939/939
f 938/938 940/940 389/389
f 939/939 941/941 940/940
f 389/389 940/940 507/507
f 942/942 943/943 944/944
f 944/944 945/945 942/942
f 505/505 418/418 946/946
f 946/946 418/418 417/417
f 506/506 505/505 946/946
f 417/417 947/947 946/946
f 946/946 948/948 506/506
f 947/947 417/417 616/616
f 506/506 948/948 504/504
f 616/616 949/949 947/947
f 504/504 948/948 949/949
f 616/616 618/618 949/949
f 949/949 618/618 504/504
f 545/545 438/438 441/441
f 441/441 543/543 545/545
f 915/915 950/950 757/757
f 543/543 441/441 442/442
f 757/757 760/760 915/915
f 442/442 540/540 543/543
f 915/915 760/760 762/762
f 540/540 442/442 453/453
f 762/762 499/499 915/915
f 453/453 769/769 540/540
f 499/499 762/762 764/764
f 769/769 453/453 767/767
f 765/765 499/499 764/764
f 765/765 767/767 453/453
f 453/453 499/499 765/765
f 951/951 952/952 714/714
f 714/714 715/715 951/951
f 953/953 951/951 715/715
f 715/715 716/716 953/953
f 953/953 716/716 717/717
f 717/717 954/954 953/953
f 954/954 717/717 955/955
f 719/719 955/955 717/717
f 955/955 719/719 720/720
f 955/955 956/956 954/954
f 720/720 957/957 955/955
f 956/956 955/955 957/957
f 957/957 958/958 956/956
f 959/959 960/960 961/961
f 962/962 963/963 964/964
f 720/720 721/721 965/965
f 964/964 722/722 723/723
f 964/964 966/966 962/962
f 967/967 966/966 964/964
f 723/723 968/968 964/964
f 964/964 968/968 967/967
f 969/969 968/968 723/723
f 723/723 724/724 969/969
f 970/970 967/967 968/968
f 968/968 969/969 970/970
f 969/969 724/724 725/725
f 971/971 970/970 969/969
f 725/725 972/972 969/969
f 969/969 972/972 971/971
f 972/972 725/725 726/726
f 726/726 973/973 972/972
f 556/556 973/973 726/726
f 973/973 556/556 555/555
f 972/972 973/973 974/974
f 555/555 974/974 973/973
f 974/974 971/971 972/972
f 975/975 976/976 977/977
f 977/977 978/978 975/975
f 979/979 975/975 978/978
f 978/978 980/980 979/979
f 981/981 979/979 980/980
f 982/982 983/983 984/984
f 980/980 985/985 981/981
f 984/984 986/986 982/982
f 985/985 987/987 981/981
f 988/988 982/982 986/986
f 989/989 981/981 987/987
f 986/986 990/990 988/988
f 987/987 991/991 989/989
f 992/992 988/988 990/990
f 993/993 992/992 994/994
f 990/990 994/994 992/992
f 266/266 414/414 995/995
f 617/617 414/414 266/266
f 995/995 522/522 266/266
f 266/266 745/745 617/617
f 522/522 995/995 996/996
f 618/618 617/617 745/745
f 996/996 520/520 522/522
f 997/997 618/618 745/745
f 520/520 996/996 398/398
f 745/745 744/744 997/997
f 398/398 518/518 520/520
f 997/997 744/744 261/261
f 518/518 398/398 396/396
f 261/261 395/395 997/997
f 396/396 260/260 518/518
f 395/395 261/261 260/260
f 260/260 396/396 395/395
f 998/998 999/999 1000/1000
f 1000/1000 1001/1001 998/998
f 1002/1002 274/274 999/999
f 999/999 998/998 1002/1002
f 1003/1003 271/271 274/274
f 274/274 1002/1002 1003/1003
f 1004/1004 1005/1005 271/271
f 271/271 1003/1003 1004/1004
f 1006/1006 1007/1007 1005/1005
f 1005/1005 1004/1004 1006/1006
f 1008/1008 1009/1009 1007/1007
f 1007/1007 1006/1006 1008/1008
f 1010/1010 1011/1011 1009/1009
f 1009/1009 1008/1008 1010/1010
f 1012/1012 1013/1013 1011/1011
f 1011/1011 1010/1010 1012/1012
f 1001/1001 1000/1000 1013/1013
f 1013/1013 1012/1012 1001/1001
f 1014/1014 1015/1015 1016/1016
f 1016/1016 1017/1017 1014/1014
f 1018/1018 1019/1019 1020/1020
f 1020/1020 1021/1021 1018/1018
f 1022/1022 1023/1023 1024/1024
f 1024/1024 1025/1025 1022/1022
f 1026/1026 1027/1027 1028/1028
f 1028/1028 1029/1029 1026/1026
f 1030/1030 1031/1031 1032/1032
f 1032/1032 1033/1033 1030/1030
f 1034/1034 1035/1035 1036/1036
f 1036/1036 1037/1037 1034/1034
f 1038/1038 1039/1039 1040/1040
f 1040/1040 1041/1041 1038/1038
f 1042/1042 1043/1043 1044/1044
f 1044/1044 1045/1045 1042/1042
f 1046/1046 1042/1042 1045/1045
f 1045/1045 1047/1047 1046/1046
f 1048/1048 1046/1046 1047/1047
f 1047/1047 1049/1049 1048/1048
f 1050/1050 1051/1051 1052/1052
f 1052/1052 394/394 1050/1050
f 1050/1050 394/394 397/397
f 404/404 991/991 987/987
f 991/991 404/404 403/403
f 403/403 1053/1053 991/991
f 1054/1054 1053/1053 403/403
f 403/403 412/412 1054/1054
f 1055/1055 1054/1054 412/412
f 412/412 413/413 1055/1055
f 1056/1056 1055/1055 413/413
f 413/413 420/420 1056/1056
f 1006/1006 1004/1004 1003/1003
f 1003/1003 1008/1008 1006/1006
f 1008/1008 1003/1003 1002/1002
f 1002/1002 1010/1010 1008/1008
f 1002/1002 998/998 1010/1010
f 1010/1010 998/998 1001/1001
f 1001/1001 1012/1012 1010/1010
f 1057/1057 1058/1058 1059/1059
f 1060/1060 1061/1061 1062/1062
f 1063/1063 1064/1064 1065/1065
f 1066/1066 1060/1060 1067/1067
f 1067/1067 1068/1068 1066/1066
f 1069/1069 1070/1070 1071/1071
f 1068/1068 1072/1072 1073/1073
f 1074/1074 1075/1075 1076/1076
f 1074/1074 1077/1077 1075/1075
f 1077/1077 1074/1074 1078/1078
f 1079/1079 1080/1080 1081/1081
f 1082/1082 1083/1083 1084/1084
f 1085/1085 1079/1079 1086/1086
f 1086/1086 1087/1087 1085/1085
f 1088/1088 1089/1089 1090/1090
f 1087/1087 1091/1091 1092/1092
f 1093/1093 1094/1094 1095/1095
f 1096/1096 1097/1097 1098/1098
f 1099/1099 1100/1100 1101/1101
f 1102/1102 1103/1103 1104/1104
f 1105/1105 1106/1106 1107/1107
f 1108/1108 1109/1109 1110/1110
f 1110/1110 1111/1111 1108/1108
f 1111/1111 1110/1110 1112/1112
f 1112/1112 1113/1113 1111/1111
f 1114/1114 1113/1113 1112/1112
f 1112/1112 1115/1115 1114/1114
f 1063/1063 1116/1116 1117/1117
f 1117/1117 1118/1118 1063/1063
f 1063/1063 1118/1118 1119/1119
f 1119/1119 1064/1064 1063/1063
f 1082/1082 1120/1120 1121/1121
f 1121/1121 1122/1122 1082/1082
f 1082/1082 1122/1122 1123/1123
f 1123/1123 1083/1083 1082/1082
f 1124/1124 1125/1125 1126/1126
f 1038/1038 1127/1127 1128/1128
f 1129/1129 670/670 669/669
f 669/669 1130/1130 1129/1129
f 1131/1131 1130/1130 669/669
f 669/669 674/674 1131/1131
f 1132/1132 1133/1133 1134/1134
f 783/783 1135/1135 674/674
f 1135/1135 783/783 785/785
f 1136/1136 1131/1131 674/674
f 674/674 1135/1135 1136/1136
f 1137/1137 1138/1138 1139/1139
f 1136/1136 1135/1135 1140/1140
f 1138/1138 1137/1137 1141/1141
f 1131/1131 1136/1136 1142/1142
f 1131/1131 1143/1143 1144/1144
f 1142/1142 1136/1136 1145/1145
f 1145/1145 1146/1146 1142/1142
f 1147/1147 1144/1144 1143/1143
f 1148/1148 1147/1147 1143/1143
f 1136/1136 1149/1149 1145/1145
f 1144/1144 1150/1150 1151/1151
f 1152/1152 1153/1153 1151/1151
f 1151/1151 1150/1150 1152/1152
f 1153/1153 1154/1154 1151/1151
f 1151/1151 1154/1154 1155/1155
f 1149/1149 1136/1136 1156/1156
f 1140/1140 1156/1156 1136/1136
f 1156/1156 1157/1157 1149/1149
f 1158/1158 1159/1159 1160/1160
f 1141/1141 1161/1161 1138/1138
f 1160/1160 790/790 327/327
f 1162/1162 1158/1158 1163/1163
f 1160/1160 1163/1163 1158/1158
f 1163/1163 1164/1164 1162/1162
f 327/327 1165/1165 1160/1160
f 1163/1163 1160/1160 1165/1165
f 1165/1165 327/327 330/330
f 1164/1164 1163/1163 1166/1166
f 1165/1165 1166/1166 1163/1163
f 1166/1166 1167/1167 1164/1164
f 1167/1167 1166/1166 1168/1168
f 1168/1168 1166/1166 1165/1165
f 1168/1168 1169/1169 1167/1167
f 1170/1170 1169/1169 1168/1168
f 330/330 1171/1171 1165/1165
f 1165/1165 1171/1171 1168/1168
f 1172/1172 1171/1171 330/330
f 330/330 332/332 1172/1172
f 1173/1173 1168/1168 1171/1171
f 1171/1171 1172/1172 1173/1173
f 1168/1168 1173/1173 1170/1170
f 1174/1174 1172/1172 332/332
f 1170/1170 1173/1173 1175/1175
f 1175/1175 1173/1173 1172/1172
f 1172/1172 1174/1174 1175/1175
f 1175/1175 1176/1176 1170/1170
f 332/332 335/335 1174/1174
f 1177/1177 1178/1178 1179/1179
f 1179/1179 1178/1178 1180/1180
f 1179/1179 1155/1155 1177/1177
f 1181/1181 1182/1182 1183/1183
f 1180/1180 1184/1184 1179/1179
f 1183/1183 1185/1185 1181/1181
f 1155/1155 1179/1179 1151/1151
f 1186/1186 1181/1181 1185/1185
f 1179/1179 1184/1184 1187/1187
f 1187/1187 1151/1151 1179/1179
f 1185/1185 1188/1188 1186/1186
f 1187/1187 346/346 348/348
f 1151/1151 1187/1187 1189/1189
f 1189/1189 1187/1187 348/348
f 1189/1189 1144/1144 1151/1151
f 348/348 714/714 1189/1189
f 1190/1190 1144/1144 1189/1189
f 1191/1191 1189/1189 714/714
f 1189/1189 1191/1191 1190/1190
f 714/714 952/952 1191/1191
f 1192/1192 1193/1193 1194/1194
f 1195/1195 1196/1196 1197/1197
f 1198/1198 1199/1199 1200/1200
f 1201/1201 1202/1202 1203/1203
f 1203/1203 1204/1204 1201/1201
f 1200/1200 1205/1205 1198/1198
f 1206/1206 1198/1198 1205/1205
f 1205/1205 1200/1200 1207/1207
f 1208/1208 750/750 1209/1209
f 751/751 750/750 1208/1208
f 1205/1205 1210/1210 1206/1206
f 1209/1209 1211/1211 1208/1208
f 1212/1212 1210/1210 1205/1205
f 1207/1207 1213/1213 1205/1205
f 1214/1214 1215/1215 1216/1216
f 1217/1217 1215/1215 1218/1218
f 1218/1218 1219/1219 1217/1217
f 1220/1220 1216/1216 1215/1215
f 1215/1215 1217/1217 1220/1220
f 1208/1208 1221/1221 751/751
f 1222/1222 1217/1217 1219/1219
f 1219/1219 1223/1223 1222/1222
f 1224/1224 1220/1220 1217/1217
f 1225/1225 1226/1226 1227/1227
f 1228/1228 751/751 1221/1221
f 1228/1228 1221/1221 1227/1227
f 1229/1229 751/751 1228/1228
f 1230/1230 1231/1231 1232/1232
f 1227/1227 1233/1233 1228/1228
f 1234/1234 1232/1232 1235/1235
f 1232/1232 1234/1234 1230/1230
f 1235/1235 1236/1236 1234/1234
f 1237/1237 1228/1228 1233/1233
f 1233/1233 1238/1238 1237/1237
f 1228/1228 1237/1237 1229/1229
f 1239/1239 1234/1234 1236/1236
f 1240/1240 1241/1241 1242/1242
f 1236/1236 1243/1243 1239/1239
f 1242/1242 1244/1244 1240/1240
f 1245/1245 1246/1246 1247/1247
f 1248/1248 1249/1249 1250/1250
f 1247/1247 1251/1251 1245/1245
f 1250/1250 1252/1252 1248/1248
f 1252/1252 1250/1250 1253/1253
f 1253/1253 1254/1254 1252/1252
f 1255/1255 1248/1248 1252/1252
f 1256/1256 1251/1251 1247/1247
f 1252/1252 1254/1254 1257/1257
f 1247/1247 1258/1258 1256/1256
f 1256/1256 1258/1258 1259/1259
f 1259/1259 1260/1260 1256/1256
f 1257/1257 1261/1261 1262/1262
f 1257/1257 1263/1263 1252/1252
f 1262/1262 1263/1263 1257/1257
f 1252/1252 1263/1263 1255/1255
f 1263/1263 1262/1262 1264/1264
f 1264/1264 1255/1255 1263/1263
f 1265/1265 1266/1266 1267/1267
f 1268/1268 1265/1265 1269/1269
f 1269/1269 1270/1270 1268/1268
f 1271/1271 1272/1272 1273/1273
f 1274/1274 1275/1275 1276/1276
f 1277/1277 1278/1278 1279/1279
f 1269/1269 1273/1273 1280/1280
f 1281/1281 1274/1274 1277/1277
f 1270/1270 1269/1269 1280/1280
f 1280/1280 1282/1282 1270/1270
f 1283/1283 1284/1284 1281/1281
f 1285/1285 1277/1277 1286/1286
f 1277/1277 1285/1285 1281/1281
f 1281/1281 1285/1285 1283/1283
f 1285/1285 1286/1286 1287/1287
f 1287/1287 1283/1283 1285/1285
f 1288/1288 323/323 229/229
f 323/323 230/230 229/229
f 1289/1289 244/244 1290/1290
f 241/241 244/244 1289/1289
f 256/256 847/847 1291/1291
f 258/258 847/847 256/256
f 656/656 655/655 780/780
f 1058/1058 1057/1057 1292/1292
f 1126/1126 1293/1293 1124/1124
f 1128/1128 1039/1039 1038/1038
f 1267/1267 1294/1294 1265/1265
f 1294/1294 1269/1269 1265/1265
f 1271/1271 1269/1269 1294/1294
f 1273/1273 1269/1269 1271/1271
f 1276/1276 1278/1278 1274/1274
f 1278/1278 1277/1277 1274/1274
f 1279/1279 1295/1295 1277/1277
f 1295/1295 1286/1286 1277/1277
f 547/547 679/679 1296/1296
f 1296/1296 772/772 547/547
f 772/772 1296/1296 689/689
f 689/689 688/688 772/772
f 624/624 622/622 1297/1297
f 1297/1297 677/677 624/624
f 1297/1297 622/622 621/621
f 621/621 695/695 1297/1297
f 1298/1298 1299/1299 1300/1300
f 1300/1300 1301/1301 1298/1298
f 1302/1302 1303/1303 1304/1304
f 1304/1304 1305/1305 1306/1306
f 1306/1306 1307/1307 1308/1308
f 1304/1304 1306/1306 1308/1308
f 1302/1302 1304/1304 1308/1308
f 1309/1309 1302/1302 1308/1308
f 1301/1301 1310/1310 1311/1311
f 1311/1311 1298/1298 1301/1301
f 1312/1312 1313/1313 1314/1314
f 1315/1315 1311/1311 1310/1310
f 1316/1316 1317/1317 1314/1314
f 1318/1318 1316/1316 1314/1314
f 1313/1313 1318/1318 1314/1314
f 1319/1319 1320/1320 1321/1321
f 1321/1321 1322/1322 1319/1319
f 1323/1323 1324/1324 1325/1325
f 1325/1325 1326/1326 1323/1323
f 1327/1327 1328/1328 1329/1329
f 1329/1329 1330/1330 1327/1327
f 1331/1331 1332/1332 1333/1333
f 1333/1333 1334/1334 1331/1331
f 1335/1335 1336/1336 1337/1337
f 1337/1337 1338/1338 1335/1335
f 1339/1339 1340/1340 1341/1341
f 1341/1341 1342/1342 1339/1339
f 1343/1343 1344/1344 1345/1345
f 1345/1345 1346/1346 1343/1343
f 1347/1347 1348/1348 1349/1349
f 1349/1349 1350/1350 1347/1347
f 1351/1351 1352/1352 1353/1353
f 1353/1353 1354/1354 1351/1351
f 1355/1355 1356/1356 1357/1357
f 1357/1357 1358/1358 1355/1355
f 1359/1359 1360/1360 1361/1361
f 1361/1361 1362/1362 1359/1359
f 1363/1363 1364/1364 1365/1365
f 1365/1365 1366/1366 1363/1363
f 1367/1367 1368/1368 1369/1369
f 1369/1369 1370/1370 1367/1367
f 1371/1371 1372/1372 1373/1373
f 1373/1373 1374/1374 1371/1371
f 1375/1375 1376/1376 1377/1377
f 1377/1377 1378/1378 1375/1375
f 1379/1379 1380/1380 1381/1381
f 1381/1381 1382/1382 1379/1379
f 1383/1383 1384/1384 1385/1385
f 1385/1385 1386/1386 1383/1383
f 1387/1387 1388/1388 1389/1389
f 1389/1389 1390/1390 1387/1387
f 1391/1391 1392/1392 1393/1393
f 1393/1393 1394/1394 1391/1391
f 1395/1395 1396/1396 1397/1397
f 1397/1397 1398/1398 1395/1395
f 1143/1143 1131/1131 1142/1142
f 1142/1142 1148/1148 1143/1143
f 1146/1146 1145/1145 1399/1399
f 1144/1144 1147/1147 1150/1150
f 1400/1400 1153/1153 1152/1152
f 1401/1401 1402/1402 1384/1384
f 1384/1384 1383/1383 1401/1401
f 1403/1403 1404/1404 1405/1405
f 1405/1405 1406/1406 1403/1403
f 1390/1390 1389/1389 1407/1407
f 1407/1407 1408/1408 1390/1390
f 1394/1394 1393/1393 1409/1409
f 1409/1409 1410/1410 1394/1394
f 1411/1411 1412/1412 1413/1413
f 1413/1413 1414/1414 1411/1411
f 1415/1415 1416/1416 1417/1417
f 1417/1417 1418/1418 1415/1415
f 1418/1418 1417/1417 1419/1419
f 1419/1419 1420/1420 1418/1418
f 1420/1420 1419/1419 1421/1421
f 1421/1421 1422/1422 1420/1420
f 1423/1423 1424/1424 1425/1425
f 1425/1425 1426/1426 1423/1423
f 1426/1426 1425/1425 1427/1427
f 1427/1427 1428/1428 1426/1426
f 1429/1429 1430/1430 1431/1431
f 1431/1431 1432/1432 1429/1429
f 1432/1432 1431/1431 1433/1433
f 1433/1433 1434/1434 1432/1432
f 1434/1434 1433/1433 1435/1435
f 1435/1435 1436/1436 1434/1434
f 1437/1437 1438/1438 1412/1412
f 1412/1412 1411/1411 1437/1437
f 1439/1439 1440/1440 1441/1441
f 1441/1441 1442/1442 1443/1443
f 1439/1439 1441/1441 1443/1443
f 1443/1443 1444/1444 1445/1445
f 1439/1439 1443/1443 1445/1445
f 1445/1445 1446/1446 1447/1447
f 1439/1439 1445/1445 1447/1447
f 1448/1448 1439/1439 1447/1447
f 1399/1399 1145/1145 1153/1153
f 1153/1153 1400/1400 1399/1399
f 1149/1149 1449/1449 1450/1450
f 1450/1450 1145/1145 1149/1149
f 1145/1145 1450/1450 1451/1451
f 1451/1451 1153/1153 1145/1145
f 1153/1153 1451/1451 1452/1452
f 1452/1452 1154/1154 1153/1153
f 1154/1154 1452/1452 1453/1453
f 1453/1453 1155/1155 1154/1154
f 1155/1155 1453/1453 1454/1454
f 1454/1454 1177/1177 1155/1155
f 1176/1176 1455/1455 1456/1456
f 1456/1456 1170/1170 1176/1176
f 1170/1170 1456/1456 1457/1457
f 1457/1457 1169/1169 1170/1170
f 1169/1169 1457/1457 1458/1458
f 1458/1458 1167/1167 1169/1169
f 1167/1167 1458/1458 1459/1459
f 1459/1459 1164/1164 1167/1167
f 1164/1164 1459/1459 1460/1460
f 1460/1460 1162/1162 1164/1164
f 1157/1157 1461/1461 1449/1449
f 1449/1449 1149/1149 1157/1157
f 1449/1449 1301/1301 1300/1300
f 1300/1300 1450/1450 1449/1449
f 1450/1450 1300/1300 1299/1299
f 1299/1299 1451/1451 1450/1450
f 1451/1451 1299/1299 1298/1298
f 1298/1298 1452/1452 1451/1451
f 1452/1452 1298/1298 1311/1311
f 1311/1311 1453/1453 1452/1452
f 1462/1462 1463/1463 1464/1464
f 1464/1464 1465/1465 1462/1462
f 1455/1455 1314/1314 1317/1317
f 1317/1317 1456/1456 1455/1455
f 1456/1456 1317/1317 1316/1316
f 1316/1316 1457/1457 1456/1456
f 1457/1457 1316/1316 1318/1318
f 1318/1318 1458/1458 1457/1457
f 1458/1458 1318/1318 1313/1313
f 1313/1313 1459/1459 1458/1458
f 1466/1466 1467/1467 1468/1468
f 1468/1468 1469/1469 1466/1466
f 1461/1461 1310/1310 1301/1301
f 1301/1301 1449/1449 1461/1461
f 1470/1470 1471/1471 778/778
f 778/778 539/539 1470/1470
f 1472/1472 1473/1473 1474/1474
f 1474/1474 1475/1475 1472/1472
f 1476/1476 1477/1477 1478/1478
f 1478/1478 1479/1479 1476/1476
f 945/945 944/944 1480/1480
f 1480/1480 1481/1481 945/945
f 1482/1482 1483/1483 1484/1484
f 1484/1484 1485/1485 1482/1482
f 1486/1486 1487/1487 1488/1488
f 1488/1488 1489/1489 1486/1486
f 1490/1490 1491/1491 1492/1492
f 1492/1492 1493/1493 1490/1490
f 1494/1494 1495/1495 1496/1496
f 1496/1496 1497/1497 1494/1494
f 1498/1498 1499/1499 1500/1500
f 1500/1500 1501/1501 1498/1498
f 1502/1502 1503/1503 945/945
f 945/945 1481/1481 1502/1502
f 1504/1504 1503/1503 1502/1502
f 1502/1502 1505/1505 1504/1504
f 1506/1506 1504/1504 1505/1505
f 1505/1505 1507/1507 1506/1506
f 232/232 1508/1508 1509/1509
f 1509/1509 233/233 232/232
f 1510/1510 1511/1511 1512/1512
f 1512/1512 1513/1513 1510/1510
f 1477/1477 1476/1476 1514/1514
f 1514/1514 1515/1515 1477/1477
f 1516/1516 1479/1479 1478/1478
f 1478/1478 1517/1517 1516/1516
f 1518/1518 1472/1472 1475/1475
f 1475/1475 1519/1519 1518/1518
f 1515/1515 1514/1514 1520/1520
f 1520/1520 1521/1521 1515/1515
f 1521/1521 1520/1520 1522/1522
f 1522/1522 1523/1523 1521/1521
f 1524/1524 1525/1525 1526/1526
f 1526/1526 1527/1527 1524/1524
f 1528/1528 1529/1529 1530/1530
f 1526/1526 1531/1531 1532/1532
f 1526/1526 1532/1532 1533/1533
f 1527/1527 1526/1526 1533/1533
f 1491/1491 1490/1490 1489/1489
f 1489/1489 1488/1488 1491/1491
f 1511/1511 1534/1534 1535/1535
f 1535/1535 1512/1512 1511/1511
f 1499/1499 1510/1510 1513/1513
f 1513/1513 1500/1500 1499/1499
f 1536/1536 1494/1494 1497/1497
f 1497/1497 1537/1537 1536/1536
f 1538/1538 1539/1539 1540/1540
f 1540/1540 1541/1541 1538/1538
f 1542/1542 1538/1538 1541/1541
f 1541/1541 1543/1543 1542/1542
f 1542/1542 1543/1543 1544/1544
f 1544/1544 1545/1545 1542/1542
f 1546/1546 1547/1547 1548/1548
f 1548/1548 1549/1549 1546/1546
f 1549/1549 1548/1548 1550/1550
f 1550/1550 1551/1551 1549/1549
f 1551/1551 1550/1550 1552/1552
f 1552/1552 1553/1553 1551/1551
f 1554/1554 1555/1555 1553/1553
f 1553/1553 1552/1552 1554/1554
f 1544/1544 1556/1556 1557/1557
f 1557/1557 1545/1545 1544/1544
f 1509/1509 1507/1507 1505/1505
f 1505/1505 233/233 1509/1509
f 1480/1480 1527/1527 1533/1533
f 1533/1533 1481/1481 1480/1480
f 1558/1558 1559/1559 1560/1560
f 1560/1560 1561/1561 1558/1558
f 1562/1562 1563/1563 1564/1564
f 1564/1564 1565/1565 1562/1562
f 1566/1566 1567/1567 1568/1568
f 1568/1568 1569/1569 1566/1566
f 1570/1570 1571/1571 1572/1572
f 1572/1572 1573/1573 1570/1570
f 1574/1574 1575/1575 1576/1576
f 1576/1576 1577/1577 1574/1574
f 1578/1578 1579/1579 1580/1580
f 1580/1580 1581/1581 1578/1578
f 1582/1582 1583/1583 1584/1584
f 1584/1584 1585/1585 1582/1582
f 1586/1586 1587/1587 1588/1588
f 1588/1588 1589/1589 1586/1586
f 1590/1590 1591/1591 1592/1592
f 1592/1592 1593/1593 1590/1590
f 1594/1594 1595/1595 1596/1596
f 1596/1596 1597/1597 1594/1594
f 1598/1598 1599/1599 1600/1600
f 1600/1600 1601/1601 1598/1598
f 1602/1602 1603/1603 1604/1604
f 1604/1604 1605/1605 1602/1602
f 1606/1606 1607/1607 1608/1608
f 1608/1608 1609/1609 1606/1606
f 1610/1610 1611/1611 1612/1612
f 1612/1612 1613/1613 1610/1610
f 1614/1614 1615/1615 1616/1616
f 1616/1616 1617/1617 1614/1614
f 1618/1618 1619/1619 1620/1620
f 1621/1621 1622/1622 1623/1623
f 1624/1624 1622/1622 1621/1621
f 1625/1625 1622/1622 1624/1624
f 1626/1626 1622/1622 1625/1625
f 1627/1627 1628/1628 1629/1629
f 1630/1630 1631/1631 1632/1632
f 1633/1633 1634/1634 1635/1635
f 1633/1633 1636/1636 1634/1634
f 1633/1633 1637/1637 1636/1636
f 1633/1633 1638/1638 1637/1637
f 245/245 247/247 1639/1639
f 1640/1640 1641/1641 1642/1642
f 1641/1641 1640/1640 1643/1643
f 1644/1644 1645/1645 1646/1646
f 1645/1645 1644/1644 1647/1647
f 256/256 1648/1648 257/257
f 1649/1649 1650/1650 1651/1651
f 1650/1650 1649/1649 1652/1652
f 1653/1653 1654/1654 1655/1655
f 1656/1656 1657/1657 1658/1658
f 1659/1659 1647/1647 1660/1660
f 1647/1647 1659/1659 1645/1645
f 1661/1661 1662/1662 1663/1663
f 1662/1662 1661/1661 1664/1664
f 1665/1665 1666/1666 1667/1667
f 1666/1666 1665/1665 1668/1668
f 1669/1669 1670/1670 1671/1671
f 1670/1670 1669/1669 1672/1672
f 1673/1673 1674/1674 1675/1675
f 1674/1674 1673/1673 1676/1676
f 1677/1677 1678/1678 1679/1679
f 1678/1678 1677/1677 1680/1680
f 1681/1681 1682/1682 1683/1683
f 1682/1682 1681/1681 1684/1684
f 1668/1668 1685/1685 1666/1666
f 1685/1685 1668/1668 1686/1686
f 1687/1687 1688/1688 1689/1689
f 1690/1690 1691/1691 1692/1692
f 1693/1693 1694/1694 1695/1695
f 1694/1694 1693/1693 1696/1696
f 1697/1697 1698/1698 1699/1699
f 1698/1698 1697/1697 1700/1700
f 1701/1701 1702/1702 1703/1703
f 1697/1697 1704/1704 1700/1700
f 1705/1705 1660/1660 1706/1706
f 1660/1660 1705/1705 1659/1659
f 1707/1707 1708/1708 1709/1709
f 1710/1710 1711/1711 1712/1712
f 323/323 1713/1713 324/324
f 324/324 1713/1713 1714/1714
f 1715/1715 1714/1714 1713/1713
f 1714/1714 1715/1715 1716/1716
f 1717/1717 1718/1718 1719/1719
f 1718/1718 1717/1717 1720/1720
f 1720/1720 1721/1721 1718/1718
f 1722/1722 1721/1721 1720/1720
f 1721/1721 1722/1722 1723/1723
f 1722/1722 1724/1724 1723/1723
f 1724/1724 1722/1722 1725/1725
f 1726/1726 1727/1727 1728/1728
f 1729/1729 1721/1721 1723/1723
f 1721/1721 1729/1729 1730/1730
f 1729/1729 1731/1731 1730/1730
f 1724/1724 1732/1732 1723/1723
f 1732/1732 1729/1729 1723/1723
f 1727/1727 1726/1726 1733/1733
f 1731/1731 1729/1729 1734/1734
f 1726/1726 1735/1735 1733/1733
f 1735/1735 1726/1726 1736/1736
f 1737/1737 1736/1736 1738/1738
f 1736/1736 1737/1737 1735/1735
f 1737/1737 1739/1739 1735/1735
f 1739/1739 1733/1733 1735/1735
f 1739/1739 1737/1737 1740/1740
f 1741/1741 1742/1742 1743/1743
f 1742/1742 1741/1741 1744/1744
f 1745/1745 1742/1742 1744/1744
f 1733/1733 1739/1739 1746/1746
f 1742/1742 1745/1745 1747/1747
f 1748/1748 1749/1749 1750/1750
f 1745/1745 1751/1751 1747/1747
f 1749/1749 1748/1748 1724/1724
f 1751/1751 1745/1745 1752/1752
f 1732/1732 1724/1724 1748/1748
f 1752/1752 1753/1753 1751/1751
f 1732/1732 1754/1754 1755/1755
f 1756/1756 1757/1757 1758/1758
f 1729/1729 1732/1732 1759/1759
f 1757/1757 1756/1756 1760/1760
f 1759/1759 1734/1734 1729/1729
f 1760/1760 1761/1761 1757/1757
f 1734/1734 1759/1759 1762/1762
f 1762/1762 1763/1763 1764/1764
f 1765/1765 1762/1762 1764/1764
f 1766/1766 1734/1734 1762/1762
f 1765/1765 1766/1766 1762/1762
f 1767/1767 1768/1768 1769/1769
f 1766/1766 1765/1765 1646/1646
f 1734/1734 1766/1766 1770/1770
f 1770/1770 1731/1731 1734/1734
f 1731/1731 1770/1770 1771/1771
f 1646/1646 1772/1772 1766/1766
f 1772/1772 1646/1646 1773/1773
f 1766/1766 1774/1774 1770/1770
f 1774/1774 1771/1771 1770/1770
f 1774/1774 1766/1766 1772/1772
f 1771/1771 1774/1774 1775/1775
f 1773/1773 1776/1776 1772/1772
f 1776/1776 1774/1774 1772/1772
f 1776/1776 1773/1773 1777/1777
f 1778/1778 1775/1775 1774/1774
f 1774/1774 1776/1776 1778/1778
f 1775/1775 1778/1778 1779/1779
f 1778/1778 1780/1780 1779/1779
f 1780/1780 1778/1778 1781/1781
f 1776/1776 1781/1781 1778/1778
f 1781/1781 1776/1776 1782/1782
f 1777/1777 1782/1782 1776/1776
f 1782/1782 1777/1777 1783/1783
f 1784/1784 1785/1785 1786/1786
f 1785/1785 1784/1784 1787/1787
f 1787/1787 1788/1788 1785/1785
f 1788/1788 1787/1787 1789/1789
f 1790/1790 1791/1791 1792/1792
f 1793/1793 1790/1790 1794/1794
f 1791/1791 1790/1790 1795/1795
f 1795/1795 1796/1796 1791/1791
f 1790/1790 1793/1793 1797/1797
f 1797/1797 1795/1795 1790/1790
f 1796/1796 1795/1795 1798/1798
f 1798/1798 1799/1799 1796/1796
f 1795/1795 1797/1797 1800/1800
f 1800/1800 1798/1798 1795/1795
f 1793/1793 1801/1801 1797/1797
f 1801/1801 1800/1800 1797/1797
f 1801/1801 1793/1793 1802/1802
f 1803/1803 1801/1801 1802/1802
f 1804/1804 1805/1805 1806/1806
f 1804/1804 1806/1806 1807/1807
f 1806/1806 1808/1808 1807/1807
f 1801/1801 1803/1803 1809/1809
f 420/420 1809/1809 1803/1803
f 1808/1808 1806/1806 1810/1810
f 1810/1810 1811/1811 1808/1808
f 1812/1812 1813/1813 1798/1798
f 1798/1798 1800/1800 1812/1812
f 1814/1814 1815/1815 1813/1813
f 1813/1813 1812/1812 1814/1814
f 1816/1816 1815/1815 1817/1817
f 1818/1818 1819/1819 1811/1811
f 1820/1820 1812/1812 1800/1800
f 1800/1800 1801/1801 1820/1820
f 1809/1809 1820/1820 1801/1801
f 1812/1812 1820/1820 1821/1821
f 1821/1821 1814/1814 1812/1812
f 1820/1820 1809/1809 1822/1822
f 1822/1822 1821/1821 1820/1820
f 434/434 1822/1822 1809/1809
f 1809/1809 420/420 434/434
f 1821/1821 1822/1822 1823/1823
f 1822/1822 434/434 436/436
f 436/436 1823/1823 1822/1822
f 1823/1823 436/436 437/437
f 438/438 1824/1824 439/439
f 1824/1824 438/438 1825/1825
f 1826/1826 1824/1824 1825/1825
f 1824/1824 1826/1826 1827/1827
f 444/444 1828/1828 445/445
f 1828/1828 444/444 1829/1829
f 1828/1828 448/448 445/445
f 1830/1830 1829/1829 1831/1831
f 1829/1829 1830/1830 1828/1828
f 1826/1826 1832/1832 1827/1827
f 1833/1833 1830/1830 1831/1831
f 1832/1832 1826/1826 1834/1834
f 1832/1832 1834/1834 1835/1835
f 1836/1836 1833/1833 1837/1837
f 1833/1833 1836/1836 1838/1838
f 1836/1836 1817/1817 1838/1838
f 1830/1830 1833/1833 1839/1839
f 1833/1833 1838/1838 1839/1839
f 1840/1840 1838/1838 1817/1817
f 1838/1838 1840/1840 1839/1839
f 1839/1839 1841/1841 1830/1830
f 1841/1841 1839/1839 1840/1840
f 1841/1841 1828/1828 1830/1830
f 1817/1817 1842/1842 1840/1840
f 1842/1842 1817/1817 1815/1815
f 1815/1815 1814/1814 1842/1842
f 1843/1843 1840/1840 1842/1842
f 1840/1840 1843/1843 1841/1841
f 1844/1844 1842/1842 1814/1814
f 1842/1842 1844/1844 1843/1843
f 1814/1814 1821/1821 1844/1844
f 1823/1823 1844/1844 1821/1821
f 1844/1844 1823/1823 1845/1845
f 1845/1845 1843/1843 1844/1844
f 437/437 1845/1845 1823/1823
f 1846/1846 1841/1841 1843/1843
f 1843/1843 1845/1845 1846/1846
f 1845/1845 437/437 466/466
f 466/466 1846/1846 1845/1845
f 1841/1841 1846/1846 1847/1847
f 1828/1828 1841/1841 1847/1847
f 448/448 1828/1828 1847/1847
f 468/468 1847/1847 1846/1846
f 1847/1847 468/468 448/448
f 1846/1846 466/466 468/468
f 1848/1848 1849/1849 1850/1850
f 1849/1849 1848/1848 1851/1851
f 1851/1851 1852/1852 1849/1849
f 1852/1852 1851/1851 1853/1853
f 1853/1853 1854/1854 1852/1852
f 1854/1854 1853/1853 1855/1855
f 1856/1856 1854/1854 1855/1855
f 1854/1854 1856/1856 1857/1857
f 1858/1858 1857/1857 1856/1856
f 1857/1857 1858/1858 1859/1859
f 1858/1858 1860/1860 1859/1859
f 1860/1860 1858/1858 1861/1861
f 1861/1861 1862/1862 1860/1860
f 1862/1862 1861/1861 1863/1863
f 1863/1863 1864/1864 1862/1862
f 1864/1864 1863/1863 1865/1865
f 1865/1865 1866/1866 1864/1864
f 1866/1866 1865/1865 1867/1867
f 1867/1867 1868/1868 1866/1866
f 1868/1868 1867/1867 1869/1869
f 1869/1869 1870/1870 1868/1868
f 1870/1870 1869/1869 1871/1871
f 1871/1871 1872/1872 1870/1870
f 1872/1872 1871/1871 1873/1873
f 1874/1874 1872/1872 1873/1873
f 1872/1872 1874/1874 1875/1875
f 1876/1876 1875/1875 1874/1874
f 1875/1875 1876/1876 1877/1877
f 1876/1876 1850/1850 1877/1877
f 1850/1850 1876/1876 1848/1848
f 1878/1878 1835/1835 1834/1834
f 1835/1835 1878/1878 1879/1879
f 1879/1879 1880/1880 1835/1835
f 1819/1819 1881/1881 1882/1882
f 1882/1882 1861/1861 1819/1819
f 1858/1858 1819/1819 1861/1861
f 1861/1861 1882/1882 1863/1863
f 1819/1819 1858/1858 1811/1811
f 1865/1865 1863/1863 1882/1882
f 1811/1811 1858/1858 1856/1856
f 1865/1865 1882/1882 1867/1867
f 1856/1856 1855/1855 1811/1811
f 1869/1869 1867/1867 1882/1882
f 1855/1855 1808/1808 1811/1811
f 1882/1882 1871/1871 1869/1869
f 1808/1808 1855/1855 1853/1853
f 1883/1883 1871/1871 1882/1882
f 1851/1851 1808/1808 1853/1853
f 1871/1871 1883/1883 1873/1873
f 1808/1808 1851/1851 1884/1884
f 1883/1883 1885/1885 1873/1873
f 1848/1848 1884/1884 1851/1851
f 1848/1848 1885/1885 1884/1884
f 1873/1873 1885/1885 1874/1874
f 1885/1885 1848/1848 1876/1876
f 1876/1876 1874/1874 1885/1885
f 1779/1779 1886/1886 1887/1887
f 1886/1886 1779/1779 1780/1780
f 1780/1780 1888/1888 1886/1886
f 1888/1888 1780/1780 1889/1889
f 1889/1889 1890/1890 1888/1888
f 1890/1890 1889/1889 1891/1891
f 1892/1892 515/515 1893/1893
f 1893/1893 515/515 516/516
f 1651/1651 1894/1894 1649/1649
f 1894/1894 1651/1651 1895/1895
f 1895/1895 1896/1896 1894/1894
f 1896/1896 1895/1895 1897/1897
f 1897/1897 1898/1898 1896/1896
f 1898/1898 1897/1897 1899/1899
f 1899/1899 1658/1658 1898/1898
f 1658/1658 1899/1899 1656/1656
f 1900/1900 1901/1901 1902/1902
f 1901/1901 1900/1900 1903/1903
f 1904/1904 1905/1905 1906/1906
f 1905/1905 1904/1904 1907/1907
f 1908/1908 1909/1909 1910/1910
f 1909/1909 1908/1908 1911/1911
f 535/535 1912/1912 536/536
f 1712/1712 1913/1913 538/538
f 1913/1913 1712/1712 1711/1711
f 1914/1914 1915/1915 1916/1916
f 1915/1915 1914/1914 1917/1917
f 1917/1917 544/544 1915/1915
f 544/544 1917/1917 545/545
f 1918/1918 1919/1919 1920/1920
f 1919/1919 1918/1918 1921/1921
f 1921/1921 550/550 1919/1919
f 550/550 1921/1921 551/551
f 1773/1773 1783/1783 1777/1777
f 1783/1783 1773/1773 1922/1922
f 1646/1646 1922/1922 1773/1773
f 1922/1922 1646/1646 1645/1645
f 1923/1923 555/555 554/554
f 555/555 1923/1923 1924/1924
f 1925/1925 1924/1924 1923/1923
f 1924/1924 1925/1925 1926/1926
f 1927/1927 1926/1926 1925/1925
f 1926/1926 1927/1927 1928/1928
f 1927/1927 1929/1929 1928/1928
f 1929/1929 1927/1927 1930/1930
f 1931/1931 1926/1926 1928/1928
f 1929/1929 1931/1931 1928/1928
f 1926/1926 1931/1931 1932/1932
f 1930/1930 1933/1933 1929/1929
f 1933/1933 1930/1930 1934/1934
f 1931/1931 1929/1929 1933/1933
f 1935/1935 1931/1931 1933/1933
f 1931/1931 1936/1936 1932/1932
f 1931/1931 1935/1935 1937/1937
f 1938/1938 1939/1939 1940/1940
f 1936/1936 1931/1931 1941/1941
f 1939/1939 1938/1938 1942/1942
f 1943/1943 1942/1942 1938/1938
f 1944/1944 1931/1931 1937/1937
f 1945/1945 1946/1946 1947/1947
f 1942/1942 1946/1946 1939/1939
f 1948/1948 1936/1936 1941/1941
f 1946/1946 1949/1949 1947/1947
f 1936/1936 1948/1948 1950/1950
f 1942/1942 1943/1943 1765/1765
f 1647/1647 1765/1765 1943/1943
f 1765/1765 1647/1647 1644/1644
f 1764/1764 1942/1942 1765/1765
f 1951/1951 1950/1950 1948/1948
f 1942/1942 1764/1764 1952/1952
f 1946/1946 1942/1942 1952/1952
f 1950/1950 1951/1951 1953/1953
f 1949/1949 1946/1946 1954/1954
f 1952/1952 1954/1954 1946/1946
f 1954/1954 1955/1955 1949/1949
f 1764/1764 1956/1956 1952/1952
f 1954/1954 1952/1952 1956/1956
f 1956/1956 1764/1764 1763/1763
f 1956/1956 1957/1957 1954/1954
f 1951/1951 1958/1958 1959/1959
f 1763/1763 1960/1960 1956/1956
f 1957/1957 1956/1956 1960/1960
f 1960/1960 1763/1763 1755/1755
f 1754/1754 1960/1960 1755/1755
f 1960/1960 1754/1754 1961/1961
f 1961/1961 1957/1957 1960/1960
f 1962/1962 1961/1961 1754/1754
f 1963/1963 1951/1951 1959/1959
f 1957/1957 1961/1961 1964/1964
f 1951/1951 1963/1963 1965/1965
f 1965/1965 1953/1953 1951/1951
f 1966/1966 1967/1967 1963/1963
f 1967/1967 1965/1965 1963/1963
f 1961/1961 1962/1962 1968/1968
f 1967/1967 1966/1966 1969/1969
f 1970/1970 1971/1971 1972/1972
f 1973/1973 1967/1967 1969/1969
f 1971/1971 1970/1970 1974/1974
f 1975/1975 1971/1971 1974/1974
f 1971/1971 1975/1975 1976/1976
f 1965/1965 1967/1967 1977/1977
f 1953/1953 1965/1965 1977/1977
f 1967/1967 1973/1973 1978/1978
f 1976/1976 1979/1979 1971/1971
f 1978/1978 1977/1977 1967/1967
f 1979/1979 1976/1976 1980/1980
f 1981/1981 1978/1978 1982/1982
f 1983/1983 1953/1953 1977/1977
f 1977/1977 1978/1978 1983/1983
f 1953/1953 1983/1983 1981/1981
f 1978/1978 1981/1981 1983/1983
f 1984/1984 1804/1804 1807/1807
f 1804/1804 1984/1984 1985/1985
f 1984/1984 1986/1986 1985/1985
f 1987/1987 1988/1988 1989/1989
f 1988/1988 1987/1987 1990/1990
f 1987/1987 1991/1991 1990/1990
f 1991/1991 1992/1992 1990/1990
f 1992/1992 1991/1991 1705/1705
f 1705/1705 1991/1991 1993/1993
f 1994/1994 1995/1995 1996/1996
f 1995/1995 1994/1994 1997/1997
f 1998/1998 1997/1997 1994/1994
f 1943/1943 1660/1660 1647/1647
f 1660/1660 1943/1943 1999/1999
f 1938/1938 1999/1999 1943/1943
f 1999/1999 1938/1938 2000/2000
f 1940/1940 2000/2000 1938/1938
f 2000/2000 1940/1940 2001/2001
f 1933/1933 2002/2002 1935/1935
f 2002/2002 1933/1933 2003/2003
f 1922/1922 2004/2004 1783/1783
f 2004/2004 1922/1922 2005/2005
f 1645/1645 2005/2005 1922/1922
f 2005/2005 1645/1645 1659/1659
f 1781/1781 1889/1889 1780/1780
f 1889/1889 1781/1781 2006/2006
f 1782/1782 2006/2006 1781/1781
f 2006/2006 1782/1782 2007/2007
f 1783/1783 2007/2007 1782/1782
f 2007/2007 1783/1783 2004/2004
f 2008/2008 2009/2009 2010/2010
f 2010/2010 2011/2011 2008/2008
f 2011/2011 2012/2012 2008/2008
f 2013/2013 2004/2004 2014/2014
f 2004/2004 2013/2013 2007/2007
f 2015/2015 2007/2007 2013/2013
f 2007/2007 2015/2015 2006/2006
f 1891/1891 2006/2006 2015/2015
f 2006/2006 1891/1891 1889/1889
f 1999/1999 1706/1706 1660/1660
f 1706/1706 1999/1999 2016/2016
f 2000/2000 2016/2016 1999/1999
f 2016/2016 2000/2000 2017/2017
f 2001/2001 2017/2017 2000/2000
f 2017/2017 2001/2001 2018/2018
f 2003/2003 2019/2019 2002/2002
f 2019/2019 2003/2003 2020/2020
f 1993/1993 1659/1659 1705/1705
f 1659/1659 1993/1993 2005/2005
f 2021/2021 2005/2005 1993/1993
f 2014/2014 2005/2005 2021/2021
f 2005/2005 2014/2014 2004/2004
f 654/654 656/656 2022/2022
f 2023/2023 654/654 2022/2022
f 654/654 2023/2023 2024/2024
f 2023/2023 2025/2025 2024/2024
f 2025/2025 2023/2023 2026/2026
f 2027/2027 2025/2025 2026/2026
f 2025/2025 2027/2027 2028/2028
f 2027/2027 2029/2029 2028/2028
f 2029/2029 2027/2027 2030/2030
f 2031/2031 667/667 666/666
f 667/667 2031/2031 2032/2032
f 2033/2033 671/671 670/670
f 671/671 2033/2033 2034/2034
f 2033/2033 2035/2035 2034/2034
f 2035/2035 2033/2033 2036/2036
f 1706/1706 1992/1992 1705/1705
f 1992/1992 1706/1706 2037/2037
f 2038/2038 1992/1992 2037/2037
f 1992/1992 2038/2038 2039/2039
f 2040/2040 1920/1920 2041/2041
f 1920/1920 2040/2040 1918/1918
f 1715/1715 1624/1624 1716/1716
f 1621/1621 1716/1716 1624/1624
f 1716/1716 1621/1621 2042/2042
f 1623/1623 2042/2042 1621/1621
f 2042/2042 2043/2043 1716/1716
f 2042/2042 1623/1623 2044/2044
f 1620/1620 2045/2045 1618/1618
f 2043/2043 2042/2042 2046/2046
f 2044/2044 2046/2046 2042/2042
f 2047/2047 2043/2043 2046/2046
f 2043/2043 2047/2047 2048/2048
f 2047/2047 2049/2049 2048/2048
f 2049/2049 2047/2047 2050/2050
f 2051/2051 2045/2045 2052/2052
f 2053/2053 2047/2047 2046/2046
f 2045/2045 1620/1620 2052/2052
f 2054/2054 2055/2055 2056/2056
f 2056/2056 2052/2052 2054/2054
f 2055/2055 2054/2054 1988/1988
f 2054/2054 1989/1989 1988/1988
f 2052/2052 2057/2057 2054/2054
f 1989/1989 2054/2054 2057/2057
f 1620/1620 2058/2058 2052/2052
f 2057/2057 2052/2052 2058/2058
f 2058/2058 1620/1620 2059/2059
f 1619/1619 2059/2059 1620/1620
f 2059/2059 1619/1619 2060/2060
f 2061/2061 2059/2059 2060/2060
f 2062/2062 2059/2059 2061/2061
f 2059/2059 2062/2062 2058/2058
f 2062/2062 2057/2057 2058/2058
f 2063/2063 2057/2057 2062/2062
f 2057/2057 2063/2063 2064/2064
f 2064/2064 1989/1989 2057/2057
f 1989/1989 2064/2064 1987/1987
f 2065/2065 2064/2064 2063/2063
f 2064/2064 1991/1991 1987/1987
f 1991/1991 2064/2064 2066/2066
f 2064/2064 2065/2065 2066/2066
f 2066/2066 1993/1993 1991/1991
f 2065/2065 2067/2067 2066/2066
f 1993/1993 2066/2066 2067/2067
f 2067/2067 2065/2065 2068/2068
f 2067/2067 2021/2021 1993/1993
f 2068/2068 2069/2069 2067/2067
f 2021/2021 2067/2067 2069/2069
f 2069/2069 2068/2068 2070/2070
f 2069/2069 2014/2014 2021/2021
f 2070/2070 2071/2071 2069/2069
f 2014/2014 2069/2069 2071/2071
f 2071/2071 2070/2070 2072/2072
f 2071/2071 2013/2013 2014/2014
f 2073/2073 2071/2071 2072/2072
f 2073/2073 2013/2013 2071/2071
f 2013/2013 2073/2073 2015/2015
f 2074/2074 2073/2073 2072/2072
f 2073/2073 1891/1891 2015/2015
f 2073/2073 2074/2074 1891/1891
f 1890/1890 1891/1891 2074/2074
f 2075/2075 1737/1737 1738/1738
f 1737/1737 2075/2075 2076/2076
f 2077/2077 1737/1737 2076/2076
f 1737/1737 2077/2077 1740/1740
f 2078/2078 1740/1740 2077/2077
f 1743/1743 2079/2079 1741/1741
f 2078/2078 1976/1976 1975/1975
f 1976/1976 2078/2078 2080/2080
f 2081/2081 1976/1976 2080/2080
f 1976/1976 2081/2081 1980/1980
f 2082/2082 1980/1980 2081/2081
f 1982/1982 2083/2083 1981/1981
f 2084/2084 1981/1981 2083/2083
f 1981/1981 2084/2084 1953/1953
f 2085/2085 1953/1953 2084/2084
f 1953/1953 2085/2085 1950/1950
f 2086/2086 1950/1950 2085/2085
f 1950/1950 2086/2086 1936/1936
f 2087/2087 1936/1936 2086/2086
f 1936/1936 2087/2087 1932/1932
f 2087/2087 1926/1926 1932/1932
f 1926/1926 2087/2087 1924/1924
f 727/727 2088/2088 728/728
f 2088/2088 727/727 2089/2089
f 2090/2090 2088/2088 2089/2089
f 2088/2088 2090/2090 2091/2091
f 2090/2090 2092/2092 2091/2091
f 2092/2092 2090/2090 2093/2093
f 2094/2094 2095/2095 2096/2096
f 2095/2095 2094/2094 2097/2097
f 2098/2098 2099/2099 2100/2100
f 2099/2099 2098/2098 2101/2101
f 2102/2102 1650/1650 1652/1652
f 1650/1650 2102/2102 2103/2103
f 2102/2102 2104/2104 2103/2103
f 2105/2105 2106/2106 2107/2107
f 2108/2108 2109/2109 2110/2110
f 2109/2109 2108/2108 2111/2111
f 2112/2112 2113/2113 2114/2114
f 2113/2113 2112/2112 2115/2115
f 757/757 2116/2116 758/758
f 2116/2116 757/757 2117/2117
f 2117/2117 2118/2118 2116/2116
f 2118/2118 2117/2117 2119/2119
f 2119/2119 2120/2120 2118/2118
f 2120/2120 2119/2119 2121/2121
f 2122/2122 2120/2120 2121/2121
f 2120/2120 2122/2122 2123/2123
f 2124/2124 2123/2123 2122/2122
f 2123/2123 2124/2124 2125/2125
f 2126/2126 2125/2125 2124/2124
f 2125/2125 2126/2126 2127/2127
f 2126/2126 1916/1916 2127/2127
f 1916/1916 2126/2126 1914/1914
f 1710/1710 550/550 771/771
f 550/550 1710/1710 1919/1919
f 2128/2128 1919/1919 1710/1710
f 1919/1919 2128/2128 1920/1920
f 1712/1712 2128/2128 1710/1710
f 2128/2128 1712/1712 2049/2049
f 2129/2129 775/775 774/774
f 2130/2130 775/775 2129/2129
f 775/775 2130/2130 2131/2131
f 1913/1913 2132/2132 2133/2133
f 2132/2132 1913/1913 1711/1711
f 780/780 2023/2023 2022/2022
f 671/671 2134/2134 780/780
f 2023/2023 780/780 2134/2134
f 2134/2134 671/671 2034/2034
f 2134/2134 2026/2026 2023/2023
f 2135/2135 2134/2134 2034/2034
f 2035/2035 2135/2135 2034/2034
f 2135/2135 2035/2035 2136/2136
f 2026/2026 2134/2134 2137/2137
f 2134/2134 2135/2135 2137/2137
f 2138/2138 2135/2135 2136/2136
f 2139/2139 2026/2026 2137/2137
f 2135/2135 2139/2139 2137/2137
f 2026/2026 2139/2139 2027/2027
f 2135/2135 2138/2138 2140/2140
f 2139/2139 2135/2135 2140/2140
f 2138/2138 2139/2139 2140/2140
f 2141/2141 2027/2027 2139/2139
f 2138/2138 2141/2141 2139/2139
f 2027/2027 2141/2141 2030/2030
f 2142/2142 2141/2141 2138/2138
f 2143/2143 1719/1719 2144/2144
f 1719/1719 2143/2143 1717/1717
f 2145/2145 2146/2146 2147/2147
f 2148/2148 2149/2149 2150/2150
f 2151/2151 2152/2152 2145/2145
f 2153/2153 2154/2154 2155/2155
f 2152/2152 2151/2151 2156/2156
f 2154/2154 2153/2153 2157/2157
f 2158/2158 2157/2157 2153/2153
f 2159/2159 2154/2154 2157/2157
f 2154/2154 2159/2159 2160/2160
f 2161/2161 2162/2162 2163/2163
f 2164/2164 2159/2159 2157/2157
f 2151/2151 2165/2165 2156/2156
f 2166/2166 2167/2167 2168/2168
f 2169/2169 2170/2170 2171/2171
f 2172/2172 2169/2169 2171/2171
f 2165/2165 2173/2173 2174/2174
f 2175/2175 2166/2166 2176/2176
f 2167/2167 2166/2166 2177/2177
f 2166/2166 2175/2175 2177/2177
f 2178/2178 2179/2179 2163/2163
f 2159/2159 2164/2164 2180/2180
f 2181/2181 2182/2182 2183/2183
f 2184/2184 2183/2183 2182/2182
f 2182/2182 2181/2181 2185/2185
f 2186/2186 2182/2182 2185/2185
f 2182/2182 2186/2186 2187/2187
f 2188/2188 2182/2182 2187/2187
f 2182/2182 2188/2188 2184/2184
f 2180/2180 2189/2189 2159/2159
f 2189/2189 2180/2180 2190/2190
f 2189/2189 2160/2160 2159/2159
f 2160/2160 2189/2189 2191/2191
f 2192/2192 2193/2193 2194/2194
f 2193/2193 2192/2192 2195/2195
f 2196/2196 2195/2195 2192/2192
f 2197/2197 2193/2193 2195/2195
f 2195/2195 2196/2196 2197/2197
f 2193/2193 2197/2197 2198/2198
f 2199/2199 2197/2197 2196/2196
f 2197/2197 2199/2199 2198/2198
f 1648/1648 2200/2200 2201/2201
f 2202/2202 2201/2201 2200/2200
f 2201/2201 2202/2202 2203/2203
f 2204/2204 2201/2201 2203/2203
f 2201/2201 2204/2204 2205/2205
f 2016/2016 2037/2037 1706/1706
f 2037/2037 2016/2016 2206/2206
f 2017/2017 2206/2206 2016/2016
f 2207/2207 2037/2037 2206/2206
f 2037/2037 2207/2207 2038/2038
f 2206/2206 2017/2017 2208/2208
f 2208/2208 2207/2207 2206/2206
f 2018/2018 2208/2208 2017/2017
f 2209/2209 2040/2040 2210/2210
f 2040/2040 2209/2209 1918/1918
f 2211/2211 2209/2209 2210/2210
f 2207/2207 2208/2208 2212/2212
f 2209/2209 2211/2211 2213/2213
f 2208/2208 2018/2018 2214/2214
f 2214/2214 2212/2212 2208/2208
f 2020/2020 2215/2215 2019/2019
f 2215/2215 2020/2020 2216/2216
f 2217/2217 2213/2213 2211/2211
f 2212/2212 2214/2214 2218/2218
f 2216/2216 2219/2219 2215/2215
f 2213/2213 2217/2217 2220/2220
f 2219/2219 2216/2216 2221/2221
f 2217/2217 1878/1878 2220/2220
f 2222/2222 2219/2219 2221/2221
f 2223/2223 2224/2224 2225/2225
f 2224/2224 2223/2223 2226/2226
f 2223/2223 2227/2227 2226/2226
f 2227/2227 2223/2223 2228/2228
f 2229/2229 2230/2230 2231/2231
f 2232/2232 2233/2233 2234/2234
f 2233/2233 2232/2232 2235/2235
f 2236/2236 2237/2237 2238/2238
f 2239/2239 2240/2240 2241/2241
f 2242/2242 2243/2243 2244/2244
f 2245/2245 2239/2239 2241/2241
f 2246/2246 2244/2244 2243/2243
f 2247/2247 2248/2248 2249/2249
f 2248/2248 2247/2247 2250/2250
f 2251/2251 2252/2252 2253/2253
f 2244/2244 2246/2246 2254/2254
f 2252/2252 2251/2251 2255/2255
f 2256/2256 2257/2257 2258/2258
f 2259/2259 2255/2255 2251/2251
f 2257/2257 2256/2256 2260/2260
f 2255/2255 2259/2259 2261/2261
f 908/908 1712/1712 538/538
f 1714/1714 909/909 324/324
f 1712/1712 908/908 2262/2262
f 909/909 1714/1714 2263/2263
f 2263/2263 908/908 909/909
f 908/908 2263/2263 2262/2262
f 1716/1716 2263/2263 1714/1714
f 2263/2263 1716/1716 2043/2043
f 2048/2048 2263/2263 2043/2043
f 2263/2263 2048/2048 2262/2262
f 2048/2048 1712/1712 2262/2262
f 1712/1712 2048/2048 2049/2049
f 912/912 2264/2264 913/913
f 2265/2265 917/917 2266/2266
f 918/918 2266/2266 917/917
f 2265/2265 2220/2220 1878/1878
f 2220/2220 2265/2265 2266/2266
f 2267/2267 2220/2220 2266/2266
f 2266/2266 918/918 2267/2267
f 2220/2220 2267/2267 2213/2213
f 920/920 2267/2267 918/918
f 2268/2268 2213/2213 2267/2267
f 2267/2267 920/920 2268/2268
f 2213/2213 2268/2268 2209/2209
f 2268/2268 1918/1918 2209/2209
f 1918/1918 2268/2268 1921/1921
f 920/920 1921/1921 2268/2268
f 1921/1921 920/920 551/551
f 2269/2269 2270/2270 2271/2271
f 2272/2272 2029/2029 2030/2030
f 2271/2271 2273/2273 2269/2269
f 2030/2030 2274/2274 2272/2272
f 2273/2273 2271/2271 2275/2275
f 2274/2274 2030/2030 2276/2276
f 2275/2275 2277/2277 2273/2273
f 1718/1718 2278/2278 2275/2275
f 2277/2277 2275/2275 2278/2278
f 2278/2278 1718/1718 1721/1721
f 2278/2278 2279/2279 2277/2277
f 1721/1721 2280/2280 2278/2278
f 2279/2279 2278/2278 2280/2280
f 2280/2280 1721/1721 1730/1730
f 2280/2280 2281/2281 2279/2279
f 1730/1730 2282/2282 2280/2280
f 2281/2281 2280/2280 2282/2282
f 2282/2282 1730/1730 1731/1731
f 1771/1771 2282/2282 1731/1731
f 2283/2283 2281/2281 2282/2282
f 2282/2282 1771/1771 2283/2283
f 2281/2281 2283/2283 2284/2284
f 1775/1775 2283/2283 1771/1771
f 2285/2285 2284/2284 2283/2283
f 2283/2283 1775/1775 2285/2285
f 2284/2284 2285/2285 2286/2286
f 1779/1779 2285/2285 1775/1775
f 2287/2287 2286/2286 2285/2285
f 2285/2285 1779/1779 2287/2287
f 2286/2286 2287/2287 2288/2288
f 1779/1779 1887/1887 2287/2287
f 2289/2289 2290/2290 2291/2291
f 2290/2290 2289/2289 2292/2292
f 1884/1884 2293/2293 1808/1808
f 2293/2293 1807/1807 1808/1808
f 1885/1885 2293/2293 1884/1884
f 1807/1807 2293/2293 2294/2294
f 2293/2293 1885/1885 2295/2295
f 2294/2294 1984/1984 1807/1807
f 1885/1885 1883/1883 2295/2295
f 1984/1984 2294/2294 2296/2296
f 1883/1883 2296/2296 2295/2295
f 1984/1984 2296/2296 1986/1986
f 2296/2296 1883/1883 1986/1986
f 545/545 1825/1825 438/438
f 1825/1825 545/545 1917/1917
f 2265/2265 757/757 950/950
f 1917/1917 1826/1826 1825/1825
f 757/757 2265/2265 2117/2117
f 1826/1826 1917/1917 1914/1914
f 2265/2265 2119/2119 2117/2117
f 1914/1914 1834/1834 1826/1826
f 2119/2119 2265/2265 1878/1878
f 1834/1834 1914/1914 2126/2126
f 1878/1878 2121/2121 2119/2119
f 2126/2126 2124/2124 1834/1834
f 2122/2122 2121/2121 1878/1878
f 2122/2122 1834/1834 2124/2124
f 1834/1834 2122/2122 1878/1878
f 951/951 2075/2075 952/952
f 2075/2075 951/951 2076/2076
f 953/953 2076/2076 951/951
f 2076/2076 953/953 2077/2077
f 953/953 2078/2078 2077/2077
f 2078/2078 953/953 954/954
f 954/954 2297/2297 2078/2078
f 2080/2080 2078/2078 2297/2297
f 2297/2297 2081/2081 2080/2080
f 2297/2297 954/954 956/956
f 2081/2081 2297/2297 2298/2298
f 956/956 2298/2298 2297/2297
f 2298/2298 956/956 958/958
f 2299/2299 2300/2300 2301/2301
f 962/962 2302/2302 2303/2303
f 2081/2081 2304/2304 2082/2082
f 2302/2302 2084/2084 2083/2083
f 2302/2302 962/962 966/966
f 967/967 2302/2302 966/966
f 2084/2084 2302/2302 2305/2305
f 2302/2302 967/967 2305/2305
f 2306/2306 2084/2084 2305/2305
f 2084/2084 2306/2306 2085/2085
f 970/970 2305/2305 967/967
f 2305/2305 970/970 2306/2306
f 2306/2306 2086/2086 2085/2085
f 971/971 2306/2306 970/970
f 2086/2086 2306/2306 2307/2307
f 2306/2306 971/971 2307/2307
f 2307/2307 2087/2087 2086/2086
f 2087/2087 2307/2307 2308/2308
f 1924/1924 2087/2087 2308/2308
f 2308/2308 555/555 1924/1924
f 2307/2307 974/974 2308/2308
f 555/555 2308/2308 974/974
f 974/974 2307/2307 971/971
f 2309/2309 977/977 976/976
f 977/977 2309/2309 2310/2310
f 2311/2311 2310/2310 2309/2309
f 2310/2310 2311/2311 2312/2312
f 2313/2313 2312/2312 2311/2311
f 2314/2314 984/984 983/983
f 2312/2312 2313/2313 2315/2315
f 984/984 2314/2314 2316/2316
f 2315/2315 2313/2313 2317/2317
f 2318/2318 2316/2316 2314/2314
f 2319/2319 2317/2317 2313/2313
f 2316/2316 2318/2318 2320/2320
f 2317/2317 2319/2319 2321/2321
f 2322/2322 2320/2320 2318/2318
f 2323/2323 2324/2324 2322/2322
f 2320/2320 2322/2322 2324/2324
f 1656/1656 2325/2325 1804/1804
f 1985/1985 1656/1656 1804/1804
f 2325/2325 1656/1656 1899/1899
f 1656/1656 1985/1985 2104/2104
f 1899/1899 2326/2326 2325/2325
f 1986/1986 2104/2104 1985/1985
f 2326/2326 1899/1899 1897/1897
f 2327/2327 2104/2104 1986/1986
f 1897/1897 1788/1788 2326/2326
f 2104/2104 2327/2327 2103/2103
f 1788/1788 1897/1897 1895/1895
f 2327/2327 1650/1650 2103/2103
f 1895/1895 1785/1785 1788/1788
f 1650/1650 2327/2327 1786/1786
f 1785/1785 1895/1895 1651/1651
f 1786/1786 1651/1651 1650/1650
f 1651/1651 1786/1786 1785/1785
f 2328/2328 2329/2329 2330/2330
f 2329/2329 2328/2328 2331/2331
f 2332/2332 2330/2330 1664/1664
f 2330/2330 2332/2332 2328/2328
f 2333/2333 1664/1664 1661/1661
f 1664/1664 2333/2333 2332/2332
f 2334/2334 1661/1661 2335/2335
f 1661/1661 2334/2334 2333/2333
f 2336/2336 2335/2335 2337/2337
f 2335/2335 2336/2336 2334/2334
f 2338/2338 2337/2337 2339/2339
f 2337/2337 2338/2338 2336/2336
f 2340/2340 2339/2339 2341/2341
f 2339/2339 2340/2340 2338/2338
f 2342/2342 2341/2341 2343/2343
f 2341/2341 2342/2342 2340/2340
f 2331/2331 2343/2343 2329/2329
f 2343/2343 2331/2331 2342/2342
f 2344/2344 2345/2345 2346/2346
f 2345/2345 2344/2344 2347/2347
f 2348/2348 2349/2349 2350/2350
f 2349/2349 2348/2348 2351/2351
f 2352/2352 2353/2353 2354/2354
f 2353/2353 2352/2352 2355/2355
f 2356/2356 2357/2357 2358/2358
f 2357/2357 2356/2356 2359/2359
f 2360/2360 2361/2361 2362/2362
f 2361/2361 2360/2360 2363/2363
f 2364/2364 2365/2365 2366/2366
f 2365/2365 2364/2364 2367/2367
f 2368/2368 2369/2369 2370/2370
f 2369/2369 2368/2368 2371/2371
f 2372/2372 1044/1044 1043/1043
f 1044/1044 2372/2372 2373/2373
f 2374/2374 2373/2373 2372/2372
f 2373/2373 2374/2374 2375/2375
f 2376/2376 2375/2375 2374/2374
f 2375/2375 2376/2376 2377/2377
f 2378/2378 2379/2379 2380/2380
f 2379/2379 2378/2378 1784/1784
f 2378/2378 1787/1787 1784/1784
f 1794/1794 2317/2317 2321/2321
f 2321/2321 1793/1793 1794/1794
f 1793/1793 2321/2321 2381/2381
f 2382/2382 1793/1793 2381/2381
f 1793/1793 2382/2382 1802/1802
f 2383/2383 1802/1802 2382/2382
f 1802/1802 2383/2383 1803/1803
f 1056/1056 1803/1803 2383/2383
f 1803/1803 1056/1056 420/420
f 2336/2336 2333/2333 2334/2334
f 2333/2333 2336/2336 2338/2338
f 2338/2338 2332/2332 2333/2333
f 2332/2332 2338/2338 2340/2340
f 2332/2332 2340/2340 2328/2328
f 2340/2340 2331/2331 2328/2328
f 2331/2331 2340/2340 2342/2342
f 1057/1057 1059/1059 2384/2384
f 2385/2385 2386/2386 2387/2387
f 2388/2388 2389/2389 2390/2390
f 2391/2391 2392/2392 2385/2385
f 2392/2392 2391/2391 2393/2393
f 2394/2394 2395/2395 2396/2396
f 2393/2393 2397/2397 2398/2398
f 2399/2399 2400/2400 2401/2401
f 2399/2399 2401/2401 2402/2402
f 2402/2402 2403/2403 2399/2399
f 2404/2404 2405/2405 2406/2406
f 2407/2407 2408/2408 2409/2409
f 2410/2410 2411/2411 2404/2404
f 2411/2411 2410/2410 2412/2412
f 2413/2413 2414/2414 2415/2415
f 2412/2412 2416/2416 2417/2417
f 1093/1093 2418/2418 1094/1094
f 2419/2419 1098/1098 2420/2420
f 2421/2421 2422/2422 2423/2423
f 2424/2424 2425/2425 2426/2426
f 2427/2427 2428/2428 2429/2429
f 1108/1108 2430/2430 1109/1109
f 2430/2430 1108/1108 2431/2431
f 2431/2431 2432/2432 2430/2430
f 2432/2432 2431/2431 2433/2433
f 2434/2434 2432/2432 2433/2433
f 2432/2432 2434/2434 2435/2435
f 2388/2388 2436/2436 2437/2437
f 2436/2436 2388/2388 2438/2438
f 2388/2388 2439/2439 2438/2438
f 2439/2439 2388/2388 2390/2390
f 2407/2407 2440/2440 2441/2441
f 2440/2440 2407/2407 2442/2442
f 2407/2407 2443/2443 2442/2442
f 2443/2443 2407/2407 2409/2409
f 2444/2444 1126/1126 1125/1125
f 2368/2368 1128/1128 1127/1127
f 1129/1129 2033/2033 670/670
f 2033/2033 1129/1129 2445/2445
f 2446/2446 2033/2033 2445/2445
f 2033/2033 2446/2446 2036/2036
f 2447/2447 2448/2448 2449/2449
f 2136/2136 2036/2036 2450/2450
f 2450/2450 2138/2138 2136/2136
f 2451/2451 2036/2036 2446/2446
f 2036/2036 2451/2451 2450/2450
f 2452/2452 2453/2453 2454/2454
f 2451/2451 2455/2455 2450/2450
f 2454/2454 2456/2456 2452/2452
f 2457/2457 2451/2451 2446/2446
f 2458/2458 2459/2459 2446/2446
f 2457/2457 2460/2460 2461/2461
f 2461/2461 2451/2451 2457/2457
f 2459/2459 2458/2458 2462/2462
f 2463/2463 2459/2459 2462/2462
f 2451/2451 2461/2461 2464/2464
f 2465/2465 2466/2466 2458/2458
f 2467/2467 2466/2466 2465/2465
f 2465/2465 2468/2468 2467/2467
f 2468/2468 2465/2465 2469/2469
f 2465/2465 2470/2470 2469/2469
f 2464/2464 2471/2471 2451/2451
f 2455/2455 2451/2451 2471/2471
f 2471/2471 2464/2464 2472/2472
f 2473/2473 2474/2474 2475/2475
f 2456/2456 2454/2454 2476/2476
f 2474/2474 1717/1717 2143/2143
f 2477/2477 2478/2478 2473/2473
f 2474/2474 2473/2473 2478/2478
f 2478/2478 2477/2477 2479/2479
f 1717/1717 2474/2474 2480/2480
f 2478/2478 2480/2480 2474/2474
f 2480/2480 1720/1720 1717/1717
f 2479/2479 2481/2481 2478/2478
f 2480/2480 2478/2478 2481/2481
f 2481/2481 2479/2479 2482/2482
f 2482/2482 2483/2483 2481/2481
f 2483/2483 2480/2480 2481/2481
f 2483/2483 2482/2482 2484/2484
f 2485/2485 2483/2483 2484/2484
f 1720/1720 2480/2480 2486/2486
f 2480/2480 2483/2483 2486/2486
f 2487/2487 1720/1720 2486/2486
f 1720/1720 2487/2487 1722/1722
f 2488/2488 2486/2486 2483/2483
f 2486/2486 2488/2488 2487/2487
f 2483/2483 2485/2485 2488/2488
f 2489/2489 1722/1722 2487/2487
f 2485/2485 2490/2490 2488/2488
f 2490/2490 2487/2487 2488/2488
f 2487/2487 2490/2490 2489/2489
f 2490/2490 2485/2485 2491/2491
f 1722/1722 2489/2489 1725/1725
f 2492/2492 2493/2493 2494/2494
f 2493/2493 2495/2495 2494/2494
f 2493/2493 2492/2492 2470/2470
f 2496/2496 2497/2497 2498/2498
f 2495/2495 2493/2493 2499/2499
f 2497/2497 2496/2496 2500/2500
f 2470/2470 2465/2465 2493/2493
f 2501/2501 2500/2500 2496/2496
f 2493/2493 2502/2502 2499/2499
f 2502/2502 2493/2493 2465/2465
f 2500/2500 2501/2501 2503/2503
f 2502/2502 1738/1738 1736/1736
f 2465/2465 2504/2504 2502/2502
f 2504/2504 1738/1738 2502/2502
f 2504/2504 2465/2465 2458/2458
f 1738/1738 2504/2504 2075/2075
f 1190/1190 2504/2504 2458/2458
f 1191/1191 2075/2075 2504/2504
f 2504/2504 1190/1190 1191/1191
f 2075/2075 1191/1191 952/952
f 2505/2505 2506/2506 2507/2507
f 2508/2508 2509/2509 2510/2510
f 2511/2511 2512/2512 2513/2513
f 2514/2514 2515/2515 2516/2516
f 2515/2515 2514/2514 2517/2517
f 2512/2512 2511/2511 2518/2518
f 2519/2519 2518/2518 2511/2511
f 2518/2518 2520/2520 2512/2512
f 2521/2521 2522/2522 2110/2110
f 2109/2109 2521/2521 2110/2110
f 2518/2518 2519/2519 2523/2523
f 2522/2522 2521/2521 2524/2524
f 2525/2525 2518/2518 2523/2523
f 2520/2520 2518/2518 2526/2526
f 2527/2527 2528/2528 2529/2529
f 2530/2530 2531/2531 2529/2529
f 2531/2531 2530/2530 2532/2532
f 2533/2533 2529/2529 2528/2528
f 2529/2529 2533/2533 2530/2530
f 2521/2521 2109/2109 2534/2534
f 2535/2535 2532/2532 2530/2530
f 2532/2532 2535/2535 2536/2536
f 2537/2537 2530/2530 2533/2533
f 2530/2530 2537/2537 2535/2535
f 2538/2538 2534/2534 2109/2109
f 2538/2538 2539/2539 2534/2534
f 2540/2540 2538/2538 2109/2109
f 2541/2541 2542/2542 2543/2543
f 2539/2539 2538/2538 2544/2544
f 2545/2545 2546/2546 2542/2542
f 2542/2542 2541/2541 2545/2545
f 2546/2546 2545/2545 2547/2547
f 2548/2548 2544/2544 2538/2538
f 2544/2544 2548/2548 2549/2549
f 2538/2538 2540/2540 2548/2548
f 2550/2550 2547/2547 2545/2545
f 2551/2551 2552/2552 2553/2553
f 2547/2547 2550/2550 2554/2554
f 2552/2552 2551/2551 2555/2555
f 1245/1245 2556/2556 1246/1246
f 2557/2557 1250/1250 1249/1249
f 2556/2556 1245/1245 2558/2558
f 1250/1250 2557/2557 2559/2559
f 2559/2559 1253/1253 1250/1250
f 1253/1253 2559/2559 2560/2560
f 2561/2561 2559/2559 2557/2557
f 2562/2562 2556/2556 2558/2558
f 2559/2559 2563/2563 2560/2560
f 2556/2556 2562/2562 2564/2564
f 2562/2562 2565/2565 2564/2564
f 2565/2565 2562/2562 2566/2566
f 2563/2563 2567/2567 2568/2568
f 2563/2563 2559/2559 2569/2569
f 2567/2567 2563/2563 2569/2569
f 2559/2559 2561/2561 2569/2569
f 2569/2569 2570/2570 2567/2567
f 2570/2570 2569/2569 2561/2561
f 2571/2571 1267/1267 1266/1266
f 2572/2572 2573/2573 2571/2571
f 2573/2573 2572/2572 2574/2574
f 1271/1271 2575/2575 1272/1272
f 2576/2576 1276/1276 1275/1275
f 2577/2577 1279/1279 1278/1278
f 2573/2573 2578/2578 2575/2575
f 2579/2579 2577/2577 2576/2576
f 2574/2574 2578/2578 2573/2573
f 2578/2578 2574/2574 2580/2580
f 2581/2581 2579/2579 2582/2582
f 2583/2583 2584/2584 2577/2577
f 2577/2577 2579/2579 2583/2583
f 2579/2579 2581/2581 2583/2583
f 2583/2583 2585/2585 2584/2584
f 2585/2585 2583/2583 2581/2581
f 2586/2586 1622/1622 2587/2587
f 2587/2587 1622/1622 1626/1626
f 1289/1289 1290/1290 1638/1638
f 1633/1633 1289/1289 1638/1638
f 256/256 1291/1291 2200/2200
f 1648/1648 256/256 2200/2200
f 656/656 780/780 2022/2022
f 2384/2384 2588/2588 1057/1057
f 1126/1126 2444/2444 2589/2589
f 1128/1128 2368/2368 2370/2370
f 1267/1267 2571/2571 1294/1294
f 1294/1294 2571/2571 2573/2573
f 1271/1271 1294/1294 2573/2573
f 2575/2575 1271/1271 2573/2573
f 1276/1276 2576/2576 1278/1278
f 1278/1278 2576/2576 2577/2577
f 1279/1279 2577/2577 1295/1295
f 1295/1295 2577/2577 2584/2584
f 1920/1920 2128/2128 2590/2590
f 2590/2590 2041/2041 1920/1920
f 2128/2128 2049/2049 2050/2050
f 2050/2050 2590/2590 2128/2128
f 1992/1992 2039/2039 2591/2591
f 2591/2591 1990/1990 1992/1992
f 2591/2591 2055/2055 1988/1988
f 1988/1988 1990/1990 2591/2591
f 2592/2592 2593/2593 2594/2594
f 2594/2594 2595/2595 2592/2592
f 2596/2596 2597/2597 2598/2598
f 2598/2598 2599/2599 2600/2600
f 2596/2596 2598/2598 2600/2600
f 2600/2600 2601/2601 2602/2602
f 2596/2596 2600/2600 2602/2602
f 2603/2603 2596/2596 2602/2602
f 2593/2593 2592/2592 2604/2604
f 2604/2604 2605/2605 2593/2593
f 2605/2605 2604/2604 2606/2606
f 2607/2607 2608/2608 2609/2609
f 2607/2607 2610/2610 2611/2611
f 2607/2607 2611/2611 2612/2612
f 2608/2608 2607/2607 2612/2612
f 2613/2613 2614/2614 2615/2615
f 2615/2615 2616/2616 2613/2613
f 1323/1323 1326/1326 2617/2617
f 2617/2617 2618/2618 1323/1323
f 1327/1327 1330/1330 2619/2619
f 2619/2619 2620/2620 1327/1327
f 1331/1331 1334/1334 2621/2621
f 2621/2621 2622/2622 1331/1331
f 2623/2623 2624/2624 2625/2625
f 2625/2625 2626/2626 2623/2623
f 1339/1339 1342/1342 2627/2627
f 2627/2627 2628/2628 1339/1339
f 1343/1343 1346/1346 2629/2629
f 2629/2629 2630/2630 1343/1343
f 1347/1347 1350/1350 2631/2631
f 2631/2631 2632/2632 1347/1347
f 2633/2633 2634/2634 2635/2635
f 2635/2635 2636/2636 2633/2633
f 2637/2637 2638/2638 2639/2639
f 2639/2639 2640/2640 2637/2637
f 2641/2641 2642/2642 2643/2643
f 2643/2643 2644/2644 2641/2641
f 2645/2645 2646/2646 2647/2647
f 2647/2647 2648/2648 2645/2645
f 2649/2649 2650/2650 2651/2651
f 2651/2651 2652/2652 2649/2649
f 1371/1371 1374/1374 2653/2653
f 2653/2653 2654/2654 1371/1371
f 1375/1375 1378/1378 2655/2655
f 2655/2655 2656/2656 1375/1375
f 1379/1379 1382/1382 2657/2657
f 2657/2657 2658/2658 1379/1379
f 2659/2659 2660/2660 2661/2661
f 2661/2661 2662/2662 2659/2659
f 2663/2663 2664/2664 2665/2665
f 2665/2665 2666/2666 2663/2663
f 2667/2667 2668/2668 2669/2669
f 2669/2669 2670/2670 2667/2667
f 2671/2671 2672/2672 2673/2673
f 2673/2673 2674/2674 2671/2671
f 2459/2459 2463/2463 2457/2457
f 2457/2457 2446/2446 2459/2459
f 2460/2460 2675/2675 2461/2461
f 2458/2458 2466/2466 2462/2462
f 2676/2676 2467/2467 2468/2468
f 2677/2677 2659/2659 2662/2662
f 2662/2662 2678/2678 2677/2677
f 2679/2679 2680/2680 2681/2681
f 2681/2681 2682/2682 2679/2679
f 2664/2664 2683/2683 2684/2684
f 2684/2684 2665/2665 2664/2664
f 2668/2668 2685/2685 2686/2686
f 2686/2686 2669/2669 2668/2668
f 2687/2687 2688/2688 2689/2689
f 2689/2689 2690/2690 2687/2687
f 2691/2691 2692/2692 2693/2693
f 2693/2693 2694/2694 2691/2691
f 2692/2692 2695/2695 2696/2696
f 2696/2696 2693/2693 2692/2692
f 2695/2695 2697/2697 2698/2698
f 2698/2698 2696/2696 2695/2695
f 2699/2699 2700/2700 2701/2701
f 2701/2701 2702/2702 2699/2699
f 2700/2700 2703/2703 2704/2704
f 2704/2704 2701/2701 2700/2700
f 2705/2705 2706/2706 2707/2707
f 2707/2707 2708/2708 2705/2705
f 2706/2706 2709/2709 2710/2710
f 2710/2710 2707/2707 2706/2706
f 2709/2709 2711/2711 2712/2712
f 2712/2712 2710/2710 2709/2709
f 2713/2713 2687/2687 2690/2690
f 2690/2690 2714/2714 2713/2713
f 2715/2715 2716/2716 2717/2717
f 2717/2717 2718/2718 2719/2719
f 2719/2719 2720/2720 2721/2721
f 2721/2721 2722/2722 2723/2723
f 2719/2719 2721/2721 2723/2723
f 2717/2717 2719/2719 2723/2723
f 2715/2715 2717/2717 2723/2723
f 2724/2724 2715/2715 2723/2723
f 2675/2675 2676/2676 2468/2468
f 2468/2468 2461/2461 2675/2675
f 2464/2464 2461/2461 2725/2725
f 2725/2725 2726/2726 2464/2464
f 2461/2461 2468/2468 2727/2727
f 2727/2727 2725/2725 2461/2461
f 2468/2468 2469/2469 2728/2728
f 2728/2728 2727/2727 2468/2468
f 2469/2469 2470/2470 2729/2729
f 2729/2729 2728/2728 2469/2469
f 2470/2470 2492/2492 2730/2730
f 2730/2730 2729/2729 2470/2470
f 2491/2491 2485/2485 2731/2731
f 2731/2731 2732/2732 2491/2491
f 2485/2485 2484/2484 2733/2733
f 2733/2733 2731/2731 2485/2485
f 2484/2484 2482/2482 2734/2734
f 2734/2734 2733/2733 2484/2484
f 2482/2482 2479/2479 2735/2735
f 2735/2735 2734/2734 2482/2482
f 2479/2479 2477/2477 2736/2736
f 2736/2736 2735/2735 2479/2479
f 2472/2472 2464/2464 2726/2726
f 2726/2726 2737/2737 2472/2472
f 2726/2726 2725/2725 2594/2594
f 2594/2594 2593/2593 2726/2726
f 2725/2725 2727/2727 2595/2595
f 2595/2595 2594/2594 2725/2725
f 2727/2727 2728/2728 2592/2592
f 2592/2592 2595/2595 2727/2727
f 2728/2728 2729/2729 2604/2604
f 2604/2604 2592/2592 2728/2728
f 2738/2738 2739/2739 2740/2740
f 2740/2740 2741/2741 2738/2738
f 2732/2732 2731/2731 2610/2610
f 2610/2610 2607/2607 2732/2732
f 2731/2731 2733/2733 2611/2611
f 2611/2611 2610/2610 2731/2731
f 2733/2733 2734/2734 2612/2612
f 2612/2612 2611/2611 2733/2733
f 2734/2734 2735/2735 2608/2608
f 2608/2608 2612/2612 2734/2734
f 2742/2742 2743/2743 2744/2744
f 2744/2744 2745/2745 2742/2742
f 2737/2737 2726/2726 2593/2593
f 2593/2593 2605/2605 2737/2737
f 1470/1470 1913/1913 2133/2133
f 2133/2133 1471/1471 1470/1470
f 2746/2746 2747/2747 2748/2748
f 2748/2748 2749/2749 2746/2746
f 2750/2750 2751/2751 2752/2752
f 2752/2752 2753/2753 2750/2750
f 2292/2292 1481/1481 2754/2754
f 2754/2754 2290/2290 2292/2292
f 2755/2755 2756/2756 2757/2757
f 2757/2757 2758/2758 2755/2755
f 2759/2759 2760/2760 2761/2761
f 2761/2761 2762/2762 2759/2759
f 2763/2763 2764/2764 2765/2765
f 2765/2765 2766/2766 2763/2763
f 2767/2767 2768/2768 2769/2769
f 2769/2769 2770/2770 2767/2767
f 2771/2771 2772/2772 2773/2773
f 2773/2773 2774/2774 2771/2771
f 1502/1502 1481/1481 2292/2292
f 2292/2292 2775/2775 1502/1502
f 2776/2776 1505/1505 1502/1502
f 1502/1502 2775/2775 2776/2776
f 2777/2777 2778/2778 1505/1505
f 1505/1505 2776/2776 2777/2777
f 1629/1629 1628/1628 2779/2779
f 2779/2779 2780/2780 1629/1629
f 2781/2781 2782/2782 2783/2783
f 2783/2783 2784/2784 2781/2781
f 2753/2753 2785/2785 2786/2786
f 2786/2786 2750/2750 2753/2753
f 2787/2787 2788/2788 2752/2752
f 2752/2752 2751/2751 2787/2787
f 2789/2789 2790/2790 2747/2747
f 2747/2747 2746/2746 2789/2789
f 2785/2785 2791/2791 2792/2792
f 2792/2792 2786/2786 2785/2785
f 2791/2791 2793/2793 2794/2794
f 2794/2794 2792/2792 2791/2791
f 2795/2795 2796/2796 2797/2797
f 2797/2797 2798/2798 2795/2795
f 2799/2799 2800/2800 2801/2801
f 2802/2802 2803/2803 2797/2797
f 1533/1533 2802/2802 2797/2797
f 2796/2796 1533/1533 2797/2797
f 2766/2766 2761/2761 2760/2760
f 2760/2760 2763/2763 2766/2766
f 2784/2784 2783/2783 2804/2804
f 2804/2804 2805/2805 2784/2784
f 2774/2774 2773/2773 2782/2782
f 2782/2782 2781/2781 2774/2774
f 2806/2806 2807/2807 2768/2768
f 2768/2768 2767/2767 2806/2806
f 2808/2808 2809/2809 2810/2810
f 2810/2810 2811/2811 2808/2808
f 2812/2812 2813/2813 2809/2809
f 2809/2809 2808/2808 2812/2812
f 2812/2812 2814/2814 2815/2815
f 2815/2815 2813/2813 2812/2812
f 2816/2816 2817/2817 2818/2818
f 2818/2818 2819/2819 2816/2816
f 2817/2817 2820/2820 2821/2821
f 2821/2821 2818/2818 2817/2817
f 2820/2820 2822/2822 2823/2823
f 2823/2823 2821/2821 2820/2820
f 2824/2824 2823/2823 2822/2822
f 2822/2822 2825/2825 2824/2824
f 2815/2815 2814/2814 2826/2826
f 2826/2826 2827/2827 2815/2815
f 2828/2828 233/233 1505/1505
f 1505/1505 2778/2778 2828/2828
f 2754/2754 1481/1481 1533/1533
f 1533/1533 2796/2796 2754/2754
f 2829/2829 2830/2830 2831/2831
f 2831/2831 2832/2832 2829/2829
f 2833/2833 2834/2834 2835/2835
f 2835/2835 2836/2836 2833/2833
f 1566/1566 1569/1569 2837/2837
f 2837/2837 2838/2838 1566/1566
f 1570/1570 1573/1573 2839/2839
f 2839/2839 2840/2840 1570/1570
f 1574/1574 1577/1577 2841/2841
f 2841/2841 2842/2842 1574/1574
f 2843/2843 2844/2844 2845/2845
f 2845/2845 2846/2846 2843/2843
f 1582/1582 1585/1585 2847/2847
f 2847/2847 2848/2848 1582/1582
f 1586/1586 1589/1589 2849/2849
f 2849/2849 2850/2850 1586/1586
f 1590/1590 1593/1593 2851/2851
f 2851/2851 2852/2852 1590/1590
f 1594/1594 1597/1597 2853/2853
f 2853/2853 2854/2854 1594/1594
f 2855/2855 2856/2856 2857/2857
f 2857/2857 2858/2858 2855/2855
f 1602/1602 1605/1605 2859/2859
f 2859/2859 2860/2860 1602/1602
f 1606/1606 1609/1609 2861/2861
f 2861/2861 2862/2862 1606/1606
f 1610/1610 1613/1613 2863/2863
f 2863/2863 2864/2864 1610/1610
f 1614/1614 1617/1617 2865/2865
f 2865/2865 2866/2866 1614/1614
f 2867/2867 2868/2868 2869/2869
f 2870/2870 2871/2871 2872/2872
f 2873/2873 2874/2874 2875/2875
f 2876/2876 2877/2877 2878/2878
f 2879/2879 2880/2880 2881/2881
f 2882/2882 2883/2883 2884/2884
f 2885/2885 2886/2886 2887/2887
f 2887/2887 2888/2888 2885/2885
f 2889/2889 2890/2890 2891/2891
f 2891/2891 2892/2892 2889/2889
f 2893/2893 2894/2894 2895/2895
f 2895/2895 2896/2896 2893/2893
f 2897/2897 2898/2898 2899/2899
f 2899/2899 2900/2900 2897/2897
f 2901/2901 2902/2902 2903/2903
f 2903/2903 2904/2904 2901/2901
f 2905/2905 2906/2906 2907/2907
f 2907/2907 2908/2908 2905/2905
f 2909/2909 2910/2910 2911/2911
f 2911/2911 2912/2912 2909/2909
f 2912/2912 2911/2911 2913/2913
f 2913/2913 2914/2914 2912/2912
f 2914/2914 2913/2913 2915/2915
f 2915/2915 2916/2916 2914/2914
f 2916/2916 2915/2915 2917/2917
f 2917/2917 2918/2918 2916/2916
f 2919/2919 2920/2920 2921/2921
f 2921/2921 2922/2922 2919/2919
f 2922/2922 2921/2921 2923/2923
f 2923/2923 2924/2924 2922/2922
f 2924/2924 2923/2923 2925/2925
f 2925/2925 2926/2926 2924/2924
f 2926/2926 2925/2925 2927/2927
f 2927/2927 2928/2928 2926/2926
f 2929/2929 2930/2930 2931/2931
f 2931/2931 2932/2932 2929/2929
f 2932/2932 2931/2931 2933/2933
f 2933/2933 2934/2934 2932/2932
f 2935/2935 2934/2934 2933/2933
f 2933/2933 2936/2936 2935/2935
f 2937/2937 2935/2935 2936/2936
f 2936/2936 2938/2938 2937/2937
f 2939/2939 2940/2940 2941/2941
f 2941/2941 2942/2942 2939/2939
f 2942/2942 2941/2941 2943/2943
f 2943/2943 2944/2944 2942/2942
f 2944/2944 2943/2943 2945/2945
f 2946/2946 2947/2947 2948/2948
f 2947/2947 2946/2946 2949/2949
f 2950/2950 2951/2951 2952/2952
f 2952/2952 2953/2953 2950/2950
f 2953/2953 2952/2952 2954/2954
f 2954/2954 2955/2955 2953/2953
f 2955/2955 2954/2954 2956/2956
f 2888/2888 2957/2957 2958/2958
f 2887/2887 2957/2957 2888/2888
f 2959/2959 2960/2960 2961/2961
f 2962/2962 2963/2963 2964/2964
f 2963/2963 2962/2962 2965/2965
f 2965/2965 2966/2966 2963/2963
f 2966/2966 2965/2965 2967/2967
f 2967/2967 2968/2968 2966/2966
f 2969/2969 2970/2970 2971/2971
f 2971/2971 2972/2972 2969/2969
f 2972/2972 2971/2971 2973/2973
f 2972/2972 2973/2973 2974/2974
f 2975/2975 2972/2972 2974/2974
f 2975/2975 2974/2974 2976/2976
f 2975/2975 2976/2976 2977/2977
f 2978/2978 2975/2975 2977/2977
f 2978/2978 2977/2977 2979/2979
f 2979/2979 2980/2980 2978/2978
f 2981/2981 2982/2982 2983/2983
f 2983/2983 2984/2984 2981/2981
f 2984/2984 2983/2983 2985/2985
f 2986/2986 2984/2984 2985/2985
f 2987/2987 2986/2986 2985/2985
f 2987/2987 2988/2988 2986/2986
f 2989/2989 2988/2988 2987/2987
f 2989/2989 2987/2987 2985/2985
f 2990/2990 2989/2989 2985/2985
f 2990/2990 2985/2985 2991/2991
f 2990/2990 2991/2991 2992/2992
f 2992/2992 2993/2993 2990/2990
f 2994/2994 2995/2995 2996/2996
f 2996/2996 2997/2997 2994/2994
f 2997/2997 2996/2996 2998/2998
f 2998/2998 2999/2999 2997/2997
f 3000/3000 2999/2999 2998/2998
f 2998/2998 3001/3001 3000/3000
f 3002/3002 3000/3000 3001/3001
f 3001/3001 3003/3003 3002/3002
f 3004/3004 3005/3005 3006/3006
f 3006/3006 3007/3007 3004/3004
f 3007/3007 3006/3006 3008/3008
f 3008/3008 3009/3009 3007/3007
f 3009/3009 3008/3008 3010/3010
f 3011/3011 3012/3012 3013/3013
f 3012/3012 3011/3011 3014/3014
f 3015/3015 3016/3016 3017/3017
f 3017/3017 3018/3018 3015/3015
f 3018/3018 3017/3017 3019/3019
f 3019/3019 3020/3020 3018/3018
f 3020/3020 3019/3019 2900/2900
f 2900/2900 3021/3021 3020/3020
f 2899/2899 3021/3021 2900/2900
f 2907/2907 2906/2906 3022/3022
f 3022/3022 3023/3023 2907/2907
f 3023/3023 3022/3022 3024/3024
f 3024/3024 3025/3025 3023/3023
f 3025/3025 3024/3024 3026/3026
f 3026/3026 3027/3027 3025/3025
f 3028/3028 3029/3029 3030/3030
f 3030/3030 3031/3031 3028/3028
f 3032/3032 3033/3033 3034/3034
f 3034/3034 3035/3035 3032/3032
f 3036/3036 3037/3037 3038/3038
f 3039/3039 3040/3040 2873/2873
f 2873/2873 3040/3040 2874/2874
f 3041/3041 3042/3042 3043/3043
f 3043/3043 3044/3044 3041/3041
f 3045/3045 3041/3041 3044/3044
f 3044/3044 3046/3046 3045/3045
f 2882/2882 3047/3047 3048/3048
f 3048/3048 3049/3049 2882/2882
f 2882/2882 3049/3049 2883/2883
f 3050/3050 3051/3051 3052/3052
f 3052/3052 3053/3053 3050/3050
f 3054/3054 3055/3055 3056/3056
f 3056/3056 3057/3057 3054/3054
f 3058/3058 3059/3059 3060/3060
f 3060/3060 3061/3061 3058/3058
f 3062/3062 3063/3063 3064/3064
f 3065/3065 3064/3064 3063/3063
f 3066/3066 3067/3067 3068/3068
f 3069/3069 3068/3068 3067/3067
f 3070/3070 3071/3071 3072/3072
f 3073/3073 3072/3072 3071/3071
f 3074/3074 3075/3075 3076/3076
f 3076/3076 3077/3077 3074/3074
f 3075/3075 3078/3078 3079/3079
f 3079/3079 3076/3076 3075/3075
f 3080/3080 3081/3081 3082/3082
f 3082/3082 3083/3083 3080/3080
f 3081/3081 3084/3084 3085/3085
f 3085/3085 3082/3082 3081/3081
f 3084/3084 3086/3086 3087/3087
f 3087/3087 3085/3085 3084/3084
f 3086/3086 3088/3088 3089/3089
f 3089/3089 3087/3087 3086/3086
f 3090/3090 3091/3091 3092/3092
f 3092/3092 3093/3093 3090/3090
f 3091/3091 3094/3094 3095/3095
f 3095/3095 3092/3092 3091/3091
f 3094/3094 3096/3096 3097/3097
f 3097/3097 3095/3095 3094/3094
f 3096/3096 3098/3098 3099/3099
f 3099/3099 3097/3097 3096/3096
f 3100/3100 3101/3101 3102/3102
f 3102/3102 3103/3103 3100/3100
f 3101/3101 3104/3104 3105/3105
f 3105/3105 3102/3102 3101/3101
f 3104/3104 3106/3106 3107/3107
f 3107/3107 3105/3105 3104/3104
f 3106/3106 3108/3108 3109/3109
f 3109/3109 3107/3107 3106/3106
f 3110/3110 3111/3111 3112/3112
f 3112/3112 3113/3113 3110/3110
f 3111/3111 3074/3074 3077/3077
f 3077/3077 3112/3112 3111/3111
f 3114/3114 3115/3115 3116/3116
f 3116/3116 3117/3117 3118/3118
f 3118/3118 3119/3119 3120/3120
f 3116/3116 3118/3118 3120/3120
f 3120/3120 3121/3121 3122/3122
f 3122/3122 3123/3123 3124/3124
f 3120/3120 3122/3122 3124/3124
f 3124/3124 3125/3125 3126/3126
f 3126/3126 3127/3127 3128/3128
f 3124/3124 3126/3126 3128/3128
f 3120/3120 3124/3124 3128/3128
f 3116/3116 3120/3120 3128/3128
f 3114/3114 3116/3116 3128/3128
f 3129/3129 3114/3114 3128/3128
f 3130/3130 3131/3131 3132/3132
f 3132/3132 3133/3133 3134/3134
f 3134/3134 3135/3135 3136/3136
f 3132/3132 3134/3134 3136/3136
f 3136/3136 3137/3137 3138/3138
f 3138/3138 3139/3139 3140/3140
f 3136/3136 3138/3138 3140/3140
f 3140/3140 3141/3141 3142/3142
f 3142/3142 3143/3143 3144/3144
f 3140/3140 3142/3142 3144/3144
f 3136/3136 3140/3140 3144/3144
f 3132/3132 3136/3136 3144/3144
f 3130/3130 3132/3132 3144/3144
f 3145/3145 3130/3130 3144/3144
f 3146/3146 3147/3147 3148/3148
f 3148/3148 3149/3149 3146/3146
f 3149/3149 3148/3148 3150/3150
f 3150/3150 3151/3151 3149/3149
f 3151/3151 3150/3150 3152/3152
f 3152/3152 3153/3153 3151/3151
f 3153/3153 3152/3152 3154/3154
f 3154/3154 3155/3155 3153/3153
f 3155/3155 3154/3154 3156/3156
f 3156/3156 3157/3157 3155/3155
f 3157/3157 3156/3156 3158/3158
f 3158/3158 3159/3159 3157/3157
f 3159/3159 3158/3158 3160/3160
f 3160/3160 3161/3161 3159/3159
f 3161/3161 3160/3160 3162/3162
f 3162/3162 3163/3163 3161/3161
f 3163/3163 3162/3162 3164/3164
f 3164/3164 3165/3165 3163/3163
f 3165/3165 3164/3164 3166/3166
f 3166/3166 3167/3167 3165/3165
f 3167/3167 3166/3166 3168/3168
f 3168/3168 3169/3169 3167/3167
f 3169/3169 3168/3168 3170/3170
f 3170/3170 3171/3171 3169/3169
f 3171/3171 3170/3170 3172/3172
f 3172/3172 3173/3173 3171/3171
f 3173/3173 3172/3172 3174/3174
f 3174/3174 3175/3175 3173/3173
f 3175/3175 3174/3174 3176/3176
f 3176/3176 3177/3177 3175/3175
f 3177/3177 3176/3176 3147/3147
f 3147/3147 3146/3146 3177/3177
f 3148/3148 3147/3147 3178/3178
f 3178/3178 3179/3179 3148/3148
f 3147/3147 3176/3176 3180/3180
f 3180/3180 3178/3178 3147/3147
f 3176/3176 3174/3174 3181/3181
f 3181/3181 3180/3180 3176/3176
f 3174/3174 3172/3172 3182/3182
f 3182/3182 3181/3181 3174/3174
f 3172/3172 3170/3170 3183/3183
f 3183/3183 3182/3182 3172/3172
f 3170/3170 3168/3168 3184/3184
f 3184/3184 3183/3183 3170/3170
f 3168/3168 3166/3166 3185/3185
f 3185/3185 3184/3184 3168/3168
f 3166/3166 3164/3164 3186/3186
f 3186/3186 3185/3185 3166/3166
f 3164/3164 3162/3162 3187/3187
f 3187/3187 3186/3186 3164/3164
f 3162/3162 3160/3160 3188/3188
f 3188/3188 3187/3187 3162/3162
f 3160/3160 3158/3158 3189/3189
f 3189/3189 3188/3188 3160/3160
f 3158/3158 3156/3156 3190/3190
f 3190/3190 3189/3189 3158/3158
f 3156/3156 3154/3154 3191/3191
f 3191/3191 3190/3190 3156/3156
f 3154/3154 3152/3152 3192/3192
f 3192/3192 3191/3191 3154/3154
f 3152/3152 3150/3150 3193/3193
f 3193/3193 3192/3192 3152/3152
f 3150/3150 3148/3148 3179/3179
f 3179/3179 3193/3193 3150/3150
f 3194/3194 3195/3195 3196/3196
f 3196/3196 3197/3197 3194/3194
f 3195/3195 3198/3198 3199/3199
f 3199/3199 3196/3196 3195/3195
f 3198/3198 3200/3200 3201/3201
f 3201/3201 3199/3199 3198/3198
f 3202/3202 3203/3203 3204/3204
f 3204/3204 3205/3205 3202/3202
f 3203/3203 3206/3206 3207/3207
f 3207/3207 3204/3204 3203/3203
f 3206/3206 3208/3208 3209/3209
f 3209/3209 3207/3207 3206/3206
f 3208/3208 3210/3210 3211/3211
f 3211/3211 3209/3209 3208/3208
f 3212/3212 3213/3213 3214/3214
f 3214/3214 3215/3215 3212/3212
f 3213/3213 3216/3216 3217/3217
f 3217/3217 3214/3214 3213/3213
f 3216/3216 3218/3218 3219/3219
f 3219/3219 3217/3217 3216/3216
f 3218/3218 3220/3220 3221/3221
f 3221/3221 3219/3219 3218/3218
f 3222/3222 3223/3223 3224/3224
f 3224/3224 3225/3225 3222/3222
f 3223/3223 3226/3226 3227/3227
f 3227/3227 3224/3224 3223/3223
f 3226/3226 3228/3228 3229/3229
f 3229/3229 3227/3227 3226/3226
f 3228/3228 3230/3230 3231/3231
f 3231/3231 3229/3229 3228/3228
f 3232/3232 3194/3194 3197/3197
f 3197/3197 3233/3233 3232/3232
f 3234/3234 3235/3235 3236/3236
f 3236/3236 3237/3237 3234/3234
f 3235/3235 3238/3238 3239/3239
f 3239/3239 3236/3236 3235/3235
f 3238/3238 3240/3240 3241/3241
f 3241/3241 3239/3239 3238/3238
f 3240/3240 3242/3242 3243/3243
f 3243/3243 3241/3241 3240/3240
f 3242/3242 3244/3244 3245/3245
f 3245/3245 3243/3243 3242/3242
f 3244/3244 3246/3246 3247/3247
f 3247/3247 3245/3245 3244/3244
f 3246/3246 3248/3248 3249/3249
f 3249/3249 3247/3247 3246/3246
f 3248/3248 3250/3250 3251/3251
f 3251/3251 3249/3249 3248/3248
f 3250/3250 3252/3252 3253/3253
f 3253/3253 3251/3251 3250/3250
f 3252/3252 3254/3254 3255/3255
f 3255/3255 3253/3253 3252/3252
f 3254/3254 3256/3256 3257/3257
f 3257/3257 3255/3255 3254/3254
f 3256/3256 3258/3258 3259/3259
f 3259/3259 3257/3257 3256/3256
f 3258/3258 3260/3260 3261/3261
f 3261/3261 3259/3259 3258/3258
f 3260/3260 3262/3262 3263/3263
f 3263/3263 3261/3261 3260/3260
f 3262/3262 3264/3264 3265/3265
f 3265/3265 3263/3263 3262/3262
f 3264/3264 3234/3234 3237/3237
f 3237/3237 3265/3265 3264/3264
f 3266/3266 3267/3267 3268/3268
f 3268/3268 3269/3269 3266/3266
f 3267/3267 3270/3270 3271/3271
f 3271/3271 3268/3268 3267/3267
f 3270/3270 3272/3272 3273/3273
f 3273/3273 3271/3271 3270/3270
f 3272/3272 3274/3274 3275/3275
f 3275/3275 3273/3273 3272/3272
f 3274/3274 3276/3276 3277/3277
f 3277/3277 3275/3275 3274/3274
f 3276/3276 3278/3278 3279/3279
f 3279/3279 3277/3277 3276/3276
f 3278/3278 3280/3280 3281/3281
f 3281/3281 3279/3279 3278/3278
f 3280/3280 3282/3282 3283/3283
f 3283/3283 3281/3281 3280/3280
f 3282/3282 3284/3284 3285/3285
f 3285/3285 3283/3283 3282/3282
f 3284/3284 3286/3286 3287/3287
f 3287/3287 3285/3285 3284/3284
f 3286/3286 3288/3288 3289/3289
f 3289/3289 3287/3287 3286/3286
f 3288/3288 3290/3290 3291/3291
f 3291/3291 3289/3289 3288/3288
f 3290/3290 3292/3292 3293/3293
f 3293/3293 3291/3291 3290/3290
f 3292/3292 3294/3294 3295/3295
f 3295/3295 3293/3293 3292/3292
f 3294/3294 3296/3296 3297/3297
f 3297/3297 3295/3295 3294/3294
f 3296/3296 3266/3266 3269/3269
f 3269/3269 3297/3297 3296/3296
f 3298/3298 3299/3299 3300/3300
f 3300/3300 3301/3301 3298/3298
f 3299/3299 3302/3302 3303/3303
f 3303/3303 3300/3300 3299/3299
f 3302/3302 3304/3304 3305/3305
f 3305/3305 3303/3303 3302/3302
f 3306/3306 3307/3307 3308/3308
f 3308/3308 3309/3309 3306/3306
f 3307/3307 3310/3310 3311/3311
f 3311/3311 3308/3308 3307/3307
f 3310/3310 3312/3312 3313/3313
f 3313/3313 3311/3311 3310/3310
f 3312/3312 3314/3314 3315/3315
f 3315/3315 3313/3313 3312/3312
f 3316/3316 3317/3317 3318/3318
f 3318/3318 3319/3319 3316/3316
f 3317/3317 3320/3320 3321/3321
f 3321/3321 3318/3318 3317/3317
f 3320/3320 3322/3322 3323/3323
f 3323/3323 3321/3321 3320/3320
f 3322/3322 3324/3324 3325/3325
f 3325/3325 3323/3323 3322/3322
f 3326/3326 3327/3327 3328/3328
f 3328/3328 3329/3329 3326/3326
f 3327/3327 3330/3330 3331/3331
f 3331/3331 3328/3328 3327/3327
f 3330/3330 3332/3332 3333/3333
f 3333/3333 3331/3331 3330/3330
f 3332/3332 3334/3334 3335/3335
f 3335/3335 3333/3333 3332/3332
f 3336/3336 3298/3298 3301/3301
f 3301/3301 3337/3337 3336/3336
f 3338/3338 3339/3339 3340/3340
f 3340/3340 3341/3341 3338/3338
f 3341/3341 3340/3340 3342/3342
f 3342/3342 3343/3343 3341/3341
f 3344/3344 3345/3345 3346/3346
f 3346/3346 3347/3347 3344/3344
f 3347/3347 3346/3346 3348/3348
f 3348/3348 3349/3349 3347/3347
f 3349/3349 3348/3348 3350/3350
f 3350/3350 3351/3351 3349/3349
f 3351/3351 3350/3350 3352/3352
f 3352/3352 3353/3353 3351/3351
f 3354/3354 3355/3355 3356/3356
f 3356/3356 3357/3357 3354/3354
f 3357/3357 3356/3356 3358/3358
f 3358/3358 3359/3359 3357/3357
f 3359/3359 3358/3358 3360/3360
f 3360/3360 3361/3361 3359/3359
f 3361/3361 3360/3360 3362/3362
f 3362/3362 3363/3363 3361/3361
f 3364/3364 3365/3365 3366/3366
f 3366/3366 3367/3367 3364/3364
f 3367/3367 3366/3366 3368/3368
f 3368/3368 3369/3369 3367/3367
f 3369/3369 3368/3368 3370/3370
f 3370/3370 3371/3371 3369/3369
f 3371/3371 3370/3370 3372/3372
f 3372/3372 3373/3373 3371/3371
f 3374/3374 3375/3375 3376/3376
f 3376/3376 3377/3377 3374/3374
f 3377/3377 3376/3376 3339/3339
f 3339/3339 3338/3338 3377/3377
f 3378/3378 3379/3379 3380/3380
f 3380/3380 3381/3381 3382/3382
f 3378/3378 3380/3380 3382/3382
f 3382/3382 3383/3383 3384/3384
f 3384/3384 3385/3385 3386/3386
f 3382/3382 3384/3384 3386/3386
f 3378/3378 3382/3382 3386/3386
f 3386/3386 3387/3387 3388/3388
f 3388/3388 3389/3389 3390/3390
f 3386/3386 3388/3388 3390/3390
f 3378/3378 3386/3386 3390/3390
f 3390/3390 3391/3391 3392/3392
f 3378/3378 3390/3390 3392/3392
f 3393/3393 3378/3378 3392/3392
f 3394/3394 3395/3395 3396/3396
f 3396/3396 3397/3397 3398/3398
f 3394/3394 3396/3396 3398/3398
f 3398/3398 3399/3399 3400/3400
f 3400/3400 3401/3401 3402/3402
f 3398/3398 3400/3400 3402/3402
f 3394/3394 3398/3398 3402/3402
f 3402/3402 3403/3403 3404/3404
f 3404/3404 3405/3405 3406/3406
f 3402/3402 3404/3404 3406/3406
f 3394/3394 3402/3402 3406/3406
f 3406/3406 3407/3407 3408/3408
f 3394/3394 3406/3406 3408/3408
f 3409/3409 3394/3394 3408/3408
f 3410/3410 3411/3411 3412/3412
f 3412/3412 3413/3413 3410/3410
f 3411/3411 3414/3414 3415/3415
f 3415/3415 3412/3412 3411/3411
f 3414/3414 3416/3416 3417/3417
f 3417/3417 3415/3415 3414/3414
f 3416/3416 3418/3418 3419/3419
f 3419/3419 3417/3417 3416/3416
f 3418/3418 3420/3420 3421/3421
f 3421/3421 3419/3419 3418/3418
f 3420/3420 3422/3422 3423/3423
f 3423/3423 3421/3421 3420/3420
f 3422/3422 3424/3424 3425/3425
f 3425/3425 3423/3423 3422/3422
f 3424/3424 3426/3426 3427/3427
f 3427/3427 3425/3425 3424/3424
f 3426/3426 3428/3428 3429/3429
f 3429/3429 3427/3427 3426/3426
f 3428/3428 3430/3430 3431/3431
f 3431/3431 3429/3429 3428/3428
f 3430/3430 3432/3432 3433/3433
f 3433/3433 3431/3431 3430/3430
f 3432/3432 3434/3434 3435/3435
f 3435/3435 3433/3433 3432/3432
f 3434/3434 3436/3436 3437/3437
f 3437/3437 3435/3435 3434/3434
f 3436/3436 3438/3438 3439/3439
f 3439/3439 3437/3437 3436/3436
f 3438/3438 3440/3440 3441/3441
f 3441/3441 3439/3439 3438/3438
f 3440/3440 3410/3410 3413/3413
f 3413/3413 3441/3441 3440/3440
f 3412/3412 3442/3442 3443/3443
f 3443/3443 3413/3413 3412/3412
f 3413/3413 3443/3443 3444/3444
f 3444/3444 3441/3441 3413/3413
f 3441/3441 3444/3444 3445/3445
f 3445/3445 3439/3439 3441/3441
f 3439/3439 3445/3445 3446/3446
f 3446/3446 3437/3437 3439/3439
f 3437/3437 3446/3446 3447/3447
f 3447/3447 3435/3435 3437/3437
f 3435/3435 3447/3447 3448/3448
f 3448/3448 3433/3433 3435/3435
f 3433/3433 3448/3448 3449/3449
f 3449/3449 3431/3431 3433/3433
f 3431/3431 3449/3449 3450/3450
f 3450/3450 3429/3429 3431/3431
f 3429/3429 3450/3450 3451/3451
f 3451/3451 3427/3427 3429/3429
f 3427/3427 3451/3451 3452/3452
f 3452/3452 3425/3425 3427/3427
f 3425/3425 3452/3452 3453/3453
f 3453/3453 3423/3423 3425/3425
f 3423/3423 3453/3453 3454/3454
f 3454/3454 3421/3421 3423/3423
f 3421/3421 3454/3454 3455/3455
f 3455/3455 3419/3419 3421/3421
f 3419/3419 3455/3455 3456/3456
f 3456/3456 3417/3417 3419/3419
f 3417/3417 3456/3456 3457/3457
f 3457/3457 3415/3415 3417/3417
f 3415/3415 3457/3457 3442/3442
f 3442/3442 3412/3412 3415/3415
f 3458/3458 3459/3459 3460/3460
f 3460/3460 3461/3461 3458/3458
f 3461/3461 3460/3460 3462/3462
f 3462/3462 3463/3463 3461/3461
f 3463/3463 3462/3462 3464/3464
f 3464/3464 3465/3465 3463/3463
f 3466/3466 3467/3467 3468/3468
f 3468/3468 3469/3469 3466/3466
f 3469/3469 3468/3468 3470/3470
f 3470/3470 3471/3471 3469/3469
f 3471/3471 3470/3470 3472/3472
f 3472/3472 3473/3473 3471/3471
f 3473/3473 3472/3472 3474/3474
f 3474/3474 3475/3475 3473/3473
f 3476/3476 3477/3477 3478/3478
f 3478/3478 3479/3479 3476/3476
f 3479/3479 3478/3478 3480/3480
f 3480/3480 3481/3481 3479/3479
f 3481/3481 3480/3480 3482/3482
f 3482/3482 3483/3483 3481/3481
f 3483/3483 3482/3482 3484/3484
f 3484/3484 3485/3485 3483/3483
f 3486/3486 3487/3487 3488/3488
f 3488/3488 3489/3489 3486/3486
f 3489/3489 3488/3488 3490/3490
f 3490/3490 3491/3491 3489/3489
f 3491/3491 3490/3490 3492/3492
f 3492/3492 3493/3493 3491/3491
f 3493/3493 3492/3492 3494/3494
f 3494/3494 3495/3495 3493/3493
f 3496/3496 3497/3497 3459/3459
f 3459/3459 3458/3458 3496/3496
f 3498/3498 3499/3499 3500/3500
f 3500/3500 3501/3501 3498/3498
f 3501/3501 3500/3500 3502/3502
f 3502/3502 3503/3503 3501/3501
f 3503/3503 3502/3502 3504/3504
f 3504/3504 3505/3505 3503/3503
f 3505/3505 3504/3504 3506/3506
f 3506/3506 3507/3507 3505/3505
f 3507/3507 3506/3506 3508/3508
f 3508/3508 3509/3509 3507/3507
f 3509/3509 3508/3508 3510/3510
f 3510/3510 3511/3511 3509/3509
f 3511/3511 3510/3510 3512/3512
f 3512/3512 3513/3513 3511/3511
f 3513/3513 3512/3512 3514/3514
f 3514/3514 3515/3515 3513/3513
f 3515/3515 3514/3514 3516/3516
f 3516/3516 3517/3517 3515/3515
f 3517/3517 3516/3516 3518/3518
f 3518/3518 3519/3519 3517/3517
f 3519/3519 3518/3518 3520/3520
f 3520/3520 3521/3521 3519/3519
f 3521/3521 3520/3520 3522/3522
f 3522/3522 3523/3523 3521/3521
f 3523/3523 3522/3522 3524/3524
f 3524/3524 3525/3525 3523/3523
f 3525/3525 3524/3524 3526/3526
f 3526/3526 3527/3527 3525/3525
f 3527/3527 3526/3526 3528/3528
f 3528/3528 3529/3529 3527/3527
f 3529/3529 3528/3528 3499/3499
f 3499/3499 3498/3498 3529/3529
f 3530/3530 3531/3531 3532/3532
f 3532/3532 3533/3533 3530/3530
f 3533/3533 3532/3532 3534/3534
f 3534/3534 3535/3535 3533/3533
f 3535/3535 3534/3534 3536/3536
f 3536/3536 3537/3537 3535/3535
f 3537/3537 3536/3536 3538/3538
f 3538/3538 3539/3539 3537/3537
f 3539/3539 3538/3538 3540/3540
f 3540/3540 3541/3541 3539/3539
f 3541/3541 3540/3540 3542/3542
f 3542/3542 3543/3543 3541/3541
f 3543/3543 3542/3542 3544/3544
f 3544/3544 3545/3545 3543/3543
f 3545/3545 3544/3544 3546/3546
f 3546/3546 3547/3547 3545/3545
f 3547/3547 3546/3546 3548/3548
f 3548/3548 3549/3549 3547/3547
f 3549/3549 3548/3548 3550/3550
f 3550/3550 3551/3551 3549/3549
f 3551/3551 3550/3550 3552/3552
f 3552/3552 3553/3553 3551/3551
f 3553/3553 3552/3552 3554/3554
f 3554/3554 3555/3555 3553/3553
f 3555/3555 3554/3554 3556/3556
f 3556/3556 3557/3557 3555/3555
f 3557/3557 3556/3556 3558/3558
f 3558/3558 3559/3559 3557/3557
f 3559/3559 3558/3558 3560/3560
f 3560/3560 3561/3561 3559/3559
f 3561/3561 3560/3560 3531/3531
f 3531/3531 3530/3530 3561/3561
f 3562/3562 3563/3563 3564/3564
f 3564/3564 3565/3565 3562/3562
f 3565/3565 3564/3564 3566/3566
f 3566/3566 3567/3567 3565/3565
f 3567/3567 3566/3566 3568/3568
f 3568/3568 3569/3569 3567/3567
f 3570/3570 3571/3571 3572/3572
f 3572/3572 3573/3573 3570/3570
f 3573/3573 3572/3572 3574/3574
f 3574/3574 3575/3575 3573/3573
f 3575/3575 3574/3574 3576/3576
f 3576/3576 3577/3577 3575/3575
f 3577/3577 3576/3576 3578/3578
f 3578/3578 3579/3579 3577/3577
f 3580/3580 3581/3581 3582/3582
f 3582/3582 3583/3583 3580/3580
f 3583/3583 3582/3582 3584/3584
f 3584/3584 3585/3585 3583/3583
f 3585/3585 3584/3584 3586/3586
f 3586/3586 3587/3587 3585/3585
f 3587/3587 3586/3586 3588/3588
f 3588/3588 3589/3589 3587/3587
f 3590/3590 3591/3591 3592/3592
f 3592/3592 3593/3593 3590/3590
f 3593/3593 3592/3592 3594/3594
f 3594/3594 3595/3595 3593/3593
f 3595/3595 3594/3594 3596/3596
f 3596/3596 3597/3597 3595/3595
f 3597/3597 3596/3596 3598/3598
f 3598/3598 3599/3599 3597/3597
f 3600/3600 3601/3601 3563/3563
f 3563/3563 3562/3562 3600/3600
f 3602/3602 3603/3603 3604/3604
f 3605/3605 3604/3604 3603/3603
f 3606/3606 3602/3602 3607/3607
f 3604/3604 3607/3607 3602/3602
f 3608/3608 3609/3609 3610/3610
f 3611/3611 3610/3610 3609/3609
f 3612/3612 3608/3608 3613/3613
f 3610/3610 3613/3613 3608/3608
f 3614/3614 3612/3612 3615/3615
f 3613/3613 3615/3615 3612/3612
f 3616/3616 3614/3614 3617/3617
f 3615/3615 3617/3617 3614/3614
f 3618/3618 3619/3619 3620/3620
f 3621/3621 3620/3620 3619/3619
f 3622/3622 3618/3618 3623/3623
f 3620/3620 3623/3623 3618/3618
f 3624/3624 3622/3622 3625/3625
f 3623/3623 3625/3625 3622/3622
f 3626/3626 3624/3624 3627/3627
f 3625/3625 3627/3627 3624/3624
f 3628/3628 3629/3629 3630/3630
f 3631/3631 3630/3630 3629/3629
f 3632/3632 3628/3628 3633/3633
f 3630/3630 3633/3633 3628/3628
f 3634/3634 3632/3632 3635/3635
f 3633/3633 3635/3635 3632/3632
f 3636/3636 3634/3634 3637/3637
f 3635/3635 3637/3637 3634/3634
f 3638/3638 3639/3639 3640/3640
f 3641/3641 3640/3640 3639/3639
f 3603/3603 3638/3638 3605/3605
f 3640/3640 3605/3605 3638/3638
f 3642/3642 3643/3643 3644/3644
f 3645/3645 3644/3644 3646/3646
f 3647/3647 3646/3646 3648/3648
f 3646/3646 3644/3644 3648/3648
f 3649/3649 3648/3648 3650/3650
f 3651/3651 3650/3650 3652/3652
f 3650/3650 3648/3648 3652/3652
f 3653/3653 3652/3652 3654/3654
f 3655/3655 3654/3654 3656/3656
f 3654/3654 3652/3652 3656/3656
f 3652/3652 3648/3648 3656/3656
f 3648/3648 3644/3644 3656/3656
f 3644/3644 3643/3643 3656/3656
f 3643/3643 3657/3657 3656/3656
f 3658/3658 3659/3659 3660/3660
f 3661/3661 3660/3660 3662/3662
f 3663/3663 3662/3662 3664/3664
f 3662/3662 3660/3660 3664/3664
f 3665/3665 3664/3664 3666/3666
f 3667/3667 3666/3666 3668/3668
f 3666/3666 3664/3664 3668/3668
f 3669/3669 3668/3668 3670/3670
f 3671/3671 3670/3670 3672/3672
f 3670/3670 3668/3668 3672/3672
f 3668/3668 3664/3664 3672/3672
f 3664/3664 3660/3660 3672/3672
f 3660/3660 3659/3659 3672/3672
f 3659/3659 3673/3673 3672/3672
f 3674/3674 3675/3675 3676/3676
f 3677/3677 3676/3676 3675/3675
f 3676/3676 3677/3677 3678/3678
f 3679/3679 3678/3678 3677/3677
f 3678/3678 3679/3679 3680/3680
f 3681/3681 3680/3680 3679/3679
f 3680/3680 3681/3681 3682/3682
f 3683/3683 3682/3682 3681/3681
f 3682/3682 3683/3683 3684/3684
f 3685/3685 3684/3684 3683/3683
f 3684/3684 3685/3685 3686/3686
f 3687/3687 3686/3686 3685/3685
f 3686/3686 3687/3687 3688/3688
f 3689/3689 3688/3688 3687/3687
f 3688/3688 3689/3689 3690/3690
f 3691/3691 3690/3690 3689/3689
f 3690/3690 3691/3691 3692/3692
f 3693/3693 3692/3692 3691/3691
f 3692/3692 3693/3693 3694/3694
f 3695/3695 3694/3694 3693/3693
f 3694/3694 3695/3695 3696/3696
f 3697/3697 3696/3696 3695/3695
f 3696/3696 3697/3697 3698/3698
f 3699/3699 3698/3698 3697/3697
f 3698/3698 3699/3699 3700/3700
f 3701/3701 3700/3700 3699/3699
f 3700/3700 3701/3701 3702/3702
f 3703/3703 3702/3702 3701/3701
f 3702/3702 3703/3703 3704/3704
f 3705/3705 3704/3704 3703/3703
f 3704/3704 3705/3705 3674/3674
f 3675/3675 3674/3674 3705/3705
f 3674/3674 3676/3676 3706/3706
f 3707/3707 3706/3706 3676/3676
f 3704/3704 3674/3674 3708/3708
f 3706/3706 3708/3708 3674/3674
f 3702/3702 3704/3704 3709/3709
f 3708/3708 3709/3709 3704/3704
f 3700/3700 3702/3702 3710/3710
f 3709/3709 3710/3710 3702/3702
f 3698/3698 3700/3700 3711/3711
f 3710/3710 3711/3711 3700/3700
f 3696/3696 3698/3698 3712/3712
f 3711/3711 3712/3712 3698/3698
f 3694/3694 3696/3696 3713/3713
f 3712/3712 3713/3713 3696/3696
f 3692/3692 3694/3694 3714/3714
f 3713/3713 3714/3714 3694/3694
f 3690/3690 3692/3692 3715/3715
f 3714/3714 3715/3715 3692/3692
f 3688/3688 3690/3690 3716/3716
f 3715/3715 3716/3716 3690/3690
f 3686/3686 3688/3688 3717/3717
f 3716/3716 3717/3717 3688/3688
f 3684/3684 3686/3686 3718/3718
f 3717/3717 3718/3718 3686/3686
f 3682/3682 3684/3684 3719/3719
f 3718/3718 3719/3719 3684/3684
f 3680/3680 3682/3682 3720/3720
f 3719/3719 3720/3720 3682/3682
f 3678/3678 3680/3680 3721/3721
f 3720/3720 3721/3721 3680/3680
f 3676/3676 3678/3678 3707/3707
f 3721/3721 3707/3707 3678/3678
f 3722/3722 3723/3723 3724/3724
f 3725/3725 3724/3724 3723/3723
f 3726/3726 3722/3722 3727/3727
f 3724/3724 3727/3727 3722/3722
f 3728/3728 3726/3726 3729/3729
f 3727/3727 3729/3729 3726/3726
f 3730/3730 3731/3731 3732/3732
f 3733/3733 3732/3732 3731/3731
f 3734/3734 3730/3730 3735/3735
f 3732/3732 3735/3735 3730/3730
f 3736/3736 3734/3734 3737/3737
f 3735/3735 3737/3737 3734/3734
f 3738/3738 3736/3736 3739/3739
f 3737/3737 3739/3739 3736/3736
f 3740/3740 3741/3741 3742/3742
f 3743/3743 3742/3742 3741/3741
f 3744/3744 3740/3740 3745/3745
f 3742/3742 3745/3745 3740/3740
f 3746/3746 3744/3744 3747/3747
f 3745/3745 3747/3747 3744/3744
f 3748/3748 3746/3746 3749/3749
f 3747/3747 3749/3749 3746/3746
f 3750/3750 3751/3751 3752/3752
f 3753/3753 3752/3752 3751/3751
f 3754/3754 3750/3750 3755/3755
f 3752/3752 3755/3755 3750/3750
f 3756/3756 3754/3754 3757/3757
f 3755/3755 3757/3757 3754/3754
f 3758/3758 3756/3756 3759/3759
f 3757/3757 3759/3759 3756/3756
f 3723/3723 3760/3760 3725/3725
f 3761/3761 3725/3725 3760/3760
f 3762/3762 3763/3763 3764/3764
f 3765/3765 3764/3764 3763/3763
f 3766/3766 3762/3762 3767/3767
f 3764/3764 3767/3767 3762/3762
f 3768/3768 3766/3766 3769/3769
f 3767/3767 3769/3769 3766/3766
f 3770/3770 3768/3768 3771/3771
f 3769/3769 3771/3771 3768/3768
f 3772/3772 3770/3770 3773/3773
f 3771/3771 3773/3773 3770/3770
f 3774/3774 3772/3772 3775/3775
f 3773/3773 3775/3775 3772/3772
f 3776/3776 3774/3774 3777/3777
f 3775/3775 3777/3777 3774/3774
f 3778/3778 3776/3776 3779/3779
f 3777/3777 3779/3779 3776/3776
f 3780/3780 3778/3778 3781/3781
f 3779/3779 3781/3781 3778/3778
f 3782/3782 3780/3780 3783/3783
f 3781/3781 3783/3783 3780/3780
f 3784/3784 3782/3782 3785/3785
f 3783/3783 3785/3785 3782/3782
f 3786/3786 3784/3784 3787/3787
f 3785/3785 3787/3787 3784/3784
f 3788/3788 3786/3786 3789/3789
f 3787/3787 3789/3789 3786/3786
f 3790/3790 3788/3788 3791/3791
f 3789/3789 3791/3791 3788/3788
f 3792/3792 3790/3790 3793/3793
f 3791/3791 3793/3793 3790/3790
f 3763/3763 3792/3792 3765/3765
f 3793/3793 3765/3765 3792/3792
f 3794/3794 3795/3795 3796/3796
f 3797/3797 3796/3796 3795/3795
f 3798/3798 3794/3794 3799/3799
f 3796/3796 3799/3799 3794/3794
f 3800/3800 3798/3798 3801/3801
f 3799/3799 3801/3801 3798/3798
f 3802/3802 3800/3800 3803/3803
f 3801/3801 3803/3803 3800/3800
f 3804/3804 3802/3802 3805/3805
f 3803/3803 3805/3805 3802/3802
f 3806/3806 3804/3804 3807/3807
f 3805/3805 3807/3807 3804/3804
f 3808/3808 3806/3806 3809/3809
f 3807/3807 3809/3809 3806/3806
f 3810/3810 3808/3808 3811/3811
f 3809/3809 3811/3811 3808/3808
f 3812/3812 3810/3810 3813/3813
f 3811/3811 3813/3813 3810/3810
f 3814/3814 3812/3812 3815/3815
f 3813/3813 3815/3815 3812/3812
f 3816/3816 3814/3814 3817/3817
f 3815/3815 3817/3817 3814/3814
f 3818/3818 3816/3816 3819/3819
f 3817/3817 3819/3819 3816/3816
f 3820/3820 3818/3818 3821/3821
f 3819/3819 3821/3821 3818/3818
f 3822/3822 3820/3820 3823/3823
f 3821/3821 3823/3823 3820/3820
f 3824/3824 3822/3822 3825/3825
f 3823/3823 3825/3825 3822/3822
f 3795/3795 3824/3824 3797/3797
f 3825/3825 3797/3797 3824/3824
f 3826/3826 3827/3827 3828/3828
f 3829/3829 3828/3828 3827/3827
f 3830/3830 3826/3826 3831/3831
f 3828/3828 3831/3831 3826/3826
f 3832/3832 3830/3830 3833/3833
f 3831/3831 3833/3833 3830/3830
f 3834/3834 3835/3835 3836/3836
f 3837/3837 3836/3836 3835/3835
f 3838/3838 3834/3834 3839/3839
f 3836/3836 3839/3839 3834/3834
f 3840/3840 3838/3838 3841/3841
f 3839/3839 3841/3841 3838/3838
f 3842/3842 3840/3840 3843/3843
f 3841/3841 3843/3843 3840/3840
f 3844/3844 3845/3845 3846/3846
f 3847/3847 3846/3846 3845/3845
f 3848/3848 3844/3844 3849/3849
f 3846/3846 3849/3849 3844/3844
f 3850/3850 3848/3848 3851/3851
f 3849/3849 3851/3851 3848/3848
f 3852/3852 3850/3850 3853/3853
f 3851/3851 3853/3853 3850/3850
f 3854/3854 3855/3855 3856/3856
f 3857/3857 3856/3856 3855/3855
f 3858/3858 3854/3854 3859/3859
f 3856/3856 3859/3859 3854/3854
f 3860/3860 3858/3858 3861/3861
f 3859/3859 3861/3861 3858/3858
f 3862/3862 3860/3860 3863/3863
f 3861/3861 3863/3863 3860/3860
f 3827/3827 3864/3864 3829/3829
f 3865/3865 3829/3829 3864/3864
f 3866/3866 3867/3867 3868/3868
f 3869/3869 3868/3868 3867/3867
f 3868/3868 3869/3869 3870/3870
f 3871/3871 3870/3870 3869/3869
f 3872/3872 3873/3873 3874/3874
f 3875/3875 3874/3874 3873/3873
f 3874/3874 3875/3875 3876/3876
f 3877/3877 3876/3876 3875/3875
f 3876/3876 3877/3877 3878/3878
f 3879/3879 3878/3878 3877/3877
f 3878/3878 3879/3879 3880/3880
f 3881/3881 3880/3880 3879/3879
f 3882/3882 3883/3883 3884/3884
f 3885/3885 3884/3884 3883/3883
f 3884/3884 3885/3885 3886/3886
f 3887/3887 3886/3886 3885/3885
f 3886/3886 3887/3887 3888/3888
f 3889/3889 3888/3888 3887/3887
f 3888/3888 3889/3889 3890/3890
f 3891/3891 3890/3890 3889/3889
f 3892/3892 3893/3893 3894/3894
f 3895/3895 3894/3894 3893/3893
f 3894/3894 3895/3895 3896/3896
f 3897/3897 3896/3896 3895/3895
f 3896/3896 3897/3897 3898/3898
f 3899/3899 3898/3898 3897/3897
f 3898/3898 3899/3899 3900/3900
f 3901/3901 3900/3900 3899/3899
f 3902/3902 3903/3903 3904/3904
f 3905/3905 3904/3904 3903/3903
f 3904/3904 3905/3905 3866/3866
f 3867/3867 3866/3866 3905/3905
f 3906/3906 3907/3907 3908/3908
f 3909/3909 3908/3908 3910/3910
f 3908/3908 3907/3907 3910/3910
f 3911/3911 3910/3910 3912/3912
f 3913/3913 3912/3912 3914/3914
f 3912/3912 3910/3910 3914/3914
f 3910/3910 3907/3907 3914/3914
f 3915/3915 3914/3914 3916/3916
f 3917/3917 3916/3916 3918/3918
f 3916/3916 3914/3914 3918/3918
f 3914/3914 3907/3907 3918/3918
f 3919/3919 3918/3918 3920/3920
f 3918/3918 3907/3907 3920/3920
f 3907/3907 3921/3921 3920/3920
f 3922/3922 3923/3923 3924/3924
f 3925/3925 3924/3924 3926/3926
f 3924/3924 3923/3923 3926/3926
f 3927/3927 3926/3926 3928/3928
f 3929/3929 3928/3928 3930/3930
f 3928/3928 3926/3926 3930/3930
f 3926/3926 3923/3923 3930/3930
f 3931/3931 3930/3930 3932/3932
f 3933/3933 3932/3932 3934/3934
f 3932/3932 3930/3930 3934/3934
f 3930/3930 3923/3923 3934/3934
f 3935/3935 3934/3934 3936/3936
f 3934/3934 3923/3923 3936/3936
f 3923/3923 3937/3937 3936/3936
f 3938/3938 3939/3939 3940/3940
f 3941/3941 3940/3940 3939/3939
f 3942/3942 3938/3938 3943/3943
f 3940/3940 3943/3943 3938/3938
f 3944/3944 3942/3942 3945/3945
f 3943/3943 3945/3945 3942/3942
f 3946/3946 3944/3944 3947/3947
f 3945/3945 3947/3947 3944/3944
f 3948/3948 3946/3946 3949/3949
f 3947/3947 3949/3949 3946/3946
f 3950/3950 3948/3948 3951/3951
f 3949/3949 3951/3951 3948/3948
f 3952/3952 3950/3950 3953/3953
f 3951/3951 3953/3953 3950/3950
f 3954/3954 3952/3952 3955/3955
f 3953/3953 3955/3955 3952/3952
f 3956/3956 3954/3954 3957/3957
f 3955/3955 3957/3957 3954/3954
f 3958/3958 3956/3956 3959/3959
f 3957/3957 3959/3959 3956/3956
f 3960/3960 3958/3958 3961/3961
f 3959/3959 3961/3961 3958/3958
f 3962/3962 3960/3960 3963/3963
f 3961/3961 3963/3963 3960/3960
f 3964/3964 3962/3962 3965/3965
f 3963/3963 3965/3965 3962/3962
f 3966/3966 3964/3964 3967/3967
f 3965/3965 3967/3967 3964/3964
f 3968/3968 3966/3966 3969/3969
f 3967/3967 3969/3969 3966/3966
f 3939/3939 3968/3968 3941/3941
f 3969/3969 3941/3941 3968/3968
f 3970/3970 3940/3940 3971/3971
f 3941/3941 3971/3971 3940/3940
f 3971/3971 3941/3941 3972/3972
f 3969/3969 3972/3972 3941/3941
f 3972/3972 3969/3969 3973/3973
f 3967/3967 3973/3973 3969/3969
f 3973/3973 3967/3967 3974/3974
f 3965/3965 3974/3974 3967/3967
f 3974/3974 3965/3965 3975/3975
f 3963/3963 3975/3975 3965/3965
f 3975/3975 3963/3963 3976/3976
f 3961/3961 3976/3976 3963/3963
f 3976/3976 3961/3961 3977/3977
f 3959/3959 3977/3977 3961/3961
f 3977/3977 3959/3959 3978/3978
f 3957/3957 3978/3978 3959/3959
f 3978/3978 3957/3957 3979/3979
f 3955/3955 3979/3979 3957/3957
f 3979/3979 3955/3955 3980/3980
f 3953/3953 3980/3980 3955/3955
f 3980/3980 3953/3953 3981/3981
f 3951/3951 3981/3981 3953/3953
f 3981/3981 3951/3951 3982/3982
f 3949/3949 3982/3982 3951/3951
f 3982/3982 3949/3949 3983/3983
f 3947/3947 3983/3983 3949/3949
f 3983/3983 3947/3947 3984/3984
f 3945/3945 3984/3984 3947/3947
f 3984/3984 3945/3945 3985/3985
f 3943/3943 3985/3985 3945/3945
f 3985/3985 3943/3943 3970/3970
f 3940/3940 3970/3970 3943/3943
f 3986/3986 3987/3987 3988/3988
f 3989/3989 3988/3988 3987/3987
f 3988/3988 3989/3989 3990/3990
f 3991/3991 3990/3990 3989/3989
f 3990/3990 3991/3991 3992/3992
f 3993/3993 3992/3992 3991/3991
f 3994/3994 3995/3995 3996/3996
f 3997/3997 3996/3996 3995/3995
f 3996/3996 3997/3997 3998/3998
f 3999/3999 3998/3998 3997/3997
f 3998/3998 3999/3999 4000/4000
f 4001/4001 4000/4000 3999/3999
f 4000/4000 4001/4001 4002/4002
f 4003/4003 4002/4002 4001/4001
f 4004/4004 4005/4005 4006/4006
f 4007/4007 4006/4006 4005/4005
f 4006/4006 4007/4007 4008/4008
f 4009/4009 4008/4008 4007/4007
f 4008/4008 4009/4009 4010/4010
f 4011/4011 4010/4010 4009/4009
f 4010/4010 4011/4011 4012/4012
f 4013/4013 4012/4012 4011/4011
f 4014/4014 4015/4015 4016/4016
f 4017/4017 4016/4016 4015/4015
f 4016/4016 4017/4017 4018/4018
f 4019/4019 4018/4018 4017/4017
f 4018/4018 4019/4019 4020/4020
f 4021/4021 4020/4020 4019/4019
f 4020/4020 4021/4021 4022/4022
f 4023/4023 4022/4022 4021/4021
f 4024/4024 4025/4025 3986/3986
f 3987/3987 3986/3986 4025/4025
f 4026/4026 4027/4027 4028/4028
f 4029/4029 4028/4028 4027/4027
f 4028/4028 4029/4029 4030/4030
f 4031/4031 4030/4030 4029/4029
f 4030/4030 4031/4031 4032/4032
f 4033/4033 4032/4032 4031/4031
f 4032/4032 4033/4033 4034/4034
f 4035/4035 4034/4034 4033/4033
f 4034/4034 4035/4035 4036/4036
f 4037/4037 4036/4036 4035/4035
f 4036/4036 4037/4037 4038/4038
f 4039/4039 4038/4038 4037/4037
f 4038/4038 4039/4039 4040/4040
f 4041/4041 4040/4040 4039/4039
f 4040/4040 4041/4041 4042/4042
f 4043/4043 4042/4042 4041/4041
f 4042/4042 4043/4043 4044/4044
f 4045/4045 4044/4044 4043/4043
f 4044/4044 4045/4045 4046/4046
f 4047/4047 4046/4046 4045/4045
f 4046/4046 4047/4047 4048/4048
f 4049/4049 4048/4048 4047/4047
f 4048/4048 4049/4049 4050/4050
f 4051/4051 4050/4050 4049/4049
f 4050/4050 4051/4051 4052/4052
f 4053/4053 4052/4052 4051/4051
f 4052/4052 4053/4053 4054/4054
f 4055/4055 4054/4054 4053/4053
f 4054/4054 4055/4055 4056/4056
f 4057/4057 4056/4056 4055/4055
f 4056/4056 4057/4057 4026/4026
f 4027/4027 4026/4026 4057/4057
f 4058/4058 4059/4059 4060/4060
f 4061/4061 4060/4060 4059/4059
f 4060/4060 4061/4061 4062/4062
f 4063/4063 4062/4062 4061/4061
f 4062/4062 4063/4063 4064/4064
f 4065/4065 4064/4064 4063/4063
f 4064/4064 4065/4065 4066/4066
f 4067/4067 4066/4066 4065/4065
f 4066/4066 4067/4067 4068/4068
f 4069/4069 4068/4068 4067/4067
f 4068/4068 4069/4069 4070/4070
f 4071/4071 4070/4070 4069/4069
f 4070/4070 4071/4071 4072/4072
f 4073/4073 4072/4072 4071/4071
f 4072/4072 4073/4073 4074/4074
f 4075/4075 4074/4074 4073/4073
f 4074/4074 4075/4075 4076/4076
f 4077/4077 4076/4076 4075/4075
f 4076/4076 4077/4077 4078/4078
f 4079/4079 4078/4078 4077/4077
f 4078/4078 4079/4079 4080/4080
f 4081/4081 4080/4080 4079/4079
f 4080/4080 4081/4081 4082/4082
f 4083/4083 4082/4082 4081/4081
f 4082/4082 4083/4083 4084/4084
f 4085/4085 4084/4084 4083/4083
f 4084/4084 4085/4085 4086/4086
f 4087/4087 4086/4086 4085/4085
f 4086/4086 4087/4087 4088/4088
f 4089/4089 4088/4088 4087/4087
f 4088/4088 4089/4089 4058/4058
f 4059/4059 4058/4058 4089/4089
f 4090/4090 4091/4091 4092/4092
f 4093/4093 4092/4092 4091/4091
f 4092/4092 4093/4093 4094/4094
f 4095/4095 4094/4094 4093/4093
f 4094/4094 4095/4095 4096/4096
f 4097/4097 4096/4096 4095/4095
f 4098/4098 4099/4099 4100/4100
f 4101/4101 4100/4100 4099/4099
f 4100/4100 4101/4101 4102/4102
f 4103/4103 4102/4102 4101/4101
f 4102/4102 4103/4103 4104/4104
f 4105/4105 4104/4104 4103/4103
f 4104/4104 4105/4105 4106/4106
f 4107/4107 4106/4106 4105/4105
f 4108/4108 4109/4109 4110/4110
f 4111/4111 4110/4110 4109/4109
f 4110/4110 4111/4111 4112/4112
f 4113/4113 4112/4112 4111/4111
f 4112/4112 4113/4113 4114/4114
f 4115/4115 4114/4114 4113/4113
f 4114/4114 4115/4115 4116/4116
f 4117/4117 4116/4116 4115/4115
f 4118/4118 4119/4119 4120/4120
f 4121/4121 4120/4120 4119/4119
f 4120/4120 4121/4121 4122/4122
f 4123/4123 4122/4122 4121/4121
f 4122/4122 4123/4123 4124/4124
f 4125/4125 4124/4124 4123/4123
f 4124/4124 4125/4125 4126/4126
f 4127/4127 4126/4126 4125/4125
f 4128/4128 4129/4129 4090/4090
f 4091/4091 4090/4090 4129/4129
f 4130/4130 4131/4131 4132/4132
f 4133/4133 4134/4134 4135/4135
f 4136/4136 4137/4137 4138/4138
f 4139/4139 4140/4140 4141/4141
f 4142/4142 4143/4143 4144/4144
f 4145/4145 4146/4146 4147/4147
f 4148/4148 4149/4149 4150/4150
f 4151/4151 4152/4152 4153/4153
f 4154/4154 4155/4155 4156/4156
f 4157/4157 4158/4158 4159/4159
f 4160/4160 4161/4161 4162/4162
f 4163/4163 4164/4164 4165/4165
f 4166/4166 4167/4167 4168/4168
f 4169/4169 4170/4170 4171/4171
f 4172/4172 4173/4173 4174/4174
f 4175/4175 4176/4176 4177/4177
f 4178/4178 4179/4179 4180/4180
f 4181/4181 4182/4182 4183/4183
f 4184/4184 4185/4185 4186/4186
f 4187/4187 4188/4188 4189/4189
f 4190/4190 4191/4191 4192/4192
f 4193/4193 4194/4194 4195/4195
f 4196/4196 4197/4197 4198/4198
f 4199/4199 4200/4200 4201/4201
f 4202/4202 4203/4203 4204/4204
f 4205/4205 4206/4206 4207/4207
f 4208/4208 4209/4209 4210/4210
f 4211/4211 4212/4212 4213/4213
f 4214/4214 4215/4215 4216/4216
f 4217/4217 4218/4218 4219/4219
f 4220/4220 4221/4221 4222/4222
f 4223/4223 4224/4224 4225/4225
f 4226/4226 4227/4227 4228/4228
f 4229/4229 4230/4230 4231/4231
f 4232/4232 4233/4233 4234/4234
f 4235/4235 4236/4236 4237/4237
f 4238/4238 4239/4239 4240/4240
f 4241/4241 4242/4242 4243/4243
f 4244/4244 4245/4245 4246/4246
f 4247/4247 4248/4248 4249/4249
f 4250/4250 4251/4251 4252/4252
f 4253/4253 4254/4254 4255/4255
f 4256/4256 4257/4257 4258/4258
f 4259/4259 4260/4260 4261/4261
f 4262/4262 4263/4263 4264/4264
f 4265/4265 4266/4266 4267/4267
f 4268/4268 4269/4269 4270/4270
f 4271/4271 4272/4272 4273/4273
f 4274/4274 4275/4275 4276/4276
f 4277/4277 4278/4278 4279/4279
f 4280/4280 4281/4281 4282/4282
f 4283/4283 4284/4284 4285/4285
f 4286/4286 4287/4287 4288/4288
f 4289/4289 4290/4290 4291/4291
f 4292/4292 4293/4293 4294/4294
f 4295/4295 4296/4296 4297/4297
f 4298/4298 4299/4299 4300/4300
f 4301/4301 4302/4302 4303/4303
f 4304/4304 4305/4305 4306/4306
f 4307/4307 4308/4308 4309/4309
f 4310/4310 4311/4311 4312/4312
f 4313/4313 4314/4314 4315/4315
f 4316/4316 4317/4317 4318/4318
f 4319/4319 4320/4320 4321/4321
f 4322/4322 4323/4323 4324/4324
f 4325/4325 4326/4326 4327/4327
f 4328/4328 4329/4329 4330/4330
f 4331/4331 4332/4332 4333/4333
f 4334/4334 4335/4335 4336/4336
f 4337/4337 4338/4338 4339/4339
f 4340/4340 4341/4341 4342/4342
f 4343/4343 4344/4344 4345/4345
f 4346/4346 4347/4347 4348/4348
f 4349/4349 4350/4350 4351/4351
f 4352/4352 4353/4353 4354/4354
f 4355/4355 4356/4356 4357/4357
f 4358/4358 4359/4359 4360/4360
f 4361/4361 4362/4362 4363/4363
f 4364/4364 4365/4365 4366/4366
f 4367/4367 4368/4368 4369/4369
f 4370/4370 4371/4371 4372/4372
f 4373/4373 4374/4374 4375/4375
f 4376/4376 4377/4377 4378/4378
f 4379/4379 4380/4380 4381/4381
f 4382/4382 4383/4383 4384/4384
f 4385/4385 4386/4386 4387/4387
f 4388/4388 4389/4389 4390/4390
f 4391/4391 4392/4392 4393/4393
f 4394/4394 4395/4395 4396/4396
f 4397/4397 4398/4398 4399/4399
f 4400/4400 4401/4401 4402/4402
f 4403/4403 4404/4404 4405/4405
f 4406/4406 4407/4407 4408/4408
f 4409/4409 4410/4410 4411/4411
f 4412/4412 4413/4413 4414/4414
f 4415/4415 4416/4416 4417/4417
f 4418/4418 4419/4419 4420/4420
f 4421/4421 4422/4422 4423/4423
f 4424/4424 4425/4425 4426/4426
f 4427/4427 4428/4428 4429/4429
f 4430/4430 4431/4431 4432/4432
f 4433/4433 4434/4434 4435/4435
f 4436/4436 4437/4437 4438/4438
f 4439/4439 4440/4440 4441/4441
f 4442/4442 4443/4443 4444/4444
f 4445/4445 4446/4446 4447/4447
f 4448/4448 4449/4449 4450/4450
f 4451/4451 4452/4452 4453/4453
f 4454/4454 4455/4455 4456/4456
f 4457/4457 4458/4458 4459/4459
f 4460/4460 4461/4461 4462/4462
f 4463/4463 4464/4464 4465/4465
f 4466/4466 4467/4467 4468/4468
f 4469/4469 4470/4470 4471/4471
f 4472/4472 4473/4473 4474/4474
f 4475/4475 4476/4476 4477/4477
f 4478/4478 4479/4479 4480/4480
f 4481/4481 4482/4482 4483/4483
f 4484/4484 4485/4485 4486/4486
f 4487/4487 4488/4488 4489/4489
f 4490/4490 4491/4491 4492/4492
f 4493/4493 4494/4494 4495/4495
f 4496/4496 4497/4497 4498/4498
f 4499/4499 4500/4500 4501/4501
f 4502/4502 4503/4503 4504/4504
f 4505/4505 4506/4506 4507/4507
f 4508/4508 4509/4509 4510/4510
f 4511/4511 4512/4512 4513/4513
f 4514/4514 4515/4515 4516/4516
f 4517/4517 4518/4518 4519/4519
f 4520/4520 4521/4521 4522/4522
f 4523/4523 4524/4524 4525/4525
f 4526/4526 4527/4527 4528/4528
f 4529/4529 4530/4530 4531/4531
f 4532/4532 4533/4533 4534/4534
f 4535/4535 4536/4536 4537/4537
f 4538/4538 4539/4539 4540/4540
f 4541/4541 4542/4542 4543/4543
f 4544/4544 4545/4545 4546/4546
f 4547/4547 4548/4548 4549/4549
f 4550/4550 4551/4551 4552/4552
f 4553/4553 4554/4554 4555/4555
f 4556/4556 4557/4557 4558/4558
f 4559/4559 4560/4560 4561/4561
f 4562/4562 4563/4563 4564/4564
f 4565/4565 4566/4566 4567/4567
f 4568/4568 4569/4569 4570/4570
f 4571/4571 4572/4572 4573/4573
f 4574/4574 4575/4575 4576/4576
f 4577/4577 4578/4578 4579/4579
f 4580/4580 4581/4581 4582/4582
f 4583/4583 4584/4584 4585/4585
f 4586/4586 4587/4587 4588/4588
f 4589/4589 4590/4590 4591/4591
f 4592/4592 4593/4593 4594/4594
f 4595/4595 4596/4596 4597/4597
f 4598/4598 4599/4599 4600/4600
f 4601/4601 4602/4602 4603/4603
f 4604/4604 4605/4605 4606/4606
f 4607/4607 4608/4608 4609/4609
f 4610/4610 4611/4611 4612/4612
f 4613/4613 4614/4614 4615/4615
f 4616/4616 4617/4617 4618/4618
f 4619/4619 4620/4620 4621/4621
f 4622/4622 4623/4623 4624/4624
f 4625/4625 4626/4626 4627/4627
f 4628/4628 4629/4629 4630/4630
f 4631/4631 4632/4632 4633/4633
f 4634/4634 4635/4635 4636/4636
f 4637/4637 4638/4638 4639/4639
f 4640/4640 4641/4641 4642/4642
f 4643/4643 4644/4644 4645/4645
f 4646/4646 4647/4647 4648/4648
f 4649/4649 4650/4650 4651/4651
f 4652/4652 4653/4653 4654/4654
f 4654/4654 4655/4655 4652/4652
f 4656/4656 4657/4657 4658/4658
f 4658/4658 4659/4659 4656/4656
f 4660/4660 4661/4661 4662/4662
f 4662/4662 4663/4663 4660/4660
f 4664/4664 4665/4665 4666/4666
f 4666/4666 4667/4667 4664/4664
f 4667/4667 4666/4666 4657/4657
f 4657/4657 4656/4656 4667/4667
f 4668/4668 4669/4669 4661/4661
f 4661/4661 4660/4660 4668/4668
f 4663/4663 4662/4662 4653/4653
f 4653/4653 4652/4652 4663/4663
f 4670/4670 4671/4671 4665/4665
f 4665/4665 4664/4664 4670/4670
f 4672/4672 4673/4673 4674/4674
f 4674/4674 4675/4675 4672/4672
f 4673/4673 4676/4676 4677/4677
f 4677/4677 4674/4674 4673/4673
f 4676/4676 4678/4678 4679/4679
f 4679/4679 4677/4677 4676/4676
f 4678/4678 4680/4680 4681/4681
f 4681/4681 4679/4679 4678/4678
f 4675/4675 4674/4674 4682/4682
f 4682/4682 4683/4683 4675/4675
f 4674/4674 4677/4677 4684/4684
f 4684/4684 4682/4682 4674/4674
f 4677/4677 4679/4679 4685/4685
f 4685/4685 4684/4684 4677/4677
f 4679/4679 4681/4681 4686/4686
f 4686/4686 4685/4685 4679/4679
f 4683/4683 4682/4682 4687/4687
f 4687/4687 4688/4688 4683/4683
f 4682/4682 4684/4684 4689/4689
f 4689/4689 4687/4687 4682/4682
f 4684/4684 4685/4685 4690/4690
f 4690/4690 4689/4689 4684/4684
f 4685/4685 4686/4686 4691/4691
f 4691/4691 4690/4690 4685/4685
f 4688/4688 4687/4687 4692/4692
f 4692/4692 4693/4693 4688/4688
f 4687/4687 4689/4689 4694/4694
f 4694/4694 4692/4692 4687/4687
f 4689/4689 4690/4690 4695/4695
f 4695/4695 4694/4694 4689/4689
f 4690/4690 4691/4691 4696/4696
f 4696/4696 4695/4695 4690/4690
f 4693/4693 4692/4692 4697/4697
f 4697/4697 4698/4698 4693/4693
f 4692/4692 4694/4694 4699/4699
f 4699/4699 4697/4697 4692/4692
f 4694/4694 4695/4695 4700/4700
f 4700/4700 4699/4699 4694/4694
f 4695/4695 4696/4696 4701/4701
f 4701/4701 4700/4700 4695/4695
f 4698/4698 4697/4697 4702/4702
f 4702/4702 4703/4703 4698/4698
f 4697/4697 4699/4699 4704/4704
f 4704/4704 4702/4702 4697/4697
f 4699/4699 4700/4700 4705/4705
f 4705/4705 4704/4704 4699/4699
f 4700/4700 4701/4701 4706/4706
f 4706/4706 4705/4705 4700/4700
f 4703/4703 4702/4702 4707/4707
f 4707/4707 4708/4708 4703/4703
f 4702/4702 4704/4704 4709/4709
f 4709/4709 4707/4707 4702/4702
f 4704/4704 4705/4705 4710/4710
f 4710/4710 4709/4709 4704/4704
f 4705/4705 4706/4706 4711/4711
f 4711/4711 4710/4710 4705/4705
f 4708/4708 4707/4707 4712/4712
f 4712/4712 4713/4713 4708/4708
f 4707/4707 4709/4709 4714/4714
f 4714/4714 4712/4712 4707/4707
f 4709/4709 4710/4710 4715/4715
f 4715/4715 4714/4714 4709/4709
f 4710/4710 4711/4711 4716/4716
f 4716/4716 4715/4715 4710/4710
f 4713/4713 4712/4712 4717/4717
f 4717/4717 4718/4718 4713/4713
f 4712/4712 4714/4714 4719/4719
f 4719/4719 4717/4717 4712/4712
f 4714/4714 4715/4715 4720/4720
f 4720/4720 4719/4719 4714/4714
f 4715/4715 4716/4716 4721/4721
f 4721/4721 4720/4720 4715/4715
f 4718/4718 4717/4717 4722/4722
f 4722/4722 4723/4723 4718/4718
f 4717/4717 4719/4719 4724/4724
f 4724/4724 4722/4722 4717/4717
f 4719/4719 4720/4720 4725/4725
f 4725/4725 4724/4724 4719/4719
f 4720/4720 4721/4721 4726/4726
f 4726/4726 4725/4725 4720/4720
f 4727/4727 4728/4728 4729/4729
f 4729/4729 4730/4730 4727/4727
f 4731/4731 4732/4732 4733/4733
f 4733/4733 4734/4734 4731/4731
f 4735/4735 4736/4736 4737/4737
f 4737/4737 4738/4738 4735/4735
f 4739/4739 4740/4740 4741/4741
f 4741/4741 4742/4742 4739/4739
f 4743/4743 4744/4744 4745/4745
f 4745/4745 4746/4746 4743/4743
f 4747/4747 4748/4748 4749/4749
f 4749/4749 4750/4750 4747/4747
f 4751/4751 4752/4752 4753/4753
f 4753/4753 4754/4754 4751/4751
f 4755/4755 4756/4756 4757/4757
f 4757/4757 4758/4758 4755/4755
f 4759/4759 4760/4760 4761/4761
f 4761/4761 4762/4762 4759/4759
f 4763/4763 4764/4764 4765/4765
f 4765/4765 4766/4766 4763/4763
f 4767/4767 4768/4768 4769/4769
f 4769/4769 4770/4770 4767/4767
f 4771/4771 4772/4772 4773/4773
f 4773/4773 4774/4774 4771/4771
f 4775/4775 4776/4776 4777/4777
f 4777/4777 4778/4778 4775/4775
f 4779/4779 4780/4780 4781/4781
f 4781/4781 4782/4782 4779/4779
f 4783/4783 4784/4784 4785/4785
f 4785/4785 4786/4786 4783/4783
f 4787/4787 4788/4788 4789/4789
f 4789/4789 4790/4790 4787/4787
f 4791/4791 4792/4792 4793/4793
f 4793/4793 4794/4794 4791/4791
f 4795/4795 4796/4796 4797/4797
f 4797/4797 4798/4798 4795/4795
f 4799/4799 4800/4800 4801/4801
f 4801/4801 4802/4802 4799/4799
f 4803/4803 4804/4804 4805/4805
f 4805/4805 4806/4806 4803/4803
f 4807/4807 4808/4808 4809/4809
f 4809/4809 4810/4810 4807/4807
f 4811/4811 4812/4812 4813/4813
f 4813/4813 4814/4814 4811/4811
f 4815/4815 4816/4816 4817/4817
f 4817/4817 4818/4818 4815/4815
f 4819/4819 4820/4820 4821/4821
f 4821/4821 4822/4822 4819/4819
f 4823/4823 4824/4824 4825/4825
f 4825/4825 4826/4826 4823/4823
f 4827/4827 4828/4828 4829/4829
f 4829/4829 4830/4830 4827/4827
f 4831/4831 4832/4832 4833/4833
f 4833/4833 4834/4834 4831/4831
f 4835/4835 4836/4836 4837/4837
f 4837/4837 4838/4838 4835/4835
f 4839/4839 4840/4840 4841/4841
f 4841/4841 4842/4842 4839/4839
f 4843/4843 4844/4844 4845/4845
f 4845/4845 4846/4846 4843/4843
f 4847/4847 4848/4848 4849/4849
f 4849/4849 4850/4850 4847/4847
f 4851/4851 4852/4852 4853/4853
f 4853/4853 4854/4854 4851/4851
