# Objaverse 78f76d386a4341b0b71745bdc50fd5ab; source material M_Badge
v -2.615334680 -0.151073301 0.474583399
v -2.618126749 -0.157262944 0.480107505
v -2.618127055 0.157262906 0.480107429
v -2.615334986 0.151073263 0.474583303
v -2.604000928 -0.155820130 0.474993222
v -2.606792997 -0.162009792 0.480517347
v -2.534962378 -0.162009754 0.338402006
v -2.537754447 -0.155820111 0.343926113
v -2.542013969 0.157262944 0.329519188
v -2.532821374 0.157262944 0.334165461
v -2.532821068 -0.157262906 0.334165537
v -2.542013663 -0.157262906 0.329519265
v -2.615985898 0.162009754 0.475870960
v -2.606793303 0.162009754 0.480517252
v -2.534962684 0.162009792 0.338401891
v -2.544155126 0.162009792 0.333755619
v -2.618126749 -0.157262944 0.480107505
v -2.608934307 -0.157262944 0.484753797
v -2.608934613 0.157262906 0.484753701
v -2.618127055 0.157262906 0.480107429
v -2.535613443 0.151073301 0.339689567
v -2.544806038 0.151073301 0.335043295
v -2.544805732 -0.151073263 0.335043371
v -2.535613137 -0.151073263 0.339689644
v -2.613193676 0.155820111 0.470346853
v -2.615985898 0.162009754 0.475870960
v -2.544155126 0.162009792 0.333755619
v -2.546947348 0.155820130 0.339279725
v -2.604001234 0.155820111 0.474993126
v -2.613193676 0.155820111 0.470346853
v -2.546947348 0.155820130 0.339279725
v -2.537754753 0.155820130 0.343925998
v -2.606142085 -0.151073301 0.479229671
v -2.615334680 -0.151073301 0.474583399
v -2.615334986 0.151073263 0.474583303
v -2.606142391 0.151073263 0.479229595
v -2.535613137 -0.151073263 0.339689644
v -2.532821068 -0.157262906 0.334165537
v -2.532821374 0.157262944 0.334165461
v -2.535613443 0.151073301 0.339689567
v -2.537754753 0.155820130 0.343925998
v -2.534962684 0.162009792 0.338401891
v -2.606793303 0.162009754 0.480517252
v -2.604001234 0.155820111 0.474993126
v -2.606142391 0.151073263 0.479229595
v -2.608934613 0.157262906 0.484753701
v -2.608934307 -0.157262944 0.484753797
v -2.606142085 -0.151073301 0.479229671
v -2.544154821 -0.162009754 0.333755734
v -2.534962378 -0.162009754 0.338402006
v -2.606792997 -0.162009792 0.480517347
v -2.615985439 -0.162009792 0.475871075
v -2.544806038 0.151073301 0.335043295
v -2.542013969 0.157262944 0.329519188
v -2.542013663 -0.157262906 0.329519265
v -2.544805732 -0.151073263 0.335043371
v -2.546947042 -0.155820111 0.339279802
v -2.544154821 -0.162009754 0.333755734
v -2.615985439 -0.162009792 0.475871075
v -2.613193370 -0.155820130 0.470346949
v -2.617500002 0.160619436 0.478866590
v -2.608307407 0.160619436 0.483512863
v -2.608307101 -0.160619474 0.483512978
v -2.617499543 -0.160619474 0.478866686
v -2.542640717 -0.160619436 0.330760065
v -2.533448274 -0.160619436 0.335406337
v -2.533448580 0.160619474 0.335406261
v -2.542641022 0.160619474 0.330759988
v -2.533448580 0.160619474 0.335406261
v -2.542641022 0.160619474 0.330759988
v -2.542640717 -0.160619436 0.330760065
v -2.545432938 -0.154429783 0.336284210
v -2.614707474 -0.154429822 0.473342560
v -2.617499543 -0.160619474 0.478866686
v -2.542641022 0.160619474 0.330759988
v -2.545433244 0.154429822 0.336284133
v -2.542641022 0.160619474 0.330759988
v -2.545433244 0.154429822 0.336284133
v -2.617500002 0.160619436 0.478866590
v -2.614707780 0.154429783 0.473342484
v -2.608307101 -0.160619474 0.483512978
v -2.605515032 -0.154429822 0.477988852
v -2.536240343 -0.154429783 0.340930482
v -2.533448274 -0.160619436 0.335406337
v -2.536240649 0.154429822 0.340930406
v -2.533448580 0.160619474 0.335406261
v -2.536240649 0.154429822 0.340930406
v -2.533448580 0.160619474 0.335406261
v -2.605515338 0.154429783 0.477988756
v -2.608307407 0.160619436 0.483512863
v -2.613193370 -0.155820130 0.470346949
v -2.614707474 -0.154429822 0.473342560
v -2.605515032 -0.154429822 0.477988852
v -2.604000928 -0.155820130 0.474993222
v -2.605515338 0.154429783 0.477988756
v -2.614707780 0.154429783 0.473342484
v -2.536240649 0.154429822 0.340930406
v -2.545433244 0.154429822 0.336284133
v -2.536240649 0.154429822 0.340930406
v -2.545433244 0.154429822 0.336284133
v -2.537754447 -0.155820111 0.343926113
v -2.536240343 -0.154429783 0.340930482
v -2.545432938 -0.154429783 0.336284210
v -2.546947042 -0.155820111 0.339279802
v 2.585455760 0.151073244 0.646678273
v 2.584218170 0.157262906 0.652742945
v 2.584218170 -0.157262935 0.652742945
v 2.585455760 -0.151073272 0.646678273
v 2.576312411 0.155820101 0.639968346
v 2.575074822 0.162009735 0.646033018
v 2.606906501 0.162009735 0.490010172
v 2.605669524 0.155820101 0.496074844
v 2.617947527 -0.157262925 0.487418151
v 2.607855340 -0.157262916 0.485359275
v 2.607855340 0.157262916 0.485359275
v 2.617947527 0.157262916 0.487417998
v 2.585167009 -0.162009754 0.648092201
v 2.575074822 -0.162009754 0.646033018
v 2.606906501 -0.162009754 0.490010172
v 2.616998688 -0.162009773 0.492069201
v 2.584218170 0.157262906 0.652742945
v 2.574125983 0.157262916 0.650683916
v 2.574125983 -0.157262916 0.650683916
v 2.584218170 -0.157262935 0.652742945
v 2.606617751 -0.151073253 0.491423947
v 2.616709938 -0.151073263 0.493482823
v 2.616709938 0.151073253 0.493482823
v 2.606617751 0.151073253 0.491423947
v 2.586404598 -0.155820149 0.642027375
v 2.585167009 -0.162009754 0.648092201
v 2.616998688 -0.162009773 0.492069201
v 2.615761711 -0.155820120 0.498133874
v 2.576312411 -0.155820130 0.639968346
v 2.586404598 -0.155820149 0.642027375
v 2.615761711 -0.155820120 0.498133874
v 2.605669524 -0.155820130 0.496074844
v 2.575363572 0.151073253 0.644619243
v 2.585455760 0.151073244 0.646678273
v 2.585455760 -0.151073272 0.646678273
v 2.575363572 -0.151073253 0.644619243
v 2.606617751 0.151073253 0.491423947
v 2.607855340 0.157262916 0.485359275
v 2.607855340 -0.157262916 0.485359275
v 2.606617751 -0.151073253 0.491423947
v 2.605669524 -0.155820130 0.496074844
v 2.606906501 -0.162009754 0.490010172
v 2.575074822 -0.162009754 0.646033018
v 2.576312411 -0.155820130 0.639968346
v 2.575363572 -0.151073253 0.644619243
v 2.574125983 -0.157262916 0.650683916
v 2.574125983 0.157262916 0.650683916
v 2.575363572 0.151073253 0.644619243
v 2.616998688 0.162009716 0.492069201
v 2.606906501 0.162009735 0.490010172
v 2.575074822 0.162009735 0.646033018
v 2.585167009 0.162009735 0.648092201
v 2.616709938 -0.151073263 0.493482823
v 2.617947527 -0.157262925 0.487418151
v 2.617947527 0.157262916 0.487417998
v 2.616709938 0.151073253 0.493482823
v 2.615761099 0.155820111 0.498133874
v 2.616998688 0.162009716 0.492069201
v 2.585167009 0.162009735 0.648092201
v 2.586403987 0.155820082 0.642027375
v 2.584496521 -0.160619436 0.651380864
v 2.574404334 -0.160619436 0.649321987
v 2.574403722 0.160619417 0.649321987
v 2.584495909 0.160619417 0.651380711
v 2.617669788 0.160619398 0.488780232
v 2.607577601 0.160619417 0.486721203
v 2.607577601 -0.160619436 0.486721203
v 2.617669788 -0.160619455 0.488780232
v 2.607577601 -0.160619436 0.486721203
v 2.617669788 -0.160619455 0.488780232
v 2.617669788 0.160619398 0.488780232
v 2.616432199 0.154429774 0.494844905
v 2.585733498 0.154429764 0.645316344
v 2.584495909 0.160619417 0.651380711
v 2.617669788 -0.160619455 0.488780232
v 2.616432199 -0.154429812 0.494844905
v 2.617669788 -0.160619455 0.488780232
v 2.616432199 -0.154429812 0.494844905
v 2.584496521 -0.160619436 0.651380864
v 2.585733498 -0.154429822 0.645316344
v 2.574403722 0.160619417 0.649321987
v 2.575641311 0.154429783 0.643257315
v 2.606340012 0.154429783 0.492785875
v 2.607577601 0.160619417 0.486721203
v 2.606340012 -0.154429812 0.492785875
v 2.607577601 -0.160619436 0.486721203
v 2.606340012 -0.154429812 0.492785875
v 2.607577601 -0.160619436 0.486721203
v 2.575641311 -0.154429812 0.643257315
v 2.574404334 -0.160619436 0.649321987
v 2.586403987 0.155820082 0.642027375
v 2.585733498 0.154429764 0.645316344
v 2.575641311 0.154429783 0.643257315
v 2.576312411 0.155820101 0.639968346
v 2.575641311 -0.154429812 0.643257315
v 2.585733498 -0.154429822 0.645316344
v 2.606340012 -0.154429812 0.492785875
v 2.616432199 -0.154429812 0.494844905
v 2.606340012 -0.154429812 0.492785875
v 2.616432199 -0.154429812 0.494844905
v 2.605669524 0.155820101 0.496074844
v 2.606340012 0.154429783 0.492785875
v 2.616432199 0.154429774 0.494844905
v 2.615761099 0.155820111 0.498133874
v -2.431784848 -0.764493424 0.436293627
v -2.430174851 -0.761710379 0.431473310
v -2.429245435 -0.766530810 0.428690190
v -2.430855279 -0.769313855 0.433510544
v -2.430238488 -0.671701748 0.431663873
v -2.431848333 -0.668918628 0.436484228
v -2.430918918 -0.664098196 0.433701183
v -2.429308767 -0.666881164 0.428880752
v -2.457897800 -0.714018343 0.514479514
v -2.457897799 -0.719584355 0.514479514
v -2.459756935 -0.719584432 0.520045679
v -2.459756783 -0.714018343 0.520045756
v 2.607273001 -0.614148464 0.715377125
v 2.607725701 -0.603778385 0.715377125
v 2.605200358 -0.603778385 0.725747127
v 2.604746435 -0.614148464 0.725747127
v 2.600243915 -0.779113550 0.714660983
v 2.600696615 -0.768743471 0.714660984
v 2.598170049 -0.768743471 0.725031062
v 2.597717349 -0.779113550 0.725031062
v 2.618495115 -0.614148462 0.669312595
v 2.618947815 -0.603778383 0.669312595
v 2.616421249 -0.603778383 0.679682674
v 2.615968548 -0.614148462 0.679682674
v 2.611305748 -0.779455445 0.669187030
v 2.611758448 -0.769085366 0.669187030
v 2.609233106 -0.769085366 0.679557109
v 2.608780406 -0.779455445 0.679557109
v 2.615514636 -0.614148462 0.601845905
v 2.615919619 -0.603778383 0.601845905
v 2.618766743 -0.603778383 0.612215946
v 2.618362984 -0.614148462 0.612215946
v 2.609044698 -0.779762548 0.601868271
v 2.609450905 -0.769392469 0.601868271
v 2.612298029 -0.769392469 0.612238313
v 2.611891823 -0.779762548 0.612238313
v 2.602870809 -0.614148464 0.555781371
v 2.603275792 -0.603778385 0.555781371
v 2.606122917 -0.603778385 0.566151451
v 2.605716710 -0.614148464 0.566151450
v 2.596644351 -0.778397487 0.556499040
v 2.597049334 -0.768027331 0.556499040
v 2.599896459 -0.768027331 0.566869081
v 2.599490252 -0.778397486 0.566869081
v -2.431785079 0.764493479 0.436293627
v -2.430855512 0.769313910 0.433510544
v -2.429245667 0.766530866 0.428690190
v -2.430175081 0.761710435 0.431473310
v -2.430238691 0.671701804 0.431663873
v -2.429308969 0.666881220 0.428880752
v -2.430919119 0.664098252 0.433701183
v -2.431848535 0.668918683 0.436484228
v -2.457898015 0.714018390 0.514479514
v -2.459756999 0.714018390 0.520045756
v -2.459757153 0.719584479 0.520045679
v -2.457898016 0.719584403 0.514479514
v 2.607272815 0.614150041 0.715377125
v 2.604746249 0.614150040 0.725747127
v 2.605200176 0.603779961 0.725747127
v 2.607725519 0.603779962 0.715377125
v 2.600243680 0.779115125 0.714660983
v 2.597717114 0.779115124 0.725031062
v 2.598169817 0.768745045 0.725031062
v 2.600696383 0.768745046 0.714660984
v 2.618494929 0.614150042 0.669312595
v 2.615968363 0.614150042 0.679682674
v 2.616421066 0.603779963 0.679682674
v 2.618947632 0.603779963 0.669312595
v 2.611305513 0.779457023 0.669187030
v 2.608780170 0.779457023 0.679557109
v 2.609232873 0.769086944 0.679557109
v 2.611758216 0.769086944 0.669187030
v 2.615514451 0.614150042 0.601845905
v 2.618362799 0.614150042 0.612215946
v 2.618766561 0.603779963 0.612215946
v 2.615919437 0.603779963 0.601845905
v 2.609044463 0.779764126 0.601868271
v 2.611891587 0.779764126 0.612238313
v 2.612297797 0.769394047 0.612238313
v 2.609450672 0.769394047 0.601868271
v 2.602870624 0.614150040 0.555781371
v 2.605716525 0.614150041 0.566151450
v 2.606122734 0.603779962 0.566151451
v 2.603275610 0.603779961 0.555781371
v 2.596644116 0.778399060 0.556499040
v 2.599490017 0.778399061 0.566869081
v 2.599896227 0.768028905 0.566869081
v 2.597049102 0.768028905 0.556499040
v 2.572032633 -0.259853311 0.803662620
v 2.571385903 -0.255493877 0.804835986
v 2.570868906 -0.260175155 0.805351751
v 2.569094212 -0.441144472 0.795390769
v 2.571315700 -0.443644047 0.792117690
v 2.571554341 -0.441757417 0.791915977
v 2.584186641 0.097728875 0.792571320
v 2.583622586 0.099087955 0.793400775
v 2.582065489 0.094590462 0.795839478
v 2.570519246 0.188174142 0.810014924
v 2.572148884 0.186716384 0.807650392
v 2.572363614 0.188139163 0.807244802
v 2.580770174 0.186177240 0.794723642
v 2.582295376 0.187908395 0.792330403
v 2.580748395 0.186883891 0.794715231
v 2.577303874 0.173819340 0.800653177
v 2.576517536 0.173819209 0.801835080
v 2.577060646 0.170806870 0.801194160
v 2.578261908 0.190244491 0.798256847
v 2.578714639 0.190290197 0.797573713
v 2.578478852 0.193344642 0.797750263
v 2.584839792 0.082878461 0.791847740
v 2.584726331 0.092498342 0.791847734
v 2.582524735 0.091030920 0.795207324
v 2.574720001 0.083156437 0.807210576
v 2.572561072 0.082732342 0.810561416
v 2.574818467 0.081908348 0.807084508
v 2.584723388 0.079350773 0.792087191
v 2.584834499 0.081238140 0.791885407
v 2.582622859 0.083175065 0.795199366
v 2.568655335 -0.442500913 0.795908905
v 2.573154162 -0.102781807 0.809273401
v 2.572338332 -0.098955781 0.810561458
v 2.572224318 -0.107007518 0.810559019
v 2.572656491 -0.075351982 0.810558524
v 2.572544963 -0.083662360 0.810559790
v 2.573462480 -0.079579013 0.809270067
v 2.581722411 -0.091309026 0.796394244
v 2.584721732 -0.093011558 0.791849107
v 2.584761910 -0.089564084 0.791848814
v 2.566100056 0.428359455 0.800461573
v 2.572036642 0.425360473 0.792374904
v 2.570170317 0.428359306 0.794778050
v 2.565042187 0.428360052 0.801960431
v 2.560904482 0.428360462 0.807748310
v 2.559390811 0.425360585 0.810130772
v 2.565355055 0.443387572 0.800464719
v 2.560962689 -0.423205726 0.807982550
v 2.560136886 -0.423952729 0.809130157
v 2.561699418 -0.428425495 0.806596124
v 2.572502557 -0.186545200 0.807135275
v 2.570187173 -0.187887295 0.810569415
v 2.572730986 -0.187616175 0.806729507
v 2.577246108 -0.186624859 0.799960610
v 2.575745464 -0.184930362 0.802342666
v 2.575643411 -0.186137839 0.802426044
v 2.578616036 -0.174030650 0.798632690
v 2.579079756 -0.173805739 0.797947725
v 2.578585452 -0.169613011 0.798946399
v 2.583081287 -0.175739250 0.791896235
v 2.580752349 -0.176258768 0.795284956
v 2.580753859 -0.177309688 0.795220529
v 2.574660397 0.192196527 0.803556404
v 2.573921651 0.189648467 0.804815132
v 2.574420315 0.189559723 0.804070784
v 2.571365504 -0.423941461 0.793419399
v 2.570545224 -0.423197256 0.794615615
v 2.569348932 -0.428448068 0.795918848
v 2.559803069 -0.447592593 0.807903976
v 2.560854767 -0.448031632 0.806407107
v 2.561751665 -0.443551478 0.805468499
v 2.559088776 -0.426812728 0.810438914
v 2.559483787 -0.425250069 0.809986317
v 2.558395013 -0.445459189 0.810015267
v 2.561005671 -0.442473489 0.806585907
v 2.558154595 -0.443923543 0.810457171
v 2.566929513 -0.443876233 0.798219647
v 2.566374193 -0.443936640 0.798990786
v 2.566812079 -0.448155094 0.798088124
v 2.562867568 -0.448183898 0.803589131
v 2.563128010 -0.443936677 0.803519567
v 2.562579917 -0.443875972 0.804289223
v 2.563430712 -0.427047712 0.804274239
v 2.563987567 -0.426987380 0.803501999
v 2.564166063 -0.422740160 0.803546436
v 2.567174192 -0.422740160 0.799350162
v 2.566572550 -0.426967867 0.799896184
v 2.567179565 -0.426987380 0.799047451
v 2.575907126 0.188515351 0.801896860
v 2.576236758 0.187297222 0.801472334
v 2.576178589 0.188871634 0.801468094
v 2.576539955 0.188867306 0.800925199
v 2.577107680 0.191807187 0.799900708
v 2.576539955 0.188867306 0.800925199
v 2.577054434 0.188862493 0.800152197
v 2.576053774 0.185811126 0.801833896
v 2.576236758 0.187297222 0.801472334
v 2.575956634 0.186896036 0.801916732
v 2.581297403 -0.192257717 0.793639928
v 2.581989436 -0.191254368 0.792683589
v 2.579613677 -0.188351686 0.796292152
v 2.577570481 -0.262838973 0.795396526
v 2.579989301 -0.262058613 0.791899540
v 2.579916877 -0.260113480 0.792109825
v 2.579640815 -0.258303860 0.792608047
v 2.577226039 -0.261394254 0.795974526
v 2.579089582 -0.256903430 0.793487272
v 2.578311932 -0.256085816 0.794666658
v 2.577354358 -0.255646236 0.796091362
v 2.576431364 -0.260232446 0.797200538
v 2.576308444 -0.255485781 0.797629623
v 2.575284516 -0.255467256 0.799130302
v 2.575293369 -0.259867414 0.798886970
v 2.572547686 -0.255467256 0.803136913
v 2.573664734 -0.259759865 0.801278306
v 2.570312824 -0.255672802 0.806397379
v 2.569379024 -0.256133667 0.807783073
v 2.568554876 -0.256990794 0.808984033
v 2.567859265 -0.258424449 0.809953890
v 2.569999171 -0.261368136 0.806565080
v 2.567481542 -0.260090683 0.810427561
v 2.567307080 -0.261916086 0.810583157
v 2.569580900 -0.262981221 0.807093705
v 2.567231951 -0.263716546 0.810590780
v 2.566579006 -0.280455539 0.810589391
v 2.569023499 -0.276228727 0.807217775
v 2.569434123 -0.264666241 0.807220703
v 2.569376933 -0.266326635 0.807217860
v 2.579358938 -0.280455595 0.791860040
v 2.577568379 -0.265983430 0.795235175
v 2.577201626 -0.276228559 0.795234314
v 2.571662755 -0.440118196 0.791878347
v 2.569242437 -0.439891607 0.795271271
v 2.582425348 0.093227016 0.795318653
v 2.584527572 0.095856992 0.792088248
v 2.573458979 0.189554816 0.805515997
v 2.573738304 0.192644725 0.804916249
v 2.572859938 0.192644949 0.806236456
v 2.571966922 0.192429777 0.807591223
v 2.572986564 0.189244800 0.806244107
v 2.571399684 0.192058607 0.808465416
v 2.570877525 0.191098969 0.809306117
v 2.570604847 0.189734357 0.809795419
v 2.570542727 0.186864919 0.810055862
v 2.572181861 0.184770803 0.807714110
v 2.572145370 0.185559967 0.807723009
v 2.571165594 0.170806664 0.810054672
v 2.572606666 0.173818649 0.807713309
v 2.582941826 0.170807094 0.792354498
v 2.581247955 0.173819955 0.794725028
v 2.577237697 0.192383922 0.799671707
v 2.577736002 0.190022622 0.799060224
v 2.577823505 0.193130813 0.798747727
v 2.577422331 0.192757069 0.799372468
v 2.579466578 0.193378949 0.796263674
v 2.579169437 0.190244752 0.796892780
v 2.581131915 0.192757218 0.793796806
v 2.580461743 0.193166314 0.794780281
v 2.579691442 0.190031669 0.796120591
v 2.582033927 0.190536935 0.792570323
v 2.581679370 0.191850039 0.793026780
v 2.580358189 0.189070501 0.795174408
v 2.582225727 0.189071061 0.792367392
v 2.580664946 0.187871102 0.794783176
v 2.584684653 0.093936960 0.791885214
v 2.582518900 0.091975932 0.795199361
v 2.582606587 0.084120198 0.795207317
v 2.574709617 0.084104323 0.807206399
v 2.574615472 0.091019736 0.807206398
v 2.574599867 0.091967593 0.807210622
v 2.572424817 0.092671036 0.810561411
v 2.580934378 0.095873596 0.797525932
v 2.581307729 0.095663843 0.796965090
v 2.581784396 0.100203348 0.796166608
v 2.582822621 0.099834389 0.794601088
v 2.580680473 0.100300152 0.797836094
v 2.580493912 0.095984111 0.798191243
v 2.579694898 0.100290376 0.799327591
v 2.579982296 0.096044657 0.798965702
v 2.579420561 0.096064171 0.799815714
v 2.576923601 0.100290376 0.803524069
v 2.577592192 0.096064171 0.802584382
v 2.576042207 0.100296579 0.804858299
v 2.576527252 0.095984167 0.804198799
v 2.574996277 0.100194646 0.806443288
v 2.576086271 0.095873894 0.804869567
v 2.577038439 0.096044657 0.803423707
v 2.574022950 0.099828130 0.807941883
v 2.575713008 0.095662733 0.805440904
v 2.573301865 0.099092031 0.809071213
v 2.574987395 0.094581544 0.806562084
v 2.572772564 0.097811062 0.809915277
v 2.572502939 0.096256388 0.810365505
v 2.572415291 0.094495617 0.810538019
v 2.574664195 0.093217688 0.807084545
v 2.572596783 0.080900457 0.810544922
v 2.572725678 0.079134341 0.810383403
v 2.573035963 0.077584630 0.809937178
v 2.575174994 0.080551888 0.806564838
v 2.573618334 0.076297410 0.809065756
v 2.574441391 0.075437663 0.807813860
v 2.575414928 0.074999930 0.806320937
v 2.575910251 0.079481072 0.805455838
v 2.576402260 0.074856246 0.804800943
v 2.576266223 0.079267290 0.804912949
v 2.576685048 0.079154732 0.804271053
v 2.577240207 0.074848187 0.803508956
v 2.579994874 0.074848187 0.799325743
v 2.577787923 0.079074308 0.802595304
v 2.579615901 0.079074308 0.799827234
v 2.580183776 0.079093906 0.798966501
v 2.580863310 0.074876944 0.798010420
v 2.581974573 0.075056466 0.796325340
v 2.581128403 0.079265462 0.797531369
v 2.580693993 0.079154489 0.798192459
v 2.583072263 0.075510027 0.794657180
v 2.581494748 0.079476651 0.796971164
v 2.583900101 0.076303707 0.793390002
v 2.582228825 0.080553866 0.795841115
v 2.577190533 0.079093887 0.803498854
v 2.584429232 0.077601700 0.792564009
v 2.570220514 -0.446713211 0.793432255
v 2.570885530 -0.445398334 0.792595930
v 2.564282214 0.443387348 0.801952882
v 2.562541666 -0.427362393 0.805494215
v 2.562063955 -0.422836235 0.806472061
v 2.572485769 -0.185580264 0.807217385
v 2.572520421 -0.184828485 0.807209751
v 2.570265175 -0.185809558 0.810574053
v 2.572789665 -0.177899575 0.807209738
v 2.572897782 -0.176620685 0.807121756
v 2.573220370 -0.175449139 0.806703326
v 2.570672511 -0.175336926 0.810574064
v 2.572605009 -0.170533100 0.807931361
v 2.572047449 -0.170847977 0.808757426
v 2.570766602 -0.174111204 0.810503703
v 2.570992699 -0.172868161 0.810235581
v 2.571397508 -0.171749177 0.809688974
v 2.570236887 -0.189709115 0.810386654
v 2.570544573 -0.191140104 0.809835761
v 2.571271343 -0.192260403 0.808669093
v 2.572161561 -0.192708079 0.807295259
v 2.573287723 -0.188416999 0.805843028
v 2.573470649 -0.192880138 0.805304737
v 2.574037573 -0.188631966 0.804701079
v 2.573659066 -0.188600923 0.805273782
v 2.574405741 -0.188570459 0.804148736
v 2.574795880 -0.192736547 0.803309055
v 2.575727586 -0.192323384 0.801923249
v 2.574815434 -0.188373588 0.803543530
v 2.576506878 -0.191298451 0.800804427
v 2.576939891 -0.189894794 0.800231253
v 2.577154973 -0.188234735 0.800003422
v 2.575379476 -0.187386880 0.802751499
v 2.577675295 -0.178598111 0.799783924
v 2.575787497 -0.183880786 0.802340226
v 2.577740530 -0.177315732 0.799761047
v 2.576198059 -0.176338875 0.802163666
v 2.577834568 -0.176080571 0.799691107
v 2.576284661 -0.174669526 0.802131347
v 2.576475024 -0.172796766 0.801953682
v 2.578077836 -0.174871173 0.799395590
v 2.577720616 -0.170005383 0.800232805
v 2.576903014 -0.171173627 0.801400911
v 2.579770738 -0.169503252 0.797159602
v 2.579468469 -0.173742329 0.797365335
v 2.581782926 -0.170205062 0.794074117
v 2.580944911 -0.169717967 0.795371528
v 2.580256530 -0.174105608 0.796156881
v 2.579850048 -0.173812399 0.796785487
v 2.582974315 -0.173533947 0.792167303
v 2.582583312 -0.171568032 0.792838657
v 2.580635334 -0.175107295 0.795528210
v 2.582683163 -0.187736260 0.791853407
v 2.583043712 -0.177626048 0.791853360
v 2.580444070 -0.185359010 0.795217675
v 2.580723832 -0.178130511 0.795217673
v 2.582400535 -0.190034971 0.792147423
v 2.582609650 -0.188779009 0.791906693
v 2.580206153 -0.187446522 0.795457334
v 2.580405509 -0.186320756 0.795223817
v 2.575000889 0.189203049 0.803218928
v 2.575133968 0.191372421 0.802892590
v 2.574914593 0.191847464 0.803194661
v 2.574284537 0.192485781 0.804104494
v 2.568589761 -0.427367094 0.797052935
v 2.572138125 -0.427146997 0.792118273
v 2.571886817 -0.425286671 0.792598336
v 2.558950408 -0.446734515 0.809152608
v 2.561261716 -0.429776078 0.807113698
v 2.560696510 -0.441099177 0.807112911
v 2.565757396 -0.443956153 0.799850095
v 2.565866708 -0.448183898 0.799405448
v 2.568032843 -0.447975143 0.796397964
v 2.567404006 -0.443766390 0.797564970
v 2.562128258 -0.443764263 0.804927342
v 2.561940372 -0.448175801 0.804882813
v 2.563773721 -0.443956153 0.802617347
v 2.564589027 -0.426967867 0.802664080
v 2.563209274 -0.422733929 0.804881819
v 2.562949713 -0.427156884 0.804938742
v 2.567730163 -0.427047787 0.798275195
v 2.568199439 -0.427157705 0.797612944
v 2.568243741 -0.422730459 0.797857648
v 2.569438635 -0.422827355 0.796184649
v 2.579548934 -0.192802065 0.796159871
v 2.580783407 -0.192561503 0.794372170
v 2.584553825 -0.107007555 0.791847389
v 2.584607116 -0.102781443 0.791849611
v 2.573931069 -0.170339652 0.805934009
v 2.573874536 -0.174697826 0.805761232
v 2.574272068 -0.174570036 0.805163600
v 2.574438740 -0.170314513 0.805164311
v 2.577622873 -0.264374879 0.795241673
v 2.579953353 -0.263787754 0.791859926
v 2.573428217 -0.356073012 0.795271659
v 2.562842144 -0.356072527 0.810621775
v 2.562594448 -0.360299637 0.810610950
v 2.575647448 -0.360299301 0.791865150
v 2.571082895 0.444574397 0.792378000
v 2.569361837 0.444574359 0.794778239
v 2.574144850 0.341869991 0.795272971
v 2.563619467 0.341868946 0.810615686
v 2.563839730 0.337639970 0.810607538
v 2.576773785 0.337639150 0.791858019
v 2.579962910 0.263543908 0.791859987
v 2.579814442 0.267770944 0.791861460
v 2.567074353 0.267770925 0.810589992
v 2.567241006 0.263543927 0.810591464
v 2.575647925 0.188176642 0.802306170
v 2.575907126 0.188515351 0.801896860
v 2.582558752 0.081922600 0.795318825
v 2.569658286 -0.429828612 0.795391439
v 2.569628596 -0.432034996 0.795279249
v 2.572142754 -0.430498978 0.791878342
v 2.572187875 -0.429062058 0.791915773
v 2.569258886 -0.447518494 0.794718280
v 2.567805162 -0.443560881 0.797020711
v 2.584927228 -0.075352034 0.791847303
v 2.584883691 -0.079578351 0.791851498
v 2.573442007 0.355759750 0.795265960
v 2.575879823 0.355759750 0.791865041
v 2.560103266 0.444195914 0.807740185
v 2.558373336 0.444195317 0.810129429
v 2.574122144 -0.342180791 0.795268709
v 2.576555061 -0.342180754 0.791867960
v 2.584553825 -0.107007555 0.791847389
v 2.572224318 -0.107007518 0.810559019
v 2.570074078 -0.107958836 0.810766281
v 2.583466087 -0.107958836 0.790434221
v 2.572338332 -0.098955781 0.810561458
v 2.570206217 -0.098310590 0.810766281
v 2.581722411 -0.091309026 0.796394244
v 2.578825286 -0.091289055 0.797758816
v 2.572544963 -0.083662360 0.810559790
v 2.570398309 -0.084267576 0.810766281
v 2.572656491 -0.075351982 0.810558524
v 2.570533508 -0.074366767 0.810766281
v 2.584927228 -0.075352034 0.791847303
v 2.583862507 -0.074366767 0.790434221
v 2.573462480 -0.079579013 0.809270067
v 2.584761910 -0.089564084 0.791848814
v 2.583690603 -0.088940175 0.790434221
v 2.574136155 -0.080529548 0.805083389
v 2.584883691 -0.079578351 0.791851498
v 2.583789708 -0.080529548 0.790434221
v 2.584927228 -0.075352034 0.791847303
v 2.583862507 -0.074366767 0.790434221
v 2.584607116 -0.102781443 0.791849611
v 2.583538887 -0.101796098 0.790434221
v 2.573154162 -0.102781807 0.809273401
v 2.573913475 -0.101796098 0.805007649
v 2.584721732 -0.093011558 0.791849107
v 2.583635545 -0.093612774 0.790434221
v 2.570187173 -0.187887295 0.810569415
v 2.570265175 -0.185809558 0.810574053
v 2.568123179 -0.185739451 0.810766282
v 2.568043038 -0.187875206 0.810761541
v 2.570672511 -0.175336926 0.810574064
v 2.568531833 -0.175232399 0.810766282
v 2.570766602 -0.174111204 0.810503703
v 2.568635221 -0.173885118 0.810688920
v 2.570236887 -0.189709115 0.810386654
v 2.568098707 -0.189906845 0.810557886
v 2.570992699 -0.172868161 0.810235581
v 2.568900112 -0.172428861 0.810374810
v 2.570544573 -0.191140104 0.809835761
v 2.568483504 -0.191692175 0.809871213
v 2.571397508 -0.171749177 0.809688974
v 2.569399918 -0.171048402 0.809700732
v 2.571271343 -0.192260403 0.808669093
v 2.569391354 -0.193089304 0.808417349
v 2.572047449 -0.170847977 0.808757426
v 2.570208664 -0.169928410 0.808543644
v 2.572605009 -0.170533100 0.807931361
v 2.570912798 -0.169531356 0.807502578
v 2.572161561 -0.192708079 0.807295259
v 2.570439908 -0.193616079 0.806801689
v 2.573931069 -0.170339652 0.805934009
v 2.572602601 -0.169322564 0.804960916
v 2.573470649 -0.192880138 0.805304737
v 2.571836553 -0.193799593 0.804679280
v 2.572485769 -0.185580264 0.807217385
v 2.572502557 -0.186545200 0.807135275
v 2.571432182 -0.186257160 0.805733769
v 2.571419334 -0.185507358 0.805797704
v 2.572897782 -0.176620685 0.807121756
v 2.572789665 -0.177899575 0.807209738
v 2.571719708 -0.177909705 0.805790598
v 2.571811472 -0.176825205 0.805716042
v 2.579548934 -0.192802065 0.796159871
v 2.579014634 -0.192848200 0.796934821
v 2.576834622 -0.193771199 0.797127391
v 2.577686881 -0.193719822 0.795876179
v 2.572520421 -0.184828485 0.807209751
v 2.571451757 -0.184804867 0.805790598
v 2.572730986 -0.187616175 0.806729507
v 2.571579615 -0.186950136 0.805470958
v 2.573220370 -0.175449139 0.806703326
v 2.572023752 -0.176053259 0.805440154
v 2.573287723 -0.188416999 0.805843028
v 2.571948506 -0.187482135 0.804881355
v 2.573874536 -0.174697826 0.805761232
v 2.572447701 -0.175565493 0.804828083
v 2.573659066 -0.188600923 0.805273782
v 2.572162621 -0.187588378 0.804552197
v 2.574272068 -0.174570036 0.805163600
v 2.573173247 -0.175333475 0.803744762
v 2.574438740 -0.170314513 0.805164311
v 2.573408161 -0.169296959 0.803744762
v 2.574795880 -0.192736547 0.803309055
v 2.573246657 -0.193646879 0.802556910
v 2.574037573 -0.188631966 0.804701079
v 2.572445254 -0.187611585 0.804123639
v 2.574405741 -0.188570459 0.804148736
v 2.572730333 -0.187563865 0.803695042
v 2.574815434 -0.188373588 0.803543530
v 2.572952402 -0.187456894 0.803365924
v 2.575379476 -0.187386880 0.802751499
v 2.573317622 -0.186817160 0.802852105
v 2.575643411 -0.186137839 0.802426044
v 2.573515219 -0.185881438 0.802608208
v 2.575745464 -0.184930362 0.802342666
v 2.573605148 -0.184817888 0.802534794
v 2.575727586 -0.192323384 0.801923249
v 2.574334364 -0.193165008 0.800941206
v 2.575787497 -0.183880786 0.802340226
v 2.573646137 -0.183794598 0.802532421
v 2.576198059 -0.176338875 0.802163666
v 2.574057238 -0.176242669 0.802355623
v 2.576284661 -0.174669526 0.802131347
v 2.574145943 -0.174532296 0.802322492
v 2.576475024 -0.172796766 0.801953682
v 2.574353941 -0.172485695 0.802128311
v 2.576903014 -0.171173627 0.801400911
v 2.574871488 -0.170524332 0.801460598
v 2.577720616 -0.170005383 0.800232805
v 2.575890679 -0.169069586 0.800006688
v 2.576506878 -0.191298451 0.800804427
v 2.575307061 -0.191887125 0.799546931
v 2.578585452 -0.169613011 0.798946399
v 2.576925163 -0.168600801 0.798470368
v 2.576939891 -0.189894794 0.800231253
v 2.575840515 -0.190159366 0.798841700
v 2.577154973 -0.188234735 0.800003422
v 2.576081548 -0.188299059 0.798586392
v 2.577246108 -0.186624859 0.799960610
v 2.576176370 -0.186623404 0.798541806
v 2.577675295 -0.178598111 0.799783924
v 2.576605825 -0.178591600 0.798365006
v 2.577740530 -0.177315732 0.799761047
v 2.576670060 -0.177329127 0.798342493
v 2.577834568 -0.176080571 0.799691107
v 2.576754482 -0.176220618 0.798279742
v 2.579770738 -0.169503252 0.797159602
v 2.578204350 -0.168482423 0.796543320
v 2.578077836 -0.174871173 0.799395590
v 2.576926998 -0.175363044 0.798070205
v 2.578616036 -0.174030650 0.798632690
v 2.577252454 -0.174853562 0.797607290
v 2.579079756 -0.173805739 0.797947725
v 2.577544874 -0.174711482 0.797174347
v 2.579468469 -0.173742329 0.797365335
v 2.577834848 -0.174664097 0.796739036
v 2.579183479 -0.188519175 0.796935424
v 2.577070761 -0.187684211 0.797127391
v 2.579613677 -0.188351686 0.796292152
v 2.577781013 -0.187408726 0.796070530
v 2.579850048 -0.173812399 0.796785487
v 2.578092399 -0.174711482 0.796346377
v 2.580944911 -0.169717967 0.795371528
v 2.579473749 -0.168714469 0.794611533
v 2.580256530 -0.174105608 0.796156881
v 2.578288773 -0.174853562 0.796041305
v 2.580206153 -0.187446522 0.795457334
v 2.578138280 -0.186863351 0.795567728
v 2.580635334 -0.175107295 0.795528210
v 2.578520630 -0.175468428 0.795654942
v 2.580752349 -0.176258768 0.795284956
v 2.578609335 -0.176343707 0.795469871
v 2.580405509 -0.186320756 0.795223817
v 2.578268585 -0.186128511 0.795415412
v 2.580753859 -0.177309688 0.795220529
v 2.578610558 -0.177275810 0.795412650
v 2.580444070 -0.185359010 0.795217675
v 2.578302231 -0.185284798 0.795409904
v 2.580723832 -0.178130511 0.795217673
v 2.578581806 -0.178061206 0.795409904
v 2.580783407 -0.192561503 0.794372170
v 2.579281046 -0.193455101 0.793550742
v 2.581782926 -0.170205062 0.794074117
v 2.580477034 -0.169296959 0.793060973
v 2.581297403 -0.192257717 0.793639928
v 2.579939910 -0.193063970 0.792606353
v 2.582583312 -0.171568032 0.792838657
v 2.581447895 -0.170957251 0.791553044
v 2.581989436 -0.191254368 0.792683589
v 2.580790866 -0.191826402 0.791425172
v 2.582974315 -0.173533947 0.792167303
v 2.581899985 -0.173240245 0.790772049
v 2.582400535 -0.190034971 0.792147423
v 2.581290061 -0.190342563 0.790772049
v 2.582609650 -0.188779009 0.791906693
v 2.581532318 -0.188887080 0.790493024
v 2.583081287 -0.175739250 0.791896235
v 2.582014995 -0.175622747 0.790478826
v 2.582683163 -0.187736260 0.791853407
v 2.581613682 -0.187734730 0.790434221
v 2.583043712 -0.177626048 0.791853360
v 2.581975843 -0.177581331 0.790434221
v 2.583043712 -0.177626048 0.791853360
v 2.581975843 -0.177581331 0.790434221
v 2.579358938 -0.280455595 0.791860040
v 2.566579006 -0.280455539 0.810589391
v 2.564402461 -0.281376784 0.810766282
v 2.578273478 -0.281376784 0.790434222
v 2.567231951 -0.263716546 0.810590780
v 2.565091912 -0.263646233 0.810766282
v 2.567307080 -0.261916086 0.810583157
v 2.565168995 -0.261796541 0.810758382
v 2.567481542 -0.260090683 0.810427561
v 2.565358028 -0.259816597 0.810589482
v 2.567859265 -0.258424449 0.809953890
v 2.565795435 -0.257888776 0.810041698
v 2.568554876 -0.256990794 0.808984033
v 2.566618863 -0.256195342 0.808897248
v 2.569379024 -0.256133667 0.807783073
v 2.567590336 -0.255187815 0.807487176
v 2.570312824 -0.255672802 0.806397379
v 2.568640726 -0.254670442 0.805932688
v 2.569580900 -0.262981221 0.807093705
v 2.569434123 -0.264666241 0.807220703
v 2.568378892 -0.264681818 0.805793361
v 2.568509810 -0.263178988 0.805680102
v 2.571385903 -0.255493877 0.804835986
v 2.569783491 -0.254479821 0.804269242
v 2.569376933 -0.266326635 0.807217860
v 2.569023499 -0.276228727 0.807217775
v 2.568005107 -0.275213999 0.805790598
v 2.568323223 -0.266298260 0.805790599
v 2.569023499 -0.276228727 0.807217775
v 2.577201626 -0.276228559 0.795234314
v 2.575095392 -0.275213999 0.795409904
v 2.568005107 -0.275213999 0.805790598
v 2.569999171 -0.261368136 0.806565080
v 2.568835876 -0.261922447 0.805268486
v 2.570868906 -0.260175155 0.805351751
v 2.569476388 -0.261044762 0.804376226
v 2.572032633 -0.259853311 0.803662620
v 2.570463154 -0.260772038 0.802945224
v 2.572547686 -0.255467256 0.803136913
v 2.570970915 -0.254452602 0.802532422
v 2.573664734 -0.259759865 0.801278306
v 2.572042716 -0.260681633 0.800638158
v 2.575284516 -0.255467256 0.799130302
v 2.573714041 -0.254452602 0.798516535
v 2.575293369 -0.259867414 0.798886970
v 2.573614324 -0.260785414 0.798331045
v 2.576308444 -0.255485781 0.797629623
v 2.574761371 -0.254471556 0.796981355
v 2.576431364 -0.260232446 0.797200538
v 2.574580903 -0.261095263 0.796900084
v 2.577354358 -0.255646236 0.796091362
v 2.575872325 -0.254642030 0.795346735
v 2.577226039 -0.261394254 0.795974526
v 2.575174920 -0.261962668 0.795985268
v 2.577570481 -0.262838973 0.795396526
v 2.575434306 -0.263052690 0.795548835
v 2.577622873 -0.264374879 0.795241673
v 2.575478353 -0.264369991 0.795415412
v 2.577568379 -0.265983430 0.795235175
v 2.575426965 -0.265919386 0.795409904
v 2.578311932 -0.256085816 0.794666658
v 2.576944738 -0.255134554 0.793750035
v 2.579089582 -0.256903430 0.793487272
v 2.577880729 -0.256119564 0.792328512
v 2.579640815 -0.258303860 0.792608047
v 2.578546323 -0.257812214 0.791265354
v 2.579916877 -0.260113480 0.792109825
v 2.578859543 -0.259867097 0.790699424
v 2.579989301 -0.262058613 0.791899540
v 2.578938460 -0.261955187 0.790474484
v 2.579953353 -0.263787754 0.791859926
v 2.578902366 -0.263747271 0.790434222
v 2.579953353 -0.263787754 0.791859926
v 2.578902366 -0.263747271 0.790434222
v 2.575647448 -0.360299301 0.791865150
v 2.562594448 -0.360299637 0.810610950
v 2.560415016 -0.361203160 0.810766281
v 2.574585184 -0.361203160 0.790434222
v 2.562842144 -0.356072527 0.810621775
v 2.560753319 -0.355040393 0.810766281
v 2.573428217 -0.356073012 0.795271659
v 2.571326345 -0.355040393 0.795409907
v 2.574122144 -0.342180791 0.795268709
v 2.572024362 -0.341148956 0.795409906
v 2.576555061 -0.342180754 0.791867960
v 2.575585409 -0.341148956 0.790434222
v 2.576555061 -0.342180754 0.791867960
v 2.575585409 -0.341148956 0.790434222
v 2.558127069 -0.442165002 0.810617972
v 2.558212057 -0.440336279 0.810634517
v 2.556075812 -0.440246546 0.810766284
v 2.555988329 -0.442130975 0.810749302
v 2.558757660 -0.430398425 0.810634545
v 2.556622112 -0.430295260 0.810766284
v 2.558874107 -0.428574254 0.810611293
v 2.556742016 -0.428414339 0.810742190
v 2.558154595 -0.443923543 0.810457171
v 2.556018306 -0.444050960 0.810573684
v 2.559088776 -0.426812728 0.810438914
v 2.556975097 -0.426500323 0.810554772
v 2.558395013 -0.445459189 0.810015267
v 2.556301550 -0.445861923 0.810052361
v 2.559483787 -0.425250069 0.809986317
v 2.557433304 -0.424690479 0.810031075
v 2.558950408 -0.446734515 0.809152608
v 2.556979379 -0.447419620 0.808998264
v 2.560136886 -0.423952729 0.809130157
v 2.558226144 -0.423122149 0.808998262
v 2.559803069 -0.447592593 0.807903976
v 2.557989391 -0.448436605 0.807517980
v 2.560962689 -0.423205726 0.807982550
v 2.559228815 -0.422219224 0.807613863
v 2.562063955 -0.422836235 0.806472061
v 2.560451722 -0.421808803 0.805935848
v 2.560854767 -0.448031632 0.806407107
v 2.559160298 -0.448925565 0.805850584
v 2.561261716 -0.429776078 0.807113698
v 2.561108550 -0.431026891 0.807240045
v 2.560092618 -0.431047039 0.805794547
v 2.560219865 -0.430007891 0.805689582
v 2.563209274 -0.422733929 0.804881819
v 2.561653215 -0.421701459 0.804267265
v 2.561940372 -0.448175801 0.804882813
v 2.560310404 -0.449078279 0.804235320
v 2.560668460 -0.439841274 0.807240038
v 2.560696510 -0.441099177 0.807112911
v 2.559681516 -0.440786399 0.805689582
v 2.559658269 -0.439747288 0.805794547
v 2.560719387 -0.438891449 0.807235820
v 2.559705988 -0.438857384 0.805790598
v 2.561064147 -0.431976418 0.807235819
v 2.560719387 -0.438891449 0.807235820
v 2.559705988 -0.438857384 0.805790598
v 2.560051019 -0.431936943 0.805790598
v 2.561005671 -0.442473489 0.806585907
v 2.559910314 -0.441801817 0.805300477
v 2.561699418 -0.428425495 0.806596124
v 2.560548992 -0.428992473 0.805300477
v 2.561751665 -0.443551478 0.805468499
v 2.560477415 -0.442620719 0.804451966
v 2.562541666 -0.427362393 0.805494215
v 2.561198067 -0.428173646 0.804451967
v 2.562128258 -0.443764263 0.804927342
v 2.560712330 -0.442753322 0.804114954
v 2.562949713 -0.427156884 0.804938742
v 2.561461735 -0.428041005 0.804093624
v 2.564166063 -0.422740160 0.803546436
v 2.562624688 -0.421707802 0.802911303
v 2.562867568 -0.448183898 0.803589131
v 2.561259243 -0.449086562 0.802911304
v 2.562579917 -0.443875972 0.804289223
v 2.561095292 -0.442848017 0.803574277
v 2.563430712 -0.427047712 0.804274239
v 2.561878955 -0.427946347 0.803517451
v 2.563128010 -0.443936677 0.803519567
v 2.561608556 -0.442904842 0.802853686
v 2.563987567 -0.426987380 0.803501999
v 2.562403844 -0.427889485 0.802789749
v 2.565866708 -0.448183898 0.799405448
v 2.564264812 -0.449086562 0.798718613
v 2.567174192 -0.422740160 0.799350162
v 2.565630259 -0.421707802 0.798718614
v 2.563773721 -0.443956153 0.802617347
v 2.562236222 -0.442923796 0.801976785
v 2.564589027 -0.426967867 0.802664080
v 2.562987462 -0.427870531 0.801976784
v 2.565757396 -0.443956153 0.799850095
v 2.564209755 -0.442923796 0.799223741
v 2.566572550 -0.426967867 0.799896184
v 2.564960382 -0.427870531 0.799223741
v 2.566374193 -0.443936640 0.798990786
v 2.564808666 -0.442904842 0.798389449
v 2.567179565 -0.426987380 0.799047451
v 2.565549506 -0.427889485 0.798400113
v 2.566812079 -0.448155094 0.798088124
v 2.565234451 -0.449057012 0.797367344
v 2.568243741 -0.422730459 0.797857648
v 2.566713072 -0.421697952 0.797207524
v 2.567730163 -0.427047787 0.798275195
v 2.566067666 -0.427946347 0.797673554
v 2.566929513 -0.443876233 0.798219647
v 2.565331109 -0.442848017 0.797664118
v 2.568199439 -0.427157705 0.797612944
v 2.566472039 -0.428041005 0.797103303
v 2.567404006 -0.443766390 0.797564970
v 2.565740375 -0.442753322 0.797099752
v 2.568032843 -0.447975143 0.796397964
v 2.566511192 -0.448868778 0.795599347
v 2.569438635 -0.422827355 0.796184649
v 2.567962895 -0.421799326 0.795457257
v 2.568589761 -0.427367094 0.797052935
v 2.566719189 -0.428173646 0.796748514
v 2.567805162 -0.443560881 0.797020711
v 2.565999149 -0.442620719 0.796748514
v 2.568655335 -0.442500913 0.795908905
v 2.566655567 -0.441801854 0.795889387
v 2.569348932 -0.428448068 0.795918848
v 2.567294243 -0.428992510 0.795889387
v 2.569094212 -0.441144472 0.795390769
v 2.566984080 -0.440786436 0.795501489
v 2.569658286 -0.429828612 0.795391439
v 2.567521817 -0.430007928 0.795501491
v 2.569258886 -0.447518494 0.794718280
v 2.567843601 -0.448372654 0.793774500
v 2.560719387 -0.438891449 0.807235820
v 2.558212057 -0.440336279 0.810634517
v 2.558127069 -0.442165002 0.810617972
v 2.560668460 -0.439841274 0.807240038
v 2.569242437 -0.439891607 0.795271271
v 2.567107044 -0.439747325 0.795402403
v 2.570545224 -0.423197256 0.794615615
v 2.569187024 -0.422208553 0.793721229
v 2.569628596 -0.432034996 0.795279249
v 2.567491229 -0.431936943 0.795409906
v 2.570220514 -0.446713211 0.793432255
v 2.568982085 -0.447419620 0.792252750
v 2.571365504 -0.423941461 0.793419399
v 2.570193980 -0.423122149 0.792252750
v 2.570885530 -0.445398334 0.792595930
v 2.569792665 -0.445816926 0.791233385
v 2.571886817 -0.425286671 0.792598336
v 2.570841220 -0.424792264 0.791233385
v 2.571315700 -0.443644047 0.792117690
v 2.570281461 -0.443823587 0.790689969
v 2.572138125 -0.427146997 0.792118273
v 2.571125688 -0.426898095 0.790689968
v 2.571554341 -0.441757417 0.791915977
v 2.570537787 -0.441797079 0.790473300
v 2.572187875 -0.429062058 0.791915773
v 2.571178911 -0.428947102 0.790473299
v 2.571662755 -0.440118196 0.791878347
v 2.570650351 -0.440094989 0.790434222
v 2.572142754 -0.430498978 0.791878342
v 2.571131805 -0.430446780 0.790434222
v 2.572142754 -0.430498978 0.791878342
v 2.571131805 -0.430446780 0.790434222
v 2.572427375 0.424745961 0.791875788
v 2.559067140 0.424745999 0.810632283
v 2.556983660 0.423710619 0.810766286
v 2.571467661 0.423710619 0.790434222
v 2.557984014 0.444810053 0.810631390
v 2.555797460 0.445709658 0.810766286
v 2.560428277 0.444810463 0.807237913
v 2.561225422 0.428974750 0.807243140
v 2.560153794 0.429873497 0.805790598
v 2.559364014 0.445709658 0.805790598
v 2.564648654 0.428974489 0.802457561
v 2.562452784 0.429873497 0.802582931
v 2.563892433 0.444002009 0.802452688
v 2.561703379 0.444901427 0.802582931
v 2.565680256 0.444002121 0.799962578
v 2.566427145 0.428974079 0.799960778
v 2.565367202 0.429873497 0.798516534
v 2.564617797 0.444901427 0.798516534
v 2.569781574 0.428974004 0.795278600
v 2.567594004 0.429873497 0.795409908
v 2.568972851 0.445189058 0.795278615
v 2.566785259 0.446088551 0.795409908
v 2.571410661 0.445189058 0.791877688
v 2.570351813 0.446088551 0.790434223
v 2.571410661 0.445189058 0.791877688
v 2.570351813 0.446088551 0.790434223
v 2.576773785 0.337639150 0.791858019
v 2.563839730 0.337639970 0.810607538
v 2.561765781 0.336602352 0.810766285
v 2.575812372 0.336602352 0.790434222
v 2.563619467 0.341868946 0.810615686
v 2.561427477 0.342765119 0.810766283
v 2.574144850 0.341869991 0.795272971
v 2.571938716 0.342765119 0.795409908
v 2.573442007 0.355759750 0.795265960
v 2.571245594 0.356656594 0.795409908
v 2.575879823 0.355759750 0.791865041
v 2.574812147 0.356656594 0.790434222
v 2.575879823 0.355759750 0.791865041
v 2.574812147 0.356656594 0.790434222
v 2.579962910 0.263543908 0.791859987
v 2.567241006 0.263543927 0.810591464
v 2.565135960 0.262526830 0.810766284
v 2.578945801 0.262526830 0.790434222
v 2.567074353 0.267770925 0.810589992
v 2.564896151 0.268689596 0.810766285
v 2.579814442 0.267770944 0.791861460
v 2.578726180 0.268689596 0.790434222
v 2.579814442 0.267770944 0.791861460
v 2.578726180 0.268689596 0.790434222
v 2.577076974 0.170199130 0.801205007
v 2.570852272 0.170198906 0.810560996
v 2.568767360 0.169180036 0.810766284
v 2.575521482 0.169180036 0.800600252
v 2.570205895 0.186863277 0.810562230
v 2.568081578 0.186809549 0.810766284
v 2.570181497 0.188223579 0.810519695
v 2.568055273 0.188251171 0.810720907
v 2.570273260 0.189896063 0.810284394
v 2.568156213 0.190102467 0.810460026
v 2.570583088 0.191446595 0.809728427
v 2.568523269 0.191949006 0.809796616
v 2.571203456 0.192586744 0.808729603
v 2.569296532 0.193376450 0.808543642
v 2.571871410 0.193023786 0.807700193
v 2.570121793 0.193918317 0.807265000
v 2.572821393 0.193252708 0.806259003
v 2.571158114 0.194168916 0.805683262
v 2.572518091 0.184787966 0.807207743
v 2.572919986 0.174426445 0.807206986
v 2.571819424 0.175342822 0.805790598
v 2.571452981 0.184763732 0.805790598
v 2.572482660 0.185554203 0.807216384
v 2.571419334 0.185493479 0.805798891
v 2.572485856 0.186605383 0.807150375
v 2.571421781 0.186377040 0.805743248
v 2.572919986 0.174426445 0.807206986
v 2.576157069 0.174426930 0.802341494
v 2.573975263 0.175342822 0.802532422
v 2.571819424 0.175342822 0.805790598
v 2.572666717 0.187803756 0.806808757
v 2.571547804 0.187218011 0.805502904
v 2.573749201 0.193252465 0.804864484
v 2.572160786 0.194168506 0.804167828
v 2.573180196 0.188715096 0.805983913
v 2.571885495 0.187819875 0.804957143
v 2.573551362 0.188958680 0.805411853
v 2.572094716 0.187957608 0.804633116
v 2.573940151 0.189037369 0.804822906
v 2.572364501 0.188012436 0.804221500
v 2.574363670 0.188962020 0.804190729
v 2.572667322 0.187958336 0.803767272
v 2.574364503 0.193073428 0.803950086
v 2.572883273 0.193957363 0.803088106
v 2.574838910 0.188670024 0.803493424
v 2.572973813 0.187769374 0.803315418
v 2.575371579 0.187825061 0.802742000
v 2.573323127 0.187213273 0.802820116
v 2.574820823 0.192722239 0.803284668
v 2.573465667 0.193507486 0.802234464
v 2.575630752 0.186749945 0.802415052
v 2.573502985 0.186465411 0.802592409
v 2.575718366 0.185771334 0.802340345
v 2.573575172 0.185656024 0.802530447
v 2.575747419 0.184986497 0.802342374
v 2.573602701 0.184915289 0.802532423
v 2.575143230 0.192279525 0.802825853
v 2.573895122 0.192915528 0.801620023
v 2.575416720 0.191687307 0.802449269
v 2.574232813 0.192181435 0.801152369
v 2.576178589 0.188871634 0.801468094
v 2.574540527 0.191305354 0.800739174
v 2.576178589 0.188871634 0.801468094
v 2.576791277 0.192045343 0.800362408
v 2.574660432 0.192319168 0.800498436
v 2.574540527 0.191305354 0.800739174
v 2.576945023 0.192727220 0.800091619
v 2.574862924 0.193221777 0.800139301
v 2.577204483 0.193251644 0.799671106
v 2.575239767 0.193986988 0.799524464
v 2.577700147 0.193713405 0.798899216
v 2.575883338 0.194588833 0.798516531
v 2.577189745 0.185445982 0.800147747
v 2.577617184 0.174427117 0.800146871
v 2.576498767 0.175342822 0.798718610
v 2.576106629 0.185420424 0.798718610
v 2.577154390 0.186222778 0.800155657
v 2.576072983 0.186158025 0.798726070
v 2.577160968 0.187297036 0.800083221
v 2.576077877 0.187059010 0.798664898
v 2.577617184 0.174427117 0.800146871
v 2.580887570 0.174427639 0.795231318
v 2.578687640 0.175342822 0.795409906
v 2.576498767 0.175342822 0.798718610
v 2.577354955 0.188518112 0.799720553
v 2.576213687 0.187917349 0.798409590
v 2.578429396 0.193951337 0.797789272
v 2.576726953 0.194865046 0.797225250
v 2.577911801 0.189465942 0.798828403
v 2.576570342 0.188527048 0.797834599
v 2.578325789 0.189640613 0.798195992
v 2.576805258 0.188626482 0.797473888
v 2.578731024 0.189681506 0.797584527
v 2.577133773 0.188659707 0.796975824
v 2.579466985 0.193987380 0.796227634
v 2.577860542 0.194904502 0.795555111
v 2.579138429 0.189640800 0.796974552
v 2.577464122 0.188626482 0.796477805
v 2.579553027 0.189471576 0.796361247
v 2.577706990 0.188527048 0.796117091
v 2.580088713 0.188699332 0.795601053
v 2.578036728 0.188055811 0.795654944
v 2.580339051 0.187720534 0.795281777
v 2.578198232 0.187428352 0.795450936
v 2.580521269 0.193762115 0.794656121
v 2.579029001 0.194659873 0.793856579
v 2.580412627 0.186850199 0.795221866
v 2.578255126 0.186744087 0.795403191
v 2.580433623 0.186168602 0.795229994
v 2.578273479 0.186102375 0.795409905
v 2.581297451 0.193288302 0.793517074
v 2.579989462 0.194083623 0.792480057
v 2.581951414 0.192204661 0.792597239
v 2.580824513 0.192719366 0.791329288
v 2.582352999 0.190717389 0.792080239
v 2.581304744 0.190954911 0.790718380
v 2.582558673 0.189145478 0.791862627
v 2.581531706 0.189214093 0.790476853
v 2.582631345 0.187932479 0.791824027
v 2.583301674 0.170199372 0.791849017
v 2.582275605 0.169180036 0.790434221
v 2.581606952 0.187920875 0.790434221
v 2.582631345 0.187932479 0.791824027
v 2.581606952 0.187920875 0.790434221
v 2.572596783 0.080900457 0.810544922
v 2.572561072 0.082732342 0.810561416
v 2.570419721 0.082703230 0.810766284
v 2.570456427 0.080818802 0.810749298
v 2.572424817 0.092671036 0.810561411
v 2.570283299 0.092654544 0.810766284
v 2.572415291 0.094495617 0.810538019
v 2.570273511 0.094535475 0.810742190
v 2.572725678 0.079134341 0.810383403
v 2.570596519 0.078898825 0.810573684
v 2.572502939 0.096256388 0.810365505
v 2.570368945 0.096449453 0.810554768
v 2.573035963 0.077584630 0.809937178
v 2.570959292 0.077087881 0.810052361
v 2.572772564 0.097811062 0.809915277
v 2.570683389 0.098259260 0.810031036
v 2.573618334 0.076297410 0.809065756
v 2.571664651 0.075530222 0.808998264
v 2.573301865 0.099092031 0.809071213
v 2.571332465 0.099827636 0.808998264
v 2.574441391 0.075437663 0.807813860
v 2.572639182 0.074513209 0.807517939
v 2.574022950 0.099828130 0.807941883
v 2.572218292 0.100730571 0.807613866
v 2.574996277 0.100194646 0.806443288
v 2.573308446 0.101141011 0.805935849
v 2.575414928 0.074999930 0.806320937
v 2.573727501 0.074024202 0.805850584
v 2.574664195 0.093217688 0.807084545
v 2.574599867 0.091967593 0.807210622
v 2.573519502 0.091902756 0.805794545
v 2.573572725 0.092941876 0.805689582
v 2.576042207 0.100296579 0.804858299
v 2.574408999 0.101248298 0.804267264
v 2.576402260 0.074856246 0.804800943
v 2.574777279 0.073871488 0.804235321
v 2.574720001 0.083156437 0.807210576
v 2.574818467 0.081908348 0.807084508
v 2.573720160 0.082163340 0.805689582
v 2.573638184 0.083202460 0.805794545
v 2.574709617 0.084104323 0.807206399
v 2.573628396 0.084092383 0.805790598
v 2.574615472 0.091019736 0.807206398
v 2.574709617 0.084104323 0.807206399
v 2.573628396 0.084092383 0.805790598
v 2.573534184 0.091012842 0.805790598
v 2.575174994 0.080551888 0.806564838
v 2.573986887 0.081147950 0.805300477
v 2.574987395 0.094581544 0.806562084
v 2.573813147 0.093957266 0.805300477
v 2.575910251 0.079481072 0.805455838
v 2.574548481 0.080329067 0.804451965
v 2.575713008 0.095662733 0.805440904
v 2.574363730 0.094776158 0.804451965
v 2.576266223 0.079267290 0.804912949
v 2.574768713 0.080196482 0.804114952
v 2.576086271 0.095873894 0.804869567
v 2.574598645 0.094908743 0.804093623
v 2.576923601 0.100290376 0.803524069
v 2.575304614 0.101241993 0.802911300
v 2.577240207 0.074848187 0.803508956
v 2.575636188 0.073863233 0.802911300
v 2.576685048 0.079154732 0.804271053
v 2.575121087 0.080101703 0.803574273
v 2.576527252 0.095984167 0.804198799
v 2.574977935 0.095003504 0.803517451
v 2.577190533 0.079093887 0.803498854
v 2.575592753 0.080044925 0.802853685
v 2.577038439 0.096044657 0.803423707
v 2.575458166 0.095060310 0.802789746
v 2.579994874 0.074848187 0.799325743
v 2.578397055 0.073863233 0.798718610
v 2.579694898 0.100290376 0.799327591
v 2.578073434 0.101241993 0.798718610
v 2.577787923 0.079074308 0.802595304
v 2.576172700 0.080025925 0.801976783
v 2.577592192 0.096064171 0.802584382
v 2.575994678 0.095079217 0.801976784
v 2.579615901 0.079074308 0.799827234
v 2.577990847 0.080025925 0.799223739
v 2.579420561 0.096064171 0.799815714
v 2.577812825 0.095079217 0.799223739
v 2.580183776 0.079093906 0.798966501
v 2.578541430 0.080044925 0.798389448
v 2.579982296 0.096044657 0.798965702
v 2.578357290 0.095060310 0.798400111
v 2.580863310 0.074876944 0.798010420
v 2.579288999 0.073892774 0.797367344
v 2.580680473 0.100300152 0.797836094
v 2.579071824 0.101251899 0.797207523
v 2.580493912 0.095984111 0.798191243
v 2.578837521 0.095003504 0.797673551
v 2.580693993 0.079154489 0.798192459
v 2.579019825 0.080101703 0.797664118
v 2.580934378 0.095873596 0.797525932
v 2.579215588 0.094908743 0.797103303
v 2.581128403 0.079265462 0.797531369
v 2.579391163 0.080196482 0.797099749
v 2.581974573 0.075056466 0.796325340
v 2.580454399 0.074081092 0.795599344
v 2.581784396 0.100203348 0.796166608
v 2.580228660 0.101150413 0.795457254
v 2.581307729 0.095663843 0.796965090
v 2.579451115 0.094776158 0.796748511
v 2.581494748 0.079476651 0.796971164
v 2.579621796 0.080329067 0.796748511
v 2.582228825 0.080553866 0.795841115
v 2.580179720 0.081147950 0.795889386
v 2.582065489 0.094590462 0.795839478
v 2.580028615 0.093957266 0.795889386
v 2.582558752 0.081922600 0.795318825
v 2.580423811 0.082163340 0.795501487
v 2.582425348 0.093227016 0.795318653
v 2.580296565 0.092941876 0.795501487
v 2.583072263 0.075510027 0.794657180
v 2.581654058 0.074577104 0.793774500
v 2.582518900 0.091975932 0.795199361
v 2.580374259 0.091902756 0.795402401
v 2.582622859 0.083175065 0.795199366
v 2.580477034 0.083202460 0.795402400
v 2.582822621 0.099834389 0.794601088
v 2.581380602 0.100741214 0.793721226
v 2.582606587 0.084120198 0.795207317
v 2.580461741 0.084092383 0.795409906
v 2.582524735 0.091030920 0.795207324
v 2.580379765 0.091012842 0.795409906
v 2.583900101 0.076303707 0.793390002
v 2.582648166 0.075530222 0.792252747
v 2.583622586 0.099087955 0.793400775
v 2.582360639 0.099827636 0.792252747
v 2.584429232 0.077601700 0.792564009
v 2.583302136 0.077132803 0.791233383
v 2.584186641 0.097728875 0.792571320
v 2.583053762 0.098157447 0.791233383
v 2.584723388 0.079350773 0.792087191
v 2.583637380 0.079126170 0.790689967
v 2.584527572 0.095856992 0.792088248
v 2.583437335 0.096051634 0.790689967
v 2.584834499 0.081238140 0.791885407
v 2.583756673 0.081152698 0.790473298
v 2.584684653 0.093936960 0.791885214
v 2.583604957 0.094002692 0.790473298
v 2.584839792 0.082878461 0.791847740
v 2.583762179 0.082854806 0.790434221
v 2.584726331 0.092498342 0.791847734
v 2.583648391 0.092503062 0.790434221
v 2.584726331 0.092498342 0.791847734
v 2.583648391 0.092503062 0.790434221
v 2.579183479 -0.188519175 0.796935424
v 2.579014634 -0.192848200 0.796934821
v 2.561108550 -0.431026891 0.807240045
v 2.558874107 -0.428574254 0.810611293
v 2.558757660 -0.430398425 0.810634545
v 2.561064147 -0.431976418 0.807235819
v 2.576853505 0.185429211 0.800654106
v 2.576083840 0.184998623 0.801836015
v 2.576824285 0.187413651 0.800582479
v 2.576817033 0.186230613 0.800662263
v 2.571165594 0.170806664 0.810054672
v 2.570542727 0.186864919 0.810055862
v 2.570205895 0.186863277 0.810562230
v 2.570852272 0.170198906 0.810560996
v 2.570519246 0.188174142 0.810014924
v 2.570181497 0.188223579 0.810519695
v 2.570604847 0.189734357 0.809795419
v 2.570273260 0.189896063 0.810284394
v 2.570877525 0.191098969 0.809306117
v 2.570583088 0.191446595 0.809728427
v 2.571399684 0.192058607 0.808465416
v 2.571203456 0.192586744 0.808729603
v 2.571966922 0.192429777 0.807591223
v 2.571871410 0.193023786 0.807700193
v 2.572859938 0.192644949 0.806236456
v 2.572821393 0.193252708 0.806259003
v 2.572181861 0.184770803 0.807714110
v 2.572606666 0.173818649 0.807713309
v 2.572919986 0.174426445 0.807206986
v 2.572518091 0.184787966 0.807207743
v 2.572145370 0.185559967 0.807723009
v 2.572482660 0.185554203 0.807216384
v 2.572148884 0.186716384 0.807650392
v 2.572485856 0.186605383 0.807150375
v 2.576517536 0.173819209 0.801835080
v 2.576157069 0.174426930 0.802341494
v 2.572363614 0.188139163 0.807244802
v 2.572666717 0.187803756 0.806808757
v 2.573738304 0.192644725 0.804916249
v 2.573749201 0.193252465 0.804864484
v 2.572986564 0.189244800 0.806244107
v 2.573180196 0.188715096 0.805983913
v 2.573458979 0.189554816 0.805515997
v 2.573551362 0.188958680 0.805411853
v 2.573921651 0.189648467 0.804815132
v 2.573940151 0.189037369 0.804822906
v 2.574420315 0.189559723 0.804070784
v 2.574363670 0.188962020 0.804190729
v 2.574284537 0.192485781 0.804104494
v 2.574364503 0.193073428 0.803950086
v 2.575000889 0.189203049 0.803218928
v 2.574838910 0.188670024 0.803493424
v 2.575647925 0.188176642 0.802306170
v 2.575371579 0.187825061 0.802742000
v 2.574660397 0.192196527 0.803556404
v 2.574820823 0.192722239 0.803284668
v 2.575956634 0.186896036 0.801916732
v 2.575630752 0.186749945 0.802415052
v 2.576053774 0.185811126 0.801833896
v 2.575718366 0.185771334 0.802340345
v 2.576083840 0.184998623 0.801836015
v 2.575747419 0.184986497 0.802342374
v 2.574914593 0.191847464 0.803194661
v 2.575143230 0.192279525 0.802825853
v 2.575133968 0.191372421 0.802892590
v 2.575416720 0.191687307 0.802449269
v 2.576539955 0.188867306 0.800925199
v 2.577107680 0.191807187 0.799900708
v 2.576791277 0.192045343 0.800362408
v 2.576178589 0.188871634 0.801468094
v 2.577237697 0.192383922 0.799671707
v 2.576945023 0.192727220 0.800091619
v 2.577422331 0.192757069 0.799372468
v 2.577204483 0.193251644 0.799671106
v 2.577823505 0.193130813 0.798747727
v 2.577700147 0.193713405 0.798899216
v 2.576853505 0.185429211 0.800654106
v 2.577303874 0.173819340 0.800653177
v 2.577617184 0.174427117 0.800146871
v 2.577189745 0.185445982 0.800147747
v 2.576817033 0.186230613 0.800662263
v 2.577154390 0.186222778 0.800155657
v 2.576824285 0.187413651 0.800582479
v 2.577160968 0.187297036 0.800083221
v 2.581247955 0.173819955 0.794725028
v 2.580887570 0.174427639 0.795231318
v 2.577054434 0.188862493 0.800152197
v 2.577354955 0.188518112 0.799720553
v 2.578478852 0.193344642 0.797750263
v 2.578429396 0.193951337 0.797789272
v 2.577736002 0.190022622 0.799060224
v 2.577911801 0.189465942 0.798828403
v 2.578261908 0.190244491 0.798256847
v 2.578325789 0.189640613 0.798195992
v 2.578714639 0.190290197 0.797573713
v 2.578731024 0.189681506 0.797584527
v 2.579466578 0.193378949 0.796263674
v 2.579466985 0.193987380 0.796227634
v 2.579169437 0.190244752 0.796892780
v 2.579138429 0.189640800 0.796974552
v 2.579691442 0.190031669 0.796120591
v 2.579553027 0.189471576 0.796361247
v 2.580358189 0.189070501 0.795174408
v 2.580088713 0.188699332 0.795601053
v 2.580664946 0.187871102 0.794783176
v 2.580339051 0.187720534 0.795281777
v 2.580461743 0.193166314 0.794780281
v 2.580521269 0.193762115 0.794656121
v 2.580748395 0.186883891 0.794715231
v 2.580412627 0.186850199 0.795221866
v 2.580770174 0.186177240 0.794723642
v 2.580433623 0.186168602 0.795229994
v 2.581131915 0.192757218 0.793796806
v 2.581297451 0.193288302 0.793517074
v 2.581679370 0.191850039 0.793026780
v 2.581951414 0.192204661 0.792597239
v 2.582033927 0.190536935 0.792570323
v 2.582352999 0.190717389 0.792080239
v 2.582225727 0.189071061 0.792367392
v 2.582558673 0.189145478 0.791862627
v 2.582295376 0.187908395 0.792330403
v 2.582941826 0.170807094 0.792354498
v 2.583301674 0.170199372 0.791849017
v 2.582631345 0.187932479 0.791824027
v 2.577060646 0.170806870 0.801194160
v 2.577076974 0.170199130 0.801205007
v 2.575907126 0.188515351 0.801896860
v 2.572036642 0.425360473 0.792374904
v 2.559390811 0.425360585 0.810130772
v 2.559067140 0.424745999 0.810632283
v 2.572427375 0.424745961 0.791875788
v 2.558373336 0.444195317 0.810129429
v 2.557984014 0.444810053 0.810631390
v 2.560103266 0.444195914 0.807740185
v 2.560904482 0.428360462 0.807748310
v 2.561225422 0.428974750 0.807243140
v 2.560428277 0.444810463 0.807237913
v 2.565042187 0.428360052 0.801960431
v 2.564648654 0.428974489 0.802457561
v 2.564282214 0.443387348 0.801952882
v 2.563892433 0.444002009 0.802452688
v 2.565355055 0.443387572 0.800464719
v 2.566100056 0.428359455 0.800461573
v 2.566427145 0.428974079 0.799960778
v 2.565680256 0.444002121 0.799962578
v 2.564282214 0.443387348 0.801952882
v 2.563892433 0.444002009 0.802452688
v 2.570170317 0.428359306 0.794778050
v 2.569781574 0.428974004 0.795278600
v 2.569361837 0.444574359 0.794778239
v 2.568972851 0.445189058 0.795278615
v 2.571082895 0.444574397 0.792378000
v 2.571410661 0.445189058 0.791877688
v -0.341982812 -0.815454043 1.000394148
v -0.341982811 -0.822927214 0.998518859
v -0.341982812 -0.820938233 1.002890048
v -0.372710453 -0.633341737 1.362898834
v -0.368008319 -0.650141096 1.357030155
v -0.353038886 -0.643229214 1.371770183
v 0.230405175 -0.821201289 0.998140197
v 0.230417410 -0.815717099 0.995644125
v 0.230345835 -0.823190270 0.993769810
v 0.225234894 -0.821187601 0.998128534
v 0.225175248 -0.823176582 0.993758147
v 0.225247741 -0.815703411 0.995632443
v 0.871955216 -0.716900440 1.287413258
v 0.882765307 -0.708406014 1.262744500
v 0.887202701 -0.731322198 1.261798454
v 0.929953041 -0.774104796 1.183569670
v 0.941762747 -0.761281411 1.154667922
v 0.946884087 -0.790886568 1.150637235
v 0.900778859 -0.744625814 1.238075973
v 0.909595227 -0.732453799 1.215342285
v 0.914444335 -0.758412108 1.213043296
v -0.291570723 -0.671875592 1.376640215
v -0.300294558 -0.676066753 1.368711129
v -0.294534543 -0.651584312 1.380416526
v 0.989301017 -0.821328458 1.082545048
v 0.979526332 -0.821846847 1.085899148
v 0.993322109 -0.819572787 1.081165264
v 0.976792993 -0.791264329 1.086837013
v 0.964393246 -0.807672010 1.116060430
v 0.976792993 -0.791264329 1.086837013
v 0.979526332 -0.821846847 1.085899148
v -0.601149146 -0.800999020 1.030248861
v -0.532116588 -0.786876411 1.063240689
v -0.558050887 -0.781532697 1.074753453
v -0.339665932 -0.802064704 1.030232596
v -0.340591217 -0.803923457 1.025964889
v -0.336273422 -0.803964063 1.025895321
v -0.275653970 -0.671065470 1.321139266
v -0.270171233 -0.670937001 1.321139305
v -0.261351052 -0.653186738 1.360534786
v -0.341982812 0.815454043 1.000394148
v -0.341982812 0.820938233 1.002890048
v -0.341982811 0.822927214 0.998518859
v -0.372710453 0.633341737 1.362898834
v -0.353038886 0.643229214 1.371770183
v -0.368008319 0.650141096 1.357030155
v 0.230405175 0.821201289 0.998140197
v 0.230345835 0.823190270 0.993769810
v 0.230417410 0.815717099 0.995644125
v 0.225234894 0.821187601 0.998128534
v 0.225247741 0.815703411 0.995632443
v 0.225175248 0.823176582 0.993758147
v 0.871955216 0.716900440 1.287413258
v 0.887202701 0.731322198 1.261798454
v 0.882765307 0.708406014 1.262744500
v 0.929953041 0.774104796 1.183569670
v 0.946884087 0.790886568 1.150637235
v 0.941762747 0.761281411 1.154667922
v 0.900778859 0.744625814 1.238075973
v 0.914444335 0.758412108 1.213043296
v 0.909595227 0.732453799 1.215342285
v -0.291570723 0.671875592 1.376640215
v -0.294534543 0.651584312 1.380416526
v -0.300294558 0.676066753 1.368711129
v 0.989301017 0.821328458 1.082545048
v 0.993322109 0.819572787 1.081165264
v 0.979526332 0.821846847 1.085899148
v 0.976792993 0.791264329 1.086837013
v 0.964393246 0.807672010 1.116060430
v 0.979526332 0.821846847 1.085899148
v 0.976792993 0.791264329 1.086837013
v -0.601149146 0.800999020 1.030248861
v -0.558050887 0.781532697 1.074753453
v -0.532116588 0.786876411 1.063240689
v -0.339665932 0.802064704 1.030232596
v -0.336273422 0.803964063 1.025895321
v -0.340591217 0.803923457 1.025964889
v -0.275653970 0.671065470 1.321139266
v -0.261351052 0.653186738 1.360534786
v -0.270171233 0.670937001 1.321139305
v -2.509009688 -0.525460339 0.561919004
v -2.507973627 -0.529724910 0.567369776
v -2.506275289 -0.525730392 0.569842048
v -2.507097120 -0.522347633 0.565394216
v -2.612964412 -0.097569532 0.681530691
v -2.611421115 -0.092936834 0.681530691
v -2.611421095 -0.092936844 0.586828933
v -2.612964392 -0.097569551 0.587119786
v -2.507410456 -0.532043018 0.574434178
v -2.507112483 -0.533269518 0.582383259
v -2.505569188 -0.528636821 0.582698353
v -2.505822149 -0.527595569 0.575836616
v -2.507146918 -0.533127972 0.784103847
v -2.507404728 -0.532066724 0.792856734
v -2.505859377 -0.527442438 0.791841712
v -2.505608746 -0.528474093 0.783612712
v -2.506281281 -0.536691010 0.793871757
v -2.502489035 -0.541315257 0.794886783
v -2.503754929 -0.536104677 0.805862673
v -2.507451788 -0.531873064 0.803584566
v -2.510496070 -0.519342214 0.558187676
v -2.508329278 -0.517275921 0.562422023
v -2.512335190 -0.511772155 0.555994997
v -2.509945058 -0.510625107 0.560608463
v -2.514359404 -0.503440228 0.554637064
v -2.511770976 -0.503109419 0.559403374
v -2.610022545 -0.109678555 0.561488195
v -2.608700980 -0.115118277 0.556548241
v -2.605451016 -0.117510446 0.560701492
v -2.606529152 -0.113072689 0.564680774
v -2.610968062 -0.105786688 0.568739928
v -2.607293483 -0.109926613 0.570798880
v -2.605369667 -0.128830395 0.548521200
v -2.514279034 -0.503771037 0.549870755
v -2.605323168 -0.129021799 0.553289383
v -2.602607871 -0.129213194 0.558057566
v -2.607088241 -0.121756512 0.554187502
v -2.604102227 -0.123062216 0.558804313
v -2.611515333 -0.103534057 0.577650694
v -2.607753156 -0.108034538 0.578755971
v -2.611838891 -0.102202258 0.587410620
v -2.608044591 -0.106834965 0.587701454
v -2.505887894 -0.527325056 0.814091299
v -2.509276427 -0.524433922 0.810260636
v -2.608700376 -0.115120944 0.806513367
v -2.610022506 -0.109678880 0.801573200
v -2.606529072 -0.113073176 0.798380634
v -2.605450088 -0.117514422 0.802360243
v -2.610847141 -0.106284583 0.804765767
v -2.609002978 -0.102890286 0.807958337
v -2.610310869 -0.097506826 0.798439343
v -2.611973887 -0.101646743 0.796380394
v -2.511911597 -0.513550730 0.808938830
v -2.514408941 -0.503215406 0.809558943
v -2.511865246 -0.502689906 0.804734512
v -2.509554996 -0.512283127 0.804391531
v -2.610968106 -0.105786659 0.794321445
v -2.611515377 -0.103534029 0.785410686
v -2.607753199 -0.108034510 0.784305393
v -2.607293527 -0.109926585 0.792262495
v -2.604706968 -0.131542590 0.809611511
v -2.607086271 -0.121764809 0.808874609
v -2.604099249 -0.123074652 0.804258173
v -2.601945780 -0.131938618 0.804871106
v -2.607404494 -0.120454966 0.813491047
v -2.605053918 -0.119145123 0.818107481
v -2.607194556 -0.110333978 0.814819615
v -2.609281865 -0.112727466 0.810666488
v -2.559894367 -0.315078479 0.814712336
v -2.557118344 -0.315052708 0.819571131
v -2.602222950 -0.130750544 0.819092317
v -2.604799358 -0.131146572 0.814351916
v -2.517035088 -0.492426999 0.809751551
v -2.514362064 -0.492444358 0.804984085
v -2.509996160 -0.521542787 0.806429978
v -2.508047096 -0.518651614 0.802599316
v -2.505986985 -0.537902216 0.607976568
v -2.502192684 -0.542534913 0.607671224
v -2.502192695 -0.542534913 0.677357385
v -2.505986996 -0.537902216 0.677514931
v -2.507129712 -0.533198707 0.779711422
v -2.505588978 -0.528555457 0.779465855
v -2.612786594 -0.098301539 0.781374217
v -2.611227236 -0.093734940 0.781926865
v -2.611421135 -0.092936815 0.776232456
v -2.612964432 -0.097569522 0.776232456
v -2.517039314 -0.492409602 0.814519017
v -2.514374732 -0.492392243 0.819286484
v -2.611838928 -0.102202229 0.760815061
v -2.611838911 -0.102202239 0.681530691
v -2.608044611 -0.106834946 0.681530692
v -2.608044628 -0.106834936 0.760815061
v -2.507112488 -0.533269518 0.608281922
v -2.505569192 -0.528636821 0.608587266
v -2.505987010 -0.537902216 0.759880482
v -2.502192709 -0.542534913 0.759867794
v -2.502192709 -0.542534913 0.762063449
v -2.505987010 -0.537902216 0.762063448
v -2.505569217 -0.528636782 0.759905866
v -2.507112512 -0.533269480 0.759893174
v -2.507112513 -0.533269480 0.762063448
v -2.505569217 -0.528636782 0.762063447
v -2.502192680 -0.542534952 0.581753091
v -2.505986981 -0.537902254 0.582068184
v -2.611421132 -0.092936815 0.760815061
v -2.612964429 -0.097569522 0.760815060
v -2.507112499 -0.533269518 0.677672488
v -2.505569203 -0.528636821 0.677830035
v -2.611033292 -0.094533085 0.575440122
v -2.612608712 -0.099033566 0.576545417
v -2.610310824 -0.097506845 0.564622025
v -2.611973842 -0.101646771 0.566680976
v -2.607194515 -0.110333959 0.548241759
v -2.605053875 -0.119145113 0.544953899
v -2.607405458 -0.120450808 0.549570710
v -2.609282147 -0.112726118 0.552395010
v -2.602747366 -0.128639001 0.543753017
v -2.609002936 -0.102890276 0.555103037
v -2.610847140 -0.106284420 0.558295616
v -2.503363908 -0.537713947 0.562425235
v -2.502580667 -0.540937917 0.571629302
v -2.506329956 -0.536490467 0.573031740
v -2.507003167 -0.533719429 0.564897506
v -2.511529874 -0.504101845 0.545104465
v -2.509109049 -0.514066252 0.546768086
v -2.512056513 -0.512919204 0.551381532
v -2.506823259 -0.523474798 0.549718982
v -2.509994064 -0.521408506 0.553953329
v -2.504828429 -0.531685789 0.554968582
v -2.508253458 -0.528573045 0.558443793
v -2.557440008 -0.315130020 0.804994746
v -2.560001587 -0.315104249 0.809853540
v -2.607898915 -0.107434718 0.780268924
v -2.611677154 -0.102868129 0.780821572
v -2.611838931 -0.102202229 0.776232456
v -2.608044631 -0.106834936 0.776232456
v -2.502204785 -0.542485284 0.780202557
v -2.502216848 -0.542435656 0.785086118
v -2.506016282 -0.537781814 0.784594983
v -2.506001647 -0.537842034 0.779956989
v -2.508618414 -0.516085936 0.818033426
v -2.511599400 -0.514818333 0.813486130
v -2.511489915 -0.504266447 0.819207811
v -2.514283827 -0.503740946 0.814383379
v -2.611033336 -0.094533066 0.787621272
v -2.612608755 -0.099033547 0.786515979
v -2.506839091 -0.523409837 0.799028352
v -2.508479839 -0.527641450 0.801306459
v -2.612964429 -0.097569522 0.762828279
v -2.611838928 -0.102202229 0.762828279
v -2.611421132 -0.092936815 0.762828279
v -2.608044628 -0.106834936 0.762828279
v -2.505987012 -0.537902216 0.775318996
v -2.507112515 -0.533269480 0.775318996
v -2.502192711 -0.542534913 0.775318997
v -2.505569219 -0.528636782 0.775318996
v 2.561401986 -0.597757171 0.789698291
v 2.555560911 -0.676098717 0.789816166
v 2.560124022 -0.676975979 0.783920516
v 2.566480198 -0.598407585 0.783054185
v 2.591939775 -0.454887711 0.757925583
v 2.596189053 -0.455423535 0.751601025
v 2.602969178 -0.306148519 0.751585225
v 2.598828792 -0.305732580 0.757990745
v 2.603664135 -0.150986250 0.758116296
v 2.607704804 -0.151281366 0.751642526
v 2.609165073 -0.000000000 0.751597798
v 2.605179462 -0.000000000 0.758112966
v 2.589855512 -0.454826382 0.758848237
v 2.584820124 -0.537971345 0.758708576
v 2.587010221 -0.538471381 0.757852482
v 2.567074216 -0.567430177 0.784624605
v 2.571209707 -0.557533293 0.779684103
v 2.569200691 -0.556982825 0.780452812
v 2.565062140 -0.567086177 0.785618954
v 2.563759705 -0.581271032 0.787950131
v 2.561605702 -0.581078901 0.788937213
v 2.559104831 -0.597675616 0.790603011
v 2.575916582 -0.549690964 0.773481217
v 2.573880036 -0.549097864 0.774147413
v 2.581591259 -0.543218401 0.765569874
v 2.584380881 -0.548143672 0.760848384
v 2.591056396 -0.542304586 0.751405470
v 2.578868931 -0.554241724 0.768529351
v 2.580644256 -0.836353946 0.763230025
v 2.573622486 -0.830014288 0.771387894
v 2.571992760 -0.830652888 0.771884577
v 2.579087942 -0.837091040 0.763507814
v 2.560255551 -0.810097634 0.783283409
v 2.558491849 -0.810481513 0.784096512
v 2.564874331 -0.821452645 0.779014067
v 2.566450223 -0.820955591 0.778259502
v 2.552194402 -0.785480607 0.788819001
v 2.549982893 -0.785601047 0.789605586
v 2.553002536 -0.798536308 0.787662748
v 2.554973623 -0.798281281 0.786812762
v 2.549596262 -0.765932767 0.789433278
v 2.547340706 -0.765854844 0.790203014
v 2.562892233 -0.806620167 0.778341288
v 2.558387851 -0.796028325 0.781261965
v 2.585441671 -0.834376971 0.754972740
v 2.580249060 -0.830575424 0.761452332
v 2.587266548 -0.841603450 0.754954383
v 2.568378488 -0.816373670 0.774196821
v 2.574358432 -0.824811737 0.768292658
v 2.554109208 -0.766528391 0.783635564
v 2.556450410 -0.784558074 0.782934763
v 2.579563278 -0.542575404 0.766198684
v 2.568673354 -0.582835376 0.781383974
v 2.571443399 -0.570192574 0.778366414
v 2.574547465 -0.561802874 0.774342709
v 2.596759823 -0.305684576 0.758921346
v 2.601609848 -0.150950251 0.759054087
v 2.603134963 -0.000000000 0.759055599
v 2.553300462 -0.675985159 0.790599781
v 2.585931079 -0.842515889 0.754955805
v 2.586837094 -0.843234399 0.753823142
v 2.588172564 -0.842321961 0.753821761
v 2.560497808 -0.806620167 0.776862819
v 2.555992815 -0.796028325 0.779783496
v 2.554055374 -0.784558074 0.781456295
v 2.551714172 -0.766528391 0.782157094
v 2.600574142 -0.306148519 0.750106756
v 2.605310380 -0.151281366 0.750164057
v 2.572153041 -0.561802874 0.772864240
v 2.576474507 -0.554241724 0.767050882
v 2.565984063 -0.816373670 0.772718352
v 2.606770037 -0.000000000 0.750119329
v 2.569048975 -0.570192574 0.776887945
v 2.571963396 -0.824811737 0.766814189
v 2.557728986 -0.676975979 0.782442047
v 2.564085162 -0.598407585 0.781575716
v 2.566278930 -0.582835376 0.779905506
v 2.577854636 -0.830575424 0.759973863
v 2.588661971 -0.542304586 0.749927001
v 2.593794629 -0.455423535 0.750122556
v 2.586361757 -0.835050823 0.753824167
v 2.582771956 -0.834175549 0.753837579
v 2.581851870 -0.833501697 0.754986135
v 2.581986456 -0.548143672 0.759369915
v 2.586361757 -0.835050823 0.753824167
v 2.588172564 -0.842321961 0.753821761
v 2.586837094 -0.843234399 0.753823142
v 2.582771956 -0.834175549 0.753837579
v 2.554400406 -0.756102259 0.783742879
v 2.554243184 -0.758274921 0.783738001
v 2.551848147 -0.758274921 0.782259531
v 2.552005369 -0.756102259 0.782264409
v 2.547615998 -0.755428789 0.790302733
v 2.547460611 -0.757601528 0.790294608
v 2.549718613 -0.757679450 0.789526440
v 2.549874000 -0.755506636 0.789534156
v 2.553811893 -0.764237354 0.783724616
v 2.551416857 -0.764237354 0.782246147
v 2.547034215 -0.763564266 0.790272315
v 2.549291606 -0.763642112 0.789505263
v 2.553300462 -0.675985159 0.790599781
v 2.559104831 -0.597675616 0.790603011
v 2.564085162 -0.598407585 0.781575716
v 2.557728986 -0.676975979 0.782442047
v 2.547615998 -0.755428789 0.790302733
v 2.552005369 -0.756102259 0.782264409
v 2.561605702 -0.581078901 0.788937213
v 2.566278930 -0.582835376 0.779905506
v 2.585931079 -0.842515889 0.754955805
v 2.579087942 -0.837091040 0.763507814
v 2.577854636 -0.830575424 0.759973863
v 2.581851870 -0.833501697 0.754986135
v 2.571992760 -0.830652888 0.771884577
v 2.571963396 -0.824811737 0.766814189
v 2.564874331 -0.821452645 0.779014067
v 2.565984063 -0.816373670 0.772718352
v 2.558491849 -0.810481513 0.784096512
v 2.560497808 -0.806620167 0.776862819
v 2.553002536 -0.798536308 0.787662748
v 2.555992815 -0.796028325 0.779783496
v 2.549982893 -0.785601047 0.789605586
v 2.554055374 -0.784558074 0.781456295
v 2.547340706 -0.765854844 0.790203014
v 2.551714172 -0.766528391 0.782157094
v 2.547460611 -0.757601528 0.790294608
v 2.551848147 -0.758274921 0.782259531
v 2.554243184 -0.758274921 0.783738001
v 2.549718613 -0.757679450 0.789526440
v 2.565062140 -0.567086177 0.785618954
v 2.569048975 -0.570192574 0.776887945
v 2.569200691 -0.556982825 0.780452812
v 2.572153041 -0.561802874 0.772864240
v 2.573880036 -0.549097864 0.774147413
v 2.576474507 -0.554241724 0.767050882
v 2.579563278 -0.542575404 0.766198684
v 2.581986456 -0.548143672 0.759369915
v 2.584820124 -0.537971345 0.758708576
v 2.588661971 -0.542304586 0.749927001
v 2.589855512 -0.454826382 0.758848237
v 2.593794629 -0.455423535 0.750122556
v 2.596759823 -0.305684576 0.758921346
v 2.600574142 -0.306148519 0.750106756
v 2.601609848 -0.150950251 0.759054087
v 2.605310380 -0.151281366 0.750164057
v 2.603134963 -0.000000000 0.759055599
v 2.606770037 -0.000000000 0.750119329
v 2.547460611 -0.757601528 0.790294608
v 2.551848147 -0.758274921 0.782259531
v 2.547034215 -0.763564266 0.790272315
v 2.551416857 -0.764237354 0.782246147
v 2.553811893 -0.764237354 0.783724616
v 2.551416857 -0.764237354 0.782246147
v 2.549291606 -0.763642112 0.789505263
v 2.547034215 -0.763564266 0.790272315
v 2.586837094 -0.843234399 0.753823142
v 2.582771956 -0.834175549 0.753837579
v 0.787131822 -0.819155567 1.015544830
v 0.821643591 -0.816317005 1.023200215
v 0.821739025 -0.814325118 1.027578535
v 0.787191468 -0.817166586 1.019915217
v 0.655574285 -0.824020809 1.000520333
v 0.726680862 -0.822370131 1.006313549
v 0.726740508 -0.820381150 1.010683917
v 0.655633930 -0.822031828 1.004890701
v 0.948559097 -0.799292059 1.067010455
v 0.969459533 -0.793349509 1.081687167
v 0.967817266 -0.791844353 1.084862693
v 0.946736055 -0.797667763 1.070464312
v 0.572961438 -0.824496834 0.997216726
v 0.573020778 -0.822507853 1.001587113
v 0.920090590 -0.802761344 1.057654648
v 0.946736055 -0.797667763 1.070464312
v 0.946748902 -0.792183573 1.067968220
v 0.920098237 -0.797278225 1.055155976
v 0.726740508 -0.820381150 1.010683917
v 0.787191468 -0.817166586 1.019915217
v 0.787204315 -0.811682396 1.017419125
v 0.726753356 -0.814896960 1.008187864
v 0.573020778 -0.822507853 1.001587113
v 0.655633930 -0.822031828 1.004890701
v 0.655646778 -0.816547638 1.002394648
v 0.573033625 -0.817023663 0.999091021
v 0.921419942 -0.804549134 1.053799286
v 0.920090590 -0.802761344 1.057654648
v 0.967817266 -0.791844353 1.084862693
v 0.967830113 -0.786360163 1.082366602
v 0.481018960 -0.822134757 1.000055559
v 0.481031808 -0.816650567 0.997559506
v 0.230405175 -0.821201289 0.998140197
v 0.307317958 -0.821492486 0.998566586
v 0.307330805 -0.816008220 0.996070533
v 0.230417410 -0.815717099 0.995644125
v 0.386815422 -0.821798366 0.999021633
v 0.386828270 -0.816314176 0.996525580
v -0.179711454 -0.820954674 1.000685946
v -0.017942045 -0.820965073 0.999133538
v -0.017929197 -0.815480884 0.996637447
v -0.179698607 -0.815470484 0.998189854
v 0.123786294 -0.821036496 0.998238080
v 0.123799141 -0.815552307 0.995741989
v 0.307258312 -0.823481467 0.994196218
v 0.386755776 -0.823787347 0.994651265
v 0.386815422 -0.821798366 0.999021633
v 0.307317958 -0.821492486 0.998566586
v 0.480959315 -0.824123738 0.995685191
v 0.481018960 -0.822134757 1.000055559
v -0.179770947 -0.822943655 0.996315559
v -0.018001385 -0.822954055 0.994763151
v -0.017942045 -0.820965073 0.999133538
v -0.179711454 -0.820954674 1.000685946
v 0.123726954 -0.823025478 0.993867693
v 0.123786294 -0.821036496 0.998238080
v 0.861311875 -0.812510259 1.033292791
v 0.891527566 -0.809189708 1.041981169
v 0.890203108 -0.807365978 1.045922292
v 0.861343380 -0.810529689 1.037642416
v 0.890223296 -0.801880947 1.043428495
v 0.890203108 -0.807365978 1.045922292
v 0.821739025 -0.814325118 1.027578535
v 0.821770225 -0.808839399 1.025086554
v 0.861343380 -0.810529689 1.037642416
v 0.861336345 -0.805047717 1.035140647
v 0.225234894 -0.821187601 0.998128534
v 0.225247741 -0.815703411 0.995632443
v 0.225175248 -0.823176582 0.993758147
v 0.225234894 -0.821187601 0.998128534
v -0.341982812 -0.815454043 1.000394148
v -0.341982812 -0.820938233 1.002890048
v -0.341982812 -0.820938233 1.002890048
v -0.341982811 -0.822927214 0.998518859
v 1.634575189 -0.647205800 1.083647581
v 1.624664387 -0.669345281 1.087545076
v 1.626585005 -0.674459585 1.084431051
v 1.637657843 -0.650264213 1.080040383
v 1.642553444 -0.616735043 1.081168027
v 1.646652229 -0.616507889 1.077209259
v 1.649484673 -0.572010263 1.080089325
v 1.652800713 -0.577203867 1.076182480
v 1.653488329 -0.534516512 1.080120927
v 1.657295918 -0.535265305 1.076208634
v 1.661347290 -0.410302718 1.082800987
v 1.665162832 -0.410862171 1.078877395
v 1.667880875 -0.274692867 1.085726630
v 1.671716605 -0.275058126 1.081816802
v 1.672293798 -0.135078442 1.087946283
v 1.676150633 -0.135253654 1.084055210
v 1.191106492 -0.540733551 1.334101645
v 1.198020590 -0.451744072 1.343215631
v 1.192730098 -0.450758988 1.344469889
v 1.185808353 -0.539514239 1.335272742
v 1.203831993 -0.346822211 1.349420588
v 1.198533243 -0.346095442 1.350720346
v 1.208381338 -0.232187950 1.353586094
v 1.203073411 -0.231707031 1.354902636
v 1.211512626 -0.114168273 1.356050527
v 1.206197664 -0.113929677 1.357372040
v 1.212990941 -0.000000000 1.356809414
v 1.207674450 -0.000000000 1.358133948
v 1.611874648 -0.680844896 1.093374678
v 1.613088378 -0.686277163 1.090617481
v 1.592031021 -0.683694163 1.103132574
v 1.591570672 -0.688988555 1.101216163
v 1.463557958 -0.669444921 1.169336381
v 1.414541074 -0.660406870 1.195375435
v 1.413008006 -0.665405476 1.193703268
v 1.462060984 -0.674473809 1.167736593
v 1.512723806 -0.677243624 1.143569599
v 1.511244879 -0.682297518 1.142054616
v 1.557861833 -0.682336211 1.120363372
v 1.556349565 -0.687429717 1.118937667
v 1.325497714 -0.642404334 1.243773545
v 1.284228757 -0.633142494 1.266898447
v 1.282690184 -0.638094798 1.264987427
v 1.323922129 -0.647356599 1.241980861
v 1.368662207 -0.651404226 1.220083263
v 1.367094880 -0.656376220 1.218357337
v 1.245926525 -0.622997122 1.288530544
v 1.184144983 -0.605244604 1.321974707
v 1.178339084 -0.608870805 1.322169322
v 1.244467480 -0.627942084 1.286459969
v -0.897765369 -0.279726267 1.020783506
v -0.910145994 -0.137701139 1.021759049
v -0.929510609 -0.138829997 1.004956207
v -0.916982856 -0.282021625 1.003921075
v -0.823400254 -0.661864004 1.012729539
v -0.858543972 -0.542238937 1.017961908
v -0.877437686 -0.546716706 1.001139834
v -0.841968971 -0.667712419 0.995733611
v -0.880795022 -0.417266944 1.019333411
v -0.899855746 -0.420698452 1.002455895
v -0.775066249 -0.747423312 1.009183983
v -0.793991927 -0.754570491 0.991196508
v -0.915122194 -0.000000000 1.022028146
v -0.934562362 -0.000000000 1.005244344
v -0.722890398 -0.794158484 1.006474435
v -0.740921531 -0.802345578 0.988607056
v -0.370901788 -0.623744080 1.368744917
v -0.351109705 -0.632622614 1.378324569
v -0.373148322 -0.589211319 1.382263261
v -0.385657415 -0.594198722 1.371162625
v -0.465511231 -0.224530678 1.385903097
v -0.451756598 -0.222759349 1.396522929
v -0.459042035 -0.109603652 1.397707522
v -0.472897762 -0.110472216 1.387139728
v -0.400482784 -0.522014224 1.387113472
v -0.413507589 -0.526354692 1.376289848
v -0.454150255 -0.335041225 1.383943061
v -0.440545656 -0.332386191 1.394623457
v -0.631245710 -0.757446600 1.101192630
v -0.619035460 -0.770338884 1.100149928
v -0.527216573 -0.727586033 1.195786794
v -0.538525091 -0.714086884 1.196798182
v -0.370852388 -0.631096696 1.365723287
v -0.349868140 -0.641142619 1.375142046
v -0.349138312 -0.637262691 1.377558379
v -0.370184501 -0.627623396 1.367847964
v -0.461779962 -0.000000000 1.398094803
v -0.475612443 -0.000000000 1.387592391
v -0.425422668 -0.432230950 1.391666981
v -0.438820034 -0.435694538 1.380912907
v -0.437351186 -0.684070778 1.287343725
v -0.447510973 -0.669837976 1.288346931
v -0.735530100 -0.804654280 0.992305751
v -0.721905158 -0.816788289 0.991548683
v -0.706546646 -0.809850331 1.007775362
v -0.720264729 -0.797712498 1.007444972
v -0.369495510 -0.587634931 1.383884461
v -0.396677490 -0.520676881 1.388659732
v -0.421503893 -0.431210727 1.393187471
v -0.436565246 -0.331637972 1.396124523
v -0.702693788 -0.812028499 1.006960863
v -0.615522740 -0.772716409 1.099006130
v -0.720996389 -0.820282580 0.987634840
v -0.447738412 -0.222262658 1.398007362
v -0.454999838 -0.109356425 1.399177694
v -0.523899310 -0.730155956 1.194627702
v -0.434284744 -0.686865139 1.286168460
v -0.344556696 -0.638617737 1.378421381
v -0.345766603 -0.634272795 1.379587240
v -0.722890398 -0.794158484 1.006474435
v -0.740921531 -0.802345578 0.988607056
v -0.365503778 -0.653245544 1.355356994
v -0.347767971 -0.645015168 1.372885535
v -0.449231545 -0.665926083 1.287644402
v -0.540538237 -0.710293672 1.196115803
v -0.456582303 -0.335544435 1.380410000
v -0.441215988 -0.436306832 1.377364628
v -0.415841296 -0.527063109 1.372734649
v -0.478212723 -0.000000000 1.384100279
v -0.475386703 -0.110634399 1.383628614
v -0.374599411 -0.628288531 1.362453473
v -0.376605368 -0.630520725 1.359880759
v -0.374876844 -0.621214265 1.365497547
v -0.373975112 -0.624926610 1.364482525
v -0.633486736 -0.753748899 1.100540227
v -0.467976466 -0.224868924 1.382381812
v -0.387900581 -0.594973132 1.367551602
v -0.345288818 -0.642549932 1.375968533
v -0.457838400 -0.000000000 1.399577364
v -0.033443774 -0.648871926 1.384218918
v -0.112260198 -0.649117929 1.383763680
v -0.112247350 -0.643633740 1.381267627
v -0.033430926 -0.643387736 1.381722865
v 0.827402027 -0.667086743 1.334776776
v 0.843810630 -0.682689961 1.309780422
v 0.851697426 -0.680906378 1.313738198
v 0.835148424 -0.665199161 1.338962203
v 0.874786441 -0.710118786 1.258941767
v 0.882765307 -0.708406014 1.262744500
v 0.901517257 -0.734085284 1.211717650
v 0.909595227 -0.732453799 1.215342285
v 0.812941572 -0.653300831 1.353662843
v 0.818205145 -0.649764253 1.361457418
v -0.400705444 -0.706438673 1.262256260
v -0.339118150 -0.677369493 1.325186003
v -0.345796724 -0.674855011 1.330674397
v -0.407451769 -0.703955697 1.267675220
v -0.482455544 -0.744457428 1.177336916
v -0.489236587 -0.741990739 1.182719782
v -0.568698707 -0.783296322 1.085805068
v -0.575462468 -0.780821451 1.091206057
v -0.289564459 -0.654817764 1.373328382
v -0.284817822 -0.653522059 1.376089174
v -0.288620823 -0.650104850 1.383574962
v -0.294534543 -0.651584312 1.380416526
v -0.302582382 -0.660560957 1.361184008
v -0.309112451 -0.657979870 1.366819416
v -0.279557001 -0.652605644 1.377556097
v -0.281699382 -0.648967360 1.385536033
v -0.190133901 -0.649463956 1.383123538
v -0.112260198 -0.649117929 1.383763680
v -0.112331622 -0.645387576 1.391956433
v -0.190311924 -0.645733832 1.391315297
v 0.532325288 -0.649595560 1.372253158
v 0.648823159 -0.650621021 1.366119682
v 0.649356306 -0.646898162 1.374299090
v 0.532733942 -0.645869795 1.380438302
v -0.033443774 -0.648871926 1.384218918
v -0.033463657 -0.645141496 1.392412053
v -0.242827147 -0.650431223 1.381338302
v -0.243303555 -0.646704235 1.389521611
v 0.267065073 -0.648995042 1.381766617
v 0.399991119 -0.649140794 1.377762638
v 0.400293327 -0.645413041 1.385951490
v 0.267246459 -0.645265683 1.389958452
v 0.753589635 -0.652049861 1.359044898
v 0.754300191 -0.648332278 1.367213639
v -0.262174635 -0.651132299 1.380046647
v -0.263251944 -0.647422975 1.388187973
v 0.108052708 -0.648825432 1.383861406
v 0.108118471 -0.645095232 1.392054426
v 0.933633082 -0.762868008 1.151141513
v 0.941762747 -0.761281411 1.154667922
v 0.843810630 -0.682689961 1.309780422
v 0.827402027 -0.667086743 1.334776776
v 0.827414875 -0.661602553 1.332280723
v 0.843823477 -0.677205771 1.307284369
v -0.190133901 -0.649463956 1.383123538
v -0.242827147 -0.650431223 1.381338302
v -0.242814299 -0.644947033 1.378842249
v -0.190121054 -0.643979766 1.380627485
v 0.874786441 -0.710118786 1.258941767
v 0.874799289 -0.704634596 1.256445714
v 0.399991119 -0.649140794 1.377762638
v 0.267065073 -0.648995042 1.381766617
v 0.267077921 -0.643510853 1.379270564
v 0.400003966 -0.643656604 1.375266585
v 0.901517257 -0.734085284 1.211717650
v 0.901530104 -0.728601094 1.209221597
v 0.753589635 -0.652049861 1.359044898
v 0.648823159 -0.650621021 1.366119682
v 0.648836006 -0.645136832 1.363623629
v 0.753602482 -0.646565671 1.356548845
v 0.812941572 -0.653300831 1.353662843
v 0.812954419 -0.647816642 1.351166790
v 0.532325288 -0.649595560 1.372253158
v 0.532338135 -0.644111371 1.369757105
v -0.339118150 -0.677369493 1.325186003
v -0.400705444 -0.706438673 1.262256260
v -0.400692596 -0.700954484 1.259760207
v -0.339105303 -0.671885304 1.322689950
v -0.262174635 -0.651132299 1.380046647
v -0.262161788 -0.645648109 1.377550594
v -0.482455544 -0.744457428 1.177336916
v -0.482442697 -0.738973238 1.174840863
v 0.108052708 -0.648825432 1.383861406
v 0.108065556 -0.643341243 1.381365353
v -0.568698707 -0.783296322 1.085805068
v -0.568685860 -0.777812132 1.083308996
v -0.284817822 -0.653522059 1.376089174
v -0.289564459 -0.654817764 1.373328382
v -0.289551612 -0.649333575 1.370832329
v -0.284804975 -0.648037869 1.373593121
v -0.302582382 -0.660560957 1.361184008
v -0.302569535 -0.655076768 1.358687955
v -0.279557001 -0.652605644 1.377556097
v -0.279544154 -0.647121454 1.375060044
v 0.933633082 -0.762868008 1.151141513
v 0.933645930 -0.757383818 1.148645460
v 0.969459533 -0.793349509 1.081687167
v 0.976792993 -0.791264329 1.086837013
v -0.643702636 -0.811572126 1.005790559
v -0.648041536 -0.818981904 1.003995409
v -0.659845578 -0.818806558 1.004214436
v -0.648041536 -0.818981904 1.003995409
v 0.967830113 -0.786360163 1.082366602
v 0.969459533 -0.793349509 1.081687167
v 1.199472298 -0.593419494 1.317161161
v 1.203882469 -0.589162531 1.314147943
v 1.208615035 -0.544259538 1.322422901
v 1.204790623 -0.543577351 1.326392299
v 1.286730239 -0.612076307 1.267514795
v 1.248232245 -0.601823495 1.289748021
v 1.248190951 -0.607327605 1.290500408
v 1.286658663 -0.617532012 1.268411710
v 1.417045921 -0.639506890 1.194969495
v 1.371286653 -0.630500384 1.219915679
v 1.371181124 -0.635879160 1.221016387
v 1.416967921 -0.644868193 1.196133137
v 1.328132254 -0.621467686 1.243901900
v 1.328028255 -0.626871506 1.244923767
v 1.590282614 -0.662029638 1.103643469
v 1.560310093 -0.661410461 1.118921074
v 1.560241881 -0.666724964 1.120351481
v 1.591260510 -0.667518798 1.104587796
v 1.515024326 -0.656371097 1.142501201
v 1.514995267 -0.661688353 1.143835447
v 1.465921795 -0.648547082 1.168623989
v 1.465878666 -0.653889496 1.169866586
v 1.603401479 -0.658659381 1.097260302
v 1.606061713 -0.664274716 1.097360631
v 1.613301575 -0.648458071 1.092888407
v 1.616692555 -0.653745351 1.092620189
v 1.228650443 -0.114946851 1.343886468
v 1.230129065 -0.000000000 1.344636561
v 1.226463710 -0.000000000 1.348710990
v 1.224984171 -0.114778397 1.347959176
v 1.225517014 -0.233779633 1.341433008
v 1.221847378 -0.233431102 1.345504301
v 1.220988163 -0.349209065 1.337312313
v 1.217305068 -0.348689223 1.341375769
v 1.215273724 -0.454866337 1.331243625
v 1.211547194 -0.454205791 1.335279896
v 1.673900889 -0.000000000 1.088785005
v 1.677766289 -0.000000000 1.084902917
v 1.654655257 -0.000000000 1.097242722
v 1.653075389 -0.134217449 1.096445180
v 1.658448468 -0.134456360 1.095380299
v 1.660034453 -0.000000000 1.096188854
v 1.648732513 -0.272948341 1.094312128
v 1.654090604 -0.273426603 1.093223810
v 1.642276621 -0.407700448 1.091446687
v 1.647615747 -0.408405730 1.090342577
v 1.634459871 -0.531119568 1.088717476
v 1.639786763 -0.532029330 1.087626213
v 1.632447796 -0.550822030 1.088651750
v 1.637272433 -0.556182147 1.087571040
v 1.622416173 -0.617236188 1.089921568
v 1.628011014 -0.617173177 1.088795589
v 1.618522938 -0.634565178 1.090983734
v 1.623094001 -0.637786815 1.090213798
v 0.230345835 -0.823190270 0.993769810
v 0.230405175 -0.821201289 0.998140197
v 0.230346447 -0.823223993 0.991608523
v 0.230345835 -0.823190270 0.993769810
v 0.230417410 -0.815717099 0.995644125
v 0.230418022 -0.815750822 0.993482837
v 0.225175248 -0.823176582 0.993758147
v 0.225175554 -0.823210993 0.991595981
v 0.225248047 -0.815737823 0.993470276
v 0.225247741 -0.815703411 0.995632443
v -0.525840854 -0.799671579 1.034476835
v -0.515319365 -0.800394296 1.033033181
v -0.515322423 -0.795845333 1.030986484
v -0.525843913 -0.795122616 1.032430138
v -0.281436468 -0.671236763 1.321139303
v -0.280502770 -0.673071963 1.316906237
v -0.276601584 -0.672973929 1.316875726
v -0.275653970 -0.671065470 1.321139266
v -0.284570509 -0.671640677 1.320418421
v -0.282610127 -0.673452630 1.316319713
v -0.343307275 -0.802030063 1.030290655
v -0.344221854 -0.803889275 1.026023388
v -0.340591217 -0.803923457 1.025964889
v -0.339665932 -0.802064704 1.030232596
v -0.527206911 -0.801499133 1.030366044
v -0.515732301 -0.802276220 1.028786637
v -0.515319365 -0.800394296 1.033033181
v -0.525840854 -0.799671579 1.034476835
v -0.535655609 -0.799849219 1.033957488
v -0.532786460 -0.798298563 1.037421956
v -0.540724339 -0.797447147 1.039294109
v -0.536250240 -0.796638326 1.041060507
v -0.287756549 -0.672859224 1.317868533
v -0.284452286 -0.674173971 1.314852753
v -0.296265809 -0.676983091 1.309102178
v -0.292777253 -0.678211962 1.306277764
v -0.296265809 -0.676983091 1.309102178
v -0.357685787 -0.706276863 1.246344340
v -0.354195854 -0.707505198 1.243521265
v -0.292777253 -0.678211962 1.306277764
v -0.439348252 -0.744635985 1.161515995
v -0.435839814 -0.745855679 1.158712228
v -0.532116588 -0.786876411 1.063240689
v -0.528439152 -0.788018260 1.060610355
v -0.538661796 -0.790733093 1.054453726
v -0.534440812 -0.791549715 1.052550946
v -0.541539967 -0.794318459 1.046331689
v -0.536807859 -0.794494416 1.045869467
v 0.655646778 -0.816547638 1.002394648
v 0.726753356 -0.814896960 1.008187864
v 0.726750297 -0.810347997 1.006141167
v 0.655643719 -0.811998675 1.000347951
v -0.343307275 -0.802030063 1.030290655
v -0.339665932 -0.802064704 1.030232596
v -0.339668991 -0.797515741 1.028185899
v -0.343310333 -0.797481100 1.028243959
v 0.928571695 -0.758364926 1.146439609
v 0.896488293 -0.729610802 1.206954991
v 0.896485234 -0.725061839 1.204908275
v 0.928568637 -0.753815963 1.144392893
v 0.267002064 -0.641297165 1.372112678
v 0.267005122 -0.645846166 1.374159394
v 0.240885768 -0.645770308 1.374563304
v 0.240882709 -0.641221307 1.372516588
v 0.822587485 -0.662782025 1.329653676
v 0.838899430 -0.678311832 1.304813092
v 0.843823477 -0.677205771 1.307284369
v 0.827414875 -0.661602553 1.332280723
v 0.869816512 -0.705694086 1.254073274
v 0.874799289 -0.704634596 1.256445714
v 0.896488293 -0.729610802 1.206954991
v 0.901530104 -0.728601094 1.209221597
v 0.809684874 -0.650048033 1.346310341
v 0.812954419 -0.647816642 1.351166790
v 0.532083645 -0.646478648 1.364667194
v 0.648503822 -0.647501815 1.358537082
v 0.648836006 -0.645136832 1.363623629
v 0.532338135 -0.644111371 1.369757105
v 0.267005122 -0.645846166 1.374159394
v 0.399815851 -0.646025488 1.370174571
v 0.400003966 -0.643656604 1.375266585
v 0.267077921 -0.643510853 1.379270564
v 0.753159569 -0.648926755 1.351468645
v 0.753602482 -0.646565671 1.356548845
v 0.928571695 -0.758364926 1.146439609
v 0.933645930 -0.757383818 1.148645460
v 0.960527240 -0.785359249 1.084441400
v 0.963219593 -0.787633769 1.079217553
v 0.967830113 -0.786360163 1.082366602
v 0.965173549 -0.784108432 1.087517172
v 0.240885768 -0.645770308 1.374563304
v 0.235757086 -0.643477435 1.379683190
v -0.320108148 -0.811930999 1.007949356
v -0.238224577 -0.647227977 1.373716704
v -0.242814299 -0.644947033 1.378842249
v -0.325828553 -0.811930235 1.008026991
v 0.197151180 -0.812790215 1.002048050
v 0.235757086 -0.643477435 1.379683190
v 0.220899602 -0.643461606 1.379878912
v 0.182249038 -0.812768803 1.002069077
v 0.108076262 -0.645638627 1.376237360
v 0.204949211 -0.645797761 1.374736464
v 0.220899602 -0.643461606 1.379878912
v 0.108065556 -0.643341243 1.381365353
v 0.202785175 -0.812836326 1.001956039
v 0.197151180 -0.812790215 1.002048050
v -0.033420220 -0.645687032 1.376582408
v -0.033430926 -0.643387736 1.381722865
v -0.284452286 -0.674173971 1.314852753
v -0.292777253 -0.678211962 1.306277764
v -0.292780312 -0.673662999 1.304231048
v -0.284455344 -0.669625007 1.312806037
v 0.960527240 -0.785359249 1.084441400
v 0.960524182 -0.780810286 1.082394703
v -0.528439152 -0.788018260 1.060610355
v -0.534440812 -0.791549715 1.052550946
v -0.534443870 -0.787000751 1.050504249
v -0.528442210 -0.783469296 1.058563658
v 0.573033625 -0.817023663 0.999091021
v 0.573030567 -0.812474700 0.997044325
v 0.890223296 -0.801880947 1.043428495
v 0.920098237 -0.797278225 1.055155976
v 0.920095178 -0.792729262 1.053109279
v 0.890220238 -0.797331984 1.041381798
v -0.532786460 -0.798298563 1.037421956
v -0.532789518 -0.793749600 1.035375259
v 0.787204315 -0.811682396 1.017419125
v 0.787201257 -0.807133433 1.015372428
v -0.536250240 -0.796638326 1.041060507
v -0.536253298 -0.792089362 1.039013810
v 0.946748902 -0.792183573 1.067968220
v 0.946745844 -0.787634610 1.065921523
v -0.320108148 -0.811930999 1.007949356
v -0.321860683 -0.815456108 1.000120829
v -0.321863742 -0.810907144 0.998074132
v -0.320111206 -0.807382036 1.005902678
v 0.386828270 -0.816314176 0.996525580
v 0.481031808 -0.816650567 0.997559506
v 0.481028749 -0.812101604 0.995512809
v 0.386825211 -0.811765213 0.994478883
v 0.821770225 -0.808839399 1.025086554
v 0.861336345 -0.805047717 1.035140647
v 0.861333287 -0.800498754 1.033093950
v 0.821767166 -0.804290436 1.023039858
v -0.536807859 -0.794494416 1.045869467
v -0.536810917 -0.789945453 1.043822770
v 0.838899430 -0.678311832 1.304813092
v 0.822587485 -0.662782025 1.329653676
v 0.822584427 -0.658233061 1.327606960
v 0.838896371 -0.673762868 1.302766376
v -0.179698607 -0.815470484 0.998189854
v -0.017929197 -0.815480884 0.996637447
v -0.017932256 -0.810931921 0.994590750
v -0.179701665 -0.810921521 0.996143157
v 0.204949211 -0.645797761 1.374736464
v 0.108076262 -0.645638627 1.376237360
v 0.108073204 -0.641089664 1.374190644
v 0.204946153 -0.641248759 1.372689748
v 0.869816512 -0.705694086 1.254073274
v 0.869813454 -0.701145123 1.252026558
v -0.276601584 -0.672973929 1.316875726
v -0.280502770 -0.673071963 1.316906237
v -0.280505829 -0.668523000 1.314859521
v -0.276604642 -0.668424966 1.314829010
v 0.167716398 -0.812787156 1.002000806
v 0.167085982 -0.815614783 0.995689308
v 0.181594457 -0.815635659 0.995671665
v 0.182249038 -0.812768803 1.002069077
v -0.435839814 -0.745855679 1.158712228
v -0.435842873 -0.741306716 1.156665512
v 0.227833034 -0.815702341 0.995615467
v 0.227829976 -0.811153377 0.993568770
v 0.202137017 -0.811116290 0.993600004
v 0.202140076 -0.815665253 0.995646701
v -0.282610127 -0.673452630 1.316319713
v -0.282613185 -0.668903667 1.314272997
v -0.190109735 -0.646291068 1.375450399
v -0.238224577 -0.647227977 1.373716704
v -0.238227635 -0.642679014 1.371669988
v -0.190112794 -0.641742105 1.373403683
v 0.809684874 -0.650048033 1.346310341
v 0.809681816 -0.645499069 1.344263625
v 0.123799141 -0.815552307 0.995741989
v 0.123796083 -0.811003344 0.993695292
v 0.307330805 -0.816008220 0.996070533
v 0.307327746 -0.811459257 0.994023836
v -0.339665932 -0.802064704 1.030232596
v -0.332972224 -0.788383021 1.060610425
v -0.332975282 -0.783834058 1.058563728
v -0.339668991 -0.797515741 1.028185899
v 0.648503822 -0.647501815 1.358537082
v 0.532083645 -0.646478648 1.364667194
v 0.532080586 -0.641929685 1.362620478
v 0.648500764 -0.642952852 1.356490366
v -0.276601584 -0.672973929 1.316875726
v -0.276604642 -0.668424966 1.314829010
v 0.399815851 -0.646025488 1.370174571
v 0.399812793 -0.641476525 1.368127855
v -0.354195854 -0.707505198 1.243521265
v -0.354198913 -0.702956235 1.241474549
v 0.753159569 -0.648926755 1.351468645
v 0.753156511 -0.644377792 1.349421929
v 0.167085982 -0.815614783 0.995689308
v 0.167082923 -0.811065819 0.993642611
v 0.809684874 -0.650048033 1.346310341
v 0.809681816 -0.645499069 1.344263625
v 0.963219593 -0.787633769 1.079217553
v 0.963216534 -0.783084806 1.077170856
v 0.167716398 -0.812787156 1.002000806
v 0.167713340 -0.808238193 0.999954128
v -0.033420220 -0.645687032 1.376582408
v -0.033423278 -0.641138069 1.374535692
v -0.112236338 -0.645939001 1.376108855
v -0.112247350 -0.643633740 1.381267627
v -0.190109735 -0.646291068 1.375450399
v -0.190121054 -0.643979766 1.380627485
v -0.112236338 -0.645939001 1.376108855
v -0.112239396 -0.641390076 1.374062139
v 0.202782116 -0.808287363 0.999909342
v 0.202785175 -0.812836326 1.001956039
v 0.202140076 -0.815665253 0.995646701
v 0.196497517 -0.815657147 0.995653563
v 0.196497517 -0.815657147 0.995653563
v 0.181594457 -0.815635659 0.995671665
v -0.321860683 -0.815456108 1.000120829
v -0.327581088 -0.815455496 1.000198522
v 0.963219593 -0.787633769 1.079217553
v 0.963216534 -0.783084806 1.077170856
v -0.033456009 -0.665998883 1.387732326
v -0.112288339 -0.666247716 1.387276935
v -0.112331622 -0.645387576 1.391956433
v -0.033463657 -0.645141496 1.392412053
v -0.233674010 -0.667221177 1.385476012
v -0.262937040 -0.668282273 1.383513982
v -0.263251944 -0.647422975 1.388187973
v -0.243303555 -0.646704235 1.389521611
v 0.753603704 -0.669172535 1.362555247
v 0.648799912 -0.667743772 1.369632555
v 0.649356306 -0.646898162 1.374299090
v 0.754300191 -0.648332278 1.367213639
v -0.190246924 -0.666593818 1.386636029
v -0.190311924 -0.645733832 1.391315297
v 0.826570032 -0.670868943 1.355943674
v 0.818205145 -0.649764253 1.361457418
v 0.399972154 -0.666265610 1.381275549
v 0.267063849 -0.666121081 1.385279375
v 0.267246459 -0.645265683 1.389958452
v 0.400293327 -0.645413041 1.385951490
v 0.108060049 -0.665952083 1.387374547
v 0.108118471 -0.645095232 1.392054426
v -0.287457256 -0.670764179 1.378995832
v -0.288620823 -0.650104850 1.383574962
v -0.281878321 -0.669814729 1.380696064
v -0.281699382 -0.648967360 1.385536033
v 0.532298676 -0.666719382 1.375766260
v 0.532733942 -0.645869795 1.380438302
v -0.309018239 -0.680257913 1.360782005
v -0.341825949 -0.695870155 1.328121451
v -0.345796724 -0.674855011 1.330674397
v -0.309112451 -0.657979870 1.366819416
v -0.404651595 -0.726584431 1.263925941
v -0.341825949 -0.695870155 1.328121451
v -0.348518899 -0.693164498 1.333463673
v -0.411399144 -0.723905844 1.269212532
v -0.488029586 -0.766815688 1.177315312
v -0.494809252 -0.764153160 1.182568829
v -0.575952027 -0.808021019 1.084000569
v -0.582748670 -0.805367055 1.089236460
v 0.648799912 -0.667743772 1.369632555
v 0.753603704 -0.669172535 1.362555247
v 0.754300191 -0.665207114 1.370583245
v 0.649356305 -0.663772998 1.377668697
v -0.112288339 -0.666247716 1.387276935
v -0.033456009 -0.665998883 1.387732326
v -0.033463658 -0.662016332 1.395781660
v -0.112331622 -0.662264859 1.395326039
v 0.108060049 -0.665952083 1.387374547
v 0.108118471 -0.661970144 1.395424033
v 0.267063849 -0.666121081 1.385279375
v 0.267246458 -0.662140519 1.393328058
v 0.532298676 -0.666719382 1.375766260
v 0.532733941 -0.662744631 1.383807908
v 0.399972154 -0.666265610 1.381275549
v 0.400293326 -0.662287953 1.389321097
v -0.190246924 -0.666593818 1.386636029
v -0.190311925 -0.662610962 1.394684903
v -0.262937040 -0.668282273 1.383513982
v -0.233674010 -0.667221177 1.385476012
v -0.233826645 -0.663237862 1.393523930
v -0.263251945 -0.664299722 1.391557579
v -0.291570723 -0.671875592 1.376640215
v -0.287457256 -0.670764179 1.378995832
v -0.290605522 -0.666980603 1.386583669
v -0.296981885 -0.668805633 1.383178120
v -0.281878321 -0.669814729 1.380696064
v -0.283142675 -0.665843649 1.388698177
v -0.309018239 -0.680257913 1.360782005
v -0.315565590 -0.677482210 1.366268717
v -0.300294558 -0.676066753 1.368711129
v -0.306273738 -0.673251438 1.374723419
v 0.826570032 -0.670868943 1.355943674
v 0.831979509 -0.667119625 1.363623850
v 0.866554298 -0.702940406 1.314247490
v 0.849144245 -0.684431333 1.340415974
v 0.838024609 -0.682641326 1.340415972
v 0.855434661 -0.701150552 1.314247488
v 0.975512883 -0.809461864 1.116060432
v 0.958003724 -0.792676422 1.150637237
v 0.946884087 -0.790886568 1.150637235
v 0.964393246 -0.807672010 1.116060430
v 0.941072678 -0.775894650 1.183569671
v 0.929953041 -0.774104796 1.183569670
v 0.911898496 -0.746415668 1.238075975
v 0.898322337 -0.733112205 1.261798456
v 0.887202701 -0.731322198 1.261798454
v 0.900778859 -0.744625814 1.238075973
v 0.883074853 -0.718690446 1.287413260
v 0.871955216 -0.716900440 1.287413258
v 0.925563972 -0.760201962 1.213043298
v 0.914444335 -0.758412108 1.213043296
v 0.851697426 -0.681622595 1.313738198
v 0.855434661 -0.701150552 1.314247488
v 0.838024609 -0.682641326 1.340415972
v 0.835148424 -0.665743014 1.338962203
v -0.575952027 -0.808021019 1.084000569
v -0.658104359 -0.845697188 0.999703306
v -0.659845578 -0.818806558 1.004214436
v -0.575462468 -0.780821451 1.091206057
v -0.404651595 -0.726584431 1.263925941
v -0.407451769 -0.703955697 1.267675220
v -0.488029586 -0.766815688 1.177315312
v -0.489236587 -0.741990739 1.182719782
v 0.830468465 -0.663631834 1.361257719
v 0.847039183 -0.681168364 1.338812935
v 0.849613465 -0.678172427 1.340486326
v 0.831982874 -0.660172261 1.363623544
v 0.938626560 -0.772412365 1.182369209
v 0.955547512 -0.789194596 1.149455968
v 0.958096100 -0.785796886 1.150932143
v 0.941165053 -0.769015115 1.183864577
v 0.864233591 -0.699445580 1.312834785
v 0.866646979 -0.696060871 1.314542396
v 0.973052388 -0.805975144 1.114887804
v 0.975605258 -0.802582329 1.116355338
v 0.989301017 -0.821328458 1.082545048
v 0.993322109 -0.819572787 1.081165264
v 0.909491836 -0.742931854 1.236803631
v 0.923133759 -0.756719065 1.211813318
v 0.925656347 -0.753322427 1.213338204
v 0.911990872 -0.739536133 1.238370881
v 0.880719887 -0.715204644 1.286054428
v 0.883167534 -0.711810834 1.287708166
v 0.895942901 -0.729627320 1.260479312
v 0.898414713 -0.726232517 1.262093324
v -0.580718700 -0.802009722 1.087295769
v -0.492773471 -0.760780839 1.180634180
v -0.494809252 -0.757420982 1.182568829
v -0.582748670 -0.798634877 1.089236460
v -0.282546057 -0.662387975 1.385953864
v -0.262954476 -0.660843743 1.388764976
v -0.263251945 -0.657350446 1.391557579
v -0.283142675 -0.658894832 1.388698177
v -0.409382328 -0.720533523 1.267258230
v -0.346521964 -0.689792177 1.331489030
v -0.348518899 -0.686432320 1.333463673
v -0.411399144 -0.717173590 1.269212532
v -0.317122363 -0.675790696 1.360756501
v -0.324680950 -0.675087938 1.357194304
v -0.233694658 -0.659781882 1.390718633
v -0.233826645 -0.656288356 1.393523930
v -0.190262831 -0.659154829 1.391876930
v -0.190311925 -0.655661303 1.394684903
v -0.295311477 -0.665350418 1.380920501
v -0.289521332 -0.663525082 1.383992985
v -0.290605522 -0.660032321 1.386583669
v -0.296981885 -0.661858192 1.383178120
v -0.306222502 -0.670692450 1.370973413
v -0.311105562 -0.668615911 1.370326974
v 0.649187766 -0.660317936 1.374865350
v 0.754079958 -0.661752052 1.367783492
v 0.754300191 -0.658259749 1.370583245
v 0.649356305 -0.656825634 1.377668697
v 0.267185588 -0.658685457 1.390520314
v 0.400192692 -0.658832738 1.386514500
v 0.400293326 -0.655340512 1.389321097
v 0.267246458 -0.655193155 1.393328058
v 0.108096448 -0.658514929 1.392615715
v 0.108118471 -0.655022703 1.395424033
v -0.112311893 -0.658808727 1.392517683
v -0.112331622 -0.655315048 1.395326039
v 0.532601802 -0.659289569 1.381002611
v 0.532733941 -0.655797267 1.383807908
v -0.033459069 -0.658561270 1.392973265
v -0.033463658 -0.655068968 1.395781660
v 0.754300191 -0.662102590 1.370583245
v 0.831980427 -0.664014948 1.363623773
v 0.830468465 -0.663631834 1.361257719
v 0.754079958 -0.661752052 1.367783492
v -0.033463658 -0.658911808 1.395781660
v 0.108118471 -0.658865467 1.395424033
v 0.108096448 -0.658514929 1.392615715
v -0.033459069 -0.658561270 1.392973265
v 0.400293326 -0.659183276 1.389321097
v 0.532733941 -0.659640107 1.383807908
v 0.532601802 -0.659289569 1.381002611
v 0.400192692 -0.658832738 1.386514500
v -0.112331622 -0.659159570 1.395326039
v -0.112311893 -0.658808727 1.392517683
v 0.649356305 -0.660668474 1.377668697
v 0.649187766 -0.660317936 1.374865350
v -0.190311925 -0.659505673 1.394684903
v -0.190262831 -0.659154829 1.391876930
v 0.267246458 -0.659035995 1.393328058
v 0.267185588 -0.658685457 1.390520314
v -0.317997790 -0.675592487 1.363847337
v -0.307563019 -0.670763720 1.373550333
v -0.306222502 -0.670692450 1.370973413
v -0.317122363 -0.675790696 1.360756501
v -0.296981885 -0.665700956 1.383178120
v -0.295311477 -0.665350418 1.380920501
v -0.290605522 -0.663875773 1.386583669
v -0.283142675 -0.662738666 1.388698177
v -0.282546057 -0.662387975 1.385953864
v -0.289521332 -0.663525082 1.383992985
v -0.494809252 -0.761105989 1.182568829
v -0.411399144 -0.720858520 1.269212532
v -0.409382328 -0.720533523 1.267258230
v -0.492773471 -0.760780839 1.180634180
v -0.233826645 -0.660132726 1.393523930
v -0.233694658 -0.659781882 1.390718633
v -0.263251945 -0.661194587 1.391557579
v -0.262954476 -0.660843743 1.388764976
v -0.348518899 -0.690117327 1.333463673
v -0.346521964 -0.689792177 1.331489030
v -0.582748670 -0.802319884 1.089236460
v -0.580718700 -0.802009722 1.087295769
v 0.898346808 -0.730025575 1.261877143
v 0.911922966 -0.743329191 1.238154662
v 0.909491836 -0.742931854 1.236803631
v 0.895942901 -0.729627320 1.260479312
v 0.883099629 -0.715603816 1.287491947
v 0.880719887 -0.715204644 1.286054428
v 0.925588442 -0.757115485 1.213121947
v 0.941097148 -0.772808173 1.183648321
v 0.938626560 -0.772412365 1.182369209
v 0.923133759 -0.756719065 1.211813318
v 0.866579074 -0.699853929 1.314326139
v 0.864233591 -0.699445580 1.312834785
v 0.975537353 -0.806375387 1.116139119
v 0.993053853 -0.822879267 1.081257353
v 0.989301017 -0.821328458 1.082545048
v 0.973052388 -0.805975144 1.114887804
v 0.958028194 -0.789589945 1.150715886
v 0.955547512 -0.789194596 1.149455968
v 0.849269656 -0.681510337 1.340434747
v 0.847039183 -0.681168364 1.338812935
v 0.831979509 -0.667119625 1.363623850
v 0.849144245 -0.684431333 1.340415974
v 0.941072678 -0.775894650 1.183569671
v 0.958003724 -0.792676422 1.150637237
v 0.866554298 -0.702940406 1.314247490
v 0.975512883 -0.809461864 1.116060432
v 0.992956583 -0.825790705 1.081290885
v 0.911898496 -0.746415668 1.238075975
v 0.925563972 -0.760201962 1.213043298
v 0.883074853 -0.718690446 1.287413260
v 0.898322337 -0.733112205 1.261798456
v -0.582748670 -0.805367055 1.089236460
v -0.494809252 -0.764153160 1.182568829
v -0.283142675 -0.665843649 1.388698177
v -0.263251945 -0.664299722 1.391557579
v -0.411399144 -0.723905844 1.269212532
v -0.348518899 -0.693164498 1.333463673
v -0.315565590 -0.677482210 1.366268717
v -0.233826645 -0.663237862 1.393523930
v -0.190311925 -0.662610962 1.394684903
v -0.296981885 -0.668805633 1.383178120
v -0.290605522 -0.666980603 1.386583669
v -0.306273738 -0.673251438 1.374723419
v 0.649356305 -0.663772998 1.377668697
v 0.754300191 -0.665207114 1.370583245
v 0.267246458 -0.662140519 1.393328058
v 0.400293326 -0.662287953 1.389321097
v 0.108118471 -0.661970144 1.395424033
v -0.112331622 -0.662264859 1.395326039
v 0.532733941 -0.662744631 1.383807908
v -0.033463658 -0.662016332 1.395781660
v 0.992956583 -0.825790705 1.081290885
v 0.993053853 -0.822879267 1.081257353
v 0.979526332 -0.821846847 1.085899148
v 0.992956583 -0.825790705 1.081290885
v -0.669059585 -0.845136511 1.000543957
v -0.658104359 -0.845697188 0.999703306
v -0.668990456 -0.842217044 1.000538623
v -0.669059585 -0.845136511 1.000543957
v -0.665315467 -0.841220795 1.000256584
v -0.668808764 -0.838885405 1.000516084
v -0.665315467 -0.841220795 1.000256584
v -0.659845578 -0.818806558 1.004214436
v -0.658104359 -0.845697188 0.999703306
v -0.665315467 -0.841220795 1.000256584
v -0.668808764 -0.838885405 1.000516084
v -0.669059585 -0.845136511 1.000543957
v -0.668990456 -0.842217044 1.000538623
v -0.665315467 -0.841220795 1.000256584
v -0.658104359 -0.845697188 0.999703306
v -0.859097001 -0.661557360 1.011365177
v -0.849394200 -0.661557360 1.021934462
v -0.874020404 -0.573578813 1.025783741
v -0.883723206 -0.573578813 1.015214456
v -0.932711182 -0.271704310 1.023395921
v -0.916125937 -0.392948684 1.020526163
v -0.906423136 -0.392948684 1.031095447
v -0.923008381 -0.271704310 1.033965206
v -0.830393117 -0.737138573 1.006986536
v -0.820690316 -0.737138573 1.017555821
v -0.899680021 -0.497953247 1.017751131
v -0.889977220 -0.497953247 1.028320416
v -0.805746572 -0.768125923 1.005397152
v -0.783764696 -0.789744337 1.004303962
v -0.774061895 -0.789744337 1.014873246
v -0.796043771 -0.768125923 1.015966437
v -0.759895544 -0.807044651 1.003531008
v -0.750192743 -0.807044651 1.014100293
v -0.947815205 -0.092688116 1.025924739
v -0.938112404 -0.092688116 1.036494024
v -0.940386771 -0.000000000 1.036870714
v -0.950089572 -0.000000000 1.026301429
v -0.817740261 -0.741987298 1.017367476
v -0.827443063 -0.741987298 1.006798191
v -0.735780770 -0.820011341 1.003022564
v -0.726077969 -0.820011341 1.013591849
v -0.704839837 -0.833052130 1.002161079
v -0.698101926 -0.832190468 1.012812224
v -0.707891140 -0.828935604 1.013093937
v -0.715162199 -0.830052294 1.002446042
v -0.717267264 -0.824519316 1.013379684
v -0.724859649 -0.825599148 1.002759567
v -0.691680596 -0.836173401 1.001834497
v -0.688284877 -0.834677421 1.012560314
v -0.942380032 -0.166705558 1.025021191
v -0.932677231 -0.166705558 1.035590476
v -0.939668410 -0.166447568 1.022531868
v -0.945099301 -0.092536189 1.023431420
v -0.935396500 -0.092533551 1.034000781
v -0.929965762 -0.166445867 1.033101229
v -0.920303182 -0.271343449 1.031481733
v -0.930005525 -0.271349031 1.020912085
v -0.723367263 -0.822514965 1.001389552
v -0.734214514 -0.816995370 1.001584778
v -0.724533583 -0.816974799 1.012174021
v -0.715803783 -0.821410434 1.012036109
v -0.691907865 -0.832408178 1.001102795
v -0.703908128 -0.829585598 1.001305763
v -0.697170064 -0.828727836 1.011956641
v -0.688493028 -0.830904780 1.011808807
v -0.713874446 -0.826802630 1.001263818
v -0.706699892 -0.825626371 1.012000437
v -0.758105078 -0.804268260 1.001887269
v -0.748513158 -0.804143384 1.012558355
v -0.803513346 -0.766022007 1.003347072
v -0.825161507 -0.739981264 1.004703720
v -0.815458706 -0.739981264 1.015273005
v -0.793850615 -0.765945920 1.013953024
v -0.947371832 -0.000000000 1.023806524
v -0.937669031 -0.000000000 1.034375808
v -0.781706892 -0.787333242 1.002414889
v -0.772090195 -0.787204161 1.013063205
v -0.881059913 -0.572840190 1.012769524
v -0.896993481 -0.497391041 1.015284825
v -0.887291903 -0.497380832 1.025855181
v -0.871359711 -0.572823176 1.023341179
v -0.913428539 -0.392492503 1.018049878
v -0.903726043 -0.392489482 1.028619411
v -0.827803388 -0.736017295 1.004609088
v -0.856474084 -0.660588257 1.008957333
v -0.846777553 -0.660557363 1.019532391
v -0.818100587 -0.736017295 1.015178373
v -0.932711182 -0.271704310 1.023395921
v -0.930005525 -0.271349031 1.020912085
v -0.913428539 -0.392492503 1.018049878
v -0.916125937 -0.392948684 1.020526163
v -0.688284877 -0.834677421 1.012560314
v -0.688493028 -0.830904780 1.011808807
v -0.697170064 -0.828727836 1.011956641
v -0.698101926 -0.832190468 1.012812224
v -0.942380032 -0.166705558 1.025021191
v -0.939668410 -0.166447568 1.022531868
v -0.706699892 -0.825626371 1.012000437
v -0.707891140 -0.828935604 1.013093937
v -0.704839837 -0.833052130 1.002161079
v -0.703908128 -0.829585598 1.001305763
v -0.691907865 -0.832408178 1.001102795
v -0.691680596 -0.836173401 1.001834497
v -0.796043771 -0.768125923 1.015966437
v -0.793850615 -0.765945920 1.013953024
v -0.815458706 -0.739981264 1.015273005
v -0.817740261 -0.741987298 1.017367476
v -0.715162199 -0.830052294 1.002446042
v -0.713874446 -0.826802630 1.001263818
v -0.932677231 -0.166705558 1.035590476
v -0.929965762 -0.166445867 1.033101229
v -0.935396500 -0.092533551 1.034000781
v -0.938112404 -0.092688116 1.036494024
v -0.750192743 -0.807044651 1.014100293
v -0.748513158 -0.804143384 1.012558355
v -0.772090195 -0.787204161 1.013063205
v -0.774061895 -0.789744337 1.014873246
v -0.830393117 -0.737138573 1.006986536
v -0.827803388 -0.736017295 1.004609088
v -0.818100587 -0.736017295 1.015178373
v -0.820690316 -0.737138573 1.017555821
v -0.827443063 -0.741987298 1.006798191
v -0.825161507 -0.739981264 1.004703720
v -0.803513346 -0.766022007 1.003347072
v -0.805746572 -0.768125923 1.005397152
v -0.947815205 -0.092688116 1.025924739
v -0.945099301 -0.092536189 1.023431420
v -0.783764696 -0.789744337 1.004303962
v -0.781706892 -0.787333242 1.002414889
v -0.758105078 -0.804268260 1.001887269
v -0.759895544 -0.807044651 1.003531008
v -0.691680596 -0.836173401 1.001834497
v -0.691907865 -0.832408178 1.001102795
v -0.688493028 -0.830904780 1.011808807
v -0.688284877 -0.834677421 1.012560314
v -0.820690316 -0.737138573 1.017555821
v -0.818100587 -0.736017295 1.015178373
v -0.846777553 -0.660557363 1.019532391
v -0.849394200 -0.661557360 1.021934462
v -0.871359711 -0.572823176 1.023341179
v -0.874020404 -0.573578813 1.025783741
v -0.859097001 -0.661557360 1.011365177
v -0.856474084 -0.660588257 1.008957333
v -0.827803388 -0.736017295 1.004609088
v -0.830393117 -0.737138573 1.006986536
v -0.717267264 -0.824519316 1.013379684
v -0.715803783 -0.821410434 1.012036109
v -0.724533583 -0.816974799 1.012174021
v -0.726077969 -0.820011341 1.013591849
v -0.883723206 -0.573578813 1.015214456
v -0.881059913 -0.572840190 1.012769524
v -0.937669031 -0.000000000 1.034375808
v -0.940386771 -0.000000000 1.036870714
v -0.735780770 -0.820011341 1.003022564
v -0.734214514 -0.816995370 1.001584778
v -0.723367263 -0.822514965 1.001389552
v -0.724859649 -0.825599148 1.002759567
v -0.887291903 -0.497380832 1.025855181
v -0.889977220 -0.497953247 1.028320416
v -0.817740261 -0.741987298 1.017367476
v -0.815458706 -0.739981264 1.015273005
v -0.825161507 -0.739981264 1.004703720
v -0.827443063 -0.741987298 1.006798191
v -0.950089572 -0.000000000 1.026301429
v -0.947371832 -0.000000000 1.023806524
v -0.903726043 -0.392489482 1.028619411
v -0.906423136 -0.392948684 1.031095447
v -0.899680021 -0.497953247 1.017751131
v -0.896993481 -0.497391041 1.015284825
v -0.920303182 -0.271343449 1.031481733
v -0.923008381 -0.271704310 1.033965206
v -0.336273422 -0.803964063 1.025895321
v -0.515732301 -0.802276220 1.028786637
v -0.519648321 -0.806847283 1.017810534
v -0.338804420 -0.809057644 1.014590398
v -0.601149146 -0.800999020 1.030248861
v -0.611608693 -0.805723328 1.019448006
v -0.338804420 -0.809057644 1.014590398
v -0.519648321 -0.806847283 1.017810534
v -0.524721636 -0.813126759 1.003654507
v -0.341982812 -0.815454043 1.000394148
v -0.611608693 -0.805723328 1.019448006
v -0.625167563 -0.811847494 1.005446619
v -0.390091577 -0.704690878 1.251169813
v -0.328611494 -0.675670868 1.313989515
v -0.339105303 -0.671885304 1.322689950
v -0.400692596 -0.700954484 1.259760207
v -0.471785548 -0.742683403 1.166308739
v -0.482442697 -0.738973238 1.174840863
v -0.558050887 -0.781532697 1.074753453
v -0.568685860 -0.777812132 1.083308996
v -0.281502697 -0.654143682 1.359839022
v -0.278553714 -0.653202185 1.361834350
v -0.284804975 -0.648037869 1.373593121
v -0.289551612 -0.649333575 1.370832329
v -0.292308194 -0.658965719 1.349756812
v -0.302569535 -0.655076768 1.358687955
v -0.275044206 -0.652582626 1.362610214
v -0.279544154 -0.647121454 1.375060044
v -0.336273422 -0.803964063 1.025895321
v -0.341982812 -0.815454043 1.000394148
v -0.327581088 -0.815455496 1.000198522
v -0.321828417 -0.803883922 1.025895266
v -0.263519432 -0.652085190 1.363122335
v -0.262161788 -0.645648109 1.377550594
v -0.261351052 -0.653186738 1.360534786
v -0.242814299 -0.644947033 1.378842249
v -0.636558669 -0.808357104 1.013172770
v -0.611608693 -0.805723328 1.019448006
v -0.643702636 -0.811572126 1.005790559
v -0.625167563 -0.811847494 1.005446619
v -0.357685787 -0.706276863 1.246344340
v -0.311642368 -0.684316781 1.293390676
v -0.328611494 -0.675670868 1.313989515
v -0.390091577 -0.704690878 1.251169813
v -0.439348252 -0.744635985 1.161515995
v -0.471785548 -0.742683403 1.166308739
v -0.287756549 -0.672859224 1.317868533
v -0.284570509 -0.671640677 1.320418421
v -0.278553714 -0.653202185 1.361834350
v -0.281502697 -0.654143682 1.359839022
v -0.296265809 -0.676983091 1.309102178
v -0.292308194 -0.658965719 1.349756812
v -0.281436468 -0.671236763 1.321139303
v -0.275044206 -0.652582626 1.362610214
v -0.275653970 -0.671065470 1.321139266
v -0.266404487 -0.652209683 1.362994133
v -0.328501031 -0.788322610 1.060610445
v -0.332972224 -0.788383021 1.060610425
v -0.266404487 -0.652209683 1.362994133
v -0.263519432 -0.652085190 1.363122335
v -2.004645684 -0.900449768 0.440935455
v -2.009493334 -0.877458719 0.411169711
v -2.006600823 -0.882748981 0.410826400
v -2.001795729 -0.905573096 0.440499998
v -1.828945335 -0.984696700 0.657840568
v -1.882564244 -0.978739544 0.627723914
v -1.882564244 -0.963528081 0.627723914
v -1.828945335 -0.969485237 0.657840568
v 1.032764440 -0.943588180 0.533712542
v 1.021384811 -0.932097129 0.500734087
v 1.021384811 -0.916885666 0.500734087
v 1.032764440 -0.928376717 0.533712542
v -1.175468970 -0.914125333 0.436028978
v -1.179320761 -0.933116855 0.458655838
v -1.179320761 -0.917905392 0.458655838
v -1.175468970 -0.898913870 0.436028978
v -1.647076133 -0.993090415 0.696272370
v -1.710775610 -0.991265461 0.689010509
v -1.710775610 -0.976053998 0.689010509
v -1.647076133 -0.977878952 0.696272370
v 1.009811257 -0.902917833 0.448860825
v 1.006883383 -0.886504034 0.425597428
v 1.006883383 -0.871292571 0.425597428
v 1.009811257 -0.887706370 0.448860825
v -1.186457239 -0.951560011 0.485624772
v -1.186457239 -0.936348548 0.485624772
v -1.577587810 -0.994452267 0.698496006
v -1.577587810 -0.979240804 0.698496006
v 1.014213471 -0.918382870 0.473009437
v 1.014213471 -0.903171407 0.473009437
v 1.733157470 -0.956205250 0.601375854
v 1.715788407 -0.958134126 0.619378885
v 1.715788407 -0.942922663 0.619378885
v 1.733157470 -0.940993787 0.601375854
v -1.246037227 -0.984308921 0.596315376
v -1.286836508 -0.989402655 0.631112974
v -1.286836508 -0.974191192 0.631112974
v -1.246037227 -0.969097458 0.596315376
v 1.697587046 -0.959924438 0.636434530
v 1.697587046 -0.944712975 0.636434530
v -1.219435647 -0.976908014 0.558200293
v -1.219435647 -0.961696551 0.558200293
v 1.099323187 -0.967505967 0.626468832
v 1.071960437 -0.961239796 0.599485392
v 1.071960437 -0.946028333 0.599485392
v 1.099323187 -0.952294504 0.626468832
v -1.959432661 -0.961385395 0.543133200
v -1.967862390 -0.953953135 0.521717696
v -1.967862390 -0.938741673 0.521717696
v -1.959432661 -0.946173932 0.543133200
v -1.172059786 -0.897698764 0.413898369
v -1.172059786 -0.882487301 0.413898369
v 1.049429054 -0.953180178 0.568110756
v 1.049429054 -0.937968715 0.568110756
v -1.975829858 -0.940475244 0.496652019
v -1.975829858 -0.925263782 0.496652019
v 1.789900889 -0.890517632 0.465592082
v 1.786777245 -0.902777816 0.483284533
v 1.786777245 -0.887566353 0.483284533
v 1.789900889 -0.875306169 0.465592082
v -1.199842990 -0.966215156 0.519854595
v -1.199842990 -0.951003693 0.519854595
v 1.677197423 -0.961494976 0.651910796
v 1.677197423 -0.946283513 0.651910796
v 1.651159124 -0.962994398 0.666438212
v 1.651159124 -0.947782935 0.666438212
v 1.777856263 -0.927068394 0.520591294
v 1.770099157 -0.937264657 0.540473764
v 1.770099157 -0.922053194 0.540473764
v 1.777856263 -0.911856931 0.520591294
v -1.924217224 -0.972329227 0.594615952
v -1.947666017 -0.966845955 0.566474692
v -1.947666017 -0.951634493 0.566474692
v -1.924217224 -0.957117765 0.594615952
v 1.759734427 -0.945435463 0.560806298
v 1.759734427 -0.930224000 0.560806298
v 1.234362542 -0.975502574 0.694461522
v 1.198295072 -0.975335182 0.682283527
v 1.198295072 -0.960123719 0.682283527
v 1.234362542 -0.960291111 0.694461522
v 1.163429708 -0.974172840 0.667059250
v 1.163429708 -0.958961377 0.667059250
v 1.130158282 -0.971709363 0.648736433
v 1.130158282 -0.956497900 0.648736433
v 1.310664176 -0.974006594 0.708789981
v 1.271560239 -0.974956044 0.703408790
v 1.271560239 -0.959744581 0.703408790
v 1.310664176 -0.958795131 0.708789981
v -1.984208389 -0.918835342 0.464712006
v -1.984208389 -0.903623879 0.464712006
v -1.990395944 -0.899768039 0.438758093
v -1.995030740 -0.877611506 0.409453194
v -1.995030740 -0.862400043 0.409453194
v -1.990395944 -0.884556576 0.438758093
v 1.616609729 -0.964577553 0.680465830
v 1.616609729 -0.949366090 0.680465830
v 1.783099653 -0.915330575 0.501583561
v 1.783099653 -0.900119112 0.501583561
v 1.575181717 -0.966197491 0.692454282
v 1.575181717 -0.950986028 0.692454282
v 1.529717319 -0.967765047 0.700847029
v 1.529717319 -0.952553584 0.700847029
v 1.483396765 -0.969225545 0.706009144
v 1.483396765 -0.954014082 0.706009144
v -1.500902142 -0.995317217 0.693927842
v -1.500902142 -0.980105754 0.693927842
v 1.395279004 -0.971768245 0.710159269
v 1.352251550 -0.972922328 0.710581581
v 1.352251550 -0.957710865 0.710581581
v 1.395279004 -0.956556782 0.710159269
v -1.421914882 -0.995040702 0.681329072
v -1.421914882 -0.979829239 0.681329072
v 1.747068261 -0.951432459 0.581121721
v 1.747068261 -0.936220996 0.581121721
v -1.771195828 -0.988727350 0.677459821
v -1.771195828 -0.973515887 0.677459821
v 1.438738361 -0.970548932 0.708802753
v 1.438738361 -0.955337470 0.708802753
v -1.347587236 -0.993017233 0.660028698
v -1.347587236 -0.977805770 0.660028698
v 1.725471632 -0.961672386 0.627234483
v 1.706703477 -0.963518446 0.644821384
v 1.704880129 -0.968059379 0.643144017
v 1.723535110 -0.966224408 0.625663361
v -1.416280966 -0.999489490 0.691965921
v -1.498010130 -0.999775487 0.705002052
v -1.498588471 -1.004143523 0.702787212
v -1.417407749 -1.003859361 0.689838553
v -1.500323724 -1.001468530 0.696142682
v -1.420788099 -1.001190103 0.683456444
v 1.741337298 -0.964247356 0.607211634
v 1.717725236 -0.964101452 0.620949997
v 1.735202580 -0.962160494 0.602834804
v -1.892958030 -0.982624595 0.636521599
v -1.936058049 -0.976008881 0.602316294
v -1.933689854 -0.980532609 0.600776230
v -1.890879273 -0.987107259 0.634762066
v -1.926585420 -0.978324848 0.596156036
v -1.884643002 -0.984776228 0.629483447
v 1.770787381 -0.948578145 0.566837173
v 1.757726630 -0.954761881 0.587785499
v 1.755594956 -0.959355655 0.586452743
v 1.768576790 -0.953209313 0.565630994
v -1.577357791 -0.998880560 0.709728770
v -1.649258279 -0.997471374 0.707428000
v -1.648821789 -1.001854856 0.705196877
v -1.577403825 -1.003254560 0.707482220
v -1.647512547 -0.999226281 0.698503498
v -1.577541776 -1.000597615 0.700742557
v 1.792524105 -0.922354103 0.504932389
v 1.787150105 -0.934384496 0.524413756
v 1.780179724 -0.932842175 0.521546919
v 1.785455536 -0.921031174 0.502420754
v -1.157525617 -0.898702966 0.415414845
v -1.161279833 -0.915765000 0.438150560
v -1.164117630 -0.920696772 0.437726228
v -1.160432390 -0.903761831 0.415111527
v -1.172631173 -0.919712987 0.436453271
v -1.169153014 -0.903159248 0.414201649
v 1.267405782 -0.979018429 0.713882016
v 1.229048803 -0.979582012 0.704656001
v 1.230111734 -0.984025829 0.702617109
v 1.268236551 -0.983465611 0.711787373
v -1.276513383 -0.993655604 0.640006651
v -1.339373150 -0.997395668 0.669926118
v -1.341015952 -1.001779686 0.667946638
v -1.278578069 -0.998064703 0.638227914
v -1.345944357 -0.999152640 0.662008178
v -1.284771822 -0.995512980 0.632891712
v 1.308314714 -0.982492532 0.717302673
v 1.270729470 -0.981028210 0.705503433
v 1.310076581 -0.980072796 0.710918156
v 1.792293172 -0.896063150 0.466204759
v 1.799469716 -0.896920683 0.468042809
v 1.796293461 -0.909488506 0.486177255
v 1.789156375 -0.908400264 0.484007708
v 1.652693416 -0.968992006 0.668302529
v 1.617928375 -0.970585026 0.682417542
v 1.576242506 -0.972215058 0.694480667
v 1.530494558 -0.973792326 0.702925724
v 1.483885254 -0.975261923 0.708119999
v 1.395219052 -0.977820529 0.712295976
v 1.351923341 -0.978981724 0.712720921
v 1.438949111 -0.976593570 0.710931015
v 1.047214180 -0.959116610 0.569362453
v 1.030445873 -0.949464889 0.534749912
v 1.018994974 -0.937902263 0.501566002
v 1.007349539 -0.908541121 0.449369540
v 1.004403312 -0.892025082 0.425961195
v 1.011779282 -0.924102510 0.473668607
v 1.097419087 -0.973531716 0.628084114
v 1.069885962 -0.967226470 0.600932565
v 1.699410393 -0.965902929 0.638111897
v 1.678893831 -0.967483255 0.653684600
v 1.772374288 -0.943101908 0.541553271
v 1.761945018 -0.951323643 0.562012458
v 1.233299917 -0.981578105 0.696500419
v 1.197007625 -0.981409642 0.684246556
v 1.161925086 -0.980240112 0.668927427
v 1.128446274 -0.977761265 0.650490460
v 1.749199934 -0.957358033 0.582454477
v 1.801861693 -0.891946853 0.468655505
v 1.798672591 -0.904591605 0.486900451
v -1.165265446 -0.935415845 0.461562881
v -1.172649534 -0.954499207 0.489467978
v -1.175411014 -0.959170981 0.488699321
v -1.168076478 -0.940215706 0.460981480
v -1.969791806 -0.969380320 0.548047993
v -1.978420777 -0.961829150 0.526133486
v -1.970501977 -0.959866856 0.522821653
v -1.962022466 -0.967328863 0.544361898
v 0.994483334 -0.887810904 0.427416377
v 0.992608297 -0.871271542 0.403073150
v 0.995088368 -0.876273360 0.402707165
v 0.996963405 -0.892809204 0.427052572
v -1.960271923 -0.970379016 0.573302111
v -1.957750711 -0.974932109 0.571936628
v -1.950187229 -0.972812288 0.567840176
v 1.004403312 -0.892025082 0.425961195
v 1.002528275 -0.875499790 0.401609136
v 1.005008346 -0.869982183 0.401243151
v 1.006883383 -0.886504034 0.425597428
v 1.001185166 -0.846913900 0.351347899
v 1.003667990 -0.841545409 0.351241071
v 1.004080311 -0.854965872 0.375881498
v 1.001600240 -0.860474226 0.376252338
v 1.001803355 -0.816708990 0.308754067
v 1.004279144 -0.811321152 0.308635960
v 1.002325192 -0.780586918 0.269393496
v 1.004792110 -0.775258879 0.269348341
v 0.993736695 -0.847240350 0.351668383
v 0.994375378 -0.817093710 0.309108389
v -1.998245237 -0.920351663 0.467350233
v -1.995437875 -0.925308058 0.466822592
v 1.796564171 -0.881553451 0.442372905
v 1.792293172 -0.896063150 0.466204759
v 1.789900889 -0.890517632 0.465592082
v 1.794172194 -0.876015044 0.441756328
v 1.801708150 -0.868804471 0.416588413
v 1.799316173 -0.863258952 0.415975736
v 1.005008346 -0.869982183 0.401243151
v 1.005008346 -0.854770797 0.401243151
v 1.006883383 -0.871292571 0.425597428
v -1.170153384 -0.869002298 0.364111016
v -1.170107660 -0.883284652 0.390623885
v -1.170107660 -0.868073190 0.390623885
v -1.170153384 -0.853790912 0.364111016
v 1.794172194 -0.876015044 0.441756328
v 1.789900889 -0.875306169 0.465592082
v 1.794172194 -0.860803505 0.441756328
v -1.169180065 -0.825041988 0.294789206
v -1.172223419 -0.855918916 0.338237933
v -1.172223419 -0.840707529 0.338237933
v -1.169180065 -0.809830525 0.294789244
v 1.806531876 -0.846530174 0.381317604
v 1.799316173 -0.863258952 0.415975736
v 1.799316173 -0.848047413 0.415975736
v 1.806531876 -0.831318711 0.381317604
v 1.003667990 -0.841545409 0.351241071
v 1.004279144 -0.811321152 0.308635960
v 1.004279144 -0.796109689 0.308635998
v 1.003667990 -0.826333947 0.351241071
v -1.166136863 -0.789527775 0.256163320
v -1.166136863 -0.774316388 0.256163320
v 1.004080311 -0.854965872 0.375881498
v 1.004080311 -0.839754409 0.375881498
v 1.004792110 -0.775258879 0.269348341
v 1.004792110 -0.760047416 0.269348341
v -1.995030740 -0.877611506 0.409453194
v -1.995776396 -0.871311689 0.399410406
v -1.995776396 -0.856100149 0.399410406
v -1.995030740 -0.862400043 0.409453194
v -1.996366397 -0.863665313 0.384958595
v -1.996366397 -0.848453774 0.384958595
v -1.996540018 -0.851124714 0.363430950
v -1.996540018 -0.835913174 0.363430950
v -1.172059786 -0.897698764 0.413898369
v -1.172059786 -0.882487301 0.413898369
v -1.996709663 -0.836523939 0.337307963
v -1.996709663 -0.821312476 0.337307963
v 1.808945876 -0.851890177 0.381606967
v 1.806531876 -0.846530174 0.381317604
v 0.994924132 -0.780791857 0.269528999
v -1.163229938 -0.794846713 0.256239408
v -1.166273139 -0.830529542 0.295071419
v -1.169180065 -0.825041988 0.294789206
v -1.166136863 -0.789527775 0.256163320
v -2.010274166 -0.872021023 0.401379312
v -2.010855297 -0.864067774 0.387104757
v -2.007957509 -0.869247002 0.386675532
v -2.007374620 -0.877138846 0.400985530
v -1.993245862 -0.905164059 0.439193588
v -1.987015789 -0.924398296 0.465239648
v -1.169316647 -0.861255595 0.338341129
v -1.172223419 -0.855918916 0.338237933
v 0.991253871 -0.842089416 0.351775211
v 0.991899284 -0.811962276 0.309226496
v -1.167246459 -0.874434871 0.364427334
v -1.167192017 -0.888636702 0.390988647
v -1.170107660 -0.883284652 0.390623885
v -1.170153384 -0.869002298 0.364111016
v -1.986591387 -0.948091873 0.500477212
v -1.978520221 -0.946324195 0.497608312
v -1.989281750 -0.943421476 0.501433506
v 0.994159416 -0.861220419 0.377364897
v 0.991679345 -0.856209425 0.377735776
v -1.169153014 -0.903159248 0.414201649
v -1.972381611 -0.964804439 0.549276710
v -1.999439603 -0.856543827 0.363816052
v -1.999611388 -0.841931047 0.337671156
v -1.996709663 -0.836523939 0.337307963
v -1.996540018 -0.851124714 0.363430950
v -1.999264185 -0.869005510 0.385387820
v -1.996366397 -0.863665313 0.384958595
v -1.981060364 -0.957223599 0.527237442
v -1.997923289 -0.882840592 0.409796505
v -1.998675981 -0.876713214 0.399804187
v -1.995776396 -0.871311689 0.399410406
v -1.183695759 -0.957407509 0.486393409
v -1.176509728 -0.938836266 0.459237239
v 1.307727425 -0.978039386 0.719430844
v -1.197174497 -0.972164435 0.520860901
v -1.189168867 -0.974233251 0.523879779
v -1.186500375 -0.969663182 0.524886085
v -1.216903118 -0.982931546 0.559472810
v -1.209305531 -0.985223042 0.563290359
v -1.206773002 -0.980727149 0.564562894
v -1.243689449 -0.990383840 0.597852517
v -1.236645963 -0.992829500 0.602463957
v 1.794880294 -0.917535354 0.505769601
v -1.234298032 -0.988384994 0.604001116
v 1.789473259 -0.929639005 0.525369382
v -1.711654325 -0.997388633 0.691191205
v -1.714290396 -0.999979279 0.697733293
v -1.715169035 -0.995583103 0.699913993
v -1.830647096 -0.990774295 0.659805901
v -1.835752608 -0.993227984 0.665701908
v -1.837454445 -0.988786232 0.667667241
v -1.772494364 -0.994832857 0.679560457
v -1.776389893 -0.997370433 0.685862377
v 1.743382408 -0.959683329 0.608670584
v -1.777688351 -0.992956669 0.687963018
v -1.997923289 -0.882840592 0.409796505
v -2.009493334 -0.877458719 0.411169711
v -2.006600823 -0.882748981 0.410826400
v 0.992457214 -0.775600547 0.269574154
v -2.011037865 -0.851922065 0.365356421
v -2.008138280 -0.857022223 0.364971319
v -2.011218253 -0.837260956 0.339123891
v -2.008316527 -0.842373196 0.338760736
v -1.155529444 -0.883746836 0.392447541
v -1.157525617 -0.898702966 0.415414845
v -1.160432390 -0.903761831 0.415111527
v -1.158445087 -0.888914058 0.392082817
v 1.803740103 -0.882389496 0.444222751
v 1.799469716 -0.896920683 0.468042809
v -1.157689556 -0.856303712 0.338754068
v -1.155618604 -0.869866790 0.365692530
v -1.158525529 -0.874953566 0.365376212
v -1.160596329 -0.861486457 0.338650834
v 1.806132081 -0.877408478 0.444839366
v 1.801861693 -0.891946853 0.468655505
v 1.808884694 -0.869662004 0.418426444
v -1.154645895 -0.826181695 0.296200269
v -1.157552668 -0.831213412 0.295918056
v 1.811276978 -0.864688174 0.419039121
v -1.151602847 -0.789824248 0.256543874
v -1.154509620 -0.795024658 0.256467748
v 1.816187267 -0.852191009 0.382475130
v 1.818600962 -0.847031587 0.382764493
v 1.121598243 -0.975670426 0.657506531
v 1.089802993 -0.971336190 0.634545243
v 1.091706787 -0.975829789 0.632929961
v 1.123310251 -0.980137872 0.655752513
v 1.155906294 -0.978210908 0.676400110
v 1.157410916 -0.982662983 0.674531942
v 1.191857836 -0.979409343 0.692098692
v 1.193145283 -0.983854154 0.690135658
v 1.781474814 -0.940152771 0.545871296
v 1.779199682 -0.944834792 0.544791790
v 1.685679154 -0.965137924 0.660779782
v 1.658829968 -0.966684069 0.675759785
v 1.657295677 -0.971205809 0.673895469
v 1.683982747 -0.969668994 0.659005987
v 1.061588063 -0.964874792 0.606721246
v 1.038354380 -0.956564123 0.574369259
v 1.040569254 -0.961146962 0.573117562
v 1.063662538 -0.969407467 0.605274074
v 1.002041608 -0.920682778 0.476305325
v 0.997502667 -0.904735980 0.451404440
v 0.999964385 -0.909631964 0.450895725
v 1.004476103 -0.925482485 0.475646155
v 1.009436546 -0.934824351 0.504893587
v 1.011826077 -0.939538565 0.504061690
v 0.994483334 -0.887810904 0.427416377
v 0.996963405 -0.892809204 0.427052572
v 1.021170383 -0.946673357 0.538899472
v 1.023489256 -0.951315996 0.537862082
v 1.439791196 -0.974473825 0.719444052
v 1.394978629 -0.975731372 0.720842807
v 1.395038887 -0.980198359 0.718706101
v 1.439580751 -0.978948536 0.717315790
v 1.485840435 -0.973109373 0.716563401
v 1.485351639 -0.977592266 0.714452550
v 1.350610505 -0.976921167 0.721278272
v 1.350938714 -0.981381042 0.719138932
v 1.533604434 -0.971603299 0.711240504
v 1.532826888 -0.976095292 0.709161809
v 1.580485359 -0.969987032 0.702586206
v 1.579424569 -0.974488813 0.700559821
v 1.623203571 -0.968316548 0.690224385
v 1.621884925 -0.972828423 0.688272673
v 0.861373125 -0.945343316 0.583101975
v 0.803669879 -0.945776595 0.583104164
v 0.798881337 -0.943747237 0.571844013
v 0.855963648 -0.943356782 0.571845571
v -0.435379831 -0.954385878 0.583109735
v -0.596811702 -0.955477715 0.583111086
v -0.594787390 -0.953459522 0.571856652
v -0.433651610 -0.952357515 0.571854021
v 0.730819175 -0.946354325 0.583099831
v 0.648487737 -0.946990401 0.583097256
v 0.645275698 -0.944853221 0.571826113
v 0.726780038 -0.944265627 0.571833372
v -0.746759175 -0.956489029 0.583112495
v -0.839015026 -0.957141317 0.583113550
v -0.837557508 -0.955156924 0.571862309
v -0.745001437 -0.954485136 0.571859533
v 0.260838415 -0.949632205 0.583103464
v 0.201901557 -0.950048966 0.583104066
v 0.202193062 -0.947976862 0.571842635
v 0.260627972 -0.947555972 0.571841191
v 2.195600747 -0.918301965 0.611599234
v 2.195346868 -0.916646621 0.601735185
v 2.245938722 -0.912755146 0.602522144
v 2.246571279 -0.914520682 0.612580360
v 2.097830960 -0.924505430 0.609725553
v 2.051150081 -0.927248022 0.608832033
v 2.051719018 -0.925969216 0.599167418
v 2.098152747 -0.923108631 0.599998500
v 2.297597178 -0.908604515 0.603546944
v 2.298648484 -0.910415168 0.613586511
v 1.927849147 -0.933191719 0.596923944
v 1.966623042 -0.930920258 0.597634030
v 1.965429804 -0.932028918 0.607184419
v 1.926208408 -0.934303514 0.606616222
v 2.397334685 -0.902304697 0.615498953
v 2.395593315 -0.900454509 0.605478857
v 2.443849779 -0.896253101 0.606417332
v 2.445901617 -0.898116901 0.616442943
v 0.198793516 -0.950070607 0.583104486
v 0.199085327 -0.947999727 0.571842940
v 0.166219188 -0.948232272 0.571844120
v 0.165927377 -0.950300246 0.583105092
v 0.071419795 -0.950951540 0.583105822
v 0.071959980 -0.948890677 0.571845787
v 2.488334443 -0.891996406 0.607231810
v 2.490708678 -0.893830536 0.617313751
v -1.169510155 -0.960849953 0.583110591
v -1.163313800 -0.958739614 0.571858299
v -1.159777680 -0.958717667 0.571869005
v -1.165971283 -0.960781283 0.583123171
v 2.518709193 -0.888260165 0.607663057
v 2.521405213 -0.889954431 0.617921500
v 2.518226514 -0.890364462 0.617852400
v 2.515529270 -0.888640679 0.607614001
v -0.842147385 -0.957163188 0.583114353
v -0.840690020 -0.955180247 0.571863035
v 0.169327230 -0.948210172 0.571843777
v 0.169035113 -0.950279064 0.583104672
v -0.250998281 -0.953139343 0.583108332
v -0.249696762 -0.951099203 0.571851126
v -0.080005992 -0.949935179 0.571848324
v -0.080907574 -0.951985642 0.583106983
v 1.880744930 -0.937322315 0.605644216
v 1.832358467 -0.941027892 0.604631632
v 1.835525545 -0.939637746 0.595182174
v 1.883011192 -0.936132750 0.596084641
v 0.970265303 -0.942445873 0.571737365
v 0.975650004 -0.945048831 0.583053435
v 0.972222624 -0.945026655 0.583074253
v 0.966844041 -0.942495425 0.571753901
v 0.913090311 -0.942864316 0.571813883
v 0.918872043 -0.944978096 0.583083746
v 0.337747222 -0.949087740 0.583102425
v 0.337030242 -0.947004777 0.571839044
v 0.407781083 -0.946494953 0.571836111
v 0.409007658 -0.948587245 0.583100945
v 0.562112574 -0.945423916 0.571827017
v 0.564557467 -0.947556431 0.583097032
v 0.483836178 -0.948078032 0.583098873
v 0.482047703 -0.945970446 0.571832108
v -0.949424363 -0.956163191 0.571891197
v -0.874404668 -0.955458674 0.571873047
v -0.875859891 -0.957417985 0.583121134
v -0.952775886 -0.958035632 0.583127851
v 1.801137655 -0.943635897 0.603969532
v 1.797770839 -0.943926253 0.603892851
v 1.801924378 -0.942340039 0.594534985
v 1.805295782 -0.942078359 0.594603139
v 2.007643621 -0.928583644 0.598375469
v 2.006796333 -0.929763727 0.607981815
v 2.351089073 -0.906195102 0.614602432
v 2.349631253 -0.904356002 0.604588157
v 2.146021966 -0.921572428 0.610648122
v 2.146078555 -0.920043031 0.600854052
v -0.871272309 -0.955424875 0.571868823
v -0.872727380 -0.957395733 0.583116164
v -1.108206247 -0.958154008 0.571902278
v -1.114188793 -0.959965579 0.583129622
v -1.035239310 -0.957185135 0.571908350
v -1.040147453 -0.958988906 0.583135962
v 1.879772844 -0.935879558 0.609365287
v 1.831028502 -0.939666193 0.608356689
v 0.565302283 -0.946353560 0.586940351
v 0.484377890 -0.946867208 0.586940395
v 0.409375018 -0.947371527 0.586940402
v 0.337956443 -0.947868963 0.586940428
v -0.081200148 -0.950756083 0.586940341
v -0.251415195 -0.951906419 0.586940275
v -0.435929344 -0.953149131 0.586940321
v 0.805141158 -0.944540918 0.586940351
v 0.732055845 -0.945137612 0.586940473
v -1.041704075 -0.957679283 0.586940108
v -1.116087082 -0.958659550 0.586939981
v 0.920658990 -0.943771937 0.586940504
v 0.863040167 -0.944094946 0.586940476
v 0.649468386 -0.945788906 0.586940498
v 0.260890720 -0.948411211 0.586940397
v 0.071239325 -0.949725346 0.586940366
v -0.597453285 -0.954237680 0.586940276
v -0.747318324 -0.955244406 0.586940194
v -0.953838971 -0.956748339 0.586940141
v 1.925491426 -0.932825658 0.610339760
v 0.561342982 -0.942900716 0.568692689
v 0.644268438 -0.942328798 0.568692741
v -0.594171195 -0.950965381 0.568692482
v -0.433127485 -0.949860850 0.568692527
v -0.744468441 -0.951994819 0.568692476
v 0.797382222 -0.941252408 0.568692785
v 0.854269076 -0.940874723 0.568692737
v -1.033728723 -0.954747887 0.568692525
v -0.948398596 -0.953707591 0.568692462
v 0.260549055 -0.945047072 0.568692621
v 0.336794409 -0.944494271 0.568692653
v 0.481480603 -0.943453822 0.568692733
v -0.249305236 -0.948599480 0.568692538
v -0.079738959 -0.947432856 0.568692566
v 0.725515227 -0.941754585 0.568692716
v 0.407387722 -0.943982229 0.568692588
v 0.072114755 -0.946385601 0.568692590
v 0.911285623 -0.940349452 0.568692593
v -1.106357817 -0.955715154 0.568692398
v 2.297073207 -0.906116644 0.600400324
v 2.348960766 -0.901859490 0.601455024
v 2.394819747 -0.897956850 0.602355464
v 2.245565855 -0.910280428 0.599357630
v 2.442958141 -0.893753454 0.603301347
v 2.487303324 -0.889514423 0.604118377
v 2.195554558 -0.917024765 0.615417957
v 2.145877896 -0.920250493 0.614448426
v 2.097597879 -0.923136007 0.613506137
v 2.351438387 -0.904982290 0.618460260
v 2.298860458 -0.909188438 0.617434198
v 2.491319825 -0.892620782 0.621190181
v 2.446441494 -0.896916171 0.620314355
v 2.006376972 -0.928316000 0.611725847
v 1.964879832 -0.930555955 0.610915995
v 2.397776987 -0.901097467 0.619364648
v 2.246643160 -0.913274224 0.616415009
v 2.050830130 -0.925836082 0.612593443
v 2.195115318 -0.914193927 0.598546773
v 2.007840608 -0.926270966 0.595075565
v 2.051808030 -0.923626332 0.595890531
v 1.966950639 -0.928629526 0.594317666
v 2.145969050 -0.917625512 0.597635837
v 2.098146324 -0.920730036 0.596749429
v 1.883710128 -0.933814795 0.592774758
v 1.928324791 -0.930905576 0.593601691
v 1.836551771 -0.937244622 0.591900699
v 2.525721784 -0.888243494 0.621861697
v 2.518906789 -0.889110662 0.621728667
v 1.799424729 -0.942341798 0.607696673
v 1.792207809 -0.942952715 0.607545950
v 1.799467249 -0.940197659 0.591213325
v 1.806692734 -0.939622223 0.591347244
v 2.514377329 -0.886207943 0.604495694
v 2.521189876 -0.885375798 0.604590642
v -1.165452203 -0.956279655 0.568692446
v -1.157871592 -0.956207238 0.568692447
v -1.167928300 -0.959553406 0.586940126
v -1.175513500 -0.959684093 0.586940143
v 0.195609313 -0.945517285 0.568692610
v 0.202270144 -0.945468956 0.568692612
v 0.201797863 -0.948826519 0.586940406
v 0.195137032 -0.948873318 0.586940405
v 0.172484821 -0.949030770 0.586940363
v 0.165823990 -0.949076422 0.586940362
v 0.166296576 -0.945725283 0.568692606
v 0.172957408 -0.945678560 0.568692607
v 0.981220068 -0.943972059 0.586940457
v 0.973874678 -0.943947818 0.586940455
v 0.965183116 -0.939867768 0.568692678
v 0.972518718 -0.939802233 0.568692699
v -0.843831402 -0.952721129 0.568692441
v -0.837117959 -0.952672112 0.568692442
v -0.839481340 -0.955890576 0.586940217
v -0.846194783 -0.955937758 0.586940216
v -0.869613986 -0.956107139 0.586940212
v -0.876327123 -0.956158221 0.586940211
v -0.873969860 -0.952979674 0.568692436
v -0.867256264 -0.952914063 0.568692418
v -2.449468677 -0.515894187 0.776936226
v -2.449912031 -0.514069272 0.784273265
v -2.439956877 -0.514069272 0.784273269
v -2.439513523 -0.515894187 0.776936229
v -2.449911749 -0.514069272 0.579784497
v -2.449468397 -0.515894187 0.587121533
v -2.439513244 -0.515894187 0.587121534
v -2.439956596 -0.514069272 0.579784499
v -2.449468547 -0.515894187 0.686285686
v -2.439513413 -0.515894187 0.686285687
v -2.451095100 -0.509198447 0.573954702
v -2.441139947 -0.509198447 0.573954703
v -2.452794738 -0.502202563 0.570216338
v -2.442839566 -0.502202563 0.570216340
v -2.453416591 -0.499642887 0.569809155
v -2.443461438 -0.499642887 0.569809157
v -2.456033723 -0.488870921 0.677772108
v -2.459983898 -0.472611591 0.677772107
v -2.450028745 -0.472611591 0.677772109
v -2.446078579 -0.488870921 0.677772109
v -2.451095403 -0.509198409 0.790103083
v -2.441140250 -0.509198409 0.790103087
v -2.449468546 -0.515894187 0.677772109
v -2.439513373 -0.515894187 0.677772110
v -2.452795042 -0.502202525 0.793841441
v -2.442839870 -0.502202525 0.793841445
v -2.453418559 -0.499635355 0.677772108
v -2.453416591 -0.499642887 0.569809155
v -2.443461438 -0.499642887 0.569809157
v -2.443463405 -0.499635355 0.677772110
v -2.453416895 -0.499642849 0.794248629
v -2.443461742 -0.499642849 0.794248633
v -2.459983766 -0.472611591 0.568853739
v -2.456031755 -0.488878529 0.568853740
v -2.446076592 -0.488878529 0.568853742
v -2.450028612 -0.472611591 0.568853741
v -2.459983898 -0.472611591 0.677772107
v -2.459983766 -0.472611591 0.568853739
v -2.450028612 -0.472611591 0.568853741
v -2.450028745 -0.472611591 0.677772109
v -2.456031755 -0.488878529 0.568853740
v -2.456033723 -0.488870921 0.677772108
v -2.446078579 -0.488870921 0.677772109
v -2.446076592 -0.488878529 0.568853742
v -2.449468546 -0.515894187 0.677772109
v -2.453418559 -0.499635355 0.677772108
v -2.443463405 -0.499635355 0.677772110
v -2.439513373 -0.515894187 0.677772110
v -2.453418579 -0.499635355 0.686285695
v -2.449468547 -0.515894187 0.686285686
v -2.439513413 -0.515894187 0.686285687
v -2.443463426 -0.499635355 0.686285687
v -2.453416895 -0.499642849 0.794248629
v -2.453418579 -0.499635355 0.686285695
v -2.443463426 -0.499635355 0.686285687
v -2.443461742 -0.499642849 0.794248633
v -2.460401827 -0.470890828 0.567689505
v -2.455613685 -0.490599407 0.567689506
v -2.456031755 -0.488878529 0.568853740
v -2.459983766 -0.472611591 0.568853739
v -2.453834613 -0.497922200 0.568339481
v -2.452608553 -0.502968829 0.569142281
v -2.452794738 -0.502202563 0.570216338
v -2.453416591 -0.499642887 0.569809155
v -2.450771556 -0.510530170 0.573182777
v -2.451095100 -0.509198447 0.573954702
v -2.449511678 -0.515716051 0.579389626
v -2.449911749 -0.514069272 0.579784497
v -2.449050336 -0.517614951 0.587024263
v -2.449468397 -0.515894187 0.587121533
v -2.449050616 -0.517614951 0.777033501
v -2.449511979 -0.515716051 0.784668140
v -2.449912031 -0.514069272 0.784273265
v -2.449468677 -0.515894187 0.776936226
v -2.450771878 -0.510530132 0.790875010
v -2.451095403 -0.509198409 0.790103083
v -2.452608877 -0.502968791 0.794915511
v -2.452795042 -0.502202525 0.793841441
v -2.453834937 -0.497922162 0.795718315
v -2.453416895 -0.499642849 0.794248629
v -2.448579030 -0.519555603 0.686285686
v -2.448578991 -0.519555603 0.677772109
v -2.448160949 -0.521276366 0.677772109
v -2.448160970 -0.521276366 0.686285686
v -2.546221943 -0.117644641 0.677772131
v -2.546221945 -0.117644641 0.686285718
v -2.546639996 -0.115923878 0.686285718
v -2.546639994 -0.115923878 0.677772131
v -2.542402197 -0.133367085 0.796126841
v -2.540026240 -0.143146797 0.797681342
v -2.540074689 -0.142947374 0.798845560
v -2.542588329 -0.132600914 0.797200975
v -2.544394069 -0.125168215 0.791745683
v -2.544717604 -0.123836502 0.792517613
v -2.545740282 -0.119627046 0.785113568
v -2.546140353 -0.117980305 0.785508444
v -2.546221892 -0.117644641 0.777143291
v -2.546639948 -0.115923878 0.777240564
v -2.452398605 -0.503833092 0.567930941
v -2.454772592 -0.494061390 0.566376499
v -2.454724110 -0.494260976 0.565212283
v -2.452212420 -0.504599358 0.566856883
v -2.450406680 -0.512032077 0.572312186
v -2.450083136 -0.513363761 0.571540242
v -2.449060467 -0.517573236 0.578944285
v -2.448660396 -0.519219977 0.578549413
v -2.448578880 -0.519555603 0.586914567
v -2.448160820 -0.521276366 0.586817298
v -2.533509478 -0.169970898 0.566376524
v -2.540026322 -0.143146788 0.566376523
v -2.540074765 -0.142947374 0.565212308
v -2.533509478 -0.169970898 0.565212309
v -2.526944205 -0.196994394 0.566376525
v -2.526944205 -0.196994394 0.565212310
v -2.520378923 -0.224017890 0.566376526
v -2.520378923 -0.224017890 0.565212311
v -2.513813631 -0.251041386 0.566376528
v -2.513813631 -0.251041386 0.565212312
v -2.507248349 -0.278064883 0.566376529
v -2.507248348 -0.278064883 0.565212313
v -2.500683066 -0.305088379 0.566376530
v -2.500683066 -0.305088379 0.565212314
v -2.494117784 -0.332111894 0.566376531
v -2.494117784 -0.332111894 0.565212315
v -2.487552492 -0.359135390 0.566376532
v -2.487552492 -0.359135390 0.565212316
v -2.480987219 -0.386158886 0.566376533
v -2.480987219 -0.386158886 0.565212317
v -2.474421936 -0.413182382 0.566376534
v -2.474421936 -0.413182382 0.565212318
v -2.467856654 -0.440205878 0.566376497
v -2.467856654 -0.440205878 0.565212281
v -2.461291362 -0.467229374 0.566376498
v -2.461291362 -0.467229374 0.565212282
v -2.454772592 -0.494061390 0.566376499
v -2.454724110 -0.494260976 0.565212283
v -2.448579160 -0.519555603 0.777143205
v -2.448161099 -0.521276366 0.777240480
v -2.449060769 -0.517573236 0.785113484
v -2.448660697 -0.519219977 0.785508358
v -2.450406983 -0.512032077 0.791745594
v -2.450083459 -0.513363761 0.792517523
v -2.452398910 -0.503833054 0.796126844
v -2.452212744 -0.504599320 0.797200913
v -2.454772898 -0.494061390 0.797681277
v -2.454724416 -0.494260976 0.798845498
v -2.533509430 -0.169970879 0.797681346
v -2.533509430 -0.169970879 0.798845564
v -2.526944176 -0.196994375 0.797681347
v -2.526944176 -0.196994375 0.798845565
v -2.520378932 -0.224017871 0.797681334
v -2.520378932 -0.224017871 0.798845551
v -2.513813678 -0.251041367 0.797681325
v -2.513813678 -0.251041367 0.798845543
v -2.507248425 -0.278064883 0.797681326
v -2.507248425 -0.278064883 0.798845544
v -2.500683171 -0.305088359 0.797681330
v -2.500683171 -0.305088359 0.798845547
v -2.494117917 -0.332111856 0.797681316
v -2.494117917 -0.332111856 0.798845537
v -2.487552654 -0.359135390 0.797681308
v -2.487552654 -0.359135390 0.798845526
v -2.480987390 -0.386158886 0.797681309
v -2.480987391 -0.386158886 0.798845527
v -2.474422137 -0.413182382 0.797681312
v -2.474422137 -0.413182382 0.798845530
v -2.467856902 -0.440205878 0.797681299
v -2.467856902 -0.440205878 0.798845519
v -2.461291629 -0.467229374 0.797681288
v -2.461291629 -0.467229374 0.798845506
v -2.545740377 -0.119627036 0.578944307
v -2.546221990 -0.117644641 0.586914590
v -2.546640042 -0.115923878 0.586817301
v -2.546140453 -0.117980286 0.578549417
v -2.544394181 -0.125168196 0.572312190
v -2.544717716 -0.123836483 0.571540265
v -2.542402289 -0.133367085 0.567931021
v -2.542588426 -0.132600914 0.566856887
v -2.449050485 -0.517614951 0.679625767
v -2.453836639 -0.497914477 0.679625766
v -2.453418559 -0.499635355 0.677772108
v -2.449468546 -0.515894187 0.677772109
v -2.453836659 -0.497914477 0.684551936
v -2.449050486 -0.517614951 0.684551937
v -2.449468547 -0.515894187 0.686285686
v -2.453418579 -0.499635355 0.686285695
v -2.455615691 -0.490591607 0.679625766
v -2.460401950 -0.470890828 0.679625765
v -2.459983898 -0.472611591 0.677772107
v -2.456033723 -0.488870921 0.677772108
v -2.453834937 -0.497922162 0.795718315
v -2.453416895 -0.499642849 0.794248629
v -2.453834613 -0.497922200 0.568339481
v -2.453416591 -0.499642887 0.569809155
v -2.460401827 -0.470890828 0.567689505
v -2.459983766 -0.472611591 0.568853739
v -2.462599044 -0.461847233 0.677772107
v -2.466549210 -0.445587904 0.677772106
v -2.456594066 -0.445587904 0.677772108
v -2.452643900 -0.461847233 0.677772108
v -2.466549096 -0.445587904 0.568853738
v -2.462597076 -0.461854842 0.568853739
v -2.452641913 -0.461854842 0.568853741
v -2.456593933 -0.445587904 0.568853740
v -2.466549210 -0.445587904 0.677772106
v -2.466549096 -0.445587904 0.568853738
v -2.456593933 -0.445587904 0.568853740
v -2.456594066 -0.445587904 0.677772108
v -2.462597076 -0.461854842 0.568853739
v -2.462599044 -0.461847233 0.677772107
v -2.452643900 -0.461847233 0.677772108
v -2.452641913 -0.461854842 0.568853741
v -2.466967157 -0.443867141 0.567689504
v -2.462179005 -0.463575682 0.567689504
v -2.462597076 -0.461854842 0.568853739
v -2.466549096 -0.445587904 0.568853738
v -2.462181012 -0.463567920 0.679625765
v -2.466967271 -0.443867179 0.679625764
v -2.466549210 -0.445587904 0.677772106
v -2.462599044 -0.461847233 0.677772107
v -2.466967157 -0.443867141 0.567689504
v -2.466549096 -0.445587904 0.568853738
v -2.469164355 -0.434823776 0.677772096
v -2.473114521 -0.418564446 0.677772095
v -2.463159367 -0.418564446 0.677772107
v -2.459209201 -0.434823776 0.677772107
v -2.473114388 -0.418564446 0.568853737
v -2.469162377 -0.434831384 0.568853738
v -2.459207224 -0.434831384 0.568853740
v -2.463159225 -0.418564446 0.568853739
v -2.473114521 -0.418564446 0.677772095
v -2.473114388 -0.418564446 0.568853737
v -2.463159225 -0.418564446 0.568853739
v -2.463159367 -0.418564446 0.677772107
v -2.469162377 -0.434831384 0.568853738
v -2.469164355 -0.434823776 0.677772096
v -2.459209201 -0.434823776 0.677772107
v -2.459207224 -0.434831384 0.568853740
v -2.473532449 -0.416843683 0.567689503
v -2.468744297 -0.436552224 0.567689503
v -2.469162377 -0.434831384 0.568853738
v -2.473114388 -0.418564446 0.568853737
v -2.468746323 -0.436544462 0.679625754
v -2.473532572 -0.416843683 0.679625754
v -2.473114521 -0.418564446 0.677772095
v -2.469164355 -0.434823776 0.677772096
v -2.473532449 -0.416843683 0.567689503
v -2.473114388 -0.418564446 0.568853737
v -2.475729589 -0.407800280 0.677772114
v -2.479679755 -0.391540950 0.677772113
v -2.469724611 -0.391540950 0.677772115
v -2.465774445 -0.407800280 0.677772125
v -2.479679632 -0.391540950 0.568853755
v -2.475727622 -0.407807888 0.568853756
v -2.465772459 -0.407807888 0.568853758
v -2.469724469 -0.391540950 0.568853757
v -2.479679755 -0.391540950 0.677772113
v -2.479679632 -0.391540950 0.568853755
v -2.469724469 -0.391540950 0.568853757
v -2.469724611 -0.391540950 0.677772115
v -2.475727622 -0.407807888 0.568853756
v -2.475729589 -0.407800280 0.677772114
v -2.465774445 -0.407800280 0.677772125
v -2.465772459 -0.407807888 0.568853758
v -2.480097693 -0.389820187 0.567689540
v -2.475309551 -0.409528728 0.567689521
v -2.475727622 -0.407807888 0.568853756
v -2.479679632 -0.391540950 0.568853755
v -2.475311548 -0.409520966 0.679625773
v -2.480097816 -0.389820187 0.679625772
v -2.479679755 -0.391540950 0.677772113
v -2.475729589 -0.407800280 0.677772114
v -2.480097693 -0.389820187 0.567689540
v -2.479679632 -0.391540950 0.568853755
v -2.482294853 -0.380776784 0.677772094
v -2.486245019 -0.364517454 0.677772093
v -2.476289865 -0.364517454 0.677772095
v -2.472339699 -0.380776784 0.677772096
v -2.486244886 -0.364517454 0.568853735
v -2.482292875 -0.380784392 0.568853736
v -2.472337712 -0.380784392 0.568853737
v -2.476289723 -0.364517454 0.568853737
v -2.486245019 -0.364517454 0.677772093
v -2.486244886 -0.364517454 0.568853735
v -2.476289723 -0.364517454 0.568853737
v -2.476289865 -0.364517454 0.677772095
v -2.482292875 -0.380784392 0.568853736
v -2.482294853 -0.380776784 0.677772094
v -2.472339699 -0.380776784 0.677772096
v -2.472337712 -0.380784392 0.568853737
v -2.486662947 -0.362796691 0.567689520
v -2.481874805 -0.382505232 0.567689520
v -2.482292875 -0.380784392 0.568853736
v -2.486244886 -0.364517454 0.568853735
v -2.481876811 -0.382497470 0.679625771
v -2.486663070 -0.362796691 0.679625752
v -2.486245019 -0.364517454 0.677772093
v -2.482294853 -0.380776784 0.677772094
v -2.486662947 -0.362796691 0.567689520
v -2.486244886 -0.364517454 0.568853735
v -2.488860126 -0.353753287 0.677772093
v -2.492810291 -0.337493958 0.677772092
v -2.482855147 -0.337493958 0.677772094
v -2.478904982 -0.353753287 0.677772094
v -2.492810178 -0.337493958 0.568853734
v -2.488858158 -0.353760896 0.568853735
v -2.478902995 -0.353760896 0.568853736
v -2.482855015 -0.337493958 0.568853736
v -2.492810291 -0.337493958 0.677772092
v -2.492810178 -0.337493958 0.568853734
v -2.482855015 -0.337493958 0.568853736
v -2.482855147 -0.337493958 0.677772094
v -2.488858158 -0.353760896 0.568853735
v -2.488860126 -0.353753287 0.677772093
v -2.478904982 -0.353753287 0.677772094
v -2.478902995 -0.353760896 0.568853736
v -2.493228239 -0.335773195 0.567689519
v -2.488440087 -0.355481736 0.567689519
v -2.488858158 -0.353760896 0.568853735
v -2.492810178 -0.337493958 0.568853734
v -2.488442094 -0.355473974 0.679625751
v -2.493228352 -0.335773195 0.679625750
v -2.492810291 -0.337493958 0.677772092
v -2.488860126 -0.353753287 0.677772093
v -2.493228239 -0.335773195 0.567689519
v -2.492810178 -0.337493958 0.568853734
v -2.495425437 -0.326729753 0.677772111
v -2.499375602 -0.310470404 0.677772110
v -2.489420449 -0.310470404 0.677772112
v -2.485470283 -0.326729753 0.677772113
v -2.499375470 -0.310470404 0.568853771
v -2.495423459 -0.326737362 0.568853772
v -2.485468306 -0.326737362 0.568853774
v -2.489420307 -0.310470404 0.568853773
v -2.499375602 -0.310470404 0.677772110
v -2.499375470 -0.310470404 0.568853771
v -2.489420307 -0.310470404 0.568853773
v -2.489420449 -0.310470404 0.677772112
v -2.495423459 -0.326737362 0.568853772
v -2.495425437 -0.326729753 0.677772111
v -2.485470283 -0.326729753 0.677772113
v -2.485468306 -0.326737362 0.568853774
v -2.499793521 -0.308749641 0.567689537
v -2.495005379 -0.328458202 0.567689537
v -2.495423459 -0.326737362 0.568853772
v -2.499375470 -0.310470404 0.568853771
v -2.495007405 -0.328450440 0.679625769
v -2.499793654 -0.308749641 0.679625769
v -2.499375602 -0.310470404 0.677772110
v -2.495425437 -0.326729753 0.677772111
v -2.499793521 -0.308749641 0.567689537
v -2.499375470 -0.310470404 0.568853771
v -2.501990671 -0.299706181 0.677772091
v -2.505940837 -0.283446851 0.677772090
v -2.495985693 -0.283446832 0.677772092
v -2.492035527 -0.299706181 0.677772092
v -2.505940714 -0.283446851 0.568853751
v -2.501988704 -0.299713789 0.568853752
v -2.492033541 -0.299713789 0.568853753
v -2.495985551 -0.283446832 0.568853753
v -2.505940837 -0.283446851 0.677772090
v -2.505940714 -0.283446851 0.568853751
v -2.495985551 -0.283446832 0.568853753
v -2.495985693 -0.283446832 0.677772092
v -2.501988704 -0.299713789 0.568853752
v -2.501990671 -0.299706181 0.677772091
v -2.492035527 -0.299706181 0.677772092
v -2.492033541 -0.299713789 0.568853753
v -2.506358775 -0.281726088 0.567689536
v -2.501570633 -0.301434629 0.567689536
v -2.501988704 -0.299713789 0.568853752
v -2.505940714 -0.283446851 0.568853751
v -2.501572640 -0.301426848 0.679625749
v -2.506358898 -0.281726088 0.679625748
v -2.505940837 -0.283446851 0.677772090
v -2.501990671 -0.299706181 0.677772091
v -2.506358775 -0.281726088 0.567689536
v -2.505940714 -0.283446851 0.568853751
v -2.508555935 -0.272682761 0.677772109
v -2.512506100 -0.256423432 0.677772108
v -2.502550947 -0.256423412 0.677772110
v -2.498600781 -0.272682742 0.677772110
v -2.512505978 -0.256423432 0.568853769
v -2.508553967 -0.272690370 0.568853770
v -2.498598794 -0.272690351 0.568853771
v -2.502550805 -0.256423412 0.568853771
v -2.512506100 -0.256423432 0.677772108
v -2.512505978 -0.256423432 0.568853769
v -2.502550805 -0.256423412 0.568853771
v -2.502550947 -0.256423412 0.677772110
v -2.508553967 -0.272690370 0.568853770
v -2.508555935 -0.272682761 0.677772109
v -2.498600781 -0.272682742 0.677772110
v -2.498598794 -0.272690351 0.568853771
v -2.512924029 -0.254702668 0.567689554
v -2.508135896 -0.274411190 0.567689554
v -2.508553967 -0.272690370 0.568853770
v -2.512505978 -0.256423432 0.568853769
v -2.508137903 -0.274403429 0.679625767
v -2.512924162 -0.254702668 0.679625766
v -2.512506100 -0.256423432 0.677772108
v -2.508555935 -0.272682761 0.677772109
v -2.512924029 -0.254702668 0.567689554
v -2.512505978 -0.256423432 0.568853769
v -2.515121198 -0.245659284 0.677772108
v -2.519071364 -0.229399955 0.677772107
v -2.509116210 -0.229399955 0.677772109
v -2.505166035 -0.245659265 0.677772109
v -2.519071241 -0.229399955 0.568853768
v -2.515119230 -0.245666893 0.568853769
v -2.505164058 -0.245666874 0.568853770
v -2.509116078 -0.229399955 0.568853770
v -2.519071364 -0.229399955 0.677772107
v -2.519071241 -0.229399955 0.568853768
v -2.509116078 -0.229399955 0.568853770
v -2.509116210 -0.229399955 0.677772109
v -2.515119230 -0.245666893 0.568853769
v -2.515121198 -0.245659284 0.677772108
v -2.505166035 -0.245659265 0.677772109
v -2.505164058 -0.245666874 0.568853770
v -2.519489301 -0.227679191 0.567689552
v -2.514701160 -0.247387733 0.567689553
v -2.515119230 -0.245666893 0.568853769
v -2.519071241 -0.229399955 0.568853768
v -2.514703166 -0.247379971 0.679625766
v -2.519489425 -0.227679191 0.679625765
v -2.519071364 -0.229399955 0.677772107
v -2.515121198 -0.245659284 0.677772108
v -2.519489301 -0.227679191 0.567689552
v -2.519071241 -0.229399955 0.568853768
v -2.521686490 -0.218635769 0.677772107
v -2.525636656 -0.202376439 0.677772106
v -2.515681502 -0.202376439 0.677772108
v -2.511731327 -0.218635769 0.677772108
v -2.525636523 -0.202376439 0.568853767
v -2.521684522 -0.218643378 0.568853768
v -2.511729340 -0.218643378 0.568853769
v -2.515681360 -0.202376439 0.568853769
v -2.525636656 -0.202376439 0.677772106
v -2.525636523 -0.202376439 0.568853767
v -2.515681360 -0.202376439 0.568853769
v -2.515681502 -0.202376439 0.677772108
v -2.521684522 -0.218643378 0.568853768
v -2.521686490 -0.218635769 0.677772107
v -2.511731327 -0.218635769 0.677772108
v -2.511729340 -0.218643378 0.568853769
v -2.526054584 -0.200655676 0.567689551
v -2.521266442 -0.220364237 0.567689552
v -2.521684522 -0.218643378 0.568853768
v -2.525636523 -0.202376439 0.568853767
v -2.521268449 -0.220356456 0.679625794
v -2.526054717 -0.200655676 0.679625764
v -2.525636656 -0.202376439 0.677772106
v -2.521686490 -0.218635769 0.677772107
v -2.526054584 -0.200655676 0.567689551
v -2.525636523 -0.202376439 0.568853767
v -2.528251772 -0.191612196 0.677772096
v -2.532201938 -0.175352848 0.677772095
v -2.522246785 -0.175352848 0.677772107
v -2.518296609 -0.191612196 0.677772107
v -2.532201806 -0.175352848 0.568853766
v -2.528249795 -0.191619805 0.568853767
v -2.518294622 -0.191619805 0.568853768
v -2.522246643 -0.175352848 0.568853768
v -2.532201938 -0.175352848 0.677772095
v -2.532201806 -0.175352848 0.568853766
v -2.522246643 -0.175352848 0.568853768
v -2.522246785 -0.175352848 0.677772107
v -2.528249795 -0.191619805 0.568853767
v -2.528251772 -0.191612196 0.677772096
v -2.518296609 -0.191612196 0.677772107
v -2.518294622 -0.191619805 0.568853768
v -2.532619866 -0.173632123 0.567689550
v -2.527831725 -0.193340645 0.567689551
v -2.528249795 -0.191619805 0.568853767
v -2.532201806 -0.175352848 0.568853766
v -2.527833741 -0.193332864 0.679625754
v -2.532619999 -0.173632104 0.679625754
v -2.532201938 -0.175352848 0.677772095
v -2.528251772 -0.191612196 0.677772096
v -2.532619866 -0.173632123 0.567689550
v -2.532201806 -0.175352848 0.568853766
v -2.534817012 -0.164588796 0.677772095
v -2.538767178 -0.148329447 0.677772094
v -2.528812019 -0.148329447 0.677772096
v -2.524861853 -0.164588796 0.677772106
v -2.538767055 -0.148329447 0.568853765
v -2.534815039 -0.164596405 0.568853766
v -2.524859867 -0.164596405 0.568853767
v -2.528811877 -0.148329447 0.568853767
v -2.538767178 -0.148329447 0.677772094
v -2.538767055 -0.148329447 0.568853765
v -2.528811877 -0.148329447 0.568853767
v -2.528812019 -0.148329447 0.677772096
v -2.534815039 -0.164596405 0.568853766
v -2.534817012 -0.164588796 0.677772095
v -2.524861853 -0.164588796 0.677772106
v -2.524859867 -0.164596405 0.568853767
v -2.539185110 -0.146608684 0.567689549
v -2.534396969 -0.166317244 0.567689550
v -2.534815039 -0.164596405 0.568853766
v -2.538767055 -0.148329447 0.568853765
v -2.534398975 -0.166309464 0.679625753
v -2.539185239 -0.146608684 0.679625753
v -2.538767178 -0.148329447 0.677772094
v -2.534817012 -0.164588796 0.677772095
v -2.539185110 -0.146608684 0.567689549
v -2.538767055 -0.148329447 0.568853765
v -2.534816983 -0.164588777 0.794514637
v -2.538767149 -0.148329419 0.794514637
v -2.528812000 -0.148329419 0.794514641
v -2.524861825 -0.164588777 0.794514634
v -2.538767026 -0.148329419 0.685596305
v -2.534815015 -0.164596386 0.685596306
v -2.524859838 -0.164596386 0.685596307
v -2.528811858 -0.148329419 0.685596307
v -2.538767149 -0.148329419 0.794514637
v -2.538767026 -0.148329419 0.685596305
v -2.528811858 -0.148329419 0.685596307
v -2.528812000 -0.148329419 0.794514641
v -2.534815015 -0.164596386 0.685596306
v -2.534816983 -0.164588777 0.794514637
v -2.524861825 -0.164588777 0.794514634
v -2.524859838 -0.164596386 0.685596307
v -2.539185086 -0.146608665 0.684432085
v -2.534396940 -0.166317225 0.684432085
v -2.534815015 -0.164596386 0.685596306
v -2.538767026 -0.148329419 0.685596305
v -2.534398956 -0.166309445 0.796368336
v -2.539185210 -0.146608665 0.796368295
v -2.538767149 -0.148329419 0.794514637
v -2.534816983 -0.164588777 0.794514637
v -2.539185086 -0.146608665 0.684432085
v -2.538767026 -0.148329419 0.685596305
v -2.528251744 -0.191612273 0.794514643
v -2.532201909 -0.175352943 0.794514643
v -2.522246756 -0.175352943 0.794514644
v -2.518296580 -0.191612273 0.794514642
v -2.532201777 -0.175352943 0.685596311
v -2.528249776 -0.191619882 0.685596311
v -2.518294594 -0.191619882 0.685596313
v -2.522246614 -0.175352943 0.685596312
v -2.532201909 -0.175352943 0.794514643
v -2.532201777 -0.175352943 0.685596311
v -2.522246614 -0.175352943 0.685596312
v -2.522246756 -0.175352943 0.794514644
v -2.528249776 -0.191619882 0.685596311
v -2.528251744 -0.191612273 0.794514643
v -2.518296580 -0.191612273 0.794514642
v -2.518294594 -0.191619882 0.685596313
v -2.532619838 -0.173632180 0.684432090
v -2.527831696 -0.193340740 0.684432091
v -2.528249776 -0.191619882 0.685596311
v -2.532201777 -0.175352943 0.685596311
v -2.527833712 -0.193332960 0.796368304
v -2.532619970 -0.173632180 0.796368303
v -2.532201909 -0.175352943 0.794514643
v -2.528251744 -0.191612273 0.794514643
v -2.532619838 -0.173632180 0.684432090
v -2.532201777 -0.175352943 0.685596311
v -2.521686499 -0.218635769 0.794514635
v -2.525636665 -0.202376439 0.794514634
v -2.515681512 -0.202376439 0.794514638
v -2.511731336 -0.218635769 0.794514634
v -2.525636542 -0.202376439 0.685596298
v -2.521684532 -0.218643378 0.685596298
v -2.511729359 -0.218643378 0.685596305
v -2.515681370 -0.202376439 0.685596299
v -2.525636665 -0.202376439 0.794514634
v -2.525636542 -0.202376439 0.685596298
v -2.515681370 -0.202376439 0.685596299
v -2.515681512 -0.202376439 0.794514638
v -2.521684532 -0.218643378 0.685596298
v -2.521686499 -0.218635769 0.794514635
v -2.511731336 -0.218635769 0.794514634
v -2.511729359 -0.218643378 0.685596305
v -2.526054593 -0.200655676 0.684432082
v -2.521266461 -0.220364237 0.684432083
v -2.521684532 -0.218643378 0.685596298
v -2.525636542 -0.202376439 0.685596298
v -2.521268468 -0.220356456 0.796368296
v -2.526054726 -0.200655676 0.796368295
v -2.525636665 -0.202376439 0.794514634
v -2.521686499 -0.218635769 0.794514635
v -2.526054593 -0.200655676 0.684432082
v -2.525636542 -0.202376439 0.685596298
v -2.515121226 -0.245659265 0.794514621
v -2.519071392 -0.229399935 0.794514621
v -2.509116239 -0.229399935 0.794514622
v -2.505166073 -0.245659246 0.794514618
v -2.519071279 -0.229399935 0.685596289
v -2.515119259 -0.245666874 0.685596290
v -2.505164096 -0.245666855 0.685596296
v -2.509116106 -0.229399935 0.685596295
v -2.519071392 -0.229399935 0.794514621
v -2.519071279 -0.229399935 0.685596289
v -2.509116106 -0.229399935 0.685596295
v -2.509116239 -0.229399935 0.794514622
v -2.515119259 -0.245666874 0.685596290
v -2.515121226 -0.245659265 0.794514621
v -2.505166073 -0.245659246 0.794514618
v -2.505164096 -0.245666855 0.685596296
v -2.519489340 -0.227679172 0.684432069
v -2.514701198 -0.247387733 0.684432069
v -2.515119259 -0.245666874 0.685596290
v -2.519071279 -0.229399935 0.685596289
v -2.514703195 -0.247379952 0.796368282
v -2.519489453 -0.227679172 0.796368281
v -2.519071392 -0.229399935 0.794514621
v -2.515121226 -0.245659265 0.794514621
v -2.519489340 -0.227679172 0.684432069
v -2.519071279 -0.229399935 0.685596289
v -2.508555982 -0.272682723 0.794514623
v -2.512506148 -0.256423374 0.794514622
v -2.502550985 -0.256423355 0.794514626
v -2.498600819 -0.272682704 0.794514622
v -2.512506016 -0.256423374 0.685596290
v -2.508554015 -0.272690332 0.685596296
v -2.498598832 -0.272690312 0.685596297
v -2.502550843 -0.256423355 0.685596297
v -2.512506148 -0.256423374 0.794514622
v -2.512506016 -0.256423374 0.685596290
v -2.502550843 -0.256423355 0.685596297
v -2.502550985 -0.256423355 0.794514626
v -2.508554015 -0.272690332 0.685596296
v -2.508555982 -0.272682723 0.794514623
v -2.498600819 -0.272682704 0.794514622
v -2.498598832 -0.272690312 0.685596297
v -2.512924086 -0.254702649 0.684432065
v -2.508135934 -0.274411190 0.684432071
v -2.508554015 -0.272690332 0.685596296
v -2.512506016 -0.256423374 0.685596290
v -2.508137951 -0.274403390 0.796368283
v -2.512924209 -0.254702630 0.796368283
v -2.512506148 -0.256423374 0.794514622
v -2.508555982 -0.272682723 0.794514623
v -2.512924086 -0.254702649 0.684432065
v -2.512506016 -0.256423374 0.685596290
v -2.501990729 -0.299706181 0.794514621
v -2.505940894 -0.283446851 0.794514618
v -2.495985731 -0.283446832 0.794514622
v -2.492035565 -0.299706181 0.794514616
v -2.505940771 -0.283446851 0.685596286
v -2.501988751 -0.299713789 0.685596287
v -2.492033579 -0.299713789 0.685596289
v -2.495985589 -0.283446832 0.685596288
v -2.505940894 -0.283446851 0.794514618
v -2.505940771 -0.283446851 0.685596286
v -2.495985589 -0.283446832 0.685596288
v -2.495985731 -0.283446832 0.794514622
v -2.501988751 -0.299713789 0.685596287
v -2.501990729 -0.299706181 0.794514621
v -2.492035565 -0.299706181 0.794514616
v -2.492033579 -0.299713789 0.685596289
v -2.506358832 -0.281726088 0.684432071
v -2.501570681 -0.301434648 0.684432072
v -2.501988751 -0.299713789 0.685596287
v -2.505940771 -0.283446851 0.685596286
v -2.501572697 -0.301426848 0.796368280
v -2.506358955 -0.281726088 0.796368276
v -2.505940894 -0.283446851 0.794514618
v -2.501990729 -0.299706181 0.794514621
v -2.506358832 -0.281726088 0.684432071
v -2.505940771 -0.283446851 0.685596286
v -2.495425484 -0.326729753 0.794514606
v -2.499375660 -0.310470424 0.794514605
v -2.489420487 -0.310470424 0.794514609
v -2.485470321 -0.326729753 0.794514602
v -2.499375537 -0.310470424 0.685596278
v -2.495423517 -0.326737400 0.685596279
v -2.485468344 -0.326737400 0.685596280
v -2.489420345 -0.310470424 0.685596280
v -2.499375660 -0.310470424 0.794514605
v -2.499375537 -0.310470424 0.685596278
v -2.489420345 -0.310470424 0.685596280
v -2.489420487 -0.310470424 0.794514609
v -2.495423517 -0.326737400 0.685596279
v -2.495425484 -0.326729753 0.794514606
v -2.485470321 -0.326729753 0.794514602
v -2.485468344 -0.326737400 0.685596280
v -2.499793597 -0.308749641 0.684432058
v -2.495005437 -0.328458202 0.684432058
v -2.495423517 -0.326737400 0.685596279
v -2.499375537 -0.310470424 0.685596278
v -2.495007453 -0.328450440 0.796368264
v -2.499793721 -0.308749660 0.796368263
v -2.499375660 -0.310470424 0.794514605
v -2.495425484 -0.326729753 0.794514606
v -2.499793597 -0.308749641 0.684432058
v -2.499375537 -0.310470424 0.685596278
v -2.488860221 -0.353753249 0.794514592
v -2.492810396 -0.337493881 0.794514589
v -2.482855224 -0.337493881 0.794514593
v -2.478905058 -0.353753249 0.794514587
v -2.492810283 -0.337493881 0.685596265
v -2.488858253 -0.353760858 0.685596265
v -2.478903071 -0.353760858 0.685596272
v -2.482855091 -0.337493881 0.685596271
v -2.492810396 -0.337493881 0.794514589
v -2.492810283 -0.337493881 0.685596265
v -2.482855091 -0.337493881 0.685596271
v -2.482855224 -0.337493881 0.794514593
v -2.488858253 -0.353760858 0.685596265
v -2.488860221 -0.353753249 0.794514592
v -2.478905058 -0.353753249 0.794514587
v -2.478903071 -0.353760858 0.685596272
v -2.493228334 -0.335773118 0.684432044
v -2.488440173 -0.355481698 0.684432045
v -2.488858253 -0.353760858 0.685596265
v -2.492810283 -0.337493881 0.685596265
v -2.488442189 -0.355473936 0.796368251
v -2.493228458 -0.335773118 0.796368248
v -2.492810396 -0.337493881 0.794514589
v -2.488860221 -0.353753249 0.794514592
v -2.493228334 -0.335773118 0.684432044
v -2.492810283 -0.337493881 0.685596265
v -2.482294967 -0.380776745 0.794514596
v -2.486245143 -0.364517416 0.794514595
v -2.476289970 -0.364517416 0.794514597
v -2.472339804 -0.380776745 0.794514595
v -2.486245020 -0.364517416 0.685596271
v -2.482292990 -0.380784354 0.685596276
v -2.472337817 -0.380784354 0.685596278
v -2.476289828 -0.364517416 0.685596277
v -2.486245143 -0.364517416 0.794514595
v -2.486245020 -0.364517416 0.685596271
v -2.476289828 -0.364517416 0.685596277
v -2.476289970 -0.364517416 0.794514597
v -2.482292990 -0.380784354 0.685596276
v -2.482294967 -0.380776745 0.794514596
v -2.472339804 -0.380776745 0.794514595
v -2.472337817 -0.380784354 0.685596278
v -2.486663061 -0.362796652 0.684432045
v -2.481874910 -0.382505194 0.684432051
v -2.482292990 -0.380784354 0.685596276
v -2.486245020 -0.364517416 0.685596271
v -2.481876936 -0.382497432 0.796368257
v -2.486663204 -0.362796614 0.796368256
v -2.486245143 -0.364517416 0.794514595
v -2.482294967 -0.380776745 0.794514596
v -2.486663061 -0.362796652 0.684432045
v -2.486245020 -0.364517416 0.685596271
v -2.475729714 -0.407800241 0.794514592
v -2.479679889 -0.391540912 0.794514591
v -2.469724716 -0.391540912 0.794514595
v -2.465774551 -0.407800241 0.794514589
v -2.479679757 -0.391540912 0.685596272
v -2.475727736 -0.407807850 0.685596272
v -2.465772564 -0.407807850 0.685596274
v -2.469724574 -0.391540912 0.685596273
v -2.479679889 -0.391540912 0.794514591
v -2.479679757 -0.391540912 0.685596272
v -2.469724574 -0.391540912 0.685596273
v -2.469724716 -0.391540912 0.794514595
v -2.475727736 -0.407807850 0.685596272
v -2.475729714 -0.407800241 0.794514592
v -2.465774551 -0.407800241 0.794514589
v -2.465772564 -0.407807850 0.685596274
v -2.480097817 -0.389820110 0.684432051
v -2.475309656 -0.409528690 0.684432052
v -2.475727736 -0.407807850 0.685596272
v -2.479679757 -0.391540912 0.685596272
v -2.475311663 -0.409520928 0.796368305
v -2.480097950 -0.389820110 0.796368250
v -2.479679889 -0.391540912 0.794514591
v -2.475729714 -0.407800241 0.794514592
v -2.480097817 -0.389820110 0.684432051
v -2.479679757 -0.391540912 0.685596272
v -2.469164450 -0.434823776 0.794514579
v -2.473114635 -0.418564446 0.794514578
v -2.463159463 -0.418564446 0.794514580
v -2.459209297 -0.434823776 0.794514576
v -2.473114503 -0.418564446 0.685596258
v -2.469162483 -0.434831384 0.685596259
v -2.459207310 -0.434831384 0.685596261
v -2.463159321 -0.418564446 0.685596260
v -2.473114635 -0.418564446 0.794514578
v -2.473114503 -0.418564446 0.685596258
v -2.463159321 -0.418564446 0.685596260
v -2.463159463 -0.418564446 0.794514580
v -2.469162483 -0.434831384 0.685596259
v -2.469164450 -0.434823776 0.794514579
v -2.459209297 -0.434823776 0.794514576
v -2.459207310 -0.434831384 0.685596261
v -2.473532563 -0.416843645 0.684432038
v -2.468744412 -0.436552224 0.684432039
v -2.469162483 -0.434831384 0.685596259
v -2.473114503 -0.418564446 0.685596258
v -2.468746418 -0.436544462 0.796368237
v -2.473532696 -0.416843645 0.796368236
v -2.473114635 -0.418564446 0.794514578
v -2.469164450 -0.434823776 0.794514579
v -2.473532563 -0.416843645 0.684432038
v -2.473114503 -0.418564446 0.685596258
v -2.462599187 -0.461847272 0.794514570
v -2.466549372 -0.445587942 0.794514570
v -2.456594199 -0.445587942 0.794514574
v -2.452644033 -0.461847272 0.794514567
v -2.466549249 -0.445587942 0.685596245
v -2.462597219 -0.461854880 0.685596246
v -2.452642047 -0.461854880 0.685596252
v -2.456594067 -0.445587942 0.685596247
v -2.466549372 -0.445587942 0.794514570
v -2.466549249 -0.445587942 0.685596245
v -2.456594067 -0.445587942 0.685596247
v -2.456594199 -0.445587942 0.794514574
v -2.462597219 -0.461854880 0.685596246
v -2.462599187 -0.461847272 0.794514570
v -2.452644033 -0.461847272 0.794514567
v -2.452642047 -0.461854880 0.685596252
v -2.466967310 -0.443867141 0.684432029
v -2.462179149 -0.463575720 0.684432030
v -2.462597219 -0.461854880 0.685596246
v -2.466549249 -0.445587942 0.685596245
v -2.462181155 -0.463567958 0.796368284
v -2.466967433 -0.443867141 0.796368228
v -2.466549372 -0.445587942 0.794514570
v -2.462599187 -0.461847272 0.794514570
v -2.466967310 -0.443867141 0.684432029
v -2.466549249 -0.445587942 0.685596245
v -2.456032041 -0.488878644 0.794514557
v -2.459982216 -0.472619276 0.794514556
v -2.450027043 -0.472619276 0.794514558
v -2.446076878 -0.488878644 0.794514554
v -2.459982093 -0.472619276 0.685596237
v -2.456030073 -0.488886253 0.685596237
v -2.446074891 -0.488886253 0.685596244
v -2.450026911 -0.472619276 0.685596243
v -2.459982216 -0.472619276 0.794514556
v -2.459982093 -0.472619276 0.685596237
v -2.450026911 -0.472619276 0.685596243
v -2.450027043 -0.472619276 0.794514558
v -2.456030073 -0.488886253 0.685596237
v -2.456032041 -0.488878644 0.794514557
v -2.446076878 -0.488878644 0.794514554
v -2.446074891 -0.488886253 0.685596244
v -2.460400154 -0.470898551 0.684432016
v -2.455612002 -0.490607093 0.684432017
v -2.456030073 -0.488886253 0.685596237
v -2.459982093 -0.472619276 0.685596237
v -2.455613999 -0.490599331 0.796368270
v -2.460400277 -0.470898475 0.796368215
v -2.459982216 -0.472619276 0.794514556
v -2.456032041 -0.488878644 0.794514557
v -2.460400154 -0.470898551 0.684432016
v -2.459982093 -0.472619276 0.685596237
v -2.545327960 -0.121305215 0.776936252
v -2.536481337 -0.116739888 0.776936256
v -2.536038444 -0.118564889 0.784273296
v -2.544885066 -0.123130226 0.784273294
v -2.545327844 -0.121305167 0.686285713
v -2.536481227 -0.116739840 0.686285719
v -2.534856316 -0.123436058 0.790103112
v -2.543702939 -0.128001385 0.790103111
v -2.533158414 -0.130432382 0.793841476
v -2.542005065 -0.134997719 0.793841472
v -2.532537201 -0.132992220 0.794248661
v -2.541383833 -0.137557557 0.794248657
v -2.541381894 -0.137565004 0.686285723
v -2.532535262 -0.132999647 0.686285720
v -2.536481227 -0.116739840 0.686285719
v -2.545327844 -0.121305167 0.686285713
v -2.541383833 -0.137557557 0.794248657
v -2.532537201 -0.132992220 0.794248661
v -2.532535262 -0.132999647 0.686285720
v -2.541381894 -0.137565004 0.686285723
v -2.545745576 -0.119584347 0.777033528
v -2.545327960 -0.121305215 0.776936252
v -2.544885066 -0.123130226 0.784273294
v -2.545284741 -0.121483371 0.784668165
v -2.543702939 -0.128001385 0.790103111
v -2.544026139 -0.126669605 0.790875041
v -2.542005065 -0.134997719 0.793841472
v -2.542192263 -0.134231166 0.794915429
v -2.541383833 -0.137557557 0.794248657
v -2.540966222 -0.139278349 0.795718346
v -2.540964273 -0.139285929 0.684551965
v -2.541381894 -0.137565004 0.686285723
v -2.545327844 -0.121305167 0.686285713
v -2.545745465 -0.119584299 0.684551960
v -2.540966222 -0.139278349 0.795718346
v -2.541383833 -0.137557557 0.794248657
v -2.544876808 -0.123136353 0.579783966
v -2.536028403 -0.118574476 0.579783967
v -2.536470596 -0.116749303 0.587121002
v -2.545319001 -0.121311170 0.587121001
v -2.543696585 -0.128007924 0.573954171
v -2.534848171 -0.123446056 0.573954172
v -2.542001444 -0.135004917 0.570215807
v -2.533153015 -0.130443049 0.570215809
v -2.541381216 -0.137565004 0.569808625
v -2.532532806 -0.133003136 0.569808626
v -2.536470701 -0.116749351 0.677771540
v -2.545319121 -0.121311228 0.677771539
v -2.541379522 -0.137572593 0.677771539
v -2.532531093 -0.133010707 0.677771541
v -2.532532806 -0.133003136 0.569808626
v -2.541381216 -0.137565004 0.569808625
v -2.545319121 -0.121311228 0.677771539
v -2.536470701 -0.116749351 0.677771540
v -2.532531093 -0.133010707 0.677771541
v -2.541379522 -0.137572593 0.677771539
v -2.540964287 -0.139285948 0.568338931
v -2.541381216 -0.137565004 0.569808625
v -2.542001444 -0.135004917 0.570215807
v -2.542187107 -0.134238526 0.569141750
v -2.543696585 -0.128007924 0.573954171
v -2.544019250 -0.126676010 0.573182226
v -2.544876808 -0.123136353 0.579783966
v -2.545275832 -0.121489336 0.579389075
v -2.545319001 -0.121311170 0.587121001
v -2.545750511 -0.119585322 0.587024267
v -2.545736063 -0.119590197 0.679625197
v -2.545319121 -0.121311228 0.677771539
v -2.541379522 -0.137572593 0.677771539
v -2.540962551 -0.139293701 0.679625198
v -2.541381216 -0.137565004 0.569808625
v -2.540964287 -0.139285948 0.568338931
v -2.509009688 0.525460339 0.561919004
v -2.507097120 0.522347633 0.565394216
v -2.506275289 0.525730392 0.569842048
v -2.507973627 0.529724910 0.567369776
v -2.612964412 0.097569532 0.681530691
v -2.612964392 0.097569551 0.587119786
v -2.611421095 0.092936844 0.586828933
v -2.611421115 0.092936834 0.681530691
v -2.507410456 0.532043018 0.574434178
v -2.505822149 0.527595569 0.575836616
v -2.505569188 0.528636821 0.582698353
v -2.507112483 0.533269518 0.582383259
v -2.507146918 0.533127972 0.784103847
v -2.505608746 0.528474093 0.783612712
v -2.505859377 0.527442438 0.791841712
v -2.507404728 0.532066724 0.792856734
v -2.506281281 0.536691010 0.793871757
v -2.507451788 0.531873064 0.803584566
v -2.503754929 0.536104677 0.805862673
v -2.502489035 0.541315257 0.794886783
v -2.510496070 0.519342214 0.558187676
v -2.508329278 0.517275921 0.562422023
v -2.512335190 0.511772155 0.555994997
v -2.509945058 0.510625107 0.560608463
v -2.514359404 0.503440228 0.554637064
v -2.511770976 0.503109419 0.559403374
v -2.610022545 0.109678555 0.561488195
v -2.606529152 0.113072689 0.564680774
v -2.605451016 0.117510446 0.560701492
v -2.608700980 0.115118277 0.556548241
v -2.610968062 0.105786688 0.568739928
v -2.607293483 0.109926613 0.570798880
v -2.605369667 0.128830395 0.548521200
v -2.605323168 0.129021799 0.553289383
v -2.514279034 0.503771037 0.549870755
v -2.602607871 0.129213194 0.558057566
v -2.607088241 0.121756512 0.554187502
v -2.604102227 0.123062216 0.558804313
v -2.611515333 0.103534057 0.577650694
v -2.607753156 0.108034538 0.578755971
v -2.611838891 0.102202258 0.587410620
v -2.608044591 0.106834965 0.587701454
v -2.509276427 0.524433922 0.810260636
v -2.505887894 0.527325056 0.814091299
v -2.608700376 0.115120944 0.806513367
v -2.605450088 0.117514422 0.802360243
v -2.606529072 0.113073176 0.798380634
v -2.610022506 0.109678880 0.801573200
v -2.610847141 0.106284583 0.804765767
v -2.611973887 0.101646743 0.796380394
v -2.610310869 0.097506826 0.798439343
v -2.609002978 0.102890286 0.807958337
v -2.511911597 0.513550730 0.808938830
v -2.509554996 0.512283127 0.804391531
v -2.511865246 0.502689906 0.804734512
v -2.514408941 0.503215406 0.809558943
v -2.610968106 0.105786659 0.794321445
v -2.607293527 0.109926585 0.792262495
v -2.607753199 0.108034510 0.784305393
v -2.611515377 0.103534029 0.785410686
v -2.604706968 0.131542590 0.809611511
v -2.601945780 0.131938618 0.804871106
v -2.604099249 0.123074652 0.804258173
v -2.607086271 0.121764809 0.808874609
v -2.607404494 0.120454966 0.813491047
v -2.609281865 0.112727466 0.810666488
v -2.607194556 0.110333978 0.814819615
v -2.605053918 0.119145123 0.818107481
v -2.559894367 0.315078479 0.814712336
v -2.604799358 0.131146572 0.814351916
v -2.602222950 0.130750544 0.819092317
v -2.557118344 0.315052708 0.819571131
v -2.514362064 0.492444358 0.804984085
v -2.517035088 0.492426999 0.809751551
v -2.509996160 0.521542787 0.806429978
v -2.508047096 0.518651614 0.802599316
v -2.505986985 0.537902216 0.607976568
v -2.505986996 0.537902216 0.677514931
v -2.502192695 0.542534913 0.677357385
v -2.502192684 0.542534913 0.607671224
v -2.507129712 0.533198707 0.779711422
v -2.505588978 0.528555457 0.779465855
v -2.612786594 0.098301539 0.781374217
v -2.612964432 0.097569522 0.776232456
v -2.611421135 0.092936815 0.776232456
v -2.611227236 0.093734940 0.781926865
v -2.514374732 0.492392243 0.819286484
v -2.517039314 0.492409602 0.814519017
v -2.611838928 0.102202229 0.760815061
v -2.608044628 0.106834936 0.760815061
v -2.608044611 0.106834946 0.681530692
v -2.611838911 0.102202239 0.681530691
v -2.505569192 0.528636821 0.608587266
v -2.507112488 0.533269518 0.608281922
v -2.505987010 0.537902216 0.759880482
v -2.505987010 0.537902216 0.762063448
v -2.502192709 0.542534913 0.762063449
v -2.502192709 0.542534913 0.759867794
v -2.505569217 0.528636782 0.759905866
v -2.505569217 0.528636782 0.762063447
v -2.507112513 0.533269480 0.762063448
v -2.507112512 0.533269480 0.759893174
v -2.502192680 0.542534952 0.581753091
v -2.505986981 0.537902254 0.582068184
v -2.611421132 0.092936815 0.760815061
v -2.612964429 0.097569522 0.760815060
v -2.505569203 0.528636821 0.677830035
v -2.507112499 0.533269518 0.677672488
v -2.612608712 0.099033566 0.576545417
v -2.611033292 0.094533085 0.575440122
v -2.611973842 0.101646771 0.566680976
v -2.610310824 0.097506845 0.564622025
v -2.607194515 0.110333959 0.548241759
v -2.609282147 0.112726118 0.552395010
v -2.607405458 0.120450808 0.549570710
v -2.605053875 0.119145113 0.544953899
v -2.602747366 0.128639001 0.543753017
v -2.610847140 0.106284420 0.558295616
v -2.609002936 0.102890276 0.555103037
v -2.503363908 0.537713947 0.562425235
v -2.507003167 0.533719429 0.564897506
v -2.506329956 0.536490467 0.573031740
v -2.502580667 0.540937917 0.571629302
v -2.511529874 0.504101845 0.545104465
v -2.512056513 0.512919204 0.551381532
v -2.509109049 0.514066252 0.546768086
v -2.509994064 0.521408506 0.553953329
v -2.506823259 0.523474798 0.549718982
v -2.508253458 0.528573045 0.558443793
v -2.504828429 0.531685789 0.554968582
v -2.557440008 0.315130020 0.804994746
v -2.560001587 0.315104249 0.809853540
v -2.607898915 0.107434718 0.780268924
v -2.608044631 0.106834936 0.776232456
v -2.611838931 0.102202229 0.776232456
v -2.611677154 0.102868129 0.780821572
v -2.502204785 0.542485284 0.780202557
v -2.506001647 0.537842034 0.779956989
v -2.506016282 0.537781814 0.784594983
v -2.502216848 0.542435656 0.785086118
v -2.511599400 0.514818333 0.813486130
v -2.508618414 0.516085936 0.818033426
v -2.511489915 0.504266447 0.819207811
v -2.514283827 0.503740946 0.814383379
v -2.612608755 0.099033547 0.786515979
v -2.611033336 0.094533066 0.787621272
v -2.506839091 0.523409837 0.799028352
v -2.508479839 0.527641450 0.801306459
v -2.612964429 0.097569522 0.762828279
v -2.611838928 0.102202229 0.762828279
v -2.611421132 0.092936815 0.762828279
v -2.608044628 0.106834936 0.762828279
v -2.505987012 0.537902216 0.775318996
v -2.507112515 0.533269480 0.775318996
v -2.502192711 0.542534913 0.775318997
v -2.505569219 0.528636782 0.775318996
v 2.561401986 0.597757171 0.789698291
v 2.566480198 0.598407585 0.783054185
v 2.560124022 0.676975979 0.783920516
v 2.555560911 0.676098717 0.789816166
v 2.591939775 0.454887711 0.757925583
v 2.598828792 0.305732580 0.757990745
v 2.602969178 0.306148519 0.751585225
v 2.596189053 0.455423535 0.751601025
v 2.603664135 0.150986250 0.758116296
v 2.607704804 0.151281366 0.751642526
v 2.587010221 0.538471381 0.757852482
v 2.584820124 0.537971345 0.758708576
v 2.589855512 0.454826382 0.758848237
v 2.567074216 0.567430177 0.784624605
v 2.565062140 0.567086177 0.785618954
v 2.569200691 0.556982825 0.780452812
v 2.571209707 0.557533293 0.779684103
v 2.559104831 0.597675616 0.790603011
v 2.561605702 0.581078901 0.788937213
v 2.563759705 0.581271032 0.787950131
v 2.573880036 0.549097864 0.774147413
v 2.575916582 0.549690964 0.773481217
v 2.591056396 0.542304586 0.751405470
v 2.584380881 0.548143672 0.760848384
v 2.581591259 0.543218401 0.765569874
v 2.578868931 0.554241724 0.768529351
v 2.580644256 0.836353946 0.763230025
v 2.579087942 0.837091040 0.763507814
v 2.571992760 0.830652888 0.771884577
v 2.573622486 0.830014288 0.771387894
v 2.560255551 0.810097634 0.783283409
v 2.566450223 0.820955591 0.778259502
v 2.564874331 0.821452645 0.779014067
v 2.558491849 0.810481513 0.784096512
v 2.552194402 0.785480607 0.788819001
v 2.554973623 0.798281281 0.786812762
v 2.553002536 0.798536308 0.787662748
v 2.549982893 0.785601047 0.789605586
v 2.549596262 0.765932767 0.789433278
v 2.547340706 0.765854844 0.790203014
v 2.558387851 0.796028325 0.781261965
v 2.562892233 0.806620167 0.778341288
v 2.585441671 0.834376971 0.754972740
v 2.587266548 0.841603450 0.754954383
v 2.580249060 0.830575424 0.761452332
v 2.568378488 0.816373670 0.774196821
v 2.574358432 0.824811737 0.768292658
v 2.554109208 0.766528391 0.783635564
v 2.556450410 0.784558074 0.782934763
v 2.579563278 0.542575404 0.766198684
v 2.568673354 0.582835376 0.781383974
v 2.571443399 0.570192574 0.778366414
v 2.574547465 0.561802874 0.774342709
v 2.596759823 0.305684576 0.758921346
v 2.601609848 0.150950251 0.759054087
v 2.553300462 0.675985159 0.790599781
v 2.588172564 0.842321961 0.753821761
v 2.586837094 0.843234399 0.753823142
v 2.585931079 0.842515889 0.754955805
v 2.555992815 0.796028325 0.779783496
v 2.560497808 0.806620167 0.776862819
v 2.551714172 0.766528391 0.782157094
v 2.554055374 0.784558074 0.781456295
v 2.605310380 0.151281366 0.750164057
v 2.600574142 0.306148519 0.750106756
v 2.576474507 0.554241724 0.767050882
v 2.572153041 0.561802874 0.772864240
v 2.565984063 0.816373670 0.772718352
v 2.569048975 0.570192574 0.776887945
v 2.571963396 0.824811737 0.766814189
v 2.564085162 0.598407585 0.781575716
v 2.557728986 0.676975979 0.782442047
v 2.566278930 0.582835376 0.779905506
v 2.577854636 0.830575424 0.759973863
v 2.593794629 0.455423535 0.750122556
v 2.588661971 0.542304586 0.749927001
v 2.581851870 0.833501697 0.754986135
v 2.582771956 0.834175549 0.753837579
v 2.586361757 0.835050823 0.753824167
v 2.581986456 0.548143672 0.759369915
v 2.586361757 0.835050823 0.753824167
v 2.582771956 0.834175549 0.753837579
v 2.586837094 0.843234399 0.753823142
v 2.588172564 0.842321961 0.753821761
v 2.554400406 0.756102259 0.783742879
v 2.552005369 0.756102259 0.782264409
v 2.551848147 0.758274921 0.782259531
v 2.554243184 0.758274921 0.783738001
v 2.547615998 0.755428789 0.790302733
v 2.549874000 0.755506636 0.789534156
v 2.549718613 0.757679450 0.789526440
v 2.547460611 0.757601528 0.790294608
v 2.553811893 0.764237354 0.783724616
v 2.549291606 0.763642112 0.789505263
v 2.547034215 0.763564266 0.790272315
v 2.551416857 0.764237354 0.782246147
v 2.553300462 0.675985159 0.790599781
v 2.557728986 0.676975979 0.782442047
v 2.564085162 0.598407585 0.781575716
v 2.559104831 0.597675616 0.790603011
v 2.547615998 0.755428789 0.790302733
v 2.552005369 0.756102259 0.782264409
v 2.566278930 0.582835376 0.779905506
v 2.561605702 0.581078901 0.788937213
v 2.585931079 0.842515889 0.754955805
v 2.581851870 0.833501697 0.754986135
v 2.577854636 0.830575424 0.759973863
v 2.579087942 0.837091040 0.763507814
v 2.571963396 0.824811737 0.766814189
v 2.571992760 0.830652888 0.771884577
v 2.565984063 0.816373670 0.772718352
v 2.564874331 0.821452645 0.779014067
v 2.560497808 0.806620167 0.776862819
v 2.558491849 0.810481513 0.784096512
v 2.555992815 0.796028325 0.779783496
v 2.553002536 0.798536308 0.787662748
v 2.554055374 0.784558074 0.781456295
v 2.549982893 0.785601047 0.789605586
v 2.547340706 0.765854844 0.790203014
v 2.551714172 0.766528391 0.782157094
v 2.547460611 0.757601528 0.790294608
v 2.549718613 0.757679450 0.789526440
v 2.554243184 0.758274921 0.783738001
v 2.551848147 0.758274921 0.782259531
v 2.569048975 0.570192574 0.776887945
v 2.565062140 0.567086177 0.785618954
v 2.572153041 0.561802874 0.772864240
v 2.569200691 0.556982825 0.780452812
v 2.576474507 0.554241724 0.767050882
v 2.573880036 0.549097864 0.774147413
v 2.581986456 0.548143672 0.759369915
v 2.579563278 0.542575404 0.766198684
v 2.588661971 0.542304586 0.749927001
v 2.584820124 0.537971345 0.758708576
v 2.593794629 0.455423535 0.750122556
v 2.589855512 0.454826382 0.758848237
v 2.600574142 0.306148519 0.750106756
v 2.596759823 0.305684576 0.758921346
v 2.605310380 0.151281366 0.750164057
v 2.601609848 0.150950251 0.759054087
v 2.547460611 0.757601528 0.790294608
v 2.551848147 0.758274921 0.782259531
v 2.547034215 0.763564266 0.790272315
v 2.551416857 0.764237354 0.782246147
v 2.553811893 0.764237354 0.783724616
v 2.551416857 0.764237354 0.782246147
v 2.549291606 0.763642112 0.789505263
v 2.547034215 0.763564266 0.790272315
v 2.586837094 0.843234399 0.753823142
v 2.582771956 0.834175549 0.753837579
v 0.787131822 0.819155567 1.015544830
v 0.787191468 0.817166586 1.019915217
v 0.821739025 0.814325118 1.027578535
v 0.821643591 0.816317005 1.023200215
v 0.655574285 0.824020809 1.000520333
v 0.655633930 0.822031828 1.004890701
v 0.726740508 0.820381150 1.010683917
v 0.726680862 0.822370131 1.006313549
v 0.948559097 0.799292059 1.067010455
v 0.946736055 0.797667763 1.070464312
v 0.967817266 0.791844353 1.084862693
v 0.969459533 0.793349509 1.081687167
v 0.572961438 0.824496834 0.997216726
v 0.573020778 0.822507853 1.001587113
v 0.920090590 0.802761344 1.057654648
v 0.920098237 0.797278225 1.055155976
v 0.946748902 0.792183573 1.067968220
v 0.946736055 0.797667763 1.070464312
v 0.726740508 0.820381150 1.010683917
v 0.726753356 0.814896960 1.008187864
v 0.787204315 0.811682396 1.017419125
v 0.787191468 0.817166586 1.019915217
v 0.573020778 0.822507853 1.001587113
v 0.573033625 0.817023663 0.999091021
v 0.655646778 0.816547638 1.002394648
v 0.655633930 0.822031828 1.004890701
v 0.921419942 0.804549134 1.053799286
v 0.920090590 0.802761344 1.057654648
v 0.967830113 0.786360163 1.082366602
v 0.967817266 0.791844353 1.084862693
v 0.481018960 0.822134757 1.000055559
v 0.481031808 0.816650567 0.997559506
v 0.230405175 0.821201289 0.998140197
v 0.230417410 0.815717099 0.995644125
v 0.307330805 0.816008220 0.996070533
v 0.307317958 0.821492486 0.998566586
v 0.386828270 0.816314176 0.996525580
v 0.386815422 0.821798366 0.999021633
v -0.179711454 0.820954674 1.000685946
v -0.179698607 0.815470484 0.998189854
v -0.017929197 0.815480884 0.996637447
v -0.017942045 0.820965073 0.999133538
v 0.123799141 0.815552307 0.995741989
v 0.123786294 0.821036496 0.998238080
v 0.307258312 0.823481467 0.994196218
v 0.307317958 0.821492486 0.998566586
v 0.386815422 0.821798366 0.999021633
v 0.386755776 0.823787347 0.994651265
v 0.480959315 0.824123738 0.995685191
v 0.481018960 0.822134757 1.000055559
v -0.179770947 0.822943655 0.996315559
v -0.179711454 0.820954674 1.000685946
v -0.017942045 0.820965073 0.999133538
v -0.018001385 0.822954055 0.994763151
v 0.123786294 0.821036496 0.998238080
v 0.123726954 0.823025478 0.993867693
v 0.861311875 0.812510259 1.033292791
v 0.861343380 0.810529689 1.037642416
v 0.890203108 0.807365978 1.045922292
v 0.891527566 0.809189708 1.041981169
v 0.890223296 0.801880947 1.043428495
v 0.890203108 0.807365978 1.045922292
v 0.821770225 0.808839399 1.025086554
v 0.821739025 0.814325118 1.027578535
v 0.861343380 0.810529689 1.037642416
v 0.861336345 0.805047717 1.035140647
v 0.225247741 0.815703411 0.995632443
v 0.225234894 0.821187601 0.998128534
v 0.225234894 0.821187601 0.998128534
v 0.225175248 0.823176582 0.993758147
v -0.341982812 0.815454043 1.000394148
v -0.341982812 0.820938233 1.002890048
v -0.341982812 0.820938233 1.002890048
v -0.341982811 0.822927214 0.998518859
v 1.634575189 0.647205800 1.083647581
v 1.637657843 0.650264213 1.080040383
v 1.626585005 0.674459585 1.084431051
v 1.624664387 0.669345281 1.087545076
v 1.642553444 0.616735043 1.081168027
v 1.646652229 0.616507889 1.077209259
v 1.649484673 0.572010263 1.080089325
v 1.652800713 0.577203867 1.076182480
v 1.653488329 0.534516512 1.080120927
v 1.657295918 0.535265305 1.076208634
v 1.661347290 0.410302718 1.082800987
v 1.665162832 0.410862171 1.078877395
v 1.667880875 0.274692867 1.085726630
v 1.671716605 0.275058126 1.081816802
v 1.672293798 0.135078442 1.087946283
v 1.676150633 0.135253654 1.084055210
v 1.191106492 0.540733551 1.334101645
v 1.185808353 0.539514239 1.335272742
v 1.192730098 0.450758988 1.344469889
v 1.198020590 0.451744072 1.343215631
v 1.198533243 0.346095442 1.350720346
v 1.203831993 0.346822211 1.349420588
v 1.203073411 0.231707031 1.354902636
v 1.208381338 0.232187950 1.353586094
v 1.206197664 0.113929677 1.357372040
v 1.211512626 0.114168273 1.356050527
v 1.613088378 0.686277163 1.090617481
v 1.611874648 0.680844896 1.093374678
v 1.591570672 0.688988555 1.101216163
v 1.592031021 0.683694163 1.103132574
v 1.463557958 0.669444921 1.169336381
v 1.462060984 0.674473809 1.167736593
v 1.413008006 0.665405476 1.193703268
v 1.414541074 0.660406870 1.195375435
v 1.512723806 0.677243624 1.143569599
v 1.511244879 0.682297518 1.142054616
v 1.557861833 0.682336211 1.120363372
v 1.556349565 0.687429717 1.118937667
v 1.325497714 0.642404334 1.243773545
v 1.323922129 0.647356599 1.241980861
v 1.282690184 0.638094798 1.264987427
v 1.284228757 0.633142494 1.266898447
v 1.368662207 0.651404226 1.220083263
v 1.367094880 0.656376220 1.218357337
v 1.245926525 0.622997122 1.288530544
v 1.244467480 0.627942084 1.286459969
v 1.178339084 0.608870805 1.322169322
v 1.184144983 0.605244604 1.321974707
v -0.897765369 0.279726267 1.020783506
v -0.916982856 0.282021625 1.003921075
v -0.929510609 0.138829997 1.004956207
v -0.910145994 0.137701139 1.021759049
v -0.823400254 0.661864004 1.012729539
v -0.841968971 0.667712419 0.995733611
v -0.877437686 0.546716706 1.001139834
v -0.858543972 0.542238937 1.017961908
v -0.899855746 0.420698452 1.002455895
v -0.880795022 0.417266944 1.019333411
v -0.775066249 0.747423312 1.009183983
v -0.793991927 0.754570491 0.991196508
v -0.722890398 0.794158484 1.006474435
v -0.740921531 0.802345578 0.988607056
v -0.370901788 0.623744080 1.368744917
v -0.385657415 0.594198722 1.371162625
v -0.373148322 0.589211319 1.382263261
v -0.351109705 0.632622614 1.378324569
v -0.465511231 0.224530678 1.385903097
v -0.472897762 0.110472216 1.387139728
v -0.459042035 0.109603652 1.397707522
v -0.451756598 0.222759349 1.396522929
v -0.413507589 0.526354692 1.376289848
v -0.400482784 0.522014224 1.387113472
v -0.454150255 0.335041225 1.383943061
v -0.440545656 0.332386191 1.394623457
v -0.631245710 0.757446600 1.101192630
v -0.538525091 0.714086884 1.196798182
v -0.527216573 0.727586033 1.195786794
v -0.619035460 0.770338884 1.100149928
v -0.370852388 0.631096696 1.365723287
v -0.370184501 0.627623396 1.367847964
v -0.349138312 0.637262691 1.377558379
v -0.349868140 0.641142619 1.375142046
v -0.438820034 0.435694538 1.380912907
v -0.425422668 0.432230950 1.391666981
v -0.447510973 0.669837976 1.288346931
v -0.437351186 0.684070778 1.287343725
v -0.735530100 0.804654280 0.992305751
v -0.720264729 0.797712498 1.007444972
v -0.706546646 0.809850331 1.007775362
v -0.721905158 0.816788289 0.991548683
v -0.396677490 0.520676881 1.388659732
v -0.369495510 0.587634931 1.383884461
v -0.436565246 0.331637972 1.396124523
v -0.421503893 0.431210727 1.393187471
v -0.615522740 0.772716409 1.099006130
v -0.702693788 0.812028499 1.006960863
v -0.720996389 0.820282580 0.987634840
v -0.454999838 0.109356425 1.399177694
v -0.447738412 0.222262658 1.398007362
v -0.434284744 0.686865139 1.286168460
v -0.523899310 0.730155956 1.194627702
v -0.345766603 0.634272795 1.379587240
v -0.344556696 0.638617737 1.378421381
v -0.740921531 0.802345578 0.988607056
v -0.722890398 0.794158484 1.006474435
v -0.347767971 0.645015168 1.372885535
v -0.365503778 0.653245544 1.355356994
v -0.540538237 0.710293672 1.196115803
v -0.449231545 0.665926083 1.287644402
v -0.441215988 0.436306832 1.377364628
v -0.456582303 0.335544435 1.380410000
v -0.415841296 0.527063109 1.372734649
v -0.475386703 0.110634399 1.383628614
v -0.376605368 0.630520725 1.359880759
v -0.374599411 0.628288531 1.362453473
v -0.373975112 0.624926610 1.364482525
v -0.374876844 0.621214265 1.365497547
v -0.633486736 0.753748899 1.100540227
v -0.467976466 0.224868924 1.382381812
v -0.387900581 0.594973132 1.367551602
v -0.345288818 0.642549932 1.375968533
v -0.033443774 0.648871926 1.384218918
v -0.033430926 0.643387736 1.381722865
v -0.112247350 0.643633740 1.381267627
v -0.112260198 0.649117929 1.383763680
v 0.827402027 0.667086743 1.334776776
v 0.835148424 0.665199161 1.338962203
v 0.851697426 0.680906378 1.313738198
v 0.843810630 0.682689961 1.309780422
v 0.882765307 0.708406014 1.262744500
v 0.874786441 0.710118786 1.258941767
v 0.909595227 0.732453799 1.215342285
v 0.901517257 0.734085284 1.211717650
v 0.812941572 0.653300831 1.353662843
v 0.818205145 0.649764253 1.361457418
v -0.400705444 0.706438673 1.262256260
v -0.407451769 0.703955697 1.267675220
v -0.345796724 0.674855011 1.330674397
v -0.339118150 0.677369493 1.325186003
v -0.482455544 0.744457428 1.177336916
v -0.489236587 0.741990739 1.182719782
v -0.568698707 0.783296322 1.085805068
v -0.575462468 0.780821451 1.091206057
v -0.289564459 0.654817764 1.373328382
v -0.294534543 0.651584312 1.380416526
v -0.288620823 0.650104850 1.383574962
v -0.284817822 0.653522059 1.376089174
v -0.302582382 0.660560957 1.361184008
v -0.309112451 0.657979870 1.366819416
v -0.281699382 0.648967360 1.385536033
v -0.279557001 0.652605644 1.377556097
v -0.190133901 0.649463956 1.383123538
v -0.190311924 0.645733832 1.391315297
v -0.112331622 0.645387576 1.391956433
v -0.112260198 0.649117929 1.383763680
v 0.532325288 0.649595560 1.372253158
v 0.532733942 0.645869795 1.380438302
v 0.649356306 0.646898162 1.374299090
v 0.648823159 0.650621021 1.366119682
v -0.033463657 0.645141496 1.392412053
v -0.033443774 0.648871926 1.384218918
v -0.242827147 0.650431223 1.381338302
v -0.243303555 0.646704235 1.389521611
v 0.267065073 0.648995042 1.381766617
v 0.267246459 0.645265683 1.389958452
v 0.400293327 0.645413041 1.385951490
v 0.399991119 0.649140794 1.377762638
v 0.754300191 0.648332278 1.367213639
v 0.753589635 0.652049861 1.359044898
v -0.262174635 0.651132299 1.380046647
v -0.263251944 0.647422975 1.388187973
v 0.108118471 0.645095232 1.392054426
v 0.108052708 0.648825432 1.383861406
v 0.941762747 0.761281411 1.154667922
v 0.933633082 0.762868008 1.151141513
v 0.843810630 0.682689961 1.309780422
v 0.843823477 0.677205771 1.307284369
v 0.827414875 0.661602553 1.332280723
v 0.827402027 0.667086743 1.334776776
v -0.190133901 0.649463956 1.383123538
v -0.190121054 0.643979766 1.380627485
v -0.242814299 0.644947033 1.378842249
v -0.242827147 0.650431223 1.381338302
v 0.874786441 0.710118786 1.258941767
v 0.874799289 0.704634596 1.256445714
v 0.399991119 0.649140794 1.377762638
v 0.400003966 0.643656604 1.375266585
v 0.267077921 0.643510853 1.379270564
v 0.267065073 0.648995042 1.381766617
v 0.901517257 0.734085284 1.211717650
v 0.901530104 0.728601094 1.209221597
v 0.753589635 0.652049861 1.359044898
v 0.753602482 0.646565671 1.356548845
v 0.648836006 0.645136832 1.363623629
v 0.648823159 0.650621021 1.366119682
v 0.812954419 0.647816642 1.351166790
v 0.812941572 0.653300831 1.353662843
v 0.532325288 0.649595560 1.372253158
v 0.532338135 0.644111371 1.369757105
v -0.339118150 0.677369493 1.325186003
v -0.339105303 0.671885304 1.322689950
v -0.400692596 0.700954484 1.259760207
v -0.400705444 0.706438673 1.262256260
v -0.262161788 0.645648109 1.377550594
v -0.262174635 0.651132299 1.380046647
v -0.482442697 0.738973238 1.174840863
v -0.482455544 0.744457428 1.177336916
v 0.108052708 0.648825432 1.383861406
v 0.108065556 0.643341243 1.381365353
v -0.568685860 0.777812132 1.083308996
v -0.568698707 0.783296322 1.085805068
v -0.284817822 0.653522059 1.376089174
v -0.284804975 0.648037869 1.373593121
v -0.289551612 0.649333575 1.370832329
v -0.289564459 0.654817764 1.373328382
v -0.302569535 0.655076768 1.358687955
v -0.302582382 0.660560957 1.361184008
v -0.279544154 0.647121454 1.375060044
v -0.279557001 0.652605644 1.377556097
v 0.933633082 0.762868008 1.151141513
v 0.933645930 0.757383818 1.148645460
v 0.976792993 0.791264329 1.086837013
v 0.969459533 0.793349509 1.081687167
v -0.643702636 0.811572126 1.005790559
v -0.648041536 0.818981904 1.003995409
v -0.659845578 0.818806558 1.004214436
v -0.648041536 0.818981904 1.003995409
v 0.967830113 0.786360163 1.082366602
v 0.969459533 0.793349509 1.081687167
v 1.199472298 0.593419494 1.317161161
v 1.204790623 0.543577351 1.326392299
v 1.208615035 0.544259538 1.322422901
v 1.203882469 0.589162531 1.314147943
v 1.286730239 0.612076307 1.267514795
v 1.286658663 0.617532012 1.268411710
v 1.248190951 0.607327605 1.290500408
v 1.248232245 0.601823495 1.289748021
v 1.417045921 0.639506890 1.194969495
v 1.416967921 0.644868193 1.196133137
v 1.371181124 0.635879160 1.221016387
v 1.371286653 0.630500384 1.219915679
v 1.328028255 0.626871506 1.244923767
v 1.328132254 0.621467686 1.243901900
v 1.590282614 0.662029638 1.103643469
v 1.591260510 0.667518798 1.104587796
v 1.560241881 0.666724964 1.120351481
v 1.560310093 0.661410461 1.118921074
v 1.514995267 0.661688353 1.143835447
v 1.515024326 0.656371097 1.142501201
v 1.465878666 0.653889496 1.169866586
v 1.465921795 0.648547082 1.168623989
v 1.603401479 0.658659381 1.097260302
v 1.606061713 0.664274716 1.097360631
v 1.613301575 0.648458071 1.092888407
v 1.616692555 0.653745351 1.092620189
v 1.228650443 0.114946851 1.343886468
v 1.224984171 0.114778397 1.347959176
v 1.225517014 0.233779633 1.341433008
v 1.221847378 0.233431102 1.345504301
v 1.220988163 0.349209065 1.337312313
v 1.217305068 0.348689223 1.341375769
v 1.215273724 0.454866337 1.331243625
v 1.211547194 0.454205791 1.335279896
v 1.658448468 0.134456360 1.095380299
v 1.653075389 0.134217449 1.096445180
v 1.654090604 0.273426603 1.093223810
v 1.648732513 0.272948341 1.094312128
v 1.647615747 0.408405730 1.090342577
v 1.642276621 0.407700448 1.091446687
v 1.639786763 0.532029330 1.087626213
v 1.634459871 0.531119568 1.088717476
v 1.637272433 0.556182147 1.087571040
v 1.632447796 0.550822030 1.088651750
v 1.628011014 0.617173177 1.088795589
v 1.622416173 0.617236188 1.089921568
v 1.623094001 0.637786815 1.090213798
v 1.618522938 0.634565178 1.090983734
v 0.230345835 0.823190270 0.993769810
v 0.230405175 0.821201289 0.998140197
v 0.230346447 0.823223993 0.991608523
v 0.230418022 0.815750822 0.993482837
v 0.230417410 0.815717099 0.995644125
v 0.230345835 0.823190270 0.993769810
v 0.225175248 0.823176582 0.993758147
v 0.225247741 0.815703411 0.995632443
v 0.225248047 0.815737823 0.993470276
v 0.225175554 0.823210993 0.991595981
v -0.525840854 0.799671579 1.034476835
v -0.525843913 0.795122616 1.032430138
v -0.515322423 0.795845333 1.030986484
v -0.515319365 0.800394296 1.033033181
v -0.281436468 0.671236763 1.321139303
v -0.275653970 0.671065470 1.321139266
v -0.276601584 0.672973929 1.316875726
v -0.280502770 0.673071963 1.316906237
v -0.282610127 0.673452630 1.316319713
v -0.284570509 0.671640677 1.320418421
v -0.343307275 0.802030063 1.030290655
v -0.339665932 0.802064704 1.030232596
v -0.340591217 0.803923457 1.025964889
v -0.344221854 0.803889275 1.026023388
v -0.527206911 0.801499133 1.030366044
v -0.525840854 0.799671579 1.034476835
v -0.515319365 0.800394296 1.033033181
v -0.515732301 0.802276220 1.028786637
v -0.535655609 0.799849219 1.033957488
v -0.532786460 0.798298563 1.037421956
v -0.540724339 0.797447147 1.039294109
v -0.536250240 0.796638326 1.041060507
v -0.284452286 0.674173971 1.314852753
v -0.287756549 0.672859224 1.317868533
v -0.292777253 0.678211962 1.306277764
v -0.296265809 0.676983091 1.309102178
v -0.296265809 0.676983091 1.309102178
v -0.292777253 0.678211962 1.306277764
v -0.354195854 0.707505198 1.243521265
v -0.357685787 0.706276863 1.246344340
v -0.435839814 0.745855679 1.158712228
v -0.439348252 0.744635985 1.161515995
v -0.528439152 0.788018260 1.060610355
v -0.532116588 0.786876411 1.063240689
v -0.534440812 0.791549715 1.052550946
v -0.538661796 0.790733093 1.054453726
v -0.541539967 0.794318459 1.046331689
v -0.536807859 0.794494416 1.045869467
v 0.655646778 0.816547638 1.002394648
v 0.655643719 0.811998675 1.000347951
v 0.726750297 0.810347997 1.006141167
v 0.726753356 0.814896960 1.008187864
v -0.343307275 0.802030063 1.030290655
v -0.343310333 0.797481100 1.028243959
v -0.339668991 0.797515741 1.028185899
v -0.339665932 0.802064704 1.030232596
v 0.928571695 0.758364926 1.146439609
v 0.928568637 0.753815963 1.144392893
v 0.896485234 0.725061839 1.204908275
v 0.896488293 0.729610802 1.206954991
v 0.267002064 0.641297165 1.372112678
v 0.240882709 0.641221307 1.372516588
v 0.240885768 0.645770308 1.374563304
v 0.267005122 0.645846166 1.374159394
v 0.822587485 0.662782025 1.329653676
v 0.827414875 0.661602553 1.332280723
v 0.843823477 0.677205771 1.307284369
v 0.838899430 0.678311832 1.304813092
v 0.874799289 0.704634596 1.256445714
v 0.869816512 0.705694086 1.254073274
v 0.901530104 0.728601094 1.209221597
v 0.896488293 0.729610802 1.206954991
v 0.809684874 0.650048033 1.346310341
v 0.812954419 0.647816642 1.351166790
v 0.532083645 0.646478648 1.364667194
v 0.532338135 0.644111371 1.369757105
v 0.648836006 0.645136832 1.363623629
v 0.648503822 0.647501815 1.358537082
v 0.267005122 0.645846166 1.374159394
v 0.267077921 0.643510853 1.379270564
v 0.400003966 0.643656604 1.375266585
v 0.399815851 0.646025488 1.370174571
v 0.753602482 0.646565671 1.356548845
v 0.753159569 0.648926755 1.351468645
v 0.933645930 0.757383818 1.148645460
v 0.928571695 0.758364926 1.146439609
v 0.960527240 0.785359249 1.084441400
v 0.965173549 0.784108432 1.087517172
v 0.967830113 0.786360163 1.082366602
v 0.963219593 0.787633769 1.079217553
v 0.240885768 0.645770308 1.374563304
v 0.235757086 0.643477435 1.379683190
v -0.320108148 0.811930999 1.007949356
v -0.325828553 0.811930235 1.008026991
v -0.242814299 0.644947033 1.378842249
v -0.238224577 0.647227977 1.373716704
v 0.197151180 0.812790215 1.002048050
v 0.182249038 0.812768803 1.002069077
v 0.220899602 0.643461606 1.379878912
v 0.235757086 0.643477435 1.379683190
v 0.108076262 0.645638627 1.376237360
v 0.108065556 0.643341243 1.381365353
v 0.220899602 0.643461606 1.379878912
v 0.204949211 0.645797761 1.374736464
v 0.202785175 0.812836326 1.001956039
v 0.197151180 0.812790215 1.002048050
v -0.033420220 0.645687032 1.376582408
v -0.033430926 0.643387736 1.381722865
v -0.284452286 0.674173971 1.314852753
v -0.284455344 0.669625007 1.312806037
v -0.292780312 0.673662999 1.304231048
v -0.292777253 0.678211962 1.306277764
v 0.960527240 0.785359249 1.084441400
v 0.960524182 0.780810286 1.082394703
v -0.528439152 0.788018260 1.060610355
v -0.528442210 0.783469296 1.058563658
v -0.534443870 0.787000751 1.050504249
v -0.534440812 0.791549715 1.052550946
v 0.573033625 0.817023663 0.999091021
v 0.573030567 0.812474700 0.997044325
v 0.890223296 0.801880947 1.043428495
v 0.890220238 0.797331984 1.041381798
v 0.920095178 0.792729262 1.053109279
v 0.920098237 0.797278225 1.055155976
v -0.532786460 0.798298563 1.037421956
v -0.532789518 0.793749600 1.035375259
v 0.787201257 0.807133433 1.015372428
v 0.787204315 0.811682396 1.017419125
v -0.536250240 0.796638326 1.041060507
v -0.536253298 0.792089362 1.039013810
v 0.946745844 0.787634610 1.065921523
v 0.946748902 0.792183573 1.067968220
v -0.320108148 0.811930999 1.007949356
v -0.320111206 0.807382036 1.005902678
v -0.321863742 0.810907144 0.998074132
v -0.321860683 0.815456108 1.000120829
v 0.386828270 0.816314176 0.996525580
v 0.386825211 0.811765213 0.994478883
v 0.481028749 0.812101604 0.995512809
v 0.481031808 0.816650567 0.997559506
v 0.821770225 0.808839399 1.025086554
v 0.821767166 0.804290436 1.023039858
v 0.861333287 0.800498754 1.033093950
v 0.861336345 0.805047717 1.035140647
v -0.536810917 0.789945453 1.043822770
v -0.536807859 0.794494416 1.045869467
v 0.838899430 0.678311832 1.304813092
v 0.838896371 0.673762868 1.302766376
v 0.822584427 0.658233061 1.327606960
v 0.822587485 0.662782025 1.329653676
v -0.179698607 0.815470484 0.998189854
v -0.179701665 0.810921521 0.996143157
v -0.017932256 0.810931921 0.994590750
v -0.017929197 0.815480884 0.996637447
v 0.204949211 0.645797761 1.374736464
v 0.204946153 0.641248759 1.372689748
v 0.108073204 0.641089664 1.374190644
v 0.108076262 0.645638627 1.376237360
v 0.869816512 0.705694086 1.254073274
v 0.869813454 0.701145123 1.252026558
v -0.276601584 0.672973929 1.316875726
v -0.276604642 0.668424966 1.314829010
v -0.280505829 0.668523000 1.314859521
v -0.280502770 0.673071963 1.316906237
v 0.167716398 0.812787156 1.002000806
v 0.182249038 0.812768803 1.002069077
v 0.181594457 0.815635659 0.995671665
v 0.167085982 0.815614783 0.995689308
v -0.435839814 0.745855679 1.158712228
v -0.435842873 0.741306716 1.156665512
v 0.227833034 0.815702341 0.995615467
v 0.202140076 0.815665253 0.995646701
v 0.202137017 0.811116290 0.993600004
v 0.227829976 0.811153377 0.993568770
v -0.282613185 0.668903667 1.314272997
v -0.282610127 0.673452630 1.316319713
v -0.190109735 0.646291068 1.375450399
v -0.190112794 0.641742105 1.373403683
v -0.238227635 0.642679014 1.371669988
v -0.238224577 0.647227977 1.373716704
v 0.809681816 0.645499069 1.344263625
v 0.809684874 0.650048033 1.346310341
v 0.123796083 0.811003344 0.993695292
v 0.123799141 0.815552307 0.995741989
v 0.307330805 0.816008220 0.996070533
v 0.307327746 0.811459257 0.994023836
v -0.339665932 0.802064704 1.030232596
v -0.339668991 0.797515741 1.028185899
v -0.332975282 0.783834058 1.058563728
v -0.332972224 0.788383021 1.060610425
v 0.648503822 0.647501815 1.358537082
v 0.648500764 0.642952852 1.356490366
v 0.532080586 0.641929685 1.362620478
v 0.532083645 0.646478648 1.364667194
v -0.276604642 0.668424966 1.314829010
v -0.276601584 0.672973929 1.316875726
v 0.399815851 0.646025488 1.370174571
v 0.399812793 0.641476525 1.368127855
v -0.354198913 0.702956235 1.241474549
v -0.354195854 0.707505198 1.243521265
v 0.753159569 0.648926755 1.351468645
v 0.753156511 0.644377792 1.349421929
v 0.167082923 0.811065819 0.993642611
v 0.167085982 0.815614783 0.995689308
v 0.809684874 0.650048033 1.346310341
v 0.809681816 0.645499069 1.344263625
v 0.963216534 0.783084806 1.077170856
v 0.963219593 0.787633769 1.079217553
v 0.167716398 0.812787156 1.002000806
v 0.167713340 0.808238193 0.999954128
v -0.033423278 0.641138069 1.374535692
v -0.033420220 0.645687032 1.376582408
v -0.112236338 0.645939001 1.376108855
v -0.112247350 0.643633740 1.381267627
v -0.190121054 0.643979766 1.380627485
v -0.190109735 0.646291068 1.375450399
v -0.112236338 0.645939001 1.376108855
v -0.112239396 0.641390076 1.374062139
v 0.202782116 0.808287363 0.999909342
v 0.202785175 0.812836326 1.001956039
v 0.202140076 0.815665253 0.995646701
v 0.196497517 0.815657147 0.995653563
v 0.196497517 0.815657147 0.995653563
v 0.181594457 0.815635659 0.995671665
v -0.321860683 0.815456108 1.000120829
v -0.327581088 0.815455496 1.000198522
v 0.963219593 0.787633769 1.079217553
v 0.963216534 0.783084806 1.077170856
v -0.033456009 0.665998883 1.387732326
v -0.033463657 0.645141496 1.392412053
v -0.112331622 0.645387576 1.391956433
v -0.112288339 0.666247716 1.387276935
v -0.233674010 0.667221177 1.385476012
v -0.243303555 0.646704235 1.389521611
v -0.263251944 0.647422975 1.388187973
v -0.262937040 0.668282273 1.383513982
v 0.753603704 0.669172535 1.362555247
v 0.754300191 0.648332278 1.367213639
v 0.649356306 0.646898162 1.374299090
v 0.648799912 0.667743772 1.369632555
v -0.190311924 0.645733832 1.391315297
v -0.190246924 0.666593818 1.386636029
v 0.826570032 0.670868943 1.355943674
v 0.818205145 0.649764253 1.361457418
v 0.399972154 0.666265610 1.381275549
v 0.400293327 0.645413041 1.385951490
v 0.267246459 0.645265683 1.389958452
v 0.267063849 0.666121081 1.385279375
v 0.108060049 0.665952083 1.387374547
v 0.108118471 0.645095232 1.392054426
v -0.287457256 0.670764179 1.378995832
v -0.288620823 0.650104850 1.383574962
v -0.281878321 0.669814729 1.380696064
v -0.281699382 0.648967360 1.385536033
v 0.532298676 0.666719382 1.375766260
v 0.532733942 0.645869795 1.380438302
v -0.309018239 0.680257913 1.360782005
v -0.309112451 0.657979870 1.366819416
v -0.345796724 0.674855011 1.330674397
v -0.341825949 0.695870155 1.328121451
v -0.404651595 0.726584431 1.263925941
v -0.411399144 0.723905844 1.269212532
v -0.348518899 0.693164498 1.333463673
v -0.341825949 0.695870155 1.328121451
v -0.488029586 0.766815688 1.177315312
v -0.494809252 0.764153160 1.182568829
v -0.575952027 0.808021019 1.084000569
v -0.582748670 0.805367055 1.089236460
v 0.648799912 0.667743772 1.369632555
v 0.649356305 0.663772998 1.377668697
v 0.754300191 0.665207114 1.370583245
v 0.753603704 0.669172535 1.362555247
v -0.112288339 0.666247716 1.387276935
v -0.112331622 0.662264859 1.395326039
v -0.033463658 0.662016332 1.395781660
v -0.033456009 0.665998883 1.387732326
v 0.108118471 0.661970144 1.395424033
v 0.108060049 0.665952083 1.387374547
v 0.267246458 0.662140519 1.393328058
v 0.267063849 0.666121081 1.385279375
v 0.532298676 0.666719382 1.375766260
v 0.532733941 0.662744631 1.383807908
v 0.399972154 0.666265610 1.381275549
v 0.400293326 0.662287953 1.389321097
v -0.190246924 0.666593818 1.386636029
v -0.190311925 0.662610962 1.394684903
v -0.262937040 0.668282273 1.383513982
v -0.263251945 0.664299722 1.391557579
v -0.233826645 0.663237862 1.393523930
v -0.233674010 0.667221177 1.385476012
v -0.291570723 0.671875592 1.376640215
v -0.296981885 0.668805633 1.383178120
v -0.290605522 0.666980603 1.386583669
v -0.287457256 0.670764179 1.378995832
v -0.283142675 0.665843649 1.388698177
v -0.281878321 0.669814729 1.380696064
v -0.315565590 0.677482210 1.366268717
v -0.309018239 0.680257913 1.360782005
v -0.300294558 0.676066753 1.368711129
v -0.306273738 0.673251438 1.374723419
v 0.831979509 0.667119625 1.363623850
v 0.826570032 0.670868943 1.355943674
v 0.866554298 0.702940406 1.314247490
v 0.855434661 0.701150552 1.314247488
v 0.838024609 0.682641326 1.340415972
v 0.849144245 0.684431333 1.340415974
v 0.975512883 0.809461864 1.116060432
v 0.964393246 0.807672010 1.116060430
v 0.946884087 0.790886568 1.150637235
v 0.958003724 0.792676422 1.150637237
v 0.929953041 0.774104796 1.183569670
v 0.941072678 0.775894650 1.183569671
v 0.911898496 0.746415668 1.238075975
v 0.900778859 0.744625814 1.238075973
v 0.887202701 0.731322198 1.261798454
v 0.898322337 0.733112205 1.261798456
v 0.871955216 0.716900440 1.287413258
v 0.883074853 0.718690446 1.287413260
v 0.914444335 0.758412108 1.213043296
v 0.925563972 0.760201962 1.213043298
v 0.851697426 0.681622595 1.313738198
v 0.855434661 0.701150552 1.314247488
v 0.838024609 0.682641326 1.340415972
v 0.835148424 0.665743014 1.338962203
v -0.575952027 0.808021019 1.084000569
v -0.575462468 0.780821451 1.091206057
v -0.659845578 0.818806558 1.004214436
v -0.658104359 0.845697188 0.999703306
v -0.407451769 0.703955697 1.267675220
v -0.404651595 0.726584431 1.263925941
v -0.488029586 0.766815688 1.177315312
v -0.489236587 0.741990739 1.182719782
v 0.830468465 0.663631834 1.361257719
v 0.831982874 0.660172261 1.363623544
v 0.849613465 0.678172427 1.340486326
v 0.847039183 0.681168364 1.338812935
v 0.938626560 0.772412365 1.182369209
v 0.941165053 0.769015115 1.183864577
v 0.958096100 0.785796886 1.150932143
v 0.955547512 0.789194596 1.149455968
v 0.866646979 0.696060871 1.314542396
v 0.864233591 0.699445580 1.312834785
v 0.975605258 0.802582329 1.116355338
v 0.973052388 0.805975144 1.114887804
v 0.993322109 0.819572787 1.081165264
v 0.989301017 0.821328458 1.082545048
v 0.909491836 0.742931854 1.236803631
v 0.911990872 0.739536133 1.238370881
v 0.925656347 0.753322427 1.213338204
v 0.923133759 0.756719065 1.211813318
v 0.883167534 0.711810834 1.287708166
v 0.880719887 0.715204644 1.286054428
v 0.898414713 0.726232517 1.262093324
v 0.895942901 0.729627320 1.260479312
v -0.580718700 0.802009722 1.087295769
v -0.582748670 0.798634877 1.089236460
v -0.494809252 0.757420982 1.182568829
v -0.492773471 0.760780839 1.180634180
v -0.282546057 0.662387975 1.385953864
v -0.283142675 0.658894832 1.388698177
v -0.263251945 0.657350446 1.391557579
v -0.262954476 0.660843743 1.388764976
v -0.409382328 0.720533523 1.267258230
v -0.411399144 0.717173590 1.269212532
v -0.348518899 0.686432320 1.333463673
v -0.346521964 0.689792177 1.331489030
v -0.324680950 0.675087938 1.357194304
v -0.317122363 0.675790696 1.360756501
v -0.233826645 0.656288356 1.393523930
v -0.233694658 0.659781882 1.390718633
v -0.190311925 0.655661303 1.394684903
v -0.190262831 0.659154829 1.391876930
v -0.295311477 0.665350418 1.380920501
v -0.296981885 0.661858192 1.383178120
v -0.290605522 0.660032321 1.386583669
v -0.289521332 0.663525082 1.383992985
v -0.306222502 0.670692450 1.370973413
v -0.311105562 0.668615911 1.370326974
v 0.649187766 0.660317936 1.374865350
v 0.649356305 0.656825634 1.377668697
v 0.754300191 0.658259749 1.370583245
v 0.754079958 0.661752052 1.367783492
v 0.267185588 0.658685457 1.390520314
v 0.267246458 0.655193155 1.393328058
v 0.400293326 0.655340512 1.389321097
v 0.400192692 0.658832738 1.386514500
v 0.108096448 0.658514929 1.392615715
v 0.108118471 0.655022703 1.395424033
v -0.112331622 0.655315048 1.395326039
v -0.112311893 0.658808727 1.392517683
v 0.532601802 0.659289569 1.381002611
v 0.532733941 0.655797267 1.383807908
v -0.033463658 0.655068968 1.395781660
v -0.033459069 0.658561270 1.392973265
v 0.754300191 0.662102590 1.370583245
v 0.754079958 0.661752052 1.367783492
v 0.830468465 0.663631834 1.361257719
v 0.831980427 0.664014948 1.363623773
v -0.033463658 0.658911808 1.395781660
v -0.033459069 0.658561270 1.392973265
v 0.108096448 0.658514929 1.392615715
v 0.108118471 0.658865467 1.395424033
v 0.400293326 0.659183276 1.389321097
v 0.400192692 0.658832738 1.386514500
v 0.532601802 0.659289569 1.381002611
v 0.532733941 0.659640107 1.383807908
v -0.112331622 0.659159570 1.395326039
v -0.112311893 0.658808727 1.392517683
v 0.649187766 0.660317936 1.374865350
v 0.649356305 0.660668474 1.377668697
v -0.190311925 0.659505673 1.394684903
v -0.190262831 0.659154829 1.391876930
v 0.267185588 0.658685457 1.390520314
v 0.267246458 0.659035995 1.393328058
v -0.317997790 0.675592487 1.363847337
v -0.317122363 0.675790696 1.360756501
v -0.306222502 0.670692450 1.370973413
v -0.307563019 0.670763720 1.373550333
v -0.295311477 0.665350418 1.380920501
v -0.296981885 0.665700956 1.383178120
v -0.290605522 0.663875773 1.386583669
v -0.289521332 0.663525082 1.383992985
v -0.282546057 0.662387975 1.385953864
v -0.283142675 0.662738666 1.388698177
v -0.494809252 0.761105989 1.182568829
v -0.492773471 0.760780839 1.180634180
v -0.409382328 0.720533523 1.267258230
v -0.411399144 0.720858520 1.269212532
v -0.233826645 0.660132726 1.393523930
v -0.233694658 0.659781882 1.390718633
v -0.263251945 0.661194587 1.391557579
v -0.262954476 0.660843743 1.388764976
v -0.348518899 0.690117327 1.333463673
v -0.346521964 0.689792177 1.331489030
v -0.582748670 0.802319884 1.089236460
v -0.580718700 0.802009722 1.087295769
v 0.898346808 0.730025575 1.261877143
v 0.895942901 0.729627320 1.260479312
v 0.909491836 0.742931854 1.236803631
v 0.911922966 0.743329191 1.238154662
v 0.883099629 0.715603816 1.287491947
v 0.880719887 0.715204644 1.286054428
v 0.925588442 0.757115485 1.213121947
v 0.923133759 0.756719065 1.211813318
v 0.938626560 0.772412365 1.182369209
v 0.941097148 0.772808173 1.183648321
v 0.866579074 0.699853929 1.314326139
v 0.864233591 0.699445580 1.312834785
v 0.975537353 0.806375387 1.116139119
v 0.973052388 0.805975144 1.114887804
v 0.989301017 0.821328458 1.082545048
v 0.993053853 0.822879267 1.081257353
v 0.958028194 0.789589945 1.150715886
v 0.955547512 0.789194596 1.149455968
v 0.849269656 0.681510337 1.340434747
v 0.847039183 0.681168364 1.338812935
v 0.831979509 0.667119625 1.363623850
v 0.849144245 0.684431333 1.340415974
v 0.941072678 0.775894650 1.183569671
v 0.958003724 0.792676422 1.150637237
v 0.866554298 0.702940406 1.314247490
v 0.975512883 0.809461864 1.116060432
v 0.992956583 0.825790705 1.081290885
v 0.911898496 0.746415668 1.238075975
v 0.925563972 0.760201962 1.213043298
v 0.883074853 0.718690446 1.287413260
v 0.898322337 0.733112205 1.261798456
v -0.582748670 0.805367055 1.089236460
v -0.494809252 0.764153160 1.182568829
v -0.283142675 0.665843649 1.388698177
v -0.263251945 0.664299722 1.391557579
v -0.411399144 0.723905844 1.269212532
v -0.348518899 0.693164498 1.333463673
v -0.315565590 0.677482210 1.366268717
v -0.233826645 0.663237862 1.393523930
v -0.190311925 0.662610962 1.394684903
v -0.296981885 0.668805633 1.383178120
v -0.290605522 0.666980603 1.386583669
v -0.306273738 0.673251438 1.374723419
v 0.649356305 0.663772998 1.377668697
v 0.754300191 0.665207114 1.370583245
v 0.267246458 0.662140519 1.393328058
v 0.400293326 0.662287953 1.389321097
v 0.108118471 0.661970144 1.395424033
v -0.112331622 0.662264859 1.395326039
v 0.532733941 0.662744631 1.383807908
v -0.033463658 0.662016332 1.395781660
v 0.992956583 0.825790705 1.081290885
v 0.993053853 0.822879267 1.081257353
v 0.992956583 0.825790705 1.081290885
v 0.979526332 0.821846847 1.085899148
v -0.669059585 0.845136511 1.000543957
v -0.658104359 0.845697188 0.999703306
v -0.668990456 0.842217044 1.000538623
v -0.669059585 0.845136511 1.000543957
v -0.665315467 0.841220795 1.000256584
v -0.668808764 0.838885405 1.000516084
v -0.665315467 0.841220795 1.000256584
v -0.659845578 0.818806558 1.004214436
v -0.668808764 0.838885405 1.000516084
v -0.665315467 0.841220795 1.000256584
v -0.658104359 0.845697188 0.999703306
v -0.669059585 0.845136511 1.000543957
v -0.658104359 0.845697188 0.999703306
v -0.665315467 0.841220795 1.000256584
v -0.668990456 0.842217044 1.000538623
v -0.859097001 0.661557360 1.011365177
v -0.883723206 0.573578813 1.015214456
v -0.874020404 0.573578813 1.025783741
v -0.849394200 0.661557360 1.021934462
v -0.932711182 0.271704310 1.023395921
v -0.923008381 0.271704310 1.033965206
v -0.906423136 0.392948684 1.031095447
v -0.916125937 0.392948684 1.020526163
v -0.830393117 0.737138573 1.006986536
v -0.820690316 0.737138573 1.017555821
v -0.889977220 0.497953247 1.028320416
v -0.899680021 0.497953247 1.017751131
v -0.805746572 0.768125923 1.005397152
v -0.796043771 0.768125923 1.015966437
v -0.774061895 0.789744337 1.014873246
v -0.783764696 0.789744337 1.004303962
v -0.759895544 0.807044651 1.003531008
v -0.750192743 0.807044651 1.014100293
v -0.947815205 0.092688116 1.025924739
v -0.938112404 0.092688116 1.036494024
v -0.827443063 0.741987298 1.006798191
v -0.817740261 0.741987298 1.017367476
v -0.735780770 0.820011341 1.003022564
v -0.726077969 0.820011341 1.013591849
v -0.704839837 0.833052130 1.002161079
v -0.715162199 0.830052294 1.002446042
v -0.707891140 0.828935604 1.013093937
v -0.698101926 0.832190468 1.012812224
v -0.724859649 0.825599148 1.002759567
v -0.717267264 0.824519316 1.013379684
v -0.691680596 0.836173401 1.001834497
v -0.688284877 0.834677421 1.012560314
v -0.942380032 0.166705558 1.025021191
v -0.932677231 0.166705558 1.035590476
v -0.939668410 0.166447568 1.022531868
v -0.929965762 0.166445867 1.033101229
v -0.935396500 0.092533551 1.034000781
v -0.945099301 0.092536189 1.023431420
v -0.930005525 0.271349031 1.020912085
v -0.920303182 0.271343449 1.031481733
v -0.723367263 0.822514965 1.001389552
v -0.715803783 0.821410434 1.012036109
v -0.724533583 0.816974799 1.012174021
v -0.734214514 0.816995370 1.001584778
v -0.691907865 0.832408178 1.001102795
v -0.688493028 0.830904780 1.011808807
v -0.697170064 0.828727836 1.011956641
v -0.703908128 0.829585598 1.001305763
v -0.713874446 0.826802630 1.001263818
v -0.706699892 0.825626371 1.012000437
v -0.748513158 0.804143384 1.012558355
v -0.758105078 0.804268260 1.001887269
v -0.803513346 0.766022007 1.003347072
v -0.793850615 0.765945920 1.013953024
v -0.815458706 0.739981264 1.015273005
v -0.825161507 0.739981264 1.004703720
v -0.772090195 0.787204161 1.013063205
v -0.781706892 0.787333242 1.002414889
v -0.881059913 0.572840190 1.012769524
v -0.871359711 0.572823176 1.023341179
v -0.887291903 0.497380832 1.025855181
v -0.896993481 0.497391041 1.015284825
v -0.913428539 0.392492503 1.018049878
v -0.903726043 0.392489482 1.028619411
v -0.827803388 0.736017295 1.004609088
v -0.818100587 0.736017295 1.015178373
v -0.846777553 0.660557363 1.019532391
v -0.856474084 0.660588257 1.008957333
v -0.932711182 0.271704310 1.023395921
v -0.916125937 0.392948684 1.020526163
v -0.913428539 0.392492503 1.018049878
v -0.930005525 0.271349031 1.020912085
v -0.688284877 0.834677421 1.012560314
v -0.698101926 0.832190468 1.012812224
v -0.697170064 0.828727836 1.011956641
v -0.688493028 0.830904780 1.011808807
v -0.942380032 0.166705558 1.025021191
v -0.939668410 0.166447568 1.022531868
v -0.707891140 0.828935604 1.013093937
v -0.706699892 0.825626371 1.012000437
v -0.704839837 0.833052130 1.002161079
v -0.691680596 0.836173401 1.001834497
v -0.691907865 0.832408178 1.001102795
v -0.703908128 0.829585598 1.001305763
v -0.796043771 0.768125923 1.015966437
v -0.817740261 0.741987298 1.017367476
v -0.815458706 0.739981264 1.015273005
v -0.793850615 0.765945920 1.013953024
v -0.715162199 0.830052294 1.002446042
v -0.713874446 0.826802630 1.001263818
v -0.932677231 0.166705558 1.035590476
v -0.938112404 0.092688116 1.036494024
v -0.935396500 0.092533551 1.034000781
v -0.929965762 0.166445867 1.033101229
v -0.750192743 0.807044651 1.014100293
v -0.774061895 0.789744337 1.014873246
v -0.772090195 0.787204161 1.013063205
v -0.748513158 0.804143384 1.012558355
v -0.830393117 0.737138573 1.006986536
v -0.820690316 0.737138573 1.017555821
v -0.818100587 0.736017295 1.015178373
v -0.827803388 0.736017295 1.004609088
v -0.827443063 0.741987298 1.006798191
v -0.805746572 0.768125923 1.005397152
v -0.803513346 0.766022007 1.003347072
v -0.825161507 0.739981264 1.004703720
v -0.947815205 0.092688116 1.025924739
v -0.945099301 0.092536189 1.023431420
v -0.783764696 0.789744337 1.004303962
v -0.759895544 0.807044651 1.003531008
v -0.758105078 0.804268260 1.001887269
v -0.781706892 0.787333242 1.002414889
v -0.691680596 0.836173401 1.001834497
v -0.688284877 0.834677421 1.012560314
v -0.688493028 0.830904780 1.011808807
v -0.691907865 0.832408178 1.001102795
v -0.820690316 0.737138573 1.017555821
v -0.849394200 0.661557360 1.021934462
v -0.846777553 0.660557363 1.019532391
v -0.818100587 0.736017295 1.015178373
v -0.874020404 0.573578813 1.025783741
v -0.871359711 0.572823176 1.023341179
v -0.859097001 0.661557360 1.011365177
v -0.830393117 0.737138573 1.006986536
v -0.827803388 0.736017295 1.004609088
v -0.856474084 0.660588257 1.008957333
v -0.717267264 0.824519316 1.013379684
v -0.726077969 0.820011341 1.013591849
v -0.724533583 0.816974799 1.012174021
v -0.715803783 0.821410434 1.012036109
v -0.883723206 0.573578813 1.015214456
v -0.881059913 0.572840190 1.012769524
v -0.735780770 0.820011341 1.003022564
v -0.724859649 0.825599148 1.002759567
v -0.723367263 0.822514965 1.001389552
v -0.734214514 0.816995370 1.001584778
v -0.889977220 0.497953247 1.028320416
v -0.887291903 0.497380832 1.025855181
v -0.817740261 0.741987298 1.017367476
v -0.827443063 0.741987298 1.006798191
v -0.825161507 0.739981264 1.004703720
v -0.815458706 0.739981264 1.015273005
v -0.906423136 0.392948684 1.031095447
v -0.903726043 0.392489482 1.028619411
v -0.899680021 0.497953247 1.017751131
v -0.896993481 0.497391041 1.015284825
v -0.923008381 0.271704310 1.033965206
v -0.920303182 0.271343449 1.031481733
v -0.336273422 0.803964063 1.025895321
v -0.338804420 0.809057644 1.014590398
v -0.519648321 0.806847283 1.017810534
v -0.515732301 0.802276220 1.028786637
v -0.611608693 0.805723328 1.019448006
v -0.601149146 0.800999020 1.030248861
v -0.338804420 0.809057644 1.014590398
v -0.341982812 0.815454043 1.000394148
v -0.524721636 0.813126759 1.003654507
v -0.519648321 0.806847283 1.017810534
v -0.625167563 0.811847494 1.005446619
v -0.611608693 0.805723328 1.019448006
v -0.390091577 0.704690878 1.251169813
v -0.400692596 0.700954484 1.259760207
v -0.339105303 0.671885304 1.322689950
v -0.328611494 0.675670868 1.313989515
v -0.471785548 0.742683403 1.166308739
v -0.482442697 0.738973238 1.174840863
v -0.558050887 0.781532697 1.074753453
v -0.568685860 0.777812132 1.083308996
v -0.281502697 0.654143682 1.359839022
v -0.289551612 0.649333575 1.370832329
v -0.284804975 0.648037869 1.373593121
v -0.278553714 0.653202185 1.361834350
v -0.292308194 0.658965719 1.349756812
v -0.302569535 0.655076768 1.358687955
v -0.279544154 0.647121454 1.375060044
v -0.275044206 0.652582626 1.362610214
v -0.336273422 0.803964063 1.025895321
v -0.321828417 0.803883922 1.025895266
v -0.327581088 0.815455496 1.000198522
v -0.341982812 0.815454043 1.000394148
v -0.262161788 0.645648109 1.377550594
v -0.263519432 0.652085190 1.363122335
v -0.242814299 0.644947033 1.378842249
v -0.261351052 0.653186738 1.360534786
v -0.636558669 0.808357104 1.013172770
v -0.611608693 0.805723328 1.019448006
v -0.625167563 0.811847494 1.005446619
v -0.643702636 0.811572126 1.005790559
v -0.357685787 0.706276863 1.246344340
v -0.390091577 0.704690878 1.251169813
v -0.328611494 0.675670868 1.313989515
v -0.311642368 0.684316781 1.293390676
v -0.439348252 0.744635985 1.161515995
v -0.471785548 0.742683403 1.166308739
v -0.287756549 0.672859224 1.317868533
v -0.281502697 0.654143682 1.359839022
v -0.278553714 0.653202185 1.361834350
v -0.284570509 0.671640677 1.320418421
v -0.296265809 0.676983091 1.309102178
v -0.292308194 0.658965719 1.349756812
v -0.275044206 0.652582626 1.362610214
v -0.281436468 0.671236763 1.321139303
v -0.266404487 0.652209683 1.362994133
v -0.275653970 0.671065470 1.321139266
v -0.328501031 0.788322610 1.060610445
v -0.332972224 0.788383021 1.060610425
v -0.266404487 0.652209683 1.362994133
v -0.263519432 0.652085190 1.363122335
v -2.004645684 0.900449768 0.440935455
v -2.001795729 0.905573096 0.440499998
v -2.006600823 0.882748981 0.410826400
v -2.009493334 0.877458719 0.411169711
v -1.828945335 0.984696700 0.657840568
v -1.828945335 0.969485237 0.657840568
v -1.882564244 0.963528081 0.627723914
v -1.882564244 0.978739544 0.627723914
v 1.032764440 0.943588180 0.533712542
v 1.032764440 0.928376717 0.533712542
v 1.021384811 0.916885666 0.500734087
v 1.021384811 0.932097129 0.500734087
v -1.175468970 0.914125333 0.436028978
v -1.175468970 0.898913870 0.436028978
v -1.179320761 0.917905392 0.458655838
v -1.179320761 0.933116855 0.458655838
v -1.647076133 0.993090415 0.696272370
v -1.647076133 0.977878952 0.696272370
v -1.710775610 0.976053998 0.689010509
v -1.710775610 0.991265461 0.689010509
v 1.009811257 0.902917833 0.448860825
v 1.009811257 0.887706370 0.448860825
v 1.006883383 0.871292571 0.425597428
v 1.006883383 0.886504034 0.425597428
v -1.186457239 0.936348548 0.485624772
v -1.186457239 0.951560011 0.485624772
v -1.577587810 0.994452267 0.698496006
v -1.577587810 0.979240804 0.698496006
v 1.014213471 0.903171407 0.473009437
v 1.014213471 0.918382870 0.473009437
v 1.733157470 0.956205250 0.601375854
v 1.733157470 0.940993787 0.601375854
v 1.715788407 0.942922663 0.619378885
v 1.715788407 0.958134126 0.619378885
v -1.246037227 0.984308921 0.596315376
v -1.246037227 0.969097458 0.596315376
v -1.286836508 0.974191192 0.631112974
v -1.286836508 0.989402655 0.631112974
v 1.697587046 0.944712975 0.636434530
v 1.697587046 0.959924438 0.636434530
v -1.219435647 0.976908014 0.558200293
v -1.219435647 0.961696551 0.558200293
v 1.099323187 0.967505967 0.626468832
v 1.099323187 0.952294504 0.626468832
v 1.071960437 0.946028333 0.599485392
v 1.071960437 0.961239796 0.599485392
v -1.959432661 0.961385395 0.543133200
v -1.959432661 0.946173932 0.543133200
v -1.967862390 0.938741673 0.521717696
v -1.967862390 0.953953135 0.521717696
v -1.172059786 0.897698764 0.413898369
v -1.172059786 0.882487301 0.413898369
v 1.049429054 0.937968715 0.568110756
v 1.049429054 0.953180178 0.568110756
v -1.975829858 0.925263782 0.496652019
v -1.975829858 0.940475244 0.496652019
v 1.789900889 0.890517632 0.465592082
v 1.789900889 0.875306169 0.465592082
v 1.786777245 0.887566353 0.483284533
v 1.786777245 0.902777816 0.483284533
v -1.199842990 0.966215156 0.519854595
v -1.199842990 0.951003693 0.519854595
v 1.677197423 0.946283513 0.651910796
v 1.677197423 0.961494976 0.651910796
v 1.651159124 0.947782935 0.666438212
v 1.651159124 0.962994398 0.666438212
v 1.777856263 0.927068394 0.520591294
v 1.777856263 0.911856931 0.520591294
v 1.770099157 0.922053194 0.540473764
v 1.770099157 0.937264657 0.540473764
v -1.924217224 0.972329227 0.594615952
v -1.924217224 0.957117765 0.594615952
v -1.947666017 0.951634493 0.566474692
v -1.947666017 0.966845955 0.566474692
v 1.759734427 0.930224000 0.560806298
v 1.759734427 0.945435463 0.560806298
v 1.234362542 0.975502574 0.694461522
v 1.234362542 0.960291111 0.694461522
v 1.198295072 0.960123719 0.682283527
v 1.198295072 0.975335182 0.682283527
v 1.163429708 0.958961377 0.667059250
v 1.163429708 0.974172840 0.667059250
v 1.130158282 0.956497900 0.648736433
v 1.130158282 0.971709363 0.648736433
v 1.310664176 0.974006594 0.708789981
v 1.310664176 0.958795131 0.708789981
v 1.271560239 0.959744581 0.703408790
v 1.271560239 0.974956044 0.703408790
v -1.984208389 0.903623879 0.464712006
v -1.984208389 0.918835342 0.464712006
v -1.990395944 0.899768039 0.438758093
v -1.990395944 0.884556576 0.438758093
v -1.995030740 0.862400043 0.409453194
v -1.995030740 0.877611506 0.409453194
v 1.616609729 0.949366090 0.680465830
v 1.616609729 0.964577553 0.680465830
v 1.783099653 0.900119112 0.501583561
v 1.783099653 0.915330575 0.501583561
v 1.575181717 0.950986028 0.692454282
v 1.575181717 0.966197491 0.692454282
v 1.529717319 0.952553584 0.700847029
v 1.529717319 0.967765047 0.700847029
v 1.483396765 0.954014082 0.706009144
v 1.483396765 0.969225545 0.706009144
v -1.500902142 0.995317217 0.693927842
v -1.500902142 0.980105754 0.693927842
v 1.395279004 0.971768245 0.710159269
v 1.395279004 0.956556782 0.710159269
v 1.352251550 0.957710865 0.710581581
v 1.352251550 0.972922328 0.710581581
v -1.421914882 0.995040702 0.681329072
v -1.421914882 0.979829239 0.681329072
v 1.747068261 0.936220996 0.581121721
v 1.747068261 0.951432459 0.581121721
v -1.771195828 0.988727350 0.677459821
v -1.771195828 0.973515887 0.677459821
v 1.438738361 0.955337470 0.708802753
v 1.438738361 0.970548932 0.708802753
v -1.347587236 0.977805770 0.660028698
v -1.347587236 0.993017233 0.660028698
v 1.725471632 0.961672386 0.627234483
v 1.723535110 0.966224408 0.625663361
v 1.704880129 0.968059379 0.643144017
v 1.706703477 0.963518446 0.644821384
v -1.416280966 0.999489490 0.691965921
v -1.417407749 1.003859361 0.689838553
v -1.498588471 1.004143523 0.702787212
v -1.498010130 0.999775487 0.705002052
v -1.500323724 1.001468530 0.696142682
v -1.420788099 1.001190103 0.683456444
v 1.741337298 0.964247356 0.607211634
v 1.735202580 0.962160494 0.602834804
v 1.717725236 0.964101452 0.620949997
v -1.892958030 0.982624595 0.636521599
v -1.890879273 0.987107259 0.634762066
v -1.933689854 0.980532609 0.600776230
v -1.936058049 0.976008881 0.602316294
v -1.884643002 0.984776228 0.629483447
v -1.926585420 0.978324848 0.596156036
v 1.770787381 0.948578145 0.566837173
v 1.768576790 0.953209313 0.565630994
v 1.755594956 0.959355655 0.586452743
v 1.757726630 0.954761881 0.587785499
v -1.577357791 0.998880560 0.709728770
v -1.577403825 1.003254560 0.707482220
v -1.648821789 1.001854856 0.705196877
v -1.649258279 0.997471374 0.707428000
v -1.647512547 0.999226281 0.698503498
v -1.577541776 1.000597615 0.700742557
v 1.792524105 0.922354103 0.504932389
v 1.785455536 0.921031174 0.502420754
v 1.780179724 0.932842175 0.521546919
v 1.787150105 0.934384496 0.524413756
v -1.157525617 0.898702966 0.415414845
v -1.160432390 0.903761831 0.415111527
v -1.164117630 0.920696772 0.437726228
v -1.161279833 0.915765000 0.438150560
v -1.169153014 0.903159248 0.414201649
v -1.172631173 0.919712987 0.436453271
v 1.267405782 0.979018429 0.713882016
v 1.268236551 0.983465611 0.711787373
v 1.230111734 0.984025829 0.702617109
v 1.229048803 0.979582012 0.704656001
v -1.276513383 0.993655604 0.640006651
v -1.278578069 0.998064703 0.638227914
v -1.341015952 1.001779686 0.667946638
v -1.339373150 0.997395668 0.669926118
v -1.284771822 0.995512980 0.632891712
v -1.345944357 0.999152640 0.662008178
v 1.308314714 0.982492532 0.717302673
v 1.310076581 0.980072796 0.710918156
v 1.270729470 0.981028210 0.705503433
v 1.792293172 0.896063150 0.466204759
v 1.789156375 0.908400264 0.484007708
v 1.796293461 0.909488506 0.486177255
v 1.799469716 0.896920683 0.468042809
v 1.652693416 0.968992006 0.668302529
v 1.617928375 0.970585026 0.682417542
v 1.576242506 0.972215058 0.694480667
v 1.530494558 0.973792326 0.702925724
v 1.483885254 0.975261923 0.708119999
v 1.395219052 0.977820529 0.712295976
v 1.351923341 0.978981724 0.712720921
v 1.438949111 0.976593570 0.710931015
v 1.047214180 0.959116610 0.569362453
v 1.030445873 0.949464889 0.534749912
v 1.018994974 0.937902263 0.501566002
v 1.007349539 0.908541121 0.449369540
v 1.004403312 0.892025082 0.425961195
v 1.011779282 0.924102510 0.473668607
v 1.097419087 0.973531716 0.628084114
v 1.069885962 0.967226470 0.600932565
v 1.699410393 0.965902929 0.638111897
v 1.678893831 0.967483255 0.653684600
v 1.772374288 0.943101908 0.541553271
v 1.761945018 0.951323643 0.562012458
v 1.233299917 0.981578105 0.696500419
v 1.197007625 0.981409642 0.684246556
v 1.161925086 0.980240112 0.668927427
v 1.128446274 0.977761265 0.650490460
v 1.749199934 0.957358033 0.582454477
v 1.798672591 0.904591605 0.486900451
v 1.801861693 0.891946853 0.468655505
v -1.165265446 0.935415845 0.461562881
v -1.168076478 0.940215706 0.460981480
v -1.175411014 0.959170981 0.488699321
v -1.172649534 0.954499207 0.489467978
v -1.969791806 0.969380320 0.548047993
v -1.962022466 0.967328863 0.544361898
v -1.970501977 0.959866856 0.522821653
v -1.978420777 0.961829150 0.526133486
v 0.994483334 0.887810904 0.427416377
v 0.996963405 0.892809204 0.427052572
v 0.995088368 0.876273360 0.402707165
v 0.992608297 0.871271542 0.403073150
v -1.957750711 0.974932109 0.571936628
v -1.960271923 0.970379016 0.573302111
v -1.950187229 0.972812288 0.567840176
v 1.004403312 0.892025082 0.425961195
v 1.006883383 0.886504034 0.425597428
v 1.005008346 0.869982183 0.401243151
v 1.002528275 0.875499790 0.401609136
v 1.001185166 0.846913900 0.351347899
v 1.001600240 0.860474226 0.376252338
v 1.004080311 0.854965872 0.375881498
v 1.003667990 0.841545409 0.351241071
v 1.004279144 0.811321152 0.308635960
v 1.001803355 0.816708990 0.308754067
v 1.004792110 0.775258879 0.269348341
v 1.002325192 0.780586918 0.269393496
v 0.993736695 0.847240350 0.351668383
v 0.994375378 0.817093710 0.309108389
v -1.998245237 0.920351663 0.467350233
v -1.995437875 0.925308058 0.466822592
v 1.796564171 0.881553451 0.442372905
v 1.794172194 0.876015044 0.441756328
v 1.789900889 0.890517632 0.465592082
v 1.792293172 0.896063150 0.466204759
v 1.801708150 0.868804471 0.416588413
v 1.799316173 0.863258952 0.415975736
v 1.006883383 0.871292571 0.425597428
v 1.005008346 0.854770797 0.401243151
v 1.005008346 0.869982183 0.401243151
v -1.170153384 0.869002298 0.364111016
v -1.170153384 0.853790912 0.364111016
v -1.170107660 0.868073190 0.390623885
v -1.170107660 0.883284652 0.390623885
v 1.794172194 0.876015044 0.441756328
v 1.794172194 0.860803505 0.441756328
v 1.789900889 0.875306169 0.465592082
v -1.169180065 0.825041988 0.294789206
v -1.169180065 0.809830525 0.294789244
v -1.172223419 0.840707529 0.338237933
v -1.172223419 0.855918916 0.338237933
v 1.806531876 0.846530174 0.381317604
v 1.806531876 0.831318711 0.381317604
v 1.799316173 0.848047413 0.415975736
v 1.799316173 0.863258952 0.415975736
v 1.003667990 0.841545409 0.351241071
v 1.003667990 0.826333947 0.351241071
v 1.004279144 0.796109689 0.308635998
v 1.004279144 0.811321152 0.308635960
v -1.166136863 0.789527775 0.256163320
v -1.166136863 0.774316388 0.256163320
v 1.004080311 0.854965872 0.375881498
v 1.004080311 0.839754409 0.375881498
v 1.004792110 0.760047416 0.269348341
v 1.004792110 0.775258879 0.269348341
v -1.995030740 0.877611506 0.409453194
v -1.995030740 0.862400043 0.409453194
v -1.995776396 0.856100149 0.399410406
v -1.995776396 0.871311689 0.399410406
v -1.996366397 0.848453774 0.384958595
v -1.996366397 0.863665313 0.384958595
v -1.996540018 0.835913174 0.363430950
v -1.996540018 0.851124714 0.363430950
v -1.172059786 0.882487301 0.413898369
v -1.172059786 0.897698764 0.413898369
v -1.996709663 0.821312476 0.337307963
v -1.996709663 0.836523939 0.337307963
v 1.808945876 0.851890177 0.381606967
v 1.806531876 0.846530174 0.381317604
v 0.994924132 0.780791857 0.269528999
v -1.163229938 0.794846713 0.256239408
v -1.166136863 0.789527775 0.256163320
v -1.169180065 0.825041988 0.294789206
v -1.166273139 0.830529542 0.295071419
v -2.010274166 0.872021023 0.401379312
v -2.007374620 0.877138846 0.400985530
v -2.007957509 0.869247002 0.386675532
v -2.010855297 0.864067774 0.387104757
v -1.987015789 0.924398296 0.465239648
v -1.993245862 0.905164059 0.439193588
v -1.172223419 0.855918916 0.338237933
v -1.169316647 0.861255595 0.338341129
v 0.991253871 0.842089416 0.351775211
v 0.991899284 0.811962276 0.309226496
v -1.167246459 0.874434871 0.364427334
v -1.170153384 0.869002298 0.364111016
v -1.170107660 0.883284652 0.390623885
v -1.167192017 0.888636702 0.390988647
v -1.986591387 0.948091873 0.500477212
v -1.978520221 0.946324195 0.497608312
v -1.989281750 0.943421476 0.501433506
v 0.991679345 0.856209425 0.377735776
v 0.994159416 0.861220419 0.377364897
v -1.169153014 0.903159248 0.414201649
v -1.972381611 0.964804439 0.549276710
v -1.999439603 0.856543827 0.363816052
v -1.996540018 0.851124714 0.363430950
v -1.996709663 0.836523939 0.337307963
v -1.999611388 0.841931047 0.337671156
v -1.999264185 0.869005510 0.385387820
v -1.996366397 0.863665313 0.384958595
v -1.981060364 0.957223599 0.527237442
v -1.997923289 0.882840592 0.409796505
v -1.995776396 0.871311689 0.399410406
v -1.998675981 0.876713214 0.399804187
v -1.176509728 0.938836266 0.459237239
v -1.183695759 0.957407509 0.486393409
v 1.307727425 0.978039386 0.719430844
v -1.197174497 0.972164435 0.520860901
v -1.189168867 0.974233251 0.523879779
v -1.186500375 0.969663182 0.524886085
v -1.216903118 0.982931546 0.559472810
v -1.209305531 0.985223042 0.563290359
v -1.206773002 0.980727149 0.564562894
v -1.243689449 0.990383840 0.597852517
v -1.236645963 0.992829500 0.602463957
v 1.794880294 0.917535354 0.505769601
v -1.234298032 0.988384994 0.604001116
v 1.789473259 0.929639005 0.525369382
v -1.711654325 0.997388633 0.691191205
v -1.714290396 0.999979279 0.697733293
v -1.715169035 0.995583103 0.699913993
v -1.835752608 0.993227984 0.665701908
v -1.830647096 0.990774295 0.659805901
v -1.837454445 0.988786232 0.667667241
v -1.772494364 0.994832857 0.679560457
v -1.776389893 0.997370433 0.685862377
v 1.743382408 0.959683329 0.608670584
v -1.777688351 0.992956669 0.687963018
v -1.997923289 0.882840592 0.409796505
v -2.009493334 0.877458719 0.411169711
v -2.006600823 0.882748981 0.410826400
v 0.992457214 0.775600547 0.269574154
v -2.008138280 0.857022223 0.364971319
v -2.011037865 0.851922065 0.365356421
v -2.008316527 0.842373196 0.338760736
v -2.011218253 0.837260956 0.339123891
v -1.155529444 0.883746836 0.392447541
v -1.158445087 0.888914058 0.392082817
v -1.160432390 0.903761831 0.415111527
v -1.157525617 0.898702966 0.415414845
v 1.803740103 0.882389496 0.444222751
v 1.799469716 0.896920683 0.468042809
v -1.157689556 0.856303712 0.338754068
v -1.160596329 0.861486457 0.338650834
v -1.158525529 0.874953566 0.365376212
v -1.155618604 0.869866790 0.365692530
v 1.806132081 0.877408478 0.444839366
v 1.801861693 0.891946853 0.468655505
v 1.808884694 0.869662004 0.418426444
v -1.154645895 0.826181695 0.296200269
v -1.157552668 0.831213412 0.295918056
v 1.811276978 0.864688174 0.419039121
v -1.151602847 0.789824248 0.256543874
v -1.154509620 0.795024658 0.256467748
v 1.816187267 0.852191009 0.382475130
v 1.818600962 0.847031587 0.382764493
v 1.121598243 0.975670426 0.657506531
v 1.123310251 0.980137872 0.655752513
v 1.091706787 0.975829789 0.632929961
v 1.089802993 0.971336190 0.634545243
v 1.155906294 0.978210908 0.676400110
v 1.157410916 0.982662983 0.674531942
v 1.191857836 0.979409343 0.692098692
v 1.193145283 0.983854154 0.690135658
v 1.781474814 0.940152771 0.545871296
v 1.779199682 0.944834792 0.544791790
v 1.685679154 0.965137924 0.660779782
v 1.683982747 0.969668994 0.659005987
v 1.657295677 0.971205809 0.673895469
v 1.658829968 0.966684069 0.675759785
v 1.061588063 0.964874792 0.606721246
v 1.063662538 0.969407467 0.605274074
v 1.040569254 0.961146962 0.573117562
v 1.038354380 0.956564123 0.574369259
v 1.002041608 0.920682778 0.476305325
v 1.004476103 0.925482485 0.475646155
v 0.999964385 0.909631964 0.450895725
v 0.997502667 0.904735980 0.451404440
v 1.009436546 0.934824351 0.504893587
v 1.011826077 0.939538565 0.504061690
v 0.996963405 0.892809204 0.427052572
v 0.994483334 0.887810904 0.427416377
v 1.021170383 0.946673357 0.538899472
v 1.023489256 0.951315996 0.537862082
v 1.439791196 0.974473825 0.719444052
v 1.439580751 0.978948536 0.717315790
v 1.395038887 0.980198359 0.718706101
v 1.394978629 0.975731372 0.720842807
v 1.485840435 0.973109373 0.716563401
v 1.485351639 0.977592266 0.714452550
v 1.350610505 0.976921167 0.721278272
v 1.350938714 0.981381042 0.719138932
v 1.533604434 0.971603299 0.711240504
v 1.532826888 0.976095292 0.709161809
v 1.580485359 0.969987032 0.702586206
v 1.579424569 0.974488813 0.700559821
v 1.623203571 0.968316548 0.690224385
v 1.621884925 0.972828423 0.688272673
v 0.861373125 0.945343316 0.583101975
v 0.855963648 0.943356782 0.571845571
v 0.798881337 0.943747237 0.571844013
v 0.803669879 0.945776595 0.583104164
v -0.435379831 0.954385878 0.583109735
v -0.433651610 0.952357515 0.571854021
v -0.594787390 0.953459522 0.571856652
v -0.596811702 0.955477715 0.583111086
v 0.730819175 0.946354325 0.583099831
v 0.726780038 0.944265627 0.571833372
v 0.645275698 0.944853221 0.571826113
v 0.648487737 0.946990401 0.583097256
v -0.746759175 0.956489029 0.583112495
v -0.745001437 0.954485136 0.571859533
v -0.837557508 0.955156924 0.571862309
v -0.839015026 0.957141317 0.583113550
v 0.260838415 0.949632205 0.583103464
v 0.260627972 0.947555972 0.571841191
v 0.202193062 0.947976862 0.571842635
v 0.201901557 0.950048966 0.583104066
v 2.195600747 0.918301965 0.611599234
v 2.246571279 0.914520682 0.612580360
v 2.245938722 0.912755146 0.602522144
v 2.195346868 0.916646621 0.601735185
v 2.097830960 0.924505430 0.609725553
v 2.098152747 0.923108631 0.599998500
v 2.051719018 0.925969216 0.599167418
v 2.051150081 0.927248022 0.608832033
v 2.298648484 0.910415168 0.613586511
v 2.297597178 0.908604515 0.603546944
v 1.927849147 0.933191719 0.596923944
v 1.926208408 0.934303514 0.606616222
v 1.965429804 0.932028918 0.607184419
v 1.966623042 0.930920258 0.597634030
v 2.397334685 0.902304697 0.615498953
v 2.445901617 0.898116901 0.616442943
v 2.443849779 0.896253101 0.606417332
v 2.395593315 0.900454509 0.605478857
v 0.198793516 0.950070607 0.583104486
v 0.199085327 0.947999727 0.571842940
v 0.166219188 0.948232272 0.571844120
v 0.071959980 0.948890677 0.571845787
v 0.071419795 0.950951540 0.583105822
v 0.165927377 0.950300246 0.583105092
v 2.488334443 0.891996406 0.607231810
v 2.490708678 0.893830536 0.617313751
v -1.169510155 0.960849953 0.583110591
v -1.165971283 0.960781283 0.583123171
v -1.159777680 0.958717667 0.571869005
v -1.163313800 0.958739614 0.571858299
v 2.518709193 0.888260165 0.607663057
v 2.515529270 0.888640679 0.607614001
v 2.518226514 0.890364462 0.617852400
v 2.521405213 0.889954431 0.617921500
v -0.842147385 0.957163188 0.583114353
v -0.840690020 0.955180247 0.571863035
v 0.169327230 0.948210172 0.571843777
v 0.169035113 0.950279064 0.583104672
v -0.250998281 0.953139343 0.583108332
v -0.249696762 0.951099203 0.571851126
v -0.080005992 0.949935179 0.571848324
v -0.080907574 0.951985642 0.583106983
v 1.880744930 0.937322315 0.605644216
v 1.883011192 0.936132750 0.596084641
v 1.835525545 0.939637746 0.595182174
v 1.832358467 0.941027892 0.604631632
v 0.970265303 0.942445873 0.571737365
v 0.966844041 0.942495425 0.571753901
v 0.972222624 0.945026655 0.583074253
v 0.975650004 0.945048831 0.583053435
v 0.913090311 0.942864316 0.571813883
v 0.918872043 0.944978096 0.583083746
v 0.337747222 0.949087740 0.583102425
v 0.337030242 0.947004777 0.571839044
v 0.407781083 0.946494953 0.571836111
v 0.409007658 0.948587245 0.583100945
v 0.562112574 0.945423916 0.571827017
v 0.482047703 0.945970446 0.571832108
v 0.483836178 0.948078032 0.583098873
v 0.564557467 0.947556431 0.583097032
v -0.949424363 0.956163191 0.571891197
v -0.952775886 0.958035632 0.583127851
v -0.875859891 0.957417985 0.583121134
v -0.874404668 0.955458674 0.571873047
v 1.801137655 0.943635897 0.603969532
v 1.805295782 0.942078359 0.594603139
v 1.801924378 0.942340039 0.594534985
v 1.797770839 0.943926253 0.603892851
v 2.006796333 0.929763727 0.607981815
v 2.007643621 0.928583644 0.598375469
v 2.349631253 0.904356002 0.604588157
v 2.351089073 0.906195102 0.614602432
v 2.146021966 0.921572428 0.610648122
v 2.146078555 0.920043031 0.600854052
v -0.871272309 0.955424875 0.571868823
v -0.872727380 0.957395733 0.583116164
v -1.114188793 0.959965579 0.583129622
v -1.108206247 0.958154008 0.571902278
v -1.035239310 0.957185135 0.571908350
v -1.040147453 0.958988906 0.583135962
v 1.831028502 0.939666193 0.608356689
v 1.879772844 0.935879558 0.609365287
v 0.484377890 0.946867208 0.586940395
v 0.565302283 0.946353560 0.586940351
v 0.337956443 0.947868963 0.586940428
v 0.409375018 0.947371527 0.586940402
v -0.251415195 0.951906419 0.586940275
v -0.081200148 0.950756083 0.586940341
v -0.435929344 0.953149131 0.586940321
v 0.732055845 0.945137612 0.586940473
v 0.805141158 0.944540918 0.586940351
v -1.116087082 0.958659550 0.586939981
v -1.041704075 0.957679283 0.586940108
v 0.863040167 0.944094946 0.586940476
v 0.920658990 0.943771937 0.586940504
v 0.649468386 0.945788906 0.586940498
v 0.260890720 0.948411211 0.586940397
v 0.071239325 0.949725346 0.586940366
v -0.597453285 0.954237680 0.586940276
v -0.747318324 0.955244406 0.586940194
v -0.953838971 0.956748339 0.586940141
v 1.925491426 0.932825658 0.610339760
v 0.644268438 0.942328798 0.568692741
v 0.561342982 0.942900716 0.568692689
v -0.433127485 0.949860850 0.568692527
v -0.594171195 0.950965381 0.568692482
v -0.744468441 0.951994819 0.568692476
v 0.854269076 0.940874723 0.568692737
v 0.797382222 0.941252408 0.568692785
v -0.948398596 0.953707591 0.568692462
v -1.033728723 0.954747887 0.568692525
v 0.336794409 0.944494271 0.568692653
v 0.260549055 0.945047072 0.568692621
v 0.481480603 0.943453822 0.568692733
v -0.079738959 0.947432856 0.568692566
v -0.249305236 0.948599480 0.568692538
v 0.725515227 0.941754585 0.568692716
v 0.407387722 0.943982229 0.568692588
v 0.072114755 0.946385601 0.568692590
v 0.911285623 0.940349452 0.568692593
v -1.106357817 0.955715154 0.568692398
v 2.348960766 0.901859490 0.601455024
v 2.297073207 0.906116644 0.600400324
v 2.394819747 0.897956850 0.602355464
v 2.245565855 0.910280428 0.599357630
v 2.442958141 0.893753454 0.603301347
v 2.487303324 0.889514423 0.604118377
v 2.145877896 0.920250493 0.614448426
v 2.195554558 0.917024765 0.615417957
v 2.097597879 0.923136007 0.613506137
v 2.298860458 0.909188438 0.617434198
v 2.351438387 0.904982290 0.618460260
v 2.446441494 0.896916171 0.620314355
v 2.491319825 0.892620782 0.621190181
v 1.964879832 0.930555955 0.610915995
v 2.006376972 0.928316000 0.611725847
v 2.397776987 0.901097467 0.619364648
v 2.246643160 0.913274224 0.616415009
v 2.050830130 0.925836082 0.612593443
v 2.195115318 0.914193927 0.598546773
v 2.051808030 0.923626332 0.595890531
v 2.007840608 0.926270966 0.595075565
v 1.966950639 0.928629526 0.594317666
v 2.145969050 0.917625512 0.597635837
v 2.098146324 0.920730036 0.596749429
v 1.928324791 0.930905576 0.593601691
v 1.883710128 0.933814795 0.592774758
v 1.836551771 0.937244622 0.591900699
v 2.518906789 0.889110662 0.621728667
v 2.525721784 0.888243494 0.621861697
v 1.792207809 0.942952715 0.607545950
v 1.799424729 0.942341798 0.607696673
v 1.806692734 0.939622223 0.591347244
v 1.799467249 0.940197659 0.591213325
v 2.521189876 0.885375798 0.604590642
v 2.514377329 0.886207943 0.604495694
v -1.157871592 0.956207238 0.568692447
v -1.165452203 0.956279655 0.568692446
v -1.175513500 0.959684093 0.586940143
v -1.167928300 0.959553406 0.586940126
v 0.202270144 0.945468956 0.568692612
v 0.195609313 0.945517285 0.568692610
v 0.195137032 0.948873318 0.586940405
v 0.201797863 0.948826519 0.586940406
v 0.165823990 0.949076422 0.586940362
v 0.172484821 0.949030770 0.586940363
v 0.172957408 0.945678560 0.568692607
v 0.166296576 0.945725283 0.568692606
v 0.973874678 0.943947818 0.586940455
v 0.981220068 0.943972059 0.586940457
v 0.972518718 0.939802233 0.568692699
v 0.965183116 0.939867768 0.568692678
v -0.837117959 0.952672112 0.568692442
v -0.843831402 0.952721129 0.568692441
v -0.846194783 0.955937758 0.586940216
v -0.839481340 0.955890576 0.586940217
v -0.876327123 0.956158221 0.586940211
v -0.869613986 0.956107139 0.586940212
v -0.867256264 0.952914063 0.568692418
v -0.873969860 0.952979674 0.568692436
v -2.449468677 0.515894187 0.776936226
v -2.439513523 0.515894187 0.776936229
v -2.439956877 0.514069272 0.784273269
v -2.449912031 0.514069272 0.784273265
v -2.449911749 0.514069272 0.579784497
v -2.439956596 0.514069272 0.579784499
v -2.439513244 0.515894187 0.587121534
v -2.449468397 0.515894187 0.587121533
v -2.449468547 0.515894187 0.686285686
v -2.439513413 0.515894187 0.686285687
v -2.451095100 0.509198447 0.573954702
v -2.441139947 0.509198447 0.573954703
v -2.452794738 0.502202563 0.570216338
v -2.442839566 0.502202563 0.570216340
v -2.453416591 0.499642887 0.569809155
v -2.443461438 0.499642887 0.569809157
v -2.456033723 0.488870921 0.677772108
v -2.446078579 0.488870921 0.677772109
v -2.450028745 0.472611591 0.677772109
v -2.459983898 0.472611591 0.677772107
v -2.441140250 0.509198409 0.790103087
v -2.451095403 0.509198409 0.790103083
v -2.439513373 0.515894187 0.677772110
v -2.449468546 0.515894187 0.677772109
v -2.442839870 0.502202525 0.793841445
v -2.452795042 0.502202525 0.793841441
v -2.453418559 0.499635355 0.677772108
v -2.443463405 0.499635355 0.677772110
v -2.443461438 0.499642887 0.569809157
v -2.453416591 0.499642887 0.569809155
v -2.443461742 0.499642849 0.794248633
v -2.453416895 0.499642849 0.794248629
v -2.459983766 0.472611591 0.568853739
v -2.450028612 0.472611591 0.568853741
v -2.446076592 0.488878529 0.568853742
v -2.456031755 0.488878529 0.568853740
v -2.459983898 0.472611591 0.677772107
v -2.450028745 0.472611591 0.677772109
v -2.450028612 0.472611591 0.568853741
v -2.459983766 0.472611591 0.568853739
v -2.456031755 0.488878529 0.568853740
v -2.446076592 0.488878529 0.568853742
v -2.446078579 0.488870921 0.677772109
v -2.456033723 0.488870921 0.677772108
v -2.449468546 0.515894187 0.677772109
v -2.439513373 0.515894187 0.677772110
v -2.443463405 0.499635355 0.677772110
v -2.453418559 0.499635355 0.677772108
v -2.453418579 0.499635355 0.686285695
v -2.443463426 0.499635355 0.686285687
v -2.439513413 0.515894187 0.686285687
v -2.449468547 0.515894187 0.686285686
v -2.453416895 0.499642849 0.794248629
v -2.443461742 0.499642849 0.794248633
v -2.443463426 0.499635355 0.686285687
v -2.453418579 0.499635355 0.686285695
v -2.460401827 0.470890828 0.567689505
v -2.459983766 0.472611591 0.568853739
v -2.456031755 0.488878529 0.568853740
v -2.455613685 0.490599407 0.567689506
v -2.453834613 0.497922200 0.568339481
v -2.453416591 0.499642887 0.569809155
v -2.452794738 0.502202563 0.570216338
v -2.452608553 0.502968829 0.569142281
v -2.451095100 0.509198447 0.573954702
v -2.450771556 0.510530170 0.573182777
v -2.449911749 0.514069272 0.579784497
v -2.449511678 0.515716051 0.579389626
v -2.449468397 0.515894187 0.587121533
v -2.449050336 0.517614951 0.587024263
v -2.449050616 0.517614951 0.777033501
v -2.449468677 0.515894187 0.776936226
v -2.449912031 0.514069272 0.784273265
v -2.449511979 0.515716051 0.784668140
v -2.451095403 0.509198409 0.790103083
v -2.450771878 0.510530132 0.790875010
v -2.452795042 0.502202525 0.793841441
v -2.452608877 0.502968791 0.794915511
v -2.453416895 0.499642849 0.794248629
v -2.453834937 0.497922162 0.795718315
v -2.448579030 0.519555603 0.686285686
v -2.448160970 0.521276366 0.686285686
v -2.448160949 0.521276366 0.677772109
v -2.448578991 0.519555603 0.677772109
v -2.546221943 0.117644641 0.677772131
v -2.546639994 0.115923878 0.677772131
v -2.546639996 0.115923878 0.686285718
v -2.546221945 0.117644641 0.686285718
v -2.542402197 0.133367085 0.796126841
v -2.542588329 0.132600914 0.797200975
v -2.540074689 0.142947374 0.798845560
v -2.540026240 0.143146797 0.797681342
v -2.544394069 0.125168215 0.791745683
v -2.544717604 0.123836502 0.792517613
v -2.545740282 0.119627046 0.785113568
v -2.546140353 0.117980305 0.785508444
v -2.546221892 0.117644641 0.777143291
v -2.546639948 0.115923878 0.777240564
v -2.452398605 0.503833092 0.567930941
v -2.452212420 0.504599358 0.566856883
v -2.454724110 0.494260976 0.565212283
v -2.454772592 0.494061390 0.566376499
v -2.450406680 0.512032077 0.572312186
v -2.450083136 0.513363761 0.571540242
v -2.449060467 0.517573236 0.578944285
v -2.448660396 0.519219977 0.578549413
v -2.448578880 0.519555603 0.586914567
v -2.448160820 0.521276366 0.586817298
v -2.533509478 0.169970898 0.566376524
v -2.533509478 0.169970898 0.565212309
v -2.540074765 0.142947374 0.565212308
v -2.540026322 0.143146788 0.566376523
v -2.526944205 0.196994394 0.566376525
v -2.526944205 0.196994394 0.565212310
v -2.520378923 0.224017890 0.566376526
v -2.520378923 0.224017890 0.565212311
v -2.513813631 0.251041386 0.566376528
v -2.513813631 0.251041386 0.565212312
v -2.507248349 0.278064883 0.566376529
v -2.507248348 0.278064883 0.565212313
v -2.500683066 0.305088379 0.566376530
v -2.500683066 0.305088379 0.565212314
v -2.494117784 0.332111894 0.566376531
v -2.494117784 0.332111894 0.565212315
v -2.487552492 0.359135390 0.566376532
v -2.487552492 0.359135390 0.565212316
v -2.480987219 0.386158886 0.566376533
v -2.480987219 0.386158886 0.565212317
v -2.474421936 0.413182382 0.566376534
v -2.474421936 0.413182382 0.565212318
v -2.467856654 0.440205878 0.566376497
v -2.467856654 0.440205878 0.565212281
v -2.461291362 0.467229374 0.566376498
v -2.461291362 0.467229374 0.565212282
v -2.454772592 0.494061390 0.566376499
v -2.454724110 0.494260976 0.565212283
v -2.448579160 0.519555603 0.777143205
v -2.448161099 0.521276366 0.777240480
v -2.449060769 0.517573236 0.785113484
v -2.448660697 0.519219977 0.785508358
v -2.450406983 0.512032077 0.791745594
v -2.450083459 0.513363761 0.792517523
v -2.452398910 0.503833054 0.796126844
v -2.452212744 0.504599320 0.797200913
v -2.454772898 0.494061390 0.797681277
v -2.454724416 0.494260976 0.798845498
v -2.533509430 0.169970879 0.798845564
v -2.533509430 0.169970879 0.797681346
v -2.526944176 0.196994375 0.798845565
v -2.526944176 0.196994375 0.797681347
v -2.520378932 0.224017871 0.798845551
v -2.520378932 0.224017871 0.797681334
v -2.513813678 0.251041367 0.798845543
v -2.513813678 0.251041367 0.797681325
v -2.507248425 0.278064883 0.798845544
v -2.507248425 0.278064883 0.797681326
v -2.500683171 0.305088359 0.798845547
v -2.500683171 0.305088359 0.797681330
v -2.494117917 0.332111856 0.798845537
v -2.494117917 0.332111856 0.797681316
v -2.487552654 0.359135390 0.798845526
v -2.487552654 0.359135390 0.797681308
v -2.480987391 0.386158886 0.798845527
v -2.480987390 0.386158886 0.797681309
v -2.474422137 0.413182382 0.798845530
v -2.474422137 0.413182382 0.797681312
v -2.467856902 0.440205878 0.798845519
v -2.467856902 0.440205878 0.797681299
v -2.461291629 0.467229374 0.798845506
v -2.461291629 0.467229374 0.797681288
v -2.545740377 0.119627036 0.578944307
v -2.546140453 0.117980286 0.578549417
v -2.546640042 0.115923878 0.586817301
v -2.546221990 0.117644641 0.586914590
v -2.544394181 0.125168196 0.572312190
v -2.544717716 0.123836483 0.571540265
v -2.542402289 0.133367085 0.567931021
v -2.542588426 0.132600914 0.566856887
v -2.449050485 0.517614951 0.679625767
v -2.449468546 0.515894187 0.677772109
v -2.453418559 0.499635355 0.677772108
v -2.453836639 0.497914477 0.679625766
v -2.453836659 0.497914477 0.684551936
v -2.453418579 0.499635355 0.686285695
v -2.449468547 0.515894187 0.686285686
v -2.449050486 0.517614951 0.684551937
v -2.455615691 0.490591607 0.679625766
v -2.456033723 0.488870921 0.677772108
v -2.459983898 0.472611591 0.677772107
v -2.460401950 0.470890828 0.679625765
v -2.453834937 0.497922162 0.795718315
v -2.453416895 0.499642849 0.794248629
v -2.453416591 0.499642887 0.569809155
v -2.453834613 0.497922200 0.568339481
v -2.459983766 0.472611591 0.568853739
v -2.460401827 0.470890828 0.567689505
v -2.462599044 0.461847233 0.677772107
v -2.452643900 0.461847233 0.677772108
v -2.456594066 0.445587904 0.677772108
v -2.466549210 0.445587904 0.677772106
v -2.466549096 0.445587904 0.568853738
v -2.456593933 0.445587904 0.568853740
v -2.452641913 0.461854842 0.568853741
v -2.462597076 0.461854842 0.568853739
v -2.466549210 0.445587904 0.677772106
v -2.456594066 0.445587904 0.677772108
v -2.456593933 0.445587904 0.568853740
v -2.466549096 0.445587904 0.568853738
v -2.462597076 0.461854842 0.568853739
v -2.452641913 0.461854842 0.568853741
v -2.452643900 0.461847233 0.677772108
v -2.462599044 0.461847233 0.677772107
v -2.466967157 0.443867141 0.567689504
v -2.466549096 0.445587904 0.568853738
v -2.462597076 0.461854842 0.568853739
v -2.462179005 0.463575682 0.567689504
v -2.462181012 0.463567920 0.679625765
v -2.462599044 0.461847233 0.677772107
v -2.466549210 0.445587904 0.677772106
v -2.466967271 0.443867179 0.679625764
v -2.466549096 0.445587904 0.568853738
v -2.466967157 0.443867141 0.567689504
v -2.469164355 0.434823776 0.677772096
v -2.459209201 0.434823776 0.677772107
v -2.463159367 0.418564446 0.677772107
v -2.473114521 0.418564446 0.677772095
v -2.473114388 0.418564446 0.568853737
v -2.463159225 0.418564446 0.568853739
v -2.459207224 0.434831384 0.568853740
v -2.469162377 0.434831384 0.568853738
v -2.473114521 0.418564446 0.677772095
v -2.463159367 0.418564446 0.677772107
v -2.463159225 0.418564446 0.568853739
v -2.473114388 0.418564446 0.568853737
v -2.469162377 0.434831384 0.568853738
v -2.459207224 0.434831384 0.568853740
v -2.459209201 0.434823776 0.677772107
v -2.469164355 0.434823776 0.677772096
v -2.473532449 0.416843683 0.567689503
v -2.473114388 0.418564446 0.568853737
v -2.469162377 0.434831384 0.568853738
v -2.468744297 0.436552224 0.567689503
v -2.468746323 0.436544462 0.679625754
v -2.469164355 0.434823776 0.677772096
v -2.473114521 0.418564446 0.677772095
v -2.473532572 0.416843683 0.679625754
v -2.473114388 0.418564446 0.568853737
v -2.473532449 0.416843683 0.567689503
v -2.475729589 0.407800280 0.677772114
v -2.465774445 0.407800280 0.677772125
v -2.469724611 0.391540950 0.677772115
v -2.479679755 0.391540950 0.677772113
v -2.479679632 0.391540950 0.568853755
v -2.469724469 0.391540950 0.568853757
v -2.465772459 0.407807888 0.568853758
v -2.475727622 0.407807888 0.568853756
v -2.479679755 0.391540950 0.677772113
v -2.469724611 0.391540950 0.677772115
v -2.469724469 0.391540950 0.568853757
v -2.479679632 0.391540950 0.568853755
v -2.475727622 0.407807888 0.568853756
v -2.465772459 0.407807888 0.568853758
v -2.465774445 0.407800280 0.677772125
v -2.475729589 0.407800280 0.677772114
v -2.480097693 0.389820187 0.567689540
v -2.479679632 0.391540950 0.568853755
v -2.475727622 0.407807888 0.568853756
v -2.475309551 0.409528728 0.567689521
v -2.475311548 0.409520966 0.679625773
v -2.475729589 0.407800280 0.677772114
v -2.479679755 0.391540950 0.677772113
v -2.480097816 0.389820187 0.679625772
v -2.479679632 0.391540950 0.568853755
v -2.480097693 0.389820187 0.567689540
v -2.482294853 0.380776784 0.677772094
v -2.472339699 0.380776784 0.677772096
v -2.476289865 0.364517454 0.677772095
v -2.486245019 0.364517454 0.677772093
v -2.486244886 0.364517454 0.568853735
v -2.476289723 0.364517454 0.568853737
v -2.472337712 0.380784392 0.568853737
v -2.482292875 0.380784392 0.568853736
v -2.486245019 0.364517454 0.677772093
v -2.476289865 0.364517454 0.677772095
v -2.476289723 0.364517454 0.568853737
v -2.486244886 0.364517454 0.568853735
v -2.482292875 0.380784392 0.568853736
v -2.472337712 0.380784392 0.568853737
v -2.472339699 0.380776784 0.677772096
v -2.482294853 0.380776784 0.677772094
v -2.486662947 0.362796691 0.567689520
v -2.486244886 0.364517454 0.568853735
v -2.482292875 0.380784392 0.568853736
v -2.481874805 0.382505232 0.567689520
v -2.481876811 0.382497470 0.679625771
v -2.482294853 0.380776784 0.677772094
v -2.486245019 0.364517454 0.677772093
v -2.486663070 0.362796691 0.679625752
v -2.486244886 0.364517454 0.568853735
v -2.486662947 0.362796691 0.567689520
v -2.488860126 0.353753287 0.677772093
v -2.478904982 0.353753287 0.677772094
v -2.482855147 0.337493958 0.677772094
v -2.492810291 0.337493958 0.677772092
v -2.492810178 0.337493958 0.568853734
v -2.482855015 0.337493958 0.568853736
v -2.478902995 0.353760896 0.568853736
v -2.488858158 0.353760896 0.568853735
v -2.492810291 0.337493958 0.677772092
v -2.482855147 0.337493958 0.677772094
v -2.482855015 0.337493958 0.568853736
v -2.492810178 0.337493958 0.568853734
v -2.488858158 0.353760896 0.568853735
v -2.478902995 0.353760896 0.568853736
v -2.478904982 0.353753287 0.677772094
v -2.488860126 0.353753287 0.677772093
v -2.493228239 0.335773195 0.567689519
v -2.492810178 0.337493958 0.568853734
v -2.488858158 0.353760896 0.568853735
v -2.488440087 0.355481736 0.567689519
v -2.488442094 0.355473974 0.679625751
v -2.488860126 0.353753287 0.677772093
v -2.492810291 0.337493958 0.677772092
v -2.493228352 0.335773195 0.679625750
v -2.492810178 0.337493958 0.568853734
v -2.493228239 0.335773195 0.567689519
v -2.495425437 0.326729753 0.677772111
v -2.485470283 0.326729753 0.677772113
v -2.489420449 0.310470404 0.677772112
v -2.499375602 0.310470404 0.677772110
v -2.499375470 0.310470404 0.568853771
v -2.489420307 0.310470404 0.568853773
v -2.485468306 0.326737362 0.568853774
v -2.495423459 0.326737362 0.568853772
v -2.499375602 0.310470404 0.677772110
v -2.489420449 0.310470404 0.677772112
v -2.489420307 0.310470404 0.568853773
v -2.499375470 0.310470404 0.568853771
v -2.495423459 0.326737362 0.568853772
v -2.485468306 0.326737362 0.568853774
v -2.485470283 0.326729753 0.677772113
v -2.495425437 0.326729753 0.677772111
v -2.499793521 0.308749641 0.567689537
v -2.499375470 0.310470404 0.568853771
v -2.495423459 0.326737362 0.568853772
v -2.495005379 0.328458202 0.567689537
v -2.495007405 0.328450440 0.679625769
v -2.495425437 0.326729753 0.677772111
v -2.499375602 0.310470404 0.677772110
v -2.499793654 0.308749641 0.679625769
v -2.499375470 0.310470404 0.568853771
v -2.499793521 0.308749641 0.567689537
v -2.501990671 0.299706181 0.677772091
v -2.492035527 0.299706181 0.677772092
v -2.495985693 0.283446832 0.677772092
v -2.505940837 0.283446851 0.677772090
v -2.505940714 0.283446851 0.568853751
v -2.495985551 0.283446832 0.568853753
v -2.492033541 0.299713789 0.568853753
v -2.501988704 0.299713789 0.568853752
v -2.505940837 0.283446851 0.677772090
v -2.495985693 0.283446832 0.677772092
v -2.495985551 0.283446832 0.568853753
v -2.505940714 0.283446851 0.568853751
v -2.501988704 0.299713789 0.568853752
v -2.492033541 0.299713789 0.568853753
v -2.492035527 0.299706181 0.677772092
v -2.501990671 0.299706181 0.677772091
v -2.506358775 0.281726088 0.567689536
v -2.505940714 0.283446851 0.568853751
v -2.501988704 0.299713789 0.568853752
v -2.501570633 0.301434629 0.567689536
v -2.501572640 0.301426848 0.679625749
v -2.501990671 0.299706181 0.677772091
v -2.505940837 0.283446851 0.677772090
v -2.506358898 0.281726088 0.679625748
v -2.505940714 0.283446851 0.568853751
v -2.506358775 0.281726088 0.567689536
v -2.508555935 0.272682761 0.677772109
v -2.498600781 0.272682742 0.677772110
v -2.502550947 0.256423412 0.677772110
v -2.512506100 0.256423432 0.677772108
v -2.512505978 0.256423432 0.568853769
v -2.502550805 0.256423412 0.568853771
v -2.498598794 0.272690351 0.568853771
v -2.508553967 0.272690370 0.568853770
v -2.512506100 0.256423432 0.677772108
v -2.502550947 0.256423412 0.677772110
v -2.502550805 0.256423412 0.568853771
v -2.512505978 0.256423432 0.568853769
v -2.508553967 0.272690370 0.568853770
v -2.498598794 0.272690351 0.568853771
v -2.498600781 0.272682742 0.677772110
v -2.508555935 0.272682761 0.677772109
v -2.512924029 0.254702668 0.567689554
v -2.512505978 0.256423432 0.568853769
v -2.508553967 0.272690370 0.568853770
v -2.508135896 0.274411190 0.567689554
v -2.508137903 0.274403429 0.679625767
v -2.508555935 0.272682761 0.677772109
v -2.512506100 0.256423432 0.677772108
v -2.512924162 0.254702668 0.679625766
v -2.512505978 0.256423432 0.568853769
v -2.512924029 0.254702668 0.567689554
v -2.515121198 0.245659284 0.677772108
v -2.505166035 0.245659265 0.677772109
v -2.509116210 0.229399955 0.677772109
v -2.519071364 0.229399955 0.677772107
v -2.519071241 0.229399955 0.568853768
v -2.509116078 0.229399955 0.568853770
v -2.505164058 0.245666874 0.568853770
v -2.515119230 0.245666893 0.568853769
v -2.519071364 0.229399955 0.677772107
v -2.509116210 0.229399955 0.677772109
v -2.509116078 0.229399955 0.568853770
v -2.519071241 0.229399955 0.568853768
v -2.515119230 0.245666893 0.568853769
v -2.505164058 0.245666874 0.568853770
v -2.505166035 0.245659265 0.677772109
v -2.515121198 0.245659284 0.677772108
v -2.519489301 0.227679191 0.567689552
v -2.519071241 0.229399955 0.568853768
v -2.515119230 0.245666893 0.568853769
v -2.514701160 0.247387733 0.567689553
v -2.514703166 0.247379971 0.679625766
v -2.515121198 0.245659284 0.677772108
v -2.519071364 0.229399955 0.677772107
v -2.519489425 0.227679191 0.679625765
v -2.519071241 0.229399955 0.568853768
v -2.519489301 0.227679191 0.567689552
v -2.521686490 0.218635769 0.677772107
v -2.511731327 0.218635769 0.677772108
v -2.515681502 0.202376439 0.677772108
v -2.525636656 0.202376439 0.677772106
v -2.525636523 0.202376439 0.568853767
v -2.515681360 0.202376439 0.568853769
v -2.511729340 0.218643378 0.568853769
v -2.521684522 0.218643378 0.568853768
v -2.525636656 0.202376439 0.677772106
v -2.515681502 0.202376439 0.677772108
v -2.515681360 0.202376439 0.568853769
v -2.525636523 0.202376439 0.568853767
v -2.521684522 0.218643378 0.568853768
v -2.511729340 0.218643378 0.568853769
v -2.511731327 0.218635769 0.677772108
v -2.521686490 0.218635769 0.677772107
v -2.526054584 0.200655676 0.567689551
v -2.525636523 0.202376439 0.568853767
v -2.521684522 0.218643378 0.568853768
v -2.521266442 0.220364237 0.567689552
v -2.521268449 0.220356456 0.679625794
v -2.521686490 0.218635769 0.677772107
v -2.525636656 0.202376439 0.677772106
v -2.526054717 0.200655676 0.679625764
v -2.525636523 0.202376439 0.568853767
v -2.526054584 0.200655676 0.567689551
v -2.528251772 0.191612196 0.677772096
v -2.518296609 0.191612196 0.677772107
v -2.522246785 0.175352848 0.677772107
v -2.532201938 0.175352848 0.677772095
v -2.532201806 0.175352848 0.568853766
v -2.522246643 0.175352848 0.568853768
v -2.518294622 0.191619805 0.568853768
v -2.528249795 0.191619805 0.568853767
v -2.532201938 0.175352848 0.677772095
v -2.522246785 0.175352848 0.677772107
v -2.522246643 0.175352848 0.568853768
v -2.532201806 0.175352848 0.568853766
v -2.528249795 0.191619805 0.568853767
v -2.518294622 0.191619805 0.568853768
v -2.518296609 0.191612196 0.677772107
v -2.528251772 0.191612196 0.677772096
v -2.532619866 0.173632123 0.567689550
v -2.532201806 0.175352848 0.568853766
v -2.528249795 0.191619805 0.568853767
v -2.527831725 0.193340645 0.567689551
v -2.527833741 0.193332864 0.679625754
v -2.528251772 0.191612196 0.677772096
v -2.532201938 0.175352848 0.677772095
v -2.532619999 0.173632104 0.679625754
v -2.532201806 0.175352848 0.568853766
v -2.532619866 0.173632123 0.567689550
v -2.534817012 0.164588796 0.677772095
v -2.524861853 0.164588796 0.677772106
v -2.528812019 0.148329447 0.677772096
v -2.538767178 0.148329447 0.677772094
v -2.538767055 0.148329447 0.568853765
v -2.528811877 0.148329447 0.568853767
v -2.524859867 0.164596405 0.568853767
v -2.534815039 0.164596405 0.568853766
v -2.538767178 0.148329447 0.677772094
v -2.528812019 0.148329447 0.677772096
v -2.528811877 0.148329447 0.568853767
v -2.538767055 0.148329447 0.568853765
v -2.534815039 0.164596405 0.568853766
v -2.524859867 0.164596405 0.568853767
v -2.524861853 0.164588796 0.677772106
v -2.534817012 0.164588796 0.677772095
v -2.539185110 0.146608684 0.567689549
v -2.538767055 0.148329447 0.568853765
v -2.534815039 0.164596405 0.568853766
v -2.534396969 0.166317244 0.567689550
v -2.534398975 0.166309464 0.679625753
v -2.534817012 0.164588796 0.677772095
v -2.538767178 0.148329447 0.677772094
v -2.539185239 0.146608684 0.679625753
v -2.538767055 0.148329447 0.568853765
v -2.539185110 0.146608684 0.567689549
v -2.534816983 0.164588777 0.794514637
v -2.524861825 0.164588777 0.794514634
v -2.528812000 0.148329419 0.794514641
v -2.538767149 0.148329419 0.794514637
v -2.538767026 0.148329419 0.685596305
v -2.528811858 0.148329419 0.685596307
v -2.524859838 0.164596386 0.685596307
v -2.534815015 0.164596386 0.685596306
v -2.538767149 0.148329419 0.794514637
v -2.528812000 0.148329419 0.794514641
v -2.528811858 0.148329419 0.685596307
v -2.538767026 0.148329419 0.685596305
v -2.534815015 0.164596386 0.685596306
v -2.524859838 0.164596386 0.685596307
v -2.524861825 0.164588777 0.794514634
v -2.534816983 0.164588777 0.794514637
v -2.539185086 0.146608665 0.684432085
v -2.538767026 0.148329419 0.685596305
v -2.534815015 0.164596386 0.685596306
v -2.534396940 0.166317225 0.684432085
v -2.534398956 0.166309445 0.796368336
v -2.534816983 0.164588777 0.794514637
v -2.538767149 0.148329419 0.794514637
v -2.539185210 0.146608665 0.796368295
v -2.538767026 0.148329419 0.685596305
v -2.539185086 0.146608665 0.684432085
v -2.528251744 0.191612273 0.794514643
v -2.518296580 0.191612273 0.794514642
v -2.522246756 0.175352943 0.794514644
v -2.532201909 0.175352943 0.794514643
v -2.532201777 0.175352943 0.685596311
v -2.522246614 0.175352943 0.685596312
v -2.518294594 0.191619882 0.685596313
v -2.528249776 0.191619882 0.685596311
v -2.532201909 0.175352943 0.794514643
v -2.522246756 0.175352943 0.794514644
v -2.522246614 0.175352943 0.685596312
v -2.532201777 0.175352943 0.685596311
v -2.528249776 0.191619882 0.685596311
v -2.518294594 0.191619882 0.685596313
v -2.518296580 0.191612273 0.794514642
v -2.528251744 0.191612273 0.794514643
v -2.532619838 0.173632180 0.684432090
v -2.532201777 0.175352943 0.685596311
v -2.528249776 0.191619882 0.685596311
v -2.527831696 0.193340740 0.684432091
v -2.527833712 0.193332960 0.796368304
v -2.528251744 0.191612273 0.794514643
v -2.532201909 0.175352943 0.794514643
v -2.532619970 0.173632180 0.796368303
v -2.532201777 0.175352943 0.685596311
v -2.532619838 0.173632180 0.684432090
v -2.521686499 0.218635769 0.794514635
v -2.511731336 0.218635769 0.794514634
v -2.515681512 0.202376439 0.794514638
v -2.525636665 0.202376439 0.794514634
v -2.525636542 0.202376439 0.685596298
v -2.515681370 0.202376439 0.685596299
v -2.511729359 0.218643378 0.685596305
v -2.521684532 0.218643378 0.685596298
v -2.525636665 0.202376439 0.794514634
v -2.515681512 0.202376439 0.794514638
v -2.515681370 0.202376439 0.685596299
v -2.525636542 0.202376439 0.685596298
v -2.521684532 0.218643378 0.685596298
v -2.511729359 0.218643378 0.685596305
v -2.511731336 0.218635769 0.794514634
v -2.521686499 0.218635769 0.794514635
v -2.526054593 0.200655676 0.684432082
v -2.525636542 0.202376439 0.685596298
v -2.521684532 0.218643378 0.685596298
v -2.521266461 0.220364237 0.684432083
v -2.521268468 0.220356456 0.796368296
v -2.521686499 0.218635769 0.794514635
v -2.525636665 0.202376439 0.794514634
v -2.526054726 0.200655676 0.796368295
v -2.525636542 0.202376439 0.685596298
v -2.526054593 0.200655676 0.684432082
v -2.515121226 0.245659265 0.794514621
v -2.505166073 0.245659246 0.794514618
v -2.509116239 0.229399935 0.794514622
v -2.519071392 0.229399935 0.794514621
v -2.519071279 0.229399935 0.685596289
v -2.509116106 0.229399935 0.685596295
v -2.505164096 0.245666855 0.685596296
v -2.515119259 0.245666874 0.685596290
v -2.519071392 0.229399935 0.794514621
v -2.509116239 0.229399935 0.794514622
v -2.509116106 0.229399935 0.685596295
v -2.519071279 0.229399935 0.685596289
v -2.515119259 0.245666874 0.685596290
v -2.505164096 0.245666855 0.685596296
v -2.505166073 0.245659246 0.794514618
v -2.515121226 0.245659265 0.794514621
v -2.519489340 0.227679172 0.684432069
v -2.519071279 0.229399935 0.685596289
v -2.515119259 0.245666874 0.685596290
v -2.514701198 0.247387733 0.684432069
v -2.514703195 0.247379952 0.796368282
v -2.515121226 0.245659265 0.794514621
v -2.519071392 0.229399935 0.794514621
v -2.519489453 0.227679172 0.796368281
v -2.519071279 0.229399935 0.685596289
v -2.519489340 0.227679172 0.684432069
v -2.508555982 0.272682723 0.794514623
v -2.498600819 0.272682704 0.794514622
v -2.502550985 0.256423355 0.794514626
v -2.512506148 0.256423374 0.794514622
v -2.512506016 0.256423374 0.685596290
v -2.502550843 0.256423355 0.685596297
v -2.498598832 0.272690312 0.685596297
v -2.508554015 0.272690332 0.685596296
v -2.512506148 0.256423374 0.794514622
v -2.502550985 0.256423355 0.794514626
v -2.502550843 0.256423355 0.685596297
v -2.512506016 0.256423374 0.685596290
v -2.508554015 0.272690332 0.685596296
v -2.498598832 0.272690312 0.685596297
v -2.498600819 0.272682704 0.794514622
v -2.508555982 0.272682723 0.794514623
v -2.512924086 0.254702649 0.684432065
v -2.512506016 0.256423374 0.685596290
v -2.508554015 0.272690332 0.685596296
v -2.508135934 0.274411190 0.684432071
v -2.508137951 0.274403390 0.796368283
v -2.508555982 0.272682723 0.794514623
v -2.512506148 0.256423374 0.794514622
v -2.512924209 0.254702630 0.796368283
v -2.512506016 0.256423374 0.685596290
v -2.512924086 0.254702649 0.684432065
v -2.501990729 0.299706181 0.794514621
v -2.492035565 0.299706181 0.794514616
v -2.495985731 0.283446832 0.794514622
v -2.505940894 0.283446851 0.794514618
v -2.505940771 0.283446851 0.685596286
v -2.495985589 0.283446832 0.685596288
v -2.492033579 0.299713789 0.685596289
v -2.501988751 0.299713789 0.685596287
v -2.505940894 0.283446851 0.794514618
v -2.495985731 0.283446832 0.794514622
v -2.495985589 0.283446832 0.685596288
v -2.505940771 0.283446851 0.685596286
v -2.501988751 0.299713789 0.685596287
v -2.492033579 0.299713789 0.685596289
v -2.492035565 0.299706181 0.794514616
v -2.501990729 0.299706181 0.794514621
v -2.506358832 0.281726088 0.684432071
v -2.505940771 0.283446851 0.685596286
v -2.501988751 0.299713789 0.685596287
v -2.501570681 0.301434648 0.684432072
v -2.501572697 0.301426848 0.796368280
v -2.501990729 0.299706181 0.794514621
v -2.505940894 0.283446851 0.794514618
v -2.506358955 0.281726088 0.796368276
v -2.505940771 0.283446851 0.685596286
v -2.506358832 0.281726088 0.684432071
v -2.495425484 0.326729753 0.794514606
v -2.485470321 0.326729753 0.794514602
v -2.489420487 0.310470424 0.794514609
v -2.499375660 0.310470424 0.794514605
v -2.499375537 0.310470424 0.685596278
v -2.489420345 0.310470424 0.685596280
v -2.485468344 0.326737400 0.685596280
v -2.495423517 0.326737400 0.685596279
v -2.499375660 0.310470424 0.794514605
v -2.489420487 0.310470424 0.794514609
v -2.489420345 0.310470424 0.685596280
v -2.499375537 0.310470424 0.685596278
v -2.495423517 0.326737400 0.685596279
v -2.485468344 0.326737400 0.685596280
v -2.485470321 0.326729753 0.794514602
v -2.495425484 0.326729753 0.794514606
v -2.499793597 0.308749641 0.684432058
v -2.499375537 0.310470424 0.685596278
v -2.495423517 0.326737400 0.685596279
v -2.495005437 0.328458202 0.684432058
v -2.495007453 0.328450440 0.796368264
v -2.495425484 0.326729753 0.794514606
v -2.499375660 0.310470424 0.794514605
v -2.499793721 0.308749660 0.796368263
v -2.499375537 0.310470424 0.685596278
v -2.499793597 0.308749641 0.684432058
v -2.488860221 0.353753249 0.794514592
v -2.478905058 0.353753249 0.794514587
v -2.482855224 0.337493881 0.794514593
v -2.492810396 0.337493881 0.794514589
v -2.492810283 0.337493881 0.685596265
v -2.482855091 0.337493881 0.685596271
v -2.478903071 0.353760858 0.685596272
v -2.488858253 0.353760858 0.685596265
v -2.492810396 0.337493881 0.794514589
v -2.482855224 0.337493881 0.794514593
v -2.482855091 0.337493881 0.685596271
v -2.492810283 0.337493881 0.685596265
v -2.488858253 0.353760858 0.685596265
v -2.478903071 0.353760858 0.685596272
v -2.478905058 0.353753249 0.794514587
v -2.488860221 0.353753249 0.794514592
v -2.493228334 0.335773118 0.684432044
v -2.492810283 0.337493881 0.685596265
v -2.488858253 0.353760858 0.685596265
v -2.488440173 0.355481698 0.684432045
v -2.488442189 0.355473936 0.796368251
v -2.488860221 0.353753249 0.794514592
v -2.492810396 0.337493881 0.794514589
v -2.493228458 0.335773118 0.796368248
v -2.492810283 0.337493881 0.685596265
v -2.493228334 0.335773118 0.684432044
v -2.482294967 0.380776745 0.794514596
v -2.472339804 0.380776745 0.794514595
v -2.476289970 0.364517416 0.794514597
v -2.486245143 0.364517416 0.794514595
v -2.486245020 0.364517416 0.685596271
v -2.476289828 0.364517416 0.685596277
v -2.472337817 0.380784354 0.685596278
v -2.482292990 0.380784354 0.685596276
v -2.486245143 0.364517416 0.794514595
v -2.476289970 0.364517416 0.794514597
v -2.476289828 0.364517416 0.685596277
v -2.486245020 0.364517416 0.685596271
v -2.482292990 0.380784354 0.685596276
v -2.472337817 0.380784354 0.685596278
v -2.472339804 0.380776745 0.794514595
v -2.482294967 0.380776745 0.794514596
v -2.486663061 0.362796652 0.684432045
v -2.486245020 0.364517416 0.685596271
v -2.482292990 0.380784354 0.685596276
v -2.481874910 0.382505194 0.684432051
v -2.481876936 0.382497432 0.796368257
v -2.482294967 0.380776745 0.794514596
v -2.486245143 0.364517416 0.794514595
v -2.486663204 0.362796614 0.796368256
v -2.486245020 0.364517416 0.685596271
v -2.486663061 0.362796652 0.684432045
v -2.475729714 0.407800241 0.794514592
v -2.465774551 0.407800241 0.794514589
v -2.469724716 0.391540912 0.794514595
v -2.479679889 0.391540912 0.794514591
v -2.479679757 0.391540912 0.685596272
v -2.469724574 0.391540912 0.685596273
v -2.465772564 0.407807850 0.685596274
v -2.475727736 0.407807850 0.685596272
v -2.479679889 0.391540912 0.794514591
v -2.469724716 0.391540912 0.794514595
v -2.469724574 0.391540912 0.685596273
v -2.479679757 0.391540912 0.685596272
v -2.475727736 0.407807850 0.685596272
v -2.465772564 0.407807850 0.685596274
v -2.465774551 0.407800241 0.794514589
v -2.475729714 0.407800241 0.794514592
v -2.480097817 0.389820110 0.684432051
v -2.479679757 0.391540912 0.685596272
v -2.475727736 0.407807850 0.685596272
v -2.475309656 0.409528690 0.684432052
v -2.475311663 0.409520928 0.796368305
v -2.475729714 0.407800241 0.794514592
v -2.479679889 0.391540912 0.794514591
v -2.480097950 0.389820110 0.796368250
v -2.479679757 0.391540912 0.685596272
v -2.480097817 0.389820110 0.684432051
v -2.469164450 0.434823776 0.794514579
v -2.459209297 0.434823776 0.794514576
v -2.463159463 0.418564446 0.794514580
v -2.473114635 0.418564446 0.794514578
v -2.473114503 0.418564446 0.685596258
v -2.463159321 0.418564446 0.685596260
v -2.459207310 0.434831384 0.685596261
v -2.469162483 0.434831384 0.685596259
v -2.473114635 0.418564446 0.794514578
v -2.463159463 0.418564446 0.794514580
v -2.463159321 0.418564446 0.685596260
v -2.473114503 0.418564446 0.685596258
v -2.469162483 0.434831384 0.685596259
v -2.459207310 0.434831384 0.685596261
v -2.459209297 0.434823776 0.794514576
v -2.469164450 0.434823776 0.794514579
v -2.473532563 0.416843645 0.684432038
v -2.473114503 0.418564446 0.685596258
v -2.469162483 0.434831384 0.685596259
v -2.468744412 0.436552224 0.684432039
v -2.468746418 0.436544462 0.796368237
v -2.469164450 0.434823776 0.794514579
v -2.473114635 0.418564446 0.794514578
v -2.473532696 0.416843645 0.796368236
v -2.473114503 0.418564446 0.685596258
v -2.473532563 0.416843645 0.684432038
v -2.462599187 0.461847272 0.794514570
v -2.452644033 0.461847272 0.794514567
v -2.456594199 0.445587942 0.794514574
v -2.466549372 0.445587942 0.794514570
v -2.466549249 0.445587942 0.685596245
v -2.456594067 0.445587942 0.685596247
v -2.452642047 0.461854880 0.685596252
v -2.462597219 0.461854880 0.685596246
v -2.466549372 0.445587942 0.794514570
v -2.456594199 0.445587942 0.794514574
v -2.456594067 0.445587942 0.685596247
v -2.466549249 0.445587942 0.685596245
v -2.462597219 0.461854880 0.685596246
v -2.452642047 0.461854880 0.685596252
v -2.452644033 0.461847272 0.794514567
v -2.462599187 0.461847272 0.794514570
v -2.466967310 0.443867141 0.684432029
v -2.466549249 0.445587942 0.685596245
v -2.462597219 0.461854880 0.685596246
v -2.462179149 0.463575720 0.684432030
v -2.462181155 0.463567958 0.796368284
v -2.462599187 0.461847272 0.794514570
v -2.466549372 0.445587942 0.794514570
v -2.466967433 0.443867141 0.796368228
v -2.466549249 0.445587942 0.685596245
v -2.466967310 0.443867141 0.684432029
v -2.456032041 0.488878644 0.794514557
v -2.446076878 0.488878644 0.794514554
v -2.450027043 0.472619276 0.794514558
v -2.459982216 0.472619276 0.794514556
v -2.459982093 0.472619276 0.685596237
v -2.450026911 0.472619276 0.685596243
v -2.446074891 0.488886253 0.685596244
v -2.456030073 0.488886253 0.685596237
v -2.459982216 0.472619276 0.794514556
v -2.450027043 0.472619276 0.794514558
v -2.450026911 0.472619276 0.685596243
v -2.459982093 0.472619276 0.685596237
v -2.456030073 0.488886253 0.685596237
v -2.446074891 0.488886253 0.685596244
v -2.446076878 0.488878644 0.794514554
v -2.456032041 0.488878644 0.794514557
v -2.460400154 0.470898551 0.684432016
v -2.459982093 0.472619276 0.685596237
v -2.456030073 0.488886253 0.685596237
v -2.455612002 0.490607093 0.684432017
v -2.455613999 0.490599331 0.796368270
v -2.456032041 0.488878644 0.794514557
v -2.459982216 0.472619276 0.794514556
v -2.460400277 0.470898475 0.796368215
v -2.459982093 0.472619276 0.685596237
v -2.460400154 0.470898551 0.684432016
v -2.545327960 0.121305215 0.776936252
v -2.544885066 0.123130226 0.784273294
v -2.536038444 0.118564889 0.784273296
v -2.536481337 0.116739888 0.776936256
v -2.545327844 0.121305167 0.686285713
v -2.536481227 0.116739840 0.686285719
v -2.543702939 0.128001385 0.790103111
v -2.534856316 0.123436058 0.790103112
v -2.542005065 0.134997719 0.793841472
v -2.533158414 0.130432382 0.793841476
v -2.541383833 0.137557557 0.794248657
v -2.532537201 0.132992220 0.794248661
v -2.541381894 0.137565004 0.686285723
v -2.545327844 0.121305167 0.686285713
v -2.536481227 0.116739840 0.686285719
v -2.532535262 0.132999647 0.686285720
v -2.541383833 0.137557557 0.794248657
v -2.541381894 0.137565004 0.686285723
v -2.532535262 0.132999647 0.686285720
v -2.532537201 0.132992220 0.794248661
v -2.545745576 0.119584347 0.777033528
v -2.545284741 0.121483371 0.784668165
v -2.544885066 0.123130226 0.784273294
v -2.545327960 0.121305215 0.776936252
v -2.544026139 0.126669605 0.790875041
v -2.543702939 0.128001385 0.790103111
v -2.542192263 0.134231166 0.794915429
v -2.542005065 0.134997719 0.793841472
v -2.540966222 0.139278349 0.795718346
v -2.541383833 0.137557557 0.794248657
v -2.540964273 0.139285929 0.684551965
v -2.545745465 0.119584299 0.684551960
v -2.545327844 0.121305167 0.686285713
v -2.541381894 0.137565004 0.686285723
v -2.540966222 0.139278349 0.795718346
v -2.541383833 0.137557557 0.794248657
v -2.544876808 0.123136353 0.579783966
v -2.545319001 0.121311170 0.587121001
v -2.536470596 0.116749303 0.587121002
v -2.536028403 0.118574476 0.579783967
v -2.543696585 0.128007924 0.573954171
v -2.534848171 0.123446056 0.573954172
v -2.542001444 0.135004917 0.570215807
v -2.533153015 0.130443049 0.570215809
v -2.541381216 0.137565004 0.569808625
v -2.532532806 0.133003136 0.569808626
v -2.545319121 0.121311228 0.677771539
v -2.536470701 0.116749351 0.677771540
v -2.541379522 0.137572593 0.677771539
v -2.541381216 0.137565004 0.569808625
v -2.532532806 0.133003136 0.569808626
v -2.532531093 0.133010707 0.677771541
v -2.545319121 0.121311228 0.677771539
v -2.541379522 0.137572593 0.677771539
v -2.532531093 0.133010707 0.677771541
v -2.536470701 0.116749351 0.677771540
v -2.540964287 0.139285948 0.568338931
v -2.542187107 0.134238526 0.569141750
v -2.542001444 0.135004917 0.570215807
v -2.541381216 0.137565004 0.569808625
v -2.544019250 0.126676010 0.573182226
v -2.543696585 0.128007924 0.573954171
v -2.545275832 0.121489336 0.579389075
v -2.544876808 0.123136353 0.579783966
v -2.545750511 0.119585322 0.587024267
v -2.545319001 0.121311170 0.587121001
v -2.545736063 0.119590197 0.679625197
v -2.540962551 0.139293701 0.679625198
v -2.541379522 0.137572593 0.677771539
v -2.545319121 0.121311228 0.677771539
v -2.540964287 0.139285948 0.568338931
v -2.541381216 0.137565004 0.569808625
v -0.515732301 -0.802276220 1.028786637
v -0.527206911 -0.801499133 1.030366044
v -0.535655609 -0.799849219 1.033957488
v -0.540724339 -0.797447147 1.039294109
v -0.541539967 -0.794318459 1.046331689
v -0.538661796 -0.790733093 1.054453726
v -0.538661796 0.790733093 1.054453726
v -0.541539967 0.794318459 1.046331689
v -0.540724339 0.797447147 1.039294109
v -0.535655609 0.799849219 1.033957488
v -0.527206911 0.801499133 1.030366044
v -0.515732301 0.802276220 1.028786637
v 2.516540814 -0.698297661 0.405481449
v 2.472954210 -0.697480846 0.381667401
v 2.516254217 -0.691673574 0.402905118
v 2.515846436 -0.705114729 0.406302374
v 2.508532614 -0.723001379 0.398299999
v 2.511743561 -0.717849712 0.402647224
v 2.504783856 -0.726802177 0.392539665
v 2.500759410 -0.728911627 0.385747089
v 2.496764155 -0.729125101 0.378422046
v 2.493106506 -0.727412965 0.371125806
v 2.490061856 -0.723926700 0.364414933
v 2.487841319 -0.718976418 0.358776281
v 2.486571683 -0.712978819 0.354573331
v 2.486294226 -0.706382227 0.352021271
v 2.486988014 -0.699599067 0.351208824
v 2.488601743 -0.692991787 0.352153180
v 2.491062290 -0.686918558 0.354830074
v 2.494252007 -0.681773231 0.359142801
v 2.497982779 -0.677960417 0.364867780
v 2.501996315 -0.675823251 0.371634057
v 2.505992160 -0.675573880 0.378949619
v 2.509661308 -0.677252255 0.386256031
v 2.512725418 -0.680716479 0.392993700
v 2.514966890 -0.685662265 0.398667836
v 2.514222093 -0.711754149 0.405348876
v 2.516540814 0.698297508 0.405481449
v 2.516254217 0.691673421 0.402905118
v 2.472954210 0.697480693 0.381667401
v 2.515846436 0.705114576 0.406302374
v 2.508532614 0.723001226 0.398299999
v 2.511743561 0.717849559 0.402647224
v 2.504783856 0.726802025 0.392539665
v 2.500759410 0.728911474 0.385747089
v 2.496764155 0.729124948 0.378422046
v 2.493106506 0.727412812 0.371125806
v 2.490061856 0.723926547 0.364414933
v 2.487841319 0.718976265 0.358776281
v 2.486571683 0.712978667 0.354573331
v 2.486294226 0.706382075 0.352021271
v 2.486988014 0.699598914 0.351208824
v 2.488601743 0.692991634 0.352153180
v 2.491062290 0.686918406 0.354830074
v 2.494252007 0.681773079 0.359142801
v 2.497982779 0.677960265 0.364867780
v 2.501996315 0.675823098 0.371634057
v 2.505992160 0.675573727 0.378949619
v 2.509661308 0.677252102 0.386256031
v 2.512725418 0.680716326 0.392993700
v 2.514966890 0.685662112 0.398667836
v 2.514222093 0.711753996 0.405348876
v 2.486418358 -0.681116447 0.348027054
v 2.491062290 -0.686918558 0.354830074
v 2.488601743 -0.692991787 0.352153180
v 2.483094483 -0.689360676 0.344384023
v 2.488638013 -0.735515664 0.369139441
v 2.493106506 -0.727412965 0.371125806
v 2.496764155 -0.729125101 0.378422046
v 2.493227102 -0.737647892 0.378345527
v 2.518559966 -0.687262799 0.409714501
v 2.516254217 -0.691673574 0.402905118
v 2.514966890 -0.685662265 0.398667836
v 2.516866921 -0.679313939 0.404127794
v 2.490623549 -0.674295472 0.353760189
v 2.494252007 -0.681773231 0.359142801
v 2.484788415 -0.731100982 0.360584441
v 2.490061856 -0.723926700 0.364414933
v 2.518943865 -0.696216075 0.413187442
v 2.516540814 -0.698297661 0.405481449
v 2.495426995 -0.669363029 0.361192669
v 2.497982779 -0.677960417 0.364867780
v 2.481937188 -0.724704227 0.353263576
v 2.487841319 -0.718976418 0.358776281
v 2.517990607 -0.705563127 0.414309993
v 2.515846436 -0.705114729 0.406302374
v 2.500504065 -0.666655986 0.369817831
v 2.501996315 -0.675823251 0.371634057
v 2.480276282 -0.716760821 0.347675887
v 2.486571683 -0.712978819 0.354573331
v 2.505511550 -0.666359069 0.379047855
v 2.505992160 -0.675573880 0.378949619
v 2.479915087 -0.707811526 0.344202256
v 2.486294226 -0.706382227 0.352021271
v 2.508180561 -0.729722767 0.403631180
v 2.508532614 -0.723001379 0.398299999
v 2.511743561 -0.717849712 0.402647224
v 2.512417595 -0.722907247 0.409363333
v 2.510109485 -0.668492845 0.388253663
v 2.509661308 -0.677252255 0.386256031
v 2.480876601 -0.698465875 0.343079460
v 2.486988014 -0.699599067 0.351208824
v 2.498243727 -0.737352523 0.387575264
v 2.500759410 -0.728911627 0.385747089
v 2.504783856 -0.726802177 0.392539665
v 2.503344975 -0.734649608 0.396199695
v 2.513983850 -0.672911655 0.396807929
v 2.512725418 -0.680716479 0.392993700
v 2.500759410 -0.728911627 0.385747089
v 2.498243727 -0.737352523 0.387575264
v 2.515764469 -0.714666999 0.413005666
v 1.570152405 -0.552005020 0.442007716
v 1.571201785 -0.561001529 0.438230579
v 2.512417595 -0.722907247 0.409363333
v 2.517990607 -0.705563127 0.414309993
v 1.570878332 -0.542643152 0.443358049
v 1.573954824 -0.569019458 0.432284008
v 2.508180561 -0.729722767 0.403631180
v 1.578221931 -0.575512078 0.424573388
v 2.503344975 -0.734649608 0.396199695
v 1.583710317 -0.580036666 0.415624128
v 2.498243727 -0.737352523 0.387575264
v 2.498243727 -0.737352523 0.387575264
v 1.583710317 -0.580036666 0.415624128
v 1.590044342 -0.582284549 0.406046252
v 2.493227102 -0.737647892 0.378345527
v 1.596792044 -0.582102404 0.396492489
v 2.488638013 -0.735515664 0.369139441
v 1.603494044 -0.579502835 0.387613819
v 2.484788415 -0.731100982 0.360584441
v 1.609695090 -0.574663271 0.380015344
v 2.481937188 -0.724704227 0.353263576
v 1.614974427 -0.567913724 0.374214798
v 2.480276282 -0.716760821 0.347675887
v 1.618974103 -0.559714570 0.370607411
v 2.479915087 -0.707811526 0.344202256
v 1.621422560 -0.550624704 0.369438955
v 2.480876601 -0.698465875 0.343079460
v 1.622153500 -0.541263684 0.370789189
v 2.483094483 -0.689360676 0.344384023
v 1.621116504 -0.532269349 0.374565939
v 2.486418358 -0.681116447 0.348027054
v 1.618381451 -0.524254442 0.380511967
v 2.490623549 -0.674295472 0.353760189
v 1.614132625 -0.517764919 0.388222061
v 2.495426995 -0.669363029 0.361192669
v 1.608657801 -0.513242726 0.397170888
v 2.500504065 -0.666655986 0.369817831
v 1.602328495 -0.510995690 0.406748580
v 2.505511550 -0.666359069 0.379047855
v 1.595575780 -0.511176951 0.416302536
v 2.510109485 -0.668492845 0.388253663
v 1.588860216 -0.513774161 0.425181584
v 2.513983850 -0.672911655 0.396807929
v 1.582641184 -0.518610667 0.432780649
v 2.516866921 -0.679313939 0.404127794
v 1.577343862 -0.525357118 0.438581747
v 2.518559966 -0.687262799 0.409714501
v 1.573331507 -0.533554096 0.442189520
v 2.518943865 -0.696216075 0.413187442
v 2.514222093 -0.711754149 0.405348876
v 2.515764469 -0.714666999 0.413005666
v 2.486418358 0.681116294 0.348027054
v 2.483094483 0.689360523 0.344384023
v 2.488601743 0.692991634 0.352153180
v 2.491062290 0.686918406 0.354830074
v 2.488638013 0.735515512 0.369139441
v 2.493227102 0.737647739 0.378345527
v 2.496764155 0.729124948 0.378422046
v 2.493106506 0.727412812 0.371125806
v 2.518559966 0.687262646 0.409714501
v 2.516866921 0.679313786 0.404127794
v 2.514966890 0.685662112 0.398667836
v 2.516254217 0.691673421 0.402905118
v 2.490623549 0.674295319 0.353760189
v 2.494252007 0.681773079 0.359142801
v 2.484788415 0.731100829 0.360584441
v 2.490061856 0.723926547 0.364414933
v 2.518943865 0.696215922 0.413187442
v 2.516540814 0.698297508 0.405481449
v 2.495426995 0.669362876 0.361192669
v 2.497982779 0.677960265 0.364867780
v 2.481937188 0.724704074 0.353263576
v 2.487841319 0.718976265 0.358776281
v 2.517990607 0.705562974 0.414309993
v 2.515846436 0.705114576 0.406302374
v 2.500504065 0.666655833 0.369817831
v 2.501996315 0.675823098 0.371634057
v 2.480276282 0.716760668 0.347675887
v 2.486571683 0.712978667 0.354573331
v 2.505511550 0.666358916 0.379047855
v 2.505992160 0.675573727 0.378949619
v 2.479915087 0.707811373 0.344202256
v 2.486294226 0.706382075 0.352021271
v 2.508180561 0.729722614 0.403631180
v 2.512417595 0.722907094 0.409363333
v 2.511743561 0.717849559 0.402647224
v 2.508532614 0.723001226 0.398299999
v 2.510109485 0.668492692 0.388253663
v 2.509661308 0.677252102 0.386256031
v 2.480876601 0.698465722 0.343079460
v 2.486988014 0.699598914 0.351208824
v 2.498243727 0.737352370 0.387575264
v 2.503344975 0.734649455 0.396199695
v 2.504783856 0.726802025 0.392539665
v 2.500759410 0.728911474 0.385747089
v 2.513983850 0.672911502 0.396807929
v 2.512725418 0.680716326 0.392993700
v 2.498243727 0.737352370 0.387575264
v 2.500759410 0.728911474 0.385747089
v 2.515764469 0.714666846 0.413005666
v 2.512417595 0.722907094 0.409363333
v 1.571201785 0.561001376 0.438230579
v 1.570152405 0.552004867 0.442007716
v 2.517990607 0.705562974 0.414309993
v 1.570878332 0.542642999 0.443358049
v 2.508180561 0.729722614 0.403631180
v 1.573954824 0.569019305 0.432284008
v 2.503344975 0.734649455 0.396199695
v 1.578221931 0.575511925 0.424573388
v 2.498243727 0.737352370 0.387575264
v 1.583710317 0.580036513 0.415624128
v 2.498243727 0.737352370 0.387575264
v 2.493227102 0.737647739 0.378345527
v 1.590044342 0.582284397 0.406046252
v 1.583710317 0.580036513 0.415624128
v 2.488638013 0.735515512 0.369139441
v 1.596792044 0.582102251 0.396492489
v 2.484788415 0.731100829 0.360584441
v 1.603494044 0.579502682 0.387613819
v 2.481937188 0.724704074 0.353263576
v 1.609695090 0.574663118 0.380015344
v 2.480276282 0.716760668 0.347675887
v 1.614974427 0.567913571 0.374214798
v 2.479915087 0.707811373 0.344202256
v 1.618974103 0.559714418 0.370607411
v 2.480876601 0.698465722 0.343079460
v 1.621422560 0.550624551 0.369438955
v 2.483094483 0.689360523 0.344384023
v 1.622153500 0.541263531 0.370789189
v 2.486418358 0.681116294 0.348027054
v 1.621116504 0.532269197 0.374565939
v 2.490623549 0.674295319 0.353760189
v 1.618381451 0.524254289 0.380511967
v 2.495426995 0.669362876 0.361192669
v 1.614132625 0.517764766 0.388222061
v 2.500504065 0.666655833 0.369817831
v 1.608657801 0.513242573 0.397170888
v 2.505511550 0.666358916 0.379047855
v 1.602328495 0.510995537 0.406748580
v 2.510109485 0.668492692 0.388253663
v 1.595575780 0.511176798 0.416302536
v 2.513983850 0.672911502 0.396807929
v 1.588860216 0.513774008 0.425181584
v 2.516866921 0.679313786 0.404127794
v 1.582641184 0.518610514 0.432780649
v 2.518559966 0.687262646 0.409714501
v 1.577343862 0.525356965 0.438581747
v 2.518943865 0.696215922 0.413187442
v 1.573331507 0.533553943 0.442189520
v 2.515764469 0.714666846 0.413005666
v 2.514222093 0.711753996 0.405348876
v 2.531716377 0.639693362 0.822687725
v 2.549523460 0.641526001 0.800441376
v 2.547093554 0.675440847 0.800271020
v 2.529358658 0.673611993 0.822337894
v 2.524780866 0.742590569 0.821525573
v 2.513685392 0.741279263 0.834043431
v 2.518158573 0.672446363 0.834997838
v 2.542299199 0.744776078 0.799761460
v 2.520478975 0.638526164 0.835431523
v -2.503806208 -0.298542290 0.611245196
v -2.452186962 -0.511013421 0.611245042
v -2.452187028 -0.511013460 0.661154403
v -2.503806264 -0.298542080 0.661154433
v -2.610920050 -0.003263155 0.731402648
v -2.606735754 -0.015745992 0.725970512
v -2.606735738 -0.015745991 0.623552374
v -2.610920109 -0.003263166 0.618120241
v -2.612434362 -0.000000000 0.616820511
v -2.612434361 -0.003263167 0.618120241
v -2.612434249 -0.003263147 0.731402643
v -2.612434380 -0.000000000 0.732702380
v -2.607544236 -0.018134943 0.626526679
v -2.606105750 -0.017661953 0.626526680
v -2.606105766 -0.017661954 0.722996207
v -2.607544251 -0.018134944 0.722996206
v -2.608730829 -0.000000000 0.616820512
v -2.608730848 -0.000000000 0.732702381
v -2.612434384 -0.002088233 0.754034446
v -2.610920131 -0.002088233 0.754034446
v -2.610920131 -0.001738660 0.754551089
v -2.612434384 -0.001738660 0.754551089
v -2.612434358 -0.000624759 0.594454986
v -2.610920106 -0.000624759 0.594454986
v -2.610920105 -0.001228894 0.594608385
v -2.612434358 -0.001228894 0.594608384
v -2.610920132 -0.001228893 0.754914512
v -2.612434384 -0.001228893 0.754914511
v -2.606136600 -0.017568179 0.723706397
v -2.607575085 -0.018041170 0.723706396
v -2.612434358 -0.000000000 0.594445924
v -2.610920106 -0.000000000 0.594445924
v -2.610920132 -0.000624758 0.755067922
v -2.612434384 -0.000624758 0.755067921
v -2.606226083 -0.017296038 0.724425698
v -2.607664569 -0.017769028 0.724425698
v -2.610920132 -0.000000000 0.755076982
v -2.612434384 -0.000000000 0.755076981
v -2.606365457 -0.016872166 0.725083710
v -2.607803943 -0.017345155 0.725083709
v -2.608174224 -0.016218980 0.623552374
v -2.606735738 -0.015745991 0.623552374
v -2.606541061 -0.016338055 0.623906870
v -2.607979547 -0.016811044 0.623906869
v -2.606541078 -0.016338056 0.725616014
v -2.607979564 -0.016811045 0.725616014
v -2.608174241 -0.016218981 0.725970511
v -2.606735754 -0.015745992 0.725970512
v -2.610920050 -0.003263155 0.731402648
v -2.612434249 -0.003263147 0.731402643
v -2.607803926 -0.017345154 0.624439167
v -2.606365440 -0.016872165 0.624439167
v -2.606226067 -0.017296036 0.625097190
v -2.607664553 -0.017769026 0.625097190
v -2.608174241 -0.016218981 0.725970511
v -2.608174224 -0.016218980 0.623552374
v -2.607575070 -0.018041168 0.625816504
v -2.606136585 -0.017568178 0.625816504
v -2.612434361 -0.003263167 0.618120241
v -2.610920109 -0.003263166 0.618120241
v -2.612434358 -0.002233609 0.596096144
v -2.610920105 -0.002233609 0.596096144
v -2.612434358 -0.002088233 0.595488457
v -2.610920105 -0.002088233 0.595488457
v -2.610920131 -0.002233609 0.753426756
v -2.612434384 -0.002233609 0.753426756
v -2.612434358 -0.001738660 0.594971788
v -2.610920106 -0.001738660 0.594971789
v -2.610920050 0.003263155 0.731402648
v -2.610920109 0.003263167 0.618120250
v -2.606735739 0.015745989 0.623552384
v -2.606735756 0.015745990 0.725970512
v -2.612434249 0.003263146 0.731402643
v -2.612434362 0.003263167 0.618120250
v -2.607544236 0.018134941 0.626526689
v -2.607544251 0.018134942 0.722996206
v -2.606105766 0.017661954 0.722996207
v -2.606105751 0.017661953 0.626526689
v -2.612434384 0.002088232 0.754034444
v -2.612434384 0.001738660 0.754551086
v -2.610920132 0.001738660 0.754551086
v -2.610920131 0.002088232 0.754034444
v -2.612434358 0.000624759 0.594455005
v -2.612434358 0.001228894 0.594608404
v -2.610920106 0.001228894 0.594608404
v -2.610920106 0.000624759 0.594455005
v -2.612434384 0.001228893 0.754914509
v -2.610920132 0.001228893 0.754914509
v -2.607575086 0.018041167 0.723706396
v -2.606136600 0.017568179 0.723706397
v -2.612434358 -0.000000000 0.594445924
v -2.610920106 -0.000000000 0.594445924
v -2.612434384 0.000624758 0.755067918
v -2.610920132 0.000624758 0.755067919
v -2.607664570 0.017769025 0.724425698
v -2.606226084 0.017296038 0.724425698
v -2.607803943 0.017345153 0.725083709
v -2.606365458 0.016872164 0.725083710
v -2.608174224 0.016218977 0.623552384
v -2.607979547 0.016811042 0.623906879
v -2.606541062 0.016338053 0.623906879
v -2.606735739 0.015745989 0.623552384
v -2.607979564 0.016811043 0.725616014
v -2.606541078 0.016338054 0.725616014
v -2.608174241 0.016218979 0.725970511
v -2.612434249 0.003263146 0.731402643
v -2.610920050 0.003263155 0.731402648
v -2.606735756 0.015745990 0.725970512
v -2.607803926 0.017345152 0.624439176
v -2.607664554 0.017769024 0.625097199
v -2.606226068 0.017296036 0.625097200
v -2.606365440 0.016872163 0.624439176
v -2.608174241 0.016218979 0.725970511
v -2.608174224 0.016218977 0.623552384
v -2.607575070 0.018041166 0.625816513
v -2.606136585 0.017568178 0.625816513
v -2.612434362 0.003263167 0.618120250
v -2.610920109 0.003263167 0.618120250
v -2.612434358 0.002233609 0.596096163
v -2.610920106 0.002233609 0.596096163
v -2.612434358 0.002088233 0.595488476
v -2.610920106 0.002088233 0.595488476
v -2.612434384 0.002233609 0.753426753
v -2.610920131 0.002233609 0.753426752
v -2.612434358 0.001738660 0.594971807
v -2.610920106 0.001738660 0.594971808
v 2.575909847 -0.008491315 0.808111218
v 2.572444232 -0.010673441 0.808453821
v 2.574154099 -0.013072242 0.805836645
v 2.577269787 -0.010399696 0.806029106
v 2.580553710 0.012008533 0.801002441
v 2.578281637 0.015094524 0.799518213
v 2.576145375 0.014580193 0.802788870
v 2.578853631 0.011599354 0.803604433
v 2.586897652 -0.003108041 0.791291689
v 2.586255917 -0.003906755 0.787311957
v 2.586537327 -0.000000006 0.786881368
v 2.587121556 -0.000000005 0.790949130
v 2.576145375 -0.014580190 0.802788877
v 2.578853631 -0.011599351 0.803604435
v 2.574154099 0.013072246 0.805836636
v 2.577269787 0.010399698 0.806029101
v 2.586255917 0.003906744 0.787311955
v 2.586897652 0.003108032 0.791291686
v 2.578281637 -0.015094523 0.799518218
v 2.580553710 -0.012008532 0.801002448
v 2.572444232 0.010673448 0.808453817
v 2.575909847 0.008491320 0.808111213
v 2.585431266 0.007547256 0.788574382
v 2.586241846 0.006004261 0.792296015
v 2.580418512 -0.014580190 0.796247561
v 2.582253788 -0.011599352 0.798400458
v 2.571132009 0.007547271 0.810462049
v 2.574866185 0.006004274 0.809708874
v 2.584119655 0.010673435 0.790582609
v 2.585198185 0.008491311 0.793893674
v 2.582409788 -0.013072243 0.793199793
v 2.583837633 -0.010399696 0.795975788
v 2.570307357 0.003906761 0.811724480
v 2.574209768 0.003108045 0.810713205
v 2.573985864 0.000000000 0.811055771
v 2.570025948 0.000000000 0.812155073
v 2.570307357 -0.003906750 0.811724480
v 2.574209768 -0.003108037 0.810713205
v 2.582409788 0.013072239 0.793199788
v 2.583837633 0.010399693 0.795975785
v 2.583837633 -0.010399696 0.795975788
v 2.582409788 -0.013072243 0.793199793
v 2.584119655 -0.010673443 0.790582619
v 2.585198185 -0.008491317 0.793893678
v 2.571132009 -0.007547262 0.810462054
v 2.574866185 -0.006004267 0.809708879
v 2.580418512 0.014580190 0.796247554
v 2.582253788 0.011599351 0.798400451
v 2.585431266 -0.007547265 0.788574384
v 2.586241846 -0.006004268 0.792296020
v -2.607544251 -0.018134944 0.722996206
v -2.607575085 -0.018041170 0.723706396
v -2.607664569 -0.017769028 0.724425698
v -2.607803943 -0.017345155 0.725083709
v -2.607979564 -0.016811045 0.725616014
v -2.607979547 -0.016811044 0.623906869
v -2.607803926 -0.017345154 0.624439167
v -2.607664553 -0.017769026 0.625097190
v -2.607575070 -0.018041168 0.625816504
v -2.607544236 -0.018134943 0.626526679
v -2.612434358 -0.000000000 0.594445924
v -2.612434358 -0.000624759 0.594454986
v -2.612434358 -0.001228894 0.594608384
v -2.612434358 -0.001738660 0.594971788
v -2.612434358 -0.002088233 0.595488457
v -2.612434358 -0.002233609 0.596096144
v -2.612434384 -0.002233609 0.753426756
v -2.612434384 -0.002088233 0.754034446
v -2.612434384 -0.001738660 0.754551089
v -2.612434384 -0.001228893 0.754914511
v -2.612434384 -0.000624758 0.755067921
v -2.612434384 -0.000000000 0.755076981
v -2.606541078 -0.016338056 0.725616014
v -2.606365457 -0.016872166 0.725083710
v -2.606226083 -0.017296038 0.724425698
v -2.606136600 -0.017568179 0.723706397
v -2.606105766 -0.017661954 0.722996207
v -2.606105750 -0.017661953 0.626526680
v -2.606136585 -0.017568178 0.625816504
v -2.606226067 -0.017296036 0.625097190
v -2.606365440 -0.016872165 0.624439167
v -2.606541061 -0.016338055 0.623906870
v -2.610920105 -0.002233609 0.596096144
v -2.610920105 -0.002088233 0.595488457
v -2.610920106 -0.001738660 0.594971789
v -2.610920105 -0.001228894 0.594608385
v -2.610920106 -0.000624759 0.594454986
v -2.610920106 -0.000000000 0.594445924
v -2.610920132 -0.000000000 0.755076982
v -2.610920132 -0.000624758 0.755067922
v -2.610920132 -0.001228893 0.754914512
v -2.610920131 -0.001738660 0.754551089
v -2.610920131 -0.002088233 0.754034446
v -2.610920131 -0.002233609 0.753426756
v -2.607544251 0.018134942 0.722996206
v -2.607544236 0.018134941 0.626526689
v -2.607575070 0.018041166 0.625816513
v -2.607664554 0.017769024 0.625097199
v -2.607803926 0.017345152 0.624439176
v -2.607979547 0.016811042 0.623906879
v -2.607979564 0.016811043 0.725616014
v -2.607803943 0.017345153 0.725083709
v -2.607664570 0.017769025 0.724425698
v -2.607575086 0.018041167 0.723706396
v -2.612434358 0.002233609 0.596096163
v -2.612434358 0.002088233 0.595488476
v -2.612434358 0.001738660 0.594971807
v -2.612434358 0.001228894 0.594608404
v -2.612434358 0.000624759 0.594455005
v -2.612434384 0.000624758 0.755067918
v -2.612434384 0.001228893 0.754914509
v -2.612434384 0.001738660 0.754551086
v -2.612434384 0.002088232 0.754034444
v -2.612434384 0.002233609 0.753426753
v -2.606541062 0.016338053 0.623906879
v -2.606365440 0.016872163 0.624439176
v -2.606226068 0.017296036 0.625097200
v -2.606136585 0.017568178 0.625816513
v -2.606105751 0.017661953 0.626526689
v -2.606105766 0.017661954 0.722996207
v -2.606136600 0.017568179 0.723706397
v -2.606226084 0.017296038 0.724425698
v -2.606365458 0.016872164 0.725083710
v -2.606541078 0.016338054 0.725616014
v -2.610920106 0.000624759 0.594455005
v -2.610920106 0.001228894 0.594608404
v -2.610920106 0.001738660 0.594971808
v -2.610920106 0.002088233 0.595488476
v -2.610920106 0.002233609 0.596096163
v -2.610920131 0.002233609 0.753426752
v -2.610920131 0.002088232 0.754034444
v -2.610920132 0.001738660 0.754551086
v -2.610920132 0.001228893 0.754914509
v -2.610920132 0.000624758 0.755067919
v 2.574209768 -0.003108037 0.810713205
v 2.574866185 -0.006004267 0.809708879
v 2.575909847 -0.008491315 0.808111218
v 2.577269787 -0.010399696 0.806029106
v 2.578853631 -0.011599351 0.803604435
v 2.580553710 -0.012008532 0.801002448
v 2.582253788 -0.011599352 0.798400458
v 2.583837633 -0.010399696 0.795975788
v 2.585198185 -0.008491317 0.793893678
v 2.586241846 -0.006004268 0.792296020
v 2.586897652 -0.003108041 0.791291689
v 2.587121556 -0.000000005 0.790949130
v 2.586897652 0.003108032 0.791291686
v 2.586241846 0.006004261 0.792296015
v 2.585198185 0.008491311 0.793893674
v 2.583837633 0.010399693 0.795975785
v 2.582253788 0.011599351 0.798400451
v 2.580553710 0.012008533 0.801002441
v 2.578853631 0.011599354 0.803604433
v 2.577269787 0.010399698 0.806029101
v 2.575909847 0.008491320 0.808111213
v 2.574866185 0.006004274 0.809708874
v 2.574209768 0.003108045 0.810713205
v 2.573985864 0.000000000 0.811055771
v -0.878773253 -0.963338206 0.657936864
v -0.878773257 -0.964142057 0.681511149
v -0.963054523 -0.964582371 0.681511135
v -0.963054520 -0.963932530 0.657936851
v -1.047335943 -0.965299811 0.681511121
v -1.047335939 -0.964755040 0.657936837
v -0.963054512 -0.960330646 0.610788320
v -0.963054516 -0.962476849 0.634362576
v -1.047335935 -0.963585051 0.634362562
v -1.047335932 -0.961352742 0.610788287
v -0.878773245 -0.959707111 0.610788353
v -0.878773249 -0.961802538 0.634362590
v -0.878773253 0.963338206 0.657936864
v -0.963054520 0.963932530 0.657936851
v -0.963054523 0.964582371 0.681511135
v -0.878773257 0.964142057 0.681511149
v -1.047335939 0.964755040 0.657936837
v -1.047335943 0.965299811 0.681511121
v -0.963054512 0.960330646 0.610788320
v -1.047335932 0.961352742 0.610788287
v -1.047335935 0.963585051 0.634362562
v -0.963054516 0.962476849 0.634362576
v -0.878773245 0.959707111 0.610788353
v -0.878773249 0.961802538 0.634362590
v 0.106840296 0.955691601 0.809295071
v 0.104758481 0.956178791 0.806625737
v 0.103032709 0.949467260 0.806413380
v 0.105431721 0.948905895 0.809488540
v 0.129207122 0.957355051 0.800181166
v 0.128760538 0.956746274 0.803517088
v 0.130685438 0.950120924 0.802832147
v 0.131199622 0.950822459 0.798988848
v 0.112714409 0.959627659 0.787731333
v 0.116104777 0.959707876 0.787292015
v 0.116104778 0.953532934 0.784139544
v 0.112198085 0.953440711 0.784645698
v 0.103449317 0.956746274 0.803517084
v 0.101524723 0.950121001 0.802831913
v 0.127451679 0.956178791 0.806625741
v 0.129177145 0.949467260 0.806413308
v 0.119496063 0.959627659 0.787731182
v 0.120011776 0.953440711 0.784645622
v 0.103003039 0.957355051 0.800181162
v 0.101010235 0.950822535 0.798988690
v 0.125369557 0.955691601 0.809295074
v 0.126778438 0.948905895 0.809488619
v 0.122656103 0.959392667 0.789018782
v 0.123652048 0.953169778 0.786128756
v 0.103449318 0.957964133 0.796845317
v 0.101524725 0.951523917 0.795145468
v 0.122656100 0.955317740 0.811343472
v 0.123652043 0.948475216 0.811848326
v 0.125369560 0.959018806 0.791067257
v 0.126778135 0.952739176 0.788488770
v 0.104758483 0.958531387 0.793736664
v 0.103033017 0.952177811 0.791564231
v 0.119496365 0.955082672 0.812631071
v 0.120011466 0.948204437 0.813331841
v 0.116105079 0.955002455 0.813070161
v 0.112713793 0.955082672 0.812631070
v 0.112198080 0.948204437 0.813331840
v 0.116105079 0.948111984 0.813837842
v 0.127451681 0.958531387 0.793736591
v 0.129177148 0.952177811 0.791564082
v 0.106840299 0.959018806 0.791067254
v 0.105431418 0.952739176 0.788488766
v 0.109554058 0.955317893 0.811343317
v 0.108557809 0.948475140 0.811848477
v 0.128760539 0.957964133 0.796845244
v 0.130685439 0.951523917 0.795145473
v 0.109554062 0.959392667 0.789018933
v 0.108557813 0.953169931 0.786128983
v 0.106840296 -0.955691601 0.809295071
v 0.105431721 -0.948905895 0.809488540
v 0.103032709 -0.949467260 0.806413380
v 0.104758481 -0.956178791 0.806625737
v 0.129207122 -0.957355051 0.800181166
v 0.131199622 -0.950822459 0.798988848
v 0.130685438 -0.950120924 0.802832147
v 0.128760538 -0.956746274 0.803517088
v 0.112714409 -0.959627659 0.787731333
v 0.112198085 -0.953440711 0.784645698
v 0.116104778 -0.953532934 0.784139544
v 0.116104777 -0.959707876 0.787292015
v 0.101524723 -0.950121001 0.802831913
v 0.103449317 -0.956746274 0.803517084
v 0.129177145 -0.949467260 0.806413308
v 0.127451679 -0.956178791 0.806625741
v 0.120011776 -0.953440711 0.784645622
v 0.119496063 -0.959627659 0.787731182
v 0.101010235 -0.950822535 0.798988690
v 0.103003039 -0.957355051 0.800181162
v 0.126778438 -0.948905895 0.809488619
v 0.125369557 -0.955691601 0.809295074
v 0.123652048 -0.953169778 0.786128756
v 0.122656103 -0.959392667 0.789018782
v 0.101524725 -0.951523917 0.795145468
v 0.103449318 -0.957964133 0.796845317
v 0.123652043 -0.948475216 0.811848326
v 0.122656100 -0.955317740 0.811343472
v 0.126778135 -0.952739176 0.788488770
v 0.125369560 -0.959018806 0.791067257
v 0.103033017 -0.952177811 0.791564231
v 0.104758483 -0.958531387 0.793736664
v 0.120011466 -0.948204437 0.813331841
v 0.119496365 -0.955082672 0.812631071
v 0.116105079 -0.955002455 0.813070161
v 0.116105079 -0.948111984 0.813837842
v 0.112198080 -0.948204437 0.813331840
v 0.112713793 -0.955082672 0.812631070
v 0.129177148 -0.952177811 0.791564082
v 0.127451681 -0.958531387 0.793736591
v 0.105431418 -0.952739176 0.788488766
v 0.106840299 -0.959018806 0.791067254
v 0.108557809 -0.948475140 0.811848477
v 0.109554058 -0.955317893 0.811343317
v 0.130685439 -0.951523917 0.795145473
v 0.128760539 -0.957964133 0.796845244
v 0.108557813 -0.953169931 0.786128983
v 0.109554062 -0.959392667 0.789018933
v 0.109554058 -0.955317893 0.811343317
v 0.108557809 -0.948475140 0.811848477
v 0.112713793 -0.955082672 0.812631070
v 0.109554058 -0.955317893 0.811343317
v 0.106840296 -0.955691601 0.809295071
v 0.104758481 -0.956178791 0.806625737
v 0.103449317 -0.956746274 0.803517084
v 0.103003039 -0.957355051 0.800181162
v 0.103449318 -0.957964133 0.796845317
v 0.104758483 -0.958531387 0.793736664
v 0.106840299 -0.959018806 0.791067254
v 0.109554062 -0.959392667 0.789018933
v 0.112714409 -0.959627659 0.787731333
v 0.116104777 -0.959707876 0.787292015
v 0.119496063 -0.959627659 0.787731182
v 0.122656103 -0.959392667 0.789018782
v 0.125369560 -0.959018806 0.791067257
v 0.127451681 -0.958531387 0.793736591
v 0.128760539 -0.957964133 0.796845244
v 0.129207122 -0.957355051 0.800181166
v 0.128760538 -0.956746274 0.803517088
v 0.127451679 -0.956178791 0.806625741
v 0.125369557 -0.955691601 0.809295074
v 0.122656100 -0.955317740 0.811343472
v 0.119496365 -0.955082672 0.812631071
v 0.116105079 -0.955002455 0.813070161
v 2.388776801 -0.880137764 0.547016818
v 2.388458380 -0.884121768 0.546797293
v 2.230855509 -0.896127002 0.539586368
v 2.231173930 -0.892142999 0.539805894
v -2.242548503 -0.902081711 0.487204792
v -2.193973878 -0.874907072 0.435400765
v -2.194292145 -0.878891076 0.435181258
v -2.242866771 -0.906065715 0.486985266
v -2.191030095 -0.878250947 0.440533499
v -2.229011003 -0.899539394 0.480986188
v -2.229329271 -0.903523398 0.480766662
v -2.191348362 -0.882234951 0.440313993
v -2.065028547 -0.882605447 0.427096311
v -2.065028555 -0.909463959 0.475772021
v -2.065346822 -0.913447963 0.475552495
v -2.065346815 -0.886589451 0.426876804
v -2.071198105 -0.906164055 0.470779207
v -2.071204522 -0.885341004 0.432855447
v -2.071522790 -0.889325008 0.432635902
v -2.071516373 -0.910148059 0.470559681
v -2.065028555 -0.909463959 0.475772021
v -2.242548503 -0.902081711 0.487204792
v -2.242866771 -0.906065715 0.486985266
v -2.065346822 -0.913447963 0.475552495
v -2.229011003 -0.899539394 0.480986188
v -2.071198105 -0.906164055 0.470779207
v -2.071516373 -0.910148059 0.470559681
v -2.229329271 -0.903523398 0.480766662
v -2.193973878 -0.874907072 0.435400765
v -2.065028547 -0.882605447 0.427096311
v -2.065346815 -0.886589451 0.426876804
v -2.194292145 -0.878891076 0.435181258
v -2.071516373 -0.910148059 0.470559681
v -2.071522790 -0.889325008 0.432635902
v -2.065346815 -0.886589451 0.426876804
v -2.065346822 -0.913447963 0.475552495
v -2.191348362 -0.882234951 0.440313993
v -2.194292145 -0.878891076 0.435181258
v 2.388458380 -0.884121768 0.546797293
v 2.402485706 -0.885849223 0.552951074
v 2.224783801 -0.899431954 0.544803868
v 2.230855509 -0.896127002 0.539586368
v 2.223883300 -0.872391596 0.496136474
v 2.230151687 -0.875073318 0.501784425
v -2.229329271 -0.903523398 0.480766662
v -2.242866771 -0.906065715 0.486985266
v 2.352960462 -0.863776806 0.502054403
v 2.350172982 -0.867025782 0.507307634
v -2.191348362 -0.882234951 0.440313993
v -2.194292145 -0.878891076 0.435181258
v 2.350172982 -0.867025782 0.507307634
v 2.352960462 -0.863776806 0.502054403
v 2.225102221 -0.895447950 0.545023394
v 2.224783801 -0.899431954 0.544803868
v 2.402485706 -0.885849223 0.552951074
v 2.402804127 -0.881865219 0.553170600
v 2.230470107 -0.871089314 0.502003951
v 2.230151687 -0.875073318 0.501784425
v 2.350172982 -0.867025782 0.507307634
v 2.350491402 -0.863041778 0.507527160
v 2.353278883 -0.859792803 0.502273929
v 2.352960462 -0.863776806 0.502054403
v 2.223883300 -0.872391596 0.496136474
v 2.224201720 -0.868407592 0.496356000
v 2.350491402 -0.863041778 0.507527160
v 2.350172982 -0.867025782 0.507307634
v 2.388458380 -0.884121768 0.546797293
v 2.388776801 -0.880137764 0.547016818
v 2.402804127 -0.881865219 0.553170600
v 2.402485706 -0.885849223 0.552951074
v 2.352960462 -0.863776806 0.502054403
v 2.353278883 -0.859792803 0.502273929
v 2.231173930 -0.892142999 0.539805894
v 2.230855509 -0.896127002 0.539586368
v 2.230151687 -0.875073318 0.501784425
v 2.230470107 -0.871089314 0.502003951
v -2.071204522 -0.885341004 0.432855447
v -2.191030095 -0.878250947 0.440533499
v -2.191348362 -0.882234951 0.440313993
v -2.071522790 -0.889325008 0.432635902
v 2.224201720 -0.868407592 0.496356000
v 2.223883300 -0.872391596 0.496136474
v 2.224783801 -0.899431954 0.544803868
v 2.225102221 -0.895447950 0.545023394
v 2.388776801 0.880137764 0.547016818
v 2.231173930 0.892142999 0.539805894
v 2.230855509 0.896127002 0.539586368
v 2.388458380 0.884121768 0.546797293
v -2.242548503 0.902081711 0.487204792
v -2.242866771 0.906065715 0.486985266
v -2.194292145 0.878891076 0.435181258
v -2.193973878 0.874907072 0.435400765
v -2.191030095 0.878250947 0.440533499
v -2.191348362 0.882234951 0.440313993
v -2.229329271 0.903523398 0.480766662
v -2.229011003 0.899539394 0.480986188
v -2.065028547 0.882605447 0.427096311
v -2.065346815 0.886589451 0.426876804
v -2.065346822 0.913447963 0.475552495
v -2.065028555 0.909463959 0.475772021
v -2.071198105 0.906164055 0.470779207
v -2.071516373 0.910148059 0.470559681
v -2.071522790 0.889325008 0.432635902
v -2.071204522 0.885341004 0.432855447
v -2.065028555 0.909463959 0.475772021
v -2.065346822 0.913447963 0.475552495
v -2.242866771 0.906065715 0.486985266
v -2.242548503 0.902081711 0.487204792
v -2.229011003 0.899539394 0.480986188
v -2.229329271 0.903523398 0.480766662
v -2.071516373 0.910148059 0.470559681
v -2.071198105 0.906164055 0.470779207
v -2.193973878 0.874907072 0.435400765
v -2.194292145 0.878891076 0.435181258
v -2.065346815 0.886589451 0.426876804
v -2.065028547 0.882605447 0.427096311
v -2.071516373 0.910148059 0.470559681
v -2.065346822 0.913447963 0.475552495
v -2.065346815 0.886589451 0.426876804
v -2.071522790 0.889325008 0.432635902
v -2.194292145 0.878891076 0.435181258
v -2.191348362 0.882234951 0.440313993
v 2.388458380 0.884121768 0.546797293
v 2.230855509 0.896127002 0.539586368
v 2.224783801 0.899431954 0.544803868
v 2.402485706 0.885849223 0.552951074
v 2.230151687 0.875073318 0.501784425
v 2.223883300 0.872391596 0.496136474
v -2.229329271 0.903523398 0.480766662
v -2.242866771 0.906065715 0.486985266
v 2.350172982 0.867025782 0.507307634
v 2.352960462 0.863776806 0.502054403
v -2.191348362 0.882234951 0.440313993
v -2.194292145 0.878891076 0.435181258
v 2.350172982 0.867025782 0.507307634
v 2.352960462 0.863776806 0.502054403
v 2.225102221 0.895447950 0.545023394
v 2.402804127 0.881865219 0.553170600
v 2.402485706 0.885849223 0.552951074
v 2.224783801 0.899431954 0.544803868
v 2.230470107 0.871089314 0.502003951
v 2.350491402 0.863041778 0.507527160
v 2.350172982 0.867025782 0.507307634
v 2.230151687 0.875073318 0.501784425
v 2.353278883 0.859792803 0.502273929
v 2.224201720 0.868407592 0.496356000
v 2.223883300 0.872391596 0.496136474
v 2.352960462 0.863776806 0.502054403
v 2.350491402 0.863041778 0.507527160
v 2.388776801 0.880137764 0.547016818
v 2.388458380 0.884121768 0.546797293
v 2.350172982 0.867025782 0.507307634
v 2.402804127 0.881865219 0.553170600
v 2.353278883 0.859792803 0.502273929
v 2.352960462 0.863776806 0.502054403
v 2.402485706 0.885849223 0.552951074
v 2.231173930 0.892142999 0.539805894
v 2.230470107 0.871089314 0.502003951
v 2.230151687 0.875073318 0.501784425
v 2.230855509 0.896127002 0.539586368
v -2.071204522 0.885341004 0.432855447
v -2.071522790 0.889325008 0.432635902
v -2.191348362 0.882234951 0.440313993
v -2.191030095 0.878250947 0.440533499
v 2.224201720 0.868407592 0.496356000
v 2.225102221 0.895447950 0.545023394
v 2.224783801 0.899431954 0.544803868
v 2.223883300 0.872391596 0.496136474
vt 0.875000000 0.586914062
vt 0.937500000 0.586914062
vt 0.937500000 0.797851562
vt 0.875000000 0.797851562
vt 0.937500000 0.548828125
vt 0.875000000 0.548828125
vt 0.875000000 0.441406250
vt 0.937500000 0.441406250
vt 0.937500000 0.847656250
vt 0.875000000 0.847656250
vt 0.875000000 0.632812500
vt 0.937500000 0.632812500
vt 0.937500000 0.294921875
vt 0.875000000 0.294921875
vt 0.875000000 0.187500000
vt 0.937500000 0.187500000
vt 0.937500000 0.515625000
vt 0.875000000 0.515625000
vt 0.875000000 0.299804688
vt 0.937500000 0.299804688
vt 0.875000000 0.156250000
vt 0.937500000 0.156250000
vt 0.937500000 0.368164062
vt 0.875000000 0.368164062
vt 0.875000000 0.802734375
vt 0.937500000 0.802734375
vt 0.937500000 0.908203125
vt 0.875000000 0.908203125
vt 0.875000000 0.697265625
vt 0.937500000 0.697265625
vt 0.937500000 0.799804688
vt 0.875000000 0.799804688
vt 0.875000000 0.480468750
vt 0.937500000 0.480468750
vt 0.937500000 0.692382812
vt 0.875000000 0.692382812
vt 0.937500000 0.436523438
vt 0.875000000 0.436523438
vt 0.875000000 0.220703125
vt 0.937500000 0.220703125
vt 0.937500000 0.881835938
vt 0.875000000 0.881835938
vt 0.875000000 0.774414062
vt 0.937500000 0.774414062
vt 0.937500000 0.769531250
vt 0.875000000 0.769531250
vt 0.875000000 0.553710938
vt 0.937500000 0.553710938
vt 0.937500000 0.626953125
vt 0.875000000 0.626953125
vt 0.875000000 0.520507812
vt 0.937500000 0.520507812
vt 0.875000000 0.260742188
vt 0.937500000 0.260742188
vt 0.937500000 0.471679688
vt 0.875000000 0.471679688
vt 0.875000000 0.476562500
vt 0.937500000 0.476562500
vt 0.937500000 0.582031250
vt 0.875000000 0.582031250
vt 0.937500000 0.296875000
vt 0.875000000 0.296875000
vt 0.875000000 0.517578125
vt 0.937500000 0.517578125
vt 0.937500000 0.629882812
vt 0.875000000 0.629882812
vt 0.875000000 0.184570312
vt 0.937500000 0.184570312
vt 0.875000000 0.850585938
vt 0.937500000 0.850585938
vt 0.937500000 0.474609375
vt 0.875000000 0.474609375
vt 0.875000000 0.583984375
vt 0.937500000 0.583984375
vt 0.937500000 0.910156250
vt 0.875000000 0.910156250
vt 0.937500000 0.257812500
vt 0.875000000 0.257812500
vt 0.937500000 0.800781250
vt 0.875000000 0.800781250
vt 0.875000000 0.551757812
vt 0.937500000 0.551757812
vt 0.937500000 0.439453125
vt 0.875000000 0.439453125
vt 0.937500000 0.883789062
vt 0.875000000 0.883789062
vt 0.937500000 0.218750000
vt 0.875000000 0.218750000
vt 0.937500000 0.772460938
vt 0.875000000 0.772460938
vt 0.937500000 0.475585938
vt 0.937500000 0.478515625
vt 0.875000000 0.478515625
vt 0.875000000 0.475585938
vt 0.875000000 0.694335938
vt 0.937500000 0.694335938
vt 0.875000000 0.154296875
vt 0.937500000 0.154296875
vt 0.875000000 0.801757812
vt 0.937500000 0.801757812
vt 0.875000000 0.373046875
vt 0.875000000 0.370117188
vt 0.937500000 0.370117188
vt 0.937500000 0.373046875
vt 0.875000000 0.586914062
vt 0.937500000 0.586914062
vt 0.937500000 0.797851562
vt 0.875000000 0.797851562
vt 0.937500000 0.548828125
vt 0.875000000 0.548828125
vt 0.875000000 0.441406250
vt 0.937500000 0.441406250
vt 0.937500000 0.847656250
vt 0.875000000 0.847656250
vt 0.875000000 0.632812500
vt 0.937500000 0.632812500
vt 0.937500000 0.294921875
vt 0.875000000 0.294921875
vt 0.875000000 0.187500000
vt 0.937500000 0.187500000
vt 0.937500000 0.515625000
vt 0.875000000 0.515625000
vt 0.875000000 0.299804688
vt 0.937500000 0.299804688
vt 0.875000000 0.156250000
vt 0.937500000 0.156250000
vt 0.937500000 0.368164062
vt 0.875000000 0.368164062
vt 0.875000000 0.802734375
vt 0.937500000 0.802734375
vt 0.937500000 0.908203125
vt 0.875000000 0.908203125
vt 0.875000000 0.697265625
vt 0.937500000 0.697265625
vt 0.937500000 0.799804688
vt 0.875000000 0.799804688
vt 0.875000000 0.480468750
vt 0.937500000 0.480468750
vt 0.937500000 0.692382812
vt 0.875000000 0.692382812
vt 0.937500000 0.436523438
vt 0.875000000 0.436523438
vt 0.875000000 0.220703125
vt 0.937500000 0.220703125
vt 0.937500000 0.881835938
vt 0.875000000 0.881835938
vt 0.875000000 0.774414062
vt 0.937500000 0.774414062
vt 0.937500000 0.769531250
vt 0.875000000 0.769531250
vt 0.875000000 0.553710938
vt 0.937500000 0.553710938
vt 0.937500000 0.626953125
vt 0.875000000 0.626953125
vt 0.875000000 0.520507812
vt 0.937500000 0.520507812
vt 0.875000000 0.260742188
vt 0.937500000 0.260742188
vt 0.937500000 0.471679688
vt 0.875000000 0.471679688
vt 0.875000000 0.476562500
vt 0.937500000 0.476562500
vt 0.937500000 0.582031250
vt 0.875000000 0.582031250
vt 0.937500000 0.296875000
vt 0.875000000 0.296875000
vt 0.875000000 0.517578125
vt 0.937500000 0.517578125
vt 0.937500000 0.629882812
vt 0.875000000 0.629882812
vt 0.875000000 0.184570312
vt 0.937500000 0.184570312
vt 0.875000000 0.850585938
vt 0.937500000 0.850585938
vt 0.937500000 0.474609375
vt 0.875000000 0.474609375
vt 0.875000000 0.583984375
vt 0.937500000 0.583984375
vt 0.937500000 0.910156250
vt 0.875000000 0.910156250
vt 0.937500000 0.257812500
vt 0.875000000 0.257812500
vt 0.937500000 0.800781250
vt 0.875000000 0.800781250
vt 0.875000000 0.551757812
vt 0.937500000 0.551757812
vt 0.937500000 0.439453125
vt 0.875000000 0.439453125
vt 0.937500000 0.883789062
vt 0.875000000 0.883789062
vt 0.937500000 0.218750000
vt 0.875000000 0.218750000
vt 0.937500000 0.772460938
vt 0.875000000 0.772460938
vt 0.937500000 0.475585938
vt 0.937500000 0.478515625
vt 0.875000000 0.478515625
vt 0.875000000 0.475585938
vt 0.875000000 0.694335938
vt 0.937500000 0.694335938
vt 0.875000000 0.154296875
vt 0.937500000 0.154296875
vt 0.875000000 0.801757812
vt 0.937500000 0.801757812
vt 0.875000000 0.373046875
vt 0.875000000 0.370117188
vt 0.937500000 0.370117188
vt 0.937500000 0.373046875
vt 0.560186446 0.079847813
vt 0.637756824 0.079847813
vt 0.637756824 0.002277434
vt 0.560186446 0.002277434
vt 0.560186446 0.079847813
vt 0.637756824 0.079847813
vt 0.637756824 0.002277434
vt 0.560186446 0.002277434
vt 0.560186446 0.079847813
vt 0.637756824 0.079847813
vt 0.637756824 0.002277434
vt 0.560186446 0.002277434
vt 0.559774816 0.080286145
vt 0.637321949 0.080286145
vt 0.637321949 0.002739012
vt 0.559774816 0.002739012
vt 0.559774816 0.080286145
vt 0.637321949 0.080286145
vt 0.637321949 0.002739012
vt 0.559774816 0.002739012
vt 0.559774816 0.080286145
vt 0.637321949 0.080286145
vt 0.637321949 0.002739012
vt 0.559774816 0.002739012
vt 0.559774816 0.080286145
vt 0.637321949 0.080286145
vt 0.637321949 0.002739012
vt 0.559774816 0.002739012
vt 0.559774816 0.080286145
vt 0.637321949 0.080286145
vt 0.637321949 0.002739012
vt 0.559774816 0.002739012
vt 0.559774816 0.080286145
vt 0.637321949 0.080286145
vt 0.637321949 0.002739012
vt 0.559774816 0.002739012
vt 0.559774816 0.080286145
vt 0.637321949 0.080286145
vt 0.637321949 0.002739012
vt 0.559774816 0.002739012
vt 0.559774816 0.080286145
vt 0.637321949 0.080286145
vt 0.637321949 0.002739012
vt 0.559774816 0.002739012
vt 0.560186446 0.079847813
vt 0.560186446 0.002277434
vt 0.637756824 0.002277434
vt 0.637756824 0.079847813
vt 0.560186446 0.079847813
vt 0.560186446 0.002277434
vt 0.637756824 0.002277434
vt 0.637756824 0.079847813
vt 0.560186446 0.079847813
vt 0.560186446 0.002277434
vt 0.637756824 0.002277434
vt 0.637756824 0.079847813
vt 0.559774816 0.080286145
vt 0.559774816 0.002739012
vt 0.637321949 0.002739012
vt 0.637321949 0.080286145
vt 0.559774816 0.080286145
vt 0.559774816 0.002739012
vt 0.637321949 0.002739012
vt 0.637321949 0.080286145
vt 0.559774816 0.080286145
vt 0.559774816 0.002739012
vt 0.637321949 0.002739012
vt 0.637321949 0.080286145
vt 0.559774816 0.080286145
vt 0.559774816 0.002739012
vt 0.637321949 0.002739012
vt 0.637321949 0.080286145
vt 0.559774816 0.080286145
vt 0.559774816 0.002739012
vt 0.637321949 0.002739012
vt 0.637321949 0.080286145
vt 0.559774816 0.080286145
vt 0.559774816 0.002739012
vt 0.637321949 0.002739012
vt 0.637321949 0.080286145
vt 0.559774816 0.080286145
vt 0.559774816 0.002739012
vt 0.637321949 0.002739012
vt 0.637321949 0.080286145
vt 0.559774816 0.080286145
vt 0.559774816 0.002739012
vt 0.637321949 0.002739012
vt 0.637321949 0.080286145
vt 0.875000000 0.414062500
vt 0.937500000 0.414062500
vt 0.875000000 0.414062500
vt 0.875000000 0.202148438
vt 0.937500000 0.202148438
vt 0.937500000 0.202148438
vt 0.937500000 0.576171875
vt 0.937500000 0.576171875
vt 0.875000000 0.576171875
vt 0.905273438 0.241210938
vt 0.905273438 0.241210938
vt 0.905273438 0.241210938
vt 0.905273438 0.241210938
vt 0.905273438 0.241210938
vt 0.905273438 0.241210938
vt 0.905273438 0.241210938
vt 0.905273438 0.241210938
vt 0.905273438 0.241210938
vt 0.905273438 0.241210938
vt 0.905273438 0.241210938
vt 0.905273438 0.241210938
vt 0.937500000 0.576171875
vt 0.937500000 0.576171875
vt 0.875000000 0.576171875
vt 0.875000000 0.576171875
vt 0.937500000 0.576171875
vt 0.875000000 0.576171875
vt 0.937500000 0.576171875
vt 0.937500000 0.576171875
vt 0.875000000 0.576171875
vt 0.875000000 0.202148438
vt 0.875000000 0.291015625
vt 0.937500000 0.319335938
vt 0.937500000 0.241210938
vt 0.937500000 0.676757812
vt 0.937500000 0.591796875
vt 0.875000000 0.591796875
vt 0.937500000 0.508789062
vt 0.875000000 0.391601562
vt 0.875000000 0.515625000
vt 0.918945312 0.242187500
vt 0.918945312 0.242187500
vt 0.918945312 0.242187500
vt 0.918945312 0.242187500
vt 0.918945312 0.242187500
vt 0.918945312 0.242187500
vt 0.918945312 0.242187500
vt 0.937500000 0.202148438
vt 0.937500000 0.202148438
vt 0.875000000 0.202148438
vt 0.875000000 0.700195312
vt 0.937500000 0.699218750
vt 0.875000000 0.700195312
vt 0.937500000 0.699218750
vt 0.875000000 0.700195312
vt 0.875000000 0.700195312
vt 0.937500000 0.699218750
vt 0.937500000 0.699218750
vt 0.875000000 0.700195312
vt 0.875000000 0.700195312
vt 0.937500000 0.699218750
vt 0.937500000 0.699218750
vt 0.905273438 0.241210938
vt 0.905273438 0.241210938
vt 0.905273438 0.241210938
vt 0.937500000 0.202148438
vt 0.937500000 0.202148438
vt 0.875000000 0.202148438
vt 0.937500000 0.202148438
vt 0.937500000 0.202148438
vt 0.875000000 0.202148438
vt 0.937500000 0.202148438
vt 0.937500000 0.202148438
vt 0.937500000 0.202148438
vt 0.875000000 0.202148438
vt 0.937500000 0.202148438
vt 0.875000000 0.202148438
vt 0.875000000 0.202148438
vt 0.937500000 0.202148438
vt 0.937500000 0.202148438
vt 0.875000000 0.202148438
vt 0.875000000 0.202148438
vt 0.875000000 0.202148438
vt 0.875000000 0.202148438
vt 0.937500000 0.202148438
vt 0.937500000 0.202148438
vt 0.875000000 0.202148438
vt 0.875000000 0.202148438
vt 0.894531250 0.381835938
vt 0.894531250 0.381835938
vt 0.875000000 0.381835938
vt 0.894531250 0.381835938
vt 0.905273438 0.241210938
vt 0.905273438 0.241210938
vt 0.905273438 0.241210938
vt 0.905273438 0.241210938
vt 0.905273438 0.241210938
vt 0.905273438 0.241210938
vt 0.875000000 0.700195312
vt 0.875000000 0.700195312
vt 0.937500000 0.025390625
vt 0.875000000 0.414062500
vt 0.937500000 0.414062500
vt 0.937500000 0.414062500
vt 0.937500000 0.414062500
vt 0.875000000 0.414062500
vt 0.937500000 0.414062500
vt 0.937500000 0.414062500
vt 0.937500000 0.414062500
vt 0.875000000 0.414062500
vt 0.937500000 0.414062500
vt 0.937500000 0.414062500
vt 0.875000000 0.414062500
vt 0.937500000 0.414062500
vt 0.875000000 0.414062500
vt 0.937500000 0.414062500
vt 0.937500000 0.414062500
vt 0.937500000 0.414062500
vt 0.937500000 0.414062500
vt 0.875000000 0.414062500
vt 0.937500000 0.414062500
vt 0.937500000 0.414062500
vt 0.875000000 0.414062500
vt 0.937500000 0.414062500
vt 0.937500000 0.414062500
vt 0.875000000 0.414062500
vt 0.875000000 0.414062500
vt 0.875000000 0.414062500
vt 0.937500000 0.414062500
vt 0.875000000 0.414062500
vt 0.875000000 0.414062500
vt 0.937500000 0.202148438
vt 0.875000000 0.202148438
vt 0.875000000 0.576171875
vt 0.937500000 0.576171875
vt 0.905273438 0.241210938
vt 0.905273438 0.241210938
vt 0.905273438 0.241210938
vt 0.905273438 0.241210938
vt 0.905273438 0.241210938
vt 0.905273438 0.241210938
vt 0.905273438 0.241210938
vt 0.905273438 0.241210938
vt 0.905273438 0.241210938
vt 0.905273438 0.241210938
vt 0.905273438 0.241210938
vt 0.905273438 0.241210938
vt 0.905273438 0.241210938
vt 0.905273438 0.241210938
vt 0.905273438 0.241210938
vt 0.905273438 0.241210938
vt 0.905273438 0.241210938
vt 0.905273438 0.241210938
vt 0.905273438 0.241210938
vt 0.905273438 0.241210938
vt 0.905273438 0.241210938
vt 0.905273438 0.241210938
vt 0.905273438 0.241210938
vt 0.905273438 0.241210938
vt 0.905273438 0.241210938
vt 0.905273438 0.241210938
vt 0.905273438 0.241210938
vt 0.905273438 0.241210938
vt 0.905273438 0.241210938
vt 0.937500000 0.576171875
vt 0.875000000 0.576171875
vt 0.875000000 0.576171875
vt 0.875000000 0.576171875
vt 0.875000000 0.576171875
vt 0.875000000 0.576171875
vt 0.937500000 0.576171875
vt 0.875000000 0.576171875
vt 0.875000000 0.576171875
vt 0.937500000 0.576171875
vt 0.937500000 0.576171875
vt 0.937500000 0.576171875
vt 0.875000000 0.576171875
vt 0.937500000 0.576171875
vt 0.875000000 0.576171875
vt 0.875000000 0.576171875
vt 0.937500000 0.576171875
vt 0.875000000 0.576171875
vt 0.937500000 0.576171875
vt 0.875000000 0.576171875
vt 0.937500000 0.576171875
vt 0.875000000 0.576171875
vt 0.875000000 0.576171875
vt 0.937500000 0.576171875
vt 0.875000000 0.576171875
vt 0.937500000 0.576171875
vt 0.875000000 0.576171875
vt 0.937500000 0.576171875
vt 0.937500000 0.576171875
vt 0.937500000 0.576171875
vt 0.875000000 0.576171875
vt 0.937500000 0.576171875
vt 0.937500000 0.576171875
vt 0.937500000 0.576171875
vt 0.875000000 0.576171875
vt 0.937500000 0.576171875
vt 0.937500000 0.576171875
vt 0.937500000 0.576171875
vt 0.875000000 0.576171875
vt 0.937500000 0.576171875
vt 0.875000000 0.576171875
vt 0.875000000 0.576171875
vt 0.937500000 0.576171875
vt 0.937500000 0.576171875
vt 0.875000000 0.576171875
vt 0.875000000 0.576171875
vt 0.875000000 0.576171875
vt 0.937500000 0.576171875
vt 0.937500000 0.576171875
vt 0.875000000 0.576171875
vt 0.875000000 0.576171875
vt 0.937500000 0.576171875
vt 0.875000000 0.576171875
vt 0.937500000 0.576171875
vt 0.875000000 0.576171875
vt 0.875000000 0.576171875
vt 0.937500000 0.576171875
vt 0.937500000 0.202148438
vt 0.937500000 0.202148438
vt 0.918945312 0.242187500
vt 0.875000000 0.202148438
vt 0.937500000 0.202148438
vt 0.875000000 0.700195312
vt 0.875000000 0.700195312
vt 0.937500000 0.699218750
vt 0.875000000 0.700195312
vt 0.875000000 0.700195312
vt 0.875000000 0.700195312
vt 0.937500000 0.699218750
vt 0.937500000 0.699218750
vt 0.937500000 0.699218750
vt 0.937500000 0.699218750
vt 0.937500000 0.699218750
vt 0.937500000 0.699218750
vt 0.937500000 0.699218750
vt 0.937500000 0.699218750
vt 0.937500000 0.699218750
vt 0.937500000 0.699218750
vt 0.875000000 0.700195312
vt 0.937500000 0.699218750
vt 0.875000000 0.700195312
vt 0.875000000 0.700195312
vt 0.875000000 0.700195312
vt 0.937500000 0.699218750
vt 0.937500000 0.699218750
vt 0.875000000 0.700195312
vt 0.937500000 0.699218750
vt 0.937500000 0.699218750
vt 0.937500000 0.699218750
vt 0.875000000 0.700195312
vt 0.937500000 0.699218750
vt 0.875000000 0.700195312
vt 0.937500000 0.699218750
vt 0.875000000 0.700195312
vt 0.937500000 0.699218750
vt 0.875000000 0.700195312
vt 0.875000000 0.700195312
vt 0.937500000 0.699218750
vt 0.875000000 0.700195312
vt 0.875000000 0.700195312
vt 0.875000000 0.700195312
vt 0.937500000 0.699218750
vt 0.875000000 0.700195312
vt 0.875000000 0.700195312
vt 0.937500000 0.699218750
vt 0.937500000 0.699218750
vt 0.875000000 0.700195312
vt 0.875000000 0.700195312
vt 0.937500000 0.699218750
vt 0.875000000 0.700195312
vt 0.875000000 0.700195312
vt 0.937500000 0.699218750
vt 0.937500000 0.699218750
vt 0.875000000 0.700195312
vt 0.875000000 0.700195312
vt 0.937500000 0.699218750
vt 0.937500000 0.699218750
vt 0.905273438 0.241210938
vt 0.905273438 0.241210938
vt 0.905273438 0.241210938
vt 0.905273438 0.241210938
vt 0.875000000 0.202148438
vt 0.937500000 0.202148438
vt 0.937500000 0.202148438
vt 0.937500000 0.202148438
vt 0.875000000 0.202148438
vt 0.875000000 0.202148438
vt 0.875000000 0.202148438
vt 0.937500000 0.202148438
vt 0.937500000 0.202148438
vt 0.875000000 0.202148438
vt 0.875000000 0.202148438
vt 0.937500000 0.202148438
vt 0.875000000 0.202148438
vt 0.875000000 0.202148438
vt 0.937500000 0.202148438
vt 0.875000000 0.202148438
vt 0.875000000 0.202148438
vt 0.875000000 0.202148438
vt 0.937500000 0.202148438
vt 0.937500000 0.202148438
vt 0.875000000 0.025390625
vt 0.875000000 0.700195312
vt 0.937500000 0.000976562
vt 0.875000000 0.000976562
vt 0.937500000 0.969726562
vt 0.875000000 0.969726562
vt 0.875000000 1.000000000
vt 0.937500000 1.000000000
vt 0.875000000 0.414062500
vt 0.937500000 0.414062500
vt 0.875000000 0.601562500
vt 0.875000000 0.999023438
vt 0.937500000 0.999023438
vt 0.937500000 0.601562500
vt 0.918945312 0.242187500
vt 0.918945312 0.242187500
vt 0.875000000 0.537109375
vt 0.875000000 1.000000000
vt 0.937500000 1.000000000
vt 0.937500000 0.537109375
vt 0.875000000 0.999023438
vt 0.937500000 0.999023438
vt 0.937500000 0.000000000
vt 0.875000000 0.000000000
vt 0.905273438 0.241210938
vt 0.905273438 0.241210938
vt 0.875000000 0.576171875
vt 0.875000000 0.202148438
vt 0.875000000 0.202148438
vt 0.937500000 0.202148438
vt 0.937500000 0.202148438
vt 0.937500000 0.202148438
vt 0.875000000 0.202148438
vt 0.937500000 1.000976562
vt 0.875000000 1.000976562
vt 0.875000000 0.000000000
vt 0.937500000 0.000000000
vt 0.918945312 0.242187500
vt 0.918945312 0.242187500
vt 0.875000000 0.000000000
vt 0.937500000 0.000000000
vt 0.937500000 0.518554688
vt 0.937500000 0.598632812
vt 0.875000000 0.598632812
vt 0.875000000 0.518554688
vt 0.937500000 0.631835938
vt 0.875000000 0.631835938
vt 0.937500000 0.706054688
vt 0.875000000 0.706054688
vt 0.937500000 0.780273438
vt 0.875000000 0.780273438
vt 0.937500000 0.814453125
vt 0.875000000 0.814453125
vt 0.937500000 0.894531250
vt 0.875000000 0.894531250
vt 0.937500000 0.255859375
vt 0.937500000 0.330078125
vt 0.875000000 0.330078125
vt 0.875000000 0.255859375
vt 0.937500000 0.175781250
vt 0.875000000 0.175781250
vt 0.937500000 0.156250000
vt 0.875000000 0.156250000
vt 0.937500000 0.499023438
vt 0.875000000 0.499023438
vt 0.937500000 0.418945312
vt 0.875000000 0.418945312
vt 0.937500000 0.344726562
vt 0.875000000 0.344726562
vt 0.937500000 0.583984375
vt 0.937500000 0.591796875
vt 0.875000000 0.591796875
vt 0.875000000 0.583984375
vt 0.937500000 0.630859375
vt 0.875000000 0.630859375
vt 0.937500000 0.635742188
vt 0.875000000 0.635742188
vt 0.937500000 0.576171875
vt 0.875000000 0.576171875
vt 0.937500000 0.641601562
vt 0.875000000 0.641601562
vt 0.937500000 0.569335938
vt 0.875000000 0.569335938
vt 0.937500000 0.647460938
vt 0.875000000 0.647460938
vt 0.937500000 0.562500000
vt 0.875000000 0.562500000
vt 0.937500000 0.653320312
vt 0.875000000 0.653320312
vt 0.937500000 0.657226562
vt 0.875000000 0.657226562
vt 0.937500000 0.555664062
vt 0.875000000 0.555664062
vt 0.937500000 0.667968750
vt 0.875000000 0.667968750
vt 0.937500000 0.545898438
vt 0.875000000 0.545898438
vt 0.937500000 0.737304688
vt 0.937500000 0.740234375
vt 0.875000000 0.740234375
vt 0.875000000 0.737304688
vt 0.937500000 0.704101562
vt 0.937500000 0.708984375
vt 0.875000000 0.708984375
vt 0.875000000 0.704101562
vt 0.937500000 0.364257812
vt 0.937500000 0.369140625
vt 0.875000000 0.369140625
vt 0.875000000 0.364257812
vt 0.937500000 0.734375000
vt 0.875000000 0.734375000
vt 0.937500000 0.744140625
vt 0.875000000 0.744140625
vt 0.937500000 0.700195312
vt 0.875000000 0.700195312
vt 0.937500000 0.748046875
vt 0.875000000 0.748046875
vt 0.937500000 0.695312500
vt 0.875000000 0.695312500
vt 0.937500000 0.750976562
vt 0.875000000 0.750976562
vt 0.937500000 0.691406250
vt 0.875000000 0.691406250
vt 0.937500000 0.672851562
vt 0.875000000 0.672851562
vt 0.937500000 0.536132812
vt 0.875000000 0.536132812
vt 0.937500000 0.752929688
vt 0.875000000 0.752929688
vt 0.937500000 0.754882812
vt 0.875000000 0.754882812
vt 0.937500000 0.756835938
vt 0.875000000 0.756835938
vt 0.937500000 0.761718750
vt 0.875000000 0.761718750
vt 0.937500000 0.765625000
vt 0.875000000 0.765625000
vt 0.937500000 0.770507812
vt 0.875000000 0.770507812
vt 0.937500000 0.529296875
vt 0.875000000 0.529296875
vt 0.937500000 0.774414062
vt 0.875000000 0.774414062
vt 0.937500000 0.802734375
vt 0.875000000 0.802734375
vt 0.937500000 0.808593750
vt 0.875000000 0.808593750
vt 0.937500000 0.816406250
vt 0.875000000 0.816406250
vt 0.937500000 0.824218750
vt 0.875000000 0.824218750
vt 0.937500000 0.832031250
vt 0.875000000 0.832031250
vt 0.937500000 0.522460938
vt 0.875000000 0.522460938
vt 0.937500000 0.837890625
vt 0.875000000 0.837890625
vt 0.937500000 0.515625000
vt 0.875000000 0.515625000
vt 0.937500000 0.508789062
vt 0.875000000 0.508789062
vt 0.937500000 0.502929688
vt 0.875000000 0.502929688
vt 0.937500000 0.472656250
vt 0.875000000 0.472656250
vt 0.937500000 0.467773438
vt 0.875000000 0.467773438
vt 0.937500000 0.462890625
vt 0.875000000 0.462890625
vt 0.937500000 0.846679688
vt 0.875000000 0.846679688
vt 0.937500000 0.458984375
vt 0.875000000 0.458984375
vt 0.937500000 0.455078125
vt 0.875000000 0.455078125
vt 0.937500000 0.452148438
vt 0.875000000 0.452148438
vt 0.937500000 0.450195312
vt 0.875000000 0.450195312
vt 0.937500000 0.388671875
vt 0.875000000 0.388671875
vt 0.937500000 0.392578125
vt 0.875000000 0.392578125
vt 0.937500000 0.448242188
vt 0.875000000 0.448242188
vt 0.937500000 0.855468750
vt 0.875000000 0.855468750
vt 0.937500000 0.445312500
vt 0.875000000 0.445312500
vt 0.937500000 0.396484375
vt 0.875000000 0.396484375
vt 0.937500000 0.442382812
vt 0.875000000 0.442382812
vt 0.937500000 0.437500000
vt 0.875000000 0.437500000
vt 0.937500000 0.400390625
vt 0.875000000 0.400390625
vt 0.937500000 0.434570312
vt 0.875000000 0.434570312
vt 0.937500000 0.404296875
vt 0.875000000 0.404296875
vt 0.937500000 0.431640625
vt 0.875000000 0.431640625
vt 0.937500000 0.354492188
vt 0.875000000 0.354492188
vt 0.937500000 0.862304688
vt 0.875000000 0.862304688
vt 0.937500000 0.350585938
vt 0.875000000 0.350585938
vt 0.937500000 0.870117188
vt 0.875000000 0.870117188
vt 0.937500000 0.344726562
vt 0.875000000 0.344726562
vt 0.937500000 0.878906250
vt 0.875000000 0.878906250
vt 0.937500000 0.338867188
vt 0.875000000 0.338867188
vt 0.937500000 0.333007812
vt 0.875000000 0.333007812
vt 0.937500000 0.887695312
vt 0.875000000 0.887695312
vt 0.937500000 0.329101562
vt 0.875000000 0.329101562
vt 0.937500000 0.291015625
vt 0.875000000 0.291015625
vt 0.937500000 0.894531250
vt 0.875000000 0.894531250
vt 0.937500000 0.293945312
vt 0.937500000 0.383789062
vt 0.875000000 0.383789062
vt 0.875000000 0.293945312
vt 0.937500000 0.449218750
vt 0.875000000 0.449218750
vt 0.937500000 0.456054688
vt 0.875000000 0.456054688
vt 0.937500000 0.462890625
vt 0.875000000 0.462890625
vt 0.937500000 0.469726562
vt 0.875000000 0.469726562
vt 0.937500000 0.477539062
vt 0.875000000 0.477539062
vt 0.937500000 0.484375000
vt 0.875000000 0.484375000
vt 0.937500000 0.492187500
vt 0.875000000 0.492187500
vt 0.875000000 0.857421875
vt 0.875000000 0.864257812
vt 0.937500000 0.864257812
vt 0.937500000 0.857421875
vt 0.937500000 0.499023438
vt 0.875000000 0.499023438
vt 0.875000000 0.870117188
vt 0.875000000 0.908203125
vt 0.937500000 0.908203125
vt 0.937500000 0.870117188
vt 0.875000000 0.655273438
vt 0.875000000 0.709960938
vt 0.937500000 0.709960938
vt 0.937500000 0.655273438
vt 0.875000000 0.851562500
vt 0.937500000 0.851562500
vt 0.875000000 0.844726562
vt 0.937500000 0.844726562
vt 0.875000000 0.836914062
vt 0.937500000 0.836914062
vt 0.937500000 0.506835938
vt 0.875000000 0.506835938
vt 0.875000000 0.825195312
vt 0.937500000 0.825195312
vt 0.937500000 0.525390625
vt 0.875000000 0.525390625
vt 0.875000000 0.813476562
vt 0.937500000 0.813476562
vt 0.937500000 0.532226562
vt 0.875000000 0.532226562
vt 0.875000000 0.805664062
vt 0.937500000 0.805664062
vt 0.937500000 0.540039062
vt 0.875000000 0.540039062
vt 0.875000000 0.799804688
vt 0.937500000 0.799804688
vt 0.875000000 0.793945312
vt 0.937500000 0.793945312
vt 0.875000000 0.787109375
vt 0.937500000 0.787109375
vt 0.875000000 0.749023438
vt 0.937500000 0.749023438
vt 0.937500000 0.546875000
vt 0.875000000 0.546875000
vt 0.937500000 0.553710938
vt 0.875000000 0.553710938
vt 0.937500000 0.560546875
vt 0.875000000 0.560546875
vt 0.937500000 0.568359375
vt 0.875000000 0.568359375
vt 0.937500000 0.576171875
vt 0.875000000 0.576171875
vt 0.937500000 0.258789062
vt 0.875000000 0.258789062
vt 0.937500000 0.582031250
vt 0.875000000 0.582031250
vt 0.937500000 0.668945312
vt 0.937500000 0.740234375
vt 0.875000000 0.740234375
vt 0.875000000 0.668945312
vt 0.937500000 0.757812500
vt 0.875000000 0.757812500
vt 0.937500000 0.829101562
vt 0.875000000 0.829101562
vt 0.937500000 0.884765625
vt 0.875000000 0.884765625
vt 0.937500000 0.613281250
vt 0.875000000 0.613281250
vt 0.937500000 0.902343750
vt 0.875000000 0.902343750
vt 0.937500000 0.419921875
vt 0.937500000 0.426757812
vt 0.875000000 0.426757812
vt 0.875000000 0.419921875
vt 0.937500000 0.464843750
vt 0.875000000 0.464843750
vt 0.937500000 0.471679688
vt 0.875000000 0.471679688
vt 0.937500000 0.413085938
vt 0.875000000 0.413085938
vt 0.937500000 0.479492188
vt 0.875000000 0.479492188
vt 0.937500000 0.406250000
vt 0.875000000 0.406250000
vt 0.937500000 0.486328125
vt 0.875000000 0.486328125
vt 0.937500000 0.398437500
vt 0.875000000 0.398437500
vt 0.937500000 0.493164062
vt 0.875000000 0.493164062
vt 0.937500000 0.391601562
vt 0.875000000 0.391601562
vt 0.937500000 0.500000000
vt 0.875000000 0.500000000
vt 0.937500000 0.507812500
vt 0.875000000 0.507812500
vt 0.937500000 0.383789062
vt 0.875000000 0.383789062
vt 0.875000000 0.435546875
vt 0.875000000 0.440429688
vt 0.937500000 0.440429688
vt 0.937500000 0.435546875
vt 0.937500000 0.515625000
vt 0.875000000 0.515625000
vt 0.937500000 0.376953125
vt 0.875000000 0.376953125
vt 0.875000000 0.262695312
vt 0.875000000 0.266601562
vt 0.937500000 0.266601562
vt 0.937500000 0.262695312
vt 0.875000000 0.258789062
vt 0.937500000 0.258789062
vt 0.875000000 0.444335938
vt 0.875000000 0.470703125
vt 0.937500000 0.470703125
vt 0.937500000 0.444335938
vt 0.875000000 0.271484375
vt 0.937500000 0.271484375
vt 0.875000000 0.430664062
vt 0.937500000 0.430664062
vt 0.875000000 0.277343750
vt 0.937500000 0.277343750
vt 0.875000000 0.424804688
vt 0.937500000 0.424804688
vt 0.875000000 0.280273438
vt 0.937500000 0.280273438
vt 0.875000000 0.422851562
vt 0.937500000 0.422851562
vt 0.937500000 0.521484375
vt 0.875000000 0.521484375
vt 0.937500000 0.370117188
vt 0.875000000 0.370117188
vt 0.875000000 0.282226562
vt 0.937500000 0.282226562
vt 0.875000000 0.419921875
vt 0.937500000 0.419921875
vt 0.875000000 0.286132812
vt 0.937500000 0.286132812
vt 0.875000000 0.416015625
vt 0.937500000 0.416015625
vt 0.937500000 0.350585938
vt 0.875000000 0.350585938
vt 0.937500000 0.541015625
vt 0.875000000 0.541015625
vt 0.875000000 0.290039062
vt 0.937500000 0.290039062
vt 0.875000000 0.412109375
vt 0.937500000 0.412109375
vt 0.875000000 0.303710938
vt 0.937500000 0.303710938
vt 0.875000000 0.398437500
vt 0.937500000 0.398437500
vt 0.875000000 0.307617188
vt 0.937500000 0.307617188
vt 0.875000000 0.394531250
vt 0.937500000 0.394531250
vt 0.937500000 0.344726562
vt 0.875000000 0.344726562
vt 0.937500000 0.548828125
vt 0.875000000 0.548828125
vt 0.875000000 0.391601562
vt 0.937500000 0.391601562
vt 0.875000000 0.311523438
vt 0.937500000 0.311523438
vt 0.875000000 0.388671875
vt 0.937500000 0.388671875
vt 0.875000000 0.314453125
vt 0.937500000 0.314453125
vt 0.937500000 0.335937500
vt 0.875000000 0.335937500
vt 0.937500000 0.556640625
vt 0.875000000 0.556640625
vt 0.875000000 0.385742188
vt 0.937500000 0.385742188
vt 0.875000000 0.316406250
vt 0.937500000 0.316406250
vt 0.875000000 0.323242188
vt 0.937500000 0.323242188
vt 0.875000000 0.379882812
vt 0.937500000 0.379882812
vt 0.875000000 0.328125000
vt 0.937500000 0.328125000
vt 0.875000000 0.375000000
vt 0.937500000 0.375000000
vt 0.937500000 0.328125000
vt 0.875000000 0.328125000
vt 0.875000000 0.202148438
vt 0.937500000 0.202148438
vt 0.937500000 0.202148438
vt 0.875000000 0.202148438
vt 0.875000000 0.333007812
vt 0.937500000 0.333007812
vt 0.937500000 0.564453125
vt 0.875000000 0.564453125
vt 0.875000000 0.367187500
vt 0.937500000 0.367187500
vt 0.937500000 0.321289062
vt 0.875000000 0.321289062
vt 0.937500000 0.571289062
vt 0.875000000 0.571289062
vt 0.937500000 0.313476562
vt 0.875000000 0.313476562
vt 0.937500000 0.578125000
vt 0.875000000 0.578125000
vt 0.937500000 0.305664062
vt 0.875000000 0.305664062
vt 0.937500000 0.586914062
vt 0.875000000 0.586914062
vt 0.937500000 0.298828125
vt 0.875000000 0.298828125
vt 0.937500000 0.593750000
vt 0.875000000 0.593750000
vt 0.937500000 0.291992188
vt 0.875000000 0.291992188
vt 0.937500000 0.258789062
vt 0.875000000 0.258789062
vt 0.937500000 0.599609375
vt 0.875000000 0.599609375
vt 0.937500000 0.380859375
vt 0.937500000 0.472656250
vt 0.875000000 0.472656250
vt 0.875000000 0.380859375
vt 0.937500000 0.542968750
vt 0.875000000 0.542968750
vt 0.937500000 0.563476562
vt 0.937500000 0.634765625
vt 0.875000000 0.634765625
vt 0.875000000 0.563476562
vt 0.937500000 0.653320312
vt 0.875000000 0.653320312
vt 0.937500000 0.710937500
vt 0.875000000 0.710937500
vt 0.937500000 0.726562500
vt 0.937500000 0.784179688
vt 0.875000000 0.784179688
vt 0.875000000 0.726562500
vt 0.937500000 0.801757812
vt 0.875000000 0.801757812
vt 0.937500000 0.874023438
vt 0.875000000 0.874023438
vt 0.937500000 0.308593750
vt 0.875000000 0.308593750
vt 0.937500000 0.894531250
vt 0.875000000 0.894531250
vt 0.937500000 0.332031250
vt 0.937500000 0.426757812
vt 0.875000000 0.426757812
vt 0.875000000 0.332031250
vt 0.937500000 0.450195312
vt 0.875000000 0.450195312
vt 0.937500000 0.544921875
vt 0.875000000 0.544921875
vt 0.937500000 0.618164062
vt 0.875000000 0.618164062
vt 0.937500000 0.258789062
vt 0.875000000 0.258789062
vt 0.937500000 0.641601562
vt 0.875000000 0.641601562
vt 0.937500000 0.866210938
vt 0.937500000 0.759765625
vt 0.875000000 0.759765625
vt 0.875000000 0.866210938
vt 0.937500000 0.736328125
vt 0.875000000 0.736328125
vt 0.937500000 0.890625000
vt 0.875000000 0.890625000
vt 0.937500000 0.628906250
vt 0.875000000 0.628906250
vt 0.875000000 0.679687500
vt 0.875000000 0.738281250
vt 0.937500000 0.738281250
vt 0.937500000 0.679687500
vt 0.875000000 0.805664062
vt 0.937500000 0.805664062
vt 0.875000000 0.813476562
vt 0.937500000 0.813476562
vt 0.875000000 0.822265625
vt 0.937500000 0.822265625
vt 0.875000000 0.831054688
vt 0.937500000 0.831054688
vt 0.875000000 0.839843750
vt 0.937500000 0.839843750
vt 0.875000000 0.847656250
vt 0.937500000 0.847656250
vt 0.875000000 0.856445312
vt 0.937500000 0.856445312
vt 0.875000000 0.315429688
vt 0.875000000 0.258789062
vt 0.937500000 0.258789062
vt 0.937500000 0.315429688
vt 0.875000000 0.318359375
vt 0.937500000 0.318359375
vt 0.875000000 0.322265625
vt 0.937500000 0.322265625
vt 0.875000000 0.419921875
vt 0.875000000 0.400390625
vt 0.937500000 0.400390625
vt 0.937500000 0.419921875
vt 0.875000000 0.327148438
vt 0.937500000 0.327148438
vt 0.875000000 0.865234375
vt 0.937500000 0.865234375
vt 0.875000000 0.332031250
vt 0.937500000 0.332031250
vt 0.875000000 0.333984375
vt 0.937500000 0.333984375
vt 0.875000000 0.336914062
vt 0.937500000 0.336914062
vt 0.875000000 0.338867188
vt 0.937500000 0.338867188
vt 0.875000000 0.871093750
vt 0.937500000 0.871093750
vt 0.875000000 0.342773438
vt 0.937500000 0.342773438
vt 0.875000000 0.346679688
vt 0.937500000 0.346679688
vt 0.875000000 0.875976562
vt 0.937500000 0.875976562
vt 0.875000000 0.350585938
vt 0.937500000 0.350585938
vt 0.875000000 0.354492188
vt 0.937500000 0.354492188
vt 0.875000000 0.357421875
vt 0.937500000 0.357421875
vt 0.875000000 0.880859375
vt 0.937500000 0.880859375
vt 0.875000000 0.884765625
vt 0.937500000 0.884765625
vt 0.875000000 0.894531250
vt 0.937500000 0.894531250
vt 0.937500000 0.737304688
vt 0.937500000 0.746093750
vt 0.875000000 0.746093750
vt 0.875000000 0.737304688
vt 0.937500000 0.749023438
vt 0.875000000 0.749023438
vt 0.937500000 0.752929688
vt 0.875000000 0.752929688
vt 0.937500000 0.757812500
vt 0.875000000 0.757812500
vt 0.875000000 0.795898438
vt 0.875000000 0.753906250
vt 0.937500000 0.753906250
vt 0.937500000 0.795898438
vt 0.875000000 0.798828125
vt 0.937500000 0.798828125
vt 0.875000000 0.802734375
vt 0.937500000 0.802734375
vt 0.875000000 0.898437500
vt 0.875000000 0.878906250
vt 0.937500000 0.878906250
vt 0.937500000 0.898437500
vt 0.875000000 0.806640625
vt 0.937500000 0.806640625
vt 0.937500000 0.762695312
vt 0.875000000 0.762695312
vt 0.875000000 0.811523438
vt 0.937500000 0.811523438
vt 0.875000000 0.813476562
vt 0.937500000 0.813476562
vt 0.875000000 0.816406250
vt 0.937500000 0.816406250
vt 0.937500000 0.770507812
vt 0.875000000 0.770507812
vt 0.875000000 0.819335938
vt 0.937500000 0.819335938
vt 0.875000000 0.821289062
vt 0.937500000 0.821289062
vt 0.875000000 0.825195312
vt 0.937500000 0.825195312
vt 0.875000000 0.829101562
vt 0.937500000 0.829101562
vt 0.937500000 0.778320312
vt 0.875000000 0.778320312
vt 0.875000000 0.832031250
vt 0.937500000 0.832031250
vt 0.875000000 0.833984375
vt 0.937500000 0.833984375
vt 0.937500000 0.785156250
vt 0.875000000 0.785156250
vt 0.937500000 0.791992188
vt 0.875000000 0.791992188
vt 0.937500000 0.798828125
vt 0.875000000 0.798828125
vt 0.937500000 0.805664062
vt 0.875000000 0.805664062
vt 0.875000000 0.530273438
vt 0.875000000 0.621093750
vt 0.937500000 0.621093750
vt 0.937500000 0.530273438
vt 0.937500000 0.810546875
vt 0.875000000 0.810546875
vt 0.937500000 0.430664062
vt 0.937500000 0.437500000
vt 0.875000000 0.437500000
vt 0.875000000 0.430664062
vt 0.937500000 0.477539062
vt 0.875000000 0.477539062
vt 0.937500000 0.485351562
vt 0.875000000 0.485351562
vt 0.937500000 0.422851562
vt 0.875000000 0.422851562
vt 0.937500000 0.493164062
vt 0.875000000 0.493164062
vt 0.937500000 0.416015625
vt 0.875000000 0.416015625
vt 0.937500000 0.500000000
vt 0.875000000 0.500000000
vt 0.937500000 0.408203125
vt 0.875000000 0.408203125
vt 0.937500000 0.506835938
vt 0.875000000 0.506835938
vt 0.937500000 0.400390625
vt 0.875000000 0.400390625
vt 0.937500000 0.514648438
vt 0.875000000 0.514648438
vt 0.937500000 0.522460938
vt 0.875000000 0.522460938
vt 0.937500000 0.392578125
vt 0.875000000 0.392578125
vt 0.875000000 0.794921875
vt 0.875000000 0.799804688
vt 0.937500000 0.799804688
vt 0.937500000 0.794921875
vt 0.937500000 0.530273438
vt 0.875000000 0.530273438
vt 0.937500000 0.384765625
vt 0.875000000 0.384765625
vt 0.875000000 0.599609375
vt 0.875000000 0.604492188
vt 0.937500000 0.604492188
vt 0.937500000 0.599609375
vt 0.875000000 0.595703125
vt 0.937500000 0.595703125
vt 0.875000000 0.803710938
vt 0.875000000 0.833007812
vt 0.937500000 0.833007812
vt 0.937500000 0.803710938
vt 0.875000000 0.609375000
vt 0.937500000 0.609375000
vt 0.875000000 0.790039062
vt 0.937500000 0.790039062
vt 0.875000000 0.616210938
vt 0.937500000 0.616210938
vt 0.875000000 0.783203125
vt 0.937500000 0.783203125
vt 0.875000000 0.618164062
vt 0.937500000 0.618164062
vt 0.875000000 0.781250000
vt 0.937500000 0.781250000
vt 0.937500000 0.536132812
vt 0.875000000 0.536132812
vt 0.937500000 0.378906250
vt 0.875000000 0.378906250
vt 0.875000000 0.621093750
vt 0.937500000 0.621093750
vt 0.875000000 0.778320312
vt 0.937500000 0.778320312
vt 0.875000000 0.625000000
vt 0.937500000 0.625000000
vt 0.875000000 0.774414062
vt 0.937500000 0.774414062
vt 0.937500000 0.358398438
vt 0.875000000 0.358398438
vt 0.937500000 0.556640625
vt 0.875000000 0.556640625
vt 0.875000000 0.629882812
vt 0.937500000 0.629882812
vt 0.875000000 0.770507812
vt 0.937500000 0.770507812
vt 0.875000000 0.643554688
vt 0.937500000 0.643554688
vt 0.875000000 0.755859375
vt 0.937500000 0.755859375
vt 0.875000000 0.647460938
vt 0.937500000 0.647460938
vt 0.875000000 0.751953125
vt 0.937500000 0.751953125
vt 0.937500000 0.352539062
vt 0.875000000 0.352539062
vt 0.937500000 0.563476562
vt 0.875000000 0.563476562
vt 0.875000000 0.748046875
vt 0.937500000 0.748046875
vt 0.875000000 0.651367188
vt 0.937500000 0.651367188
vt 0.875000000 0.745117188
vt 0.937500000 0.745117188
vt 0.875000000 0.654296875
vt 0.937500000 0.654296875
vt 0.937500000 0.343750000
vt 0.875000000 0.343750000
vt 0.937500000 0.572265625
vt 0.875000000 0.572265625
vt 0.875000000 0.743164062
vt 0.937500000 0.743164062
vt 0.875000000 0.657226562
vt 0.937500000 0.657226562
vt 0.875000000 0.663085938
vt 0.937500000 0.663085938
vt 0.875000000 0.736328125
vt 0.937500000 0.736328125
vt 0.875000000 0.676757812
vt 0.937500000 0.676757812
vt 0.875000000 0.730468750
vt 0.937500000 0.730468750
vt 0.937500000 0.334960938
vt 0.875000000 0.334960938
vt 0.875000000 0.723632812
vt 0.937500000 0.723632812
vt 0.875000000 0.687500000
vt 0.937500000 0.687500000
vt 0.937500000 0.580078125
vt 0.875000000 0.580078125
vt 0.875000000 0.691406250
vt 0.937500000 0.691406250
vt 0.875000000 0.719726562
vt 0.937500000 0.719726562
vt 0.937500000 0.327148438
vt 0.875000000 0.327148438
vt 0.937500000 0.586914062
vt 0.875000000 0.586914062
vt 0.937500000 0.320312500
vt 0.875000000 0.320312500
vt 0.937500000 0.594726562
vt 0.875000000 0.594726562
vt 0.937500000 0.312500000
vt 0.875000000 0.312500000
vt 0.937500000 0.603515625
vt 0.875000000 0.603515625
vt 0.937500000 0.304687500
vt 0.875000000 0.304687500
vt 0.937500000 0.609375000
vt 0.875000000 0.609375000
vt 0.937500000 0.297851562
vt 0.875000000 0.297851562
vt 0.937500000 0.258789062
vt 0.875000000 0.258789062
vt 0.937500000 0.615234375
vt 0.875000000 0.615234375
vt 0.937500000 0.000000000
vt 0.875000000 0.000000000
vt 0.875000000 0.202148438
vt 0.937500000 0.202148438
vt 0.937500000 0.202148438
vt 0.875000000 0.202148438
vt 0.905273438 0.241210938
vt 0.905273438 0.241210938
vt 0.905273438 0.241210938
vt 0.905273438 0.241210938
vt 0.918945312 0.381835938
vt 0.918945312 0.381835938
vt 0.937500000 0.381835938
vt 0.937500000 0.381835938
vt 0.918945312 0.381835938
vt 0.937500000 0.381835938
vt 0.918945312 0.381835938
vt 0.937500000 0.381835938
vt 0.918945312 0.381835938
vt 0.937500000 0.381835938
vt 0.918945312 0.381835938
vt 0.937500000 0.381835938
vt 0.918945312 0.381835938
vt 0.937500000 0.381835938
vt 0.918945312 0.381835938
vt 0.937500000 0.381835938
vt 0.913085938 0.425781250
vt 0.913085938 0.425781250
vt 0.937500000 0.425781250
vt 0.937500000 0.425781250
vt 0.913085938 0.425781250
vt 0.937500000 0.425781250
vt 0.913085938 0.425781250
vt 0.937500000 0.425781250
vt 0.913085938 0.425781250
vt 0.937500000 0.425781250
vt 0.913085938 0.425781250
vt 0.937500000 0.425781250
vt 0.918945312 0.381835938
vt 0.937500000 0.381835938
vt 0.913085938 0.425781250
vt 0.937500000 0.425781250
vt 0.913085938 0.425781250
vt 0.937500000 0.425781250
vt 0.913085938 0.425781250
vt 0.937500000 0.425781250
vt 0.913085938 0.425781250
vt 0.937500000 0.425781250
vt 0.918945312 0.381835938
vt 0.937500000 0.381835938
vt 0.913085938 0.425781250
vt 0.937500000 0.425781250
vt 0.913085938 0.425781250
vt 0.937500000 0.425781250
vt 0.918945312 0.381835938
vt 0.937500000 0.381835938
vt 0.913085938 0.425781250
vt 0.937500000 0.425781250
vt 0.913085938 0.425781250
vt 0.937500000 0.425781250
vt 0.913085938 0.425781250
vt 0.937500000 0.425781250
vt 0.918945312 0.381835938
vt 0.937500000 0.381835938
vt 0.918945312 0.381835938
vt 0.937500000 0.381835938
vt 0.918945312 0.381835938
vt 0.918945312 0.381835938
vt 0.937500000 0.381835938
vt 0.937500000 0.381835938
vt 0.918945312 0.381835938
vt 0.937500000 0.381835938
vt 0.918945312 0.381835938
vt 0.937500000 0.381835938
vt 0.918945312 0.381835938
vt 0.937500000 0.381835938
vt 0.900390625 0.425781250
vt 0.900390625 0.425781250
vt 0.875000000 0.425781250
vt 0.875000000 0.425781250
vt 0.900390625 0.425781250
vt 0.875000000 0.425781250
vt 0.900390625 0.425781250
vt 0.875000000 0.425781250
vt 0.900390625 0.425781250
vt 0.875000000 0.425781250
vt 0.900390625 0.425781250
vt 0.875000000 0.425781250
vt 0.918945312 0.381835938
vt 0.937500000 0.381835938
vt 0.900390625 0.425781250
vt 0.875000000 0.425781250
vt 0.900390625 0.425781250
vt 0.875000000 0.425781250
vt 0.900390625 0.425781250
vt 0.875000000 0.425781250
vt 0.918945312 0.381835938
vt 0.937500000 0.381835938
vt 0.900390625 0.425781250
vt 0.875000000 0.425781250
vt 0.900390625 0.425781250
vt 0.875000000 0.425781250
vt 0.900390625 0.425781250
vt 0.875000000 0.425781250
vt 0.900390625 0.425781250
vt 0.875000000 0.425781250
vt 0.918945312 0.381835938
vt 0.937500000 0.381835938
vt 0.900390625 0.425781250
vt 0.875000000 0.425781250
vt 0.900390625 0.425781250
vt 0.875000000 0.425781250
vt 0.918945312 0.381835938
vt 0.937500000 0.381835938
vt 0.918945312 0.381835938
vt 0.937500000 0.381835938
vt 0.918945312 0.381835938
vt 0.937500000 0.381835938
vt 0.918945312 0.381835938
vt 0.937500000 0.381835938
vt 0.918945312 0.381835938
vt 0.918945312 0.381835938
vt 0.937500000 0.381835938
vt 0.937500000 0.381835938
vt 0.918945312 0.381835938
vt 0.937500000 0.381835938
vt 0.918945312 0.381835938
vt 0.916015625 0.527343750
vt 0.916015625 0.420898438
vt 0.937500000 0.420898438
vt 0.937500000 0.527343750
vt 0.916015625 0.338867188
vt 0.937500000 0.338867188
vt 0.916015625 0.319335938
vt 0.916015625 0.236328125
vt 0.937500000 0.236328125
vt 0.937500000 0.319335938
vt 0.916015625 0.210937500
vt 0.937500000 0.210937500
vt 0.916015625 0.142578125
vt 0.937500000 0.142578125
vt 0.916015625 0.808593750
vt 0.916015625 0.740234375
vt 0.937500000 0.740234375
vt 0.937500000 0.808593750
vt 0.916015625 0.824218750
vt 0.937500000 0.824218750
vt 0.916015625 0.714843750
vt 0.937500000 0.714843750
vt 0.916015625 0.630859375
vt 0.937500000 0.630859375
vt 0.916015625 0.611328125
vt 0.937500000 0.611328125
vt 0.781250000 0.625000000
vt 0.781250000 0.893554688
vt 0.779296875 0.751953125
vt 0.947265625 0.136718750
vt 0.991210938 0.136718750
vt 0.991210938 0.136718750
vt 0.784179688 0.803710938
vt 0.785156250 0.777343750
vt 0.783203125 0.778320312
vt 0.785156250 0.809570312
vt 0.786132812 0.782226562
vt 0.784179688 0.784179688
vt 0.937550306 0.450683594
vt 0.875050306 0.450683594
vt 0.937550306 0.450683594
vt 0.937550306 0.450683594
vt 0.875050306 0.450683594
vt 0.937550306 0.450683594
vt 0.937550306 0.450683594
vt 0.875050306 0.450683594
vt 0.937550306 0.450683594
vt 0.937550306 0.450683594
vt 0.937550306 0.450683594
vt 0.875050306 0.450683594
vt 0.875050306 1.000000000
vt 0.875050306 1.000000000
vt 0.875050306 1.000000000
vt 0.875050306 1.000000000
vt 0.937550306 0.450683594
vt 0.875050306 0.450683594
vt 0.937550306 0.450683594
vt 0.875000000 0.584960938
vt 0.812500000 0.584960938
vt 0.875000000 0.584960938
vt 0.875000000 0.617187500
vt 0.875000000 0.617187500
vt 0.812500000 0.617187500
vt 0.875000000 0.617187500
vt 0.812500000 0.617187500
vt 0.812500000 0.617187500
vt 0.781250000 0.625000000
vt 0.779296875 0.751953125
vt 0.781250000 0.893554688
vt 0.947265625 0.136718750
vt 0.991210938 0.136718750
vt 0.991210938 0.136718750
vt 0.784179688 0.803710938
vt 0.783203125 0.778320312
vt 0.785156250 0.777343750
vt 0.785156250 0.809570312
vt 0.784179688 0.784179688
vt 0.786132812 0.782226562
vt 0.937550306 0.450683594
vt 0.937550306 0.450683594
vt 0.875050306 0.450683594
vt 0.937550306 0.450683594
vt 0.937550306 0.450683594
vt 0.875050306 0.450683594
vt 0.937550306 0.450683594
vt 0.937550306 0.450683594
vt 0.875050306 0.450683594
vt 0.937550306 0.450683594
vt 0.875050306 0.450683594
vt 0.937550306 0.450683594
vt 0.875050306 1.000000000
vt 0.875050306 1.000000000
vt 0.875050306 1.000000000
vt 0.875050306 1.000000000
vt 0.937550306 0.450683594
vt 0.937550306 0.450683594
vt 0.875050306 0.450683594
vt 0.875000000 0.584960938
vt 0.875000000 0.584960938
vt 0.812500000 0.584960938
vt 0.875000000 0.617187500
vt 0.812500000 0.617187500
vt 0.875000000 0.617187500
vt 0.875000000 0.617187500
vt 0.812500000 0.617187500
vt 0.812500000 0.617187500
vt 0.795898438 0.382812500
vt 0.795898438 0.375000000
vt 0.812500000 0.375000000
vt 0.812500000 0.382812500
vt 0.766601562 0.657226562
vt 0.750000000 0.657226562
vt 0.750000000 0.644531250
vt 0.766601562 0.644531250
vt 0.795898438 0.366210938
vt 0.795898438 0.356445312
vt 0.812500000 0.356445312
vt 0.812500000 0.366210938
vt 0.771484375 0.047851562
vt 0.771484375 0.148437500
vt 0.750000000 0.148437500
vt 0.750000000 0.047851562
vt 0.791015625 0.148437500
vt 0.812500000 0.148437500
vt 0.812500000 0.164062500
vt 0.791015625 0.164062500
vt 0.795898438 0.393554688
vt 0.812500000 0.393554688
vt 0.795898438 0.402343750
vt 0.812500000 0.402343750
vt 0.795898438 0.411132812
vt 0.812500000 0.411132812
vt 0.795898438 0.611328125
vt 0.795898438 0.603515625
vt 0.812500000 0.603515625
vt 0.812500000 0.611328125
vt 0.795898438 0.621093750
vt 0.812500000 0.621093750
vt 0.766601562 0.585937500
vt 0.766601562 0.411132812
vt 0.795898438 0.585937500
vt 0.812500000 0.585937500
vt 0.795898438 0.594726562
vt 0.812500000 0.594726562
vt 0.795898438 0.632812500
vt 0.812500000 0.632812500
vt 0.795898438 0.644531250
vt 0.812500000 0.644531250
vt 0.812500000 0.179687500
vt 0.791015625 0.179687500
vt 0.771484375 0.835937500
vt 0.771484375 0.851562500
vt 0.750000000 0.851562500
vt 0.750000000 0.835937500
vt 0.791015625 0.851562500
vt 0.812500000 0.851562500
vt 0.812500000 0.859375000
vt 0.791015625 0.859375000
vt 0.771484375 0.195312500
vt 0.771484375 0.218750000
vt 0.750000000 0.218750000
vt 0.750000000 0.195312500
vt 0.771484375 0.859375000
vt 0.771484375 0.961914062
vt 0.750000000 0.961914062
vt 0.750000000 0.859375000
vt 0.771484375 0.812500000
vt 0.771484375 0.828125000
vt 0.750000000 0.828125000
vt 0.750000000 0.812500000
vt 0.791015625 0.828125000
vt 0.812500000 0.828125000
vt 0.812500000 0.835937500
vt 0.791015625 0.835937500
vt 0.791015625 0.546875000
vt 0.812500000 0.546875000
vt 0.812500000 0.812500000
vt 0.791015625 0.812500000
vt 0.771484375 0.234375000
vt 0.750000000 0.234375000
vt 0.771484375 0.179687500
vt 0.750000000 0.179687500
vt 0.766601562 0.327148438
vt 0.750000000 0.327148438
vt 0.750000000 0.266601562
vt 0.766601562 0.266601562
vt 0.771484375 0.010742188
vt 0.750000000 0.010742188
vt 0.791015625 0.987304688
vt 0.812500000 0.987304688
vt 0.812500000 1.000000000
vt 0.791015625 1.000000000
vt 0.791015625 0.234375000
vt 0.812500000 0.234375000
vt 0.795898438 0.986328125
vt 0.795898438 0.657226562
vt 0.812500000 0.657226562
vt 0.812500000 0.986328125
vt 0.795898438 0.327148438
vt 0.812500000 0.327148438
vt 0.766601562 0.010742188
vt 0.750000000 0.010742188
vt 0.750000000 0.000000000
vt 0.766601562 0.000000000
vt 0.812500000 0.010742188
vt 0.795898438 0.010742188
vt 0.795898438 0.000000000
vt 0.812500000 0.000000000
vt 0.750000000 0.356445312
vt 0.766601562 0.356445312
vt 0.750000000 0.986328125
vt 0.766601562 0.986328125
vt 0.795898438 0.266601562
vt 0.812500000 0.266601562
vt 0.750000000 0.632812500
vt 0.766601562 0.632812500
vt 0.750000000 0.621093750
vt 0.766601562 0.621093750
vt 0.750000000 0.603515625
vt 0.750000000 0.594726562
vt 0.766601562 0.594726562
vt 0.766601562 0.603515625
vt 0.750000000 0.585937500
vt 0.750000000 0.611328125
vt 0.766601562 0.611328125
vt 0.750000000 0.375000000
vt 0.750000000 0.366210938
vt 0.766601562 0.366210938
vt 0.766601562 0.375000000
vt 0.750000000 0.411132812
vt 0.750000000 0.402343750
vt 0.766601562 0.402343750
vt 0.750000000 0.393554688
vt 0.766601562 0.393554688
vt 0.750000000 0.382812500
vt 0.766601562 0.382812500
vt 0.750000000 0.546875000
vt 0.771484375 0.546875000
vt 0.750000000 0.987304688
vt 0.771484375 0.987304688
vt 0.771484375 1.000000000
vt 0.750000000 1.000000000
vt 0.812500000 0.010742188
vt 0.812500000 0.047851562
vt 0.791015625 0.047851562
vt 0.791015625 0.010742188
vt 0.812500000 0.195312500
vt 0.791015625 0.195312500
vt 0.812500000 0.218750000
vt 0.791015625 0.218750000
vt 0.812500000 0.961914062
vt 0.791015625 0.961914062
vt 0.750000000 0.164062500
vt 0.771484375 0.164062500
vt 0.766601562 1.000000000
vt 0.795898438 1.000000000
vt 0.750000000 1.000000000
vt 0.812500000 1.000000000
vt 0.791015625 0.000000000
vt 0.771484375 0.000000000
vt 0.812500000 0.000000000
vt 0.750000000 0.000000000
vt 0.880859375 0.189453125
vt 0.880859375 0.101562500
vt 0.931640625 0.101562500
vt 0.931640625 0.189453125
vt 0.880859375 0.371093750
vt 0.931640625 0.371093750
vt 0.931640625 0.538085938
vt 0.880859375 0.538085938
vt 0.880859375 0.712890625
vt 0.931640625 0.712890625
vt 0.931640625 0.883789062
vt 0.880859375 0.883789062
vt 0.875000000 0.371093750
vt 0.875000000 0.274414062
vt 0.880859375 0.274414062
vt 0.880859375 0.223632812
vt 0.880859375 0.236328125
vt 0.875000000 0.236328125
vt 0.875000000 0.223632812
vt 0.880859375 0.208007812
vt 0.875000000 0.208007812
vt 0.875000000 0.189453125
vt 0.880859375 0.249023438
vt 0.875000000 0.249023438
vt 0.880859375 0.260742188
vt 0.931640625 0.260742188
vt 0.931640625 0.274414062
vt 0.931640625 0.249023438
vt 0.880859375 0.131835938
vt 0.880859375 0.251953125
vt 0.875000000 0.251953125
vt 0.875000000 0.131835938
vt 0.880859375 0.512695312
vt 0.875000000 0.512695312
vt 0.875000000 0.381835938
vt 0.880859375 0.381835938
vt 0.880859375 0.772460938
vt 0.875000000 0.772460938
vt 0.875000000 0.642578125
vt 0.880859375 0.642578125
vt 0.880859375 0.979492188
vt 0.875000000 0.979492188
vt 0.931640625 0.512695312
vt 0.931640625 0.642578125
vt 0.931640625 0.020507812
vt 0.931640625 0.131835938
vt 0.880859375 0.020507812
vt 0.931640625 0.381835938
vt 0.931640625 0.251953125
vt 0.931640625 0.979492188
vt 0.931640625 0.772460938
vt 0.875000000 0.260742188
vt 0.931640625 0.208007812
vt 0.931640625 0.223632812
vt 0.931640625 0.236328125
vt 0.875000000 0.538085938
vt 0.875000000 0.712890625
vt 0.875000000 0.883789062
vt 0.875000000 0.101562500
vt 0.875000000 0.020507812
vt 0.875000000 0.008789062
vt 0.880859375 0.008789062
vt 0.937500000 0.512695312
vt 0.937500000 0.642578125
vt 0.937500000 0.772460938
vt 0.937500000 0.979492188
vt 0.937500000 0.538085938
vt 0.937500000 0.712890625
vt 0.937500000 0.236328125
vt 0.937500000 0.249023438
vt 0.937500000 0.381835938
vt 0.937500000 0.883789062
vt 0.937500000 0.223632812
vt 0.937500000 0.251953125
vt 0.937500000 0.101562500
vt 0.937500000 0.189453125
vt 0.937500000 0.208007812
vt 0.937500000 0.131835938
vt 0.937500000 0.274414062
vt 0.937500000 0.371093750
vt 0.931640625 0.008789062
vt 0.937500000 0.008789062
vt 0.937500000 0.020507812
vt 0.937500000 0.260742188
vt 0.786132812 0.871093750
vt 0.786132812 0.880859375
vt 0.784179688 0.880859375
vt 0.784179688 0.871093750
vt 0.931640625 0.020507812
vt 0.931640625 0.008789062
vt 0.937500000 0.008789062
vt 0.937500000 0.020507812
vt 0.875000000 0.020507812
vt 0.875000000 0.008789062
vt 0.880859375 0.008789062
vt 0.880859375 0.020507812
vt 0.812500000 0.951171875
vt 0.812500000 0.999023438
vt 0.875000000 0.999023438
vt 0.875000000 0.951171875
vt 0.875000000 0.872070312
vt 0.875000000 0.787109375
vt 0.937500000 0.787109375
vt 0.937500000 0.872070312
vt 0.875000000 0.958984375
vt 0.937500000 0.958984375
vt 0.875000000 0.768554688
vt 0.937500000 0.768554688
vt 0.937500000 0.324218750
vt 0.937500000 0.383789062
vt 0.875000000 0.383789062
vt 0.875000000 0.324218750
vt 0.937500000 0.453125000
vt 0.875000000 0.453125000
vt 0.937500000 0.532226562
vt 0.875000000 0.532226562
vt 0.937500000 0.606445312
vt 0.875000000 0.606445312
vt 0.937500000 0.682617188
vt 0.875000000 0.682617188
vt 0.937500000 0.756835938
vt 0.875000000 0.756835938
vt 0.937500000 0.872070312
vt 0.875000000 0.872070312
vt 0.875000000 0.951171875
vt 0.812500000 0.951171875
vt 0.812500000 0.999023438
vt 0.875000000 0.999023438
vt 0.875000000 0.753906250
vt 0.937500000 0.753906250
vt 0.875000000 0.742187500
vt 0.937500000 0.742187500
vt 0.875000000 0.730468750
vt 0.937500000 0.730468750
vt 0.875000000 0.717773438
vt 0.937500000 0.717773438
vt 0.875000000 0.705078125
vt 0.937500000 0.705078125
vt 0.875000000 0.612304688
vt 0.937500000 0.612304688
vt 0.875000000 0.450195312
vt 0.937500000 0.450195312
vt 0.875000000 0.282226562
vt 0.937500000 0.282226562
vt 0.875000000 0.117187500
vt 0.937500000 0.117187500
vt 0.875000000 0.960937500
vt 0.937500000 0.960937500
vt 0.937500000 0.885742188
vt 0.875000000 0.885742188
vt 0.931640625 0.990234375
vt 0.937500000 0.990234375
vt 0.880859375 0.990234375
vt 0.875000000 0.990234375
vt 0.937500000 0.313476562
vt 0.875000000 0.313476562
vt 0.764648438 0.285156250
vt 0.764648438 0.274414062
vt 0.782226562 0.274414062
vt 0.782226562 0.285156250
vt 0.764648438 0.316406250
vt 0.764648438 0.297851562
vt 0.782226562 0.297851562
vt 0.782226562 0.316406250
vt 0.764648438 0.242187500
vt 0.764648438 0.069335938
vt 0.782226562 0.069335938
vt 0.782226562 0.242187500
vt 0.764648438 0.328125000
vt 0.782226562 0.328125000
vt 0.782226562 0.250976562
vt 0.782226562 0.242187500
vt 0.797851562 0.242187500
vt 0.797851562 0.250976562
vt 0.782226562 0.297851562
vt 0.782226562 0.285156250
vt 0.797851562 0.285156250
vt 0.797851562 0.297851562
vt 0.782226562 0.328125000
vt 0.782226562 0.316406250
vt 0.797851562 0.316406250
vt 0.797851562 0.328125000
vt 0.764648438 0.250976562
vt 0.782226562 0.250976562
vt 0.782226562 0.069335938
vt 0.797851562 0.069335938
vt 0.782226562 0.340820312
vt 0.797851562 0.340820312
vt 0.782226562 0.625976562
vt 0.782226562 0.366210938
vt 0.797851562 0.366210938
vt 0.797851562 0.625976562
vt 0.782226562 0.353515625
vt 0.797851562 0.353515625
vt 0.782226562 0.266601562
vt 0.782226562 0.254882812
vt 0.797851562 0.254882812
vt 0.797851562 0.266601562
vt 0.782226562 0.241210938
vt 0.797851562 0.241210938
vt 0.764648438 0.366210938
vt 0.764648438 0.353515625
vt 0.782226562 0.353515625
vt 0.782226562 0.366210938
vt 0.764648438 0.340820312
vt 0.782226562 0.340820312
vt 0.764648438 0.266601562
vt 0.764648438 0.254882812
vt 0.782226562 0.254882812
vt 0.782226562 0.266601562
vt 0.764648438 0.241210938
vt 0.782226562 0.241210938
vt 0.764648438 0.266601562
vt 0.764648438 0.258789062
vt 0.782226562 0.258789062
vt 0.782226562 0.266601562
vt 0.797851562 0.258789062
vt 0.782226562 0.258789062
vt 0.782226562 0.274414062
vt 0.797851562 0.274414062
vt 0.782226562 0.266601562
vt 0.797851562 0.266601562
vt 0.782226562 0.070312500
vt 0.797851562 0.070312500
vt 0.764648438 0.070312500
vt 0.782226562 0.070312500
vt 0.797851562 0.625976562
vt 0.782226562 0.625976562
vt 0.782226562 0.625976562
vt 0.764648438 0.625976562
vt 0.950195312 0.347656250
vt 0.950195312 0.357421875
vt 0.937500000 0.357421875
vt 0.937500000 0.347656250
vt 0.950195312 0.333007812
vt 0.937500000 0.333007812
vt 0.950195312 0.316406250
vt 0.937500000 0.319335938
vt 0.950195312 0.287109375
vt 0.937500000 0.287109375
vt 0.950195312 0.219726562
vt 0.937500000 0.219726562
vt 0.950195312 0.147460938
vt 0.937500000 0.147460938
vt 0.950195312 0.072265625
vt 0.937500000 0.072265625
vt 0.950195312 0.657226562
vt 0.950195312 0.706054688
vt 0.937500000 0.706054688
vt 0.937500000 0.657226562
vt 0.950195312 0.762695312
vt 0.937500000 0.762695312
vt 0.950195312 0.824218750
vt 0.937500000 0.824218750
vt 0.950195312 0.888671875
vt 0.937500000 0.888671875
vt 0.950195312 0.950195312
vt 0.937500000 0.950195312
vt 0.950195312 0.367187500
vt 0.937500000 0.367187500
vt 0.950195312 0.377929688
vt 0.937500000 0.377929688
vt 0.950195312 0.455078125
vt 0.950195312 0.485351562
vt 0.937500000 0.485351562
vt 0.937500000 0.455078125
vt 0.950195312 0.424804688
vt 0.937500000 0.424804688
vt 0.950195312 0.397460938
vt 0.937500000 0.397460938
vt 0.950195312 0.540039062
vt 0.950195312 0.567382812
vt 0.937500000 0.567382812
vt 0.937500000 0.540039062
vt 0.950195312 0.513671875
vt 0.937500000 0.513671875
vt 0.950195312 0.590820312
vt 0.950195312 0.625976562
vt 0.937500000 0.625976562
vt 0.937500000 0.590820312
vt 0.937500000 0.359375000
vt 0.937500000 0.367187500
vt 1.000000000 0.367187500
vt 1.000000000 0.359375000
vt 0.937500000 0.335937500
vt 0.937500000 0.343750000
vt 1.000000000 0.343750000
vt 1.000000000 0.335937500
vt 0.937500000 0.351562500
vt 1.000000000 0.351562500
vt 0.937500000 0.328125000
vt 1.000000000 0.328125000
vt 0.937500000 0.375000000
vt 1.000000000 0.375000000
vt 0.937500000 0.000000000
vt 1.000000000 0.000000000
vt 0.947265625 0.136718750
vt 0.991210938 0.136718750
vt 0.991210938 0.136718750
vt 0.947265625 0.136718750
vt 0.947265625 0.136718750
vt 0.991210938 0.136718750
vt 0.991210938 0.136718750
vt 0.947265625 0.136718750
vt 0.991210938 0.136718750
vt 0.947265625 0.136718750
vt 0.947265625 0.136718750
vt 0.991210938 0.136718750
vt 0.947265625 0.136718750
vt 0.991210938 0.136718750
vt 0.991210938 0.136718750
vt 0.947265625 0.136718750
vt 0.947265625 0.136718750
vt 0.993164062 0.136718750
vt 0.993164062 0.136718750
vt 0.947265625 0.136718750
vt 0.991210938 0.136718750
vt 0.947265625 0.136718750
vt 0.991210938 0.136718750
vt 0.947265625 0.136718750
vt 0.991210938 0.136718750
vt 0.947265625 0.136718750
vt 0.947265625 0.348632812
vt 0.991210938 0.348632812
vt 0.991210938 0.136718750
vt 0.947265625 0.136718750
vt 1.000000000 0.136718750
vt 1.000000000 0.136718750
vt 1.000000000 0.136718750
vt 1.000000000 0.136718750
vt 1.000000000 0.136718750
vt 1.000000000 0.136718750
vt 1.000000000 0.375000000
vt 1.000000000 0.136718750
vt 1.000000000 0.136718750
vt 1.000000000 0.136718750
vt 1.000000000 0.136718750
vt 1.000000000 0.136718750
vt 1.000000000 0.136718750
vt 0.937500000 0.136718750
vt 0.937500000 0.375000000
vt 1.000000000 0.136718750
vt 1.000000000 0.136718750
vt 0.937500000 0.136718750
vt 0.937500000 0.136718750
vt 0.937500000 0.136718750
vt 0.937500000 0.136718750
vt 0.937500000 0.136718750
vt 0.937500000 0.136718750
vt 0.937500000 0.136718750
vt 0.937500000 0.136718750
vt 0.937500000 0.136718750
vt 0.937500000 0.136718750
vt 0.937500000 0.136718750
vt 0.937500000 0.136718750
vt 0.937500000 0.136718750
vt 0.937500000 0.136718750
vt 1.000000000 0.136718750
vt 1.000000000 0.136718750
vt 0.875000000 0.457031250
vt 0.875000000 0.449218750
vt 0.937500000 0.449218750
vt 0.937500000 0.457031250
vt 0.875000000 0.554687500
vt 0.875000000 0.558593750
vt 0.812500000 0.558593750
vt 0.812500000 0.554687500
vt 0.875000000 0.566406250
vt 0.812500000 0.566406250
vt 0.875000000 0.570312500
vt 0.812500000 0.570312500
vt 0.875000000 0.550781250
vt 0.812500000 0.550781250
vt 0.875000000 0.410156250
vt 0.875000000 0.421875000
vt 0.812500000 0.421875000
vt 0.812500000 0.410156250
vt 0.875000000 0.398437500
vt 0.812500000 0.398437500
vt 0.875000000 0.382812500
vt 0.812500000 0.382812500
vt 0.875000000 0.429687500
vt 0.875000000 0.429687500
vt 0.812500000 0.429687500
vt 0.812500000 0.429687500
vt 0.875000000 0.425781250
vt 0.812500000 0.425781250
vt 0.875000000 0.429687500
vt 0.812500000 0.429687500
vt 0.875000000 0.441406250
vt 0.875000000 0.449218750
vt 0.812500000 0.449218750
vt 0.812500000 0.441406250
vt 0.875000000 0.519531250
vt 0.875000000 0.531250000
vt 0.812500000 0.531250000
vt 0.812500000 0.519531250
vt 0.875000000 0.457031250
vt 0.812500000 0.457031250
vt 0.875000000 0.437500000
vt 0.812500000 0.437500000
vt 0.875000000 0.492187500
vt 0.875000000 0.503906250
vt 0.812500000 0.503906250
vt 0.812500000 0.492187500
vt 0.875000000 0.542968750
vt 0.812500000 0.542968750
vt 0.875000000 0.433593750
vt 0.812500000 0.433593750
vt 0.875000000 0.472656250
vt 0.812500000 0.472656250
vt 0.875000000 0.578125000
vt 0.812500000 0.578125000
vt 0.875000000 0.558593750
vt 0.875000000 0.554687500
vt 0.937500000 0.554687500
vt 0.937500000 0.558593750
vt 0.875000000 0.441406250
vt 0.875000000 0.437500000
vt 0.937500000 0.437500000
vt 0.937500000 0.441406250
vt 0.875000000 0.566406250
vt 0.937500000 0.566406250
vt 0.875000000 0.503906250
vt 0.875000000 0.492187500
vt 0.937500000 0.492187500
vt 0.937500000 0.503906250
vt 0.875000000 0.570312500
vt 0.937500000 0.570312500
vt 0.875000000 0.542968750
vt 0.875000000 0.531250000
vt 0.937500000 0.531250000
vt 0.937500000 0.542968750
vt 0.875000000 0.550781250
vt 0.937500000 0.550781250
vt 0.875000000 0.519531250
vt 0.937500000 0.519531250
vt 0.875000000 0.421875000
vt 0.875000000 0.410156250
vt 0.937500000 0.410156250
vt 0.937500000 0.421875000
vt 0.875000000 0.433593750
vt 0.937500000 0.433593750
vt 0.875000000 0.398437500
vt 0.937500000 0.398437500
vt 0.875000000 0.472656250
vt 0.937500000 0.472656250
vt 0.875000000 0.382812500
vt 0.937500000 0.382812500
vt 0.875000000 0.429687500
vt 0.875000000 0.429687500
vt 0.937500000 0.429687500
vt 0.937500000 0.429687500
vt 0.875000000 0.425781250
vt 0.937500000 0.425781250
vt 0.875000000 0.429687500
vt 0.937500000 0.429687500
vt 0.875000000 0.578125000
vt 0.937500000 0.578125000
vt 0.875000000 0.589843750
vt 0.812500000 0.589843750
vt 0.937500000 0.371093750
vt 0.875000000 0.371093750
vt 0.812500000 0.371093750
vt 0.875000000 0.371093750
vt 0.937500000 0.589843750
vt 0.875000000 0.589843750
vt 0.987304688 0.625976562
vt 1.000000000 0.625976562
vt 1.000000000 0.657226562
vt 0.987304688 0.657226562
vt 1.000000000 0.567382812
vt 1.000000000 0.590820312
vt 0.987304688 0.590820312
vt 0.987304688 0.567382812
vt 1.000000000 0.485351562
vt 1.000000000 0.513671875
vt 0.987304688 0.513671875
vt 0.987304688 0.485351562
vt 1.000000000 0.540039062
vt 0.987304688 0.540039062
vt 1.000000000 0.377929688
vt 1.000000000 0.397460938
vt 0.987304688 0.397460938
vt 0.987304688 0.377929688
vt 1.000000000 0.424804688
vt 0.987304688 0.424804688
vt 1.000000000 0.455078125
vt 0.987304688 0.455078125
vt 1.000000000 0.367187500
vt 0.987304688 0.367187500
vt 1.000000000 0.357421875
vt 0.987304688 0.357421875
vt 1.000000000 0.888671875
vt 1.000000000 0.950195312
vt 0.987304688 0.950195312
vt 0.987304688 0.888671875
vt 1.000000000 0.824218750
vt 0.987304688 0.824218750
vt 1.000000000 0.762695312
vt 0.987304688 0.762695312
vt 1.000000000 0.706054688
vt 0.987304688 0.706054688
vt 0.950195312 0.023437500
vt 0.937500000 0.023437500
vt 1.000000000 0.023437500
vt 1.000000000 0.072265625
vt 0.987304688 0.072265625
vt 0.987304688 0.023437500
vt 1.000000000 0.147460938
vt 0.987304688 0.147460938
vt 1.000000000 0.219726562
vt 0.987304688 0.219726562
vt 1.000000000 0.287109375
vt 0.987304688 0.287109375
vt 1.000000000 0.303710938
vt 0.987304688 0.306640625
vt 1.000000000 0.333007812
vt 0.987304688 0.333007812
vt 1.000000000 0.347656250
vt 0.987304688 0.347656250
vt 0.764648438 0.625976562
vt 0.782226562 0.625976562
vt 0.783203125 0.769531250
vt 0.783203125 0.778320312
vt 0.785156250 0.777343750
vt 0.784179688 0.768554688
vt 0.786132812 0.782226562
vt 0.786132812 0.773437500
vt 0.784179688 0.775390625
vt 0.784179688 0.784179688
vt 0.784179688 0.222656250
vt 0.784179688 0.222656250
vt 0.784179688 0.203125000
vt 0.784179688 0.203125000
vt 1.000000000 0.032226562
vt 0.937500000 0.029296875
vt 0.937500000 0.000000000
vt 1.000000000 0.000000000
vt 1.000000000 0.037109375
vt 0.937500000 0.033203125
vt 0.937500000 0.965820312
vt 1.000000000 0.965820312
vt 1.000000000 1.000000000
vt 0.937500000 1.000000000
vt 1.000000000 0.692382812
vt 1.000000000 0.709960938
vt 0.937500000 0.709960938
vt 0.937500000 0.692382812
vt 1.000000000 0.678710938
vt 0.937500000 0.678710938
vt 1.000000000 0.668945312
vt 0.937500000 0.668945312
vt 1.000000000 0.041992188
vt 0.937500000 0.038085938
vt 1.000000000 0.059570312
vt 0.937500000 0.059570312
vt 1.000000000 0.037109375
vt 1.000000000 0.190429688
vt 0.937500000 0.190429688
vt 0.937500000 0.037109375
vt 1.000000000 0.393554688
vt 0.937500000 0.393554688
vt 1.000000000 0.626953125
vt 0.937500000 0.626953125
vt 1.000000000 0.644531250
vt 0.937500000 0.644531250
vt 1.000000000 0.658203125
vt 0.937500000 0.658203125
vt 1.000000000 1.000000000
vt 1.000000000 1.000000000
vt 1.000000000 1.000000000
vt 1.000000000 1.000000000
vt 0.784179688 0.222656250
vt 0.784179688 0.222656250
vt 0.784179688 0.203125000
vt 0.784179688 0.203125000
vt 1.000000000 1.000000000
vt 1.000000000 1.000000000
vt 1.000000000 1.000000000
vt 1.000000000 1.000000000
vt 1.000000000 1.000000000
vt 1.000000000 1.000000000
vt 1.000000000 1.000000000
vt 1.000000000 1.000000000
vt 0.937500000 0.235351562
vt 0.937500000 0.209960938
vt 1.000000000 0.209960938
vt 1.000000000 0.235351562
vt 0.937500000 0.160156250
vt 1.000000000 0.160156250
vt 0.937500000 0.116210938
vt 1.000000000 0.116210938
vt 0.937500000 0.254882812
vt 1.000000000 0.254882812
vt 0.937500000 0.463867188
vt 0.937500000 0.376953125
vt 1.000000000 0.376953125
vt 1.000000000 0.463867188
vt 0.937500000 0.664062500
vt 0.937500000 0.564453125
vt 1.000000000 0.564453125
vt 1.000000000 0.664062500
vt 0.937500000 0.297851562
vt 1.000000000 0.297851562
vt 0.937500000 0.060546875
vt 1.000000000 0.060546875
vt 0.937500000 0.037109375
vt 0.937500000 0.000000000
vt 1.000000000 0.000000000
vt 1.000000000 0.037109375
vt 0.937500000 0.684570312
vt 1.000000000 0.684570312
vt 0.937500000 0.961914062
vt 0.937500000 0.673828125
vt 1.000000000 0.673828125
vt 1.000000000 0.961914062
vt 0.812500000 0.983398438
vt 0.812500000 0.000000000
vt 0.875000000 0.000000000
vt 0.875000000 0.983398438
vt 0.937500000 0.404296875
vt 0.937500000 0.325195312
vt 1.000000000 0.325195312
vt 1.000000000 0.404296875
vt 0.937500000 0.978515625
vt 1.000000000 0.978515625
vt 0.937500000 0.513671875
vt 1.000000000 0.513671875
vt 0.784179688 0.222656250
vt 0.784179688 0.222656250
vt 0.784179688 0.203125000
vt 0.784179688 0.203125000
vt 1.000000000 1.000000000
vt 1.000000000 1.000000000
vt 0.784179688 0.222656250
vt 0.784179688 0.222656250
vt 0.784179688 0.203125000
vt 0.784179688 0.203125000
vt 1.000000000 1.000000000
vt 1.000000000 1.000000000
vt 1.000000000 1.000000000
vt 1.000000000 1.000000000
vt 1.000000000 1.000000000
vt 1.000000000 1.000000000
vt 0.784179688 0.222656250
vt 0.784179688 0.203125000
vt 1.000000000 1.000000000
vt 1.000000000 1.000000000
vt 0.784179688 0.222656250
vt 0.784179688 0.203125000
vt 1.000000000 1.000000000
vt 1.000000000 1.000000000
vt 1.000000000 1.000000000
vt 1.000000000 1.000000000
vt 1.000000000 1.000000000
vt 1.000000000 1.000000000
vt 1.000000000 1.000000000
vt 1.000000000 1.000000000
vt 1.000000000 1.000000000
vt 1.000000000 1.000000000
vt 1.000000000 1.000000000
vt 1.000000000 1.000000000
vt 1.000000000 1.000000000
vt 1.000000000 1.000000000
vt 0.784179688 0.222656250
vt 0.784179688 0.203125000
vt 1.000000000 1.000000000
vt 1.000000000 1.000000000
vt 1.000000000 1.000000000
vt 1.000000000 1.000000000
vt 1.000000000 1.000000000
vt 1.000000000 1.000000000
vt 1.000000000 1.000000000
vt 1.000000000 1.000000000
vt 1.000000000 1.000000000
vt 1.000000000 1.000000000
vt 1.000000000 1.000000000
vt 1.000000000 1.000000000
vt 1.000000000 1.000000000
vt 1.000000000 1.000000000
vt 0.784179688 0.222656250
vt 0.784179688 0.222656250
vt 0.784179688 0.203125000
vt 0.784179688 0.203125000
vt 0.937500000 0.019531250
vt 0.937500000 0.000000000
vt 1.000000000 0.000000000
vt 1.000000000 0.019531250
vt 0.784179688 0.222656250
vt 0.784179688 0.203125000
vt 1.000000000 1.000000000
vt 1.000000000 1.000000000
vt 1.000000000 1.000000000
vt 1.000000000 1.000000000
vt 0.784179688 0.222656250
vt 0.784179688 0.203125000
vt 1.000000000 1.000000000
vt 1.000000000 1.000000000
vt 1.000000000 1.000000000
vt 1.000000000 1.000000000
vt 1.000000000 1.000000000
vt 1.000000000 1.000000000
vt 1.000000000 1.000000000
vt 1.000000000 1.000000000
vt 1.000000000 1.000000000
vt 1.000000000 1.000000000
vt 0.145507812 0.479492188
vt 0.145507812 0.478515625
vt 0.145507812 0.478515625
vt 0.145507812 0.479492188
vt 1.000000000 1.000000000
vt 1.000000000 1.000000000
vt 1.000000000 1.000000000
vt 1.000000000 1.000000000
vt 0.151367188 0.464843750
vt 0.151367188 0.464843750
vt 1.000000000 1.000000000
vt 1.000000000 1.000000000
vt 0.784179688 0.222656250
vt 0.784179688 0.203125000
vt 1.000000000 1.000000000
vt 1.000000000 1.000000000
vt 1.000000000 1.000000000
vt 1.000000000 1.000000000
vt 1.000000000 1.000000000
vt 1.000000000 1.000000000
vt 1.000000000 1.000000000
vt 1.000000000 1.000000000
vt 1.000000000 1.000000000
vt 1.000000000 1.000000000
vt 1.000000000 1.000000000
vt 1.000000000 1.000000000
vt 0.937500000 0.575195312
vt 1.000000000 0.575195312
vt 0.937500000 0.635742188
vt 1.000000000 0.635742188
vt 1.000000000 1.000000000
vt 1.000000000 1.000000000
vt 1.000000000 1.000000000
vt 1.000000000 1.000000000
vt 0.937500000 1.000000000
vt 1.000000000 1.000000000
vt 0.812500000 1.000000000
vt 0.875000000 1.000000000
vt 0.937500000 1.000000000
vt 1.000000000 1.000000000
vt 1.000000000 1.000000000
vt 1.000000000 1.000000000
vt 0.937550306 0.450683594
vt 0.937550306 0.450683594
vt 0.875050306 0.450683594
vt 0.875050306 0.450683594
vt 0.937550306 0.450683594
vt 0.937550306 0.450683594
vt 0.875050306 0.450683594
vt 0.875050306 0.450683594
vt 0.937550306 0.450683594
vt 0.937550306 0.450683594
vt 0.875050306 0.450683594
vt 0.875050306 0.450683594
vt 0.937550306 0.450683594
vt 0.875050306 0.450683594
vt 0.937550306 0.450683594
vt 0.875050306 0.450683594
vt 0.937550306 0.450683594
vt 0.937550306 0.450683594
vt 0.875050306 0.450683594
vt 0.875050306 0.450683594
vt 0.937550306 0.450683594
vt 0.875050306 0.450683594
vt 0.937550306 0.450683594
vt 0.875050306 0.450683594
vt 0.937550306 0.450683594
vt 0.875050306 0.450683594
vt 0.937550306 0.450683594
vt 0.875050306 0.450683594
vt 0.937550306 0.450683594
vt 0.937550306 0.450683594
vt 0.875050306 0.450683594
vt 0.875050306 0.450683594
vt 0.937550306 0.450683594
vt 0.937550306 0.450683594
vt 0.875050306 0.450683594
vt 0.875050306 0.450683594
vt 0.937550306 0.450683594
vt 0.875050306 0.450683594
vt 0.937550306 0.450683594
vt 0.875050306 0.450683594
vt 0.937550306 0.450683594
vt 0.937550306 0.450683594
vt 0.875050306 0.450683594
vt 0.875050306 0.450683594
vt 0.937550306 0.450683594
vt 0.937550306 0.450683594
vt 0.875050306 0.450683594
vt 0.875050306 0.450683594
vt 0.937550306 0.450683594
vt 0.875050306 0.450683594
vt 0.937550306 0.450683594
vt 0.875050306 0.450683594
vt 0.937550306 0.450683594
vt 0.875050306 0.450683594
vt 0.937550306 0.450683594
vt 0.875050306 0.450683594
vt 0.937550306 0.450683594
vt 0.875050306 0.450683594
vt 0.937550306 0.450683594
vt 0.937550306 0.450683594
vt 0.875050306 0.450683594
vt 0.875050306 0.450683594
vt 0.937550306 0.450683594
vt 0.937550306 0.450683594
vt 0.875050306 0.450683594
vt 0.875050306 0.450683594
vt 0.937550306 0.450683594
vt 0.875050306 0.450683594
vt 0.937550306 0.450683594
vt 0.875050306 0.450683594
vt 0.937550306 0.450683594
vt 0.875050306 0.450683594
vt 0.937550306 0.450683594
vt 0.875050306 0.450683594
vt 0.875050306 0.450683594
vt 0.875050306 0.450683594
vt 0.937550306 0.450683594
vt 0.937550306 0.450683594
vt 0.875050306 0.450683594
vt 0.875050306 0.450683594
vt 0.937550306 0.450683594
vt 0.937550306 0.450683594
vt 0.875050306 0.450683594
vt 0.937550306 0.450683594
vt 0.875050306 0.450683594
vt 0.875050306 0.450683594
vt 0.937550306 0.450683594
vt 0.937550306 0.450683594
vt 0.875050306 0.450683594
vt 0.937550306 0.450683594
vt 0.875050306 0.450683594
vt 0.937550306 0.450683594
vt 0.875050306 0.450683594
vt 0.937550306 0.450683594
vt 0.937550306 0.450683594
vt 0.875050306 0.450683594
vt 0.937550306 0.450683594
vt 0.937550306 0.450683594
vt 0.875050306 0.450683594
vt 0.875050306 0.450683594
vt 0.937550306 0.450683594
vt 0.875050306 0.450683594
vt 0.937550306 0.450683594
vt 0.875050306 0.450683594
vt 0.875050306 0.450683594
vt 0.875050306 0.450683594
vt 0.937550306 0.450683594
vt 0.937550306 0.450683594
vt 0.875050306 0.450683594
vt 0.875050306 0.450683594
vt 0.937550306 0.450683594
vt 0.937550306 0.450683594
vt 0.875050306 0.450683594
vt 0.937550306 0.450683594
vt 0.875050306 0.450683594
vt 0.937550306 0.450683594
vt 0.875050306 0.450683594
vt 0.937550306 0.450683594
vt 0.875050306 0.450683594
vt 0.875050306 0.450683594
vt 0.937550306 0.450683594
vt 0.937550306 0.450683594
vt 0.875050306 0.450683594
vt 0.937550306 0.450683594
vt 0.875050306 0.450683594
vt 0.937550306 0.450683594
vt 0.875050306 0.450683594
vt 0.875050306 0.450683594
vt 0.937550306 0.450683594
vt 0.937550306 0.450683594
vt 0.875050306 0.450683594
vt 0.875050306 0.450683594
vt 0.937550306 0.450683594
vt 0.937550306 0.450683594
vt 0.875050306 0.450683594
vt 0.875050306 0.450683594
vt 0.937550306 0.450683594
vt 0.937550306 0.450683594
vt 0.875050306 0.450683594
vt 0.937550306 0.450683594
vt 0.875050306 0.450683594
vt 0.937550306 0.450683594
vt 0.875050306 0.450683594
vt 0.937550306 0.450683594
vt 0.875050306 0.450683594
vt 0.875050306 0.450683594
vt 0.937550306 0.450683594
vt 0.937550306 0.450683594
vt 0.875050306 0.450683594
vt 0.937550306 0.450683594
vt 0.875050306 0.450683594
vt 0.875050306 0.450683594
vt 0.937550306 0.450683594
vt 0.937550306 0.450683594
vt 0.875050306 0.450683594
vt 0.875050306 0.450683594
vt 0.937550306 0.450683594
vt 0.937550306 0.450683594
vt 0.875050306 0.450683594
vt 0.937550306 0.450683594
vt 0.875050306 0.450683594
vt 0.937550306 0.450683594
vt 0.875050306 0.450683594
vt 0.937550306 0.450683594
vt 0.875050306 0.450683594
vt 0.937550306 0.450683594
vt 0.937550306 0.450683594
vt 0.937550306 0.450683594
vt 0.875050306 0.450683594
vt 0.875050306 0.450683594
vt 0.937550306 0.450683594
vt 0.937550306 0.450683594
vt 0.875050306 0.450683594
vt 0.875050306 0.450683594
vt 0.937550306 0.450683594
vt 0.937550306 0.450683594
vt 0.875050306 0.450683594
vt 0.875050306 0.450683594
vt 0.937550306 0.450683594
vt 0.875050306 0.450683594
vt 0.937550306 0.450683594
vt 0.875050306 0.450683594
vt 0.937550306 0.450683594
vt 0.875050306 0.450683594
vt 0.937550306 0.450683594
vt 0.875050306 0.450683594
vt 0.937550306 0.450683594
vt 0.937550306 0.450683594
vt 0.875050306 0.450683594
vt 0.875050306 0.450683594
vt 0.937550306 0.450683594
vt 0.875050306 0.450683594
vt 0.937550306 0.450683594
vt 0.937550306 0.450683594
vt 0.875050306 0.450683594
vt 0.875050306 0.450683594
vt 0.937550306 0.450683594
vt 0.937550306 0.450683594
vt 0.875050306 0.450683594
vt 0.875050306 0.450683594
vt 0.937550306 0.450683594
vt 0.875050306 0.450683594
vt 0.937550306 0.450683594
vt 0.875050306 0.450683594
vt 0.937550306 0.450683594
vt 0.875050306 0.450683594
vt 0.937550306 0.450683594
vt 0.875050306 0.450683594
vt 0.937550306 0.450683594
vt 0.937550306 0.450683594
vt 0.875050306 0.450683594
vt 0.875050306 0.450683594
vt 0.937550306 0.450683594
vt 0.875050306 0.450683594
vt 0.937550306 0.450683594
vt 0.937550306 0.450683594
vt 0.875050306 0.450683594
vt 0.875050306 0.450683594
vt 0.937550306 0.450683594
vt 0.875050306 0.450683594
vt 0.937550306 0.450683594
vt 0.937550306 0.450683594
vt 0.875050306 0.450683594
vt 0.875050306 0.450683594
vt 0.937550306 0.450683594
vt 0.875050306 0.450683594
vt 0.937550306 0.450683594
vt 0.875050306 0.450683594
vt 0.875050306 0.450683594
vt 0.875050306 0.450683594
vt 0.875050306 0.450683594
vt 0.875050306 0.450683594
vt 0.875050306 0.450683594
vt 0.875050306 0.450683594
vt 0.875050306 0.450683594
vt 0.875050306 0.450683594
vt 0.875050306 0.450683594
vt 0.875050306 0.450683594
vt 0.875050306 0.450683594
vt 0.875050306 0.450683594
vt 0.875050306 0.450683594
vt 0.875050306 0.450683594
vt 0.875050306 0.450683594
vt 0.875050306 0.450683594
vt 0.875050306 0.450683594
vt 0.875050306 0.450683594
vt 0.875050306 0.450683594
vt 0.875050306 0.450683594
vt 0.875050306 0.450683594
vt 0.875050306 0.450683594
vt 0.875050306 0.450683594
vt 0.875050306 0.450683594
vt 0.875050306 0.450683594
vt 0.875050306 0.450683594
vt 0.875050306 0.450683594
vt 0.875050306 0.450683594
vt 0.875050306 0.450683594
vt 0.875050306 0.450683594
vt 0.875050306 0.450683594
vt 0.875050306 1.000000000
vt 0.875050306 1.000000000
vt 0.937550306 0.450683594
vt 0.875050306 0.450683594
vt 0.875050306 0.450683594
vt 0.937550306 0.450683594
vt 0.937550306 0.450683594
vt 0.875050306 0.450683594
vt 0.875050306 0.450683594
vt 0.937550306 0.450683594
vt 0.875050306 0.450683594
vt 0.875050306 1.000000000
vt 0.875050306 1.000000000
vt 0.875050306 1.000000000
vt 0.875050306 1.000000000
vt 0.875050306 1.000000000
vt 0.875050306 1.000000000
vt 0.875050306 1.000000000
vt 0.875050306 1.000000000
vt 0.875976562 0.460937500
vt 0.937500000 0.460937500
vt 0.937500000 0.437500000
vt 0.875976562 0.437500000
vt 0.875976562 0.335937500
vt 0.875976562 0.375000000
vt 0.937500000 0.375000000
vt 0.937500000 0.335937500
vt 0.875976562 0.999023438
vt 0.937500000 0.999023438
vt 0.875976562 0.406250000
vt 0.937500000 0.406250000
vt 0.875976562 0.335937500
vt 0.875976562 0.414062500
vt 0.937500000 0.414062500
vt 0.937500000 0.335937500
vt 0.875976562 0.484375000
vt 0.937500000 0.484375000
vt 0.875976562 0.273437500
vt 0.937500000 0.273437500
vt 0.937500000 0.242187500
vt 0.875976562 0.242187500
vt 0.937500000 0.000000000
vt 0.875976562 0.000000000
vt 0.875976562 0.554687500
vt 0.937500000 0.554687500
vt 0.875976562 0.632812500
vt 0.937500000 0.632812500
vt 0.937500000 0.609375000
vt 0.875976562 0.609375000
vt 0.937500000 0.578125000
vt 0.875976562 0.578125000
vt 0.875976562 0.999023438
vt 0.937500000 0.999023438
vt 0.875976562 0.296875000
vt 0.937500000 0.296875000
vt 0.881835938 0.678710938
vt 0.881835938 0.749023438
vt 0.931640625 0.749023438
vt 0.931640625 0.678710938
vt 0.931640625 0.593750000
vt 0.881835938 0.593750000
vt 0.881835938 0.320312500
vt 0.881835938 0.351562500
vt 0.931640625 0.351562500
vt 0.931640625 0.320312500
vt 0.881835938 0.229492188
vt 0.881835938 0.265625000
vt 0.931640625 0.265625000
vt 0.931640625 0.230468750
vt 0.881835938 0.289062500
vt 0.931640625 0.289062500
vt 0.881835938 0.421875000
vt 0.931640625 0.421875000
vt 0.881835938 0.578125000
vt 0.881835938 0.670898438
vt 0.931640625 0.670898438
vt 0.931640625 0.578125000
vt 0.881835938 0.827148438
vt 0.931640625 0.827148438
vt 0.881835938 0.500000000
vt 0.931640625 0.500000000
vt 0.881835938 0.320312500
vt 0.881835938 0.390625000
vt 0.931640625 0.390625000
vt 0.931640625 0.320312500
vt 0.881835938 0.484375000
vt 0.931640625 0.484375000
vt 0.881835938 0.171875000
vt 0.881835938 0.242187500
vt 0.931640625 0.242187500
vt 0.931640625 0.171875000
vt 0.875976562 0.335937500
vt 0.883789062 0.335937500
vt 0.883789062 0.375000000
vt 0.875976562 0.375000000
vt 0.937500000 0.999023438
vt 0.929687500 0.989257812
vt 0.929687500 0.632812500
vt 0.937500000 0.632812500
vt 0.875976562 0.296875000
vt 0.883789062 0.296875000
vt 0.929687500 0.609375000
vt 0.937500000 0.609375000
vt 0.875976562 0.632812500
vt 0.883789062 0.632812500
vt 0.883789062 0.989257812
vt 0.875976562 0.999023438
vt 0.937500000 0.335937500
vt 0.929687500 0.335937500
vt 0.929687500 0.031250000
vt 0.937500000 0.000000000
vt 0.875976562 0.609375000
vt 0.883789062 0.609375000
vt 0.937500000 0.296875000
vt 0.929687500 0.296875000
vt 0.929687500 0.273437500
vt 0.937500000 0.273437500
vt 0.937500000 0.484375000
vt 0.929687500 0.484375000
vt 0.929687500 0.414062500
vt 0.937500000 0.414062500
vt 0.875976562 0.999023438
vt 0.883789062 0.975585938
vt 0.929687500 0.975585938
vt 0.937500000 0.999023438
vt 0.875976562 0.000000000
vt 0.883789062 0.031250000
vt 0.883789062 0.335937500
vt 0.875976562 0.335937500
vt 0.875976562 0.273437500
vt 0.883789062 0.273437500
vt 0.875976562 0.414062500
vt 0.883789062 0.414062500
vt 0.883789062 0.484375000
vt 0.875976562 0.484375000
vt 0.875976562 0.999023438
vt 0.883789062 0.989257812
vt 0.929687500 0.989257812
vt 0.937500000 0.999023438
vt 0.937500000 0.999023438
vt 0.929687500 0.975585938
vt 0.929687500 0.460937500
vt 0.937500000 0.460937500
vt 0.929687500 0.437500000
vt 0.937500000 0.437500000
vt 0.875976562 0.460937500
vt 0.883789062 0.460937500
vt 0.883789062 0.975585938
vt 0.875976562 0.999023438
vt 0.937500000 0.578125000
vt 0.929687500 0.578125000
vt 0.929687500 0.554687500
vt 0.937500000 0.554687500
vt 0.875976562 0.437500000
vt 0.883789062 0.437500000
vt 0.929687500 0.242187500
vt 0.937500000 0.242187500
vt 0.875976562 0.554687500
vt 0.883789062 0.554687500
vt 0.883789062 0.578125000
vt 0.875976562 0.578125000
vt 0.929687500 0.406250000
vt 0.937500000 0.406250000
vt 0.937500000 0.000000000
vt 0.929687500 0.031250000
vt 0.883789062 0.031250000
vt 0.875976562 0.000000000
vt 0.875976562 0.242187500
vt 0.883789062 0.242187500
vt 0.929687500 0.375000000
vt 0.937500000 0.375000000
vt 0.875976562 0.406250000
vt 0.883789062 0.406250000
vt 0.929687500 0.335937500
vt 0.937500000 0.335937500
vt 0.875000000 0.000000000
vt 0.875000000 0.664062500
vt 0.812500000 0.664062500
vt 0.812500000 0.000000000
vt 0.875000000 1.000000000
vt 0.812500000 1.000000000
vt 0.875000000 0.000000000
vt 0.875000000 0.664062500
vt 0.812500000 0.664062500
vt 0.812500000 0.000000000
vt 0.875000000 1.000000000
vt 0.812500000 1.000000000
vt 0.937500000 0.372070312
vt 0.937500000 0.466796875
vt 0.875000000 0.466796875
vt 0.875000000 0.372070312
vt 0.937500000 0.244140625
vt 0.875000000 0.244140625
vt 0.937500000 0.110351562
vt 0.875000000 0.110351562
vt 0.937500000 0.539062500
vt 0.937500000 0.543945312
vt 0.875000000 0.543945312
vt 0.875000000 0.539062500
vt 0.937500000 0.521484375
vt 0.875000000 0.521484375
vt 0.937500000 0.548828125
vt 0.875000000 0.548828125
vt 0.937500000 0.882812500
vt 0.937500000 1.000000000
vt 0.875000000 1.000000000
vt 0.875000000 0.882812500
vt 0.937500000 0.563476562
vt 0.875000000 0.563476562
vt 0.937500000 0.575195312
vt 0.875000000 0.575195312
vt 0.875000000 0.030273438
vt 0.937500000 0.046875000
vt 0.875000000 0.000000000
vt 0.937500000 0.000000000
vt 0.812500000 0.320312500
vt 0.812500000 0.147460938
vt 0.875000000 0.147460938
vt 0.875000000 0.320312500
vt 0.812500000 0.584960938
vt 0.875000000 0.584960938
vt 0.812500000 0.031250000
vt 0.812500000 0.022460938
vt 0.875000000 0.022460938
vt 0.875000000 0.031250000
vt 0.812500000 0.062500000
vt 0.875000000 0.062500000
vt 0.812500000 0.015625000
vt 0.875000000 0.015625000
vt 0.812500000 0.000000000
vt 0.875000000 0.000000000
vt 0.812500000 0.617187500
vt 0.875000000 0.617187500
vt 0.875000000 0.617187500
vt 0.812500000 0.617187500
vt 0.937500000 0.912109375
vt 0.937500000 0.925781250
vt 0.950195312 0.925781250
vt 0.950195312 0.912109375
vt 1.000000000 0.798828125
vt 1.000000000 0.821289062
vt 0.937500000 0.821289062
vt 0.937500000 0.798828125
vt 1.000000000 0.841796875
vt 1.000000000 0.856445312
vt 0.937500000 0.856445312
vt 0.937500000 0.841796875
vt 1.000000000 0.500000000
vt 1.000000000 0.510742188
vt 0.937500000 0.510742188
vt 0.937500000 0.500000000
vt 1.000000000 0.729492188
vt 1.000000000 0.752929688
vt 0.937500000 0.752929688
vt 0.937500000 0.729492188
vt 1.000000000 0.880859375
vt 1.000000000 0.891601562
vt 0.937500000 0.891601562
vt 0.937500000 0.880859375
vt 1.000000000 0.523437500
vt 0.937500000 0.523437500
vt 1.000000000 0.703125000
vt 0.937500000 0.703125000
vt 1.000000000 0.869140625
vt 0.937500000 0.869140625
vt 1.000000000 0.526367188
vt 1.000000000 0.536132812
vt 0.937500000 0.536132812
vt 0.937500000 0.526367188
vt 1.000000000 0.572265625
vt 1.000000000 0.591796875
vt 0.937500000 0.591796875
vt 0.937500000 0.572265625
vt 1.000000000 0.545898438
vt 0.937500000 0.545898438
vt 1.000000000 0.554687500
vt 0.937500000 0.554687500
vt 1.000000000 0.795898438
vt 1.000000000 0.810546875
vt 0.937500000 0.810546875
vt 0.937500000 0.795898438
vt 1.000000000 0.865234375
vt 1.000000000 0.874023438
vt 0.937500000 0.874023438
vt 0.937500000 0.865234375
vt 1.000000000 0.489257812
vt 0.937500000 0.489257812
vt 1.000000000 0.826171875
vt 0.937500000 0.826171875
vt 1.000000000 0.884765625
vt 0.937500000 0.884765625
vt 1.000000000 0.461914062
vt 1.000000000 0.469726562
vt 0.937500000 0.469726562
vt 0.937500000 0.461914062
vt 1.000000000 0.538085938
vt 0.937500000 0.538085938
vt 1.000000000 0.556640625
vt 0.937500000 0.556640625
vt 1.000000000 0.568359375
vt 0.937500000 0.568359375
vt 1.000000000 0.488281250
vt 1.000000000 0.497070312
vt 0.937500000 0.497070312
vt 0.937500000 0.488281250
vt 1.000000000 0.841796875
vt 1.000000000 0.855468750
vt 0.937500000 0.855468750
vt 0.937500000 0.841796875
vt 1.000000000 0.506835938
vt 0.937500000 0.506835938
vt 1.000000000 0.735351562
vt 1.000000000 0.750000000
vt 0.937500000 0.750000000
vt 0.937500000 0.735351562
vt 1.000000000 0.765625000
vt 0.937500000 0.765625000
vt 1.000000000 0.780273438
vt 0.937500000 0.780273438
vt 1.000000000 0.705078125
vt 1.000000000 0.720703125
vt 0.937500000 0.720703125
vt 0.937500000 0.705078125
vt 1.000000000 0.899414062
vt 0.937500000 0.899414062
vt 1.000000000 0.912109375
vt 1.000000000 0.925781250
vt 0.937500000 0.925781250
vt 0.937500000 0.912109375
vt 1.000000000 0.583007812
vt 0.937500000 0.583007812
vt 1.000000000 0.478515625
vt 0.937500000 0.478515625
vt 1.000000000 0.599609375
vt 0.937500000 0.599609375
vt 1.000000000 0.618164062
vt 0.937500000 0.618164062
vt 1.000000000 0.636718750
vt 0.937500000 0.636718750
vt 1.000000000 0.674804688
vt 0.937500000 0.674804688
vt 1.000000000 0.670898438
vt 1.000000000 0.688476562
vt 0.937500000 0.688476562
vt 0.937500000 0.670898438
vt 1.000000000 0.645507812
vt 0.937500000 0.645507812
vt 1.000000000 0.516601562
vt 0.937500000 0.516601562
vt 1.000000000 0.776367188
vt 0.937500000 0.776367188
vt 1.000000000 0.654296875
vt 0.937500000 0.654296875
vt 1.000000000 0.617187500
vt 0.937500000 0.617187500
vt 0.937500000 0.536132812
vt 0.937500000 0.545898438
vt 0.950195312 0.545898438
vt 0.950195312 0.537109375
vt 0.937500000 0.645507812
vt 0.937500000 0.674804688
vt 0.950195312 0.674804688
vt 0.950195312 0.645507812
vt 0.987304688 0.674804688
vt 0.987304688 0.645507812
vt 0.950195312 0.526367188
vt 0.987304688 0.537109375
vt 0.987304688 0.527343750
vt 0.937500000 0.821289062
vt 0.937500000 0.841796875
vt 0.950195312 0.841796875
vt 0.950195312 0.821289062
vt 0.987304688 0.841796875
vt 0.987304688 0.821289062
vt 0.937500000 0.506835938
vt 0.937500000 0.516601562
vt 0.950195312 0.516601562
vt 0.950195312 0.507812500
vt 0.937500000 0.703125000
vt 0.937500000 0.729492188
vt 0.950195312 0.729492188
vt 0.950195312 0.703125000
vt 0.987304688 0.729492188
vt 0.987304688 0.703125000
vt 0.950195312 0.478515625
vt 0.950195312 0.488281250
vt 0.987304688 0.488281250
vt 0.987304688 0.478515625
vt 0.937500000 0.489257812
vt 0.937500000 0.500000000
vt 0.950195312 0.500000000
vt 0.950195312 0.489257812
vt 0.987304688 0.500000000
vt 0.987304688 0.490234375
vt 0.937500000 0.720703125
vt 0.937500000 0.735351562
vt 0.950195312 0.735351562
vt 0.950195312 0.720703125
vt 0.937500000 0.591796875
vt 0.937500000 0.617187500
vt 0.950195312 0.617187500
vt 0.950195312 0.591796875
vt 0.987304688 0.617187500
vt 0.987304688 0.591796875
vt 0.950195312 0.705078125
vt 0.987304688 0.720703125
vt 0.987304688 0.705078125
vt 0.987304688 0.461914062
vt 0.950195312 0.461914062
vt 0.950195312 0.469726562
vt 0.987304688 0.469726562
vt 0.987304688 0.568359375
vt 0.987304688 0.583007812
vt 0.987304688 0.599609375
vt 0.987304688 0.618164062
vt 0.987304688 0.636718750
vt 0.987304688 0.670898438
vt 0.987304688 0.688476562
vt 0.987304688 0.654296875
vt 0.987304688 0.827148438
vt 0.987304688 0.841796875
vt 0.987304688 0.856445312
vt 0.987304688 0.880859375
vt 0.987304688 0.892578125
vt 0.987304688 0.869140625
vt 0.987304688 0.795898438
vt 0.987304688 0.810546875
vt 0.987304688 0.545898438
vt 0.987304688 0.556640625
vt 0.987304688 0.497070312
vt 0.987304688 0.506835938
vt 0.987304688 0.735351562
vt 0.987304688 0.750976562
vt 0.987304688 0.765625000
vt 0.987304688 0.780273438
vt 0.987304688 0.516601562
vt 0.937500000 0.461914062
vt 0.937500000 0.469726562
vt 0.937500000 0.510742188
vt 0.937500000 0.523437500
vt 0.950195312 0.523437500
vt 0.950195312 0.510742188
vt 0.950195312 0.865234375
vt 0.950195312 0.875000000
vt 0.987304688 0.874023438
vt 0.987304688 0.865234375
vt 0.937500000 0.891601562
vt 0.937500000 0.903320312
vt 0.950195312 0.903320312
vt 0.950195312 0.892578125
vt 0.937500000 0.855468750
vt 0.950195312 0.855468750
vt 0.987304688 0.855468750
vt 0.987304688 0.892578125
vt 0.987304688 0.903320312
vt 1.000000000 0.903320312
vt 1.000000000 0.891601562
vt 0.987304688 0.926757812
vt 1.000000000 0.925781250
vt 1.000000000 0.915039062
vt 0.987304688 0.915039062
vt 0.987304688 0.946289062
vt 1.000000000 0.946289062
vt 0.987304688 0.966796875
vt 1.000000000 0.966796875
vt 0.950195312 0.925781250
vt 0.950195312 0.946289062
vt 0.937500000 0.899414062
vt 0.950195312 0.900390625
vt 0.987304688 0.451171875
vt 0.987304688 0.461914062
vt 1.000000000 0.461914062
vt 1.000000000 0.450195312
vt 0.987304688 0.439453125
vt 1.000000000 0.439453125
vt 1.000000000 0.903320312
vt 0.937500000 0.903320312
vt 0.937500000 0.891601562
vt 1.000000000 0.468750000
vt 1.000000000 0.479492188
vt 0.937500000 0.479492188
vt 0.937500000 0.468750000
vt 1.000000000 0.450195312
vt 0.937500000 0.461914062
vt 0.937500000 0.450195312
vt 1.000000000 0.438476562
vt 1.000000000 0.458007812
vt 0.937500000 0.458007812
vt 0.937500000 0.438476562
vt 1.000000000 0.423828125
vt 1.000000000 0.439453125
vt 0.937500000 0.439453125
vt 0.937500000 0.423828125
vt 1.000000000 0.925781250
vt 1.000000000 0.946289062
vt 0.937500000 0.946289062
vt 0.937500000 0.925781250
vt 1.000000000 0.418945312
vt 0.937500000 0.418945312
vt 1.000000000 0.915039062
vt 0.937500000 0.915039062
vt 1.000000000 0.966796875
vt 0.937500000 0.966796875
vt 1.000000000 0.925781250
vt 1.000000000 0.929687500
vt 0.937500000 0.929687500
vt 0.937500000 0.925781250
vt 1.000000000 0.935546875
vt 0.937500000 0.935546875
vt 1.000000000 0.945312500
vt 0.937500000 0.945312500
vt 1.000000000 0.489257812
vt 0.937500000 0.489257812
vt 1.000000000 0.956054688
vt 0.937500000 0.956054688
vt 0.987304688 0.423828125
vt 1.000000000 0.423828125
vt 0.950195312 0.966796875
vt 0.987304688 0.418945312
vt 0.987304688 0.438476562
vt 1.000000000 0.438476562
vt 1.000000000 0.418945312
vt 0.937500000 0.929687500
vt 0.937500000 0.935546875
vt 0.950195312 0.935546875
vt 0.950195312 0.929687500
vt 0.987304688 0.912109375
vt 0.987304688 0.900390625
vt 0.987304688 0.458007812
vt 1.000000000 0.458007812
vt 0.937500000 0.925781250
vt 0.937500000 0.946289062
vt 0.987304688 0.468750000
vt 0.987304688 0.479492188
vt 1.000000000 0.479492188
vt 1.000000000 0.468750000
vt 0.950195312 0.884765625
vt 0.987304688 0.884765625
vt 0.937500000 0.884765625
vt 0.950195312 0.915039062
vt 0.937500000 0.915039062
vt 0.987304688 0.490234375
vt 0.937500000 0.865234375
vt 0.987304688 0.945312500
vt 0.987304688 0.956054688
vt 1.000000000 0.956054688
vt 1.000000000 0.945312500
vt 0.987304688 0.935546875
vt 1.000000000 0.935546875
vt 0.937500000 0.874023438
vt 0.987304688 0.925781250
vt 0.987304688 0.929687500
vt 1.000000000 0.929687500
vt 0.987304688 0.523437500
vt 0.987304688 0.510742188
vt 0.937500000 0.705078125
vt 0.987304688 0.538085938
vt 0.950195312 0.538085938
vt 0.937500000 0.538085938
vt 0.987304688 0.554687500
vt 0.950195312 0.554687500
vt 0.937500000 0.554687500
vt 0.987304688 0.572265625
vt 0.950195312 0.572265625
vt 0.937500000 0.478515625
vt 0.937500000 0.572265625
vt 0.937500000 0.488281250
vt 0.987304688 0.753906250
vt 0.950195312 0.753906250
vt 0.937500000 0.752929688
vt 0.987304688 0.798828125
vt 0.950195312 0.798828125
vt 0.937500000 0.798828125
vt 0.987304688 0.776367188
vt 0.950195312 0.776367188
vt 0.937500000 0.526367188
vt 0.937500000 0.776367188
vt 0.987304688 0.925781250
vt 0.937500000 0.925781250
vt 0.950195312 0.925781250
vt 0.937500000 0.966796875
vt 0.937500000 0.945312500
vt 0.950195312 0.945312500
vt 0.937500000 0.956054688
vt 0.950195312 0.956054688
vt 0.937500000 0.479492188
vt 0.937500000 0.489257812
vt 0.950195312 0.489257812
vt 0.950195312 0.479492188
vt 0.950195312 0.450195312
vt 0.950195312 0.461914062
vt 0.937500000 0.458007812
vt 0.937500000 0.468750000
vt 0.950195312 0.468750000
vt 0.950195312 0.458007812
vt 0.937500000 0.450195312
vt 0.937500000 0.461914062
vt 0.950195312 0.439453125
vt 0.937500000 0.438476562
vt 0.950195312 0.438476562
vt 0.937500000 0.439453125
vt 0.937500000 0.418945312
vt 0.950195312 0.418945312
vt 0.950195312 0.423828125
vt 0.937500000 0.423828125
vt 0.937500000 0.780273438
vt 0.937500000 0.795898438
vt 0.950195312 0.795898438
vt 0.950195312 0.781250000
vt 0.937500000 0.765625000
vt 0.950195312 0.765625000
vt 0.937500000 0.750000000
vt 0.950195312 0.750000000
vt 0.937500000 0.497070312
vt 0.950195312 0.497070312
vt 0.937500000 0.556640625
vt 0.937500000 0.568359375
vt 0.950195312 0.568359375
vt 0.950195312 0.556640625
vt 0.937500000 0.810546875
vt 0.937500000 0.826171875
vt 0.950195312 0.826171875
vt 0.950195312 0.811523438
vt 0.937500000 0.869140625
vt 0.937500000 0.880859375
vt 0.950195312 0.880859375
vt 0.950195312 0.869140625
vt 0.937500000 0.856445312
vt 0.950195312 0.856445312
vt 0.937500000 0.891601562
vt 0.950195312 0.892578125
vt 0.937500000 0.841796875
vt 0.950195312 0.841796875
vt 0.937500000 0.654296875
vt 0.937500000 0.670898438
vt 0.950195312 0.670898438
vt 0.950195312 0.654296875
vt 0.937500000 0.636718750
vt 0.950195312 0.636718750
vt 0.937500000 0.688476562
vt 0.950195312 0.688476562
vt 0.937500000 0.618164062
vt 0.950195312 0.618164062
vt 0.937500000 0.599609375
vt 0.950195312 0.599609375
vt 0.937500000 0.583007812
vt 0.950195312 0.583007812
vt 0.988281250 0.864257812
vt 0.988281250 0.799804688
vt 0.950195312 0.799804688
vt 0.950195312 0.864257812
vt 0.988281250 0.333984375
vt 0.988281250 0.202148438
vt 0.950195312 0.202148438
vt 0.950195312 0.333984375
vt 0.988281250 0.716796875
vt 0.988281250 0.624023438
vt 0.949218750 0.624023438
vt 0.949218750 0.716796875
vt 0.988281250 0.081054688
vt 0.988281250 0.011718750
vt 0.950195312 0.011718750
vt 0.950195312 0.081054688
vt 0.988281250 0.074218750
vt 0.988281250 0.011718750
vt 0.950195312 0.011718750
vt 0.949218750 0.074218750
vt 0.987304688 0.547851562
vt 0.951171875 0.547851562
vt 0.950195312 0.618164062
vt 0.987304688 0.618164062
vt 0.987304688 0.415039062
vt 0.987304688 0.349609375
vt 0.951171875 0.349609375
vt 0.951171875 0.415039062
vt 0.950195312 0.689453125
vt 0.987304688 0.689453125
vt 0.951171875 0.178710938
vt 0.951171875 0.232421875
vt 0.987304688 0.232421875
vt 0.987304688 0.178710938
vt 0.987304688 0.824218750
vt 0.950195312 0.824218750
vt 0.950195312 0.890625000
vt 0.987304688 0.890625000
vt 0.988281250 0.005859375
vt 0.950195312 0.005859375
vt 0.950195312 0.987304688
vt 0.988281250 0.987304688
vt 0.988281250 0.916992188
vt 0.950195312 0.916992188
vt 0.950195312 0.954101562
vt 0.987304688 0.954101562
vt 0.988281250 0.993164062
vt 0.950195312 0.993164062
vt 0.950195312 0.987304688
vt 0.988281250 0.987304688
vt 0.950195312 0.993164062
vt 0.987304688 0.993164062
vt 0.987304688 0.987304688
vt 0.950195312 0.987304688
vt 0.988281250 0.005859375
vt 0.950195312 0.005859375
vt 0.950195312 0.993164062
vt 0.988281250 0.993164062
vt 0.988281250 0.655273438
vt 0.950195312 0.655273438
vt 0.950195312 0.792968750
vt 0.988281250 0.792968750
vt 0.987304688 0.118164062
vt 0.987304688 0.051757812
vt 0.951171875 0.051757812
vt 0.951171875 0.118164062
vt 0.949218750 0.993164062
vt 0.988281250 0.993164062
vt 0.988281250 0.987304688
vt 0.949218750 0.987304688
vt 0.949218750 0.929687500
vt 0.988281250 0.929687500
vt 0.988281250 0.162109375
vt 0.949218750 0.162109375
vt 0.949218750 0.243164062
vt 0.988281250 0.243164062
vt 0.949218750 0.529296875
vt 0.988281250 0.529296875
vt 0.988281250 0.438476562
vt 0.949218750 0.438476562
vt 0.950195312 0.273437500
vt 0.950195312 0.011718750
vt 0.988281250 0.011718750
vt 0.988281250 0.273437500
vt 0.987304688 0.011718750
vt 0.987304688 0.005859375
vt 0.951171875 0.005859375
vt 0.951171875 0.011718750
vt 0.951171875 0.290039062
vt 0.987304688 0.290039062
vt 0.987304688 0.761718750
vt 0.950195312 0.761718750
vt 0.987304688 0.479492188
vt 0.951171875 0.479492188
vt 0.950195312 0.005859375
vt 0.988281250 0.005859375
vt 0.950195312 0.800781250
vt 0.988281250 0.800781250
vt 0.950195312 0.559570312
vt 0.988281250 0.559570312
vt 1.000000000 0.118164062
vt 1.000000000 0.051757812
vt 1.000000000 0.529296875
vt 1.000000000 0.438476562
vt 1.000000000 0.243164062
vt 1.000000000 0.162109375
vt 1.000000000 0.792968750
vt 1.000000000 0.655273438
vt 1.000000000 0.333984375
vt 1.000000000 0.799804688
vt 1.000000000 0.716796875
vt 1.000000000 0.559570312
vt 1.000000000 0.800781250
vt 1.000000000 0.929687500
vt 1.000000000 0.864257812
vt 1.000000000 0.624023438
vt 1.000000000 0.074218750
vt 1.000000000 0.916992188
vt 1.000000000 0.202148438
vt 1.000000000 0.081054688
vt 1.000000000 0.273437500
vt 1.000000000 0.178710938
vt 0.937500000 0.529296875
vt 0.937500000 0.624023438
vt 0.937500000 0.202148438
vt 0.937500000 0.333984375
vt 0.937500000 0.081054688
vt 0.937500000 0.799804688
vt 0.937500000 0.864257812
vt 0.937500000 0.559570312
vt 0.937500000 0.273437500
vt 0.937500000 0.074218750
vt 0.937500000 0.162109375
vt 0.937500000 0.438476562
vt 0.937500000 0.655273438
vt 0.937500000 0.792968750
vt 0.937500000 0.716796875
vt 0.937500000 0.243164062
vt 0.937500000 0.916992188
vt 0.937500000 0.929687500
vt 0.937500000 0.800781250
vt 0.937500000 0.689453125
vt 0.937500000 0.761718750
vt 0.937500000 0.824218750
vt 0.937500000 0.618164062
vt 0.937500000 0.890625000
vt 0.937500000 0.954101562
vt 1.000000000 0.547851562
vt 1.000000000 0.479492188
vt 1.000000000 0.415039062
vt 1.000000000 0.761718750
vt 1.000000000 0.689453125
vt 1.000000000 0.954101562
vt 1.000000000 0.890625000
vt 1.000000000 0.290039062
vt 1.000000000 0.232421875
vt 1.000000000 0.824218750
vt 1.000000000 0.618164062
vt 1.000000000 0.349609375
vt 0.937500000 0.547851562
vt 0.937500000 0.290039062
vt 0.937500000 0.349609375
vt 0.937500000 0.232421875
vt 0.937500000 0.479492188
vt 0.937500000 0.415039062
vt 0.937500000 0.118164062
vt 0.937500000 0.178710938
vt 0.937500000 0.051757812
vt 1.000000000 1.000000000
vt 1.000000000 0.987304688
vt 1.000000000 0.011718750
vt 1.000000000 0.000000000
vt 0.937500000 0.000000000
vt 0.937500000 0.011718750
vt 0.937500000 0.987304688
vt 0.937500000 1.000000000
vt 0.937500000 1.000000000
vt 0.937500000 0.987304688
vt 1.000000000 0.987304688
vt 1.000000000 1.000000000
vt 0.937500000 0.000000000
vt 0.937500000 0.011718750
vt 1.000000000 0.011718750
vt 1.000000000 0.000000000
vt 1.000000000 1.000000000
vt 1.000000000 0.987304688
vt 0.937500000 0.987304688
vt 0.937500000 1.000000000
vt 1.000000000 1.000000000
vt 1.000000000 0.987304688
vt 0.937500000 0.987304688
vt 0.937500000 1.000000000
vt 0.937500000 0.000000000
vt 0.937500000 0.011718750
vt 1.000000000 0.011718750
vt 1.000000000 0.000000000
vt 1.000000000 0.000000000
vt 1.000000000 0.011718750
vt 0.937500000 0.011718750
vt 0.937500000 0.000000000
vt 0.937496543 0.194824219
vt 0.937496543 0.170898438
vt 0.874996543 0.170898438
vt 0.874996543 0.194824219
vt 0.874996543 0.544921875
vt 0.874996543 0.568359375
vt 0.937496543 0.568359375
vt 0.937496543 0.544921875
vt 0.937496543 0.476074219
vt 0.874996543 0.476074219
vt 0.874996543 0.522949219
vt 0.937496543 0.522949219
vt 0.874996543 0.503417969
vt 0.937496543 0.503417969
vt 0.874996543 0.490722656
vt 0.937496543 0.490722656
vt 0.874996543 0.162597656
vt 0.874996543 0.193359375
vt 0.937496543 0.193359375
vt 0.937496543 0.162597656
vt 0.937496543 0.148437500
vt 0.874996543 0.148437500
vt 0.874996543 0.841308594
vt 0.937496543 0.841308594
vt 0.937496543 0.127929688
vt 0.874996543 0.127929688
vt 0.874996543 0.162597656
vt 0.874996543 0.490722656
vt 0.937496543 0.490722656
vt 0.937496543 0.162597656
vt 0.937496543 0.115234375
vt 0.874996543 0.115234375
vt 0.874996543 0.472656250
vt 0.874996543 0.509277344
vt 0.937496543 0.509277344
vt 0.937496543 0.472656250
vt 0.874996543 0.193359375
vt 0.874996543 0.472656250
vt 0.937496543 0.472656250
vt 0.937496543 0.193359375
vt 0.874996543 0.509277344
vt 0.874996543 0.786132812
vt 0.937496543 0.786132812
vt 0.937496543 0.509277344
vt 0.874996543 0.126953125
vt 0.874996543 0.162597656
vt 0.937496543 0.162597656
vt 0.937496543 0.126953125
vt 0.937496543 0.512207031
vt 0.937496543 0.476074219
vt 0.874996543 0.476074219
vt 0.874996543 0.512207031
vt 0.937496543 0.850585938
vt 0.937496543 0.512207031
vt 0.874996543 0.512207031
vt 0.874996543 0.850585938
vt 0.937496543 0.903320312
vt 0.937496543 0.854492188
vt 0.874996543 0.854492188
vt 0.874996543 0.903320312
vt 0.874996543 0.094726562
vt 0.874996543 0.108398438
vt 0.937496543 0.108398438
vt 0.937496543 0.094726562
vt 0.874996543 0.129882812
vt 0.937496543 0.129882812
vt 0.874996543 0.153808594
vt 0.937496543 0.153808594
vt 0.874996543 0.179199219
vt 0.937496543 0.179199219
vt 0.874996543 0.780761719
vt 0.874996543 0.806152344
vt 0.937496543 0.806152344
vt 0.937496543 0.780761719
vt 0.874996543 0.829589844
vt 0.937496543 0.829589844
vt 0.874996543 0.851074219
vt 0.937496543 0.851074219
vt 0.874996543 0.864746094
vt 0.937496543 0.864746094
vt 0.937496543 0.220703125
vt 0.937496543 0.216308594
vt 0.874996543 0.216308594
vt 0.874996543 0.220703125
vt 0.937496543 0.610839844
vt 0.937496543 0.606445312
vt 0.874996543 0.606445312
vt 0.874996543 0.610839844
vt 0.937496543 0.509277344
vt 0.937496543 0.504394531
vt 0.874996543 0.504394531
vt 0.874996543 0.509277344
vt 0.937496543 0.515136719
vt 0.874996543 0.515136719
vt 0.937496543 0.521484375
vt 0.874996543 0.521484375
vt 0.937496543 0.528320312
vt 0.874996543 0.528320312
vt 0.937496543 0.120605469
vt 0.937496543 0.116699219
vt 0.874996543 0.116699219
vt 0.874996543 0.120605469
vt 0.937496543 0.125976562
vt 0.874996543 0.125976562
vt 0.937496543 0.131835938
vt 0.874996543 0.131835938
vt 0.937496543 0.138671875
vt 0.874996543 0.138671875
vt 0.937496543 0.727050781
vt 0.937496543 0.712890625
vt 0.874996543 0.712890625
vt 0.874996543 0.727050781
vt 0.937496543 0.741210938
vt 0.874996543 0.741210938
vt 0.937496543 0.755371094
vt 0.874996543 0.755371094
vt 0.937496543 0.769531250
vt 0.874996543 0.769531250
vt 0.937496543 0.783691406
vt 0.874996543 0.783691406
vt 0.937496543 0.797851562
vt 0.874996543 0.797851562
vt 0.937496543 0.812011719
vt 0.874996543 0.812011719
vt 0.937496543 0.826171875
vt 0.874996543 0.826171875
vt 0.937496543 0.840332031
vt 0.874996543 0.840332031
vt 0.937496543 0.854492188
vt 0.874996543 0.854492188
vt 0.937496543 0.868652344
vt 0.874996543 0.868652344
vt 0.937496543 0.882812500
vt 0.874996543 0.882812500
vt 0.937496543 0.895019531
vt 0.874996543 0.895019531
vt 0.937496543 0.298339844
vt 0.874996543 0.298339844
vt 0.937496543 0.304687500
vt 0.874996543 0.304687500
vt 0.937496543 0.311035156
vt 0.874996543 0.311035156
vt 0.937496543 0.316894531
vt 0.874996543 0.316894531
vt 0.937496543 0.320312500
vt 0.874996543 0.320312500
vt 0.937496543 0.490234375
vt 0.874996543 0.490234375
vt 0.937496543 0.475585938
vt 0.874996543 0.475585938
vt 0.937496543 0.461914062
vt 0.874996543 0.461914062
vt 0.937496543 0.447753906
vt 0.874996543 0.447753906
vt 0.937496543 0.433593750
vt 0.874996543 0.433593750
vt 0.937496543 0.419433594
vt 0.874996543 0.419433594
vt 0.937496543 0.405273438
vt 0.874996543 0.405273438
vt 0.937496543 0.391113281
vt 0.874996543 0.391113281
vt 0.937496543 0.376953125
vt 0.874996543 0.376953125
vt 0.937496543 0.362792969
vt 0.874996543 0.362792969
vt 0.937496543 0.348632812
vt 0.874996543 0.348632812
vt 0.937496543 0.334472656
vt 0.874996543 0.334472656
vt 0.937496543 0.695312500
vt 0.937496543 0.688476562
vt 0.874996543 0.688476562
vt 0.874996543 0.695312500
vt 0.937496543 0.701660156
vt 0.874996543 0.701660156
vt 0.937496543 0.708007812
vt 0.874996543 0.708007812
vt 0.874996543 0.476562500
vt 0.874996543 0.515136719
vt 0.937496543 0.515136719
vt 0.937496543 0.476562500
vt 0.874996543 0.447265625
vt 0.874996543 0.485351562
vt 0.937496543 0.485351562
vt 0.937496543 0.447265625
vt 0.937496543 0.485351562
vt 0.937496543 0.444335938
vt 0.874996543 0.444335938
vt 0.874996543 0.485351562
vt 0.874996543 0.091796875
vt 0.937496543 0.091796875
vt 0.874996543 0.872070312
vt 0.937496543 0.872070312
vt 0.937496543 0.071777344
vt 0.874996543 0.071777344
vt 0.874996543 0.162597656
vt 0.874996543 0.193359375
vt 0.937496543 0.193359375
vt 0.937496543 0.162597656
vt 0.874996543 0.472656250
vt 0.874996543 0.509277344
vt 0.937496543 0.509277344
vt 0.937496543 0.472656250
vt 0.874996543 0.193359375
vt 0.874996543 0.472656250
vt 0.937496543 0.472656250
vt 0.937496543 0.193359375
vt 0.874996543 0.509277344
vt 0.874996543 0.786132812
vt 0.937496543 0.786132812
vt 0.937496543 0.509277344
vt 0.937496543 0.903320312
vt 0.937496543 0.854492188
vt 0.874996543 0.854492188
vt 0.874996543 0.903320312
vt 0.937496543 0.485351562
vt 0.937496543 0.444335938
vt 0.874996543 0.444335938
vt 0.874996543 0.485351562
vt 0.937496543 0.071777344
vt 0.874996543 0.071777344
vt 0.874996543 0.162597656
vt 0.874996543 0.193359375
vt 0.937496543 0.193359375
vt 0.937496543 0.162597656
vt 0.874996543 0.472656250
vt 0.874996543 0.509277344
vt 0.937496543 0.509277344
vt 0.937496543 0.472656250
vt 0.874996543 0.193359375
vt 0.874996543 0.472656250
vt 0.937496543 0.472656250
vt 0.937496543 0.193359375
vt 0.874996543 0.509277344
vt 0.874996543 0.786132812
vt 0.937496543 0.786132812
vt 0.937496543 0.509277344
vt 0.937496543 0.903320312
vt 0.937496543 0.854492188
vt 0.874996543 0.854492188
vt 0.874996543 0.903320312
vt 0.937496543 0.485351562
vt 0.937496543 0.444335938
vt 0.874996543 0.444335938
vt 0.874996543 0.485351562
vt 0.937496543 0.071777344
vt 0.874996543 0.071777344
vt 0.874996543 0.162597656
vt 0.874996543 0.193359375
vt 0.937496543 0.193359375
vt 0.937496543 0.162597656
vt 0.874996543 0.472656250
vt 0.874996543 0.509277344
vt 0.937496543 0.509277344
vt 0.937496543 0.472656250
vt 0.874996543 0.193359375
vt 0.874996543 0.472656250
vt 0.937496543 0.472656250
vt 0.937496543 0.193359375
vt 0.874996543 0.509277344
vt 0.874996543 0.786132812
vt 0.937496543 0.786132812
vt 0.937496543 0.509277344
vt 0.937496543 0.903320312
vt 0.937496543 0.854492188
vt 0.874996543 0.854492188
vt 0.874996543 0.903320312
vt 0.937496543 0.485351562
vt 0.937496543 0.444335938
vt 0.874996543 0.444335938
vt 0.874996543 0.485351562
vt 0.937496543 0.071777344
vt 0.874996543 0.071777344
vt 0.874996543 0.162597656
vt 0.874996543 0.193359375
vt 0.937496543 0.193359375
vt 0.937496543 0.162597656
vt 0.874996543 0.472656250
vt 0.874996543 0.509277344
vt 0.937496543 0.509277344
vt 0.937496543 0.472656250
vt 0.874996543 0.193359375
vt 0.874996543 0.472656250
vt 0.937496543 0.472656250
vt 0.937496543 0.193359375
vt 0.874996543 0.509277344
vt 0.874996543 0.786132812
vt 0.937496543 0.786132812
vt 0.937496543 0.509277344
vt 0.937496543 0.903320312
vt 0.937496543 0.854492188
vt 0.874996543 0.854492188
vt 0.874996543 0.903320312
vt 0.937496543 0.485351562
vt 0.937496543 0.444335938
vt 0.874996543 0.444335938
vt 0.874996543 0.485351562
vt 0.937496543 0.071777344
vt 0.874996543 0.071777344
vt 0.874996543 0.162597656
vt 0.874996543 0.193359375
vt 0.937496543 0.193359375
vt 0.937496543 0.162597656
vt 0.874996543 0.472656250
vt 0.874996543 0.509277344
vt 0.937496543 0.509277344
vt 0.937496543 0.472656250
vt 0.874996543 0.193359375
vt 0.874996543 0.472656250
vt 0.937496543 0.472656250
vt 0.937496543 0.193359375
vt 0.874996543 0.509277344
vt 0.874996543 0.786132812
vt 0.937496543 0.786132812
vt 0.937496543 0.509277344
vt 0.937496543 0.903320312
vt 0.937496543 0.854492188
vt 0.874996543 0.854492188
vt 0.874996543 0.903320312
vt 0.937496543 0.485351562
vt 0.937496543 0.444335938
vt 0.874996543 0.444335938
vt 0.874996543 0.485351562
vt 0.937496543 0.071777344
vt 0.874996543 0.071777344
vt 0.874996543 0.162597656
vt 0.874996543 0.193359375
vt 0.937496543 0.193359375
vt 0.937496543 0.162597656
vt 0.874996543 0.472656250
vt 0.874996543 0.509277344
vt 0.937496543 0.509277344
vt 0.937496543 0.472656250
vt 0.874996543 0.193359375
vt 0.874996543 0.472656250
vt 0.937496543 0.472656250
vt 0.937496543 0.193359375
vt 0.874996543 0.509277344
vt 0.874996543 0.786132812
vt 0.937496543 0.786132812
vt 0.937496543 0.509277344
vt 0.937496543 0.903320312
vt 0.937496543 0.854492188
vt 0.874996543 0.854492188
vt 0.874996543 0.903320312
vt 0.937496543 0.485351562
vt 0.937496543 0.444335938
vt 0.874996543 0.444335938
vt 0.874996543 0.485351562
vt 0.937496543 0.071777344
vt 0.874996543 0.071777344
vt 0.874996543 0.162597656
vt 0.874996543 0.193359375
vt 0.937496543 0.193359375
vt 0.937496543 0.162597656
vt 0.874996543 0.472656250
vt 0.874996543 0.509277344
vt 0.937496543 0.509277344
vt 0.937496543 0.472656250
vt 0.874996543 0.193359375
vt 0.874996543 0.472656250
vt 0.937496543 0.472656250
vt 0.937496543 0.193359375
vt 0.874996543 0.509277344
vt 0.874996543 0.786132812
vt 0.937496543 0.786132812
vt 0.937496543 0.509277344
vt 0.937496543 0.903320312
vt 0.937496543 0.854492188
vt 0.874996543 0.854492188
vt 0.874996543 0.903320312
vt 0.937496543 0.485351562
vt 0.937496543 0.444335938
vt 0.874996543 0.444335938
vt 0.874996543 0.485351562
vt 0.937496543 0.071777344
vt 0.874996543 0.071777344
vt 0.874996543 0.162597656
vt 0.874996543 0.193359375
vt 0.937496543 0.193359375
vt 0.937496543 0.162597656
vt 0.874996543 0.472656250
vt 0.874996543 0.509277344
vt 0.937496543 0.509277344
vt 0.937496543 0.472656250
vt 0.874996543 0.193359375
vt 0.874996543 0.472656250
vt 0.937496543 0.472656250
vt 0.937496543 0.193359375
vt 0.874996543 0.509277344
vt 0.874996543 0.786132812
vt 0.937496543 0.786132812
vt 0.937496543 0.509277344
vt 0.937496543 0.903320312
vt 0.937496543 0.854492188
vt 0.874996543 0.854492188
vt 0.874996543 0.903320312
vt 0.937496543 0.485351562
vt 0.937496543 0.444335938
vt 0.874996543 0.444335938
vt 0.874996543 0.485351562
vt 0.937496543 0.071777344
vt 0.874996543 0.071777344
vt 0.874996543 0.162597656
vt 0.874996543 0.193359375
vt 0.937496543 0.193359375
vt 0.937496543 0.162597656
vt 0.874996543 0.472656250
vt 0.874996543 0.509277344
vt 0.937496543 0.509277344
vt 0.937496543 0.472656250
vt 0.874996543 0.193359375
vt 0.874996543 0.472656250
vt 0.937496543 0.472656250
vt 0.937496543 0.193359375
vt 0.874996543 0.509277344
vt 0.874996543 0.786132812
vt 0.937496543 0.786132812
vt 0.937496543 0.509277344
vt 0.937496543 0.903320312
vt 0.937496543 0.854492188
vt 0.874996543 0.854492188
vt 0.874996543 0.903320312
vt 0.937496543 0.485351562
vt 0.937496543 0.444335938
vt 0.874996543 0.444335938
vt 0.874996543 0.485351562
vt 0.937496543 0.071777344
vt 0.874996543 0.071777344
vt 0.874996543 0.162597656
vt 0.874996543 0.193359375
vt 0.937496543 0.193359375
vt 0.937496543 0.162597656
vt 0.874996543 0.472656250
vt 0.874996543 0.509277344
vt 0.937496543 0.509277344
vt 0.937496543 0.472656250
vt 0.874996543 0.193359375
vt 0.874996543 0.472656250
vt 0.937496543 0.472656250
vt 0.937496543 0.193359375
vt 0.874996543 0.509277344
vt 0.874996543 0.786132812
vt 0.937496543 0.786132812
vt 0.937496543 0.509277344
vt 0.937496543 0.903320312
vt 0.937496543 0.854492188
vt 0.874996543 0.854492188
vt 0.874996543 0.903320312
vt 0.937496543 0.485351562
vt 0.937496543 0.444335938
vt 0.874996543 0.444335938
vt 0.874996543 0.485351562
vt 0.937496543 0.071777344
vt 0.874996543 0.071777344
vt 0.874996543 0.162597656
vt 0.874996543 0.193359375
vt 0.937496543 0.193359375
vt 0.937496543 0.162597656
vt 0.874996543 0.472656250
vt 0.874996543 0.509277344
vt 0.937496543 0.509277344
vt 0.937496543 0.472656250
vt 0.874996543 0.193359375
vt 0.874996543 0.472656250
vt 0.937496543 0.472656250
vt 0.937496543 0.193359375
vt 0.874996543 0.509277344
vt 0.874996543 0.786132812
vt 0.937496543 0.786132812
vt 0.937496543 0.509277344
vt 0.937496543 0.903320312
vt 0.937496543 0.854492188
vt 0.874996543 0.854492188
vt 0.874996543 0.903320312
vt 0.937496543 0.485351562
vt 0.937496543 0.444335938
vt 0.874996543 0.444335938
vt 0.874996543 0.485351562
vt 0.937496543 0.071777344
vt 0.874996543 0.071777344
vt 0.874996543 0.162597656
vt 0.874996543 0.193359375
vt 0.937496543 0.193359375
vt 0.937496543 0.162597656
vt 0.874996543 0.472656250
vt 0.874996543 0.509277344
vt 0.937496543 0.509277344
vt 0.937496543 0.472656250
vt 0.874996543 0.193359375
vt 0.874996543 0.472656250
vt 0.937496543 0.472656250
vt 0.937496543 0.193359375
vt 0.874996543 0.509277344
vt 0.874996543 0.786132812
vt 0.937496543 0.786132812
vt 0.937496543 0.509277344
vt 0.937496543 0.903320312
vt 0.937496543 0.854492188
vt 0.874996543 0.854492188
vt 0.874996543 0.903320312
vt 0.937496543 0.485351562
vt 0.937496543 0.444335938
vt 0.874996543 0.444335938
vt 0.874996543 0.485351562
vt 0.937496543 0.071777344
vt 0.874996543 0.071777344
vt 0.874996543 0.162597656
vt 0.874996543 0.193359375
vt 0.937496543 0.193359375
vt 0.937496543 0.162597656
vt 0.874996543 0.472656250
vt 0.874996543 0.509277344
vt 0.937496543 0.509277344
vt 0.937496543 0.472656250
vt 0.874996543 0.193359375
vt 0.874996543 0.472656250
vt 0.937496543 0.472656250
vt 0.937496543 0.193359375
vt 0.874996543 0.509277344
vt 0.874996543 0.786132812
vt 0.937496543 0.786132812
vt 0.937496543 0.509277344
vt 0.937496543 0.903320312
vt 0.937496543 0.854492188
vt 0.874996543 0.854492188
vt 0.874996543 0.903320312
vt 0.937496543 0.485351562
vt 0.937496543 0.444335938
vt 0.874996543 0.444335938
vt 0.874996543 0.485351562
vt 0.937496543 0.071777344
vt 0.874996543 0.071777344
vt 0.874996543 0.162597656
vt 0.874996543 0.193359375
vt 0.937496543 0.193359375
vt 0.937496543 0.162597656
vt 0.874996543 0.472656250
vt 0.874996543 0.509277344
vt 0.937496543 0.509277344
vt 0.937496543 0.472656250
vt 0.874996543 0.193359375
vt 0.874996543 0.472656250
vt 0.937496543 0.472656250
vt 0.937496543 0.193359375
vt 0.874996543 0.509277344
vt 0.874996543 0.786132812
vt 0.937496543 0.786132812
vt 0.937496543 0.509277344
vt 0.937496543 0.903320312
vt 0.937496543 0.854492188
vt 0.874996543 0.854492188
vt 0.874996543 0.903320312
vt 0.937496543 0.485351562
vt 0.937496543 0.444335938
vt 0.874996543 0.444335938
vt 0.874996543 0.485351562
vt 0.937496543 0.071777344
vt 0.874996543 0.071777344
vt 0.874996543 0.162597656
vt 0.874996543 0.193359375
vt 0.937496543 0.193359375
vt 0.937496543 0.162597656
vt 0.874996543 0.472656250
vt 0.874996543 0.509277344
vt 0.937496543 0.509277344
vt 0.937496543 0.472656250
vt 0.874996543 0.193359375
vt 0.874996543 0.472656250
vt 0.937496543 0.472656250
vt 0.937496543 0.193359375
vt 0.874996543 0.509277344
vt 0.874996543 0.786132812
vt 0.937496543 0.786132812
vt 0.937496543 0.509277344
vt 0.937496543 0.903320312
vt 0.937496543 0.854492188
vt 0.874996543 0.854492188
vt 0.874996543 0.903320312
vt 0.937496543 0.485351562
vt 0.937496543 0.444335938
vt 0.874996543 0.444335938
vt 0.874996543 0.485351562
vt 0.937496543 0.071777344
vt 0.874996543 0.071777344
vt 0.874996543 0.162597656
vt 0.874996543 0.193359375
vt 0.937496543 0.193359375
vt 0.937496543 0.162597656
vt 0.874996543 0.472656250
vt 0.874996543 0.509277344
vt 0.937496543 0.509277344
vt 0.937496543 0.472656250
vt 0.874996543 0.193359375
vt 0.874996543 0.472656250
vt 0.937496543 0.472656250
vt 0.937496543 0.193359375
vt 0.874996543 0.509277344
vt 0.874996543 0.786132812
vt 0.937496543 0.786132812
vt 0.937496543 0.509277344
vt 0.937496543 0.903320312
vt 0.937496543 0.854492188
vt 0.874996543 0.854492188
vt 0.874996543 0.903320312
vt 0.937496543 0.485351562
vt 0.937496543 0.444335938
vt 0.874996543 0.444335938
vt 0.874996543 0.485351562
vt 0.937496543 0.071777344
vt 0.874996543 0.071777344
vt 0.874996543 0.162597656
vt 0.874996543 0.193359375
vt 0.937496543 0.193359375
vt 0.937496543 0.162597656
vt 0.874996543 0.472656250
vt 0.874996543 0.509277344
vt 0.937496543 0.509277344
vt 0.937496543 0.472656250
vt 0.874996543 0.193359375
vt 0.874996543 0.472656250
vt 0.937496543 0.472656250
vt 0.937496543 0.193359375
vt 0.874996543 0.509277344
vt 0.874996543 0.786132812
vt 0.937496543 0.786132812
vt 0.937496543 0.509277344
vt 0.937496543 0.903320312
vt 0.937496543 0.854492188
vt 0.874996543 0.854492188
vt 0.874996543 0.903320312
vt 0.937496543 0.485351562
vt 0.937496543 0.444335938
vt 0.874996543 0.444335938
vt 0.874996543 0.485351562
vt 0.937496543 0.071777344
vt 0.874996543 0.071777344
vt 0.874996543 0.162597656
vt 0.874996543 0.193359375
vt 0.937496543 0.193359375
vt 0.937496543 0.162597656
vt 0.874996543 0.472656250
vt 0.874996543 0.509277344
vt 0.937496543 0.509277344
vt 0.937496543 0.472656250
vt 0.874996543 0.193359375
vt 0.874996543 0.472656250
vt 0.937496543 0.472656250
vt 0.937496543 0.193359375
vt 0.874996543 0.509277344
vt 0.874996543 0.786132812
vt 0.937496543 0.786132812
vt 0.937496543 0.509277344
vt 0.937496543 0.903320312
vt 0.937496543 0.854492188
vt 0.874996543 0.854492188
vt 0.874996543 0.903320312
vt 0.937496543 0.485351562
vt 0.937496543 0.444335938
vt 0.874996543 0.444335938
vt 0.874996543 0.485351562
vt 0.937496543 0.071777344
vt 0.874996543 0.071777344
vt 0.874996543 0.162597656
vt 0.874996543 0.193359375
vt 0.937496543 0.193359375
vt 0.937496543 0.162597656
vt 0.874996543 0.472656250
vt 0.874996543 0.509277344
vt 0.937496543 0.509277344
vt 0.937496543 0.472656250
vt 0.874996543 0.193359375
vt 0.874996543 0.472656250
vt 0.937496543 0.472656250
vt 0.937496543 0.193359375
vt 0.874996543 0.509277344
vt 0.874996543 0.786132812
vt 0.937496543 0.786132812
vt 0.937496543 0.509277344
vt 0.937496543 0.903320312
vt 0.937496543 0.854492188
vt 0.874996543 0.854492188
vt 0.874996543 0.903320312
vt 0.937496543 0.485351562
vt 0.937496543 0.444335938
vt 0.874996543 0.444335938
vt 0.874996543 0.485351562
vt 0.937496543 0.071777344
vt 0.874996543 0.071777344
vt 0.874996543 0.162597656
vt 0.874996543 0.193359375
vt 0.937496543 0.193359375
vt 0.937496543 0.162597656
vt 0.874996543 0.472656250
vt 0.874996543 0.509277344
vt 0.937496543 0.509277344
vt 0.937496543 0.472656250
vt 0.874996543 0.193359375
vt 0.874996543 0.472656250
vt 0.937496543 0.472656250
vt 0.937496543 0.193359375
vt 0.874996543 0.509277344
vt 0.874996543 0.786132812
vt 0.937496543 0.786132812
vt 0.937496543 0.509277344
vt 0.937496543 0.903320312
vt 0.937496543 0.854492188
vt 0.874996543 0.854492188
vt 0.874996543 0.903320312
vt 0.937496543 0.485351562
vt 0.937496543 0.444335938
vt 0.874996543 0.444335938
vt 0.874996543 0.485351562
vt 0.937496543 0.071777344
vt 0.874996543 0.071777344
vt 0.874996543 0.162597656
vt 0.874996543 0.193359375
vt 0.937496543 0.193359375
vt 0.937496543 0.162597656
vt 0.874996543 0.472656250
vt 0.874996543 0.509277344
vt 0.937496543 0.509277344
vt 0.937496543 0.472656250
vt 0.874996543 0.193359375
vt 0.874996543 0.472656250
vt 0.937496543 0.472656250
vt 0.937496543 0.193359375
vt 0.874996543 0.509277344
vt 0.874996543 0.786132812
vt 0.937496543 0.786132812
vt 0.937496543 0.509277344
vt 0.937496543 0.903320312
vt 0.937496543 0.854492188
vt 0.874996543 0.854492188
vt 0.874996543 0.903320312
vt 0.937496543 0.485351562
vt 0.937496543 0.444335938
vt 0.874996543 0.444335938
vt 0.874996543 0.485351562
vt 0.937496543 0.071777344
vt 0.874996543 0.071777344
vt 0.874996543 0.162597656
vt 0.874996543 0.193359375
vt 0.937496543 0.193359375
vt 0.937496543 0.162597656
vt 0.874996543 0.472656250
vt 0.874996543 0.509277344
vt 0.937496543 0.509277344
vt 0.937496543 0.472656250
vt 0.874996543 0.193359375
vt 0.874996543 0.472656250
vt 0.937496543 0.472656250
vt 0.937496543 0.193359375
vt 0.874996543 0.509277344
vt 0.874996543 0.786132812
vt 0.937496543 0.786132812
vt 0.937496543 0.509277344
vt 0.937496543 0.903320312
vt 0.937496543 0.854492188
vt 0.874996543 0.854492188
vt 0.874996543 0.903320312
vt 0.937496543 0.485351562
vt 0.937496543 0.444335938
vt 0.874996543 0.444335938
vt 0.874996543 0.485351562
vt 0.937496543 0.071777344
vt 0.874996543 0.071777344
vt 0.874996543 0.162597656
vt 0.874996543 0.193359375
vt 0.937496543 0.193359375
vt 0.937496543 0.162597656
vt 0.874996543 0.472656250
vt 0.874996543 0.509277344
vt 0.937496543 0.509277344
vt 0.937496543 0.472656250
vt 0.874996543 0.193359375
vt 0.874996543 0.472656250
vt 0.937496543 0.472656250
vt 0.937496543 0.193359375
vt 0.874996543 0.509277344
vt 0.874996543 0.786132812
vt 0.937496543 0.786132812
vt 0.937496543 0.509277344
vt 0.937496543 0.903320312
vt 0.937496543 0.854492188
vt 0.874996543 0.854492188
vt 0.874996543 0.903320312
vt 0.937496543 0.485351562
vt 0.937496543 0.444335938
vt 0.874996543 0.444335938
vt 0.874996543 0.485351562
vt 0.937496543 0.071777344
vt 0.874996543 0.071777344
vt 0.874996543 0.162597656
vt 0.874996543 0.193359375
vt 0.937496543 0.193359375
vt 0.937496543 0.162597656
vt 0.874996543 0.472656250
vt 0.874996543 0.509277344
vt 0.937496543 0.509277344
vt 0.937496543 0.472656250
vt 0.874996543 0.193359375
vt 0.874996543 0.472656250
vt 0.937496543 0.472656250
vt 0.937496543 0.193359375
vt 0.874996543 0.509277344
vt 0.874996543 0.786132812
vt 0.937496543 0.786132812
vt 0.937496543 0.509277344
vt 0.937496543 0.903320312
vt 0.937496543 0.854492188
vt 0.874996543 0.854492188
vt 0.874996543 0.903320312
vt 0.937496543 0.485351562
vt 0.937496543 0.444335938
vt 0.874996543 0.444335938
vt 0.874996543 0.485351562
vt 0.937496543 0.071777344
vt 0.874996543 0.071777344
vt 0.874996543 0.162597656
vt 0.874996543 0.193359375
vt 0.937496543 0.193359375
vt 0.937496543 0.162597656
vt 0.874996543 0.472656250
vt 0.874996543 0.509277344
vt 0.937496543 0.509277344
vt 0.937496543 0.472656250
vt 0.874996543 0.193359375
vt 0.874996543 0.472656250
vt 0.937496543 0.472656250
vt 0.937496543 0.193359375
vt 0.874996543 0.509277344
vt 0.874996543 0.786132812
vt 0.937496543 0.786132812
vt 0.937496543 0.509277344
vt 0.937496543 0.903320312
vt 0.937496543 0.854492188
vt 0.874996543 0.854492188
vt 0.874996543 0.903320312
vt 0.937496543 0.485351562
vt 0.937496543 0.444335938
vt 0.874996543 0.444335938
vt 0.874996543 0.485351562
vt 0.937496543 0.071777344
vt 0.874996543 0.071777344
vt 0.937496543 0.194824219
vt 0.874996543 0.194824219
vt 0.874996543 0.170898438
vt 0.937496543 0.170898438
vt 0.937496543 0.476074219
vt 0.874996543 0.476074219
vt 0.874996543 0.148437500
vt 0.937496543 0.148437500
vt 0.874996543 0.127929688
vt 0.937496543 0.127929688
vt 0.874996543 0.115234375
vt 0.937496543 0.115234375
vt 0.937496543 0.512207031
vt 0.874996543 0.512207031
vt 0.874996543 0.476074219
vt 0.937496543 0.476074219
vt 0.937496543 0.850585938
vt 0.874996543 0.850585938
vt 0.874996543 0.512207031
vt 0.937496543 0.512207031
vt 0.874996543 0.780761719
vt 0.937496543 0.780761719
vt 0.937496543 0.806152344
vt 0.874996543 0.806152344
vt 0.937496543 0.829589844
vt 0.874996543 0.829589844
vt 0.937496543 0.851074219
vt 0.874996543 0.851074219
vt 0.937496543 0.864746094
vt 0.874996543 0.864746094
vt 0.874996543 0.447265625
vt 0.937496543 0.447265625
vt 0.937496543 0.485351562
vt 0.874996543 0.485351562
vt 0.874996543 0.091796875
vt 0.937496543 0.091796875
vt 0.874996543 0.544921875
vt 0.937496543 0.544921875
vt 0.937496543 0.568359375
vt 0.874996543 0.568359375
vt 0.874996543 0.522949219
vt 0.937496543 0.522949219
vt 0.874996543 0.503417969
vt 0.937496543 0.503417969
vt 0.874996543 0.490722656
vt 0.937496543 0.490722656
vt 0.937496543 0.841308594
vt 0.874996543 0.841308594
vt 0.874996543 0.162597656
vt 0.937496543 0.162597656
vt 0.937496543 0.490722656
vt 0.874996543 0.490722656
vt 0.874996543 0.126953125
vt 0.937496543 0.126953125
vt 0.937496543 0.162597656
vt 0.874996543 0.162597656
vt 0.874996543 0.094726562
vt 0.937496543 0.094726562
vt 0.937496543 0.108398438
vt 0.874996543 0.108398438
vt 0.937496543 0.129882812
vt 0.874996543 0.129882812
vt 0.937496543 0.153808594
vt 0.874996543 0.153808594
vt 0.937496543 0.179199219
vt 0.874996543 0.179199219
vt 0.874996543 0.476562500
vt 0.937496543 0.476562500
vt 0.937496543 0.515136719
vt 0.874996543 0.515136719
vt 0.937496543 0.872070312
vt 0.874996543 0.872070312
vt 0.795898438 0.382812500
vt 0.812500000 0.382812500
vt 0.812500000 0.375000000
vt 0.795898438 0.375000000
vt 0.766601562 0.657226562
vt 0.766601562 0.644531250
vt 0.750000000 0.644531250
vt 0.750000000 0.657226562
vt 0.795898438 0.366210938
vt 0.812500000 0.366210938
vt 0.812500000 0.356445312
vt 0.795898438 0.356445312
vt 0.771484375 0.047851562
vt 0.750000000 0.047851562
vt 0.750000000 0.148437500
vt 0.771484375 0.148437500
vt 0.791015625 0.148437500
vt 0.791015625 0.164062500
vt 0.812500000 0.164062500
vt 0.812500000 0.148437500
vt 0.795898438 0.393554688
vt 0.812500000 0.393554688
vt 0.795898438 0.402343750
vt 0.812500000 0.402343750
vt 0.795898438 0.411132812
vt 0.812500000 0.411132812
vt 0.795898438 0.611328125
vt 0.812500000 0.611328125
vt 0.812500000 0.603515625
vt 0.795898438 0.603515625
vt 0.795898438 0.621093750
vt 0.812500000 0.621093750
vt 0.766601562 0.585937500
vt 0.795898438 0.585937500
vt 0.766601562 0.411132812
vt 0.812500000 0.585937500
vt 0.795898438 0.594726562
vt 0.812500000 0.594726562
vt 0.795898438 0.632812500
vt 0.812500000 0.632812500
vt 0.795898438 0.644531250
vt 0.812500000 0.644531250
vt 0.791015625 0.179687500
vt 0.812500000 0.179687500
vt 0.771484375 0.835937500
vt 0.750000000 0.835937500
vt 0.750000000 0.851562500
vt 0.771484375 0.851562500
vt 0.791015625 0.851562500
vt 0.791015625 0.859375000
vt 0.812500000 0.859375000
vt 0.812500000 0.851562500
vt 0.771484375 0.195312500
vt 0.750000000 0.195312500
vt 0.750000000 0.218750000
vt 0.771484375 0.218750000
vt 0.771484375 0.859375000
vt 0.750000000 0.859375000
vt 0.750000000 0.961914062
vt 0.771484375 0.961914062
vt 0.771484375 0.812500000
vt 0.750000000 0.812500000
vt 0.750000000 0.828125000
vt 0.771484375 0.828125000
vt 0.791015625 0.828125000
vt 0.791015625 0.835937500
vt 0.812500000 0.835937500
vt 0.812500000 0.828125000
vt 0.791015625 0.546875000
vt 0.791015625 0.812500000
vt 0.812500000 0.812500000
vt 0.812500000 0.546875000
vt 0.750000000 0.234375000
vt 0.771484375 0.234375000
vt 0.771484375 0.179687500
vt 0.750000000 0.179687500
vt 0.766601562 0.327148438
vt 0.766601562 0.266601562
vt 0.750000000 0.266601562
vt 0.750000000 0.327148438
vt 0.771484375 0.010742188
vt 0.750000000 0.010742188
vt 0.791015625 0.987304688
vt 0.791015625 1.000000000
vt 0.812500000 1.000000000
vt 0.812500000 0.987304688
vt 0.812500000 0.234375000
vt 0.791015625 0.234375000
vt 0.795898438 0.986328125
vt 0.812500000 0.986328125
vt 0.812500000 0.657226562
vt 0.795898438 0.657226562
vt 0.812500000 0.327148438
vt 0.795898438 0.327148438
vt 0.766601562 0.010742188
vt 0.766601562 0.000000000
vt 0.750000000 0.000000000
vt 0.750000000 0.010742188
vt 0.812500000 0.010742188
vt 0.812500000 0.000000000
vt 0.795898438 0.000000000
vt 0.795898438 0.010742188
vt 0.750000000 0.356445312
vt 0.766601562 0.356445312
vt 0.750000000 0.986328125
vt 0.766601562 0.986328125
vt 0.812500000 0.266601562
vt 0.795898438 0.266601562
vt 0.766601562 0.632812500
vt 0.750000000 0.632812500
vt 0.766601562 0.621093750
vt 0.750000000 0.621093750
vt 0.750000000 0.603515625
vt 0.766601562 0.603515625
vt 0.766601562 0.594726562
vt 0.750000000 0.594726562
vt 0.750000000 0.585937500
vt 0.766601562 0.611328125
vt 0.750000000 0.611328125
vt 0.750000000 0.375000000
vt 0.766601562 0.375000000
vt 0.766601562 0.366210938
vt 0.750000000 0.366210938
vt 0.750000000 0.411132812
vt 0.766601562 0.402343750
vt 0.750000000 0.402343750
vt 0.766601562 0.393554688
vt 0.750000000 0.393554688
vt 0.766601562 0.382812500
vt 0.750000000 0.382812500
vt 0.750000000 0.546875000
vt 0.771484375 0.546875000
vt 0.750000000 0.987304688
vt 0.750000000 1.000000000
vt 0.771484375 1.000000000
vt 0.771484375 0.987304688
vt 0.812500000 0.010742188
vt 0.791015625 0.010742188
vt 0.791015625 0.047851562
vt 0.812500000 0.047851562
vt 0.791015625 0.195312500
vt 0.812500000 0.195312500
vt 0.812500000 0.218750000
vt 0.791015625 0.218750000
vt 0.791015625 0.961914062
vt 0.812500000 0.961914062
vt 0.750000000 0.164062500
vt 0.771484375 0.164062500
vt 0.766601562 1.000000000
vt 0.795898438 1.000000000
vt 0.750000000 1.000000000
vt 0.812500000 1.000000000
vt 0.791015625 0.000000000
vt 0.771484375 0.000000000
vt 0.812500000 0.000000000
vt 0.750000000 0.000000000
vt 0.880859375 0.189453125
vt 0.931640625 0.189453125
vt 0.931640625 0.101562500
vt 0.880859375 0.101562500
vt 0.880859375 0.371093750
vt 0.880859375 0.538085938
vt 0.931640625 0.538085938
vt 0.931640625 0.371093750
vt 0.880859375 0.712890625
vt 0.931640625 0.712890625
vt 0.880859375 0.274414062
vt 0.875000000 0.274414062
vt 0.875000000 0.371093750
vt 0.880859375 0.223632812
vt 0.875000000 0.223632812
vt 0.875000000 0.236328125
vt 0.880859375 0.236328125
vt 0.875000000 0.189453125
vt 0.875000000 0.208007812
vt 0.880859375 0.208007812
vt 0.875000000 0.249023438
vt 0.880859375 0.249023438
vt 0.931640625 0.274414062
vt 0.931640625 0.260742188
vt 0.880859375 0.260742188
vt 0.931640625 0.249023438
vt 0.880859375 0.131835938
vt 0.875000000 0.131835938
vt 0.875000000 0.251953125
vt 0.880859375 0.251953125
vt 0.880859375 0.512695312
vt 0.880859375 0.381835938
vt 0.875000000 0.381835938
vt 0.875000000 0.512695312
vt 0.880859375 0.772460938
vt 0.880859375 0.642578125
vt 0.875000000 0.642578125
vt 0.875000000 0.772460938
vt 0.880859375 0.979492188
vt 0.875000000 0.979492188
vt 0.931640625 0.642578125
vt 0.931640625 0.512695312
vt 0.931640625 0.020507812
vt 0.880859375 0.020507812
vt 0.931640625 0.131835938
vt 0.931640625 0.381835938
vt 0.931640625 0.251953125
vt 0.931640625 0.979492188
vt 0.931640625 0.772460938
vt 0.875000000 0.260742188
vt 0.931640625 0.208007812
vt 0.931640625 0.223632812
vt 0.931640625 0.236328125
vt 0.875000000 0.538085938
vt 0.875000000 0.712890625
vt 0.875000000 0.101562500
vt 0.880859375 0.008789062
vt 0.875000000 0.008789062
vt 0.875000000 0.020507812
vt 0.937500000 0.642578125
vt 0.937500000 0.512695312
vt 0.937500000 0.979492188
vt 0.937500000 0.772460938
vt 0.937500000 0.712890625
vt 0.937500000 0.538085938
vt 0.937500000 0.249023438
vt 0.937500000 0.236328125
vt 0.937500000 0.381835938
vt 0.937500000 0.223632812
vt 0.937500000 0.251953125
vt 0.937500000 0.189453125
vt 0.937500000 0.101562500
vt 0.937500000 0.208007812
vt 0.937500000 0.131835938
vt 0.937500000 0.371093750
vt 0.937500000 0.274414062
vt 0.937500000 0.020507812
vt 0.937500000 0.008789062
vt 0.931640625 0.008789062
vt 0.937500000 0.260742188
vt 0.786132812 0.871093750
vt 0.784179688 0.871093750
vt 0.784179688 0.880859375
vt 0.786132812 0.880859375
vt 0.931640625 0.020507812
vt 0.937500000 0.020507812
vt 0.937500000 0.008789062
vt 0.931640625 0.008789062
vt 0.875000000 0.020507812
vt 0.880859375 0.020507812
vt 0.880859375 0.008789062
vt 0.875000000 0.008789062
vt 0.812500000 0.951171875
vt 0.875000000 0.951171875
vt 0.875000000 0.999023438
vt 0.812500000 0.999023438
vt 0.875000000 0.872070312
vt 0.937500000 0.872070312
vt 0.937500000 0.787109375
vt 0.875000000 0.787109375
vt 0.875000000 0.958984375
vt 0.937500000 0.958984375
vt 0.937500000 0.768554688
vt 0.875000000 0.768554688
vt 0.937500000 0.324218750
vt 0.875000000 0.324218750
vt 0.875000000 0.383789062
vt 0.937500000 0.383789062
vt 0.875000000 0.453125000
vt 0.937500000 0.453125000
vt 0.875000000 0.532226562
vt 0.937500000 0.532226562
vt 0.875000000 0.606445312
vt 0.937500000 0.606445312
vt 0.875000000 0.682617188
vt 0.937500000 0.682617188
vt 0.875000000 0.756835938
vt 0.937500000 0.756835938
vt 0.937500000 0.872070312
vt 0.875000000 0.872070312
vt 0.875000000 0.951171875
vt 0.875000000 0.999023438
vt 0.812500000 0.999023438
vt 0.812500000 0.951171875
vt 0.937500000 0.753906250
vt 0.875000000 0.753906250
vt 0.937500000 0.742187500
vt 0.875000000 0.742187500
vt 0.937500000 0.730468750
vt 0.875000000 0.730468750
vt 0.937500000 0.717773438
vt 0.875000000 0.717773438
vt 0.937500000 0.705078125
vt 0.875000000 0.705078125
vt 0.937500000 0.612304688
vt 0.875000000 0.612304688
vt 0.937500000 0.450195312
vt 0.875000000 0.450195312
vt 0.937500000 0.282226562
vt 0.875000000 0.282226562
vt 0.875000000 0.960937500
vt 0.937500000 0.960937500
vt 0.937500000 0.885742188
vt 0.875000000 0.885742188
vt 0.931640625 0.990234375
vt 0.937500000 0.990234375
vt 0.880859375 0.990234375
vt 0.875000000 0.990234375
vt 0.937500000 0.313476562
vt 0.875000000 0.313476562
vt 0.764648438 0.285156250
vt 0.782226562 0.285156250
vt 0.782226562 0.274414062
vt 0.764648438 0.274414062
vt 0.764648438 0.316406250
vt 0.782226562 0.316406250
vt 0.782226562 0.297851562
vt 0.764648438 0.297851562
vt 0.764648438 0.242187500
vt 0.782226562 0.242187500
vt 0.782226562 0.069335938
vt 0.764648438 0.069335938
vt 0.764648438 0.328125000
vt 0.782226562 0.328125000
vt 0.782226562 0.250976562
vt 0.797851562 0.250976562
vt 0.797851562 0.242187500
vt 0.782226562 0.242187500
vt 0.782226562 0.297851562
vt 0.797851562 0.297851562
vt 0.797851562 0.285156250
vt 0.782226562 0.285156250
vt 0.782226562 0.328125000
vt 0.797851562 0.328125000
vt 0.797851562 0.316406250
vt 0.782226562 0.316406250
vt 0.764648438 0.250976562
vt 0.782226562 0.250976562
vt 0.797851562 0.069335938
vt 0.782226562 0.069335938
vt 0.782226562 0.340820312
vt 0.797851562 0.340820312
vt 0.782226562 0.625976562
vt 0.797851562 0.625976562
vt 0.797851562 0.366210938
vt 0.782226562 0.366210938
vt 0.797851562 0.353515625
vt 0.782226562 0.353515625
vt 0.782226562 0.266601562
vt 0.797851562 0.266601562
vt 0.797851562 0.254882812
vt 0.782226562 0.254882812
vt 0.797851562 0.241210938
vt 0.782226562 0.241210938
vt 0.764648438 0.366210938
vt 0.782226562 0.366210938
vt 0.782226562 0.353515625
vt 0.764648438 0.353515625
vt 0.764648438 0.340820312
vt 0.782226562 0.340820312
vt 0.764648438 0.266601562
vt 0.782226562 0.266601562
vt 0.782226562 0.254882812
vt 0.764648438 0.254882812
vt 0.782226562 0.241210938
vt 0.764648438 0.241210938
vt 0.764648438 0.266601562
vt 0.782226562 0.266601562
vt 0.782226562 0.258789062
vt 0.764648438 0.258789062
vt 0.797851562 0.258789062
vt 0.782226562 0.258789062
vt 0.797851562 0.274414062
vt 0.782226562 0.274414062
vt 0.782226562 0.266601562
vt 0.797851562 0.266601562
vt 0.797851562 0.070312500
vt 0.782226562 0.070312500
vt 0.782226562 0.070312500
vt 0.764648438 0.070312500
vt 0.797851562 0.625976562
vt 0.782226562 0.625976562
vt 0.782226562 0.625976562
vt 0.764648438 0.625976562
vt 0.950195312 0.347656250
vt 0.937500000 0.347656250
vt 0.937500000 0.357421875
vt 0.950195312 0.357421875
vt 0.950195312 0.333007812
vt 0.937500000 0.333007812
vt 0.950195312 0.316406250
vt 0.937500000 0.319335938
vt 0.950195312 0.287109375
vt 0.937500000 0.287109375
vt 0.950195312 0.219726562
vt 0.937500000 0.219726562
vt 0.950195312 0.147460938
vt 0.937500000 0.147460938
vt 0.950195312 0.072265625
vt 0.937500000 0.072265625
vt 0.950195312 0.657226562
vt 0.937500000 0.657226562
vt 0.937500000 0.706054688
vt 0.950195312 0.706054688
vt 0.937500000 0.762695312
vt 0.950195312 0.762695312
vt 0.937500000 0.824218750
vt 0.950195312 0.824218750
vt 0.937500000 0.888671875
vt 0.950195312 0.888671875
vt 0.937500000 0.367187500
vt 0.950195312 0.367187500
vt 0.937500000 0.377929688
vt 0.950195312 0.377929688
vt 0.950195312 0.455078125
vt 0.937500000 0.455078125
vt 0.937500000 0.485351562
vt 0.950195312 0.485351562
vt 0.950195312 0.424804688
vt 0.937500000 0.424804688
vt 0.950195312 0.397460938
vt 0.937500000 0.397460938
vt 0.950195312 0.540039062
vt 0.937500000 0.540039062
vt 0.937500000 0.567382812
vt 0.950195312 0.567382812
vt 0.950195312 0.513671875
vt 0.937500000 0.513671875
vt 0.950195312 0.590820312
vt 0.937500000 0.590820312
vt 0.937500000 0.625976562
vt 0.950195312 0.625976562
vt 0.937500000 0.359375000
vt 1.000000000 0.359375000
vt 1.000000000 0.367187500
vt 0.937500000 0.367187500
vt 0.937500000 0.335937500
vt 1.000000000 0.335937500
vt 1.000000000 0.343750000
vt 0.937500000 0.343750000
vt 1.000000000 0.351562500
vt 0.937500000 0.351562500
vt 0.937500000 0.328125000
vt 1.000000000 0.328125000
vt 0.937500000 0.000000000
vt 1.000000000 0.000000000
vt 0.947265625 0.136718750
vt 0.947265625 0.136718750
vt 0.991210938 0.136718750
vt 0.991210938 0.136718750
vt 0.947265625 0.136718750
vt 0.947265625 0.136718750
vt 0.991210938 0.136718750
vt 0.991210938 0.136718750
vt 0.947265625 0.136718750
vt 0.991210938 0.136718750
vt 0.947265625 0.136718750
vt 0.991210938 0.136718750
vt 0.947265625 0.136718750
vt 0.947265625 0.136718750
vt 0.991210938 0.136718750
vt 0.991210938 0.136718750
vt 0.947265625 0.136718750
vt 0.947265625 0.136718750
vt 0.993164062 0.136718750
vt 0.993164062 0.136718750
vt 0.947265625 0.136718750
vt 0.991210938 0.136718750
vt 0.947265625 0.136718750
vt 0.991210938 0.136718750
vt 0.947265625 0.348632812
vt 0.947265625 0.136718750
vt 0.991210938 0.136718750
vt 0.991210938 0.348632812
vt 1.000000000 0.136718750
vt 1.000000000 0.136718750
vt 1.000000000 0.136718750
vt 1.000000000 0.136718750
vt 1.000000000 0.136718750
vt 1.000000000 0.136718750
vt 1.000000000 0.375000000
vt 1.000000000 0.136718750
vt 1.000000000 0.136718750
vt 1.000000000 0.136718750
vt 1.000000000 0.136718750
vt 1.000000000 0.136718750
vt 1.000000000 0.136718750
vt 0.937500000 0.375000000
vt 0.937500000 0.136718750
vt 1.000000000 0.136718750
vt 1.000000000 0.136718750
vt 0.937500000 0.136718750
vt 0.937500000 0.136718750
vt 0.937500000 0.136718750
vt 0.937500000 0.136718750
vt 0.937500000 0.136718750
vt 0.937500000 0.136718750
vt 0.937500000 0.136718750
vt 0.937500000 0.136718750
vt 0.937500000 0.136718750
vt 0.937500000 0.136718750
vt 0.937500000 0.136718750
vt 0.937500000 0.136718750
vt 0.937500000 0.136718750
vt 1.000000000 0.136718750
vt 0.875000000 0.457031250
vt 0.937500000 0.457031250
vt 0.937500000 0.449218750
vt 0.875000000 0.449218750
vt 0.875000000 0.554687500
vt 0.812500000 0.554687500
vt 0.812500000 0.558593750
vt 0.875000000 0.558593750
vt 0.812500000 0.566406250
vt 0.875000000 0.566406250
vt 0.812500000 0.570312500
vt 0.875000000 0.570312500
vt 0.875000000 0.550781250
vt 0.812500000 0.550781250
vt 0.875000000 0.410156250
vt 0.812500000 0.410156250
vt 0.812500000 0.421875000
vt 0.875000000 0.421875000
vt 0.875000000 0.398437500
vt 0.812500000 0.398437500
vt 0.875000000 0.382812500
vt 0.812500000 0.382812500
vt 0.875000000 0.429687500
vt 0.812500000 0.429687500
vt 0.812500000 0.429687500
vt 0.875000000 0.429687500
vt 0.875000000 0.425781250
vt 0.812500000 0.425781250
vt 0.812500000 0.429687500
vt 0.875000000 0.429687500
vt 0.875000000 0.441406250
vt 0.812500000 0.441406250
vt 0.812500000 0.449218750
vt 0.875000000 0.449218750
vt 0.875000000 0.519531250
vt 0.812500000 0.519531250
vt 0.812500000 0.531250000
vt 0.875000000 0.531250000
vt 0.812500000 0.457031250
vt 0.875000000 0.457031250
vt 0.875000000 0.437500000
vt 0.812500000 0.437500000
vt 0.875000000 0.492187500
vt 0.812500000 0.492187500
vt 0.812500000 0.503906250
vt 0.875000000 0.503906250
vt 0.812500000 0.542968750
vt 0.875000000 0.542968750
vt 0.875000000 0.433593750
vt 0.812500000 0.433593750
vt 0.812500000 0.472656250
vt 0.875000000 0.472656250
vt 0.812500000 0.578125000
vt 0.875000000 0.578125000
vt 0.875000000 0.558593750
vt 0.937500000 0.558593750
vt 0.937500000 0.554687500
vt 0.875000000 0.554687500
vt 0.875000000 0.441406250
vt 0.937500000 0.441406250
vt 0.937500000 0.437500000
vt 0.875000000 0.437500000
vt 0.875000000 0.566406250
vt 0.937500000 0.566406250
vt 0.875000000 0.503906250
vt 0.937500000 0.503906250
vt 0.937500000 0.492187500
vt 0.875000000 0.492187500
vt 0.875000000 0.570312500
vt 0.937500000 0.570312500
vt 0.875000000 0.542968750
vt 0.937500000 0.542968750
vt 0.937500000 0.531250000
vt 0.875000000 0.531250000
vt 0.937500000 0.550781250
vt 0.875000000 0.550781250
vt 0.875000000 0.519531250
vt 0.937500000 0.519531250
vt 0.875000000 0.421875000
vt 0.937500000 0.421875000
vt 0.937500000 0.410156250
vt 0.875000000 0.410156250
vt 0.937500000 0.433593750
vt 0.875000000 0.433593750
vt 0.937500000 0.398437500
vt 0.875000000 0.398437500
vt 0.875000000 0.472656250
vt 0.937500000 0.472656250
vt 0.937500000 0.382812500
vt 0.875000000 0.382812500
vt 0.875000000 0.429687500
vt 0.937500000 0.429687500
vt 0.937500000 0.429687500
vt 0.875000000 0.429687500
vt 0.937500000 0.425781250
vt 0.875000000 0.425781250
vt 0.937500000 0.429687500
vt 0.875000000 0.429687500
vt 0.875000000 0.578125000
vt 0.937500000 0.578125000
vt 0.812500000 0.589843750
vt 0.875000000 0.589843750
vt 0.937500000 0.371093750
vt 0.875000000 0.371093750
vt 0.812500000 0.371093750
vt 0.875000000 0.371093750
vt 0.937500000 0.589843750
vt 0.875000000 0.589843750
vt 0.987304688 0.625976562
vt 0.987304688 0.657226562
vt 1.000000000 0.657226562
vt 1.000000000 0.625976562
vt 1.000000000 0.567382812
vt 0.987304688 0.567382812
vt 0.987304688 0.590820312
vt 1.000000000 0.590820312
vt 1.000000000 0.485351562
vt 0.987304688 0.485351562
vt 0.987304688 0.513671875
vt 1.000000000 0.513671875
vt 0.987304688 0.540039062
vt 1.000000000 0.540039062
vt 1.000000000 0.377929688
vt 0.987304688 0.377929688
vt 0.987304688 0.397460938
vt 1.000000000 0.397460938
vt 0.987304688 0.424804688
vt 1.000000000 0.424804688
vt 0.987304688 0.455078125
vt 1.000000000 0.455078125
vt 1.000000000 0.367187500
vt 0.987304688 0.367187500
vt 1.000000000 0.357421875
vt 0.987304688 0.357421875
vt 1.000000000 0.888671875
vt 0.987304688 0.888671875
vt 1.000000000 0.824218750
vt 0.987304688 0.824218750
vt 1.000000000 0.762695312
vt 0.987304688 0.762695312
vt 1.000000000 0.706054688
vt 0.987304688 0.706054688
vt 0.987304688 0.072265625
vt 1.000000000 0.072265625
vt 0.987304688 0.147460938
vt 1.000000000 0.147460938
vt 0.987304688 0.219726562
vt 1.000000000 0.219726562
vt 0.987304688 0.287109375
vt 1.000000000 0.287109375
vt 0.987304688 0.306640625
vt 1.000000000 0.303710938
vt 0.987304688 0.333007812
vt 1.000000000 0.333007812
vt 0.987304688 0.347656250
vt 1.000000000 0.347656250
vt 0.764648438 0.625976562
vt 0.782226562 0.625976562
vt 0.783203125 0.769531250
vt 0.784179688 0.768554688
vt 0.785156250 0.777343750
vt 0.783203125 0.778320312
vt 0.786132812 0.782226562
vt 0.784179688 0.784179688
vt 0.784179688 0.775390625
vt 0.786132812 0.773437500
vt 0.784179688 0.222656250
vt 0.784179688 0.203125000
vt 0.784179688 0.203125000
vt 0.784179688 0.222656250
vt 1.000000000 0.032226562
vt 1.000000000 0.000000000
vt 0.937500000 0.000000000
vt 0.937500000 0.029296875
vt 0.937500000 0.033203125
vt 1.000000000 0.037109375
vt 0.937500000 0.965820312
vt 0.937500000 1.000000000
vt 1.000000000 1.000000000
vt 1.000000000 0.965820312
vt 1.000000000 0.692382812
vt 0.937500000 0.692382812
vt 0.937500000 0.709960938
vt 1.000000000 0.709960938
vt 1.000000000 0.678710938
vt 0.937500000 0.678710938
vt 1.000000000 0.668945312
vt 0.937500000 0.668945312
vt 0.937500000 0.038085938
vt 1.000000000 0.041992188
vt 0.937500000 0.059570312
vt 1.000000000 0.059570312
vt 1.000000000 0.037109375
vt 0.937500000 0.037109375
vt 0.937500000 0.190429688
vt 1.000000000 0.190429688
vt 0.937500000 0.393554688
vt 1.000000000 0.393554688
vt 0.937500000 0.626953125
vt 1.000000000 0.626953125
vt 0.937500000 0.644531250
vt 1.000000000 0.644531250
vt 1.000000000 0.658203125
vt 0.937500000 0.658203125
vt 1.000000000 1.000000000
vt 1.000000000 1.000000000
vt 1.000000000 1.000000000
vt 1.000000000 1.000000000
vt 0.784179688 0.222656250
vt 0.784179688 0.203125000
vt 0.784179688 0.203125000
vt 0.784179688 0.222656250
vt 1.000000000 1.000000000
vt 1.000000000 1.000000000
vt 1.000000000 1.000000000
vt 1.000000000 1.000000000
vt 1.000000000 1.000000000
vt 1.000000000 1.000000000
vt 1.000000000 1.000000000
vt 1.000000000 1.000000000
vt 0.937500000 0.235351562
vt 1.000000000 0.235351562
vt 1.000000000 0.209960938
vt 0.937500000 0.209960938
vt 1.000000000 0.160156250
vt 0.937500000 0.160156250
vt 1.000000000 0.116210938
vt 0.937500000 0.116210938
vt 0.937500000 0.254882812
vt 1.000000000 0.254882812
vt 0.937500000 0.463867188
vt 1.000000000 0.463867188
vt 1.000000000 0.376953125
vt 0.937500000 0.376953125
vt 0.937500000 0.664062500
vt 1.000000000 0.664062500
vt 1.000000000 0.564453125
vt 0.937500000 0.564453125
vt 1.000000000 0.297851562
vt 0.937500000 0.297851562
vt 1.000000000 0.060546875
vt 0.937500000 0.060546875
vt 0.937500000 0.037109375
vt 1.000000000 0.037109375
vt 1.000000000 0.000000000
vt 0.937500000 0.000000000
vt 0.937500000 0.684570312
vt 1.000000000 0.684570312
vt 0.937500000 0.961914062
vt 1.000000000 0.961914062
vt 1.000000000 0.673828125
vt 0.937500000 0.673828125
vt 0.812500000 0.983398438
vt 0.875000000 0.983398438
vt 0.875000000 0.000000000
vt 0.812500000 0.000000000
vt 0.937500000 0.404296875
vt 1.000000000 0.404296875
vt 1.000000000 0.325195312
vt 0.937500000 0.325195312
vt 0.937500000 0.978515625
vt 1.000000000 0.978515625
vt 0.937500000 0.513671875
vt 1.000000000 0.513671875
vt 0.784179688 0.222656250
vt 0.784179688 0.203125000
vt 0.784179688 0.203125000
vt 0.784179688 0.222656250
vt 1.000000000 1.000000000
vt 1.000000000 1.000000000
vt 0.784179688 0.222656250
vt 0.784179688 0.203125000
vt 0.784179688 0.203125000
vt 0.784179688 0.222656250
vt 1.000000000 1.000000000
vt 1.000000000 1.000000000
vt 1.000000000 1.000000000
vt 1.000000000 1.000000000
vt 1.000000000 1.000000000
vt 1.000000000 1.000000000
vt 0.784179688 0.222656250
vt 0.784179688 0.203125000
vt 1.000000000 1.000000000
vt 1.000000000 1.000000000
vt 0.784179688 0.222656250
vt 0.784179688 0.203125000
vt 1.000000000 1.000000000
vt 1.000000000 1.000000000
vt 1.000000000 1.000000000
vt 1.000000000 1.000000000
vt 1.000000000 1.000000000
vt 1.000000000 1.000000000
vt 1.000000000 1.000000000
vt 1.000000000 1.000000000
vt 1.000000000 1.000000000
vt 1.000000000 1.000000000
vt 1.000000000 1.000000000
vt 1.000000000 1.000000000
vt 1.000000000 1.000000000
vt 1.000000000 1.000000000
vt 0.784179688 0.203125000
vt 0.784179688 0.222656250
vt 1.000000000 1.000000000
vt 1.000000000 1.000000000
vt 1.000000000 1.000000000
vt 1.000000000 1.000000000
vt 1.000000000 1.000000000
vt 1.000000000 1.000000000
vt 1.000000000 1.000000000
vt 1.000000000 1.000000000
vt 1.000000000 1.000000000
vt 1.000000000 1.000000000
vt 1.000000000 1.000000000
vt 1.000000000 1.000000000
vt 1.000000000 1.000000000
vt 1.000000000 1.000000000
vt 0.784179688 0.222656250
vt 0.784179688 0.203125000
vt 0.784179688 0.203125000
vt 0.784179688 0.222656250
vt 0.937500000 0.019531250
vt 1.000000000 0.019531250
vt 1.000000000 0.000000000
vt 0.937500000 0.000000000
vt 0.784179688 0.222656250
vt 0.784179688 0.203125000
vt 1.000000000 1.000000000
vt 1.000000000 1.000000000
vt 1.000000000 1.000000000
vt 1.000000000 1.000000000
vt 0.784179688 0.203125000
vt 0.784179688 0.222656250
vt 1.000000000 1.000000000
vt 1.000000000 1.000000000
vt 1.000000000 1.000000000
vt 1.000000000 1.000000000
vt 1.000000000 1.000000000
vt 1.000000000 1.000000000
vt 1.000000000 1.000000000
vt 1.000000000 1.000000000
vt 1.000000000 1.000000000
vt 1.000000000 1.000000000
vt 0.145507812 0.479492188
vt 0.145507812 0.479492188
vt 0.145507812 0.478515625
vt 0.145507812 0.478515625
vt 1.000000000 1.000000000
vt 1.000000000 1.000000000
vt 1.000000000 1.000000000
vt 1.000000000 1.000000000
vt 0.151367188 0.464843750
vt 0.151367188 0.464843750
vt 1.000000000 1.000000000
vt 1.000000000 1.000000000
vt 0.784179688 0.203125000
vt 0.784179688 0.222656250
vt 1.000000000 1.000000000
vt 1.000000000 1.000000000
vt 1.000000000 1.000000000
vt 1.000000000 1.000000000
vt 1.000000000 1.000000000
vt 1.000000000 1.000000000
vt 1.000000000 1.000000000
vt 1.000000000 1.000000000
vt 1.000000000 1.000000000
vt 1.000000000 1.000000000
vt 1.000000000 1.000000000
vt 1.000000000 1.000000000
vt 0.937500000 0.575195312
vt 1.000000000 0.575195312
vt 1.000000000 0.635742188
vt 0.937500000 0.635742188
vt 1.000000000 1.000000000
vt 1.000000000 1.000000000
vt 1.000000000 1.000000000
vt 1.000000000 1.000000000
vt 0.937500000 1.000000000
vt 1.000000000 1.000000000
vt 0.812500000 1.000000000
vt 0.875000000 1.000000000
vt 0.937500000 1.000000000
vt 1.000000000 1.000000000
vt 1.000000000 1.000000000
vt 1.000000000 1.000000000
vt 0.937550306 0.450683594
vt 0.875050306 0.450683594
vt 0.875050306 0.450683594
vt 0.937550306 0.450683594
vt 0.937550306 0.450683594
vt 0.875050306 0.450683594
vt 0.875050306 0.450683594
vt 0.937550306 0.450683594
vt 0.937550306 0.450683594
vt 0.875050306 0.450683594
vt 0.875050306 0.450683594
vt 0.937550306 0.450683594
vt 0.875050306 0.450683594
vt 0.937550306 0.450683594
vt 0.937550306 0.450683594
vt 0.875050306 0.450683594
vt 0.937550306 0.450683594
vt 0.875050306 0.450683594
vt 0.875050306 0.450683594
vt 0.937550306 0.450683594
vt 0.937550306 0.450683594
vt 0.875050306 0.450683594
vt 0.937550306 0.450683594
vt 0.875050306 0.450683594
vt 0.937550306 0.450683594
vt 0.875050306 0.450683594
vt 0.937550306 0.450683594
vt 0.875050306 0.450683594
vt 0.937550306 0.450683594
vt 0.875050306 0.450683594
vt 0.875050306 0.450683594
vt 0.937550306 0.450683594
vt 0.937550306 0.450683594
vt 0.875050306 0.450683594
vt 0.875050306 0.450683594
vt 0.937550306 0.450683594
vt 0.937550306 0.450683594
vt 0.875050306 0.450683594
vt 0.937550306 0.450683594
vt 0.875050306 0.450683594
vt 0.937550306 0.450683594
vt 0.875050306 0.450683594
vt 0.875050306 0.450683594
vt 0.937550306 0.450683594
vt 0.937550306 0.450683594
vt 0.875050306 0.450683594
vt 0.875050306 0.450683594
vt 0.937550306 0.450683594
vt 0.875050306 0.450683594
vt 0.937550306 0.450683594
vt 0.875050306 0.450683594
vt 0.937550306 0.450683594
vt 0.937550306 0.450683594
vt 0.875050306 0.450683594
vt 0.937550306 0.450683594
vt 0.875050306 0.450683594
vt 0.937550306 0.450683594
vt 0.875050306 0.450683594
vt 0.937550306 0.450683594
vt 0.875050306 0.450683594
vt 0.875050306 0.450683594
vt 0.937550306 0.450683594
vt 0.937550306 0.450683594
vt 0.875050306 0.450683594
vt 0.875050306 0.450683594
vt 0.937550306 0.450683594
vt 0.875050306 0.450683594
vt 0.937550306 0.450683594
vt 0.875050306 0.450683594
vt 0.937550306 0.450683594
vt 0.937550306 0.450683594
vt 0.875050306 0.450683594
vt 0.875050306 0.450683594
vt 0.937550306 0.450683594
vt 0.875050306 0.450683594
vt 0.937550306 0.450683594
vt 0.937550306 0.450683594
vt 0.875050306 0.450683594
vt 0.875050306 0.450683594
vt 0.937550306 0.450683594
vt 0.937550306 0.450683594
vt 0.875050306 0.450683594
vt 0.937550306 0.450683594
vt 0.875050306 0.450683594
vt 0.875050306 0.450683594
vt 0.937550306 0.450683594
vt 0.937550306 0.450683594
vt 0.875050306 0.450683594
vt 0.937550306 0.450683594
vt 0.875050306 0.450683594
vt 0.937550306 0.450683594
vt 0.875050306 0.450683594
vt 0.875050306 0.450683594
vt 0.937550306 0.450683594
vt 0.937550306 0.450683594
vt 0.875050306 0.450683594
vt 0.937550306 0.450683594
vt 0.875050306 0.450683594
vt 0.875050306 0.450683594
vt 0.937550306 0.450683594
vt 0.875050306 0.450683594
vt 0.937550306 0.450683594
vt 0.937550306 0.450683594
vt 0.875050306 0.450683594
vt 0.875050306 0.450683594
vt 0.937550306 0.450683594
vt 0.937550306 0.450683594
vt 0.875050306 0.450683594
vt 0.875050306 0.450683594
vt 0.937550306 0.450683594
vt 0.937550306 0.450683594
vt 0.875050306 0.450683594
vt 0.937550306 0.450683594
vt 0.875050306 0.450683594
vt 0.937550306 0.450683594
vt 0.875050306 0.450683594
vt 0.937550306 0.450683594
vt 0.875050306 0.450683594
vt 0.875050306 0.450683594
vt 0.937550306 0.450683594
vt 0.937550306 0.450683594
vt 0.875050306 0.450683594
vt 0.937550306 0.450683594
vt 0.875050306 0.450683594
vt 0.937550306 0.450683594
vt 0.875050306 0.450683594
vt 0.875050306 0.450683594
vt 0.937550306 0.450683594
vt 0.937550306 0.450683594
vt 0.875050306 0.450683594
vt 0.875050306 0.450683594
vt 0.937550306 0.450683594
vt 0.937550306 0.450683594
vt 0.875050306 0.450683594
vt 0.875050306 0.450683594
vt 0.937550306 0.450683594
vt 0.937550306 0.450683594
vt 0.875050306 0.450683594
vt 0.937550306 0.450683594
vt 0.875050306 0.450683594
vt 0.937550306 0.450683594
vt 0.875050306 0.450683594
vt 0.937550306 0.450683594
vt 0.875050306 0.450683594
vt 0.875050306 0.450683594
vt 0.937550306 0.450683594
vt 0.937550306 0.450683594
vt 0.875050306 0.450683594
vt 0.875050306 0.450683594
vt 0.937550306 0.450683594
vt 0.875050306 0.450683594
vt 0.937550306 0.450683594
vt 0.937550306 0.450683594
vt 0.875050306 0.450683594
vt 0.875050306 0.450683594
vt 0.937550306 0.450683594
vt 0.937550306 0.450683594
vt 0.875050306 0.450683594
vt 0.875050306 0.450683594
vt 0.937550306 0.450683594
vt 0.937550306 0.450683594
vt 0.875050306 0.450683594
vt 0.875050306 0.450683594
vt 0.937550306 0.450683594
vt 0.937550306 0.450683594
vt 0.875050306 0.450683594
vt 0.937550306 0.450683594
vt 0.875050306 0.450683594
vt 0.875050306 0.450683594
vt 0.937550306 0.450683594
vt 0.937550306 0.450683594
vt 0.875050306 0.450683594
vt 0.875050306 0.450683594
vt 0.937550306 0.450683594
vt 0.937550306 0.450683594
vt 0.875050306 0.450683594
vt 0.875050306 0.450683594
vt 0.937550306 0.450683594
vt 0.937550306 0.450683594
vt 0.875050306 0.450683594
vt 0.875050306 0.450683594
vt 0.937550306 0.450683594
vt 0.937550306 0.450683594
vt 0.875050306 0.450683594
vt 0.875050306 0.450683594
vt 0.937550306 0.450683594
vt 0.937550306 0.450683594
vt 0.875050306 0.450683594
vt 0.875050306 0.450683594
vt 0.937550306 0.450683594
vt 0.875050306 0.450683594
vt 0.937550306 0.450683594
vt 0.937550306 0.450683594
vt 0.875050306 0.450683594
vt 0.875050306 0.450683594
vt 0.937550306 0.450683594
vt 0.937550306 0.450683594
vt 0.875050306 0.450683594
vt 0.875050306 0.450683594
vt 0.937550306 0.450683594
vt 0.937550306 0.450683594
vt 0.875050306 0.450683594
vt 0.937550306 0.450683594
vt 0.875050306 0.450683594
vt 0.937550306 0.450683594
vt 0.875050306 0.450683594
vt 0.937550306 0.450683594
vt 0.875050306 0.450683594
vt 0.937550306 0.450683594
vt 0.875050306 0.450683594
vt 0.875050306 0.450683594
vt 0.937550306 0.450683594
vt 0.937550306 0.450683594
vt 0.875050306 0.450683594
vt 0.937550306 0.450683594
vt 0.875050306 0.450683594
vt 0.875050306 0.450683594
vt 0.937550306 0.450683594
vt 0.937550306 0.450683594
vt 0.875050306 0.450683594
vt 0.937550306 0.450683594
vt 0.875050306 0.450683594
vt 0.875050306 0.450683594
vt 0.937550306 0.450683594
vt 0.937550306 0.450683594
vt 0.875050306 0.450683594
vt 0.937550306 0.450683594
vt 0.875050306 0.450683594
vt 0.875050306 0.450683594
vt 0.875050306 0.450683594
vt 0.875050306 0.450683594
vt 0.875050306 0.450683594
vt 0.875050306 0.450683594
vt 0.875050306 0.450683594
vt 0.875050306 0.450683594
vt 0.875050306 0.450683594
vt 0.875050306 0.450683594
vt 0.875050306 0.450683594
vt 0.875050306 0.450683594
vt 0.875050306 0.450683594
vt 0.875050306 0.450683594
vt 0.875050306 0.450683594
vt 0.875050306 0.450683594
vt 0.875050306 0.450683594
vt 0.875050306 0.450683594
vt 0.875050306 0.450683594
vt 0.875050306 0.450683594
vt 0.875050306 0.450683594
vt 0.875050306 0.450683594
vt 0.875050306 0.450683594
vt 0.875050306 0.450683594
vt 0.875050306 0.450683594
vt 0.875050306 0.450683594
vt 0.875050306 0.450683594
vt 0.875050306 0.450683594
vt 0.875050306 0.450683594
vt 0.875050306 0.450683594
vt 0.875050306 0.450683594
vt 0.875050306 0.450683594
vt 0.875050306 1.000000000
vt 0.875050306 1.000000000
vt 0.875050306 0.450683594
vt 0.937550306 0.450683594
vt 0.875050306 0.450683594
vt 0.937550306 0.450683594
vt 0.937550306 0.450683594
vt 0.875050306 0.450683594
vt 0.875050306 0.450683594
vt 0.937550306 0.450683594
vt 0.875050306 0.450683594
vt 0.875050306 1.000000000
vt 0.875050306 1.000000000
vt 0.875050306 1.000000000
vt 0.875050306 1.000000000
vt 0.875050306 1.000000000
vt 0.875050306 1.000000000
vt 0.875050306 1.000000000
vt 0.875050306 1.000000000
vt 0.875976562 0.460937500
vt 0.875976562 0.437500000
vt 0.937500000 0.437500000
vt 0.937500000 0.460937500
vt 0.875976562 0.335937500
vt 0.937500000 0.335937500
vt 0.937500000 0.375000000
vt 0.875976562 0.375000000
vt 0.875976562 0.999023438
vt 0.937500000 0.999023438
vt 0.937500000 0.406250000
vt 0.875976562 0.406250000
vt 0.875976562 0.335937500
vt 0.937500000 0.335937500
vt 0.937500000 0.414062500
vt 0.875976562 0.414062500
vt 0.875976562 0.484375000
vt 0.937500000 0.484375000
vt 0.875976562 0.273437500
vt 0.937500000 0.273437500
vt 0.875976562 0.000000000
vt 0.937500000 0.000000000
vt 0.875976562 0.554687500
vt 0.937500000 0.554687500
vt 0.875976562 0.632812500
vt 0.875976562 0.609375000
vt 0.937500000 0.609375000
vt 0.937500000 0.632812500
vt 0.875976562 0.578125000
vt 0.937500000 0.578125000
vt 0.875976562 0.999023438
vt 0.937500000 0.999023438
vt 0.875976562 0.296875000
vt 0.937500000 0.296875000
vt 0.881835938 0.678710938
vt 0.931640625 0.678710938
vt 0.931640625 0.749023438
vt 0.881835938 0.749023438
vt 0.881835938 0.593750000
vt 0.931640625 0.593750000
vt 0.881835938 0.320312500
vt 0.931640625 0.320312500
vt 0.931640625 0.351562500
vt 0.881835938 0.351562500
vt 0.881835938 0.229492188
vt 0.931640625 0.230468750
vt 0.931640625 0.265625000
vt 0.881835938 0.265625000
vt 0.881835938 0.289062500
vt 0.931640625 0.289062500
vt 0.931640625 0.421875000
vt 0.881835938 0.421875000
vt 0.881835938 0.578125000
vt 0.931640625 0.578125000
vt 0.931640625 0.670898438
vt 0.881835938 0.670898438
vt 0.931640625 0.500000000
vt 0.881835938 0.500000000
vt 0.881835938 0.320312500
vt 0.931640625 0.320312500
vt 0.931640625 0.390625000
vt 0.881835938 0.390625000
vt 0.881835938 0.484375000
vt 0.931640625 0.484375000
vt 0.881835938 0.171875000
vt 0.931640625 0.171875000
vt 0.931640625 0.242187500
vt 0.881835938 0.242187500
vt 0.875976562 0.335937500
vt 0.875976562 0.375000000
vt 0.883789062 0.375000000
vt 0.883789062 0.335937500
vt 0.937500000 0.999023438
vt 0.937500000 0.632812500
vt 0.929687500 0.632812500
vt 0.929687500 0.989257812
vt 0.875976562 0.296875000
vt 0.883789062 0.296875000
vt 0.937500000 0.609375000
vt 0.929687500 0.609375000
vt 0.875976562 0.632812500
vt 0.875976562 0.999023438
vt 0.883789062 0.989257812
vt 0.883789062 0.632812500
vt 0.937500000 0.335937500
vt 0.937500000 0.000000000
vt 0.929687500 0.031250000
vt 0.929687500 0.335937500
vt 0.875976562 0.609375000
vt 0.883789062 0.609375000
vt 0.937500000 0.296875000
vt 0.937500000 0.273437500
vt 0.929687500 0.273437500
vt 0.929687500 0.296875000
vt 0.937500000 0.484375000
vt 0.937500000 0.414062500
vt 0.929687500 0.414062500
vt 0.929687500 0.484375000
vt 0.875976562 0.999023438
vt 0.937500000 0.999023438
vt 0.929687500 0.975585938
vt 0.883789062 0.975585938
vt 0.875976562 0.000000000
vt 0.875976562 0.335937500
vt 0.883789062 0.335937500
vt 0.883789062 0.031250000
vt 0.875976562 0.273437500
vt 0.883789062 0.273437500
vt 0.875976562 0.414062500
vt 0.875976562 0.484375000
vt 0.883789062 0.484375000
vt 0.883789062 0.414062500
vt 0.875976562 0.999023438
vt 0.937500000 0.999023438
vt 0.929687500 0.989257812
vt 0.883789062 0.989257812
vt 0.937500000 0.999023438
vt 0.937500000 0.460937500
vt 0.929687500 0.460937500
vt 0.929687500 0.975585938
vt 0.937500000 0.437500000
vt 0.929687500 0.437500000
vt 0.875976562 0.460937500
vt 0.875976562 0.999023438
vt 0.883789062 0.975585938
vt 0.883789062 0.460937500
vt 0.937500000 0.578125000
vt 0.937500000 0.554687500
vt 0.929687500 0.554687500
vt 0.929687500 0.578125000
vt 0.875976562 0.437500000
vt 0.883789062 0.437500000
vt 0.875976562 0.554687500
vt 0.875976562 0.578125000
vt 0.883789062 0.578125000
vt 0.883789062 0.554687500
vt 0.937500000 0.406250000
vt 0.929687500 0.406250000
vt 0.937500000 0.000000000
vt 0.875976562 0.000000000
vt 0.883789062 0.031250000
vt 0.929687500 0.031250000
vt 0.937500000 0.375000000
vt 0.929687500 0.375000000
vt 0.875976562 0.406250000
vt 0.883789062 0.406250000
vt 0.937500000 0.335937500
vt 0.929687500 0.335937500
vt 0.875000000 0.000000000
vt 0.812500000 0.000000000
vt 0.812500000 0.664062500
vt 0.875000000 0.664062500
vt 0.812500000 1.000000000
vt 0.875000000 1.000000000
vt 0.875000000 0.000000000
vt 0.812500000 0.000000000
vt 0.812500000 0.664062500
vt 0.875000000 0.664062500
vt 0.812500000 1.000000000
vt 0.875000000 1.000000000
vt 0.937500000 0.372070312
vt 0.875000000 0.372070312
vt 0.875000000 0.466796875
vt 0.937500000 0.466796875
vt 0.937500000 0.244140625
vt 0.875000000 0.244140625
vt 0.937500000 0.110351562
vt 0.875000000 0.110351562
vt 0.937500000 0.539062500
vt 0.875000000 0.539062500
vt 0.875000000 0.543945312
vt 0.937500000 0.543945312
vt 0.937500000 0.521484375
vt 0.875000000 0.521484375
vt 0.875000000 0.548828125
vt 0.937500000 0.548828125
vt 0.937500000 0.882812500
vt 0.875000000 0.882812500
vt 0.875000000 1.000000000
vt 0.937500000 1.000000000
vt 0.875000000 0.563476562
vt 0.937500000 0.563476562
vt 0.875000000 0.575195312
vt 0.937500000 0.575195312
vt 0.875000000 0.030273438
vt 0.937500000 0.046875000
vt 0.937500000 0.000000000
vt 0.875000000 0.000000000
vt 0.812500000 0.320312500
vt 0.875000000 0.320312500
vt 0.875000000 0.147460938
vt 0.812500000 0.147460938
vt 0.812500000 0.584960938
vt 0.875000000 0.584960938
vt 0.812500000 0.031250000
vt 0.875000000 0.031250000
vt 0.875000000 0.022460938
vt 0.812500000 0.022460938
vt 0.812500000 0.062500000
vt 0.875000000 0.062500000
vt 0.875000000 0.015625000
vt 0.812500000 0.015625000
vt 0.875000000 0.000000000
vt 0.812500000 0.000000000
vt 0.812500000 0.617187500
vt 0.875000000 0.617187500
vt 0.875000000 0.617187500
vt 0.812500000 0.617187500
vt 0.937500000 0.912109375
vt 0.950195312 0.912109375
vt 0.950195312 0.925781250
vt 0.937500000 0.925781250
vt 1.000000000 0.798828125
vt 0.937500000 0.798828125
vt 0.937500000 0.821289062
vt 1.000000000 0.821289062
vt 1.000000000 0.841796875
vt 0.937500000 0.841796875
vt 0.937500000 0.856445312
vt 1.000000000 0.856445312
vt 1.000000000 0.500000000
vt 0.937500000 0.500000000
vt 0.937500000 0.510742188
vt 1.000000000 0.510742188
vt 1.000000000 0.729492188
vt 0.937500000 0.729492188
vt 0.937500000 0.752929688
vt 1.000000000 0.752929688
vt 1.000000000 0.880859375
vt 0.937500000 0.880859375
vt 0.937500000 0.891601562
vt 1.000000000 0.891601562
vt 0.937500000 0.523437500
vt 1.000000000 0.523437500
vt 1.000000000 0.703125000
vt 0.937500000 0.703125000
vt 0.937500000 0.869140625
vt 1.000000000 0.869140625
vt 1.000000000 0.526367188
vt 0.937500000 0.526367188
vt 0.937500000 0.536132812
vt 1.000000000 0.536132812
vt 1.000000000 0.572265625
vt 0.937500000 0.572265625
vt 0.937500000 0.591796875
vt 1.000000000 0.591796875
vt 0.937500000 0.545898438
vt 1.000000000 0.545898438
vt 1.000000000 0.554687500
vt 0.937500000 0.554687500
vt 1.000000000 0.795898438
vt 0.937500000 0.795898438
vt 0.937500000 0.810546875
vt 1.000000000 0.810546875
vt 1.000000000 0.865234375
vt 0.937500000 0.865234375
vt 0.937500000 0.874023438
vt 1.000000000 0.874023438
vt 1.000000000 0.489257812
vt 0.937500000 0.489257812
vt 0.937500000 0.826171875
vt 1.000000000 0.826171875
vt 0.937500000 0.884765625
vt 1.000000000 0.884765625
vt 1.000000000 0.461914062
vt 0.937500000 0.461914062
vt 0.937500000 0.469726562
vt 1.000000000 0.469726562
vt 1.000000000 0.538085938
vt 0.937500000 0.538085938
vt 0.937500000 0.556640625
vt 1.000000000 0.556640625
vt 0.937500000 0.568359375
vt 1.000000000 0.568359375
vt 1.000000000 0.488281250
vt 0.937500000 0.488281250
vt 0.937500000 0.497070312
vt 1.000000000 0.497070312
vt 1.000000000 0.841796875
vt 0.937500000 0.841796875
vt 0.937500000 0.855468750
vt 1.000000000 0.855468750
vt 0.937500000 0.506835938
vt 1.000000000 0.506835938
vt 1.000000000 0.735351562
vt 0.937500000 0.735351562
vt 0.937500000 0.750000000
vt 1.000000000 0.750000000
vt 0.937500000 0.765625000
vt 1.000000000 0.765625000
vt 0.937500000 0.780273438
vt 1.000000000 0.780273438
vt 1.000000000 0.705078125
vt 0.937500000 0.705078125
vt 0.937500000 0.720703125
vt 1.000000000 0.720703125
vt 0.937500000 0.899414062
vt 1.000000000 0.899414062
vt 1.000000000 0.912109375
vt 0.937500000 0.912109375
vt 0.937500000 0.925781250
vt 1.000000000 0.925781250
vt 0.937500000 0.583007812
vt 1.000000000 0.583007812
vt 0.937500000 0.478515625
vt 1.000000000 0.478515625
vt 0.937500000 0.599609375
vt 1.000000000 0.599609375
vt 0.937500000 0.618164062
vt 1.000000000 0.618164062
vt 0.937500000 0.636718750
vt 1.000000000 0.636718750
vt 1.000000000 0.674804688
vt 0.937500000 0.674804688
vt 1.000000000 0.670898438
vt 0.937500000 0.670898438
vt 0.937500000 0.688476562
vt 1.000000000 0.688476562
vt 1.000000000 0.645507812
vt 0.937500000 0.645507812
vt 0.937500000 0.516601562
vt 1.000000000 0.516601562
vt 1.000000000 0.776367188
vt 0.937500000 0.776367188
vt 0.937500000 0.654296875
vt 1.000000000 0.654296875
vt 0.937500000 0.617187500
vt 1.000000000 0.617187500
vt 0.937500000 0.536132812
vt 0.950195312 0.537109375
vt 0.950195312 0.545898438
vt 0.937500000 0.545898438
vt 0.937500000 0.645507812
vt 0.950195312 0.645507812
vt 0.950195312 0.674804688
vt 0.937500000 0.674804688
vt 0.987304688 0.674804688
vt 0.987304688 0.645507812
vt 0.950195312 0.526367188
vt 0.987304688 0.527343750
vt 0.987304688 0.537109375
vt 0.937500000 0.821289062
vt 0.950195312 0.821289062
vt 0.950195312 0.841796875
vt 0.937500000 0.841796875
vt 0.987304688 0.821289062
vt 0.987304688 0.841796875
vt 0.937500000 0.506835938
vt 0.950195312 0.507812500
vt 0.950195312 0.516601562
vt 0.937500000 0.516601562
vt 0.937500000 0.703125000
vt 0.950195312 0.703125000
vt 0.950195312 0.729492188
vt 0.937500000 0.729492188
vt 0.987304688 0.729492188
vt 0.987304688 0.703125000
vt 0.950195312 0.478515625
vt 0.987304688 0.478515625
vt 0.987304688 0.488281250
vt 0.950195312 0.488281250
vt 0.937500000 0.489257812
vt 0.950195312 0.489257812
vt 0.950195312 0.500000000
vt 0.937500000 0.500000000
vt 0.987304688 0.490234375
vt 0.987304688 0.500000000
vt 0.937500000 0.720703125
vt 0.950195312 0.720703125
vt 0.950195312 0.735351562
vt 0.937500000 0.735351562
vt 0.937500000 0.591796875
vt 0.950195312 0.591796875
vt 0.950195312 0.617187500
vt 0.937500000 0.617187500
vt 0.987304688 0.591796875
vt 0.987304688 0.617187500
vt 0.950195312 0.705078125
vt 0.987304688 0.705078125
vt 0.987304688 0.720703125
vt 0.987304688 0.461914062
vt 0.987304688 0.469726562
vt 0.950195312 0.469726562
vt 0.950195312 0.461914062
vt 0.987304688 0.568359375
vt 0.987304688 0.583007812
vt 0.987304688 0.599609375
vt 0.987304688 0.618164062
vt 0.987304688 0.636718750
vt 0.987304688 0.670898438
vt 0.987304688 0.688476562
vt 0.987304688 0.654296875
vt 0.987304688 0.827148438
vt 0.987304688 0.841796875
vt 0.987304688 0.856445312
vt 0.987304688 0.880859375
vt 0.987304688 0.892578125
vt 0.987304688 0.869140625
vt 0.987304688 0.795898438
vt 0.987304688 0.810546875
vt 0.987304688 0.545898438
vt 0.987304688 0.556640625
vt 0.987304688 0.497070312
vt 0.987304688 0.506835938
vt 0.987304688 0.735351562
vt 0.987304688 0.750976562
vt 0.987304688 0.765625000
vt 0.987304688 0.780273438
vt 0.987304688 0.516601562
vt 0.937500000 0.469726562
vt 0.937500000 0.461914062
vt 0.937500000 0.510742188
vt 0.950195312 0.510742188
vt 0.950195312 0.523437500
vt 0.937500000 0.523437500
vt 0.950195312 0.865234375
vt 0.987304688 0.865234375
vt 0.987304688 0.874023438
vt 0.950195312 0.875000000
vt 0.937500000 0.891601562
vt 0.950195312 0.892578125
vt 0.950195312 0.903320312
vt 0.937500000 0.903320312
vt 0.950195312 0.855468750
vt 0.937500000 0.855468750
vt 0.987304688 0.855468750
vt 0.987304688 0.892578125
vt 1.000000000 0.891601562
vt 1.000000000 0.903320312
vt 0.987304688 0.903320312
vt 0.987304688 0.926757812
vt 0.987304688 0.915039062
vt 1.000000000 0.915039062
vt 1.000000000 0.925781250
vt 1.000000000 0.946289062
vt 0.987304688 0.946289062
vt 1.000000000 0.966796875
vt 0.987304688 0.966796875
vt 0.950195312 0.925781250
vt 0.950195312 0.946289062
vt 0.937500000 0.899414062
vt 0.950195312 0.900390625
vt 0.987304688 0.451171875
vt 1.000000000 0.450195312
vt 1.000000000 0.461914062
vt 0.987304688 0.461914062
vt 0.987304688 0.439453125
vt 1.000000000 0.439453125
vt 0.937500000 0.891601562
vt 0.937500000 0.903320312
vt 1.000000000 0.903320312
vt 1.000000000 0.468750000
vt 0.937500000 0.468750000
vt 0.937500000 0.479492188
vt 1.000000000 0.479492188
vt 1.000000000 0.450195312
vt 0.937500000 0.450195312
vt 0.937500000 0.461914062
vt 1.000000000 0.438476562
vt 0.937500000 0.438476562
vt 0.937500000 0.458007812
vt 1.000000000 0.458007812
vt 1.000000000 0.423828125
vt 0.937500000 0.423828125
vt 0.937500000 0.439453125
vt 1.000000000 0.439453125
vt 1.000000000 0.925781250
vt 0.937500000 0.925781250
vt 0.937500000 0.946289062
vt 1.000000000 0.946289062
vt 1.000000000 0.418945312
vt 0.937500000 0.418945312
vt 1.000000000 0.915039062
vt 0.937500000 0.915039062
vt 0.937500000 0.966796875
vt 1.000000000 0.966796875
vt 1.000000000 0.925781250
vt 0.937500000 0.925781250
vt 0.937500000 0.929687500
vt 1.000000000 0.929687500
vt 0.937500000 0.935546875
vt 1.000000000 0.935546875
vt 0.937500000 0.945312500
vt 1.000000000 0.945312500
vt 0.937500000 0.489257812
vt 1.000000000 0.489257812
vt 0.937500000 0.956054688
vt 1.000000000 0.956054688
vt 0.987304688 0.423828125
vt 1.000000000 0.423828125
vt 0.950195312 0.966796875
vt 0.987304688 0.418945312
vt 1.000000000 0.418945312
vt 1.000000000 0.438476562
vt 0.987304688 0.438476562
vt 0.937500000 0.929687500
vt 0.950195312 0.929687500
vt 0.950195312 0.935546875
vt 0.937500000 0.935546875
vt 0.987304688 0.900390625
vt 0.987304688 0.912109375
vt 1.000000000 0.458007812
vt 0.987304688 0.458007812
vt 0.937500000 0.925781250
vt 0.937500000 0.946289062
vt 0.987304688 0.468750000
vt 1.000000000 0.468750000
vt 1.000000000 0.479492188
vt 0.987304688 0.479492188
vt 0.950195312 0.884765625
vt 0.987304688 0.884765625
vt 0.937500000 0.884765625
vt 0.937500000 0.915039062
vt 0.950195312 0.915039062
vt 0.987304688 0.490234375
vt 0.937500000 0.865234375
vt 0.987304688 0.945312500
vt 1.000000000 0.945312500
vt 1.000000000 0.956054688
vt 0.987304688 0.956054688
vt 0.987304688 0.935546875
vt 1.000000000 0.935546875
vt 0.937500000 0.874023438
vt 0.987304688 0.925781250
vt 1.000000000 0.929687500
vt 0.987304688 0.929687500
vt 0.987304688 0.510742188
vt 0.987304688 0.523437500
vt 0.937500000 0.705078125
vt 0.987304688 0.538085938
vt 0.950195312 0.538085938
vt 0.937500000 0.538085938
vt 0.987304688 0.554687500
vt 0.950195312 0.554687500
vt 0.937500000 0.554687500
vt 0.987304688 0.572265625
vt 0.950195312 0.572265625
vt 0.937500000 0.478515625
vt 0.937500000 0.572265625
vt 0.937500000 0.488281250
vt 0.987304688 0.753906250
vt 0.950195312 0.753906250
vt 0.937500000 0.752929688
vt 0.950195312 0.798828125
vt 0.987304688 0.798828125
vt 0.937500000 0.798828125
vt 0.987304688 0.776367188
vt 0.950195312 0.776367188
vt 0.937500000 0.526367188
vt 0.937500000 0.776367188
vt 0.987304688 0.925781250
vt 0.937500000 0.925781250
vt 0.950195312 0.925781250
vt 0.937500000 0.966796875
vt 0.950195312 0.945312500
vt 0.937500000 0.945312500
vt 0.950195312 0.956054688
vt 0.937500000 0.956054688
vt 0.937500000 0.479492188
vt 0.950195312 0.479492188
vt 0.950195312 0.489257812
vt 0.937500000 0.489257812
vt 0.950195312 0.450195312
vt 0.950195312 0.461914062
vt 0.937500000 0.458007812
vt 0.950195312 0.458007812
vt 0.950195312 0.468750000
vt 0.937500000 0.468750000
vt 0.937500000 0.450195312
vt 0.937500000 0.461914062
vt 0.950195312 0.439453125
vt 0.937500000 0.438476562
vt 0.950195312 0.438476562
vt 0.937500000 0.439453125
vt 0.937500000 0.418945312
vt 0.950195312 0.418945312
vt 0.950195312 0.423828125
vt 0.937500000 0.423828125
vt 0.937500000 0.780273438
vt 0.950195312 0.781250000
vt 0.950195312 0.795898438
vt 0.937500000 0.795898438
vt 0.937500000 0.765625000
vt 0.950195312 0.765625000
vt 0.937500000 0.750000000
vt 0.950195312 0.750000000
vt 0.937500000 0.497070312
vt 0.950195312 0.497070312
vt 0.937500000 0.556640625
vt 0.950195312 0.556640625
vt 0.950195312 0.568359375
vt 0.937500000 0.568359375
vt 0.937500000 0.810546875
vt 0.950195312 0.811523438
vt 0.950195312 0.826171875
vt 0.937500000 0.826171875
vt 0.937500000 0.869140625
vt 0.950195312 0.869140625
vt 0.950195312 0.880859375
vt 0.937500000 0.880859375
vt 0.937500000 0.856445312
vt 0.950195312 0.856445312
vt 0.950195312 0.892578125
vt 0.937500000 0.891601562
vt 0.937500000 0.841796875
vt 0.950195312 0.841796875
vt 0.937500000 0.654296875
vt 0.950195312 0.654296875
vt 0.950195312 0.670898438
vt 0.937500000 0.670898438
vt 0.937500000 0.636718750
vt 0.950195312 0.636718750
vt 0.937500000 0.688476562
vt 0.950195312 0.688476562
vt 0.937500000 0.618164062
vt 0.950195312 0.618164062
vt 0.937500000 0.599609375
vt 0.950195312 0.599609375
vt 0.937500000 0.583007812
vt 0.950195312 0.583007812
vt 0.988281250 0.864257812
vt 0.950195312 0.864257812
vt 0.950195312 0.799804688
vt 0.988281250 0.799804688
vt 0.988281250 0.333984375
vt 0.950195312 0.333984375
vt 0.950195312 0.202148438
vt 0.988281250 0.202148438
vt 0.988281250 0.716796875
vt 0.949218750 0.716796875
vt 0.949218750 0.624023438
vt 0.988281250 0.624023438
vt 0.988281250 0.081054688
vt 0.950195312 0.081054688
vt 0.950195312 0.011718750
vt 0.988281250 0.011718750
vt 0.988281250 0.074218750
vt 0.949218750 0.074218750
vt 0.950195312 0.011718750
vt 0.988281250 0.011718750
vt 0.987304688 0.547851562
vt 0.987304688 0.618164062
vt 0.950195312 0.618164062
vt 0.951171875 0.547851562
vt 0.987304688 0.415039062
vt 0.951171875 0.415039062
vt 0.951171875 0.349609375
vt 0.987304688 0.349609375
vt 0.987304688 0.689453125
vt 0.950195312 0.689453125
vt 0.951171875 0.178710938
vt 0.987304688 0.178710938
vt 0.987304688 0.232421875
vt 0.951171875 0.232421875
vt 0.987304688 0.824218750
vt 0.987304688 0.890625000
vt 0.950195312 0.890625000
vt 0.950195312 0.824218750
vt 0.988281250 0.005859375
vt 0.950195312 0.005859375
vt 0.950195312 0.987304688
vt 0.950195312 0.916992188
vt 0.988281250 0.916992188
vt 0.988281250 0.987304688
vt 0.950195312 0.954101562
vt 0.987304688 0.954101562
vt 0.988281250 0.993164062
vt 0.988281250 0.987304688
vt 0.950195312 0.987304688
vt 0.950195312 0.993164062
vt 0.950195312 0.993164062
vt 0.950195312 0.987304688
vt 0.987304688 0.987304688
vt 0.987304688 0.993164062
vt 0.988281250 0.005859375
vt 0.950195312 0.005859375
vt 0.950195312 0.993164062
vt 0.988281250 0.993164062
vt 0.988281250 0.655273438
vt 0.950195312 0.655273438
vt 0.950195312 0.792968750
vt 0.988281250 0.792968750
vt 0.987304688 0.118164062
vt 0.951171875 0.118164062
vt 0.951171875 0.051757812
vt 0.987304688 0.051757812
vt 0.949218750 0.993164062
vt 0.949218750 0.987304688
vt 0.988281250 0.987304688
vt 0.988281250 0.993164062
vt 0.949218750 0.929687500
vt 0.988281250 0.929687500
vt 0.988281250 0.162109375
vt 0.949218750 0.162109375
vt 0.949218750 0.243164062
vt 0.988281250 0.243164062
vt 0.949218750 0.529296875
vt 0.949218750 0.438476562
vt 0.988281250 0.438476562
vt 0.988281250 0.529296875
vt 0.950195312 0.273437500
vt 0.988281250 0.273437500
vt 0.988281250 0.011718750
vt 0.950195312 0.011718750
vt 0.987304688 0.011718750
vt 0.951171875 0.011718750
vt 0.951171875 0.005859375
vt 0.987304688 0.005859375
vt 0.987304688 0.290039062
vt 0.951171875 0.290039062
vt 0.950195312 0.761718750
vt 0.987304688 0.761718750
vt 0.987304688 0.479492188
vt 0.951171875 0.479492188
vt 0.950195312 0.005859375
vt 0.988281250 0.005859375
vt 0.988281250 0.800781250
vt 0.950195312 0.800781250
vt 0.950195312 0.559570312
vt 0.988281250 0.559570312
vt 1.000000000 0.051757812
vt 1.000000000 0.118164062
vt 1.000000000 0.438476562
vt 1.000000000 0.529296875
vt 1.000000000 0.162109375
vt 1.000000000 0.243164062
vt 1.000000000 0.655273438
vt 1.000000000 0.792968750
vt 1.000000000 0.333984375
vt 1.000000000 0.716796875
vt 1.000000000 0.799804688
vt 1.000000000 0.800781250
vt 1.000000000 0.559570312
vt 1.000000000 0.864257812
vt 1.000000000 0.929687500
vt 1.000000000 0.624023438
vt 1.000000000 0.074218750
vt 1.000000000 0.916992188
vt 1.000000000 0.202148438
vt 1.000000000 0.081054688
vt 1.000000000 0.273437500
vt 1.000000000 0.178710938
vt 0.937500000 0.624023438
vt 0.937500000 0.529296875
vt 0.937500000 0.333984375
vt 0.937500000 0.202148438
vt 0.937500000 0.081054688
vt 0.937500000 0.864257812
vt 0.937500000 0.799804688
vt 0.937500000 0.273437500
vt 0.937500000 0.559570312
vt 0.937500000 0.162109375
vt 0.937500000 0.074218750
vt 0.937500000 0.438476562
vt 0.937500000 0.792968750
vt 0.937500000 0.655273438
vt 0.937500000 0.716796875
vt 0.937500000 0.243164062
vt 0.937500000 0.916992188
vt 0.937500000 0.929687500
vt 0.937500000 0.800781250
vt 0.937500000 0.761718750
vt 0.937500000 0.689453125
vt 0.937500000 0.824218750
vt 0.937500000 0.618164062
vt 0.937500000 0.890625000
vt 0.937500000 0.954101562
vt 1.000000000 0.479492188
vt 1.000000000 0.547851562
vt 1.000000000 0.415039062
vt 1.000000000 0.689453125
vt 1.000000000 0.761718750
vt 1.000000000 0.890625000
vt 1.000000000 0.954101562
vt 1.000000000 0.232421875
vt 1.000000000 0.290039062
vt 1.000000000 0.824218750
vt 1.000000000 0.618164062
vt 1.000000000 0.349609375
vt 0.937500000 0.547851562
vt 0.937500000 0.349609375
vt 0.937500000 0.290039062
vt 0.937500000 0.232421875
vt 0.937500000 0.479492188
vt 0.937500000 0.415039062
vt 0.937500000 0.178710938
vt 0.937500000 0.118164062
vt 0.937500000 0.051757812
vt 1.000000000 0.987304688
vt 1.000000000 1.000000000
vt 1.000000000 0.000000000
vt 1.000000000 0.011718750
vt 0.937500000 0.011718750
vt 0.937500000 0.000000000
vt 0.937500000 1.000000000
vt 0.937500000 0.987304688
vt 0.937500000 0.987304688
vt 0.937500000 1.000000000
vt 1.000000000 1.000000000
vt 1.000000000 0.987304688
vt 0.937500000 0.011718750
vt 0.937500000 0.000000000
vt 1.000000000 0.000000000
vt 1.000000000 0.011718750
vt 1.000000000 0.987304688
vt 1.000000000 1.000000000
vt 0.937500000 1.000000000
vt 0.937500000 0.987304688
vt 1.000000000 0.987304688
vt 1.000000000 1.000000000
vt 0.937500000 1.000000000
vt 0.937500000 0.987304688
vt 0.937500000 0.011718750
vt 0.937500000 0.000000000
vt 1.000000000 0.000000000
vt 1.000000000 0.011718750
vt 1.000000000 0.011718750
vt 1.000000000 0.000000000
vt 0.937500000 0.000000000
vt 0.937500000 0.011718750
vt 0.937496543 0.194824219
vt 0.874996543 0.194824219
vt 0.874996543 0.170898438
vt 0.937496543 0.170898438
vt 0.874996543 0.544921875
vt 0.937496543 0.544921875
vt 0.937496543 0.568359375
vt 0.874996543 0.568359375
vt 0.937496543 0.476074219
vt 0.874996543 0.476074219
vt 0.874996543 0.522949219
vt 0.937496543 0.522949219
vt 0.874996543 0.503417969
vt 0.937496543 0.503417969
vt 0.874996543 0.490722656
vt 0.937496543 0.490722656
vt 0.874996543 0.162597656
vt 0.937496543 0.162597656
vt 0.937496543 0.193359375
vt 0.874996543 0.193359375
vt 0.874996543 0.148437500
vt 0.937496543 0.148437500
vt 0.937496543 0.841308594
vt 0.874996543 0.841308594
vt 0.874996543 0.127929688
vt 0.937496543 0.127929688
vt 0.874996543 0.162597656
vt 0.937496543 0.162597656
vt 0.937496543 0.490722656
vt 0.874996543 0.490722656
vt 0.874996543 0.115234375
vt 0.937496543 0.115234375
vt 0.874996543 0.472656250
vt 0.937496543 0.472656250
vt 0.937496543 0.509277344
vt 0.874996543 0.509277344
vt 0.874996543 0.193359375
vt 0.937496543 0.193359375
vt 0.937496543 0.472656250
vt 0.874996543 0.472656250
vt 0.874996543 0.509277344
vt 0.937496543 0.509277344
vt 0.937496543 0.786132812
vt 0.874996543 0.786132812
vt 0.874996543 0.126953125
vt 0.937496543 0.126953125
vt 0.937496543 0.162597656
vt 0.874996543 0.162597656
vt 0.937496543 0.512207031
vt 0.874996543 0.512207031
vt 0.874996543 0.476074219
vt 0.937496543 0.476074219
vt 0.937496543 0.850585938
vt 0.874996543 0.850585938
vt 0.874996543 0.512207031
vt 0.937496543 0.512207031
vt 0.937496543 0.903320312
vt 0.874996543 0.903320312
vt 0.874996543 0.854492188
vt 0.937496543 0.854492188
vt 0.874996543 0.094726562
vt 0.937496543 0.094726562
vt 0.937496543 0.108398438
vt 0.874996543 0.108398438
vt 0.937496543 0.129882812
vt 0.874996543 0.129882812
vt 0.937496543 0.153808594
vt 0.874996543 0.153808594
vt 0.937496543 0.179199219
vt 0.874996543 0.179199219
vt 0.874996543 0.780761719
vt 0.937496543 0.780761719
vt 0.937496543 0.806152344
vt 0.874996543 0.806152344
vt 0.937496543 0.829589844
vt 0.874996543 0.829589844
vt 0.937496543 0.851074219
vt 0.874996543 0.851074219
vt 0.937496543 0.864746094
vt 0.874996543 0.864746094
vt 0.937496543 0.220703125
vt 0.874996543 0.220703125
vt 0.874996543 0.216308594
vt 0.937496543 0.216308594
vt 0.937496543 0.610839844
vt 0.874996543 0.610839844
vt 0.874996543 0.606445312
vt 0.937496543 0.606445312
vt 0.937496543 0.509277344
vt 0.874996543 0.509277344
vt 0.874996543 0.504394531
vt 0.937496543 0.504394531
vt 0.937496543 0.515136719
vt 0.874996543 0.515136719
vt 0.937496543 0.521484375
vt 0.874996543 0.521484375
vt 0.937496543 0.528320312
vt 0.874996543 0.528320312
vt 0.937496543 0.120605469
vt 0.874996543 0.120605469
vt 0.874996543 0.116699219
vt 0.937496543 0.116699219
vt 0.937496543 0.125976562
vt 0.874996543 0.125976562
vt 0.937496543 0.131835938
vt 0.874996543 0.131835938
vt 0.937496543 0.138671875
vt 0.874996543 0.138671875
vt 0.937496543 0.727050781
vt 0.874996543 0.727050781
vt 0.874996543 0.712890625
vt 0.937496543 0.712890625
vt 0.937496543 0.741210938
vt 0.874996543 0.741210938
vt 0.937496543 0.755371094
vt 0.874996543 0.755371094
vt 0.937496543 0.769531250
vt 0.874996543 0.769531250
vt 0.937496543 0.783691406
vt 0.874996543 0.783691406
vt 0.937496543 0.797851562
vt 0.874996543 0.797851562
vt 0.937496543 0.812011719
vt 0.874996543 0.812011719
vt 0.937496543 0.826171875
vt 0.874996543 0.826171875
vt 0.937496543 0.840332031
vt 0.874996543 0.840332031
vt 0.937496543 0.854492188
vt 0.874996543 0.854492188
vt 0.937496543 0.868652344
vt 0.874996543 0.868652344
vt 0.937496543 0.882812500
vt 0.874996543 0.882812500
vt 0.937496543 0.895019531
vt 0.874996543 0.895019531
vt 0.937496543 0.298339844
vt 0.874996543 0.298339844
vt 0.937496543 0.304687500
vt 0.874996543 0.304687500
vt 0.937496543 0.311035156
vt 0.874996543 0.311035156
vt 0.937496543 0.316894531
vt 0.874996543 0.316894531
vt 0.937496543 0.320312500
vt 0.874996543 0.320312500
vt 0.874996543 0.490234375
vt 0.937496543 0.490234375
vt 0.874996543 0.475585938
vt 0.937496543 0.475585938
vt 0.874996543 0.461914062
vt 0.937496543 0.461914062
vt 0.874996543 0.447753906
vt 0.937496543 0.447753906
vt 0.874996543 0.433593750
vt 0.937496543 0.433593750
vt 0.874996543 0.419433594
vt 0.937496543 0.419433594
vt 0.874996543 0.405273438
vt 0.937496543 0.405273438
vt 0.874996543 0.391113281
vt 0.937496543 0.391113281
vt 0.874996543 0.376953125
vt 0.937496543 0.376953125
vt 0.874996543 0.362792969
vt 0.937496543 0.362792969
vt 0.874996543 0.348632812
vt 0.937496543 0.348632812
vt 0.874996543 0.334472656
vt 0.937496543 0.334472656
vt 0.937496543 0.695312500
vt 0.874996543 0.695312500
vt 0.874996543 0.688476562
vt 0.937496543 0.688476562
vt 0.937496543 0.701660156
vt 0.874996543 0.701660156
vt 0.937496543 0.708007812
vt 0.874996543 0.708007812
vt 0.874996543 0.476562500
vt 0.937496543 0.476562500
vt 0.937496543 0.515136719
vt 0.874996543 0.515136719
vt 0.874996543 0.447265625
vt 0.937496543 0.447265625
vt 0.937496543 0.485351562
vt 0.874996543 0.485351562
vt 0.937496543 0.485351562
vt 0.874996543 0.485351562
vt 0.874996543 0.444335938
vt 0.937496543 0.444335938
vt 0.874996543 0.091796875
vt 0.937496543 0.091796875
vt 0.937496543 0.872070312
vt 0.874996543 0.872070312
vt 0.874996543 0.071777344
vt 0.937496543 0.071777344
vt 0.874996543 0.162597656
vt 0.937496543 0.162597656
vt 0.937496543 0.193359375
vt 0.874996543 0.193359375
vt 0.874996543 0.472656250
vt 0.937496543 0.472656250
vt 0.937496543 0.509277344
vt 0.874996543 0.509277344
vt 0.874996543 0.193359375
vt 0.937496543 0.193359375
vt 0.937496543 0.472656250
vt 0.874996543 0.472656250
vt 0.874996543 0.509277344
vt 0.937496543 0.509277344
vt 0.937496543 0.786132812
vt 0.874996543 0.786132812
vt 0.937496543 0.903320312
vt 0.874996543 0.903320312
vt 0.874996543 0.854492188
vt 0.937496543 0.854492188
vt 0.937496543 0.485351562
vt 0.874996543 0.485351562
vt 0.874996543 0.444335938
vt 0.937496543 0.444335938
vt 0.874996543 0.071777344
vt 0.937496543 0.071777344
vt 0.874996543 0.162597656
vt 0.937496543 0.162597656
vt 0.937496543 0.193359375
vt 0.874996543 0.193359375
vt 0.874996543 0.472656250
vt 0.937496543 0.472656250
vt 0.937496543 0.509277344
vt 0.874996543 0.509277344
vt 0.874996543 0.193359375
vt 0.937496543 0.193359375
vt 0.937496543 0.472656250
vt 0.874996543 0.472656250
vt 0.874996543 0.509277344
vt 0.937496543 0.509277344
vt 0.937496543 0.786132812
vt 0.874996543 0.786132812
vt 0.937496543 0.903320312
vt 0.874996543 0.903320312
vt 0.874996543 0.854492188
vt 0.937496543 0.854492188
vt 0.937496543 0.485351562
vt 0.874996543 0.485351562
vt 0.874996543 0.444335938
vt 0.937496543 0.444335938
vt 0.874996543 0.071777344
vt 0.937496543 0.071777344
vt 0.874996543 0.162597656
vt 0.937496543 0.162597656
vt 0.937496543 0.193359375
vt 0.874996543 0.193359375
vt 0.874996543 0.472656250
vt 0.937496543 0.472656250
vt 0.937496543 0.509277344
vt 0.874996543 0.509277344
vt 0.874996543 0.193359375
vt 0.937496543 0.193359375
vt 0.937496543 0.472656250
vt 0.874996543 0.472656250
vt 0.874996543 0.509277344
vt 0.937496543 0.509277344
vt 0.937496543 0.786132812
vt 0.874996543 0.786132812
vt 0.937496543 0.903320312
vt 0.874996543 0.903320312
vt 0.874996543 0.854492188
vt 0.937496543 0.854492188
vt 0.937496543 0.485351562
vt 0.874996543 0.485351562
vt 0.874996543 0.444335938
vt 0.937496543 0.444335938
vt 0.874996543 0.071777344
vt 0.937496543 0.071777344
vt 0.874996543 0.162597656
vt 0.937496543 0.162597656
vt 0.937496543 0.193359375
vt 0.874996543 0.193359375
vt 0.874996543 0.472656250
vt 0.937496543 0.472656250
vt 0.937496543 0.509277344
vt 0.874996543 0.509277344
vt 0.874996543 0.193359375
vt 0.937496543 0.193359375
vt 0.937496543 0.472656250
vt 0.874996543 0.472656250
vt 0.874996543 0.509277344
vt 0.937496543 0.509277344
vt 0.937496543 0.786132812
vt 0.874996543 0.786132812
vt 0.937496543 0.903320312
vt 0.874996543 0.903320312
vt 0.874996543 0.854492188
vt 0.937496543 0.854492188
vt 0.937496543 0.485351562
vt 0.874996543 0.485351562
vt 0.874996543 0.444335938
vt 0.937496543 0.444335938
vt 0.874996543 0.071777344
vt 0.937496543 0.071777344
vt 0.874996543 0.162597656
vt 0.937496543 0.162597656
vt 0.937496543 0.193359375
vt 0.874996543 0.193359375
vt 0.874996543 0.472656250
vt 0.937496543 0.472656250
vt 0.937496543 0.509277344
vt 0.874996543 0.509277344
vt 0.874996543 0.193359375
vt 0.937496543 0.193359375
vt 0.937496543 0.472656250
vt 0.874996543 0.472656250
vt 0.874996543 0.509277344
vt 0.937496543 0.509277344
vt 0.937496543 0.786132812
vt 0.874996543 0.786132812
vt 0.937496543 0.903320312
vt 0.874996543 0.903320312
vt 0.874996543 0.854492188
vt 0.937496543 0.854492188
vt 0.937496543 0.485351562
vt 0.874996543 0.485351562
vt 0.874996543 0.444335938
vt 0.937496543 0.444335938
vt 0.874996543 0.071777344
vt 0.937496543 0.071777344
vt 0.874996543 0.162597656
vt 0.937496543 0.162597656
vt 0.937496543 0.193359375
vt 0.874996543 0.193359375
vt 0.874996543 0.472656250
vt 0.937496543 0.472656250
vt 0.937496543 0.509277344
vt 0.874996543 0.509277344
vt 0.874996543 0.193359375
vt 0.937496543 0.193359375
vt 0.937496543 0.472656250
vt 0.874996543 0.472656250
vt 0.874996543 0.509277344
vt 0.937496543 0.509277344
vt 0.937496543 0.786132812
vt 0.874996543 0.786132812
vt 0.937496543 0.903320312
vt 0.874996543 0.903320312
vt 0.874996543 0.854492188
vt 0.937496543 0.854492188
vt 0.937496543 0.485351562
vt 0.874996543 0.485351562
vt 0.874996543 0.444335938
vt 0.937496543 0.444335938
vt 0.874996543 0.071777344
vt 0.937496543 0.071777344
vt 0.874996543 0.162597656
vt 0.937496543 0.162597656
vt 0.937496543 0.193359375
vt 0.874996543 0.193359375
vt 0.874996543 0.472656250
vt 0.937496543 0.472656250
vt 0.937496543 0.509277344
vt 0.874996543 0.509277344
vt 0.874996543 0.193359375
vt 0.937496543 0.193359375
vt 0.937496543 0.472656250
vt 0.874996543 0.472656250
vt 0.874996543 0.509277344
vt 0.937496543 0.509277344
vt 0.937496543 0.786132812
vt 0.874996543 0.786132812
vt 0.937496543 0.903320312
vt 0.874996543 0.903320312
vt 0.874996543 0.854492188
vt 0.937496543 0.854492188
vt 0.937496543 0.485351562
vt 0.874996543 0.485351562
vt 0.874996543 0.444335938
vt 0.937496543 0.444335938
vt 0.874996543 0.071777344
vt 0.937496543 0.071777344
vt 0.874996543 0.162597656
vt 0.937496543 0.162597656
vt 0.937496543 0.193359375
vt 0.874996543 0.193359375
vt 0.874996543 0.472656250
vt 0.937496543 0.472656250
vt 0.937496543 0.509277344
vt 0.874996543 0.509277344
vt 0.874996543 0.193359375
vt 0.937496543 0.193359375
vt 0.937496543 0.472656250
vt 0.874996543 0.472656250
vt 0.874996543 0.509277344
vt 0.937496543 0.509277344
vt 0.937496543 0.786132812
vt 0.874996543 0.786132812
vt 0.937496543 0.903320312
vt 0.874996543 0.903320312
vt 0.874996543 0.854492188
vt 0.937496543 0.854492188
vt 0.937496543 0.485351562
vt 0.874996543 0.485351562
vt 0.874996543 0.444335938
vt 0.937496543 0.444335938
vt 0.874996543 0.071777344
vt 0.937496543 0.071777344
vt 0.874996543 0.162597656
vt 0.937496543 0.162597656
vt 0.937496543 0.193359375
vt 0.874996543 0.193359375
vt 0.874996543 0.472656250
vt 0.937496543 0.472656250
vt 0.937496543 0.509277344
vt 0.874996543 0.509277344
vt 0.874996543 0.193359375
vt 0.937496543 0.193359375
vt 0.937496543 0.472656250
vt 0.874996543 0.472656250
vt 0.874996543 0.509277344
vt 0.937496543 0.509277344
vt 0.937496543 0.786132812
vt 0.874996543 0.786132812
vt 0.937496543 0.903320312
vt 0.874996543 0.903320312
vt 0.874996543 0.854492188
vt 0.937496543 0.854492188
vt 0.937496543 0.485351562
vt 0.874996543 0.485351562
vt 0.874996543 0.444335938
vt 0.937496543 0.444335938
vt 0.874996543 0.071777344
vt 0.937496543 0.071777344
vt 0.874996543 0.162597656
vt 0.937496543 0.162597656
vt 0.937496543 0.193359375
vt 0.874996543 0.193359375
vt 0.874996543 0.472656250
vt 0.937496543 0.472656250
vt 0.937496543 0.509277344
vt 0.874996543 0.509277344
vt 0.874996543 0.193359375
vt 0.937496543 0.193359375
vt 0.937496543 0.472656250
vt 0.874996543 0.472656250
vt 0.874996543 0.509277344
vt 0.937496543 0.509277344
vt 0.937496543 0.786132812
vt 0.874996543 0.786132812
vt 0.937496543 0.903320312
vt 0.874996543 0.903320312
vt 0.874996543 0.854492188
vt 0.937496543 0.854492188
vt 0.937496543 0.485351562
vt 0.874996543 0.485351562
vt 0.874996543 0.444335938
vt 0.937496543 0.444335938
vt 0.874996543 0.071777344
vt 0.937496543 0.071777344
vt 0.874996543 0.162597656
vt 0.937496543 0.162597656
vt 0.937496543 0.193359375
vt 0.874996543 0.193359375
vt 0.874996543 0.472656250
vt 0.937496543 0.472656250
vt 0.937496543 0.509277344
vt 0.874996543 0.509277344
vt 0.874996543 0.193359375
vt 0.937496543 0.193359375
vt 0.937496543 0.472656250
vt 0.874996543 0.472656250
vt 0.874996543 0.509277344
vt 0.937496543 0.509277344
vt 0.937496543 0.786132812
vt 0.874996543 0.786132812
vt 0.937496543 0.903320312
vt 0.874996543 0.903320312
vt 0.874996543 0.854492188
vt 0.937496543 0.854492188
vt 0.937496543 0.485351562
vt 0.874996543 0.485351562
vt 0.874996543 0.444335938
vt 0.937496543 0.444335938
vt 0.874996543 0.071777344
vt 0.937496543 0.071777344
vt 0.874996543 0.162597656
vt 0.937496543 0.162597656
vt 0.937496543 0.193359375
vt 0.874996543 0.193359375
vt 0.874996543 0.472656250
vt 0.937496543 0.472656250
vt 0.937496543 0.509277344
vt 0.874996543 0.509277344
vt 0.874996543 0.193359375
vt 0.937496543 0.193359375
vt 0.937496543 0.472656250
vt 0.874996543 0.472656250
vt 0.874996543 0.509277344
vt 0.937496543 0.509277344
vt 0.937496543 0.786132812
vt 0.874996543 0.786132812
vt 0.937496543 0.903320312
vt 0.874996543 0.903320312
vt 0.874996543 0.854492188
vt 0.937496543 0.854492188
vt 0.937496543 0.485351562
vt 0.874996543 0.485351562
vt 0.874996543 0.444335938
vt 0.937496543 0.444335938
vt 0.874996543 0.071777344
vt 0.937496543 0.071777344
vt 0.874996543 0.162597656
vt 0.937496543 0.162597656
vt 0.937496543 0.193359375
vt 0.874996543 0.193359375
vt 0.874996543 0.472656250
vt 0.937496543 0.472656250
vt 0.937496543 0.509277344
vt 0.874996543 0.509277344
vt 0.874996543 0.193359375
vt 0.937496543 0.193359375
vt 0.937496543 0.472656250
vt 0.874996543 0.472656250
vt 0.874996543 0.509277344
vt 0.937496543 0.509277344
vt 0.937496543 0.786132812
vt 0.874996543 0.786132812
vt 0.937496543 0.903320312
vt 0.874996543 0.903320312
vt 0.874996543 0.854492188
vt 0.937496543 0.854492188
vt 0.937496543 0.485351562
vt 0.874996543 0.485351562
vt 0.874996543 0.444335938
vt 0.937496543 0.444335938
vt 0.874996543 0.071777344
vt 0.937496543 0.071777344
vt 0.874996543 0.162597656
vt 0.937496543 0.162597656
vt 0.937496543 0.193359375
vt 0.874996543 0.193359375
vt 0.874996543 0.472656250
vt 0.937496543 0.472656250
vt 0.937496543 0.509277344
vt 0.874996543 0.509277344
vt 0.874996543 0.193359375
vt 0.937496543 0.193359375
vt 0.937496543 0.472656250
vt 0.874996543 0.472656250
vt 0.874996543 0.509277344
vt 0.937496543 0.509277344
vt 0.937496543 0.786132812
vt 0.874996543 0.786132812
vt 0.937496543 0.903320312
vt 0.874996543 0.903320312
vt 0.874996543 0.854492188
vt 0.937496543 0.854492188
vt 0.937496543 0.485351562
vt 0.874996543 0.485351562
vt 0.874996543 0.444335938
vt 0.937496543 0.444335938
vt 0.874996543 0.071777344
vt 0.937496543 0.071777344
vt 0.874996543 0.162597656
vt 0.937496543 0.162597656
vt 0.937496543 0.193359375
vt 0.874996543 0.193359375
vt 0.874996543 0.472656250
vt 0.937496543 0.472656250
vt 0.937496543 0.509277344
vt 0.874996543 0.509277344
vt 0.874996543 0.193359375
vt 0.937496543 0.193359375
vt 0.937496543 0.472656250
vt 0.874996543 0.472656250
vt 0.874996543 0.509277344
vt 0.937496543 0.509277344
vt 0.937496543 0.786132812
vt 0.874996543 0.786132812
vt 0.937496543 0.903320312
vt 0.874996543 0.903320312
vt 0.874996543 0.854492188
vt 0.937496543 0.854492188
vt 0.937496543 0.485351562
vt 0.874996543 0.485351562
vt 0.874996543 0.444335938
vt 0.937496543 0.444335938
vt 0.874996543 0.071777344
vt 0.937496543 0.071777344
vt 0.874996543 0.162597656
vt 0.937496543 0.162597656
vt 0.937496543 0.193359375
vt 0.874996543 0.193359375
vt 0.874996543 0.472656250
vt 0.937496543 0.472656250
vt 0.937496543 0.509277344
vt 0.874996543 0.509277344
vt 0.874996543 0.193359375
vt 0.937496543 0.193359375
vt 0.937496543 0.472656250
vt 0.874996543 0.472656250
vt 0.874996543 0.509277344
vt 0.937496543 0.509277344
vt 0.937496543 0.786132812
vt 0.874996543 0.786132812
vt 0.937496543 0.903320312
vt 0.874996543 0.903320312
vt 0.874996543 0.854492188
vt 0.937496543 0.854492188
vt 0.937496543 0.485351562
vt 0.874996543 0.485351562
vt 0.874996543 0.444335938
vt 0.937496543 0.444335938
vt 0.874996543 0.071777344
vt 0.937496543 0.071777344
vt 0.874996543 0.162597656
vt 0.937496543 0.162597656
vt 0.937496543 0.193359375
vt 0.874996543 0.193359375
vt 0.874996543 0.472656250
vt 0.937496543 0.472656250
vt 0.937496543 0.509277344
vt 0.874996543 0.509277344
vt 0.874996543 0.193359375
vt 0.937496543 0.193359375
vt 0.937496543 0.472656250
vt 0.874996543 0.472656250
vt 0.874996543 0.509277344
vt 0.937496543 0.509277344
vt 0.937496543 0.786132812
vt 0.874996543 0.786132812
vt 0.937496543 0.903320312
vt 0.874996543 0.903320312
vt 0.874996543 0.854492188
vt 0.937496543 0.854492188
vt 0.937496543 0.485351562
vt 0.874996543 0.485351562
vt 0.874996543 0.444335938
vt 0.937496543 0.444335938
vt 0.874996543 0.071777344
vt 0.937496543 0.071777344
vt 0.874996543 0.162597656
vt 0.937496543 0.162597656
vt 0.937496543 0.193359375
vt 0.874996543 0.193359375
vt 0.874996543 0.472656250
vt 0.937496543 0.472656250
vt 0.937496543 0.509277344
vt 0.874996543 0.509277344
vt 0.874996543 0.193359375
vt 0.937496543 0.193359375
vt 0.937496543 0.472656250
vt 0.874996543 0.472656250
vt 0.874996543 0.509277344
vt 0.937496543 0.509277344
vt 0.937496543 0.786132812
vt 0.874996543 0.786132812
vt 0.937496543 0.903320312
vt 0.874996543 0.903320312
vt 0.874996543 0.854492188
vt 0.937496543 0.854492188
vt 0.937496543 0.485351562
vt 0.874996543 0.485351562
vt 0.874996543 0.444335938
vt 0.937496543 0.444335938
vt 0.874996543 0.071777344
vt 0.937496543 0.071777344
vt 0.874996543 0.162597656
vt 0.937496543 0.162597656
vt 0.937496543 0.193359375
vt 0.874996543 0.193359375
vt 0.874996543 0.472656250
vt 0.937496543 0.472656250
vt 0.937496543 0.509277344
vt 0.874996543 0.509277344
vt 0.874996543 0.193359375
vt 0.937496543 0.193359375
vt 0.937496543 0.472656250
vt 0.874996543 0.472656250
vt 0.874996543 0.509277344
vt 0.937496543 0.509277344
vt 0.937496543 0.786132812
vt 0.874996543 0.786132812
vt 0.937496543 0.903320312
vt 0.874996543 0.903320312
vt 0.874996543 0.854492188
vt 0.937496543 0.854492188
vt 0.937496543 0.485351562
vt 0.874996543 0.485351562
vt 0.874996543 0.444335938
vt 0.937496543 0.444335938
vt 0.874996543 0.071777344
vt 0.937496543 0.071777344
vt 0.874996543 0.162597656
vt 0.937496543 0.162597656
vt 0.937496543 0.193359375
vt 0.874996543 0.193359375
vt 0.874996543 0.472656250
vt 0.937496543 0.472656250
vt 0.937496543 0.509277344
vt 0.874996543 0.509277344
vt 0.874996543 0.193359375
vt 0.937496543 0.193359375
vt 0.937496543 0.472656250
vt 0.874996543 0.472656250
vt 0.874996543 0.509277344
vt 0.937496543 0.509277344
vt 0.937496543 0.786132812
vt 0.874996543 0.786132812
vt 0.937496543 0.903320312
vt 0.874996543 0.903320312
vt 0.874996543 0.854492188
vt 0.937496543 0.854492188
vt 0.937496543 0.485351562
vt 0.874996543 0.485351562
vt 0.874996543 0.444335938
vt 0.937496543 0.444335938
vt 0.874996543 0.071777344
vt 0.937496543 0.071777344
vt 0.874996543 0.162597656
vt 0.937496543 0.162597656
vt 0.937496543 0.193359375
vt 0.874996543 0.193359375
vt 0.874996543 0.472656250
vt 0.937496543 0.472656250
vt 0.937496543 0.509277344
vt 0.874996543 0.509277344
vt 0.874996543 0.193359375
vt 0.937496543 0.193359375
vt 0.937496543 0.472656250
vt 0.874996543 0.472656250
vt 0.874996543 0.509277344
vt 0.937496543 0.509277344
vt 0.937496543 0.786132812
vt 0.874996543 0.786132812
vt 0.937496543 0.903320312
vt 0.874996543 0.903320312
vt 0.874996543 0.854492188
vt 0.937496543 0.854492188
vt 0.937496543 0.485351562
vt 0.874996543 0.485351562
vt 0.874996543 0.444335938
vt 0.937496543 0.444335938
vt 0.874996543 0.071777344
vt 0.937496543 0.071777344
vt 0.874996543 0.162597656
vt 0.937496543 0.162597656
vt 0.937496543 0.193359375
vt 0.874996543 0.193359375
vt 0.874996543 0.472656250
vt 0.937496543 0.472656250
vt 0.937496543 0.509277344
vt 0.874996543 0.509277344
vt 0.874996543 0.193359375
vt 0.937496543 0.193359375
vt 0.937496543 0.472656250
vt 0.874996543 0.472656250
vt 0.874996543 0.509277344
vt 0.937496543 0.509277344
vt 0.937496543 0.786132812
vt 0.874996543 0.786132812
vt 0.937496543 0.903320312
vt 0.874996543 0.903320312
vt 0.874996543 0.854492188
vt 0.937496543 0.854492188
vt 0.937496543 0.485351562
vt 0.874996543 0.485351562
vt 0.874996543 0.444335938
vt 0.937496543 0.444335938
vt 0.874996543 0.071777344
vt 0.937496543 0.071777344
vt 0.874996543 0.162597656
vt 0.937496543 0.162597656
vt 0.937496543 0.193359375
vt 0.874996543 0.193359375
vt 0.874996543 0.472656250
vt 0.937496543 0.472656250
vt 0.937496543 0.509277344
vt 0.874996543 0.509277344
vt 0.874996543 0.193359375
vt 0.937496543 0.193359375
vt 0.937496543 0.472656250
vt 0.874996543 0.472656250
vt 0.874996543 0.509277344
vt 0.937496543 0.509277344
vt 0.937496543 0.786132812
vt 0.874996543 0.786132812
vt 0.937496543 0.903320312
vt 0.874996543 0.903320312
vt 0.874996543 0.854492188
vt 0.937496543 0.854492188
vt 0.937496543 0.485351562
vt 0.874996543 0.485351562
vt 0.874996543 0.444335938
vt 0.937496543 0.444335938
vt 0.874996543 0.071777344
vt 0.937496543 0.071777344
vt 0.874996543 0.162597656
vt 0.937496543 0.162597656
vt 0.937496543 0.193359375
vt 0.874996543 0.193359375
vt 0.874996543 0.472656250
vt 0.937496543 0.472656250
vt 0.937496543 0.509277344
vt 0.874996543 0.509277344
vt 0.874996543 0.193359375
vt 0.937496543 0.193359375
vt 0.937496543 0.472656250
vt 0.874996543 0.472656250
vt 0.874996543 0.509277344
vt 0.937496543 0.509277344
vt 0.937496543 0.786132812
vt 0.874996543 0.786132812
vt 0.937496543 0.903320312
vt 0.874996543 0.903320312
vt 0.874996543 0.854492188
vt 0.937496543 0.854492188
vt 0.937496543 0.485351562
vt 0.874996543 0.485351562
vt 0.874996543 0.444335938
vt 0.937496543 0.444335938
vt 0.874996543 0.071777344
vt 0.937496543 0.071777344
vt 0.874996543 0.162597656
vt 0.937496543 0.162597656
vt 0.937496543 0.193359375
vt 0.874996543 0.193359375
vt 0.874996543 0.472656250
vt 0.937496543 0.472656250
vt 0.937496543 0.509277344
vt 0.874996543 0.509277344
vt 0.874996543 0.193359375
vt 0.937496543 0.193359375
vt 0.937496543 0.472656250
vt 0.874996543 0.472656250
vt 0.874996543 0.509277344
vt 0.937496543 0.509277344
vt 0.937496543 0.786132812
vt 0.874996543 0.786132812
vt 0.937496543 0.903320312
vt 0.874996543 0.903320312
vt 0.874996543 0.854492188
vt 0.937496543 0.854492188
vt 0.937496543 0.485351562
vt 0.874996543 0.485351562
vt 0.874996543 0.444335938
vt 0.937496543 0.444335938
vt 0.874996543 0.071777344
vt 0.937496543 0.071777344
vt 0.937496543 0.194824219
vt 0.937496543 0.170898438
vt 0.874996543 0.170898438
vt 0.874996543 0.194824219
vt 0.937496543 0.476074219
vt 0.874996543 0.476074219
vt 0.937496543 0.148437500
vt 0.874996543 0.148437500
vt 0.937496543 0.127929688
vt 0.874996543 0.127929688
vt 0.937496543 0.115234375
vt 0.874996543 0.115234375
vt 0.937496543 0.512207031
vt 0.937496543 0.476074219
vt 0.874996543 0.476074219
vt 0.874996543 0.512207031
vt 0.937496543 0.850585938
vt 0.937496543 0.512207031
vt 0.874996543 0.512207031
vt 0.874996543 0.850585938
vt 0.874996543 0.780761719
vt 0.874996543 0.806152344
vt 0.937496543 0.806152344
vt 0.937496543 0.780761719
vt 0.874996543 0.829589844
vt 0.937496543 0.829589844
vt 0.874996543 0.851074219
vt 0.937496543 0.851074219
vt 0.874996543 0.864746094
vt 0.937496543 0.864746094
vt 0.874996543 0.447265625
vt 0.874996543 0.485351562
vt 0.937496543 0.485351562
vt 0.937496543 0.447265625
vt 0.874996543 0.091796875
vt 0.937496543 0.091796875
vt 0.874996543 0.544921875
vt 0.874996543 0.568359375
vt 0.937496543 0.568359375
vt 0.937496543 0.544921875
vt 0.874996543 0.522949219
vt 0.937496543 0.522949219
vt 0.874996543 0.503417969
vt 0.937496543 0.503417969
vt 0.874996543 0.490722656
vt 0.937496543 0.490722656
vt 0.874996543 0.841308594
vt 0.937496543 0.841308594
vt 0.874996543 0.162597656
vt 0.874996543 0.490722656
vt 0.937496543 0.490722656
vt 0.937496543 0.162597656
vt 0.874996543 0.126953125
vt 0.874996543 0.162597656
vt 0.937496543 0.162597656
vt 0.937496543 0.126953125
vt 0.874996543 0.094726562
vt 0.874996543 0.108398438
vt 0.937496543 0.108398438
vt 0.937496543 0.094726562
vt 0.874996543 0.129882812
vt 0.937496543 0.129882812
vt 0.874996543 0.153808594
vt 0.937496543 0.153808594
vt 0.874996543 0.179199219
vt 0.937496543 0.179199219
vt 0.874996543 0.476562500
vt 0.874996543 0.515136719
vt 0.937496543 0.515136719
vt 0.937496543 0.476562500
vt 0.874996543 0.872070312
vt 0.937496543 0.872070312
vt 0.812500000 0.584960938
vt 0.812500000 0.584960938
vt 0.812500000 0.584960938
vt 0.812500000 0.584960938
vt 0.812500000 0.584960938
vt 0.812500000 0.584960938
vt 0.812500000 0.584960938
vt 0.812500000 0.584960938
vt 0.812500000 0.584960938
vt 0.812500000 0.584960938
vt 0.812500000 0.584960938
vt 0.812500000 0.584960938
vt 0.707031250 0.907226562
vt 0.707031250 0.998046875
vt 0.707031250 0.907226562
vt 0.707031250 0.907226562
vt 0.707031250 0.907226562
vt 0.707031250 0.907226562
vt 0.707031250 0.907226562
vt 0.707031250 0.907226562
vt 0.707031250 0.907226562
vt 0.707031250 0.907226562
vt 0.707031250 0.907226562
vt 0.707031250 0.907226562
vt 0.707031250 0.907226562
vt 0.707031250 0.907226562
vt 0.707031250 0.907226562
vt 0.707031250 0.907226562
vt 0.707031250 0.907226562
vt 0.707031250 0.907226562
vt 0.707031250 0.907226562
vt 0.707031250 0.907226562
vt 0.707031250 0.907226562
vt 0.707031250 0.907226562
vt 0.707031250 0.907226562
vt 0.707031250 0.907226562
vt 0.707031250 0.907226562
vt 0.707031250 0.907226562
vt 0.707031250 0.907226562
vt 0.707031250 0.998046875
vt 0.707031250 0.907226562
vt 0.707031250 0.907226562
vt 0.707031250 0.907226562
vt 0.707031250 0.907226562
vt 0.707031250 0.907226562
vt 0.707031250 0.907226562
vt 0.707031250 0.907226562
vt 0.707031250 0.907226562
vt 0.707031250 0.907226562
vt 0.707031250 0.907226562
vt 0.707031250 0.907226562
vt 0.707031250 0.907226562
vt 0.707031250 0.907226562
vt 0.707031250 0.907226562
vt 0.707031250 0.907226562
vt 0.707031250 0.907226562
vt 0.707031250 0.907226562
vt 0.707031250 0.907226562
vt 0.707031250 0.907226562
vt 0.707031250 0.907226562
vt 0.707031250 0.907226562
vt 0.707031250 0.907226562
vt 0.709960938 0.881835938
vt 0.709960938 0.906250000
vt 0.713867188 0.906250000
vt 0.713867188 0.881835938
vt 0.739257812 0.881835938
vt 0.739257812 0.906250000
vt 0.744140625 0.906250000
vt 0.744140625 0.881835938
vt 0.673828125 0.881835938
vt 0.673828125 0.906250000
vt 0.678710938 0.906250000
vt 0.678710938 0.881835938
vt 0.706054688 0.881835938
vt 0.706054688 0.906250000
vt 0.734375000 0.881835938
vt 0.734375000 0.906250000
vt 0.669921875 0.881835938
vt 0.669921875 0.906250000
vt 0.702148438 0.881835938
vt 0.702148438 0.906250000
vt 0.730468750 0.881835938
vt 0.730468750 0.906250000
vt 0.666015625 0.881835938
vt 0.666015625 0.906250000
vt 0.697265625 0.881835938
vt 0.697265625 0.906250000
vt 0.725585938 0.881835938
vt 0.725585938 0.906250000
vt 0.692382812 0.881835938
vt 0.692382812 0.906250000
vt 0.721679688 0.881835938
vt 0.721679688 0.906250000
vt 0.653320312 0.881835938
vt 0.653320312 0.906250000
vt 0.658203125 0.906250000
vt 0.658203125 0.881835938
vt 0.687500000 0.881835938
vt 0.687500000 0.906250000
vt 0.717773438 0.881835938
vt 0.717773438 0.906250000
vt 0.644531250 0.881835938
vt 0.644531250 0.906250000
vt 0.649414062 0.906250000
vt 0.649414062 0.881835938
vt 0.682617188 0.881835938
vt 0.682617188 0.906250000
vt 0.749023438 0.906250000
vt 0.749023438 0.881835938
vt 0.662109375 0.881835938
vt 0.662109375 0.453581691
vt 0.658203125 0.453581691
vt 0.658203125 0.881835938
vt 0.666015625 0.881835938
vt 0.666015625 0.453581691
vt 0.653320312 0.453581691
vt 0.653320312 0.881835938
vt 0.649414062 0.453581691
vt 0.649414062 0.881835938
vt 0.644531250 0.453581691
vt 0.644531250 0.881835938
vt 0.749023438 0.881835938
vt 0.749023438 0.453581691
vt 0.744140625 0.453581691
vt 0.744140625 0.881835938
vt 0.739257812 0.453581691
vt 0.739257812 0.881835938
vt 0.734375000 0.453581691
vt 0.734375000 0.881835938
vt 0.730468750 0.453581691
vt 0.730468750 0.881835938
vt 0.725585938 0.453581691
vt 0.725585938 0.881835938
vt 0.721679688 0.453581691
vt 0.721679688 0.881835938
vt 0.717773438 0.453581691
vt 0.717773438 0.881835938
vt 0.713867188 0.453581691
vt 0.713867188 0.881835938
vt 0.709960938 0.453581691
vt 0.709960938 0.881835938
vt 0.706054688 0.453581691
vt 0.706054688 0.881835938
vt 0.702148438 0.453581691
vt 0.702148438 0.881835938
vt 0.697265625 0.453581691
vt 0.697265625 0.881835938
vt 0.692382812 0.453581691
vt 0.692382812 0.881835938
vt 0.687500000 0.453581691
vt 0.687500000 0.881835938
vt 0.682617188 0.453581691
vt 0.682617188 0.881835938
vt 0.678710938 0.453581691
vt 0.678710938 0.881835938
vt 0.673828125 0.453581691
vt 0.673828125 0.881835938
vt 0.669921875 0.453581691
vt 0.669921875 0.881835938
vt 0.662109375 0.906250000
vt 0.662109375 0.881835938
vt 0.709960938 0.881835938
vt 0.713867188 0.881835938
vt 0.713867188 0.906250000
vt 0.709960938 0.906250000
vt 0.739257812 0.881835938
vt 0.744140625 0.881835938
vt 0.744140625 0.906250000
vt 0.739257812 0.906250000
vt 0.673828125 0.881835938
vt 0.678710938 0.881835938
vt 0.678710938 0.906250000
vt 0.673828125 0.906250000
vt 0.706054688 0.881835938
vt 0.706054688 0.906250000
vt 0.734375000 0.881835938
vt 0.734375000 0.906250000
vt 0.669921875 0.881835938
vt 0.669921875 0.906250000
vt 0.702148438 0.881835938
vt 0.702148438 0.906250000
vt 0.730468750 0.881835938
vt 0.730468750 0.906250000
vt 0.666015625 0.881835938
vt 0.666015625 0.906250000
vt 0.697265625 0.881835938
vt 0.697265625 0.906250000
vt 0.725585938 0.881835938
vt 0.725585938 0.906250000
vt 0.692382812 0.881835938
vt 0.692382812 0.906250000
vt 0.721679688 0.881835938
vt 0.721679688 0.906250000
vt 0.653320312 0.881835938
vt 0.658203125 0.881835938
vt 0.658203125 0.906250000
vt 0.653320312 0.906250000
vt 0.687500000 0.881835938
vt 0.687500000 0.906250000
vt 0.717773438 0.881835938
vt 0.717773438 0.906250000
vt 0.644531250 0.881835938
vt 0.649414062 0.881835938
vt 0.649414062 0.906250000
vt 0.644531250 0.906250000
vt 0.682617188 0.881835938
vt 0.682617188 0.906250000
vt 0.749023438 0.881835938
vt 0.749023438 0.906250000
vt 0.662109375 0.881835938
vt 0.658203125 0.881835938
vt 0.658203125 0.453581691
vt 0.662109375 0.453581691
vt 0.666015625 0.881835938
vt 0.666015625 0.453581691
vt 0.653320312 0.881835938
vt 0.653320312 0.453581691
vt 0.649414062 0.881835938
vt 0.649414062 0.453581691
vt 0.644531250 0.881835938
vt 0.644531250 0.453581691
vt 0.749023438 0.881835938
vt 0.744140625 0.881835938
vt 0.744140625 0.453581691
vt 0.749023438 0.453581691
vt 0.739257812 0.881835938
vt 0.739257812 0.453581691
vt 0.734375000 0.881835938
vt 0.734375000 0.453581691
vt 0.730468750 0.881835938
vt 0.730468750 0.453581691
vt 0.725585938 0.881835938
vt 0.725585938 0.453581691
vt 0.721679688 0.881835938
vt 0.721679688 0.453581691
vt 0.717773438 0.881835938
vt 0.717773438 0.453581691
vt 0.713867188 0.881835938
vt 0.713867188 0.453581691
vt 0.709960938 0.881835938
vt 0.709960938 0.453581691
vt 0.706054688 0.881835938
vt 0.706054688 0.453581691
vt 0.702148438 0.881835938
vt 0.702148438 0.453581691
vt 0.697265625 0.881835938
vt 0.697265625 0.453581691
vt 0.692382812 0.881835938
vt 0.692382812 0.453581691
vt 0.687500000 0.881835938
vt 0.687500000 0.453581691
vt 0.682617188 0.881835938
vt 0.682617188 0.453581691
vt 0.678710938 0.881835938
vt 0.678710938 0.453581691
vt 0.673828125 0.881835938
vt 0.673828125 0.453581691
vt 0.669921875 0.881835938
vt 0.669921875 0.453581691
vt 0.662109375 0.881835938
vt 0.662109375 0.906250000
vt 0.519812286 0.989673674
vt 0.637871742 0.987287939
vt 0.638311148 0.846682489
vt 0.521018028 0.849072516
vt 0.524362803 0.563204527
vt 0.455013514 0.565373003
vt 0.450970173 0.850608647
vt 0.640183866 0.559281409
vt 0.449404538 0.991204917
vt 0.462322623 1.001517415
vt 0.462323397 0.001822591
vt 0.227495596 0.001822233
vt 0.227495402 1.001518488
vt 0.580616474 0.000000000
vt 0.946081758 0.000000060
vt 0.946081817 0.000000000
vt 0.580616534 0.000000000
vt 0.113849230 0.829000175
vt 0.131398588 0.821223140
vt 0.131880611 0.143383920
vt 0.113849230 0.135606647
vt 0.875479698 0.704373658
vt 0.937253118 0.704373658
vt 0.937254906 0.518621087
vt 0.875482678 0.518621027
vt 0.500000000 0.000000000
vt 0.500000000 0.000000000
vt 0.875482678 0.440450072
vt 0.937254906 0.440450072
vt 0.937254906 0.439248919
vt 0.875482678 0.439248919
vt 0.875479698 0.786152303
vt 0.937253118 0.786152303
vt 0.937253118 0.784952104
vt 0.875479698 0.784952104
vt 0.937254906 0.438043416
vt 0.875482678 0.438043475
vt 0.937254906 0.517240405
vt 0.875482678 0.517240405
vt 0.875479698 0.787355363
vt 0.937253118 0.787355363
vt 0.937254906 0.436843276
vt 0.875482678 0.436843276
vt 0.937254906 0.515749574
vt 0.875482678 0.515749574
vt 0.937254906 0.435640156
vt 0.875482678 0.435640156
vt 0.937254906 0.514218748
vt 0.875482678 0.514218748
vt 0.875479698 0.711647451
vt 0.937253118 0.711647451
vt 0.937253118 0.710266888
vt 0.875479698 0.710266888
vt 0.937254906 0.512727916
vt 0.875482678 0.512727916
vt 0.875482678 0.511347294
vt 0.937254906 0.511347294
vt 0.937254906 0.484107196
vt 0.875482678 0.484107256
vt 0.875479698 0.708776057
vt 0.937253177 0.708776057
vt 0.937253118 0.707245171
vt 0.875479698 0.707245171
vt 0.213819653 0.175887704
vt 0.213819653 0.788719296
vt 0.875479698 0.705754220
vt 0.937253118 0.705754220
vt 0.875479698 0.738887846
vt 0.937253118 0.738887846
vt 0.875479698 0.781342447
vt 0.937253118 0.781342447
vt 0.875479698 0.782545507
vt 0.937253118 0.782545507
vt 0.937254906 0.441653252
vt 0.875482678 0.441653192
vt 0.875479698 0.783746660
vt 0.937253118 0.783746660
vt 0.580616474 0.000000000
vt 0.580616474 0.000000119
vt 0.946081698 0.000000119
vt 0.946081817 0.000000000
vt 0.095817834 0.143383920
vt 0.096299872 0.821223140
vt 0.875482678 0.390301824
vt 0.875482678 0.421640456
vt 0.937254906 0.421640396
vt 0.937256157 0.390301824
vt 0.875482678 0.434828699
vt 0.875482678 0.435031354
vt 0.937254906 0.435031354
vt 0.937254906 0.434828758
vt 0.875482678 0.376504958
vt 0.875482678 0.376707494
vt 0.937254906 0.376707494
vt 0.937256157 0.376505017
vt 0.875482678 0.435234725
vt 0.937254906 0.435234666
vt 0.875482678 0.421873331
vt 0.937254906 0.421873331
vt 0.875482678 0.376302063
vt 0.937256157 0.376302063
vt 0.875482678 0.435437202
vt 0.937254906 0.435437202
vt 0.875482678 0.422124863
vt 0.937254906 0.422124863
vt 0.875482678 0.422383130
vt 0.937254906 0.422383130
vt 0.875482678 0.389074683
vt 0.875482678 0.389307559
vt 0.937256157 0.389307499
vt 0.937256157 0.389074683
vt 0.875482678 0.422634661
vt 0.937254965 0.422634602
vt 0.875482678 0.422867596
vt 0.875482678 0.427463233
vt 0.937254906 0.427463233
vt 0.937254906 0.422867596
vt 0.875482678 0.389559150
vt 0.875482678 0.389817417
vt 0.937254846 0.389817417
vt 0.937256217 0.389559150
vt 0.013109758 0.175887704
vt 0.013109818 0.788719296
vt 0.875482678 0.390068948
vt 0.937256157 0.390069008
vt 0.875482678 0.384478986
vt 0.937254906 0.384479046
vt 0.875482678 0.377316535
vt 0.937254906 0.377316594
vt 0.875482678 0.377113521
vt 0.937254906 0.377113521
vt 0.875482678 0.434625685
vt 0.937254906 0.434625745
vt 0.875482678 0.376910865
vt 0.937254906 0.376910806
vt 0.700798512 0.063825548
vt 0.684068322 0.063825548
vt 0.684068322 0.065375566
vt 0.700798512 0.065375566
vt 0.700798512 0.049875379
vt 0.684068322 0.049875379
vt 0.684068322 0.051425338
vt 0.700798512 0.051425338
vt 0.700798512 0.039025128
vt 0.684068322 0.039025128
vt 0.684068322 0.040575206
vt 0.700798512 0.040575206
vt 0.684068322 0.066925585
vt 0.700798512 0.066925585
vt 0.684068322 0.052975357
vt 0.700798512 0.052975357
vt 0.684068322 0.042125225
vt 0.700798512 0.042125225
vt 0.684068322 0.068475604
vt 0.700798512 0.068475604
vt 0.684068322 0.054525375
vt 0.700798512 0.054525375
vt 0.684068322 0.043675244
vt 0.700798512 0.043675244
vt 0.684068322 0.070025682
vt 0.700798512 0.070025682
vt 0.684068322 0.056075394
vt 0.700798512 0.056075394
vt 0.684068322 0.045225203
vt 0.700798512 0.045225203
vt 0.684068322 0.071575701
vt 0.700798512 0.071575701
vt 0.684068322 0.057625473
vt 0.700798512 0.057625473
vt 0.700798512 0.059175491
vt 0.684068322 0.059175491
vt 0.684068322 0.060725510
vt 0.700798512 0.060725510
vt 0.684068322 0.046775281
vt 0.700798512 0.046775281
vt 0.700798512 0.034375131
vt 0.684068322 0.034375131
vt 0.684068322 0.035925150
vt 0.700798512 0.035925150
vt 0.684068322 0.062275589
vt 0.700798512 0.062275589
vt 0.684068322 0.048325241
vt 0.700798512 0.048325241
vt 0.684068322 0.037475169
vt 0.700798512 0.037475169
vt 0.225284114 0.193684697
vt 0.224722952 0.189435422
vt 0.223094583 0.185131133
vt 0.220558316 0.181193888
vt 0.217362344 0.178008914
vt 0.217362344 0.786598086
vt 0.220558316 0.783413053
vt 0.223094583 0.779475689
vt 0.224722952 0.775171638
vt 0.225283995 0.770922124
vt 0.113849238 0.962881386
vt 0.117124178 0.962827086
vt 0.120290972 0.961909235
vt 0.122963056 0.959734797
vt 0.124795608 0.956643283
vt 0.125557661 0.953007042
vt 0.125391737 0.011599898
vt 0.124640480 0.007963598
vt 0.122833908 0.004872262
vt 0.120199688 0.002697587
vt 0.117077760 0.001779854
vt 0.113849230 0.001725554
vt 0.963167071 0.000966370
vt 0.978026927 0.003818989
vt 0.989819586 0.008572400
vt 0.997390985 0.014773846
vt 1.000000000 0.021514118
vt 1.000000000 0.021514118
vt 0.997391045 0.014773786
vt 0.989819586 0.008572400
vt 0.978026807 0.003818989
vt 0.963167071 0.000966370
vt 0.586243749 0.000000000
vt 0.581383467 0.000000000
vt 0.567214251 0.000000060
vt 0.545576811 0.000000000
vt 0.520174026 0.000000000
vt 0.500000000 0.000000000
vt 0.500000000 0.000000000
vt 0.520174026 0.000000000
vt 0.545576811 0.000000000
vt 0.567214310 0.000000000
vt 0.581383467 0.000000000
vt 0.586243689 0.000000060
vt 0.001645364 0.193684697
vt 0.001645416 0.770922124
vt 0.002206534 0.775171578
vt 0.003834888 0.779475689
vt 0.006371222 0.783413053
vt 0.009567112 0.786598027
vt 0.009567112 0.178008914
vt 0.006371222 0.181193888
vt 0.003834888 0.185131133
vt 0.002206534 0.189435422
vt 0.102140903 0.953006923
vt 0.102903046 0.956643105
vt 0.104735412 0.959734738
vt 0.107407488 0.961909115
vt 0.110574298 0.962826967
vt 0.110620700 0.001779854
vt 0.107498772 0.002697587
vt 0.104864560 0.004872262
vt 0.103058159 0.007963598
vt 0.102306820 0.011599898
vt 0.963167071 0.000966370
vt 0.978026867 0.003818989
vt 0.989819586 0.008572400
vt 0.997391045 0.014773786
vt 1.000000000 0.021514118
vt 1.000000000 0.021514118
vt 0.997390985 0.014773846
vt 0.989819586 0.008572400
vt 0.978026867 0.003818989
vt 0.963167071 0.000966370
vt 0.520174026 0.000000000
vt 0.545576811 0.000000000
vt 0.567214251 0.000000060
vt 0.581383467 0.000000000
vt 0.586243749 0.000000000
vt 0.586243749 0.000000000
vt 0.581383467 0.000000000
vt 0.567214310 0.000000000
vt 0.545576751 0.000000060
vt 0.520174026 0.000000000
vt 0.679388523 0.001873732
vt 0.667374909 0.007307947
vt 0.656913400 0.015181363
vt 0.649114072 0.025402606
vt 0.643679976 0.037656486
vt 0.642220020 0.050723851
vt 0.643679976 0.064197540
vt 0.649114072 0.076044977
vt 0.656913400 0.086672783
vt 0.667374909 0.094305813
vt 0.679388523 0.099739850
vt 0.692696214 0.101200104
vt 0.705763400 0.099739969
vt 0.718017459 0.094305933
vt 0.728238463 0.086672783
vt 0.736112118 0.076044977
vt 0.741546154 0.064197540
vt 0.743172467 0.050723851
vt 0.741546154 0.037656605
vt 0.736112118 0.025402606
vt 0.728238463 0.015181363
vt 0.718017459 0.007307947
vt 0.705763400 0.001873732
vt 0.692696214 0.000247419
vt 0.518143654 0.566916585
vt 0.458566725 0.566916585
vt 0.458566695 0.779912829
vt 0.518143713 0.779912829
vt 0.458566666 0.992909014
vt 0.518143713 0.992909014
vt 0.637297750 0.779912710
vt 0.577720761 0.779912770
vt 0.577720761 0.992909014
vt 0.637297809 0.992908955
vt 0.637297750 0.566916406
vt 0.577720642 0.566916525
vt 0.518143654 0.992908955
vt 0.518143713 0.779912710
vt 0.458566695 0.779912710
vt 0.458566725 0.992908955
vt 0.518143713 0.566916525
vt 0.458566666 0.566916525
vt 0.637297750 0.779912829
vt 0.637297809 0.566916585
vt 0.577720761 0.566916525
vt 0.577720761 0.779912770
vt 0.637297750 0.992909133
vt 0.577720642 0.992909014
vt 0.529296875 0.073242188
vt 0.511718750 0.093750000
vt 0.488281250 0.080078125
vt 0.507812500 0.052734375
vt 0.707031250 0.146484375
vt 0.703125000 0.119140625
vt 0.731445312 0.112304688
vt 0.735351562 0.146484375
vt 0.575195312 0.248046875
vt 0.602539062 0.250976562
vt 0.602539062 0.279296875
vt 0.567382812 0.275390625
vt 0.500976562 0.119140625
vt 0.473632812 0.112304688
vt 0.692382812 0.093750000
vt 0.716796875 0.080078125
vt 0.629882812 0.248046875
vt 0.636718750 0.275390625
vt 0.498046875 0.146484375
vt 0.469726562 0.146484375
vt 0.675781250 0.073242188
vt 0.696289062 0.052734375
vt 0.655273438 0.237304688
vt 0.668945312 0.260742188
vt 0.500976562 0.174804688
vt 0.473632812 0.181640625
vt 0.655273438 0.056640625
vt 0.668945312 0.032226562
vt 0.675781250 0.220703125
vt 0.696289062 0.241210938
vt 0.511718750 0.199218750
vt 0.488281250 0.212890625
vt 0.629882812 0.045898438
vt 0.636718750 0.017578125
vt 0.602539062 0.041992188
vt 0.575195312 0.045898438
vt 0.567382812 0.017578125
vt 0.602539062 0.013671875
vt 0.692382812 0.199218750
vt 0.716796875 0.212890625
vt 0.529296875 0.220703125
vt 0.507812500 0.241210938
vt 0.549804688 0.056640625
vt 0.536132812 0.032226562
vt 0.703125000 0.174804688
vt 0.731445312 0.181640625
vt 0.549804688 0.237304688
vt 0.536132812 0.260742188
vt 0.700739741 0.034153700
vt 0.684320986 0.034153700
vt 0.684320986 0.035742044
vt 0.700739741 0.035742044
vt 0.700739741 0.057980359
vt 0.684320986 0.057980359
vt 0.684320986 0.059568763
vt 0.700739741 0.059568763
vt 0.700739741 0.046861231
vt 0.684320986 0.046861231
vt 0.684320986 0.048449516
vt 0.700739741 0.048449516
vt 0.684320986 0.037330568
vt 0.700739741 0.037330568
vt 0.684320986 0.061157227
vt 0.700739741 0.061157227
vt 0.684320986 0.050038099
vt 0.700739741 0.050038099
vt 0.684320986 0.038919032
vt 0.700739741 0.038919032
vt 0.684320986 0.062745631
vt 0.700739741 0.062745631
vt 0.684320986 0.051626444
vt 0.700739741 0.051626444
vt 0.684320986 0.040507436
vt 0.700739741 0.040507436
vt 0.684320986 0.064334095
vt 0.700739741 0.064334095
vt 0.684320986 0.053214908
vt 0.700739741 0.053214967
vt 0.684320986 0.042095900
vt 0.700739741 0.042095900
vt 0.684320986 0.065922499
vt 0.700739741 0.065922499
vt 0.700739741 0.067510903
vt 0.684320986 0.067510903
vt 0.684320986 0.069099486
vt 0.700739741 0.069099486
vt 0.684320986 0.054803371
vt 0.700739741 0.054803371
vt 0.684320986 0.043684244
vt 0.700739741 0.043684244
vt 0.684320986 0.070687830
vt 0.700739741 0.070687830
vt 0.684320986 0.056391835
vt 0.700739741 0.056391835
vt 0.684320986 0.045272768
vt 0.700739741 0.045272768
vt 0.700739741 0.032565236
vt 0.684320986 0.032565236
vt 0.679218948 0.001897573
vt 0.666960120 0.007084012
vt 0.657058775 0.015099347
vt 0.648571908 0.025000751
vt 0.643385470 0.037259519
vt 0.641970992 0.050461292
vt 0.643385470 0.064134598
vt 0.648571908 0.075921893
vt 0.657058775 0.086294711
vt 0.666960120 0.094310164
vt 0.679218948 0.099496484
vt 0.692420721 0.100911021
vt 0.705622494 0.099496484
vt 0.717881322 0.094310164
vt 0.727782607 0.086294711
vt 0.735798061 0.075921893
vt 0.740984440 0.064134598
vt 0.742870450 0.050461292
vt 0.740984440 0.037259519
vt 0.735798061 0.025000751
vt 0.727782607 0.015099347
vt 0.717881322 0.007084012
vt 0.705622494 0.001897573
vt 0.692420721 0.000011683
vt 0.875000000 0.736328125
vt 0.937500000 0.736328125
vt 0.937500000 0.497070312
vt 0.875000000 0.497070312
vt 0.937499940 0.662109375
vt 0.937500000 0.753906250
vt 0.875000000 0.753906250
vt 0.875000000 0.661132812
vt 0.875000000 0.753906250
vt 0.875000000 0.662109375
vt 0.937500000 0.661132812
vt 0.937500000 0.753906250
vt 0.937500000 0.339843750
vt 0.937500000 0.430664062
vt 0.875000000 0.431640625
vt 0.875000000 0.338867188
vt 0.875000000 0.430664062
vt 0.875000000 0.339843750
vt 0.937500000 0.338867188
vt 0.937500000 0.431640625
vt 0.937500000 0.430664062
vt 0.937499940 0.662109375
vt 0.875000000 0.661132812
vt 0.875000000 0.431640625
vt 0.875000000 0.662109375
vt 0.875000000 0.430664062
vt 0.937500000 0.431640625
vt 0.937500000 0.661132812
vt 0.937500000 0.108398438
vt 0.937500000 0.339843750
vt 0.875000000 0.338867188
vt 0.875000000 0.108398438
vt 0.937500000 0.431640625
vt 0.937500000 0.338867188
vt 0.875000000 0.338867188
vt 0.875000000 0.431640625
vt 0.937500000 0.108398438
vt 0.875000000 0.108398438
vt 0.937500000 0.736328125
vt 0.875000000 0.736328125
vt 0.875000000 0.497070312
vt 0.937500000 0.497070312
vt 0.875000000 0.402343750
vt 0.937500000 0.402343750
vt 0.937500000 0.661132812
vt 0.875000000 0.661132812
vt 0.875000000 0.163085938
vt 0.937500000 0.163085938
vt 0.937500000 0.753906250
vt 0.875000000 0.753906250
vt 0.937500000 0.831054688
vt 0.875000000 0.831054688
vt 0.937500000 0.497070312
vt 0.875000000 0.497070312
vt 0.875000000 0.736328125
vt 0.937500000 0.736328125
vt 0.875000000 0.402343750
vt 0.937500000 0.402343750
vt 0.937500000 0.163085938
vt 0.875000000 0.163085938
vt 0.937500000 0.163085938
vt 0.875000000 0.163085938
vt 0.875000000 0.402343750
vt 0.937500000 0.402343750
vt 0.875000000 0.831054688
vt 0.937500000 0.831054688
vt 0.937500000 0.736328125
vt 0.875000000 0.736328125
vt 0.937500000 0.736328125
vt 0.875000000 0.736328125
vt 0.875000000 0.831054688
vt 0.937500000 0.831054688
vt 0.875000000 0.497070312
vt 0.937500000 0.497070312
vt 0.937500000 0.402343750
vt 0.875000000 0.402343750
vt 0.875000000 0.339843750
vt 0.875000000 0.108398438
vt 0.937500000 0.108398438
vt 0.937500000 0.338867188
vt 0.937500000 0.402343750
vt 0.875000000 0.402343750
vt 0.875000000 0.497070312
vt 0.937500000 0.497070312
vt 0.875000000 0.736328125
vt 0.875000000 0.497070312
vt 0.937500000 0.497070312
vt 0.937500000 0.736328125
vt 0.937499940 0.662109375
vt 0.875000000 0.661132812
vt 0.875000000 0.753906250
vt 0.937500000 0.753906250
vt 0.875000000 0.753906250
vt 0.937500000 0.753906250
vt 0.937500000 0.661132812
vt 0.875000000 0.662109375
vt 0.937500000 0.339843750
vt 0.875000000 0.338867188
vt 0.875000000 0.431640625
vt 0.937500000 0.430664062
vt 0.875000000 0.430664062
vt 0.937500000 0.431640625
vt 0.937500000 0.338867188
vt 0.875000000 0.339843750
vt 0.937500000 0.430664062
vt 0.875000000 0.431640625
vt 0.875000000 0.661132812
vt 0.937499940 0.662109375
vt 0.875000000 0.662109375
vt 0.937500000 0.661132812
vt 0.937500000 0.431640625
vt 0.875000000 0.430664062
vt 0.937500000 0.108398438
vt 0.875000000 0.108398438
vt 0.875000000 0.338867188
vt 0.937500000 0.339843750
vt 0.937500000 0.431640625
vt 0.875000000 0.431640625
vt 0.875000000 0.338867188
vt 0.937500000 0.338867188
vt 0.875000000 0.108398438
vt 0.937500000 0.108398438
vt 0.937500000 0.736328125
vt 0.937500000 0.497070312
vt 0.875000000 0.497070312
vt 0.875000000 0.736328125
vt 0.937500000 0.402343750
vt 0.875000000 0.402343750
vt 0.937500000 0.661132812
vt 0.875000000 0.661132812
vt 0.937500000 0.163085938
vt 0.875000000 0.163085938
vt 0.937500000 0.753906250
vt 0.875000000 0.753906250
vt 0.937500000 0.831054688
vt 0.875000000 0.831054688
vt 0.937500000 0.497070312
vt 0.937500000 0.736328125
vt 0.875000000 0.736328125
vt 0.875000000 0.497070312
vt 0.875000000 0.402343750
vt 0.875000000 0.163085938
vt 0.937500000 0.163085938
vt 0.937500000 0.402343750
vt 0.937500000 0.163085938
vt 0.937500000 0.402343750
vt 0.875000000 0.402343750
vt 0.875000000 0.163085938
vt 0.875000000 0.831054688
vt 0.875000000 0.736328125
vt 0.937500000 0.736328125
vt 0.937500000 0.831054688
vt 0.937500000 0.736328125
vt 0.937500000 0.831054688
vt 0.875000000 0.831054688
vt 0.875000000 0.736328125
vt 0.875000000 0.497070312
vt 0.875000000 0.402343750
vt 0.937500000 0.402343750
vt 0.937500000 0.497070312
vt 0.875000000 0.339843750
vt 0.937500000 0.338867188
vt 0.937500000 0.108398438
vt 0.875000000 0.108398438
vt 0.937500000 0.402343750
vt 0.937500000 0.497070312
vt 0.875000000 0.497070312
vt 0.875000000 0.402343750
f 1/1 2/2 3/3
f 1/1 3/3 4/4
f 5/5 6/6 7/7
f 5/5 7/7 8/8
f 9/9 10/10 11/11
f 9/9 11/11 12/12
f 13/13 14/14 15/15
f 13/13 15/15 16/16
f 17/17 18/18 19/19
f 17/17 19/19 20/20
f 21/21 22/22 23/23
f 21/21 23/23 24/24
f 25/25 26/26 27/27
f 25/25 27/27 28/28
f 29/29 30/30 31/31
f 29/29 31/31 32/32
f 33/33 34/34 35/35
f 33/33 35/35 36/36
f 37/37 38/38 39/39
f 37/37 39/39 40/40
f 41/41 42/42 43/43
f 41/41 43/43 44/44
f 45/45 46/46 47/47
f 45/45 47/47 48/48
f 49/49 50/50 51/51
f 49/49 51/51 52/52
f 53/53 54/54 55/55
f 53/53 55/55 56/56
f 57/57 58/58 59/59
f 57/57 59/59 60/60
f 13/13 61/61 62/62
f 13/13 62/62 14/14
f 61/61 20/20 19/19
f 61/61 19/19 62/62
f 51/51 63/63 64/64
f 51/51 64/64 52/52
f 63/63 18/18 17/17
f 63/63 17/17 64/64
f 49/49 65/65 66/66
f 49/49 66/66 50/50
f 65/65 12/12 11/11
f 65/65 11/11 66/66
f 15/15 67/67 68/68
f 15/15 68/68 16/16
f 69/69 10/10 9/9
f 69/69 9/9 70/70
f 55/55 71/71 72/72
f 55/55 72/72 56/56
f 71/71 58/58 57/57
f 71/71 57/57 72/72
f 1/1 73/73 74/74
f 1/1 74/74 2/2
f 73/73 60/60 59/59
f 73/73 59/59 74/74
f 27/27 75/75 76/76
f 27/27 76/76 28/28
f 77/77 54/54 53/53
f 77/77 53/53 78/78
f 3/3 79/79 80/80
f 3/3 80/80 4/4
f 79/79 26/26 25/25
f 79/79 25/25 80/80
f 47/47 81/81 82/82
f 47/47 82/82 48/48
f 81/81 6/6 5/5
f 81/81 5/5 82/82
f 37/37 83/83 84/84
f 37/37 84/84 38/38
f 83/83 8/8 7/7
f 83/83 7/7 84/84
f 41/41 85/85 86/86
f 41/41 86/86 42/42
f 87/87 40/40 39/39
f 87/87 39/39 88/88
f 45/45 89/89 90/90
f 45/45 90/90 46/46
f 89/89 44/44 43/43
f 89/89 43/43 90/90
f 91/91 92/92 93/93
f 91/91 93/93 94/94
f 92/92 34/34 33/33
f 92/92 33/33 93/93
f 29/29 95/95 96/96
f 29/29 96/96 30/30
f 95/95 36/36 35/35
f 95/95 35/35 96/96
f 21/21 97/97 98/98
f 21/21 98/98 22/22
f 99/99 32/32 31/31
f 99/99 31/31 100/100
f 101/101 102/102 103/103
f 101/101 103/103 104/104
f 102/102 24/24 23/23
f 102/102 23/23 103/103
f 101/101 104/104 91/91
f 101/101 91/91 94/94
f 105/105 106/106 107/107
f 105/105 107/107 108/108
f 109/109 110/110 111/111
f 109/109 111/111 112/112
f 113/113 114/114 115/115
f 113/113 115/115 116/116
f 117/117 118/118 119/119
f 117/117 119/119 120/120
f 121/121 122/122 123/123
f 121/121 123/123 124/124
f 125/125 126/126 127/127
f 125/125 127/127 128/128
f 129/129 130/130 131/131
f 129/129 131/131 132/132
f 133/133 134/134 135/135
f 133/133 135/135 136/136
f 137/137 138/138 139/139
f 137/137 139/139 140/140
f 141/141 142/142 143/143
f 141/141 143/143 144/144
f 145/145 146/146 147/147
f 145/145 147/147 148/148
f 149/149 150/150 151/151
f 149/149 151/151 152/152
f 153/153 154/154 155/155
f 153/153 155/155 156/156
f 157/157 158/158 159/159
f 157/157 159/159 160/160
f 161/161 162/162 163/163
f 161/161 163/163 164/164
f 117/117 165/165 166/166
f 117/117 166/166 118/118
f 165/165 124/124 123/123
f 165/165 123/123 166/166
f 155/155 167/167 168/168
f 155/155 168/168 156/156
f 167/167 122/122 121/121
f 167/167 121/121 168/168
f 153/153 169/169 170/170
f 153/153 170/170 154/154
f 169/169 116/116 115/115
f 169/169 115/115 170/170
f 119/119 171/171 172/172
f 119/119 172/172 120/120
f 173/173 114/114 113/113
f 173/173 113/113 174/174
f 159/159 175/175 176/176
f 159/159 176/176 160/160
f 175/175 162/162 161/161
f 175/175 161/161 176/176
f 105/105 177/177 178/178
f 105/105 178/178 106/106
f 177/177 164/164 163/163
f 177/177 163/163 178/178
f 131/131 179/179 180/180
f 131/131 180/180 132/132
f 181/181 158/158 157/157
f 181/181 157/157 182/182
f 107/107 183/183 184/184
f 107/107 184/184 108/108
f 183/183 130/130 129/129
f 183/183 129/129 184/184
f 151/151 185/185 186/186
f 151/151 186/186 152/152
f 185/185 110/110 109/109
f 185/185 109/109 186/186
f 141/141 187/187 188/188
f 141/141 188/188 142/142
f 187/187 112/112 111/111
f 187/187 111/111 188/188
f 145/145 189/189 190/190
f 145/145 190/190 146/146
f 191/191 144/144 143/143
f 191/191 143/143 192/192
f 149/149 193/193 194/194
f 149/149 194/194 150/150
f 193/193 148/148 147/147
f 193/193 147/147 194/194
f 195/195 196/196 197/197
f 195/195 197/197 198/198
f 196/196 138/138 137/137
f 196/196 137/137 197/197
f 133/133 199/199 200/200
f 133/133 200/200 134/134
f 199/199 140/140 139/139
f 199/199 139/139 200/200
f 125/125 201/201 202/202
f 125/125 202/202 126/126
f 203/203 136/136 135/135
f 203/203 135/135 204/204
f 205/205 206/206 207/207
f 205/205 207/207 208/208
f 206/206 128/128 127/127
f 206/206 127/127 207/207
f 205/205 208/208 195/195
f 205/205 195/195 198/198
f 209/209 210/210 211/211
f 209/209 211/211 212/212
f 213/213 214/214 215/215
f 213/213 215/215 216/216
f 217/217 218/218 219/219
f 217/217 219/219 220/220
f 221/221 222/222 223/223
f 221/221 223/223 224/224
f 225/225 226/226 227/227
f 225/225 227/227 228/228
f 229/229 230/230 231/231
f 229/229 231/231 232/232
f 233/233 234/234 235/235
f 233/233 235/235 236/236
f 237/237 238/238 239/239
f 237/237 239/239 240/240
f 241/241 242/242 243/243
f 241/241 243/243 244/244
f 245/245 246/246 247/247
f 245/245 247/247 248/248
f 249/249 250/250 251/251
f 249/249 251/251 252/252
f 253/253 254/254 255/255
f 253/253 255/255 256/256
f 257/257 258/258 259/259
f 257/257 259/259 260/260
f 261/261 262/262 263/263
f 261/261 263/263 264/264
f 265/265 266/266 267/267
f 265/265 267/267 268/268
f 269/269 270/270 271/271
f 269/269 271/271 272/272
f 273/273 274/274 275/275
f 273/273 275/275 276/276
f 277/277 278/278 279/279
f 277/277 279/279 280/280
f 281/281 282/282 283/283
f 281/281 283/283 284/284
f 285/285 286/286 287/287
f 285/285 287/287 288/288
f 289/289 290/290 291/291
f 289/289 291/291 292/292
f 293/293 294/294 295/295
f 293/293 295/295 296/296
f 297/297 298/298 299/299
f 300/300 301/301 302/302
f 303/303 304/304 305/305
f 306/306 307/307 308/308
f 309/309 310/310 311/311
f 312/312 313/313 314/314
f 315/315 316/316 317/317
f 318/318 319/319 320/320
f 321/321 322/322 323/323
f 324/324 325/325 326/326
f 301/301 300/300 327/327
f 328/328 329/329 330/330
f 331/331 332/332 333/333
f 334/334 335/335 336/336
f 337/337 338/338 339/339
f 340/340 341/341 342/342
f 337/337 343/343 340/340
f 344/344 345/345 346/346
f 347/347 348/348 349/349
f 350/350 351/351 352/352
f 353/353 354/354 355/355
f 356/356 357/357 358/358
f 359/359 360/360 361/361
f 362/362 363/363 364/364
f 365/365 366/366 367/367
f 368/368 346/346 369/369
f 370/370 371/371 372/372
f 373/373 374/374 375/375
f 376/376 377/377 378/378
f 379/379 380/380 381/381
f 382/382 383/383 384/384
f 385/385 386/386 387/387
f 386/386 388/388 387/387
f 389/389 390/390 391/391
f 392/392 393/393 394/394
f 395/395 396/396 397/397
f 398/398 399/399 400/400
f 400/400 401/401 402/402
f 401/401 403/403 402/402
f 403/403 404/404 402/402
f 404/404 405/405 406/406
f 405/405 407/407 406/406
f 407/407 408/408 409/409
f 408/408 410/410 411/411
f 410/410 298/298 297/297
f 411/411 410/410 297/297
f 298/298 412/412 299/299
f 412/412 413/413 299/299
f 413/413 414/414 299/299
f 414/414 415/415 416/416
f 299/299 414/414 416/416
f 415/415 417/417 416/416
f 417/417 418/418 416/416
f 416/416 418/418 419/419
f 418/418 420/420 419/419
f 420/420 421/421 422/422
f 423/423 420/420 424/424
f 425/425 426/426 427/427
f 422/422 424/424 420/420
f 425/425 427/427 422/422
f 420/420 423/423 419/419
f 407/407 409/409 406/406
f 404/404 406/406 402/402
f 402/402 398/398 400/400
f 408/408 411/411 409/409
f 421/421 425/425 422/422
f 302/302 428/428 429/429
f 429/429 300/300 302/302
f 430/430 431/431 305/305
f 431/431 303/303 305/305
f 432/432 360/360 433/433
f 433/433 434/434 432/432
f 434/434 435/435 436/436
f 432/432 434/434 436/436
f 435/435 437/437 436/436
f 437/437 438/438 436/436
f 436/436 438/438 308/308
f 438/438 439/439 308/308
f 439/439 306/306 308/308
f 306/306 440/440 307/307
f 440/440 441/441 442/442
f 440/440 442/442 307/307
f 443/443 314/314 444/444
f 314/314 445/445 446/446
f 444/444 314/314 313/313
f 445/445 310/310 446/446
f 310/310 309/309 446/446
f 446/446 312/312 314/314
f 447/447 389/389 315/315
f 389/389 391/391 448/448
f 389/389 448/448 315/315
f 449/449 450/450 315/315
f 450/450 447/447 315/315
f 451/451 317/317 452/452
f 317/317 449/449 315/315
f 452/452 317/317 316/316
f 453/453 454/454 455/455
f 454/454 451/451 455/455
f 456/456 457/457 458/458
f 457/457 453/453 458/458
f 458/458 453/453 455/455
f 310/310 459/459 460/460
f 459/459 456/456 458/458
f 460/460 311/311 310/310
f 458/458 460/460 459/459
f 455/455 451/451 452/452
f 461/461 462/462 319/319
f 462/462 320/320 319/319
f 320/320 463/463 318/318
f 321/321 464/464 322/322
f 464/464 465/465 322/322
f 465/465 466/466 467/467
f 322/322 465/465 467/467
f 468/468 469/469 470/470
f 469/469 471/471 470/470
f 470/470 472/472 468/468
f 468/468 472/472 473/473
f 472/472 474/474 475/475
f 475/475 474/474 476/476
f 475/475 473/473 472/472
f 474/474 477/477 478/478
f 477/477 479/479 480/480
f 479/479 481/481 482/482
f 477/477 480/480 483/483
f 481/481 484/484 485/485
f 484/484 486/486 487/487
f 485/485 484/484 487/487
f 486/486 488/488 487/487
f 488/488 489/489 487/487
f 489/489 490/490 487/487
f 490/490 467/467 491/491
f 491/491 467/467 466/466
f 322/322 492/492 323/323
f 492/492 493/493 323/323
f 493/493 494/494 495/495
f 323/323 493/493 495/495
f 494/494 496/496 495/495
f 496/496 497/497 495/495
f 497/497 498/498 499/499
f 498/498 500/500 501/501
f 501/501 500/500 502/502
f 500/500 503/503 502/502
f 503/503 504/504 505/505
f 506/506 504/504 507/507
f 504/504 508/508 507/507
f 508/508 509/509 510/510
f 507/507 508/508 511/511
f 509/509 512/512 513/513
f 512/512 514/514 515/515
f 509/509 513/513 510/510
f 515/515 513/513 512/512
f 504/504 506/506 505/505
f 481/481 485/485 482/482
f 474/474 478/478 476/476
f 478/478 477/477 483/483
f 511/511 508/508 510/510
f 480/480 479/479 482/482
f 503/503 505/505 516/516
f 503/503 516/516 502/502
f 498/498 501/501 499/499
f 491/491 487/487 490/490
f 497/497 499/499 495/495
f 325/325 318/318 326/326
f 318/318 463/463 326/326
f 326/326 514/514 517/517
f 324/324 326/326 517/517
f 327/327 518/518 519/519
f 519/519 301/301 327/327
f 343/343 520/520 340/340
f 340/340 342/342 337/337
f 342/342 338/338 337/337
f 346/346 521/521 344/344
f 521/521 522/522 344/344
f 523/523 524/524 525/525
f 524/524 526/526 525/525
f 527/527 528/528 529/529
f 528/528 530/530 531/531
f 532/532 528/528 533/533
f 526/526 527/527 529/529
f 528/528 532/532 529/529
f 531/531 534/534 528/528
f 534/534 533/533 528/528
f 529/529 525/525 526/526
f 525/525 348/348 347/347
f 348/348 535/535 349/349
f 525/525 347/347 523/523
f 535/535 536/536 349/349
f 536/536 537/537 349/349
f 537/537 538/538 539/539
f 538/538 540/540 539/539
f 540/540 541/541 542/542
f 540/540 542/542 539/539
f 537/537 539/539 349/349
f 543/543 541/541 544/544
f 541/541 540/540 544/544
f 544/544 545/545 546/546
f 545/545 547/547 546/546
f 547/547 548/548 546/546
f 548/548 549/549 550/550
f 549/549 350/350 550/550
f 550/550 350/350 352/352
f 350/350 551/551 552/552
f 551/551 553/553 554/554
f 350/350 552/552 351/351
f 553/553 555/555 554/554
f 555/555 556/556 554/554
f 554/554 552/552 551/551
f 544/544 546/546 543/543
f 546/546 548/548 550/550
f 557/557 556/556 558/558
f 556/556 555/555 558/558
f 559/559 560/560 353/353
f 560/560 557/557 353/353
f 561/561 355/355 354/354
f 355/355 559/559 353/353
f 561/561 354/354 562/562
f 563/563 564/564 565/565
f 564/564 561/561 566/566
f 566/566 561/561 562/562
f 567/567 568/568 569/569
f 568/568 563/563 565/565
f 565/565 569/569 568/568
f 566/566 565/565 564/564
f 557/557 558/558 353/353
f 356/356 567/567 569/569
f 356/356 569/569 357/357
f 570/570 571/571 572/572
f 571/571 356/356 358/358
f 573/573 571/571 358/358
f 574/574 575/575 576/576
f 575/575 570/570 576/576
f 577/577 576/576 570/570
f 572/572 577/577 570/570
f 571/571 573/573 572/572
f 361/361 578/578 579/579
f 579/579 580/580 361/361
f 580/580 359/359 361/361
f 359/359 581/581 360/360
f 581/581 433/433 360/360
f 363/363 582/582 364/364
f 364/364 583/583 584/584
f 584/584 362/362 364/364
f 367/367 371/371 365/365
f 371/371 585/585 365/365
f 586/586 346/346 368/368
f 346/346 345/345 369/369
f 585/585 371/371 370/370
f 371/371 587/587 372/372
f 374/374 588/588 589/589
f 589/589 375/375 374/374
f 375/375 590/590 591/591
f 373/373 375/375 591/591
f 592/592 367/367 366/366
f 366/366 593/593 592/592
f 593/593 376/376 378/378
f 376/376 594/594 377/377
f 378/378 592/592 593/593
f 380/380 595/595 381/381
f 381/381 596/596 379/379
f 596/596 522/522 597/597
f 379/379 596/596 597/597
f 522/522 521/521 597/597
f 598/598 599/599 600/600
f 599/599 601/601 600/600
f 600/600 382/382 598/598
f 598/598 382/382 384/384
f 396/396 574/574 576/576
f 576/576 397/397 396/396
f 397/397 602/602 603/603
f 395/395 397/397 603/603
f 328/328 330/330 604/604
f 328/328 604/604 605/605
f 606/606 607/607 608/608
f 606/606 608/608 609/609
f 610/610 426/426 425/425
f 610/610 425/425 611/611
f 612/612 613/613 614/614
f 612/612 614/614 615/615
f 339/339 338/338 616/616
f 339/339 616/616 617/617
f 618/618 619/619 620/620
f 618/618 620/620 621/621
f 622/622 623/623 624/624
f 622/622 624/624 625/625
f 626/626 627/627 579/579
f 626/626 579/579 578/578
f 441/441 440/440 443/443
f 441/441 443/443 444/444
f 471/471 469/469 305/305
f 471/471 305/305 304/304
f 462/462 461/461 431/431
f 462/462 431/431 430/430
f 515/515 514/514 326/326
f 515/515 326/326 628/628
f 629/629 630/630 631/631
f 629/629 631/631 632/632
f 630/630 429/429 428/428
f 630/630 428/428 631/631
f 591/591 590/590 633/633
f 591/591 633/633 634/634
f 634/634 633/633 518/518
f 634/634 518/518 327/327
f 610/610 611/611 399/399
f 610/610 399/399 398/398
f 635/635 331/331 333/333
f 635/635 333/333 636/636
f 334/334 329/329 328/328
f 334/334 328/328 335/335
f 332/332 334/334 336/336
f 332/332 336/336 333/333
f 637/637 618/618 621/621
f 637/637 621/621 638/638
f 341/341 639/639 640/640
f 341/341 640/640 342/342
f 641/641 612/612 615/615
f 641/641 615/615 642/642
f 643/643 644/644 645/645
f 643/643 645/645 646/646
f 644/644 647/647 648/648
f 644/644 648/648 645/645
f 647/647 649/649 650/650
f 647/647 650/650 648/648
f 649/649 651/651 652/652
f 649/649 652/652 650/650
f 651/651 653/653 654/654
f 651/651 654/654 652/652
f 653/653 655/655 656/656
f 653/653 656/656 654/654
f 657/657 658/658 659/659
f 657/657 659/659 660/660
f 661/661 657/657 660/660
f 661/661 660/660 662/662
f 663/663 661/661 662/662
f 663/663 662/662 664/664
f 665/665 643/643 646/646
f 665/665 646/646 666/666
f 667/667 665/665 666/666
f 667/667 666/666 668/668
f 669/669 667/667 668/668
f 669/669 668/668 670/670
f 658/658 669/669 670/670
f 658/658 670/670 659/659
f 671/671 672/672 673/673
f 671/671 673/673 674/674
f 672/672 675/675 676/676
f 672/672 676/676 673/673
f 675/675 677/677 678/678
f 675/675 678/678 676/676
f 679/679 671/671 674/674
f 679/679 674/674 680/680
f 677/677 681/681 682/682
f 677/677 682/682 678/678
f 683/683 679/679 680/680
f 683/683 680/680 684/684
f 681/681 685/685 686/686
f 681/681 686/686 682/682
f 687/687 683/683 684/684
f 687/687 684/684 688/688
f 685/685 689/689 690/690
f 685/685 690/690 686/686
f 689/689 691/691 692/692
f 689/689 692/692 690/690
f 693/693 687/687 688/688
f 693/693 688/688 694/694
f 691/691 695/695 696/696
f 691/691 696/696 692/692
f 697/697 693/693 694/694
f 697/697 694/694 698/698
f 699/699 700/700 701/701
f 699/699 701/701 702/702
f 703/703 704/704 705/705
f 703/703 705/705 706/706
f 707/707 708/708 709/709
f 707/707 709/709 710/710
f 711/711 699/699 702/702
f 711/711 702/702 712/712
f 704/704 711/711 712/712
f 704/704 712/712 705/705
f 700/700 713/713 714/714
f 700/700 714/714 701/701
f 715/715 703/703 706/706
f 715/715 706/706 716/716
f 713/713 717/717 718/718
f 713/713 718/718 714/714
f 719/719 715/715 716/716
f 719/719 716/716 720/720
f 717/717 721/721 722/722
f 717/717 722/722 718/718
f 723/723 719/719 720/720
f 723/723 720/720 724/724
f 725/725 723/723 724/724
f 725/725 724/724 726/726
f 727/727 697/697 698/698
f 727/727 698/698 728/728
f 721/721 729/729 730/730
f 721/721 730/730 722/722
f 729/729 731/731 732/732
f 729/729 732/732 730/730
f 731/731 733/733 734/734
f 731/731 734/734 732/732
f 733/733 735/735 736/736
f 733/733 736/736 734/734
f 735/735 737/737 738/738
f 735/735 738/738 736/736
f 737/737 739/739 740/740
f 737/737 740/740 738/738
f 741/741 727/727 728/728
f 741/741 728/728 742/742
f 739/739 743/743 744/744
f 739/739 744/744 740/740
f 743/743 745/745 746/746
f 743/743 746/746 744/744
f 745/745 747/747 748/748
f 745/745 748/748 746/746
f 747/747 749/749 750/750
f 747/747 750/750 748/748
f 749/749 751/751 752/752
f 749/749 752/752 750/750
f 751/751 753/753 754/754
f 751/751 754/754 752/752
f 755/755 741/741 742/742
f 755/755 742/742 756/756
f 753/753 757/757 758/758
f 753/753 758/758 754/754
f 759/759 755/755 756/756
f 759/759 756/756 760/760
f 761/761 759/759 760/760
f 761/761 760/760 762/762
f 763/763 761/761 762/762
f 763/763 762/762 764/764
f 765/765 763/763 764/764
f 765/765 764/764 766/766
f 767/767 765/765 766/766
f 767/767 766/766 768/768
f 769/769 767/767 768/768
f 769/769 768/768 770/770
f 757/757 771/771 772/772
f 757/757 772/772 758/758
f 773/773 769/769 770/770
f 773/773 770/770 774/774
f 775/775 773/773 774/774
f 775/775 774/774 776/776
f 777/777 775/775 776/776
f 777/777 776/776 778/778
f 779/779 777/777 778/778
f 779/779 778/778 780/780
f 708/708 781/781 782/782
f 708/708 782/782 709/709
f 781/781 783/783 784/784
f 781/781 784/784 782/782
f 785/785 779/779 780/780
f 785/785 780/780 786/786
f 771/771 787/787 788/788
f 771/771 788/788 772/772
f 789/789 785/785 786/786
f 789/789 786/786 790/790
f 783/783 791/791 792/792
f 783/783 792/792 784/784
f 793/793 789/789 790/790
f 793/793 790/790 794/794
f 795/795 793/793 794/794
f 795/795 794/794 796/796
f 791/791 797/797 798/798
f 791/791 798/798 792/792
f 799/799 795/795 796/796
f 799/799 796/796 800/800
f 797/797 801/801 802/802
f 797/797 802/802 798/798
f 803/803 799/799 800/800
f 803/803 800/800 804/804
f 801/801 803/803 804/804
f 801/801 804/804 802/802
f 805/805 707/707 710/710
f 805/805 710/710 806/806
f 787/787 807/807 808/808
f 787/787 808/808 788/788
f 809/809 805/805 806/806
f 809/809 806/806 810/810
f 807/807 811/811 812/812
f 807/807 812/812 808/808
f 813/813 809/809 810/810
f 813/813 810/810 814/814
f 811/811 815/815 816/816
f 811/811 816/816 812/812
f 817/817 813/813 814/814
f 817/817 814/814 818/818
f 819/819 817/817 818/818
f 819/819 818/818 820/820
f 815/815 821/821 822/822
f 815/815 822/822 816/816
f 823/823 819/819 820/820
f 823/823 820/820 824/824
f 825/825 823/823 824/824
f 825/825 824/824 826/826
f 821/821 827/827 828/828
f 821/821 828/828 822/822
f 829/829 830/830 831/831
f 829/829 831/831 832/832
f 830/830 833/833 834/834
f 830/830 834/834 831/831
f 833/833 835/835 836/836
f 833/833 836/836 834/834
f 835/835 837/837 838/838
f 835/835 838/838 836/836
f 837/837 839/839 840/840
f 837/837 840/840 838/838
f 839/839 841/841 842/842
f 839/839 842/842 840/840
f 841/841 843/843 844/844
f 841/841 844/844 842/842
f 843/843 845/845 846/846
f 843/843 846/846 844/844
f 847/847 848/848 849/849
f 847/847 849/849 850/850
f 845/845 851/851 852/852
f 845/845 852/852 846/846
f 853/853 854/854 855/855
f 853/853 855/855 856/856
f 848/848 853/853 856/856
f 848/848 856/856 849/849
f 857/857 858/858 859/859
f 857/857 859/859 860/860
f 861/861 847/847 850/850
f 861/861 850/850 862/862
f 863/863 861/861 862/862
f 863/863 862/862 864/864
f 865/865 863/863 864/864
f 865/865 864/864 866/866
f 851/851 867/867 868/868
f 851/851 868/868 852/852
f 869/869 865/865 866/866
f 869/869 866/866 870/870
f 867/867 871/871 872/872
f 867/867 872/872 868/868
f 873/873 869/869 870/870
f 873/873 870/870 874/874
f 871/871 875/875 876/876
f 871/871 876/876 872/872
f 877/877 873/873 874/874
f 877/877 874/874 878/878
f 875/875 879/879 880/880
f 875/875 880/880 876/876
f 881/881 877/877 878/878
f 881/881 878/878 882/882
f 883/883 881/881 882/882
f 883/883 882/882 884/884
f 885/885 883/883 884/884
f 885/885 884/884 886/886
f 887/887 885/885 886/886
f 887/887 886/886 888/888
f 858/858 887/887 888/888
f 858/858 888/888 859/859
f 879/879 889/889 890/890
f 879/879 890/890 880/880
f 889/889 891/891 892/892
f 889/889 892/892 890/890
f 891/891 893/893 894/894
f 891/891 894/894 892/892
f 893/893 895/895 896/896
f 893/893 896/896 894/894
f 895/895 897/897 898/898
f 895/895 898/898 896/896
f 899/899 829/829 832/832
f 899/899 832/832 900/900
f 897/897 901/901 902/902
f 897/897 902/902 898/898
f 903/903 904/904 905/905
f 903/903 905/905 906/906
f 904/904 907/907 908/908
f 904/904 908/908 905/905
f 907/907 909/909 910/910
f 907/907 910/910 908/908
f 909/909 911/911 912/912
f 909/909 912/912 910/910
f 913/913 903/903 906/906
f 913/913 906/906 914/914
f 911/911 915/915 916/916
f 911/911 916/916 912/912
f 917/917 918/918 919/919
f 917/917 919/919 920/920
f 918/918 921/921 922/922
f 918/918 922/922 919/919
f 921/921 923/923 924/924
f 921/921 924/924 922/922
f 925/925 917/917 920/920
f 925/925 920/920 926/926
f 923/923 927/927 928/928
f 923/923 928/928 924/924
f 929/929 925/925 926/926
f 929/929 926/926 930/930
f 927/927 931/931 932/932
f 927/927 932/932 928/928
f 933/933 929/929 930/930
f 933/933 930/930 934/934
f 931/931 935/935 936/936
f 931/931 936/936 932/932
f 937/937 933/933 934/934
f 937/937 934/934 938/938
f 935/935 939/939 940/940
f 935/935 940/940 936/936
f 939/939 941/941 942/942
f 939/939 942/942 940/940
f 943/943 937/937 938/938
f 943/943 938/938 944/944
f 945/945 946/946 947/947
f 945/945 947/947 948/948
f 941/941 949/949 950/950
f 941/941 950/950 942/942
f 951/951 943/943 944/944
f 951/951 944/944 952/952
f 953/953 954/954 955/955
f 953/953 955/955 956/956
f 957/957 953/953 956/956
f 957/957 956/956 958/958
f 959/959 960/960 961/961
f 959/959 961/961 962/962
f 946/946 959/959 962/962
f 946/946 962/962 947/947
f 954/954 963/963 964/964
f 954/954 964/964 955/955
f 965/965 945/945 948/948
f 965/965 948/948 966/966
f 963/963 967/967 968/968
f 963/963 968/968 964/964
f 969/969 965/965 966/966
f 969/969 966/966 970/970
f 967/967 971/971 972/972
f 967/967 972/972 968/968
f 973/973 969/969 970/970
f 973/973 970/970 974/974
f 949/949 975/975 976/976
f 949/949 976/976 950/950
f 977/977 951/951 952/952
f 977/977 952/952 978/978
f 971/971 979/979 980/980
f 971/971 980/980 972/972
f 981/981 973/973 974/974
f 981/981 974/974 982/982
f 979/979 983/983 984/984
f 979/979 984/984 980/980
f 985/985 981/981 982/982
f 985/985 982/982 986/986
f 987/987 977/977 978/978
f 987/987 978/978 988/988
f 975/975 989/989 990/990
f 975/975 990/990 976/976
f 983/983 991/991 992/992
f 983/983 992/992 984/984
f 993/993 985/985 986/986
f 993/993 986/986 994/994
f 991/991 995/995 996/996
f 991/991 996/996 992/992
f 997/997 993/993 994/994
f 997/997 994/994 998/998
f 995/995 999/999 1000/1000
f 995/995 1000/1000 996/996
f 1001/1001 997/997 998/998
f 1001/1001 998/998 1002/1002
f 1003/1003 987/987 988/988
f 1003/1003 988/988 1004/1004
f 989/989 1005/1005 1006/1006
f 989/989 1006/1006 990/990
f 1007/1007 1001/1001 1002/1002
f 1007/1007 1002/1002 1008/1008
f 999/999 1009/1009 1010/1010
f 999/999 1010/1010 1000/1000
f 1011/1011 1007/1007 1008/1008
f 1011/1011 1008/1008 1012/1012
f 1009/1009 1013/1013 1014/1014
f 1009/1009 1014/1014 1010/1010
f 1015/1015 1003/1003 1004/1004
f 1015/1015 1004/1004 1016/1016
f 1005/1005 1017/1017 1018/1018
f 1005/1005 1018/1018 1006/1006
f 1019/1019 1011/1011 1012/1012
f 1019/1019 1012/1012 1020/1020
f 1013/1013 1021/1021 1022/1022
f 1013/1013 1022/1022 1014/1014
f 1021/1021 1023/1023 1024/1024
f 1021/1021 1024/1024 1022/1022
f 1025/1025 1019/1019 1020/1020
f 1025/1025 1020/1020 1026/1026
f 1023/1023 1027/1027 1028/1028
f 1023/1023 1028/1028 1024/1024
f 1029/1029 1025/1025 1026/1026
f 1029/1029 1026/1026 1030/1030
f 1031/1031 1015/1015 1016/1016
f 1031/1031 1016/1016 1032/1032
f 1033/1033 1034/1034 1035/1035
f 1033/1033 1035/1035 1036/1036
f 1027/1027 1037/1037 1038/1038
f 1027/1027 1038/1038 1028/1028
f 1017/1017 1039/1039 1040/1040
f 1017/1017 1040/1040 1018/1018
f 1041/1041 1029/1029 1030/1030
f 1041/1041 1030/1030 1042/1042
f 1043/1043 1031/1031 1032/1032
f 1043/1043 1032/1032 1044/1044
f 1039/1039 1045/1045 1046/1046
f 1039/1039 1046/1046 1040/1040
f 1047/1047 1043/1043 1044/1044
f 1047/1047 1044/1044 1048/1048
f 1045/1045 1049/1049 1050/1050
f 1045/1045 1050/1050 1046/1046
f 1051/1051 1047/1047 1048/1048
f 1051/1051 1048/1048 1052/1052
f 1049/1049 1053/1053 1054/1054
f 1049/1049 1054/1054 1050/1050
f 1055/1055 1051/1051 1052/1052
f 1055/1055 1052/1052 1056/1056
f 1053/1053 1057/1057 1058/1058
f 1053/1053 1058/1058 1054/1054
f 1059/1059 1055/1055 1056/1056
f 1059/1059 1056/1056 1060/1060
f 1061/1061 1059/1059 1060/1060
f 1061/1061 1060/1060 1062/1062
f 1057/1057 1063/1063 1064/1064
f 1057/1057 1064/1064 1058/1058
f 1065/1065 1066/1066 1067/1067
f 1065/1065 1067/1067 1068/1068
f 1066/1066 1069/1069 1070/1070
f 1066/1066 1070/1070 1067/1067
f 1071/1071 1072/1072 1073/1073
f 1071/1071 1073/1073 1074/1074
f 1069/1069 1071/1071 1074/1074
f 1069/1069 1074/1074 1070/1070
f 1072/1072 1075/1075 1076/1076
f 1072/1072 1076/1076 1073/1073
f 1075/1075 1077/1077 1078/1078
f 1075/1075 1078/1078 1076/1076
f 1079/1079 1080/1080 1081/1081
f 1079/1079 1081/1081 1082/1082
f 1077/1077 1079/1079 1082/1082
f 1077/1077 1082/1082 1078/1078
f 1080/1080 1083/1083 1084/1084
f 1080/1080 1084/1084 1081/1081
f 1083/1083 1085/1085 1086/1086
f 1083/1083 1086/1086 1084/1084
f 1087/1087 1065/1065 1068/1068
f 1087/1087 1068/1068 1088/1088
f 1085/1085 1089/1089 1090/1090
f 1085/1085 1090/1090 1086/1086
f 1091/1091 1092/1092 1093/1093
f 1091/1091 1093/1093 1094/1094
f 1092/1092 1095/1095 1096/1096
f 1092/1092 1096/1096 1093/1093
f 1095/1095 1097/1097 1098/1098
f 1095/1095 1098/1098 1096/1096
f 1097/1097 1099/1099 1100/1100
f 1097/1097 1100/1100 1098/1098
f 1101/1101 1091/1091 1094/1094
f 1101/1101 1094/1094 1102/1102
f 1099/1099 1103/1103 1104/1104
f 1099/1099 1104/1104 1100/1100
f 1105/1105 1106/1106 1107/1107
f 1105/1105 1107/1107 1108/1108
f 1106/1106 1109/1109 1110/1110
f 1106/1106 1110/1110 1107/1107
f 1111/1111 1105/1105 1108/1108
f 1111/1111 1108/1108 1112/1112
f 1109/1109 1113/1113 1114/1114
f 1109/1109 1114/1114 1110/1110
f 1115/1115 1116/1116 1117/1117
f 1115/1115 1117/1117 1118/1118
f 1116/1116 1119/1119 1120/1120
f 1116/1116 1120/1120 1117/1117
f 1119/1119 1121/1121 1122/1122
f 1119/1119 1122/1122 1120/1120
f 1121/1121 1123/1123 1124/1124
f 1121/1121 1124/1124 1122/1122
f 1123/1123 1125/1125 1126/1126
f 1123/1123 1126/1126 1124/1124
f 1125/1125 1127/1127 1128/1128
f 1125/1125 1128/1128 1126/1126
f 1127/1127 1129/1129 1130/1130
f 1127/1127 1130/1130 1128/1128
f 1129/1129 1131/1131 1132/1132
f 1129/1129 1132/1132 1130/1130
f 1133/1133 1134/1134 1135/1135
f 1133/1133 1135/1135 1136/1136
f 1137/1137 1133/1133 1136/1136
f 1137/1137 1136/1136 1138/1138
f 1139/1139 1137/1137 1138/1138
f 1139/1139 1138/1138 1140/1140
f 1141/1141 1142/1142 1143/1143
f 1141/1141 1143/1143 1144/1144
f 1145/1145 1139/1139 1140/1140
f 1145/1145 1140/1140 1146/1146
f 1131/1131 1147/1147 1148/1148
f 1131/1131 1148/1148 1132/1132
f 1149/1149 1145/1145 1146/1146
f 1149/1149 1146/1146 1150/1150
f 1151/1151 1149/1149 1150/1150
f 1151/1151 1150/1150 1152/1152
f 1153/1153 1151/1151 1152/1152
f 1153/1153 1152/1152 1154/1154
f 1155/1155 1153/1153 1154/1154
f 1155/1155 1154/1154 1156/1156
f 1147/1147 1157/1157 1158/1158
f 1147/1147 1158/1158 1148/1148
f 1159/1159 1155/1155 1156/1156
f 1159/1159 1156/1156 1160/1160
f 1161/1161 1159/1159 1160/1160
f 1161/1161 1160/1160 1162/1162
f 1157/1157 1163/1163 1164/1164
f 1157/1157 1164/1164 1158/1158
f 1165/1165 1161/1161 1162/1162
f 1165/1165 1162/1162 1166/1166
f 1167/1167 1165/1165 1166/1166
f 1167/1167 1166/1166 1168/1168
f 1142/1142 1169/1169 1170/1170
f 1142/1142 1170/1170 1143/1143
f 1169/1169 1167/1167 1168/1168
f 1169/1169 1168/1168 1170/1170
f 1163/1163 1171/1171 1172/1172
f 1163/1163 1172/1172 1164/1164
f 1171/1171 1173/1173 1174/1174
f 1171/1171 1174/1174 1172/1172
f 1173/1173 1175/1175 1176/1176
f 1173/1173 1176/1176 1174/1174
f 1177/1177 1178/1178 1179/1179
f 1177/1177 1179/1179 1180/1180
f 1178/1178 1181/1181 1182/1182
f 1178/1178 1182/1182 1179/1179
f 1181/1181 1183/1183 1184/1184
f 1181/1181 1184/1184 1182/1182
f 1183/1183 1185/1185 1186/1186
f 1183/1183 1186/1186 1184/1184
f 1187/1187 1188/1188 1189/1189
f 1187/1187 1189/1189 1190/1190
f 1191/1191 1187/1187 1190/1190
f 1191/1191 1190/1190 1192/1192
f 1193/1193 1191/1191 1192/1192
f 1193/1193 1192/1192 1194/1194
f 1195/1195 1196/1196 1197/1197
f 1195/1195 1197/1197 1198/1198
f 1199/1199 1193/1193 1194/1194
f 1199/1199 1194/1194 1200/1200
f 1185/1185 1201/1201 1202/1202
f 1185/1185 1202/1202 1186/1186
f 1203/1203 1199/1199 1200/1200
f 1203/1203 1200/1200 1204/1204
f 1205/1205 1203/1203 1204/1204
f 1205/1205 1204/1204 1206/1206
f 1207/1207 1205/1205 1206/1206
f 1207/1207 1206/1206 1208/1208
f 1201/1201 1209/1209 1210/1210
f 1201/1201 1210/1210 1202/1202
f 1211/1211 1207/1207 1208/1208
f 1211/1211 1208/1208 1212/1212
f 1213/1213 1211/1211 1212/1212
f 1213/1213 1212/1212 1214/1214
f 1215/1215 1213/1213 1214/1214
f 1215/1215 1214/1214 1216/1216
f 1217/1217 1215/1215 1216/1216
f 1217/1217 1216/1216 1218/1218
f 1209/1209 1219/1219 1220/1220
f 1209/1209 1220/1220 1210/1210
f 1221/1221 1217/1217 1218/1218
f 1221/1221 1218/1218 1222/1222
f 1196/1196 1223/1223 1224/1224
f 1196/1196 1224/1224 1197/1197
f 1223/1223 1221/1221 1222/1222
f 1223/1223 1222/1222 1224/1224
f 1219/1219 1225/1225 1226/1226
f 1219/1219 1226/1226 1220/1220
f 1225/1225 1227/1227 1228/1228
f 1225/1225 1228/1228 1226/1226
f 1227/1227 1229/1229 1230/1230
f 1227/1227 1230/1230 1228/1228
f 1229/1229 1231/1231 1232/1232
f 1229/1229 1232/1232 1230/1230
f 1233/1233 1234/1234 1235/1235
f 1233/1233 1235/1235 1236/1236
f 1231/1231 1237/1237 1238/1238
f 1231/1231 1238/1238 1232/1232
f 1239/1239 1240/1240 1241/1241
f 1239/1239 1241/1241 1242/1242
f 1240/1240 1243/1243 1244/1244
f 1240/1240 1244/1244 1241/1241
f 1243/1243 1245/1245 1246/1246
f 1243/1243 1246/1246 1244/1244
f 1247/1247 1239/1239 1242/1242
f 1247/1247 1242/1242 1248/1248
f 1245/1245 1249/1249 1250/1250
f 1245/1245 1250/1250 1246/1246
f 1251/1251 1247/1247 1248/1248
f 1251/1251 1248/1248 1252/1252
f 1249/1249 1253/1253 1254/1254
f 1249/1249 1254/1254 1250/1250
f 1255/1255 1251/1251 1252/1252
f 1255/1255 1252/1252 1256/1256
f 1253/1253 1257/1257 1258/1258
f 1253/1253 1258/1258 1254/1254
f 1259/1259 1255/1255 1256/1256
f 1259/1259 1256/1256 1260/1260
f 1257/1257 1261/1261 1262/1262
f 1257/1257 1262/1262 1258/1258
f 1261/1261 1263/1263 1264/1264
f 1261/1261 1264/1264 1262/1262
f 1265/1265 1259/1259 1260/1260
f 1265/1265 1260/1260 1266/1266
f 1267/1267 1268/1268 1269/1269
f 1267/1267 1269/1269 1270/1270
f 1263/1263 1271/1271 1272/1272
f 1263/1263 1272/1272 1264/1264
f 1273/1273 1265/1265 1266/1266
f 1273/1273 1266/1266 1274/1274
f 1275/1275 1276/1276 1277/1277
f 1275/1275 1277/1277 1278/1278
f 1279/1279 1275/1275 1278/1278
f 1279/1279 1278/1278 1280/1280
f 1281/1281 1282/1282 1283/1283
f 1281/1281 1283/1283 1284/1284
f 1268/1268 1281/1281 1284/1284
f 1268/1268 1284/1284 1269/1269
f 1276/1276 1285/1285 1286/1286
f 1276/1276 1286/1286 1277/1277
f 1287/1287 1267/1267 1270/1270
f 1287/1287 1270/1270 1288/1288
f 1285/1285 1289/1289 1290/1290
f 1285/1285 1290/1290 1286/1286
f 1291/1291 1287/1287 1288/1288
f 1291/1291 1288/1288 1292/1292
f 1289/1289 1293/1293 1294/1294
f 1289/1289 1294/1294 1290/1290
f 1295/1295 1291/1291 1292/1292
f 1295/1295 1292/1292 1296/1296
f 1271/1271 1297/1297 1298/1298
f 1271/1271 1298/1298 1272/1272
f 1299/1299 1273/1273 1274/1274
f 1299/1299 1274/1274 1300/1300
f 1293/1293 1301/1301 1302/1302
f 1293/1293 1302/1302 1294/1294
f 1303/1303 1295/1295 1296/1296
f 1303/1303 1296/1296 1304/1304
f 1301/1301 1305/1305 1306/1306
f 1301/1301 1306/1306 1302/1302
f 1307/1307 1303/1303 1304/1304
f 1307/1307 1304/1304 1308/1308
f 1309/1309 1299/1299 1300/1300
f 1309/1309 1300/1300 1310/1310
f 1297/1297 1311/1311 1312/1312
f 1297/1297 1312/1312 1298/1298
f 1305/1305 1313/1313 1314/1314
f 1305/1305 1314/1314 1306/1306
f 1315/1315 1307/1307 1308/1308
f 1315/1315 1308/1308 1316/1316
f 1313/1313 1317/1317 1318/1318
f 1313/1313 1318/1318 1314/1314
f 1319/1319 1315/1315 1316/1316
f 1319/1319 1316/1316 1320/1320
f 1317/1317 1321/1321 1322/1322
f 1317/1317 1322/1322 1318/1318
f 1323/1323 1319/1319 1320/1320
f 1323/1323 1320/1320 1324/1324
f 1325/1325 1309/1309 1310/1310
f 1325/1325 1310/1310 1326/1326
f 1311/1311 1327/1327 1328/1328
f 1311/1311 1328/1328 1312/1312
f 1329/1329 1323/1323 1324/1324
f 1329/1329 1324/1324 1330/1330
f 1321/1321 1331/1331 1332/1332
f 1321/1321 1332/1332 1322/1322
f 1333/1333 1329/1329 1330/1330
f 1333/1333 1330/1330 1334/1334
f 1331/1331 1335/1335 1336/1336
f 1331/1331 1336/1336 1332/1332
f 1337/1337 1325/1325 1326/1326
f 1337/1337 1326/1326 1338/1338
f 1327/1327 1339/1339 1340/1340
f 1327/1327 1340/1340 1328/1328
f 1341/1341 1333/1333 1334/1334
f 1341/1341 1334/1334 1342/1342
f 1335/1335 1343/1343 1344/1344
f 1335/1335 1344/1344 1336/1336
f 1343/1343 1345/1345 1346/1346
f 1343/1343 1346/1346 1344/1344
f 1347/1347 1341/1341 1342/1342
f 1347/1347 1342/1342 1348/1348
f 1345/1345 1349/1349 1350/1350
f 1345/1345 1350/1350 1346/1346
f 1351/1351 1347/1347 1348/1348
f 1351/1351 1348/1348 1352/1352
f 1353/1353 1337/1337 1338/1338
f 1353/1353 1338/1338 1354/1354
f 1355/1355 1351/1351 1352/1352
f 1355/1355 1352/1352 1356/1356
f 1349/1349 1357/1357 1358/1358
f 1349/1349 1358/1358 1350/1350
f 1339/1339 1359/1359 1360/1360
f 1339/1339 1360/1360 1340/1340
f 1357/1357 1361/1361 1362/1362
f 1357/1357 1362/1362 1358/1358
f 1361/1361 1363/1363 1364/1364
f 1361/1361 1364/1364 1362/1362
f 1363/1363 1355/1355 1356/1356
f 1363/1363 1356/1356 1364/1364
f 1365/1365 1353/1353 1354/1354
f 1365/1365 1354/1354 1366/1366
f 1359/1359 1367/1367 1368/1368
f 1359/1359 1368/1368 1360/1360
f 1369/1369 1365/1365 1366/1366
f 1369/1369 1366/1366 1370/1370
f 1367/1367 1371/1371 1372/1372
f 1367/1367 1372/1372 1368/1368
f 1373/1373 1369/1369 1370/1370
f 1373/1373 1370/1370 1374/1374
f 1371/1371 1375/1375 1376/1376
f 1371/1371 1376/1376 1372/1372
f 1377/1377 1373/1373 1374/1374
f 1377/1377 1374/1374 1378/1378
f 1375/1375 1379/1379 1380/1380
f 1375/1375 1380/1380 1376/1376
f 1381/1381 1377/1377 1378/1378
f 1381/1381 1378/1378 1382/1382
f 1383/1383 1381/1381 1382/1382
f 1383/1383 1382/1382 1384/1384
f 1379/1379 1385/1385 1386/1386
f 1379/1379 1386/1386 1380/1380
f 602/602 397/397 1387/1387
f 602/602 1387/1387 1388/1388
f 695/695 725/725 726/726
f 695/695 726/726 696/696
f 1037/1037 1041/1041 1042/1042
f 1037/1037 1042/1042 1038/1038
f 1389/1389 1390/1390 1391/1391
f 1389/1389 1391/1391 1392/1392
f 1392/1392 1391/1391 1034/1034
f 1392/1392 1034/1034 1033/1033
f 364/364 629/629 632/632
f 364/364 632/632 583/583
f 586/586 368/368 1390/1390
f 586/586 1390/1390 1389/1389
f 1036/1036 1035/1035 372/372
f 1036/1036 372/372 587/587
f 594/594 376/376 589/589
f 594/594 589/589 588/588
f 383/383 382/382 381/381
f 383/383 381/381 595/595
f 582/582 363/363 601/601
f 582/582 601/601 599/599
f 313/313 312/312 1393/1393
f 313/313 1393/1393 1394/1394
f 1234/1234 1115/1115 1118/1118
f 1234/1234 1118/1118 1235/1235
f 390/390 393/393 1395/1395
f 390/390 1395/1395 391/391
f 1396/1396 1395/1395 393/393
f 1396/1396 393/393 392/392
f 392/392 1394/1394 1393/1393
f 392/392 1393/1393 1396/1396
f 1397/1397 1398/1398 1399/1399
f 1397/1397 1399/1399 1400/1400
f 1398/1398 1401/1401 1402/1402
f 1398/1398 1402/1402 1399/1399
f 1401/1401 1403/1403 1404/1404
f 1401/1401 1404/1404 1402/1402
f 1403/1403 1405/1405 1406/1406
f 1403/1403 1406/1406 1404/1404
f 1405/1405 1407/1407 1408/1408
f 1405/1405 1408/1408 1406/1406
f 1407/1407 1409/1409 1410/1410
f 1407/1407 1410/1410 1408/1408
f 1409/1409 1411/1411 1412/1412
f 1409/1409 1412/1412 1410/1410
f 1413/1413 1414/1414 1415/1415
f 1413/1413 1415/1415 1416/1416
f 1417/1417 1413/1413 1416/1416
f 1417/1417 1416/1416 1418/1418
f 1419/1419 1417/1417 1418/1418
f 1419/1419 1418/1418 1420/1420
f 1414/1414 1421/1421 1422/1422
f 1414/1414 1422/1422 1415/1415
f 1423/1423 1419/1419 1420/1420
f 1423/1423 1420/1420 1424/1424
f 1411/1411 1425/1425 1426/1426
f 1411/1411 1426/1426 1412/1412
f 1427/1427 1423/1423 1424/1424
f 1427/1427 1424/1424 1428/1428
f 1429/1429 1427/1427 1428/1428
f 1429/1429 1428/1428 1430/1430
f 1431/1431 1429/1429 1430/1430
f 1431/1431 1430/1430 1432/1432
f 1433/1433 1431/1431 1432/1432
f 1433/1433 1432/1432 1434/1434
f 1425/1425 1435/1435 1436/1436
f 1425/1425 1436/1436 1426/1426
f 1437/1437 1433/1433 1434/1434
f 1437/1437 1434/1434 1438/1438
f 1439/1439 1437/1437 1438/1438
f 1439/1439 1438/1438 1440/1440
f 1435/1435 1441/1441 1442/1442
f 1435/1435 1442/1442 1436/1436
f 1443/1443 1439/1439 1440/1440
f 1443/1443 1440/1440 1444/1444
f 1445/1445 1443/1443 1444/1444
f 1445/1445 1444/1444 1446/1446
f 1421/1421 1447/1447 1448/1448
f 1421/1421 1448/1448 1422/1422
f 1447/1447 1445/1445 1446/1446
f 1447/1447 1446/1446 1448/1448
f 1441/1441 1449/1449 1450/1450
f 1441/1441 1450/1450 1442/1442
f 1449/1449 1451/1451 1452/1452
f 1449/1449 1452/1452 1450/1450
f 1453/1453 1454/1454 1455/1455
f 1453/1453 1455/1455 1456/1456
f 1454/1454 1457/1457 1458/1458
f 1454/1454 1458/1458 1455/1455
f 1457/1457 1459/1459 1460/1460
f 1457/1457 1460/1460 1458/1458
f 1459/1459 1461/1461 1462/1462
f 1459/1459 1462/1462 1460/1460
f 1463/1463 1464/1464 1465/1465
f 1463/1463 1465/1465 1466/1466
f 1467/1467 1463/1463 1466/1466
f 1467/1467 1466/1466 1468/1468
f 1469/1469 1467/1467 1468/1468
f 1469/1469 1468/1468 1470/1470
f 1464/1464 1471/1471 1472/1472
f 1464/1464 1472/1472 1465/1465
f 1473/1473 1469/1469 1470/1470
f 1473/1473 1470/1470 1474/1474
f 1461/1461 1475/1475 1476/1476
f 1461/1461 1476/1476 1462/1462
f 1477/1477 1473/1473 1474/1474
f 1477/1477 1474/1474 1478/1478
f 1479/1479 1477/1477 1478/1478
f 1479/1479 1478/1478 1480/1480
f 1481/1481 1479/1479 1480/1480
f 1481/1481 1480/1480 1482/1482
f 1475/1475 1483/1483 1484/1484
f 1475/1475 1484/1484 1476/1476
f 1485/1485 1481/1481 1482/1482
f 1485/1485 1482/1482 1486/1486
f 1487/1487 1485/1485 1486/1486
f 1487/1487 1486/1486 1488/1488
f 1489/1489 1487/1487 1488/1488
f 1489/1489 1488/1488 1490/1490
f 1491/1491 1489/1489 1490/1490
f 1491/1491 1490/1490 1492/1492
f 1483/1483 1493/1493 1494/1494
f 1483/1483 1494/1494 1484/1484
f 1495/1495 1491/1491 1492/1492
f 1495/1495 1492/1492 1496/1496
f 1471/1471 1497/1497 1498/1498
f 1471/1471 1498/1498 1472/1472
f 1497/1497 1495/1495 1496/1496
f 1497/1497 1496/1496 1498/1498
f 1493/1493 1499/1499 1500/1500
f 1493/1493 1500/1500 1494/1494
f 1499/1499 1501/1501 1502/1502
f 1499/1499 1502/1502 1500/1500
f 1501/1501 1503/1503 1504/1504
f 1501/1501 1504/1504 1502/1502
f 1503/1503 1505/1505 1506/1506
f 1503/1503 1506/1506 1504/1504
f 1507/1507 1508/1508 1509/1509
f 1507/1507 1509/1509 1510/1510
f 1505/1505 1507/1507 1510/1510
f 1505/1505 1510/1510 1506/1506
f 1508/1508 1511/1511 1512/1512
f 1508/1508 1512/1512 1509/1509
f 1511/1511 1397/1397 1400/1400
f 1511/1511 1400/1400 1512/1512
f 1451/1451 1513/1513 1456/1456
f 1451/1451 1456/1456 1452/1452
f 393/393 627/627 626/626
f 393/393 626/626 394/394
f 530/530 528/528 607/607
f 530/530 607/607 606/606
f 1514/1514 1515/1515 1516/1516
f 1514/1514 1516/1516 1517/1517
f 1515/1515 1518/1518 1519/1519
f 1515/1515 1519/1519 1516/1516
f 1520/1520 1521/1521 1522/1522
f 1520/1520 1522/1522 1523/1523
f 1518/1518 1520/1520 1523/1523
f 1518/1518 1523/1523 1519/1519
f 1521/1521 1524/1524 1525/1525
f 1521/1521 1525/1525 1522/1522
f 1524/1524 1526/1526 1527/1527
f 1524/1524 1527/1527 1525/1525
f 1528/1528 1529/1529 1530/1530
f 1528/1528 1530/1530 1531/1531
f 1532/1532 1528/1528 1531/1531
f 1532/1532 1531/1531 1533/1533
f 1529/1529 1534/1534 1535/1535
f 1529/1529 1535/1535 1530/1530
f 1534/1534 1536/1536 1537/1537
f 1534/1534 1537/1537 1535/1535
f 1538/1538 1514/1514 1517/1517
f 1538/1538 1517/1517 1539/1539
f 1536/1536 1538/1538 1539/1539
f 1536/1536 1539/1539 1537/1537
f 1540/1540 1541/1541 1542/1542
f 1543/1543 1544/1544 1545/1545
f 1546/1546 1547/1547 1548/1548
f 1549/1549 1550/1550 1551/1551
f 1552/1552 1553/1553 1554/1554
f 1555/1555 1556/1556 1557/1557
f 1558/1558 1559/1559 1560/1560
f 1561/1561 1562/1562 1563/1563
f 1564/1564 1565/1565 1566/1566
f 1565/1565 1567/1567 1566/1566
f 1568/1568 1569/1569 1570/1570
f 1571/1571 1572/1572 1573/1573
f 1574/1574 1575/1575 1576/1576
f 1577/1577 1578/1578 1579/1579
f 1580/1580 1581/1581 1582/1582
f 1583/1583 1584/1584 1585/1585
f 1586/1586 1587/1587 1588/1588
f 1589/1589 1590/1590 1591/1591
f 1592/1592 1593/1593 1594/1594
f 1595/1595 1596/1596 1597/1597
f 1598/1598 1599/1599 1600/1600
f 1601/1601 1602/1602 1603/1603
f 1604/1604 1605/1605 1606/1606
f 1606/1606 1605/1605 1607/1607
f 1608/1608 1609/1609 1610/1610
f 1611/1611 1612/1612 1613/1613
f 1614/1614 1615/1615 1616/1616
f 1617/1617 1618/1618 1619/1619
f 1620/1620 1621/1621 1622/1622
f 1620/1620 1622/1622 1623/1623
f 1624/1624 1625/1625 1626/1626
f 1624/1624 1626/1626 1627/1627
f 1628/1628 1629/1629 1630/1630
f 1628/1628 1630/1630 1631/1631
f 1632/1632 1633/1633 1634/1634
f 1632/1632 1634/1634 1635/1635
f 1636/1636 1637/1637 1638/1638
f 1636/1636 1638/1638 1639/1639
f 1640/1640 1620/1620 1623/1623
f 1640/1640 1623/1623 1641/1641
f 1642/1642 1640/1640 1641/1641
f 1642/1642 1641/1641 1643/1643
f 1644/1644 1642/1642 1643/1643
f 1644/1644 1643/1643 1645/1645
f 1621/1621 1628/1628 1631/1631
f 1621/1621 1631/1631 1622/1622
f 1646/1646 1647/1647 1648/1648
f 1646/1646 1648/1648 1649/1649
f 1650/1650 1646/1646 1649/1649
f 1650/1650 1649/1649 1651/1651
f 1652/1652 1653/1653 1644/1644
f 1652/1652 1644/1644 1654/1654
f 1655/1655 1654/1654 1644/1644
f 1655/1655 1644/1644 1645/1645
f 1656/1656 1654/1654 1655/1655
f 1656/1656 1655/1655 1657/1657
f 1647/1647 1656/1656 1657/1657
f 1647/1647 1657/1657 1648/1648
f 1658/1658 1650/1650 1651/1651
f 1658/1658 1651/1651 1659/1659
f 1660/1660 1658/1658 1659/1659
f 1660/1660 1659/1659 1661/1661
f 1639/1639 1638/1638 1662/1662
f 1639/1639 1662/1662 1663/1663
f 1664/1664 1665/1665 1666/1666
f 1664/1664 1666/1666 1667/1667
f 1668/1668 1669/1669 1670/1670
f 1668/1668 1670/1670 1671/1671
f 1672/1672 1673/1673 1674/1674
f 1672/1672 1674/1674 1675/1675
f 1676/1676 1677/1677 1678/1678
f 1676/1676 1678/1678 1679/1679
f 1680/1680 1681/1681 1682/1682
f 1680/1680 1682/1682 1683/1683
f 1684/1684 1685/1685 1686/1686
f 1684/1684 1686/1686 1687/1687
f 1688/1688 1689/1689 1690/1690
f 1688/1688 1690/1690 1691/1691
f 1673/1673 1692/1692 1693/1693
f 1673/1673 1693/1693 1674/1674
f 1694/1694 1672/1672 1675/1675
f 1694/1694 1675/1675 1695/1695
f 1696/1696 1697/1697 1698/1698
f 1696/1696 1698/1698 1699/1699
f 1700/1700 1632/1632 1635/1635
f 1700/1700 1635/1635 1701/1701
f 1702/1702 1703/1703 1704/1704
f 1702/1702 1704/1704 1705/1705
f 1688/1688 1706/1706 1707/1707
f 1688/1688 1707/1707 1689/1689
f 1708/1708 1709/1709 1710/1710
f 1708/1708 1710/1710 1711/1711
f 1629/1629 1712/1712 1713/1713
f 1629/1629 1713/1713 1630/1630
f 1714/1714 1715/1715 1716/1716
f 1714/1714 1716/1716 1717/1717
f 1718/1718 1719/1719 1720/1720
f 1718/1718 1720/1720 1721/1721
f 1719/1719 1714/1714 1717/1717
f 1719/1719 1717/1717 1720/1720
f 1722/1722 1697/1697 1696/1696
f 1722/1722 1696/1696 1723/1723
f 1723/1723 1696/1696 1712/1712
f 1723/1723 1712/1712 1629/1629
f 1724/1724 1625/1625 1624/1624
f 1724/1724 1624/1624 1725/1725
f 1725/1725 1624/1624 1709/1709
f 1725/1725 1709/1709 1708/1708
f 1713/1713 1712/1712 1726/1726
f 1713/1713 1726/1726 1727/1727
f 1712/1712 1696/1696 1699/1699
f 1712/1712 1699/1699 1726/1726
f 1626/1626 1728/1728 1729/1729
f 1626/1626 1729/1729 1627/1627
f 1627/1627 1729/1729 1658/1658
f 1627/1627 1658/1658 1660/1660
f 1728/1728 1730/1730 1731/1731
f 1728/1728 1731/1731 1729/1729
f 1729/1729 1731/1731 1650/1650
f 1729/1729 1650/1650 1658/1658
f 1732/1732 1733/1733 1734/1734
f 1732/1732 1734/1734 1735/1735
f 1735/1735 1734/1734 1656/1656
f 1735/1735 1656/1656 1647/1647
f 1733/1733 1736/1736 1652/1652
f 1733/1733 1652/1652 1734/1734
f 1734/1734 1652/1652 1654/1654
f 1734/1734 1654/1654 1656/1656
f 1730/1730 1737/1737 1738/1738
f 1730/1730 1738/1738 1731/1731
f 1731/1731 1738/1738 1646/1646
f 1731/1731 1646/1646 1650/1650
f 1737/1737 1732/1732 1735/1735
f 1737/1737 1735/1735 1738/1738
f 1738/1738 1735/1735 1647/1647
f 1738/1738 1647/1647 1646/1646
f 1739/1739 1740/1740 1741/1741
f 1739/1739 1741/1741 1742/1742
f 1742/1742 1741/1741 1628/1628
f 1742/1742 1628/1628 1621/1621
f 1743/1743 1744/1744 1745/1745
f 1743/1743 1745/1745 1653/1653
f 1653/1653 1745/1745 1642/1642
f 1653/1653 1642/1642 1644/1644
f 1744/1744 1746/1746 1747/1747
f 1744/1744 1747/1747 1745/1745
f 1745/1745 1747/1747 1640/1640
f 1745/1745 1640/1640 1642/1642
f 1746/1746 1748/1748 1749/1749
f 1746/1746 1749/1749 1747/1747
f 1747/1747 1749/1749 1620/1620
f 1747/1747 1620/1620 1640/1640
f 1740/1740 1722/1722 1723/1723
f 1740/1740 1723/1723 1741/1741
f 1741/1741 1723/1723 1629/1629
f 1741/1741 1629/1629 1628/1628
f 1710/1710 1709/1709 1660/1660
f 1710/1710 1660/1660 1661/1661
f 1709/1709 1624/1624 1627/1627
f 1709/1709 1627/1627 1660/1660
f 1748/1748 1739/1739 1742/1742
f 1748/1748 1742/1742 1749/1749
f 1749/1749 1742/1742 1621/1621
f 1749/1749 1621/1621 1620/1620
f 1750/1750 1693/1693 1692/1692
f 1750/1750 1692/1692 1751/1751
f 1751/1751 1692/1692 1706/1706
f 1751/1751 1706/1706 1688/1688
f 1752/1752 1753/1753 1754/1754
f 1752/1752 1754/1754 1755/1755
f 1753/1753 1702/1702 1705/1705
f 1753/1753 1705/1705 1754/1754
f 1756/1756 1757/1757 1758/1758
f 1756/1756 1758/1758 1759/1759
f 1759/1759 1758/1758 1632/1632
f 1759/1759 1632/1632 1700/1700
f 1662/1662 1760/1760 1761/1761
f 1662/1662 1761/1761 1663/1663
f 1663/1663 1761/1761 1672/1672
f 1663/1663 1672/1672 1694/1694
f 1762/1762 1707/1707 1706/1706
f 1762/1762 1706/1706 1763/1763
f 1763/1763 1706/1706 1692/1692
f 1763/1763 1692/1692 1673/1673
f 1750/1750 1751/1751 1680/1680
f 1750/1750 1680/1680 1683/1683
f 1751/1751 1688/1688 1691/1691
f 1751/1751 1691/1691 1680/1680
f 1682/1682 1681/1681 1664/1664
f 1682/1682 1664/1664 1667/1667
f 1681/1681 1684/1684 1687/1687
f 1681/1681 1687/1687 1664/1664
f 1690/1690 1685/1685 1684/1684
f 1690/1690 1684/1684 1691/1691
f 1691/1691 1684/1684 1681/1681
f 1691/1691 1681/1681 1680/1680
f 1670/1670 1764/1764 1765/1765
f 1670/1670 1765/1765 1671/1671
f 1671/1671 1765/1765 1677/1677
f 1671/1671 1677/1677 1676/1676
f 1760/1760 1762/1762 1763/1763
f 1760/1760 1763/1763 1761/1761
f 1761/1761 1763/1763 1673/1673
f 1761/1761 1673/1673 1672/1672
f 1666/1666 1665/1665 1676/1676
f 1666/1666 1676/1676 1679/1679
f 1665/1665 1668/1668 1671/1671
f 1665/1665 1671/1671 1676/1676
f 1686/1686 1669/1669 1668/1668
f 1686/1686 1668/1668 1687/1687
f 1687/1687 1668/1668 1665/1665
f 1687/1687 1665/1665 1664/1664
f 1766/1766 1767/1767 1694/1694
f 1766/1766 1694/1694 1695/1695
f 1767/1767 1639/1639 1663/1663
f 1767/1767 1663/1663 1694/1694
f 1634/1634 1633/1633 1767/1767
f 1634/1634 1767/1767 1766/1766
f 1633/1633 1636/1636 1639/1639
f 1633/1633 1639/1639 1767/1767
f 1757/1757 1637/1637 1636/1636
f 1757/1757 1636/1636 1758/1758
f 1758/1758 1636/1636 1633/1633
f 1758/1758 1633/1633 1632/1632
f 1768/1768 1725/1725 1708/1708
f 1768/1768 1708/1708 1769/1769
f 1770/1770 1724/1724 1725/1725
f 1770/1770 1725/1725 1768/1768
f 1769/1769 1708/1708 1711/1711
f 1769/1769 1711/1711 1771/1771
f 1726/1726 1699/1699 1714/1714
f 1726/1726 1714/1714 1719/1719
f 1727/1727 1726/1726 1719/1719
f 1727/1727 1719/1719 1718/1718
f 1699/1699 1698/1698 1715/1715
f 1699/1699 1715/1715 1714/1714
f 1772/1772 1759/1759 1700/1700
f 1772/1772 1700/1700 1773/1773
f 1774/1774 1756/1756 1759/1759
f 1774/1774 1759/1759 1772/1772
f 1773/1773 1700/1700 1701/1701
f 1773/1773 1701/1701 1775/1775
f 1677/1677 1765/1765 1702/1702
f 1677/1677 1702/1702 1753/1753
f 1678/1678 1677/1677 1753/1753
f 1678/1678 1753/1753 1752/1752
f 1765/1765 1764/1764 1703/1703
f 1765/1765 1703/1703 1702/1702
f 1776/1776 1777/1777 1778/1778
f 1776/1776 1778/1778 1779/1779
f 1780/1780 1781/1781 1782/1782
f 1780/1780 1782/1782 1783/1783
f 1784/1784 1785/1785 1786/1786
f 1784/1784 1786/1786 1787/1787
f 1783/1783 1782/1782 1785/1785
f 1783/1783 1785/1785 1784/1784
f 1780/1780 1788/1788 1789/1789
f 1780/1780 1789/1789 1790/1790
f 1791/1791 1792/1792 1793/1793
f 1791/1791 1793/1793 1794/1794
f 1776/1776 1795/1795 1796/1796
f 1776/1776 1796/1796 1797/1797
f 1792/1792 1798/1798 1799/1799
f 1792/1792 1799/1799 1793/1793
f 1795/1795 1791/1791 1794/1794
f 1795/1795 1794/1794 1796/1796
f 1790/1790 1800/1800 1801/1801
f 1790/1790 1801/1801 1802/1802
f 1800/1800 1798/1798 1803/1803
f 1800/1800 1803/1803 1801/1801
f 1804/1804 1805/1805 1806/1806
f 1804/1804 1806/1806 1807/1807
f 1808/1808 1809/1809 1810/1810
f 1808/1808 1810/1810 1811/1811
f 1812/1812 1813/1813 1814/1814
f 1812/1812 1814/1814 1815/1815
f 1816/1816 1817/1817 1813/1813
f 1816/1816 1813/1813 1812/1812
f 1815/1815 1808/1808 1818/1818
f 1815/1815 1818/1818 1819/1819
f 1820/1820 1821/1821 1804/1804
f 1820/1820 1804/1804 1822/1822
f 1823/1823 1811/1811 1805/1805
f 1823/1823 1805/1805 1824/1824
f 1811/1811 1810/1810 1806/1806
f 1811/1811 1806/1806 1805/1805
f 1814/1814 1809/1809 1808/1808
f 1814/1814 1808/1808 1815/1815
f 1825/1825 1816/1816 1812/1812
f 1825/1825 1812/1812 1826/1826
f 1826/1826 1812/1812 1815/1815
f 1826/1826 1815/1815 1819/1819
f 1818/1818 1808/1808 1811/1811
f 1818/1818 1811/1811 1823/1823
f 1821/1821 1824/1824 1805/1805
f 1821/1821 1805/1805 1804/1804
f 1827/1827 1799/1799 1798/1798
f 1827/1827 1798/1798 1800/1800
f 1789/1789 1827/1827 1800/1800
f 1789/1789 1800/1800 1790/1790
f 1828/1828 1829/1829 1791/1791
f 1828/1828 1791/1791 1795/1795
f 1830/1830 1803/1803 1798/1798
f 1830/1830 1798/1798 1792/1792
f 1779/1779 1828/1828 1795/1795
f 1779/1779 1795/1795 1776/1776
f 1829/1829 1830/1830 1792/1792
f 1829/1829 1792/1792 1791/1791
f 1781/1781 1780/1780 1790/1790
f 1781/1781 1790/1790 1802/1802
f 1831/1831 1783/1783 1784/1784
f 1831/1831 1784/1784 1832/1832
f 1832/1832 1784/1784 1787/1787
f 1832/1832 1787/1787 1833/1833
f 1788/1788 1780/1780 1783/1783
f 1788/1788 1783/1783 1831/1831
f 1797/1797 1834/1834 1777/1777
f 1797/1797 1777/1777 1776/1776
f 1822/1822 1835/1835 1836/1836
f 1822/1822 1836/1836 1837/1837
f 1819/1819 1818/1818 1838/1838
f 1819/1819 1838/1838 1839/1839
f 1825/1825 1826/1826 1840/1840
f 1825/1825 1840/1840 1841/1841
f 1826/1826 1819/1819 1839/1839
f 1826/1826 1839/1839 1840/1840
f 1785/1785 1782/1782 1842/1842
f 1785/1785 1842/1842 1843/1843
f 1803/1803 1830/1830 1844/1844
f 1803/1803 1844/1844 1845/1845
f 1818/1818 1823/1823 1846/1846
f 1818/1818 1846/1846 1838/1838
f 1786/1786 1785/1785 1843/1843
f 1786/1786 1843/1843 1847/1847
f 1830/1830 1829/1829 1848/1848
f 1830/1830 1848/1848 1844/1844
f 1823/1823 1824/1824 1849/1849
f 1823/1823 1849/1849 1846/1846
f 1779/1779 1778/1778 1850/1850
f 1779/1779 1850/1850 1851/1851
f 1829/1829 1828/1828 1852/1852
f 1829/1829 1852/1852 1848/1848
f 1824/1824 1821/1821 1853/1853
f 1824/1824 1853/1853 1849/1849
f 1781/1781 1802/1802 1854/1854
f 1781/1781 1854/1854 1855/1855
f 1828/1828 1779/1779 1851/1851
f 1828/1828 1851/1851 1852/1852
f 1820/1820 1856/1856 1857/1857
f 1820/1820 1857/1857 1858/1858
f 1802/1802 1801/1801 1859/1859
f 1802/1802 1859/1859 1854/1854
f 1782/1782 1781/1781 1855/1855
f 1782/1782 1855/1855 1842/1842
f 1801/1801 1803/1803 1845/1845
f 1801/1801 1845/1845 1859/1859
f 1860/1860 1861/1861 1862/1862
f 1860/1860 1862/1862 1863/1863
f 1864/1864 1865/1865 1866/1866
f 1864/1864 1866/1866 1867/1867
f 1868/1868 1869/1869 1870/1870
f 1868/1868 1870/1870 1871/1871
f 1871/1871 1870/1870 1865/1865
f 1871/1871 1865/1865 1864/1864
f 1872/1872 1873/1873 1874/1874
f 1872/1872 1874/1874 1875/1875
f 1876/1876 1877/1877 1878/1878
f 1876/1876 1878/1878 1879/1879
f 1880/1880 1876/1876 1879/1879
f 1880/1880 1879/1879 1881/1881
f 1877/1877 1882/1882 1883/1883
f 1877/1877 1883/1883 1878/1878
f 1884/1884 1885/1885 1886/1886
f 1884/1884 1886/1886 1887/1887
f 1885/1885 1888/1888 1889/1889
f 1885/1885 1889/1889 1886/1886
f 1888/1888 1890/1890 1891/1891
f 1888/1888 1891/1891 1889/1889
f 1890/1890 1892/1892 1893/1893
f 1890/1890 1893/1893 1891/1891
f 1892/1892 1894/1894 1895/1895
f 1892/1892 1895/1895 1893/1893
f 1894/1894 1896/1896 1897/1897
f 1894/1894 1897/1897 1895/1895
f 1898/1898 1899/1899 1897/1897
f 1898/1898 1897/1897 1896/1896
f 1900/1900 1901/1901 1902/1902
f 1900/1900 1902/1902 1903/1903
f 1882/1882 1904/1904 1905/1905
f 1882/1882 1905/1905 1883/1883
f 1904/1904 1906/1906 1907/1907
f 1904/1904 1907/1907 1905/1905
f 1906/1906 1908/1908 1909/1909
f 1906/1906 1909/1909 1907/1907
f 1908/1908 1910/1910 1911/1911
f 1908/1908 1911/1911 1909/1909
f 1910/1910 1912/1912 1913/1913
f 1910/1910 1913/1913 1911/1911
f 1912/1912 1914/1914 1915/1915
f 1912/1912 1915/1915 1913/1913
f 1914/1914 1916/1916 1917/1917
f 1914/1914 1917/1917 1915/1915
f 1916/1916 1918/1918 1919/1919
f 1916/1916 1919/1919 1917/1917
f 1918/1918 1920/1920 1921/1921
f 1918/1918 1921/1921 1919/1919
f 1922/1922 1880/1880 1881/1881
f 1922/1922 1881/1881 1923/1923
f 1777/1777 1871/1871 1864/1864
f 1777/1777 1864/1864 1778/1778
f 1834/1834 1868/1868 1871/1871
f 1834/1834 1871/1871 1777/1777
f 1778/1778 1864/1864 1867/1867
f 1778/1778 1867/1867 1850/1850
f 1924/1924 1925/1925 1899/1899
f 1924/1924 1899/1899 1898/1898
f 1926/1926 1825/1825 1841/1841
f 1926/1926 1841/1841 1927/1927
f 1926/1926 1928/1928 1816/1816
f 1926/1926 1816/1816 1825/1825
f 1928/1928 1929/1929 1817/1817
f 1928/1928 1817/1817 1816/1816
f 1930/1930 1884/1884 1887/1887
f 1930/1930 1887/1887 1931/1931
f 1821/1821 1820/1820 1858/1858
f 1821/1821 1858/1858 1853/1853
f 1804/1804 1807/1807 1835/1835
f 1804/1804 1835/1835 1822/1822
f 1856/1856 1820/1820 1822/1822
f 1856/1856 1822/1822 1837/1837
f 1932/1932 1933/1933 1934/1934
f 1932/1932 1934/1934 1935/1935
f 1936/1936 1937/1937 1938/1938
f 1936/1936 1938/1938 1939/1939
f 1940/1940 1941/1941 1942/1942
f 1940/1940 1942/1942 1943/1943
f 1944/1944 1936/1936 1939/1939
f 1944/1944 1939/1939 1945/1945
f 1946/1946 1947/1947 1948/1948
f 1946/1946 1948/1948 1949/1949
f 1937/1937 1932/1932 1935/1935
f 1937/1937 1935/1935 1938/1938
f 1950/1950 1951/1951 1952/1952
f 1950/1950 1952/1952 1953/1953
f 1954/1954 1955/1955 1956/1956
f 1954/1954 1956/1956 1957/1957
f 1955/1955 1950/1950 1953/1953
f 1955/1955 1953/1953 1956/1956
f 1958/1958 1940/1940 1943/1943
f 1958/1958 1943/1943 1959/1959
f 1947/1947 1960/1960 1961/1961
f 1947/1947 1961/1961 1948/1948
f 1962/1962 1954/1954 1957/1957
f 1962/1962 1957/1957 1963/1963
f 1964/1964 1965/1965 1966/1966
f 1964/1964 1966/1966 1967/1967
f 1965/1965 1968/1968 1969/1969
f 1965/1965 1969/1969 1966/1966
f 1970/1970 1971/1971 1972/1972
f 1970/1970 1972/1972 1973/1973
f 1971/1971 1974/1974 1975/1975
f 1971/1971 1975/1975 1972/1972
f 1968/1968 1962/1962 1963/1963
f 1968/1968 1963/1963 1969/1969
f 1976/1976 1977/1977 1978/1978
f 1976/1976 1978/1978 1979/1979
f 1980/1980 1944/1944 1945/1945
f 1980/1980 1945/1945 1981/1981
f 1982/1982 1983/1983 1984/1984
f 1982/1982 1984/1984 1985/1985
f 1983/1983 1986/1986 1987/1987
f 1983/1983 1987/1987 1984/1984
f 1977/1977 1980/1980 1981/1981
f 1977/1977 1981/1981 1978/1978
f 1988/1988 1989/1989 1990/1990
f 1988/1988 1990/1990 1991/1991
f 1992/1992 1993/1993 1946/1946
f 1992/1992 1946/1946 1949/1949
f 1990/1990 1989/1989 1958/1958
f 1990/1990 1958/1958 1959/1959
f 1951/1951 1994/1994 1995/1995
f 1951/1951 1995/1995 1952/1952
f 1996/1996 1997/1997 1995/1995
f 1996/1996 1995/1995 1994/1994
f 1934/1934 1933/1933 1988/1988
f 1934/1934 1988/1988 1991/1991
f 1996/1996 1993/1993 1992/1992
f 1996/1996 1992/1992 1997/1997
f 1974/1974 1998/1998 1999/1999
f 1974/1974 1999/1999 1975/1975
f 1986/1986 2000/2000 2001/2001
f 1986/1986 2001/2001 1987/1987
f 2002/2002 2003/2003 1970/1970
f 2002/2002 1970/1970 1973/1973
f 2004/2004 2005/2005 1982/1982
f 2004/2004 1982/1982 1985/1985
f 2006/2006 2007/2007 2008/2008
f 2006/2006 2008/2008 2009/2009
f 2010/2010 2006/2006 2009/2009
f 2010/2010 2009/2009 2011/2011
f 2012/2012 2010/2010 2011/2011
f 2012/2012 2011/2011 2013/2013
f 2014/2014 2012/2012 2013/2013
f 2014/2014 2013/2013 2015/2015
f 2016/2016 2014/2014 2015/2015
f 2016/2016 2015/2015 2017/2017
f 2018/2018 2016/2016 2017/2017
f 2018/2018 2017/2017 2019/2019
f 2020/2020 2018/2018 2019/2019
f 2020/2020 2019/2019 2021/2021
f 2022/2022 2023/2023 2024/2024
f 2022/2022 2024/2024 2025/2025
f 2023/2023 2026/2026 2027/2027
f 2023/2023 2027/2027 2024/2024
f 2026/2026 2028/2028 2029/2029
f 2026/2026 2029/2029 2027/2027
f 2028/2028 2030/2030 2031/2031
f 2028/2028 2031/2031 2029/2029
f 2030/2030 2032/2032 2033/2033
f 2030/2030 2033/2033 2031/2031
f 2007/2007 2034/2034 2035/2035
f 2007/2007 2035/2035 2008/2008
f 2034/2034 2036/2036 2037/2037
f 2034/2034 2037/2037 2035/2035
f 2038/2038 2039/2039 2040/2040
f 2038/2038 2040/2040 2041/2041
f 2042/2042 2038/2038 2041/2041
f 2042/2042 2041/2041 2043/2043
f 2044/2044 2042/2042 2043/2043
f 2044/2044 2043/2043 2045/2045
f 2036/2036 2044/2044 2045/2045
f 2036/2036 2045/2045 2037/2037
f 2046/2046 2047/2047 2048/2048
f 2046/2046 2048/2048 2049/2049
f 2050/2050 2046/2046 2049/2049
f 2050/2050 2049/2049 2051/2051
f 2039/2039 2050/2050 2051/2051
f 2039/2039 2051/2051 2040/2040
f 2052/2052 2053/2053 2054/2054
f 2052/2052 2054/2054 2055/2055
f 2047/2047 2052/2052 2055/2055
f 2047/2047 2055/2055 2048/2048
f 2056/2056 2057/2057 2058/2058
f 2056/2056 2058/2058 2059/2059
f 2060/2060 2061/2061 2062/2062
f 2060/2060 2062/2062 2063/2063
f 2061/2061 2064/2064 2065/2065
f 2061/2061 2065/2065 2062/2062
f 2064/2064 2056/2056 2059/2059
f 2064/2064 2059/2059 2065/2065
f 2066/2066 2060/2060 2063/2063
f 2066/2066 2063/2063 2067/2067
f 2057/2057 2068/2068 2069/2069
f 2057/2057 2069/2069 2058/2058
f 2070/2070 2066/2066 2067/2067
f 2070/2070 2067/2067 2071/2071
f 2072/2072 2073/2073 2074/2074
f 2072/2072 2074/2074 2075/2075
f 2076/2076 2077/2077 2078/2078
f 2076/2076 2078/2078 2079/2079
f 2075/2075 2074/2074 2080/2080
f 2075/2075 2080/2080 2081/2081
f 2082/2082 2083/2083 2077/2077
f 2082/2082 2077/2077 2076/2076
f 2084/2084 2085/2085 2086/2086
f 2084/2084 2086/2086 2087/2087
f 2088/2088 2089/2089 2090/2090
f 2088/2088 2090/2090 2091/2091
f 2091/2091 2090/2090 2073/2073
f 2091/2091 2073/2073 2072/2072
f 1543/1543 1545/1545 2089/2089
f 1543/1543 2089/2089 2088/2088
f 2079/2079 2078/2078 2092/2092
f 2079/2079 2092/2092 2093/2093
f 2081/2081 2080/2080 2094/2094
f 2081/2081 2094/2094 2095/2095
f 2095/2095 2094/2094 2083/2083
f 2095/2095 2083/2083 2082/2082
f 2087/2087 2086/2086 2096/2096
f 2087/2087 2096/2096 2097/2097
f 2098/2098 2099/2099 2100/2100
f 2098/2098 2100/2100 2101/2101
f 2100/2100 2085/2085 2084/2084
f 2100/2100 2084/2084 2101/2101
f 2080/2080 2074/2074 2102/2102
f 2080/2080 2102/2102 2103/2103
f 2083/2083 2094/2094 2104/2104
f 2083/2083 2104/2104 2105/2105
f 2085/2085 2100/2100 2106/2106
f 2085/2085 2106/2106 2107/2107
f 2100/2100 2099/2099 2108/2108
f 2100/2100 2108/2108 2106/2106
f 2078/2078 2077/2077 2109/2109
f 2078/2078 2109/2109 2110/2110
f 2096/2096 2086/2086 2111/2111
f 2096/2096 2111/2111 2112/2112
f 2086/2086 2085/2085 2107/2107
f 2086/2086 2107/2107 2111/2111
f 2073/2073 2090/2090 2113/2113
f 2073/2073 2113/2113 2114/2114
f 2098/2098 2101/2101 2115/2115
f 2098/2098 2115/2115 2116/2116
f 1545/1545 1544/1544 2117/2117
f 1545/1545 2117/2117 2118/2118
f 2094/2094 2080/2080 2103/2103
f 2094/2094 2103/2103 2104/2104
f 2087/2087 2097/2097 2119/2119
f 2087/2087 2119/2119 2120/2120
f 2095/2095 2082/2082 2121/2121
f 2095/2095 2121/2121 2122/2122
f 2081/2081 2095/2095 2122/2122
f 2081/2081 2122/2122 2123/2123
f 2079/2079 2093/2093 2124/2124
f 2079/2079 2124/2124 2125/2125
f 1543/1543 2088/2088 2126/2126
f 1543/1543 2126/2126 2127/2127
f 2091/2091 2072/2072 2128/2128
f 2091/2091 2128/2128 2129/2129
f 2088/2088 2091/2091 2129/2129
f 2088/2088 2129/2129 2126/2126
f 2084/2084 2087/2087 2120/2120
f 2084/2084 2120/2120 2130/2130
f 2082/2082 2076/2076 2131/2131
f 2082/2082 2131/2131 2121/2121
f 2075/2075 2081/2081 2123/2123
f 2075/2075 2123/2123 2132/2132
f 2076/2076 2079/2079 2125/2125
f 2076/2076 2125/2125 2131/2131
f 2072/2072 2075/2075 2132/2132
f 2072/2072 2132/2132 2128/2128
f 2097/2097 1543/1543 2127/2127
f 2097/2097 2127/2127 2119/2119
f 2099/2099 2098/2098 2116/2116
f 2099/2099 2116/2116 2108/2108
f 2101/2101 2084/2084 2130/2130
f 2101/2101 2130/2130 2115/2115
f 2077/2077 2083/2083 2105/2105
f 2077/2077 2105/2105 2109/2109
f 2089/2089 1545/1545 2118/2118
f 2089/2089 2118/2118 2133/2133
f 2090/2090 2089/2089 2133/2133
f 2090/2090 2133/2133 2113/2113
f 2092/2092 2078/2078 2110/2110
f 2092/2092 2110/2110 2134/2134
f 2074/2074 2073/2073 2114/2114
f 2074/2074 2114/2114 2102/2102
f 2097/2097 2096/2096 1544/1544
f 2097/2097 1544/1544 1543/1543
f 2112/2112 2117/2117 1544/1544
f 2112/2112 1544/1544 2096/2096
f 2135/2135 2136/2136 2137/2137
f 2135/2135 2137/2137 2138/2138
f 2139/2139 2140/2140 2141/2141
f 2139/2139 2141/2141 2142/2142
f 2140/2140 2143/2143 2144/2144
f 2140/2140 2144/2144 2141/2141
f 2143/2143 2145/2145 2146/2146
f 2143/2143 2146/2146 2144/2144
f 2147/2147 2139/2139 2142/2142
f 2147/2147 2142/2142 2148/2148
f 2149/2149 2150/2150 2151/2151
f 2149/2149 2151/2151 2152/2152
f 2153/2153 2149/2149 2152/2152
f 2153/2153 2152/2152 2154/2154
f 2155/2155 2153/2153 2154/2154
f 2155/2155 2154/2154 2156/2156
f 2157/2157 2158/2158 2159/2159
f 2157/2157 2159/2159 2160/2160
f 2161/2161 2157/2157 2160/2160
f 2161/2161 2160/2160 2162/2162
f 2158/2158 2163/2163 2164/2164
f 2158/2158 2164/2164 2159/2159
f 2165/2165 2166/2166 2167/2167
f 2165/2165 2167/2167 2168/2168
f 2169/2169 2170/2170 2171/2171
f 2169/2169 2171/2171 2172/2172
f 2166/2166 2173/2173 2174/2174
f 2166/2166 2174/2174 2167/2167
f 2175/2175 2165/2165 2168/2168
f 2175/2175 2168/2168 2176/2176
f 2177/2177 2178/2178 2179/2179
f 2177/2177 2179/2179 2180/2180
f 2170/2170 2181/2181 2182/2182
f 2170/2170 2182/2182 2171/2171
f 2178/2178 2169/2169 2172/2172
f 2178/2178 2172/2172 2179/2179
f 2183/2183 2175/2175 2176/2176
f 2183/2183 2176/2176 2184/2184
f 2173/2173 2185/2185 2186/2186
f 2173/2173 2186/2186 2174/2174
f 2185/2185 2177/2177 2180/2180
f 2185/2185 2180/2180 2186/2186
f 2181/2181 2147/2147 2148/2148
f 2181/2181 2148/2148 2182/2182
f 2163/2163 2183/2183 2184/2184
f 2163/2163 2184/2184 2164/2164
f 2145/2145 2187/2187 2188/2188
f 2145/2145 2188/2188 2146/2146
f 2150/2150 2161/2161 2162/2162
f 2150/2150 2162/2162 2151/2151
f 2189/2189 2190/2190 2191/2191
f 2189/2189 2191/2191 2192/2192
f 2193/2193 2194/2194 2195/2195
f 2193/2193 2195/2195 2196/2196
f 2197/2197 2189/2189 2192/2192
f 2197/2197 2192/2192 2198/2198
f 2199/2199 2200/2200 2201/2201
f 2199/2199 2201/2201 2202/2202
f 2203/2203 2197/2197 2198/2198
f 2203/2203 2198/2198 2204/2204
f 2205/2205 2206/2206 2207/2207
f 2205/2205 2207/2207 2208/2208
f 2190/2190 2209/2209 2210/2210
f 2190/2190 2210/2210 2191/2191
f 2211/2211 2199/2199 2202/2202
f 2211/2211 2202/2202 2212/2212
f 2213/2213 2214/2214 2215/2215
f 2213/2213 2215/2215 2216/2216
f 2194/2194 2217/2217 2218/2218
f 2194/2194 2218/2218 2195/2195
f 2214/2214 2219/2219 2220/2220
f 2214/2214 2220/2220 2215/2215
f 2221/2221 2135/2135 2138/2138
f 2221/2221 2138/2138 2222/2222
f 2219/2219 2223/2223 2224/2224
f 2219/2219 2224/2224 2220/2220
f 2200/2200 2221/2221 2222/2222
f 2200/2200 2222/2222 2201/2201
f 2225/2225 2226/2226 2227/2227
f 2225/2225 2227/2227 2228/2228
f 2209/2209 2205/2205 2208/2208
f 2209/2209 2208/2208 2210/2210
f 2226/2226 2229/2229 2230/2230
f 2226/2226 2230/2230 2227/2227
f 2217/2217 2231/2231 2232/2232
f 2217/2217 2232/2232 2218/2218
f 2231/2231 2225/2225 2228/2228
f 2231/2231 2228/2228 2232/2232
f 2233/2233 2203/2203 2204/2204
f 2233/2233 2204/2204 2234/2234
f 2136/2136 2193/2193 2196/2196
f 2136/2136 2196/2196 2137/2137
f 2187/2187 2235/2235 2236/2236
f 2187/2187 2236/2236 2188/2188
f 2206/2206 2211/2211 2212/2212
f 2206/2206 2212/2212 2207/2207
f 2229/2229 2213/2213 2216/2216
f 2229/2229 2216/2216 2230/2230
f 2237/2237 2224/2224 2223/2223
f 2237/2237 2223/2223 2238/2238
f 2239/2239 2240/2240 2155/2155
f 2239/2239 2155/2155 2156/2156
f 2241/2241 2242/2242 2233/2233
f 2241/2241 2233/2233 2234/2234
f 2243/2243 2244/2244 2245/2245
f 2243/2243 2245/2245 2246/2246
f 2054/2054 2053/2053 2022/2022
f 2054/2054 2022/2022 2025/2025
f 2053/2053 2243/2243 2246/2246
f 2053/2053 2246/2246 2022/2022
f 2247/2247 2248/2248 2249/2249
f 2247/2247 2249/2249 2250/2250
f 2250/2250 2249/2249 2052/2052
f 2250/2250 2052/2052 2047/2047
f 2248/2248 2244/2244 2243/2243
f 2248/2248 2243/2243 2249/2249
f 2249/2249 2243/2243 2053/2053
f 2249/2249 2053/2053 2052/2052
f 2251/2251 2252/2252 2253/2253
f 2251/2251 2253/2253 2254/2254
f 2254/2254 2253/2253 2050/2050
f 2254/2254 2050/2050 2039/2039
f 2252/2252 2255/2255 2256/2256
f 2252/2252 2256/2256 2253/2253
f 2253/2253 2256/2256 2046/2046
f 2253/2253 2046/2046 2050/2050
f 2255/2255 2247/2247 2250/2250
f 2255/2255 2250/2250 2256/2256
f 2256/2256 2250/2250 2047/2047
f 2256/2256 2047/2047 2046/2046
f 2257/2257 2258/2258 2259/2259
f 2257/2257 2259/2259 2260/2260
f 2260/2260 2259/2259 2044/2044
f 2260/2260 2044/2044 2036/2036
f 2258/2258 2261/2261 2262/2262
f 2258/2258 2262/2262 2259/2259
f 2259/2259 2262/2262 2042/2042
f 2259/2259 2042/2042 2044/2044
f 2261/2261 2263/2263 2264/2264
f 2261/2261 2264/2264 2262/2262
f 2262/2262 2264/2264 2038/2038
f 2262/2262 2038/2038 2042/2042
f 2263/2263 2251/2251 2254/2254
f 2263/2263 2254/2254 2264/2264
f 2264/2264 2254/2254 2039/2039
f 2264/2264 2039/2039 2038/2038
f 2265/2265 2257/2257 2260/2260
f 2265/2265 2260/2260 2266/2266
f 2266/2266 2260/2260 2036/2036
f 2266/2266 2036/2036 2034/2034
f 2267/2267 2265/2265 2266/2266
f 2267/2267 2266/2266 2268/2268
f 2268/2268 2266/2266 2034/2034
f 2268/2268 2034/2034 2007/2007
f 2269/2269 2270/2270 2271/2271
f 2269/2269 2271/2271 2272/2272
f 2272/2272 2271/2271 2032/2032
f 2272/2272 2032/2032 2030/2030
f 2273/2273 2269/2269 2272/2272
f 2273/2273 2272/2272 2274/2274
f 2274/2274 2272/2272 2030/2030
f 2274/2274 2030/2030 2028/2028
f 2275/2275 2273/2273 2274/2274
f 2275/2275 2274/2274 2276/2276
f 2276/2276 2274/2274 2028/2028
f 2276/2276 2028/2028 2026/2026
f 2277/2277 2275/2275 2276/2276
f 2277/2277 2276/2276 2278/2278
f 2278/2278 2276/2276 2026/2026
f 2278/2278 2026/2026 2023/2023
f 2245/2245 2277/2277 2278/2278
f 2245/2245 2278/2278 2246/2246
f 2246/2246 2278/2278 2023/2023
f 2246/2246 2023/2023 2022/2022
f 2279/2279 2020/2020 2021/2021
f 2279/2279 2021/2021 2280/2280
f 2281/2281 2282/2282 2283/2283
f 2281/2281 2283/2283 2284/2284
f 2282/2282 2285/2285 2286/2286
f 2282/2282 2286/2286 2283/2283
f 2283/2283 2286/2286 2018/2018
f 2283/2283 2018/2018 2020/2020
f 2285/2285 2287/2287 2288/2288
f 2285/2285 2288/2288 2286/2286
f 2286/2286 2288/2288 2016/2016
f 2286/2286 2016/2016 2018/2018
f 2287/2287 2289/2289 2290/2290
f 2287/2287 2290/2290 2288/2288
f 2288/2288 2290/2290 2014/2014
f 2288/2288 2014/2014 2016/2016
f 2289/2289 2291/2291 2292/2292
f 2289/2289 2292/2292 2290/2290
f 2290/2290 2292/2292 2012/2012
f 2290/2290 2012/2012 2014/2014
f 2291/2291 2293/2293 2294/2294
f 2291/2291 2294/2294 2292/2292
f 2292/2292 2294/2294 2010/2010
f 2292/2292 2010/2010 2012/2012
f 2293/2293 2295/2295 2296/2296
f 2293/2293 2296/2296 2294/2294
f 2294/2294 2296/2296 2006/2006
f 2294/2294 2006/2006 2010/2010
f 2295/2295 2267/2267 2268/2268
f 2295/2295 2268/2268 2296/2296
f 2296/2296 2268/2268 2007/2007
f 2296/2296 2007/2007 2006/2006
f 2297/2297 1976/1976 1979/1979
f 2297/2297 1979/1979 2298/2298
f 2299/2299 2300/2300 2301/2301
f 2299/2299 2301/2301 2302/2302
f 2303/2303 2304/2304 2305/2305
f 2303/2303 2305/2305 2306/2306
f 2284/2284 2283/2283 2020/2020
f 2284/2284 2020/2020 2279/2279
f 2307/2307 2308/2308 2309/2309
f 2307/2307 2309/2309 2310/2310
f 2311/2311 2312/2312 2313/2313
f 2311/2311 2313/2313 2314/2314
f 2311/2311 2315/2315 2316/2316
f 2311/2311 2316/2316 2312/2312
f 2317/2317 2318/2318 2319/2319
f 2317/2317 2319/2319 2320/2320
f 2321/2321 2322/2322 2323/2323
f 2321/2321 2323/2323 2324/2324
f 2325/2325 2321/2321 2324/2324
f 2325/2325 2324/2324 2326/2326
f 2327/2327 2325/2325 2326/2326
f 2327/2327 2326/2326 2328/2328
f 2315/2315 2329/2329 2330/2330
f 2315/2315 2330/2330 2316/2316
f 2329/2329 2331/2331 2332/2332
f 2329/2329 2332/2332 2330/2330
f 2333/2333 2334/2334 2335/2335
f 2333/2333 2335/2335 2336/2336
f 2334/2334 2337/2337 2338/2338
f 2334/2334 2338/2338 2335/2335
f 2338/2338 2337/2337 2339/2339
f 2338/2338 2339/2339 2340/2340
f 2339/2339 2341/2341 2342/2342
f 2339/2339 2342/2342 2340/2340
f 2343/2343 2327/2327 2328/2328
f 2343/2343 2328/2328 2344/2344
f 2341/2341 2343/2343 2344/2344
f 2341/2341 2344/2344 2342/2342
f 2345/2345 2346/2346 2347/2347
f 2345/2345 2347/2347 2348/2348
f 2349/2349 2350/2350 2351/2351
f 2349/2349 2351/2351 2352/2352
f 2353/2353 2354/2354 2355/2355
f 2353/2353 2355/2355 2356/2356
f 2357/2357 2358/2358 2359/2359
f 2357/2357 2359/2359 2360/2360
f 2361/2361 2362/2362 2363/2363
f 2361/2361 2363/2363 2364/2364
f 2362/2362 2365/2365 2366/2366
f 2362/2362 2366/2366 2363/2363
f 2365/2365 2367/2367 2368/2368
f 2365/2365 2368/2368 2366/2366
f 2369/2369 2361/2361 2364/2364
f 2369/2369 2364/2364 2370/2370
f 2371/2371 2372/2372 2373/2373
f 2371/2371 2373/2373 2374/2374
f 2375/2375 2376/2376 2377/2377
f 2375/2375 2377/2377 2378/2378
f 2372/2372 2379/2379 2380/2380
f 2372/2372 2380/2380 2373/2373
f 2376/2376 2371/2371 2374/2374
f 2376/2376 2374/2374 2377/2377
f 2379/2379 2369/2369 2370/2370
f 2379/2379 2370/2370 2380/2380
f 2367/2367 2381/2381 2382/2382
f 2367/2367 2382/2382 2368/2368
f 2383/2383 2384/2384 2385/2385
f 2383/2383 2385/2385 2386/2386
f 2387/2387 2375/2375 2378/2378
f 2387/2387 2378/2378 2388/2388
f 2389/2389 2390/2390 2391/2391
f 2389/2389 2391/2391 2392/2392
f 2393/2393 2394/2394 2395/2395
f 2393/2393 2395/2395 2396/2396
f 2397/2397 2398/2398 2399/2399
f 2397/2397 2399/2399 2400/2400
f 2401/2401 2387/2387 2388/2388
f 2401/2401 2388/2388 2402/2402
f 2403/2403 2397/2397 2400/2400
f 2403/2403 2400/2400 2404/2404
f 2405/2405 2406/2406 2407/2407
f 2405/2405 2407/2407 2408/2408
f 2409/2409 2353/2353 2356/2356
f 2409/2409 2356/2356 2410/2410
f 2411/2411 2412/2412 2413/2413
f 2411/2411 2413/2413 2414/2414
f 2415/2415 2345/2345 2348/2348
f 2415/2415 2348/2348 2416/2416
f 2417/2417 2418/2418 2419/2419
f 2417/2417 2419/2419 2420/2420
f 2421/2421 2307/2307 2310/2310
f 2421/2421 2310/2310 2422/2422
f 2346/2346 2423/2423 2424/2424
f 2346/2346 2424/2424 2347/2347
f 2425/2425 2421/2421 2422/2422
f 2425/2425 2422/2422 2426/2426
f 2418/2418 2427/2427 2428/2428
f 2418/2418 2428/2428 2419/2419
f 2429/2429 2430/2430 2431/2431
f 2429/2429 2431/2431 2432/2432
f 2433/2433 2434/2434 2435/2435
f 2433/2433 2435/2435 2436/2436
f 2437/2437 2438/2438 2439/2439
f 2437/2437 2439/2439 2440/2440
f 2412/2412 2441/2441 2442/2442
f 2412/2412 2442/2442 2413/2413
f 2443/2443 2444/2444 2445/2445
f 2443/2443 2445/2445 2446/2446
f 2447/2447 2448/2448 2449/2449
f 2447/2447 2449/2449 2450/2450
f 2438/2438 2417/2417 2420/2420
f 2438/2438 2420/2420 2439/2439
f 2441/2441 2425/2425 2426/2426
f 2441/2441 2426/2426 2442/2442
f 2451/2451 2452/2452 2453/2453
f 2451/2451 2453/2453 2454/2454
f 2455/2455 2443/2443 2446/2446
f 2455/2455 2446/2446 2456/2456
f 2423/2423 2437/2437 2440/2440
f 2423/2423 2440/2440 2424/2424
f 2457/2457 2458/2458 2459/2459
f 2457/2457 2459/2459 2460/2460
f 2461/2461 2462/2462 2463/2463
f 2461/2461 2463/2463 2464/2464
f 2465/2465 2411/2411 2414/2414
f 2465/2465 2414/2414 2466/2466
f 2354/2354 2455/2455 2456/2456
f 2354/2354 2456/2456 2355/2355
f 2467/2467 2468/2468 2469/2469
f 2467/2467 2469/2469 2470/2470
f 2458/2458 2471/2471 2472/2472
f 2458/2458 2472/2472 2459/2459
f 2473/2473 2474/2474 2475/2475
f 2473/2473 2475/2475 2476/2476
f 2444/2444 2477/2477 2478/2478
f 2444/2444 2478/2478 2445/2445
f 2448/2448 2479/2479 2480/2480
f 2448/2448 2480/2480 2449/2449
f 2481/2481 2433/2433 2436/2436
f 2481/2481 2436/2436 2482/2482
f 2483/2483 2484/2484 2485/2485
f 2483/2483 2485/2485 2486/2486
f 2487/2487 2488/2488 2489/2489
f 2487/2487 2489/2489 2490/2490
f 2484/2484 2491/2491 2492/2492
f 2484/2484 2492/2492 2485/2485
f 2430/2430 2447/2447 2450/2450
f 2430/2430 2450/2450 2431/2431
f 2493/2493 2358/2358 2357/2357
f 2493/2493 2357/2357 2494/2494
f 2406/2406 2495/2495 2496/2496
f 2406/2406 2496/2496 2407/2407
f 2497/2497 2487/2487 2490/2490
f 2497/2497 2490/2490 2498/2498
f 2467/2467 2481/2481 2482/2482
f 2467/2467 2482/2482 2468/2468
f 2479/2479 2499/2499 2500/2500
f 2479/2479 2500/2500 2480/2480
f 2495/2495 2465/2465 2466/2466
f 2495/2495 2466/2466 2496/2496
f 2488/2488 2493/2493 2494/2494
f 2488/2488 2494/2494 2489/2489
f 2434/2434 2415/2415 2416/2416
f 2434/2434 2416/2416 2435/2435
f 2471/2471 2405/2405 2408/2408
f 2471/2471 2408/2408 2472/2472
f 2501/2501 2497/2497 2498/2498
f 2501/2501 2498/2498 2502/2502
f 2427/2427 2503/2503 2504/2504
f 2427/2427 2504/2504 2428/2428
f 2505/2505 2451/2451 2454/2454
f 2505/2505 2454/2454 2506/2506
f 2452/2452 2507/2507 2508/2508
f 2452/2452 2508/2508 2453/2453
f 2509/2509 2403/2403 2404/2404
f 2509/2509 2404/2404 2510/2510
f 2390/2390 2511/2511 2512/2512
f 2390/2390 2512/2512 2391/2391
f 2513/2513 2473/2473 2476/2476
f 2513/2513 2476/2476 2514/2514
f 2507/2507 2513/2513 2514/2514
f 2507/2507 2514/2514 2508/2508
f 2511/2511 2509/2509 2510/2510
f 2511/2511 2510/2510 2512/2512
f 2515/2515 2360/2360 2359/2359
f 2515/2515 2359/2359 2516/2516
f 2469/2469 2515/2515 2516/2516
f 2469/2469 2516/2516 2470/2470
f 2499/2499 2505/2505 2506/2506
f 2499/2499 2506/2506 2500/2500
f 2398/2398 2461/2461 2464/2464
f 2398/2398 2464/2464 2399/2399
f 2517/2517 2401/2401 2402/2402
f 2517/2517 2402/2402 2518/2518
f 2519/2519 2393/2393 2396/2396
f 2519/2519 2396/2396 2520/2520
f 2474/2474 2429/2429 2432/2432
f 2474/2474 2432/2432 2475/2475
f 2521/2521 2389/2389 2392/2392
f 2521/2521 2392/2392 2522/2522
f 2523/2523 2409/2409 2410/2410
f 2523/2523 2410/2410 2524/2524
f 2381/2381 2383/2383 2386/2386
f 2381/2381 2386/2386 2382/2382
f 2308/2308 2349/2349 2352/2352
f 2308/2308 2352/2352 2309/2309
f 2323/2323 2322/2322 2318/2318
f 2323/2323 2318/2318 2317/2317
f 2525/2525 2526/2526 2527/2527
f 2525/2525 2527/2527 2528/2528
f 2529/2529 2530/2530 2531/2531
f 2529/2529 2531/2531 2532/2532
f 2533/2533 2534/2534 2535/2535
f 2533/2533 2535/2535 2536/2536
f 2526/2526 2537/2537 2538/2538
f 2526/2526 2538/2538 2527/2527
f 2539/2539 2533/2533 2536/2536
f 2539/2539 2536/2536 2540/2540
f 2541/2541 2542/2542 2543/2543
f 2541/2541 2543/2543 2544/2544
f 2545/2545 2525/2525 2528/2528
f 2545/2545 2528/2528 2546/2546
f 2547/2547 1561/1561 1563/1563
f 2547/2547 1563/1563 2548/2548
f 2549/2549 2547/2547 2548/2548
f 2549/2549 2548/2548 2550/2550
f 2551/2551 2541/2541 2544/2544
f 2551/2551 2544/2544 2552/2552
f 2530/2530 2549/2549 2550/2550
f 2530/2530 2550/2550 2531/2531
f 2542/2542 2545/2545 2546/2546
f 2542/2542 2546/2546 2543/2543
f 2534/2534 2551/2551 2552/2552
f 2534/2534 2552/2552 2535/2535
f 2537/2537 2529/2529 2532/2532
f 2537/2537 2532/2532 2538/2538
f 2553/2553 2554/2554 2555/2555
f 2553/2553 2555/2555 2556/2556
f 2557/2557 2558/2558 2559/2559
f 2557/2557 2559/2559 2560/2560
f 2561/2561 2557/2557 2560/2560
f 2561/2561 2560/2560 2562/2562
f 2563/2563 2561/2561 2562/2562
f 2563/2563 2562/2562 2564/2564
f 2565/2565 2566/2566 2567/2567
f 2565/2565 2567/2567 2568/2568
f 2569/2569 2570/2570 2571/2571
f 2569/2569 2571/2571 2572/2572
f 2570/2570 2573/2573 2574/2574
f 2570/2570 2574/2574 2571/2571
f 2573/2573 2575/2575 2576/2576
f 2573/2573 2576/2576 2574/2574
f 2577/2577 2565/2565 2568/2568
f 2577/2577 2568/2568 2578/2578
f 2579/2579 2577/2577 2578/2578
f 2579/2579 2578/2578 2580/2580
f 2575/2575 2579/2579 2580/2580
f 2575/2575 2580/2580 2576/2576
f 2581/2581 2569/2569 2572/2572
f 2581/2581 2572/2572 2582/2582
f 2583/2583 2584/2584 2585/2585
f 2583/2583 2585/2585 2586/2586
f 2587/2587 2588/2588 2589/2589
f 2587/2587 2589/2589 2590/2590
f 2588/2588 2591/2591 2592/2592
f 2588/2588 2592/2592 2589/2589
f 2591/2591 2583/2583 2586/2586
f 2591/2591 2586/2586 2592/2592
f 2558/2558 2593/2593 2594/2594
f 2558/2558 2594/2594 2559/2559
f 2584/2584 2581/2581 2582/2582
f 2584/2584 2582/2582 2585/2585
f 2595/2595 2587/2587 2590/2590
f 2595/2595 2590/2590 2596/2596
f 2566/2566 2597/2597 2598/2598
f 2566/2566 2598/2598 2567/2567
f 2599/2599 2600/2600 2601/2601
f 2599/2599 2601/2601 2602/2602
f 2603/2603 2604/2604 2605/2605
f 2603/2603 2605/2605 2606/2606
f 2604/2604 2607/2607 2608/2608
f 2604/2604 2608/2608 2605/2605
f 2609/2609 2610/2610 2611/2611
f 2609/2609 2611/2611 2612/2612
f 2610/2610 2613/2613 2614/2614
f 2610/2610 2614/2614 2611/2611
f 2607/2607 2615/2615 2616/2616
f 2607/2607 2616/2616 2608/2608
f 2615/2615 2609/2609 2612/2612
f 2615/2615 2612/2612 2616/2616
f 2613/2613 2599/2599 2602/2602
f 2613/2613 2602/2602 2614/2614
f 2600/2600 2598/2598 2597/2597
f 2600/2600 2597/2597 2601/2601
f 1557/1557 1556/1556 1569/1569
f 1557/1557 1569/1569 1568/1568
f 1560/1560 1559/1559 1556/1556
f 1560/1560 1556/1556 1555/1555
f 1554/1554 1553/1553 1559/1559
f 1554/1554 1559/1559 1558/1558
f 2617/2617 1553/1553 1552/1552
f 2617/2617 1552/1552 2618/2618
f 2619/2619 2620/2620 2617/2617
f 2619/2619 2617/2617 2618/2618
f 2620/2620 2619/2619 2539/2539
f 2620/2620 2539/2539 2540/2540
f 2621/2621 2622/2622 2623/2623
f 2621/2621 2623/2623 2624/2624
f 2554/2554 2625/2625 2626/2626
f 2554/2554 2626/2626 2555/2555
f 2627/2627 2621/2621 2624/2624
f 2627/2627 2624/2624 2628/2628
f 2625/2625 2627/2627 2628/2628
f 2625/2625 2628/2628 2626/2626
f 2629/2629 2630/2630 2631/2631
f 2629/2629 2631/2631 2632/2632
f 2633/2633 2634/2634 2635/2635
f 2633/2633 2635/2635 2636/2636
f 2630/2630 2637/2637 2638/2638
f 2630/2630 2638/2638 2631/2631
f 2634/2634 2639/2639 2640/2640
f 2634/2634 2640/2640 2635/2635
f 2639/2639 2641/2641 2642/2642
f 2639/2639 2642/2642 2640/2640
f 2643/2643 2644/2644 2645/2645
f 2643/2643 2645/2645 2646/2646
f 2637/2637 2647/2647 2648/2648
f 2637/2637 2648/2648 2638/2638
f 2644/2644 2633/2633 2636/2636
f 2644/2644 2636/2636 2645/2645
f 2647/2647 2649/2649 2650/2650
f 2647/2647 2650/2650 2648/2648
f 2649/2649 2643/2643 2646/2646
f 2649/2649 2646/2646 2650/2650
f 2651/2651 2652/2652 2653/2653
f 2651/2651 2653/2653 2654/2654
f 2655/2655 2656/2656 2657/2657
f 2655/2655 2657/2657 2658/2658
f 2659/2659 2660/2660 2661/2661
f 2659/2659 2661/2661 2662/2662
f 2660/2660 2663/2663 2664/2664
f 2660/2660 2664/2664 2661/2661
f 2656/2656 2665/2665 2666/2666
f 2656/2656 2666/2666 2657/2657
f 2665/2665 2667/2667 2668/2668
f 2665/2665 2668/2668 2666/2666
f 2652/2652 2659/2659 2662/2662
f 2652/2652 2662/2662 2653/2653
f 2669/2669 2670/2670 2671/2671
f 2669/2669 2671/2671 2672/2672
f 2670/2670 2655/2655 2658/2658
f 2670/2670 2658/2658 2671/2671
f 2673/2673 2669/2669 2672/2672
f 2673/2673 2672/2672 2674/2674
f 2663/2663 2673/2673 2674/2674
f 2663/2663 2674/2674 2664/2664
f 2593/2593 2595/2595 2596/2596
f 2593/2593 2596/2596 2594/2594
f 2675/2675 2676/2676 2677/2677
f 2675/2675 2677/2677 2678/2678
f 2679/2679 2680/2680 2681/2681
f 2679/2679 2681/2681 2682/2682
f 2683/2683 2679/2679 2682/2682
f 2683/2683 2682/2682 2684/2684
f 2667/2667 2685/2685 2686/2686
f 2667/2667 2686/2686 2668/2668
f 2687/2687 2675/2675 2678/2678
f 2687/2687 2678/2678 2688/2688
f 2685/2685 2689/2689 2690/2690
f 2685/2685 2690/2690 2686/2686
f 2680/2680 2687/2687 2688/2688
f 2680/2680 2688/2688 2681/2681
f 2689/2689 2683/2683 2684/2684
f 2689/2689 2684/2684 2690/2690
f 2676/2676 2629/2629 2632/2632
f 2676/2676 2632/2632 2677/2677
f 2691/2691 2692/2692 2693/2693
f 2691/2691 2693/2693 2694/2694
f 2695/2695 2696/2696 2697/2697
f 2695/2695 2697/2697 2698/2698
f 2699/2699 2700/2700 2701/2701
f 2699/2699 2701/2701 2702/2702
f 2703/2703 2695/2695 2698/2698
f 2703/2703 2698/2698 2704/2704
f 2700/2700 2705/2705 2706/2706
f 2700/2700 2706/2706 2701/2701
f 2707/2707 2703/2703 2704/2704
f 2707/2707 2704/2704 2708/2708
f 2696/2696 2709/2709 2710/2710
f 2696/2696 2710/2710 2697/2697
f 2709/2709 2699/2699 2702/2702
f 2709/2709 2702/2702 2710/2710
f 2705/2705 2691/2691 2694/2694
f 2705/2705 2694/2694 2706/2706
f 2711/2711 2712/2712 2713/2713
f 2711/2711 2713/2713 2714/2714
f 2712/2712 2715/2715 2716/2716
f 2712/2712 2716/2716 2713/2713
f 2717/2717 2718/2718 2719/2719
f 2717/2717 2719/2719 2720/2720
f 2715/2715 2717/2717 2720/2720
f 2715/2715 2720/2720 2716/2716
f 2721/2721 2722/2722 2723/2723
f 2721/2721 2723/2723 2724/2724
f 2725/2725 2707/2707 2708/2708
f 2725/2725 2708/2708 2726/2726
f 2727/2727 2725/2725 2726/2726
f 2727/2727 2726/2726 2728/2728
f 2729/2729 2711/2711 2714/2714
f 2729/2729 2714/2714 2730/2730
f 2722/2722 2729/2729 2730/2730
f 2722/2722 2730/2730 2723/2723
f 2718/2718 2727/2727 2728/2728
f 2718/2718 2728/2728 2719/2719
f 2731/2731 2721/2721 2724/2724
f 2731/2731 2724/2724 2732/2732
f 2733/2733 2734/2734 2735/2735
f 2733/2733 2735/2735 2736/2736
f 2737/2737 2733/2733 2736/2736
f 2737/2737 2736/2736 2738/2738
f 2739/2739 2740/2740 2741/2741
f 2739/2739 2741/2741 2742/2742
f 2743/2743 2737/2737 2738/2738
f 2743/2743 2738/2738 2744/2744
f 2734/2734 2739/2739 2742/2742
f 2734/2734 2742/2742 2735/2735
f 2745/2745 2746/2746 2747/2747
f 2745/2745 2747/2747 2748/2748
f 2749/2749 2745/2745 2748/2748
f 2749/2749 2748/2748 2750/2750
f 2751/2751 2743/2743 2744/2744
f 2751/2751 2744/2744 2752/2752
f 2740/2740 2749/2749 2750/2750
f 2740/2740 2750/2750 2741/2741
f 2692/2692 2751/2751 2752/2752
f 2692/2692 2752/2752 2693/2693
f 2753/2753 2754/2754 2751/2751
f 2753/2753 2751/2751 2692/2692
f 2755/2755 2756/2756 2749/2749
f 2755/2755 2749/2749 2740/2740
f 2754/2754 2757/2757 2743/2743
f 2754/2754 2743/2743 2751/2751
f 2756/2756 2758/2758 2745/2745
f 2756/2756 2745/2745 2749/2749
f 2758/2758 2759/2759 2746/2746
f 2758/2758 2746/2746 2745/2745
f 2760/2760 2761/2761 2739/2739
f 2760/2760 2739/2739 2734/2734
f 2757/2757 2762/2762 2737/2737
f 2757/2757 2737/2737 2743/2743
f 2761/2761 2755/2755 2740/2740
f 2761/2761 2740/2740 2739/2739
f 2762/2762 2763/2763 2733/2733
f 2762/2762 2733/2733 2737/2737
f 2763/2763 2760/2760 2734/2734
f 2763/2763 2734/2734 2733/2733
f 2764/2764 2765/2765 2721/2721
f 2764/2764 2721/2721 2731/2731
f 2766/2766 2767/2767 2727/2727
f 2766/2766 2727/2727 2718/2718
f 2768/2768 2769/2769 2729/2729
f 2768/2768 2729/2729 2722/2722
f 2769/2769 2770/2770 2711/2711
f 2769/2769 2711/2711 2729/2729
f 2767/2767 2771/2771 2725/2725
f 2767/2767 2725/2725 2727/2727
f 2771/2771 2772/2772 2707/2707
f 2771/2771 2707/2707 2725/2725
f 2765/2765 2768/2768 2722/2722
f 2765/2765 2722/2722 2721/2721
f 2773/2773 2774/2774 2717/2717
f 2773/2773 2717/2717 2715/2715
f 2774/2774 2766/2766 2718/2718
f 2774/2774 2718/2718 2717/2717
f 2775/2775 2773/2773 2715/2715
f 2775/2775 2715/2715 2712/2712
f 2770/2770 2775/2775 2712/2712
f 2770/2770 2712/2712 2711/2711
f 2776/2776 2777/2777 2691/2691
f 2776/2776 2691/2691 2705/2705
f 2778/2778 2779/2779 2699/2699
f 2778/2778 2699/2699 2709/2709
f 2780/2780 2778/2778 2709/2709
f 2780/2780 2709/2709 2696/2696
f 2772/2772 2781/2781 2703/2703
f 2772/2772 2703/2703 2707/2707
f 2782/2782 2776/2776 2705/2705
f 2782/2782 2705/2705 2700/2700
f 2781/2781 2783/2783 2695/2695
f 2781/2781 2695/2695 2703/2703
f 2779/2779 2782/2782 2700/2700
f 2779/2779 2700/2700 2699/2699
f 2783/2783 2780/2780 2696/2696
f 2783/2783 2696/2696 2695/2695
f 2777/2777 2753/2753 2692/2692
f 2777/2777 2692/2692 2691/2691
f 2784/2784 1565/1565 1564/1564
f 2784/2784 1564/1564 2785/2785
f 2606/2606 2786/2786 2787/2787
f 2606/2606 2787/2787 2603/2603
f 2788/2788 2789/2789 2563/2563
f 2788/2788 2563/2563 2564/2564
f 2790/2790 2791/2791 2764/2764
f 2790/2790 2764/2764 2731/2731
f 2792/2792 2790/2790 2731/2731
f 2792/2792 2731/2731 2732/2732
f 2793/2793 2794/2794 2651/2651
f 2793/2793 2651/2651 2654/2654
f 2795/2795 2796/2796 2797/2797
f 2795/2795 2797/2797 2798/2798
f 2799/2799 2800/2800 2801/2801
f 2799/2799 2801/2801 2802/2802
f 1563/1563 1562/1562 2553/2553
f 1563/1563 2553/2553 2556/2556
f 2803/2803 2804/2804 2805/2805
f 2803/2803 2805/2805 2806/2806
f 2807/2807 2808/2808 2809/2809
f 2807/2807 2809/2809 2810/2810
f 2811/2811 2812/2812 2804/2804
f 2811/2811 2804/2804 2803/2803
f 2808/2808 2813/2813 2814/2814
f 2808/2808 2814/2814 2809/2809
f 2815/2815 2816/2816 2817/2817
f 2815/2815 2817/2817 2818/2818
f 2806/2806 2805/2805 2814/2814
f 2806/2806 2814/2814 2813/2813
f 2819/2819 2820/2820 2817/2817
f 2819/2819 2817/2817 2816/2816
f 2821/2821 2822/2822 2823/2823
f 2821/2821 2823/2823 2824/2824
f 2815/2815 2818/2818 2825/2825
f 2815/2815 2825/2825 2826/2826
f 2827/2827 2828/2828 2820/2820
f 2827/2827 2820/2820 2819/2819
f 2829/2829 2830/2830 2831/2831
f 2829/2829 2831/2831 2832/2832
f 2832/2832 2831/2831 2833/2833
f 2832/2832 2833/2833 2834/2834
f 2835/2835 2836/2836 2830/2830
f 2835/2835 2830/2830 2829/2829
f 2834/2834 2833/2833 2828/2828
f 2834/2834 2828/2828 2827/2827
f 2837/2837 2807/2807 2810/2810
f 2837/2837 2810/2810 2838/2838
f 2837/2837 2838/2838 2822/2822
f 2837/2837 2822/2822 2821/2821
f 2839/2839 2840/2840 2841/2841
f 2839/2839 2841/2841 2842/2842
f 2839/2839 2842/2842 2843/2843
f 2839/2839 2843/2843 2844/2844
f 2845/2845 2846/2846 2847/2847
f 2845/2845 2847/2847 2848/2848
f 2849/2849 2850/2850 2851/2851
f 2849/2849 2851/2851 2852/2852
f 2853/2853 2845/2845 2848/2848
f 2853/2853 2848/2848 2854/2854
f 2850/2850 2853/2853 2854/2854
f 2850/2850 2854/2854 2851/2851
f 2846/2846 2855/2855 2856/2856
f 2846/2846 2856/2856 2847/2847
f 2857/2857 2858/2858 2859/2859
f 2857/2857 2859/2859 2860/2860
f 2840/2840 2861/2861 2862/2862
f 2840/2840 2862/2862 2841/2841
f 2855/2855 2863/2863 2864/2864
f 2855/2855 2864/2864 2856/2856
f 2865/2865 2866/2866 2867/2867
f 2865/2865 2867/2867 2868/2868
f 2857/2857 2860/2860 2864/2864
f 2857/2857 2864/2864 2863/2863
f 2869/2869 2870/2870 2867/2867
f 2869/2869 2867/2867 2866/2866
f 2871/2871 2872/2872 2873/2873
f 2871/2871 2873/2873 2874/2874
f 2844/2844 2843/2843 2870/2870
f 2844/2844 2870/2870 2869/2869
f 2872/2872 2865/2865 2868/2868
f 2872/2872 2868/2868 2873/2873
f 2875/2875 2876/2876 2877/2877
f 2875/2875 2877/2877 2878/2878
f 2879/2879 2880/2880 2881/2881
f 2879/2879 2881/2881 2882/2882
f 2883/2883 2884/2884 2876/2876
f 2883/2883 2876/2876 2875/2875
f 2882/2882 2881/2881 2885/2885
f 2882/2882 2885/2885 2886/2886
f 2887/2887 2888/2888 2889/2889
f 2887/2887 2889/2889 2890/2890
f 2891/2891 2892/2892 2893/2893
f 2891/2891 2893/2893 2894/2894
f 2895/2895 2896/2896 2888/2888
f 2895/2895 2888/2888 2887/2887
f 2897/2897 2898/2898 2899/2899
f 2897/2897 2899/2899 2900/2900
f 2901/2901 2902/2902 2903/2903
f 2901/2901 2903/2903 2904/2904
f 2905/2905 2906/2906 2907/2907
f 2905/2905 2907/2907 2908/2908
f 2909/2909 2910/2910 2911/2911
f 2909/2909 2911/2911 2912/2912
f 2913/2913 2914/2914 2884/2884
f 2913/2913 2884/2884 2883/2883
f 2904/2904 2903/2903 2892/2892
f 2904/2904 2892/2892 2891/2891
f 2915/2915 2916/2916 2917/2917
f 2915/2915 2917/2917 2918/2918
f 2919/2919 2920/2920 2921/2921
f 2919/2919 2921/2921 2922/2922
f 2923/2923 2924/2924 2925/2925
f 2923/2923 2925/2925 2926/2926
f 2912/2912 2911/2911 2916/2916
f 2912/2912 2916/2916 2915/2915
f 2926/2926 2925/2925 2927/2927
f 2926/2926 2927/2927 2928/2928
f 2929/2929 2930/2930 2931/2931
f 2929/2929 2931/2931 2932/2932
f 2933/2933 2934/2934 2935/2935
f 2933/2933 2935/2935 2936/2936
f 2937/2937 2938/2938 2930/2930
f 2937/2937 2930/2930 2929/2929
f 2886/2886 2885/2885 2934/2934
f 2886/2886 2934/2934 2933/2933
f 2900/2900 2899/2899 2939/2939
f 2900/2900 2939/2939 2940/2940
f 2941/2941 2942/2942 2943/2943
f 2941/2941 2943/2943 2944/2944
f 2936/2936 2935/2935 2902/2902
f 2936/2936 2902/2902 2901/2901
f 2928/2928 2927/2927 2945/2945
f 2928/2928 2945/2945 2946/2946
f 2944/2944 2943/2943 2896/2896
f 2944/2944 2896/2896 2895/2895
f 2947/2947 2948/2948 2949/2949
f 2947/2947 2949/2949 2950/2950
f 2951/2951 2952/2952 2914/2914
f 2951/2951 2914/2914 2913/2913
f 2946/2946 2945/2945 2953/2953
f 2946/2946 2953/2953 2954/2954
f 2918/2918 2917/2917 2942/2942
f 2918/2918 2942/2942 2941/2941
f 2955/2955 2956/2956 2938/2938
f 2955/2955 2938/2938 2937/2937
f 2954/2954 2953/2953 2957/2957
f 2954/2954 2957/2957 2958/2958
f 2878/2878 2877/2877 2956/2956
f 2878/2878 2956/2956 2955/2955
f 2958/2958 2957/2957 2898/2898
f 2958/2958 2898/2898 2897/2897
f 2959/2959 2960/2960 2961/2961
f 2959/2959 2961/2961 2962/2962
f 2961/2961 2960/2960 2963/2963
f 2961/2961 2963/2963 2964/2964
f 2965/2965 2966/2966 2967/2967
f 2965/2965 2967/2967 2968/2968
f 2967/2967 2966/2966 2969/2969
f 2967/2967 2969/2969 2970/2970
f 2971/2971 2972/2972 2973/2973
f 2971/2971 2973/2973 2974/2974
f 2975/2975 2971/2971 2974/2974
f 2975/2975 2974/2974 2976/2976
f 2977/2977 2975/2975 2976/2976
f 2977/2977 2976/2976 2978/2978
f 2979/2979 2980/2980 2981/2981
f 2979/2979 2981/2981 2982/2982
f 2983/2983 2979/2979 2982/2982
f 2983/2983 2982/2982 2984/2984
f 2980/2980 2985/2985 2986/2986
f 2980/2980 2986/2986 2981/2981
f 2972/2972 2983/2983 2984/2984
f 2972/2972 2984/2984 2973/2973
f 2987/2987 2988/2988 2989/2989
f 2987/2987 2989/2989 2990/2990
f 2985/2985 2991/2991 2992/2992
f 2985/2985 2992/2992 2986/2986
f 2991/2991 2993/2993 2994/2994
f 2991/2991 2994/2994 2992/2992
f 2994/2994 2993/2993 2987/2987
f 2994/2994 2987/2987 2990/2990
f 2995/2995 2996/2996 2977/2977
f 2995/2995 2977/2977 2978/2978
f 2996/2996 2995/2995 2997/2997
f 2996/2996 2997/2997 2998/2998
f 2999/2999 3000/3000 3001/3001
f 2999/2999 3001/3001 3002/3002
f 3003/3003 2999/2999 3002/3002
f 3003/3003 3002/3002 3004/3004
f 1572/1572 3003/3003 3004/3004
f 1572/1572 3004/3004 1573/1573
f 3005/3005 3006/3006 3007/3007
f 3005/3005 3007/3007 3008/3008
f 3009/3009 3005/3005 3008/3008
f 3009/3009 3008/3008 3010/3010
f 3006/3006 3011/3011 3012/3012
f 3006/3006 3012/3012 3007/3007
f 3011/3011 3013/3013 3014/3014
f 3011/3011 3014/3014 3012/3012
f 3001/3001 3000/3000 3009/3009
f 3001/3001 3009/3009 3010/3010
f 3015/3015 3016/3016 1574/1574
f 3015/3015 1574/1574 1576/1576
f 3017/3017 1577/1577 1579/1579
f 3017/3017 1579/1579 3018/3018
f 3015/3015 1578/1578 1577/1577
f 3015/3015 1577/1577 3016/3016
f 3019/3019 3020/3020 3021/3021
f 3019/3019 3021/3021 3022/3022
f 3023/3023 3024/3024 3025/3025
f 3023/3023 3025/3025 3026/3026
f 3027/3027 3028/3028 3029/3029
f 3027/3027 3029/3029 3030/3030
f 3031/3031 3032/3032 3033/3033
f 3031/3031 3033/3033 3034/3034
f 3035/3035 3036/3036 3037/3037
f 3035/3035 3037/3037 3038/3038
f 3039/3039 3040/3040 3041/3041
f 3039/3039 3041/3041 3042/3042
f 3032/3032 3043/3043 3044/3044
f 3032/3032 3044/3044 3033/3033
f 3045/3045 3035/3035 3038/3038
f 3045/3045 3038/3038 3046/3046
f 3028/3028 3047/3047 3048/3048
f 3028/3028 3048/3048 3029/3029
f 3049/3049 3050/3050 3051/3051
f 3049/3049 3051/3051 3052/3052
f 3053/3053 3054/3054 3055/3055
f 3053/3053 3055/3055 3056/3056
f 3047/3047 3039/3039 3042/3042
f 3047/3047 3042/3042 3048/3048
f 3050/3050 3057/3057 3058/3058
f 3050/3050 3058/3058 3051/3051
f 3059/3059 3053/3053 3056/3056
f 3059/3059 3056/3056 3060/3060
f 3061/3061 3062/3062 3063/3063
f 3061/3061 3063/3063 3064/3064
f 3065/3065 3066/3066 3067/3067
f 3065/3065 3067/3067 3068/3068
f 3069/3069 3031/3031 3034/3034
f 3069/3069 3034/3034 3070/3070
f 3062/3062 3071/3071 3072/3072
f 3062/3062 3072/3072 3063/3063
f 3066/3066 3073/3073 3074/3074
f 3066/3066 3074/3074 3067/3067
f 3075/3075 3076/3076 3077/3077
f 3075/3075 3077/3077 3078/3078
f 3079/3079 3059/3059 3060/3060
f 3079/3079 3060/3060 3080/3080
f 3057/3057 3081/3081 3082/3082
f 3057/3057 3082/3082 3058/3058
f 3043/3043 3079/3079 3080/3080
f 3043/3043 3080/3080 3044/3044
f 3081/3081 3083/3083 3084/3084
f 3081/3081 3084/3084 3082/3082
f 3085/3085 3086/3086 3087/3087
f 3085/3085 3087/3087 3088/3088
f 3089/3089 3090/3090 3091/3091
f 3089/3089 3091/3091 3092/3092
f 3086/3086 3093/3093 3094/3094
f 3086/3086 3094/3094 3087/3087
f 3090/3090 3065/3065 3068/3068
f 3090/3090 3068/3068 3091/3091
f 3095/3095 3096/3096 3097/3097
f 3095/3095 3097/3097 3098/3098
f 3096/3096 3099/3099 3100/3100
f 3096/3096 3100/3100 3097/3097
f 3099/3099 3101/3101 3102/3102
f 3099/3099 3102/3102 3100/3100
f 3101/3101 3061/3061 3064/3064
f 3101/3101 3064/3064 3102/3102
f 3103/3103 3104/3104 3105/3105
f 3103/3103 3105/3105 3106/3106
f 3073/3073 3107/3107 3108/3108
f 3073/3073 3108/3108 3074/3074
f 3104/3104 3095/3095 3098/3098
f 3104/3104 3098/3098 3105/3105
f 3109/3109 3110/3110 3111/3111
f 3109/3109 3111/3111 3112/3112
f 3083/3083 3113/3113 3114/3114
f 3083/3083 3114/3114 3084/3084
f 3076/3076 3115/3115 3116/3116
f 3076/3076 3116/3116 3077/3077
f 3113/3113 3117/3117 3118/3118
f 3113/3113 3118/3118 3114/3114
f 3115/3115 3085/3085 3088/3088
f 3115/3115 3088/3088 3116/3116
f 3117/3117 3119/3119 3120/3120
f 3117/3117 3120/3120 3118/3118
f 3119/3119 3121/3121 3122/3122
f 3119/3119 3122/3122 3120/3120
f 3123/3123 3045/3045 3046/3046
f 3123/3123 3046/3046 3124/3124
f 3125/3125 3126/3126 3127/3127
f 3125/3125 3127/3127 3128/3128
f 3129/3129 3123/3123 3124/3124
f 3129/3129 3124/3124 3130/3130
f 3126/3126 3103/3103 3106/3106
f 3126/3126 3106/3106 3127/3127
f 3093/3093 3131/3131 3132/3132
f 3093/3093 3132/3132 3094/3094
f 3133/3133 3023/3023 3026/3026
f 3133/3133 3026/3026 3134/3134
f 3121/3121 3135/3135 3136/3136
f 3121/3121 3136/3136 3122/3122
f 3131/3131 3049/3049 3052/3052
f 3131/3131 3052/3052 3132/3132
f 3036/3036 3133/3133 3134/3134
f 3036/3036 3134/3134 3037/3037
f 3135/3135 3125/3125 3128/3128
f 3135/3135 3128/3128 3136/3136
f 3054/3054 3137/3137 3138/3138
f 3054/3054 3138/3138 3055/3055
f 3024/3024 3089/3089 3092/3092
f 3024/3024 3092/3092 3025/3025
f 3071/3071 3027/3027 3030/3030
f 3071/3071 3030/3030 3072/3072
f 3137/3137 3129/3129 3130/3130
f 3137/3137 3130/3130 3138/3138
f 3139/3139 3140/3140 3141/3141
f 3139/3139 3141/3141 3142/3142
f 3143/3143 3144/3144 3145/3145
f 3143/3143 3145/3145 3146/3146
f 3147/3147 3148/3148 3146/3146
f 3147/3147 3146/3146 3145/3145
f 3149/3149 3142/3142 3150/3150
f 3149/3149 3150/3150 3151/3151
f 3152/3152 3153/3153 3154/3154
f 3152/3152 3154/3154 3155/3155
f 3154/3154 3156/3156 3157/3157
f 3154/3154 3157/3157 3155/3155
f 3158/3158 3159/3159 3160/3160
f 3158/3158 3160/3160 3161/3161
f 3162/3162 3163/3163 3164/3164
f 3162/3162 3164/3164 3165/3165
f 3166/3166 3167/3167 3165/3165
f 3166/3166 3165/3165 3164/3164
f 3168/3168 3169/3169 3170/3170
f 3168/3168 3170/3170 3171/3171
f 3172/3172 3173/3173 3174/3174
f 3172/3172 3174/3174 3175/3175
f 3174/3174 3176/3176 3177/3177
f 3174/3174 3177/3177 3175/3175
f 3178/3178 3179/3179 3180/3180
f 3178/3178 3180/3180 3181/3181
f 3182/3182 3183/3183 3184/3184
f 3182/3182 3184/3184 3185/3185
f 3184/3184 3186/3186 3187/3187
f 3184/3184 3187/3187 3185/3185
f 3188/3188 3181/3181 3189/3189
f 3188/3188 3189/3189 3190/3190
f 3191/3191 3192/3192 3193/3193
f 3191/3191 3193/3193 3194/3194
f 3195/3195 3196/3196 3113/3113
f 3195/3195 3113/3113 3083/3083
f 3196/3196 3197/3197 3117/3117
f 3196/3196 3117/3117 3113/3113
f 3197/3197 3198/3198 3119/3119
f 3197/3197 3119/3119 3117/3117
f 3198/3198 3199/3199 3121/3121
f 3198/3198 3121/3121 3119/3119
f 3200/3200 3201/3201 3126/3126
f 3200/3200 3126/3126 3125/3125
f 3201/3201 3190/3190 3103/3103
f 3201/3201 3103/3103 3126/3126
f 3199/3199 3202/3202 3135/3135
f 3199/3199 3135/3135 3121/3121
f 3202/3202 3200/3200 3125/3125
f 3202/3202 3125/3125 3135/3135
f 3203/3203 3204/3204 3027/3027
f 3203/3203 3027/3027 3071/3071
f 3204/3204 3205/3205 3028/3028
f 3204/3204 3028/3028 3027/3027
f 3206/3206 3207/3207 3040/3040
f 3206/3206 3040/3040 3039/3039
f 3205/3205 3208/3208 3047/3047
f 3205/3205 3047/3047 3028/3028
f 3208/3208 3206/3206 3039/3039
f 3208/3208 3039/3039 3047/3047
f 3209/3209 3210/3210 3062/3062
f 3209/3209 3062/3062 3061/3061
f 3210/3210 3203/3203 3071/3071
f 3210/3210 3071/3071 3062/3062
f 3211/3211 3212/3212 3081/3081
f 3211/3211 3081/3081 3057/3057
f 3212/3212 3195/3195 3083/3083
f 3212/3212 3083/3083 3081/3081
f 3170/3170 3213/3213 3086/3086
f 3170/3170 3086/3086 3085/3085
f 3213/3213 3214/3214 3093/3093
f 3213/3213 3093/3093 3086/3086
f 3215/3215 3216/3216 3096/3096
f 3215/3215 3096/3096 3095/3095
f 3216/3216 3217/3217 3099/3099
f 3216/3216 3099/3099 3096/3096
f 3217/3217 3218/3218 3101/3101
f 3217/3217 3101/3101 3099/3099
f 3218/3218 3209/3209 3061/3061
f 3218/3218 3061/3061 3101/3101
f 3190/3190 3189/3189 3104/3104
f 3190/3190 3104/3104 3103/3103
f 3189/3189 3215/3215 3095/3095
f 3189/3189 3095/3095 3104/3104
f 3194/3194 3171/3171 3115/3115
f 3194/3194 3115/3115 3076/3076
f 3171/3171 3170/3170 3085/3085
f 3171/3171 3085/3085 3115/3115
f 3214/3214 3219/3219 3131/3131
f 3214/3214 3131/3131 3093/3093
f 3219/3219 3151/3151 3049/3049
f 3219/3219 3049/3049 3131/3131
f 3151/3151 3150/3150 3050/3050
f 3151/3151 3050/3050 3049/3049
f 3150/3150 3211/3211 3057/3057
f 3150/3150 3057/3057 3050/3050
f 3107/3107 3109/3109 3112/3112
f 3107/3107 3112/3112 3108/3108
f 3192/3192 3220/3220 3221/3221
f 3192/3192 3221/3221 3193/3193
f 3222/3222 3223/3223 3224/3224
f 3222/3222 3224/3224 3225/3225
f 3226/3226 3227/3227 3228/3228
f 3226/3226 3228/3228 3229/3229
f 3230/3230 3231/3231 3232/3232
f 3230/3230 3232/3232 3233/3233
f 3153/3153 3234/3234 3235/3235
f 3153/3153 3235/3235 3154/3154
f 3235/3235 3226/3226 3229/3229
f 3235/3235 3229/3229 3236/3236
f 3237/3237 3238/3238 3239/3239
f 3237/3237 3239/3239 3240/3240
f 3241/3241 3242/3242 3243/3243
f 3241/3241 3243/3243 3244/3244
f 3241/3241 3245/3245 3246/3246
f 3241/3241 3246/3246 3242/3242
f 3245/3245 3247/3247 3248/3248
f 3245/3245 3248/3248 3246/3246
f 3249/3249 3250/3250 3245/3245
f 3249/3249 3245/3245 3241/3241
f 3251/3251 3019/3019 3022/3022
f 3251/3251 3022/3022 3252/3252
f 3244/3244 3243/3243 3239/3239
f 3244/3244 3239/3239 3238/3238
f 3253/3253 3254/3254 3255/3255
f 3253/3253 3255/3255 3256/3256
f 3257/3257 3253/3253 3256/3256
f 3257/3257 3256/3256 3258/3258
f 3240/3240 3259/3259 3260/3260
f 3240/3240 3260/3260 3261/3261
f 3262/3262 3263/3263 3264/3264
f 3262/3262 3264/3264 3265/3265
f 3266/3266 3255/3255 3267/3267
f 3266/3266 3267/3267 3268/3268
f 3269/3269 3270/3270 3271/3271
f 3269/3269 3271/3271 3272/3272
f 3270/3270 3262/3262 3265/3265
f 3270/3270 3265/3265 3271/3271
f 3273/3273 3274/3274 3275/3275
f 3273/3273 3275/3275 3276/3276
f 3274/3274 3266/3266 3268/3268
f 3274/3274 3268/3268 3275/3275
f 3277/3277 3278/3278 3279/3279
f 3277/3277 3279/3279 3280/3280
f 3281/3281 3269/3269 3272/3272
f 3281/3281 3272/3272 3282/3282
f 3283/3283 3284/3284 3260/3260
f 3283/3283 3260/3260 3259/3259
f 3278/3278 3285/3285 3286/3286
f 3278/3278 3286/3286 3279/3279
f 3277/3277 3280/3280 3284/3284
f 3277/3277 3284/3284 3283/3283
f 3287/3287 3288/3288 3289/3289
f 3287/3287 3289/3289 3290/3290
f 3288/3288 3291/3291 3292/3292
f 3288/3288 3292/3292 3289/3289
f 3291/3291 3293/3293 3294/3294
f 3291/3291 3294/3294 3292/3292
f 3263/3263 3295/3295 3296/3296
f 3263/3263 3296/3296 3264/3264
f 3293/3293 3297/3297 3298/3298
f 3293/3293 3298/3298 3294/3294
f 3299/3299 3257/3257 3258/3258
f 3299/3299 3258/3258 3300/3300
f 3250/3250 3301/3301 3247/3247
f 3250/3250 3247/3247 3245/3245
f 3302/3302 3303/3303 3304/3304
f 3302/3302 3304/3304 3305/3305
f 3306/3306 3307/3307 3308/3308
f 3306/3306 3308/3308 3309/3309
f 3252/3252 3022/3022 3310/3310
f 3252/3252 3310/3310 3311/3311
f 3303/3303 3312/3312 3313/3313
f 3303/3303 3313/3313 3304/3304
f 3314/3314 3315/3315 3250/3250
f 3314/3314 3250/3250 3249/3249
f 3316/3316 3317/3317 3318/3318
f 3316/3316 3318/3318 3319/3319
f 3320/3320 3252/3252 3311/3311
f 3320/3320 3311/3311 3321/3321
f 3322/3322 3251/3251 3252/3252
f 3322/3322 3252/3252 3320/3320
f 3312/3312 3316/3316 3319/3319
f 3312/3312 3319/3319 3313/3313
f 3314/3314 3249/3249 3323/3323
f 3314/3314 3323/3323 3324/3324
f 3317/3317 3325/3325 3295/3295
f 3317/3317 3295/3295 3318/3318
f 3234/3234 3326/3326 3226/3226
f 3234/3234 3226/3226 3235/3235
f 3154/3154 3235/3235 3236/3236
f 3154/3154 3236/3236 3156/3156
f 3327/3327 3328/3328 3329/3329
f 3327/3327 3329/3329 3330/3330
f 3249/3249 3241/3241 3244/3244
f 3249/3249 3244/3244 3323/3323
f 3331/3331 3327/3327 3330/3330
f 3331/3331 3330/3330 3332/3332
f 3227/3227 3320/3320 3321/3321
f 3227/3227 3321/3321 3228/3228
f 3333/3333 3322/3322 3320/3320
f 3333/3333 3320/3320 3227/3227
f 3334/3334 3335/3335 3336/3336
f 3334/3334 3336/3336 3287/3287
f 3233/3233 3232/3232 3238/3238
f 3233/3233 3238/3238 3237/3237
f 3335/3335 3331/3331 3332/3332
f 3335/3335 3332/3332 3336/3336
f 3326/3326 3333/3333 3227/3227
f 3326/3326 3227/3227 3226/3226
f 3225/3225 3224/3224 3337/3337
f 3225/3225 3337/3337 3338/3338
f 3311/3311 3310/3310 3109/3109
f 3311/3311 3109/3109 3107/3107
f 3075/3075 3191/3191 3194/3194
f 3075/3075 3194/3194 3076/3076
f 3321/3321 3311/3311 3107/3107
f 3321/3321 3107/3107 3073/3073
f 3174/3174 3225/3225 3338/3338
f 3174/3174 3338/3338 3176/3176
f 3173/3173 3222/3222 3225/3225
f 3173/3173 3225/3225 3174/3174
f 3236/3236 3229/3229 3065/3065
f 3236/3236 3065/3065 3090/3090
f 3148/3148 3186/3186 3184/3184
f 3148/3148 3184/3184 3146/3146
f 3156/3156 3236/3236 3090/3090
f 3156/3156 3090/3090 3089/3089
f 3183/3183 3143/3143 3146/3146
f 3183/3183 3146/3146 3184/3184
f 3339/3339 3178/3178 3181/3181
f 3339/3339 3181/3181 3188/3188
f 3228/3228 3321/3321 3073/3073
f 3228/3228 3073/3073 3066/3066
f 3340/3340 3337/3337 3224/3224
f 3340/3340 3224/3224 3341/3341
f 3229/3229 3228/3228 3066/3066
f 3229/3229 3066/3066 3065/3065
f 3181/3181 3180/3180 3215/3215
f 3181/3181 3215/3215 3189/3189
f 3223/3223 3342/3342 3341/3341
f 3223/3223 3341/3341 3224/3224
f 3338/3338 3337/3337 3043/3043
f 3338/3338 3043/3043 3032/3032
f 3343/3343 3340/3340 3341/3341
f 3343/3343 3341/3341 3344/3344
f 3176/3176 3338/3338 3032/3032
f 3176/3176 3032/3032 3031/3031
f 3342/3342 3345/3345 3344/3344
f 3342/3342 3344/3344 3341/3341
f 3193/3193 3168/3168 3171/3171
f 3193/3193 3171/3171 3194/3194
f 3186/3186 3148/3148 3129/3129
f 3186/3186 3129/3129 3137/3137
f 3346/3346 3343/3343 3344/3344
f 3346/3346 3344/3344 3347/3347
f 3187/3187 3186/3186 3137/3137
f 3187/3187 3137/3137 3054/3054
f 3221/3221 3348/3348 3168/3168
f 3221/3221 3168/3168 3193/3193
f 3345/3345 3349/3349 3347/3347
f 3345/3345 3347/3347 3344/3344
f 3337/3337 3340/3340 3079/3079
f 3337/3337 3079/3079 3043/3043
f 3185/3185 3187/3187 3346/3346
f 3185/3185 3346/3346 3347/3347
f 3340/3340 3343/3343 3059/3059
f 3340/3340 3059/3059 3079/3079
f 3349/3349 3182/3182 3185/3185
f 3349/3349 3185/3185 3347/3347
f 3348/3348 3350/3350 3169/3169
f 3348/3348 3169/3169 3168/3168
f 3177/3177 3176/3176 3031/3031
f 3177/3177 3031/3031 3069/3069
f 3351/3351 3166/3166 3164/3164
f 3351/3351 3164/3164 3352/3352
f 3343/3343 3346/3346 3053/3053
f 3343/3343 3053/3053 3059/3059
f 3161/3161 3160/3160 3219/3219
f 3161/3161 3219/3219 3214/3214
f 3163/3163 3353/3353 3352/3352
f 3163/3163 3352/3352 3164/3164
f 3346/3346 3187/3187 3054/3054
f 3346/3346 3054/3054 3053/3053
f 3157/3157 3354/3354 3355/3355
f 3157/3157 3355/3355 3155/3155
f 3167/3167 3166/3166 3035/3035
f 3167/3167 3035/3035 3045/3045
f 3356/3356 3152/3152 3155/3155
f 3356/3356 3155/3155 3355/3355
f 3160/3160 3149/3149 3151/3151
f 3160/3160 3151/3151 3219/3219
f 3166/3166 3351/3351 3036/3036
f 3166/3166 3036/3036 3035/3035
f 3357/3357 3351/3351 3352/3352
f 3357/3357 3352/3352 3358/3358
f 3354/3354 3157/3157 3024/3024
f 3354/3354 3024/3024 3023/3023
f 3159/3159 3359/3359 3149/3149
f 3159/3159 3149/3149 3160/3160
f 3353/3353 3360/3360 3358/3358
f 3353/3353 3358/3358 3352/3352
f 3157/3157 3156/3156 3089/3089
f 3157/3157 3089/3089 3024/3024
f 3355/3355 3354/3354 3357/3357
f 3355/3355 3357/3357 3358/3358
f 3351/3351 3357/3357 3133/3133
f 3351/3351 3133/3133 3036/3036
f 3360/3360 3356/3356 3355/3355
f 3360/3360 3355/3355 3358/3358
f 3359/3359 3139/3139 3142/3142
f 3359/3359 3142/3142 3149/3149
f 3357/3357 3354/3354 3023/3023
f 3357/3357 3023/3023 3133/3133
f 3165/3165 3167/3167 3147/3147
f 3165/3165 3147/3147 3145/3145
f 3148/3148 3147/3147 3123/3123
f 3148/3148 3123/3123 3129/3129
f 3142/3142 3141/3141 3211/3211
f 3142/3142 3211/3211 3150/3150
f 3144/3144 3162/3162 3165/3165
f 3144/3144 3165/3165 3145/3145
f 3147/3147 3167/3167 3045/3045
f 3147/3147 3045/3045 3123/3123
f 3021/3021 3361/3361 3310/3310
f 3021/3021 3310/3310 3022/3022
f 3310/3310 3361/3361 3110/3110
f 3310/3310 3110/3110 3109/3109
f 3309/3309 3308/3308 3331/3331
f 3309/3309 3331/3331 3335/3335
f 3362/3362 3306/3306 3309/3309
f 3362/3362 3309/3309 3363/3363
f 3315/3315 3364/3364 3301/3301
f 3315/3315 3301/3301 3250/3250
f 3363/3363 3309/3309 3335/3335
f 3363/3363 3335/3335 3334/3334
f 3307/3307 3365/3365 3366/3366
f 3307/3307 3366/3366 3308/3308
f 3323/3323 3244/3244 3238/3238
f 3323/3323 3238/3238 3232/3232
f 3308/3308 3366/3366 3327/3327
f 3308/3308 3327/3327 3331/3331
f 3365/3365 3367/3367 3368/3368
f 3365/3365 3368/3368 3366/3366
f 3324/3324 3323/3323 3232/3232
f 3324/3324 3232/3232 3231/3231
f 3366/3366 3368/3368 3328/3328
f 3366/3366 3328/3328 3327/3327
f 3369/3369 3370/3370 3371/3371
f 3369/3369 3371/3371 3372/3372
f 3373/3373 3374/3374 3254/3254
f 3373/3373 3254/3254 3253/3253
f 3372/3372 3371/3371 3325/3325
f 3372/3372 3325/3325 3317/3317
f 3375/3375 3376/3376 3377/3377
f 3375/3375 3377/3377 3378/3378
f 3379/3379 3380/3380 3374/3374
f 3379/3379 3374/3374 3373/3373
f 3378/3378 3377/3377 3316/3316
f 3378/3378 3316/3316 3312/3312
f 3376/3376 3369/3369 3372/3372
f 3376/3376 3372/3372 3377/3377
f 3381/3381 3373/3373 3253/3253
f 3381/3381 3253/3253 3257/3257
f 3377/3377 3372/3372 3317/3317
f 3377/3377 3317/3317 3316/3316
f 3382/3382 3375/3375 3378/3378
f 3382/3382 3378/3378 3383/3383
f 3384/3384 3379/3379 3373/3373
f 3384/3384 3373/3373 3381/3381
f 3383/3383 3378/3378 3312/3312
f 3383/3383 3312/3312 3303/3303
f 3385/3385 3382/3382 3383/3383
f 3385/3385 3383/3383 3386/3386
f 3387/3387 3381/3381 3257/3257
f 3387/3387 3257/3257 3299/3299
f 3386/3386 3383/3383 3303/3303
f 3386/3386 3303/3303 3302/3302
f 3388/3388 3384/3384 3381/3381
f 3388/3388 3381/3381 3387/3387
f 3389/3389 3390/3390 3391/3391
f 3389/3389 3391/3391 3392/3392
f 3392/3392 3391/3391 3209/3209
f 3392/3392 3209/3209 3218/3218
f 3393/3393 3389/3389 3392/3392
f 3393/3393 3392/3392 3394/3394
f 3394/3394 3392/3392 3218/3218
f 3394/3394 3218/3218 3217/3217
f 3395/3395 3393/3393 3394/3394
f 3395/3395 3394/3394 3396/3396
f 3396/3396 3394/3394 3217/3217
f 3396/3396 3217/3217 3216/3216
f 3179/3179 3395/3395 3396/3396
f 3179/3179 3396/3396 3180/3180
f 3180/3180 3396/3396 3216/3216
f 3180/3180 3216/3216 3215/3215
f 3397/3397 3158/3158 3161/3161
f 3397/3397 3161/3161 3398/3398
f 3398/3398 3161/3161 3214/3214
f 3398/3398 3214/3214 3213/3213
f 3350/3350 3397/3397 3398/3398
f 3350/3350 3398/3398 3169/3169
f 3169/3169 3398/3398 3213/3213
f 3169/3169 3213/3213 3170/3170
f 3399/3399 3400/3400 3401/3401
f 3399/3399 3401/3401 3402/3402
f 3402/3402 3401/3401 3195/3195
f 3402/3402 3195/3195 3212/3212
f 3140/3140 3399/3399 3402/3402
f 3140/3140 3402/3402 3141/3141
f 3141/3141 3402/3402 3212/3212
f 3141/3141 3212/3212 3211/3211
f 3403/3403 3404/3404 3405/3405
f 3403/3403 3405/3405 3406/3406
f 3406/3406 3405/3405 3203/3203
f 3406/3406 3203/3203 3210/3210
f 3390/3390 3403/3403 3406/3406
f 3390/3390 3406/3406 3391/3391
f 3391/3391 3406/3406 3210/3210
f 3391/3391 3210/3210 3209/3209
f 3407/3407 3408/3408 3409/3409
f 3407/3407 3409/3409 3410/3410
f 3410/3410 3409/3409 3206/3206
f 3410/3410 3206/3206 3208/3208
f 3411/3411 3407/3407 3410/3410
f 3411/3411 3410/3410 3412/3412
f 3412/3412 3410/3410 3208/3208
f 3412/3412 3208/3208 3205/3205
f 3408/3408 3413/3413 3414/3414
f 3408/3408 3414/3414 3409/3409
f 3409/3409 3414/3414 3207/3207
f 3409/3409 3207/3207 3206/3206
f 3415/3415 3411/3411 3412/3412
f 3415/3415 3412/3412 3416/3416
f 3416/3416 3412/3412 3205/3205
f 3416/3416 3205/3205 3204/3204
f 3404/3404 3415/3415 3416/3416
f 3404/3404 3416/3416 3405/3405
f 3405/3405 3416/3416 3204/3204
f 3405/3405 3204/3204 3203/3203
f 3417/3417 3418/3418 3419/3419
f 3417/3417 3419/3419 3420/3420
f 3420/3420 3419/3419 3200/3200
f 3420/3420 3200/3200 3202/3202
f 3421/3421 3417/3417 3420/3420
f 3421/3421 3420/3420 3422/3422
f 3422/3422 3420/3420 3202/3202
f 3422/3422 3202/3202 3199/3199
f 3423/3423 3339/3339 3188/3188
f 3423/3423 3188/3188 3424/3424
f 3424/3424 3188/3188 3190/3190
f 3424/3424 3190/3190 3201/3201
f 3418/3418 3423/3423 3424/3424
f 3418/3418 3424/3424 3419/3419
f 3419/3419 3424/3424 3201/3201
f 3419/3419 3201/3201 3200/3200
f 3425/3425 3421/3421 3422/3422
f 3425/3425 3422/3422 3426/3426
f 3426/3426 3422/3422 3199/3199
f 3426/3426 3199/3199 3198/3198
f 3427/3427 3425/3425 3426/3426
f 3427/3427 3426/3426 3428/3428
f 3428/3428 3426/3426 3198/3198
f 3428/3428 3198/3198 3197/3197
f 3429/3429 3427/3427 3428/3428
f 3429/3429 3428/3428 3430/3430
f 3430/3430 3428/3428 3197/3197
f 3430/3430 3197/3197 3196/3196
f 3400/3400 3429/3429 3430/3430
f 3400/3400 3430/3430 3401/3401
f 3401/3401 3430/3430 3196/3196
f 3401/3401 3196/3196 3195/3195
f 3431/3431 3432/3432 3433/3433
f 3431/3431 3433/3433 3434/3434
f 3435/3435 3436/3436 3437/3437
f 3435/3435 3437/3437 3438/3438
f 3439/3439 3440/3440 3441/3441
f 3439/3439 3441/3441 3442/3442
f 3443/3443 3444/3444 3445/3445
f 3443/3443 3445/3445 3446/3446
f 3447/3447 3448/3448 3449/3449
f 3447/3447 3449/3449 3450/3450
f 3451/3451 3452/3452 3453/3453
f 3451/3451 3453/3453 3454/3454
f 3455/3455 3456/3456 3457/3457
f 3455/3455 3457/3457 3458/3458
f 3454/3454 3453/3453 3459/3459
f 3454/3454 3459/3459 3460/3460
f 3461/3461 3462/3462 3463/3463
f 3461/3461 3463/3463 3464/3464
f 3465/3465 3466/3466 3467/3467
f 3465/3465 3467/3467 3468/3468
f 3469/3469 3470/3470 3449/3449
f 3469/3469 3449/3449 3448/3448
f 3471/3471 3472/3472 3473/3473
f 3471/3471 3473/3473 3474/3474
f 3475/3475 3476/3476 3468/3468
f 3475/3475 3468/3468 3467/3467
f 3477/3477 3478/3478 3479/3479
f 3477/3477 3479/3479 3480/3480
f 3481/3481 3482/3482 3483/3483
f 3481/3481 3483/3483 3484/3484
f 3485/3485 3486/3486 3445/3445
f 3485/3485 3445/3445 3444/3444
f 3487/3487 3488/3488 3472/3472
f 3487/3487 3472/3472 3471/3471
f 3436/3436 3443/3443 3446/3446
f 3436/3436 3446/3446 3437/3437
f 3489/3489 3435/3435 3438/3438
f 3489/3489 3438/3438 3490/3490
f 3491/3491 3492/3492 3489/3489
f 3491/3491 3489/3489 3490/3490
f 3474/3474 3473/3473 3492/3492
f 3474/3474 3492/3492 3491/3491
f 3493/3493 3494/3494 3495/3495
f 3493/3493 3495/3495 3496/3496
f 3497/3497 3498/3498 3499/3499
f 3497/3497 3499/3499 3500/3500
f 3501/3501 3500/3500 3499/3499
f 3501/3501 3499/3499 3502/3502
f 3501/3501 3502/3502 3431/3431
f 3501/3501 3431/3431 3434/3434
f 3433/3433 3432/3432 3439/3439
f 3433/3433 3439/3439 3442/3442
f 3503/3503 3447/3447 3450/3450
f 3503/3503 3450/3450 3504/3504
f 3505/3505 3506/3506 3503/3503
f 3505/3505 3503/3503 3504/3504
f 3507/3507 3508/3508 3509/3509
f 3507/3507 3509/3509 3510/3510
f 3509/3509 3506/3506 3505/3505
f 3509/3509 3505/3505 3510/3510
f 3441/3441 3440/3440 3508/3508
f 3441/3441 3508/3508 3507/3507
f 3511/3511 3512/3512 3513/3513
f 3511/3511 3513/3513 3514/3514
f 3515/3515 3516/3516 3517/3517
f 3515/3515 3517/3517 3518/3518
f 3463/3463 3462/3462 3519/3519
f 3463/3463 3519/3519 3520/3520
f 3456/3456 3520/3520 3519/3519
f 3456/3456 3519/3519 3457/3457
f 3465/3465 3521/3521 3522/3522
f 3465/3465 3522/3522 3466/3466
f 3523/3523 3455/3455 3458/3458
f 3523/3523 3458/3458 3524/3524
f 3475/3475 3484/3484 3483/3483
f 3475/3475 3483/3483 3476/3476
f 3451/3451 3523/3523 3524/3524
f 3451/3451 3524/3524 3452/3452
f 3495/3495 3494/3494 3515/3515
f 3495/3495 3515/3515 3518/3518
f 3461/3461 3464/3464 3493/3493
f 3461/3461 3493/3493 3496/3496
f 3522/3522 3521/3521 3460/3460
f 3522/3522 3460/3460 3459/3459
f 3525/3525 3526/3526 3513/3513
f 3525/3525 3513/3513 3512/3512
f 3480/3480 3479/3479 3527/3527
f 3480/3480 3527/3527 3528/3528
f 3529/3529 3511/3511 3514/3514
f 3529/3529 3514/3514 3530/3530
f 3529/3529 3530/3530 3528/3528
f 3529/3529 3528/3528 3527/3527
f 3494/3494 3493/3493 3531/3531
f 3494/3494 3531/3531 3532/3532
f 3509/3509 3508/3508 3533/3533
f 3509/3509 3533/3533 3534/3534
f 3503/3503 3506/3506 3535/3535
f 3503/3503 3535/3535 3536/3536
f 3489/3489 3492/3492 3537/3537
f 3489/3489 3537/3537 3538/3538
f 3435/3435 3489/3489 3538/3538
f 3435/3435 3538/3538 3539/3539
f 3439/3439 3432/3432 3540/3540
f 3439/3439 3540/3540 3541/3541
f 3528/3528 3530/3530 3542/3542
f 3528/3528 3542/3542 3543/3543
f 3431/3431 3502/3502 3544/3544
f 3431/3431 3544/3544 3545/3545
f 3508/3508 3440/3440 3546/3546
f 3508/3508 3546/3546 3533/3533
f 3506/3506 3509/3509 3534/3534
f 3506/3506 3534/3534 3535/3535
f 3447/3447 3503/3503 3536/3536
f 3447/3447 3536/3536 3547/3547
f 3492/3492 3473/3473 3548/3548
f 3492/3492 3548/3548 3537/3537
f 3436/3436 3435/3435 3539/3539
f 3436/3436 3539/3539 3549/3549
f 3443/3443 3436/3436 3549/3549
f 3443/3443 3549/3549 3550/3550
f 3440/3440 3439/3439 3541/3541
f 3440/3440 3541/3541 3546/3546
f 3432/3432 3431/3431 3545/3545
f 3432/3432 3545/3545 3540/3540
f 3530/3530 3514/3514 3551/3551
f 3530/3530 3551/3551 3542/3542
f 3493/3493 3464/3464 3552/3552
f 3493/3493 3552/3552 3531/3531
f 3441/3441 3507/3507 3553/3553
f 3441/3441 3553/3553 3554/3554
f 3438/3438 3437/3437 3555/3555
f 3438/3438 3555/3555 3556/3556
f 3437/3437 3446/3446 3557/3557
f 3437/3437 3557/3557 3555/3555
f 3434/3434 3433/3433 3558/3558
f 3434/3434 3558/3558 3559/3559
f 3511/3511 3529/3529 3560/3560
f 3511/3511 3560/3560 3561/3561
f 3504/3504 3450/3450 3562/3562
f 3504/3504 3562/3562 3563/3563
f 3507/3507 3510/3510 3564/3564
f 3507/3507 3564/3564 3553/3553
f 3491/3491 3490/3490 3565/3565
f 3491/3491 3565/3565 3566/3566
f 3433/3433 3442/3442 3567/3567
f 3433/3433 3567/3567 3558/3558
f 3510/3510 3505/3505 3568/3568
f 3510/3510 3568/3568 3564/3564
f 3442/3442 3441/3441 3554/3554
f 3442/3442 3554/3554 3567/3567
f 3474/3474 3491/3491 3566/3566
f 3474/3474 3566/3566 3569/3569
f 3501/3501 3434/3434 3559/3559
f 3501/3501 3559/3559 3570/3570
f 3529/3529 3527/3527 3571/3571
f 3529/3529 3571/3571 3560/3560
f 3505/3505 3504/3504 3563/3563
f 3505/3505 3563/3563 3568/3568
f 3490/3490 3438/3438 3556/3556
f 3490/3490 3556/3556 3565/3565
f 3522/3522 3459/3459 3572/3572
f 3522/3522 3572/3572 3573/3573
f 3466/3466 3522/3522 3573/3573
f 3466/3466 3573/3573 3574/3574
f 3459/3459 3453/3453 3575/3575
f 3459/3459 3575/3575 3572/3572
f 3467/3467 3466/3466 3574/3574
f 3467/3467 3574/3574 3576/3576
f 3475/3475 3467/3467 3576/3576
f 3475/3475 3576/3576 3577/3577
f 3523/3523 3451/3451 3578/3578
f 3523/3523 3578/3578 3579/3579
f 3455/3455 3523/3523 3579/3579
f 3455/3455 3579/3579 3580/3580
f 3460/3460 3521/3521 3581/3581
f 3460/3460 3581/3581 3582/3582
f 3468/3468 3476/3476 3583/3583
f 3468/3468 3583/3583 3584/3584
f 3463/3463 3520/3520 3585/3585
f 3463/3463 3585/3585 3586/3586
f 3465/3465 3468/3468 3584/3584
f 3465/3465 3584/3584 3587/3587
f 3454/3454 3460/3460 3582/3582
f 3454/3454 3582/3582 3588/3588
f 3456/3456 3455/3455 3580/3580
f 3456/3456 3580/3580 3589/3589
f 3521/3521 3465/3465 3587/3587
f 3521/3521 3587/3587 3581/3581
f 3520/3520 3456/3456 3589/3589
f 3520/3520 3589/3589 3585/3585
f 3464/3464 3463/3463 3586/3586
f 3464/3464 3586/3586 3552/3552
f 3451/3451 3454/3454 3588/3588
f 3451/3451 3588/3588 3578/3578
f 3453/3453 3452/3452 3590/3590
f 3453/3453 3590/3590 3575/3575
f 3457/3457 3519/3519 3591/3591
f 3457/3457 3591/3591 3592/3592
f 3519/3519 3462/3462 3593/3593
f 3519/3519 3593/3593 3591/3591
f 3452/3452 3524/3524 3594/3594
f 3452/3452 3594/3594 3590/3590
f 3458/3458 3457/3457 3592/3592
f 3458/3458 3592/3592 3595/3595
f 3461/3461 3496/3496 3596/3596
f 3461/3461 3596/3596 3597/3597
f 3524/3524 3458/3458 3595/3595
f 3524/3524 3595/3595 3594/3594
f 3462/3462 3461/3461 3597/3597
f 3462/3462 3597/3597 3593/3593
f 3496/3496 3495/3495 3598/3598
f 3496/3496 3598/3598 3596/3596
f 3483/3483 3482/3482 3599/3599
f 3483/3483 3599/3599 3600/3600
f 3516/3516 3515/3515 3601/3601
f 3516/3516 3601/3601 3602/3602
f 3518/3518 3517/3517 3603/3603
f 3518/3518 3603/3603 3604/3604
f 3481/3481 3484/3484 3605/3605
f 3481/3481 3605/3605 3606/3606
f 3479/3479 3478/3478 3607/3607
f 3479/3479 3607/3607 3608/3608
f 3477/3477 3480/3480 3609/3609
f 3477/3477 3609/3609 3610/3610
f 3449/3449 3470/3470 3611/3611
f 3449/3449 3611/3611 3612/3612
f 3469/3469 3448/3448 3613/3613
f 3469/3469 3613/3613 3614/3614
f 3472/3472 3488/3488 3615/3615
f 3472/3472 3615/3615 3616/3616
f 3487/3487 3471/3471 3617/3617
f 3487/3487 3617/3617 3618/3618
f 3499/3499 3498/3498 3619/3619
f 3499/3499 3619/3619 3620/3620
f 3497/3497 3500/3500 3621/3621
f 3497/3497 3621/3621 3622/3622
f 3445/3445 3486/3486 3623/3623
f 3445/3445 3623/3623 3624/3624
f 3485/3485 3444/3444 3625/3625
f 3485/3485 3625/3625 3626/3626
f 3513/3513 3526/3526 3627/3627
f 3513/3513 3627/3627 3628/3628
f 3525/3525 3512/3512 3629/3629
f 3525/3525 3629/3629 3630/3630
f 3476/3476 3483/3483 3600/3600
f 3476/3476 3600/3600 3583/3583
f 3484/3484 3475/3475 3577/3577
f 3484/3484 3577/3577 3605/3605
f 3515/3515 3494/3494 3532/3532
f 3515/3515 3532/3532 3601/3601
f 3495/3495 3518/3518 3604/3604
f 3495/3495 3604/3604 3598/3598
f 3500/3500 3501/3501 3570/3570
f 3500/3500 3570/3570 3621/3621
f 3502/3502 3499/3499 3620/3620
f 3502/3502 3620/3620 3544/3544
f 3444/3444 3443/3443 3550/3550
f 3444/3444 3550/3550 3625/3625
f 3446/3446 3445/3445 3624/3624
f 3446/3446 3624/3624 3557/3557
f 3527/3527 3479/3479 3608/3608
f 3527/3527 3608/3608 3571/3571
f 3480/3480 3528/3528 3543/3543
f 3480/3480 3543/3543 3609/3609
f 3473/3473 3472/3472 3616/3616
f 3473/3473 3616/3616 3548/3548
f 3471/3471 3474/3474 3569/3569
f 3471/3471 3569/3569 3617/3617
f 3448/3448 3447/3447 3547/3547
f 3448/3448 3547/3547 3613/3613
f 3450/3450 3449/3449 3612/3612
f 3450/3450 3612/3612 3562/3562
f 3512/3512 3511/3511 3561/3561
f 3512/3512 3561/3561 3629/3629
f 3514/3514 3513/3513 3628/3628
f 3514/3514 3628/3628 3551/3551
f 3488/3488 3487/3487 3618/3618
f 3488/3488 3618/3618 3615/3615
f 3486/3486 3485/3485 3626/3626
f 3486/3486 3626/3626 3623/3623
f 3470/3470 3469/3469 3614/3614
f 3470/3470 3614/3614 3611/3611
f 3498/3498 3497/3497 3622/3622
f 3498/3498 3622/3622 3619/3619
f 3517/3517 3516/3516 3602/3602
f 3517/3517 3602/3602 3603/3603
f 3482/3482 3481/3481 3606/3606
f 3482/3482 3606/3606 3599/3599
f 3478/3478 3477/3477 3610/3610
f 3478/3478 3610/3610 3607/3607
f 3526/3526 3525/3525 3630/3630
f 3526/3526 3630/3630 3627/3627
f 3631/3631 3632/3632 3633/3633
f 3631/3631 3633/3633 3634/3634
f 3635/3635 3636/3636 3637/3637
f 3635/3635 3637/3637 3638/3638
f 3639/3639 3631/3631 3634/3634
f 3639/3639 3634/3634 3640/3640
f 3641/3641 3635/3635 3638/3638
f 3641/3641 3638/3638 3642/3642
f 3643/3643 3641/3641 3642/3642
f 3643/3643 3642/3642 3644/3644
f 3645/3645 3643/3643 3644/3644
f 3645/3645 3644/3644 3646/3646
f 3647/3647 3648/3648 3649/3649
f 3647/3647 3649/3649 3650/3650
f 3632/3632 3651/3651 3652/3652
f 3632/3632 3652/3652 3633/3633
f 3636/3636 3653/3653 3654/3654
f 3636/3636 3654/3654 3637/3637
f 3651/3651 3655/3655 3656/3656
f 3651/3651 3656/3656 3652/3652
f 3657/3657 3658/3658 3659/3659
f 3657/3657 3659/3659 3660/3660
f 3655/3655 3661/3661 3662/3662
f 3655/3655 3662/3662 3656/3656
f 3663/3663 3664/3664 3665/3665
f 3663/3663 3665/3665 3666/3666
f 3667/3667 3668/3668 3669/3669
f 3667/3667 3669/3669 3670/3670
f 3671/3671 3672/3672 3673/3673
f 3671/3671 3673/3673 3674/3674
f 3675/3675 3676/3676 3677/3677
f 3675/3675 3677/3677 3678/3678
f 3679/3679 3680/3680 3681/3681
f 3679/3679 3681/3681 3682/3682
f 3683/3683 3684/3684 3685/3685
f 3683/3683 3685/3685 3686/3686
f 3687/3687 3688/3688 3689/3689
f 3687/3687 3689/3689 3690/3690
f 3691/3691 3692/3692 3693/3693
f 3691/3691 3693/3693 3694/3694
f 3692/3692 3695/3695 3696/3696
f 3692/3692 3696/3696 3693/3693
f 3695/3695 3697/3697 3698/3698
f 3695/3695 3698/3698 3696/3696
f 3697/3697 3699/3699 3700/3700
f 3697/3697 3700/3700 3698/3698
f 3701/3701 3702/3702 3703/3703
f 3701/3701 3703/3703 3704/3704
f 3702/3702 3705/3705 3706/3706
f 3702/3702 3706/3706 3703/3703
f 3705/3705 3707/3707 3708/3708
f 3705/3705 3708/3708 3706/3706
f 3707/3707 3709/3709 3710/3710
f 3707/3707 3710/3710 3708/3708
f 3711/3711 3712/3712 3713/3713
f 3711/3711 3713/3713 3714/3714
f 3715/3715 3716/3716 3717/3717
f 3715/3715 3717/3717 3718/3718
f 3719/3719 3720/3720 3721/3721
f 3719/3719 3721/3721 3722/3722
f 3723/3723 3719/3719 3722/3722
f 3723/3723 3722/3722 3724/3724
f 3725/3725 3723/3723 3724/3724
f 3725/3725 3724/3724 3726/3726
f 3727/3727 3725/3725 3726/3726
f 3727/3727 3726/3726 3728/3728
f 3716/3716 3727/3727 3728/3728
f 3716/3716 3728/3728 3717/3717
f 3729/3729 3730/3730 3731/3731
f 3729/3729 3731/3731 3732/3732
f 3733/3733 3729/3729 3732/3732
f 3733/3733 3732/3732 3734/3734
f 3735/3735 3733/3733 3734/3734
f 3735/3735 3734/3734 3736/3736
f 3737/3737 3735/3735 3736/3736
f 3737/3737 3736/3736 3738/3738
f 3712/3712 3737/3737 3738/3738
f 3712/3712 3738/3738 3713/3713
f 3739/3739 3740/3740 3741/3741
f 3739/3739 3741/3741 3742/3742
f 3743/3743 3739/3739 3742/3742
f 3743/3743 3742/3742 3744/3744
f 3745/3745 3743/3743 3744/3744
f 3745/3745 3744/3744 3746/3746
f 3747/3747 3745/3745 3746/3746
f 3747/3747 3746/3746 3748/3748
f 3749/3749 3747/3747 3748/3748
f 3749/3749 3748/3748 3750/3750
f 3751/3751 3749/3749 3750/3750
f 3751/3751 3750/3750 3752/3752
f 3753/3753 3751/3751 3752/3752
f 3753/3753 3752/3752 3754/3754
f 3755/3755 3753/3753 3754/3754
f 3755/3755 3754/3754 3756/3756
f 3757/3757 3755/3755 3756/3756
f 3757/3757 3756/3756 3758/3758
f 3759/3759 3757/3757 3758/3758
f 3759/3759 3758/3758 3760/3760
f 3761/3761 3759/3759 3760/3760
f 3761/3761 3760/3760 3762/3762
f 3763/3763 3761/3761 3762/3762
f 3763/3763 3762/3762 3764/3764
f 3765/3765 3763/3763 3764/3764
f 3765/3765 3764/3764 3766/3766
f 3767/3767 3711/3711 3714/3714
f 3767/3767 3714/3714 3768/3768
f 3769/3769 3767/3767 3768/3768
f 3769/3769 3768/3768 3770/3770
f 3771/3771 3769/3769 3770/3770
f 3771/3771 3770/3770 3772/3772
f 3773/3773 3771/3771 3772/3772
f 3773/3773 3772/3772 3774/3774
f 3775/3775 3773/3773 3774/3774
f 3775/3775 3774/3774 3776/3776
f 3720/3720 3777/3777 3778/3778
f 3720/3720 3778/3778 3721/3721
f 3777/3777 3779/3779 3780/3780
f 3777/3777 3780/3780 3778/3778
f 3779/3779 3781/3781 3782/3782
f 3779/3779 3782/3782 3780/3780
f 3781/3781 3783/3783 3784/3784
f 3781/3781 3784/3784 3782/3782
f 3783/3783 3785/3785 3786/3786
f 3783/3783 3786/3786 3784/3784
f 3785/3785 3787/3787 3788/3788
f 3785/3785 3788/3788 3786/3786
f 3787/3787 3789/3789 3790/3790
f 3787/3787 3790/3790 3788/3788
f 3789/3789 3791/3791 3792/3792
f 3789/3789 3792/3792 3790/3790
f 3791/3791 3793/3793 3794/3794
f 3791/3791 3794/3794 3792/3792
f 3793/3793 3795/3795 3796/3796
f 3793/3793 3796/3796 3794/3794
f 3795/3795 3797/3797 3798/3798
f 3795/3795 3798/3798 3796/3796
f 3797/3797 3799/3799 3800/3800
f 3797/3797 3800/3800 3798/3798
f 3799/3799 3775/3775 3776/3776
f 3799/3799 3776/3776 3800/3800
f 3801/3801 3802/3802 3803/3803
f 3801/3801 3803/3803 3804/3804
f 3805/3805 3801/3801 3804/3804
f 3805/3805 3804/3804 3806/3806
f 3807/3807 3805/3805 3806/3806
f 3807/3807 3806/3806 3808/3808
f 3740/3740 3807/3807 3808/3808
f 3740/3740 3808/3808 3741/3741
f 3802/3802 3715/3715 3718/3718
f 3802/3802 3718/3718 3803/3803
f 3809/3809 3810/3810 3811/3811
f 3809/3809 3811/3811 3812/3812
f 3813/3813 3814/3814 3815/3815
f 3813/3813 3815/3815 3816/3816
f 3817/3817 3818/3818 3819/3819
f 3817/3817 3819/3819 3820/3820
f 3821/3821 3813/3813 3816/3816
f 3821/3821 3816/3816 3822/3822
f 3814/3814 3701/3701 3704/3704
f 3814/3814 3704/3704 3815/3815
f 3699/3699 3809/3809 3812/3812
f 3699/3699 3812/3812 3700/3700
f 3810/3810 3823/3823 3824/3824
f 3810/3810 3824/3824 3811/3811
f 3818/3818 3825/3825 3826/3826
f 3818/3818 3826/3826 3819/3819
f 3688/3688 3817/3817 3820/3820
f 3688/3688 3820/3820 3689/3689
f 3827/3827 3828/3828 3829/3829
f 3827/3827 3829/3829 3830/3830
f 3831/3831 3832/3832 3833/3833
f 3831/3831 3833/3833 3834/3834
f 3835/3835 3836/3836 3837/3837
f 3835/3835 3837/3837 3838/3838
f 3839/3839 3840/3840 3841/3841
f 3839/3839 3841/3841 3842/3842
f 3843/3843 3844/3844 3845/3845
f 3843/3843 3845/3845 3846/3846
f 3847/3847 3848/3848 3849/3849
f 3847/3847 3849/3849 3850/3850
f 3848/3848 3851/3851 3852/3852
f 3848/3848 3852/3852 3849/3849
f 3844/3844 3847/3847 3850/3850
f 3844/3844 3850/3850 3845/3845
f 3853/3853 3854/3854 3855/3855
f 3853/3853 3855/3855 3856/3856
f 3857/3857 3858/3858 3859/3859
f 3857/3857 3859/3859 3860/3860
f 3861/3861 3862/3862 3863/3863
f 3861/3861 3863/3863 3864/3864
f 3865/3865 3866/3866 3867/3867
f 3865/3865 3867/3867 3868/3868
f 3869/3869 3870/3870 3871/3871
f 3869/3869 3871/3871 3872/3872
f 3873/3873 3874/3874 3875/3875
f 3873/3873 3875/3875 3876/3876
f 3874/3874 3877/3877 3878/3878
f 3874/3874 3878/3878 3875/3875
f 3870/3870 3873/3873 3876/3876
f 3870/3870 3876/3876 3871/3871
f 3879/3879 3880/3880 3881/3881
f 3879/3879 3881/3881 3882/3882
f 3883/3883 3884/3884 3885/3885
f 3883/3883 3885/3885 3886/3886
f 3887/3887 3888/3888 3889/3889
f 3887/3887 3889/3889 3890/3890
f 3891/3891 3892/3892 3893/3893
f 3891/3891 3893/3893 3894/3894
f 3895/3895 3896/3896 3897/3897
f 3895/3895 3897/3897 3898/3898
f 3899/3899 3900/3900 3901/3901
f 3899/3899 3901/3901 3902/3902
f 3900/3900 3903/3903 3904/3904
f 3900/3900 3904/3904 3901/3901
f 3896/3896 3899/3899 3902/3902
f 3896/3896 3902/3902 3897/3897
f 3905/3905 3906/3906 3907/3907
f 3905/3905 3907/3907 3908/3908
f 3909/3909 3910/3910 3911/3911
f 3909/3909 3911/3911 3912/3912
f 3913/3913 3914/3914 3915/3915
f 3913/3913 3915/3915 3916/3916
f 3917/3917 3918/3918 3919/3919
f 3917/3917 3919/3919 3920/3920
f 3921/3921 3922/3922 3923/3923
f 3921/3921 3923/3923 3924/3924
f 3925/3925 3926/3926 3927/3927
f 3925/3925 3927/3927 3928/3928
f 3926/3926 3929/3929 3930/3930
f 3926/3926 3930/3930 3927/3927
f 3922/3922 3925/3925 3928/3928
f 3922/3922 3928/3928 3923/3923
f 3931/3931 3932/3932 3933/3933
f 3931/3931 3933/3933 3934/3934
f 3935/3935 3936/3936 3937/3937
f 3935/3935 3937/3937 3938/3938
f 3939/3939 3940/3940 3941/3941
f 3939/3939 3941/3941 3942/3942
f 3943/3943 3944/3944 3945/3945
f 3943/3943 3945/3945 3946/3946
f 3947/3947 3948/3948 3949/3949
f 3947/3947 3949/3949 3950/3950
f 3951/3951 3952/3952 3953/3953
f 3951/3951 3953/3953 3954/3954
f 3952/3952 3955/3955 3956/3956
f 3952/3952 3956/3956 3953/3953
f 3948/3948 3951/3951 3954/3954
f 3948/3948 3954/3954 3949/3949
f 3957/3957 3958/3958 3959/3959
f 3957/3957 3959/3959 3960/3960
f 3961/3961 3962/3962 3963/3963
f 3961/3961 3963/3963 3964/3964
f 3965/3965 3966/3966 3967/3967
f 3965/3965 3967/3967 3968/3968
f 3969/3969 3970/3970 3971/3971
f 3969/3969 3971/3971 3972/3972
f 3973/3973 3974/3974 3975/3975
f 3973/3973 3975/3975 3976/3976
f 3977/3977 3978/3978 3979/3979
f 3977/3977 3979/3979 3980/3980
f 3978/3978 3981/3981 3982/3982
f 3978/3978 3982/3982 3979/3979
f 3974/3974 3977/3977 3980/3980
f 3974/3974 3980/3980 3975/3975
f 3983/3983 3984/3984 3985/3985
f 3983/3983 3985/3985 3986/3986
f 3987/3987 3988/3988 3989/3989
f 3987/3987 3989/3989 3990/3990
f 3991/3991 3992/3992 3993/3993
f 3991/3991 3993/3993 3994/3994
f 3995/3995 3996/3996 3997/3997
f 3995/3995 3997/3997 3998/3998
f 3999/3999 4000/4000 4001/4001
f 3999/3999 4001/4001 4002/4002
f 4003/4003 4004/4004 4005/4005
f 4003/4003 4005/4005 4006/4006
f 4004/4004 4007/4007 4008/4008
f 4004/4004 4008/4008 4005/4005
f 4000/4000 4003/4003 4006/4006
f 4000/4000 4006/4006 4001/4001
f 4009/4009 4010/4010 4011/4011
f 4009/4009 4011/4011 4012/4012
f 4013/4013 4014/4014 4015/4015
f 4013/4013 4015/4015 4016/4016
f 4017/4017 4018/4018 4019/4019
f 4017/4017 4019/4019 4020/4020
f 4021/4021 4022/4022 4023/4023
f 4021/4021 4023/4023 4024/4024
f 4025/4025 4026/4026 4027/4027
f 4025/4025 4027/4027 4028/4028
f 4029/4029 4030/4030 4031/4031
f 4029/4029 4031/4031 4032/4032
f 4030/4030 4033/4033 4034/4034
f 4030/4030 4034/4034 4031/4031
f 4026/4026 4029/4029 4032/4032
f 4026/4026 4032/4032 4027/4027
f 4035/4035 4036/4036 4037/4037
f 4035/4035 4037/4037 4038/4038
f 4039/4039 4040/4040 4041/4041
f 4039/4039 4041/4041 4042/4042
f 4043/4043 4044/4044 4045/4045
f 4043/4043 4045/4045 4046/4046
f 4047/4047 4048/4048 4049/4049
f 4047/4047 4049/4049 4050/4050
f 4051/4051 4052/4052 4053/4053
f 4051/4051 4053/4053 4054/4054
f 4055/4055 4056/4056 4057/4057
f 4055/4055 4057/4057 4058/4058
f 4056/4056 4059/4059 4060/4060
f 4056/4056 4060/4060 4057/4057
f 4052/4052 4055/4055 4058/4058
f 4052/4052 4058/4058 4053/4053
f 4061/4061 4062/4062 4063/4063
f 4061/4061 4063/4063 4064/4064
f 4065/4065 4066/4066 4067/4067
f 4065/4065 4067/4067 4068/4068
f 4069/4069 4070/4070 4071/4071
f 4069/4069 4071/4071 4072/4072
f 4073/4073 4074/4074 4075/4075
f 4073/4073 4075/4075 4076/4076
f 4077/4077 4078/4078 4079/4079
f 4077/4077 4079/4079 4080/4080
f 4081/4081 4082/4082 4083/4083
f 4081/4081 4083/4083 4084/4084
f 4082/4082 4085/4085 4086/4086
f 4082/4082 4086/4086 4083/4083
f 4078/4078 4081/4081 4084/4084
f 4078/4078 4084/4084 4079/4079
f 4087/4087 4088/4088 4089/4089
f 4087/4087 4089/4089 4090/4090
f 4091/4091 4092/4092 4093/4093
f 4091/4091 4093/4093 4094/4094
f 4095/4095 4096/4096 4097/4097
f 4095/4095 4097/4097 4098/4098
f 4099/4099 4100/4100 4101/4101
f 4099/4099 4101/4101 4102/4102
f 4103/4103 4104/4104 4105/4105
f 4103/4103 4105/4105 4106/4106
f 4107/4107 4108/4108 4109/4109
f 4107/4107 4109/4109 4110/4110
f 4108/4108 4111/4111 4112/4112
f 4108/4108 4112/4112 4109/4109
f 4104/4104 4107/4107 4110/4110
f 4104/4104 4110/4110 4105/4105
f 4113/4113 4114/4114 4115/4115
f 4113/4113 4115/4115 4116/4116
f 4117/4117 4118/4118 4119/4119
f 4117/4117 4119/4119 4120/4120
f 4121/4121 4122/4122 4123/4123
f 4121/4121 4123/4123 4124/4124
f 4125/4125 4126/4126 4127/4127
f 4125/4125 4127/4127 4128/4128
f 4129/4129 4130/4130 4131/4131
f 4129/4129 4131/4131 4132/4132
f 4133/4133 4134/4134 4135/4135
f 4133/4133 4135/4135 4136/4136
f 4134/4134 4137/4137 4138/4138
f 4134/4134 4138/4138 4135/4135
f 4130/4130 4133/4133 4136/4136
f 4130/4130 4136/4136 4131/4131
f 4139/4139 4140/4140 4141/4141
f 4139/4139 4141/4141 4142/4142
f 4143/4143 4144/4144 4145/4145
f 4143/4143 4145/4145 4146/4146
f 4147/4147 4148/4148 4149/4149
f 4147/4147 4149/4149 4150/4150
f 4151/4151 4152/4152 4153/4153
f 4151/4151 4153/4153 4154/4154
f 4155/4155 4156/4156 4157/4157
f 4155/4155 4157/4157 4158/4158
f 4159/4159 4160/4160 4161/4161
f 4159/4159 4161/4161 4162/4162
f 4160/4160 4163/4163 4164/4164
f 4160/4160 4164/4164 4161/4161
f 4156/4156 4159/4159 4162/4162
f 4156/4156 4162/4162 4157/4157
f 4165/4165 4166/4166 4167/4167
f 4165/4165 4167/4167 4168/4168
f 4169/4169 4170/4170 4171/4171
f 4169/4169 4171/4171 4172/4172
f 4173/4173 4174/4174 4175/4175
f 4173/4173 4175/4175 4176/4176
f 4177/4177 4178/4178 4179/4179
f 4177/4177 4179/4179 4180/4180
f 4181/4181 4182/4182 4183/4183
f 4181/4181 4183/4183 4184/4184
f 4185/4185 4186/4186 4187/4187
f 4185/4185 4187/4187 4188/4188
f 4186/4186 4189/4189 4190/4190
f 4186/4186 4190/4190 4187/4187
f 4182/4182 4185/4185 4188/4188
f 4182/4182 4188/4188 4183/4183
f 4191/4191 4192/4192 4193/4193
f 4191/4191 4193/4193 4194/4194
f 4195/4195 4196/4196 4197/4197
f 4195/4195 4197/4197 4198/4198
f 4199/4199 4200/4200 4201/4201
f 4199/4199 4201/4201 4202/4202
f 4203/4203 4204/4204 4205/4205
f 4203/4203 4205/4205 4206/4206
f 4207/4207 4208/4208 4209/4209
f 4207/4207 4209/4209 4210/4210
f 4211/4211 4212/4212 4213/4213
f 4211/4211 4213/4213 4214/4214
f 4212/4212 4215/4215 4216/4216
f 4212/4212 4216/4216 4213/4213
f 4208/4208 4211/4211 4214/4214
f 4208/4208 4214/4214 4209/4209
f 4217/4217 4218/4218 4219/4219
f 4217/4217 4219/4219 4220/4220
f 4221/4221 4222/4222 4223/4223
f 4221/4221 4223/4223 4224/4224
f 4225/4225 4226/4226 4227/4227
f 4225/4225 4227/4227 4228/4228
f 4229/4229 4230/4230 4231/4231
f 4229/4229 4231/4231 4232/4232
f 4233/4233 4234/4234 4235/4235
f 4233/4233 4235/4235 4236/4236
f 4237/4237 4238/4238 4239/4239
f 4237/4237 4239/4239 4240/4240
f 4238/4238 4241/4241 4242/4242
f 4238/4238 4242/4242 4239/4239
f 4234/4234 4237/4237 4240/4240
f 4234/4234 4240/4240 4235/4235
f 4243/4243 4244/4244 4245/4245
f 4243/4243 4245/4245 4246/4246
f 4247/4247 4248/4248 4249/4249
f 4247/4247 4249/4249 4250/4250
f 4251/4251 4252/4252 4253/4253
f 4251/4251 4253/4253 4254/4254
f 4255/4255 4256/4256 4257/4257
f 4255/4255 4257/4257 4258/4258
f 4259/4259 4260/4260 4261/4261
f 4259/4259 4261/4261 4262/4262
f 4263/4263 4264/4264 4265/4265
f 4263/4263 4265/4265 4266/4266
f 4264/4264 4267/4267 4268/4268
f 4264/4264 4268/4268 4265/4265
f 4260/4260 4263/4263 4266/4266
f 4260/4260 4266/4266 4261/4261
f 4269/4269 4270/4270 4271/4271
f 4269/4269 4271/4271 4272/4272
f 4273/4273 4274/4274 4275/4275
f 4273/4273 4275/4275 4276/4276
f 4277/4277 4278/4278 4279/4279
f 4277/4277 4279/4279 4280/4280
f 4281/4281 4282/4282 4283/4283
f 4281/4281 4283/4283 4284/4284
f 4285/4285 4286/4286 4287/4287
f 4285/4285 4287/4287 4288/4288
f 4289/4289 4290/4290 4291/4291
f 4289/4289 4291/4291 4292/4292
f 4290/4290 4293/4293 4294/4294
f 4290/4290 4294/4294 4291/4291
f 4286/4286 4289/4289 4292/4292
f 4286/4286 4292/4292 4287/4287
f 4295/4295 4296/4296 4297/4297
f 4295/4295 4297/4297 4298/4298
f 4299/4299 4300/4300 4301/4301
f 4299/4299 4301/4301 4302/4302
f 4303/4303 4304/4304 4305/4305
f 4303/4303 4305/4305 4306/4306
f 4307/4307 4308/4308 4309/4309
f 4307/4307 4309/4309 4310/4310
f 4311/4311 4312/4312 4313/4313
f 4311/4311 4313/4313 4314/4314
f 4315/4315 4316/4316 4317/4317
f 4315/4315 4317/4317 4318/4318
f 4316/4316 4319/4319 4320/4320
f 4316/4316 4320/4320 4317/4317
f 4312/4312 4315/4315 4318/4318
f 4312/4312 4318/4318 4313/4313
f 4321/4321 4322/4322 4323/4323
f 4321/4321 4323/4323 4324/4324
f 4325/4325 4326/4326 4327/4327
f 4325/4325 4327/4327 4328/4328
f 4329/4329 4330/4330 4331/4331
f 4329/4329 4331/4331 4332/4332
f 4333/4333 4334/4334 4335/4335
f 4333/4333 4335/4335 4336/4336
f 4337/4337 4338/4338 4339/4339
f 4337/4337 4339/4339 4340/4340
f 4341/4341 4342/4342 4343/4343
f 4341/4341 4343/4343 4344/4344
f 4342/4342 4345/4345 4346/4346
f 4342/4342 4346/4346 4343/4343
f 4338/4338 4341/4341 4344/4344
f 4338/4338 4344/4344 4339/4339
f 4347/4347 4348/4348 4349/4349
f 4347/4347 4349/4349 4350/4350
f 4351/4351 4352/4352 4353/4353
f 4351/4351 4353/4353 4354/4354
f 4355/4355 4356/4356 4357/4357
f 4355/4355 4357/4357 4358/4358
f 4359/4359 4360/4360 4361/4361
f 4359/4359 4361/4361 4362/4362
f 4363/4363 4364/4364 4365/4365
f 4363/4363 4365/4365 4366/4366
f 4367/4367 4368/4368 4369/4369
f 4367/4367 4369/4369 4370/4370
f 4368/4368 4371/4371 4372/4372
f 4368/4368 4372/4372 4369/4369
f 4364/4364 4367/4367 4370/4370
f 4364/4364 4370/4370 4365/4365
f 4373/4373 4374/4374 4375/4375
f 4373/4373 4375/4375 4376/4376
f 4377/4377 4378/4378 4379/4379
f 4377/4377 4379/4379 4380/4380
f 4381/4381 4382/4382 4383/4383
f 4381/4381 4383/4383 4384/4384
f 4385/4385 4386/4386 4387/4387
f 4385/4385 4387/4387 4388/4388
f 4389/4389 4390/4390 4391/4391
f 4389/4389 4391/4391 4392/4392
f 4393/4393 4394/4394 4395/4395
f 4393/4393 4395/4395 4396/4396
f 4394/4394 4397/4397 4398/4398
f 4394/4394 4398/4398 4395/4395
f 4390/4390 4393/4393 4396/4396
f 4390/4390 4396/4396 4391/4391
f 4399/4399 4400/4400 4401/4401
f 4399/4399 4401/4401 4402/4402
f 4403/4403 4404/4404 4405/4405
f 4403/4403 4405/4405 4406/4406
f 4407/4407 4408/4408 4409/4409
f 4407/4407 4409/4409 4410/4410
f 4411/4411 4412/4412 4413/4413
f 4411/4411 4413/4413 4414/4414
f 4415/4415 4416/4416 4417/4417
f 4415/4415 4417/4417 4418/4418
f 4419/4419 4420/4420 4421/4421
f 4419/4419 4421/4421 4422/4422
f 4420/4420 4423/4423 4424/4424
f 4420/4420 4424/4424 4421/4421
f 4416/4416 4419/4419 4422/4422
f 4416/4416 4422/4422 4417/4417
f 4425/4425 4426/4426 4427/4427
f 4425/4425 4427/4427 4428/4428
f 4429/4429 4430/4430 4431/4431
f 4429/4429 4431/4431 4432/4432
f 4433/4433 4434/4434 4435/4435
f 4433/4433 4435/4435 4436/4436
f 4437/4437 4438/4438 4439/4439
f 4437/4437 4439/4439 4440/4440
f 4441/4441 4442/4442 4443/4443
f 4441/4441 4443/4443 4444/4444
f 4445/4445 4446/4446 4447/4447
f 4445/4445 4447/4447 4448/4448
f 4446/4446 4449/4449 4450/4450
f 4446/4446 4450/4450 4447/4447
f 4442/4442 4445/4445 4448/4448
f 4442/4442 4448/4448 4443/4443
f 4451/4451 4452/4452 4453/4453
f 4451/4451 4453/4453 4454/4454
f 4455/4455 4456/4456 4457/4457
f 4455/4455 4457/4457 4458/4458
f 4459/4459 4460/4460 4461/4461
f 4459/4459 4461/4461 4462/4462
f 4463/4463 4464/4464 4465/4465
f 4463/4463 4465/4465 4466/4466
f 4467/4467 4468/4468 4469/4469
f 4467/4467 4469/4469 4470/4470
f 4471/4471 4472/4472 4473/4473
f 4471/4471 4473/4473 4474/4474
f 4472/4472 4475/4475 4476/4476
f 4472/4472 4476/4476 4473/4473
f 4468/4468 4471/4471 4474/4474
f 4468/4468 4474/4474 4469/4469
f 4477/4477 4478/4478 4479/4479
f 4477/4477 4479/4479 4480/4480
f 4481/4481 4482/4482 4478/4478
f 4481/4481 4478/4478 4477/4477
f 4480/4480 4479/4479 4483/4483
f 4480/4480 4483/4483 4484/4484
f 4484/4484 4483/4483 4485/4485
f 4484/4484 4485/4485 4486/4486
f 4486/4486 4485/4485 4487/4487
f 4486/4486 4487/4487 4488/4488
f 4489/4489 4490/4490 4491/4491
f 4489/4489 4491/4491 4492/4492
f 4493/4493 4494/4494 4495/4495
f 4493/4493 4495/4495 4496/4496
f 4497/4497 4498/4498 4499/4499
f 4497/4497 4499/4499 4500/4500
f 4500/4500 4499/4499 4501/4501
f 4500/4500 4501/4501 4502/4502
f 4502/4502 4501/4501 4503/4503
f 4502/4502 4503/4503 4504/4504
f 4504/4504 4503/4503 4505/4505
f 4504/4504 4505/4505 4506/4506
f 4507/4507 4508/4508 4509/4509
f 4507/4507 4509/4509 4510/4510
f 4511/4511 4512/4512 4508/4508
f 4511/4511 4508/4508 4507/4507
f 4510/4510 4509/4509 4498/4498
f 4510/4510 4498/4498 4497/4497
f 4513/4513 4514/4514 4515/4515
f 4513/4513 4515/4515 4516/4516
f 4517/4517 4518/4518 4514/4514
f 4517/4517 4514/4514 4513/4513
f 4519/4519 4520/4520 4518/4518
f 4519/4519 4518/4518 4517/4517
f 4521/4521 4522/4522 4520/4520
f 4521/4521 4520/4520 4519/4519
f 4516/4516 4515/4515 4523/4523
f 4516/4516 4523/4523 4524/4524
f 4525/4525 4526/4526 4527/4527
f 4525/4525 4527/4527 4528/4528
f 4529/4529 4530/4530 4531/4531
f 4529/4529 4531/4531 4532/4532
f 4533/4533 4534/4534 4535/4535
f 4533/4533 4535/4535 4536/4536
f 4536/4536 4535/4535 4537/4537
f 4536/4536 4537/4537 4538/4538
f 4538/4538 4537/4537 4539/4539
f 4538/4538 4539/4539 4540/4540
f 4540/4540 4539/4539 4541/4541
f 4540/4540 4541/4541 4542/4542
f 4543/4543 4544/4544 4545/4545
f 4543/4543 4545/4545 4546/4546
f 4542/4542 4541/4541 4544/4544
f 4542/4542 4544/4544 4543/4543
f 4546/4546 4545/4545 4547/4547
f 4546/4546 4547/4547 4548/4548
f 1743/1743 1653/1653 1652/1652
f 1743/1743 1652/1652 1736/1736
f 4549/4549 4550/4550 4551/4551
f 4549/4549 4551/4551 4552/4552
f 4553/4553 4554/4554 4555/4555
f 4553/4553 4555/4555 4556/4556
f 4557/4557 4558/4558 4559/4559
f 4557/4557 4559/4559 4560/4560
f 4561/4561 4562/4562 4563/4563
f 4561/4561 4563/4563 4564/4564
f 4565/4565 4566/4566 4567/4567
f 4565/4565 4567/4567 4568/4568
f 4569/4569 4570/4570 4550/4550
f 4569/4569 4550/4550 4549/4549
f 4571/4571 4572/4572 4570/4570
f 4571/4571 4570/4570 4569/4569
f 4573/4573 4574/4574 4572/4572
f 4573/4573 4572/4572 4571/4571
f 4552/4552 4551/4551 4558/4558
f 4552/4552 4558/4558 4557/4557
f 4575/4575 4576/4576 4577/4577
f 4575/4575 4577/4577 4578/4578
f 4579/4579 4580/4580 4576/4576
f 4579/4579 4576/4576 4575/4575
f 4581/4581 4582/4582 4573/4573
f 4581/4581 4573/4573 4583/4583
f 4584/4584 4574/4574 4573/4573
f 4584/4584 4573/4573 4582/4582
f 4585/4585 4586/4586 4584/4584
f 4585/4585 4584/4584 4582/4582
f 4578/4578 4577/4577 4586/4586
f 4578/4578 4586/4586 4585/4585
f 4587/4587 4588/4588 4580/4580
f 4587/4587 4580/4580 4579/4579
f 4589/4589 4590/4590 4588/4588
f 4589/4589 4588/4588 4587/4587
f 4566/4566 4591/4591 4592/4592
f 4566/4566 4592/4592 4567/4567
f 4593/4593 4594/4594 4595/4595
f 4593/4593 4595/4595 4596/4596
f 4597/4597 4598/4598 4599/4599
f 4597/4597 4599/4599 4600/4600
f 4601/4601 4602/4602 4603/4603
f 4601/4601 4603/4603 4604/4604
f 4605/4605 4606/4606 4607/4607
f 4605/4605 4607/4607 4608/4608
f 4609/4609 4610/4610 4611/4611
f 4609/4609 4611/4611 4612/4612
f 4613/4613 4614/4614 4615/4615
f 4613/4613 4615/4615 4616/4616
f 4617/4617 4618/4618 4619/4619
f 4617/4617 4619/4619 4620/4620
f 4604/4604 4603/4603 4621/4621
f 4604/4604 4621/4621 4622/4622
f 4623/4623 4624/4624 4602/4602
f 4623/4623 4602/4602 4601/4601
f 4625/4625 4626/4626 4627/4627
f 4625/4625 4627/4627 4628/4628
f 4629/4629 4630/4630 4562/4562
f 4629/4629 4562/4562 4561/4561
f 4631/4631 4632/4632 4633/4633
f 4631/4631 4633/4633 4634/4634
f 4617/4617 4620/4620 4635/4635
f 4617/4617 4635/4635 4636/4636
f 4637/4637 4638/4638 4639/4639
f 4637/4637 4639/4639 4640/4640
f 4560/4560 4559/4559 4641/4641
f 4560/4560 4641/4641 4642/4642
f 4643/4643 4644/4644 4645/4645
f 4643/4643 4645/4645 4646/4646
f 4647/4647 4648/4648 4649/4649
f 4647/4647 4649/4649 4650/4650
f 4650/4650 4649/4649 4644/4644
f 4650/4650 4644/4644 4643/4643
f 4651/4651 4652/4652 4625/4625
f 4651/4651 4625/4625 4628/4628
f 4652/4652 4560/4560 4642/4642
f 4652/4652 4642/4642 4625/4625
f 4653/4653 4654/4654 4553/4553
f 4653/4653 4553/4553 4556/4556
f 4654/4654 4637/4637 4640/4640
f 4654/4654 4640/4640 4553/4553
f 4641/4641 4655/4655 4656/4656
f 4641/4641 4656/4656 4642/4642
f 4642/4642 4656/4656 4626/4626
f 4642/4642 4626/4626 4625/4625
f 4555/4555 4554/4554 4657/4657
f 4555/4555 4657/4657 4658/4658
f 4554/4554 4589/4589 4587/4587
f 4554/4554 4587/4587 4657/4657
f 4658/4658 4657/4657 4659/4659
f 4658/4658 4659/4659 4660/4660
f 4657/4657 4587/4587 4579/4579
f 4657/4657 4579/4579 4659/4659
f 4661/4661 4662/4662 4663/4663
f 4661/4661 4663/4663 4664/4664
f 4662/4662 4578/4578 4585/4585
f 4662/4662 4585/4585 4663/4663
f 4664/4664 4663/4663 4581/4581
f 4664/4664 4581/4581 4665/4665
f 4663/4663 4585/4585 4582/4582
f 4663/4663 4582/4582 4581/4581
f 4660/4660 4659/4659 4666/4666
f 4660/4660 4666/4666 4667/4667
f 4659/4659 4579/4579 4575/4575
f 4659/4659 4575/4575 4666/4666
f 4667/4667 4666/4666 4662/4662
f 4667/4667 4662/4662 4661/4661
f 4666/4666 4575/4575 4578/4578
f 4666/4666 4578/4578 4662/4662
f 4668/4668 4669/4669 4670/4670
f 4668/4668 4670/4670 4671/4671
f 4669/4669 4552/4552 4557/4557
f 4669/4669 4557/4557 4670/4670
f 4672/4672 4583/4583 4673/4673
f 4672/4672 4673/4673 4674/4674
f 4583/4583 4573/4573 4571/4571
f 4583/4583 4571/4571 4673/4673
f 4674/4674 4673/4673 4675/4675
f 4674/4674 4675/4675 4676/4676
f 4673/4673 4571/4571 4569/4569
f 4673/4673 4569/4569 4675/4675
f 4676/4676 4675/4675 4677/4677
f 4676/4676 4677/4677 4678/4678
f 4675/4675 4569/4569 4549/4549
f 4675/4675 4549/4549 4677/4677
f 4671/4671 4670/4670 4652/4652
f 4671/4671 4652/4652 4651/4651
f 4670/4670 4557/4557 4560/4560
f 4670/4670 4560/4560 4652/4652
f 4639/4639 4590/4590 4589/4589
f 4639/4639 4589/4589 4640/4640
f 4640/4640 4589/4589 4554/4554
f 4640/4640 4554/4554 4553/4553
f 4678/4678 4677/4677 4669/4669
f 4678/4678 4669/4669 4668/4668
f 4677/4677 4549/4549 4552/4552
f 4677/4677 4552/4552 4669/4669
f 4679/4679 4680/4680 4622/4622
f 4679/4679 4622/4622 4621/4621
f 4680/4680 4617/4617 4636/4636
f 4680/4680 4636/4636 4622/4622
f 4681/4681 4682/4682 4683/4683
f 4681/4681 4683/4683 4684/4684
f 4684/4684 4683/4683 4632/4632
f 4684/4684 4632/4632 4631/4631
f 4685/4685 4686/4686 4687/4687
f 4685/4685 4687/4687 4688/4688
f 4686/4686 4629/4629 4561/4561
f 4686/4686 4561/4561 4687/4687
f 4592/4592 4591/4591 4689/4689
f 4592/4592 4689/4689 4690/4690
f 4591/4591 4623/4623 4601/4601
f 4591/4591 4601/4601 4689/4689
f 4691/4691 4692/4692 4636/4636
f 4691/4691 4636/4636 4635/4635
f 4692/4692 4604/4604 4622/4622
f 4692/4692 4622/4622 4636/4636
f 4679/4679 4610/4610 4609/4609
f 4679/4679 4609/4609 4680/4680
f 4680/4680 4609/4609 4618/4618
f 4680/4680 4618/4618 4617/4617
f 4611/4611 4594/4594 4593/4593
f 4611/4611 4593/4593 4612/4612
f 4612/4612 4593/4593 4614/4614
f 4612/4612 4614/4614 4613/4613
f 4619/4619 4618/4618 4613/4613
f 4619/4619 4613/4613 4616/4616
f 4618/4618 4609/4609 4612/4612
f 4618/4618 4612/4612 4613/4613
f 4599/4599 4598/4598 4693/4693
f 4599/4599 4693/4693 4694/4694
f 4598/4598 4605/4605 4608/4608
f 4598/4598 4608/4608 4693/4693
f 4690/4690 4689/4689 4692/4692
f 4690/4690 4692/4692 4691/4691
f 4689/4689 4601/4601 4604/4604
f 4689/4689 4604/4604 4692/4692
f 4595/4595 4606/4606 4605/4605
f 4595/4595 4605/4605 4596/4596
f 4596/4596 4605/4605 4598/4598
f 4596/4596 4598/4598 4597/4597
f 4615/4615 4614/4614 4597/4597
f 4615/4615 4597/4597 4600/4600
f 4614/4614 4593/4593 4596/4596
f 4614/4614 4596/4596 4597/4597
f 4695/4695 4624/4624 4623/4623
f 4695/4695 4623/4623 4696/4696
f 4696/4696 4623/4623 4591/4591
f 4696/4696 4591/4591 4566/4566
f 4563/4563 4695/4695 4696/4696
f 4563/4563 4696/4696 4564/4564
f 4564/4564 4696/4696 4566/4566
f 4564/4564 4566/4566 4565/4565
f 4688/4688 4687/4687 4565/4565
f 4688/4688 4565/4565 4568/4568
f 4687/4687 4561/4561 4564/4564
f 4687/4687 4564/4564 4565/4565
f 4697/4697 4698/4698 4637/4637
f 4697/4697 4637/4637 4654/4654
f 4699/4699 4697/4697 4654/4654
f 4699/4699 4654/4654 4653/4653
f 4698/4698 4700/4700 4638/4638
f 4698/4698 4638/4638 4637/4637
f 4656/4656 4650/4650 4643/4643
f 4656/4656 4643/4643 4626/4626
f 4655/4655 4647/4647 4650/4650
f 4655/4655 4650/4650 4656/4656
f 4626/4626 4643/4643 4646/4646
f 4626/4626 4646/4646 4627/4627
f 4701/4701 4702/4702 4629/4629
f 4701/4701 4629/4629 4686/4686
f 4703/4703 4701/4701 4686/4686
f 4703/4703 4686/4686 4685/4685
f 4702/4702 4704/4704 4630/4630
f 4702/4702 4630/4630 4629/4629
f 4608/4608 4684/4684 4631/4631
f 4608/4608 4631/4631 4693/4693
f 4607/4607 4681/4681 4684/4684
f 4607/4607 4684/4684 4608/4608
f 4693/4693 4631/4631 4634/4634
f 4693/4693 4634/4634 4694/4694
f 4705/4705 4706/4706 4707/4707
f 4705/4705 4707/4707 4708/4708
f 4709/4709 4710/4710 4711/4711
f 4709/4709 4711/4711 4712/4712
f 4713/4713 1787/1787 1786/1786
f 4713/4713 1786/1786 4714/4714
f 4710/4710 4713/4713 4714/4714
f 4710/4710 4714/4714 4711/4711
f 4709/4709 4715/4715 4716/4716
f 4709/4709 4716/4716 4717/4717
f 4718/4718 4719/4719 4720/4720
f 4718/4718 4720/4720 4721/4721
f 4705/4705 4722/4722 4723/4723
f 4705/4705 4723/4723 4724/4724
f 4721/4721 4720/4720 4725/4725
f 4721/4721 4725/4725 4726/4726
f 4724/4724 4723/4723 4719/4719
f 4724/4724 4719/4719 4718/4718
f 4715/4715 4727/4727 4728/4728
f 4715/4715 4728/4728 4729/4729
f 4729/4729 4728/4728 4730/4730
f 4729/4729 4730/4730 4726/4726
f 4731/4731 4732/4732 4733/4733
f 4731/4731 4733/4733 4734/4734
f 4735/4735 4736/4736 4737/4737
f 4735/4735 4737/4737 4738/4738
f 4739/4739 4740/4740 4741/4741
f 4739/4739 4741/4741 4742/4742
f 4743/4743 4739/4739 4742/4742
f 4743/4743 4742/4742 4744/4744
f 4740/4740 4745/4745 4746/4746
f 4740/4740 4746/4746 4735/4735
f 4747/4747 4748/4748 4731/4731
f 4747/4747 4731/4731 4749/4749
f 4750/4750 4751/4751 4734/4734
f 4750/4750 4734/4734 4736/4736
f 4736/4736 4734/4734 4733/4733
f 4736/4736 4733/4733 4737/4737
f 4741/4741 4740/4740 4735/4735
f 4741/4741 4735/4735 4738/4738
f 4752/4752 4753/4753 4739/4739
f 4752/4752 4739/4739 4743/4743
f 4753/4753 4745/4745 4740/4740
f 4753/4753 4740/4740 4739/4739
f 4746/4746 4750/4750 4736/4736
f 4746/4746 4736/4736 4735/4735
f 4749/4749 4731/4731 4734/4734
f 4749/4749 4734/4734 4751/4751
f 4754/4754 4729/4729 4726/4726
f 4754/4754 4726/4726 4725/4725
f 4716/4716 4715/4715 4729/4729
f 4716/4716 4729/4729 4754/4754
f 4755/4755 4724/4724 4718/4718
f 4755/4755 4718/4718 4756/4756
f 4757/4757 4721/4721 4726/4726
f 4757/4757 4726/4726 4730/4730
f 4706/4706 4705/4705 4724/4724
f 4706/4706 4724/4724 4755/4755
f 4756/4756 4718/4718 4721/4721
f 4756/4756 4721/4721 4757/4757
f 4712/4712 4727/4727 4715/4715
f 4712/4712 4715/4715 4709/4709
f 4758/4758 4759/4759 4713/4713
f 4758/4758 4713/4713 4710/4710
f 4759/4759 1833/1833 1787/1787
f 4759/4759 1787/1787 4713/4713
f 4717/4717 4758/4758 4710/4710
f 4717/4717 4710/4710 4709/4709
f 4722/4722 4705/4705 4708/4708
f 4722/4722 4708/4708 4760/4760
f 4748/4748 4761/4761 4762/4762
f 4748/4748 4762/4762 4763/4763
f 4745/4745 4764/4764 4765/4765
f 4745/4745 4765/4765 4746/4746
f 4752/4752 4766/4766 4767/4767
f 4752/4752 4767/4767 4753/4753
f 4753/4753 4767/4767 4764/4764
f 4753/4753 4764/4764 4745/4745
f 4714/4714 4768/4768 4769/4769
f 4714/4714 4769/4769 4711/4711
f 4730/4730 4770/4770 4771/4771
f 4730/4730 4771/4771 4757/4757
f 4746/4746 4765/4765 4772/4772
f 4746/4746 4772/4772 4750/4750
f 1786/1786 1847/1847 4768/4768
f 1786/1786 4768/4768 4714/4714
f 4757/4757 4771/4771 4773/4773
f 4757/4757 4773/4773 4756/4756
f 4750/4750 4772/4772 4774/4774
f 4750/4750 4774/4774 4751/4751
f 4706/4706 4775/4775 4776/4776
f 4706/4706 4776/4776 4707/4707
f 4756/4756 4773/4773 4777/4777
f 4756/4756 4777/4777 4755/4755
f 4751/4751 4774/4774 4778/4778
f 4751/4751 4778/4778 4749/4749
f 4712/4712 4779/4779 4780/4780
f 4712/4712 4780/4780 4727/4727
f 4755/4755 4777/4777 4775/4775
f 4755/4755 4775/4775 4706/4706
f 4747/4747 4781/4781 4782/4782
f 4747/4747 4782/4782 4783/4783
f 4727/4727 4780/4780 4784/4784
f 4727/4727 4784/4784 4728/4728
f 4711/4711 4769/4769 4779/4779
f 4711/4711 4779/4779 4712/4712
f 4728/4728 4784/4784 4770/4770
f 4728/4728 4770/4770 4730/4730
f 4785/4785 4786/4786 4787/4787
f 4785/4785 4787/4787 4788/4788
f 4789/4789 4790/4790 4791/4791
f 4789/4789 4791/4791 4792/4792
f 4793/4793 4794/4794 4795/4795
f 4793/4793 4795/4795 4796/4796
f 4794/4794 4789/4789 4792/4792
f 4794/4794 4792/4792 4795/4795
f 4797/4797 4798/4798 4799/4799
f 4797/4797 4799/4799 4800/4800
f 4801/4801 4802/4802 4803/4803
f 4801/4801 4803/4803 4804/4804
f 4805/4805 4806/4806 4802/4802
f 4805/4805 4802/4802 4801/4801
f 4804/4804 4803/4803 4807/4807
f 4804/4804 4807/4807 4808/4808
f 4809/4809 4810/4810 4811/4811
f 4809/4809 4811/4811 4812/4812
f 4812/4812 4811/4811 4813/4813
f 4812/4812 4813/4813 4814/4814
f 4814/4814 4813/4813 4815/4815
f 4814/4814 4815/4815 4816/4816
f 4816/4816 4815/4815 4817/4817
f 4816/4816 4817/4817 4818/4818
f 4818/4818 4817/4817 4819/4819
f 4818/4818 4819/4819 4820/4820
f 4820/4820 4819/4819 4821/4821
f 4820/4820 4821/4821 4822/4822
f 4823/4823 4822/4822 4821/4821
f 4823/4823 4821/4821 4824/4824
f 4825/4825 4826/4826 4827/4827
f 4825/4825 4827/4827 4828/4828
f 4808/4808 4807/4807 4829/4829
f 4808/4808 4829/4829 4830/4830
f 4830/4830 4829/4829 4831/4831
f 4830/4830 4831/4831 4832/4832
f 4832/4832 4831/4831 4833/4833
f 4832/4832 4833/4833 4834/4834
f 4834/4834 4833/4833 4835/4835
f 4834/4834 4835/4835 4836/4836
f 4836/4836 4835/4835 4837/4837
f 4836/4836 4837/4837 4838/4838
f 4838/4838 4837/4837 4839/4839
f 4838/4838 4839/4839 4840/4840
f 4840/4840 4839/4839 4841/4841
f 4840/4840 4841/4841 4842/4842
f 4842/4842 4841/4841 4843/4843
f 4842/4842 4843/4843 4844/4844
f 4844/4844 4843/4843 1921/1921
f 4844/4844 1921/1921 1920/1920
f 4845/4845 4846/4846 4806/4806
f 4845/4845 4806/4806 4805/4805
f 4708/4708 4707/4707 4789/4789
f 4708/4708 4789/4789 4794/4794
f 4760/4760 4708/4708 4794/4794
f 4760/4760 4794/4794 4793/4793
f 4707/4707 4776/4776 4790/4790
f 4707/4707 4790/4790 4789/4789
f 4847/4847 4823/4823 4824/4824
f 4847/4847 4824/4824 4848/4848
f 4849/4849 4850/4850 4766/4766
f 4849/4849 4766/4766 4752/4752
f 4849/4849 4752/4752 4743/4743
f 4849/4849 4743/4743 4851/4851
f 4851/4851 4743/4743 4744/4744
f 4851/4851 4744/4744 4852/4852
f 4853/4853 4854/4854 4810/4810
f 4853/4853 4810/4810 4809/4809
f 4749/4749 4778/4778 4781/4781
f 4749/4749 4781/4781 4747/4747
f 4731/4731 4748/4748 4763/4763
f 4731/4731 4763/4763 4732/4732
f 4783/4783 4761/4761 4748/4748
f 4783/4783 4748/4748 4747/4747
f 4855/4855 4856/4856 4857/4857
f 4855/4855 4857/4857 4858/4858
f 4859/4859 4860/4860 4861/4861
f 4859/4859 4861/4861 4862/4862
f 4863/4863 4864/4864 4865/4865
f 4863/4863 4865/4865 4866/4866
f 4867/4867 4868/4868 4860/4860
f 4867/4867 4860/4860 4859/4859
f 4869/4869 4870/4870 4871/4871
f 4869/4869 4871/4871 4872/4872
f 4862/4862 4861/4861 4856/4856
f 4862/4862 4856/4856 4855/4855
f 4873/4873 4874/4874 4875/4875
f 4873/4873 4875/4875 4876/4876
f 4877/4877 4878/4878 4879/4879
f 4877/4877 4879/4879 4880/4880
f 4880/4880 4879/4879 4874/4874
f 4880/4880 4874/4874 4873/4873
f 4881/4881 4882/4882 4864/4864
f 4881/4881 4864/4864 4863/4863
f 4872/4872 4871/4871 4883/4883
f 4872/4872 4883/4883 4884/4884
f 4885/4885 4886/4886 4878/4878
f 4885/4885 4878/4878 4877/4877
f 4887/4887 4888/4888 4889/4889
f 4887/4887 4889/4889 4890/4890
f 4890/4890 4889/4889 4891/4891
f 4890/4890 4891/4891 4892/4892
f 4893/4893 4894/4894 4895/4895
f 4893/4893 4895/4895 4896/4896
f 4896/4896 4895/4895 4897/4897
f 4896/4896 4897/4897 4898/4898
f 4892/4892 4891/4891 4886/4886
f 4892/4892 4886/4886 4885/4885
f 4899/4899 4900/4900 4901/4901
f 4899/4899 4901/4901 4902/4902
f 4903/4903 4904/4904 4868/4868
f 4903/4903 4868/4868 4867/4867
f 4905/4905 4906/4906 4907/4907
f 4905/4905 4907/4907 4908/4908
f 4908/4908 4907/4907 4909/4909
f 4908/4908 4909/4909 4910/4910
f 4902/4902 4901/4901 4904/4904
f 4902/4902 4904/4904 4903/4903
f 4911/4911 4912/4912 4913/4913
f 4911/4911 4913/4913 4914/4914
f 4915/4915 4870/4870 4869/4869
f 4915/4915 4869/4869 4916/4916
f 4913/4913 4882/4882 4881/4881
f 4913/4913 4881/4881 4914/4914
f 4876/4876 4875/4875 4917/4917
f 4876/4876 4917/4917 4918/4918
f 4919/4919 4918/4918 4917/4917
f 4919/4919 4917/4917 4920/4920
f 4857/4857 4912/4912 4911/4911
f 4857/4857 4911/4911 4858/4858
f 4919/4919 4920/4920 4915/4915
f 4919/4919 4915/4915 4916/4916
f 4898/4898 4897/4897 4921/4921
f 4898/4898 4921/4921 4922/4922
f 4910/4910 4909/4909 4923/4923
f 4910/4910 4923/4923 4924/4924
f 4925/4925 4894/4894 4893/4893
f 4925/4925 4893/4893 4926/4926
f 4927/4927 4906/4906 4905/4905
f 4927/4927 4905/4905 4928/4928
f 4929/4929 4930/4930 4931/4931
f 4929/4929 4931/4931 4932/4932
f 4933/4933 4934/4934 4930/4930
f 4933/4933 4930/4930 4929/4929
f 4935/4935 4936/4936 4934/4934
f 4935/4935 4934/4934 4933/4933
f 4937/4937 4938/4938 4936/4936
f 4937/4937 4936/4936 4935/4935
f 4939/4939 4940/4940 4938/4938
f 4939/4939 4938/4938 4937/4937
f 4941/4941 4942/4942 4940/4940
f 4941/4941 4940/4940 4939/4939
f 4943/4943 4944/4944 4942/4942
f 4943/4943 4942/4942 4941/4941
f 4945/4945 4946/4946 4947/4947
f 4945/4945 4947/4947 4948/4948
f 4948/4948 4947/4947 4949/4949
f 4948/4948 4949/4949 4950/4950
f 4950/4950 4949/4949 4951/4951
f 4950/4950 4951/4951 4952/4952
f 4952/4952 4951/4951 4953/4953
f 4952/4952 4953/4953 4954/4954
f 4954/4954 4953/4953 2033/2033
f 4954/4954 2033/2033 2032/2032
f 4932/4932 4931/4931 4955/4955
f 4932/4932 4955/4955 4956/4956
f 4956/4956 4955/4955 4957/4957
f 4956/4956 4957/4957 4958/4958
f 4959/4959 4960/4960 4961/4961
f 4959/4959 4961/4961 4962/4962
f 4963/4963 4964/4964 4960/4960
f 4963/4963 4960/4960 4959/4959
f 4965/4965 4966/4966 4964/4964
f 4965/4965 4964/4964 4963/4963
f 4958/4958 4957/4957 4966/4966
f 4958/4958 4966/4966 4965/4965
f 4967/4967 4968/4968 4969/4969
f 4967/4967 4969/4969 4970/4970
f 4971/4971 4972/4972 4968/4968
f 4971/4971 4968/4968 4967/4967
f 4962/4962 4961/4961 4972/4972
f 4962/4962 4972/4972 4971/4971
f 4973/4973 4974/4974 4975/4975
f 4973/4973 4975/4975 4976/4976
f 4970/4970 4969/4969 4974/4974
f 4970/4970 4974/4974 4973/4973
f 4977/4977 4978/4978 4979/4979
f 4977/4977 4979/4979 4980/4980
f 4981/4981 4982/4982 4983/4983
f 4981/4981 4983/4983 4984/4984
f 4984/4984 4983/4983 4985/4985
f 4984/4984 4985/4985 4986/4986
f 4986/4986 4985/4985 4978/4978
f 4986/4986 4978/4978 4977/4977
f 4987/4987 4988/4988 4982/4982
f 4987/4987 4982/4982 4981/4981
f 4980/4980 4979/4979 2069/2069
f 4980/4980 2069/2069 2068/2068
f 4989/4989 4990/4990 4988/4988
f 4989/4989 4988/4988 4987/4987
f 4991/4991 4992/4992 4993/4993
f 4991/4991 4993/4993 4994/4994
f 4995/4995 4996/4996 4997/4997
f 4995/4995 4997/4997 4998/4998
f 4992/4992 4999/4999 5000/5000
f 4992/4992 5000/5000 4993/4993
f 5001/5001 4995/4995 4998/4998
f 5001/5001 4998/4998 5002/5002
f 5003/5003 5004/5004 5005/5005
f 5003/5003 5005/5005 5006/5006
f 5007/5007 5008/5008 5009/5009
f 5007/5007 5009/5009 5010/5010
f 5008/5008 4991/4991 4994/4994
f 5008/5008 4994/4994 5009/5009
f 1583/1583 5007/5007 5010/5010
f 1583/1583 5010/5010 1584/1584
f 4996/4996 2093/2093 2092/2092
f 4996/4996 2092/2092 4997/4997
f 4999/4999 5011/5011 5012/5012
f 4999/4999 5012/5012 5000/5000
f 5011/5011 5001/5001 5002/5002
f 5011/5011 5002/5002 5012/5012
f 5004/5004 5013/5013 5014/5014
f 5004/5004 5014/5014 5005/5005
f 5015/5015 5016/5016 5017/5017
f 5015/5015 5017/5017 5018/5018
f 5017/5017 5016/5016 5003/5003
f 5017/5017 5003/5003 5006/5006
f 5000/5000 5019/5019 5020/5020
f 5000/5000 5020/5020 4993/4993
f 5002/5002 5021/5021 5022/5022
f 5002/5002 5022/5022 5012/5012
f 5006/5006 5023/5023 5024/5024
f 5006/5006 5024/5024 5017/5017
f 5017/5017 5024/5024 5025/5025
f 5017/5017 5025/5025 5018/5018
f 4997/4997 5026/5026 5027/5027
f 4997/4997 5027/5027 4998/4998
f 5014/5014 5028/5028 5029/5029
f 5014/5014 5029/5029 5005/5005
f 5005/5005 5029/5029 5023/5023
f 5005/5005 5023/5023 5006/5006
f 4994/4994 5030/5030 5031/5031
f 4994/4994 5031/5031 5009/5009
f 5015/5015 5032/5032 5033/5033
f 5015/5015 5033/5033 5016/5016
f 1584/1584 5034/5034 5035/5035
f 1584/1584 5035/5035 1585/1585
f 5012/5012 5022/5022 5019/5019
f 5012/5012 5019/5019 5000/5000
f 5004/5004 5036/5036 5037/5037
f 5004/5004 5037/5037 5013/5013
f 5011/5011 5038/5038 5039/5039
f 5011/5011 5039/5039 5001/5001
f 4999/4999 5040/5040 5038/5038
f 4999/4999 5038/5038 5011/5011
f 4996/4996 5041/5041 2124/2124
f 4996/4996 2124/2124 2093/2093
f 1583/1583 5042/5042 5043/5043
f 1583/1583 5043/5043 5007/5007
f 5008/5008 5044/5044 5045/5045
f 5008/5008 5045/5045 4991/4991
f 5007/5007 5043/5043 5044/5044
f 5007/5007 5044/5044 5008/5008
f 5003/5003 5046/5046 5036/5036
f 5003/5003 5036/5036 5004/5004
f 5001/5001 5039/5039 5047/5047
f 5001/5001 5047/5047 4995/4995
f 4992/4992 5048/5048 5040/5040
f 4992/4992 5040/5040 4999/4999
f 4995/4995 5047/5047 5041/5041
f 4995/4995 5041/5041 4996/4996
f 4991/4991 5045/5045 5048/5048
f 4991/4991 5048/5048 4992/4992
f 5013/5013 5037/5037 5042/5042
f 5013/5013 5042/5042 1583/1583
f 5018/5018 5025/5025 5032/5032
f 5018/5018 5032/5032 5015/5015
f 5016/5016 5033/5033 5046/5046
f 5016/5016 5046/5046 5003/5003
f 4998/4998 5027/5027 5021/5021
f 4998/4998 5021/5021 5002/5002
f 5010/5010 5049/5049 5034/5034
f 5010/5010 5034/5034 1584/1584
f 5009/5009 5031/5031 5049/5049
f 5009/5009 5049/5049 5010/5010
f 2092/2092 2134/2134 5026/5026
f 2092/2092 5026/5026 4997/4997
f 4993/4993 5020/5020 5030/5030
f 4993/4993 5030/5030 4994/4994
f 5013/5013 1583/1583 1585/1585
f 5013/5013 1585/1585 5014/5014
f 5028/5028 5014/5014 1585/1585
f 5028/5028 1585/1585 5035/5035
f 5050/5050 5051/5051 5052/5052
f 5050/5050 5052/5052 5053/5053
f 5054/5054 5055/5055 5056/5056
f 5054/5054 5056/5056 5057/5057
f 5057/5057 5056/5056 5058/5058
f 5057/5057 5058/5058 5059/5059
f 5059/5059 5058/5058 5060/5060
f 5059/5059 5060/5060 5061/5061
f 5062/5062 5063/5063 5055/5055
f 5062/5062 5055/5055 5054/5054
f 5064/5064 5065/5065 5066/5066
f 5064/5064 5066/5066 5067/5067
f 5068/5068 5069/5069 5065/5065
f 5068/5068 5065/5065 5064/5064
f 5070/5070 5071/5071 5069/5069
f 5070/5070 5069/5069 5068/5068
f 5072/5072 5073/5073 5074/5074
f 5072/5072 5074/5074 5075/5075
f 5076/5076 5077/5077 5073/5073
f 5076/5076 5073/5073 5072/5072
f 5075/5075 5074/5074 5078/5078
f 5075/5075 5078/5078 5079/5079
f 5080/5080 5081/5081 5082/5082
f 5080/5080 5082/5082 5083/5083
f 5084/5084 5085/5085 5086/5086
f 5084/5084 5086/5086 5087/5087
f 5083/5083 5082/5082 5088/5088
f 5083/5083 5088/5088 5089/5089
f 5090/5090 5091/5091 5081/5081
f 5090/5090 5081/5081 5080/5080
f 5092/5092 5093/5093 5094/5094
f 5092/5092 5094/5094 5095/5095
f 5087/5087 5086/5086 5096/5096
f 5087/5087 5096/5096 5097/5097
f 5095/5095 5094/5094 5085/5085
f 5095/5095 5085/5085 5084/5084
f 5098/5098 5099/5099 5091/5091
f 5098/5098 5091/5091 5090/5090
f 5089/5089 5088/5088 5100/5100
f 5089/5089 5100/5100 5101/5101
f 5101/5101 5100/5100 5093/5093
f 5101/5101 5093/5093 5092/5092
f 5097/5097 5096/5096 5063/5063
f 5097/5097 5063/5063 5062/5062
f 5079/5079 5078/5078 5099/5099
f 5079/5079 5099/5099 5098/5098
f 5061/5061 5060/5060 5102/5102
f 5061/5061 5102/5102 5103/5103
f 5067/5067 5066/5066 5077/5077
f 5067/5067 5077/5077 5076/5076
f 5104/5104 5105/5105 5106/5106
f 5104/5104 5106/5106 5107/5107
f 5108/5108 5109/5109 5110/5110
f 5108/5108 5110/5110 5111/5111
f 5112/5112 5113/5113 5105/5105
f 5112/5112 5105/5105 5104/5104
f 5114/5114 5115/5115 5116/5116
f 5114/5114 5116/5116 5117/5117
f 5118/5118 5119/5119 5113/5113
f 5118/5118 5113/5113 5112/5112
f 5120/5120 5121/5121 5122/5122
f 5120/5120 5122/5122 5123/5123
f 5107/5107 5106/5106 5124/5124
f 5107/5107 5124/5124 5125/5125
f 5126/5126 5127/5127 5115/5115
f 5126/5126 5115/5115 5114/5114
f 5128/5128 5129/5129 5130/5130
f 5128/5128 5130/5130 5131/5131
f 5111/5111 5110/5110 5132/5132
f 5111/5111 5132/5132 5133/5133
f 5131/5131 5130/5130 5134/5134
f 5131/5131 5134/5134 5135/5135
f 5136/5136 5137/5137 5051/5051
f 5136/5136 5051/5051 5050/5050
f 5135/5135 5134/5134 5138/5138
f 5135/5135 5138/5138 5139/5139
f 5117/5117 5116/5116 5137/5137
f 5117/5117 5137/5137 5136/5136
f 5140/5140 5141/5141 5142/5142
f 5140/5140 5142/5142 5143/5143
f 5125/5125 5124/5124 5121/5121
f 5125/5125 5121/5121 5120/5120
f 5143/5143 5142/5142 5144/5144
f 5143/5143 5144/5144 5145/5145
f 5133/5133 5132/5132 5146/5146
f 5133/5133 5146/5146 5147/5147
f 5147/5147 5146/5146 5141/5141
f 5147/5147 5141/5141 5140/5140
f 5148/5148 5149/5149 5119/5119
f 5148/5148 5119/5119 5118/5118
f 5053/5053 5052/5052 5109/5109
f 5053/5053 5109/5109 5108/5108
f 5103/5103 5102/5102 5150/5150
f 5103/5103 5150/5150 5151/5151
f 5123/5123 5122/5122 5127/5127
f 5123/5123 5127/5127 5126/5126
f 5145/5145 5144/5144 5129/5129
f 5145/5145 5129/5129 5128/5128
f 5152/5152 5153/5153 5139/5139
f 5152/5152 5139/5139 5138/5138
f 5154/5154 5071/5071 5070/5070
f 5154/5154 5070/5070 5155/5155
f 5156/5156 5149/5149 5148/5148
f 5156/5156 5148/5148 5157/5157
f 5158/5158 5159/5159 5160/5160
f 5158/5158 5160/5160 5161/5161
f 4975/4975 4946/4946 4945/4945
f 4975/4975 4945/4945 4976/4976
f 4976/4976 4945/4945 5159/5159
f 4976/4976 5159/5159 5158/5158
f 5162/5162 5163/5163 5164/5164
f 5162/5162 5164/5164 5165/5165
f 5163/5163 4970/4970 4973/4973
f 5163/5163 4973/4973 5164/5164
f 5165/5165 5164/5164 5158/5158
f 5165/5165 5158/5158 5161/5161
f 5164/5164 4973/4973 4976/4976
f 5164/5164 4976/4976 5158/5158
f 5166/5166 5167/5167 5168/5168
f 5166/5166 5168/5168 5169/5169
f 5167/5167 4962/4962 4971/4971
f 5167/5167 4971/4971 5168/5168
f 5169/5169 5168/5168 5170/5170
f 5169/5169 5170/5170 5171/5171
f 5168/5168 4971/4971 4967/4967
f 5168/5168 4967/4967 5170/5170
f 5171/5171 5170/5170 5163/5163
f 5171/5171 5163/5163 5162/5162
f 5170/5170 4967/4967 4970/4970
f 5170/5170 4970/4970 5163/5163
f 5172/5172 5173/5173 5174/5174
f 5172/5172 5174/5174 5175/5175
f 5173/5173 4958/4958 4965/4965
f 5173/5173 4965/4965 5174/5174
f 5175/5175 5174/5174 5176/5176
f 5175/5175 5176/5176 5177/5177
f 5174/5174 4965/4965 4963/4963
f 5174/5174 4963/4963 5176/5176
f 5177/5177 5176/5176 5178/5178
f 5177/5177 5178/5178 5179/5179
f 5176/5176 4963/4963 4959/4959
f 5176/5176 4959/4959 5178/5178
f 5179/5179 5178/5178 5167/5167
f 5179/5179 5167/5167 5166/5166
f 5178/5178 4959/4959 4962/4962
f 5178/5178 4962/4962 5167/5167
f 5180/5180 5181/5181 5173/5173
f 5180/5180 5173/5173 5172/5172
f 5181/5181 4956/4956 4958/4958
f 5181/5181 4958/4958 5173/5173
f 5182/5182 5183/5183 5181/5181
f 5182/5182 5181/5181 5180/5180
f 5183/5183 4932/4932 4956/4956
f 5183/5183 4956/4956 5181/5181
f 5184/5184 5185/5185 2271/2271
f 5184/5184 2271/2271 2270/2270
f 5185/5185 4954/4954 2032/2032
f 5185/5185 2032/2032 2271/2271
f 5186/5186 5187/5187 5185/5185
f 5186/5186 5185/5185 5184/5184
f 5187/5187 4952/4952 4954/4954
f 5187/5187 4954/4954 5185/5185
f 5188/5188 5189/5189 5187/5187
f 5188/5188 5187/5187 5186/5186
f 5189/5189 4950/4950 4952/4952
f 5189/5189 4952/4952 5187/5187
f 5190/5190 5191/5191 5189/5189
f 5190/5190 5189/5189 5188/5188
f 5191/5191 4948/4948 4950/4950
f 5191/5191 4950/4950 5189/5189
f 5160/5160 5159/5159 5191/5191
f 5160/5160 5191/5191 5190/5190
f 5159/5159 4945/4945 4948/4948
f 5159/5159 4948/4948 5191/5191
f 2279/2279 2280/2280 4944/4944
f 2279/2279 4944/4944 4943/4943
f 2281/2281 2284/2284 5192/5192
f 2281/2281 5192/5192 5193/5193
f 5193/5193 5192/5192 5194/5194
f 5193/5193 5194/5194 5195/5195
f 5192/5192 4943/4943 4941/4941
f 5192/5192 4941/4941 5194/5194
f 5195/5195 5194/5194 5196/5196
f 5195/5195 5196/5196 5197/5197
f 5194/5194 4941/4941 4939/4939
f 5194/5194 4939/4939 5196/5196
f 5197/5197 5196/5196 5198/5198
f 5197/5197 5198/5198 5199/5199
f 5196/5196 4939/4939 4937/4937
f 5196/5196 4937/4937 5198/5198
f 5199/5199 5198/5198 5200/5200
f 5199/5199 5200/5200 5201/5201
f 5198/5198 4937/4937 4935/4935
f 5198/5198 4935/4935 5200/5200
f 5201/5201 5200/5200 5202/5202
f 5201/5201 5202/5202 5203/5203
f 5200/5200 4935/4935 4933/4933
f 5200/5200 4933/4933 5202/5202
f 5203/5203 5202/5202 5204/5204
f 5203/5203 5204/5204 5205/5205
f 5202/5202 4933/4933 4929/4929
f 5202/5202 4929/4929 5204/5204
f 5205/5205 5204/5204 5183/5183
f 5205/5205 5183/5183 5182/5182
f 5204/5204 4929/4929 4932/4932
f 5204/5204 4932/4932 5183/5183
f 5206/5206 5207/5207 4900/4900
f 5206/5206 4900/4900 4899/4899
f 5208/5208 5209/5209 5210/5210
f 5208/5208 5210/5210 5211/5211
f 5212/5212 5213/5213 5214/5214
f 5212/5212 5214/5214 5215/5215
f 2284/2284 2279/2279 4943/4943
f 2284/2284 4943/4943 5192/5192
f 5216/5216 5217/5217 5218/5218
f 5216/5216 5218/5218 5219/5219
f 5220/5220 5221/5221 5222/5222
f 5220/5220 5222/5222 5223/5223
f 5220/5220 5223/5223 5224/5224
f 5220/5220 5224/5224 5225/5225
f 5226/5226 5227/5227 5228/5228
f 5226/5226 5228/5228 5229/5229
f 5230/5230 5231/5231 5232/5232
f 5230/5230 5232/5232 5233/5233
f 5234/5234 5235/5235 5231/5231
f 5234/5234 5231/5231 5230/5230
f 5236/5236 5237/5237 5235/5235
f 5236/5236 5235/5235 5234/5234
f 5225/5225 5224/5224 5238/5238
f 5225/5225 5238/5238 5239/5239
f 5239/5239 5238/5238 5240/5240
f 5239/5239 5240/5240 5241/5241
f 5242/5242 5243/5243 5244/5244
f 5242/5242 5244/5244 5245/5245
f 5245/5245 5244/5244 5246/5246
f 5245/5245 5246/5246 5247/5247
f 5246/5246 5248/5248 5249/5249
f 5246/5246 5249/5249 5247/5247
f 5249/5249 5248/5248 5250/5250
f 5249/5249 5250/5250 5251/5251
f 5252/5252 5253/5253 5237/5237
f 5252/5252 5237/5237 5236/5236
f 5251/5251 5250/5250 5253/5253
f 5251/5251 5253/5253 5252/5252
f 5254/5254 5255/5255 5256/5256
f 5254/5254 5256/5256 5257/5257
f 5258/5258 5259/5259 5260/5260
f 5258/5258 5260/5260 5261/5261
f 5262/5262 5263/5263 5264/5264
f 5262/5262 5264/5264 5265/5265
f 5266/5266 5267/5267 5268/5268
f 5266/5266 5268/5268 5269/5269
f 5270/5270 5271/5271 5272/5272
f 5270/5270 5272/5272 5273/5273
f 5273/5273 5272/5272 5274/5274
f 5273/5273 5274/5274 5275/5275
f 5275/5275 5274/5274 5276/5276
f 5275/5275 5276/5276 5277/5277
f 5278/5278 5279/5279 5271/5271
f 5278/5278 5271/5271 5270/5270
f 5280/5280 5281/5281 5282/5282
f 5280/5280 5282/5282 5283/5283
f 5284/5284 5285/5285 5286/5286
f 5284/5284 5286/5286 5287/5287
f 5283/5283 5282/5282 5288/5288
f 5283/5283 5288/5288 5289/5289
f 5287/5287 5286/5286 5281/5281
f 5287/5287 5281/5281 5280/5280
f 5289/5289 5288/5288 5279/5279
f 5289/5289 5279/5279 5278/5278
f 5277/5277 5276/5276 5290/5290
f 5277/5277 5290/5290 5291/5291
f 5292/5292 5293/5293 5294/5294
f 5292/5292 5294/5294 5295/5295
f 5296/5296 5297/5297 5285/5285
f 5296/5296 5285/5285 5284/5284
f 5298/5298 5299/5299 5300/5300
f 5298/5298 5300/5300 5301/5301
f 5302/5302 5303/5303 5304/5304
f 5302/5302 5304/5304 5305/5305
f 5306/5306 5307/5307 5308/5308
f 5306/5306 5308/5308 5309/5309
f 5310/5310 5311/5311 5297/5297
f 5310/5310 5297/5297 5296/5296
f 5312/5312 5313/5313 5307/5307
f 5312/5312 5307/5307 5306/5306
f 5314/5314 5315/5315 5316/5316
f 5314/5314 5316/5316 5317/5317
f 5318/5318 5319/5319 5263/5263
f 5318/5318 5263/5263 5262/5262
f 5320/5320 5321/5321 5322/5322
f 5320/5320 5322/5322 5323/5323
f 5324/5324 5325/5325 5255/5255
f 5324/5324 5255/5255 5254/5254
f 5326/5326 5327/5327 5328/5328
f 5326/5326 5328/5328 5329/5329
f 5330/5330 5331/5331 5217/5217
f 5330/5330 5217/5217 5216/5216
f 5257/5257 5256/5256 5332/5332
f 5257/5257 5332/5332 5333/5333
f 5334/5334 5335/5335 5331/5331
f 5334/5334 5331/5331 5330/5330
f 5329/5329 5328/5328 5336/5336
f 5329/5329 5336/5336 5337/5337
f 5338/5338 5339/5339 5340/5340
f 5338/5338 5340/5340 5341/5341
f 5342/5342 5343/5343 5344/5344
f 5342/5342 5344/5344 5345/5345
f 5346/5346 5347/5347 5348/5348
f 5346/5346 5348/5348 5349/5349
f 5323/5323 5322/5322 5350/5350
f 5323/5323 5350/5350 5351/5351
f 5352/5352 5353/5353 5354/5354
f 5352/5352 5354/5354 5355/5355
f 5356/5356 5357/5357 5358/5358
f 5356/5356 5358/5358 5359/5359
f 5349/5349 5348/5348 5327/5327
f 5349/5349 5327/5327 5326/5326
f 5351/5351 5350/5350 5335/5335
f 5351/5351 5335/5335 5334/5334
f 5360/5360 5361/5361 5362/5362
f 5360/5360 5362/5362 5363/5363
f 5364/5364 5365/5365 5353/5353
f 5364/5364 5353/5353 5352/5352
f 5333/5333 5332/5332 5347/5347
f 5333/5333 5347/5347 5346/5346
f 5366/5366 5367/5367 5368/5368
f 5366/5366 5368/5368 5369/5369
f 5370/5370 5371/5371 5372/5372
f 5370/5370 5372/5372 5373/5373
f 5374/5374 5375/5375 5321/5321
f 5374/5374 5321/5321 5320/5320
f 5265/5265 5264/5264 5365/5365
f 5265/5265 5365/5365 5364/5364
f 5376/5376 5377/5377 5378/5378
f 5376/5376 5378/5378 5379/5379
f 5369/5369 5368/5368 5380/5380
f 5369/5369 5380/5380 5381/5381
f 5382/5382 5383/5383 5384/5384
f 5382/5382 5384/5384 5385/5385
f 5355/5355 5354/5354 5386/5386
f 5355/5355 5386/5386 5387/5387
f 5359/5359 5358/5358 5388/5388
f 5359/5359 5388/5388 5389/5389
f 5390/5390 5391/5391 5343/5343
f 5390/5390 5343/5343 5342/5342
f 5392/5392 5393/5393 5394/5394
f 5392/5392 5394/5394 5395/5395
f 5396/5396 5397/5397 5398/5398
f 5396/5396 5398/5398 5399/5399
f 5395/5395 5394/5394 5400/5400
f 5395/5395 5400/5400 5401/5401
f 5341/5341 5340/5340 5357/5357
f 5341/5341 5357/5357 5356/5356
f 5402/5402 5403/5403 5266/5266
f 5402/5402 5266/5266 5269/5269
f 5317/5317 5316/5316 5404/5404
f 5317/5317 5404/5404 5405/5405
f 5406/5406 5407/5407 5397/5397
f 5406/5406 5397/5397 5396/5396
f 5376/5376 5379/5379 5391/5391
f 5376/5376 5391/5391 5390/5390
f 5389/5389 5388/5388 5408/5408
f 5389/5389 5408/5408 5409/5409
f 5405/5405 5404/5404 5375/5375
f 5405/5405 5375/5375 5374/5374
f 5399/5399 5398/5398 5403/5403
f 5399/5399 5403/5403 5402/5402
f 5345/5345 5344/5344 5325/5325
f 5345/5345 5325/5325 5324/5324
f 5381/5381 5380/5380 5315/5315
f 5381/5381 5315/5315 5314/5314
f 5410/5410 5411/5411 5407/5407
f 5410/5410 5407/5407 5406/5406
f 5337/5337 5336/5336 5412/5412
f 5337/5337 5412/5412 5413/5413
f 5414/5414 5415/5415 5361/5361
f 5414/5414 5361/5361 5360/5360
f 5363/5363 5362/5362 5416/5416
f 5363/5363 5416/5416 5417/5417
f 5418/5418 5419/5419 5313/5313
f 5418/5418 5313/5313 5312/5312
f 5301/5301 5300/5300 5420/5420
f 5301/5301 5420/5420 5421/5421
f 5422/5422 5423/5423 5383/5383
f 5422/5422 5383/5383 5382/5382
f 5417/5417 5416/5416 5423/5423
f 5417/5417 5423/5423 5422/5422
f 5421/5421 5420/5420 5419/5419
f 5421/5421 5419/5419 5418/5418
f 5424/5424 5425/5425 5268/5268
f 5424/5424 5268/5268 5267/5267
f 5378/5378 5377/5377 5425/5425
f 5378/5378 5425/5425 5424/5424
f 5409/5409 5408/5408 5415/5415
f 5409/5409 5415/5415 5414/5414
f 5309/5309 5308/5308 5371/5371
f 5309/5309 5371/5371 5370/5370
f 5426/5426 5427/5427 5311/5311
f 5426/5426 5311/5311 5310/5310
f 5428/5428 5429/5429 5303/5303
f 5428/5428 5303/5303 5302/5302
f 5385/5385 5384/5384 5339/5339
f 5385/5385 5339/5339 5338/5338
f 5430/5430 5431/5431 5299/5299
f 5430/5430 5299/5299 5298/5298
f 5432/5432 5433/5433 5319/5319
f 5432/5432 5319/5319 5318/5318
f 5291/5291 5290/5290 5293/5293
f 5291/5291 5293/5293 5292/5292
f 5219/5219 5218/5218 5259/5259
f 5219/5219 5259/5259 5258/5258
f 5232/5232 5226/5226 5229/5229
f 5232/5232 5229/5229 5233/5233
f 5434/5434 5435/5435 5436/5436
f 5434/5434 5436/5436 5437/5437
f 5438/5438 5439/5439 5440/5440
f 5438/5438 5440/5440 5441/5441
f 5442/5442 5443/5443 5444/5444
f 5442/5442 5444/5444 5445/5445
f 5437/5437 5436/5436 5446/5446
f 5437/5437 5446/5446 5447/5447
f 5448/5448 5449/5449 5443/5443
f 5448/5448 5443/5443 5442/5442
f 5450/5450 5451/5451 5452/5452
f 5450/5450 5452/5452 5453/5453
f 5454/5454 5455/5455 5435/5435
f 5454/5454 5435/5435 5434/5434
f 5456/5456 5457/5457 1602/1602
f 5456/5456 1602/1602 1601/1601
f 5458/5458 5459/5459 5457/5457
f 5458/5458 5457/5457 5456/5456
f 5460/5460 5461/5461 5451/5451
f 5460/5460 5451/5451 5450/5450
f 5441/5441 5440/5440 5459/5459
f 5441/5441 5459/5459 5458/5458
f 5453/5453 5452/5452 5455/5455
f 5453/5453 5455/5455 5454/5454
f 5445/5445 5444/5444 5461/5461
f 5445/5445 5461/5461 5460/5460
f 5447/5447 5446/5446 5439/5439
f 5447/5447 5439/5439 5438/5438
f 5462/5462 5463/5463 5464/5464
f 5462/5462 5464/5464 5465/5465
f 5466/5466 5467/5467 5468/5468
f 5466/5466 5468/5468 5469/5469
f 5470/5470 5471/5471 5467/5467
f 5470/5470 5467/5467 5466/5466
f 5472/5472 5473/5473 5471/5471
f 5472/5472 5471/5471 5470/5470
f 5474/5474 5475/5475 5476/5476
f 5474/5474 5476/5476 5477/5477
f 5478/5478 5479/5479 5480/5480
f 5478/5478 5480/5480 5481/5481
f 5481/5481 5480/5480 5482/5482
f 5481/5481 5482/5482 5483/5483
f 5483/5483 5482/5482 5484/5484
f 5483/5483 5484/5484 5485/5485
f 5486/5486 5487/5487 5475/5475
f 5486/5486 5475/5475 5474/5474
f 5488/5488 5489/5489 5487/5487
f 5488/5488 5487/5487 5486/5486
f 5485/5485 5484/5484 5489/5489
f 5485/5485 5489/5489 5488/5488
f 5490/5490 5491/5491 5479/5479
f 5490/5490 5479/5479 5478/5478
f 5492/5492 5493/5493 5494/5494
f 5492/5492 5494/5494 5495/5495
f 5496/5496 5497/5497 5498/5498
f 5496/5496 5498/5498 5499/5499
f 5499/5499 5498/5498 5500/5500
f 5499/5499 5500/5500 5501/5501
f 5501/5501 5500/5500 5493/5493
f 5501/5501 5493/5493 5492/5492
f 5469/5469 5468/5468 5502/5502
f 5469/5469 5502/5502 5503/5503
f 5495/5495 5494/5494 5491/5491
f 5495/5495 5491/5491 5490/5490
f 5504/5504 5505/5505 5497/5497
f 5504/5504 5497/5497 5496/5496
f 5477/5477 5476/5476 5506/5506
f 5477/5477 5506/5506 5507/5507
f 5508/5508 5509/5509 5510/5510
f 5508/5508 5510/5510 5511/5511
f 5512/5512 5513/5513 5514/5514
f 5512/5512 5514/5514 5515/5515
f 5515/5515 5514/5514 5516/5516
f 5515/5515 5516/5516 5517/5517
f 5518/5518 5519/5519 5520/5520
f 5518/5518 5520/5520 5521/5521
f 5521/5521 5520/5520 5522/5522
f 5521/5521 5522/5522 5523/5523
f 5517/5517 5516/5516 5524/5524
f 5517/5517 5524/5524 5525/5525
f 5525/5525 5524/5524 5519/5519
f 5525/5525 5519/5519 5518/5518
f 5523/5523 5522/5522 5509/5509
f 5523/5523 5509/5509 5508/5508
f 5511/5511 5510/5510 5507/5507
f 5511/5511 5507/5507 5506/5506
f 1596/1596 1608/1608 1610/1610
f 1596/1596 1610/1610 1597/1597
f 1599/1599 1595/1595 1597/1597
f 1599/1599 1597/1597 1600/1600
f 1593/1593 1598/1598 1600/1600
f 1593/1593 1600/1600 1594/1594
f 5526/5526 5527/5527 1592/1592
f 5526/5526 1592/1592 1594/1594
f 5528/5528 5527/5527 5526/5526
f 5528/5528 5526/5526 5529/5529
f 5529/5529 5449/5449 5448/5448
f 5529/5529 5448/5448 5528/5528
f 5530/5530 5531/5531 5532/5532
f 5530/5530 5532/5532 5533/5533
f 5465/5465 5464/5464 5534/5534
f 5465/5465 5534/5534 5535/5535
f 5536/5536 5537/5537 5531/5531
f 5536/5536 5531/5531 5530/5530
f 5535/5535 5534/5534 5537/5537
f 5535/5535 5537/5537 5536/5536
f 5538/5538 5539/5539 5540/5540
f 5538/5538 5540/5540 5541/5541
f 5542/5542 5543/5543 5544/5544
f 5542/5542 5544/5544 5545/5545
f 5541/5541 5540/5540 5546/5546
f 5541/5541 5546/5546 5547/5547
f 5545/5545 5544/5544 5548/5548
f 5545/5545 5548/5548 5549/5549
f 5549/5549 5548/5548 5550/5550
f 5549/5549 5550/5550 5551/5551
f 5552/5552 5553/5553 5554/5554
f 5552/5552 5554/5554 5555/5555
f 5547/5547 5546/5546 5556/5556
f 5547/5547 5556/5556 5557/5557
f 5555/5555 5554/5554 5543/5543
f 5555/5555 5543/5543 5542/5542
f 5557/5557 5556/5556 5558/5558
f 5557/5557 5558/5558 5559/5559
f 5559/5559 5558/5558 5553/5553
f 5559/5559 5553/5553 5552/5552
f 5560/5560 5561/5561 5562/5562
f 5560/5560 5562/5562 5563/5563
f 5564/5564 5565/5565 5566/5566
f 5564/5564 5566/5566 5567/5567
f 5568/5568 5569/5569 5570/5570
f 5568/5568 5570/5570 5571/5571
f 5571/5571 5570/5570 5572/5572
f 5571/5571 5572/5572 5573/5573
f 5567/5567 5566/5566 5574/5574
f 5567/5567 5574/5574 5575/5575
f 5575/5575 5574/5574 5576/5576
f 5575/5575 5576/5576 5577/5577
f 5563/5563 5562/5562 5569/5569
f 5563/5563 5569/5569 5568/5568
f 5578/5578 5579/5579 5580/5580
f 5578/5578 5580/5580 5581/5581
f 5581/5581 5580/5580 5565/5565
f 5581/5581 5565/5565 5564/5564
f 5582/5582 5583/5583 5579/5579
f 5582/5582 5579/5579 5578/5578
f 5573/5573 5572/5572 5583/5583
f 5573/5573 5583/5583 5582/5582
f 5503/5503 5502/5502 5505/5505
f 5503/5503 5505/5505 5504/5504
f 5584/5584 5585/5585 5586/5586
f 5584/5584 5586/5586 5587/5587
f 5588/5588 5589/5589 5590/5590
f 5588/5588 5590/5590 5591/5591
f 5592/5592 5593/5593 5589/5589
f 5592/5592 5589/5589 5588/5588
f 5577/5577 5576/5576 5594/5594
f 5577/5577 5594/5594 5595/5595
f 5596/5596 5597/5597 5585/5585
f 5596/5596 5585/5585 5584/5584
f 5595/5595 5594/5594 5598/5598
f 5595/5595 5598/5598 5599/5599
f 5591/5591 5590/5590 5597/5597
f 5591/5591 5597/5597 5596/5596
f 5599/5599 5598/5598 5593/5593
f 5599/5599 5593/5593 5592/5592
f 5587/5587 5586/5586 5539/5539
f 5587/5587 5539/5539 5538/5538
f 5600/5600 5601/5601 5602/5602
f 5600/5600 5602/5602 5603/5603
f 5604/5604 5605/5605 5606/5606
f 5604/5604 5606/5606 5607/5607
f 5608/5608 5609/5609 5610/5610
f 5608/5608 5610/5610 5611/5611
f 5612/5612 5613/5613 5605/5605
f 5612/5612 5605/5605 5604/5604
f 5611/5611 5610/5610 5614/5614
f 5611/5611 5614/5614 5615/5615
f 5616/5616 5617/5617 5613/5613
f 5616/5616 5613/5613 5612/5612
f 5607/5607 5606/5606 5618/5618
f 5607/5607 5618/5618 5619/5619
f 5619/5619 5618/5618 5609/5609
f 5619/5619 5609/5609 5608/5608
f 5615/5615 5614/5614 5601/5601
f 5615/5615 5601/5601 5600/5600
f 5620/5620 5621/5621 5622/5622
f 5620/5620 5622/5622 5623/5623
f 5623/5623 5622/5622 5624/5624
f 5623/5623 5624/5624 5625/5625
f 5626/5626 5627/5627 5628/5628
f 5626/5626 5628/5628 5629/5629
f 5625/5625 5624/5624 5627/5627
f 5625/5625 5627/5627 5626/5626
f 5630/5630 5631/5631 5632/5632
f 5630/5630 5632/5632 5633/5633
f 5634/5634 5635/5635 5617/5617
f 5634/5634 5617/5617 5616/5616
f 5636/5636 5637/5637 5635/5635
f 5636/5636 5635/5635 5634/5634
f 5638/5638 5639/5639 5621/5621
f 5638/5638 5621/5621 5620/5620
f 5633/5633 5632/5632 5639/5639
f 5633/5633 5639/5639 5638/5638
f 5629/5629 5628/5628 5637/5637
f 5629/5629 5637/5637 5636/5636
f 5640/5640 5641/5641 5631/5631
f 5640/5640 5631/5631 5630/5630
f 5642/5642 5643/5643 5644/5644
f 5642/5642 5644/5644 5645/5645
f 5646/5646 5647/5647 5643/5643
f 5646/5646 5643/5643 5642/5642
f 5648/5648 5649/5649 5650/5650
f 5648/5648 5650/5650 5651/5651
f 5652/5652 5653/5653 5647/5647
f 5652/5652 5647/5647 5646/5646
f 5645/5645 5644/5644 5649/5649
f 5645/5645 5649/5649 5648/5648
f 5654/5654 5655/5655 5656/5656
f 5654/5654 5656/5656 5657/5657
f 5658/5658 5659/5659 5655/5655
f 5658/5658 5655/5655 5654/5654
f 5660/5660 5661/5661 5653/5653
f 5660/5660 5653/5653 5652/5652
f 5651/5651 5650/5650 5659/5659
f 5651/5651 5659/5659 5658/5658
f 5603/5603 5602/5602 5661/5661
f 5603/5603 5661/5661 5660/5660
f 5662/5662 5603/5603 5660/5660
f 5662/5662 5660/5660 5663/5663
f 5664/5664 5651/5651 5658/5658
f 5664/5664 5658/5658 5665/5665
f 5663/5663 5660/5660 5652/5652
f 5663/5663 5652/5652 5666/5666
f 5665/5665 5658/5658 5654/5654
f 5665/5665 5654/5654 5667/5667
f 5667/5667 5654/5654 5657/5657
f 5667/5667 5657/5657 5668/5668
f 5669/5669 5645/5645 5648/5648
f 5669/5669 5648/5648 5670/5670
f 5666/5666 5652/5652 5646/5646
f 5666/5666 5646/5646 5671/5671
f 5670/5670 5648/5648 5651/5651
f 5670/5670 5651/5651 5664/5664
f 5671/5671 5646/5646 5642/5642
f 5671/5671 5642/5642 5672/5672
f 5672/5672 5642/5642 5645/5645
f 5672/5672 5645/5645 5669/5669
f 5673/5673 5640/5640 5630/5630
f 5673/5673 5630/5630 5674/5674
f 5675/5675 5629/5629 5636/5636
f 5675/5675 5636/5636 5676/5676
f 5677/5677 5633/5633 5638/5638
f 5677/5677 5638/5638 5678/5678
f 5678/5678 5638/5638 5620/5620
f 5678/5678 5620/5620 5679/5679
f 5676/5676 5636/5636 5634/5634
f 5676/5676 5634/5634 5680/5680
f 5680/5680 5634/5634 5616/5616
f 5680/5680 5616/5616 5681/5681
f 5674/5674 5630/5630 5633/5633
f 5674/5674 5633/5633 5677/5677
f 5682/5682 5625/5625 5626/5626
f 5682/5682 5626/5626 5683/5683
f 5683/5683 5626/5626 5629/5629
f 5683/5683 5629/5629 5675/5675
f 5684/5684 5623/5623 5625/5625
f 5684/5684 5625/5625 5682/5682
f 5679/5679 5620/5620 5623/5623
f 5679/5679 5623/5623 5684/5684
f 5685/5685 5615/5615 5600/5600
f 5685/5685 5600/5600 5686/5686
f 5687/5687 5619/5619 5608/5608
f 5687/5687 5608/5608 5688/5688
f 5689/5689 5607/5607 5619/5619
f 5689/5689 5619/5619 5687/5687
f 5681/5681 5616/5616 5612/5612
f 5681/5681 5612/5612 5690/5690
f 5691/5691 5611/5611 5615/5615
f 5691/5691 5615/5615 5685/5685
f 5690/5690 5612/5612 5604/5604
f 5690/5690 5604/5604 5692/5692
f 5688/5688 5608/5608 5611/5611
f 5688/5688 5611/5611 5691/5691
f 5692/5692 5604/5604 5607/5607
f 5692/5692 5607/5607 5689/5689
f 5686/5686 5600/5600 5603/5603
f 5686/5686 5603/5603 5662/5662
f 5693/5693 5694/5694 1604/1604
f 5693/5693 1604/1604 1606/1606
f 5513/5513 5512/5512 5695/5695
f 5513/5513 5695/5695 5696/5696
f 5697/5697 5473/5473 5472/5472
f 5697/5697 5472/5472 5698/5698
f 5699/5699 5640/5640 5673/5673
f 5699/5699 5673/5673 5700/5700
f 5701/5701 5641/5641 5640/5640
f 5701/5701 5640/5640 5699/5699
f 5702/5702 5561/5561 5560/5560
f 5702/5702 5560/5560 5703/5703
f 5704/5704 5705/5705 5706/5706
f 5704/5704 5706/5706 5707/5707
f 5708/5708 5709/5709 5710/5710
f 5708/5708 5710/5710 5711/5711
f 1602/1602 5463/5463 5462/5462
f 1602/1602 5462/5462 1603/1603
f 5712/5712 5713/5713 5714/5714
f 5712/5712 5714/5714 5715/5715
f 5716/5716 5717/5717 5718/5718
f 5716/5716 5718/5718 5719/5719
f 5720/5720 5712/5712 5715/5715
f 5720/5720 5715/5715 5721/5721
f 5719/5719 5718/5718 5722/5722
f 5719/5719 5722/5722 5723/5723
f 5724/5724 5725/5725 5726/5726
f 5724/5724 5726/5726 5727/5727
f 5713/5713 5723/5723 5722/5722
f 5713/5713 5722/5722 5714/5714
f 5728/5728 5727/5727 5726/5726
f 5728/5728 5726/5726 5729/5729
f 5730/5730 2824/2824 2823/2823
f 5730/5730 2823/2823 5731/5731
f 5724/5724 5732/5732 5733/5733
f 5724/5724 5733/5733 5725/5725
f 5734/5734 5728/5728 5729/5729
f 5734/5734 5729/5729 5735/5735
f 5736/5736 5737/5737 5738/5738
f 5736/5736 5738/5738 5739/5739
f 5737/5737 5740/5740 5741/5741
f 5737/5737 5741/5741 5738/5738
f 5742/5742 5736/5736 5739/5739
f 5742/5742 5739/5739 5743/5743
f 5740/5740 5734/5734 5735/5735
f 5740/5740 5735/5735 5741/5741
f 5744/5744 5745/5745 5717/5717
f 5744/5744 5717/5717 5716/5716
f 5744/5744 5730/5730 5731/5731
f 5744/5744 5731/5731 5745/5745
f 5746/5746 5747/5747 5748/5748
f 5746/5746 5748/5748 5749/5749
f 5746/5746 5750/5750 5751/5751
f 5746/5746 5751/5751 5747/5747
f 5752/5752 5753/5753 5754/5754
f 5752/5752 5754/5754 5755/5755
f 5756/5756 5757/5757 5758/5758
f 5756/5756 5758/5758 5759/5759
f 5760/5760 5761/5761 5753/5753
f 5760/5760 5753/5753 5752/5752
f 5759/5759 5758/5758 5761/5761
f 5759/5759 5761/5761 5760/5760
f 5755/5755 5754/5754 5762/5762
f 5755/5755 5762/5762 5763/5763
f 5764/5764 5765/5765 5766/5766
f 5764/5764 5766/5766 5767/5767
f 5749/5749 5748/5748 2862/2862
f 5749/5749 2862/2862 2861/2861
f 5763/5763 5762/5762 5768/5768
f 5763/5763 5768/5768 5769/5769
f 5770/5770 5771/5771 5772/5772
f 5770/5770 5772/5772 5773/5773
f 5764/5764 5769/5769 5768/5768
f 5764/5764 5768/5768 5765/5765
f 5774/5774 5773/5773 5772/5772
f 5774/5774 5772/5772 5775/5775
f 5776/5776 5777/5777 5778/5778
f 5776/5776 5778/5778 5779/5779
f 5750/5750 5774/5774 5775/5775
f 5750/5750 5775/5775 5751/5751
f 5779/5779 5778/5778 5771/5771
f 5779/5779 5771/5771 5770/5770
f 5780/5780 5781/5781 5782/5782
f 5780/5780 5782/5782 5783/5783
f 5784/5784 5785/5785 5786/5786
f 5784/5784 5786/5786 5787/5787
f 5788/5788 5780/5780 5783/5783
f 5788/5788 5783/5783 5789/5789
f 5785/5785 5790/5790 5791/5791
f 5785/5785 5791/5791 5786/5786
f 5792/5792 5793/5793 5794/5794
f 5792/5792 5794/5794 5795/5795
f 5796/5796 5797/5797 5798/5798
f 5796/5796 5798/5798 5799/5799
f 5800/5800 5792/5792 5795/5795
f 5800/5800 5795/5795 5801/5801
f 5802/5802 5803/5803 5804/5804
f 5802/5802 5804/5804 5805/5805
f 5806/5806 5807/5807 5808/5808
f 5806/5806 5808/5808 5809/5809
f 5810/5810 5811/5811 5812/5812
f 5810/5810 5812/5812 5813/5813
f 5814/5814 5815/5815 5816/5816
f 5814/5814 5816/5816 5817/5817
f 5818/5818 5788/5788 5789/5789
f 5818/5818 5789/5789 5819/5819
f 5807/5807 5796/5796 5799/5799
f 5807/5807 5799/5799 5808/5808
f 5820/5820 5821/5821 5822/5822
f 5820/5820 5822/5822 5823/5823
f 5824/5824 5825/5825 5826/5826
f 5824/5824 5826/5826 5827/5827
f 5828/5828 5829/5829 5830/5830
f 5828/5828 5830/5830 5831/5831
f 5815/5815 5820/5820 5823/5823
f 5815/5815 5823/5823 5816/5816
f 5829/5829 5832/5832 5833/5833
f 5829/5829 5833/5833 5830/5830
f 5834/5834 5835/5835 5836/5836
f 5834/5834 5836/5836 5837/5837
f 5838/5838 5839/5839 5840/5840
f 5838/5838 5840/5840 5841/5841
f 5842/5842 5834/5834 5837/5837
f 5842/5842 5837/5837 5843/5843
f 5790/5790 5838/5838 5841/5841
f 5790/5790 5841/5841 5791/5791
f 5803/5803 2940/2940 2939/2939
f 5803/5803 2939/2939 5804/5804
f 5844/5844 5845/5845 5846/5846
f 5844/5844 5846/5846 5847/5847
f 5839/5839 5806/5806 5809/5809
f 5839/5839 5809/5809 5840/5840
f 5832/5832 5848/5848 5849/5849
f 5832/5832 5849/5849 5833/5833
f 5845/5845 5800/5800 5801/5801
f 5845/5845 5801/5801 5846/5846
f 5850/5850 5851/5851 5852/5852
f 5850/5850 5852/5852 5853/5853
f 2951/2951 5818/5818 5819/5819
f 2951/2951 5819/5819 2952/2952
f 5848/5848 5854/5854 5855/5855
f 5848/5848 5855/5855 5849/5849
f 5821/5821 5844/5844 5847/5847
f 5821/5821 5847/5847 5822/5822
f 5856/5856 5842/5842 5843/5843
f 5856/5856 5843/5843 5857/5857
f 5854/5854 5858/5858 5859/5859
f 5854/5854 5859/5859 5855/5855
f 5781/5781 5856/5856 5857/5857
f 5781/5781 5857/5857 5782/5782
f 5858/5858 5802/5802 5805/5805
f 5858/5858 5805/5805 5859/5859
f 5860/5860 5861/5861 5862/5862
f 5860/5860 5862/5862 5863/5863
f 5862/5862 5864/5864 5865/5865
f 5862/5862 5865/5865 5863/5863
f 5866/5866 5867/5867 5868/5868
f 5866/5866 5868/5868 5869/5869
f 5868/5868 5870/5870 5871/5871
f 5868/5868 5871/5871 5869/5869
f 5872/5872 5873/5873 5874/5874
f 5872/5872 5874/5874 5875/5875
f 5876/5876 5877/5877 5873/5873
f 5876/5876 5873/5873 5872/5872
f 5878/5878 5879/5879 5877/5877
f 5878/5878 5877/5877 5876/5876
f 5880/5880 5881/5881 5882/5882
f 5880/5880 5882/5882 5883/5883
f 5884/5884 5885/5885 5881/5881
f 5884/5884 5881/5881 5880/5880
f 5883/5883 5882/5882 5886/5886
f 5883/5883 5886/5886 5887/5887
f 5875/5875 5874/5874 5885/5885
f 5875/5875 5885/5885 5884/5884
f 5888/5888 5889/5889 5890/5890
f 5888/5888 5890/5890 5891/5891
f 5887/5887 5886/5886 5892/5892
f 5887/5887 5892/5892 5893/5893
f 5893/5893 5892/5892 5894/5894
f 5893/5893 5894/5894 5895/5895
f 5894/5894 5889/5889 5888/5888
f 5894/5894 5888/5888 5895/5895
f 5896/5896 5879/5879 5878/5878
f 5896/5896 5878/5878 5897/5897
f 5897/5897 5898/5898 5899/5899
f 5897/5897 5899/5899 5896/5896
f 5900/5900 5901/5901 5902/5902
f 5900/5900 5902/5902 5903/5903
f 5904/5904 5905/5905 5901/5901
f 5904/5904 5901/5901 5900/5900
f 1613/1613 1612/1612 5905/5905
f 1613/1613 5905/5905 5904/5904
f 5906/5906 5907/5907 5908/5908
f 5906/5906 5908/5908 5909/5909
f 5910/5910 5911/5911 5907/5907
f 5910/5910 5907/5907 5906/5906
f 5909/5909 5908/5908 5912/5912
f 5909/5909 5912/5912 5913/5913
f 5913/5913 5912/5912 5914/5914
f 5913/5913 5914/5914 5915/5915
f 5902/5902 5911/5911 5910/5910
f 5902/5902 5910/5910 5903/5903
f 5916/5916 1615/1615 1614/1614
f 5916/5916 1614/1614 5917/5917
f 5918/5918 5919/5919 1618/1618
f 5918/5918 1618/1618 1617/1617
f 5916/5916 5917/5917 1617/1617
f 5916/5916 1617/1617 1619/1619
f 5920/5920 5921/5921 5922/5922
f 5920/5920 5922/5922 5923/5923
f 5924/5924 5925/5925 5926/5926
f 5924/5924 5926/5926 5927/5927
f 5928/5928 5929/5929 5930/5930
f 5928/5928 5930/5930 5931/5931
f 5932/5932 5933/5933 5934/5934
f 5932/5932 5934/5934 5935/5935
f 5936/5936 5937/5937 5938/5938
f 5936/5936 5938/5938 5939/5939
f 5940/5940 5941/5941 5942/5942
f 5940/5940 5942/5942 5943/5943
f 5935/5935 5934/5934 5944/5944
f 5935/5935 5944/5944 5945/5945
f 5946/5946 5947/5947 5937/5937
f 5946/5946 5937/5937 5936/5936
f 5931/5931 5930/5930 5948/5948
f 5931/5931 5948/5948 5949/5949
f 5950/5950 5951/5951 5952/5952
f 5950/5950 5952/5952 5953/5953
f 5954/5954 5955/5955 5956/5956
f 5954/5954 5956/5956 5957/5957
f 5949/5949 5948/5948 5941/5941
f 5949/5949 5941/5941 5940/5940
f 5953/5953 5952/5952 5958/5958
f 5953/5953 5958/5958 5959/5959
f 5960/5960 5961/5961 5955/5955
f 5960/5960 5955/5955 5954/5954
f 5962/5962 5963/5963 5964/5964
f 5962/5962 5964/5964 5965/5965
f 5966/5966 5967/5967 5968/5968
f 5966/5966 5968/5968 5969/5969
f 5970/5970 5971/5971 5933/5933
f 5970/5970 5933/5933 5932/5932
f 5965/5965 5964/5964 5972/5972
f 5965/5965 5972/5972 5973/5973
f 5969/5969 5968/5968 5974/5974
f 5969/5969 5974/5974 5975/5975
f 5976/5976 5977/5977 5978/5978
f 5976/5976 5978/5978 5979/5979
f 5980/5980 5981/5981 5961/5961
f 5980/5980 5961/5961 5960/5960
f 5959/5959 5958/5958 5982/5982
f 5959/5959 5982/5982 5983/5983
f 5945/5945 5944/5944 5981/5981
f 5945/5945 5981/5981 5980/5980
f 5983/5983 5982/5982 5984/5984
f 5983/5983 5984/5984 5985/5985
f 5986/5986 5987/5987 5988/5988
f 5986/5986 5988/5988 5989/5989
f 5990/5990 5991/5991 5992/5992
f 5990/5990 5992/5992 5993/5993
f 5989/5989 5988/5988 5994/5994
f 5989/5989 5994/5994 5995/5995
f 5993/5993 5992/5992 5967/5967
f 5993/5993 5967/5967 5966/5966
f 5996/5996 5997/5997 5998/5998
f 5996/5996 5998/5998 5999/5999
f 5999/5999 5998/5998 6000/6000
f 5999/5999 6000/6000 6001/6001
f 6001/6001 6000/6000 6002/6002
f 6001/6001 6002/6002 6003/6003
f 6003/6003 6002/6002 5963/5963
f 6003/6003 5963/5963 5962/5962
f 6004/6004 6005/6005 6006/6006
f 6004/6004 6006/6006 6007/6007
f 5975/5975 5974/5974 6008/6008
f 5975/5975 6008/6008 6009/6009
f 6007/6007 6006/6006 5997/5997
f 6007/6007 5997/5997 5996/5996
f 6010/6010 6011/6011 6012/6012
f 6010/6010 6012/6012 6013/6013
f 5985/5985 5984/5984 6014/6014
f 5985/5985 6014/6014 6015/6015
f 5979/5979 5978/5978 6016/6016
f 5979/5979 6016/6016 6017/6017
f 6015/6015 6014/6014 6018/6018
f 6015/6015 6018/6018 6019/6019
f 6017/6017 6016/6016 5987/5987
f 6017/6017 5987/5987 5986/5986
f 6019/6019 6018/6018 6020/6020
f 6019/6019 6020/6020 6021/6021
f 6021/6021 6020/6020 6022/6022
f 6021/6021 6022/6022 6023/6023
f 6024/6024 6025/6025 5947/5947
f 6024/6024 5947/5947 5946/5946
f 6026/6026 6027/6027 6028/6028
f 6026/6026 6028/6028 6029/6029
f 6030/6030 6031/6031 6025/6025
f 6030/6030 6025/6025 6024/6024
f 6029/6029 6028/6028 6005/6005
f 6029/6029 6005/6005 6004/6004
f 5995/5995 5994/5994 6032/6032
f 5995/5995 6032/6032 6033/6033
f 6034/6034 6035/6035 5925/5925
f 6034/6034 5925/5925 5924/5924
f 6023/6023 6022/6022 6036/6036
f 6023/6023 6036/6036 6037/6037
f 6033/6033 6032/6032 5951/5951
f 6033/6033 5951/5951 5950/5950
f 5939/5939 5938/5938 6035/6035
f 5939/5939 6035/6035 6034/6034
f 6037/6037 6036/6036 6027/6027
f 6037/6037 6027/6027 6026/6026
f 5957/5957 5956/5956 6038/6038
f 5957/5957 6038/6038 6039/6039
f 5927/5927 5926/5926 5991/5991
f 5927/5927 5991/5991 5990/5990
f 5973/5973 5972/5972 5929/5929
f 5973/5973 5929/5929 5928/5928
f 6039/6039 6038/6038 6031/6031
f 6039/6039 6031/6031 6030/6030
f 6040/6040 6041/6041 6042/6042
f 6040/6040 6042/6042 6043/6043
f 6044/6044 6045/6045 6046/6046
f 6044/6044 6046/6046 6047/6047
f 6048/6048 6046/6046 6045/6045
f 6048/6048 6045/6045 6049/6049
f 6050/6050 6051/6051 6052/6052
f 6050/6050 6052/6052 6041/6041
f 6053/6053 6054/6054 6055/6055
f 6053/6053 6055/6055 6056/6056
f 6055/6055 6054/6054 6057/6057
f 6055/6055 6057/6057 6058/6058
f 6059/6059 6060/6060 6061/6061
f 6059/6059 6061/6061 6062/6062
f 6063/6063 6064/6064 6065/6065
f 6063/6063 6065/6065 6066/6066
f 6067/6067 6065/6065 6064/6064
f 6067/6067 6064/6064 6068/6068
f 6069/6069 6070/6070 6071/6071
f 6069/6069 6071/6071 6072/6072
f 6073/6073 6074/6074 6075/6075
f 6073/6073 6075/6075 6076/6076
f 6075/6075 6074/6074 6077/6077
f 6075/6075 6077/6077 6078/6078
f 6079/6079 6080/6080 6081/6081
f 6079/6079 6081/6081 6082/6082
f 6083/6083 6084/6084 6085/6085
f 6083/6083 6085/6085 6086/6086
f 6085/6085 6084/6084 6087/6087
f 6085/6085 6087/6087 6088/6088
f 6089/6089 6090/6090 6091/6091
f 6089/6089 6091/6091 6080/6080
f 6092/6092 6093/6093 6094/6094
f 6092/6092 6094/6094 6095/6095
f 6096/6096 5985/5985 6015/6015
f 6096/6096 6015/6015 6097/6097
f 6097/6097 6015/6015 6019/6019
f 6097/6097 6019/6019 6098/6098
f 6098/6098 6019/6019 6021/6021
f 6098/6098 6021/6021 6099/6099
f 6099/6099 6021/6021 6023/6023
f 6099/6099 6023/6023 6100/6100
f 6101/6101 6026/6026 6029/6029
f 6101/6101 6029/6029 6102/6102
f 6102/6102 6029/6029 6004/6004
f 6102/6102 6004/6004 6090/6090
f 6100/6100 6023/6023 6037/6037
f 6100/6100 6037/6037 6103/6103
f 6103/6103 6037/6037 6026/6026
f 6103/6103 6026/6026 6101/6101
f 6104/6104 5973/5973 5928/5928
f 6104/6104 5928/5928 6105/6105
f 6105/6105 5928/5928 5931/5931
f 6105/6105 5931/5931 6106/6106
f 6107/6107 5940/5940 5943/5943
f 6107/6107 5943/5943 6108/6108
f 6106/6106 5931/5931 5949/5949
f 6106/6106 5949/5949 6109/6109
f 6109/6109 5949/5949 5940/5940
f 6109/6109 5940/5940 6107/6107
f 6110/6110 5962/5962 5965/5965
f 6110/6110 5965/5965 6111/6111
f 6111/6111 5965/5965 5973/5973
f 6111/6111 5973/5973 6104/6104
f 6112/6112 5959/5959 5983/5983
f 6112/6112 5983/5983 6113/6113
f 6113/6113 5983/5983 5985/5985
f 6113/6113 5985/5985 6096/6096
f 6071/6071 5986/5986 5989/5989
f 6071/6071 5989/5989 6114/6114
f 6114/6114 5989/5989 5995/5995
f 6114/6114 5995/5995 6115/6115
f 6116/6116 5996/5996 5999/5999
f 6116/6116 5999/5999 6117/6117
f 6117/6117 5999/5999 6001/6001
f 6117/6117 6001/6001 6118/6118
f 6118/6118 6001/6001 6003/6003
f 6118/6118 6003/6003 6119/6119
f 6119/6119 6003/6003 5962/5962
f 6119/6119 5962/5962 6110/6110
f 6090/6090 6004/6004 6007/6007
f 6090/6090 6007/6007 6091/6091
f 6091/6091 6007/6007 5996/5996
f 6091/6091 5996/5996 6116/6116
f 6093/6093 5979/5979 6017/6017
f 6093/6093 6017/6017 6070/6070
f 6070/6070 6017/6017 5986/5986
f 6070/6070 5986/5986 6071/6071
f 6115/6115 5995/5995 6033/6033
f 6115/6115 6033/6033 6120/6120
f 6120/6120 6033/6033 5950/5950
f 6120/6120 5950/5950 6051/6051
f 6051/6051 5950/5950 5953/5953
f 6051/6051 5953/5953 6052/6052
f 6052/6052 5953/5953 5959/5959
f 6052/6052 5959/5959 6112/6112
f 6009/6009 6008/6008 6011/6011
f 6009/6009 6011/6011 6010/6010
f 6095/6095 6094/6094 6121/6121
f 6095/6095 6121/6121 6122/6122
f 6123/6123 6124/6124 6125/6125
f 6123/6123 6125/6125 6126/6126
f 6127/6127 6128/6128 6129/6129
f 6127/6127 6129/6129 6130/6130
f 6131/6131 6132/6132 6133/6133
f 6131/6131 6133/6133 6134/6134
f 6056/6056 6055/6055 6135/6135
f 6056/6056 6135/6135 6136/6136
f 6135/6135 6137/6137 6128/6128
f 6135/6135 6128/6128 6127/6127
f 6138/6138 6139/6139 6140/6140
f 6138/6138 6140/6140 6141/6141
f 6142/6142 6143/6143 6144/6144
f 6142/6142 6144/6144 6145/6145
f 6142/6142 6145/6145 6146/6146
f 6142/6142 6146/6146 6147/6147
f 6147/6147 6146/6146 6148/6148
f 6147/6147 6148/6148 6149/6149
f 6150/6150 6142/6142 6147/6147
f 6150/6150 6147/6147 6151/6151
f 6152/6152 6153/6153 5921/5921
f 6152/6152 5921/5921 5920/5920
f 6143/6143 6141/6141 6140/6140
f 6143/6143 6140/6140 6144/6144
f 6154/6154 6155/6155 6156/6156
f 6154/6154 6156/6156 6157/6157
f 6158/6158 6159/6159 6155/6155
f 6158/6158 6155/6155 6154/6154
f 6139/6139 6160/6160 6161/6161
f 6139/6139 6161/6161 6162/6162
f 6163/6163 6164/6164 6165/6165
f 6163/6163 6165/6165 6166/6166
f 6167/6167 6168/6168 6169/6169
f 6167/6167 6169/6169 6156/6156
f 6170/6170 6171/6171 6172/6172
f 6170/6170 6172/6172 6173/6173
f 6173/6173 6172/6172 6164/6164
f 6173/6173 6164/6164 6163/6163
f 6174/6174 6175/6175 6176/6176
f 6174/6174 6176/6176 6177/6177
f 6177/6177 6176/6176 6168/6168
f 6177/6177 6168/6168 6167/6167
f 6178/6178 6179/6179 6180/6180
f 6178/6178 6180/6180 6181/6181
f 6182/6182 6183/6183 6171/6171
f 6182/6182 6171/6171 6170/6170
f 6184/6184 6162/6162 6161/6161
f 6184/6184 6161/6161 6185/6185
f 6181/6181 6180/6180 6186/6186
f 6181/6181 6186/6186 6187/6187
f 6178/6178 6184/6184 6185/6185
f 6178/6178 6185/6185 6179/6179
f 6188/6188 6189/6189 6190/6190
f 6188/6188 6190/6190 6191/6191
f 6191/6191 6190/6190 6192/6192
f 6191/6191 6192/6192 6193/6193
f 6193/6193 6192/6192 6194/6194
f 6193/6193 6194/6194 6195/6195
f 6166/6166 6165/6165 6196/6196
f 6166/6166 6196/6196 6197/6197
f 6195/6195 6194/6194 6198/6198
f 6195/6195 6198/6198 6199/6199
f 6200/6200 6201/6201 6159/6159
f 6200/6200 6159/6159 6158/6158
f 6151/6151 6147/6147 6149/6149
f 6151/6151 6149/6149 6202/6202
f 6203/6203 6204/6204 6205/6205
f 6203/6203 6205/6205 6206/6206
f 6207/6207 6208/6208 6209/6209
f 6207/6207 6209/6209 6210/6210
f 6153/6153 6211/6211 6212/6212
f 6153/6153 6212/6212 5921/5921
f 6206/6206 6205/6205 6213/6213
f 6206/6206 6213/6213 6214/6214
f 6215/6215 6150/6150 6151/6151
f 6215/6215 6151/6151 6216/6216
f 6217/6217 6218/6218 6219/6219
f 6217/6217 6219/6219 6220/6220
f 6221/6221 6222/6222 6211/6211
f 6221/6221 6211/6211 6153/6153
f 6223/6223 6221/6221 6153/6153
f 6223/6223 6153/6153 6152/6152
f 6214/6214 6213/6213 6218/6218
f 6214/6214 6218/6218 6217/6217
f 6215/6215 6224/6224 6225/6225
f 6215/6215 6225/6225 6150/6150
f 6220/6220 6219/6219 6197/6197
f 6220/6220 6197/6197 6226/6226
f 6136/6136 6135/6135 6127/6127
f 6136/6136 6127/6127 6227/6227
f 6055/6055 6058/6058 6137/6137
f 6055/6055 6137/6137 6135/6135
f 6228/6228 6229/6229 6230/6230
f 6228/6228 6230/6230 6231/6231
f 6150/6150 6225/6225 6143/6143
f 6150/6150 6143/6143 6142/6142
f 6232/6232 6233/6233 6229/6229
f 6232/6232 6229/6229 6228/6228
f 6130/6130 6129/6129 6222/6222
f 6130/6130 6222/6222 6221/6221
f 6234/6234 6130/6130 6221/6221
f 6234/6234 6221/6221 6223/6223
f 6235/6235 6188/6188 6236/6236
f 6235/6235 6236/6236 6237/6237
f 6132/6132 6138/6138 6141/6141
f 6132/6132 6141/6141 6133/6133
f 6237/6237 6236/6236 6233/6233
f 6237/6237 6233/6233 6232/6232
f 6227/6227 6127/6127 6130/6130
f 6227/6227 6130/6130 6234/6234
f 6124/6124 6238/6238 6239/6239
f 6124/6124 6239/6239 6125/6125
f 6211/6211 6009/6009 6010/6010
f 6211/6211 6010/6010 6212/6212
f 5976/5976 5979/5979 6093/6093
f 5976/5976 6093/6093 6092/6092
f 6222/6222 5975/5975 6009/6009
f 6222/6222 6009/6009 6211/6211
f 6075/6075 6078/6078 6238/6238
f 6075/6075 6238/6238 6124/6124
f 6076/6076 6075/6075 6124/6124
f 6076/6076 6124/6124 6123/6123
f 6137/6137 5993/5993 5966/5966
f 6137/6137 5966/5966 6128/6128
f 6049/6049 6045/6045 6085/6085
f 6049/6049 6085/6085 6088/6088
f 6058/6058 5990/5990 5993/5993
f 6058/6058 5993/5993 6137/6137
f 6086/6086 6085/6085 6045/6045
f 6086/6086 6045/6045 6044/6044
f 6240/6240 6089/6089 6080/6080
f 6240/6240 6080/6080 6079/6079
f 6129/6129 5969/5969 5975/5975
f 6129/6129 5975/5975 6222/6222
f 6241/6241 6242/6242 6125/6125
f 6241/6241 6125/6125 6239/6239
f 6128/6128 5966/5966 5969/5969
f 6128/6128 5969/5969 6129/6129
f 6080/6080 6091/6091 6116/6116
f 6080/6080 6116/6116 6081/6081
f 6126/6126 6125/6125 6242/6242
f 6126/6126 6242/6242 6243/6243
f 6238/6238 5935/5935 5945/5945
f 6238/6238 5945/5945 6239/6239
f 6244/6244 6245/6245 6242/6242
f 6244/6244 6242/6242 6241/6241
f 6078/6078 5932/5932 5935/5935
f 6078/6078 5935/5935 6238/6238
f 6243/6243 6242/6242 6245/6245
f 6243/6243 6245/6245 6246/6246
f 6094/6094 6093/6093 6070/6070
f 6094/6094 6070/6070 6069/6069
f 6088/6088 6039/6039 6030/6030
f 6088/6088 6030/6030 6049/6049
f 6247/6247 6248/6248 6245/6245
f 6247/6247 6245/6245 6244/6244
f 6087/6087 5957/5957 6039/6039
f 6087/6087 6039/6039 6088/6088
f 6121/6121 6094/6094 6069/6069
f 6121/6121 6069/6069 6249/6249
f 6246/6246 6245/6245 6248/6248
f 6246/6246 6248/6248 6250/6250
f 6239/6239 5945/5945 5980/5980
f 6239/6239 5980/5980 6241/6241
f 6084/6084 6248/6248 6247/6247
f 6084/6084 6247/6247 6087/6087
f 6241/6241 5980/5980 5960/5960
f 6241/6241 5960/5960 6244/6244
f 6250/6250 6248/6248 6084/6084
f 6250/6250 6084/6084 6083/6083
f 6249/6249 6069/6069 6072/6072
f 6249/6249 6072/6072 6251/6251
f 6077/6077 5970/5970 5932/5932
f 6077/6077 5932/5932 6078/6078
f 6252/6252 6253/6253 6065/6065
f 6252/6252 6065/6065 6067/6067
f 6244/6244 5960/5960 5954/5954
f 6244/6244 5954/5954 6247/6247
f 6060/6060 6115/6115 6120/6120
f 6060/6060 6120/6120 6061/6061
f 6066/6066 6065/6065 6253/6253
f 6066/6066 6253/6253 6254/6254
f 6247/6247 5954/5954 5957/5957
f 6247/6247 5957/5957 6087/6087
f 6057/6057 6054/6054 6255/6255
f 6057/6057 6255/6255 6256/6256
f 6068/6068 5946/5946 5936/5936
f 6068/6068 5936/5936 6067/6067
f 6257/6257 6255/6255 6054/6054
f 6257/6257 6054/6054 6053/6053
f 6061/6061 6120/6120 6051/6051
f 6061/6061 6051/6051 6050/6050
f 6067/6067 5936/5936 5939/5939
f 6067/6067 5939/5939 6252/6252
f 6258/6258 6259/6259 6253/6253
f 6258/6258 6253/6253 6252/6252
f 6256/6256 5924/5924 5927/5927
f 6256/6256 5927/5927 6057/6057
f 6062/6062 6061/6061 6050/6050
f 6062/6062 6050/6050 6260/6260
f 6254/6254 6253/6253 6259/6259
f 6254/6254 6259/6259 6261/6261
f 6057/6057 5927/5927 5990/5990
f 6057/6057 5990/5990 6058/6058
f 6255/6255 6259/6259 6258/6258
f 6255/6255 6258/6258 6256/6256
f 6252/6252 5939/5939 6034/6034
f 6252/6252 6034/6034 6258/6258
f 6261/6261 6259/6259 6255/6255
f 6261/6261 6255/6255 6257/6257
f 6260/6260 6050/6050 6041/6041
f 6260/6260 6041/6041 6040/6040
f 6258/6258 6034/6034 5924/5924
f 6258/6258 5924/5924 6256/6256
f 6064/6064 6046/6046 6048/6048
f 6064/6064 6048/6048 6068/6068
f 6049/6049 6030/6030 6024/6024
f 6049/6049 6024/6024 6048/6048
f 6041/6041 6052/6052 6112/6112
f 6041/6041 6112/6112 6042/6042
f 6047/6047 6046/6046 6064/6064
f 6047/6047 6064/6064 6063/6063
f 6048/6048 6024/6024 5946/5946
f 6048/6048 5946/5946 6068/6068
f 5922/5922 5921/5921 6212/6212
f 5922/5922 6212/6212 6262/6262
f 6212/6212 6010/6010 6013/6013
f 6212/6212 6013/6013 6262/6262
f 6208/6208 6237/6237 6232/6232
f 6208/6208 6232/6232 6209/6209
f 6263/6263 6264/6264 6208/6208
f 6263/6263 6208/6208 6207/6207
f 6216/6216 6151/6151 6202/6202
f 6216/6216 6202/6202 6265/6265
f 6264/6264 6235/6235 6237/6237
f 6264/6264 6237/6237 6208/6208
f 6210/6210 6209/6209 6266/6266
f 6210/6210 6266/6266 6267/6267
f 6225/6225 6133/6133 6141/6141
f 6225/6225 6141/6141 6143/6143
f 6209/6209 6232/6232 6228/6228
f 6209/6209 6228/6228 6266/6266
f 6267/6267 6266/6266 6268/6268
f 6267/6267 6268/6268 6269/6269
f 6224/6224 6134/6134 6133/6133
f 6224/6224 6133/6133 6225/6225
f 6266/6266 6228/6228 6231/6231
f 6266/6266 6231/6231 6268/6268
f 6270/6270 6271/6271 6272/6272
f 6270/6270 6272/6272 6273/6273
f 6274/6274 6154/6154 6157/6157
f 6274/6274 6157/6157 6275/6275
f 6271/6271 6220/6220 6226/6226
f 6271/6271 6226/6226 6272/6272
f 6276/6276 6277/6277 6278/6278
f 6276/6276 6278/6278 6279/6279
f 6280/6280 6274/6274 6275/6275
f 6280/6280 6275/6275 6281/6281
f 6277/6277 6214/6214 6217/6217
f 6277/6277 6217/6217 6278/6278
f 6279/6279 6278/6278 6271/6271
f 6279/6279 6271/6271 6270/6270
f 6282/6282 6158/6158 6154/6154
f 6282/6282 6154/6154 6274/6274
f 6278/6278 6217/6217 6220/6220
f 6278/6278 6220/6220 6271/6271
f 6283/6283 6284/6284 6277/6277
f 6283/6283 6277/6277 6276/6276
f 6285/6285 6282/6282 6274/6274
f 6285/6285 6274/6274 6280/6280
f 6284/6284 6206/6206 6214/6214
f 6284/6284 6214/6214 6277/6277
f 6286/6286 6287/6287 6284/6284
f 6286/6286 6284/6284 6283/6283
f 6288/6288 6200/6200 6158/6158
f 6288/6288 6158/6158 6282/6282
f 6287/6287 6203/6203 6206/6206
f 6287/6287 6206/6206 6284/6284
f 6289/6289 6288/6288 6282/6282
f 6289/6289 6282/6282 6285/6285
f 6290/6290 6291/6291 6292/6292
f 6290/6290 6292/6292 6293/6293
f 6291/6291 6119/6119 6110/6110
f 6291/6291 6110/6110 6292/6292
f 6294/6294 6295/6295 6291/6291
f 6294/6294 6291/6291 6290/6290
f 6295/6295 6118/6118 6119/6119
f 6295/6295 6119/6119 6291/6291
f 6296/6296 6297/6297 6295/6295
f 6296/6296 6295/6295 6294/6294
f 6297/6297 6117/6117 6118/6118
f 6297/6297 6118/6118 6295/6295
f 6082/6082 6081/6081 6297/6297
f 6082/6082 6297/6297 6296/6296
f 6081/6081 6116/6116 6117/6117
f 6081/6081 6117/6117 6297/6297
f 6298/6298 6299/6299 6060/6060
f 6298/6298 6060/6060 6059/6059
f 6299/6299 6114/6114 6115/6115
f 6299/6299 6115/6115 6060/6060
f 6251/6251 6072/6072 6299/6299
f 6251/6251 6299/6299 6298/6298
f 6072/6072 6071/6071 6114/6114
f 6072/6072 6114/6114 6299/6299
f 6300/6300 6301/6301 6302/6302
f 6300/6300 6302/6302 6303/6303
f 6301/6301 6113/6113 6096/6096
f 6301/6301 6096/6096 6302/6302
f 6043/6043 6042/6042 6301/6301
f 6043/6043 6301/6301 6300/6300
f 6042/6042 6112/6112 6113/6113
f 6042/6042 6113/6113 6301/6301
f 6304/6304 6305/6305 6306/6306
f 6304/6304 6306/6306 6307/6307
f 6305/6305 6111/6111 6104/6104
f 6305/6305 6104/6104 6306/6306
f 6293/6293 6292/6292 6305/6305
f 6293/6293 6305/6305 6304/6304
f 6292/6292 6110/6110 6111/6111
f 6292/6292 6111/6111 6305/6305
f 6308/6308 6309/6309 6310/6310
f 6308/6308 6310/6310 6311/6311
f 6309/6309 6109/6109 6107/6107
f 6309/6309 6107/6107 6310/6310
f 6312/6312 6313/6313 6309/6309
f 6312/6312 6309/6309 6308/6308
f 6313/6313 6106/6106 6109/6109
f 6313/6313 6109/6109 6309/6309
f 6311/6311 6310/6310 6314/6314
f 6311/6311 6314/6314 6315/6315
f 6310/6310 6107/6107 6108/6108
f 6310/6310 6108/6108 6314/6314
f 6316/6316 6317/6317 6313/6313
f 6316/6316 6313/6313 6312/6312
f 6317/6317 6105/6105 6106/6106
f 6317/6317 6106/6106 6313/6313
f 6307/6307 6306/6306 6317/6317
f 6307/6307 6317/6317 6316/6316
f 6306/6306 6104/6104 6105/6105
f 6306/6306 6105/6105 6317/6317
f 6318/6318 6319/6319 6320/6320
f 6318/6318 6320/6320 6321/6321
f 6319/6319 6103/6103 6101/6101
f 6319/6319 6101/6101 6320/6320
f 6322/6322 6323/6323 6319/6319
f 6322/6322 6319/6319 6318/6318
f 6323/6323 6100/6100 6103/6103
f 6323/6323 6103/6103 6319/6319
f 6324/6324 6325/6325 6089/6089
f 6324/6324 6089/6089 6240/6240
f 6325/6325 6102/6102 6090/6090
f 6325/6325 6090/6090 6089/6089
f 6321/6321 6320/6320 6325/6325
f 6321/6321 6325/6325 6324/6324
f 6320/6320 6101/6101 6102/6102
f 6320/6320 6102/6102 6325/6325
f 6326/6326 6327/6327 6323/6323
f 6326/6326 6323/6323 6322/6322
f 6327/6327 6099/6099 6100/6100
f 6327/6327 6100/6100 6323/6323
f 6328/6328 6329/6329 6327/6327
f 6328/6328 6327/6327 6326/6326
f 6329/6329 6098/6098 6099/6099
f 6329/6329 6099/6099 6327/6327
f 6330/6330 6331/6331 6329/6329
f 6330/6330 6329/6329 6328/6328
f 6331/6331 6097/6097 6098/6098
f 6331/6331 6098/6098 6329/6329
f 6303/6303 6302/6302 6331/6331
f 6303/6303 6331/6331 6330/6330
f 6302/6302 6096/6096 6097/6097
f 6302/6302 6097/6097 6331/6331
f 6332/6332 6333/6333 6334/6334
f 6332/6332 6334/6334 6335/6335
f 6336/6336 6337/6337 6338/6338
f 6336/6336 6338/6338 6339/6339
f 6340/6340 6341/6341 6342/6342
f 6340/6340 6342/6342 6343/6343
f 6344/6344 6345/6345 6346/6346
f 6344/6344 6346/6346 6347/6347
f 6348/6348 6349/6349 6350/6350
f 6348/6348 6350/6350 6351/6351
f 6352/6352 6353/6353 6354/6354
f 6352/6352 6354/6354 6355/6355
f 6356/6356 6357/6357 6358/6358
f 6356/6356 6358/6358 6359/6359
f 6353/6353 6360/6360 6361/6361
f 6353/6353 6361/6361 6354/6354
f 6362/6362 6363/6363 6364/6364
f 6362/6362 6364/6364 6365/6365
f 6366/6366 6367/6367 6368/6368
f 6366/6366 6368/6368 6369/6369
f 6370/6370 6351/6351 6350/6350
f 6370/6370 6350/6350 6371/6371
f 6372/6372 6373/6373 6374/6374
f 6372/6372 6374/6374 6375/6375
f 6376/6376 6368/6368 6367/6367
f 6376/6376 6367/6367 6377/6377
f 6378/6378 6379/6379 6380/6380
f 6378/6378 6380/6380 6381/6381
f 6382/6382 6383/6383 6384/6384
f 6382/6382 6384/6384 6385/6385
f 6386/6386 6347/6347 6346/6346
f 6386/6386 6346/6346 6387/6387
f 6388/6388 6372/6372 6375/6375
f 6388/6388 6375/6375 6389/6389
f 6339/6339 6338/6338 6345/6345
f 6339/6339 6345/6345 6344/6344
f 6390/6390 6391/6391 6337/6337
f 6390/6390 6337/6337 6336/6336
f 6392/6392 6391/6391 6390/6390
f 6392/6392 6390/6390 6393/6393
f 6373/6373 6392/6392 6393/6393
f 6373/6373 6393/6393 6374/6374
f 6394/6394 6395/6395 6396/6396
f 6394/6394 6396/6396 6397/6397
f 6398/6398 6399/6399 6400/6400
f 6398/6398 6400/6400 6401/6401
f 6402/6402 6403/6403 6400/6400
f 6402/6402 6400/6400 6399/6399
f 6402/6402 6333/6333 6332/6332
f 6402/6402 6332/6332 6403/6403
f 6334/6334 6341/6341 6340/6340
f 6334/6334 6340/6340 6335/6335
f 6404/6404 6405/6405 6349/6349
f 6404/6404 6349/6349 6348/6348
f 6406/6406 6405/6405 6404/6404
f 6406/6406 6404/6404 6407/6407
f 6408/6408 6409/6409 6410/6410
f 6408/6408 6410/6410 6411/6411
f 6410/6410 6409/6409 6406/6406
f 6410/6410 6406/6406 6407/6407
f 6342/6342 6408/6408 6411/6411
f 6342/6342 6411/6411 6343/6343
f 6412/6412 6413/6413 6414/6414
f 6412/6412 6414/6414 6415/6415
f 6416/6416 6417/6417 6418/6418
f 6416/6416 6418/6418 6419/6419
f 6364/6364 6420/6420 6421/6421
f 6364/6364 6421/6421 6365/6365
f 6359/6359 6358/6358 6421/6421
f 6359/6359 6421/6421 6420/6420
f 6366/6366 6369/6369 6422/6422
f 6366/6366 6422/6422 6423/6423
f 6424/6424 6425/6425 6357/6357
f 6424/6424 6357/6357 6356/6356
f 6376/6376 6377/6377 6384/6384
f 6376/6376 6384/6384 6383/6383
f 6352/6352 6355/6355 6425/6425
f 6352/6352 6425/6425 6424/6424
f 6396/6396 6417/6417 6416/6416
f 6396/6396 6416/6416 6397/6397
f 6362/6362 6395/6395 6394/6394
f 6362/6362 6394/6394 6363/6363
f 6422/6422 6361/6361 6360/6360
f 6422/6422 6360/6360 6423/6423
f 6426/6426 6415/6415 6414/6414
f 6426/6426 6414/6414 6427/6427
f 6379/6379 6428/6428 6429/6429
f 6379/6379 6429/6429 6380/6380
f 6430/6430 6431/6431 6413/6413
f 6430/6430 6413/6413 6412/6412
f 6430/6430 6429/6429 6428/6428
f 6430/6430 6428/6428 6431/6431
f 6397/6397 6432/6432 6433/6433
f 6397/6397 6433/6433 6394/6394
f 6410/6410 6434/6434 6435/6435
f 6410/6410 6435/6435 6411/6411
f 6404/6404 6436/6436 6437/6437
f 6404/6404 6437/6437 6407/6407
f 6390/6390 6438/6438 6439/6439
f 6390/6390 6439/6439 6393/6393
f 6336/6336 6440/6440 6438/6438
f 6336/6336 6438/6438 6390/6390
f 6340/6340 6441/6441 6442/6442
f 6340/6340 6442/6442 6335/6335
f 6428/6428 6443/6443 6444/6444
f 6428/6428 6444/6444 6431/6431
f 6332/6332 6445/6445 6446/6446
f 6332/6332 6446/6446 6403/6403
f 6411/6411 6435/6435 6447/6447
f 6411/6411 6447/6447 6343/6343
f 6407/6407 6437/6437 6434/6434
f 6407/6407 6434/6434 6410/6410
f 6348/6348 6448/6448 6436/6436
f 6348/6348 6436/6436 6404/6404
f 6393/6393 6439/6439 6449/6449
f 6393/6393 6449/6449 6374/6374
f 6339/6339 6450/6450 6440/6440
f 6339/6339 6440/6440 6336/6336
f 6344/6344 6451/6451 6450/6450
f 6344/6344 6450/6450 6339/6339
f 6343/6343 6447/6447 6441/6441
f 6343/6343 6441/6441 6340/6340
f 6335/6335 6442/6442 6445/6445
f 6335/6335 6445/6445 6332/6332
f 6431/6431 6444/6444 6452/6452
f 6431/6431 6452/6452 6413/6413
f 6394/6394 6433/6433 6453/6453
f 6394/6394 6453/6453 6363/6363
f 6342/6342 6454/6454 6455/6455
f 6342/6342 6455/6455 6408/6408
f 6337/6337 6456/6456 6457/6457
f 6337/6337 6457/6457 6338/6338
f 6338/6338 6457/6457 6458/6458
f 6338/6338 6458/6458 6345/6345
f 6333/6333 6459/6459 6460/6460
f 6333/6333 6460/6460 6334/6334
f 6412/6412 6461/6461 6462/6462
f 6412/6412 6462/6462 6430/6430
f 6405/6405 6463/6463 6464/6464
f 6405/6405 6464/6464 6349/6349
f 6408/6408 6455/6455 6465/6465
f 6408/6408 6465/6465 6409/6409
f 6392/6392 6466/6466 6467/6467
f 6392/6392 6467/6467 6391/6391
f 6334/6334 6460/6460 6468/6468
f 6334/6334 6468/6468 6341/6341
f 6409/6409 6465/6465 6469/6469
f 6409/6409 6469/6469 6406/6406
f 6341/6341 6468/6468 6454/6454
f 6341/6341 6454/6454 6342/6342
f 6373/6373 6470/6470 6466/6466
f 6373/6373 6466/6466 6392/6392
f 6402/6402 6471/6471 6459/6459
f 6402/6402 6459/6459 6333/6333
f 6430/6430 6462/6462 6472/6472
f 6430/6430 6472/6472 6429/6429
f 6406/6406 6469/6469 6463/6463
f 6406/6406 6463/6463 6405/6405
f 6391/6391 6467/6467 6456/6456
f 6391/6391 6456/6456 6337/6337
f 6422/6422 6473/6473 6474/6474
f 6422/6422 6474/6474 6361/6361
f 6369/6369 6475/6475 6473/6473
f 6369/6369 6473/6473 6422/6422
f 6361/6361 6474/6474 6476/6476
f 6361/6361 6476/6476 6354/6354
f 6368/6368 6477/6477 6475/6475
f 6368/6368 6475/6475 6369/6369
f 6376/6376 6478/6478 6477/6477
f 6376/6376 6477/6477 6368/6368
f 6424/6424 6479/6479 6480/6480
f 6424/6424 6480/6480 6352/6352
f 6356/6356 6481/6481 6479/6479
f 6356/6356 6479/6479 6424/6424
f 6360/6360 6482/6482 6483/6483
f 6360/6360 6483/6483 6423/6423
f 6367/6367 6484/6484 6485/6485
f 6367/6367 6485/6485 6377/6377
f 6364/6364 6486/6486 6487/6487
f 6364/6364 6487/6487 6420/6420
f 6366/6366 6488/6488 6484/6484
f 6366/6366 6484/6484 6367/6367
f 6353/6353 6489/6489 6482/6482
f 6353/6353 6482/6482 6360/6360
f 6359/6359 6490/6490 6481/6481
f 6359/6359 6481/6481 6356/6356
f 6423/6423 6483/6483 6488/6488
f 6423/6423 6488/6488 6366/6366
f 6420/6420 6487/6487 6490/6490
f 6420/6420 6490/6490 6359/6359
f 6363/6363 6453/6453 6486/6486
f 6363/6363 6486/6486 6364/6364
f 6352/6352 6480/6480 6489/6489
f 6352/6352 6489/6489 6353/6353
f 6354/6354 6476/6476 6491/6491
f 6354/6354 6491/6491 6355/6355
f 6358/6358 6492/6492 6493/6493
f 6358/6358 6493/6493 6421/6421
f 6421/6421 6493/6493 6494/6494
f 6421/6421 6494/6494 6365/6365
f 6355/6355 6491/6491 6495/6495
f 6355/6355 6495/6495 6425/6425
f 6357/6357 6496/6496 6492/6492
f 6357/6357 6492/6492 6358/6358
f 6362/6362 6497/6497 6498/6498
f 6362/6362 6498/6498 6395/6395
f 6425/6425 6495/6495 6496/6496
f 6425/6425 6496/6496 6357/6357
f 6365/6365 6494/6494 6497/6497
f 6365/6365 6497/6497 6362/6362
f 6395/6395 6498/6498 6499/6499
f 6395/6395 6499/6499 6396/6396
f 6384/6384 6500/6500 6501/6501
f 6384/6384 6501/6501 6385/6385
f 6419/6419 6502/6502 6503/6503
f 6419/6419 6503/6503 6416/6416
f 6417/6417 6504/6504 6505/6505
f 6417/6417 6505/6505 6418/6418
f 6382/6382 6506/6506 6507/6507
f 6382/6382 6507/6507 6383/6383
f 6380/6380 6508/6508 6509/6509
f 6380/6380 6509/6509 6381/6381
f 6378/6378 6510/6510 6511/6511
f 6378/6378 6511/6511 6379/6379
f 6350/6350 6512/6512 6513/6513
f 6350/6350 6513/6513 6371/6371
f 6370/6370 6514/6514 6515/6515
f 6370/6370 6515/6515 6351/6351
f 6375/6375 6516/6516 6517/6517
f 6375/6375 6517/6517 6389/6389
f 6388/6388 6518/6518 6519/6519
f 6388/6388 6519/6519 6372/6372
f 6400/6400 6520/6520 6521/6521
f 6400/6400 6521/6521 6401/6401
f 6398/6398 6522/6522 6523/6523
f 6398/6398 6523/6523 6399/6399
f 6346/6346 6524/6524 6525/6525
f 6346/6346 6525/6525 6387/6387
f 6386/6386 6526/6526 6527/6527
f 6386/6386 6527/6527 6347/6347
f 6414/6414 6528/6528 6529/6529
f 6414/6414 6529/6529 6427/6427
f 6426/6426 6530/6530 6531/6531
f 6426/6426 6531/6531 6415/6415
f 6377/6377 6485/6485 6500/6500
f 6377/6377 6500/6500 6384/6384
f 6383/6383 6507/6507 6478/6478
f 6383/6383 6478/6478 6376/6376
f 6416/6416 6503/6503 6432/6432
f 6416/6416 6432/6432 6397/6397
f 6396/6396 6499/6499 6504/6504
f 6396/6396 6504/6504 6417/6417
f 6399/6399 6523/6523 6471/6471
f 6399/6399 6471/6471 6402/6402
f 6403/6403 6446/6446 6520/6520
f 6403/6403 6520/6520 6400/6400
f 6347/6347 6527/6527 6451/6451
f 6347/6347 6451/6451 6344/6344
f 6345/6345 6458/6458 6524/6524
f 6345/6345 6524/6524 6346/6346
f 6429/6429 6472/6472 6508/6508
f 6429/6429 6508/6508 6380/6380
f 6379/6379 6511/6511 6443/6443
f 6379/6379 6443/6443 6428/6428
f 6374/6374 6449/6449 6516/6516
f 6374/6374 6516/6516 6375/6375
f 6372/6372 6519/6519 6470/6470
f 6372/6372 6470/6470 6373/6373
f 6351/6351 6515/6515 6448/6448
f 6351/6351 6448/6448 6348/6348
f 6349/6349 6464/6464 6512/6512
f 6349/6349 6512/6512 6350/6350
f 6415/6415 6531/6531 6461/6461
f 6415/6415 6461/6461 6412/6412
f 6413/6413 6452/6452 6528/6528
f 6413/6413 6528/6528 6414/6414
f 6389/6389 6517/6517 6518/6518
f 6389/6389 6518/6518 6388/6388
f 6387/6387 6525/6525 6526/6526
f 6387/6387 6526/6526 6386/6386
f 6371/6371 6513/6513 6514/6514
f 6371/6371 6514/6514 6370/6370
f 6401/6401 6521/6521 6522/6522
f 6401/6401 6522/6522 6398/6398
f 6418/6418 6505/6505 6502/6502
f 6418/6418 6502/6502 6419/6419
f 6385/6385 6501/6501 6506/6506
f 6385/6385 6506/6506 6382/6382
f 6381/6381 6509/6509 6510/6510
f 6381/6381 6510/6510 6378/6378
f 6427/6427 6529/6529 6530/6530
f 6427/6427 6530/6530 6426/6426
f 6532/6532 6533/6533 6534/6534
f 6532/6532 6534/6534 6535/6535
f 6536/6536 6537/6537 6538/6538
f 6536/6536 6538/6538 6539/6539
f 6540/6540 6541/6541 6533/6533
f 6540/6540 6533/6533 6532/6532
f 6542/6542 6543/6543 6537/6537
f 6542/6542 6537/6537 6536/6536
f 6544/6544 6545/6545 6543/6543
f 6544/6544 6543/6543 6542/6542
f 6546/6546 6547/6547 6545/6545
f 6546/6546 6545/6545 6544/6544
f 6548/6548 6549/6549 6550/6550
f 6548/6548 6550/6550 6551/6551
f 6535/6535 6534/6534 6552/6552
f 6535/6535 6552/6552 6553/6553
f 6539/6539 6538/6538 6554/6554
f 6539/6539 6554/6554 6555/6555
f 6553/6553 6552/6552 6556/6556
f 6553/6553 6556/6556 6557/6557
f 6558/6558 6559/6559 6560/6560
f 6558/6558 6560/6560 6561/6561
f 6557/6557 6556/6556 6562/6562
f 6557/6557 6562/6562 6563/6563
f 6564/6564 6565/6565 6566/6566
f 6564/6564 6566/6566 6567/6567
f 6568/6568 6569/6569 6570/6570
f 6568/6568 6570/6570 6571/6571
f 6572/6572 6573/6573 6574/6574
f 6572/6572 6574/6574 6575/6575
f 6576/6576 6577/6577 6578/6578
f 6576/6576 6578/6578 6579/6579
f 6580/6580 6581/6581 6582/6582
f 6580/6580 6582/6582 6583/6583
f 6584/6584 6585/6585 6586/6586
f 6584/6584 6586/6586 6587/6587
f 6588/6588 6589/6589 6590/6590
f 6588/6588 6590/6590 6591/6591
f 6592/6592 6593/6593 6594/6594
f 6592/6592 6594/6594 6595/6595
f 6595/6595 6594/6594 6596/6596
f 6595/6595 6596/6596 6597/6597
f 6597/6597 6596/6596 6598/6598
f 6597/6597 6598/6598 6599/6599
f 6599/6599 6598/6598 6600/6600
f 6599/6599 6600/6600 6601/6601
f 6602/6602 6603/6603 6604/6604
f 6602/6602 6604/6604 6605/6605
f 6605/6605 6604/6604 6606/6606
f 6605/6605 6606/6606 6607/6607
f 6607/6607 6606/6606 6608/6608
f 6607/6607 6608/6608 6609/6609
f 6609/6609 6608/6608 6610/6610
f 6609/6609 6610/6610 6611/6611
f 6612/6612 6613/6613 6614/6614
f 6612/6612 6614/6614 6615/6615
f 6616/6616 6617/6617 6618/6618
f 6616/6616 6618/6618 6619/6619
f 6620/6620 6621/6621 6622/6622
f 6620/6620 6622/6622 6623/6623
f 6624/6624 6625/6625 6621/6621
f 6624/6624 6621/6621 6620/6620
f 6626/6626 6627/6627 6625/6625
f 6626/6626 6625/6625 6624/6624
f 6628/6628 6629/6629 6627/6627
f 6628/6628 6627/6627 6626/6626
f 6619/6619 6618/6618 6629/6629
f 6619/6619 6629/6629 6628/6628
f 6630/6630 6631/6631 6632/6632
f 6630/6630 6632/6632 6633/6633
f 6634/6634 6635/6635 6631/6631
f 6634/6634 6631/6631 6630/6630
f 6636/6636 6637/6637 6635/6635
f 6636/6636 6635/6635 6634/6634
f 6638/6638 6639/6639 6637/6637
f 6638/6638 6637/6637 6636/6636
f 6615/6615 6614/6614 6639/6639
f 6615/6615 6639/6639 6638/6638
f 6640/6640 6641/6641 6642/6642
f 6640/6640 6642/6642 6643/6643
f 6644/6644 6645/6645 6641/6641
f 6644/6644 6641/6641 6640/6640
f 6646/6646 6647/6647 6645/6645
f 6646/6646 6645/6645 6644/6644
f 6648/6648 6649/6649 6647/6647
f 6648/6648 6647/6647 6646/6646
f 6650/6650 6651/6651 6649/6649
f 6650/6650 6649/6649 6648/6648
f 6652/6652 6653/6653 6651/6651
f 6652/6652 6651/6651 6650/6650
f 6654/6654 6655/6655 6653/6653
f 6654/6654 6653/6653 6652/6652
f 6656/6656 6657/6657 6655/6655
f 6656/6656 6655/6655 6654/6654
f 6658/6658 6659/6659 6657/6657
f 6658/6658 6657/6657 6656/6656
f 6660/6660 6661/6661 6659/6659
f 6660/6660 6659/6659 6658/6658
f 6662/6662 6663/6663 6661/6661
f 6662/6662 6661/6661 6660/6660
f 6664/6664 6665/6665 6663/6663
f 6664/6664 6663/6663 6662/6662
f 6666/6666 6667/6667 6665/6665
f 6666/6666 6665/6665 6664/6664
f 6668/6668 6669/6669 6613/6613
f 6668/6668 6613/6613 6612/6612
f 6670/6670 6671/6671 6669/6669
f 6670/6670 6669/6669 6668/6668
f 6672/6672 6673/6673 6671/6671
f 6672/6672 6671/6671 6670/6670
f 6674/6674 6675/6675 6673/6673
f 6674/6674 6673/6673 6672/6672
f 6676/6676 6677/6677 6675/6675
f 6676/6676 6675/6675 6674/6674
f 6623/6623 6622/6622 6678/6678
f 6623/6623 6678/6678 6679/6679
f 6679/6679 6678/6678 6680/6680
f 6679/6679 6680/6680 6681/6681
f 6681/6681 6680/6680 6682/6682
f 6681/6681 6682/6682 6683/6683
f 6683/6683 6682/6682 6684/6684
f 6683/6683 6684/6684 6685/6685
f 6685/6685 6684/6684 6686/6686
f 6685/6685 6686/6686 6687/6687
f 6687/6687 6686/6686 6688/6688
f 6687/6687 6688/6688 6689/6689
f 6689/6689 6688/6688 6690/6690
f 6689/6689 6690/6690 6691/6691
f 6691/6691 6690/6690 6692/6692
f 6691/6691 6692/6692 6693/6693
f 6693/6693 6692/6692 6694/6694
f 6693/6693 6694/6694 6695/6695
f 6695/6695 6694/6694 6696/6696
f 6695/6695 6696/6696 6697/6697
f 6697/6697 6696/6696 6698/6698
f 6697/6697 6698/6698 6699/6699
f 6699/6699 6698/6698 6700/6700
f 6699/6699 6700/6700 6701/6701
f 6701/6701 6700/6700 6677/6677
f 6701/6701 6677/6677 6676/6676
f 6702/6702 6703/6703 6704/6704
f 6702/6702 6704/6704 6705/6705
f 6706/6706 6707/6707 6703/6703
f 6706/6706 6703/6703 6702/6702
f 6708/6708 6709/6709 6707/6707
f 6708/6708 6707/6707 6706/6706
f 6643/6643 6642/6642 6709/6709
f 6643/6643 6709/6709 6708/6708
f 6705/6705 6704/6704 6617/6617
f 6705/6705 6617/6617 6616/6616
f 6710/6710 6711/6711 6712/6712
f 6710/6710 6712/6712 6713/6713
f 6714/6714 6715/6715 6716/6716
f 6714/6714 6716/6716 6717/6717
f 6718/6718 6719/6719 6720/6720
f 6718/6718 6720/6720 6721/6721
f 6722/6722 6723/6723 6715/6715
f 6722/6722 6715/6715 6714/6714
f 6717/6717 6716/6716 6603/6603
f 6717/6717 6603/6603 6602/6602
f 6601/6601 6600/6600 6711/6711
f 6601/6601 6711/6711 6710/6710
f 6713/6713 6712/6712 6724/6724
f 6713/6713 6724/6724 6725/6725
f 6721/6721 6720/6720 6726/6726
f 6721/6721 6726/6726 6727/6727
f 6591/6591 6590/6590 6719/6719
f 6591/6591 6719/6719 6718/6718
f 6728/6728 6729/6729 6730/6730
f 6728/6728 6730/6730 6731/6731
f 6732/6732 6733/6733 6734/6734
f 6732/6732 6734/6734 6735/6735
f 6736/6736 6737/6737 6738/6738
f 6736/6736 6738/6738 6739/6739
f 6740/6740 6741/6741 6742/6742
f 6740/6740 6742/6742 6743/6743
f 6744/6744 6745/6745 6746/6746
f 6744/6744 6746/6746 6747/6747
f 6748/6748 6749/6749 6750/6750
f 6748/6748 6750/6750 6751/6751
f 6751/6751 6750/6750 6752/6752
f 6751/6751 6752/6752 6753/6753
f 6747/6747 6746/6746 6749/6749
f 6747/6747 6749/6749 6748/6748
f 6754/6754 6755/6755 6756/6756
f 6754/6754 6756/6756 6757/6757
f 6758/6758 6759/6759 6760/6760
f 6758/6758 6760/6760 6761/6761
f 6762/6762 6763/6763 6764/6764
f 6762/6762 6764/6764 6765/6765
f 6766/6766 6767/6767 6768/6768
f 6766/6766 6768/6768 6769/6769
f 6770/6770 6771/6771 6772/6772
f 6770/6770 6772/6772 6773/6773
f 6774/6774 6775/6775 6776/6776
f 6774/6774 6776/6776 6777/6777
f 6777/6777 6776/6776 6778/6778
f 6777/6777 6778/6778 6779/6779
f 6773/6773 6772/6772 6775/6775
f 6773/6773 6775/6775 6774/6774
f 6780/6780 6781/6781 6782/6782
f 6780/6780 6782/6782 6783/6783
f 6784/6784 6785/6785 6786/6786
f 6784/6784 6786/6786 6787/6787
f 6788/6788 6789/6789 6790/6790
f 6788/6788 6790/6790 6791/6791
f 6792/6792 6793/6793 6794/6794
f 6792/6792 6794/6794 6795/6795
f 6796/6796 6797/6797 6798/6798
f 6796/6796 6798/6798 6799/6799
f 6800/6800 6801/6801 6802/6802
f 6800/6800 6802/6802 6803/6803
f 6803/6803 6802/6802 6804/6804
f 6803/6803 6804/6804 6805/6805
f 6799/6799 6798/6798 6801/6801
f 6799/6799 6801/6801 6800/6800
f 6806/6806 6807/6807 6808/6808
f 6806/6806 6808/6808 6809/6809
f 6810/6810 6811/6811 6812/6812
f 6810/6810 6812/6812 6813/6813
f 6814/6814 6815/6815 6816/6816
f 6814/6814 6816/6816 6817/6817
f 6818/6818 6819/6819 6820/6820
f 6818/6818 6820/6820 6821/6821
f 6822/6822 6823/6823 6824/6824
f 6822/6822 6824/6824 6825/6825
f 6826/6826 6827/6827 6828/6828
f 6826/6826 6828/6828 6829/6829
f 6829/6829 6828/6828 6830/6830
f 6829/6829 6830/6830 6831/6831
f 6825/6825 6824/6824 6827/6827
f 6825/6825 6827/6827 6826/6826
f 6832/6832 6833/6833 6834/6834
f 6832/6832 6834/6834 6835/6835
f 6836/6836 6837/6837 6838/6838
f 6836/6836 6838/6838 6839/6839
f 6840/6840 6841/6841 6842/6842
f 6840/6840 6842/6842 6843/6843
f 6844/6844 6845/6845 6846/6846
f 6844/6844 6846/6846 6847/6847
f 6848/6848 6849/6849 6850/6850
f 6848/6848 6850/6850 6851/6851
f 6852/6852 6853/6853 6854/6854
f 6852/6852 6854/6854 6855/6855
f 6855/6855 6854/6854 6856/6856
f 6855/6855 6856/6856 6857/6857
f 6851/6851 6850/6850 6853/6853
f 6851/6851 6853/6853 6852/6852
f 6858/6858 6859/6859 6860/6860
f 6858/6858 6860/6860 6861/6861
f 6862/6862 6863/6863 6864/6864
f 6862/6862 6864/6864 6865/6865
f 6866/6866 6867/6867 6868/6868
f 6866/6866 6868/6868 6869/6869
f 6870/6870 6871/6871 6872/6872
f 6870/6870 6872/6872 6873/6873
f 6874/6874 6875/6875 6876/6876
f 6874/6874 6876/6876 6877/6877
f 6878/6878 6879/6879 6880/6880
f 6878/6878 6880/6880 6881/6881
f 6881/6881 6880/6880 6882/6882
f 6881/6881 6882/6882 6883/6883
f 6877/6877 6876/6876 6879/6879
f 6877/6877 6879/6879 6878/6878
f 6884/6884 6885/6885 6886/6886
f 6884/6884 6886/6886 6887/6887
f 6888/6888 6889/6889 6890/6890
f 6888/6888 6890/6890 6891/6891
f 6892/6892 6893/6893 6894/6894
f 6892/6892 6894/6894 6895/6895
f 6896/6896 6897/6897 6898/6898
f 6896/6896 6898/6898 6899/6899
f 6900/6900 6901/6901 6902/6902
f 6900/6900 6902/6902 6903/6903
f 6904/6904 6905/6905 6906/6906
f 6904/6904 6906/6906 6907/6907
f 6907/6907 6906/6906 6908/6908
f 6907/6907 6908/6908 6909/6909
f 6903/6903 6902/6902 6905/6905
f 6903/6903 6905/6905 6904/6904
f 6910/6910 6911/6911 6912/6912
f 6910/6910 6912/6912 6913/6913
f 6914/6914 6915/6915 6916/6916
f 6914/6914 6916/6916 6917/6917
f 6918/6918 6919/6919 6920/6920
f 6918/6918 6920/6920 6921/6921
f 6922/6922 6923/6923 6924/6924
f 6922/6922 6924/6924 6925/6925
f 6926/6926 6927/6927 6928/6928
f 6926/6926 6928/6928 6929/6929
f 6930/6930 6931/6931 6932/6932
f 6930/6930 6932/6932 6933/6933
f 6933/6933 6932/6932 6934/6934
f 6933/6933 6934/6934 6935/6935
f 6929/6929 6928/6928 6931/6931
f 6929/6929 6931/6931 6930/6930
f 6936/6936 6937/6937 6938/6938
f 6936/6936 6938/6938 6939/6939
f 6940/6940 6941/6941 6942/6942
f 6940/6940 6942/6942 6943/6943
f 6944/6944 6945/6945 6946/6946
f 6944/6944 6946/6946 6947/6947
f 6948/6948 6949/6949 6950/6950
f 6948/6948 6950/6950 6951/6951
f 6952/6952 6953/6953 6954/6954
f 6952/6952 6954/6954 6955/6955
f 6956/6956 6957/6957 6958/6958
f 6956/6956 6958/6958 6959/6959
f 6959/6959 6958/6958 6960/6960
f 6959/6959 6960/6960 6961/6961
f 6955/6955 6954/6954 6957/6957
f 6955/6955 6957/6957 6956/6956
f 6962/6962 6963/6963 6964/6964
f 6962/6962 6964/6964 6965/6965
f 6966/6966 6967/6967 6968/6968
f 6966/6966 6968/6968 6969/6969
f 6970/6970 6971/6971 6972/6972
f 6970/6970 6972/6972 6973/6973
f 6974/6974 6975/6975 6976/6976
f 6974/6974 6976/6976 6977/6977
f 6978/6978 6979/6979 6980/6980
f 6978/6978 6980/6980 6981/6981
f 6982/6982 6983/6983 6984/6984
f 6982/6982 6984/6984 6985/6985
f 6985/6985 6984/6984 6986/6986
f 6985/6985 6986/6986 6987/6987
f 6981/6981 6980/6980 6983/6983
f 6981/6981 6983/6983 6982/6982
f 6988/6988 6989/6989 6990/6990
f 6988/6988 6990/6990 6991/6991
f 6992/6992 6993/6993 6994/6994
f 6992/6992 6994/6994 6995/6995
f 6996/6996 6997/6997 6998/6998
f 6996/6996 6998/6998 6999/6999
f 7000/7000 7001/7001 7002/7002
f 7000/7000 7002/7002 7003/7003
f 7004/7004 7005/7005 7006/7006
f 7004/7004 7006/7006 7007/7007
f 7008/7008 7009/7009 7010/7010
f 7008/7008 7010/7010 7011/7011
f 7011/7011 7010/7010 7012/7012
f 7011/7011 7012/7012 7013/7013
f 7007/7007 7006/7006 7009/7009
f 7007/7007 7009/7009 7008/7008
f 7014/7014 7015/7015 7016/7016
f 7014/7014 7016/7016 7017/7017
f 7018/7018 7019/7019 7020/7020
f 7018/7018 7020/7020 7021/7021
f 7022/7022 7023/7023 7024/7024
f 7022/7022 7024/7024 7025/7025
f 7026/7026 7027/7027 7028/7028
f 7026/7026 7028/7028 7029/7029
f 7030/7030 7031/7031 7032/7032
f 7030/7030 7032/7032 7033/7033
f 7034/7034 7035/7035 7036/7036
f 7034/7034 7036/7036 7037/7037
f 7037/7037 7036/7036 7038/7038
f 7037/7037 7038/7038 7039/7039
f 7033/7033 7032/7032 7035/7035
f 7033/7033 7035/7035 7034/7034
f 7040/7040 7041/7041 7042/7042
f 7040/7040 7042/7042 7043/7043
f 7044/7044 7045/7045 7046/7046
f 7044/7044 7046/7046 7047/7047
f 7048/7048 7049/7049 7050/7050
f 7048/7048 7050/7050 7051/7051
f 7052/7052 7053/7053 7054/7054
f 7052/7052 7054/7054 7055/7055
f 7056/7056 7057/7057 7058/7058
f 7056/7056 7058/7058 7059/7059
f 7060/7060 7061/7061 7062/7062
f 7060/7060 7062/7062 7063/7063
f 7063/7063 7062/7062 7064/7064
f 7063/7063 7064/7064 7065/7065
f 7059/7059 7058/7058 7061/7061
f 7059/7059 7061/7061 7060/7060
f 7066/7066 7067/7067 7068/7068
f 7066/7066 7068/7068 7069/7069
f 7070/7070 7071/7071 7072/7072
f 7070/7070 7072/7072 7073/7073
f 7074/7074 7075/7075 7076/7076
f 7074/7074 7076/7076 7077/7077
f 7078/7078 7079/7079 7080/7080
f 7078/7078 7080/7080 7081/7081
f 7082/7082 7083/7083 7084/7084
f 7082/7082 7084/7084 7085/7085
f 7086/7086 7087/7087 7088/7088
f 7086/7086 7088/7088 7089/7089
f 7089/7089 7088/7088 7090/7090
f 7089/7089 7090/7090 7091/7091
f 7085/7085 7084/7084 7087/7087
f 7085/7085 7087/7087 7086/7086
f 7092/7092 7093/7093 7094/7094
f 7092/7092 7094/7094 7095/7095
f 7096/7096 7097/7097 7098/7098
f 7096/7096 7098/7098 7099/7099
f 7100/7100 7101/7101 7102/7102
f 7100/7100 7102/7102 7103/7103
f 7104/7104 7105/7105 7106/7106
f 7104/7104 7106/7106 7107/7107
f 7108/7108 7109/7109 7110/7110
f 7108/7108 7110/7110 7111/7111
f 7112/7112 7113/7113 7114/7114
f 7112/7112 7114/7114 7115/7115
f 7115/7115 7114/7114 7116/7116
f 7115/7115 7116/7116 7117/7117
f 7111/7111 7110/7110 7113/7113
f 7111/7111 7113/7113 7112/7112
f 7118/7118 7119/7119 7120/7120
f 7118/7118 7120/7120 7121/7121
f 7122/7122 7123/7123 7124/7124
f 7122/7122 7124/7124 7125/7125
f 7126/7126 7127/7127 7128/7128
f 7126/7126 7128/7128 7129/7129
f 7130/7130 7131/7131 7132/7132
f 7130/7130 7132/7132 7133/7133
f 7134/7134 7135/7135 7136/7136
f 7134/7134 7136/7136 7137/7137
f 7138/7138 7139/7139 7140/7140
f 7138/7138 7140/7140 7141/7141
f 7141/7141 7140/7140 7142/7142
f 7141/7141 7142/7142 7143/7143
f 7137/7137 7136/7136 7139/7139
f 7137/7137 7139/7139 7138/7138
f 7144/7144 7145/7145 7146/7146
f 7144/7144 7146/7146 7147/7147
f 7148/7148 7149/7149 7150/7150
f 7148/7148 7150/7150 7151/7151
f 7152/7152 7153/7153 7154/7154
f 7152/7152 7154/7154 7155/7155
f 7156/7156 7157/7157 7158/7158
f 7156/7156 7158/7158 7159/7159
f 7160/7160 7161/7161 7162/7162
f 7160/7160 7162/7162 7163/7163
f 7164/7164 7165/7165 7166/7166
f 7164/7164 7166/7166 7167/7167
f 7167/7167 7166/7166 7168/7168
f 7167/7167 7168/7168 7169/7169
f 7163/7163 7162/7162 7165/7165
f 7163/7163 7165/7165 7164/7164
f 7170/7170 7171/7171 7172/7172
f 7170/7170 7172/7172 7173/7173
f 7174/7174 7175/7175 7176/7176
f 7174/7174 7176/7176 7177/7177
f 7178/7178 7179/7179 7180/7180
f 7178/7178 7180/7180 7181/7181
f 7182/7182 7183/7183 7184/7184
f 7182/7182 7184/7184 7185/7185
f 7186/7186 7187/7187 7188/7188
f 7186/7186 7188/7188 7189/7189
f 7190/7190 7191/7191 7192/7192
f 7190/7190 7192/7192 7193/7193
f 7193/7193 7192/7192 7194/7194
f 7193/7193 7194/7194 7195/7195
f 7189/7189 7188/7188 7191/7191
f 7189/7189 7191/7191 7190/7190
f 7196/7196 7197/7197 7198/7198
f 7196/7196 7198/7198 7199/7199
f 7200/7200 7201/7201 7202/7202
f 7200/7200 7202/7202 7203/7203
f 7204/7204 7205/7205 7206/7206
f 7204/7204 7206/7206 7207/7207
f 7208/7208 7209/7209 7210/7210
f 7208/7208 7210/7210 7211/7211
f 7212/7212 7213/7213 7214/7214
f 7212/7212 7214/7214 7215/7215
f 7216/7216 7217/7217 7218/7218
f 7216/7216 7218/7218 7219/7219
f 7219/7219 7218/7218 7220/7220
f 7219/7219 7220/7220 7221/7221
f 7215/7215 7214/7214 7217/7217
f 7215/7215 7217/7217 7216/7216
f 7222/7222 7223/7223 7224/7224
f 7222/7222 7224/7224 7225/7225
f 7226/7226 7227/7227 7228/7228
f 7226/7226 7228/7228 7229/7229
f 7230/7230 7231/7231 7232/7232
f 7230/7230 7232/7232 7233/7233
f 7234/7234 7235/7235 7236/7236
f 7234/7234 7236/7236 7237/7237
f 7238/7238 7239/7239 7240/7240
f 7238/7238 7240/7240 7241/7241
f 7242/7242 7243/7243 7244/7244
f 7242/7242 7244/7244 7245/7245
f 7245/7245 7244/7244 7246/7246
f 7245/7245 7246/7246 7247/7247
f 7241/7241 7240/7240 7243/7243
f 7241/7241 7243/7243 7242/7242
f 7248/7248 7249/7249 7250/7250
f 7248/7248 7250/7250 7251/7251
f 7252/7252 7253/7253 7254/7254
f 7252/7252 7254/7254 7255/7255
f 7256/7256 7257/7257 7258/7258
f 7256/7256 7258/7258 7259/7259
f 7260/7260 7261/7261 7262/7262
f 7260/7260 7262/7262 7263/7263
f 7264/7264 7265/7265 7266/7266
f 7264/7264 7266/7266 7267/7267
f 7268/7268 7269/7269 7270/7270
f 7268/7268 7270/7270 7271/7271
f 7271/7271 7270/7270 7272/7272
f 7271/7271 7272/7272 7273/7273
f 7267/7267 7266/7266 7269/7269
f 7267/7267 7269/7269 7268/7268
f 7274/7274 7275/7275 7276/7276
f 7274/7274 7276/7276 7277/7277
f 7278/7278 7279/7279 7280/7280
f 7278/7278 7280/7280 7281/7281
f 7282/7282 7283/7283 7284/7284
f 7282/7282 7284/7284 7285/7285
f 7286/7286 7287/7287 7288/7288
f 7286/7286 7288/7288 7289/7289
f 7290/7290 7291/7291 7292/7292
f 7290/7290 7292/7292 7293/7293
f 7294/7294 7295/7295 7296/7296
f 7294/7294 7296/7296 7297/7297
f 7297/7297 7296/7296 7298/7298
f 7297/7297 7298/7298 7299/7299
f 7293/7293 7292/7292 7295/7295
f 7293/7293 7295/7295 7294/7294
f 7300/7300 7301/7301 7302/7302
f 7300/7300 7302/7302 7303/7303
f 7304/7304 7305/7305 7306/7306
f 7304/7304 7306/7306 7307/7307
f 7308/7308 7309/7309 7310/7310
f 7308/7308 7310/7310 7311/7311
f 7312/7312 7313/7313 7314/7314
f 7312/7312 7314/7314 7315/7315
f 7316/7316 7317/7317 7318/7318
f 7316/7316 7318/7318 7319/7319
f 7320/7320 7321/7321 7322/7322
f 7320/7320 7322/7322 7323/7323
f 7323/7323 7322/7322 7324/7324
f 7323/7323 7324/7324 7325/7325
f 7319/7319 7318/7318 7321/7321
f 7319/7319 7321/7321 7320/7320
f 7326/7326 7327/7327 7328/7328
f 7326/7326 7328/7328 7329/7329
f 7330/7330 7331/7331 7332/7332
f 7330/7330 7332/7332 7333/7333
f 7334/7334 7335/7335 7336/7336
f 7334/7334 7336/7336 7337/7337
f 7338/7338 7339/7339 7340/7340
f 7338/7338 7340/7340 7341/7341
f 7342/7342 7343/7343 7344/7344
f 7342/7342 7344/7344 7345/7345
f 7346/7346 7347/7347 7348/7348
f 7346/7346 7348/7348 7349/7349
f 7349/7349 7348/7348 7350/7350
f 7349/7349 7350/7350 7351/7351
f 7345/7345 7344/7344 7347/7347
f 7345/7345 7347/7347 7346/7346
f 7352/7352 7353/7353 7354/7354
f 7352/7352 7354/7354 7355/7355
f 7356/7356 7357/7357 7358/7358
f 7356/7356 7358/7358 7359/7359
f 7360/7360 7361/7361 7362/7362
f 7360/7360 7362/7362 7363/7363
f 7364/7364 7365/7365 7366/7366
f 7364/7364 7366/7366 7367/7367
f 7368/7368 7369/7369 7370/7370
f 7368/7368 7370/7370 7371/7371
f 7372/7372 7373/7373 7374/7374
f 7372/7372 7374/7374 7375/7375
f 7375/7375 7374/7374 7376/7376
f 7375/7375 7376/7376 7377/7377
f 7371/7371 7370/7370 7373/7373
f 7371/7371 7373/7373 7372/7372
f 7378/7378 7379/7379 7380/7380
f 7378/7378 7380/7380 7381/7381
f 7382/7382 7378/7378 7381/7381
f 7382/7382 7381/7381 7383/7383
f 7379/7379 7384/7384 7385/7385
f 7379/7379 7385/7385 7380/7380
f 7384/7384 7386/7386 7387/7387
f 7384/7384 7387/7387 7385/7385
f 7386/7386 7388/7388 7389/7389
f 7386/7386 7389/7389 7387/7387
f 7390/7390 7391/7391 7392/7392
f 7390/7390 7392/7392 7393/7393
f 7394/7394 7395/7395 7396/7396
f 7394/7394 7396/7396 7397/7397
f 7398/7398 7399/7399 7400/7400
f 7398/7398 7400/7400 7401/7401
f 7399/7399 7402/7402 7403/7403
f 7399/7399 7403/7403 7400/7400
f 7402/7402 7404/7404 7405/7405
f 7402/7402 7405/7405 7403/7403
f 7404/7404 7406/7406 7407/7407
f 7404/7404 7407/7407 7405/7405
f 7408/7408 7409/7409 7410/7410
f 7408/7408 7410/7410 7411/7411
f 7412/7412 7408/7408 7411/7411
f 7412/7412 7411/7411 7413/7413
f 7409/7409 7398/7398 7401/7401
f 7409/7409 7401/7401 7410/7410
f 7414/7414 7415/7415 7416/7416
f 7414/7414 7416/7416 7417/7417
f 7418/7418 7414/7414 7417/7417
f 7418/7418 7417/7417 7419/7419
f 7420/7420 7418/7418 7419/7419
f 7420/7420 7419/7419 7421/7421
f 7422/7422 7420/7420 7421/7421
f 7422/7422 7421/7421 7423/7423
f 7415/7415 7424/7424 7425/7425
f 7415/7415 7425/7425 7416/7416
f 7426/7426 7427/7427 7428/7428
f 7426/7426 7428/7428 7429/7429
f 7430/7430 7431/7431 7432/7432
f 7430/7430 7432/7432 7433/7433
f 7434/7434 7435/7435 7436/7436
f 7434/7434 7436/7436 7437/7437
f 7435/7435 7438/7438 7439/7439
f 7435/7435 7439/7439 7436/7436
f 7438/7438 7440/7440 7441/7441
f 7438/7438 7441/7441 7439/7439
f 7440/7440 7442/7442 7443/7443
f 7440/7440 7443/7443 7441/7441
f 7444/7444 7445/7445 7446/7446
f 7444/7444 7446/7446 7447/7447
f 7442/7442 7444/7444 7447/7447
f 7442/7442 7447/7447 7443/7443
f 7445/7445 7448/7448 7449/7449
f 7445/7445 7449/7449 7446/7446
f 4672/4672 4665/4665 4581/4581
f 4672/4672 4581/4581 4583/4583
f 1571/1571 7455/7455 1572/1572
f 7455/7455 1571/1571 7454/7454
f 7451/7451 1571/1571 7450/7450
f 1571/1571 7451/7451 7452/7452
f 1571/1571 7452/7452 7453/7453
f 1571/1571 7453/7453 7454/7454
f 1611/1611 7460/7460 7461/7461
f 7460/7460 1611/1611 7459/7459
f 7459/7459 1611/1611 7458/7458
f 7458/7458 1611/1611 7457/7457
f 7456/7456 1611/1611 1613/1613
f 1611/1611 7456/7456 7457/7457
f 7462/7462 7463/7463 7464/7464
f 7465/7465 7463/7463 7462/7462
f 7466/7466 7463/7463 7467/7467
f 7468/7468 7463/7463 7466/7466
f 7469/7469 7463/7463 7468/7468
f 7470/7470 7463/7463 7469/7469
f 7471/7471 7463/7463 7470/7470
f 7472/7472 7463/7463 7471/7471
f 7473/7473 7463/7463 7472/7472
f 7474/7474 7463/7463 7473/7473
f 7475/7475 7463/7463 7474/7474
f 7476/7476 7463/7463 7475/7475
f 7477/7477 7463/7463 7476/7476
f 7478/7478 7463/7463 7477/7477
f 7479/7479 7463/7463 7478/7478
f 7480/7480 7463/7463 7479/7479
f 7481/7481 7463/7463 7480/7480
f 7482/7482 7463/7463 7481/7481
f 7483/7483 7463/7463 7482/7482
f 7484/7484 7463/7463 7483/7483
f 7485/7485 7463/7463 7484/7484
f 7464/7464 7463/7463 7485/7485
f 7467/7467 7463/7463 7486/7486
f 7486/7486 7463/7463 7465/7465
f 7487/7487 7488/7488 7489/7489
f 7490/7490 7487/7487 7489/7489
f 7491/7491 7492/7492 7489/7489
f 7493/7493 7491/7491 7489/7489
f 7494/7494 7493/7493 7489/7489
f 7495/7495 7494/7494 7489/7489
f 7496/7496 7495/7495 7489/7489
f 7497/7497 7496/7496 7489/7489
f 7498/7498 7497/7497 7489/7489
f 7499/7499 7498/7498 7489/7489
f 7500/7500 7499/7499 7489/7489
f 7501/7501 7500/7500 7489/7489
f 7502/7502 7501/7501 7489/7489
f 7503/7503 7502/7502 7489/7489
f 7504/7504 7503/7503 7489/7489
f 7505/7505 7504/7504 7489/7489
f 7506/7506 7505/7505 7489/7489
f 7507/7507 7506/7506 7489/7489
f 7508/7508 7507/7507 7489/7489
f 7509/7509 7508/7508 7489/7489
f 7510/7510 7509/7509 7489/7489
f 7488/7488 7510/7510 7489/7489
f 7492/7492 7511/7511 7489/7489
f 7511/7511 7490/7490 7489/7489
f 7512/7512 7513/7513 7514/7514
f 7512/7512 7514/7514 7515/7515
f 7516/7516 7517/7517 7518/7518
f 7516/7516 7518/7518 7519/7519
f 7520/7520 7521/7521 7522/7522
f 7520/7520 7522/7522 7523/7523
f 7524/7524 7525/7525 7513/7513
f 7524/7524 7513/7513 7512/7512
f 7526/7526 7527/7527 7517/7517
f 7526/7526 7517/7517 7516/7516
f 7528/7528 7529/7529 7521/7521
f 7528/7528 7521/7521 7520/7520
f 7530/7530 7531/7531 7525/7525
f 7530/7530 7525/7525 7524/7524
f 7532/7532 7533/7533 7527/7527
f 7532/7532 7527/7527 7526/7526
f 7534/7534 7535/7535 7529/7529
f 7534/7534 7529/7529 7528/7528
f 7536/7536 7537/7537 7531/7531
f 7536/7536 7531/7531 7530/7530
f 7538/7538 7539/7539 7533/7533
f 7538/7538 7533/7533 7532/7532
f 7540/7540 7541/7541 7537/7537
f 7540/7540 7537/7537 7536/7536
f 7542/7542 7543/7543 7539/7539
f 7542/7542 7539/7539 7538/7538
f 7544/7544 7545/7545 7546/7546
f 7544/7544 7546/7546 7547/7547
f 7548/7548 7549/7549 7541/7541
f 7548/7548 7541/7541 7540/7540
f 7550/7550 7551/7551 7543/7543
f 7550/7550 7543/7543 7542/7542
f 7552/7552 7553/7553 7554/7554
f 7552/7552 7554/7554 7555/7555
f 7555/7555 7554/7554 7545/7545
f 7555/7555 7545/7545 7544/7544
f 7556/7556 7557/7557 7549/7549
f 7556/7556 7549/7549 7548/7548
f 7515/7515 7514/7514 7551/7551
f 7515/7515 7551/7551 7550/7550
f 7519/7519 7518/7518 7558/7558
f 7519/7519 7558/7558 7559/7559
f 7523/7523 7522/7522 7557/7557
f 7523/7523 7557/7557 7556/7556
f 7560/7560 7561/7561 7562/7562
f 7560/7560 7562/7562 7563/7563
f 7564/7564 7565/7565 7561/7561
f 7564/7564 7561/7561 7560/7560
f 7563/7563 7562/7562 7566/7566
f 7563/7563 7566/7566 7567/7567
f 7567/7567 7566/7566 7568/7568
f 7567/7567 7568/7568 7569/7569
f 7569/7569 7568/7568 7570/7570
f 7569/7569 7570/7570 7571/7571
f 7572/7572 7573/7573 7574/7574
f 7572/7572 7574/7574 7575/7575
f 7575/7575 7574/7574 7576/7576
f 7575/7575 7576/7576 7577/7577
f 7577/7577 7576/7576 7578/7578
f 7577/7577 7578/7578 7579/7579
f 7579/7579 7578/7578 7580/7580
f 7579/7579 7580/7580 7581/7581
f 7581/7581 7580/7580 7582/7582
f 7581/7581 7582/7582 7583/7583
f 7583/7583 7582/7582 7584/7584
f 7583/7583 7584/7584 7585/7585
f 7585/7585 7584/7584 7586/7586
f 7585/7585 7586/7586 7587/7587
f 7587/7587 7586/7586 7588/7588
f 7587/7587 7588/7588 7589/7589
f 7589/7589 7588/7588 7590/7590
f 7589/7589 7590/7590 7591/7591
f 7591/7591 7590/7590 7592/7592
f 7591/7591 7592/7592 7593/7593
f 7593/7593 7592/7592 7594/7594
f 7593/7593 7594/7594 7595/7595
f 7595/7595 7594/7594 7596/7596
f 7595/7595 7596/7596 7597/7597
f 7597/7597 7596/7596 7598/7598
f 7597/7597 7598/7598 7599/7599
f 7599/7599 7598/7598 7600/7600
f 7599/7599 7600/7600 7601/7601
f 7601/7601 7600/7600 7602/7602
f 7601/7601 7602/7602 7603/7603
f 7603/7603 7602/7602 7604/7604
f 7603/7603 7604/7604 7605/7605
f 7605/7605 7604/7604 7606/7606
f 7605/7605 7606/7606 7607/7607
f 7607/7607 7606/7606 7608/7608
f 7607/7607 7608/7608 7609/7609
f 7609/7609 7608/7608 7565/7565
f 7609/7609 7565/7565 7564/7564
f 7547/7547 7546/7546 7610/7610
f 7547/7547 7610/7610 7611/7611
f 7611/7611 7610/7610 7535/7535
f 7611/7611 7535/7535 7534/7534
f 7612/7612 7613/7613 7614/7614
f 7612/7612 7614/7614 7615/7615
f 7616/7616 7617/7617 7618/7618
f 7616/7616 7618/7618 7619/7619
f 7620/7620 7621/7621 7622/7622
f 7620/7620 7622/7622 7623/7623
f 7624/7624 7612/7612 7615/7615
f 7624/7624 7615/7615 7625/7625
f 7626/7626 7616/7616 7619/7619
f 7626/7626 7619/7619 7627/7627
f 7628/7628 7620/7620 7623/7623
f 7628/7628 7623/7623 7629/7629
f 7630/7630 7624/7624 7625/7625
f 7630/7630 7625/7625 7631/7631
f 7632/7632 7626/7626 7627/7627
f 7632/7632 7627/7627 7633/7633
f 7634/7634 7628/7628 7629/7629
f 7634/7634 7629/7629 7635/7635
f 7636/7636 7630/7630 7631/7631
f 7636/7636 7631/7631 7637/7637
f 7638/7638 7632/7632 7633/7633
f 7638/7638 7633/7633 7639/7639
f 7640/7640 7636/7636 7637/7637
f 7640/7640 7637/7637 7641/7641
f 7642/7642 7638/7638 7639/7639
f 7642/7642 7639/7639 7643/7643
f 7644/7644 7645/7645 7646/7646
f 7644/7644 7646/7646 7647/7647
f 7648/7648 7640/7640 7641/7641
f 7648/7648 7641/7641 7649/7649
f 7650/7650 7642/7642 7643/7643
f 7650/7650 7643/7643 7651/7651
f 7652/7652 7653/7653 7654/7654
f 7652/7652 7654/7654 7655/7655
f 7653/7653 7644/7644 7647/7647
f 7653/7653 7647/7647 7654/7654
f 7656/7656 7648/7648 7649/7649
f 7656/7656 7649/7649 7657/7657
f 7613/7613 7650/7650 7651/7651
f 7613/7613 7651/7651 7614/7614
f 7617/7617 7658/7658 7659/7659
f 7617/7617 7659/7659 7618/7618
f 7621/7621 7656/7656 7657/7657
f 7621/7621 7657/7657 7622/7622
f 7660/7660 7661/7661 7662/7662
f 7660/7660 7662/7662 7663/7663
f 7664/7664 7660/7660 7663/7663
f 7664/7664 7663/7663 7665/7665
f 7661/7661 7666/7666 7667/7667
f 7661/7661 7667/7667 7662/7662
f 7666/7666 7668/7668 7669/7669
f 7666/7666 7669/7669 7667/7667
f 7668/7668 7670/7670 7671/7671
f 7668/7668 7671/7671 7669/7669
f 7672/7672 7673/7673 7674/7674
f 7672/7672 7674/7674 7675/7675
f 7673/7673 7676/7676 7677/7677
f 7673/7673 7677/7677 7674/7674
f 7676/7676 7678/7678 7679/7679
f 7676/7676 7679/7679 7677/7677
f 7678/7678 7680/7680 7681/7681
f 7678/7678 7681/7681 7679/7679
f 7680/7680 7682/7682 7683/7683
f 7680/7680 7683/7683 7681/7681
f 7682/7682 7684/7684 7685/7685
f 7682/7682 7685/7685 7683/7683
f 7684/7684 7686/7686 7687/7687
f 7684/7684 7687/7687 7685/7685
f 7686/7686 7688/7688 7689/7689
f 7686/7686 7689/7689 7687/7687
f 7688/7688 7690/7690 7691/7691
f 7688/7688 7691/7691 7689/7689
f 7690/7690 7692/7692 7693/7693
f 7690/7690 7693/7693 7691/7691
f 7692/7692 7694/7694 7695/7695
f 7692/7692 7695/7695 7693/7693
f 7694/7694 7696/7696 7697/7697
f 7694/7694 7697/7697 7695/7695
f 7696/7696 7698/7698 7699/7699
f 7696/7696 7699/7699 7697/7697
f 7698/7698 7700/7700 7701/7701
f 7698/7698 7701/7701 7699/7699
f 7700/7700 7702/7702 7703/7703
f 7700/7700 7703/7703 7701/7701
f 7702/7702 7704/7704 7705/7705
f 7702/7702 7705/7705 7703/7703
f 7704/7704 7706/7706 7707/7707
f 7704/7704 7707/7707 7705/7705
f 7706/7706 7708/7708 7709/7709
f 7706/7706 7709/7709 7707/7707
f 7708/7708 7664/7664 7665/7665
f 7708/7708 7665/7665 7709/7709
f 7645/7645 7710/7710 7711/7711
f 7645/7645 7711/7711 7646/7646
f 7710/7710 7634/7634 7635/7635
f 7710/7710 7635/7635 7711/7711
f 7712/7712 7713/7713 7714/7714
f 7712/7712 7714/7714 7715/7715
f 7715/7715 7716/7716 7717/7717
f 7715/7715 7717/7717 7718/7718
f 7715/7715 7714/7714 7719/7719
f 7715/7715 7719/7719 7716/7716
f 7712/7712 7715/7715 7718/7718
f 7712/7712 7718/7718 7720/7720
f 7721/7721 7722/7722 7723/7723
f 7721/7721 7723/7723 7724/7724
f 7725/7725 7726/7726 7727/7727
f 7725/7725 7727/7727 7728/7728
f 7729/7729 7730/7730 7731/7731
f 7729/7729 7731/7731 7732/7732
f 7733/7733 7734/7734 7735/7735
f 7733/7733 7735/7735 7736/7736
f 7725/7725 7728/7728 7737/7737
f 7725/7725 7737/7737 7738/7738
f 7739/7739 7740/7740 7741/7741
f 7739/7739 7741/7741 7742/7742
f 7743/7743 7744/7744 7745/7745
f 7743/7743 7745/7745 7746/7746
f 7742/7742 7741/7741 7747/7747
f 7742/7742 7747/7747 7748/7748
f 7736/7736 7735/7735 7749/7749
f 7736/7736 7749/7749 7750/7750
f 7751/7751 7752/7752 7744/7744
f 7751/7751 7744/7744 7743/7743
f 7748/7748 7747/7747 7753/7753
f 7748/7748 7753/7753 7754/7754
f 7750/7750 7749/7749 7755/7755
f 7750/7750 7755/7755 7756/7756
f 7754/7754 7753/7753 7757/7757
f 7754/7754 7757/7757 7758/7758
f 7756/7756 7755/7755 7759/7759
f 7756/7756 7759/7759 7760/7760
f 7761/7761 7762/7762 7763/7763
f 7761/7761 7763/7763 7764/7764
f 7760/7760 7759/7759 7765/7765
f 7760/7760 7765/7765 7766/7766
f 7767/7767 7768/7768 7769/7769
f 7767/7767 7769/7769 7770/7770
f 7766/7766 7765/7765 7768/7768
f 7766/7766 7768/7768 7767/7767
f 7771/7771 7772/7772 7773/7773
f 7771/7771 7773/7773 7774/7774
f 7775/7775 7731/7731 7730/7730
f 7775/7775 7730/7730 7776/7776
f 7764/7764 7763/7763 7772/7772
f 7764/7764 7772/7772 7771/7771
f 7777/7777 7778/7778 7734/7734
f 7777/7777 7734/7734 7733/7733
f 7779/7779 7780/7780 7762/7762
f 7779/7779 7762/7762 7761/7761
f 7781/7781 7782/7782 7780/7780
f 7781/7781 7780/7780 7779/7779
f 7783/7783 7784/7784 7782/7782
f 7783/7783 7782/7782 7781/7781
f 7770/7770 7769/7769 7785/7785
f 7770/7770 7785/7785 7786/7786
f 7787/7787 7788/7788 7784/7784
f 7787/7787 7784/7784 7783/7783
f 7786/7786 7785/7785 7740/7740
f 7786/7786 7740/7740 7739/7739
f 7774/7774 7773/7773 7778/7778
f 7774/7774 7778/7778 7777/7777
f 7746/7746 7745/7745 7788/7788
f 7746/7746 7788/7788 7787/7787
f 7789/7789 7790/7790 7791/7791
f 7789/7789 7791/7791 7792/7792
f 7729/7729 7732/7732 7793/7793
f 7729/7729 7793/7793 7794/7794
f 7795/7795 7796/7796 7797/7797
f 7795/7795 7797/7797 7798/7798
f 7789/7789 7738/7738 7737/7737
f 7789/7789 7737/7737 7790/7790
f 7799/7799 7800/7800 7801/7801
f 7799/7799 7801/7801 7802/7802
f 7803/7803 7804/7804 7805/7805
f 7803/7803 7805/7805 7806/7806
f 7800/7800 7807/7807 7808/7808
f 7800/7800 7808/7808 7801/7801
f 7796/7796 7809/7809 7810/7810
f 7796/7796 7810/7810 7797/7797
f 7811/7811 7803/7803 7806/7806
f 7811/7811 7806/7806 7812/7812
f 7807/7807 7813/7813 7814/7814
f 7807/7807 7814/7814 7808/7808
f 7809/7809 7815/7815 7816/7816
f 7809/7809 7816/7816 7810/7810
f 7813/7813 7758/7758 7757/7757
f 7813/7813 7757/7757 7814/7814
f 7815/7815 7817/7817 7818/7818
f 7815/7815 7818/7818 7816/7816
f 7819/7819 7820/7820 7821/7821
f 7819/7819 7821/7821 7822/7822
f 7817/7817 7823/7823 7824/7824
f 7817/7817 7824/7824 7818/7818
f 7825/7825 7826/7826 7827/7827
f 7825/7825 7827/7827 7828/7828
f 7823/7823 7825/7825 7828/7828
f 7823/7823 7828/7828 7824/7824
f 7829/7829 7830/7830 7831/7831
f 7829/7829 7831/7831 7832/7832
f 7833/7833 7834/7834 7794/7794
f 7833/7833 7794/7794 7793/7793
f 7820/7820 7829/7829 7832/7832
f 7820/7820 7832/7832 7821/7821
f 7835/7835 7795/7795 7798/7798
f 7835/7835 7798/7798 7836/7836
f 7837/7837 7819/7819 7822/7822
f 7837/7837 7822/7822 7838/7838
f 7839/7839 7837/7837 7838/7838
f 7839/7839 7838/7838 7840/7840
f 7841/7841 7839/7839 7840/7840
f 7841/7841 7840/7840 7842/7842
f 7826/7826 7843/7843 7844/7844
f 7826/7826 7844/7844 7827/7827
f 7845/7845 7841/7841 7842/7842
f 7845/7845 7842/7842 7846/7846
f 7843/7843 7799/7799 7802/7802
f 7843/7843 7802/7802 7844/7844
f 7830/7830 7835/7835 7836/7836
f 7830/7830 7836/7836 7831/7831
f 7804/7804 7845/7845 7846/7846
f 7804/7804 7846/7846 7805/7805
f 7847/7847 7848/7848 7849/7849
f 7847/7847 7849/7849 7850/7850
f 7851/7851 7852/7852 7853/7853
f 7851/7851 7853/7853 7854/7854
f 7855/7855 7856/7856 7857/7857
f 7855/7855 7857/7857 7858/7858
f 7850/7850 7849/7849 7859/7859
f 7850/7850 7859/7859 7860/7860
f 7854/7854 7853/7853 7861/7861
f 7854/7854 7861/7861 7862/7862
f 7858/7858 7857/7857 7863/7863
f 7858/7858 7863/7863 7864/7864
f 7860/7860 7859/7859 7865/7865
f 7860/7860 7865/7865 7866/7866
f 7862/7862 7861/7861 7867/7867
f 7862/7862 7867/7867 7868/7868
f 7864/7864 7863/7863 7869/7869
f 7864/7864 7869/7869 7870/7870
f 7866/7866 7865/7865 7871/7871
f 7866/7866 7871/7871 7872/7872
f 7868/7868 7867/7867 7873/7873
f 7868/7868 7873/7873 7874/7874
f 7870/7870 7869/7869 7875/7875
f 7870/7870 7875/7875 7876/7876
f 7872/7872 7871/7871 7877/7877
f 7872/7872 7877/7877 7878/7878
f 7874/7874 7873/7873 7879/7879
f 7874/7874 7879/7879 7880/7880
f 7881/7881 7882/7882 7883/7883
f 7881/7881 7883/7883 7884/7884
f 7876/7876 7875/7875 7885/7885
f 7876/7876 7885/7885 7886/7886
f 7887/7887 7888/7888 7889/7889
f 7887/7887 7889/7889 7890/7890
f 7880/7880 7879/7879 7882/7882
f 7880/7880 7882/7882 7881/7881
f 7884/7884 7883/7883 7891/7891
f 7884/7884 7891/7891 7892/7892
f 7886/7886 7885/7885 7893/7893
f 7886/7886 7893/7893 7894/7894
f 7890/7890 7889/7889 7895/7895
f 7890/7890 7895/7895 7896/7896
f 7892/7892 7891/7891 7848/7848
f 7892/7892 7848/7848 7847/7847
f 7894/7894 7893/7893 7852/7852
f 7894/7894 7852/7852 7851/7851
f 7896/7896 7895/7895 7856/7856
f 7896/7896 7856/7856 7855/7855
f 7902/7902 7775/7775 7776/7776
f 7775/7775 7902/7902 7903/7903
f 7775/7775 7903/7903 7904/7904
f 7775/7775 7904/7904 7905/7905
f 7775/7775 7905/7905 7906/7906
f 7775/7775 7906/7906 7897/7897
f 7775/7775 7897/7897 7898/7898
f 7775/7775 7898/7898 7899/7899
f 7775/7775 7899/7899 7900/7900
f 7775/7775 7900/7900 7901/7901
f 7908/7908 7729/7729 7907/7907
f 7729/7729 7908/7908 7909/7909
f 7729/7729 7909/7909 7910/7910
f 7729/7729 7910/7910 7911/7911
f 7729/7729 7911/7911 7912/7912
f 7729/7729 7912/7912 7730/7730
f 7913/7913 7732/7732 7731/7731
f 7732/7732 7913/7913 7918/7918
f 7918/7918 7913/7913 7914/7914
f 7918/7918 7914/7914 7915/7915
f 7918/7918 7915/7915 7916/7916
f 7918/7918 7916/7916 7917/7917
f 7726/7726 7928/7928 7727/7727
f 7928/7928 7726/7726 7927/7927
f 7927/7927 7726/7726 7926/7926
f 7926/7926 7726/7726 7925/7925
f 7925/7925 7726/7726 7924/7924
f 7924/7924 7726/7726 7923/7923
f 7923/7923 7726/7726 7922/7922
f 7922/7922 7726/7726 7921/7921
f 7921/7921 7726/7726 7920/7920
f 7920/7920 7726/7726 7919/7919
f 7737/7737 7933/7933 7934/7934
f 7933/7933 7737/7737 7932/7932
f 7932/7932 7737/7737 7931/7931
f 7931/7931 7737/7737 7930/7930
f 7930/7930 7737/7737 7929/7929
f 7929/7929 7737/7737 7728/7728
f 7738/7738 7940/7940 7725/7725
f 7940/7940 7738/7738 7935/7935
f 7940/7940 7935/7935 7939/7939
f 7939/7939 7935/7935 7938/7938
f 7938/7938 7935/7935 7937/7937
f 7937/7937 7935/7935 7936/7936
f 7833/7833 7946/7946 7834/7834
f 7946/7946 7833/7833 7945/7945
f 7945/7945 7833/7833 7944/7944
f 7944/7944 7833/7833 7943/7943
f 7943/7943 7833/7833 7942/7942
f 7942/7942 7833/7833 7941/7941
f 7941/7941 7833/7833 7950/7950
f 7950/7950 7833/7833 7949/7949
f 7949/7949 7833/7833 7948/7948
f 7948/7948 7833/7833 7947/7947
f 7729/7729 7955/7955 7907/7907
f 7955/7955 7729/7729 7954/7954
f 7954/7954 7729/7729 7953/7953
f 7953/7953 7729/7729 7952/7952
f 7952/7952 7729/7729 7951/7951
f 7951/7951 7729/7729 7794/7794
f 7732/7732 7960/7960 7793/7793
f 7960/7960 7732/7732 7918/7918
f 7960/7960 7918/7918 7959/7959
f 7959/7959 7918/7918 7958/7958
f 7958/7958 7918/7918 7957/7957
f 7957/7957 7918/7918 7956/7956
f 7961/7961 7792/7792 7791/7791
f 7792/7792 7961/7961 7962/7962
f 7792/7792 7962/7962 7963/7963
f 7792/7792 7963/7963 7964/7964
f 7792/7792 7964/7964 7965/7965
f 7792/7792 7965/7965 7966/7966
f 7792/7792 7966/7966 7967/7967
f 7792/7792 7967/7967 7968/7968
f 7792/7792 7968/7968 7969/7969
f 7792/7792 7969/7969 7970/7970
f 7971/7971 7737/7737 7934/7934
f 7737/7737 7971/7971 7972/7972
f 7737/7737 7972/7972 7973/7973
f 7737/7737 7973/7973 7974/7974
f 7737/7737 7974/7974 7975/7975
f 7737/7737 7975/7975 7790/7790
f 7976/7976 7738/7738 7789/7789
f 7738/7738 7976/7976 7935/7935
f 7935/7935 7976/7976 7977/7977
f 7935/7935 7977/7977 7978/7978
f 7935/7935 7978/7978 7979/7979
f 7935/7935 7979/7979 7980/7980
f 7993/7993 7991/7991 7992/7992
f 7991/7991 7993/7993 7994/7994
f 7991/7991 7994/7994 7990/7990
f 7990/7990 7994/7994 7995/7995
f 7990/7990 7995/7995 7989/7989
f 7989/7989 7995/7995 7996/7996
f 7989/7989 7996/7996 7988/7988
f 7988/7988 7996/7996 7997/7997
f 7988/7988 7997/7997 7987/7987
f 7987/7987 7997/7997 7998/7998
f 7987/7987 7998/7998 7986/7986
f 7986/7986 7998/7998 7999/7999
f 7986/7986 7999/7999 7985/7985
f 7985/7985 7999/7999 8000/8000
f 7985/7985 8000/8000 7984/7984
f 7984/7984 8000/8000 8001/8001
f 7984/7984 8001/8001 7983/7983
f 7983/7983 8001/8001 8002/8002
f 7983/7983 8002/8002 7982/7982
f 7982/7982 8002/8002 8003/8003
f 7982/7982 8003/8003 7981/7981
f 7981/7981 8003/8003 8004/8004
f 8005/8005 8006/8006 8007/8007
f 8005/8005 8007/8007 8008/8008
f 8008/8008 8007/8007 8009/8009
f 8008/8008 8009/8009 8010/8010
f 8011/8011 8012/8012 8013/8013
f 8011/8011 8013/8013 8014/8014
f 8012/8012 8008/8008 8010/8010
f 8012/8012 8010/8010 8013/8013
f 8015/8015 8016/8016 8012/8012
f 8015/8015 8012/8012 8011/8011
f 8016/8016 8005/8005 8008/8008
f 8016/8016 8008/8008 8012/8012
f 8017/8017 8018/8018 8019/8019
f 8017/8017 8019/8019 8020/8020
f 8018/8018 8021/8021 8022/8022
f 8018/8018 8022/8022 8019/8019
f 8023/8023 8024/8024 8025/8025
f 8023/8023 8025/8025 8026/8026
f 8026/8026 8025/8025 8021/8021
f 8026/8026 8021/8021 8018/8018
f 8027/8027 8023/8023 8026/8026
f 8027/8027 8026/8026 8028/8028
f 8028/8028 8026/8026 8018/8018
f 8028/8028 8018/8018 8017/8017
f 8029/8029 8030/8030 8031/8031
f 8029/8029 8031/8031 8032/8032
f 8033/8033 8034/8034 8035/8035
f 8033/8033 8035/8035 8036/8036
f 8037/8037 8038/8038 8039/8039
f 8037/8037 8039/8039 8040/8040
f 8030/8030 8041/8041 8042/8042
f 8030/8030 8042/8042 8031/8031
f 8034/8034 8043/8043 8044/8044
f 8034/8034 8044/8044 8035/8035
f 8038/8038 8045/8045 8046/8046
f 8038/8038 8046/8046 8039/8039
f 8041/8041 8047/8047 8048/8048
f 8041/8041 8048/8048 8042/8042
f 8043/8043 8049/8049 8050/8050
f 8043/8043 8050/8050 8044/8044
f 8045/8045 8051/8051 8052/8052
f 8045/8045 8052/8052 8046/8046
f 8047/8047 8053/8053 8054/8054
f 8047/8047 8054/8054 8048/8048
f 8049/8049 8055/8055 8056/8056
f 8049/8049 8056/8056 8050/8050
f 8051/8051 8057/8057 8058/8058
f 8051/8051 8058/8058 8052/8052
f 8053/8053 8059/8059 8060/8060
f 8053/8053 8060/8060 8054/8054
f 8055/8055 8061/8061 8062/8062
f 8055/8055 8062/8062 8056/8056
f 8063/8063 8064/8064 8065/8065
f 8063/8063 8065/8065 8066/8066
f 8057/8057 8067/8067 8068/8068
f 8057/8057 8068/8068 8058/8058
f 8059/8059 8069/8069 8070/8070
f 8059/8059 8070/8070 8060/8060
f 8061/8061 8063/8063 8066/8066
f 8061/8061 8066/8066 8062/8062
f 8064/8064 8071/8071 8072/8072
f 8064/8064 8072/8072 8065/8065
f 8067/8067 8073/8073 8074/8074
f 8067/8067 8074/8074 8068/8068
f 8069/8069 8075/8075 8076/8076
f 8069/8069 8076/8076 8070/8070
f 8071/8071 8029/8029 8032/8032
f 8071/8071 8032/8032 8072/8072
f 8073/8073 8033/8033 8036/8036
f 8073/8073 8036/8036 8074/8074
f 8075/8075 8037/8037 8040/8040
f 8075/8075 8040/8040 8076/8076
f 8077/8077 8078/8078 8079/8079
f 8077/8077 8079/8079 8080/8080
f 8081/8081 8082/8082 8083/8083
f 8081/8081 8083/8083 8084/8084
f 8085/8085 8086/8086 8087/8087
f 8085/8085 8087/8087 8088/8088
f 8080/8080 8079/8079 8089/8089
f 8080/8080 8089/8089 8090/8090
f 8084/8084 8083/8083 8091/8091
f 8084/8084 8091/8091 8092/8092
f 8088/8088 8087/8087 8093/8093
f 8088/8088 8093/8093 8094/8094
f 8090/8090 8089/8089 8095/8095
f 8090/8090 8095/8095 8096/8096
f 8092/8092 8091/8091 8097/8097
f 8092/8092 8097/8097 8098/8098
f 8094/8094 8093/8093 8099/8099
f 8094/8094 8099/8099 8100/8100
f 8096/8096 8095/8095 8101/8101
f 8096/8096 8101/8101 8102/8102
f 8098/8098 8097/8097 8103/8103
f 8098/8098 8103/8103 8104/8104
f 8100/8100 8099/8099 8105/8105
f 8100/8100 8105/8105 8106/8106
f 8102/8102 8101/8101 8107/8107
f 8102/8102 8107/8107 8108/8108
f 8104/8104 8103/8103 8109/8109
f 8104/8104 8109/8109 8110/8110
f 8111/8111 8112/8112 8113/8113
f 8111/8111 8113/8113 8114/8114
f 8106/8106 8105/8105 8115/8115
f 8106/8106 8115/8115 8116/8116
f 8108/8108 8107/8107 8117/8117
f 8108/8108 8117/8117 8118/8118
f 8110/8110 8109/8109 8112/8112
f 8110/8110 8112/8112 8111/8111
f 8114/8114 8113/8113 8119/8119
f 8114/8114 8119/8119 8120/8120
f 8116/8116 8115/8115 8121/8121
f 8116/8116 8121/8121 8122/8122
f 8118/8118 8117/8117 8123/8123
f 8118/8118 8123/8123 8124/8124
f 8125/8125 8126/8126 8078/8078
f 8125/8125 8078/8078 8077/8077
f 8122/8122 8121/8121 8082/8082
f 8122/8122 8082/8082 8081/8081
f 8124/8124 8123/8123 8086/8086
f 8124/8124 8086/8086 8085/8085
f 8145/8145 8143/8143 8144/8144
f 8143/8143 8145/8145 8146/8146
f 8143/8143 8146/8146 8142/8142
f 8142/8142 8146/8146 8147/8147
f 8142/8142 8147/8147 8141/8141
f 8141/8141 8147/8147 8148/8148
f 8141/8141 8148/8148 8140/8140
f 8140/8140 8148/8148 8149/8149
f 8140/8140 8149/8149 8139/8139
f 8139/8139 8149/8149 8150/8150
f 8139/8139 8150/8150 8138/8138
f 8138/8138 8150/8150 8127/8127
f 8138/8138 8127/8127 8137/8137
f 8137/8137 8127/8127 8136/8136
f 8136/8136 8127/8127 8128/8128
f 8136/8136 8128/8128 8129/8129
f 8136/8136 8129/8129 8135/8135
f 8135/8135 8129/8129 8130/8130
f 8135/8135 8130/8130 8134/8134
f 8134/8134 8130/8130 8131/8131
f 8134/8134 8131/8131 8133/8133
f 8133/8133 8131/8131 8132/8132
f 8073/8073 8034/8034 8033/8033
f 8034/8034 8073/8073 8067/8067
f 8034/8034 8067/8067 8043/8043
f 8043/8043 8067/8067 8057/8057
f 8043/8043 8057/8057 8049/8049
f 8049/8049 8057/8057 8051/8051
f 8049/8049 8051/8051 8055/8055
f 8055/8055 8051/8051 8045/8045
f 8055/8055 8045/8045 8061/8061
f 8061/8061 8045/8045 8063/8063
f 8063/8063 8045/8045 8038/8038
f 8063/8063 8038/8038 8064/8064
f 8064/8064 8038/8038 8037/8037
f 8064/8064 8037/8037 8075/8075
f 8064/8064 8075/8075 8071/8071
f 8071/8071 8075/8075 8069/8069
f 8071/8071 8069/8069 8029/8029
f 8029/8029 8069/8069 8059/8059
f 8029/8029 8059/8059 8030/8030
f 8030/8030 8059/8059 8053/8053
f 8030/8030 8053/8053 8041/8041
f 8041/8041 8053/8053 8047/8047
f 8151/8151 8152/8152 8153/8153
f 8151/8151 8153/8153 8154/8154
f 8155/8155 8156/8156 8157/8157
f 8155/8155 8157/8157 8158/8158
f 8159/8159 8160/8160 8161/8161
f 8159/8159 8161/8161 8162/8162
f 8163/8163 8164/8164 8165/8165
f 8163/8163 8165/8165 8166/8166
f 8167/8167 8168/8168 8169/8169
f 8167/8167 8169/8169 8170/8170
f 8171/8171 8172/8172 8173/8173
f 8171/8171 8173/8173 8174/8174
f 8175/8175 8176/8176 8177/8177
f 8175/8175 8177/8177 8178/8178
f 8179/8179 8180/8180 8181/8181
f 8179/8179 8181/8181 8182/8182
f 8183/8183 8184/8184 8185/8185
f 8183/8183 8185/8185 8186/8186
f 8184/8184 8187/8187 8188/8188
f 8184/8184 8188/8188 8185/8185
f 8189/8189 8190/8190 8191/8191
f 8189/8189 8191/8191 8192/8192
f 8192/8192 8191/8191 8193/8193
f 8192/8192 8193/8193 8194/8194
f 8195/8195 8183/8183 8186/8186
f 8195/8195 8186/8186 8196/8196
f 8194/8194 8193/8193 8197/8197
f 8194/8194 8197/8197 8198/8198
f 8199/8199 8195/8195 8196/8196
f 8199/8199 8196/8196 8200/8200
f 8201/8201 8202/8202 8190/8190
f 8201/8201 8190/8190 8189/8189
f 8203/8203 8204/8204 8205/8205
f 8203/8203 8205/8205 8206/8206
f 8207/8207 8208/8208 8209/8209
f 8207/8207 8209/8209 8210/8210
f 8211/8211 8212/8212 8213/8213
f 8211/8211 8213/8213 8214/8214
f 8215/8215 8216/8216 8217/8217
f 8215/8215 8217/8217 8218/8218
f 8219/8219 8220/8220 8221/8221
f 8219/8219 8221/8221 8222/8222
f 8223/8223 8224/8224 8225/8225
f 8223/8223 8225/8225 8226/8226
f 8227/8227 8228/8228 8229/8229
f 8227/8227 8229/8229 8230/8230
f 8231/8231 8232/8232 8233/8233
f 8231/8231 8233/8233 8234/8234
f 8235/8235 8236/8236 8237/8237
f 8235/8235 8237/8237 8238/8238
f 8239/8239 8240/8240 8241/8241
f 8239/8239 8241/8241 8242/8242
f 8243/8243 8244/8244 8245/8245
f 8243/8243 8245/8245 8246/8246
f 8247/8247 8248/8248 8249/8249
f 8247/8247 8249/8249 8250/8250
f 8251/8251 8252/8252 8253/8253
f 8251/8251 8253/8253 8254/8254
f 8255/8255 8256/8256 8257/8257
f 8255/8255 8257/8257 8258/8258
f 8259/8259 8260/8260 8261/8261
f 8259/8259 8261/8261 8262/8262
f 8263/8263 8264/8264 8265/8265
f 8263/8263 8265/8265 8266/8266
f 8267/8267 8268/8268 8269/8269
f 8267/8267 8269/8269 8270/8270
f 8270/8270 8269/8269 8271/8271
f 8270/8270 8271/8271 8272/8272
f 8273/8273 8274/8274 8275/8275
f 8273/8273 8275/8275 8276/8276
f 8274/8274 8277/8277 8278/8278
f 8274/8274 8278/8278 8275/8275
f 8279/8279 8280/8280 8268/8268
f 8279/8279 8268/8268 8267/8267
f 8277/8277 8281/8281 8282/8282
f 8277/8277 8282/8282 8278/8278
f 8283/8283 8284/8284 8280/8280
f 8283/8283 8280/8280 8279/8279
f 8285/8285 8273/8273 8276/8276
f 8285/8285 8276/8276 8286/8286
f 8287/8287 8288/8288 8289/8289
f 8287/8287 8289/8289 8290/8290
f 8291/8291 8292/8292 8293/8293
f 8291/8291 8293/8293 8294/8294
f 8295/8295 8296/8296 8297/8297
f 8295/8295 8297/8297 8298/8298
f 8299/8299 8300/8300 8301/8301
f 8299/8299 8301/8301 8302/8302
f 8303/8303 8304/8304 8305/8305
f 8303/8303 8305/8305 8306/8306
f 8307/8307 8308/8308 8309/8309
f 8307/8307 8309/8309 8310/8310
f 8311/8311 8312/8312 8313/8313
f 8311/8311 8313/8313 8314/8314
f 8315/8315 8316/8316 8317/8317
f 8315/8315 8317/8317 8318/8318
